"anio_acci","nro_acci","fecha","desc_dia","fecha_aprox","hora_aprox","desc_ruta","km","cant_participantes","desc_participante","calle_avenida_km","total","heridos_leves","heridos_graves","heridos_gravisimos","ilesos","fallecidos","sin_datos","posicion_XY","desc_tipo_via","desc_ruta_ori","desc_loc","desc_dpto","desc_tipo_calzada","desc_tipo_banquina","desc_unidad_regional","desc_lugar_calzada","desc_zona","desc_prioridad","desc_estado_semaforo","desc_lugar_via","desc_estado_via","desc_estado_visibilidad","desc_luminosidad","desc_estado_clima","desc_tipo_colision","desc_tipo_atropello","desc_tipo_hecho","desc_pres_calzada","desc_senializacion","desc_separacion_via","desc_restriccion"
2017,135,1/27/2017,"Viernes",0,12:00:00,"Ruta Nacional 11","0.0",2,"Automóvil,Moto/Ciclomotor","Calle 31-Newbery ",2,1,0,0,1,0,0,,"Ruta",11,"RECONQUISTA","General Obligado","Asfalto","S/D","IX","Dentro","Urbana","S/D","No existe","Intersección","Bueno","Buena","Diurna","Buen Tiempo","Lateral","S/D","Colisión","S/D","Vertical","Cordón divisorio","Sin restricción"
2017,136,1/25/2017,"Miercoles",0,13:00:00,,"0.0",2,"Pickup/Utilitario,Moto/Ciclomotor","M Champagnat Y Tucuman",3,2,0,0,1,0,0,,"Calle",,"RAFAELA","Castellanos","Hormigón","Natural","V","Dentro","Urbana","Ninguna","No existe","Intersección","Bueno","Buena","Nocturna,Con luz artificial","Buen Tiempo","Lateral","S/D","Colisión","S/D","Faltante","Ninguna","Sin restricción"
2017,137,1/24/2017,"Martes",0,,,"0.0",2,"Moto/Ciclomotor,Automóvil","B Geuna Y Domingo Silva",2,1,0,0,1,0,0,,"Calle",,"RAFAELA","Castellanos","Asfalto","No existe","V","Dentro","Urbana","Ninguna","No existe","Intersección","Bueno","Buena","Diurna","Buen Tiempo","Lateral","S/D","Colisión","Ninguna","Faltante","Ninguna","Sin restricción"
2017,138,1/17/2017,"Martes",0,15:30:00,,"0.0",2,"Moto/Ciclomotor,Automóvil","F Lorenzatti Y B I Iturraspe",2,1,0,0,1,0,0,,"Calle",,"RAFAELA","Castellanos","Hormigón","No existe","V","Dentro","Urbana","Ninguna","No existe","Intersección","Bueno","Buena","Diurna","Buen Tiempo","Lateral","S/D","Colisión","Ninguna","Vertical","Ninguna","Sin restricción"
2017,139,1/7/2017,"Sabado",0,7:50:00,,"0.0",2,"Bicicleta,Transporte de Pasajeros Larga Distancia (> 8 asientos)","Alvear Y Av Brasil",2,1,0,0,1,0,0,,"Calle",,"RAFAELA","Castellanos","Hormigón","Pavimento","V","Dentro","Urbana","Ninguna","No existe","Intersección","Bueno","Buena","Diurna","Buen Tiempo","S/D","Ciclista","Atropello","Ninguna","Faltante","Ninguna","Sin restricción"
2017,140,1/5/2017,"Jueves",0,14:30:00,,"0.0",2,"Moto/Ciclomotor,Automóvil","Alvear Y Domingo Silva",2,1,0,0,1,0,0,,"Calle",,"RAFAELA","Castellanos","Asfalto","No existe","V","Dentro","Urbana","Ninguna","No existe","Intersección","Bueno","Buena","Diurna","Buen Tiempo","Lateral","S/D","Colisión","S/D","Faltante","Ninguna","Sin restricción"
2017,141,1/27/2017,"Viernes",0,18:30:00,,"0.0",2,"Moto/Ciclomotor,Otros","Domingo Silva Y C Bolliger",2,0,1,0,1,0,0,,"Calle",,"RAFAELA","Castellanos","Asfalto","No existe","V","Dentro","Urbana","Ninguna","No existe","Intersección","Bueno","Buena","Diurna","Buen Tiempo","Lateral","S/D","Colisión","S/D","Faltante","Ninguna","Sin restricción"
2017,142,1/2/2017,"Lunes",0,9:35:00,,"0.0",2,"Automóvil,Moto/Ciclomotor","Carlos M. De Alvear Y Corrientes",3,2,0,0,1,0,0,,"Calle",,"FIRMAT","General López","Asfalto","No existe","VIII","Dentro","Urbana","Ninguna","No existe","Intersección","Bueno","Buena","Diurna","Buen Tiempo","Lateral","S/D","Colisión","Ninguna","Faltante","Ninguna","Sin restricción"
2017,143,1/16/2017,"Lunes",0,19:45:00,"Ruta Nacional 33","0.0",1,"Moto/Ciclomotor","Pedro Manuel Alberti ",1,1,0,0,0,0,0,,"Ruta",33,"FIRMAT","General López","Asfalto","Natural","VIII","Dentro","Urbana","Semáforo","S/D","Intersección","Deteriorada,Ahuellamiento","Buena","Atardecer","Buen Tiempo","S/D","S/D","Caída ocupante","Ninguna","Faltante","Línea divisoria pintada","Sin restricción"
2017,144,1/31/2017,"Martes",0,20:15:00,,"0.0",2,"Moto/Ciclomotor,Automóvil","Juan Lavalle Y Guillermo Brown",2,1,0,0,1,0,0,,"Calle",,"VENADO TUERTO","General López","Asfalto","No existe","VIII","Dentro","Urbana","Señal Pare","No existe","Intersección","Bueno","Buena","Nocturna,Con luz artificial","S/D","Lateral","S/D","Colisión","S/D","Vertical","Ninguna","Sin restricción"
2017,145,1/21/2017,"Sabado",0,12:55:00,,"0.0",2,"Moto/Ciclomotor,Automóvil","Pringles Y Caseros",3,2,0,0,1,0,0,,"Calle",,"VENADO TUERTO","General López","Asfalto","No existe","VIII","Dentro","Urbana","Señal Pare","No existe","Intersección","Bueno","Buena","Diurna","S/D","Lateral","S/D","Colisión","S/D","Vertical","Ninguna","Sin restricción"
2017,146,1/17/2017,"Martes",0,,,"0.0",2,"Automóvil,Moto/Ciclomotor","Misiones Y San Martin",3,1,1,0,1,0,0,,"Avenida",,"VILLA CONSTITUCIÓN","Constitución","Asfalto","No existe","VI","S/D","Urbana","Ninguna","No existe","Intersección","Bueno","Buena","Diurna","Buen Tiempo","Lateral","S/D","Colisión","Ninguna","Vertical","Ninguna","Sin restricción"
2017,147,1/3/2017,"Martes",0,,,"0.0",2,"Automóvil,Automóvil","Acevedo Y Belgrano",3,1,0,0,2,0,0,,"Avenida",,"VILLA CONSTITUCIÓN","Constitución","Asfalto","No existe","VI","Dentro","Urbana","Ninguna","No existe","Intersección","Bueno","Buena","Diurna","Buen Tiempo","Lateral","S/D","Colisión","Ninguna","Faltante","Ninguna","Sin restricción"
2017,148,1/3/2017,"Martes",0,,"Ruta Provincial 21","0.0",2,"Automóvil,Moto/Ciclomotor","14 de Febrero Y Moreno",3,1,0,0,2,0,0,,"Ruta",21,"VILLA CONSTITUCIÓN","Constitución","Asfalto","No existe","VI","Dentro","Urbana","Ninguna","No existe","Intersección","Bueno","Buena","Diurna","Buen Tiempo","Lateral","S/D","Colisión","Ninguna","Faltante","Ninguna","Sin restricción"
2017,149,1/4/2017,"Miercoles",0,22:15:00,,"0.0",2,"Automóvil,Moto/Ciclomotor","Cordoba Y Juan Jose de Urquiza",2,1,0,0,1,0,0,,"Calle",,"VILLA CONSTITUCIÓN","Constitución","Asfalto","No existe","VI","Dentro","Urbana","Ninguna","No existe","Intersección","Bueno","Buena","Nocturna","Buen Tiempo","Lateral","S/D","Colisión","Ninguna","Faltante","Ninguna","Sin restricción"
2017,150,1/9/2017,"Lunes",0,,,"0.0",2,"Moto/Ciclomotor,Automóvil","Presidente Peron Y Juan Jose de Urquiza",3,2,0,0,1,0,0,,"Avenida",,"VILLA CONSTITUCIÓN","Constitución","Asfalto","No existe","VI","S/D","Urbana","Ninguna","No existe","Intersección","Bueno","Buena","Diurna","Buen Tiempo","Lateral","S/D","Colisión","S/D","S/D","Línea divisoria pintada","Sin restricción"
2017,151,1/12/2017,"Jueves",0,10:15:00,,"0.0",1,"Moto/Ciclomotor","Acevedo Y Simon Bolivar",2,2,0,0,0,0,0,,"Calle",,"VILLA CONSTITUCIÓN","Constitución","Asfalto","S/D","VI","Dentro","Urbana","Ninguna","S/D","Recta","Bueno","S/D","Diurna","Buen Tiempo","Contra objeto fijo","S/D","Colisión","Ninguna","Faltante","Ninguna","Sin restricción"
2017,152,1/14/2017,"Sabado",0,,,"0.0",2,"Moto/Ciclomotor,Moto/Ciclomotor","Roma 1753",2,2,0,0,0,0,0,,"Calle",,"VILLA CONSTITUCIÓN","Constitución","Asfalto","No existe","VI","Dentro","Urbana","Ninguna","No existe","Recta","Bueno","Buena","Diurna","Buen Tiempo","Lateral","S/D","Colisión","Ninguna","Faltante","Ninguna","Sin restricción"
2017,153,1/20/2017,"Viernes",0,15:30:00,,"0.0",2,"Moto/Ciclomotor,Automóvil","Cordoba Y Juan Jose de Urquiza",3,2,0,0,1,0,0,,"Calle",,"VILLA CONSTITUCIÓN","Constitución","Asfalto","No existe","VI","Dentro","Urbana","Ninguna","No existe","Intersección","Bueno","Buena","Diurna","Buen Tiempo","Lateral","S/D","Colisión","Ninguna","Faltante","Ninguna","Sin restricción"
2017,154,1/27/2017,"Viernes",0,,,"0.0",2,"Automóvil,Moto/Ciclomotor"," ",3,2,0,0,1,0,0,,"S/D",,"VILLA CONSTITUCIÓN","Constitución","Asfalto","S/D","VI","Dentro","Urbana","Ninguna","S/D","Intersección","Bueno","S/D","S/D","Buen Tiempo","Lateral","S/D","Colisión","Ninguna","Faltante","S/D","Sin restricción"
2017,155,1/22/2017,"Domingo",0,,,"0.0",2,"Automóvil,Moto/Ciclomotor","Gral Lopez Y Lisandro de la Torre",3,2,0,0,1,0,0,,"Calle",,"VILLA CONSTITUCIÓN","Constitución","Asfalto","No existe","VI","Dentro","Urbana","Ninguna","No existe","Intersección","Bueno","Buena","Diurna","Buen Tiempo","Lateral","S/D","Colisión","Ninguna","Faltante","Ninguna","Sin restricción"
2017,156,1/24/2017,"Martes",0,,,"0.0",2,"Automóvil,Moto/Ciclomotor","Pbro D Segundo Y French",3,2,0,0,1,0,0,,"Avenida",,"VILLA CONSTITUCIÓN","Constitución","Asfalto","No existe","VI","Dentro","Urbana","Ninguna","No existe","Intersección","Bueno","Buena","Diurna","Buen Tiempo","Lateral","S/D","Colisión","Ninguna","Faltante","Ninguna","Sin restricción"
2017,157,1/25/2017,"Miercoles",0,,,"0.0",2,"Automóvil,Moto/Ciclomotor","San Luis Y Rivadavia",3,2,0,0,1,0,0,,"Calle",,"VILLA CONSTITUCIÓN","Constitución","Asfalto","No existe","VI","Dentro","Urbana","Ninguna","No existe","Intersección","Bueno","Buena","Diurna","Buen Tiempo","Lateral","S/D","Colisión","Ninguna","Faltante","Ninguna","Sin restricción"
2017,158,1/24/2017,"Martes",0,10:30:00,"Ruta Provincial 21","0.0",2,"Automóvil,Moto/Ciclomotor","Salta ",3,1,0,0,2,0,0,,"Ruta",21,"EMPALME VILLA CONSTITUCIÓN","Constitución","Asfalto","Natural","VI","Dentro","Rural","Policía de tránsito","No existe","Recta","Bueno","Buena","Diurna","Buen Tiempo","S/D","S/D","Colisión","Otro","Vertical","Ninguna","Obra en Construcción"
2017,159,1/22/2017,"Domingo",0,17:30:00,,"0.0",2,"Moto/Ciclomotor,Automóvil"," ",3,0,1,0,2,0,0,,"Calle",,"VILLA CONSTITUCIÓN","Constitución","Ripio","No existe","VI","S/D","Urbana","Ninguna","No existe","Intersección","Con baches","Buena","Diurna","Buen Tiempo","Lateral","S/D","Colisión","Ninguna","Faltante","Ninguna","Sin restricción"
2017,160,1/21/2017,"Sabado",0,21:40:00,,"0.0",2,"Bicicleta,Moto/Ciclomotor","Av Rosario Y A Storni",2,1,0,0,0,0,1,,"Avenida",,"EMPALME VILLA CONSTITUCIÓN","Constitución","Asfalto","Natural","VI","S/D","Urbana","Ninguna","No existe","S/D","Bueno","Buena","Nocturna","Buen Tiempo","S/D","Ciclista","Atropello","Ninguna","Faltante","Ninguna","Sin restricción"
2017,161,1/17/2017,"Martes",0,4:50:00,,"0.0",1,"Moto/Ciclomotor"," ",1,1,0,0,0,0,0,,"Calle",,"EMPALME VILLA CONSTITUCIÓN","Constitución","Asfalto","Natural","VI","Dentro","Rural","Otra Señal","No existe","Recta","Otro","Reducida p/ objetos","Nocturna","Lluvia","Contra objeto fijo","S/D","Colisión","Otro","Vertical","Ninguna","Desvío Provisorio"
2017,162,1/18/2017,"Miercoles",0,19:15:00,"Ruta Nacional 11","0.0",2,"Moto/Ciclomotor,Moto/Ciclomotor","Av Blas Parera Y Pedro Espinosa",3,2,0,0,1,0,0,,"Ruta",11,"SANTA FE","La Capital","Asfalto","Natural","I","Fuera","Urbana","Ninguna","No existe","Recta","Con baches","Reducida","Atardecer","Buen Tiempo","S/D","S/D","Colisión","Ninguna","Faltante","Ninguna","Sin restricción"
2017,163,1/14/2017,"Sabado",0,10:40:00,"Ruta Nacional 11","0.0",2,"Automóvil,Moto/Ciclomotor","Avenida Nuestra Señora del Luj 2100",3,1,0,0,2,0,0,,"Ruta",11,"SANTO TOMÉ","La Capital","Asfalto","No existe","I","Dentro","Urbana","Semáforo","Funciona","Recta","Bueno","Buena","Diurna","Buen Tiempo","Lateral","S/D","Colisión","Ninguna","Vertical","Ninguna","Sin restricción"
2017,164,1/9/2017,"Lunes",0,4:00:00,,"0.0",2,"Automóvil,Moto/Ciclomotor","Av Gral Paz Y Derqui",3,1,0,0,2,0,0,,"Avenida",,"SANTA FE","La Capital","Asfalto","No existe","I","S/D","Urbana","Ninguna","No existe","Intersección","Bueno","Reducida","Nocturna","Buen Tiempo","Lateral","S/D","Colisión","Ninguna","S/D","Ninguna","Sin restricción"
2017,165,1/29/2017,"Domingo",0,6:30:00,"Ruta Nacional 19","0.0",1,"Automóvil"," ",4,4,0,0,0,0,0,,"Ruta",19,"SANTA FE","La Capital","Asfalto","Pavimento","I","Dentro","Urbana","Semáforo","Funciona","Curva","Bueno","Buena","Nocturna,Con luz artificial","Buen Tiempo","Contra objeto fijo","S/D","Colisión","Ninguna","Horizontal,Vertical","Guardarrail","Sin restricción"
2017,166,1/19/2017,"Jueves",0,16:20:00,"Ruta Nacional 11","0.0",2,"Automóvil,Moto/Ciclomotor","Av Blas Parera Y Don Guanella",2,1,0,0,0,0,1,,"Ruta",11,"SANTA FE","La Capital","Asfalto","Pavimento","I","Dentro","Urbana","Otra Señal","No funciona","Intersección","Bueno","Buena","Diurna","Buen Tiempo","Frontal","S/D","Colisión","Ninguna","Faltante","Guardarrail","Obra en Construcción"
2017,167,1/12/2017,"Jueves",0,18:10:00,,"0.0",2,"Automóvil,Moto/Ciclomotor","Riobamba Y Boneo",3,1,0,0,2,0,0,,"Calle",,"SANTA FE","La Capital","Asfalto","No existe","I","Dentro","Urbana","Ninguna","No existe","Intersección","Bueno","Buena","Diurna","Buen Tiempo","S/D","S/D","Colisión","S/D","S/D","Ninguna","Sin restricción"
2017,168,1/5/2017,"Jueves",0,15:45:00,,"0.0",2,"Pickup/Utilitario,Moto/Ciclomotor","Risso Y Sebastian Gaboto",2,1,0,0,1,0,0,,"Calle",,"SANTA FE","La Capital","Asfalto","Pavimento","I","Dentro","Urbana","Ninguna","No existe","Intersección","Bueno","Buena","Diurna","Buen Tiempo","Lateral","S/D","Colisión","Ninguna","Faltante","Cordón divisorio","Sin restricción"
2017,169,1/12/2017,"Jueves",0,16:25:00,,"0.0",2,"Pickup/Utilitario,Moto/Ciclomotor","Reg 12 de Infanteria Y Piedras",2,1,0,0,1,0,0,,"Calle",,"SANTA FE","La Capital","Asfalto","No existe","I","Dentro","Urbana","Ninguna","No existe","Intersección","Bueno","Buena","Diurna","Buen Tiempo","S/D","S/D","Colisión","Ninguna","Faltante","Ninguna","Sin restricción"
2017,170,1/11/2017,"Miercoles",0,20:15:00,,"0.0",2,"Automóvil,Automóvil","Av Almte Brown 6400",2,1,0,0,1,0,0,,"Calle",,"SANTA FE","La Capital","Asfalto","No existe","I","Dentro","Urbana","Ninguna","No existe","Intersección","Bueno","Buena","Diurna","Buen Tiempo","Lateral","S/D","Colisión","Ninguna","S/D","Ninguna","Sin restricción"
2017,171,1/14/2017,"Sabado",0,22:10:00,,"0.0",1,"Moto/Ciclomotor","Cafferata 8300",3,3,0,0,0,0,0,,"Calle",,"SANTA FE","La Capital","Asfalto","No existe","I","Dentro","Urbana","Ninguna","No existe","Recta","Bueno","Buena","Nocturna","Buen Tiempo","Atropello animal","S/D","Colisión","Ninguna","Faltante","Ninguna","Sin restricción"
2017,172,1/26/2017,"Jueves",0,11:25:00,"Ruta Nacional 11","0.0",2,"Pickup/Utilitario,Moto/Ciclomotor","Av Blas Parera Y La Pampa",3,1,0,0,2,0,0,,"Ruta",11,"SANTA FE","La Capital","Asfalto","No existe","I","Dentro","Urbana","Ninguna","No existe","Intersección","Bueno","Buena","Diurna","Buen Tiempo","Lateral","S/D","Colisión","Ninguna","Faltante","Ninguna","Obra en Construcción"
2017,173,1/23/2017,"Lunes",0,6:00:00,"Ruta Secundaria 65-s","14.0",1,"Camión"," ",1,1,0,0,0,0,0,,"Ruta","65-s","LAS ROSAS","Belgrano","Hormigón","Natural","VI","Fuera","Urbana","S/D","No existe","Recta","Bueno","Buena","Amanecer","Buen Tiempo","S/D","S/D","Vuelco","Ninguna","Faltante","S/D","S/D"
2017,174,1/13/2017,"Viernes",0,20:00:00,,"0.0",2,"Moto/Ciclomotor,Moto/Ciclomotor","Magallanes 3960",2,2,0,0,0,0,0,,"Calle",,"ROSARIO","Rosario","Asfalto","S/D","II","Dentro","Urbana","S/D","S/D","Recta","Bueno","S/D","S/D","Buen Tiempo","Lateral","S/D","Colisión","S/D","S/D","S/D","S/D"
2017,175,1/7/2017,"Sabado",0,20:00:00,,"0.0",2,"Automóvil,Moto/Ciclomotor","Roullon Y Gaboto",2,1,0,0,1,0,0,,"Calle",,"ROSARIO","Rosario","Asfalto","S/D","II","Dentro","Urbana","S/D","S/D","Intersección","S/D","Buena","Nocturna","Buen Tiempo","Lateral","S/D","Colisión","S/D","S/D","S/D","S/D"
2017,176,1/3/2017,"Martes",0,15:40:00,,"0.0",2,"Automóvil,Moto/Ciclomotor","Godoy Cruz Y F.More",2,1,0,0,1,0,0,,"Calle",,"ROSARIO","Rosario","Asfalto","S/D","II","Dentro","Urbana","S/D","S/D","Recta","Bueno","Buena","Diurna","Buen Tiempo","Lateral","S/D","Colisión","S/D","S/D","S/D","S/D"
2017,177,1/3/2017,"Martes",0,10:00:00,,"0.0",2,"Moto/Ciclomotor,Automóvil","Roullon ",2,1,0,0,1,0,0,,"Calle",,"ROSARIO","Rosario","S/D","S/D","II","Dentro","Urbana","S/D","S/D","Intersección","S/D","Buena","Diurna","Buen Tiempo","Lateral","S/D","Colisión","S/D","S/D","S/D","S/D"
2017,178,1/2/2017,"Lunes",0,19:00:00,,"0.0",2,"Moto/Ciclomotor,Automóvil","Ocampo Y Campbell",2,1,0,0,1,0,0,,"Calle",,"ROSARIO","Rosario","Asfalto","S/D","II","Dentro","Urbana","S/D","S/D","Intersección","Bueno","Buena","Atardecer","Buen Tiempo","Lateral","S/D","Colisión","S/D","S/D","S/D","S/D"
2017,179,1/3/2017,"Martes",0,18:00:00,,"0.0",2,"Moto/Ciclomotor,Automóvil","Roullon Y ",2,1,0,0,1,0,0,,"Calle",,"ROSARIO","Rosario","Asfalto","S/D","II","Dentro","Urbana","S/D","S/D","Recta","Bueno","Buena","Diurna","Buen Tiempo","Lateral","S/D","Colisión","S/D","S/D","S/D","S/D"
2017,180,1/21/2017,"Sabado",0,22:00:00,,"0.0",2,"Automóvil,Moto/Ciclomotor","Cabildo Y Virasoro",2,1,0,0,1,0,0,,"Calle",,"ROSARIO","Rosario","Asfalto","S/D","II","Dentro","Urbana","S/D","No existe","Recta","Bueno","Buena","Nocturna","Buen Tiempo","Lateral","S/D","Colisión","S/D","S/D","S/D","S/D"
2017,181,1/16/2017,"Lunes",0,13:00:00,,"0.0",2,"Automóvil,Moto/Ciclomotor","Tte.Agneta Y Av. Pte.Peron",3,1,0,0,2,0,0,,"Calle",,"ROSARIO","Rosario","S/D","S/D","II","Dentro","Urbana","S/D","S/D","S/D","S/D","S/D","Diurna","Buen Tiempo","Frontal","S/D","Colisión","S/D","S/D","S/D","S/D"
2017,182,1/29/2017,"Domingo",0,,,"0.0",2,"Bicicleta,Automóvil","Bv. 27 De Febrero Y Liniers",2,0,1,0,1,0,0,,"Calle",,"ROSARIO","Rosario","S/D","S/D","II","Dentro","Urbana","S/D","S/D","Recta","Bueno","S/D","S/D","S/D","S/D","Ciclista","Atropello","S/D","S/D","S/D","S/D"
2017,183,1/12/2017,"Jueves",0,17:00:00,,"0.0",2,"Moto/Ciclomotor,Automóvil","Av. Provincias Unidas Y San Lorenzo",2,1,0,0,1,0,0,,"Calle",,"ROSARIO","Rosario","Asfalto","S/D","II","Dentro","Urbana","S/D","S/D","Intersección","Bueno","S/D","Diurna","S/D","Lateral","S/D","Colisión","S/D","S/D","S/D","S/D"
2017,184,1/28/2017,"Sabado",0,3:30:00,,"0.0",1,"Automóvil","Av. Provincias Unidas Y Av. Pellegrini",1,1,0,0,0,0,0,,"Calle",,"ROSARIO","Rosario","Asfalto","S/D","II","Dentro","Urbana","S/D","Intermitente","Recta","S/D","Buena","Nocturna","Buen Tiempo","Contra objeto fijo","S/D","Colisión","S/D","S/D","Vegetación","Sin restricción"
2017,185,1/14/2017,"Sabado",0,14:00:00,,"0.0",2,"Transporte de Pasajeros Urbano (> 8 asientos),Automóvil","Av. Provincias Unidas Y Rio Negro",3,2,0,0,1,0,0,,"Calle",,"ROSARIO","Rosario","Asfalto","S/D","II","Dentro","Urbana","S/D","S/D","Intersección","S/D","Buena","Diurna","S/D","Lateral","S/D","Colisión","S/D","S/D","S/D","S/D"
2017,186,1/29/2017,"Domingo",0,18:20:00,,"0.0",2,"Moto/Ciclomotor,Automóvil","Talcahuano Y Alberti",3,2,0,0,1,0,0,,"Calle",,"SANTA FE","La Capital","Asfalto","No existe","I","Dentro","Urbana","Ninguna","No existe","Intersección","Bueno","Buena","Atardecer","Buen Tiempo","Lateral","S/D","Colisión","Ninguna","Faltante","Ninguna","Sin restricción"
2017,187,1/27/2017,"Viernes",0,22:30:00,,"0.0",2,"Otros,Bicicleta","French Y Rivadavia",2,1,0,0,1,0,0,,"Calle",,"SANTA FE","La Capital","Asfalto","No existe","I","Dentro","Urbana","Ninguna","No existe","Intersección","Bueno","Buena","Nocturna","Buen Tiempo","S/D","Ciclista","Atropello","S/D","Faltante","Ninguna","Sin restricción"
2017,188,1/26/2017,"Jueves",0,7:00:00,,"0.0",2,"Moto/Ciclomotor,Moto/Ciclomotor","Alberti 2243",2,2,0,0,0,0,0,,"Calle",,"SANTA FE","La Capital","Asfalto","No existe","I","Dentro","Urbana","Ninguna","No existe","Recta","Bueno","Buena","Diurna","Buen Tiempo","Lateral","S/D","Colisión","Ninguna","Faltante","Ninguna","Sin restricción"
2017,189,1/25/2017,"Miercoles",0,20:30:00,,"0.0",2,"Peatón,Pickup/Utilitario","French Y Necochea",2,1,0,0,1,0,0,,"Calle",,"SANTA FE","La Capital","Asfalto","No existe","I","Dentro","Urbana","S/D","No existe","Intersección","Bueno","Buena","Nocturna","S/D","S/D","Peatón","Atropello","Ninguna","S/D","S/D","S/D"
2017,190,1/24/2017,"Martes",0,21:40:00,,"0.0",2,"Moto/Ciclomotor,Automóvil","Av Galicia Y Lavalle",2,1,0,0,1,0,0,,"Calle",,"SANTA FE","La Capital","Asfalto","No existe","I","Dentro","Urbana","Ninguna","No existe","Intersección","Bueno","Buena","Nocturna","Buen Tiempo","Lateral","S/D","Colisión","Ninguna","Faltante","Ninguna","Sin restricción"
2017,191,1/20/2017,"Viernes",0,21:40:00,,"0.0",2,"Moto/Ciclomotor,Automóvil","Av A del Valle 6900",2,1,0,0,1,0,0,,"Calle",,"SANTA FE","La Capital","Asfalto","No existe","I","Dentro","Urbana","Ninguna","No existe","Recta","Bueno","Buena","Nocturna","Buen Tiempo","Lateral","S/D","Colisión","Ninguna","Faltante","Ninguna","Sin restricción"
2017,192,1/20/2017,"Viernes",0,21:00:00,,"0.0",2,"Moto/Ciclomotor,Automóvil","Av A del Valle Y Risso",2,1,0,0,1,0,0,,"Calle",,"SANTA FE","La Capital","Asfalto","No existe","I","Dentro","Urbana","Ninguna","No existe","Intersección","Bueno","Buena","Nocturna","Buen Tiempo","Lateral","S/D","Colisión","Ninguna","Faltante","Ninguna","Sin restricción"
2017,193,1/17/2017,"Martes",0,17:15:00,,"0.0",2,"Moto/Ciclomotor,Automóvil","Azcuenaga Y Piedras",2,1,0,0,1,0,0,,"Calle",,"SANTA FE","La Capital","Asfalto","No existe","I","Dentro","Urbana","Ninguna","No existe","Intersección","Bueno","Buena","Diurna","Buen Tiempo","Lateral","S/D","Colisión","S/D","Faltante","Ninguna","Sin restricción"
2017,194,1/2/2017,"Lunes",0,,,"0.0",2,"Camión Chasis,Otros","Bv. 27 De Febrero Y Bv. Avellaneda",3,2,0,0,1,0,0,,"Calle",,"ROSARIO","Rosario","Asfalto","S/D","II","Dentro","Urbana","Semáforo","Funciona","Intersección","Bueno","Buena","Diurna","S/D","S/D","S/D","Colisión","Ninguna","Vertical","S/D","S/D"
2017,195,1/21/2017,"Sabado",0,,,"0.0",2,"Automóvil,Otros","Pascual Rosas Y Riobamba",2,1,0,0,1,0,0,,"Calle",,"ROSARIO","Rosario","Asfalto","S/D","II","Dentro","Urbana","Ninguna","S/D","Intersección","Bueno","Buena","Diurna","Buen Tiempo","S/D","S/D","Colisión","S/D","S/D","S/D","Sin restricción"
2017,196,1/24/2017,"Martes",0,13:15:00,,"0.0",2,"Moto/Ciclomotor,Otros","Riobamba Y Servando Bayo",3,1,0,0,2,0,0,,"Calle",,"ROSARIO","Rosario","Asfalto","S/D","II","Dentro","Urbana","Ninguna","No existe","Intersección","Bueno","Buena","Diurna","Buen Tiempo","S/D","S/D","Colisión","S/D","S/D","S/D","Sin restricción"
2017,197,1/24/2017,"Martes",0,9:30:00,,"0.0",2,"Bicicleta,Otros","Av. Pte.Peron 4200",2,1,0,0,1,0,0,,"Calle",,"ROSARIO","Rosario","Asfalto","S/D","II","Dentro","Urbana","Ninguna","No existe","Recta","Bueno","Buena","Diurna","Buen Tiempo","S/D","Ciclista","Atropello","S/D","S/D","S/D","Sin restricción"
2017,198,12/30/2017,"Sabado",0,11:30:00,,"0.0",2,"Pickup/Utilitario,Otros","Lima Y Cerrito",3,1,0,0,2,0,0,,"Calle",,"ROSARIO","Rosario","Asfalto","S/D","II","Dentro","Urbana","Ninguna","No existe","Intersección","Bueno","Buena","Diurna","Buen Tiempo","S/D","S/D","Colisión","S/D","S/D","Ninguna","Sin restricción"
2017,199,1/27/2017,"Viernes",0,,,"0.0",2,"Automóvil,Otros","Bv. Avellaneda Y Bv. 27 De Febrero",4,1,0,0,3,0,0,,"Calle",,"ROSARIO","Rosario","Asfalto","S/D","II","Dentro","Urbana","Ninguna","Funciona","Intersección","Bueno","Buena","Diurna","Buen Tiempo","S/D","S/D","Colisión","Ninguna","Vertical","S/D","Sin restricción"
2017,200,1/25/2017,"Miercoles",0,6:00:00,,"0.0",2,"Bicicleta,Otros","San Nicolas Y Bv. 27 De Febrero",2,1,0,0,1,0,0,,"Calle",,"ROSARIO","Rosario","Asfalto","S/D","II","Dentro","Urbana","Semáforo","Intermitente","Intersección","Bueno","S/D","Diurna","Buen Tiempo","S/D","Ciclista","Atropello","Ninguna","Vertical","S/D","Sin restricción"
2017,201,1/4/2017,"Miercoles",0,17:30:00,,"0.0",2,"Automóvil,Otros","Bv. 27 De Febrero Y Valparaiso",2,1,0,0,1,0,0,,"Calle",,"ROSARIO","Rosario","Asfalto","S/D","II","Dentro","Urbana","Ninguna","No existe","Intersección","Bueno","Buena","Diurna","Buen Tiempo","S/D","S/D","Colisión","Ninguna","S/D","S/D","Sin restricción"