"anio_acci","nro_acci","fecha","desc_dia","fecha_aprox","hora_aprox","desc_ruta","km","cant_participantes","desc_participante","calle_avenida_km","total","heridos_leves","heridos_graves","heridos_gravisimos","ilesos","fallecidos","sin_datos","posicion_XY","desc_tipo_via","desc_ruta_ori","desc_loc","desc_dpto","desc_tipo_calzada","desc_tipo_banquina","desc_unidad_regional","desc_lugar_calzada","desc_zona","desc_prioridad","desc_estado_semaforo","desc_lugar_via","desc_estado_via","desc_estado_visibilidad","desc_luminosidad","desc_estado_clima","desc_tipo_colision","desc_tipo_atropello","desc_tipo_hecho","desc_pres_calzada","desc_senializacion","desc_separacion_via","desc_restriccion"
2017,202,1/2/2017,"Lunes",0,5:50:00,,"0.0",2,"Automóvil,Otros","Castellanos ",2,1,0,0,1,0,0,,"Calle",,"ROSARIO","Rosario","Asfalto","S/D","II","Dentro","Urbana","Ninguna","S/D","Intersección","Bueno","Buena","Amanecer","Buen Tiempo","S/D","S/D","Colisión","S/D","S/D","S/D","Sin restricción"
2017,203,1/9/2017,"Lunes",0,,,"0.0",2,"Pickup/Utilitario,Otros","Viamonte Y Cafferata",4,2,0,0,2,0,0,,"Calle",,"ROSARIO","Rosario","Asfalto","S/D","II","Dentro","Urbana","S/D","No existe","Intersección","S/D","Buena","Diurna","Buen Tiempo","S/D","S/D","Colisión","S/D","S/D","S/D","Sin restricción"
2017,204,1/12/2017,"Jueves",0,4:20:00,"Ruta Nacional A012","0.0",2,"Otros,Otros"," ",4,2,0,0,2,0,0,,"Ruta","A012","PIÑERO","Rosario","Asfalto","Pavimento","II","Dentro","Urbana","Señal Pare","No existe","Cruce","Bueno","Buena","Nocturna,Con luz artificial","S/D","Lateral","S/D","Colisión","Ninguna","Horizontal,Vertical","Barrera de hormigón","Sin restricción"
2017,205,1/22/2017,"Domingo",0,0:20:00,,"0.0",2,"Moto/Ciclomotor,Moto/Ciclomotor","Juan Jose Castelli Y Nicolas Avellaneda",2,0,1,0,1,0,0,,"Calle",,"VENADO TUERTO","General López","Asfalto","No existe","VIII","Dentro","Urbana","Señal Pare","No existe","Intersección","Bueno","Buena","Nocturna,Con luz artificial","S/D","Lateral","S/D","Colisión","S/D","Vertical","Ninguna","Sin restricción"
2017,206,1/19/2017,"Jueves",0,16:20:00,,"0.0",2,"Automóvil,Peatón","Piacenza Y Av Dr Luis Chapuis",2,1,0,0,1,0,0,,"Calle",,"VENADO TUERTO","General López","Asfalto","No existe","VIII","Dentro","Urbana","S/D","No existe","Intersección","Bueno","Buena","Diurna","S/D","S/D","Peatón","Atropello","S/D","Vertical","S/D","S/D"
2017,207,1/18/2017,"Miercoles",0,21:10:00,,"0.0",2,"Automóvil,Moto/Ciclomotor","Ayacucho Y Alberdi Juan Bautista",2,1,0,0,1,0,0,,"Calle",,"VENADO TUERTO","General López","Asfalto","No existe","VIII","Dentro","Urbana","Señal Pare","No existe","Intersección","Bueno","Buena","Nocturna,Con luz artificial","S/D","Lateral","S/D","Colisión","S/D","Vertical","Ninguna","Sin restricción"
2017,208,1/13/2017,"Viernes",0,13:30:00,,"0.0",2,"Moto/Ciclomotor,Automóvil","España Y Carlos Pellegrini",2,1,0,0,1,0,0,,"Calle",,"VENADO TUERTO","General López","Asfalto","No existe","VIII","Dentro","Urbana","Señal Pare","No existe","Intersección","Bueno","Buena","Diurna","S/D","Lateral","S/D","Colisión","S/D","Horizontal,Vertical","Ninguna","Sin restricción"
2017,209,1/13/2017,"Viernes",0,22:00:00,,"0.0",2,"Moto/Ciclomotor,Peatón","Lisandro de la Torre Y E Lussenhoff",2,0,1,0,1,0,0,,"Calle",,"VENADO TUERTO","General López","Tierra","No existe","VIII","Dentro","Urbana","Ninguna","No existe","Intersección","Bueno","Reducida","Nocturna,Con luz artificial","S/D","S/D","Peatón","Atropello","S/D","Faltante","Ninguna","Sin restricción"
2017,210,1/11/2017,"Miercoles",0,21:50:00,,"0.0",2,"Moto/Ciclomotor,Moto/Ciclomotor","Martin de Pueyrredon Y Mariano Moreno",2,0,1,0,1,0,0,,"Calle",,"VENADO TUERTO","General López","Asfalto","No existe","VIII","Dentro","Urbana","Señal Pare","No existe","Intersección","Bueno","Buena","Nocturna,Con luz artificial","S/D","Lateral","S/D","Colisión","S/D","Vertical","Ninguna","Sin restricción"
2017,211,1/8/2017,"Domingo",0,,,"0.0",2,"Moto/Ciclomotor,Automóvil","Juan Jose Castelli Y Guillermo Dimmer",2,1,0,0,1,0,0,,"Calle",,"VENADO TUERTO","General López","Asfalto","No existe","VIII","Dentro","Urbana","Ninguna","No existe","Intersección","Bueno","Buena","S/D","S/D","Lateral","S/D","Colisión","S/D","S/D","Ninguna","Sin restricción"
2017,212,1/1/2017,"Domingo",0,,,"0.0",2,"Automóvil,Moto/Ciclomotor","España Y Carlos Pellegrini",2,1,0,0,1,0,0,,"Calle",,"VENADO TUERTO","General López","Asfalto","No existe","VIII","Dentro","Urbana","Señal Pare","No existe","Intersección","Bueno","Buena","S/D","S/D","Lateral","S/D","Colisión","S/D","Horizontal,Vertical","Ninguna","Sin restricción"
2017,213,1/4/2017,"Miercoles",0,,,"0.0",2,"Moto/Ciclomotor,Automóvil","Lisandro de la Torre Y Bernardino Rivadavia",2,1,0,0,1,0,0,,"Calle",,"VENADO TUERTO","General López","Asfalto","No existe","VIII","Dentro","Urbana","Señal Pare","No existe","Intersección","Bueno","Buena","S/D","S/D","Lateral","S/D","Colisión","Ninguna","Vertical","Ninguna","Sin restricción"
2017,214,1/1/2017,"Domingo",1,0:50:00,,"0.0",2,"Moto/Ciclomotor,Automóvil","Junin Y Bartolome Mitre",2,0,1,0,1,0,0,,"Calle",,"VENADO TUERTO","General López","Asfalto","No existe","VIII","Dentro","Urbana","Señal Pare","No existe","Intersección","Bueno","Buena","Nocturna,Con luz artificial","S/D","Lateral","S/D","Colisión","S/D","Vertical","Ninguna","Sin restricción"
2017,215,1/28/2017,"Sabado",0,2:20:00,"Ruta Nacional 33","0.0",2,"Camión Chasis,Moto/Ciclomotor","Av Dr Luis Chapuis ",2,0,1,0,1,0,0,,"Ruta",33,"VENADO TUERTO","General López","Hormigón","Pavimento","VIII","Dentro","Urbana","Señal Ceda el Paso","No existe","Intersección","Bueno","Buena","Nocturna,Con luz artificial","S/D","Lateral","S/D","Colisión","S/D","Horizontal,Vertical","Guardarrail","Sin restricción"
2017,216,1/18/2017,"Miercoles",0,18:20:00,,"0.0",2,"Automóvil,Moto/Ciclomotor","Gral Lopez Y Mitre",2,1,0,0,1,0,0,,"Calle",,"FRAY LUIS BELTRÁN","San Lorenzo","Asfalto","No existe","XVII","Dentro","Urbana","Ninguna","No existe","Intersección","Bueno","Buena","Diurna","Buen Tiempo","Lateral","S/D","Colisión","Ninguna","S/D","Ninguna","Sin restricción"
2017,217,1/18/2017,"Miercoles",0,13:00:00,,"0.0",2,"Pickup/Utilitario,Moto/Ciclomotor","Chacabuco Y Libertad",2,1,0,0,1,0,0,,"Calle",,"CAÑADA ROSQUÍN","San Martín","Asfalto","Natural","XVIII","Dentro","Urbana","Ninguna","No existe","Intersección","Bueno","Buena","Diurna","Buen Tiempo","S/D","S/D","Colisión","Ninguna","Vertical","Ninguna","Sin restricción"
2017,218,1/26/2017,"Jueves",0,23:20:00,,"0.0",2,"Moto/Ciclomotor,Otros","Rivadavia 418",2,1,0,0,1,0,0,,"Calle",,"CAÑADA ROSQUÍN","San Martín","Asfalto","Natural","XVIII","Dentro","Urbana","Ninguna","No existe","Recta","Bueno","Buena","Nocturna","Buen Tiempo","Lateral","S/D","Colisión","Ninguna","Vertical","Ninguna","Sin restricción"
2017,219,1/18/2017,"Miercoles",0,13:00:00,,"0.0",2,"Otros,Otros","Chacabuco Y Libertad",2,1,0,0,1,0,0,,"Calle",,"CAÑADA ROSQUÍN","San Martín","Asfalto","Natural","XVIII","Dentro","Urbana","Ninguna","No existe","Intersección","Con baches,Deteriorada","Buena","Diurna","Buen Tiempo","S/D","S/D","Colisión","Ninguna","Vertical","Ninguna","Sin restricción"
2017,220,1/27/2017,"Viernes",0,21:50:00,,"0.0",2,"Moto/Ciclomotor,Moto/Ciclomotor","Beruti Y Lavalle",2,2,0,0,0,0,0,,"Calle",,"FRAY LUIS BELTRÁN","San Lorenzo","Ripio","No existe","XVII","Dentro","Urbana","Ninguna","No existe","Intersección","Con baches","Reducida","Nocturna","Buen Tiempo","Lateral","S/D","Colisión","S/D","S/D","Ninguna","Sin restricción"
2017,221,1/1/2017,"Domingo",0,19:35:00,,"0.0",2,"Automóvil,Moto/Ciclomotor"," ",2,0,0,0,1,0,1,,"S/D",,"SAN LORENZO","San Lorenzo","S/D","S/D","XVII","S/D","S/D","S/D","S/D","S/D","S/D","S/D","S/D","S/D","S/D","S/D","Colisión","S/D","S/D","S/D","S/D"
2017,222,1/3/2017,"Martes",0,,"Ruta Provincial 10","19.0",2,"Camión c / Acoplado,Moto/Ciclomotor"," ",2,0,0,0,1,0,1,,"Ruta",10,"SAN LORENZO","San Lorenzo","S/D","S/D","XVII","S/D","S/D","S/D","S/D","S/D","S/D","S/D","S/D","S/D","S/D","S/D","S/D","S/D","S/D","S/D","S/D"
2017,223,1/31/2017,"Martes",0,10:50:00,,"0.0",2,"Moto/Ciclomotor,Automóvil","Gral Manuel Belgrano Y Cristobal Colon",2,0,1,0,1,0,0,,"Calle",,"VENADO TUERTO","General López","Asfalto","No existe","VIII","Dentro","Urbana","Señal Pare","No existe","Intersección","Bueno","Buena","Diurna","S/D","Lateral","S/D","Colisión","S/D","Vertical","Ninguna","Sin restricción"
2017,224,1/30/2017,"Lunes",0,20:00:00,"Ruta Nacional 8","0.0",2,"Moto/Ciclomotor,Moto/Ciclomotor","Ruta Nac 8 Y Domingo Faustino Sarmiento",2,0,2,0,0,0,0,,"Ruta",8,"VENADO TUERTO","General López","Hormigón","Ripio","VIII","Dentro","Urbana","Semáforo","Funciona","Intersección","Bueno","Buena","Nocturna,Con luz artificial","S/D","Lateral","S/D","Colisión","S/D","Vertical","Ninguna","Sin restricción"
2017,225,1/26/2017,"Jueves",0,21:10:00,,"0.0",2,"Moto/Ciclomotor,Automóvil","Balcarce Y San Luis",2,1,0,0,1,0,0,,"Calle",,"ROSARIO","Rosario","Asfalto","Pavimento","II","Dentro","Urbana","Ninguna","No existe","Intersección","Bueno","Buena","Nocturna","Buen Tiempo","S/D","S/D","Caída ocupante","Ninguna","Vertical","Cordón divisorio","Sin restricción"
2017,226,1/6/2017,"Viernes",0,10:30:00,,"0.0",2,"Automóvil,Moto/Ciclomotor","J J Passo Y Teniente Agneta",2,0,1,0,1,0,0,,"Calle",,"FRAY LUIS BELTRÁN","San Lorenzo","Asfalto","S/D","XVII","Dentro","Urbana","Ninguna","S/D","Intersección","Bueno","Buena","Diurna","Buen Tiempo","Lateral","S/D","Colisión","Ninguna","S/D","Ninguna","Sin restricción"
2017,227,1/16/2017,"Lunes",0,16:20:00,,"0.0",3,"Moto/Ciclomotor,Moto/Ciclomotor,Moto/Ciclomotor","Belgrano Y Moreno",3,2,0,0,1,0,0,,"S/D",,"PUERTO SAN MARTÍN","San Lorenzo","Asfalto","Natural","XVII","S/D","Urbana","Ninguna","No existe","Intersección","Bueno","Buena","Diurna","Buen Tiempo","De alcance","S/D","Colisión","Ninguna","S/D","Ninguna","S/D"
2017,228,1/18/2017,"Miercoles",0,22:00:00,,"0.0",2,"Moto/Ciclomotor,Automóvil","Av San Martin Y Tucuman",2,1,0,0,1,0,0,,"Calle",,"PUERTO SAN MARTÍN","San Lorenzo","Asfalto","No existe","XVII","S/D","Urbana","Ninguna","No existe","Recta","Bueno","S/D","Nocturna","Buen Tiempo","De alcance","S/D","Colisión","Ninguna","Faltante","S/D","S/D"
2017,229,1/21/2017,"Sabado",0,10:15:00,"Ruta Nacional 11","0.0",2,"Pickup/Utilitario,Moto/Ciclomotor","Cordoba Y Ruta Nac 11",2,0,0,1,1,0,0,,"Ruta",11,"PUERTO SAN MARTÍN","San Lorenzo","Asfalto","Natural","XVII","S/D","S/D","Ninguna","No existe","Recta","Bueno","Buena","Diurna","Buen Tiempo","De alcance","S/D","Colisión","Ninguna","Faltante","Ninguna","Sin restricción"
2017,230,1/30/2017,"Lunes",0,7:50:00,,"0.0",2,"Pickup/Utilitario,Bicicleta","Monteagudo Y Moreno",2,1,0,0,1,0,0,,"Calle",,"FRAY LUIS BELTRÁN","San Lorenzo","Asfalto","No existe","XVII","Dentro","Urbana","Ninguna","S/D","Intersección","Bueno","Buena","Diurna","Buen Tiempo","S/D","Ciclista","Atropello","Ninguna","Faltante","Ninguna","Sin restricción"
2017,231,1/30/2017,"Lunes",0,20:30:00,"Ruta Nacional 11","0.0",2,"Moto/Ciclomotor,Automóvil","Av San Martin Y Maestra Barragan - Ex Bs.As.",2,1,0,0,1,0,0,,"Ruta",11,"FRAY LUIS BELTRÁN","San Lorenzo","Asfalto","Pavimento","XVII","Dentro","Urbana","Policía de tránsito","No existe","Intersección","Bueno","Buena","Atardecer","Buen Tiempo","Lateral","S/D","Colisión","Ninguna","Faltante","Ninguna","Sin restricción"
2017,232,1/25/2017,"Miercoles",0,17:00:00,,"0.0",2,"Moto/Ciclomotor,Automóvil","Alvear Y French",2,1,0,0,1,0,0,,"Calle",,"FRAY LUIS BELTRÁN","San Lorenzo","Asfalto","No existe","XVII","Dentro","Urbana","Ninguna","No existe","Intersección","Bueno","Buena","Diurna","Buen Tiempo","Lateral","S/D","Colisión","Ninguna","S/D","Ninguna","Sin restricción"
2017,233,1/21/2017,"Sabado",0,23:20:00,,"0.0",1,"Moto/Ciclomotor","Sarmiento Y Quiroga",2,2,0,0,0,0,0,,"Calle",,"FRAY LUIS BELTRÁN","San Lorenzo","Asfalto","No existe","XVII","Dentro","Urbana","Ninguna","No existe","Rotonda","Con baches","Reducida","Nocturna","Buen Tiempo","S/D","S/D","Caída ocupante","Agua","S/D","Ninguna","S/D"
2017,234,1/12/2017,"Jueves",0,7:05:00,,"0.0",2,"Automóvil,Moto/Ciclomotor","Sargento Cabral Y Avda del Combate",2,1,0,0,1,0,0,,"Avenida",,"SAN LORENZO","San Lorenzo","S/D","S/D","XVII","Dentro","Urbana","S/D","S/D","Intersección","S/D","Buena","Diurna","Buen Tiempo","Lateral","S/D","Colisión","S/D","S/D","S/D","S/D"
2017,235,1/27/2017,"Viernes",0,2:20:00,"Ruta Nacional 11","326.0",1,"Moto/Ciclomotor","Av San Martin 700",1,1,0,0,0,0,0,,"Ruta",11,"FRAY LUIS BELTRÁN","San Lorenzo","Asfalto","Ripio","XVII","Dentro","Urbana","Ninguna","No existe","Recta","Bueno","Reducida","Nocturna","Buen Tiempo","Atropello animal","S/D","Colisión","Ninguna","S/D","Ninguna","Sin restricción"
2017,236,1/4/2017,"Miercoles",0,11:50:00,"Ruta Nacional 11","0.0",2,"Pickup/Utilitario,Bicicleta","Av San Martin Y Richieri",2,0,0,0,1,0,1,,"Ruta",11,"SAN LORENZO","San Lorenzo","S/D","S/D","XVII","S/D","S/D","S/D","S/D","S/D","S/D","S/D","Diurna","S/D","S/D","Ciclista","Atropello","S/D","S/D","S/D","S/D"
2017,238,1/5/2017,"Jueves",0,,,"0.0",2,"Automóvil,Moto/Ciclomotor","Urquiza Y Roque Vitola",2,0,0,0,1,0,1,,"S/D",,"SAN LORENZO","San Lorenzo","S/D","S/D","XVII","S/D","S/D","S/D","S/D","S/D","S/D","S/D","S/D","S/D","S/D","S/D","Colisión","S/D","S/D","S/D","S/D"
2017,239,1/2/2017,"Lunes",0,22:40:00,"Ruta Nacional 11","0.0",2,"Automóvil,Bicicleta","Av 7 de marzo Y Francisco Narciso Laprida",2,1,0,0,1,0,0,,"Ruta",11,"SANTO TOMÉ","La Capital","Asfalto","Pavimento","I","Dentro","Urbana","S/D","No existe","Intersección","Bueno","Buena","Nocturna,Con luz artificial","Buen Tiempo","S/D","Ciclista","Atropello","Ninguna","Faltante","Línea divisoria pintada","Sin restricción"
2017,240,1/10/2017,"Martes",0,17:25:00,,"0.0",2,"Automóvil,Moto/Ciclomotor","Juan M De Rosas Y Artigas",3,0,0,0,1,0,2,,"Calle",,"SAN LORENZO","San Lorenzo","S/D","S/D","XVII","S/D","Urbana","S/D","S/D","S/D","S/D","S/D","Diurna","S/D","S/D","S/D","Colisión","S/D","S/D","S/D","S/D"
2017,241,1/7/2017,"Sabado",0,1:10:00,"Ruta Nacional 11","0.0",2,"Automóvil,Moto/Ciclomotor","Ruta Nac 11 ",3,2,0,0,1,0,0,,"Ruta",11,"SAUCE VIEJO","La Capital","S/D","S/D","I","Dentro","Urbana","S/D","S/D","Intersección","S/D","Buena","Nocturna","Buen Tiempo","Lateral","S/D","Colisión","S/D","S/D","S/D","S/D"
2017,242,1/17/2017,"Martes",0,21:45:00,"Ruta Provincial 2","1.0",2,"Moto/Ciclomotor,Pickup/Utilitario"," ",2,1,0,0,1,0,0,,"Ruta",2,"ANGEL GALLARDO","La Capital","S/D","S/D","I","Dentro","Urbana","S/D","S/D","Recta","S/D","Buena","Nocturna","Buen Tiempo","Lateral","S/D","Colisión","S/D","S/D","S/D","S/D"
2017,243,1/9/2017,"Lunes",0,19:40:00,,"0.0",2,"Camión c / Acoplado,Automóvil"," ",2,0,0,0,0,0,2,,"S/D",,"SAN LORENZO","San Lorenzo","S/D","S/D","XVII","S/D","S/D","S/D","S/D","S/D","S/D","S/D","Diurna","S/D","S/D","S/D","Colisión","S/D","S/D","S/D","S/D"
2017,244,1/27/2017,"Viernes",0,9:00:00,,"0.0",2,"Moto/Ciclomotor,Pickup/Utilitario","LOS QUINTEROS 2850",2,1,0,0,1,0,0,,"Calle",,"ANGEL GALLARDO","La Capital","S/D","S/D","I","Dentro","Urbana","S/D","S/D","Intersección","S/D","Buena","Diurna","Buen Tiempo","Lateral","S/D","Colisión","S/D","S/D","S/D","Sin restricción"
2017,245,1/28/2017,"Sabado",0,12:20:00,"Ruta Provincial 5","0.0",2,"Moto/Ciclomotor,Camión","Ruta pcial 2 Av San Martin ",2,1,0,0,1,0,0,,"Ruta",5,"MONTE VERA","La Capital","Hormigón","S/D","I","Dentro","Rural","Ninguna","S/D","Intersección","Bueno","Buena","Diurna","Buen Tiempo","Lateral","S/D","Colisión","Ninguna","S/D","Línea divisoria pintada","S/D"
2017,246,1/10/2017,"Martes",0,18:45:00,,"0.0",2,"Automóvil,Taxi/Remis","Luis Braille Y M de Iriondo",4,1,0,0,3,0,0,,"Calle",,"SAN LORENZO","San Lorenzo","S/D","S/D","XVII","S/D","Urbana","S/D","S/D","S/D","S/D","S/D","Diurna","S/D","S/D","S/D","Colisión","S/D","S/D","S/D","S/D"
2017,247,1/7/2017,"Sabado",0,21:15:00,,"0.0",2,"Moto/Ciclomotor,Peatón","Guemes Y San Jose",2,1,0,0,1,0,0,,"Calle",,"LAGUNA PAIVA","La Capital","Tierra","No existe","I","Dentro","Urbana","S/D","No existe","Intersección","Deteriorada","Buena","Nocturna,Con luz artificial","Buen Tiempo","S/D","Peatón","Atropello","Ninguna","Faltante","S/D","Sin restricción"
2017,248,1/28/2017,"Sabado",0,19:30:00,,"0.0",1,"Moto/Ciclomotor","Azcuenaga Y Chiclana",1,1,0,0,0,0,0,,"S/D",,"SANTA FE","La Capital","Asfalto","Pavimento","I","Dentro","Urbana","Ninguna","No existe","Intersección","Bueno","Buena","Atardecer","Buen Tiempo","Lateral","S/D","Colisión","Ninguna","Faltante","Ninguna","Sin restricción"
2017,249,1/14/2017,"Sabado",0,17:05:00,,"0.0",2,"Automóvil,Moto/Ciclomotor","Las Heras Y Moreno",3,2,0,0,1,0,0,,"Calle",,"LAGUNA PAIVA","La Capital","Ripio","No existe","I","Dentro","Urbana","S/D","No existe","Intersección","S/D","Buena","Diurna","Buen Tiempo","Lateral","S/D","Colisión","S/D","S/D","Ninguna","Sin restricción"
2017,250,1/1/2017,"Domingo",0,7:20:00,,"0.0",2,"Moto/Ciclomotor,Moto/Ciclomotor","Chiclana Y Larrea",3,2,1,0,0,0,0,,"Calle",,"SANTA FE","La Capital","Asfalto","Pavimento","I","Dentro","Urbana","Ninguna","No existe","Intersección","Deteriorada","Buena","Diurna","Lluvia","Lateral","S/D","Colisión","Ninguna","Faltante","S/D","Sin restricción"
2017,251,1/16/2017,"Lunes",0,22:00:00,,"0.0",2,"Moto/Ciclomotor,Automóvil","Republica de Italia Y Obrero",2,1,0,0,1,0,0,,"Calle",,"LAGUNA PAIVA","La Capital","Hormigón","No existe","I","Dentro","Urbana","S/D","No existe","Intersección","Bueno","Buena","Nocturna,Con luz artificial","Buen Tiempo","Lateral","S/D","Colisión","Ninguna","S/D","S/D","S/D"
2017,252,1/19/2017,"Jueves",0,14:30:00,,"0.0",2,"Bicicleta,Automóvil","Colono Y Rivadavia",2,1,0,0,1,0,0,,"Calle",,"LAGUNA PAIVA","La Capital","Ripio","No existe","I","Dentro","Urbana","Ninguna","No existe","Intersección","Deteriorada","Buena","Diurna","Buen Tiempo","S/D","Ciclista","Atropello","Material Suelto","Horizontal","Ninguna","S/D"
2017,253,1/18/2017,"Miercoles",0,17:15:00,"Ruta Nacional 11","0.0",2,"Moto/Ciclomotor,Automóvil","Av Blas Parera Y Pedro Espinosa",2,1,0,0,1,0,0,,"Ruta",11,"SANTA FE","La Capital","Asfalto","Natural","I","Dentro","Urbana","Ninguna","No existe","Intersección","Con baches","Buena","Diurna","Buen Tiempo","Lateral","S/D","Colisión","Ninguna","S/D","Ninguna","S/D"
2017,254,1/24/2017,"Martes",0,16:15:00,,"0.0",2,"Moto/Ciclomotor,Automóvil","Avenida General Bartolome Mitr Y 9 de julio",2,1,0,0,1,0,0,,"Avenida",,"SANTO TOMÉ","La Capital","Asfalto","No existe","I","Dentro","Urbana","Ninguna","No existe","Intersección","Bueno","Buena","Atardecer","Buen Tiempo","Lateral","S/D","Colisión","Ninguna","S/D","Ninguna","S/D"
2017,255,1/20/2017,"Viernes",0,16:15:00,,"0.0",2,"Taxi/Remis,Peatón","Avenida General Bartolome Mitr Y Hernandarias",2,0,1,0,1,0,0,,"Avenida",,"SANTO TOMÉ","La Capital","Asfalto","No existe","I","Dentro","Urbana","S/D","No existe","Intersección","Bueno","Buena","Atardecer","Buen Tiempo","S/D","Peatón","Atropello","Ninguna","Vertical","S/D","Sin restricción"
2017,256,1/8/2017,"Domingo",0,9:00:00,"Ruta Nacional 11","442.0",1,"Automóvil","Ruta Nac 11 ",1,1,0,0,0,0,0,,"Ruta",11,"SAUCE VIEJO","La Capital","Asfalto","Natural","I","S/D","Rural","Marca Vial","No existe","Curva","Bueno","Buena","Diurna","Buen Tiempo","Frontal","S/D","Colisión","Ninguna","Horizontal","S/D","S/D"
2017,257,1/17/2017,"Martes",0,15:55:00,,"0.0",2,"Moto/Ciclomotor,Automóvil","Pasaje Almte Guillermo Brown Y Presidente Bernardino Rivadavi",2,1,1,0,0,0,0,,"Calle",,"SANTO TOMÉ","La Capital","Asfalto","No existe","I","Dentro","Urbana","S/D","No existe","Intersección","Bueno","Buena","Diurna","Buen Tiempo","Lateral","S/D","Colisión","Ninguna","S/D","S/D","S/D"
2017,258,1/14/2017,"Sabado",0,12:05:00,"Ruta Nacional 19","0.0",1,"Automóvil"," ",2,2,0,0,0,0,0,,"Ruta",19,"SANTO TOMÉ","La Capital","Hormigón","No existe","I","Dentro","Rural","S/D","No existe","Recta","Bueno","S/D","Diurna","Buen Tiempo","Lateral","S/D","Colisión","Ninguna","Horizontal,Vertical","Línea divisoria pintada","S/D"
2017,259,1/14/2017,"Sabado",0,12:05:00,,"0.0",1,"Moto/Ciclomotor","Cristobal Colon Y Hipolito Irigoyen",1,1,0,0,0,0,0,,"Calle",,"SANTO TOMÉ","La Capital","S/D","No existe","I","Dentro","Urbana","S/D","No existe","Intersección","S/D","Buena","Diurna","Buen Tiempo","S/D","S/D","Caída ocupante","S/D","S/D","S/D","S/D"
2017,260,1/14/2017,"Sabado",0,3:40:00,"Ruta Nacional 11","0.0",2,"Moto/Ciclomotor,Pickup/Utilitario","Azcuenaga ",2,1,0,0,0,0,1,,"Ruta",11,"SANTO TOMÉ","La Capital","Hormigón","S/D","I","Dentro","Urbana","S/D","S/D","Intersección","S/D","Buena","Nocturna","Buen Tiempo","Lateral","S/D","Colisión","S/D","S/D","Línea divisoria pintada","S/D"
2017,261,1/5/2017,"Jueves",0,12:45:00,"Ruta Nacional 11","0.0",2,"Moto/Ciclomotor,Automóvil","Aritobulo del Valle Y Avenida Nuestra Señora del Luj",2,1,0,0,1,0,0,,"Ruta",11,"SANTO TOMÉ","La Capital","Asfalto","S/D","I","Dentro","Urbana","S/D","S/D","Recta","Bueno","Buena","Diurna","Buen Tiempo","Lateral","S/D","Colisión","Ninguna","S/D","S/D","Sin restricción"
2017,262,1/8/2017,"Domingo",0,21:30:00,"Autopista Provincial Brigadier E.López","0.0",2,"Automóvil,Moto/Ciclomotor"," ",2,2,0,0,0,0,0,,"Autopista","Brigadier E.López","SANTO TOMÉ","La Capital","Asfalto","S/D","I","Dentro","Rural","S/D","S/D","Recta","Bueno","Buena","Nocturna","Buen Tiempo","Lateral","S/D","Colisión","S/D","S/D","S/D","S/D"
2017,263,1/7/2017,"Sabado",0,6:33:00,,"0.0",2,"Automóvil,Automóvil"," ",2,1,0,0,1,0,0,,"S/D",,"SANTO TOMÉ","La Capital","Hormigón","No existe","I","S/D","Urbana","S/D","No existe","Puente","Bueno","Buena","Diurna","Buen Tiempo","Lateral","S/D","Colisión","S/D","S/D","S/D","S/D"
2017,264,1/27/2017,"Viernes",0,8:25:00,,"0.0",2,"Pickup/Utilitario,Moto/Ciclomotor","Lisandro de la Torre Y Juan Baltasar Maciel",3,2,0,0,1,0,0,,"Calle",,"SANTA FE","La Capital","Asfalto","No existe","I","Dentro","Urbana","Ninguna","No existe","Intersección","Bueno","Buena","Diurna","Buen Tiempo","Lateral","S/D","Colisión","S/D","Faltante","Ninguna","Sin restricción"
2017,265,1/13/2017,"Viernes",0,18:10:00,,"0.0",2,"Bicicleta,Pickup/Utilitario","Balcarce Y Juan Jose Castelli",2,1,0,0,1,0,0,,"Calle",,"SANTO TOMÉ","La Capital","Asfalto","No existe","I","Dentro","Urbana","Ninguna","No existe","Intersección","Bueno","Buena","Atardecer","Buen Tiempo","De alcance","Ciclista","Atropello","S/D","Faltante","Ninguna","Sin restricción"
2017,266,1/29/2017,"Domingo",0,0:20:00,,"0.0",2,"Moto/Ciclomotor,Moto/Ciclomotor","Juan Baltasar Maciel Y Balcarce",4,3,1,0,0,0,0,,"Calle",,"SANTA FE","La Capital","S/D","Ripio","I","Dentro","Urbana","Ninguna","No existe","Intersección","Bueno","Buena","Nocturna","Buen Tiempo","Lateral","S/D","Colisión","S/D","Faltante","Ninguna","Obra en Construcción"
2017,267,1/20/2017,"Viernes",0,14:00:00,,"0.0",2,"Automóvil,Moto/Ciclomotor","Hipolito Irigoyen Y Vicente Lopez y Planes",3,1,0,0,2,0,0,,"Calle",,"SANTO TOMÉ","La Capital","Asfalto","No existe","I","Dentro","Urbana","Ninguna","No existe","Intersección","Bueno","Buena","Diurna","Buen Tiempo","Lateral","S/D","Colisión","S/D","Faltante","Ninguna","Sin restricción"
2017,268,1/23/2017,"Lunes",0,22:15:00,,"0.0",2,"Automóvil,Moto/Ciclomotor","Juan Jose Castelli Y Vicente Lopez y Planes",2,1,0,0,1,0,0,,"Calle",,"SANTO TOMÉ","La Capital","Asfalto","No existe","I","Dentro","Urbana","Ninguna","No existe","Intersección","Bueno","Buena","Nocturna","Buen Tiempo","Lateral","S/D","Colisión","S/D","Faltante","Ninguna","Sin restricción"