"anio_acci","nro_acci","fecha","desc_dia","fecha_aprox","hora_aprox","desc_ruta","km","cant_participantes","desc_participante","calle_avenida_km","total","heridos_leves","heridos_graves","heridos_gravisimos","ilesos","fallecidos","sin_datos","posicion_XY","desc_tipo_via","desc_ruta_ori","desc_loc","desc_dpto","desc_tipo_calzada","desc_tipo_banquina","desc_unidad_regional","desc_lugar_calzada","desc_zona","desc_prioridad","desc_estado_semaforo","desc_lugar_via","desc_estado_via","desc_estado_visibilidad","desc_luminosidad","desc_estado_clima","desc_tipo_colision","desc_tipo_atropello","desc_tipo_hecho","desc_pres_calzada","desc_senializacion","desc_separacion_via","desc_restriccion"
2017,269,1/27/2017,"Viernes",0,7:45:00,"Ruta Provincial 10","0.0",2,"Moto/Ciclomotor,Camión c / Acoplado"," ",2,0,0,0,1,0,1,,"Ruta",10,"SAN LORENZO","San Lorenzo","S/D","S/D","VIII","S/D","Urbana","S/D","S/D","Paso a Nivel FFCC","S/D","S/D","Diurna","S/D","S/D","S/D","Colisión","S/D","S/D","S/D","S/D"
2017,270,1/27/2017,"Viernes",0,10:20:00,"Autopista Provincial Brigadier E.López","14.0",2,"Camión c / Acoplado,Pickup/Utilitario"," ",2,0,0,0,1,0,1,,"Autopista","Brigadier E.López","SAN LORENZO","San Lorenzo","S/D","S/D","XVII","S/D","Urbana","S/D","S/D","S/D","S/D","S/D","Diurna","S/D","S/D","S/D","Colisión","S/D","S/D","S/D","S/D"
2017,271,1/27/2017,"Viernes",0,13:15:00,,"0.0",2,"Automóvil,Moto/Ciclomotor","Cnel Bogado Y G Araoz de Lamadrid",2,0,0,0,1,0,1,,"Calle",,"SAN LORENZO","San Lorenzo","S/D","S/D","XVII","S/D","Urbana","S/D","S/D","S/D","S/D","S/D","Diurna","S/D","S/D","S/D","Colisión","S/D","S/D","S/D","S/D"
2017,272,1/22/2017,"Domingo",0,11:15:00,"Ruta Nacional 11","0.0",2,"Moto/Ciclomotor,Moto/Ciclomotor","Av de Circunvalacion ",5,3,0,0,2,0,0,,"Ruta",11,"RECREO","La Capital","Asfalto","Natural","I","Dentro","Urbana","Ninguna","S/D","Curva","Bueno","Buena","Diurna","Buen Tiempo","De alcance","S/D","Colisión","Ninguna","Horizontal","Guardarrail","Sin restricción"
2017,273,1/28/2017,"Sabado",0,,,"0.0",1,"Moto/Ciclomotor","Catamarca ",1,0,0,0,0,0,1,,"Calle",,"CAPITÁN BERMÚDEZ","San Lorenzo","Asfalto","Pavimento","XVII","Dentro","Urbana","S/D","No existe","Intersección","Bueno","S/D","S/D","S/D","S/D","S/D","Vuelco","S/D","S/D","S/D","S/D"
2017,274,1/19/2017,"Jueves",0,,,"0.0",2,"Automóvil,Moto/Ciclomotor","Rioja Y Parana",2,0,0,0,0,0,2,,"Calle",,"CAPITÁN BERMÚDEZ","San Lorenzo","Asfalto","Pavimento","XVII","Dentro","Urbana","S/D","No existe","Intersección","Bueno","S/D","S/D","S/D","S/D","S/D","Colisión","S/D","S/D","S/D","S/D"
2017,275,1/15/2017,"Domingo",0,,"Ruta Nacional 11","0.0",2,"Automóvil,Otros","Av San Lorenzo Y L Lugones",2,0,0,0,0,0,2,,"Ruta",11,"CAPITÁN BERMÚDEZ","San Lorenzo","Asfalto","Pavimento","XVII","Dentro","Urbana","S/D","S/D","Intersección","Bueno","S/D","S/D","S/D","S/D","S/D","Colisión","S/D","S/D","S/D","S/D"
2017,276,1/6/2017,"Viernes",0,,,"0.0",2,"Moto/Ciclomotor,Otros","2 de Abril Y Simon Bolivar",2,0,0,0,0,0,2,,"Calle",,"CAPITÁN BERMÚDEZ","San Lorenzo","Asfalto","Pavimento","XVII","Dentro","Urbana","S/D","No existe","Intersección","Bueno","S/D","S/D","S/D","S/D","S/D","Colisión","S/D","S/D","S/D","Sin restricción"
2017,277,1/1/2017,"Domingo",0,,"Ruta Nacional 11","0.0",2,"Automóvil,Otros","Av San Lorenzo Y Juan de Garay",2,0,0,0,0,0,2,,"Ruta",11,"CAPITÁN BERMÚDEZ","San Lorenzo","Asfalto","S/D","XVII","Dentro","Urbana","S/D","S/D","Intersección","Bueno","S/D","S/D","S/D","S/D","S/D","Colisión","S/D","S/D","S/D","S/D"
2017,278,1/13/2017,"Viernes",0,16:50:00,,"0.0",2,"Moto/Ciclomotor,Automóvil","Irigoyen Y Falucho",3,0,0,0,2,0,1,,"Calle",,"SAN LORENZO","San Lorenzo","S/D","S/D","XVII","S/D","Urbana","S/D","S/D","S/D","S/D","S/D","Diurna","S/D","S/D","S/D","Colisión","S/D","S/D","S/D","S/D"
2017,279,1/23/2017,"Lunes",0,22:00:00,"Ruta Nacional 11","0.0",2,"Moto/Ciclomotor,Automóvil","Ruta Nacional 1V11- Juan de Garay ",2,1,0,0,1,0,0,,"Ruta",11,"RECREO","La Capital","Asfalto","Natural","I","Dentro","Urbana","Señal Ceda el Paso","No existe","Curva","Bueno","Buena","Nocturna","Buen Tiempo","Frontal","S/D","Colisión","S/D","Horizontal","Línea divisoria pintada","Sin restricción"
2017,280,1/5/2017,"Jueves",0,7:45:00,,"0.0",2,"Moto/Ciclomotor,Pickup/Utilitario","Simon de Iriondo 955",2,1,0,0,1,0,0,,"Calle",,"RECREO","La Capital","Tierra","S/D","I","Dentro","Urbana","Ninguna","S/D","Recta","Bueno","Buena","Diurna","Lluvia","De alcance","S/D","Colisión","Ninguna","Horizontal","Ninguna","Sin restricción"
2017,281,1/14/2017,"Sabado",0,9:15:00,"Ruta Nacional 11","0.0",2,"Moto/Ciclomotor,Automóvil","Av Circunvalacion Y Ruta Provincial 70",2,0,1,0,1,0,0,,"Ruta",11,"RECREO","La Capital","Asfalto","Natural","I","Dentro","Urbana","Ninguna","No existe","Recta","Bueno","Buena","Diurna","Buen Tiempo","De alcance","S/D","Colisión","S/D","Horizontal","Guardarrail","Sin restricción"
2017,282,1/13/2017,"Viernes",0,13:25:00,"Ruta Nacional 11","0.0",2,"Moto/Ciclomotor,Pickup/Utilitario","Ruta Nacional 1V11- Juan de Garay ",2,1,0,0,1,0,0,,"Ruta",11,"RECREO","La Capital","Asfalto","Natural","I","Dentro","Urbana","Ninguna","No existe","Curva","Bueno","Buena","Diurna","Buen Tiempo","De alcance","S/D","Colisión","Ninguna","Horizontal","Línea divisoria pintada","Sin restricción"
2017,283,1/23/2017,"Lunes",0,13:20:00,"Ruta Nacional 11","0.0",2,"Taxi/Remis,Otros","Av Blas Parera Y Boneo",3,1,0,0,2,0,0,,"Ruta",11,"SANTA FE","La Capital","Asfalto","Pavimento","I","Dentro","Urbana","Ninguna","No existe","Intersección","Bueno","Buena","Diurna","Buen Tiempo","De alcance","S/D","Colisión","Ninguna","Faltante","Ninguna","Obra en Construcción"
2017,284,1/27/2017,"Viernes",0,21:00:00,"Ruta Nacional 11","0.0",2,"Moto/Ciclomotor,Otros","Av Blas Parera Y Reg 12 de Infanteria",2,2,0,0,0,0,0,,"Ruta",11,"SANTA FE","La Capital","Asfalto","Pavimento","I","Dentro","Urbana","Semáforo","Intermitente","Intersección","Bueno","Buena","Nocturna,Con luz artificial","Buen Tiempo","S/D","S/D","Colisión","Material Suelto","Vertical","Cordón divisorio","Sin restricción"
2017,285,1/2/2017,"Lunes",0,13:15:00,,"0.0",2,"Moto/Ciclomotor,Automóvil","Salvador del Carril Y Alvear",3,2,0,0,1,0,0,,"Avenida",,"SANTA FE","La Capital","Asfalto","No existe","I","Dentro","Urbana","Ninguna","No existe","Intersección","Bueno","Buena","Diurna","Buen Tiempo","Lateral","S/D","Colisión","Ninguna","S/D","Ninguna","Sin restricción"
2017,286,1/1/2017,"Domingo",0,12:15:00,,"0.0",2,"Moto/Ciclomotor,Automóvil","Av Santa Fe Y Quintana",2,1,0,0,1,0,0,,"Avenida",,"SANTA FE","La Capital","Asfalto","No existe","I","Dentro","Urbana","Ninguna","No existe","Recta","Bueno","Buena","Diurna","Buen Tiempo","De alcance","S/D","Colisión","Ninguna","S/D","Ninguna","Sin restricción"
2017,287,1/11/2017,"Miercoles",0,14:30:00,,"0.0",2,"Bicicleta,Automóvil","Av Galicia Y Belgrano",2,1,0,0,1,0,0,,"Avenida",,"SANTA FE","La Capital","Asfalto","No existe","I","Dentro","Urbana","S/D","No existe","Intersección","Bueno","Reducida","Nocturna","Buen Tiempo","S/D","S/D","Atropello","Ninguna","S/D","S/D","Sin restricción"
2017,288,1/11/2017,"Miercoles",0,19:15:00,,"0.0",2,"Moto/Ciclomotor,Pickup/Utilitario","Av Gral Paz Y Llerena",2,1,0,0,1,0,0,,"Avenida",,"SANTA FE","La Capital","Asfalto","No existe","I","S/D","Urbana","Ninguna","No existe","Intersección","Bueno","Buena","Diurna","Buen Tiempo","De alcance","S/D","Colisión","S/D","S/D","Ninguna","Sin restricción"
2017,289,1/18/2017,"Miercoles",0,10:20:00,,"0.0",2,"Automóvil,Moto/Ciclomotor","Av Santa Fe Y Rivadavia",2,1,0,0,1,0,0,,"Avenida",,"SANTA FE","La Capital","Asfalto","No existe","I","Dentro","Urbana","Ninguna","No existe","Intersección","Bueno","Buena","Diurna","Buen Tiempo","Lateral","S/D","Colisión","Ninguna","S/D","Ninguna","Sin restricción"
2017,290,1/19/2017,"Jueves",0,1:15:00,,"0.0",2,"Moto/Ciclomotor,Automóvil","Av Almte Brown ",2,1,0,0,1,0,0,,"Avenida",,"SANTA FE","La Capital","Asfalto","No existe","I","Dentro","Urbana","Ninguna","No existe","Recta","Bueno","Reducida","Nocturna","Buen Tiempo","De alcance","S/D","Colisión","Ninguna","S/D","S/D","Sin restricción"
2017,291,1/19/2017,"Jueves",0,20:30:00,,"0.0",2,"Peatón,Automóvil","Quintana Y Avellaneda",2,1,0,0,1,0,0,,"Calle",,"SANTA FE","La Capital","Asfalto","No existe","I","Dentro","Urbana","Ninguna","No existe","Intersección","Bueno","Reducida","Nocturna","Buen Tiempo","S/D","S/D","Atropello","Ninguna","S/D","Ninguna","Sin restricción"
2017,292,1/22/2017,"Domingo",0,23:20:00,,"0.0",1,"Moto/Ciclomotor","Av A del Valle 5600",1,1,0,0,0,0,0,,"Avenida",,"SANTA FE","La Capital","Asfalto","No existe","I","S/D","Urbana","Ninguna","No existe","Recta","Bueno","Reducida","Nocturna","Buen Tiempo","S/D","S/D","Caída ocupante","Ninguna","S/D","Ninguna","Sin restricción"
2017,293,1/22/2017,"Domingo",0,22:55:00,,"0.0",1,"Moto/Ciclomotor","Fray Antonio Rossi Y Brigadier General E Lopez",4,1,0,0,3,0,0,,"Calle",,"HELVECIA","Garay","Arena","No existe","VII","Dentro","Urbana","Ninguna","No existe","Intersección","Otro","Buena","Nocturna","Buen Tiempo","Atropello animal","S/D","Colisión","Ninguna","Faltante","Ninguna","Sin restricción"
2017,294,1/13/2017,"Viernes",0,22:30:00,"Ruta Nacional 11","0.0",2,"Camión c / Acoplado,Moto/Ciclomotor","Ruta Nac 11 Av Peron Y Franciscanos",2,0,1,0,1,0,0,,"Ruta",11,"SAN LORENZO","San Lorenzo","Asfalto","S/D","XVII","Dentro","Urbana","S/D","S/D","S/D","S/D","S/D","Nocturna","S/D","S/D","S/D","Colisión","S/D","S/D","S/D","S/D"
2017,295,1/19/2017,"Jueves",0,20:15:00,,"0.0",2,"Moto/Ciclomotor,Moto/Ciclomotor","Peru Y Luis Braille",2,1,0,0,1,0,0,,"Calle",,"SAN LORENZO","San Lorenzo","Asfalto","S/D","XVII","Dentro","Urbana","S/D","S/D","Intersección","Bueno","S/D","Atardecer","S/D","S/D","S/D","Colisión","S/D","S/D","S/D","S/D"
2017,296,1/21/2017,"Sabado",0,19:35:00,"Ruta Nacional 11","0.0",2,"Automóvil,Moto/Ciclomotor","Granadero Baigorria ",3,2,0,0,1,0,0,,"Ruta",11,"SAN LORENZO","San Lorenzo","Asfalto","Natural","XVII","Dentro","Urbana","S/D","S/D","Intersección","Bueno","S/D","Atardecer","S/D","S/D","S/D","Colisión","S/D","S/D","S/D","S/D"
2017,297,1/22/2017,"Domingo",0,21:30:00,,"0.0",2,"Peatón,Moto/Ciclomotor","Av San Martin Y Mateo Galvez",3,2,0,0,1,0,0,,"Avenida",,"SAN LORENZO","San Lorenzo","Asfalto","S/D","XVIII","Dentro","Urbana","S/D","No existe","Intersección","Bueno","S/D","Nocturna","S/D","S/D","Peatón","Atropello","Ninguna","S/D","S/D","S/D"
2017,298,1/13/2017,"Viernes",0,16:20:00,,"0.0",2,"Moto/Ciclomotor,Taxi/Remis","Av. Ovidio Lagos Y Hilarion de la Quintana",2,1,0,0,1,0,0,,"Avenida",,"ROSARIO","Rosario","Asfalto","No existe","II","Dentro","Urbana","Semáforo","Funciona","Intersección","Bueno","Buena","Diurna","Buen Tiempo","Lateral","S/D","Colisión","S/D","Vertical","Cordón divisorio","Sin restricción"
2017,299,1/20/2017,"Viernes",0,12:30:00,,"0.0",2,"Automóvil,Moto/Ciclomotor","Estanislao Zeballos Y Aguado",2,2,0,0,0,0,0,,"Calle",,"SANTA FE","La Capital","Asfalto","Pavimento","I","Dentro","Urbana","Ninguna","No existe","Intersección","Bueno","Buena","Diurna","Buen Tiempo","Lateral","S/D","Colisión","Ninguna","Faltante","Ninguna","Sin restricción"
2017,300,1/17/2017,"Martes",0,20:00:00,,"0.0",2,"Moto/Ciclomotor,Automóvil","Av. Ovidio Lagos Y Cazadores",2,1,0,0,1,0,0,,"Avenida",,"ROSARIO","Rosario","Asfalto","Pavimento","II","Dentro","Urbana","Ninguna","No existe","Intersección","Bueno","Buena","Nocturna","Buen Tiempo","De alcance","S/D","Colisión","Ninguna","Faltante","Cordón divisorio","Sin restricción"
2017,301,1/9/2017,"Lunes",0,19:40:00,"Ruta Nacional 11","0.0",1,"Moto/Ciclomotor","Av Blas Parera 7400",3,2,0,0,1,0,0,,"Ruta",11,"SANTA FE","La Capital","Asfalto","Pavimento","I","Dentro","Urbana","Semáforo","Intermitente","Recta","Bueno","Buena","Diurna","Buen Tiempo","Lateral","S/D","Colisión","S/D","Faltante","Ninguna","Sin restricción"
2017,302,1/13/2017,"Viernes",0,11:30:00,,"0.0",2,"Automóvil,Camión Chasis","Av. Ovidio Lagos Y Av. Battle y Ordoñez",2,1,0,0,1,0,0,,"Avenida",,"ROSARIO","Rosario","Asfalto","Pavimento","II","Dentro","Urbana","S/D","Funciona","Intersección","Bueno","Buena","Diurna","Lluvia","De alcance","S/D","Colisión","Ninguna","Vertical","Cordón divisorio","Sin restricción"
2017,303,1/10/2017,"Martes",0,21:00:00,,"0.0",2,"Automóvil,Otros","Av Peñaloza Y Espora",2,1,0,0,1,0,0,,"Calle",,"SANTA FE","La Capital","Asfalto","Pavimento","I","Dentro","Urbana","Ninguna","No existe","Intersección","Bueno","Buena","Nocturna,Con luz artificial","Buen Tiempo","S/D","S/D","Colisión","Ninguna","Faltante","Ninguna","Sin restricción"
2017,304,1/11/2017,"Miercoles",0,12:30:00,,"0.0",2,"Moto/Ciclomotor,Otros","Av Peñaloza Y J P Lopez",2,1,0,0,1,0,0,,"Calle",,"SANTA FE","La Capital","Asfalto","Pavimento","I","Dentro","Urbana","Ninguna","No existe","Intersección","Bueno","Buena","Diurna","Buen Tiempo","S/D","S/D","Colisión","Ninguna","Faltante","Ninguna","Sin restricción"
2017,305,1/8/2017,"Domingo",0,0:01:00,,"0.0",1,"Moto/Ciclomotor","Gorriti Y Gdor Luciano Leiva",2,1,0,0,1,0,0,,"Avenida",,"SANTA FE","La Capital","Asfalto","Pavimento","I","Dentro","Urbana","Ninguna","No existe","Intersección","Bueno","Buena","Nocturna,Con luz artificial","Buen Tiempo","Lateral","S/D","Colisión","S/D","Faltante","S/D","S/D"
2017,306,1/12/2017,"Jueves",0,13:15:00,,"0.0",2,"Moto/Ciclomotor,Otros","Gorriti Y Manuel Leiva",2,1,0,0,1,0,0,,"Calle",,"SANTA FE","La Capital","Asfalto","Pavimento","I","Dentro","Urbana","Ninguna","No existe","Intersección","Bueno","Buena","Diurna","Buen Tiempo","S/D","S/D","Colisión","Ninguna","Faltante","Ninguna","Sin restricción"
2017,307,1/9/2017,"Lunes",0,13:40:00,,"0.0",1,"Moto/Ciclomotor","Chiclana Y Pavon",2,1,0,0,1,0,0,,"Calle",,"SANTA FE","La Capital","Asfalto","Natural","I","Dentro","Urbana","Ninguna","No existe","Intersección","Deteriorada","Buena","Diurna","Buen Tiempo","Lateral","S/D","Colisión","Ninguna","Faltante","Ninguna","Sin restricción"
2017,308,1/14/2017,"Sabado",0,7:30:00,,"0.0",2,"Automóvil,Otros","Gorriti Y Hipolito Yrigoyen",3,1,0,0,2,0,0,,"Calle",,"SANTA FE","La Capital","Asfalto","Pavimento","I","Dentro","Urbana","Ninguna","No existe","Intersección","Bueno","Buena","Diurna","Buen Tiempo","S/D","S/D","Colisión","Ninguna","Faltante","Ninguna","Sin restricción"
2017,309,1/20/2017,"Viernes",0,9:30:00,,"0.0",2,"Moto/Ciclomotor,Pickup/Utilitario","Thompson 2200",3,1,0,0,2,0,0,,"Calle",,"SAN LORENZO","San Lorenzo","Asfalto","S/D","XVII","Dentro","Urbana","S/D","S/D","Intersección","S/D","S/D","Diurna","S/D","S/D","S/D","Colisión","S/D","S/D","S/D","S/D"
2017,310,1/6/2017,"Viernes",0,16:55:00,,"0.0",2,"Moto/Ciclomotor,Automóvil","Avenida Alberdi Y Larrea",3,2,0,0,1,0,0,,"Calle",,"ROLDÁN","San Lorenzo","Asfalto","No existe","XVII","Dentro","Urbana","Ninguna","No existe","Intersección","Bueno","Buena","Diurna","Buen Tiempo","Lateral","S/D","Colisión","Ninguna","Faltante","Ninguna","Sin restricción"
2017,311,1/20/2017,"Viernes",0,19:12:00,,"0.0",2,"Moto/Ciclomotor,Moto/Ciclomotor","Bateria Libertad Y Neuquen",2,1,0,0,1,0,0,,"Calle",,"SAN LORENZO","San Lorenzo","Asfalto","S/D","XVII","Dentro","Urbana","S/D","S/D","Intersección","Bueno","S/D","Atardecer","Buen Tiempo","S/D","S/D","Colisión","S/D","S/D","S/D","S/D"
2017,312,1/14/2017,"Sabado",0,12:00:00,,"0.0",2,"Automóvil,Moto/Ciclomotor","Bv Estanislao Lopez Y Las Heras",2,1,0,0,1,0,0,,"Calle",,"ROLDÁN","San Lorenzo","Asfalto","No existe","XVII","Dentro","Urbana","Ninguna","No existe","Intersección","Bueno","Buena","Diurna","Buen Tiempo","Lateral","S/D","Colisión","Ninguna","Vertical","Ninguna","Sin restricción"
2017,313,1/16/2017,"Lunes",0,23:10:00,"Autopista Nacional Rosario -Cordoba","320.0",1,"Automóvil"," ",4,2,1,0,1,0,0,,"Autopista","Rosario -Cordoba","ROLDÁN","San Lorenzo","Asfalto","Natural","XVII","Dentro","Urbana","Ninguna","No existe","Recta","Bueno","Reducida","Nocturna","Buen Tiempo","S/D","S/D","Vuelco","Ninguna","Vertical","Vegetación","Sin restricción"
2017,314,1/22/2017,"Domingo",0,7:30:00,"Ruta Nacional 11","0.0",2,"Moto/Ciclomotor,Pickup/Utilitario","Av San Martin Y 3 de Febrero",2,0,0,0,1,1,0,"-32.74402, -60.73411","Ruta",11,"SAN LORENZO","San Lorenzo","Asfalto","No existe","XVII","Dentro","Urbana","S/D","No existe","Intersección","Bueno","Buena","Diurna","Buen Tiempo","S/D","S/D","Colisión","S/D","S/D","S/D","Sin restricción"
2017,315,1/19/2017,"Jueves",0,15:00:00,,"0.0",2,"Automóvil,Bicicleta","Catamarca Y Amenabar",2,1,0,0,1,0,0,,"Calle",,"ROLDÁN","San Lorenzo","Asfalto","No existe","XVII","Dentro","Urbana","Ninguna","No existe","Intersección","Bueno","Buena","Diurna","Buen Tiempo","Lateral","Ciclista","Atropello","Ninguna","Faltante","Ninguna","Sin restricción"
2017,316,1/20/2017,"Viernes",0,23:00:00,"Ruta Nacional 9","40.0",2,"Automóvil,Moto/Ciclomotor","Pillahuinco 100",3,1,0,0,2,0,0,,"Ruta",9,"ROLDÁN","San Lorenzo","Asfalto","Natural","XVII","Dentro","Urbana","Ninguna","No existe","Intersección","Bueno","Reducida","Nocturna,Con luz artificial","Buen Tiempo","Lateral","S/D","Colisión","Ninguna","Faltante","Ninguna","Sin restricción"
2017,317,1/26/2017,"Jueves",0,19:55:00,,"0.0",2,"Automóvil,Automóvil","Belgrano Y Dorrego",5,0,0,0,1,0,4,,"Calle",,"SAN LORENZO","San Lorenzo","S/D","S/D","XVII","Dentro","Urbana","S/D","S/D","S/D","S/D","S/D","Atardecer","S/D","S/D","S/D","Colisión","S/D","S/D","S/D","S/D"
2017,318,1/22/2017,"Domingo",0,13:45:00,"Autopista Nacional Rosario -Cordoba","315.0",1,"Automóvil"," ",1,0,1,0,0,0,0,,"Autopista","Rosario -Cordoba","ROLDÁN","San Lorenzo","Asfalto","Natural","XVII","Dentro","Urbana","Ninguna","No existe","Recta","Bueno","Buena","Diurna","Buen Tiempo","S/D","S/D","Vuelco","S/D","Vertical","Vegetación","Sin restricción"
2017,319,1/25/2017,"Miercoles",0,19:20:00,,"0.0",2,"Bicicleta,Moto/Ciclomotor","Vuelta De Obligado 4700",2,2,0,0,0,0,0,,"Calle",,"ROSARIO","Rosario","Asfalto","No existe","II","Dentro","Urbana","Ninguna","No existe","Intersección","Bueno","Buena","Atardecer","Buen Tiempo","S/D","Ciclista","Atropello","Ninguna","Faltante","Ninguna","Sin restricción"
2017,320,1/27/2017,"Viernes",0,20:50:00,"Ruta Nacional A012","38.0",2,"Automóvil,Moto/Ciclomotor"," ",2,0,1,0,1,0,0,,"Ruta","A012","ROLDÁN","San Lorenzo","Asfalto","Natural","XVII","Dentro","Urbana","Ninguna","No existe","Recta","Bueno","Reducida","Atardecer","Buen Tiempo","Lateral","S/D","Colisión","Ninguna","Faltante","Ninguna","Sin restricción"
2017,321,1/21/2017,"Sabado",0,10:50:00,,"0.0",2,"Moto/Ciclomotor,Automóvil","Av. Arijon Y Santiago",2,1,0,0,1,0,0,,"Avenida",,"ROSARIO","Rosario","Asfalto","No existe","II","Dentro","Urbana","Señal Pare","No existe","Intersección","Bueno","Buena","Diurna","Buen Tiempo","Lateral","S/D","Colisión","Ninguna","Faltante","Línea divisoria pintada","Sin restricción"
2017,322,1/1/2017,"Domingo",1,,,"0.0",2,"Automóvil,Camión c / Acoplado"," ",4,2,0,0,1,0,1,,"Calle",,"PIÑERO","Rosario","S/D","S/D","II","Dentro","Urbana","S/D","S/D","S/D","S/D","S/D","S/D","S/D","S/D","S/D","Colisión","S/D","S/D","S/D","S/D"
2017,323,1/6/2017,"Viernes",0,11:45:00,,"0.0",2,"Moto/Ciclomotor,Automóvil","Belgrano ",3,2,0,0,1,0,0,,"Calle",,"RECREO","La Capital","Tierra","Natural","I","Dentro","Urbana","Ninguna","No existe","Recta","Bueno","Buena","Diurna","Lluvia","De alcance","S/D","Colisión","Agua","Faltante","Ninguna","Sin restricción"
2017,324,1/20/2017,"Viernes",0,7:45:00,,"0.0",2,"Moto/Ciclomotor,Automóvil","Madre Cabrini Y Arengreen",2,1,0,0,1,0,0,,"Calle",,"ROSARIO","Rosario","Asfalto","No existe","II","Dentro","Urbana","Ninguna","No existe","Intersección","Bueno","Buena","Diurna","Buen Tiempo","Lateral","S/D","Colisión","Ninguna","Faltante","Ninguna","Sin restricción"
2017,325,1/17/2017,"Martes",0,18:15:00,,"0.0",2,"Automóvil,Automóvil","Av. Ntra.Sra.del Rosario Y Alvear",3,1,0,0,2,0,0,,"Avenida",,"ROSARIO","Rosario","Asfalto","No existe","II","Dentro","Urbana","Ninguna","No existe","Intersección","Bueno","Buena","Atardecer","Buen Tiempo","Lateral","S/D","Colisión","Ninguna","Faltante","Ninguna","Sin restricción"
2017,326,1/28/2017,"Sabado",0,20:50:00,,"0.0",2,"Automóvil,Moto/Ciclomotor","Rio Negro 150",2,1,0,0,1,0,0,,"Calle",,"RECREO","La Capital","Tierra","No existe","I","Dentro","Urbana","Ninguna","No existe","Recta","Deteriorada","Buena","Atardecer","Buen Tiempo","Frontal","S/D","Colisión","Ninguna","Faltante","Ninguna","Sin restricción"
2017,327,1/14/2017,"Sabado",0,23:30:00,"Ruta Nacional 11","481.0",2,"Automóvil,Automóvil","Ruta Nacional 1V11- Juan de Garay ",9,4,4,0,1,0,0,,"Ruta",11,"RECREO","La Capital","Asfalto","Natural","I","Dentro","Urbana","Ninguna","No existe","Recta","Bueno","Buena","Nocturna","Buen Tiempo","Frontal","S/D","Colisión","Ninguna","Horizontal","Línea divisoria pintada","Sin restricción"
2017,328,1/11/2017,"Miercoles",0,,,"0.0",2,"Moto/Ciclomotor,Automóvil","Av. Ovidio Lagos Y Mendoza",2,1,0,0,1,0,0,,"Calle",,"ROSARIO","Rosario","Asfalto","No existe","II","Dentro","Urbana","S/D","S/D","Intersección","Bueno","S/D","Diurna","S/D","S/D","S/D","Colisión","S/D","S/D","S/D","S/D"
2017,329,1/27/2017,"Viernes",0,15:20:00,,"0.0",2,"Moto/Ciclomotor,Automóvil","9 de Julio Y P P Sellares",2,1,0,0,1,0,0,,"Calle",,"HELVECIA","Garay","Asfalto","No existe","VIII","Dentro","Urbana","Ninguna","No existe","Intersección","Bueno","Buena","Diurna","Buen Tiempo","S/D","S/D","Colisión","Ninguna","Faltante","Ninguna","Sin restricción"
2017,330,1/23/2017,"Lunes",0,21:45:00,"Ruta Nacional 11","477.0",2,"Automóvil,Moto/Ciclomotor","Ruta Nacional 1V11- Juan de Garay Y Ayacucho",3,1,0,0,1,1,0,"-31.54674, -60.72514","Ruta",11,"RECREO","La Capital","Asfalto","Natural","I","Dentro","Urbana","Ninguna","No existe","Intersección","Bueno","Buena","Nocturna,Con luz artificial","Buen Tiempo","Lateral","S/D","Colisión","Ninguna","Horizontal","Línea divisoria pintada","Sin restricción"
2017,331,1/28/2017,"Sabado",0,22:30:00,"Ruta Nacional 11","408.0",1,"Moto/Ciclomotor"," ",1,1,0,0,0,0,0,,"Ruta",11,"SAN FABIÁN","San Jerónimo","Asfalto","Natural","XV","Dentro","Rural","Ninguna","No existe","Recta","Bueno","Buena","Nocturna","Buen Tiempo","Atropello animal","S/D","Colisión","Ninguna","Faltante","Ninguna","Sin restricción"
2017,332,1/3/2017,"Martes",0,12:30:00,,"0.0",2,"Moto/Ciclomotor,Automóvil","French 5700",2,1,0,0,1,0,0,,"Calle",,"SANTA FE","La Capital","Asfalto","Pavimento","I","Dentro","Urbana","Ninguna","No existe","Intersección","Bueno","Buena","Diurna","Buen Tiempo","Lateral","S/D","Colisión","S/D","S/D","Ninguna","Sin restricción"
2017,333,1/29/2017,"Domingo",0,6:45:00,"Ruta Nacional 33","761.0",1,"Moto/Ciclomotor"," ",2,2,0,0,0,0,0,,"Ruta",33,"PUJATO","San Lorenzo","Asfalto","No existe","XVII","S/D","Rural","S/D","S/D","Recta","Ahuellamiento","S/D","Diurna","Buen Tiempo","S/D","S/D","Caída ocupante","Ninguna","Faltante","Ninguna","S/D"
2017,334,1/4/2017,"Miercoles",0,6:30:00,,"0.0",2,"Moto/Ciclomotor,Otros","Gorriti 4600",2,1,0,0,1,0,0,,"Calle",,"SANTA FE","La Capital","Asfalto","Pavimento","I","Dentro","Urbana","Ninguna","No existe","Recta","Bueno","Buena","Diurna","Buen Tiempo","Lateral","S/D","Colisión","Ninguna","Faltante","Ninguna","Sin restricción"