"anio_acci","nro_acci","fecha","desc_dia","fecha_aprox","hora_aprox","desc_ruta","km","cant_participantes","desc_participante","calle_avenida_km","total","heridos_leves","heridos_graves","heridos_gravisimos","ilesos","fallecidos","sin_datos","posicion_XY","desc_tipo_via","desc_ruta_ori","desc_loc","desc_dpto","desc_tipo_calzada","desc_tipo_banquina","desc_unidad_regional","desc_lugar_calzada","desc_zona","desc_prioridad","desc_estado_semaforo","desc_lugar_via","desc_estado_via","desc_estado_visibilidad","desc_luminosidad","desc_estado_clima","desc_tipo_colision","desc_tipo_atropello","desc_tipo_hecho","desc_pres_calzada","desc_senializacion","desc_separacion_via","desc_restriccion"
2017,335,1/14/2017,"Sabado",0,23:30:00,,"0.0",2,"Moto/Ciclomotor,Peatón","FRAY A ROSSI Y URUGUAY",3,0,1,0,2,0,0,,"Calle",,"SANTA ROSA DE CALCHINES","Garay","Asfalto","Pavimento","VII","Dentro","Urbana","Ninguna","No existe","Recta","Bueno","Buena","Diurna","Buen Tiempo","S/D","Peatón","Atropello","Ninguna","Faltante","Ninguna","Sin restricción"
2017,336,1/7/2017,"Sabado",0,15:50:00,,"0.0",2,"Moto/Ciclomotor,Moto/Ciclomotor","Av Peñaloza Y J Castelli",2,2,0,0,0,0,0,,"Calle",,"SANTA FE","La Capital","Asfalto","Pavimento","I","Dentro","Urbana","Semáforo","Funciona","Intersección","Bueno","Buena","Diurna","Buen Tiempo","Lateral","S/D","Colisión","Ninguna","Vertical","Ninguna","Sin restricción"
2017,337,1/7/2017,"Sabado",0,16:00:00,,"0.0",2,"Moto/Ciclomotor,Otros","Estado de Israel Y Castañaduy",2,1,0,0,1,0,0,,"Calle",,"SANTA FE","La Capital","Asfalto","No existe","I","Dentro","Urbana","Ninguna","No existe","Intersección","Deteriorada","Buena","Diurna","Buen Tiempo","Lateral","S/D","Colisión","S/D","Faltante","Ninguna","Sin restricción"
2017,338,1/10/2017,"Martes",0,19:20:00,,"0.0",2,"Moto/Ciclomotor,Peatón","DR D JORGE Y FRAY A ROSSI",2,0,1,0,1,0,0,,"Calle",,"SANTA ROSA DE CALCHINES","Garay","Asfalto","Pavimento","VII","Dentro","Urbana","Ninguna","No existe","Intersección","Bueno","Buena","Diurna","Buen Tiempo","S/D","Peatón","Atropello","Ninguna","Faltante","Ninguna","Sin restricción"
2017,339,2/6/2017,"Lunes",0,19:15:00,,"0.0",2,"Moto/Ciclomotor,Automóvil","Av Los Colonizadores Y Nicolas Schneider",2,1,0,0,1,0,0,,"Calle",,"ESPERANZA","Las Colonias","Asfalto","S/D","XI","Dentro","Urbana","Ninguna","No existe","Recta","Bueno","Buena","Diurna","Buen Tiempo","S/D","S/D","Colisión","Ninguna","Vertical","Ninguna","Sin restricción"
2017,340,1/4/2017,"Miercoles",0,16:00:00,"Ruta Secundaria 80-s","0.0",2,"Automóvil,Moto/Ciclomotor"," ",4,2,0,0,2,0,0,,"Ruta","80-s","AROCENA","San Jerónimo","Asfalto","Natural","XV","Dentro","Urbana","Ninguna","No existe","Recta","Bueno","Buena","Diurna","Buen Tiempo","Lateral","S/D","Colisión","Ninguna","Horizontal","Línea divisoria pintada","Sin restricción"
2017,341,1/22/2017,"Domingo",0,21:50:00,"Autopista Provincial Brigadier E.López","27.0",2,"Camión c / Acoplado,Pickup/Utilitario"," ",2,1,0,0,1,0,0,,"Autopista","Brigadier E.López","TIMBÚES","San Lorenzo","Asfalto","Pavimento","XVII","Dentro","Rural","Señal Ceda el Paso","No existe","S/D","Bueno","Reducida","Nocturna","Buen Tiempo","De alcance","S/D","Colisión","S/D","Vertical","Línea divisoria pintada","Sin restricción"
2017,342,1/15/2017,"Domingo",0,13:50:00,"Ruta Provincial 65","0.0",1,"Automóvil"," ",6,1,0,0,5,0,0,,"Ruta",65,"BOUQUET","Belgrano","Asfalto","Natural","III","Dentro","Urbana","Ninguna","No existe","Curva","Bueno","Buena","Diurna","Buen Tiempo","S/D","S/D","Despiste","Agua","Horizontal","Línea divisoria pintada","Sin restricción"
2017,343,1/22/2017,"Domingo",0,21:00:00,,"0.0",2,"Bicicleta,Moto/Ciclomotor","Hipolito Irigoyen 700",2,1,0,0,0,0,1,,"Calle",,"SAN CRISTÓBAL","San Cristóbal","Asfalto","No existe","XIII","Dentro","Urbana","Ninguna","S/D","Recta","Bueno","Buena","Nocturna","Buen Tiempo","S/D","Ciclista","Atropello","Ninguna","S/D","Ninguna","S/D"
2017,344,1/23/2017,"Lunes",0,12:00:00,,"0.0",2,"Automóvil,Moto/Ciclomotor","Laprida Y Gral Alvear",2,1,0,0,1,0,0,,"Calle",,"SAN CRISTÓBAL","San Cristóbal","Tierra","No existe","XIII","Dentro","Urbana","Ninguna","No existe","Intersección","Deteriorada","Buena","Diurna","Buen Tiempo","Lateral","S/D","Colisión","Material Suelto","Faltante","Ninguna","Sin restricción"
2017,345,1/10/2017,"Martes",0,8:30:00,"Autopista Nacional Rosario -Cordoba","376.0",2,"Camión,Camión c / Acoplado"," ",2,0,1,0,1,0,0,,"Autopista","Rosario -Cordoba","ARMSTRONG","Belgrano","Asfalto","Natural","III","Dentro","Urbana","Ninguna","No existe","Recta","Bueno","Buena","Diurna","Buen Tiempo","De alcance","S/D","Colisión","Ninguna","Vertical","Vegetación","Sin restricción"
2017,346,1/24/2017,"Martes",0,15:00:00,,"0.0",2,"Automóvil,Automóvil","España Y Montevideo",2,1,0,0,1,0,0,,"Calle",,"ROSARIO","Rosario","Asfalto","No existe","II","Dentro","Urbana","Semáforo","Funciona","Intersección","Bueno","Buena","Diurna","Buen Tiempo","Lateral","S/D","Colisión","Ninguna","Vertical","Cordón divisorio","Sin restricción"
2017,347,1/26/2017,"Jueves",0,10:30:00,,"0.0",2,"Taxi/Remis,Automóvil","Alvear Y 9 De Julio",2,1,0,0,1,0,0,,"Calle",,"ROSARIO","Rosario","Asfalto","No existe","II","Dentro","Urbana","Semáforo","Funciona","Intersección","Bueno","Buena","Diurna","Buen Tiempo","Lateral","S/D","Colisión","Ninguna","Vertical","Cordón divisorio","Sin restricción"
2017,348,1/23/2017,"Lunes",0,18:35:00,,"0.0",2,"Automóvil,Moto/Ciclomotor","Rioja Y Italia",3,2,0,0,1,0,0,,"Calle",,"ROSARIO","Rosario","Asfalto","No existe","II","Dentro","Urbana","Ninguna","No existe","Recta","Bueno","Buena","Diurna","Buen Tiempo","Frontal","S/D","Colisión","Ninguna","Faltante","Cordón divisorio","Sin restricción"
2017,349,1/17/2017,"Martes",0,23:00:00,,"0.0",2,"Moto/Ciclomotor,Taxi/Remis","Bv. Oroño Y 3 De Febrero",2,1,0,0,1,0,0,,"Calle",,"ROSARIO","Rosario","Asfalto","S/D","II","Dentro","Urbana","Semáforo","Funciona","Intersección","Bueno","Buena","Nocturna,Con luz artificial","Buen Tiempo","Lateral","S/D","Colisión","Ninguna","Vertical","Cordón divisorio","Sin restricción"
2017,350,1/15/2017,"Domingo",0,3:35:00,,"0.0",2,"Taxi/Remis,Moto/Ciclomotor","Cordoba Y Pte.Roca",3,2,0,0,1,0,0,,"Calle",,"ROSARIO","Rosario","Asfalto","No existe","II","Dentro","Urbana","Semáforo","Intermitente","Intersección","Bueno","Reducida","Nocturna,Con luz artificial","Buen Tiempo","Lateral","S/D","Colisión","Ninguna","Vertical","Cordón divisorio","Sin restricción"
2017,351,1/15/2017,"Domingo",0,11:00:00,,"0.0",2,"Peatón,Automóvil","Rioja Y Alvear",2,1,0,0,1,0,0,,"Calle",,"ROSARIO","Rosario","Asfalto","No existe","II","Dentro","Urbana","Ninguna","No existe","Intersección","Bueno","Buena","Diurna","Buen Tiempo","S/D","Peatón","Atropello","Ninguna","Faltante","Cordón divisorio","Sin restricción"
2017,352,1/19/2017,"Jueves",0,15:00:00,,"0.0",2,"Automóvil,Automóvil","San Martin Y E.Zeballos",2,1,0,0,1,0,0,,"Calle",,"ROSARIO","Rosario","Asfalto","S/D","II","Dentro","Urbana","Ninguna","No existe","Intersección","Bueno","Buena","Diurna","Buen Tiempo","Lateral","S/D","Colisión","Ninguna","Faltante","Cordón divisorio","Sin restricción"
2017,353,1/30/2017,"Lunes",0,12:30:00,,"0.0",2,"Moto/Ciclomotor,Transporte de Pasajeros Urbano (> 8 asientos)","Maipu 900",2,1,0,0,1,0,0,,"Calle",,"ROSARIO","Rosario","Asfalto","S/D","II","Dentro","Urbana","S/D","No existe","Recta","Bueno","Buena","Diurna","S/D","Lateral","S/D","Colisión","Ninguna","S/D","Línea divisoria pintada","S/D"
2017,354,1/1/2017,"Domingo",0,8:00:00,,"0.0",1,"Automóvil","Av. Belgrano Y San Juan",2,1,1,0,0,0,0,,"Avenida",,"ROSARIO","Rosario","S/D","S/D","II","Fuera","Urbana","S/D","S/D","Otro","Bueno","Buena","Diurna","Buen Tiempo","Contra objeto fijo","S/D","Colisión","Ninguna","S/D","Vegetación","S/D"
2017,355,1/1/2017,"Domingo",0,13:30:00,,"0.0",2,"Automóvil,Moto/Ciclomotor","Av. Belgrano Y San Juan",4,2,0,0,2,0,0,,"Avenida",,"ROSARIO","Rosario","Asfalto","S/D","II","S/D","Urbana","Semáforo","Funciona","Intersección","Bueno","Buena","Diurna","Buen Tiempo","Otro","S/D","Colisión","S/D","Vertical","Vegetación","Sin restricción"
2017,356,1/1/2017,"Domingo",0,11:15:00,,"0.0",2,"Moto/Ciclomotor,Automóvil","Laprida Y Mendoza",2,1,0,0,1,0,0,,"Calle",,"ROSARIO","Rosario","Asfalto","S/D","II","S/D","Urbana","S/D","No existe","Intersección","Bueno","Buena","Diurna","S/D","De alcance","S/D","Colisión","Ninguna","S/D","Ninguna","S/D"
2017,357,1/5/2017,"Jueves",0,5:30:00,,"0.0",2,"Moto/Ciclomotor,Automóvil","Cafferata Y Urquiza",2,2,0,0,0,0,0,,"Calle",,"ROSARIO","Rosario","Asfalto","S/D","II","S/D","Urbana","Semáforo","S/D","Recta","Bueno","Buena","Amanecer","Buen Tiempo","Otro","S/D","Colisión","S/D","S/D","Ninguna","Sin restricción"
2017,358,1/6/2017,"Viernes",0,23:00:00,,"0.0",2,"Moto/Ciclomotor,Automóvil","Callao Y Jujuy",2,1,0,0,1,0,0,,"Calle",,"ROSARIO","Rosario","Asfalto","No existe","II","S/D","Urbana","Ninguna","No existe","Recta","Bueno","Buena","Nocturna","Buen Tiempo","Otro","S/D","Colisión","Ninguna","Faltante","Ninguna","Sin restricción"
2017,359,1/11/2017,"Miercoles",0,17:30:00,,"0.0",2,"Moto/Ciclomotor,Automóvil","Bordabehere 4000",2,1,0,0,1,0,0,,"Calle",,"ROSARIO","Rosario","Asfalto","No existe","II","S/D","Urbana","Ninguna","No existe","Recta","Bueno","Buena","Atardecer","Buen Tiempo","Otro","S/D","Colisión","Ninguna","S/D","Ninguna","Sin restricción"
2017,360,1/13/2017,"Viernes",0,17:05:00,,"0.0",2,"Automóvil,Moto/Ciclomotor","Rodriguez Y Brown",4,2,0,0,2,0,0,,"Calle",,"ROSARIO","Rosario","Asfalto","No existe","II","S/D","Urbana","Señal Pare","No existe","Recta","Bueno","Buena","Atardecer","Buen Tiempo","Otro","S/D","Colisión","Ninguna","Vertical","Ninguna","Sin restricción"
2017,361,1/20/2017,"Viernes",0,16:00:00,,"0.0",2,"Moto/Ciclomotor,Pickup/Utilitario","Rodriguez Y Brown",3,2,0,0,1,0,0,,"Calle",,"ROSARIO","Rosario","Asfalto","No existe","II","S/D","Urbana","Ninguna","No existe","Intersección","Bueno","Buena","Diurna","Otro","Múltiple","S/D","Colisión","Ninguna","S/D","Ninguna","Sin restricción"
2017,362,1/18/2017,"Miercoles",0,8:15:00,,"0.0",2,"Bicicleta,Taxi/Remis","Bv. Avellaneda Y San Lorenzo",2,1,0,0,1,0,0,,"Avenida",,"ROSARIO","Rosario","Asfalto","No existe","II","Dentro","Urbana","Ninguna","S/D","Recta","Bueno","Buena","Diurna","Buen Tiempo","S/D","Ciclista","Atropello","Ninguna","S/D","Ninguna","Sin restricción"
2017,363,1/23/2017,"Lunes",0,9:00:00,,"0.0",2,"Moto/Ciclomotor,Automóvil","Catamarca Y Av. Ovidio Lagos",2,1,0,0,1,0,0,,"Calle",,"ROSARIO","Rosario","Asfalto","S/D","II","Dentro","Urbana","Ninguna","Funciona","Recta","Bueno","Buena","Diurna","Buen Tiempo","Múltiple","S/D","Colisión","Ninguna","S/D","Ninguna","Sin restricción"
2017,364,1/3/2017,"Martes",0,10:30:00,"Ruta Provincial 21","0.0",2,"Moto/Ciclomotor,Pickup/Utilitario","Av Gral San Martin Y Av Leandro Alem",2,1,0,0,1,0,0,,"Ruta",21,"VILLA GOBERNADOR GÁLVEZ","Rosario","Asfalto","No existe","II","Dentro","Urbana","Semáforo","Funciona","Curva","Bueno","Buena","Diurna","Buen Tiempo","Lateral","S/D","Colisión","S/D","Vertical","Cordón divisorio","Sin restricción"
2017,365,1/24/2017,"Martes",0,13:30:00,"Autopista Nacional Gral. Juan Jose Valle","278.0",2,"Moto/Ciclomotor,Camión c / Acoplado","San Martín ",3,2,0,0,1,0,0,,"Autopista","Gral. Juan Jose Valle","ALVEAR","Rosario","Asfalto","Natural","II","Dentro","Rural","Ninguna","No existe","Recta","Bueno","Buena","Diurna","Buen Tiempo","Lateral","S/D","Atropello","Ninguna","S/D","Vegetación","S/D"
2017,366,1/10/2017,"Martes",0,9:00:00,,"0.0",2,"Moto/Ciclomotor,Automóvil"," ",2,1,0,0,1,0,0,,"S/D",,"ALVEAR","Rosario","Asfalto","No existe","II","Dentro","S/D","Ninguna","No existe","Recta","Con baches","Buena","Diurna","Buen Tiempo","Lateral","S/D","Colisión","S/D","S/D","Ninguna","S/D"
2017,367,1/5/2017,"Jueves",0,19:20:00,,"0.0",2,"Moto/Ciclomotor,Moto/Ciclomotor","Av Juan Domingo Peron Y Laprida",2,2,0,0,0,0,0,,"Avenida",,"VILLA GOBERNADOR GÁLVEZ","Rosario","Asfalto","No existe","II","Dentro","Urbana","Ninguna","No existe","Intersección","Deteriorada","Buena","Atardecer","Buen Tiempo","Lateral","S/D","Colisión","Ninguna","Faltante","Ninguna","S/D"
2017,368,1/5/2017,"Jueves",0,9:00:00,"Ruta Provincial 21","0.0",2,"Pickup/Utilitario,Moto/Ciclomotor","Av Gral San Martin Y Lisandro de la Torre",2,1,0,0,1,0,0,,"Ruta",21,"VILLA GOBERNADOR GÁLVEZ","Rosario","Asfalto","No existe","II","Dentro","Urbana","Señal Ceda el Paso","No existe","Intersección","Bueno","Buena","Diurna","Buen Tiempo","Lateral","S/D","Colisión","Ninguna","Vertical","Cordón divisorio","Sin restricción"
2017,369,1/29/2017,"Domingo",0,18:00:00,,"0.0",2,"Automóvil,Moto/Ciclomotor","San Martin Y Pte.Quintana",3,2,0,0,1,0,0,,"Avenida",,"ROSARIO","Rosario","Asfalto","No existe","II","Dentro","Urbana","S/D","Funciona","Intersección","Bueno","Buena","Diurna","Buen Tiempo","S/D","S/D","Colisión","S/D","Vertical","S/D","S/D"
2017,370,1/25/2017,"Miercoles",0,13:35:00,,"0.0",2,"Automóvil,Vehículo Oficial","Mariano Moreno Y Bv. Segui",3,1,1,0,1,0,0,,"Avenida",,"ROSARIO","Rosario","Asfalto","S/D","II","Dentro","Urbana","S/D","S/D","Intersección","Bueno","Buena","Diurna","Buen Tiempo","Lateral","S/D","Colisión","S/D","S/D","S/D","S/D"
2017,371,1/28/2017,"Sabado",0,16:25:00,,"0.0",3,"Automóvil,Moto/Ciclomotor,Moto/Ciclomotor","Paraguay Y Gaboto",3,2,0,0,1,0,0,,"Calle",,"ROSARIO","Rosario","Asfalto","No existe","II","Dentro","Urbana","S/D","S/D","Intersección","Bueno","Buena","Diurna","S/D","Lateral","S/D","Colisión","S/D","S/D","S/D","S/D"
2017,372,1/28/2017,"Sabado",0,4:00:00,,"0.0",2,"Taxi/Remis,Moto/Ciclomotor","San Martin Y Ameghino",2,1,0,0,1,0,0,,"Avenida",,"ROSARIO","Rosario","Asfalto","No existe","II","Dentro","Urbana","S/D","No existe","Intersección","Bueno","Buena","Nocturna","Buen Tiempo","Lateral","S/D","Colisión","S/D","Vertical","S/D","S/D"
2017,373,1/24/2017,"Martes",0,14:50:00,,"0.0",2,"Moto/Ciclomotor,Pickup/Utilitario","Bv. Segui 1600",2,1,0,0,1,0,0,,"Avenida",,"ROSARIO","Rosario","Asfalto","No existe","II","Dentro","Urbana","S/D","No existe","Recta","Bueno","Buena","Diurna","Buen Tiempo","De alcance","S/D","Colisión","Ninguna","S/D","S/D","S/D"
2017,374,1/23/2017,"Lunes",0,17:55:00,,"0.0",2,"Automóvil,Moto/Ciclomotor","Benito Juarez Y San Martin",3,2,0,0,1,0,0,,"Calle",,"ROSARIO","Rosario","Asfalto","No existe","II","Dentro","Urbana","S/D","No existe","Intersección","Bueno","Buena","Diurna","Buen Tiempo","Lateral","S/D","Colisión","S/D","S/D","S/D","S/D"
2017,375,1/19/2017,"Jueves",0,21:00:00,,"0.0",2,"Moto/Ciclomotor,Peatón","Bv. Oroño Y Pte.Quintana",2,1,0,0,1,0,0,,"Avenida",,"ROSARIO","Rosario","S/D","S/D","II","Dentro","Urbana","S/D","S/D","Intersección","S/D","Buena","Nocturna","Buen Tiempo","S/D","Peatón","Atropello","S/D","S/D","S/D","S/D"
2017,376,1/17/2017,"Martes",0,12:20:00,,"0.0",2,"Moto/Ciclomotor,Automóvil","Mitre Y Garibaldi",3,2,0,0,1,0,0,,"Calle",,"ROSARIO","Rosario","Asfalto","S/D","II","Dentro","Urbana","S/D","S/D","Intersección","Bueno","Buena","Diurna","Buen Tiempo","Lateral","S/D","Colisión","S/D","S/D","S/D","S/D"
2017,377,1/16/2017,"Lunes",0,16:35:00,,"0.0",2,"Camión c / Acoplado,Transporte de Pasajeros Urbano (> 8 asientos)","Bv. Oroño Y Biedma",2,1,0,0,1,0,0,,"Calle",,"ROSARIO","Rosario","Asfalto","S/D","II","Dentro","Urbana","S/D","S/D","Recta","Bueno","Buena","Diurna","Buen Tiempo","De alcance","S/D","Colisión","S/D","S/D","S/D","S/D"
2017,378,1/14/2017,"Sabado",0,20:40:00,,"0.0",2,"Moto/Ciclomotor,Transporte de Pasajeros Urbano (> 8 asientos)","Av. Corrientes Y Saavedra",2,1,0,0,1,0,0,,"Calle",,"ROSARIO","Rosario","Asfalto","S/D","II","Dentro","Urbana","S/D","S/D","Intersección","Bueno","Buena","Nocturna","Buen Tiempo","Lateral","S/D","Colisión","S/D","S/D","S/D","S/D"
2017,379,1/13/2017,"Viernes",0,10:25:00,,"0.0",2,"Camión,Moto/Ciclomotor","Callao Y Saavedra",2,1,0,0,1,0,0,,"Calle",,"ROSARIO","Rosario","S/D","S/D","II","Dentro","Urbana","S/D","S/D","Intersección","S/D","Buena","Diurna","Buen Tiempo","Lateral","S/D","Colisión","S/D","S/D","S/D","S/D"
2017,380,1/12/2017,"Jueves",0,17:00:00,,"0.0",2,"Moto/Ciclomotor,Automóvil","Alvear Y Gaboto",2,1,0,0,1,0,0,,"Calle",,"ROSARIO","Rosario","Asfalto","No existe","II","Dentro","Urbana","S/D","No existe","Intersección","Bueno","Buena","Diurna","Buen Tiempo","Lateral","S/D","Colisión","Ninguna","S/D","S/D","Sin restricción"
2017,381,1/9/2017,"Lunes",0,13:00:00,,"0.0",2,"Camión,Moto/Ciclomotor","Bv. Segui Y Pueyrredon",2,0,1,0,1,0,0,,"Avenida",,"ROSARIO","Rosario","Asfalto","S/D","II","Dentro","Urbana","S/D","S/D","Intersección","Bueno","Buena","Diurna","Buen Tiempo","Lateral","S/D","Colisión","S/D","S/D","S/D","S/D"
2017,382,1/10/2017,"Martes",0,22:05:00,,"0.0",2,"Pickup/Utilitario,Moto/Ciclomotor","Av. Uriburu Y Av. Corrientes",2,1,0,0,1,0,0,,"Avenida",,"ROSARIO","Rosario","Asfalto","S/D","II","Dentro","Urbana","S/D","S/D","Intersección","Bueno","Buena","Nocturna","Buen Tiempo","Lateral","S/D","Colisión","S/D","S/D","S/D","S/D"
2017,383,1/6/2017,"Viernes",0,18:20:00,,"0.0",2,"Bicicleta,Moto/Ciclomotor","San Martin Y Garay",2,1,0,0,1,0,0,,"Avenida",,"ROSARIO","Rosario","Asfalto","S/D","II","Dentro","Urbana","Semáforo","Funciona","Intersección","Bueno","Buena","Diurna","Buen Tiempo","S/D","Ciclista","Atropello","Ninguna","Vertical","S/D","S/D"
2017,384,1/2/2017,"Lunes",0,18:30:00,,"0.0",2,"Automóvil,Automóvil","Bv. Segui Y Balcarce",4,3,0,0,1,0,0,,"Avenida",,"ROSARIO","Rosario","S/D","S/D","II","Dentro","Urbana","S/D","S/D","Intersección","S/D","Buena","Diurna","Buen Tiempo","Lateral","S/D","Colisión","S/D","S/D","S/D","S/D"
2017,385,1/1/2017,"Domingo",0,3:05:00,,"0.0",2,"Moto/Ciclomotor,Automóvil","Av. Uriburu Y Pte.Roca",3,2,0,0,1,0,0,,"Avenida",,"ROSARIO","Rosario","Asfalto","S/D","II","Dentro","Urbana","S/D","S/D","Intersección","S/D","Buena","Nocturna","Buen Tiempo","Lateral","S/D","Colisión","S/D","S/D","S/D","S/D"
2017,386,1/16/2017,"Lunes",0,17:00:00,,"0.0",2,"Automóvil,Automóvil","Bv. 27 De Febrero Y Ayacucho",2,1,0,0,1,0,0,,"Calle",,"ROSARIO","Rosario","Asfalto","No existe","II","Dentro","Urbana","S/D","S/D","Intersección","Bueno","Buena","Diurna","Buen Tiempo","Lateral","S/D","Colisión","Ninguna","S/D","S/D","S/D"
2017,387,1/3/2017,"Martes",0,11:40:00,,"0.0",2,"Automóvil,Peatón","La Paz Y Buenos Aires",2,1,0,0,1,0,0,,"Calle",,"ROSARIO","Rosario","Asfalto","No existe","II","Dentro","Urbana","Semáforo","Funciona","Intersección","Bueno","Buena","Diurna","Buen Tiempo","Lateral","S/D","Colisión","Ninguna","Vertical","S/D","S/D"
2017,388,1/27/2017,"Viernes",0,13:10:00,,"0.0",2,"Camión c / Acoplado,Automóvil","Av. Belgrano 2000",2,1,0,0,1,0,0,,"Calle",,"ROSARIO","Rosario","Asfalto","No existe","II","Dentro","Urbana","Ninguna","S/D","Recta","Bueno","Buena","Diurna","Buen Tiempo","S/D","S/D","Colisión","S/D","S/D","S/D","Sin restricción"
2017,389,1/31/2017,"Martes",0,9:15:00,,"0.0",2,"Automóvil,Moto/Ciclomotor","Ituzaingo Y Colon",2,1,0,0,1,0,0,,"Calle",,"ROSARIO","Rosario","Asfalto","No existe","II","Dentro","Urbana","S/D","S/D","Intersección","Bueno","Buena","Diurna","Buen Tiempo","S/D","S/D","Colisión","Ninguna","S/D","S/D","Sin restricción"
2017,390,1/7/2017,"Sabado",0,15:40:00,,"0.0",2,"Moto/Ciclomotor,Automóvil","Av. Uriburu ",2,1,0,0,1,0,0,,"Calle",,"ROSARIO","Rosario","Asfalto","Pavimento","II","Dentro","Urbana","Señal Ceda el Paso","S/D","Intersección","S/D","S/D","Diurna","S/D","Lateral","S/D","Colisión","S/D","S/D","Barrera de alto impacto","Sin restricción"
2017,391,1/17/2017,"Martes",0,20:40:00,,"0.0",2,"Automóvil,Pickup/Utilitario","Av. Ntra.Sra.del Rosario Y Salva",2,1,0,0,1,0,0,,"Calle",,"ROSARIO","Rosario","Asfalto","No existe","II","Dentro","Urbana","Ninguna","No existe","Intersección","Bueno","Buena","Diurna","S/D","Lateral","S/D","Colisión","S/D","S/D","Ninguna","Sin restricción"
2017,392,1/22/2017,"Domingo",0,6:50:00,,"0.0",2,"Moto/Ciclomotor,Automóvil","Laprida Y Lamadrid",2,1,0,0,1,0,0,,"Calle",,"ROSARIO","Rosario","Asfalto","No existe","II","Dentro","Urbana","Otra Señal","No existe","Intersección","Bueno","Buena","Amanecer","S/D","Lateral","S/D","Colisión","S/D","S/D","Ninguna","Sin restricción"
2017,393,1/25/2017,"Miercoles",0,19:30:00,,"0.0",2,"Automóvil,Otros","Salva Y Cabildo",3,2,0,0,1,0,0,,"Calle",,"ROSARIO","Rosario","Asfalto","No existe","II","Dentro","Urbana","Ninguna","No existe","Intersección","Bueno","Buena","Atardecer","Buen Tiempo","Lateral","S/D","Colisión","S/D","S/D","Ninguna","Sin restricción"
2017,394,1/14/2017,"Sabado",0,9:30:00,,"0.0",2,"Automóvil,Automóvil","Juan Canals Y Bv. Oroño",5,4,0,0,1,0,0,,"Calle",,"ROSARIO","Rosario","Asfalto","No existe","II","Dentro","Urbana","Semáforo","Funciona","Intersección","Bueno","Buena","Diurna","Buen Tiempo","Lateral","S/D","Colisión","S/D","S/D","S/D","Sin restricción"
2017,395,1/27/2017,"Viernes",0,19:10:00,,"0.0",2,"Bicicleta,Automóvil"," ",2,1,0,0,1,0,0,,"Calle",,"ROSARIO","Rosario","S/D","No existe","II","S/D","Urbana","Ninguna","No existe","Recta","S/D","Buena","Diurna","S/D","S/D","Ciclista","Atropello","S/D","Faltante","Cordón divisorio","Sin restricción"
2017,396,1/24/2017,"Martes",0,17:30:00,,"0.0",2,"Pickup/Utilitario,Moto/Ciclomotor","Pje. Cilvetti Y Rawson Bis",3,1,0,0,1,0,1,,"Calle",,"ROSARIO","Rosario","S/D","No existe","II","S/D","Urbana","S/D","No existe","Intersección","S/D","S/D","Diurna","S/D","Lateral","S/D","Colisión","S/D","Faltante","S/D","S/D"
2017,397,1/24/2017,"Martes",0,15:50:00,,"0.0",2,"Pickup/Utilitario,Moto/Ciclomotor","Junin Y Rawson Bis",2,1,0,0,1,0,0,,"Calle",,"ROSARIO","Rosario","S/D","No existe","II","Dentro","Urbana","Ninguna","No existe","Intersección","S/D","S/D","Diurna","S/D","Lateral","S/D","Colisión","S/D","Faltante","Ninguna","Sin restricción"
2017,398,1/23/2017,"Lunes",0,16:42:00,,"0.0",2,"Moto/Ciclomotor,Automóvil"," ",2,1,0,0,1,0,0,,"S/D",,"ROSARIO","Rosario","S/D","No existe","II","S/D","S/D","Ninguna","No existe","Recta","S/D","Buena","Diurna","S/D","Lateral","S/D","Colisión","S/D","Faltante","Ninguna","Sin restricción"
2017,399,1/16/2017,"Lunes",0,17:30:00,,"0.0",2,"Taxi/Remis,Bicicleta","Albert Sabin ",2,1,0,0,1,0,0,,"Calle",,"ROSARIO","Rosario","Asfalto","No existe","II","Dentro","Urbana","Semáforo","Funciona","Recta","Bueno","Buena","Diurna","S/D","S/D","Ciclista","Atropello","Ninguna","Horizontal","Barrera de hormigón","Sin restricción"
2017,400,1/18/2017,"Miercoles",0,12:50:00,,"0.0",2,"Automóvil,Moto/Ciclomotor","La Tacuarita Y Las Casuarinas",2,0,1,0,1,0,0,"-32.97363,-60.73623","Calle",,"PEREZ","Rosario","Ripio","No existe","II","Dentro","Urbana","Ninguna","No existe","Intersección","Otro","Buena","Diurna","Buen Tiempo","Lateral","S/D","Colisión","Material Suelto","Faltante","Ninguna","Sin restricción"
2017,401,1/6/2017,"Viernes",0,19:30:00,,"0.0",2,"Moto/Ciclomotor,Automóvil","Av Juan Domingo Peron Y Garay",3,1,0,0,2,0,0,,"Calle",,"VILLA GOBERNADOR GÁLVEZ","Rosario","Asfalto","No existe","II","Dentro","Urbana","Ninguna","No existe","Intersección","Bueno","Buena","Atardecer","Buen Tiempo","Lateral","S/D","Colisión","Ninguna","Faltante","Cordón divisorio","Sin restricción"
2017,402,1/7/2017,"Sabado",0,1:30:00,"Ruta Nacional 33","0.0",1,"Automóvil","Ruta Nac 33 Y Av Pellegrini",3,3,0,0,0,0,0,,"Ruta",33,"PEREZ","Rosario","Asfalto","Natural","II","S/D","Rural","Ninguna","No existe","Recta","Bueno","Buena","Nocturna","Buen Tiempo","S/D","S/D","Vuelco","Ninguna","S/D","Ninguna","Sin restricción"