"anio_acci","nro_acci","fecha","desc_dia","fecha_aprox","hora_aprox","desc_ruta","km","cant_participantes","desc_participante","calle_avenida_km","total","heridos_leves","heridos_graves","heridos_gravisimos","ilesos","fallecidos","sin_datos","posicion_XY","desc_tipo_via","desc_ruta_ori","desc_loc","desc_dpto","desc_tipo_calzada","desc_tipo_banquina","desc_unidad_regional","desc_lugar_calzada","desc_zona","desc_prioridad","desc_estado_semaforo","desc_lugar_via","desc_estado_via","desc_estado_visibilidad","desc_luminosidad","desc_estado_clima","desc_tipo_colision","desc_tipo_atropello","desc_tipo_hecho","desc_pres_calzada","desc_senializacion","desc_separacion_via","desc_restriccion"
2017,403,1/10/2017,"Martes",0,,"Ruta Nacional 33","0.0",2,"Automóvil,Moto/Ciclomotor","Ruta Nac 33 Y Miguel De Cervantes",2,1,0,0,1,0,0,,"Ruta",33,"PEREZ","Rosario","Asfalto","Natural","II","S/D","Urbana","Ninguna","No existe","Recta","Bueno","Buena","Diurna","Buen Tiempo","Otro","S/D","Colisión","Ninguna","Faltante","Ninguna","Sin restricción"
2017,404,1/23/2017,"Lunes",0,23:40:00,,"0.0",1,"Moto/Ciclomotor","Juan XXIII ",2,1,1,0,0,0,0,,"S/D",,"PEREZ","Rosario","Asfalto","Natural","II","S/D","Urbana","Ninguna","No existe","Recta","Bueno","Reducida","Nocturna","Buen Tiempo","S/D","S/D","Vuelco","Ninguna","Faltante","Ninguna","Sin restricción"
2017,405,1/9/2017,"Lunes",0,8:15:00,,"0.0",2,"Automóvil,Bicicleta","Bv San diego Y Av Juan Domingo Peron",2,1,0,0,1,0,0,,"Calle",,"VILLA GOBERNADOR GÁLVEZ","Rosario","Asfalto","No existe","II","Dentro","Urbana","Ninguna","No existe","Recta","Con baches","Buena","Diurna","Buen Tiempo","S/D","Ciclista","Atropello","Ninguna","Faltante","Ninguna","Sin restricción"
2017,406,1/10/2017,"Martes",0,6:00:00,"Ruta Provincial 21","0.0",2,"Automóvil,Automóvil","Av Gral San Martin Y Artigas",4,3,0,0,1,0,0,,"Ruta",21,"VILLA GOBERNADOR GÁLVEZ","Rosario","Asfalto","No existe","II","Dentro","Urbana","Ninguna","No existe","Intersección","Bueno","Reducida polvo","Amanecer","Buen Tiempo","Lateral","S/D","Colisión","Ninguna","Faltante","Barrera de hormigón","Sin restricción"
2017,407,1/30/2017,"Lunes",0,13:25:00,,"0.0",2,"Automóvil,Moto/Ciclomotor","Buenos Aires Y Bv. Segui",3,2,0,0,1,0,0,,"Calle",,"ROSARIO","Rosario","Asfalto","Pavimento","II","Dentro","Urbana","Señal Pare","No existe","Intersección","Bueno","Buena","Diurna","Buen Tiempo","De alcance","S/D","Colisión","Ninguna","Vertical","Cordón divisorio","Sin restricción"
2017,408,1/26/2017,"Jueves",0,16:40:00,,"0.0",2,"Automóvil,Moto/Ciclomotor","Amenabar Y Buenos Aires",4,4,0,0,0,0,0,,"Calle",,"ROSARIO","Rosario","Asfalto","No existe","II","Dentro","Urbana","Ninguna","No existe","Intersección","Bueno","Buena","Diurna","Buen Tiempo","Lateral","S/D","Colisión","Ninguna","Vertical","Ninguna","Sin restricción"
2017,409,1/26/2017,"Jueves",0,12:30:00,,"0.0",2,"Moto/Ciclomotor,Automóvil","Garay Y Chacabuco",2,1,0,0,1,0,0,,"Calle",,"ROSARIO","Rosario","Asfalto","Pavimento","II","Dentro","Urbana","Ninguna","No existe","Intersección","Bueno","Buena","Diurna","Buen Tiempo","De alcance","S/D","Colisión","Ninguna","S/D","Línea divisoria pintada","Sin restricción"
2017,410,1/24/2017,"Martes",0,12:10:00,,"0.0",2,"Moto/Ciclomotor,Automóvil","Laprida 3600",2,1,0,0,1,0,0,,"Calle",,"ROSARIO","Rosario","Asfalto","No existe","II","Dentro","Urbana","Ninguna","No existe","Recta","Bueno","Buena","Diurna","Buen Tiempo","Lateral","S/D","Colisión","S/D","Horizontal","Ninguna","Sin restricción"
2017,411,1/16/2017,"Lunes",0,12:30:00,,"0.0",2,"Moto/Ciclomotor,Automóvil","Saavedra Y J.M.de Rosas",2,1,0,0,1,0,0,,"Calle",,"ROSARIO","Rosario","Asfalto","Pavimento","II","Dentro","Urbana","Ninguna","No existe","Intersección","Bueno","Buena","Diurna","Buen Tiempo","Lateral","S/D","Colisión","Ninguna","Horizontal","Cordón divisorio","Sin restricción"
2017,412,1/14/2017,"Sabado",0,18:30:00,,"0.0",2,"Bicicleta,Moto/Ciclomotor","Gaboto Y Pje. Santafesino",2,2,0,0,0,0,0,,"Calle",,"ROSARIO","Rosario","Asfalto","Pavimento","II","Dentro","Urbana","Ninguna","No existe","Recta","Bueno","Buena","Atardecer","Buen Tiempo","Lateral","Ciclista","Atropello","Ninguna","Faltante","Cordón divisorio","Sin restricción"
2017,413,1/20/2017,"Viernes",0,1:20:00,,"0.0",2,"Automóvil,Moto/Ciclomotor","Mitre Y Bomberos Voluntarios",2,1,0,0,1,0,0,,"Calle",,"VILLA GOBERNADOR GÁLVEZ","Rosario","Asfalto","No existe","II","Dentro","Urbana","Ninguna","No existe","Intersección","Deteriorada","Buena","Nocturna","Buen Tiempo","Lateral","S/D","Colisión","Otro","Vertical","Ninguna","S/D"
2017,414,1/23/2017,"Lunes",0,9:40:00,,"0.0",2,"Automóvil,Bicicleta","Pasteur Y Av Juan Domingo Peron",2,1,0,0,1,0,0,,"Avenida",,"VILLA GOBERNADOR GÁLVEZ","Rosario","Asfalto","No existe","II","Dentro","Urbana","S/D","No existe","Intersección","Bueno","Buena","Diurna","Buen Tiempo","S/D","Ciclista","Atropello","S/D","Faltante","S/D","S/D"
2017,415,1/25/2017,"Miercoles",0,16:20:00,,"0.0",2,"Automóvil,Moto/Ciclomotor","Soldado Aguirre Y Buenos Aires",2,1,0,0,1,0,0,,"Calle",,"VILLA GOBERNADOR GÁLVEZ","Rosario","S/D","No existe","II","Dentro","Urbana","S/D","No existe","Intersección","S/D","Buena","Diurna","Buen Tiempo","Lateral","S/D","Colisión","S/D","S/D","S/D","S/D"
2017,416,1/25/2017,"Miercoles",0,8:00:00,,"0.0",2,"Automóvil,Moto/Ciclomotor"," ",2,1,0,0,1,0,0,,"Camino Rural",,"VILLA GOBERNADOR GÁLVEZ","Rosario","S/D","S/D","II","Dentro","Rural","S/D","S/D","Recta","S/D","S/D","Diurna","Buen Tiempo","Lateral","S/D","Colisión","S/D","S/D","S/D","S/D"
2017,417,1/31/2017,"Martes",0,0:50:00,,"0.0",2,"Automóvil,Moto/Ciclomotor","17 de Octubre Y Thompson",2,1,0,0,1,0,0,,"Calle",,"VILLA GOBERNADOR GÁLVEZ","Rosario","Asfalto","No existe","II","Dentro","Urbana","S/D","No existe","Recta","Con baches","Reducida","Nocturna","Buen Tiempo","Lateral","S/D","Colisión","Ninguna","Faltante","Ninguna","S/D"
2017,418,1/4/2017,"Miercoles",0,,,"0.0",2,"Bicicleta,Pickup/Utilitario","Salta Y Alvear",2,1,0,0,1,0,0,,"Calle",,"VILLA GOBERNADOR GÁLVEZ","Rosario","S/D","No existe","II","Dentro","Urbana","S/D","No existe","Recta","Deteriorada","Buena","Diurna","Buen Tiempo","S/D","Ciclista","Atropello","Ninguna","Faltante","S/D","S/D"
2017,419,1/8/2017,"Domingo",0,22:00:00,,"0.0",2,"Moto/Ciclomotor,Automóvil","Alvear Y Parana",2,1,0,0,1,0,0,,"Calle",,"VILLA GOBERNADOR GÁLVEZ","Rosario","Asfalto","No existe","II","Dentro","Urbana","S/D","No existe","Recta","Con baches","Buena","Nocturna","Buen Tiempo","Lateral","S/D","Colisión","Ninguna","Faltante","S/D","Sin restricción"
2017,420,1/25/2017,"Miercoles",0,5:35:00,"Ruta Nacional A012","0.0",2,"Automóvil,Moto/Ciclomotor","EL CANO ",2,1,0,0,1,0,0,,"Ruta","A012","PUEBLO ESTHER","Rosario","Asfalto","Pavimento","II","Dentro","Urbana","S/D","S/D","Intersección","Bueno","Buena","Amanecer","Buen Tiempo","Lateral","S/D","Colisión","Ninguna","S/D","S/D","S/D"
2017,421,1/17/2017,"Martes",0,20:45:00,,"0.0",2,"Automóvil,Moto/Ciclomotor","General San Martin 430",2,0,1,0,1,0,0,,"Calle",,"SAN CARLOS NORTE","Las Colonias","Asfalto","Pavimento","XI","Dentro","Urbana","Ninguna","No existe","Recta","Con baches","Reducida p/ objetos","Con luz artificial","Buen Tiempo","S/D","S/D","Colisión","Otro","Vertical","Ninguna","Sin restricción"
2017,422,1/24/2017,"Martes",0,8:30:00,,"0.0",2,"Moto/Ciclomotor,Automóvil","Las Heras Y J P Lopez",2,1,0,0,1,0,0,,"Calle",,"SANTA FE","La Capital","Asfalto","No existe","I","Dentro","Urbana","S/D","No existe","Intersección","Bueno","Buena","Diurna","Buen Tiempo","Lateral","S/D","Colisión","Ninguna","S/D","S/D","Sin restricción"
2017,423,1/5/2017,"Jueves",0,4:00:00,,"0.0",2,"Otros,Moto/Ciclomotor","Av Los Colonizadores Y Maipu",2,1,0,0,1,0,0,,"Calle",,"ESPERANZA","Las Colonias","Asfalto","S/D","XI","Dentro","Urbana","Ninguna","No existe","Intersección","Bueno","Buena","Nocturna","Buen Tiempo","S/D","S/D","Colisión","Ninguna","Vertical","Ninguna","Sin restricción"
2017,424,1/25/2017,"Miercoles",0,12:00:00,,"0.0",2,"Camión Chasis,Bicicleta","Av Almte Brown Y Pje Calcena",2,1,0,0,1,0,0,,"Calle",,"SANTA FE","La Capital","Asfalto","No existe","I","Dentro","Urbana","S/D","No existe","Recta","Bueno","Buena","Diurna","Buen Tiempo","S/D","Ciclista","Atropello","Ninguna","S/D","Ninguna","Sin restricción"
2017,425,1/22/2017,"Domingo",0,21:05:00,"Autovía Nacional 19","42.2",1,"Automóvil"," ",4,3,0,0,1,0,0,,"Autovía",19,"SA PEREIRA","Las Colonias","Asfalto","Pavimento","XI","Dentro","Rural","Marca Vial","No existe","Recta","Bueno","Reducida","Nocturna","Buen Tiempo","Contra objeto fijo","S/D","Colisión","Ninguna","Vertical","Cordón divisorio","Sin restricción"
2017,426,1/27/2017,"Viernes",0,21:30:00,,"0.0",2,"Automóvil,Peatón","Las Heras Y Llerena",2,1,0,0,1,0,0,,"Calle",,"SANTA FE","La Capital","Asfalto","No existe","I","Dentro","Urbana","S/D","No existe","Intersección","Bueno","Buena","Nocturna","Buen Tiempo","S/D","Peatón","Atropello","S/D","S/D","S/D","Sin restricción"
2017,427,1/13/2017,"Viernes",0,10:25:00,,"0.0",2,"Pickup/Utilitario,Moto/Ciclomotor","Rivadavia Y Av Galicia",2,1,0,0,1,0,0,,"Avenida",,"SANTA FE","La Capital","Asfalto","No existe","I","Dentro","Urbana","S/D","No existe","Intersección","Bueno","Buena","Diurna","Buen Tiempo","Lateral","S/D","Colisión","Ninguna","S/D","Ninguna","Sin restricción"
2017,428,1/19/2017,"Jueves",0,20:30:00,"Ruta Provincial 10","0.0",2,"Bicicleta,Moto/Ciclomotor"," ",2,1,1,0,0,0,0,,"Ruta",10,"PILAR","Las Colonias","Asfalto","No existe","XI","Dentro","Rural","Ninguna","No existe","Recta","Bueno","Reducida","Nocturna","Buen Tiempo","S/D","Ciclista","Atropello","Ninguna","Faltante","Línea divisoria pintada","Sin restricción"
2017,429,1/7/2017,"Sabado",0,13:45:00,,"0.0",2,"Pickup/Utilitario,Moto/Ciclomotor","Simon de Iriondo Y Leandro N Alem",2,1,0,0,1,0,0,,"Calle",,"ESPERANZA","Las Colonias","Asfalto","S/D","XI","Dentro","Urbana","Ninguna","No existe","Intersección","Bueno","Buena","Diurna","Buen Tiempo","S/D","S/D","Colisión","Ninguna","Vertical","Ninguna","Sin restricción"
2017,430,1/14/2017,"Sabado",0,17:15:00,,"0.0",2,"Automóvil,Moto/Ciclomotor","Alvear Y Pedro Diaz Colodrero",3,2,0,0,1,0,0,,"Calle",,"SANTA FE","La Capital","Asfalto","No existe","I","Dentro","Urbana","S/D","No existe","Intersección","Bueno","Buena","Diurna","Buen Tiempo","Lateral","S/D","Colisión","Ninguna","S/D","S/D","Sin restricción"
2017,431,1/14/2017,"Sabado",0,12:20:00,,"0.0",2,"Automóvil,Moto/Ciclomotor","Av San Martin Y 12 de Octubre",4,2,0,0,2,0,0,,"Calle",,"HUMBOLDT","Las Colonias","Asfalto","Pavimento","XI","S/D","Urbana","Ninguna","No existe","Intersección","Bueno","Buena","Diurna","Buen Tiempo","Lateral","S/D","Colisión","Ninguna","Horizontal","Cordón divisorio","Sin restricción"
2017,432,1/10/2017,"Martes",0,,,"0.0",2,"Moto/Ciclomotor,Automóvil","Bernardo Houssay Y Cullen",2,1,0,0,1,0,0,,"Calle",,"ESPERANZA","Las Colonias","Asfalto","S/D","XI","Dentro","Urbana","Ninguna","No existe","Intersección","Bueno","Buena","Diurna","Buen Tiempo","S/D","S/D","Colisión","Ninguna","Vertical","Ninguna","Sin restricción"
2017,433,1/29/2017,"Domingo",0,15:15:00,,"0.0",2,"Automóvil,Moto/Ciclomotor","Manuel Belgrano Y Sarmiento",3,2,0,0,1,0,0,,"Calle",,"SANTA ISABEL","General López","Asfalto","No existe","VIII","Dentro","Urbana","Ninguna","No existe","Intersección","Bueno","Buena","Diurna","Buen Tiempo","Lateral","S/D","Colisión","Ninguna","Horizontal","Ninguna","Sin restricción"
2017,434,1/28/2017,"Sabado",0,19:30:00,"Ruta Provincial 70","0.0",2,"Automóvil,Moto/Ciclomotor","Ruta Nac nro. 70 Y Zehnder Roberto",3,2,0,0,1,0,0,,"Ruta",70,"HUMBOLDT","Las Colonias","Asfalto","Ripio","XI","Dentro","Urbana","Ninguna","No existe","Intersección","Bueno","Buena","Atardecer","Buen Tiempo","Lateral","S/D","Colisión","Ninguna","Horizontal","Guardarrail","Sin restricción"
2017,435,1/18/2017,"Miercoles",0,16:30:00,,"0.0",2,"Automóvil,Moto/Ciclomotor","Mariano Moreno Y 9 de Julio",4,3,0,0,1,0,0,,"Calle",,"ESPERANZA","Las Colonias","Asfalto","No existe","XI","Dentro","Urbana","Ninguna","No existe","Intersección","Bueno","Buena","Diurna","Buen Tiempo","S/D","S/D","Colisión","Ninguna","Faltante","Barrera de hormigón","Sin restricción"
2017,436,1/26/2017,"Jueves",0,19:00:00,,"0.0",1,"Automóvil","San Martin Y Santa Fe",2,1,0,0,1,0,0,,"Calle",,"FRANCK","Las Colonias","Asfalto","S/D","XI","Dentro","Urbana","Ninguna","S/D","Intersección","Bueno","Buena","Diurna","Buen Tiempo","Frontal","S/D","Colisión","Ninguna","Vertical","Ninguna","Sin restricción"
2017,437,1/18/2017,"Miercoles",0,,,"0.0",2,"Moto/Ciclomotor,Moto/Ciclomotor","Mariano Moreno Y 9 de Julio",2,1,0,0,1,0,0,,"Calle",,"ESPERANZA","Las Colonias","Asfalto","No existe","XI","Dentro","Urbana","Ninguna","No existe","Intersección","Bueno","Buena","Diurna","Buen Tiempo","S/D","S/D","Colisión","Ninguna","Faltante","Ninguna","Sin restricción"
2017,438,1/2/2017,"Lunes",0,11:30:00,,"0.0",2,"Moto/Ciclomotor,Automóvil","Jose Ingenieros Y 9 de Julio",2,1,0,0,1,0,0,,"Calle",,"SANTA ISABEL","General López","Hormigón","No existe","VIII","Dentro","Urbana","Ninguna","No existe","Intersección","Con baches,Deteriorada","Buena","Diurna","Buen Tiempo","Lateral","S/D","Colisión","Ninguna","Vertical","S/D","Sin restricción"
2017,439,1/16/2017,"Lunes",0,21:30:00,"Ruta Secundaria 50-s","0.0",1,"Automóvil"," ",2,2,0,0,0,0,0,,"Ruta","50-s","LAS TUNAS","Las Colonias","Asfalto","No existe","XI","Fuera","Rural","Ninguna","No existe","Curva","Bueno","Reducida","Nocturna","Buen Tiempo","S/D","S/D","Despiste","Ninguna","Faltante","Ninguna","Sin restricción"
2017,440,1/18/2017,"Miercoles",0,20:50:00,,"0.0",2,"Bicicleta,Automóvil","Dr Romang Y Castelli",2,1,0,0,1,0,0,,"Calle",,"ESPERANZA","Las Colonias","Asfalto","S/D","XI","Dentro","Urbana","Ninguna","S/D","Intersección","Bueno","Buena","Nocturna","Buen Tiempo","S/D","Ciclista","Atropello","Ninguna","Faltante","Ninguna","Sin restricción"
2017,441,1/21/2017,"Sabado",0,18:10:00,,"0.0",2,"Moto/Ciclomotor,Automóvil","General Manuel Belgrano Y Marcos Avellaneda",3,2,0,0,1,0,0,,"Calle",,"ESPERANZA","Las Colonias","Asfalto","No existe","XI","Dentro","Urbana","Ninguna","No existe","Intersección","Bueno","Buena","Diurna","Buen Tiempo","S/D","S/D","Colisión","Ninguna","Faltante","Ninguna","Sin restricción"
2017,442,1/28/2017,"Sabado",0,5:30:00,"Ruta Provincial 70","0.0",1,"Moto/Ciclomotor"," ",1,1,0,0,0,0,0,,"Ruta",70,"ESPERANZA","Las Colonias","Asfalto","Natural","XI","Dentro","Urbana","Ninguna","No existe","Intersección","Bueno","Buena","Nocturna","S/D","S/D","S/D","Caída ocupante","Ninguna","Faltante","Ninguna","Sin restricción"
2017,444,1/8/2017,"Domingo",0,8:20:00,"Ruta Provincial 13","95.0",1,"Automóvil"," ",1,1,0,0,0,0,0,,"Ruta",13,"MARIA JUANA","Castellanos","Asfalto","Natural","V","Dentro","Urbana","Ninguna","No existe","Recta","Bueno","Buena","Diurna","Buen Tiempo","S/D","S/D","Despiste","Ninguna","Vertical","Línea divisoria pintada","Sin restricción"
2017,445,1/3/2017,"Martes",0,19:45:00,,"0.0",2,"Moto/Ciclomotor,Automóvil","Sarmiento Y Avellaneda",3,1,0,0,2,0,0,,"Calle",,"SUNCHALES","Castellanos","Asfalto","No existe","V","Dentro","Urbana","Ninguna","No existe","Intersección","Deteriorada","Reducida","Atardecer","S/D","Frontal","S/D","Colisión","Ninguna","Faltante","Ninguna","Sin restricción"
2017,446,1/10/2017,"Martes",0,13:20:00,"Ruta Nacional 8","345.0",2,"Automóvil,Pickup/Utilitario"," ",3,3,0,0,0,0,0,,"Ruta",8,"CHAPUY","General López","Asfalto","Natural","VIII","Dentro","S/D","Ninguna","No existe","Recta","Bueno","Buena","Diurna","Buen Tiempo","Frontal","S/D","Colisión","Ninguna","Vertical","Ninguna","Sin restricción"
2017,447,1/23/2017,"Lunes",0,13:55:00,"Ruta Secundaria 50-s","0.0",1,"Automóvil","General San Martin Ruta S 50 ",2,1,0,1,0,0,0,,"Ruta","50-s","LAS TUNAS","Las Colonias","Asfalto","Pavimento","XI","Fuera","Urbana","Ninguna","No existe","Recta","Bueno","Buena","Diurna","Buen Tiempo","S/D","S/D","Vuelco","Ninguna","Horizontal","Ninguna","Sin restricción"
2017,448,1/1/2017,"Domingo",0,3:40:00,,"0.0",2,"Moto/Ciclomotor,Moto/Ciclomotor","M Giay Y E Poggi",3,2,1,0,0,0,0,,"Calle",,"RAFAELA","Castellanos","Asfalto","No existe","V","Dentro","Urbana","Ninguna","No existe","Intersección","Bueno","Buena","Nocturna","Buen Tiempo","Frontal","S/D","Colisión","Ninguna","Faltante","Ninguna","Sin restricción"
2017,449,1/21/2017,"Sabado",0,21:05:00,,"0.0",2,"Moto/Ciclomotor,Moto/Ciclomotor","Simon de Iriondo Y Juan Ramb",3,1,0,0,2,0,0,,"Calle",,"ESPERANZA","Las Colonias","Asfalto","Natural","XI","S/D","Urbana","Ninguna","No existe","Recta","Bueno","Buena","Nocturna,Con luz artificial","Buen Tiempo","Lateral","S/D","Colisión","Ninguna","Vertical","Ninguna","Sin restricción"
2017,450,1/30/2017,"Lunes",0,19:10:00,"Ruta Provincial 6","0.0",1,"Moto/Ciclomotor","Rodriguez Peña ",2,1,0,0,1,0,0,,"Ruta",6,"ESPERANZA","Las Colonias","Asfalto","Ripio","XI","Dentro","Urbana","Ninguna","Funciona","Recta","Bueno","Buena","Diurna","Buen Tiempo","Múltiple","S/D","Colisión","Ninguna","Horizontal","Línea divisoria pintada","Sin restricción"
2017,451,1/19/2017,"Jueves",0,9:30:00,"Ruta Provincial 4","0.0",1,"Moto/Ciclomotor","Malvinas Arg  Ruta Pcial 62 ",2,2,0,0,0,0,0,,"Ruta",4,"MARÍA LUISA","Las Colonias","Asfalto","Ripio","XI","S/D","Urbana","Ninguna","No existe","Recta","Bueno","Buena","Diurna","Buen Tiempo","S/D","S/D","Caída ocupante","Ninguna","S/D","Línea divisoria pintada","Sin restricción"
2017,453,1/8/2017,"Domingo",0,16:30:00,,"0.0",2,"Moto/Ciclomotor,Moto/Ciclomotor","Belgrano Y Juan de Garay",2,1,1,0,0,0,0,,"Calle",,"TOSTADO","9 de Julio","Asfalto","No existe","XII","Dentro","Urbana","Ninguna","No existe","Recta","Bueno","Reducida","Diurna","Viento Fuerte","Frontal","S/D","Colisión","Agua","Faltante","Ninguna","Sin restricción"
2017,454,1/14/2017,"Sabado",0,10:30:00,,"0.0",2,"Pickup/Utilitario,Moto/Ciclomotor","Urquiza Y B Mitre",2,1,0,0,1,0,0,,"Calle",,"FRANCK","Las Colonias","Hormigón","No existe","XI","Dentro","Urbana","Policía de tránsito","No existe","Intersección","Bueno","Buena","Diurna","Buen Tiempo","Frontal","S/D","Colisión","Ninguna","Vertical","Cordón divisorio","Sin restricción"
2017,455,1/30/2017,"Lunes",0,18:20:00,,"0.0",2,"Bicicleta,Automóvil","General San Martin 1000",2,0,1,0,1,0,0,,"Calle",,"SAN CARLOS NORTE","Las Colonias","Hormigón","No existe","XI","Dentro","Urbana","Ninguna","No existe","Intersección","Bueno","Buena","Diurna","Buen Tiempo","S/D","Ciclista","Atropello","Ninguna","Faltante","Ninguna","Sin restricción"
2017,456,1/5/2017,"Jueves",0,12:00:00,,"0.0",2,"Bicicleta,Automóvil","Moreno Y Islas Malvinas",2,1,0,0,1,0,0,,"Calle",,"SAN CARLOS CENTRO","Las Colonias","Asfalto","No existe","XI","Dentro","Urbana","Ninguna","No existe","Intersección","Bueno","Buena","Diurna","Buen Tiempo","S/D","Ciclista","Atropello","Ninguna","Vertical","Ninguna","Sin restricción"
2017,457,1/27/2017,"Viernes",0,18:00:00,,"0.0",2,"Moto/Ciclomotor,Automóvil","IRIONDO Y GAUCHAT",3,1,0,0,2,0,0,,"Calle",,"LA ORILLA","Las Colonias","Asfalto","Natural","XI","Dentro","Urbana","Ninguna","No existe","Recta","Bueno","Buena","Diurna","Buen Tiempo","Lateral","S/D","Colisión","Ninguna","Vertical","Ninguna","Sin restricción"
2017,458,1/14/2017,"Sabado",0,10:35:00,,"0.0",2,"Moto/Ciclomotor,Automóvil","25 de Mayo Y Moreno",3,0,0,0,1,0,2,,"Calle",,"SAN CARLOS CENTRO","Las Colonias","Asfalto","No existe","XI","Dentro","Urbana","Ninguna","No existe","Intersección","Bueno","Buena","Diurna","Buen Tiempo","Lateral","S/D","Colisión","Ninguna","Faltante","Ninguna","Sin restricción"
2017,459,1/8/2017,"Domingo",0,7:00:00,,"0.0",2,"Moto/Ciclomotor,Moto/Ciclomotor","Pte Juan D Peron ",5,5,0,0,0,0,0,,"Calle",,"TOSTADO","9 de Julio","Asfalto","No existe","XII","Dentro","Urbana","Ninguna","No existe","Otro","Otro","Buena","Diurna","Buen Tiempo","S/D","S/D","Colisión","Ninguna","Faltante","Ninguna","Sin restricción"
2017,460,1/10/2017,"Martes",0,15:45:00,"Ruta Nacional 95","825.0",2,"Pickup/Utilitario,Camión c / Acoplado"," ",3,0,1,0,2,0,0,,"Ruta",95,"VILLA MINETTI","9 de Julio","Asfalto","Ripio","XII","Dentro","Urbana","Ninguna","No existe","Recta","Resbaladiza,Deteriorada","Buena","Diurna","Buen Tiempo","Lateral","S/D","Colisión","Otro","Vertical","Ninguna","Sin restricción"
2017,461,1/28/2017,"Sabado",0,15:00:00,"Ruta Nacional 9","0.0",2,"Automóvil,Moto/Ciclomotor","Alberdi ",2,1,0,0,1,0,0,,"Ruta",9,"FUNES","Rosario","Hormigón","Ripio","II","Dentro","Urbana","Ninguna","No existe","Recta","Bueno","Buena","Atardecer","Buen Tiempo","Lateral","S/D","Colisión","Ninguna","Horizontal","Línea divisoria pintada","Sin restricción"
2017,462,1/17/2017,"Martes",0,21:15:00,"Ruta Secundaria 294-s","0.0",2,"Moto/Ciclomotor,Peatón"," ",3,1,0,0,2,0,0,,"Ruta","294-s","GREGORIA P. DE DENIS","9 de Julio","S/D","Natural","XII","Dentro","Urbana","Ninguna","No existe","Recta","Bueno","Reducida","Nocturna","Buen Tiempo","S/D","Peatón","Atropello","Ninguna","Horizontal","Ninguna","Sin restricción"
2017,463,1/22/2017,"Domingo",0,13:40:00,"Ruta Nacional 9","0.0",2,"Moto/Ciclomotor,Pickup/Utilitario","Alberdi ",2,1,0,0,1,0,0,,"Ruta",9,"FUNES","Rosario","Hormigón","Ripio","II","Dentro","Urbana","Ninguna","No existe","Recta","Bueno","Buena","Diurna","Buen Tiempo","Lateral","S/D","Colisión","Ninguna","Horizontal","Línea divisoria pintada","Sin restricción"
2017,464,1/23/2017,"Lunes",0,14:15:00,"Ruta Provincial 2","0.0",2,"Automóvil,Moto/Ciclomotor","La Vuelta de Obligado ",5,4,0,0,1,0,0,,"Ruta",2,"TOSTADO","9 de Julio","Asfalto","No existe","XII","Dentro","Urbana","Ninguna","No existe","Intersección","Bueno","Buena","Diurna","Buen Tiempo","Lateral","S/D","Colisión","Ninguna","Vertical","Ninguna","Sin restricción"
2017,465,1/7/2017,"Sabado",0,16:00:00,"Autopista Nacional Rosario -Cordoba","306.0",2,"Automóvil,Pickup/Utilitario"," ",4,3,0,0,1,0,0,,"Autopista","Rosario -Cordoba","FUNES","Rosario","Asfalto","Ripio","II","Dentro","Rural","S/D","No existe","Recta","Bueno","Buena","Diurna","Buen Tiempo","De alcance","S/D","Colisión","Ninguna","S/D","Cordón divisorio","S/D"
2017,466,1/25/2017,"Miercoles",0,11:30:00,,"0.0",1,"Moto/Ciclomotor"," ",1,0,1,0,0,0,0,,"Camino Rural",,"TOSTADO","9 de Julio","Tierra","No existe","XII","Dentro","Urbana","Ninguna","No existe","Recta","Otro","Buena","Diurna","Buen Tiempo","S/D","S/D","Caída ocupante","Otro","Faltante","Ninguna","Sin restricción"
2017,467,1/12/2017,"Jueves",0,11:45:00,,"0.0",2,"Moto/Ciclomotor,Automóvil","CAlle 14 Y Calle 15",2,1,0,0,1,0,0,,"Calle",,"AVELLANEDA","General Obligado","Asfalto","No existe","IX","Dentro","Urbana","Ninguna","No existe","Intersección","Bueno","Buena","Diurna","Buen Tiempo","Frontal","S/D","Colisión","Ninguna","Faltante","Ninguna","Sin restricción"
2017,468,1/16/2017,"Lunes",0,15:10:00,,"0.0",2,"Pickup/Utilitario,Moto/Ciclomotor","Calle 8 Y Calle 9",2,1,0,0,1,0,0,,"Calle",,"AVELLANEDA","General Obligado","Asfalto","No existe","IX","Dentro","Urbana","Ninguna","No existe","Intersección","Bueno","Buena","Diurna","Buen Tiempo","Frontal","S/D","Colisión","Ninguna","Faltante","Ninguna","Sin restricción"
2017,469,1/16/2017,"Lunes",0,18:50:00,,"0.0",2,"Pickup/Utilitario,Bicicleta","Calle 18 Y Calle 1",2,1,0,0,1,0,0,,"Calle",,"AVELLANEDA","General Obligado","Asfalto","No existe","IX","Dentro","Urbana","Ninguna","No existe","Intersección","Bueno","Buena","Diurna","Buen Tiempo","S/D","Ciclista","Atropello","Ninguna","Faltante","Ninguna","Sin restricción"