"anio_acci","nro_acci","fecha","desc_dia","fecha_aprox","hora_aprox","desc_ruta","km","cant_participantes","desc_participante","calle_avenida_km","total","heridos_leves","heridos_graves","heridos_gravisimos","ilesos","fallecidos","sin_datos","posicion_XY","desc_tipo_via","desc_ruta_ori","desc_loc","desc_dpto","desc_tipo_calzada","desc_tipo_banquina","desc_unidad_regional","desc_lugar_calzada","desc_zona","desc_prioridad","desc_estado_semaforo","desc_lugar_via","desc_estado_via","desc_estado_visibilidad","desc_luminosidad","desc_estado_clima","desc_tipo_colision","desc_tipo_atropello","desc_tipo_hecho","desc_pres_calzada","desc_senializacion","desc_separacion_via","desc_restriccion"
2017,470,1/1/2017,"Domingo",0,,,"0.0",2,"Peatón,Moto/Ciclomotor","La Republica Y Garcia del Cossio Bis",2,1,0,0,1,0,0,,"Calle",,"ROSARIO","Rosario","Asfalto","Pavimento","II","Dentro","Urbana","Ninguna","S/D","Recta","Bueno","Buena","S/D","Buen Tiempo","Lateral","Peatón","Atropello","S/D","Vertical","Ninguna","Sin restricción"
2017,471,1/11/2017,"Miercoles",0,,,"0.0",2,"Pickup/Utilitario,Moto/Ciclomotor","J.J.Paso Y Acevedo Bis",2,1,0,0,1,0,0,,"Calle",,"ROSARIO","Rosario","Asfalto","Pavimento","II","Dentro","Urbana","Ninguna","No existe","Recta","Bueno","S/D","S/D","Buen Tiempo","Lateral","S/D","Colisión","Ninguna","Faltante","Ninguna","Sin restricción"
2017,472,1/12/2017,"Jueves",0,,,"0.0",2,"Moto/Ciclomotor,Automóvil","Av. Eva Peron Y Sanchez de Loria",2,1,0,0,1,0,0,,"Calle",,"ROSARIO","Rosario","Asfalto","Pavimento","II","Dentro","Urbana","Otra Señal","Funciona","Recta","Bueno","Buena","S/D","S/D","Lateral","S/D","Colisión","Ninguna","Horizontal","Línea divisoria pintada","Sin restricción"
2017,473,1/14/2017,"Sabado",0,,,"0.0",2,"Bicicleta,Moto/Ciclomotor","Av. Provincias Unidas Y Juan B.De La Salle",2,1,0,0,1,0,0,,"Calle",,"ROSARIO","Rosario","Asfalto","S/D","II","Dentro","Urbana","Semáforo","Funciona","Recta","Bueno","Buena","S/D","Buen Tiempo","Lateral","Ciclista","Atropello","Ninguna","Vertical","Ninguna","Reparación de Vía"
2017,474,1/1/2017,"Domingo",0,,,"0.0",2,"Otros,Peatón","Av. Genova Y Garcia del Cossio Bis",2,1,0,0,1,0,0,,"Calle",,"ROSARIO","Rosario","Asfalto","Natural","II","Dentro","Urbana","Ninguna","No existe","Intersección","Bueno","Buena","Diurna","Buen Tiempo","Frontal","Peatón","Atropello","Ninguna","Faltante","Ninguna","Sin restricción"
2017,475,1/13/2017,"Viernes",0,,,"0.0",2,"Otros,Bicicleta","Av Fuerza Aerea ",2,0,1,0,1,0,0,,"Calle",,"FUNES","Rosario","Asfalto","Pavimento","II","Dentro","Urbana","Ninguna","No existe","Curva","Con baches","Buena","Nocturna","Buen Tiempo","S/D","Ciclista","Atropello","Ninguna","Horizontal,Vertical","Ninguna","Sin restricción"
2017,476,1/6/2017,"Viernes",0,16:30:00,"Ruta Nacional 9","0.0",2,"Pickup/Utilitario,Automóvil","Paysandu ",2,2,0,0,0,0,0,,"Ruta",9,"FUNES","Rosario","Asfalto","Pavimento","II","Dentro","Urbana","Semáforo","Funciona","Recta","Bueno","Buena","Diurna","Buen Tiempo","Frontal","S/D","Colisión","Ninguna","Horizontal","Línea divisoria pintada","Sin restricción"
2017,477,1/6/2017,"Viernes",0,19:10:00,"Ruta Nacional 9","0.0",2,"Automóvil,Automóvil","Yatay ",4,2,0,0,2,0,0,,"Ruta",9,"FUNES","Rosario","Asfalto","Ripio","II","Dentro","Urbana","Semáforo","No existe","Recta","Bueno","Buena","Diurna","Buen Tiempo","S/D","S/D","Colisión","Ninguna","Horizontal","Línea divisoria pintada","Sin restricción"
2017,478,1/1/2017,"Domingo",1,,,"0.0",2,"Moto/Ciclomotor,Automóvil"," ",2,1,0,0,1,0,0,,"Calle",,"FUNES","Rosario","S/D","S/D","II","Dentro","Urbana","S/D","S/D","S/D","S/D","S/D","S/D","S/D","S/D","S/D","Colisión","S/D","S/D","S/D","S/D"
2017,480,1/3/2017,"Martes",0,11:30:00,,"0.0",2,"Pickup/Utilitario,Moto/Ciclomotor","Gardel Y Perusia",2,0,1,0,1,0,0,,"Calle",,"RAFAELA","Castellanos","Asfalto","S/D","V","Dentro","Urbana","Ninguna","S/D","Intersección","Bueno","Buena","Diurna","Buen Tiempo","Lateral","S/D","Colisión","Ninguna","Horizontal","Ninguna","Sin restricción"
2017,481,1/9/2017,"Lunes",0,17:40:00,,"0.0",2,"Moto/Ciclomotor,Automóvil","S Martin Y Gdor Cabal",2,1,0,0,1,0,0,,"Calle",,"SAN JUSTO","San Justo","Asfalto","No existe","XVI","Dentro","Urbana","Ninguna","No existe","Intersección","Bueno","Buena","Diurna","Buen Tiempo","Lateral","S/D","Colisión","Ninguna","Vertical","Ninguna","Sin restricción"
2017,482,1/19/2017,"Jueves",0,21:20:00,,"0.0",2,"Moto/Ciclomotor,Bicicleta","Bv C Pellegrini Y Gral Urquiza",2,2,0,0,0,0,0,,"Calle",,"SAN JUSTO","San Justo","Asfalto","No existe","XVI","Dentro","Urbana","Ninguna","No existe","Intersección","Bueno","Reducida","Nocturna,Con luz artificial","Buen Tiempo","S/D","Ciclista","Atropello","Ninguna","Vertical","Cordón divisorio","S/D"
2017,483,1/10/2017,"Martes",0,11:45:00,,"0.0",2,"Moto/Ciclomotor,Pickup/Utilitario","9 de Julio Y Gdor Cabal",2,1,0,0,1,0,0,,"Avenida",,"SAN JUSTO","San Justo","Asfalto","Pavimento","XVI","Dentro","Urbana","Señal Pare","No existe","Intersección","Bueno","Buena","Diurna","Buen Tiempo","Lateral","S/D","Colisión","Ninguna","Vertical","Línea divisoria pintada","Sin restricción"
2017,484,1/31/2017,"Martes",0,18:50:00,"Ruta Nacional 11","0.0",2,"Moto/Ciclomotor,Automóvil","9 de Julio ",2,0,1,0,1,0,0,,"Ruta",11,"SAN JUSTO","San Justo","Asfalto","Pavimento","XVI","Dentro","Urbana","Semáforo","Funciona","Intersección","Bueno","Buena","Diurna","Buen Tiempo","Lateral","S/D","Colisión","Ninguna","Vertical","Línea divisoria pintada","Sin restricción"
2017,485,1/24/2017,"Martes",0,5:25:00,"Ruta Provincial 3","77.0",1,"Automóvil"," ",4,3,0,0,1,0,0,,"Ruta",3,"COLMENA","Vera","Asfalto","Natural","XIX","Dentro","Rural","Ninguna","No existe","Recta","Bueno","Buena","Amanecer","Buen Tiempo","Atropello animal","S/D","Colisión","S/D","Faltante","Línea divisoria pintada","Sin restricción"
2017,486,1/8/2017,"Domingo",0,13:15:00,,"0.0",2,"Moto/Ciclomotor,Automóvil","9 de Julio Y Santa Fe",2,0,1,0,1,0,0,,"Avenida",,"SAN JUSTO","San Justo","Hormigón","No existe","XVI","Dentro","Urbana","Ninguna","No existe","Intersección","Bueno","Buena","Diurna","Buen Tiempo","Frontal","S/D","Colisión","Ninguna","Vertical","Ninguna","Sin restricción"
2017,487,1/23/2017,"Lunes",0,13:00:00,,"0.0",2,"Moto/Ciclomotor,Pickup/Utilitario","J.J.Paso Y Camilo Aldao",3,2,0,0,1,0,0,,"Calle",,"ROSARIO","Rosario","Asfalto","No existe","II","Dentro","Urbana","Ninguna","No existe","Intersección","Bueno","Buena","Diurna","Buen Tiempo","S/D","S/D","Colisión","S/D","Faltante","Ninguna","Sin restricción"
2017,489,1/8/2017,"Domingo",0,11:00:00,,"0.0",2,"Pickup/Utilitario,Moto/Ciclomotor","9 de Julio Y Mariano Moreno",2,0,1,0,1,0,0,,"Calle",,"VILLA MINETTI","9 de Julio","Ripio","No existe","XII","Dentro","Urbana","Ninguna","No existe","Intersección","Bueno","Buena","Diurna","Buen Tiempo","Lateral","S/D","Colisión","Ninguna","Faltante","Ninguna","Sin restricción"
2017,490,1/15/2017,"Domingo",0,,,"0.0",2,"Automóvil,Automóvil","Cordoba Y Av. Circunvalacion",2,1,0,0,1,0,0,,"Avenida",,"ROSARIO","Rosario","Asfalto","Pavimento","II","Dentro","Urbana","Semáforo","Funciona","Recta","Bueno","Buena","S/D","Buen Tiempo","De alcance","S/D","Colisión","S/D","Vertical","Cordón divisorio","Sin restricción"
2017,491,1/20/2017,"Viernes",0,,,"0.0",2,"Bicicleta,Moto/Ciclomotor","Acevedo Bis Y La Republica",2,1,0,0,1,0,0,,"Calle",,"ROSARIO","Rosario","Asfalto","Pavimento","II","Dentro","Urbana","Ninguna","No existe","Intersección","Bueno","Buena","S/D","Buen Tiempo","S/D","Ciclista","Atropello","S/D","S/D","Ninguna","Sin restricción"
2017,492,1/10/2017,"Martes",0,8:40:00,,"0.0",2,"Peatón,Pickup/Utilitario","CALLE 3 200",2,1,0,0,1,0,0,,"Calle",,"JOSEFINA","Castellanos","Tierra","S/D","V","Fuera","Urbana","S/D","No existe","S/D","Resbaladiza","Buena","Diurna","Buen Tiempo","S/D","Peatón","Atropello","Agua,Fluidos","Faltante","Ninguna","Sin restricción"
2017,493,1/26/2017,"Jueves",0,,,"0.0",2,"Moto/Ciclomotor,Moto/Ciclomotor","J.J.Paso Y Acevedo Bis",2,1,0,0,1,0,0,,"Calle",,"ROSARIO","Rosario","Asfalto","Pavimento","II","Dentro","Urbana","Ninguna","No existe","Recta","Bueno","Buena","S/D","Buen Tiempo","Lateral","S/D","Colisión","S/D","Vertical","S/D","Sin restricción"
2017,494,1/14/2017,"Sabado",0,20:15:00,,"0.0",2,"Pickup/Utilitario,Moto/Ciclomotor","Agustin Justo Y Mitre",2,1,0,0,1,0,0,,"Calle",,"CALCHAQUÍ","Vera","Asfalto","Natural","XIX","Dentro","Urbana","S/D","No existe","Recta","Bueno","Buena","Atardecer","Buen Tiempo","S/D","S/D","Colisión","Ninguna","Horizontal","Cordón divisorio","Sin restricción"
2017,495,1/16/2017,"Lunes",0,10:30:00,"Ruta Nacional 11","684.0",1,"Moto/Ciclomotor"," ",2,2,0,0,0,0,0,,"Ruta",11,"CALCHAQUÍ","Vera","Asfalto","Natural","XIX","Dentro","Urbana","Marca Vial","No existe","Recta","Bueno","Buena","Diurna","Buen Tiempo","S/D","S/D","Caída ocupante","Ninguna","Faltante","Vegetación","Sin restricción"
2017,496,1/29/2017,"Domingo",0,20:30:00,,"0.0",1,"Automóvil"," ",3,2,0,0,1,0,0,,"Calle",,"CALCHAQUÍ","Vera","Tierra","Natural","XIX","Dentro","Urbana","Ninguna","No existe","Recta","Bueno","Buena","Atardecer","Buen Tiempo","S/D","S/D","Vuelco","Ninguna","S/D","Vegetación","Sin restricción"
2017,497,1/28/2017,"Sabado",0,,,"0.0",2,"Automóvil,Pickup/Utilitario","Mejico Y Gorriti",2,2,0,0,0,0,0,,"Calle",,"ROSARIO","Rosario","Asfalto","Pavimento","II","Dentro","Urbana","Ninguna","S/D","Recta","Bueno","Buena","Diurna","Otro","Lateral","S/D","Colisión","Otro","Faltante","Ninguna","Sin restricción"
2017,498,1/17/2017,"Martes",0,16:00:00,,"0.0",2,"Moto/Ciclomotor,Automóvil","Gral Paz Y Candelaria",2,1,0,0,1,0,0,,"Calle",,"FUNES","Rosario","Asfalto","Pavimento","II","Dentro","Urbana","Ninguna","No existe","Recta","Bueno","Buena","Diurna","Buen Tiempo","Lateral","S/D","Colisión","Ninguna","Faltante","Ninguna","Sin restricción"
2017,499,1/10/2017,"Martes",0,9:00:00,,"0.0",2,"Pickup/Utilitario,Bicicleta","Av Freyre 1900",2,1,0,0,1,0,0,,"Avenida",,"SANTA FE","La Capital","Asfalto","No existe","I","Dentro","Urbana","Ninguna","No existe","Recta","Con baches","Buena","Diurna","Buen Tiempo","S/D","Ciclista","Atropello","Ninguna","S/D","Ninguna","Sin restricción"
2017,500,1/17/2017,"Martes",0,8:40:00,"Ruta Nacional 11","0.0",2,"Automóvil,Moto/Ciclomotor","PUENTE CARRETERO ",2,1,0,0,1,0,0,,"Ruta",11,"SANTA FE","La Capital","Asfalto","No existe","I","S/D","S/D","Ninguna","No existe","Recta","Con baches","Buena","Diurna","Buen Tiempo","De alcance","S/D","Colisión","Ninguna","Faltante","Ninguna","Sin restricción"
2017,501,1/25/2017,"Miercoles",0,20:10:00,"Ruta Nacional 9","0.0",2,"Moto/Ciclomotor,Bicicleta","Los Pumas ",2,2,0,0,0,0,0,,"Ruta",9,"FUNES","Rosario","Hormigón","S/D","II","Dentro","Urbana","Ninguna","S/D","Intersección","Bueno","S/D","Nocturna","Buen Tiempo","S/D","Ciclista","Atropello","Ninguna","Horizontal","Línea divisoria pintada","Sin restricción"
2017,502,1/17/2017,"Martes",0,9:30:00,"Ruta Nacional 11","0.0",2,"Automóvil,Moto/Ciclomotor","PUENTE CARRETERO ",2,1,0,0,1,0,0,,"Ruta",11,"SANTA FE","La Capital","Asfalto","No existe","I","Dentro","Urbana","Ninguna","No existe","Recta","Con baches","Buena","Diurna","Buen Tiempo","De alcance","S/D","Colisión","Ninguna","Faltante","Ninguna","Sin restricción"
2017,503,1/29/2017,"Domingo",0,21:50:00,,"0.0",2,"Automóvil,Moto/Ciclomotor","Santa Fe Y Elorza",6,2,0,0,4,0,0,,"Calle",,"FUNES","Rosario","Asfalto","No existe","II","Dentro","Urbana","Ninguna","No existe","Intersección","Bueno","Buena","Nocturna,Con luz artificial","Buen Tiempo","Lateral","S/D","Colisión","Ninguna","Horizontal","Ninguna","Sin restricción"
2017,504,1/17/2017,"Martes",0,9:55:00,"Ruta Nacional 11","0.0",3,"Automóvil,Automóvil,Automóvil","PUENTE CARRETERO ",5,3,0,0,2,0,0,,"Ruta",11,"SANTA FE","La Capital","Asfalto","No existe","I","S/D","Urbana","Ninguna","No existe","Recta","Con baches","Buena","Diurna","Buen Tiempo","De alcance,Múltiple","S/D","Colisión","Ninguna","Faltante","Ninguna","Sin restricción"
2017,505,1/20/2017,"Viernes",0,12:10:00,,"0.0",1,"Moto/Ciclomotor","Sanchez de Loria 1500",1,1,0,0,0,0,0,,"Calle",,"ROSARIO","Rosario","S/D","S/D","II","Dentro","Urbana","S/D","S/D","Recta","S/D","S/D","Diurna","S/D","S/D","S/D","Caída ocupante","S/D","S/D","S/D","S/D"
2017,506,1/17/2017,"Martes",0,15:40:00,,"0.0",2,"Moto/Ciclomotor,Automóvil","Dr Zavalla 1200",3,2,0,0,1,0,0,,"Avenida",,"SANTA FE","La Capital","Asfalto","No existe","I","Dentro","Urbana","Ninguna","No existe","Intersección","Con baches","Buena","Diurna","Buen Tiempo","Lateral","S/D","Colisión","Ninguna","Faltante","Ninguna","Sin restricción"
2017,507,1/19/2017,"Jueves",0,19:37:00,,"0.0",2,"Moto/Ciclomotor,Automóvil","Av. Jorge Newbery Y Donado",2,0,0,1,1,0,0,"-32.90827,-60.72837","Calle",,"ROSARIO","Rosario","S/D","S/D","II","Dentro","Urbana","S/D","S/D","Intersección","S/D","S/D","Diurna","S/D","S/D","S/D","Colisión","S/D","S/D","S/D","S/D"
2017,508,1/19/2017,"Jueves",0,7:30:00,,"0.0",2,"Moto/Ciclomotor,Automóvil","Jujuy Y Francia",2,1,0,0,1,0,0,,"Calle",,"SANTA FE","La Capital","Asfalto","No existe","I","Dentro","Urbana","S/D","S/D","Intersección","Con baches,Deteriorada","S/D","S/D","S/D","S/D","S/D","Colisión","S/D","S/D","S/D","S/D"
2017,509,1/20/2017,"Viernes",0,18:30:00,,"0.0",2,"Moto/Ciclomotor,Automóvil","Jujuy Y Francia",2,1,0,0,1,0,0,,"Calle",,"SANTA FE","La Capital","Asfalto","No existe","I","Dentro","Urbana","Ninguna","No existe","Intersección","Con baches,Deteriorada","Buena","Diurna","Buen Tiempo","Lateral","S/D","Colisión","Ninguna","Faltante","Ninguna","S/D"
2017,510,1/6/2017,"Viernes",0,13:30:00,,"0.0",2,"Moto/Ciclomotor,Automóvil","J.J.Paso Y Mejico",3,1,0,0,2,0,0,,"Calle",,"ROSARIO","Rosario","Asfalto","No existe","II","Dentro","Urbana","Ninguna","S/D","Recta","Bueno","Buena","Diurna","Buen Tiempo","Lateral","S/D","Colisión","S/D","Faltante","Ninguna","Sin restricción"
2017,511,1/18/2017,"Miercoles",0,17:30:00,,"0.0",2,"Moto/Ciclomotor,Moto/Ciclomotor","Nicaragua Y Av. Genova",2,1,1,0,0,0,0,,"Calle",,"ROSARIO","Rosario","Asfalto","No existe","II","Dentro","Urbana","Ninguna","No existe","Recta","Bueno","Buena","Diurna","Buen Tiempo","Lateral","S/D","Colisión","S/D","Faltante","Ninguna","Sin restricción"
2017,512,1/20/2017,"Viernes",0,17:30:00,,"0.0",2,"Automóvil,Moto/Ciclomotor","Av. Provincias Unidas Y Av. Sorrento",2,1,0,0,1,0,0,,"Calle",,"ROSARIO","Rosario","Asfalto","Natural","II","Dentro","Urbana","Señal Ceda el Paso","No existe","Rotonda","Bueno","Buena","Diurna","Buen Tiempo","De alcance","S/D","Colisión","S/D","Vertical","Cordón divisorio","Sin restricción"
2017,513,1/20/2017,"Viernes",0,18:30:00,,"0.0",2,"Moto/Ciclomotor,Peatón","J.J.Paso Y P.L.Funes",2,1,0,0,1,0,0,,"Calle",,"ROSARIO","Rosario","Asfalto","No existe","II","Dentro","Urbana","Ninguna","No existe","Recta","Bueno","Buena","Diurna","Buen Tiempo","S/D","Peatón","Atropello","Ninguna","Faltante","Ninguna","Sin restricción"
2017,514,1/21/2017,"Sabado",0,22:20:00,,"0.0",2,"Automóvil,Moto/Ciclomotor","J.J.Paso Y Fraga",3,2,0,0,1,0,0,,"Calle",,"ROSARIO","Rosario","Asfalto","S/D","II","Dentro","Urbana","Señal Ceda el Paso","S/D","Recta","Bueno","S/D","Nocturna","Buen Tiempo","Frontal","S/D","Colisión","Ninguna","Vertical","Ninguna","Sin restricción"
2017,515,1/8/2017,"Domingo",0,1:00:00,,"0.0",2,"Bicicleta,Automóvil","San Jose Y Mendoza",2,1,0,0,1,0,0,,"Calle",,"SANTA FE","La Capital","Asfalto","Pavimento","I","Dentro","Urbana","Semáforo","Funciona","Intersección","Bueno","Buena","Nocturna","S/D","S/D","Ciclista","Atropello","S/D","S/D","S/D","S/D"
2017,516,1/23/2017,"Lunes",0,11:50:00,"Ruta Nacional 11","0.0",2,"Moto/Ciclomotor,Moto/Ciclomotor","PUENTE CARRETERO ",2,1,0,0,1,0,0,,"Ruta",11,"SANTA FE","La Capital","Asfalto","Pavimento","I","Dentro","Urbana","Ninguna","No existe","Puente","Con baches,Deteriorada","Buena","Diurna","Buen Tiempo","Lateral","S/D","Colisión","Ninguna","Faltante","Ninguna","Sin restricción"
2017,517,1/23/2017,"Lunes",0,16:15:00,,"0.0",2,"Automóvil,Moto/Ciclomotor","Francia Y Entre Rios",4,3,0,0,1,0,0,,"Calle",,"SANTA FE","La Capital","Asfalto","No existe","I","Dentro","Urbana","Ninguna","No existe","Intersección","Con baches","Buena","Diurna","Buen Tiempo","Lateral","S/D","Colisión","Ninguna","Faltante","Ninguna","Sin restricción"
2017,518,1/26/2017,"Jueves",0,18:40:00,,"0.0",2,"Automóvil,Moto/Ciclomotor","Francia Y Juan de Garay",2,1,0,0,1,0,0,,"Calle",,"SANTA FE","La Capital","Asfalto","No existe","I","Dentro","Urbana","Ninguna","No existe","Intersección","Con baches,Deteriorada","Buena","Diurna","Buen Tiempo","Lateral","S/D","Colisión","Ninguna","Faltante","Ninguna","Sin restricción"
2017,519,1/27/2017,"Viernes",0,22:35:00,"Ruta Nacional 11","0.0",2,"Moto/Ciclomotor,Moto/Ciclomotor","PUENTE CARRETERO ",2,2,0,0,0,0,0,,"Ruta",11,"SANTA FE","La Capital","Asfalto","No existe","I","Dentro","Urbana","Ninguna","No existe","Puente","Con baches,Deteriorada","Buena","Diurna","Buen Tiempo","De alcance","S/D","Colisión","Ninguna","Faltante","Ninguna","Sin restricción"
2017,520,1/29/2017,"Domingo",0,16:00:00,,"0.0",2,"Moto/Ciclomotor,Automóvil","San Lorenzo Y Uruguay",2,1,0,0,1,0,0,,"Calle",,"SANTA FE","La Capital","Asfalto","No existe","I","Dentro","Urbana","Ninguna","No existe","Intersección","Con baches,Deteriorada","Buena","Diurna","Buen Tiempo","Lateral","S/D","Colisión","Ninguna","Faltante","Ninguna","Sin restricción"
2017,521,1/31/2017,"Martes",0,19:30:00,,"0.0",2,"Moto/Ciclomotor,Automóvil","Av Freyre Y Juan de Garay",2,1,0,0,1,0,0,,"Calle",,"SANTA FE","La Capital","Asfalto","No existe","I","Dentro","Urbana","Semáforo","Funciona","Intersección","Con baches","Buena","Diurna","Buen Tiempo","De alcance","S/D","Colisión","Ninguna","Vertical","Ninguna","S/D"
2017,522,1/31/2017,"Martes",0,9:30:00,"Ruta Nacional 11","0.0",2,"Moto/Ciclomotor,Bicicleta","PUENTE CARRETERO ",2,1,0,0,1,0,0,,"Ruta",11,"SANTA FE","La Capital","Asfalto","No existe","I","Dentro","Urbana","Ninguna","No existe","Puente","Con baches","Buena","Diurna","Buen Tiempo","S/D","Ciclista","Atropello","Ninguna","Faltante","Ninguna","Sin restricción"
2017,523,1/18/2017,"Miercoles",0,10:15:00,,"0.0",2,"Pickup/Utilitario,Moto/Ciclomotor","Colon Y Rivadavia",3,1,0,0,2,0,0,,"Calle",,"SAN CARLOS CENTRO","Las Colonias","Ripio","Natural","XI","Dentro","Urbana","Ninguna","No existe","Intersección","Bueno","Buena","Diurna","Buen Tiempo","Lateral","S/D","Colisión","Ninguna","Horizontal","Ninguna","Sin restricción"
2017,524,1/30/2017,"Lunes",0,21:20:00,,"0.0",2,"Bicicleta,Moto/Ciclomotor"," ",3,3,0,0,0,0,0,,"Calle",,"SAN CARLOS CENTRO","Las Colonias","Asfalto","Natural","XI","Dentro","Urbana","Ninguna","No existe","Recta","Bueno","Reducida","Nocturna,Con luz artificial","Buen Tiempo","S/D","Ciclista","Atropello","Ninguna","Vertical","Línea divisoria pintada","Sin restricción"
2017,525,1/31/2017,"Martes",0,12:25:00,,"0.0",2,"Moto/Ciclomotor,Automóvil","Mitre Y L Bessone",3,2,0,0,1,0,0,,"Calle",,"SAN CARLOS CENTRO","Las Colonias","Asfalto","Natural","XI","Dentro","Urbana","Ninguna","No existe","Intersección","Ahuellamiento","Buena","Diurna","Buen Tiempo","De alcance","S/D","Colisión","Ninguna","Faltante","Vegetación","Sin restricción"
2017,526,1/8/2017,"Domingo",0,6:30:00,"Ruta Nacional 11","0.0",2,"Automóvil,Automóvil","Independencia ",4,2,1,0,1,0,0,,"Ruta",11,"SAN JUSTO","San Justo","Asfalto","Pavimento","XVI","Dentro","Urbana","Ninguna","No existe","Intersección","Bueno","Buena","Diurna","Buen Tiempo","Lateral","S/D","Colisión","Ninguna","Horizontal,Vertical","Línea divisoria pintada","Sin restricción"
2017,527,1/15/2017,"Domingo",0,5:05:00,,"0.0",1,"Automóvil","R E De San Martin 2365",4,3,1,0,0,0,0,,"Calle",,"SAN JUSTO","San Justo","Asfalto","No existe","XVI","Dentro","Urbana","Ninguna","No existe","Recta","Bueno","Reducida","Nocturna,Con luz artificial","Buen Tiempo","S/D","S/D","Despiste","Ninguna","Faltante","Ninguna","Sin restricción"
2017,528,1/29/2017,"Domingo",0,22:00:00,"Ruta Nacional 11","0.0",2,"Automóvil,Moto/Ciclomotor","B de Tucuman ",6,1,1,0,4,0,0,,"Ruta",11,"SAN JUSTO","San Justo","Asfalto","Pavimento","XVI","Dentro","Urbana","Ninguna","No existe","Recta","Bueno","Reducida","Nocturna,Con luz artificial","Buen Tiempo","Lateral","S/D","Colisión","Ninguna","Horizontal,Vertical","Línea divisoria pintada","Sin restricción"
2017,529,1/9/2017,"Lunes",0,17:30:00,,"0.0",2,"Moto/Ciclomotor,Automóvil","Bv H Irigoyen Y Juan B Justo",3,2,0,0,1,0,0,,"Calle",,"RAFAELA","Castellanos","S/D","S/D","V","Dentro","Urbana","Paso Peatonal","S/D","Intersección","Resbaladiza","Buena","Diurna","Lluvia","Lateral","S/D","Colisión","Agua","Horizontal","Cordón divisorio","Sin restricción"
2017,530,1/11/2017,"Miercoles",0,13:30:00,,"0.0",2,"Automóvil,Moto/Ciclomotor","9 de Julio Y Mitre B",3,1,0,0,2,0,0,,"Calle",,"VERA","Vera","Asfalto","No existe","XIX","Dentro","Urbana","Ninguna","No existe","Intersección","Bueno","Buena","Diurna","Buen Tiempo","Lateral","S/D","Colisión","Ninguna","S/D","Ninguna","Sin restricción"
2017,531,1/24/2017,"Martes",0,22:10:00,,"0.0",2,"Bicicleta,Automóvil","L de la Torre Y Belgrano",3,1,0,0,2,0,0,,"Calle",,"VERA","Vera","Asfalto","No existe","XIX","Dentro","Urbana","Ninguna","No existe","Intersección","Bueno","Buena","Nocturna","Buen Tiempo","S/D","Ciclista","Atropello","Ninguna","S/D","Ninguna","Sin restricción"
2017,532,1/31/2017,"Martes",0,,,"0.0",2,"Bicicleta,Automóvil","Buenos Aires 1700",2,1,0,0,1,0,0,,"Calle",,"VERA","Vera","Asfalto","No existe","XIX","Dentro","Urbana","Ninguna","No existe","Recta","Bueno","Buena","Diurna","Buen Tiempo","Lateral","Ciclista","Atropello","Ninguna","S/D","Ninguna","Sin restricción"
2017,533,1/27/2017,"Viernes",0,19:45:00,,"0.0",2,"Moto/Ciclomotor,Automóvil","P Pueyrredon Y Rivadavia",2,1,0,0,1,0,0,,"Calle",,"VERA","Vera","Tierra","No existe","XIX","Dentro","Urbana","Ninguna","No existe","Intersección","Bueno","Buena","Diurna","Buen Tiempo","S/D","S/D","Colisión","Ninguna","S/D","Ninguna","Sin restricción"
2017,534,1/7/2017,"Sabado",0,15:30:00,,"0.0",2,"Peatón,Automóvil","Av Freyre Y Junin",2,1,0,0,1,0,0,,"Avenida",,"SANTA FE","La Capital","Asfalto","Pavimento","I","S/D","Urbana","S/D","Funciona","Intersección","Bueno","Buena","Diurna","S/D","S/D","S/D","Atropello","Ninguna","S/D","S/D","S/D"
2017,535,1/6/2017,"Viernes",0,2:20:00,"Ruta Provincial 2","0.0",1,"Moto/Ciclomotor","Hector Estela ",2,1,1,0,0,0,0,,"Ruta",2,"TOSTADO","9 de Julio","Asfalto","S/D","XII","Dentro","Urbana","Ninguna","Intermitente","Recta","Bueno","Buena","Nocturna","Buen Tiempo","S/D","S/D","Caída ocupante","Ninguna","S/D","S/D","Sin restricción"
2017,536,1/3/2017,"Martes",0,,,"0.0",2,"Moto/Ciclomotor,Moto/Ciclomotor","Entre Rios Y Neuquen",2,0,1,0,1,0,0,,"Calle",,"TOSTADO","9 de Julio","Ripio","S/D","XII","Dentro","Urbana","Ninguna","S/D","Intersección","Bueno","Buena","Diurna","Buen Tiempo","Lateral","S/D","Colisión","Ninguna","Faltante","Ninguna","Sin restricción"
2017,537,2/18/2017,"Sabado",0,14:30:00,,"0.0",2,"Moto/Ciclomotor,Automóvil","Suipacha Y Saavedra",2,1,0,0,1,0,0,,"Avenida",,"SANTA FE","La Capital","Asfalto","No existe","I","S/D","Urbana","S/D","No existe","Intersección","Bueno","Buena","Diurna","Buen Tiempo","S/D","S/D","Colisión","Ninguna","S/D","S/D","S/D"
2017,538,1/6/2017,"Viernes",0,8:50:00,,"0.0",2,"Moto/Ciclomotor,Automóvil","Av Freyre Y Gdor Crespo",2,1,0,0,1,0,0,,"Avenida",,"SANTA FE","La Capital","Asfalto","S/D","I","S/D","Urbana","S/D","No existe","Recta","Bueno","Buena","Diurna","Buen Tiempo","S/D","S/D","Colisión","S/D","S/D","S/D","S/D"