"anio_acci","nro_acci","fecha","desc_dia","fecha_aprox","hora_aprox","desc_ruta","km","cant_participantes","desc_participante","calle_avenida_km","total","heridos_leves","heridos_graves","heridos_gravisimos","ilesos","fallecidos","sin_datos","posicion_XY","desc_tipo_via","desc_ruta_ori","desc_loc","desc_dpto","desc_tipo_calzada","desc_tipo_banquina","desc_unidad_regional","desc_lugar_calzada","desc_zona","desc_prioridad","desc_estado_semaforo","desc_lugar_via","desc_estado_via","desc_estado_visibilidad","desc_luminosidad","desc_estado_clima","desc_tipo_colision","desc_tipo_atropello","desc_tipo_hecho","desc_pres_calzada","desc_senializacion","desc_separacion_via","desc_restriccion"
2017,539,1/5/2017,"Jueves",0,13:00:00,,"0.0",2,"Automóvil,Moto/Ciclomotor","Av Urquiza Y Candido Pujato",2,1,0,0,1,0,0,,"Avenida",,"SANTA FE","La Capital","Asfalto","Pavimento","I","S/D","Urbana","S/D","S/D","Intersección","Bueno","Buena","Diurna","Buen Tiempo","Lateral","S/D","Colisión","S/D","S/D","S/D","S/D"
2017,540,1/3/2017,"Martes",0,13:00:00,,"0.0",2,"Moto/Ciclomotor,Moto/Ciclomotor","Vera 3600",2,1,0,0,1,0,0,,"Calle",,"SANTA FE","La Capital","Asfalto","Pavimento","I","Dentro","Urbana","S/D","No existe","Recta","Bueno","Buena","Diurna","Buen Tiempo","Frontal","S/D","Colisión","S/D","S/D","S/D","S/D"
2017,541,1/1/2017,"Domingo",0,14:15:00,,"0.0",2,"Peatón,Automóvil","Bv Pellegrini Y Francia",2,1,0,0,0,0,1,,"Avenida",,"SANTA FE","La Capital","Asfalto","Pavimento","I","Dentro","Urbana","S/D","Funciona","Intersección","Bueno","Buena","Diurna","Buen Tiempo","S/D","S/D","Atropello","Ninguna","S/D","S/D","S/D"
2017,542,1/6/2017,"Viernes",0,16:00:00,,"0.0",2,"Pickup/Utilitario,Moto/Ciclomotor","Rivadavia 2500",3,2,0,0,1,0,0,,"Calle",,"SANTA FE","La Capital","Asfalto","Pavimento","I","S/D","Urbana","S/D","S/D","Recta","Bueno","Buena","Diurna","S/D","S/D","S/D","Colisión","S/D","S/D","S/D","S/D"
2017,543,1/5/2017,"Jueves",0,6:05:00,,"0.0",2,"Moto/Ciclomotor,Moto/Ciclomotor","Av Freyre Y Uruguay",2,2,0,0,0,0,0,,"Avenida",,"SANTA FE","La Capital","Asfalto","No existe","I","S/D","Urbana","Ninguna","No existe","Intersección","Con baches","Buena","Amanecer","Buen Tiempo","Lateral","S/D","Colisión","Ninguna","Faltante","Ninguna","Sin restricción"
2017,544,1/5/2017,"Jueves",0,13:20:00,,"0.0",2,"Moto/Ciclomotor,Bicicleta","Intendente Manuel Irigoyen ",3,2,0,0,1,0,0,,"Avenida",,"SANTA FE","La Capital","Asfalto","Pavimento","I","S/D","Urbana","Ninguna","No existe","Curva","Con baches","Buena","Diurna","Buen Tiempo","Lateral","S/D","Atropello","Ninguna","Faltante","Ninguna","Sin restricción"
2017,545,1/8/2017,"Domingo",0,14:20:00,,"0.0",2,"Automóvil,Moto/Ciclomotor","Francia Y Juan de Garay",2,1,0,0,1,0,0,,"Avenida",,"SANTA FE","La Capital","Asfalto","No existe","I","S/D","Urbana","Ninguna","No existe","Intersección","Con baches","Buena","Diurna","Buen Tiempo","Lateral","S/D","Colisión","Ninguna","Faltante","Ninguna","Sin restricción"
2017,546,1/10/2017,"Martes",0,21:20:00,,"0.0",2,"Automóvil,Moto/Ciclomotor","Juan de Garay 3100",2,1,0,0,1,0,0,,"Avenida",,"SANTA FE","La Capital","Asfalto","No existe","I","S/D","Urbana","Ninguna","No existe","Recta","Con baches","Buena","Nocturna","Buen Tiempo","Lateral","S/D","Colisión","Ninguna","Faltante","Ninguna","Sin restricción"
2017,547,1/17/2017,"Martes",0,18:30:00,,"0.0",2,"Automóvil,Automóvil","Domingo Silva Y Las Heras",2,1,0,0,1,0,0,,"Calle",,"SANTA FE","La Capital","Asfalto","No existe","I","S/D","S/D","S/D","S/D","Intersección","Bueno","Buena","Diurna","Buen Tiempo","Lateral","S/D","Colisión","Ninguna","S/D","Ninguna","Sin restricción"
2017,548,1/17/2017,"Martes",0,20:00:00,,"0.0",2,"Automóvil,Moto/Ciclomotor","Domingo Silva Y Las Heras",2,1,0,0,1,0,0,,"Calle",,"SANTA FE","La Capital","Asfalto","No existe","I","Dentro","Urbana","S/D","S/D","Intersección","Bueno","Buena","Con luz artificial","Buen Tiempo","Lateral","S/D","Colisión","Ninguna","S/D","Ninguna","Sin restricción"
2017,549,1/2/2017,"Lunes",0,9:00:00,,"0.0",2,"Automóvil,Moto/Ciclomotor","Las Heras Y Balcarce",2,1,0,0,1,0,0,,"Calle",,"SANTA FE","La Capital","Asfalto","No existe","I","Dentro","Urbana","S/D","S/D","Intersección","Bueno","Buena","Diurna","Buen Tiempo","Lateral","S/D","Colisión","Ninguna","S/D","Ninguna","Sin restricción"
2017,550,1/5/2017,"Jueves",0,16:00:00,,"0.0",2,"Automóvil,Moto/Ciclomotor","Ituzaingo Y Las Heras",2,1,0,0,1,0,0,,"Calle",,"SANTA FE","La Capital","Asfalto","No existe","I","Dentro","Urbana","S/D","S/D","Intersección","Bueno","Buena","Diurna","Buen Tiempo","Lateral","S/D","Colisión","Ninguna","S/D","Ninguna","Sin restricción"
2017,551,1/12/2017,"Jueves",0,12:45:00,,"0.0",2,"Camión,Automóvil"," ",2,1,0,0,1,0,0,,"S/D",,"SANTA FE","La Capital","Hormigón","No existe","I","Dentro","Urbana","S/D","No existe","Puente","Bueno","Buena","Diurna","Buen Tiempo","S/D","S/D","Colisión","Ninguna","S/D","S/D","Sin restricción"
2017,552,1/12/2017,"Jueves",0,21:00:00,,"0.0",2,"Moto/Ciclomotor,Moto/Ciclomotor","Ituzaingo Y Sarmiento",2,1,0,0,1,0,0,,"Calle",,"SANTA FE","La Capital","Asfalto","No existe","I","Dentro","Urbana","S/D","S/D","Intersección","Bueno","Buena","Con luz artificial","Buen Tiempo","Lateral","S/D","Colisión","Ninguna","S/D","Ninguna","Sin restricción"
2017,553,1/13/2017,"Viernes",0,2:30:00,,"0.0",2,"Automóvil,Moto/Ciclomotor","Av Almte Brown 4300",3,1,0,0,1,1,0,"-31.63124, -60.67868","Avenida",,"SANTA FE","La Capital","Asfalto","No existe","I","Dentro","Urbana","S/D","No existe","Recta","Bueno","Buena","Nocturna,Con luz artificial","Buen Tiempo","Frontal","S/D","Colisión","Ninguna","S/D","Línea divisoria pintada","Sin restricción"
2017,554,1/14/2017,"Sabado",0,8:25:00,,"0.0",2,"Camión,Moto/Ciclomotor","Bv Galvez Y Las Heras",2,1,0,0,1,0,0,,"Avenida",,"SANTA FE","La Capital","Asfalto","No existe","I","Dentro","Urbana","Semáforo","S/D","Intersección","Bueno","Buena","Diurna","Buen Tiempo","Lateral","S/D","Colisión","Ninguna","S/D","Ninguna","Sin restricción"
2017,555,1/15/2017,"Domingo",0,19:20:00,,"0.0",2,"Moto/Ciclomotor,Moto/Ciclomotor","Candioti Y Guemes",2,1,0,0,1,0,0,,"Calle",,"SANTA FE","La Capital","Asfalto","No existe","I","Dentro","Urbana","S/D","S/D","Intersección","Bueno","Buena","Atardecer","Buen Tiempo","Lateral","S/D","Colisión","Ninguna","S/D","S/D","Sin restricción"
2017,556,1/17/2017,"Martes",0,9:40:00,,"0.0",2,"Camión,Bicicleta","Bv Galvez 900",2,1,0,0,1,0,0,,"Avenida",,"SANTA FE","La Capital","Asfalto","No existe","I","Dentro","Urbana","Ninguna","S/D","Intersección","Bueno","Buena","Diurna","Buen Tiempo","S/D","Ciclista","Atropello","Ninguna","S/D","Ninguna","Sin restricción"
2017,557,1/1/2017,"Domingo",0,14:45:00,,"0.0",2,"Moto/Ciclomotor,Automóvil"," ",2,1,0,0,1,0,0,,"S/D",,"SANTA FE","La Capital","Hormigón","No existe","I","Dentro","Urbana","S/D","No existe","Curva","Bueno","S/D","Diurna","S/D","Lateral","S/D","Colisión","S/D","S/D","S/D","S/D"
2017,558,1/17/2017,"Martes",0,6:45:00,,"0.0",2,"Moto/Ciclomotor,Automóvil"," ",2,1,0,0,1,0,0,,"Avenida",,"SANTA FE","La Capital","Asfalto","No existe","I","Dentro","Urbana","Ninguna","No existe","Recta","Bueno","Buena","Diurna","Buen Tiempo","Lateral","S/D","Colisión","Ninguna","S/D","Ninguna","Sin restricción"
2017,559,1/17/2017,"Martes",0,10:00:00,,"0.0",2,"Automóvil,Moto/Ciclomotor","Luciano Torrent Y Laprida",2,1,0,0,1,0,0,,"Calle",,"SANTA FE","La Capital","Asfalto","No existe","I","Dentro","Urbana","Ninguna","S/D","Intersección","Bueno","Buena","Atardecer,Con luz artificial","Buen Tiempo","Lateral","S/D","Colisión","S/D","S/D","Ninguna","Sin restricción"
2017,560,1/18/2017,"Miercoles",0,3:00:00,,"0.0",2,"Automóvil,Moto/Ciclomotor","Av Almte Brown 4100",2,1,0,0,1,0,0,,"Avenida",,"SANTA FE","La Capital","Asfalto","S/D","I","Dentro","Urbana","S/D","S/D","Recta","Bueno","Buena","S/D","Buen Tiempo","Lateral","S/D","Colisión","S/D","S/D","Cordón divisorio","Sin restricción"
2017,561,1/21/2017,"Sabado",0,16:10:00,,"0.0",2,"Moto/Ciclomotor,Moto/Ciclomotor","SARMIENTO Y ANTONIO NALLI",2,1,1,0,0,0,0,,"Calle",,"LAS GARZAS","General Obligado","Tierra","No existe","IX","Dentro","Urbana","Ninguna","No existe","Intersección","Otro","Buena","Diurna","Buen Tiempo","S/D","S/D","Colisión","S/D","S/D","Ninguna","Sin restricción"
2017,562,1/22/2017,"Domingo",0,,"Ruta Nacional 11","820.0",1,"Automóvil"," ",2,1,1,0,0,0,0,,"Ruta",11,"LAS GARZAS","General Obligado","Asfalto","Natural","IX","Dentro","Urbana","Marca Vial","No existe","Curva","Bueno","Buena","Atardecer","Buen Tiempo","S/D","S/D","Despiste","S/D","S/D","Guardarrail","Sin restricción"
2017,563,1/23/2017,"Lunes",0,19:10:00,"Ruta Nacional 11","756.0",1,"Moto/Ciclomotor"," ",2,2,0,0,0,0,0,,"Ruta",11,"MALABRIGO","General Obligado","Asfalto","Natural","IX","Dentro","Urbana","Ninguna","No existe","Recta","Bueno","Buena","Atardecer","Buen Tiempo","S/D","S/D","Caída ocupante","Ninguna","S/D","Ninguna","S/D"
2017,564,1/24/2017,"Martes",0,0:15:00,,"0.0",1,"Automóvil"," ",1,1,0,0,0,0,0,,"Calle",,"MALABRIGO","General Obligado","S/D","Natural","IX","Dentro","Urbana","Ninguna","No existe","Puente","Bueno","Buena","Nocturna","Buen Tiempo","S/D","S/D","Vuelco","Ninguna","S/D","Ninguna","Sin restricción"
2017,565,1/9/2017,"Lunes",0,8:30:00,,"0.0",3,"Moto/Ciclomotor,Automóvil,Automóvil","Bv San Martin ",3,0,1,0,2,0,0,,"Calle",,"ARMSTRONG","Belgrano","Hormigón","Pavimento","III","Dentro","Urbana","Ninguna","No existe","Intersección","Bueno","Buena","Diurna","Buen Tiempo","Múltiple","S/D","Colisión","Ninguna","Vertical","Ninguna","Sin restricción"
2017,566,1/11/2017,"Miercoles",0,18:30:00,,"0.0",2,"Automóvil,Automóvil","Humberto Primo Y Gral Jose de San Martin",2,1,0,0,1,0,0,,"Avenida",,"ARROYO SECO","Rosario","Asfalto","No existe","II","Dentro","Urbana","Ninguna","No existe","Intersección","Deteriorada","Buena","Diurna","Buen Tiempo","Lateral","S/D","Colisión","S/D","Vertical","Ninguna","S/D"
2017,567,1/5/2017,"Jueves",0,10:20:00,"Ruta Nacional 168","0.0",2,"Automóvil,Moto/Ciclomotor","Laurencio Maradona ",3,1,0,1,1,0,0,,"Ruta",168,"SANTA FE","La Capital","Hormigón","No existe","I","Dentro","Urbana","Ninguna","No existe","Intersección","Bueno","S/D","Diurna","Buen Tiempo","Lateral","S/D","Colisión","Ninguna","Horizontal,Vertical","Ninguna","Sin restricción"
2017,568,1/17/2017,"Martes",0,12:35:00,"Ruta Provincial 21","0.0",2,"Camión,Automóvil","Independencia ",2,1,0,0,1,0,0,,"Ruta",21,"ARROYO SECO","Rosario","Asfalto","Natural","II","Dentro","Urbana","Semáforo","Funciona","Intersección","Con baches,Ahuellamiento","Buena","Diurna","Buen Tiempo","Lateral","S/D","Colisión","S/D","S/D","Ninguna","Sin restricción"
2017,569,1/31/2017,"Martes",0,13:35:00,"Ruta Nacional 168","3.0",3,"Automóvil,Otros,Transporte de Pasajeros Urbano (> 8 asientos)"," ",4,2,0,0,1,0,1,,"Ruta",168,"SANTA FE","La Capital","Asfalto","Pavimento","I","Dentro","Urbana","Ninguna","No existe","Recta","Bueno","Buena","Diurna","Buen Tiempo","De alcance","S/D","Colisión","Ninguna","Horizontal","Barrera de hormigón","Sin restricción"
2017,570,1/28/2017,"Sabado",0,18:30:00,,"0.0",2,"Automóvil,Moto/Ciclomotor","Saavedra Y Moreno",2,1,0,0,1,0,0,,"Calle",,"FIGHIERA","Rosario","Asfalto","S/D","II","Dentro","Urbana","S/D","S/D","Intersección","S/D","Buena","Diurna","Buen Tiempo","Lateral","S/D","Colisión","S/D","S/D","S/D","S/D"
2017,571,1/5/2017,"Jueves",0,1:40:00,"Ruta Nacional A012","51.0",3,"Camión c / Acoplado,Camión c / Acoplado,Camión c / Semirremolque"," ",3,2,0,0,1,0,0,,"Ruta","A012","LUIS PALACIOS","San Lorenzo","Asfalto","Ripio","XVII","Dentro","Rural","Ninguna","No existe","Recta","Bueno","Buena","Diurna","Buen Tiempo","De alcance,Múltiple","S/D","Colisión","Ninguna","S/D","Línea divisoria pintada","Sin restricción"
2017,572,1/22/2017,"Domingo",0,21:50:00,"Autopista Provincial Brigadier E.López","28.0",2,"Pickup/Utilitario,Bicicleta"," ",3,0,1,0,2,0,0,,"Autopista","Brigadier E.López","TIMBÚES","San Lorenzo","Asfalto","Pavimento","XVII","Dentro","Rural","Marca Vial","No existe","Recta","Bueno","Buena","Nocturna","Buen Tiempo","S/D","Ciclista","Atropello","Ninguna","S/D","Línea divisoria pintada","Sin restricción"
2017,573,1/12/2017,"Jueves",0,18:50:00,"Ruta Provincial 21","0.0",2,"Moto/Ciclomotor,Automóvil","Av Gral San Martin 2136",2,2,0,0,0,0,0,,"Ruta",21,"VILLA GOBERNADOR GÁLVEZ","Rosario","Asfalto","No existe","II","Dentro","Urbana","Ninguna","Funciona","Recta","Bueno","Buena","Diurna","Buen Tiempo","S/D","S/D","Colisión","S/D","Vertical","Cordón divisorio","Sin restricción"
2017,574,1/31/2017,"Martes",0,,,"0.0",2,"Moto/Ciclomotor,Automóvil","Bvard Pueyrredon Y Carlos Pellegrii",3,1,0,1,1,0,0,,"Avenida",,"CERES","San Cristóbal","Asfalto","No existe","XIII","Dentro","Urbana","Ninguna","No existe","Intersección","Bueno","Buena","Diurna","Buen Tiempo","Lateral","S/D","Colisión","Ninguna","Faltante","Vegetación","Sin restricción"
2017,575,1/18/2017,"Miercoles",0,16:10:00,"Ruta Provincial 21","0.0",2,"Camión Chasis,Automóvil","Av Gral San Martin 2400",2,1,0,0,1,0,0,,"Ruta",21,"VILLA GOBERNADOR GÁLVEZ","Rosario","Asfalto","No existe","II","Dentro","Urbana","Semáforo","Funciona","Recta","Bueno","Buena","Diurna","Buen Tiempo","Frontal","S/D","Colisión","Ninguna","S/D","Cordón divisorio","Sin restricción"
2017,576,1/28/2017,"Sabado",0,17:15:00,,"0.0",2,"Pickup/Utilitario,Camión c / Acoplado","Av Guemes ",2,2,0,0,0,0,0,,"Avenida",,"HERSILIA","San Cristóbal","Tierra","Natural","XIII","Dentro","Rural","Ninguna","No existe","Recta","S/D","Reducida polvo","Diurna","Buen Tiempo","Lateral","S/D","Colisión","Otro","Faltante","Ninguna","Sin restricción"
2017,577,1/22/2017,"Domingo",0,22:20:00,"Ruta Provincial 1","82.0",1,"Automóvil"," ",1,1,0,0,0,0,0,,"Ruta",1,"HELVECIA","Garay","Asfalto","Natural","VII","Dentro","Urbana","Ninguna","No existe","Curva","S/D","Buena","Nocturna","Buen Tiempo","S/D","S/D","Vuelco","S/D","Faltante","Ninguna","Sin restricción"
2017,578,1/11/2017,"Miercoles",0,20:00:00,,"0.0",2,"Moto/Ciclomotor,Automóvil","Boulevard Ocampo Y Dalmacio Velez Sarsfield",2,1,0,0,1,0,0,,"Calle",,"HELVECIA","Garay","Asfalto","No existe","VII","Dentro","Urbana","Ninguna","No existe","Intersección","Bueno","Buena","Nocturna,Con luz artificial","Buen Tiempo","S/D","S/D","Colisión","Ninguna","Faltante","Ninguna","Sin restricción"
2017,579,1/18/2017,"Miercoles",0,18:00:00,,"0.0",2,"Automóvil,Automóvil","Independencia Y Fornieles",3,1,0,0,2,0,0,,"Calle",,"VILLA GOBERNADOR GÁLVEZ","Rosario","Asfalto","No existe","II","Dentro","Urbana","Señal Pare","No existe","Intersección","Con baches","Buena","Diurna","Buen Tiempo","Lateral","S/D","Colisión","Ninguna","Vertical","S/D","Sin restricción"
2017,580,1/6/2017,"Viernes",0,20:00:00,,"0.0",2,"Pickup/Utilitario,Moto/Ciclomotor","Boulevard Ocampo Y Presidente B Rivadavia",3,2,0,0,1,0,0,,"Calle",,"HELVECIA","Garay","Asfalto","No existe","VII","Dentro","Urbana","Ninguna","No existe","Recta","Bueno","Buena","Nocturna,Con luz artificial","Buen Tiempo","S/D","S/D","Colisión","Ninguna","Faltante","Ninguna","Sin restricción"
2017,581,1/20/2017,"Viernes",0,19:00:00,,"0.0",2,"Pickup/Utilitario,Moto/Ciclomotor","Sargento Cabral Y Alvear",2,1,0,0,1,0,0,,"Calle",,"SANTA FE","La Capital","Asfalto","No existe","I","Dentro","Urbana","Ninguna","S/D","Intersección","Bueno","Buena","Atardecer","Buen Tiempo","Lateral","S/D","Colisión","Ninguna","S/D","Ninguna","Sin restricción"
2017,582,1/21/2017,"Sabado",0,23:00:00,"Ruta Nacional A007","0.0",2,"Pickup/Utilitario,Moto/Ciclomotor","Av Leandro Alem Y Sarmiento",2,1,0,0,1,0,0,,"Ruta","A007","SANTA FE","La Capital","Asfalto","No existe","I","Dentro","Urbana","Ninguna","S/D","Intersección","Bueno","Buena","Con luz artificial","Buen Tiempo","Lateral","S/D","Colisión","Ninguna","S/D","Ninguna","Sin restricción"
2017,583,1/21/2017,"Sabado",0,19:15:00,,"0.0",2,"Pickup/Utilitario,Moto/Ciclomotor"," ",2,1,0,0,1,0,0,,"S/D",,"SANTA FE","La Capital","Hormigón","No existe","I","S/D","S/D","Ninguna","No existe","Puente","Bueno","S/D","Con luz artificial","Buen Tiempo","Lateral","S/D","Colisión","Ninguna","S/D","Cordón divisorio","Sin restricción"
2017,584,1/21/2017,"Sabado",0,1:50:00,,"0.0",2,"Pickup/Utilitario,Moto/Ciclomotor","25 De Mayo Y Soldados Argentinos",3,2,0,0,1,0,0,,"Calle",,"ARRUFÓ","San Cristóbal","Hormigón","S/D","XIII","Dentro","Urbana","S/D","No existe","Intersección","S/D","Buena","Nocturna","Buen Tiempo","Lateral","S/D","Colisión","Ninguna","S/D","S/D","S/D"
2017,585,1/26/2017,"Jueves",0,,,"0.0",2,"Moto/Ciclomotor,Automóvil","Bv Galvez Y Candioti",2,1,0,0,1,0,0,,"Avenida",,"SANTA FE","La Capital","Asfalto","No existe","I","Dentro","Urbana","Ninguna","S/D","Intersección","Bueno","Buena","S/D","Buen Tiempo","Lateral","S/D","Colisión","Ninguna","S/D","Ninguna","Sin restricción"
2017,586,1/27/2017,"Viernes",0,11:30:00,,"0.0",2,"Bicicleta,Automóvil","Bv Muttis Y Av 7 Jefes",2,1,0,0,1,0,0,,"Avenida",,"SANTA FE","La Capital","Asfalto","No existe","I","Dentro","Urbana","Ninguna","S/D","Intersección","Bueno","Buena","Diurna","Buen Tiempo","S/D","Ciclista","Atropello","Ninguna","S/D","Ninguna","S/D"
2017,587,1/19/2017,"Jueves",0,12:10:00,"Ruta Provincial 23","0.0",2,"Moto/Ciclomotor,Automóvil"," ",2,1,0,0,1,0,0,,"Ruta",23,"SUARDI","San Cristóbal","Asfalto","Ripio","XIII","Dentro","Urbana","Ninguna","No existe","Recta","Bueno","Buena","Diurna","Buen Tiempo","De alcance","S/D","Colisión","Ninguna","Vertical","Ninguna","Sin restricción"
2017,588,1/31/2017,"Martes",0,22:10:00,,"0.0",2,"Moto/Ciclomotor,Automóvil","Domingo Silva Y Lavalle",2,1,0,0,1,0,0,,"Calle",,"SANTA FE","La Capital","Asfalto","No existe","I","Dentro","Urbana","Ninguna","S/D","Intersección","Bueno","Buena","Con luz artificial","Buen Tiempo","Lateral","S/D","Colisión","Ninguna","S/D","Ninguna","Sin restricción"
2017,589,1/15/2017,"Domingo",0,8:25:00,,"0.0",3,"Pickup/Utilitario,Moto/Ciclomotor,Moto/Ciclomotor","Caseros Y Alberdi",3,1,1,0,1,0,0,,"Calle",,"SAN CRISTÓBAL","San Cristóbal","Asfalto","No existe","XIII","Dentro","Urbana","Ninguna","No existe","Intersección","Bueno","Buena","Diurna","Buen Tiempo","Múltiple","S/D","Colisión","Agua","Faltante","Ninguna","Sin restricción"
2017,590,1/31/2017,"Martes",0,3:30:00,"Ruta Nacional 34","84.7",1,"Moto/Ciclomotor"," ",1,1,0,0,0,0,0,,"Ruta",34,"SAN GENARO","San Jerónimo","Tierra","Natural","XV","Fuera","Rural","Ninguna","No existe","Intersección","Bueno","Reducida","Nocturna","Buen Tiempo","S/D","S/D","Caída ocupante","Ninguna","Faltante","Ninguna","Sin restricción"
2017,591,1/30/2017,"Lunes",0,3:15:00,"Ruta Provincial 1","76.0",2,"Moto/Ciclomotor,Moto/Ciclomotor"," ",4,2,0,0,2,0,0,,"Ruta",1,"HELVECIA","Garay","Asfalto","No existe","VII","Dentro","Urbana","Ninguna","No existe","Recta","Bueno","Buena","Nocturna","Buen Tiempo","Frontal","S/D","Colisión","Ninguna","Faltante","Ninguna","Sin restricción"
2017,592,1/30/2017,"Lunes",0,,,"0.0",2,"Automóvil,Moto/Ciclomotor","Av. Battle y Ordoñez 680",3,1,1,0,1,0,0,,"Calle",,"ROSARIO","Rosario","Asfalto","Pavimento","II","Dentro","Urbana","S/D","S/D","Recta","Bueno","S/D","Nocturna","Buen Tiempo","Lateral","S/D","Colisión","Ninguna","S/D","Cordón divisorio","S/D"
2017,593,1/12/2017,"Jueves",0,23:50:00,,"0.0",2,"Bicicleta,Automóvil","Patricios Y Laprida",2,1,0,0,1,0,0,,"Calle",,"ROSARIO","Rosario","Asfalto","No existe","II","Dentro","Urbana","S/D","No existe","Intersección","Con baches","Reducida","Nocturna,Con luz artificial","Buen Tiempo","S/D","Ciclista","Atropello","Ninguna","S/D","Ninguna","Sin restricción"
2017,594,1/11/2017,"Miercoles",0,16:45:00,,"0.0",2,"Automóvil,Peatón","Av. Battle y Ordoñez 1620",2,1,0,0,1,0,0,,"Calle",,"ROSARIO","Rosario","Asfalto","No existe","II","Dentro","Urbana","Ninguna","No existe","Recta","Bueno","Buena","Atardecer","S/D","S/D","Peatón","Atropello","Ninguna","Faltante","Ninguna","Sin restricción"
2017,595,1/27/2017,"Viernes",0,19:10:00,,"0.0",2,"Automóvil,Transporte de Pasajeros Urbano (> 8 asientos)","Av. Bermudez Y Marco Polo",2,1,0,0,1,0,0,,"Calle",,"ROSARIO","Rosario","Asfalto","Pavimento","II","Dentro","Urbana","Ninguna","No existe","Intersección","Bueno","Buena","Atardecer","Buen Tiempo","Lateral","S/D","Colisión","Ninguna","Faltante","Ninguna","Sin restricción"
2017,596,1/19/2017,"Jueves",0,1:00:00,,"0.0",2,"Otros,Moto/Ciclomotor","Iturraspe Y Av Urquiza",3,1,1,0,1,0,0,,"Calle",,"SANTA FE","La Capital","Hormigón","Pavimento","I","Dentro","Urbana","Ninguna","No existe","Intersección","Con baches","Reducida","Nocturna","Buen Tiempo","De alcance","S/D","Colisión","Ninguna","Horizontal,Vertical","Vegetación","Sin restricción"
2017,597,1/14/2017,"Sabado",0,19:50:00,,"0.0",2,"Automóvil,Pickup/Utilitario","San Luis Y Crespo",6,2,0,0,4,0,0,,"Calle",,"ROSARIO","Rosario","Asfalto","S/D","II","Dentro","Urbana","S/D","S/D","Intersección","S/D","S/D","Diurna","S/D","S/D","S/D","Colisión","S/D","S/D","S/D","S/D"
2017,598,1/14/2017,"Sabado",0,,,"0.0",2,"Taxi/Remis,Automóvil","Mendoza Y Lima",2,1,0,0,1,0,0,,"Calle",,"ROSARIO","Rosario","Asfalto","S/D","II","Dentro","Urbana","S/D","S/D","S/D","S/D","S/D","S/D","S/D","S/D","S/D","Colisión","S/D","S/D","S/D","S/D"
2017,599,1/22/2017,"Domingo",0,18:35:00,,"0.0",1,"Moto/Ciclomotor","Av. de los Trabaj. Ferroviario ",1,1,0,0,0,0,0,,"Calle",,"SAN CRISTÓBAL","San Cristóbal","Asfalto","S/D","XIII","Dentro","Urbana","Ninguna","No existe","Recta","Bueno","Buena","Diurna","Buen Tiempo","S/D","S/D","Caída ocupante","Ninguna","S/D","Cordón divisorio","Sin restricción"
2017,600,1/2/2017,"Lunes",0,17:45:00,,"0.0",2,"Moto/Ciclomotor,Automóvil","Entre Rios Y San Lorenzo",2,1,0,0,1,0,0,,"Calle",,"ROSARIO","Rosario","Asfalto","Pavimento","II","Dentro","Urbana","Semáforo","Funciona","Intersección","Bueno","Buena","Diurna","Buen Tiempo","Lateral","S/D","Colisión","Ninguna","Vertical","Ninguna","Sin restricción"
2017,601,1/26/2017,"Jueves",0,9:30:00,"Ruta Provincial 2","0.0",1,"Camión c / Acoplado"," ",1,1,0,0,0,0,0,,"Ruta",2,"SANTURCE","San Cristóbal","Hormigón","Natural","XIII","Dentro","Urbana","Ninguna","No existe","Recta","Bueno","Buena","Diurna","Buen Tiempo","Lateral","S/D","Colisión","Ninguna","Faltante","Ninguna","Accidente Previo"
2017,602,1/10/2017,"Martes",0,10:30:00,,"0.0",2,"Moto/Ciclomotor,Pickup/Utilitario","Balcarce Y Catamarca",2,1,0,0,1,0,0,,"Calle",,"ROSARIO","Rosario","Asfalto","Pavimento","II","Dentro","Urbana","Ninguna","No existe","Intersección","Bueno","Buena","Diurna","Buen Tiempo","De alcance","S/D","Colisión","Ninguna","Faltante","Ninguna","Sin restricción"
2017,603,1/15/2017,"Domingo",0,4:10:00,,"0.0",1,"Pickup/Utilitario"," ",2,2,0,0,0,0,0,,"Camino Rural",,"SAN GUILLERMO","San Cristóbal","Ripio","Natural","XIII","Dentro","Urbana","Ninguna","No existe","Intersección","Ahuellamiento","Reducida","Nocturna","Buen Tiempo","S/D","S/D","Vuelco","Otro","Faltante","Ninguna","Sin restricción"
2017,604,1/7/2017,"Sabado",0,19:55:00,"Ruta Provincial 2","0.0",1,"Moto/Ciclomotor"," ",2,2,0,0,0,0,0,,"Ruta",2,"SAN CRISTÓBAL","San Cristóbal","Hormigón","Natural","XIII","Dentro","Urbana","Ninguna","No existe","Recta","Bueno","Buena","Diurna","Buen Tiempo","S/D","S/D","Vuelco","Ninguna","S/D","Ninguna","Sin restricción"
2017,605,1/12/2017,"Jueves",0,13:45:00,,"0.0",2,"Moto/Ciclomotor,Automóvil","Salta Y Entre Rios",2,1,0,0,1,0,0,,"Calle",,"ROSARIO","Rosario","Asfalto","No existe","II","Dentro","Urbana","Ninguna","Funciona","Intersección","Bueno","Buena","Diurna","Buen Tiempo","Lateral","S/D","Colisión","Ninguna","Vertical","Ninguna","Sin restricción"