"anio_acci","nro_acci","fecha","desc_dia","fecha_aprox","hora_aprox","desc_ruta","km","cant_participantes","desc_participante","calle_avenida_km","total","heridos_leves","heridos_graves","heridos_gravisimos","ilesos","fallecidos","sin_datos","posicion_XY","desc_tipo_via","desc_ruta_ori","desc_loc","desc_dpto","desc_tipo_calzada","desc_tipo_banquina","desc_unidad_regional","desc_lugar_calzada","desc_zona","desc_prioridad","desc_estado_semaforo","desc_lugar_via","desc_estado_via","desc_estado_visibilidad","desc_luminosidad","desc_estado_clima","desc_tipo_colision","desc_tipo_atropello","desc_tipo_hecho","desc_pres_calzada","desc_senializacion","desc_separacion_via","desc_restriccion"
2017,606,1/13/2017,"Viernes",0,12:00:00,,"0.0",2,"Bicicleta,Automóvil","Av. Belgrano Y Sgto Cabral",2,1,0,0,1,0,0,,"Avenida",,"ROSARIO","Rosario","Asfalto","No existe","II","Dentro","Urbana","Semáforo","Funciona","Intersección","Bueno","Buena","Diurna","Buen Tiempo","S/D","Ciclista","Atropello","Ninguna","Vertical","Ninguna","Sin restricción"
2017,607,1/23/2017,"Lunes",0,12:00:00,,"0.0",2,"Automóvil,Moto/Ciclomotor","Bv. Oroño Y Jujuy",2,1,0,0,1,0,0,,"Avenida",,"ROSARIO","Rosario","Asfalto","Pavimento","II","Dentro","Urbana","Ninguna","No existe","Intersección","Bueno","Buena","Diurna","Buen Tiempo","Lateral","S/D","Colisión","Ninguna","Faltante","Ninguna","Sin restricción"
2017,608,1/30/2017,"Lunes",0,18:40:00,,"0.0",2,"Automóvil,Peatón","Av. Wheelwright Y Mariano Moreno",2,1,0,0,1,0,0,,"Avenida",,"ROSARIO","Rosario","Asfalto","Pavimento","II","Dentro","Urbana","Semáforo","Funciona","Intersección","Bueno","Buena","Diurna","Buen Tiempo","S/D","Peatón","Atropello","Ninguna","Vertical","Ninguna","Sin restricción"
2017,609,1/10/2017,"Martes",0,1:30:00,"Ruta Provincial 2","0.0",2,"Moto/Ciclomotor,Camión c / Acoplado"," ",3,1,1,0,1,0,0,,"Ruta",2,"SAN CRISTÓBAL","San Cristóbal","Asfalto","Pavimento","XIII","Dentro","Urbana","Ninguna","No existe","Intersección","Bueno","Reducida","Nocturna,Con luz artificial","Buen Tiempo","Frontal","S/D","Colisión","Agua","Faltante","Línea divisoria pintada","Sin restricción"
2017,610,1/12/2017,"Jueves",0,7:00:00,,"0.0",2,"Taxi/Remis,Moto/Ciclomotor","9 De Julio Y Mitre",2,1,0,0,1,0,0,,"Calle",,"ROSARIO","Rosario","Asfalto","No existe","II","Dentro","Urbana","Ninguna","No existe","Intersección","Bueno","Buena","Diurna","Buen Tiempo","Lateral","S/D","Colisión","Ninguna","Faltante","Ninguna","Sin restricción"
2017,611,1/11/2017,"Miercoles",0,22:57:00,,"0.0",1,"Moto/Ciclomotor","Caseros 200",2,2,0,0,0,0,0,,"Calle",,"SAN CRISTÓBAL","San Cristóbal","Asfalto","Natural","XIII","Dentro","Urbana","Ninguna","No existe","Recta","S/D","Buena","Nocturna","Buen Tiempo","Atropello animal","S/D","Colisión","Ninguna","Faltante","Línea divisoria pintada","Sin restricción"
2017,612,1/7/2017,"Sabado",0,5:00:00,,"0.0",2,"Peatón,Automóvil","3 De Febrero Y Balcarce",2,1,0,0,1,0,0,,"Calle",,"ROSARIO","Rosario","Asfalto","No existe","II","Dentro","Urbana","Paso Peatonal","No existe","Intersección","Bueno","Buena","Amanecer","Buen Tiempo","S/D","Peatón","Atropello","Ninguna","Horizontal","Cordón divisorio","Sin restricción"
2017,613,1/21/2017,"Sabado",0,10:55:00,,"0.0",2,"Automóvil,Moto/Ciclomotor","E.Zeballos Y Mitre",2,1,0,0,1,0,0,,"Calle",,"ROSARIO","Rosario","Asfalto","No existe","II","Dentro","Urbana","Ninguna","No existe","Intersección","Bueno","Buena","Diurna","Buen Tiempo","Lateral","S/D","Colisión","Ninguna","Faltante","Ninguna","Sin restricción"
2017,614,1/18/2017,"Miercoles",0,13:05:00,,"0.0",2,"Peatón,Automóvil","Sarmiento Y 9 De Julio",2,1,0,0,1,0,0,,"Calle",,"ROSARIO","Rosario","Asfalto","No existe","II","Dentro","Urbana","Ninguna","No existe","Intersección","Bueno","Buena","Diurna","Buen Tiempo","S/D","S/D","Atropello","Ninguna","Faltante","Ninguna","Sin restricción"
2017,615,1/2/2017,"Lunes",0,20:45:00,,"0.0",3,"Automóvil,Bicicleta,Bicicleta","Jose de San Martin ",3,2,0,0,1,0,0,,"Calle",,"HERSILIA","San Cristóbal","Asfalto","Ripio","XIII","Dentro","Urbana","Ninguna","No existe","Intersección","Bueno","Buena","Nocturna","Buen Tiempo","S/D","Ciclista","Atropello","Ninguna","Vertical","Ninguna","Sin restricción"
2017,616,1/22/2017,"Domingo",0,4:40:00,,"0.0",2,"Automóvil,Automóvil","Montevideo Y Italia",3,1,0,0,2,0,0,,"Calle",,"ROSARIO","Rosario","Asfalto","No existe","II","Dentro","Urbana","Ninguna","No existe","Intersección","Bueno","Buena","Nocturna,Con luz artificial","Buen Tiempo","Lateral","S/D","Colisión","Ninguna","S/D","Cordón divisorio","Sin restricción"
2017,617,1/21/2017,"Sabado",0,7:30:00,,"0.0",2,"Camión c / Acoplado,Automóvil","San Luis Y Alvear",2,1,0,0,1,0,0,,"Calle",,"ROSARIO","Rosario","Asfalto","No existe","II","Dentro","Urbana","Semáforo","Funciona","Intersección","Bueno","Buena","Diurna","Buen Tiempo","Lateral","S/D","Colisión","Ninguna","Vertical","Cordón divisorio","Sin restricción"
2017,618,1/9/2017,"Lunes",0,15:30:00,,"0.0",2,"Automóvil,Moto/Ciclomotor","Mendoza Y Av. Ovidio Lagos",2,1,0,0,1,0,0,,"Avenida",,"ROSARIO","Rosario","Asfalto","S/D","II","Dentro","Urbana","S/D","Funciona","Intersección","Bueno","Buena","Diurna","Buen Tiempo","Lateral","S/D","Colisión","S/D","S/D","S/D","S/D"
2017,619,1/9/2017,"Lunes",0,,,"0.0",2,"Moto/Ciclomotor,Automóvil","Ricchieri Y Rioja",2,1,0,0,1,0,0,,"Calle",,"ROSARIO","Rosario","Asfalto","S/D","II","Dentro","Urbana","S/D","S/D","Intersección","S/D","Buena","S/D","Buen Tiempo","Lateral","S/D","Colisión","S/D","S/D","S/D","S/D"
2017,620,1/9/2017,"Lunes",0,9:30:00,,"0.0",2,"Automóvil,Bicicleta","Pascual Rosas Y San Luis",2,1,0,0,1,0,0,,"Calle",,"ROSARIO","Rosario","Asfalto","S/D","II","Dentro","Urbana","S/D","S/D","Intersección","S/D","Buena","Diurna","Buen Tiempo","S/D","Ciclista","Atropello","S/D","S/D","S/D","S/D"
2017,621,2/26/2017,"Domingo",0,0:45:00,"Ruta Provincial 18","50.0",1,"Automóvil"," ",5,0,1,0,4,0,0,,"Ruta",18,"SANTA TERESA","Constitución","Asfalto","Natural","VI","Dentro","Urbana","Ninguna","No existe","Recta","Bueno","Buena","Nocturna","Buen Tiempo","S/D","S/D","Vuelco","Ninguna","Faltante","Línea divisoria pintada","Sin restricción"
2017,622,2/16/2017,"Jueves",0,21:40:00,"Ruta Provincial 21","0.0",2,"Moto/Ciclomotor,Camión c / Acoplado","San Martin ",2,1,0,0,1,0,0,,"Ruta",21,"VILLA CONSTITUCIÓN","Constitución","Asfalto","Natural","VI","Dentro","Urbana","Ninguna","No existe","Recta","Bueno","Buena","Diurna","Buen Tiempo","Frontal","S/D","Colisión","Ninguna","S/D","Vegetación","Sin restricción"
2017,623,1/5/2017,"Jueves",0,16:00:00,,"0.0",2,"Taxi/Remis,Automóvil","Mendoza 4170",4,3,0,0,1,0,0,,"Calle",,"ROSARIO","Rosario","Asfalto","S/D","II","Dentro","Urbana","S/D","S/D","Intersección","Bueno","Buena","Diurna","Buen Tiempo","De alcance","S/D","Colisión","S/D","S/D","S/D","S/D"
2017,624,2/7/2017,"Martes",0,19:15:00,,"0.0",2,"Peatón,Automóvil","Tabares 1150",2,1,0,0,1,0,0,,"Calle",,"VILLA CONSTITUCIÓN","Constitución","Asfalto","No existe","VI","Dentro","Urbana","Ninguna","No existe","Recta","Bueno","Buena","Diurna","Buen Tiempo","S/D","Peatón","Atropello","Ninguna","Faltante","Ninguna","Sin restricción"
2017,625,2/4/2017,"Sabado",0,23:20:00,,"0.0",2,"Moto/Ciclomotor,Moto/Ciclomotor","Simon Bolivar Y Neuquen",2,2,0,0,0,0,0,,"Calle",,"VILLA CONSTITUCIÓN","Constitución","Asfalto","No existe","VI","Dentro","Urbana","Ninguna","No existe","Intersección","Bueno","Buena","Nocturna","Buen Tiempo","Frontal","S/D","Colisión","Ninguna","Faltante","Ninguna","Sin restricción"
2017,626,1/5/2017,"Jueves",0,12:15:00,,"0.0",2,"Automóvil,Moto/Ciclomotor","Pascual Rosas 1600",3,2,0,0,1,0,0,,"Calle",,"ROSARIO","Rosario","Asfalto","S/D","II","Dentro","Urbana","S/D","S/D","Recta","S/D","Buena","Diurna","Buen Tiempo","De alcance","S/D","Colisión","S/D","S/D","S/D","S/D"
2017,627,1/4/2017,"Miercoles",0,20:30:00,,"0.0",2,"Automóvil,Moto/Ciclomotor","Cafferata Y E.Zeballos",3,2,1,0,0,0,0,,"Calle",,"ROSARIO","Rosario","Asfalto","S/D","II","Dentro","Urbana","S/D","S/D","Intersección","S/D","Buena","Nocturna,Con luz artificial","Buen Tiempo","Lateral","S/D","Colisión","S/D","S/D","S/D","S/D"
2017,628,1/4/2017,"Miercoles",0,,,"0.0",2,"Bicicleta,Automóvil","San Juan Y Lima",2,1,0,0,1,0,0,,"Calle",,"ROSARIO","Rosario","Asfalto","S/D","II","Dentro","Urbana","S/D","No existe","Intersección","Bueno","Buena","Diurna","Buen Tiempo","S/D","Ciclista","Atropello","S/D","S/D","S/D","S/D"
2017,629,2/16/2017,"Jueves",0,12:00:00,,"0.0",3,"Pickup/Utilitario,Bicicleta,Bicicleta","España Y Carlos Pellegrini",3,1,0,0,2,0,0,,"Avenida",,"VENADO TUERTO","General López","Asfalto","No existe","VIII","Dentro","Urbana","Señal Pare","No existe","Intersección","Bueno","Buena","Diurna","Otro","S/D","Ciclista","Atropello","Ninguna","Horizontal,Vertical","Ninguna","Sin restricción"
2017,630,2/2/2017,"Jueves",0,14:40:00,,"0.0",2,"Moto/Ciclomotor,Pickup/Utilitario","Av. del Trabajo Y Pbro D Segundo",3,1,0,0,2,0,0,,"Calle",,"VILLA CONSTITUCIÓN","Constitución","Asfalto","Pavimento","VI","Dentro","Urbana","Ninguna","No existe","Intersección","Bueno","Buena","Diurna","Buen Tiempo","Frontal","S/D","Colisión","Ninguna","S/D","Ninguna","Sin restricción"
2017,631,1/24/2017,"Martes",0,0:50:00,,"0.0",2,"Taxi/Remis,Bicicleta","Rioja Y Mariano Moreno",2,1,0,0,1,0,0,,"Calle",,"ROSARIO","Rosario","Asfalto","No existe","II","Dentro","Urbana","Ninguna","No existe","Intersección","Bueno","Buena","Nocturna,Con luz artificial","Buen Tiempo","S/D","Peatón","Atropello","Ninguna","Faltante","Cordón divisorio","Sin restricción"
2017,632,2/16/2017,"Jueves",0,22:00:00,,"0.0",2,"Moto/Ciclomotor,Peatón","Chacabuco Y Casey",2,0,1,0,1,0,0,,"Avenida",,"VENADO TUERTO","General López","Asfalto","No existe","VIII","Dentro","Urbana","Señal Pare","No existe","Intersección","Bueno","Buena","Nocturna,Con luz artificial","Otro","S/D","Peatón","Atropello","S/D","Vertical","Ninguna","Sin restricción"
2017,633,2/4/2017,"Sabado",0,11:30:00,,"0.0",2,"Automóvil,Moto/Ciclomotor","G Lehmann 1500",2,1,0,0,1,0,0,,"Calle",,"ESPERANZA","Las Colonias","Asfalto","S/D","XI","Dentro","Urbana","Ninguna","S/D","Recta","Bueno","Reducida","Diurna","Lluvia","Lateral","S/D","Colisión","Agua","S/D","S/D","S/D"
2017,634,2/16/2017,"Jueves",0,,,"0.0",2,"Pickup/Utilitario,Bicicleta"," ",2,1,0,0,1,0,0,,"Calle",,"VENADO TUERTO","General López","Asfalto","No existe","VIII","Dentro","Urbana","Señal Pare","No existe","Intersección","Bueno","Buena","Diurna","Otro","S/D","Ciclista","Atropello","Ninguna","Vertical","Ninguna","Sin restricción"
2017,635,1/16/2017,"Lunes",0,4:30:00,"Ruta Nacional 34","92.0",1,"Automóvil"," ",4,4,0,0,0,0,0,,"Ruta",34,"CENTENO","San Jerónimo","Asfalto","Natural","XV","Dentro","Urbana","Ninguna","No existe","Recta","Resbaladiza","Reducida","Nocturna","Lluvia","S/D","S/D","Despiste","Agua","Faltante","Ninguna","Sin restricción"
2017,636,2/24/2017,"Viernes",0,21:30:00,,"0.0",2,"Moto/Ciclomotor,Automóvil","Santa Fe Y Maipu",2,1,0,0,1,0,0,,"Avenida",,"VENADO TUERTO","General López","Asfalto","No existe","VIII","Dentro","Urbana","Señal Pare","No existe","Intersección","Bueno","Buena","Nocturna,Con luz artificial","Otro","Lateral","S/D","Colisión","Ninguna","Vertical","Ninguna","Sin restricción"
2017,637,2/17/2017,"Viernes",0,8:50:00,,"0.0",2,"Moto/Ciclomotor,Automóvil","Potosi Y Av Escalada",2,1,0,0,1,0,0,,"Calle",,"EMPALME VILLA CONSTITUCIÓN","Constitución","Hormigón","Pavimento","VI","Dentro","Urbana","Ninguna","No existe","Intersección","Deteriorada","Buena","Diurna","Buen Tiempo","Lateral","S/D","Colisión","Ninguna","Vertical","Ninguna","Sin restricción"
2017,638,1/9/2017,"Lunes",0,12:00:00,"Ruta Provincial 65","0.0",2,"Camión c / Acoplado,Pickup/Utilitario","Ruta Nac 34 ",2,1,0,0,1,0,0,,"Ruta",65,"SAN GENARO","San Jerónimo","Asfalto","S/D","XV","Dentro","Rural","S/D","S/D","Cruce","Bueno","Buena","Diurna","Buen Tiempo","Lateral","S/D","Colisión","Ninguna","S/D","S/D","S/D"
2017,639,2/26/2017,"Domingo",0,20:00:00,,"0.0",2,"Automóvil,Moto/Ciclomotor","Lisandro de la Torre Y Jose Aufranc",2,1,0,0,1,0,0,,"Avenida",,"VENADO TUERTO","General López","Asfalto","No existe","VIII","Dentro","Urbana","Señal Pare","No existe","Intersección","Bueno","Buena","Nocturna,Con luz artificial","Otro","Lateral","S/D","Colisión","S/D","Vertical","Ninguna","S/D"
2017,640,2/12/2017,"Domingo",0,19:55:00,"Ruta Provincial 90","47.0",2,"Automóvil,Automóvil"," ",5,5,0,0,0,0,0,,"Ruta",90,"SANTA TERESA","Constitución","Asfalto","Natural","VI","Dentro","Urbana","Otra Señal","No existe","Recta","S/D","Buena","Atardecer","Buen Tiempo","Contra objeto fijo","S/D","Colisión","Otro","Horizontal","Ninguna","Reparación de Vía"
2017,641,2/1/2017,"Miercoles",0,12:15:00,,"0.0",2,"Pickup/Utilitario,Moto/Ciclomotor"," ",2,0,1,0,1,0,0,,"S/D",,"SAN JUSTO","San Justo","Asfalto","S/D","XVI","S/D","Urbana","Ninguna","S/D","Intersección","Bueno","S/D","Diurna","Buen Tiempo","Lateral","S/D","Colisión","Ninguna","Faltante","Ninguna","Sin restricción"
2017,642,2/24/2017,"Viernes",0,19:30:00,,"0.0",2,"Peatón,Automóvil","S Martin Y Fco Angeloni",2,1,0,0,1,0,0,,"Calle",,"SAN JUSTO","San Justo","Asfalto","No existe","XVI","Dentro","Urbana","Ninguna","No existe","Otro","Bueno","Buena","Atardecer","Buen Tiempo","S/D","Peatón","Atropello","Ninguna","Faltante","Ninguna","S/D"
2017,643,2/3/2017,"Viernes",0,7:35:00,,"0.0",2,"Automóvil,Moto/Ciclomotor","Mariano Moreno Y Nicolas Avellaneda",2,1,0,0,1,0,0,,"Calle",,"VENADO TUERTO","General López","Asfalto","No existe","VIII","Dentro","Urbana","Señal Pare","No existe","Intersección","Bueno","Buena","Diurna","S/D","Lateral","S/D","Colisión","S/D","Vertical","Ninguna","Sin restricción"
2017,644,2/7/2017,"Martes",0,18:50:00,,"0.0",2,"Moto/Ciclomotor,Automóvil","Gdor Cabal Y H Irigoyen",2,1,0,0,1,0,0,,"Calle",,"SAN JUSTO","San Justo","Asfalto","No existe","XVII","S/D","Urbana","Ninguna","No existe","Intersección","Bueno","Buena","Diurna","Buen Tiempo","Lateral","S/D","Colisión","Ninguna","Horizontal","Ninguna","Sin restricción"
2017,645,2/3/2017,"Viernes",0,17:00:00,,"0.0",2,"Moto/Ciclomotor,Automóvil","España Y Carlos Pellegrini",2,1,0,0,1,0,0,,"Calle",,"VENADO TUERTO","General López","Asfalto","No existe","VIII","Dentro","Urbana","Señal Pare","No existe","Intersección","Bueno","Buena","Diurna","S/D","Lateral","S/D","Colisión","S/D","Horizontal,Vertical","Ninguna","Sin restricción"
2017,646,2/15/2017,"Miercoles",0,18:20:00,"Ruta Nacional 11","828.0",2,"Camión c / Acoplado,Moto/Ciclomotor"," ",3,2,0,0,1,0,0,,"Ruta",11,"LAS GARZAS","General Obligado","Asfalto","Natural","IX","Dentro","Rural","Ninguna","No existe","Recta","Bueno","Buena","Diurna","Buen Tiempo","S/D","S/D","Otro","Ninguna","Faltante","Línea divisoria pintada","S/D"
2017,647,2/5/2017,"Domingo",0,22:10:00,,"0.0",2,"Moto/Ciclomotor,Automóvil","Lisandro de la Torre Y Lopez",2,1,0,0,1,0,0,,"Calle",,"VENADO TUERTO","General López","Asfalto","No existe","VIII","Dentro","Urbana","Señal Pare","No existe","Intersección","Bueno","Buena","Nocturna,Con luz artificial","Buen Tiempo","Lateral","S/D","Colisión","S/D","Vertical","Ninguna","Sin restricción"
2017,648,2/7/2017,"Martes",0,8:05:00,,"0.0",2,"Moto/Ciclomotor,Pickup/Utilitario","Santa Fe Y Martin de Pueyrredon",2,1,0,0,1,0,0,,"Calle",,"VENADO TUERTO","General López","Asfalto","No existe","VIII","Dentro","Urbana","Señal Pare","No existe","Intersección","Bueno","Buena","Diurna","S/D","Lateral","S/D","Colisión","Ninguna","Vertical","Ninguna","Sin restricción"
2017,649,2/21/2017,"Martes",0,12:20:00,,"0.0",2,"Moto/Ciclomotor,Automóvil","Calle 21-Gdor. iriondo 553",1,1,0,0,0,0,0,,"Calle",,"RECONQUISTA","General Obligado","Asfalto","No existe","IX","Dentro","Urbana","Ninguna","No existe","Recta","Bueno","Buena","Diurna","Buen Tiempo","Lateral","S/D","Colisión","Ninguna","Faltante","Cordón divisorio","Sin restricción"
2017,650,2/19/2017,"Domingo",0,19:15:00,,"0.0",2,"Moto/Ciclomotor,Automóvil","Calle 16 Gral Obligado Y Calle 29-Alte Brown",3,2,0,0,1,0,0,,"Calle",,"RECONQUISTA","General Obligado","Asfalto","No existe","IX","Dentro","Urbana","Ninguna","No existe","Intersección","Bueno","Buena","Atardecer","Buen Tiempo","Lateral","S/D","Colisión","Ninguna","S/D","Cordón divisorio","Sin restricción"
2017,651,2/8/2017,"Miercoles",0,18:25:00,,"0.0",2,"Automóvil,Moto/Ciclomotor","Lisandro de la Torre Y Martin de Pueyrredon",2,1,0,0,1,0,0,,"Calle",,"VENADO TUERTO","General López","Asfalto","No existe","VIII","Dentro","Urbana","Señal Pare","No existe","Intersección","Bueno","Buena","Diurna","Buen Tiempo","Lateral","S/D","Colisión","S/D","Vertical","Ninguna","Sin restricción"
2017,652,2/8/2017,"Miercoles",0,18:00:00,"Ruta Nacional 8","0.0",2,"Automóvil,Moto/Ciclomotor","Nicolas Avellaneda ",3,2,0,0,1,0,0,,"Ruta",8,"VENADO TUERTO","General López","Asfalto","No existe","VIII","Dentro","Urbana","Semáforo","Funciona","Intersección","Bueno","Buena","Diurna","Buen Tiempo","Lateral","S/D","Colisión","S/D","Horizontal,Vertical","Ninguna","Sin restricción"
2017,653,2/10/2017,"Viernes",0,19:00:00,,"0.0",2,"Moto/Ciclomotor,Pickup/Utilitario","Domingo Faustino Sarmiento Y Los Andes",2,1,0,0,1,0,0,,"Calle",,"VENADO TUERTO","General López","Asfalto","No existe","VII","Dentro","Urbana","Ninguna","No existe","Intersección","Bueno","Buena","Diurna","Buen Tiempo","Lateral","S/D","Colisión","S/D","Horizontal,Vertical","Ninguna","Sin restricción"
2017,654,2/12/2017,"Domingo",0,11:00:00,,"0.0",2,"Automóvil,Automóvil","Lisandro de la Torre Y Iturraspe",3,1,0,0,2,0,0,,"Calle",,"VENADO TUERTO","General López","Asfalto","No existe","VII","Dentro","Urbana","Señal Pare","No existe","Intersección","Bueno","Buena","Diurna","Buen Tiempo","Lateral","S/D","Colisión","S/D","Horizontal,Vertical","Ninguna","Sin restricción"
2017,655,2/18/2017,"Sabado",0,20:00:00,,"0.0",2,"Moto/Ciclomotor,Taxi/Remis","Mendoza Y Zavalia",3,2,0,0,1,0,0,,"Calle",,"SANTA FE","La Capital","Asfalto","No existe","I","Dentro","Urbana","Ninguna","No existe","Intersección","Bueno","Buena","Nocturna","Buen Tiempo","S/D","S/D","Colisión","Ninguna","Vertical","Ninguna","Sin restricción"
2017,656,2/15/2017,"Miercoles",0,12:45:00,,"0.0",2,"Automóvil,Moto/Ciclomotor","Av Freyre Y Gdor Crespo",2,1,0,0,1,0,0,,"Calle",,"SANTA FE","La Capital","Asfalto","No existe","I","Dentro","Urbana","Ninguna","No existe","Intersección","Bueno","Buena","Diurna","Buen Tiempo","Frontal","S/D","Colisión","Ninguna","Vertical","Ninguna","Sin restricción"
2017,657,2/14/2017,"Martes",0,16:55:00,,"0.0",2,"Moto/Ciclomotor,Automóvil","Bv Pellegrini Y Francia",2,1,0,0,1,0,0,,"Calle",,"SANTA FE","La Capital","Asfalto","No existe","I","Dentro","Urbana","Ninguna","No existe","Intersección","Bueno","Buena","Diurna","Buen Tiempo","Lateral","S/D","Colisión","Ninguna","Vertical","Ninguna","Sin restricción"
2017,658,2/23/2017,"Jueves",0,15:20:00,"Ruta Nacional 11","0.0",2,"Camión c / Acoplado,Bicicleta"," ",2,1,0,0,1,0,0,,"Ruta",11,"SAN JUSTO","San Justo","Hormigón","Natural","XVII","Dentro","Urbana","Ninguna","No existe","Recta","Bueno","Buena","Diurna","Buen Tiempo","S/D","Ciclista","Atropello","Ninguna","S/D","Ninguna","Sin restricción"
2017,659,2/3/2017,"Viernes",0,14:45:00,,"0.0",2,"Moto/Ciclomotor,Automóvil","Calle 25-Rivadavia Y Calle 18 - Gral Belgrano",2,1,0,0,1,0,0,,"Calle",,"RECONQUISTA","General Obligado","Asfalto","No existe","IX","Dentro","Urbana","Ninguna","S/D","Intersección","Bueno","Buena","Diurna","Buen Tiempo","Lateral","S/D","Colisión","Ninguna","S/D","Cordón divisorio","Sin restricción"
2017,660,2/24/2017,"Viernes",0,22:00:00,"Ruta Nacional A012","0.0",2,"Camión c / Acoplado,Automóvil"," ",2,1,0,0,1,0,0,,"Ruta","A012","RICARDONE","San Lorenzo","Hormigón","Natural","XVII","Dentro","Urbana","Ninguna","No existe","Recta","Bueno","Buena","Nocturna","Buen Tiempo","Otro","S/D","Colisión","Ninguna","Faltante","Ninguna","Sin restricción"
2017,661,2/14/2017,"Martes",0,9:10:00,,"0.0",1,"Pickup/Utilitario","Calle 26 - Bolivar 650",2,1,0,0,1,0,0,,"Calle",,"RECONQUISTA","General Obligado","Asfalto","No existe","IX","Dentro","Urbana","Ninguna","No existe","Recta","Bueno","Buena","Diurna","Buen Tiempo","Lateral","S/D","Colisión","Ninguna","S/D","Cordón divisorio","Sin restricción"
2017,662,2/11/2017,"Sabado",0,17:55:00,,"0.0",2,"Automóvil,Moto/Ciclomotor","Calle 23-Gral lopez Y Calle 24 - Olessio",2,1,0,0,1,0,0,,"Calle",,"RECONQUISTA","General Obligado","Asfalto","No existe","IX","Dentro","Urbana","Ninguna","No existe","Intersección","Bueno","Buena","Diurna","Lluvia","Lateral","S/D","Colisión","Ninguna","S/D","Cordón divisorio","Sin restricción"
2017,663,2/18/2017,"Sabado",0,18:20:00,"Autopista Provincial Brigadier E.López","23.0",2,"Automóvil,Camión c / Semirremolque"," ",3,1,0,0,2,0,0,,"Autopista","Brigadier E.López","TIMBÚES","San Lorenzo","Asfalto","Pavimento","XVII","Dentro","Urbana","Ninguna","No existe","Recta","Bueno","Buena","Diurna","Buen Tiempo","De alcance","S/D","Colisión","Ninguna","Horizontal","Vegetación","Sin restricción"
2017,664,2/10/2017,"Viernes",0,14:15:00,,"0.0",2,"Automóvil,Moto/Ciclomotor","Calle 16 Gral Obligado Y Calle 13-Iturraspe",2,1,0,0,1,0,0,,"Calle",,"RECONQUISTA","General Obligado","Asfalto","No existe","IX","Dentro","Urbana","Ninguna","S/D","Intersección","Bueno","Buena","Diurna","Buen Tiempo","Lateral","S/D","Colisión","Ninguna","S/D","Cordón divisorio","S/D"
2017,665,2/14/2017,"Martes",0,12:20:00,,"0.0",2,"Automóvil,Moto/Ciclomotor","Av Freyre Y Gdor Crespo",2,1,0,0,1,0,0,,"Avenida",,"SANTA FE","La Capital","Asfalto","No existe","I","S/D","Urbana","Ninguna","No existe","Intersección","Bueno","Buena","Diurna","Buen Tiempo","Lateral","S/D","Colisión","Ninguna","Vertical","Ninguna","Sin restricción"
2017,666,2/9/2017,"Jueves",0,15:15:00,,"0.0",2,"Moto/Ciclomotor,Automóvil","Calle 19-Habegger Y Calle 6-Ituzaingo",2,1,0,0,1,0,0,,"Calle",,"RECONQUISTA","General Obligado","Asfalto","No existe","XI","Dentro","Urbana","Ninguna","No existe","Intersección","Bueno","Buena","Diurna","Buen Tiempo","Lateral","S/D","Colisión","Ninguna","S/D","Cordón divisorio","Sin restricción"
2017,667,2/13/2017,"Lunes",0,16:40:00,,"0.0",2,"Moto/Ciclomotor,Automóvil","La Rioja Y Lamadrid",2,0,1,0,1,0,0,,"Calle",,"SANTA FE","La Capital","Asfalto","No existe","I","S/D","Urbana","Ninguna","No existe","Intersección","Bueno","Buena","Diurna","Buen Tiempo","Lateral","S/D","Colisión","Ninguna","Vertical","Ninguna","Sin restricción"
2017,668,2/8/2017,"Miercoles",0,20:30:00,,"0.0",2,"Peatón,Moto/Ciclomotor","Calle 44-27 de Abril Y Calle 23-Gral lopez",2,2,0,0,0,0,0,,"Calle",,"RECONQUISTA","General Obligado","Asfalto","No existe","IX","Dentro","Urbana","Paso Peatonal","No existe","Intersección","Bueno","Buena","Nocturna","Buen Tiempo","S/D","S/D","Atropello","Ninguna","S/D","Ninguna","Sin restricción"
2017,669,2/10/2017,"Viernes",0,12:15:00,,"0.0",2,"Moto/Ciclomotor,Automóvil","Francia Y Hipolito Yrigoyen",2,1,0,0,1,0,0,,"Calle",,"SANTA FE","La Capital","Asfalto","No existe","I","S/D","Urbana","Ninguna","No existe","Intersección","Bueno","Buena","Diurna","Buen Tiempo","Lateral","S/D","Colisión","Ninguna","Vertical","Ninguna","Sin restricción"
2017,670,2/10/2017,"Viernes",0,11:00:00,,"0.0",2,"Bicicleta,Automóvil","Hipolito Yrigoyen Y Av Freyre",2,1,0,0,1,0,0,,"Avenida",,"SANTA FE","La Capital","Asfalto","No existe","I","S/D","Urbana","Ninguna","No existe","Intersección","Bueno","Buena","Diurna","Buen Tiempo","S/D","S/D","Atropello","Ninguna","Vertical","Ninguna","Sin restricción"