"anio_acci","nro_acci","fecha","desc_dia","fecha_aprox","hora_aprox","desc_ruta","km","cant_participantes","desc_participante","calle_avenida_km","total","heridos_leves","heridos_graves","heridos_gravisimos","ilesos","fallecidos","sin_datos","posicion_XY","desc_tipo_via","desc_ruta_ori","desc_loc","desc_dpto","desc_tipo_calzada","desc_tipo_banquina","desc_unidad_regional","desc_lugar_calzada","desc_zona","desc_prioridad","desc_estado_semaforo","desc_lugar_via","desc_estado_via","desc_estado_visibilidad","desc_luminosidad","desc_estado_clima","desc_tipo_colision","desc_tipo_atropello","desc_tipo_hecho","desc_pres_calzada","desc_senializacion","desc_separacion_via","desc_restriccion"
2017,671,2/8/2017,"Miercoles",0,18:15:00,"Ruta Nacional 11","0.0",2,"Moto/Ciclomotor,Moto/Ciclomotor","Ruta Nacional 11 Y Calle 33-Pueyrredon",2,1,0,0,1,0,0,,"Ruta",11,"RECONQUISTA","General Obligado","Asfalto","No existe","IX","Dentro","Urbana","Ninguna","Funciona","Intersección","Bueno","Buena","Atardecer","S/D","Lateral","S/D","Colisión","Ninguna","S/D","Ninguna","S/D"
2017,672,2/10/2017,"Viernes",0,9:00:00,,"0.0",2,"Moto/Ciclomotor,Moto/Ciclomotor","Mendoza Y Saavedra",2,1,0,0,1,0,0,,"Calle",,"SANTA FE","La Capital","Asfalto","No existe","I","S/D","Urbana","Ninguna","No existe","Intersección","Bueno","Buena","Diurna","Buen Tiempo","Lateral","S/D","Colisión","Ninguna","Vertical","Ninguna","Sin restricción"
2017,673,2/8/2017,"Miercoles",0,18:00:00,,"0.0",2,"Moto/Ciclomotor,Automóvil","Calle 30-Lucas Funes Y Calle 17-Bartolome Mitre",2,1,0,0,1,0,0,,"Calle",,"RECONQUISTA","General Obligado","Asfalto","No existe","IX","Dentro","Urbana","Ninguna","S/D","Intersección","Bueno","Buena","Atardecer","Buen Tiempo","Lateral","S/D","Colisión","Ninguna","S/D","Cordón divisorio","S/D"
2017,674,2/9/2017,"Jueves",0,17:20:00,,"0.0",2,"Moto/Ciclomotor,Automóvil","Francia Y Hipolito Yrigoyen",2,1,0,0,1,0,0,,"Calle",,"SANTA FE","La Capital","Asfalto","No existe","I","S/D","Urbana","Ninguna","No existe","Intersección","Bueno","Buena","Atardecer","Buen Tiempo","Lateral","S/D","Colisión","Ninguna","Vertical","Ninguna","Sin restricción"
2017,675,2/7/2017,"Martes",0,15:45:00,,"0.0",2,"Bicicleta,Automóvil","Calle 16-Obligado Y Calle 29-Alte Brown",2,1,0,0,1,0,0,,"S/D",,"RECONQUISTA","General Obligado","Asfalto","No existe","IX","Dentro","Urbana","Ninguna","No existe","Intersección","Bueno","Buena","Diurna","Buen Tiempo","S/D","Ciclista","Atropello","Ninguna","S/D","Cordón divisorio","Sin restricción"
2017,676,2/6/2017,"Lunes",0,8:40:00,,"0.0",2,"Bicicleta,Automóvil","Calle 12 San Martin ",2,1,0,0,1,0,0,,"Calle",,"RECONQUISTA","General Obligado","Asfalto","No existe","IX","Dentro","Urbana","Ninguna","No existe","Recta","Bueno","Buena","Diurna","Buen Tiempo","S/D","S/D","Atropello","Ninguna","S/D","Cordón divisorio","Sin restricción"
2017,677,2/7/2017,"Martes",0,19:30:00,,"0.0",2,"Bicicleta,Pickup/Utilitario","Saavedra Y Salta",2,1,0,0,1,0,0,,"S/D",,"SANTA FE","La Capital","Asfalto","No existe","I","S/D","S/D","Ninguna","No existe","Intersección","Bueno","Buena","Atardecer","Buen Tiempo","S/D","Ciclista","Atropello","Ninguna","Vertical","Ninguna","Sin restricción"
2017,678,2/5/2017,"Domingo",0,18:50:00,"Ruta Nacional 11","0.0",2,"Moto/Ciclomotor,Camión Chasis","Calle 15-Patricio Diez ",3,2,0,0,1,0,0,,"Ruta",11,"RECONQUISTA","General Obligado","Asfalto","No existe","IX","Dentro","Urbana","Ninguna","Funciona","Intersección","Bueno","Buena","Atardecer","Buen Tiempo","S/D","S/D","Colisión","Ninguna","S/D","Cordón divisorio","Sin restricción"
2017,679,2/5/2017,"Domingo",0,5:50:00,,"0.0",2,"Peatón,Taxi/Remis","Hipolito Yrigoyen ",2,1,0,0,1,0,0,,"Calle",,"SANTA FE","La Capital","Asfalto","No existe","I","S/D","Urbana","Ninguna","No existe","Intersección","Bueno","Buena","Diurna","Buen Tiempo","S/D","Peatón","Atropello","Ninguna","Vertical","Ninguna","Sin restricción"
2017,680,2/4/2017,"Sabado",0,13:40:00,,"0.0",2,"Taxi/Remis,Moto/Ciclomotor","Av Freyre Y Obispo Gelabert",2,1,0,0,1,0,0,,"Avenida",,"SANTA FE","La Capital","Asfalto","No existe","I","S/D","Urbana","Ninguna","Funciona","Intersección","Bueno","Buena","Diurna","Buen Tiempo","Lateral","S/D","Colisión","Ninguna","Horizontal","Ninguna","Sin restricción"
2017,681,2/3/2017,"Viernes",0,23:35:00,"Ruta Nacional 11","0.0",2,"Moto/Ciclomotor,Automóvil","PUENTE DEL REY ",2,1,0,0,1,0,0,,"Ruta",11,"RECONQUISTA","General Obligado","Asfalto","No existe","IX","Dentro","Urbana","Ninguna","S/D","Recta","Bueno","Buena","Nocturna","Buen Tiempo","Lateral","S/D","Colisión","Ninguna","S/D","Guardarrail","Sin restricción"
2017,682,2/25/2017,"Sabado",0,17:55:00,,"0.0",2,"Automóvil,Moto/Ciclomotor","Saavedra ",4,3,0,0,1,0,0,,"S/D",,"SANTA FE","La Capital","Asfalto","No existe","I","S/D","Urbana","Ninguna","No existe","Intersección","Con baches","Buena","Diurna","Buen Tiempo","Lateral","S/D","Colisión","Ninguna","Faltante","Ninguna","S/D"
2017,683,2/14/2017,"Martes",0,14:50:00,"Ruta Nacional 11","0.0",2,"Automóvil,Moto/Ciclomotor","PUENTE CARRETERO ",2,1,0,0,1,0,0,,"Ruta",11,"SANTA FE","La Capital","Asfalto","No existe","I","S/D","Urbana","Ninguna","No existe","Puente","Con baches","Buena","Diurna","Buen Tiempo","De alcance","S/D","Colisión","Ninguna","Faltante","Ninguna","Sin restricción"
2017,684,2/23/2017,"Jueves",0,10:00:00,,"0.0",2,"Bicicleta,Automóvil","Dr Zavalla Y Uruguay",4,1,0,0,3,0,0,,"Avenida",,"SANTA FE","La Capital","S/D","S/D","I","S/D","Urbana","Ninguna","S/D","S/D","Otro","S/D","Diurna","Otro","S/D","Ciclista","Atropello","Ninguna","S/D","Ninguna","S/D"
2017,685,2/10/2017,"Viernes",0,,,"0.0",2,"Moto/Ciclomotor,Moto/Ciclomotor","Av Santa Fe Y Sunchales",2,2,0,0,0,0,0,,"Calle",,"DÍAZ","San Jerónimo","Asfalto","No existe","XV","Dentro","Urbana","Ninguna","No existe","S/D","Bueno","Buena","Con luz artificial","Otro","De alcance","S/D","Colisión","Ninguna","S/D","Ninguna","Sin restricción"
2017,686,2/3/2017,"Viernes",0,9:24:00,"Ruta Nacional 11","0.0",14,"Camión c / Acoplado,Automóvil,Automóvil,Automóvil,Automóvil,Automóvil,Pickup/Utilitario,Camión Chasis,Pickup/Utilitario,Pickup/Utilitario,Camión Chasis,Pickup/Utilitario,Pickup/Utilitario,Pickup/Utilitario","Calle 3-Almafuerte ",15,1,0,0,14,0,0,,"Ruta",11,"RECONQUISTA","General Obligado","Asfalto","No existe","IX","Dentro","Urbana","Ninguna","Funciona","Recta","Bueno","Buena","Diurna","Buen Tiempo","Múltiple","S/D","Colisión","Ninguna","S/D","Cordón divisorio","Sin restricción"
2017,687,2/17/2017,"Viernes",0,14:20:00,,"322.0",1,"Moto/Ciclomotor"," ",1,1,0,0,0,0,0,,"S/D",,"LOGROÑO","9 de Julio","Asfalto","Natural","XII","Fuera","S/D","Ninguna","No existe","Recta","Bueno","Buena","Diurna","Buen Tiempo","Otro","S/D","Caída ocupante","Ninguna","Faltante","Línea divisoria pintada","S/D"
2017,688,2/28/2017,"Martes",0,22:20:00,"Ruta Provincial 2","0.0",2,"Pickup/Utilitario,Camión"," ",2,1,0,0,0,0,1,,"Ruta",2,"LOGROÑO","9 de Julio","Asfalto","Natural","XII","Dentro","Rural","Ninguna","No existe","Recta","Bueno","Buena","Nocturna","Buen Tiempo","Lateral","S/D","Colisión","Ninguna","Faltante","Ninguna","S/D"
2017,689,2/3/2017,"Viernes",0,3:10:00,"Ruta Nacional 11","0.0",2,"Moto/Ciclomotor,Pickup/Utilitario","Calle 21-Gdor. iriondo ",3,2,0,0,1,0,0,,"Ruta",11,"RECONQUISTA","General Obligado","Asfalto","No existe","IX","Dentro","Urbana","Ninguna","S/D","Intersección","Bueno","Buena","Amanecer","Buen Tiempo","Lateral","S/D","Colisión","Ninguna","S/D","Cordón divisorio","Sin restricción"
2017,690,2/6/2017,"Lunes",0,14:30:00,,"0.0",2,"Pickup/Utilitario,Moto/Ciclomotor","Chacabuco Y Alberdi",2,1,0,0,1,0,0,,"Calle",,"SAN CRISTÓBAL","San Cristóbal","S/D","S/D","XIII","Dentro","Urbana","Ninguna","S/D","Intersección","S/D","Buena","Diurna","Buen Tiempo","Lateral","S/D","Colisión","S/D","S/D","S/D","Sin restricción"
2017,691,2/21/2017,"Martes",0,20:00:00,,"0.0",2,"Automóvil,Moto/Ciclomotor","Av J J Paso Y Dr Zavalla",2,1,0,0,1,0,0,,"S/D",,"SANTA FE","La Capital","Asfalto","No existe","I","S/D","Urbana","Ninguna","No existe","Intersección","Con baches","Buena","Nocturna","Buen Tiempo","Lateral","S/D","Colisión","Ninguna","Faltante","Ninguna","Sin restricción"
2017,692,2/3/2017,"Viernes",0,12:30:00,"Ruta Nacional 19","19.0",2,"Automóvil,Camión c / Semirremolque"," ",2,1,0,0,1,0,0,,"Ruta",19,"SAN AGUSTÍN","Las Colonias","Asfalto","Pavimento","XI","Dentro","Urbana","Señal Ceda el Paso","No existe","Otro","Bueno","Buena","Diurna","Buen Tiempo","S/D","S/D","Colisión","S/D","Vertical","Vegetación","Sin restricción"
2017,693,2/9/2017,"Jueves",0,1:20:00,"Ruta Provincial 4","0.0",1,"Automóvil"," ",1,1,0,0,0,0,0,,"Ruta",4,"ÑANDUCITA","San Cristóbal","Hormigón","S/D","XIII","Dentro","Rural","S/D","No existe","Recta","Bueno","Buena","Nocturna","Buen Tiempo","S/D","S/D","Vuelco","Ninguna","S/D","S/D","S/D"
2017,694,2/21/2017,"Martes",0,22:10:00,,"0.0",2,"Peatón,Automóvil","Monseñor Mario Mendoza 3463",2,1,0,0,1,0,0,,"Avenida",,"SANTA FE","La Capital","Asfalto","No existe","I","S/D","Urbana","Ninguna","No existe","Recta","Con baches","Buena","Nocturna","Buen Tiempo","S/D","Peatón","Atropello","Ninguna","Faltante","Ninguna","Sin restricción"
2017,695,2/5/2017,"Domingo",0,1:10:00,,"0.0",2,"Automóvil,Moto/Ciclomotor","Pellegrini Y Santa Fe",3,1,0,1,1,0,0,,"Calle",,"LAGUNA PAIVA","La Capital","Hormigón","S/D","I","Dentro","Urbana","Ninguna","S/D","Intersección","Bueno","Buena","Nocturna","Buen Tiempo","Lateral","S/D","Colisión","S/D","S/D","S/D","S/D"
2017,696,2/24/2017,"Viernes",0,20:15:00,,"0.0",2,"Moto/Ciclomotor,Bicicleta","Simon de Iriondo ",2,1,0,0,1,0,0,,"Calle",,"ESPERANZA","Las Colonias","Asfalto","No existe","XI","Dentro","Urbana","Ninguna","No existe","Recta","Bueno","Buena","Nocturna,Con luz artificial","Buen Tiempo","S/D","Ciclista","Atropello","S/D","S/D","Ninguna","Sin restricción"
2017,697,2/9/2017,"Jueves",0,18:30:00,,"0.0",2,"Peatón,Moto/Ciclomotor","Av Candioti Y Entre Rios",3,0,2,0,1,0,0,,"Avenida",,"LAGUNA PAIVA","La Capital","Asfalto","No existe","I","Dentro","Urbana","S/D","No existe","Recta","Bueno","Buena","Diurna","Buen Tiempo","S/D","Peatón","Atropello","Ninguna","Faltante","S/D","S/D"
2017,698,2/9/2017,"Jueves",0,18:10:00,,"0.0",2,"Automóvil,Automóvil","Monseñor Zaspe Y Av Freyre",2,2,0,0,0,0,0,,"Avenida",,"SANTA FE","La Capital","S/D","S/D","I","Dentro","Urbana","Ninguna","S/D","S/D","Otro","S/D","Diurna","Otro","S/D","S/D","Colisión","S/D","S/D","Ninguna","S/D"
2017,699,2/9/2017,"Jueves",0,8:10:00,,"0.0",1,"Moto/Ciclomotor","Almafuerte Y Gobernador Crespo",1,1,0,0,0,0,0,,"Calle",,"ESPERANZA","Las Colonias","Asfalto","S/D","XI","Dentro","Urbana","Ninguna","No existe","Intersección","Bueno","Buena","Diurna","Buen Tiempo","Atropello animal","S/D","Colisión","Ninguna","Vertical","Ninguna","Sin restricción"
2017,700,2/10/2017,"Viernes",0,22:10:00,,"0.0",2,"Automóvil,Moto/Ciclomotor","Independencia Y Pastor Barrios",2,1,0,0,1,0,0,,"Calle",,"LAGUNA PAIVA","La Capital","Asfalto","Natural","I","Dentro","Urbana","S/D","No existe","Intersección","Bueno","Buena","Nocturna,Con luz artificial","Buen Tiempo","Lateral","S/D","Colisión","Ninguna","Horizontal","S/D","S/D"
2017,701,2/26/2017,"Domingo",0,6:10:00,"Ruta Provincial 13","98.0",2,"Automóvil,Moto/Ciclomotor"," ",2,1,0,0,1,0,0,,"Ruta",13,"MARIA JUANA","Castellanos","Asfalto","Ripio","V","Dentro","Urbana","Ninguna","Intermitente","Recta","Bueno","Buena","Nocturna","Buen Tiempo","S/D","S/D","Colisión","Ninguna","Horizontal,Vertical","Línea divisoria pintada","Sin restricción"
2017,702,2/7/2017,"Martes",0,18:40:00,,"0.0",2,"Automóvil,Moto/Ciclomotor","Dr Zavalla Y Entre Rios",2,1,0,0,1,0,0,,"Calle",,"SANTA FE","La Capital","Asfalto","No existe","I","Dentro","Urbana","Ninguna","No existe","Intersección","Con baches","Buena","Diurna","Buen Tiempo","De alcance","S/D","Colisión","Ninguna","Faltante","Ninguna","Sin restricción"
2017,703,2/10/2017,"Viernes",0,17:10:00,,"0.0",2,"Automóvil,Bicicleta","Moreno Y Maipu",2,1,0,0,1,0,0,,"Calle",,"LAGUNA PAIVA","La Capital","Asfalto","No existe","I","Dentro","Urbana","Ninguna","No existe","Intersección","Bueno","Buena","Diurna","Buen Tiempo","S/D","Ciclista","Atropello","Ninguna","Horizontal,Vertical","Ninguna","Sin restricción"
2017,704,2/23/2017,"Jueves",0,0:30:00,"Ruta Provincial 13","94.0",1,"Automóvil"," ",1,1,0,0,0,0,0,,"Ruta",13,"MARIA JUANA","Castellanos","Asfalto","Natural","V","Dentro","Urbana","Ninguna","No existe","Recta","Bueno","Reducida","Nocturna","Buen Tiempo","S/D","S/D","Despiste","Ninguna","Horizontal","Línea divisoria pintada","Sin restricción"
2017,705,2/11/2017,"Sabado",0,6:50:00,,"0.0",2,"Peatón,Automóvil","Pastor Barrios 1040",2,1,0,0,1,0,0,,"Calle",,"LAGUNA PAIVA","La Capital","S/D","S/D","I","Dentro","Urbana","S/D","S/D","Recta","S/D","Buena","Amanecer","S/D","S/D","Ciclista","Atropello","S/D","S/D","S/D","S/D"
2017,706,2/25/2017,"Sabado",0,20:15:00,,"0.0",2,"Moto/Ciclomotor,Automóvil"," ",3,1,1,0,1,0,0,,"Camino Rural",,"ATALIVA","Castellanos","Tierra","No existe","V","Dentro","Urbana","Ninguna","No existe","Intersección","Bueno","Buena","Nocturna","Buen Tiempo","Lateral","S/D","Colisión","Ninguna","Faltante","Ninguna","Sin restricción"
2017,707,2/6/2017,"Lunes",0,9:55:00,,"0.0",2,"Automóvil,Automóvil","3 de Febrero Y San Lorenzo",2,1,0,0,1,0,0,,"Calle",,"SANTA FE","La Capital","Asfalto","No existe","I","Dentro","Urbana","Ninguna","No existe","Intersección","Con baches","Buena","Amanecer","Buen Tiempo","Lateral","S/D","Colisión","Ninguna","Faltante","Ninguna","Sin restricción"
2017,708,2/18/2017,"Sabado",0,15:00:00,"Ruta Provincial 2","0.0",1,"Moto/Ciclomotor","Av L de la Torre Y San Luis",1,1,0,0,0,0,0,,"Ruta",2,"LAGUNA PAIVA","La Capital","Asfalto","S/D","I","Dentro","Urbana","S/D","S/D","Intersección","Bueno","Buena","Diurna","Buen Tiempo","S/D","S/D","Caída ocupante","Ninguna","S/D","S/D","S/D"
2017,709,2/24/2017,"Viernes",0,14:00:00,"Ruta Provincial 2","0.0",2,"Moto/Ciclomotor,Automóvil","Av L de la Torre Y Mendoza",2,1,0,0,1,0,0,,"Ruta",2,"LAGUNA PAIVA","La Capital","Asfalto","S/D","I","Dentro","Urbana","Ninguna","S/D","Intersección","Con baches","Buena","Diurna","Buen Tiempo","Lateral","S/D","Colisión","Ninguna","S/D","Vegetación","Sin restricción"
2017,710,2/2/2017,"Jueves",0,17:00:00,,"0.0",2,"Peatón,Automóvil","Independencia Y Vera",2,1,1,0,0,0,0,,"Calle",,"SANTA FE","La Capital","Asfalto","No existe","I","S/D","Urbana","Ninguna","No existe","Recta","Bueno","Buena","Diurna","Buen Tiempo","S/D","Peatón","Atropello","Ninguna","Faltante","Ninguna","Sin restricción"
2017,711,2/20/2017,"Lunes",0,19:00:00,,"0.0",2,"Moto/Ciclomotor,Automóvil","Pasteur Y E Zeballos",2,1,0,0,1,0,0,,"Calle",,"SUNCHALES","Castellanos","Hormigón","No existe","V","Dentro","Urbana","Ninguna","No existe","Intersección","Bueno","Buena","Diurna","Buen Tiempo","S/D","S/D","Colisión","Ninguna","Faltante","Ninguna","Sin restricción"
2017,712,2/26/2017,"Domingo",0,20:15:00,,"0.0",2,"Moto/Ciclomotor,Pickup/Utilitario","Pastor Barrios Y Florencio Sanchez",3,0,1,0,2,0,0,,"Calle",,"LAGUNA PAIVA","La Capital","Asfalto","S/D","I","Dentro","Urbana","S/D","S/D","Intersección","Bueno","Buena","Atardecer,Con luz artificial","Buen Tiempo","Lateral","S/D","Colisión","Ninguna","Horizontal","S/D","S/D"
2017,713,2/17/2017,"Viernes",0,19:15:00,,"0.0",2,"Automóvil,Moto/Ciclomotor","Alberdi J B Y Urquiza",3,2,0,0,1,0,0,,"Calle",,"SUNCHALES","Castellanos","Hormigón","No existe","V","Dentro","Urbana","Ninguna","No existe","Intersección","Bueno","Buena","Diurna","Buen Tiempo","Lateral","S/D","Colisión","Ninguna","Faltante","Ninguna","Sin restricción"
2017,714,2/17/2017,"Viernes",0,23:10:00,,"0.0",2,"Moto/Ciclomotor,Automóvil","Calle 30-Lucas Funes Y Calle 7-Sarmiento",4,3,0,0,1,0,0,,"Calle",,"RECONQUISTA","General Obligado","Asfalto","No existe","IX","Dentro","Urbana","Ninguna","No existe","Intersección","Bueno","Buena","Nocturna","Buen Tiempo","Lateral","S/D","Colisión","Ninguna","S/D","Cordón divisorio","Sin restricción"
2017,715,2/18/2017,"Sabado",0,4:20:00,"Ruta Provincial 2","0.0",2,"Moto/Ciclomotor,Moto/Ciclomotor","Santa Cruz ",3,0,3,0,0,0,0,,"Ruta",2,"MONTE VERA","La Capital","Hormigón","Ripio","I","Dentro","Urbana","S/D","No existe","Recta","Resbaladiza","Buena","Nocturna,Con luz artificial","Buen Tiempo","Frontal","S/D","Colisión","Agua","S/D","S/D","S/D"
2017,716,2/24/2017,"Viernes",0,0:30:00,,"0.0",2,"Pickup/Utilitario,Moto/Ciclomotor","Ramon y Cajal Y A Marini",4,1,2,0,1,0,0,,"Calle",,"RAFAELA","Castellanos","Asfalto","No existe","V","Dentro","Urbana","Ninguna","No existe","Intersección","Bueno","Buena","Atardecer","Buen Tiempo","Lateral","S/D","Colisión","Ninguna","Faltante","Ninguna","Sin restricción"
2017,717,2/20/2017,"Lunes",0,12:00:00,"Ruta Provincial 2","16.0",2,"Tractor,Moto/Ciclomotor"," ",2,0,1,0,1,0,0,,"Ruta",2,"MONTE VERA","La Capital","Hormigón,Ripio","Natural","I","Dentro","Urbana","Ninguna","S/D","Intersección","Bueno","Buena","Diurna","Buen Tiempo","Lateral","S/D","Colisión","S/D","S/D","S/D","S/D"
2017,718,2/20/2017,"Lunes",0,21:15:00,"Ruta Provincial 2","0.0",3,"Automóvil,Pickup/Utilitario,Automóvil"," ",4,3,0,0,1,0,0,,"Ruta",2,"MONTE VERA","La Capital","Hormigón","S/D","I","Dentro","Urbana","S/D","S/D","Intersección","Bueno","Buena","Nocturna","S/D","Múltiple","S/D","Colisión","Ninguna","S/D","S/D","S/D"
2017,719,2/8/2017,"Miercoles",0,11:30:00,,"0.0",2,"Bicicleta,Moto/Ciclomotor","Av Doctor E Salva Y Cervantes",2,1,1,0,0,0,0,,"Calle",,"RAFAELA","Castellanos","Asfalto","No existe","V","Dentro","Urbana","Ninguna","No existe","Intersección","Bueno","Buena","Diurna","Buen Tiempo","Lateral","Ciclista","Atropello","Ninguna","Faltante","Ninguna","Sin restricción"
2017,720,2/1/2017,"Miercoles",0,12:15:00,,"0.0",3,"Automóvil,Automóvil,Camión","Bv G L Lhemann Y Gabriel Maggi",3,1,0,0,2,0,0,,"Calle",,"RAFAELA","Castellanos","Asfalto","No existe","V","Dentro","Urbana","Ninguna","No existe","Intersección","Bueno","Reducida","Diurna","Lluvia","Múltiple","S/D","Colisión","Agua","S/D","Ninguna","Sin restricción"
2017,721,1/1/2017,"Domingo",0,7:00:00,,"0.0",2,"Moto/Ciclomotor,Pickup/Utilitario","Cordoba ",2,1,0,0,1,0,0,,"Calle",,"MONTE VERA","La Capital","Ripio","No existe","I","Dentro","Urbana","S/D","No existe","Intersección","Bueno","Buena","Amanecer,Con luz artificial","Buen Tiempo","Lateral","S/D","Colisión","Ninguna","S/D","S/D","S/D"
2017,722,2/27/2017,"Lunes",0,19:45:00,"Ruta Provincial 5","0.0",2,"Moto/Ciclomotor,Automóvil","Ruta pcial 2 Av San Martin ",3,1,0,0,2,0,0,,"Ruta",5,"MONTE VERA","La Capital","Hormigón","Pavimento","I","Dentro","Rural","S/D","No existe","Intersección","Bueno","Buena","Atardecer","Buen Tiempo","Lateral","S/D","Colisión","Ninguna","S/D","S/D","S/D"
2017,723,2/21/2017,"Martes",0,11:50:00,,"0.0",2,"Moto/Ciclomotor,Pickup/Utilitario","Nicanor Alvarez Y Soldano",2,1,0,0,1,0,0,,"Calle",,"RAFAELA","Castellanos","Asfalto","No existe","V","Dentro","Urbana","Ninguna","No existe","Intersección","Bueno","Buena","Diurna","Buen Tiempo","Lateral","S/D","Colisión","Ninguna","Faltante","Ninguna","Sin restricción"
2017,724,2/11/2017,"Sabado",0,21:30:00,,"0.0",1,"Moto/Ciclomotor","M M Zavalla 1855",1,1,0,0,0,0,0,,"Calle",,"RAFAELA","Castellanos","Asfalto","No existe","V","Dentro","Urbana","Ninguna","No existe","Recta","Bueno","Buena","Nocturna,Con luz artificial","Buen Tiempo","Contra objeto fijo","S/D","Colisión","Ninguna","Faltante","Ninguna","Sin restricción"
2017,725,2/17/2017,"Viernes",0,7:50:00,"Ruta Secundaria 292-s","0.0",2,"Moto/Ciclomotor,Automóvil"," ",3,1,1,0,1,0,0,,"Ruta","292-s","VILLA MINETTI","9 de Julio","Asfalto","S/D","XII","Dentro","Rural","S/D","S/D","Curva","Bueno","Buena","Diurna","Buen Tiempo","Lateral","S/D","Colisión","S/D","S/D","S/D","S/D"
2017,726,2/23/2017,"Jueves",0,7:01:00,,"0.0",2,"Moto/Ciclomotor,Automóvil","Nicasio Oro±o Y Cervantes",2,1,0,0,1,0,0,,"Calle",,"RAFAELA","Castellanos","Asfalto","No existe","V","Dentro","Urbana","Ninguna","No existe","Intersección","Bueno","Buena","Diurna","Buen Tiempo","S/D","S/D","Colisión","Ninguna","Faltante","Ninguna","Sin restricción"
2017,727,2/9/2017,"Jueves",0,15:00:00,,"0.0",2,"Pickup/Utilitario,Moto/Ciclomotor","Santa Fe Y Domingo Faustino Sarmiento",2,1,0,0,1,0,0,,"Calle",,"VILLA MINETTI","9 de Julio","Asfalto","S/D","XII","Dentro","Urbana","S/D","S/D","Intersección","Bueno","Buena","Diurna","Buen Tiempo","Lateral","S/D","Colisión","S/D","S/D","S/D","S/D"
2017,728,2/22/2017,"Miercoles",0,16:55:00,,"0.0",2,"Moto/Ciclomotor,Automóvil","Bv G L Lhemann Y E Galassi",2,1,0,0,1,0,0,,"Calle",,"RAFAELA","Castellanos","Asfalto","No existe","V","Dentro","Urbana","Ninguna","No existe","Intersección","Bueno","Buena","Diurna","Buen Tiempo","Lateral","S/D","Colisión","Ninguna","Faltante","Ninguna","Sin restricción"
2017,729,2/12/2017,"Domingo",0,18:45:00,"Ruta Secundaria 91-s","0.0",1,"Moto/Ciclomotor"," ",1,1,0,0,0,0,0,,"Ruta","91-s","VILLA MINETTI","9 de Julio","Ripio","No existe","XII","Dentro","Urbana","S/D","No existe","Recta","S/D","Buena","Diurna","S/D","S/D","S/D","Caída ocupante","S/D","S/D","S/D","S/D"
2017,730,2/26/2017,"Domingo",0,17:00:00,,"0.0",2,"Automóvil,Pickup/Utilitario"," ",5,4,0,0,1,0,0,,"Camino Rural",,"SAN GUILLERMO","San Cristóbal","S/D","S/D","XIII","Dentro","Rural","S/D","S/D","Cruce","S/D","Buena","Diurna","Buen Tiempo","Lateral","S/D","Colisión","S/D","S/D","S/D","S/D"
2017,731,2/25/2017,"Sabado",0,16:25:00,,"0.0",2,"Transporte de Pasajeros Urbano (> 8 asientos),Moto/Ciclomotor","Av. de los Trabaj. Ferroviario Y L de la Torre",2,2,0,0,0,0,0,,"Avenida",,"SAN CRISTÓBAL","San Cristóbal","Asfalto","Pavimento","XIII","Dentro","Urbana","S/D","No existe","Recta","Bueno","Buena","Diurna","Buen Tiempo","Lateral","S/D","Colisión","Ninguna","S/D","S/D","Sin restricción"
2017,732,2/25/2017,"Sabado",0,12:30:00,"Ruta Provincial 23","6.0",2,"Automóvil,Moto/Ciclomotor"," ",3,2,1,0,0,0,0,,"Ruta",23,"SUARDI","San Cristóbal","Asfalto","Natural","XIII","Dentro","Rural","Ninguna","No existe","Recta","Bueno","Buena","Diurna","Buen Tiempo","Frontal","S/D","Colisión","Ninguna","Vertical","Ninguna","S/D"
2017,733,2/10/2017,"Viernes",0,,,"0.0",2,"Moto/Ciclomotor,Automóvil","Carlos Pellegrii Y San Martin",2,1,0,0,1,0,0,,"Calle",,"CERES","San Cristóbal","Asfalto","No existe","XIII","Dentro","Urbana","Ninguna","No existe","Intersección","Bueno","Buena","Diurna","Buen Tiempo","Lateral","S/D","Colisión","S/D","Vertical","Ninguna","Sin restricción"
2017,734,2/25/2017,"Sabado",0,22:00:00,,"0.0",1,"Pickup/Utilitario"," ",4,4,0,0,0,0,0,,"Camino Rural",,"SAN GUILLERMO","San Cristóbal","Tierra","No existe","XIII","Dentro","Rural","Ninguna","No existe","Curva","Ahuellamiento","Reducida polvo","Nocturna","Buen Tiempo","S/D","S/D","Inmersión","Material Suelto","Faltante","Ninguna","Sin restricción"
2017,735,2/23/2017,"Jueves",0,11:40:00,,"0.0",2,"Moto/Ciclomotor,Moto/Ciclomotor","San Lorenzo Y Bv Rivadavia",3,3,0,0,0,0,0,,"Avenida",,"SAN CRISTÓBAL","San Cristóbal","Asfalto","S/D","XIII","Dentro","Urbana","Ninguna","No existe","Intersección","Bueno","Buena","Diurna","Buen Tiempo","Lateral","S/D","Colisión","Ninguna","S/D","Ninguna","S/D"