"anio_acci","nro_acci","fecha","desc_dia","fecha_aprox","hora_aprox","desc_ruta","km","cant_participantes","desc_participante","calle_avenida_km","total","heridos_leves","heridos_graves","heridos_gravisimos","ilesos","fallecidos","sin_datos","posicion_XY","desc_tipo_via","desc_ruta_ori","desc_loc","desc_dpto","desc_tipo_calzada","desc_tipo_banquina","desc_unidad_regional","desc_lugar_calzada","desc_zona","desc_prioridad","desc_estado_semaforo","desc_lugar_via","desc_estado_via","desc_estado_visibilidad","desc_luminosidad","desc_estado_clima","desc_tipo_colision","desc_tipo_atropello","desc_tipo_hecho","desc_pres_calzada","desc_senializacion","desc_separacion_via","desc_restriccion"
2017,736,2/15/2017,"Miercoles",0,12:20:00,,"0.0",2,"Pickup/Utilitario,Moto/Ciclomotor","JUJUY Y ENTRE RIOS",2,0,1,0,1,0,0,,"Calle",,"SAN GUILLERMO","San Cristóbal","Ripio","Ripio","XIII","Dentro","Urbana","Ninguna","No existe","Intersección","Bueno","Buena","Diurna","Buen Tiempo","Lateral","S/D","Colisión","Ninguna","Faltante","Ninguna","S/D"
2017,737,2/13/2017,"Lunes",0,19:55:00,"Ruta Provincial 1","20.0",1,"Moto/Ciclomotor"," ",1,1,0,0,0,0,0,,"Ruta",1,"ARROYO LEYES","La Capital","Asfalto","Natural","I","Fuera","Rural","Ninguna","No existe","Recta","Bueno","Buena","Diurna","Buen Tiempo","S/D","S/D","Caída ocupante","Ninguna","Horizontal,Vertical","Línea divisoria pintada","Sin restricción"
2017,738,2/17/2017,"Viernes",0,21:20:00,"Ruta Provincial 1","14.0",2,"Moto/Ciclomotor,Automóvil"," ",2,0,1,0,1,0,0,,"Ruta",1,"ARROYO LEYES","La Capital","Asfalto","Natural","I","Dentro","Rural","Ninguna","No existe","Recta","Bueno","Buena","Atardecer","Buen Tiempo","De alcance","S/D","Colisión","Ninguna","Horizontal,Vertical","Línea divisoria pintada","Sin restricción"
2017,739,2/19/2017,"Domingo",0,9:40:00,"Ruta Provincial 1","11.0",1,"Automóvil"," ",1,1,0,0,0,0,0,,"Ruta",1,"ARROYO LEYES","La Capital","Asfalto","Natural","I","Dentro","Urbana","Ninguna","No existe","Recta","Bueno","Buena","Diurna","Buen Tiempo","S/D","S/D","Despiste","Ninguna","Horizontal,Vertical","Línea divisoria pintada","Sin restricción"
2017,740,2/9/2017,"Jueves",0,23:50:00,,"0.0",1,"Moto/Ciclomotor","San Luis Y Lisandro de la Torre",1,1,0,0,0,0,0,,"Calle",,"NELSON","La Capital","Tierra","Natural","I","Dentro","Urbana","Ninguna","No existe","Intersección","S/D","Buena","Nocturna","Buen Tiempo","S/D","S/D","Caída ocupante","S/D","Faltante","Ninguna","Sin restricción"
2017,741,2/15/2017,"Miercoles",0,14:15:00,,"0.0",2,"Pickup/Utilitario,Moto/Ciclomotor"," ",2,1,0,0,1,0,0,,"S/D",,"SANTO TOMÉ","La Capital","Ripio","Natural","I","Fuera","Rural","Otra Señal","No existe","Otro","Bueno","Buena","Diurna","Buen Tiempo","Lateral","S/D","Colisión","Ninguna","Horizontal","Línea divisoria pintada","Sin restricción"
2017,742,2/8/2017,"Miercoles",0,21:15:00,"Ruta Provincial 4","0.0",1,"Automóvil"," ",3,1,0,0,2,0,0,,"Ruta",4,"NELSON","La Capital","Asfalto","Natural","I","Dentro","Urbana","Ninguna","No existe","Recta","Bueno","Buena","Nocturna","Buen Tiempo","S/D","S/D","Vuelco","Ninguna","S/D","Ninguna","Sin restricción"
2017,743,2/9/2017,"Jueves",0,,"Ruta Nacional 11","0.0",2,"Camión Chasis,Moto/Ciclomotor"," ",2,1,0,0,1,0,0,,"Ruta",11,"SAUCE VIEJO","La Capital","Hormigón","Natural","I","Dentro","Urbana","Ninguna","No existe","Intersección","Bueno","Buena","Diurna","Buen Tiempo","Otro","S/D","Colisión","Ninguna","Horizontal","Vegetación","Sin restricción"
2017,744,2/14/2017,"Martes",0,,,"0.0",2,"Moto/Ciclomotor,Bicicleta"," ",2,1,1,0,0,0,0,,"Calle",,"SAUCE VIEJO","La Capital","Asfalto","Pavimento","I","S/D","Urbana","Ninguna","No existe","Intersección","Bueno","Reducida","Amanecer","Lluvia","S/D","S/D","Atropello","Ninguna","Faltante","Ninguna","Sin restricción"
2017,745,1/27/2017,"Viernes",0,,,"0.0",2,"Automóvil,Moto/Ciclomotor","Misiones Y Cafferata",2,0,0,0,0,0,2,,"Calle",,"SANTA FE","La Capital","Ripio","No existe","I","Dentro","Urbana","S/D","No existe","S/D","S/D","S/D","S/D","S/D","S/D","S/D","Colisión","S/D","S/D","S/D","S/D"
2017,746,2/1/2017,"Miercoles",0,20:30:00,,"0.0",2,"Moto/Ciclomotor,Automóvil","Juan Bautista Alberdi Y Simon de Iriondo",3,2,0,0,1,0,0,,"Calle",,"SANTO TOMÉ","La Capital","Asfalto","No existe","I","S/D","Urbana","Ninguna","No existe","Intersección","Bueno","Buena","Nocturna,Con luz artificial","Buen Tiempo","Lateral","S/D","Colisión","Ninguna","Faltante","Ninguna","Sin restricción"
2017,747,1/18/2017,"Miercoles",0,,"Ruta Nacional 11","0.0",2,"Otros,Moto/Ciclomotor","Av Blas Parera Y Santa Cruz",2,1,0,0,0,0,1,,"Ruta",11,"SANTA FE","La Capital","Asfalto","S/D","I","Dentro","Urbana","S/D","S/D","S/D","Bueno","S/D","S/D","S/D","S/D","S/D","Colisión","S/D","S/D","S/D","Obra en Construcción"
2017,748,2/3/2017,"Viernes",0,21:25:00,,"0.0",1,"Moto/Ciclomotor","J Macia Y Juan Antonio Alvarez de Arenal",2,1,0,0,1,0,0,,"Calle",,"SANTO TOMÉ","La Capital","Asfalto","No existe","I","S/D","Urbana","Ninguna","No existe","Intersección","Bueno","Buena","Nocturna","Buen Tiempo","Atropello animal","S/D","Colisión","Ninguna","S/D","Ninguna","Sin restricción"
2017,749,2/19/2017,"Domingo",0,19:30:00,"Ruta Nacional 11","0.0",2,"Automóvil,Moto/Ciclomotor","Av Blas Parera Y Misiones",3,3,0,0,0,0,0,,"Ruta",11,"SANTA FE","La Capital","Asfalto","Pavimento","I","Dentro","Urbana","Semáforo","Funciona","Recta","S/D","Buena","Atardecer","Buen Tiempo","Lateral","S/D","Colisión","S/D","S/D","Barrera de hormigón","S/D"
2017,750,2/12/2017,"Domingo",0,7:30:00,,"0.0",2,"Moto/Ciclomotor,Moto/Ciclomotor","Hernandarias Y Presidente Bernardino Rivadavi",4,1,0,0,3,0,0,,"Calle",,"SANTO TOMÉ","La Capital","Asfalto","Pavimento","I","S/D","Urbana","Ninguna","No existe","Intersección","Bueno","Buena","Diurna","Buen Tiempo","S/D","S/D","Colisión","Ninguna","S/D","Ninguna","Sin restricción"
2017,751,2/15/2017,"Miercoles",0,19:50:00,,"0.0",2,"Bicicleta,Camión Chasis","Avenida General Bartolome Mitr Y Lisandro de La Torre",2,1,0,0,1,0,0,,"Calle",,"SANTO TOMÉ","La Capital","Asfalto","S/D","I","S/D","Urbana","Ninguna","No existe","Intersección","Bueno","Buena","Atardecer","Buen Tiempo","S/D","S/D","Atropello","Ninguna","S/D","Ninguna","Sin restricción"
2017,752,2/2/2017,"Jueves",0,15:00:00,,"0.0",2,"Moto/Ciclomotor,Otros","Av Almte Brown Y Av Santa Fe",2,2,0,0,0,0,0,,"Calle",,"SANTA FE","La Capital","Asfalto","No existe","I","Dentro","Urbana","Ninguna","No funciona","Recta","Bueno","Buena","Diurna","Buen Tiempo","Lateral","S/D","Colisión","S/D","S/D","Ninguna","Sin restricción"
2017,753,2/21/2017,"Martes",0,21:00:00,,"0.0",2,"Moto/Ciclomotor,Automóvil"," ",2,1,0,0,1,0,0,,"S/D",,"SANTO TOMÉ","La Capital","Asfalto","Natural","I","S/D","Rural","Ninguna","No existe","Recta","Bueno","Buena","Nocturna","Buen Tiempo","Lateral","S/D","Colisión","Ninguna","Faltante","Ninguna","Sin restricción"
2017,754,2/16/2017,"Jueves",0,18:10:00,,"0.0",2,"Moto/Ciclomotor,Otros","Lucio Victor Mansilla 9400",3,3,0,0,0,0,0,,"Calle",,"SANTA FE","La Capital","Ripio","No existe","I","Dentro","Urbana","Ninguna","No existe","Recta","Con baches","Reducida","Atardecer","Buen Tiempo","Frontal","S/D","Colisión","Otro","Faltante","Ninguna","Sin restricción"
2017,755,2/23/2017,"Jueves",0,17:40:00,,"0.0",2,"Taxi/Remis,Moto/Ciclomotor","4 de enero Y Tucuman",2,1,0,0,1,0,0,,"Calle",,"SANTO TOMÉ","La Capital","Tierra","No existe","I","Dentro","Urbana","Ninguna","No existe","Intersección","Bueno","Buena","Diurna","Buen Tiempo","Lateral","S/D","Colisión","Ninguna","Faltante","Ninguna","Sin restricción"
2017,756,2/19/2017,"Domingo",0,21:10:00,,"0.0",2,"Automóvil,Moto/Ciclomotor","Av Peñaloza Y Pje Publico",3,3,0,0,0,0,0,,"Calle",,"SANTA FE","La Capital","Asfalto","No existe","I","Dentro","Urbana","Ninguna","No existe","Recta","Bueno","Reducida","Nocturna","S/D","Frontal","S/D","Colisión","Ninguna","Faltante","Ninguna","Accidente Previo"
2017,757,2/24/2017,"Viernes",0,5:40:00,"Ruta Nacional 11","0.0",2,"Moto/Ciclomotor,Moto/Ciclomotor","Ruta Nacional 1V11- Juan de Garay ",2,0,2,0,0,0,0,,"Ruta",11,"RECREO","La Capital","Asfalto","Natural","I","Dentro","Urbana","Ninguna","No existe","Intersección","Bueno","Buena","Amanecer","Buen Tiempo","Lateral","S/D","Colisión","Ninguna","Horizontal","Línea divisoria pintada","Sin restricción"
2017,758,2/10/2017,"Viernes",0,13:30:00,,"0.0",2,"Peatón,Camión Chasis","Av Peñaloza ",2,1,0,0,1,0,0,,"Calle",,"SANTA FE","La Capital","Asfalto","Pavimento","I","Dentro","Urbana","Ninguna","No existe","Intersección","Bueno","Buena","Diurna","Buen Tiempo","S/D","Peatón","Atropello","Ninguna","Faltante","Cordón divisorio","Sin restricción"
2017,759,2/10/2017,"Viernes",0,16:55:00,,"0.0",2,"Moto/Ciclomotor,Otros","Av Peñaloza Y Larrea",2,1,0,0,1,0,0,,"Calle",,"SANTA FE","La Capital","Asfalto","Pavimento","I","Dentro","Urbana","Ninguna","No existe","Intersección","Bueno","Buena","Diurna","Buen Tiempo","Lateral","S/D","Colisión","Ninguna","Faltante","Cordón divisorio","Sin restricción"
2017,760,2/1/2017,"Miercoles",0,13:15:00,,"0.0",2,"Moto/Ciclomotor,Automóvil","Menchaca Y Caferata",2,1,0,0,1,0,0,,"Calle",,"RECREO","La Capital","Asfalto","Natural","I","S/D","Urbana","Ninguna","No existe","Recta","Bueno","Buena","Diurna","Buen Tiempo","De alcance","S/D","Colisión","Ninguna","Vertical","Ninguna","Sin restricción"
2017,761,2/8/2017,"Miercoles",0,12:20:00,,"0.0",2,"Moto/Ciclomotor,Automóvil","Florencio Fernandez Y Bernardo de Irigoyen",2,1,0,0,1,0,0,,"Calle",,"SANTA FE","La Capital","S/D","S/D","I","Dentro","Urbana","S/D","S/D","Intersección","S/D","S/D","Diurna","S/D","S/D","S/D","Colisión","S/D","S/D","S/D","S/D"
2017,762,2/3/2017,"Viernes",0,22:30:00,,"0.0",2,"Moto/Ciclomotor,Moto/Ciclomotor","Azopardo Y Piedrabuena",2,0,0,0,0,0,2,,"Calle",,"SANTA FE","La Capital","S/D","S/D","I","Dentro","Urbana","S/D","S/D","S/D","S/D","S/D","Nocturna","S/D","S/D","S/D","Colisión","S/D","S/D","S/D","S/D"
2017,763,2/22/2017,"Miercoles",0,,,"0.0",1,"Moto/Ciclomotor","Gorriti 4500",2,2,0,0,0,0,0,,"Calle",,"SANTA FE","La Capital","S/D","S/D","I","Dentro","Urbana","S/D","S/D","S/D","S/D","S/D","S/D","S/D","Contra objeto fijo","S/D","Colisión","S/D","S/D","S/D","S/D"
2017,764,2/7/2017,"Martes",0,1:45:00,"Ruta Nacional 11","0.0",2,"Automóvil,Moto/Ciclomotor","Av Blas Parera Y Gorriti",3,1,0,0,2,0,0,,"Ruta",11,"SANTA FE","La Capital","Asfalto","Natural","I","Dentro","Urbana","Ninguna","No existe","Intersección","Bueno","Reducida","Nocturna","Buen Tiempo","De alcance","S/D","Colisión","Ninguna","Faltante","Ninguna","S/D"
2017,765,2/1/2017,"Miercoles",0,2:15:00,"Ruta Nacional 11","0.0",2,"Automóvil,Moto/Ciclomotor","Av Blas Parera 9500",3,1,0,0,2,0,0,,"Ruta",11,"SANTA FE","La Capital","Asfalto","S/D","I","Dentro","Urbana","Ninguna","S/D","Recta","Bueno","S/D","Nocturna","S/D","De alcance","S/D","Colisión","Ninguna","Faltante","Cordón divisorio","Obra en Construcción"
2017,766,2/20/2017,"Lunes",0,19:00:00,"Ruta Nacional 11","0.0",2,"Transporte de Pasajeros Urbano (> 8 asientos),Moto/Ciclomotor","Av Blas Parera Y Florencio Fernandez",2,1,0,0,1,0,0,,"Ruta",11,"SANTA FE","La Capital","Asfalto","S/D","I","Dentro","Urbana","Ninguna","No existe","Recta","Bueno","Buena","Diurna","Buen Tiempo","De alcance","S/D","Colisión","Ninguna","Faltante","Barrera de hormigón","Sin restricción"
2017,767,2/15/2017,"Miercoles",0,22:00:00,"Ruta Nacional 11","0.0",2,"Moto/Ciclomotor,Automóvil","Ruta Nacional 1V11- Juan de Garay ",2,0,1,0,1,0,0,,"Ruta",11,"RECREO","La Capital","Asfalto","Natural","I","Dentro","Urbana","Ninguna","No existe","Curva","Bueno","Reducida","Nocturna","Buen Tiempo","De alcance","S/D","Colisión","Ninguna","Vertical","Vegetación","Sin restricción"
2017,768,2/23/2017,"Jueves",0,12:10:00,"Ruta Nacional 11","0.0",2,"Bicicleta,Automóvil","Ruta Nacional 1V11- Juan de Garay ",2,1,0,0,1,0,0,,"Ruta",11,"RECREO","La Capital","S/D","Natural","I","S/D","Urbana","Señal Pare","No existe","Curva","Bueno","Buena","Diurna","Buen Tiempo","S/D","S/D","Atropello","Ninguna","Vertical","Vegetación","Sin restricción"
2017,769,2/24/2017,"Viernes",0,21:30:00,"Ruta Nacional 11","0.0",2,"Moto/Ciclomotor,Automóvil","Ruta Nacional 1V11- Juan de Garay ",2,1,0,0,1,0,0,,"Ruta",11,"RECREO","La Capital","Asfalto","Natural","I","Dentro","Urbana","Ninguna","No existe","Recta","Bueno","Buena","Nocturna","Buen Tiempo","De alcance","S/D","Colisión","Ninguna","Vertical","Vegetación","Sin restricción"
2017,770,2/17/2017,"Viernes",0,15:45:00,"Ruta Nacional 11","0.0",2,"Automóvil,Moto/Ciclomotor","Chaco Y Av Blas Parera",3,1,0,0,2,0,0,,"Ruta",11,"SANTA FE","La Capital","Asfalto","S/D","I","Dentro","Urbana","Ninguna","S/D","Intersección","Bueno","S/D","Diurna","Buen Tiempo","De alcance","S/D","Colisión","Ninguna","Faltante","Ninguna","S/D"
2017,771,2/16/2017,"Jueves",0,22:10:00,,"0.0",2,"Automóvil,Moto/Ciclomotor","Ignacio Crespo Y Beruti",2,1,0,0,1,0,0,,"Calle",,"SANTA FE","La Capital","S/D","No existe","I","Dentro","Urbana","Ninguna","No existe","Intersección","Con baches","Reducida","Nocturna","Buen Tiempo","De alcance","S/D","Colisión","Ninguna","Faltante","Ninguna","Sin restricción"
2017,772,2/25/2017,"Sabado",0,11:00:00,"Ruta Nacional 11","0.0",2,"Moto/Ciclomotor,Moto/Ciclomotor","Av Blas Parera ",2,1,0,0,1,0,0,,"Ruta",11,"SANTA FE","La Capital","Asfalto","No existe","I","Dentro","Urbana","Ninguna","Funciona","Recta","Bueno","Buena","Diurna","Buen Tiempo","De alcance","S/D","Colisión","Ninguna","Faltante","Ninguna","Sin restricción"
2017,773,2/25/2017,"Sabado",0,17:35:00,"Ruta Nacional 11","0.0",2,"Moto/Ciclomotor,Automóvil","Av Blas Parera Y Misiones",2,1,0,0,1,0,0,,"Ruta",11,"SANTA FE","La Capital","Asfalto","S/D","I","Dentro","Urbana","Ninguna","S/D","Intersección","Bueno","S/D","Diurna","Buen Tiempo","De alcance","S/D","Colisión","Ninguna","Vertical","Ninguna","Sin restricción"
2017,774,2/21/2017,"Martes",0,17:50:00,"Ruta Nacional 11","0.0",2,"Pickup/Utilitario,Moto/Ciclomotor","Av Blas Parera 8700",2,1,0,0,1,0,0,,"Ruta",11,"SANTA FE","La Capital","Asfalto","No existe","I","Dentro","Urbana","Ninguna","No funciona","Recta","Bueno","Buena","Diurna","Buen Tiempo","S/D","S/D","Colisión","Ninguna","Faltante","Ninguna","Sin restricción"
2017,775,2/14/2017,"Martes",0,20:30:00,,"0.0",2,"Moto/Ciclomotor,Otros","Ricardo Aldao Y Av Peñaloza",2,1,0,0,1,0,0,,"Calle",,"SANTA FE","La Capital","Asfalto","No existe","I","Dentro","Urbana","Ninguna","No existe","Intersección","Bueno","Buena","Nocturna","Buen Tiempo","S/D","S/D","Colisión","Ninguna","Faltante","Ninguna","Sin restricción"
2017,776,2/13/2017,"Lunes",0,11:30:00,,"0.0",2,"Pickup/Utilitario,Automóvil","Risso Y Lavalle",3,1,0,0,2,0,0,,"Calle",,"SANTA FE","La Capital","Asfalto","No existe","I","Dentro","Urbana","Ninguna","No existe","Intersección","Bueno","Buena","Diurna","Buen Tiempo","Lateral","S/D","Colisión","Ninguna","Faltante","Ninguna","Sin restricción"
2017,777,2/21/2017,"Martes",0,9:00:00,"Ruta Provincial 1","11.0",1,"Moto/Ciclomotor"," ",1,1,0,0,0,0,0,,"Ruta",1,"ARROYO LEYES","La Capital","Asfalto","Natural","I","Dentro","Urbana","Ninguna","No existe","Recta","Bueno","Buena","Diurna","Buen Tiempo","S/D","S/D","Caída ocupante","Ninguna","Horizontal,Vertical","Línea divisoria pintada","Sin restricción"
2017,778,2/11/2017,"Sabado",0,4:45:00,,"0.0",2,"Moto/Ciclomotor,Automóvil","Av Galicia Y Belgrano",2,1,0,0,1,0,0,,"Avenida",,"SANTA FE","La Capital","Asfalto","No existe","I","Dentro","Urbana","Ninguna","No existe","Intersección","Bueno","Buena","Nocturna","Buen Tiempo","Lateral","S/D","Colisión","Ninguna","S/D","Ninguna","Sin restricción"
2017,779,2/9/2017,"Jueves",0,19:25:00,,"0.0",2,"Moto/Ciclomotor,Automóvil","Av A del Valle Y Gorriti",2,1,0,0,1,0,0,,"Avenida",,"SANTA FE","La Capital","Asfalto","S/D","I","Dentro","Urbana","Semáforo","Funciona","Intersección","Bueno","Buena","Atardecer","Buen Tiempo","Lateral","S/D","Colisión","Ninguna","S/D","Ninguna","S/D"
2017,780,2/26/2017,"Domingo",0,21:47:00,"Ruta Provincial 1","6.0",2,"Automóvil,Moto/Ciclomotor"," ",2,1,0,0,1,0,0,"-29.466030792786, -60.208969862601","Ruta",1,"SAN JOSÉ DEL RINCÓN","La Capital","Asfalto","Natural","I","Dentro","Urbana","Ninguna","No existe","Intersección","Bueno","Reducida","Nocturna","Buen Tiempo","Lateral","S/D","Colisión","Ninguna","Horizontal","Cordón divisorio","Sin restricción"
2017,781,2/9/2017,"Jueves",0,19:25:00,,"0.0",2,"Automóvil,Moto/Ciclomotor","Av Galicia Y Avellaneda",2,1,0,0,1,0,0,,"Avenida",,"SANTA FE","La Capital","Asfalto","No existe","I","Dentro","Urbana","Ninguna","No existe","Intersección","Bueno","Buena","Atardecer","Buen Tiempo","Lateral","S/D","Colisión","Ninguna","Faltante","Ninguna","S/D"
2017,782,2/8/2017,"Miercoles",0,14:35:00,,"0.0",2,"Automóvil,Pickup/Utilitario","Tacuari Y Alberdi",2,1,0,0,1,0,0,,"Calle",,"SANTA FE","La Capital","Asfalto","No existe","I","Dentro","Urbana","Ninguna","No existe","Intersección","Bueno","Buena","Diurna","Buen Tiempo","Lateral","S/D","Colisión","Ninguna","Faltante","Ninguna","Sin restricción"
2017,783,2/16/2017,"Jueves",0,17:30:00,"Ruta Provincial 1","0.0",2,"Otros,Otros"," ",2,1,0,0,1,0,0,,"Ruta",1,"COLASTINE","La Capital","Asfalto","Natural","I","Dentro","Urbana","Ninguna","No existe","Intersección","Bueno","Buena","Diurna","Buen Tiempo","De alcance","S/D","Colisión","Ninguna","S/D","Guardarrail","Sin restricción"
2017,784,2/7/2017,"Martes",0,10:25:00,,"0.0",2,"Moto/Ciclomotor,Pickup/Utilitario","Piedras Y Boneo",2,1,0,0,1,0,0,,"Calle",,"SANTA FE","La Capital","Asfalto","No existe","I","Dentro","Urbana","Ninguna","No existe","Intersección","Bueno","Buena","Amanecer","Buen Tiempo","Lateral","S/D","Colisión","Ninguna","S/D","Ninguna","S/D"
2017,785,2/25/2017,"Sabado",0,11:20:00,,"0.0",2,"Otros,Automóvil","Risso Y Sebastian Gaboto",2,1,0,0,1,0,0,,"Calle",,"SANTA FE","La Capital","Asfalto","No existe","I","Dentro","Urbana","Ninguna","S/D","Intersección","Bueno","Buena","Diurna","Buen Tiempo","S/D","S/D","Colisión","Ninguna","Faltante","Ninguna","Sin restricción"
2017,786,2/3/2017,"Viernes",0,20:20:00,,"0.0",2,"Moto/Ciclomotor,Automóvil","Las Heras Y Larrea",3,2,0,0,1,0,0,,"Calle",,"SANTA FE","La Capital","Asfalto","No existe","I","Dentro","Urbana","Ninguna","No existe","Intersección","Bueno","Buena","Nocturna","Buen Tiempo","Lateral","S/D","Colisión","Ninguna","S/D","Ninguna","S/D"
2017,787,1/31/2017,"Martes",0,11:00:00,,"0.0",2,"Moto/Ciclomotor,Pickup/Utilitario","Risso Y Las Heras",2,1,0,0,1,0,0,,"Calle",,"SANTA FE","La Capital","S/D","No existe","I","Dentro","Urbana","Ninguna","No existe","Intersección","S/D","Buena","Diurna","Buen Tiempo","Lateral","S/D","Colisión","S/D","S/D","Ninguna","S/D"
2017,788,2/5/2017,"Domingo",0,18:00:00,,"0.0",2,"Moto/Ciclomotor,Automóvil","French Y San Martin",2,1,0,0,1,0,0,,"Avenida",,"SANTA FE","La Capital","Asfalto","No existe","I","Dentro","Urbana","Ninguna","No existe","Intersección","Con baches","Buena","Atardecer","Otro","Lateral","S/D","Colisión","Ninguna","Faltante","Ninguna","Sin restricción"
2017,789,2/8/2017,"Miercoles",0,11:30:00,,"0.0",2,"Moto/Ciclomotor,Automóvil","Av A del Valle Y La Esmeralda",2,1,0,0,1,0,0,,"Avenida",,"SANTA FE","La Capital","Asfalto","No existe","I","Dentro","Urbana","Ninguna","No existe","Intersección","Deteriorada","Reducida","Diurna","Otro","Lateral","S/D","Colisión","Ninguna","Vertical","Ninguna","Sin restricción"
2017,791,2/1/2017,"Miercoles",0,15:10:00,,"0.0",2,"Moto/Ciclomotor,Automóvil","J Castelli Y Alberdi",2,1,0,0,1,0,0,,"Calle",,"SANTA FE","La Capital","Asfalto","No existe","I","S/D","Urbana","Ninguna","No existe","Recta","Bueno","Buena","Diurna","Buen Tiempo","Lateral","S/D","Colisión","Ninguna","S/D","Ninguna","Sin restricción"
2017,792,2/4/2017,"Sabado",0,22:30:00,,"0.0",2,"Moto/Ciclomotor,Automóvil","Alvear 5835",2,1,0,0,1,0,0,,"Calle",,"SANTA FE","La Capital","Asfalto","No existe","I","Dentro","Urbana","Ninguna","No existe","Recta","Bueno","Reducida","Nocturna","Buen Tiempo","Lateral","S/D","Colisión","Ninguna","S/D","Ninguna","Sin restricción"
2017,793,2/7/2017,"Martes",0,22:30:00,,"0.0",2,"Moto/Ciclomotor,Moto/Ciclomotor","Ricardo Aldao Y Alvear",2,2,0,0,0,0,0,,"Calle",,"SANTA FE","La Capital","Asfalto","No existe","I","S/D","Urbana","Ninguna","No existe","Intersección","Bueno","Reducida","Nocturna","Buen Tiempo","Lateral","S/D","Colisión","Ninguna","S/D","Ninguna","Sin restricción"
2017,794,2/9/2017,"Jueves",0,19:00:00,,"0.0",2,"Automóvil,Moto/Ciclomotor","Av A del Valle 5700",2,1,0,0,1,0,0,,"Avenida",,"SANTA FE","La Capital","Asfalto","No existe","I","S/D","Urbana","Ninguna","No existe","Intersección","Bueno","Buena","Atardecer","Buen Tiempo","Lateral","S/D","Colisión","Ninguna","S/D","Ninguna","Sin restricción"
2017,795,2/11/2017,"Sabado",0,12:45:00,,"0.0",1,"Moto/Ciclomotor","Pedro Ferre 1862",1,1,0,0,0,0,0,,"Calle",,"SANTA FE","La Capital","Asfalto","No existe","I","Dentro","Urbana","Ninguna","No existe","Recta","Deteriorada","Buena","Diurna","Buen Tiempo","S/D","S/D","Caída ocupante","Ninguna","S/D","Ninguna","Sin restricción"
2017,796,2/13/2017,"Lunes",0,11:30:00,,"0.0",2,"Moto/Ciclomotor,Automóvil","Av Gral Paz Y Martin Zapata",2,1,0,0,1,0,0,,"Avenida",,"SANTA FE","La Capital","Asfalto","No existe","I","S/D","Urbana","Ninguna","No existe","Intersección","Bueno","Buena","Diurna","Buen Tiempo","Lateral","S/D","Colisión","Ninguna","S/D","Ninguna","Sin restricción"
2017,797,2/17/2017,"Viernes",0,17:10:00,,"0.0",2,"Moto/Ciclomotor,Automóvil","J M Zuviria Y Alvear",2,1,0,0,1,0,0,,"Calle",,"SANTA FE","La Capital","Asfalto","No existe","I","Dentro","Urbana","Ninguna","No existe","Intersección","Bueno","Buena","Diurna","Buen Tiempo","Lateral","S/D","Colisión","Ninguna","S/D","Ninguna","Sin restricción"
2017,798,2/9/2017,"Jueves",0,21:25:00,"Ruta Nacional 8","327.0",2,"Automóvil,Automóvil"," ",6,1,2,0,3,0,0,,"Ruta",8,"SANTA ISABEL","General López","Asfalto","Natural","VIII","Dentro","Urbana","Ninguna","No existe","Recta","Bueno","Buena","Nocturna","Buen Tiempo","Lateral","S/D","Colisión","Ninguna","Faltante","Ninguna","Sin restricción"
2017,799,2/19/2017,"Domingo",0,18:30:00,,"0.0",3,"Pickup/Utilitario,Automóvil,Automóvil"," ",7,5,0,0,2,0,0,,"S/D",,"PUEBLO MIGUEL TORRES","General López","Asfalto","Natural","VIII","Dentro","Urbana","Ninguna","No existe","Recta","S/D","Buena","Diurna","Buen Tiempo","Múltiple","S/D","Colisión","S/D","Faltante","Línea divisoria pintada","Sin restricción"
2017,800,2/18/2017,"Sabado",0,5:15:00,"Ruta Nacional 9","393.0",1,"Camión c / Acoplado"," ",1,1,0,0,0,0,0,,"Ruta",9,"TORTUGAS","Belgrano","Asfalto","Pavimento","III","Dentro","Urbana","Ninguna","No existe","Recta","Bueno","Buena","Nocturna","Lluvia","S/D","S/D","Vuelco","Ninguna","Vertical","Vegetación","Sin restricción"
2017,801,2/17/2017,"Viernes",0,18:35:00,"Ruta Nacional 9","394.0",2,"Camión c / Semirremolque,Pickup/Utilitario"," ",3,1,0,0,2,0,0,,"Ruta",9,"ARMSTRONG","Belgrano","Asfalto","Pavimento","III","Dentro","Urbana","Ninguna","No existe","Recta","Bueno","Reducida","Diurna","Lluvia","Lateral","S/D","Colisión","Agua","Vertical","Vegetación","Sin restricción"
2017,802,2/2/2017,"Jueves",0,12:00:00,,"0.0",2,"Bicicleta,Pickup/Utilitario","Martinez Y Bv Bell Ville",2,1,0,0,1,0,0,,"Calle",,"ARMSTRONG","Belgrano","Ripio","Ripio","III","Dentro","Urbana","Ninguna","No existe","Intersección","Bueno","Buena","Diurna","Buen Tiempo","S/D","Ciclista","Atropello","Ninguna","S/D","Ninguna","Sin restricción"