"anio_acci","nro_acci","fecha","desc_dia","fecha_aprox","hora_aprox","desc_ruta","km","cant_participantes","desc_participante","calle_avenida_km","total","heridos_leves","heridos_graves","heridos_gravisimos","ilesos","fallecidos","sin_datos","posicion_XY","desc_tipo_via","desc_ruta_ori","desc_loc","desc_dpto","desc_tipo_calzada","desc_tipo_banquina","desc_unidad_regional","desc_lugar_calzada","desc_zona","desc_prioridad","desc_estado_semaforo","desc_lugar_via","desc_estado_via","desc_estado_visibilidad","desc_luminosidad","desc_estado_clima","desc_tipo_colision","desc_tipo_atropello","desc_tipo_hecho","desc_pres_calzada","desc_senializacion","desc_separacion_via","desc_restriccion"
2017,803,2/19/2017,"Domingo",0,20:30:00,"Ruta Nacional 178","0.0",2,"Automóvil,Bicicleta"," ",3,0,1,0,2,0,0,,"Ruta",178,"LAS PAREJAS","Belgrano","Hormigón","Natural","III","Dentro","Urbana","Ninguna","No existe","Recta","Bueno","Buena","Nocturna","Buen Tiempo","S/D","Ciclista","Atropello","Ninguna","Faltante","Ninguna","Sin restricción"
2017,804,2/17/2017,"Viernes",0,11:00:00,,"0.0",2,"Automóvil,Moto/Ciclomotor","Calle 20 Y Calle 25",2,0,1,0,1,0,0,,"Calle",,"LAS PAREJAS","Belgrano","Asfalto","No existe","III","Dentro","Urbana","Ninguna","No existe","Intersección","Bueno","Buena","Diurna","Buen Tiempo","Lateral","S/D","Colisión","Ninguna","Vertical","Ninguna","Sin restricción"
2017,805,2/9/2017,"Jueves",0,18:20:00,,"0.0",2,"Moto/Ciclomotor,Automóvil","Avenida 16 Y Calle 19",2,1,0,0,1,0,0,,"Avenida",,"LAS PAREJAS","Belgrano","Asfalto","No existe","III","Dentro","Urbana","Ninguna","No existe","Intersección","Bueno","Buena","Diurna","Buen Tiempo","Lateral","S/D","Colisión","Ninguna","Vertical","Ninguna","Sin restricción"
2017,806,2/15/2017,"Miercoles",0,11:00:00,,"0.0",2,"Moto/Ciclomotor,Automóvil","Cerrito Y Paso de los Andes",2,1,0,0,0,0,1,,"Calle",,"LAS ROSAS","Belgrano","Asfalto","No existe","III","S/D","Urbana","Ninguna","No existe","Rotonda","Bueno","Buena","Diurna","Buen Tiempo","Frontal","S/D","Colisión","Ninguna","Faltante","Ninguna","Sin restricción"
2017,807,2/3/2017,"Viernes",0,8:30:00,,"0.0",2,"Pickup/Utilitario,Peatón","San Martin Y Salta",2,1,0,0,1,0,0,,"Calle",,"LAS ROSAS","Belgrano","Asfalto","No existe","III","S/D","Urbana","Ninguna","No existe","Recta","Bueno","Buena","Diurna","Buen Tiempo","S/D","Peatón","Atropello","Ninguna","Faltante","Ninguna","Sin restricción"
2017,808,2/6/2017,"Lunes",0,11:30:00,,"0.0",2,"Bicicleta,Automóvil","Las Tres Lagunas Y Buenos Aires",2,1,0,0,1,0,0,,"Calle",,"LAS ROSAS","Belgrano","Asfalto","Pavimento","III","Dentro","Urbana","Ninguna","No existe","Intersección","Bueno","Buena","Diurna","Buen Tiempo","S/D","Ciclista","Atropello","Ninguna","Vertical","Ninguna","Sin restricción"
2017,809,2/27/2017,"Lunes",0,22:40:00,,"0.0",2,"Peatón,Moto/Ciclomotor","Rio de Janeiro 1000",2,1,0,0,1,0,0,,"Calle",,"LAS ROSAS","Belgrano","Ripio","No existe","III","Dentro","Urbana","Ninguna","S/D","Recta","Bueno","Buena","Nocturna","Buen Tiempo","S/D","S/D","Atropello","Ninguna","Faltante","Cordón divisorio","Sin restricción"
2017,810,2/4/2017,"Sabado",0,20:50:00,,"0.0",2,"Pickup/Utilitario,Peatón","Sarmiento Y San Lorenzo bis",2,1,0,0,1,0,0,,"Calle",,"LAS ROSAS","Belgrano","Asfalto","No existe","III","Dentro","Urbana","Ninguna","No existe","Intersección","Bueno","Buena","Nocturna","Buen Tiempo","S/D","Peatón","Atropello","Ninguna","Faltante","Cordón divisorio","Sin restricción"
2017,811,2/2/2017,"Jueves",0,12:00:00,"Ruta Nacional A012","0.0",2,"Camión Chasis,Camión"," ",2,1,0,0,1,0,0,,"Ruta","A012","PIÑERO","Rosario","Asfalto","Pavimento","II","Dentro","Rural","Señal Pare","No existe","Recta","Otro","Buena","Diurna","Buen Tiempo","Lateral","S/D","Colisión","Ninguna","Horizontal,Vertical","Cordón divisorio","Sin restricción"
2017,812,2/20/2017,"Lunes",0,18:50:00,"Ruta Nacional A012","0.0",2,"Moto/Ciclomotor,Automóvil","RN18 ",2,1,0,0,1,0,0,,"Ruta","A012","PIÑERO","Rosario","Asfalto","Pavimento","II","S/D","Rural","Señal Pare","Intermitente","Recta","Otro","Buena","Atardecer","Buen Tiempo","Lateral","S/D","Colisión","Ninguna","Horizontal,Vertical","Cordón divisorio","Sin restricción"
2017,813,2/1/2017,"Miercoles",0,23:30:00,"Ruta Provincial 3","0.0",1,"Camión c / Acoplado"," ",3,3,0,0,0,0,0,,"Ruta",3,"INTIYACO","Vera","Asfalto","Natural","XIX","Dentro","Urbana","Ninguna","No existe","Recta","Bueno","Buena","Nocturna","Buen Tiempo","S/D","S/D","Vuelco","Ninguna","Faltante","Ninguna","Sin restricción"
2017,814,2/3/2017,"Viernes",0,12:15:00,,"0.0",1,"Moto/Ciclomotor","Col¾n Y Guemes",1,1,0,0,0,0,0,,"Calle",,"MARGARITA","Vera","Ripio","No existe","XIX","Dentro","Urbana","Ninguna","No existe","Recta","Bueno","Buena","Diurna","Buen Tiempo","S/D","S/D","Caída ocupante","Ninguna","Faltante","Ninguna","Sin restricción"
2017,815,2/17/2017,"Viernes",0,20:45:00,,"0.0",2,"Automóvil,Moto/Ciclomotor","Cordoba Y Av Arronga",2,1,0,0,1,0,0,,"Calle",,"VERA","Vera","Ripio","No existe","XIX","Dentro","Urbana","Ninguna","No existe","Intersección","Bueno","Buena","Nocturna","Buen Tiempo","Frontal","S/D","Colisión","Ninguna","Faltante","Ninguna","Sin restricción"
2017,816,2/20/2017,"Lunes",0,13:00:00,,"0.0",2,"Pickup/Utilitario,Moto/Ciclomotor","Juan XXIII Y Morelli",3,2,0,0,1,0,0,,"Calle",,"PEREZ","Rosario","S/D","No existe","II","Dentro","Urbana","Ninguna","S/D","Intersección","S/D","Buena","Atardecer","S/D","Lateral","S/D","Colisión","Ninguna","Faltante","Ninguna","Sin restricción"
2017,817,2/23/2017,"Jueves",0,11:20:00,"Ruta Provincial 14","0.0",3,"Pickup/Utilitario,Pickup/Utilitario,Moto/Ciclomotor","Av Roque Perez ",3,1,0,0,2,0,0,,"Ruta",14,"PEREZ","Rosario","S/D","No existe","II","Dentro","Urbana","Ninguna","No existe","Intersección","Otro","Buena","Diurna","S/D","Múltiple","S/D","Colisión","Ninguna","Faltante","Ninguna","Sin restricción"
2017,818,2/23/2017,"Jueves",0,23:45:00,,"0.0",2,"Moto/Ciclomotor,Moto/Ciclomotor","Juan XXIII Y Av de las Americas",3,3,0,0,0,0,0,,"Calle",,"PEREZ","Rosario","S/D","No existe","II","Dentro","Urbana","Ninguna","No existe","Intersección","S/D","Buena","Nocturna","Buen Tiempo","Lateral","S/D","Colisión","S/D","Faltante","Ninguna","Sin restricción"
2017,819,2/25/2017,"Sabado",0,10:00:00,"Ruta Nacional 33","0.0",2,"Moto/Ciclomotor,Automóvil"," ",4,3,0,0,1,0,0,,"Ruta",33,"PEREZ","Rosario","S/D","No existe","II","Dentro","Urbana","Ninguna","No existe","Curva","Otro","Buena","Diurna","Otro","De alcance","S/D","Colisión","Ninguna","Faltante","Línea divisoria pintada","Sin restricción"
2017,820,2/1/2017,"Miercoles",1,,,"0.0",2,"Moto/Ciclomotor,Moto/Ciclomotor","Necochea Y Sarmiento",2,2,0,0,0,0,0,,"Calle",,"ZAVALLA","Rosario","Asfalto","S/D","II","Dentro","Urbana","Ninguna","No existe","Intersección","Bueno","Buena","Amanecer","Buen Tiempo","Lateral","S/D","Colisión","Ninguna","Faltante","Ninguna","Sin restricción"
2017,821,2/15/2017,"Miercoles",0,19:00:00,,"0.0",2,"Automóvil,Peatón","Gral Jose de San Martin Y Lisandro de la Torre",2,1,0,0,1,0,0,,"Calle",,"ARROYO SECO","Rosario","Hormigón","S/D","II","Dentro","Urbana","Ninguna","S/D","S/D","Bueno","Buena","Diurna","Buen Tiempo","S/D","Peatón","Atropello","Ninguna","Faltante","Ninguna","Sin restricción"
2017,822,2/28/2017,"Martes",0,17:00:00,,"0.0",2,"Otros,Moto/Ciclomotor","Juarez Celman Y Sgto Cabral",2,1,0,0,0,0,1,,"Calle",,"ARROYO SECO","Rosario","Asfalto","No existe","II","Dentro","Urbana","Ninguna","No existe","Intersección","Bueno","Buena","Diurna","Buen Tiempo","Lateral","S/D","Colisión","Ninguna","S/D","Ninguna","Sin restricción"
2017,823,2/1/2017,"Miercoles",0,18:00:00,"Autopista Nacional Gral. Juan Jose Valle","268.0",2,"Camión c / Acoplado,Camión c / Semirremolque","ALTURA PARAJE EL OMBU ",2,1,0,0,1,0,0,,"Autopista","Gral. Juan Jose Valle","ARROYO SECO","Rosario","Asfalto","No existe","II","Dentro","Rural","Ninguna","S/D","Recta","Con baches","S/D","Diurna","S/D","S/D","S/D","Colisión","Ninguna","S/D","Vegetación","Sin restricción"
2017,824,2/17/2017,"Viernes",0,,,"0.0",2,"Bicicleta,Automóvil","Pje. Dorado Y Pje. Chazarreta",2,1,0,0,1,0,0,,"Calle",,"ROSARIO","Rosario","Asfalto","Pavimento","II","Dentro","Urbana","Otra Señal","No existe","Recta","Bueno","S/D","S/D","Otro","Lateral","Ciclista","Atropello","Otro","Faltante","Ninguna","Sin restricción"
2017,825,2/24/2017,"Viernes",0,10:00:00,,"0.0",2,"Automóvil,Camión","Santa Fe Y Candelaria",4,1,0,0,3,0,0,,"Calle",,"FUNES","Rosario","Asfalto","No existe","II","Dentro","Urbana","Ninguna","No existe","Recta","Bueno","Buena","Diurna","Buen Tiempo","S/D","S/D","Atropello","Ninguna","Faltante","Ninguna","Sin restricción"
2017,826,2/15/2017,"Miercoles",0,22:00:00,,"0.0",2,"Automóvil,Bicicleta","Hipolito Irigoyen Y San Jose",2,1,0,0,1,0,0,,"Calle",,"FUNES","Rosario","Asfalto","No existe","II","Dentro","Urbana","Ninguna","No existe","Intersección","Bueno","Buena","Con luz artificial","Buen Tiempo","S/D","S/D","Atropello","Ninguna","Vertical","Ninguna","Sin restricción"
2017,827,2/7/2017,"Martes",0,23:15:00,,"0.0",2,"Moto/Ciclomotor,Automóvil","Mitre Y Pedro Rios",2,1,0,0,1,0,0,,"Avenida",,"FUNES","Rosario","Asfalto","Natural","II","Dentro","Urbana","Ninguna","No existe","Intersección","Bueno","S/D","Con luz artificial","Otro","S/D","S/D","Colisión","Ninguna","Vertical","Cordón divisorio","Sin restricción"
2017,828,2/16/2017,"Jueves",0,12:15:00,,"0.0",2,"Automóvil,Moto/Ciclomotor","Av Rosario Y Funes",2,1,0,0,1,0,0,,"Calle",,"FUNES","Rosario","Hormigón","No existe","II","Dentro","Urbana","Ninguna","No existe","Intersección","Bueno","Buena","Diurna","Buen Tiempo","Lateral","S/D","Colisión","Ninguna","S/D","Ninguna","Sin restricción"
2017,829,2/11/2017,"Sabado",0,18:00:00,,"0.0",2,"Automóvil,Moto/Ciclomotor","Gorriti Y Magallanes",3,2,0,0,1,0,0,,"S/D",,"ROSARIO","Rosario","Asfalto","Pavimento","II","Dentro","Urbana","Ninguna","No existe","Intersección","Bueno","Buena","Diurna","Lluvia","Lateral","S/D","Colisión","Ninguna","S/D","Barrera de hormigón","S/D"
2017,830,2/3/2017,"Viernes",0,23:00:00,,"0.0",2,"Bicicleta,Moto/Ciclomotor","Urquiza ",2,2,0,0,0,0,0,,"Calle",,"ROSARIO","Rosario","S/D","S/D","II","Dentro","Urbana","Ninguna","S/D","S/D","Otro","S/D","Nocturna","Otro","S/D","S/D","Atropello","Ninguna","S/D","Ninguna","S/D"
2017,831,2/5/2017,"Domingo",0,,,"0.0",2,"Automóvil,Automóvil","Av. Pellegrini Y Brasil",3,3,0,0,0,0,0,,"Calle",,"ROSARIO","Rosario","S/D","S/D","II","Dentro","Urbana","S/D","S/D","S/D","S/D","S/D","S/D","S/D","S/D","S/D","S/D","S/D","S/D","Ninguna","S/D"
2017,832,2/21/2017,"Martes",0,,,"0.0",2,"Moto/Ciclomotor,Automóvil","MENDOZA Y THOMPSON",2,1,0,0,0,0,1,,"Calle",,"VILLA GOBERNADOR GÁLVEZ","Rosario","Asfalto","No existe","II","Dentro","Urbana","Ninguna","No existe","Recta","Bueno","Buena","Diurna","Buen Tiempo","De alcance","S/D","Colisión","Ninguna","Faltante","Ninguna","Sin restricción"
2017,833,2/18/2017,"Sabado",0,,,"0.0",2,"Moto/Ciclomotor,Automóvil","Av. Genova 8500",2,1,0,0,1,0,0,,"Calle",,"ROSARIO","Rosario","Asfalto","Pavimento","II","Dentro","Urbana","Ninguna","No existe","Recta","S/D","S/D","S/D","Buen Tiempo","Lateral","S/D","Colisión","S/D","Faltante","Ninguna","Sin restricción"
2017,834,2/1/2017,"Miercoles",0,,,"0.0",1,"Otros","3 de Febrero Y Av Juan Domingo Peron",1,1,0,0,0,0,0,,"Calle",,"VILLA GOBERNADOR GÁLVEZ","Rosario","Asfalto","No existe","II","Dentro","Urbana","Ninguna","No existe","Curva","Deteriorada","Buena","S/D","Buen Tiempo","S/D","S/D","Colisión","Ninguna","Faltante","Ninguna","S/D"
2017,835,2/21/2017,"Martes",0,0:00:00,,"0.0",2,"Otros,Otros","Morelli Y Evaristo Carriego",2,1,0,0,1,0,0,,"Calle",,"PEREZ","Rosario","Asfalto","No existe","II","Dentro","Urbana","Ninguna","No existe","Intersección","Deteriorada","Reducida","Nocturna","Buen Tiempo","S/D","S/D","Colisión","Ninguna","Faltante","Ninguna","Sin restricción"
2017,836,2/23/2017,"Jueves",0,19:30:00,,"0.0",2,"Otros,Otros","crespo Y Pje Ferrari",3,2,0,0,1,0,0,,"Calle",,"VILLA GOBERNADOR GÁLVEZ","Rosario","Tierra","No existe","II","Dentro","Urbana","Ninguna","No existe","Recta","Con baches","Buena","Atardecer","Buen Tiempo","S/D","S/D","Colisión","Ninguna","Faltante","Ninguna","Sin restricción"
2017,837,2/15/2017,"Miercoles",0,,"Ruta Provincial 21","0.0",2,"Otros,Otros"," ",2,1,0,0,1,0,0,,"Ruta",21,"GENERAL LAGOS","Rosario","Asfalto","Ripio","II","Dentro","Urbana","Ninguna","No existe","S/D","Bueno","S/D","S/D","S/D","S/D","S/D","Colisión","S/D","Faltante","Ninguna","Sin restricción"
2017,838,2/8/2017,"Miercoles",0,10:15:00,,"0.0",2,"Bicicleta,Moto/Ciclomotor","Cordoba ",3,2,0,0,1,0,0,,"Calle",,"GENERAL LAGOS","Rosario","Asfalto","No existe","II","Dentro","Urbana","Ninguna","No existe","Intersección","Bueno","Buena","Diurna","Buen Tiempo","De alcance","Ciclista","Atropello","S/D","Faltante","Ninguna","Sin restricción"
2017,839,2/25/2017,"Sabado",0,10:15:00,"Autopista Nacional Gral. Juan Jose Valle","275.0",1,"Automóvil","Cordoba ",2,2,0,0,0,0,0,,"Autopista","Gral. Juan Jose Valle","GENERAL LAGOS","Rosario","Asfalto","Natural","II","Dentro","Urbana","Ninguna","No existe","Recta","Bueno","Buena","Diurna","Buen Tiempo","S/D","S/D","Vuelco","S/D","Horizontal,Vertical","Vegetación,Ninguna","Sin restricción"
2017,840,2/14/2017,"Martes",0,11:45:00,"Autopista Nacional Gral. Juan Jose Valle","280.0",2,"Taxi/Remis,Automóvil"," ",2,1,0,0,1,0,0,,"Autopista","Gral. Juan Jose Valle","ALVEAR","Rosario","Asfalto","Natural","II","Dentro","Urbana","Ninguna","No existe","Recta","Bueno","Buena","Diurna","Buen Tiempo","Lateral","S/D","Colisión","Ninguna","S/D","Vegetación","Sin restricción"
2017,841,2/12/2017,"Domingo",0,2:30:00,,"0.0",2,"Peatón,Moto/Ciclomotor","Av Juan Domingo Peron 2124",2,0,1,0,1,0,0,,"Calle",,"VILLA GOBERNADOR GÁLVEZ","Rosario","Asfalto","No existe","II","Dentro","Urbana","Semáforo","Funciona","Recta","Bueno","Buena","Nocturna","Buen Tiempo","S/D","Peatón","Atropello","Ninguna","Faltante","Ninguna","Sin restricción"
2017,842,2/21/2017,"Martes",0,18:20:00,,"0.0",2,"Moto/Ciclomotor,Automóvil","J M Estrada Y Tucuman",2,1,0,0,1,0,0,,"Calle",,"VILLA GOBERNADOR GÁLVEZ","Rosario","Asfalto","No existe","II","Dentro","Urbana","Ninguna","No existe","Intersección","Bueno","Buena","Diurna","Buen Tiempo","Lateral","S/D","Colisión","Ninguna","Faltante","Ninguna","Sin restricción"
2017,843,2/6/2017,"Lunes",0,21:15:00,,"0.0",1,"Taxi/Remis","Av de Circunvalacion ",1,1,0,0,0,0,0,,"Calle",,"VILLA GOBERNADOR GÁLVEZ","Rosario","Asfalto","No existe","II","Dentro","Urbana","Ninguna","No existe","Curva","Bueno","Buena","Nocturna","Buen Tiempo","Contra objeto fijo","S/D","Colisión","Ninguna","Faltante","Ninguna","Sin restricción"
2017,844,2/8/2017,"Miercoles",0,9:05:00,,"0.0",2,"Automóvil,Moto/Ciclomotor","Albert Sabin Y Velez Sarsfield",2,1,0,0,1,0,0,,"Calle",,"ROSARIO","Rosario","S/D","No existe","II","Dentro","Urbana","Semáforo","Funciona","Intersección","S/D","S/D","Diurna","S/D","Lateral","S/D","Colisión","S/D","Horizontal,Vertical","S/D","S/D"
2017,845,2/7/2017,"Martes",0,19:50:00,,"0.0",2,"Moto/Ciclomotor,Moto/Ciclomotor","17 de Octubre Y Bv San diego",2,2,0,0,0,0,0,,"Calle",,"VILLA GOBERNADOR GÁLVEZ","Rosario","Asfalto","No existe","II","Dentro","Urbana","Ninguna","Intermitente","Intersección","Con baches","Reducida","Atardecer","Buen Tiempo","Lateral","S/D","Colisión","Ninguna","Faltante","Ninguna","Sin restricción"
2017,846,2/13/2017,"Lunes",0,18:21:00,"Ruta Provincial 21","0.0",2,"Automóvil,Automóvil","Av Gral San Martin Y Juan B Justo",2,1,0,0,1,0,0,,"Ruta",21,"VILLA GOBERNADOR GÁLVEZ","Rosario","Asfalto","No existe","II","Dentro","Urbana","Semáforo","Funciona","Intersección","Bueno","Buena","Atardecer","Buen Tiempo","Lateral","S/D","Colisión","Ninguna","Faltante","Línea divisoria pintada","Sin restricción"
2017,847,2/9/2017,"Jueves",0,10:20:00,,"0.0",2,"Automóvil,Moto/Ciclomotor","Junin Y Albert Sabin",2,1,0,0,1,0,0,,"Calle",,"ROSARIO","Rosario","S/D","S/D","II","Dentro","Urbana","Semáforo","S/D","Intersección","S/D","S/D","Diurna","S/D","Lateral","S/D","Colisión","S/D","Horizontal,Vertical","Ninguna","Sin restricción"
2017,848,2/16/2017,"Jueves",0,13:50:00,,"0.0",2,"Moto/Ciclomotor,Pickup/Utilitario","Av Juan Domingo Peron Y Libertad",2,1,0,0,1,0,0,,"Calle",,"VILLA GOBERNADOR GÁLVEZ","Rosario","Asfalto","S/D","II","Dentro","Urbana","Ninguna","No existe","Intersección","Bueno","Buena","Diurna","Buen Tiempo","Lateral","S/D","Colisión","Ninguna","Faltante","Ninguna","S/D"
2017,849,2/16/2017,"Jueves",0,3:00:00,,"0.0",2,"Moto/Ciclomotor,Automóvil","Av. Caseros Bis Y Av. Francia",2,1,0,0,1,0,0,,"Avenida",,"ROSARIO","Rosario","Asfalto","No existe","II","S/D","Urbana","Semáforo","S/D","Intersección","Bueno","S/D","Nocturna","S/D","Lateral","S/D","Colisión","S/D","Horizontal,Vertical","S/D","S/D"
2017,850,2/17/2017,"Viernes",0,18:00:00,"Ruta Provincial 21","0.0",2,"Moto/Ciclomotor,Automóvil","Av Gral San Martin 2000",2,1,0,0,1,0,0,,"Ruta",21,"VILLA GOBERNADOR GÁLVEZ","Rosario","Asfalto","No existe","II","Dentro","Urbana","Ninguna","No existe","Recta","Bueno","Buena","Atardecer","Buen Tiempo","Lateral","S/D","Colisión","Ninguna","Faltante","Ninguna","Sin restricción"
2017,851,2/17/2017,"Viernes",0,10:30:00,,"0.0",2,"Moto/Ciclomotor,Automóvil","AV. MONGSFELD Y AV. FRANCIA",3,2,0,0,1,0,0,,"Avenida",,"ROSARIO","Rosario","Asfalto","No existe","II","Dentro","Urbana","S/D","S/D","Intersección","Bueno","S/D","Diurna","S/D","S/D","S/D","Colisión","Ninguna","Horizontal,Vertical","Cordón divisorio","Sin restricción"
2017,852,2/20/2017,"Lunes",0,18:00:00,,"0.0",2,"Moto/Ciclomotor,Automóvil","Bv San diego Y Alvear",2,1,0,0,1,0,0,,"Calle",,"VILLA GOBERNADOR GÁLVEZ","Rosario","Asfalto","No existe","II","Dentro","Urbana","Ninguna","No existe","Intersección","Bueno","Buena","Atardecer","Buen Tiempo","Lateral","S/D","Colisión","Ninguna","Faltante","Ninguna","Sin restricción"
2017,853,2/19/2017,"Domingo",0,7:00:00,,"0.0",1,"Automóvil","Velez Sarsfield Y Av. Luis Carballo",5,5,0,0,0,0,0,,"Calle",,"ROSARIO","Rosario","Asfalto","No existe","II","Dentro","Urbana","Semáforo","S/D","Intersección","Bueno","Buena","Diurna","S/D","S/D","S/D","Despiste","S/D","Horizontal,Vertical","Cordón divisorio","Sin restricción"
2017,854,2/24/2017,"Viernes",0,,,"0.0",2,"Automóvil,Automóvil","Av. Eva Peron Y Bv. Wilde",2,2,0,0,0,0,0,,"Avenida",,"ROSARIO","Rosario","Asfalto","Pavimento","II","Dentro","Urbana","Señal Pare","Funciona","Intersección","S/D","S/D","S/D","S/D","De alcance","S/D","Colisión","S/D","S/D","Cordón divisorio","Sin restricción"
2017,855,2/15/2017,"Miercoles",0,18:15:00,,"0.0",3,"Moto/Ciclomotor,Peatón,Automóvil","Av. Genova ",3,1,0,0,1,1,0,"-32.91756, -60.76891","Calle",,"ROSARIO","Rosario","Asfalto","No existe","II","Dentro","Urbana","Semáforo","Funciona","Recta","Bueno","Buena","Diurna","Buen Tiempo","Otro","S/D","Atropello","Otro","Vertical","Cordón divisorio","Sin restricción"
2017,856,2/27/2017,"Lunes",0,,,"0.0",2,"Moto/Ciclomotor,Automóvil","Bv. Wilde Y Av. Genova",2,1,0,0,1,0,0,,"Avenida",,"ROSARIO","Rosario","Asfalto","No existe","II","S/D","Urbana","Ninguna","No existe","Intersección","Bueno","Buena","S/D","S/D","Lateral","S/D","Colisión","Otro","Horizontal","Ninguna","Sin restricción"
2017,857,2/20/2017,"Lunes",0,17:00:00,,"0.0",2,"Moto/Ciclomotor,Automóvil"," ",3,2,0,0,1,0,0,,"S/D",,"ROSARIO","Rosario","Asfalto","No existe","II","S/D","S/D","Ninguna","No existe","Curva","Bueno","Buena","Diurna","Buen Tiempo","Otro","S/D","Colisión","Otro","Faltante","Guardarrail","Sin restricción"
2017,858,2/28/2017,"Martes",0,,,"0.0",2,"Automóvil,Moto/Ciclomotor","Gorriti Y Nicaragua",2,1,0,0,1,0,0,,"Calle",,"ROSARIO","Rosario","Asfalto","No existe","II","Dentro","Urbana","S/D","No existe","Recta","S/D","S/D","S/D","S/D","Lateral","S/D","Colisión","Otro","Faltante","S/D","Sin restricción"
2017,859,2/14/2017,"Martes",0,13:30:00,,"0.0",2,"Automóvil,Automóvil","Av. Irigoyen Y Darragueira",3,1,0,0,2,0,0,,"Calle",,"ROSARIO","Rosario","Asfalto","S/D","II","Dentro","Urbana","Ninguna","S/D","Intersección","Bueno","Buena","Diurna","Otro","S/D","S/D","Colisión","Ninguna","S/D","Ninguna","S/D"
2017,860,2/1/2017,"Miercoles",0,7:20:00,,"0.0",2,"Transporte de Pasajeros Urbano (> 8 asientos),Moto/Ciclomotor","Av. Genova Y Barra",2,1,0,0,1,0,0,,"Avenida",,"ROSARIO","Rosario","Asfalto","No existe","II","Dentro","Urbana","Ninguna","No existe","Recta","Bueno","Buena","Diurna","Buen Tiempo","S/D","S/D","Colisión","S/D","Faltante","Ninguna","Sin restricción"
2017,861,2/19/2017,"Domingo",0,17:30:00,,"0.0",2,"Automóvil,Moto/Ciclomotor","Av. Eudoro Carrasco 4000",3,2,0,0,1,0,0,,"Calle",,"ROSARIO","Rosario","Asfalto","S/D","II","Dentro","Urbana","Ninguna","S/D","Recta","Bueno","Buena","Diurna","Otro","S/D","S/D","Colisión","Ninguna","S/D","Ninguna","S/D"
2017,862,2/3/2017,"Viernes",0,,"Ruta Nacional A008","0.0",2,"Automóvil,Automóvil","Av. Circunvalacion ",2,1,0,0,1,0,0,,"Ruta","A008","ROSARIO","Rosario","Asfalto","No existe","II","Dentro","Urbana","Ninguna","No existe","Recta","S/D","Buena","Diurna","Buen Tiempo","Contra objeto fijo","S/D","Colisión","S/D","Faltante","Guardarrail","Sin restricción"
2017,863,2/3/2017,"Viernes",0,21:25:00,,"0.0",2,"Automóvil,Moto/Ciclomotor","25 de Mayo Y San Martin",2,2,0,0,0,0,0,,"Calle",,"VERA","Vera","Asfalto","No existe","XIX","S/D","Urbana","Ninguna","No existe","Intersección","Bueno","Buena","Nocturna","Buen Tiempo","Frontal","S/D","Colisión","Ninguna","Faltante","Ninguna","Sin restricción"
2017,864,2/3/2017,"Viernes",0,20:50:00,,"0.0",1,"Moto/Ciclomotor"," ",1,1,0,0,0,0,0,,"Calle",,"VERA","Vera","Tierra","S/D","XIX","S/D","Urbana","Ninguna","S/D","Intersección","Con baches","S/D","Nocturna","Buen Tiempo","Atropello animal","S/D","Colisión","Ninguna","S/D","Ninguna","S/D"
2017,865,2/3/2017,"Viernes",0,19:00:00,,"0.0",2,"Automóvil,Pickup/Utilitario"," ",3,1,0,0,2,0,0,,"S/D",,"VERA","Vera","Asfalto","No existe","XIX","S/D","Urbana","Ninguna","No existe","Intersección","Bueno","Buena","Diurna","Buen Tiempo","Frontal","S/D","Colisión","Ninguna","Faltante","Ninguna","Sin restricción"
2017,866,2/5/2017,"Domingo",0,20:10:00,,"0.0",2,"Automóvil,Moto/Ciclomotor","Sarmiento Y Av. Provincias Unidas",2,1,0,0,1,0,0,,"Avenida",,"ROSARIO","Rosario","Asfalto","Natural","II","Dentro","Urbana","Señal Ceda el Paso","No existe","Rotonda","Bueno","Buena","Nocturna","S/D","S/D","S/D","Colisión","S/D","Vertical","S/D","S/D"
2017,867,2/20/2017,"Lunes",0,20:40:00,"Ruta Provincial 21","0.0",3,"Moto/Ciclomotor,Automóvil,Pickup/Utilitario","Balcarce Y Av Gral San Martin",3,1,0,0,2,0,0,,"Ruta",21,"VILLA GOBERNADOR GÁLVEZ","Rosario","Asfalto","No existe","II","Dentro","Urbana","Ninguna","No existe","Intersección","Bueno","Buena","Nocturna","Buen Tiempo","S/D","S/D","Colisión","Ninguna","Faltante","Ninguna","Sin restricción"
2017,868,2/1/2017,"Miercoles",0,19:40:00,,"0.0",2,"Automóvil,Moto/Ciclomotor","Alvear Y R S Pe±a",3,2,0,0,1,0,0,,"Calle",,"VERA","Vera","Tierra","No existe","XIX","Dentro","Urbana","Ninguna","No existe","Intersección","Bueno","Buena","Diurna","Buen Tiempo","Frontal","S/D","Colisión","Ninguna","Faltante","Ninguna","S/D"
2017,869,2/2/2017,"Jueves",0,11:50:00,,"0.0",1,"Transporte de Pasajeros Urbano (> 8 asientos)","Las heras Y Chubut",2,1,0,0,1,0,0,,"S/D",,"VILLA GOBERNADOR GÁLVEZ","Rosario","S/D","S/D","II","S/D","Urbana","Ninguna","S/D","S/D","Otro","S/D","Diurna","Otro","S/D","S/D","S/D","Otro","S/D","Ninguna","S/D"