"anio_acci","nro_acci","fecha","desc_dia","fecha_aprox","hora_aprox","desc_ruta","km","cant_participantes","desc_participante","calle_avenida_km","total","heridos_leves","heridos_graves","heridos_gravisimos","ilesos","fallecidos","sin_datos","posicion_XY","desc_tipo_via","desc_ruta_ori","desc_loc","desc_dpto","desc_tipo_calzada","desc_tipo_banquina","desc_unidad_regional","desc_lugar_calzada","desc_zona","desc_prioridad","desc_estado_semaforo","desc_lugar_via","desc_estado_via","desc_estado_visibilidad","desc_luminosidad","desc_estado_clima","desc_tipo_colision","desc_tipo_atropello","desc_tipo_hecho","desc_pres_calzada","desc_senializacion","desc_separacion_via","desc_restriccion"
2017,871,2/16/2017,"Jueves",0,,,"0.0",2,"Pickup/Utilitario,Moto/Ciclomotor","San Nicolas Y Av Caferata",3,2,0,0,1,0,0,,"S/D",,"VILLA GOBERNADOR GÁLVEZ","Rosario","S/D","S/D","II","S/D","S/D","Ninguna","S/D","S/D","Otro","S/D","S/D","S/D","S/D","S/D","Colisión","Otro","S/D","Ninguna","S/D"
2017,872,2/24/2017,"Viernes",0,19:30:00,,"0.0",2,"Bicicleta,Automóvil","Soldado Aguirre Y Buenos Aires",2,1,0,0,1,0,0,,"S/D",,"VILLA GOBERNADOR GÁLVEZ","Rosario","S/D","S/D","II","S/D","S/D","Ninguna","S/D","S/D","Otro","S/D","Diurna","Otro","S/D","S/D","Atropello","Otro","S/D","Ninguna","S/D"
2017,873,2/17/2017,"Viernes",0,14:25:00,,"0.0",2,"Moto/Ciclomotor,Automóvil","Pasteur Y Belgrano",3,2,0,0,1,0,0,,"S/D",,"VILLA GOBERNADOR GÁLVEZ","Rosario","S/D","S/D","II","S/D","S/D","Ninguna","S/D","S/D","Otro","S/D","Diurna","Otro","S/D","S/D","S/D","Ninguna","S/D","Ninguna","S/D"
2017,874,2/24/2017,"Viernes",0,8:00:00,,"0.0",2,"Automóvil,Moto/Ciclomotor","Albert Sabin Y Lavalle",3,2,0,0,1,0,0,,"Calle",,"ROSARIO","Rosario","S/D","No existe","II","Dentro","Urbana","Ninguna","No existe","Intersección","S/D","Buena","Diurna","Buen Tiempo","Lateral","S/D","Colisión","S/D","Horizontal,Vertical","Ninguna","S/D"
2017,875,2/8/2017,"Miercoles",0,14:25:00,,"0.0",2,"Moto/Ciclomotor,Automóvil","Tucuman Y Alberdi J B",2,1,0,0,1,0,0,,"Calle",,"SUNCHALES","Castellanos","Hormigón","S/D","V","Dentro","Urbana","Ninguna","S/D","Intersección","Bueno","Buena","Diurna","Buen Tiempo","Lateral","S/D","Colisión","Ninguna","S/D","Ninguna","S/D"
2017,876,2/4/2017,"Sabado",0,14:05:00,,"0.0",2,"Automóvil,Bicicleta","Bv San Martin 1700",2,1,0,0,1,0,0,,"Calle",,"ARMSTRONG","Belgrano","Asfalto","Pavimento","III","Dentro","Urbana","Ninguna","No existe","Intersección","Bueno","Buena","Diurna","Buen Tiempo","S/D","Ciclista","Atropello","Ninguna","Vertical","Ninguna","Sin restricción"
2017,877,2/13/2017,"Lunes",0,4:30:00,"Autopista Nacional Rosario -Cordoba","378.0",1,"Camión c / Semirremolque"," ",1,1,0,0,0,0,0,,"Autopista","Rosario -Cordoba","ARMSTRONG","Belgrano","Asfalto","Natural","III","Dentro","Rural","Ninguna","No existe","Recta","Bueno","Buena","Nocturna","Buen Tiempo","S/D","S/D","Vuelco","Ninguna","Horizontal,Vertical","Ninguna","Sin restricción"
2017,878,2/14/2017,"Martes",0,19:30:00,,"0.0",2,"Automóvil,Moto/Ciclomotor","Antonio Podio Y Bv Pte Roca",3,2,0,0,1,0,0,,"Avenida",,"RAFAELA","Castellanos","Asfalto","No existe","V","Dentro","Urbana","Ninguna","No existe","Intersección","Bueno","Buena","Atardecer","Buen Tiempo","Lateral","S/D","Colisión","Ninguna","Faltante","Cordón divisorio","Sin restricción"
2017,879,2/23/2017,"Jueves",0,18:00:00,,"0.0",2,"Moto/Ciclomotor,Moto/Ciclomotor","San Martin Y Santa Rosa",3,3,0,0,0,0,0,,"Calle",,"SANTA ROSA DE CALCHINES","Garay","Hormigón","No existe","VII","Dentro","Urbana","Ninguna","No existe","Intersección","Bueno","Buena","Diurna","Buen Tiempo","Lateral","S/D","Colisión","Ninguna","S/D","Ninguna","Sin restricción"
2017,880,2/1/2017,"Miercoles",0,19:45:00,,"0.0",2,"Pickup/Utilitario,Moto/Ciclomotor","Belgrano Y San Martin",2,1,0,0,1,0,0,,"Calle",,"ATALIVA","Castellanos","Hormigón","Pavimento","V","Dentro","Urbana","Ninguna","No existe","Intersección","Bueno","Buena","Atardecer","Buen Tiempo","Lateral","S/D","Colisión","Ninguna","S/D","Ninguna","Sin restricción"
2017,881,2/17/2017,"Viernes",0,21:30:00,"Ruta Provincial 1","44.4",2,"Automóvil,Pickup/Utilitario"," ",6,1,0,0,5,0,0,,"Ruta",1,"SANTA ROSA DE CALCHINES","Garay","Asfalto","Natural","VII","Fuera","Rural","Ninguna","No existe","Recta","Bueno","Buena","Nocturna","Otro","S/D","S/D","Colisión","Ninguna","Faltante","Ninguna","Sin restricción"
2017,882,2/6/2017,"Lunes",0,,,"0.0",2,"Moto/Ciclomotor,Automóvil","Calle 60 Y Calle 7",2,0,0,1,1,0,0,,"Calle",,"FRONTERA","Castellanos","S/D","S/D","V","Dentro","Urbana","Ninguna","S/D","Intersección","S/D","S/D","S/D","Buen Tiempo","Lateral","S/D","Colisión","S/D","S/D","Ninguna","S/D"
2017,883,2/9/2017,"Jueves",0,10:30:00,,"0.0",2,"Moto/Ciclomotor,Automóvil","Calle 58 Y Calle 5",2,0,1,0,1,0,0,,"Calle",,"FRONTERA","Castellanos","S/D","S/D","V","Dentro","Urbana","Ninguna","S/D","Intersección","S/D","Buena","Diurna","Buen Tiempo","Lateral","S/D","Colisión","S/D","S/D","Ninguna","S/D"
2017,884,2/11/2017,"Sabado",0,20:00:00,,"0.0",2,"Automóvil,Moto/Ciclomotor","Garibaldi Y Aldao",2,0,0,0,0,0,2,,"Calle",,"CARRERAS","General López","Asfalto","No existe","VIII","S/D","Urbana","Ninguna","No existe","Recta","Bueno","Buena","Atardecer","Buen Tiempo","De alcance","S/D","Colisión","Ninguna","Horizontal","Cordón divisorio","Sin restricción"
2017,885,2/25/2017,"Sabado",0,15:30:00,"Ruta Provincial 70","74.0",2,"Pickup/Utilitario,Moto/Ciclomotor"," ",2,1,0,0,1,0,0,,"Ruta",70,"BELLA ITALIA","Castellanos","Asfalto","Natural","V","Dentro","Rural","Marca Vial","No existe","Recta","Bueno","Buena","Diurna","Buen Tiempo","Lateral","S/D","Colisión","Ninguna","Horizontal","Línea divisoria pintada","Sin restricción"
2017,886,2/6/2017,"Lunes",0,5:20:00,,"0.0",1,"Moto/Ciclomotor","9 de Julio Y Boulevard Ocampo",2,1,1,0,0,0,0,,"Avenida",,"HELVECIA","Garay","Asfalto","No existe","VII","Dentro","Urbana","Ninguna","No existe","Intersección","Bueno","Buena","Diurna","Buen Tiempo","S/D","S/D","Caída ocupante","Ninguna","Faltante","Ninguna","Sin restricción"
2017,887,2/9/2017,"Jueves",0,15:25:00,,"0.0",2,"Pickup/Utilitario,Moto/Ciclomotor","Garibaldi Y Aldao",2,0,1,0,1,0,0,,"Calle",,"CARRERAS","General López","Asfalto","No existe","VIII","Dentro","Urbana","Ninguna","No existe","Cruce","Bueno","Buena","Diurna","Buen Tiempo","Otro","S/D","Colisión","Ninguna","Horizontal,Vertical","Ninguna","Sin restricción"
2017,888,2/1/2017,"Miercoles",0,19:40:00,"Ruta Provincial 1","78.0",2,"Camión Chasis,Automóvil"," ",4,2,0,0,2,0,0,,"Ruta",1,"CAMPO DEL MEDIO","Garay","Asfalto","S/D","VII","Dentro","Rural","Ninguna","No existe","Recta","Bueno","Buena","Diurna","Buen Tiempo","Lateral","S/D","Colisión","Ninguna","Faltante","Ninguna","S/D"
2017,889,2/4/2017,"Sabado",0,7:00:00,"Ruta Nacional 95","0.0",1,"Pickup/Utilitario"," ",2,1,0,0,0,0,1,,"Ruta",95,"TOSTADO","9 de Julio","Asfalto","Natural","XII","Dentro","Urbana","Ninguna","No existe","S/D","Resbaladiza","Reducida","Diurna","Lluvia","S/D","S/D","Despiste","Agua","S/D","Guardarrail","Sin restricción"
2017,890,2/26/2017,"Domingo",0,21:40:00,,"0.0",2,"Automóvil,Automóvil","Salta Y Pueyrredon",3,1,0,0,2,0,0,,"Calle",,"ROSARIO","Rosario","Asfalto","S/D","II","Dentro","Urbana","Ninguna","S/D","Recta","Bueno","Buena","Nocturna","Buen Tiempo","Lateral","S/D","Colisión","Ninguna","S/D","Ninguna","S/D"
2017,891,2/1/2017,"Miercoles",0,21:20:00,"Ruta Nacional A012","0.0",2,"Automóvil,Automóvil"," ",4,1,0,0,3,0,0,,"Ruta","A012","PIÑERO","Rosario","Asfalto","Pavimento","II","S/D","Rural","Señal Pare","Intermitente","Recta","Bueno","Buena","Nocturna,Con luz artificial","Buen Tiempo","S/D","S/D","Colisión","Ninguna","Horizontal,Vertical","Barrera de hormigón","S/D"
2017,892,2/23/2017,"Jueves",0,13:00:00,,"0.0",2,"Moto/Ciclomotor,Taxi/Remis","Tucuman Y Castellanos",2,1,0,0,1,0,0,,"Calle",,"ROSARIO","Rosario","Asfalto","No existe","II","Dentro","Urbana","Ninguna","No existe","Recta","Bueno","Buena","Diurna","Buen Tiempo","Lateral","S/D","Colisión","Ninguna","S/D","Ninguna","S/D"
2017,893,2/22/2017,"Miercoles",0,8:30:00,,"0.0",2,"Peatón,Automóvil","San Nicolas Y Urquiza",2,1,0,0,1,0,0,,"Calle",,"ROSARIO","Rosario","Hormigón","No existe","II","Dentro","Urbana","Ninguna","No existe","Recta","S/D","Buena","Diurna","Buen Tiempo","S/D","Peatón","Atropello","S/D","Faltante","Ninguna","S/D"
2017,894,2/14/2017,"Martes",0,16:50:00,,"0.0",2,"Peatón,Automóvil","Av. Ovidio Lagos Y Urquiza",2,1,0,0,1,0,0,,"Calle",,"ROSARIO","Rosario","Asfalto","No existe","II","Dentro","Urbana","Ninguna","Funciona","Intersección","S/D","Buena","Diurna","Buen Tiempo","S/D","Peatón","Atropello","S/D","S/D","Ninguna","S/D"
2017,895,2/12/2017,"Domingo",0,16:00:00,"Ruta Nacional A012","14.0",2,"Automóvil,Automóvil"," ",5,4,1,0,0,0,0,,"Ruta","A012","PIÑERO","Rosario","Asfalto","Pavimento","II","Dentro","Rural","Señal Ceda el Paso","Intermitente","Recta","Bueno","Buena","Diurna","Buen Tiempo","S/D","S/D","Colisión","Ninguna","Horizontal,Vertical","Barrera de hormigón","Sin restricción"
2017,896,2/13/2017,"Lunes",0,16:25:00,,"0.0",2,"Automóvil,Moto/Ciclomotor","Santiago Y Brown",2,1,0,0,1,0,0,,"Calle",,"ROSARIO","Rosario","Asfalto","No existe","II","Dentro","Urbana","Ninguna","No existe","Distribuidor","Bueno","Buena","Diurna","Buen Tiempo","Lateral","S/D","Colisión","Ninguna","S/D","Ninguna","Sin restricción"
2017,897,2/9/2017,"Jueves",0,17:35:00,,"0.0",2,"Automóvil,Automóvil","Urquiza Y San Nicolas",2,1,0,0,1,0,0,,"Calle",,"ROSARIO","Rosario","Asfalto","No existe","II","Dentro","Urbana","Ninguna","No existe","Intersección","Otro","Buena","Diurna","Buen Tiempo","Lateral","S/D","Colisión","Ninguna","Faltante","Ninguna","S/D"
2017,898,2/3/2017,"Viernes",0,2:30:00,,"0.0",2,"Automóvil,Moto/Ciclomotor","Bv Belgrano Y Brown",3,2,0,0,1,0,0,,"Calle",,"ÁLVAREZ","Rosario","Asfalto","Pavimento","II","Dentro","Urbana","Ninguna","No existe","Intersección","Bueno","Buena","Nocturna","Buen Tiempo","Lateral","S/D","Colisión","Ninguna","S/D","Ninguna","Sin restricción"
2017,899,2/5/2017,"Domingo",0,5:45:00,,"0.0",2,"Automóvil,Automóvil","Vera Mujica Y Urquiza",2,2,0,0,0,0,0,,"Calle",,"ROSARIO","Rosario","Asfalto","S/D","II","Dentro","Urbana","Ninguna","Funciona","Recta","Bueno","Buena","Amanecer","Buen Tiempo","Lateral","S/D","Colisión","Ninguna","S/D","Ninguna","S/D"
2017,900,2/4/2017,"Sabado",0,18:30:00,,"0.0",2,"Moto/Ciclomotor,Automóvil","Santa Fe Y Av. Francia",3,2,0,0,1,0,0,,"Calle",,"ROSARIO","Rosario","Asfalto","No existe","II","Dentro","Urbana","Ninguna","Funciona","Recta","S/D","Buena","Diurna","Buen Tiempo","Lateral","S/D","Colisión","S/D","S/D","Ninguna","S/D"
2017,901,2/6/2017,"Lunes",0,18:30:00,,"0.0",2,"Automóvil,Camión Chasis","Pje. Riachuelo 1479",2,1,0,0,1,0,0,,"Calle",,"ROSARIO","Rosario","Asfalto","No existe","II","Dentro","Urbana","Ninguna","No existe","Recta","Bueno","Buena","Atardecer","Buen Tiempo","De alcance","S/D","Colisión","Ninguna","Faltante","Ninguna","S/D"
2017,902,2/2/2017,"Jueves",0,6:30:00,,"0.0",2,"Moto/Ciclomotor,Automóvil","Urquiza Y Iriondo",2,1,0,0,1,0,0,,"Calle",,"ROSARIO","Rosario","Asfalto","No existe","II","Dentro","Urbana","Ninguna","No existe","Recta","Otro","Buena","Amanecer","Buen Tiempo","Lateral","S/D","Colisión","S/D","S/D","Ninguna","S/D"
2017,903,2/16/2017,"Jueves",0,7:30:00,"Autopista Nacional A008","0.0",2,"Automóvil,Moto/Ciclomotor","Av. Circunvalacion Y España",2,1,0,0,1,0,0,,"Autopista","A008","ROSARIO","Rosario","Asfalto","Natural","II","Fuera","Urbana","Ninguna","No existe","Cruce","Con baches","Buena","Diurna","Buen Tiempo","Lateral","S/D","Colisión","Ninguna","Faltante","Ninguna","S/D"
2017,904,2/6/2017,"Lunes",0,16:50:00,,"0.0",2,"Moto/Ciclomotor,Bicicleta","Av. Provincias Unidas 570",2,0,1,0,1,0,0,,"Calle",,"ROSARIO","Rosario","Asfalto","No existe","II","Dentro","Urbana","Ninguna","No existe","Recta","Bueno","Buena","Diurna","Buen Tiempo","S/D","Ciclista","Atropello","Ninguna","S/D","Cordón divisorio","Sin restricción"
2017,905,2/10/2017,"Viernes",0,17:30:00,,"0.0",2,"Moto/Ciclomotor,Automóvil","San Martin 7800",2,0,2,0,0,0,0,,"Avenida",,"ROSARIO","Rosario","Asfalto","No existe","II","Dentro","Urbana","Ninguna","No existe","Recta","Con baches","Buena","Diurna","Buen Tiempo","De alcance","S/D","Colisión","Ninguna","Faltante","Ninguna","S/D"
2017,906,2/6/2017,"Lunes",0,14:10:00,,"0.0",2,"Moto/Ciclomotor,Moto/Ciclomotor","J.J.Paso Y Liniers",2,2,0,0,0,0,0,,"Calle",,"ROSARIO","Rosario","Asfalto","No existe","II","Dentro","Urbana","Ninguna","No existe","Intersección","Bueno","Buena","Diurna","Buen Tiempo","Lateral","S/D","Colisión","Otro","S/D","Ninguna","S/D"
2017,907,2/22/2017,"Miercoles",0,18:30:00,"Autopista Nacional A008","0.0",2,"Automóvil,Moto/Ciclomotor","Av. Circunvalacion Y San Martin",2,1,0,0,1,0,0,,"Autopista","A008","ROSARIO","Rosario","Asfalto","Pavimento","II","S/D","S/D","Señal Ceda el Paso","No existe","Recta","Deteriorada","Buena","Diurna","Buen Tiempo","S/D","S/D","Colisión","Ninguna","Faltante","Guardarrail","Obra en Construcción"
2017,908,2/20/2017,"Lunes",0,17:10:00,"Autopista Nacional A008","0.0",2,"Automóvil,Automóvil","Av. Circunvalacion Y San Martin",2,1,0,0,1,0,0,,"Autopista","A008","ROSARIO","Rosario","Asfalto","S/D","II","S/D","Rural","Ninguna","No existe","Recta","Bueno","Buena","Diurna","Buen Tiempo","Múltiple","S/D","Colisión","Ninguna","Faltante","Guardarrail","S/D"
2017,909,2/1/2017,"Miercoles",0,18:30:00,"Autopista Nacional A008","0.0",2,"Automóvil,Camión c / Acoplado","Av. Circunvalacion Y Av. Uriburu",2,1,0,0,1,0,0,,"Autopista","A008","ROSARIO","Rosario","Asfalto","Pavimento","II","Dentro","Rural","Ninguna","No existe","Recta","Bueno","Buena","Diurna","Buen Tiempo","Frontal","S/D","Colisión","Ninguna","Faltante","Ninguna","Sin restricción"
2017,910,2/10/2017,"Viernes",0,16:15:00,,"0.0",2,"Pickup/Utilitario,Moto/Ciclomotor","Santa Fe 6500",2,1,0,0,1,0,0,,"Avenida",,"ROSARIO","Rosario","Asfalto","No existe","II","Dentro","Urbana","Ninguna","No existe","Recta","Bueno","Buena","Diurna","Buen Tiempo","De alcance","S/D","Colisión","Ninguna","Horizontal","Cordón divisorio","Sin restricción"
2017,911,2/15/2017,"Miercoles",0,18:20:00,,"0.0",2,"Automóvil,Moto/Ciclomotor","Av. Ovidio Lagos 6000",2,1,0,0,1,0,0,,"Calle",,"ROSARIO","Rosario","Asfalto","Pavimento","II","Dentro","Urbana","Semáforo","Funciona","Intersección","Bueno","Buena","Diurna","Buen Tiempo","Lateral","S/D","Colisión","Ninguna","Horizontal","Cordón divisorio","Sin restricción"
2017,912,2/16/2017,"Jueves",0,19:25:00,"Autopista Nacional A008","0.0",2,"Automóvil,Moto/Ciclomotor","Bv. Avellaneda Y Av. Circunvalacion",2,1,0,0,1,0,0,,"Autopista","A008","ROSARIO","Rosario","Asfalto","No existe","II","Dentro","Urbana","Ninguna","No existe","Intersección","Bueno","Buena","Diurna","Buen Tiempo","Lateral","S/D","Colisión","Ninguna","Faltante","Línea divisoria pintada","Sin restricción"
2017,913,2/3/2017,"Viernes",0,11:10:00,,"0.0",2,"Moto/Ciclomotor,Automóvil","Bv. Oroño 5400",2,1,0,0,1,0,0,,"Avenida",,"ROSARIO","Rosario","Asfalto","No existe","II","Dentro","Urbana","Semáforo","Funciona","Intersección","Bueno","Buena","Diurna","Buen Tiempo","Lateral","S/D","Colisión","Ninguna","Vertical","Cordón divisorio","Sin restricción"
2017,914,2/20/2017,"Lunes",0,21:00:00,"Ruta Provincial 21","0.0",2,"Moto/Ciclomotor,Automóvil","Av Gral San Martin Y Eva Peron",2,1,0,0,1,0,0,,"Ruta",21,"VILLA GOBERNADOR GÁLVEZ","Rosario","Asfalto","No existe","II","Dentro","Urbana","Ninguna","Funciona","Intersección","Bueno","Buena","Nocturna,Con luz artificial","Buen Tiempo","Lateral","S/D","Colisión","Ninguna","Faltante","Ninguna","Sin restricción"
2017,915,2/7/2017,"Martes",0,9:15:00,,"0.0",2,"Moto/Ciclomotor,Moto/Ciclomotor","Av. Provincias Unidas Y Sarmiento",2,1,0,0,1,0,0,,"Avenida",,"ROSARIO","Rosario","Asfalto","S/D","II","Dentro","Urbana","Señal Pare","S/D","Intersección","Bueno","Buena","Diurna","Buen Tiempo","Otro","S/D","Colisión","Otro","Vertical","Guardarrail","Sin restricción"
2017,916,2/20/2017,"Lunes",0,,,"0.0",2,"Moto/Ciclomotor,Automóvil"," ",2,1,0,0,1,0,0,,"S/D",,"ROSARIO","Rosario","Asfalto","No existe","II","S/D","S/D","Ninguna","No existe","Recta","Bueno","Buena","Diurna","Buen Tiempo","S/D","S/D","Colisión","Otro","Faltante","Cordón divisorio","Sin restricción"
2017,917,2/6/2017,"Lunes",0,8:30:00,,"0.0",2,"Pickup/Utilitario,Pickup/Utilitario"," ",2,1,0,0,1,0,0,,"Calle",,"RAFAELA","Castellanos","Tierra","No existe","V","S/D","Rural","Ninguna","No existe","Intersección","Otro","Buena","Diurna","Buen Tiempo","S/D","S/D","Colisión","Ninguna","Faltante","Vegetación","S/D"
2017,918,2/22/2017,"Miercoles",0,19:40:00,,"0.0",2,"Moto/Ciclomotor,Automóvil","Santiago Y Av. Arijon",2,1,0,0,1,0,0,,"Avenida",,"ROSARIO","Rosario","Asfalto","No existe","II","S/D","Urbana","Señal Pare","No existe","Intersección","Bueno","Buena","Con luz artificial","Buen Tiempo","Lateral","S/D","Colisión","Ninguna","Horizontal","Línea divisoria pintada","Sin restricción"
2017,919,2/3/2017,"Viernes",0,15:30:00,,"0.0",2,"Vehículo Oficial,Automóvil","Av. Arijon Y Mariano Moreno",3,1,0,0,2,0,0,,"Avenida",,"ROSARIO","Rosario","Asfalto","No existe","II","S/D","Urbana","Semáforo","Funciona","Intersección","Bueno","Buena","Diurna","Buen Tiempo","Lateral","S/D","Colisión","Ninguna","Vertical","Línea divisoria pintada","Sin restricción"
2017,920,2/20/2017,"Lunes",0,19:45:00,,"0.0",2,"Automóvil,Camión"," ",2,1,0,0,1,0,0,,"S/D",,"ROSARIO","Rosario","Asfalto","No existe","II","Dentro","Urbana","Semáforo","Funciona","Recta","Bueno","Buena","Diurna","Buen Tiempo","De alcance","S/D","Colisión","Ninguna","Vertical","Cordón divisorio","Sin restricción"
2017,921,2/20/2017,"Lunes",0,17:15:00,,"0.0",2,"Automóvil,Automóvil","Bv. Oroño 6000",2,1,0,0,1,0,0,,"Calle",,"ROSARIO","Rosario","Asfalto","No existe","II","Dentro","Urbana","Semáforo","Funciona","Intersección","Bueno","Buena","Diurna","Buen Tiempo","De alcance","S/D","Colisión","Ninguna","Vertical","Cordón divisorio","Sin restricción"
2017,922,2/16/2017,"Jueves",0,13:00:00,,"0.0",2,"Moto/Ciclomotor,Automóvil","L.N.Alem Y Mendoza",2,1,0,0,1,0,0,,"Calle",,"ROSARIO","Rosario","Asfalto","No existe","II","Dentro","Urbana","Ninguna","No existe","Recta","Bueno","Buena","Diurna","Buen Tiempo","Otro","S/D","Colisión","Ninguna","Vertical","Ninguna","Sin restricción"
2017,923,2/9/2017,"Jueves",0,14:40:00,,"0.0",2,"Automóvil,Moto/Ciclomotor","San Juan Y 1 de Mayo",2,1,0,0,1,0,0,,"Calle",,"ROSARIO","Rosario","Asfalto","No existe","II","Dentro","Urbana","Ninguna","No existe","Recta","Bueno","Buena","Diurna","Otro","Lateral","S/D","Colisión","Ninguna","S/D","Ninguna","Sin restricción"
2017,924,2/26/2017,"Domingo",0,12:15:00,,"0.0",2,"Moto/Ciclomotor,Pickup/Utilitario","Candioti ",2,1,0,0,1,0,0,,"Calle",,"SANTA FE","La Capital","Asfalto","No existe","I","S/D","Urbana","Ninguna","No existe","Recta","Bueno","Buena","Diurna","Buen Tiempo","Lateral","S/D","Colisión","Ninguna","S/D","Ninguna","Sin restricción"
2017,925,2/21/2017,"Martes",0,7:30:00,,"0.0",1,"Moto/Ciclomotor","Av Gral Paz Y Salvador del Carril",2,2,0,0,0,0,0,,"Avenida",,"SANTA FE","La Capital","Asfalto","No existe","I","S/D","Urbana","Ninguna","No existe","Recta","Con baches","Buena","Amanecer","Buen Tiempo","S/D","S/D","Caída ocupante","Ninguna","S/D","Ninguna","S/D"
2017,926,2/20/2017,"Lunes",0,7:10:00,,"0.0",1,"Moto/Ciclomotor","Gorostiaga Y Av Gral Paz",2,2,0,0,0,0,0,,"Avenida",,"SANTA FE","La Capital","Asfalto","No existe","I","S/D","Urbana","Ninguna","No existe","Intersección","Bueno","Reducida","Amanecer","Buen Tiempo","S/D","S/D","Caída ocupante","Ninguna","S/D","Ninguna","Sin restricción"
2017,927,2/19/2017,"Domingo",0,23:15:00,,"0.0",2,"Moto/Ciclomotor,Automóvil","Las Heras Y J Castelli",2,1,0,0,1,0,0,,"Calle",,"SANTA FE","La Capital","Asfalto","No existe","I","S/D","Urbana","Ninguna","No existe","Intersección","Bueno","Reducida","Nocturna","Buen Tiempo","Lateral","S/D","Colisión","Ninguna","S/D","Ninguna","Sin restricción"
2017,928,2/9/2017,"Jueves",0,20:30:00,,"0.0",2,"Transporte de Pasajeros (H/ 8 asientos),Bicicleta","Entre Rios Y Santa Fe",2,1,0,0,1,0,0,,"Calle",,"ROSARIO","Rosario","Asfalto","Pavimento","II","Dentro","Urbana","Ninguna","S/D","Recta","Bueno","Buena","Nocturna","Buen Tiempo","S/D","S/D","Atropello","Ninguna","S/D","Cordón divisorio","Sin restricción"
2017,929,2/14/2017,"Martes",0,12:45:00,,"0.0",2,"Automóvil,Automóvil","Dorrego 1200",2,1,0,0,0,0,1,,"Calle",,"ROSARIO","Rosario","Asfalto","Pavimento","II","Dentro","Urbana","Ninguna","S/D","Recta","Bueno","Buena","Diurna","Buen Tiempo","Otro","S/D","Colisión","Ninguna","S/D","Cordón divisorio","Sin restricción"
2017,930,2/13/2017,"Lunes",0,15:45:00,,"0.0",2,"Automóvil,Moto/Ciclomotor","Av. Corrientes 1100",2,1,0,0,1,0,0,,"Calle",,"ROSARIO","Rosario","Asfalto","Pavimento","II","Dentro","Urbana","Semáforo","Funciona","Intersección","Bueno","Buena","Diurna","Buen Tiempo","S/D","S/D","Colisión","Ninguna","Vertical","Cordón divisorio","Sin restricción"
2017,931,2/10/2017,"Viernes",0,9:30:00,,"0.0",2,"Automóvil,Moto/Ciclomotor","Mendoza 1300",2,1,0,0,1,0,0,,"Calle",,"ROSARIO","Rosario","Asfalto","Pavimento","II","Dentro","Urbana","Semáforo","No existe","Intersección","Bueno","S/D","Diurna","Buen Tiempo","Otro","S/D","Colisión","Ninguna","Horizontal","Línea divisoria pintada","Sin restricción"
2017,932,2/14/2017,"Martes",0,19:35:00,,"0.0",2,"Moto/Ciclomotor,Automóvil","San Juan 2100",2,1,0,0,1,0,0,,"Calle",,"ROSARIO","Rosario","Asfalto","Pavimento","II","Dentro","Urbana","Ninguna","No existe","Recta","Bueno","Buena","Diurna","Buen Tiempo","S/D","S/D","Colisión","Ninguna","Horizontal","Cordón divisorio","Sin restricción"
2017,933,2/15/2017,"Miercoles",0,12:40:00,,"0.0",2,"Moto/Ciclomotor,Pickup/Utilitario","Pte.Roca 1600",2,1,0,0,1,0,0,,"Calle",,"ROSARIO","Rosario","Asfalto","Pavimento","II","Dentro","Urbana","Ninguna","S/D","Intersección","Bueno","Buena","Diurna","Buen Tiempo","S/D","S/D","Colisión","Ninguna","Horizontal","Cordón divisorio","Sin restricción"
2017,934,2/2/2017,"Jueves",0,18:40:00,,"0.0",2,"Peatón,Automóvil","Cordoba 1200",2,1,0,0,1,0,0,,"Calle",,"ROSARIO","Rosario","Asfalto","Pavimento","II","Dentro","Urbana","Paso Peatonal","No existe","Cruce","Bueno","Buena","Diurna","Buen Tiempo","S/D","Peatón","Atropello","Ninguna","Horizontal","Ninguna","Sin restricción"
2017,935,2/21/2017,"Martes",0,10:40:00,,"0.0",2,"Moto/Ciclomotor,Taxi/Remis","San Juan ",2,1,0,0,1,0,0,,"Calle",,"ROSARIO","Rosario","Asfalto","Pavimento","II","Dentro","Urbana","Ninguna","S/D","Recta","Bueno","Buena","Diurna","Buen Tiempo","S/D","S/D","Colisión","Ninguna","S/D","Cordón divisorio","Sin restricción"
2017,936,2/15/2017,"Miercoles",0,16:45:00,,"0.0",2,"Automóvil,Moto/Ciclomotor","Montevideo Y Bv. Oroño",2,1,0,0,1,0,0,,"S/D",,"ROSARIO","Rosario","Asfalto","S/D","II","S/D","S/D","Semáforo","S/D","Intersección","Bueno","S/D","Diurna","Buen Tiempo","Lateral","S/D","Colisión","Ninguna","Vertical","Cordón divisorio","Sin restricción"
2017,937,2/19/2017,"Domingo",0,17:30:00,,"0.0",2,"Taxi/Remis,Moto/Ciclomotor","Dorrego 800",2,1,0,0,1,0,0,,"Calle",,"ROSARIO","Rosario","Asfalto","Pavimento","II","Dentro","Urbana","Ninguna","No existe","Intersección","Bueno","Buena","Diurna","Buen Tiempo","S/D","S/D","Colisión","Ninguna","Horizontal","Cordón divisorio","Sin restricción"