"anio_acci","nro_acci","fecha","desc_dia","fecha_aprox","hora_aprox","desc_ruta","km","cant_participantes","desc_participante","calle_avenida_km","total","heridos_leves","heridos_graves","heridos_gravisimos","ilesos","fallecidos","sin_datos","posicion_XY","desc_tipo_via","desc_ruta_ori","desc_loc","desc_dpto","desc_tipo_calzada","desc_tipo_banquina","desc_unidad_regional","desc_lugar_calzada","desc_zona","desc_prioridad","desc_estado_semaforo","desc_lugar_via","desc_estado_via","desc_estado_visibilidad","desc_luminosidad","desc_estado_clima","desc_tipo_colision","desc_tipo_atropello","desc_tipo_hecho","desc_pres_calzada","desc_senializacion","desc_separacion_via","desc_restriccion"
2017,938,2/21/2017,"Martes",0,22:40:00,,"0.0",2,"Moto/Ciclomotor,Bicicleta","Av. Pellegrini 1500",2,2,0,0,0,0,0,,"Avenida",,"ROSARIO","Rosario","Asfalto","Pavimento","II","Fuera","Urbana","Semáforo","Funciona","Intersección","Bueno","Buena","Nocturna","Buen Tiempo","Otro","Ciclista","Atropello","Ninguna","Horizontal","Cordón divisorio","Sin restricción"
2017,939,2/18/2017,"Sabado",0,4:00:00,,"0.0",1,"Automóvil","Laprida Y San Lorenzo",1,1,0,0,0,0,0,,"Calle",,"ROSARIO","Rosario","Asfalto","No existe","II","Fuera","Urbana","Señal Pare","No existe","Recta","Bueno","Buena","Nocturna,Con luz artificial","Buen Tiempo","Contra objeto fijo","S/D","Colisión","Ninguna","Vertical","Ninguna","S/D"
2017,940,2/21/2017,"Martes",0,14:40:00,,"0.0",2,"Automóvil,Peatón","Santa Fe Y Av. Corrientes",2,0,1,0,1,0,0,,"Calle",,"ROSARIO","Rosario","Asfalto","No existe","II","Dentro","Urbana","Semáforo","Funciona","Recta","Bueno","Buena","Diurna","Buen Tiempo","S/D","Peatón","Atropello","Ninguna","Vertical","Ninguna","Sin restricción"
2017,941,2/17/2017,"Viernes",0,8:00:00,,"0.0",2,"Automóvil,Taxi/Remis","Av. Belgrano Y Urquiza",2,1,0,0,1,0,0,,"Avenida",,"ROSARIO","Rosario","Asfalto","No existe","II","Dentro","Urbana","Ninguna","No existe","Intersección","Bueno","Buena","Diurna","Buen Tiempo","De alcance","S/D","Colisión","Ninguna","Faltante","Ninguna","Sin restricción"
2017,942,2/11/2017,"Sabado",0,9:30:00,,"0.0",2,"Bicicleta,Automóvil","Jujuy Y Pte.Roca",2,1,0,0,1,0,0,,"Calle",,"ROSARIO","Rosario","Asfalto","No existe","II","Dentro","Urbana","Señal Pare","No existe","Intersección","Bueno","Buena","Diurna","Buen Tiempo","S/D","Ciclista","Atropello","Ninguna","Vertical","Ninguna","Sin restricción"
2017,943,2/6/2017,"Lunes",0,17:00:00,,"0.0",2,"Automóvil,Moto/Ciclomotor","Av. E.Lopez 2300",2,1,0,0,1,0,0,,"Avenida",,"ROSARIO","Rosario","Asfalto","No existe","II","Dentro","Urbana","Señal Pare","S/D","Recta","Bueno","Buena","Diurna","Buen Tiempo","De alcance","S/D","Colisión","Ninguna","Vertical","Ninguna","Sin restricción"
2017,944,2/4/2017,"Sabado",0,1:30:00,,"0.0",2,"Automóvil,Taxi/Remis","Entre Rios Y San Lorenzo",2,1,0,0,1,0,0,,"Calle",,"ROSARIO","Rosario","Asfalto","No existe","II","Dentro","Urbana","Señal Pare","No existe","Intersección","Bueno","Buena","Nocturna,Con luz artificial","Buen Tiempo","Lateral","S/D","Colisión","Ninguna","Vertical","Ninguna","Sin restricción"
2017,945,2/3/2017,"Viernes",0,17:20:00,,"0.0",2,"Automóvil,Moto/Ciclomotor","Av. Uriburu Y Suipacha",2,1,0,0,1,0,0,,"Avenida",,"ROSARIO","Rosario","Asfalto","Pavimento","II","Dentro","Urbana","Ninguna","S/D","Cruce","Bueno","Buena","Atardecer","Buen Tiempo","Lateral","S/D","Colisión","Ninguna","Faltante","Vegetación","S/D"
2017,946,2/4/2017,"Sabado",0,11:30:00,,"0.0",1,"Transporte de Pasajeros Urbano (> 8 asientos)","3 De Febrero Y Colon",2,1,0,0,0,0,1,,"Calle",,"ROSARIO","Rosario","Asfalto","S/D","II","Dentro","Urbana","S/D","S/D","Recta","Bueno","S/D","Diurna","Lluvia","S/D","S/D","Caída ocupante","Agua","S/D","S/D","S/D"
2017,947,2/1/2017,"Miercoles",0,20:30:00,,"0.0",2,"Automóvil,Automóvil","3 De Febrero Y Buenos Aires",7,7,0,0,0,0,0,,"Calle",,"ROSARIO","Rosario","Asfalto","No existe","II","Dentro","Urbana","Paso Peatonal","No existe","Intersección","Bueno","Buena","Nocturna","Lluvia","S/D","S/D","Colisión","Ninguna","Faltante","Ninguna","Sin restricción"
2017,948,2/2/2017,"Jueves",0,21:00:00,,"0.0",2,"Cuatriciclo,Pickup/Utilitario","Av Roque Saenz Pe±a 275",2,1,0,0,1,0,0,,"Calle",,"RAFAELA","Castellanos","Asfalto","Pavimento","V","Dentro","Urbana","Ninguna","No existe","S/D","Bueno","Buena","Nocturna,Con luz artificial","Buen Tiempo","Lateral","S/D","Colisión","S/D","S/D","Ninguna","Sin restricción"
2017,949,2/28/2017,"Martes",0,0:05:00,,"0.0",2,"Automóvil,Moto/Ciclomotor","Av Galicia Y Mitre",3,2,0,0,1,0,0,,"Calle",,"SANTA FE","La Capital","Asfalto","No existe","I","Dentro","Urbana","Ninguna","No existe","Intersección","Bueno","Reducida","Nocturna","Buen Tiempo","Lateral","S/D","Colisión","Ninguna","S/D","Ninguna","Sin restricción"
2017,950,2/20/2017,"Lunes",0,10:50:00,,"0.0",2,"Automóvil,Automóvil","Av Gral Paz Y Padilla",4,2,0,0,2,0,0,,"Calle",,"SANTA FE","La Capital","Asfalto","No existe","I","Dentro","Urbana","Ninguna","No existe","Intersección","Bueno","Buena","Diurna","Buen Tiempo","Lateral","S/D","Colisión","Ninguna","S/D","Ninguna","Sin restricción"
2017,951,2/15/2017,"Miercoles",0,12:45:00,,"0.0",2,"Moto/Ciclomotor,Automóvil","J Castelli Y Rivadavia",3,2,0,0,1,0,0,,"Calle",,"SANTA FE","La Capital","Asfalto","No existe","I","Dentro","Urbana","Ninguna","No existe","Intersección","Bueno","Buena","Diurna","Buen Tiempo","Lateral","S/D","Colisión","Ninguna","S/D","Ninguna","S/D"
2017,952,2/1/2017,"Miercoles",0,21:50:00,,"0.0",2,"Moto/Ciclomotor,Automóvil","San Martin Y 9 De Julio",3,2,0,0,1,0,0,,"Calle",,"ROSARIO","Rosario","Asfalto","Pavimento","II","Dentro","Urbana","Semáforo","Funciona","Intersección","Bueno","Buena","Nocturna","Buen Tiempo","S/D","S/D","Colisión","Ninguna","S/D","Cordón divisorio","Sin restricción"
2017,953,2/12/2017,"Domingo",0,8:40:00,,"0.0",2,"Otros,Otros","Balcarce Y Santa Fe",3,2,0,0,1,0,0,,"Calle",,"ROSARIO","Rosario","Asfalto","Pavimento","II","Dentro","Urbana","S/D","S/D","Intersección","Bueno","Buena","Diurna","Buen Tiempo","S/D","S/D","Colisión","Ninguna","S/D","Cordón divisorio","Sin restricción"
2017,954,3/8/2017,"Miercoles",0,6:50:00,,"0.0",2,"Bicicleta,Automóvil","9 de Julio Y Bv R S Pe±a",2,1,0,0,1,0,0,,"Avenida",,"SAN JUSTO","San Justo","Asfalto","No existe","XVI","Dentro","Urbana","Señal Pare","No existe","Intersección","Bueno","Buena","Diurna","Buen Tiempo","S/D","Ciclista","Atropello","Ninguna","Vertical","Ninguna","Sin restricción"
2017,955,3/13/2017,"Lunes",0,9:10:00,,"0.0",2,"Automóvil,Moto/Ciclomotor","Av Iriondo Y H Irigoyen",2,1,0,0,1,0,0,,"Avenida",,"SAN JUSTO","San Justo","Asfalto","No existe","XVI","Dentro","Urbana","Ninguna","No existe","Intersección","Bueno","Buena","Diurna","Buen Tiempo","Lateral","S/D","Colisión","Agua","Vertical","Ninguna","Sin restricción"
2017,956,2/12/2017,"Domingo",0,5:00:00,,"0.0",2,"Automóvil,Moto/Ciclomotor","Balcarce Y Santa Fe",3,1,0,1,1,0,0,"-32.942611111111,-60.651583333333","Calle",,"ROSARIO","Rosario","Asfalto","Pavimento","II","Dentro","Urbana","Ninguna","S/D","Intersección","Bueno","Buena","Diurna","Buen Tiempo","S/D","S/D","Colisión","Ninguna","Faltante","Cordón divisorio","Sin restricción"
2017,957,2/10/2017,"Viernes",0,23:10:00,,"0.0",2,"Automóvil,Moto/Ciclomotor","San Luis Y Mariano Moreno",3,2,0,0,1,0,0,,"Calle",,"ROSARIO","Rosario","Asfalto","Pavimento","II","Dentro","Urbana","S/D","S/D","Intersección","Bueno","Buena","Nocturna","Buen Tiempo","S/D","S/D","Colisión","Ninguna","Vertical","Cordón divisorio","Sin restricción"
2017,958,2/12/2017,"Domingo",0,14:45:00,,"0.0",2,"Automóvil,Moto/Ciclomotor","San Juan Y Italia",3,2,0,0,1,0,0,,"Calle",,"ROSARIO","Rosario","Asfalto","Pavimento","II","Dentro","Urbana","Ninguna","No existe","Intersección","Bueno","Buena","Nocturna","Buen Tiempo","Lateral","S/D","Colisión","Ninguna","Horizontal","Cordón divisorio","Sin restricción"
2017,960,2/19/2017,"Domingo",0,19:45:00,"Ruta Nacional 11","0.0",2,"Otros,Moto/Ciclomotor","Av Blas Parera Y Azcuenaga",3,1,0,0,2,0,0,,"Ruta",11,"SANTA FE","La Capital","Asfalto","No existe","I","Dentro","Urbana","Ninguna","S/D","Intersección","Bueno","Buena","Diurna","Buen Tiempo","S/D","S/D","Colisión","Ninguna","S/D","Ninguna","Sin restricción"
2017,961,2/13/2017,"Lunes",0,19:00:00,"Ruta Nacional 11","0.0",2,"Otros,Moto/Ciclomotor","Av Blas Parera Y Estanislao Zeballos",2,1,0,0,1,0,0,,"Ruta",11,"SANTA FE","La Capital","Asfalto","No existe","I","Dentro","Urbana","Semáforo","Funciona","Intersección","Bueno","Buena","Diurna","Buen Tiempo","Frontal","S/D","Colisión","S/D","Vertical","Ninguna","Obra en Construcción"
2017,962,2/22/2017,"Miercoles",0,21:00:00,,"0.0",2,"Bicicleta,Automóvil","Republica de Siria Y Reg 12 de Infanteria",2,1,0,0,1,0,0,,"Calle",,"SANTA FE","La Capital","Asfalto","No existe","I","Dentro","Urbana","Ninguna","No existe","Intersección","Bueno","Buena","Nocturna","Buen Tiempo","S/D","Ciclista","Atropello","Ninguna","Faltante","Ninguna","Sin restricción"
2017,963,2/21/2017,"Martes",0,14:20:00,,"0.0",2,"Bicicleta,Automóvil","Las Heras Y Vieytes",2,1,0,0,1,0,0,,"Calle",,"SANTA FE","La Capital","Asfalto","No existe","I","Dentro","Urbana","S/D","No existe","Intersección","Bueno","Buena","Diurna","S/D","S/D","Ciclista","Atropello","Ninguna","Faltante","S/D","S/D"
2017,964,2/20/2017,"Lunes",0,8:20:00,,"0.0",2,"Moto/Ciclomotor,Automóvil","Belgrano Y Javier de la Rosa",3,0,0,0,0,0,3,,"Calle",,"SANTA FE","La Capital","Asfalto","No existe","I","Dentro","Urbana","Ninguna","No existe","Intersección","Bueno","Buena","Diurna","Buen Tiempo","Lateral","S/D","Colisión","Ninguna","Faltante","Ninguna","Sin restricción"
2017,965,2/18/2017,"Sabado",0,11:20:00,,"0.0",2,"Automóvil,Moto/Ciclomotor","Av A del Valle Y Pavon",3,0,0,0,0,0,3,,"Calle",,"SANTA FE","La Capital","Asfalto","No existe","I","Dentro","Urbana","Ninguna","No existe","Intersección","Bueno","Buena","Diurna","Buen Tiempo","Lateral","S/D","Colisión","Ninguna","Faltante","Ninguna","Sin restricción"
2017,966,3/30/2017,"Jueves",0,8:40:00,,"0.0",2,"Bicicleta,Automóvil","Bv Rivadavia Y Maipu",2,1,0,0,1,0,0,,"Calle",,"SAN CRISTÓBAL","San Cristóbal","Asfalto","S/D","XIII","Dentro","Urbana","S/D","No existe","Intersección","Bueno","Buena","Diurna","Buen Tiempo","S/D","Ciclista","Atropello","Ninguna","S/D","S/D","S/D"
2017,967,3/27/2017,"Lunes",0,10:30:00,,"0.0",1,"Moto/Ciclomotor","Belgrano Y Hernandarias",2,1,0,0,1,0,0,,"Calle",,"CERES","San Cristóbal","Asfalto","No existe","XIII","Dentro","Urbana","Ninguna","No existe","Intersección","Bueno","Buena","Diurna","Buen Tiempo","S/D","S/D","Caída ocupante","Otro","Vertical","Vegetación","Sin restricción"
2017,968,3/20/2017,"Lunes",0,23:45:00,,"0.0",2,"Moto/Ciclomotor,Automóvil","Avenida Mitre Y Remedios de E De San Martin",4,2,1,0,1,0,0,,"Calle",,"CERES","San Cristóbal","Asfalto","No existe","XIII","Dentro","Urbana","Ninguna","No existe","Intersección","Bueno","Buena","Nocturna,Con luz artificial","Buen Tiempo","Lateral","S/D","Colisión","Ninguna","Vertical","Vegetación","Sin restricción"
2017,969,3/19/2017,"Domingo",0,21:00:00,,"0.0",2,"Pickup/Utilitario,Pickup/Utilitario","Tierra del Fuego Y Antartida Argentina",4,4,0,0,0,0,0,,"Calle",,"MACIEL","San Jerónimo","Ripio","No existe","XV","Dentro","Urbana","Ninguna","No existe","Intersección","Bueno","Buena","Nocturna,Con luz artificial","Buen Tiempo","Lateral","S/D","Colisión","S/D","Faltante","Ninguna","Sin restricción"
2017,970,3/24/2017,"Viernes",0,21:00:00,"Ruta Nacional 98","0.0",2,"Automóvil,Moto/Ciclomotor","Saavedra Y Republica Argentina",2,1,0,0,1,0,0,,"Ruta",98,"TOSTADO","9 de Julio","Asfalto","No existe","XII","Dentro","Urbana","Ninguna","No existe","Intersección","Bueno","Buena","Nocturna,Con luz artificial","Buen Tiempo","Lateral","S/D","Colisión","Ninguna","Faltante","Ninguna","Sin restricción"
2017,971,3/6/2017,"Lunes",0,0:05:00,"Ruta Secundaria 292-s","0.0",2,"Moto/Ciclomotor,Automóvil"," ",5,2,0,0,3,0,0,,"Ruta","292-s","VILLA MINETTI","9 de Julio","Asfalto","Natural","XII","Dentro","Urbana","S/D","No existe","Recta","Bueno","Buena","Nocturna","S/D","De alcance","S/D","Colisión","Ninguna","Faltante","S/D","S/D"
2017,972,3/6/2017,"Lunes",0,0:15:00,"Ruta Secundaria 292-s","0.0",2,"Automóvil,Moto/Ciclomotor"," ",5,4,0,0,1,0,0,,"Ruta","292-s","VILLA MINETTI","9 de Julio","Tierra","No existe","XII","Dentro","Urbana","S/D","No existe","Recta","Ahuellamiento","Buena","Nocturna","S/D","Frontal","S/D","Colisión","Ninguna","Faltante","S/D","S/D"
2017,973,2/7/2017,"Martes",0,14:25:00,,"0.0",2,"Automóvil,Moto/Ciclomotor","Av. Ovidio Lagos 7900",3,0,0,1,1,0,1,,"Calle",,"ROSARIO","Rosario","Asfalto","No existe","II","Dentro","Urbana","Ninguna","No existe","Recta","Bueno","Buena","Diurna","Buen Tiempo","Lateral","S/D","Colisión","Ninguna","Horizontal","Cordón divisorio","Sin restricción"
2017,974,3/13/2017,"Lunes",0,9:35:00,,"0.0",2,"Automóvil,Moto/Ciclomotor","B de Tucuman Y Gral Urquiza",2,1,0,0,1,0,0,,"Calle",,"SAN JUSTO","San Justo","Asfalto","S/D","XV","Dentro","Urbana","Ninguna","S/D","Intersección","Bueno","S/D","Diurna","Buen Tiempo","Lateral","S/D","Colisión","Ninguna","Vertical","Ninguna","Sin restricción"
2017,975,3/14/2017,"Martes",0,9:00:00,,"0.0",2,"Bicicleta,Pickup/Utilitario","Belgrano Y H Irigoyen",2,1,0,0,1,0,0,,"Calle",,"SAN JUSTO","San Justo","Asfalto","No existe","XVI","Dentro","Urbana","Ninguna","S/D","Intersección","Bueno","Buena","Diurna","Buen Tiempo","S/D","Ciclista","Atropello","Ninguna","Vertical","Ninguna","Sin restricción"
2017,976,3/28/2017,"Martes",0,9:45:00,,"0.0",2,"Moto/Ciclomotor,Automóvil","Sarmiento Y Pringles",3,1,0,0,2,0,0,,"Calle",,"SAN CRISTÓBAL","San Cristóbal","Asfalto","Pavimento","XIII","Dentro","Urbana","Ninguna","No existe","Intersección","Bueno","Buena","Diurna","Buen Tiempo","Lateral","S/D","Colisión","Ninguna","Faltante","Ninguna","Sin restricción"
2017,977,3/25/2017,"Sabado",0,12:00:00,,"0.0",1,"Moto/Ciclomotor","Las Heras 1800",1,0,1,0,0,0,0,,"Calle",,"SAN CRISTÓBAL","San Cristóbal","Asfalto","No existe","XIII","Dentro","Urbana","S/D","No existe","Recta","Bueno","Buena","Diurna","Buen Tiempo","Atropello animal","S/D","Colisión","Ninguna","Faltante","S/D","S/D"
2017,978,3/24/2017,"Viernes",0,,,"0.0",1,"Moto/Ciclomotor","CICLOVIA ",1,1,0,0,0,0,0,,"Calle",,"SAN GUILLERMO","San Cristóbal","Hormigón","No existe","XIII","S/D","Urbana","Ninguna","No existe","Recta","Ahuellamiento","Reducida","Nocturna,Con luz artificial","Buen Tiempo","S/D","S/D","Caída ocupante","Ninguna","Faltante","Vegetación","Sin restricción"
2017,979,3/21/2017,"Martes",0,11:00:00,,"0.0",2,"Moto/Ciclomotor,Automóvil","Alberdi Y Cochabamba",2,1,0,0,1,0,0,,"Calle",,"SAN CRISTÓBAL","San Cristóbal","Tierra","S/D","XIII","Dentro","Urbana","Ninguna","S/D","Intersección","Bueno","S/D","Diurna","Buen Tiempo","Lateral","S/D","Colisión","S/D","Faltante","Ninguna","Sin restricción"
2017,980,3/11/2017,"Sabado",0,11:20:00,,"0.0",2,"Pickup/Utilitario,Moto/Ciclomotor","Azcuenaga Y Iturraspe",3,1,1,0,1,0,0,,"Calle",,"SAN CRISTÓBAL","San Cristóbal","Ripio","Natural","XIII","Dentro","Urbana","Ninguna","No existe","Intersección","Bueno","Buena","Diurna","Buen Tiempo","Lateral","S/D","Colisión","Ninguna","Faltante","Ninguna","Sin restricción"
2017,981,2/20/2017,"Lunes",0,21:45:00,,"0.0",2,"Moto/Ciclomotor,Automóvil","Piedras Y Paraguay",3,2,0,0,1,0,0,,"Calle",,"ROSARIO","Rosario","Asfalto","No existe","II","Dentro","Urbana","Ninguna","No existe","S/D","Deteriorada","Reducida","Nocturna","S/D","S/D","S/D","Colisión","S/D","Horizontal","Ninguna","Sin restricción"
2017,982,2/15/2017,"Miercoles",0,19:10:00,"Autopista Nacional A008","0.0",2,"Automóvil,Automóvil","Av. Circunvalacion Y Av. Bermudez",5,1,0,0,4,0,0,,"Autopista","A008","ROSARIO","Rosario","Asfalto","No existe","II","Dentro","Urbana","S/D","No existe","Recta","Bueno","Buena","Diurna","Buen Tiempo","S/D","S/D","Colisión","S/D","Faltante","Guardarrail","Sin restricción"
2017,983,2/15/2017,"Miercoles",0,10:50:00,,"0.0",2,"Automóvil,Moto/Ciclomotor","Alzugaray Y Av. Bermudez",4,3,0,0,1,0,0,,"Calle",,"ROSARIO","Rosario","Asfalto","S/D","II","Dentro","Urbana","Ninguna","No existe","Intersección","Bueno","Buena","Diurna","Buen Tiempo","Lateral","S/D","Colisión","Ninguna","Faltante","Ninguna","Sin restricción"
2017,984,2/4/2017,"Sabado",0,6:25:00,"Autopista Nacional A008","0.0",2,"Moto/Ciclomotor,Vehículo Oficial","San Martin Y Av. Circunvalacion",4,1,0,0,3,0,0,,"Autopista","A008","ROSARIO","Rosario","Asfalto","Pavimento","II","Dentro","Urbana","Semáforo","Funciona","Intersección","Deteriorada","Reducida","Amanecer","S/D","S/D","S/D","Colisión","S/D","Vertical","S/D","Sin restricción"
2017,985,2/19/2017,"Domingo",0,7:30:00,"Ruta Nacional 178","0.0",3,"Automóvil,Automóvil,Automóvil","Calle 10 ",7,1,0,0,6,0,0,,"Ruta",178,"LAS PAREJAS","Belgrano","Asfalto","Ripio","III","Dentro","Urbana","Ninguna","No existe","Recta","Ahuellamiento","Buena","Diurna","Buen Tiempo","De alcance,Múltiple","S/D","Colisión","Ninguna","Horizontal","Línea divisoria pintada","Sin restricción"
2017,986,3/10/2017,"Viernes",0,8:15:00,"Ruta Provincial 39","0.0",1,"Automóvil"," ",1,1,0,0,0,0,0,,"Ruta",39,"VILLA TRINIDAD","San Cristóbal","Ripio","No existe","XIII","Fuera","Rural","Ninguna","No existe","Recta","Bueno","Buena","Diurna","Buen Tiempo","S/D","S/D","Vuelco","Ninguna","Faltante","Ninguna","Sin restricción"
2017,987,2/16/2017,"Jueves",0,15:59:00,,"0.0",2,"Camión Chasis,Moto/Ciclomotor","Santa Fe Y Pte.Roca",3,2,0,0,1,0,0,,"Calle",,"ROSARIO","Rosario","Asfalto","No existe","II","Dentro","Urbana","Ninguna","No existe","Intersección","Bueno","Buena","Diurna","Buen Tiempo","Frontal","S/D","Colisión","Ninguna","Faltante","Ninguna","Sin restricción"
2017,988,2/20/2017,"Lunes",0,14:10:00,,"0.0",2,"Moto/Ciclomotor,Automóvil","Alvear Y Catamarca",3,2,0,0,1,0,0,,"Calle",,"ROSARIO","Rosario","Asfalto","No existe","II","Dentro","Urbana","Ninguna","No existe","Intersección","Bueno","Buena","Diurna","Buen Tiempo","Lateral","S/D","Colisión","Ninguna","Vertical","Ninguna","S/D"
2017,989,2/3/2017,"Viernes",0,10:00:00,,"0.0",2,"Pickup/Utilitario,Moto/Ciclomotor","Uruguay Y Crespo",3,2,0,0,1,0,0,,"Calle",,"ROSARIO","Rosario","Asfalto","No existe","II","Dentro","Urbana","Ninguna","No existe","Recta","Bueno","Buena","Diurna","Buen Tiempo","Lateral","S/D","Colisión","Ninguna","Faltante","Ninguna","Sin restricción"
2017,990,2/24/2017,"Viernes",0,19:40:00,,"0.0",2,"Moto/Ciclomotor,Automóvil","Av. Ovidio Lagos Y Lamadrid",3,2,0,0,1,0,0,,"Calle",,"ROSARIO","Rosario","Asfalto","No existe","II","Dentro","Urbana","Ninguna","No existe","Intersección","Bueno","Buena","Atardecer","Buen Tiempo","Lateral","S/D","Colisión","Ninguna","Faltante","Cordón divisorio","Sin restricción"
2017,991,2/23/2017,"Jueves",0,11:00:00,,"0.0",3,"Automóvil,Automóvil,Automóvil","Santiago Y Olegario V.Andrade",3,1,0,0,2,0,0,,"Calle",,"ROSARIO","Rosario","Asfalto","No existe","II","Dentro","Urbana","Ninguna","No existe","Intersección","Bueno","Buena","Diurna","Buen Tiempo","Múltiple","S/D","Colisión","Ninguna","Faltante","Ninguna","Sin restricción"
2017,992,2/26/2017,"Domingo",0,18:03:00,,"0.0",2,"Moto/Ciclomotor,Automóvil","Santiago Y Anchorena",3,2,0,0,1,0,0,,"Calle",,"ROSARIO","Rosario","Asfalto","No existe","II","Dentro","Urbana","Ninguna","No existe","Intersección","Bueno","Buena","Diurna","Buen Tiempo","Lateral","S/D","Colisión","Ninguna","Faltante","Ninguna","Sin restricción"
2017,993,2/4/2017,"Sabado",0,12:50:00,,"0.0",2,"Automóvil,Automóvil","Pje. Nicolorich Y Balcarce",4,1,0,0,3,0,0,,"Calle",,"ROSARIO","Rosario","Asfalto","No existe","II","Dentro","Urbana","Ninguna","No existe","Intersección","Resbaladiza","Buena","Diurna","Lluvia","Lateral","S/D","Colisión","Agua","Faltante","Ninguna","Sin restricción"
2017,994,3/23/2017,"Jueves",0,14:00:00,,"0.0",2,"Automóvil,Moto/Ciclomotor","M S M de Balcarce Y Gdor Cabal",3,2,0,0,1,0,0,,"Calle",,"SAN JUSTO","San Justo","Asfalto","No existe","XVI","Dentro","Urbana","Ninguna","No existe","Intersección","Bueno","Buena","Diurna","Buen Tiempo","Lateral","S/D","Colisión","Ninguna","S/D","Ninguna","Sin restricción"
2017,995,3/14/2017,"Martes",0,20:30:00,"Ruta Nacional 11","0.0",2,"Automóvil,Pickup/Utilitario","1ro de Mayo ",5,4,0,0,1,0,0,,"Ruta",11,"SAN JUSTO","San Justo","Asfalto","Pavimento","XVI","Dentro","Urbana","Señal Pare","No existe","Intersección","Bueno","Buena","Nocturna","Buen Tiempo","Lateral","S/D","Colisión","Ninguna","Vertical","Cordón divisorio","Sin restricción"
2017,996,3/28/2017,"Martes",0,13:40:00,,"0.0",2,"Pickup/Utilitario,Moto/Ciclomotor","Gral Alvear Y Piedras",3,2,0,0,1,0,0,,"Calle",,"SAN CRISTÓBAL","San Cristóbal","Tierra,Ripio","Natural","XIII","Dentro","Urbana","Ninguna","No existe","Intersección","Bueno","Buena","Diurna","Buen Tiempo","Frontal","S/D","Colisión","Material Suelto","Faltante","Ninguna","Sin restricción"
2017,997,3/2/2017,"Jueves",0,12:00:00,,"0.0",2,"Moto/Ciclomotor,Moto/Ciclomotor","9 de Julio Y Salta",2,1,1,0,0,0,0,,"Calle",,"TOSTADO","9 de Julio","Ripio","No existe","XII","Dentro","Urbana","S/D","No existe","Intersección","Bueno","Buena","Diurna","Buen Tiempo","Frontal","S/D","Colisión","S/D","Faltante","S/D","S/D"
2017,998,3/5/2017,"Domingo",0,6:30:00,,"0.0",2,"Automóvil,Moto/Ciclomotor","Reconquista Y Pte Juan D Peron",2,1,0,0,1,0,0,,"Calle",,"TOSTADO","9 de Julio","Asfalto","S/D","XII","Dentro","Urbana","Ninguna","No existe","Intersección","Bueno","Buena","Amanecer","Buen Tiempo","Lateral","S/D","Colisión","Ninguna","S/D","Ninguna","Sin restricción"
2017,999,3/29/2017,"Miercoles",0,9:45:00,,"0.0",2,"Moto/Ciclomotor,Pickup/Utilitario","Pte Juan D Peron Y Salta",2,0,1,0,0,0,1,,"Calle",,"TOSTADO","9 de Julio","Asfalto","Pavimento","XII","Dentro","Urbana","Ninguna","No existe","Intersección","Bueno","Buena","Diurna","Buen Tiempo","Lateral","S/D","Colisión","S/D","S/D","S/D","S/D"
2017,1000,3/9/2017,"Jueves",0,17:30:00,,"0.0",1,"Moto/Ciclomotor","Bvard Lopez Y 9 de Julio",1,0,1,0,0,0,0,,"Calle",,"CERES","San Cristóbal","Asfalto","No existe","XIII","Dentro","Urbana","Ninguna","No existe","Recta","Bueno","Buena","Diurna","Buen Tiempo","S/D","S/D","Caída ocupante","Ninguna","Faltante","Vegetación","Sin restricción"
2017,1001,3/1/2017,"Miercoles",0,17:50:00,,"0.0",2,"Moto/Ciclomotor,Moto/Ciclomotor","Hipolito Irigoyen Y Pueyrredon",2,2,0,0,0,0,0,,"Calle",,"SAN CRISTÓBAL","San Cristóbal","Asfalto","S/D","XIII","Dentro","Urbana","Ninguna","No existe","Intersección","Bueno","Buena","Diurna","Buen Tiempo","Lateral","S/D","Colisión","Ninguna","S/D","Cordón divisorio","Sin restricción"
2017,1002,3/2/2017,"Jueves",0,7:15:00,"Ruta Provincial 4","0.0",2,"Automóvil,Automóvil"," ",5,5,0,0,0,0,0,,"Ruta",4,"SAN CRISTÓBAL","San Cristóbal","Asfalto","Natural","XIII","Dentro","Urbana","Ninguna","No existe","Recta","Bueno","Buena","Diurna","Buen Tiempo","De alcance","S/D","Colisión","Ninguna","Vertical","Ninguna","Sin restricción"
2017,1003,3/4/2017,"Sabado",0,10:50:00,,"0.0",2,"Automóvil,Moto/Ciclomotor","Chacabuco Y E Lopez",2,1,0,0,1,0,0,,"Calle",,"SAN CRISTÓBAL","San Cristóbal","Ripio","S/D","XIII","Dentro","Urbana","Ninguna","No existe","Intersección","Bueno","Buena","Diurna","Buen Tiempo","Lateral","S/D","Colisión","Material Suelto","S/D","S/D","Sin restricción"
2017,1004,3/11/2017,"Sabado",0,20:30:00,,"0.0",2,"Automóvil,Moto/Ciclomotor","Belgrano Y Tucuman",4,0,2,0,2,0,0,,"Calle",,"SAN GUILLERMO","San Cristóbal","Asfalto","S/D","XIII","Dentro","Urbana","S/D","S/D","Recta","Bueno","S/D","Nocturna","Buen Tiempo","Lateral","S/D","Colisión","Ninguna","Faltante","S/D","Sin restricción"