"anio_acci","nro_acci","fecha","desc_dia","fecha_aprox","hora_aprox","desc_ruta","km","cant_participantes","desc_participante","calle_avenida_km","total","heridos_leves","heridos_graves","heridos_gravisimos","ilesos","fallecidos","sin_datos","posicion_XY","desc_tipo_via","desc_ruta_ori","desc_loc","desc_dpto","desc_tipo_calzada","desc_tipo_banquina","desc_unidad_regional","desc_lugar_calzada","desc_zona","desc_prioridad","desc_estado_semaforo","desc_lugar_via","desc_estado_via","desc_estado_visibilidad","desc_luminosidad","desc_estado_clima","desc_tipo_colision","desc_tipo_atropello","desc_tipo_hecho","desc_pres_calzada","desc_senializacion","desc_separacion_via","desc_restriccion"
2017,1138,2/20/2017,"Lunes",0,13:45:00,,"0.0",2,"Peatón,Automóvil","Bv. 27 De Febrero 2650",2,1,0,0,1,0,0,,"Avenida",,"ROSARIO","Rosario","Asfalto","No existe","II","Dentro","Urbana","Otra Señal","No existe","Recta","Bueno","Buena","Diurna","Buen Tiempo","S/D","Peatón","Atropello","Ninguna","Vertical","Cordón divisorio","Sin restricción"
2017,1139,2/21/2017,"Martes",0,9:00:00,,"0.0",2,"Automóvil,Bicicleta","Mariano Moreno Y Cochabamba",2,1,0,0,1,0,0,,"Calle",,"ROSARIO","Rosario","Asfalto","No existe","II","Dentro","Urbana","Ninguna","No existe","Intersección","S/D","Buena","Diurna","Buen Tiempo","S/D","Ciclista","Atropello","Otro","S/D","Cordón divisorio","S/D"
2017,1140,2/22/2017,"Miercoles",0,12:45:00,,"0.0",2,"Bicicleta,Automóvil","Bv. 27 De Febrero Y Av. Gob.Caesar",2,1,0,0,1,0,0,,"Avenida",,"ROSARIO","Rosario","Asfalto","S/D","II","Dentro","Urbana","Marca Vial","No existe","Intersección","Bueno","Buena","Diurna","Buen Tiempo","S/D","Ciclista","Atropello","Ninguna","S/D","Cordón divisorio","S/D"
2017,1141,2/20/2017,"Lunes",0,13:05:00,,"0.0",2,"Automóvil,Bicicleta","J.M.de Rosas 2200",2,0,1,0,1,0,0,,"S/D",,"ROSARIO","Rosario","Hormigón","No existe","II","Dentro","Urbana","Ninguna","S/D","Recta","Bueno","Buena","Diurna","Buen Tiempo","S/D","Ciclista","Atropello","Ninguna","S/D","S/D","Sin restricción"
2017,1142,2/17/2017,"Viernes",0,21:40:00,,"0.0",2,"Automóvil,Moto/Ciclomotor","Bv. 27 De Febrero Y Maipu",2,1,0,0,1,0,0,,"Calle",,"ROSARIO","Rosario","Hormigón","S/D","II","Dentro","Urbana","Ninguna","S/D","Intersección","Bueno","Buena","Nocturna","Buen Tiempo","S/D","S/D","Colisión","Ninguna","S/D","Ninguna","S/D"
2017,1143,2/6/2017,"Lunes",0,20:10:00,,"0.0",2,"Moto/Ciclomotor,Automóvil","Colombia Y 6 De Diciembre",2,1,0,0,1,0,0,,"Calle",,"ROSARIO","Rosario","Asfalto","S/D","II","Dentro","Urbana","S/D","S/D","Intersección","S/D","Buena","Nocturna","S/D","Lateral","S/D","Colisión","S/D","S/D","S/D","S/D"
2017,1144,2/12/2017,"Domingo",0,11:50:00,,"0.0",2,"Automóvil,Moto/Ciclomotor","Cochabamba Y Ituzaingo",2,1,0,0,1,0,0,,"S/D",,"ROSARIO","Rosario","Hormigón","No existe","II","Dentro","Urbana","Ninguna","S/D","Intersección","Bueno","Buena","Diurna","Buen Tiempo","S/D","S/D","Colisión","Ninguna","S/D","Ninguna","S/D"
2017,1145,2/10/2017,"Viernes",0,10:05:00,,"0.0",2,"Automóvil,Moto/Ciclomotor","L.N.Alem Y Cerrito",3,2,0,0,1,0,0,,"Calle",,"ROSARIO","Rosario","Hormigón","No existe","II","Dentro","Urbana","Ninguna","S/D","Intersección","Bueno","Buena","Diurna","Buen Tiempo","S/D","S/D","Colisión","Ninguna","S/D","Ninguna","Sin restricción"
2017,1146,3/11/2017,"Sabado",0,8:00:00,,"0.0",2,"Pickup/Utilitario,Taxi/Remis","Sanchez de Loria ",2,1,0,0,0,0,1,,"Calle",,"ROSARIO","Rosario","Asfalto","S/D","II","Dentro","Urbana","S/D","No existe","Recta","Bueno","S/D","Diurna","Buen Tiempo","S/D","S/D","Colisión","S/D","S/D","S/D","S/D"
2017,1147,3/16/2017,"Jueves",0,19:00:00,,"0.0",2,"Moto/Ciclomotor,Automóvil","Buenos Aires Y Ameghino",2,1,0,0,1,0,0,,"Calle",,"ROSARIO","Rosario","Asfalto","No existe","II","S/D","S/D","Ninguna","No existe","Intersección","Bueno","Buena","Atardecer","Buen Tiempo","Lateral","S/D","Colisión","Ninguna","Faltante","Ninguna","Sin restricción"
2017,1148,3/15/2017,"Miercoles",0,2:50:00,,"0.0",2,"Moto/Ciclomotor,Pickup/Utilitario","Bv. Wilde Y Navarro",2,0,1,0,0,0,1,,"Calle",,"ROSARIO","Rosario","Asfalto","S/D","II","Dentro","Urbana","Otra Señal","S/D","Recta","Bueno","S/D","Nocturna","S/D","Lateral","S/D","Colisión","S/D","Vertical","Ninguna","Sin restricción"
2017,1149,3/15/2017,"Miercoles",0,14:50:00,"Ruta Provincial 18","3.3",3,"Automóvil,Automóvil,Camión Chasis"," ",3,1,0,0,2,0,0,,"Ruta",18,"PIÑERO","Rosario","Asfalto","Natural","II","Fuera","Rural","Marca Vial","No existe","Recta","Bueno","Buena","Diurna","Buen Tiempo","Múltiple","S/D","Colisión","Ninguna","Vertical","Línea divisoria pintada","Sin restricción"
2017,1150,3/15/2017,"Miercoles",0,3:45:00,,"0.0",2,"Automóvil,Moto/Ciclomotor","Av. Provincias Unidas Y Av. Eva Peron",2,1,0,0,1,0,0,,"Calle",,"ROSARIO","Rosario","Asfalto","Pavimento","II","Dentro","Urbana","S/D","Funciona","Recta","Bueno","Reducida","Nocturna","S/D","Lateral","S/D","Colisión","S/D","Vertical","Barrera de hormigón","Sin restricción"
2017,1151,3/2/2017,"Jueves",0,17:40:00,,"0.0",2,"Moto/Ciclomotor,Moto/Ciclomotor","Av. Provincias Unidas Y Gorriti",2,1,0,0,0,0,1,,"Calle",,"ROSARIO","Rosario","Asfalto","Pavimento","II","Dentro","Urbana","Ninguna","No existe","Recta","S/D","Buena","Atardecer","S/D","Lateral","S/D","Colisión","Ninguna","Vertical","Ninguna","Sin restricción"
2017,1152,3/2/2017,"Jueves",0,10:00:00,,"0.0",2,"Bicicleta,Automóvil","Av. Provincias Unidas Y Junin",2,1,0,0,1,0,0,,"Calle",,"ROSARIO","Rosario","Asfalto","S/D","II","Dentro","Urbana","Otra Señal","S/D","Recta","Bueno","Buena","Diurna","Buen Tiempo","Lateral","Ciclista","Atropello","S/D","Vertical","Guardarrail","Sin restricción"
2017,1153,3/19/2017,"Domingo",0,12:10:00,"Ruta Provincial 18","5.7",2,"Automóvil,Automóvil"," ",4,2,0,0,2,0,0,,"Ruta",18,"PIÑERO","Rosario","Asfalto","Natural","II","Fuera","Rural","Marca Vial","No existe","Recta","Bueno","Buena","Diurna","Buen Tiempo","De alcance","S/D","Colisión","Ninguna","Vertical","Línea divisoria pintada","Sin restricción"
2017,1154,3/22/2017,"Miercoles",0,8:00:00,,"0.0",2,"Moto/Ciclomotor,Taxi/Remis","Junin Y F.More",2,1,0,0,1,0,0,,"Calle",,"ROSARIO","Rosario","Asfalto","Pavimento","II","Dentro","Urbana","Ninguna","S/D","Intersección","S/D","S/D","Diurna","Buen Tiempo","Lateral","S/D","Colisión","S/D","S/D","Ninguna","S/D"
2017,1155,3/20/2017,"Lunes",0,14:45:00,,"0.0",2,"Moto/Ciclomotor,Automóvil","F.More Y Velez Sarsfield",2,2,0,0,0,0,0,,"Calle",,"ROSARIO","Rosario","S/D","Pavimento","II","Dentro","Urbana","S/D","S/D","Intersección","Bueno","Buena","Diurna","Buen Tiempo","Lateral","S/D","Colisión","S/D","S/D","Barrera de hormigón","S/D"
2017,1156,3/2/2017,"Jueves",0,20:00:00,,"0.0",2,"Moto/Ciclomotor,Otros","17 de Octubre Y Nogues",2,1,0,0,1,0,0,,"Calle",,"VILLA GOBERNADOR GÁLVEZ","Rosario","Asfalto","No existe","II","Dentro","Urbana","Ninguna","No existe","Recta","Bueno","Buena","Nocturna,Con luz artificial","Buen Tiempo","Frontal","S/D","Colisión","Ninguna","Faltante","Ninguna","Sin restricción"
2017,1157,3/16/2017,"Jueves",0,,,"0.0",2,"Moto/Ciclomotor,Moto/Ciclomotor","Av. Provincias Unidas Y Velez Sarsfield",2,2,0,0,0,0,0,,"Calle",,"ROSARIO","Rosario","Asfalto","Pavimento","II","Dentro","Urbana","Semáforo","Funciona","Recta","S/D","S/D","S/D","S/D","Lateral","S/D","Colisión","S/D","Horizontal","Cordón divisorio","Sin restricción"
2017,1158,3/30/2017,"Jueves",0,20:00:00,,"0.0",2,"Automóvil,Moto/Ciclomotor","Tucuman Y Iriondo",2,1,0,0,1,0,0,,"Calle",,"ROSARIO","Rosario","Asfalto","No existe","II","S/D","Urbana","Ninguna","No existe","Recta","Bueno","Buena","Nocturna","Buen Tiempo","S/D","S/D","Colisión","Ninguna","Faltante","Ninguna","Sin restricción"
2017,1159,3/26/2017,"Domingo",0,,,"0.0",1,"Moto/Ciclomotor","Donado Y Brandsen",1,1,0,0,0,0,0,,"Calle",,"ROSARIO","Rosario","Asfalto","Pavimento","II","Dentro","Urbana","S/D","No existe","Recta","Bueno","S/D","S/D","S/D","Contra objeto fijo","S/D","Colisión","Otro","Horizontal","Línea divisoria pintada","Sin restricción"
2017,1160,3/28/2017,"Martes",0,,,"0.0",2,"Cuatriciclo,Automóvil","Av. Eva Peron ",2,1,0,0,1,0,0,,"Calle",,"ROSARIO","Rosario","Asfalto","S/D","II","Dentro","Urbana","S/D","S/D","Recta","S/D","S/D","S/D","S/D","Lateral","S/D","Colisión","S/D","S/D","Barrera de alto impacto","Sin restricción"
2017,1161,3/22/2017,"Miercoles",0,17:45:00,,"0.0",2,"Bicicleta,Automóvil","Tucuman Y Crespo",2,1,0,0,1,0,0,,"Calle",,"ROSARIO","Rosario","S/D","No existe","II","S/D","Urbana","Ninguna","No existe","Recta","Bueno","Buena","Diurna","Buen Tiempo","S/D","Ciclista","Atropello","Ninguna","Faltante","Ninguna","Sin restricción"
2017,1162,3/31/2017,"Viernes",0,,,"0.0",2,"Moto/Ciclomotor,Automóvil","Av. Provincias Unidas Y Velez Sarsfield",2,1,0,0,1,0,0,,"Calle",,"ROSARIO","Rosario","Asfalto","S/D","II","Dentro","Urbana","Semáforo","Funciona","Recta","S/D","S/D","S/D","S/D","Frontal","S/D","Colisión","S/D","Horizontal","Barrera de hormigón","Sin restricción"
2017,1163,3/24/2017,"Viernes",0,21:00:00,,"0.0",2,"Peatón,Automóvil","Vera Mujica Y Jujuy",2,1,0,0,1,0,0,,"Calle",,"ROSARIO","Rosario","Asfalto","No existe","II","S/D","Urbana","Ninguna","No existe","Recta","S/D","Buena","Nocturna","Buen Tiempo","S/D","Peatón","Atropello","Fluidos","Vertical","Ninguna","Sin restricción"
2017,1164,3/8/2017,"Miercoles",0,15:10:00,"Ruta Provincial 21","7.0",2,"Moto/Ciclomotor,Pickup/Utilitario"," ",2,1,0,0,1,0,0,,"Ruta",21,"ROSARIO","Rosario","Asfalto","Natural","II","Dentro","Urbana","Ninguna","No existe","Recta","Bueno","Buena","Diurna","Buen Tiempo","Frontal","S/D","Colisión","Ninguna","S/D","Línea divisoria pintada","Sin restricción"
2017,1165,3/25/2017,"Sabado",0,11:15:00,,"0.0",2,"Moto/Ciclomotor,Automóvil","San Lorenzo Y Alsina",2,1,0,0,1,0,0,,"Calle",,"ROSARIO","Rosario","Asfalto","No existe","II","S/D","Urbana","Señal Pare","No existe","Recta","Bueno","Buena","Diurna","Buen Tiempo","S/D","S/D","Colisión","Ninguna","Vertical","Ninguna","Sin restricción"
2017,1166,3/24/2017,"Viernes",0,19:00:00,"Ruta Provincial 21","0.0",2,"Moto/Ciclomotor,Automóvil","Av Gral San Martin Y Balcarce",2,1,0,0,1,0,0,,"Ruta",21,"VILLA GOBERNADOR GÁLVEZ","Rosario","Asfalto","No existe","II","Dentro","Urbana","Ninguna","No existe","Intersección","Bueno","Buena","Atardecer,Con luz artificial","Buen Tiempo","Lateral","S/D","Colisión","Ninguna","Faltante","Ninguna","Sin restricción"
2017,1167,3/10/2017,"Viernes",0,21:20:00,,"0.0",1,"Moto/Ciclomotor","Santa Fe Y Cafferata",1,1,0,0,0,0,0,,"Calle",,"ROSARIO","Rosario","Asfalto","No existe","II","S/D","Urbana","Ninguna","S/D","Recta","Bueno","Buena","Nocturna","Buen Tiempo","S/D","S/D","Vuelco","Ninguna","S/D","Ninguna","Sin restricción"
2017,1168,3/23/2017,"Jueves",0,10:20:00,"Ruta Provincial 21","0.0",2,"Moto/Ciclomotor,Automóvil","Av Gral San Martin Y Yapeyu",3,1,0,0,2,0,0,,"Ruta",21,"VILLA GOBERNADOR GÁLVEZ","Rosario","Asfalto","No existe","II","Dentro","Urbana","Ninguna","No existe","Intersección","Bueno","Buena","Diurna","Buen Tiempo","Lateral","S/D","Colisión","Ninguna","Faltante","Ninguna","Sin restricción"
2017,1169,3/7/2017,"Martes",0,12:00:00,,"0.0",2,"Pickup/Utilitario,Transporte de Pasajeros (H/ 8 asientos)","Tucuman 2800",2,1,0,0,1,0,0,,"Calle",,"ROSARIO","Rosario","Asfalto","No existe","II","S/D","Urbana","Ninguna","S/D","Recta","Bueno","Buena","Diurna","Buen Tiempo","S/D","S/D","Colisión","Ninguna","S/D","Ninguna","Sin restricción"
2017,1170,3/23/2017,"Jueves",0,20:50:00,,"0.0",2,"Peatón,Moto/Ciclomotor","G Lopez 973",2,1,0,0,1,0,0,,"Calle",,"VILLA GOBERNADOR GÁLVEZ","Rosario","Asfalto","S/D","II","Dentro","Urbana","Ninguna","No existe","Recta","Con baches","Reducida","Nocturna,Con luz artificial","Buen Tiempo","S/D","Peatón","Atropello","S/D","Faltante","Ninguna","Sin restricción"
2017,1171,3/3/2017,"Viernes",0,1:00:00,,"0.0",2,"Taxi/Remis,Automóvil","Guemes Y Ricchieri",2,1,0,0,1,0,0,,"Calle",,"ROSARIO","Rosario","Asfalto","No existe","II","S/D","Urbana","Ninguna","No existe","Recta","Bueno","S/D","Nocturna","Buen Tiempo","Múltiple","S/D","Colisión","Ninguna","S/D","Ninguna","Sin restricción"
2017,1172,3/22/2017,"Miercoles",0,15:50:00,"Ruta Provincial 21","0.0",2,"Automóvil,Automóvil","Av Gral San Martin 1700",2,1,0,0,1,0,0,,"Ruta",21,"VILLA GOBERNADOR GÁLVEZ","Rosario","Asfalto","No existe","II","Dentro","Urbana","Ninguna","No existe","Recta","Bueno","Buena","Diurna","Buen Tiempo","Lateral","S/D","Colisión","Ninguna","Faltante","Ninguna","Sin restricción"
2017,1173,3/11/2017,"Sabado",0,14:45:00,,"0.0",1,"Automóvil","Pje. L.Miranda Y Iriondo",1,1,0,0,0,0,0,,"Calle",,"ROSARIO","Rosario","Asfalto","S/D","II","S/D","Urbana","S/D","S/D","Intersección","Bueno","Buena","Diurna","Buen Tiempo","S/D","S/D","Vuelco","S/D","S/D","S/D","S/D"
2017,1174,3/21/2017,"Martes",0,17:00:00,"Ruta Provincial 21","0.0",2,"Moto/Ciclomotor,Automóvil","Juan B Justo Y Av Gral San Martin",2,1,0,0,1,0,0,,"Ruta",21,"VILLA GOBERNADOR GÁLVEZ","Rosario","Asfalto","No existe","II","Dentro","Urbana","Ninguna","Funciona","Intersección","Bueno","Buena","Diurna","Buen Tiempo","Lateral","S/D","Colisión","Ninguna","Faltante","Ninguna","Sin restricción"
2017,1175,3/10/2017,"Viernes",0,11:00:00,,"0.0",2,"Otros,Camión","Av. Francia 1800",2,1,0,0,1,0,0,,"Avenida",,"ROSARIO","Rosario","Asfalto","No existe","II","S/D","S/D","S/D","No existe","Recta","Bueno","Buena","Diurna","Buen Tiempo","S/D","S/D","Colisión","S/D","S/D","Ninguna","S/D"
2017,1176,3/19/2017,"Domingo",0,5:10:00,,"0.0",2,"Moto/Ciclomotor,Automóvil","Libertad 458",2,1,0,0,1,0,0,,"Calle",,"VILLA GOBERNADOR GÁLVEZ","Rosario","Asfalto","No existe","II","Dentro","Urbana","Ninguna","No existe","Recta","Bueno","Buena","Nocturna,Con luz artificial","Buen Tiempo","Lateral","S/D","Colisión","Ninguna","Faltante","Ninguna","Sin restricción"
2017,1177,3/1/2017,"Miercoles",0,15:00:00,,"0.0",1,"Taxi/Remis","San Nicolas Y Viamonte",1,1,0,0,0,0,0,,"Calle",,"ROSARIO","Rosario","Asfalto","No existe","II","S/D","Urbana","Ninguna","No existe","Intersección","Bueno","Buena","Diurna","Buen Tiempo","S/D","S/D","Vuelco","S/D","S/D","Ninguna","Sin restricción"
2017,1178,3/18/2017,"Sabado",0,17:20:00,,"0.0",2,"Moto/Ciclomotor,Automóvil","Bv San diego 500",2,1,0,0,1,0,0,,"Calle",,"VILLA GOBERNADOR GÁLVEZ","Rosario","Asfalto","No existe","II","Dentro","Urbana","Ninguna","No existe","Recta","Bueno","Buena","Diurna","Buen Tiempo","Lateral","S/D","Colisión","Ninguna","Faltante","Ninguna","Sin restricción"
2017,1179,3/9/2017,"Jueves",0,17:45:00,,"0.0",2,"Moto/Ciclomotor,Automóvil","Riobamba 6253",2,1,0,0,1,0,0,,"Calle",,"ROSARIO","Rosario","Asfalto","S/D","II","Dentro","Urbana","S/D","No existe","Recta","S/D","Buena","Diurna","S/D","S/D","S/D","Colisión","S/D","S/D","S/D","S/D"
2017,1180,3/17/2017,"Viernes",0,18:00:00,"Ruta Provincial 21","0.0",2,"Peatón,Camión Chasis","Av Gral San Martin Y Belgrano",2,0,0,0,1,1,0,"-33.02762, -60.62208","Ruta",21,"VILLA GOBERNADOR GÁLVEZ","Rosario","Asfalto","No existe","II","Dentro","Urbana","Semáforo","Funciona","Intersección","Bueno","Buena","Diurna","Buen Tiempo","S/D","Peatón","Atropello","S/D","Horizontal","Ninguna","Sin restricción"
2017,1181,3/10/2017,"Viernes",0,19:40:00,,"0.0",2,"Moto/Ciclomotor,Automóvil","Laprida Y Av Juan Domingo Peron",2,1,0,0,1,0,0,,"Calle",,"VILLA GOBERNADOR GÁLVEZ","Rosario","Asfalto","No existe","II","Dentro","Urbana","Ninguna","No existe","Intersección","S/D","Buena","Atardecer","Buen Tiempo","Lateral","S/D","Colisión","S/D","Faltante","Ninguna","Sin restricción"
2017,1182,3/9/2017,"Jueves",0,18:20:00,,"0.0",2,"Moto/Ciclomotor,Taxi/Remis","Viamonte Y Larrea",2,1,0,0,1,0,0,,"Calle",,"ROSARIO","Rosario","Asfalto","S/D","II","Dentro","Urbana","S/D","S/D","Intersección","S/D","S/D","Diurna","S/D","S/D","S/D","Colisión","S/D","S/D","S/D","S/D"
2017,1183,3/8/2017,"Miercoles",0,17:30:00,"Ruta Provincial 21","0.0",2,"Peatón,Pickup/Utilitario","Av Gral San Martin Y Bv San diego",2,1,0,0,1,0,0,,"Ruta",21,"VILLA GOBERNADOR GÁLVEZ","Rosario","Asfalto","No existe","II","Dentro","Urbana","Semáforo","Funciona","Intersección","Bueno","Buena","Diurna","Buen Tiempo","S/D","Peatón","Atropello","Ninguna","Faltante","Ninguna","Sin restricción"
2017,1184,3/7/2017,"Martes",0,15:20:00,,"0.0",2,"Moto/Ciclomotor,Automóvil","Av. Eva Peron Y Solis",2,1,0,0,1,0,0,,"Avenida",,"ROSARIO","Rosario","Asfalto","S/D","II","Dentro","Urbana","S/D","S/D","Intersección","S/D","S/D","Diurna","S/D","Lateral","S/D","Colisión","S/D","S/D","S/D","S/D"
2017,1185,3/8/2017,"Miercoles",0,8:00:00,"Ruta Provincial 21","0.0",2,"Moto/Ciclomotor,Automóvil","Av Gral San Martin Y Libertad",2,1,0,0,1,0,0,,"Ruta",21,"VILLA GOBERNADOR GÁLVEZ","Rosario","Asfalto","No existe","II","Dentro","Urbana","S/D","No existe","Intersección","S/D","Buena","Diurna","Buen Tiempo","Lateral","S/D","Colisión","Ninguna","Faltante","S/D","Sin restricción"
2017,1186,3/5/2017,"Domingo",0,7:00:00,"Ruta Provincial 21","0.0",2,"Moto/Ciclomotor,Automóvil","Av Gral San Martin 1300",2,1,0,0,1,0,0,,"Ruta",21,"VILLA GOBERNADOR GÁLVEZ","Rosario","Asfalto","S/D","II","Dentro","Urbana","Ninguna","S/D","Recta","Bueno","Buena","Diurna","Buen Tiempo","Lateral","S/D","Colisión","Ninguna","Faltante","Ninguna","Sin restricción"
2017,1187,3/11/2017,"Sabado",0,15:30:00,,"0.0",2,"Moto/Ciclomotor,Pickup/Utilitario","Mendoza Y Bolivia",2,1,0,0,1,0,0,,"Avenida",,"ROSARIO","Rosario","Asfalto","S/D","II","Dentro","Urbana","S/D","Funciona","Intersección","S/D","S/D","Diurna","S/D","Lateral","S/D","Colisión","S/D","S/D","S/D","S/D"
2017,1188,3/4/2017,"Sabado",0,11:15:00,"Ruta Provincial 21","0.0",2,"Moto/Ciclomotor,Automóvil","Av Gral San Martin Y Esperanza",2,1,0,0,1,0,0,,"Ruta",21,"VILLA GOBERNADOR GÁLVEZ","Rosario","Asfalto","No existe","II","Dentro","Urbana","Ninguna","No existe","Intersección","Bueno","Buena","Diurna","Buen Tiempo","Lateral","S/D","Colisión","Ninguna","Faltante","Ninguna","Sin restricción"
2017,1189,3/17/2017,"Viernes",0,9:20:00,,"0.0",2,"Automóvil,Moto/Ciclomotor"," ",2,1,1,0,0,0,0,,"Calle",,"ROSARIO","Rosario","Asfalto","S/D","II","S/D","Urbana","Ninguna","S/D","S/D","Otro","S/D","Diurna","S/D","S/D","S/D","Colisión","S/D","S/D","S/D","S/D"
2017,1190,3/25/2017,"Sabado",0,21:30:00,,"0.0",2,"Automóvil,Moto/Ciclomotor","French Y Ecuador",2,1,0,0,1,0,0,,"Avenida",,"ROSARIO","Rosario","Asfalto","No existe","II","Dentro","Urbana","Ninguna","No existe","Recta","Bueno","Buena","Nocturna","Buen Tiempo","Otro","S/D","Colisión","Ninguna","Faltante","Cordón divisorio","S/D"
2017,1191,3/25/2017,"Sabado",0,8:15:00,,"0.0",2,"Moto/Ciclomotor,Moto/Ciclomotor","French Y Garzon",2,1,0,0,1,0,0,,"S/D",,"ROSARIO","Rosario","Asfalto","No existe","II","S/D","S/D","Ninguna","No existe","Recta","Bueno","Buena","Diurna","Buen Tiempo","S/D","S/D","Colisión","Ninguna","Faltante","Cordón divisorio","Sin restricción"
2017,1192,3/20/2017,"Lunes",0,9:00:00,,"0.0",2,"Pickup/Utilitario,Moto/Ciclomotor","J.B.Justo Y Nicaragua",2,1,0,0,1,0,0,,"Calle",,"ROSARIO","Rosario","Asfalto","No existe","II","Dentro","Urbana","Ninguna","No existe","Recta","Bueno","Buena","Diurna","Buen Tiempo","S/D","S/D","Colisión","Ninguna","Faltante","Ninguna","Sin restricción"
2017,1193,3/4/2017,"Sabado",0,20:15:00,"Ruta Provincial 18","7.0",1,"Moto/Ciclomotor"," ",1,1,0,0,0,0,0,,"Ruta",18,"PIÑERO","Rosario","Asfalto","Natural","II","Fuera","Rural","Marca Vial","No existe","Recta","Bueno","Reducida polvo","Nocturna","Buen Tiempo","S/D","S/D","Despiste","Ninguna","Vertical","Línea divisoria pintada","S/D"
2017,1194,3/3/2017,"Viernes",0,15:30:00,"Ruta Provincial 18","1.0",1,"Moto/Ciclomotor"," ",1,1,0,0,0,0,0,,"Ruta",18,"PIÑERO","Rosario","Asfalto","Natural","II","Fuera","Rural","Marca Vial","No existe","Recta","Bueno","Buena","Diurna","Buen Tiempo","S/D","S/D","Caída ocupante","Ninguna","Faltante","Línea divisoria pintada","Sin restricción"
2017,1195,3/27/2017,"Lunes",0,9:10:00,,"0.0",2,"Moto/Ciclomotor,Pickup/Utilitario","Av. Ovidio Lagos Y 24 De Setiembre",2,1,0,0,1,0,0,,"Avenida",,"ROSARIO","Rosario","Asfalto","No existe","II","S/D","Urbana","S/D","No existe","Cruce","S/D","Buena","Diurna","Buen Tiempo","S/D","S/D","Colisión","S/D","S/D","Cordón divisorio","S/D"
2017,1196,3/15/2017,"Miercoles",0,22:20:00,,"0.0",2,"Automóvil,Moto/Ciclomotor","San Nicolas Y Biedma",2,1,0,0,1,0,0,,"Calle",,"ROSARIO","Rosario","Asfalto","Pavimento","II","Dentro","Urbana","Ninguna","No existe","Intersección","S/D","Buena","Nocturna","Buen Tiempo","Lateral","S/D","Colisión","S/D","S/D","Ninguna","Sin restricción"
2017,1197,3/23/2017,"Jueves",0,2:20:00,,"0.0",2,"Moto/Ciclomotor,Automóvil","Bv. Oroño Y Lamadrid",2,1,0,0,1,0,0,,"Avenida",,"ROSARIO","Rosario","Asfalto","No existe","II","Dentro","Urbana","Semáforo","Intermitente","Intersección","Bueno","Buena","Nocturna,Con luz artificial","Buen Tiempo","Lateral","S/D","Colisión","Ninguna","Vertical","Cordón divisorio","Sin restricción"
2017,1198,3/24/2017,"Viernes",0,1:20:00,,"0.0",2,"Automóvil,Moto/Ciclomotor","Ayolas Y Buenos Aires",2,1,0,0,1,0,0,,"Calle",,"ROSARIO","Rosario","Asfalto","No existe","II","S/D","Urbana","Semáforo","Intermitente","Intersección","Bueno","Buena","Nocturna","Buen Tiempo","Lateral","S/D","Colisión","Ninguna","Horizontal","Ninguna","Sin restricción"
2017,1199,3/21/2017,"Martes",0,18:30:00,,"0.0",2,"Moto/Ciclomotor,Moto/Ciclomotor","Garay Y Necochea",2,1,0,0,1,0,0,,"Calle",,"ROSARIO","Rosario","Asfalto","No existe","II","Dentro","Urbana","Ninguna","No existe","Intersección","Bueno","S/D","Diurna","Buen Tiempo","S/D","S/D","Colisión","Ninguna","Horizontal","Ninguna","Sin restricción"
2017,1200,3/17/2017,"Viernes",0,21:30:00,,"0.0",2,"Automóvil,Moto/Ciclomotor","Bv. Segui 800",2,1,0,0,1,0,0,,"Calle",,"ROSARIO","Rosario","Asfalto","No existe","II","Dentro","Urbana","Ninguna","No existe","Recta","Bueno","Buena","Nocturna","Buen Tiempo","De alcance","S/D","Colisión","Ninguna","Horizontal","Ninguna","S/D"
2017,1201,3/19/2017,"Domingo",0,16:00:00,,"0.0",2,"Moto/Ciclomotor,Moto/Ciclomotor","Urquiza Y M Guemes",2,1,0,0,1,0,0,,"Calle",,"CAPITÁN BERMÚDEZ","San Lorenzo","Asfalto","No existe","XVII","S/D","Urbana","S/D","No existe","Intersección","Deteriorada","S/D","Diurna","S/D","S/D","S/D","Colisión","Ninguna","S/D","Ninguna","S/D"
2017,1202,3/20/2017,"Lunes",0,22:40:00,,"0.0",2,"Automóvil,Otros","Laprida Y Ayacucho",2,1,0,0,1,0,0,,"Calle",,"CAPITÁN BERMÚDEZ","San Lorenzo","S/D","Pavimento","XVII","S/D","Urbana","Ninguna","No existe","Intersección","Bueno","S/D","Nocturna","S/D","S/D","S/D","Colisión","S/D","S/D","Ninguna","S/D"
2017,1203,3/24/2017,"Viernes",0,18:00:00,,"0.0",2,"Moto/Ciclomotor,Peatón","Av Fuerza Aerea Y Guayacan",2,0,1,1,0,0,0,,"Avenida",,"FUNES","Rosario","Asfalto","Natural","II","Dentro","Urbana","Ninguna","No existe","Recta","Con baches","Buena","Atardecer","Buen Tiempo","S/D","Peatón","Atropello","Ninguna","Faltante","Ninguna","Sin restricción"
2017,1204,3/12/2017,"Domingo",0,17:35:00,,"0.0",2,"Automóvil,Moto/Ciclomotor","Elorza Y Montevideo",2,1,0,0,1,0,0,,"Calle",,"FUNES","Rosario","Asfalto,Hormigón","No existe","II","Dentro","Urbana","Ninguna","No existe","Intersección","Bueno","Buena","Atardecer","Buen Tiempo","Lateral","S/D","Colisión","Ninguna","Faltante","Ninguna","Sin restricción"
2017,1205,3/26/2017,"Domingo",0,21:40:00,,"0.0",1,"Moto/Ciclomotor","Ayacucho 3700",2,2,0,0,0,0,0,,"Calle",,"ROSARIO","Rosario","Asfalto","No existe","II","S/D","Urbana","Ninguna","No existe","Recta","Bueno","Buena","Nocturna,Con luz artificial","Buen Tiempo","Contra objeto fijo","S/D","Colisión","Ninguna","Vertical","Ninguna","Sin restricción"