"anio_acci","nro_acci","fecha","desc_dia","fecha_aprox","hora_aprox","desc_ruta","km","cant_participantes","desc_participante","calle_avenida_km","total","heridos_leves","heridos_graves","heridos_gravisimos","ilesos","fallecidos","sin_datos","posicion_XY","desc_tipo_via","desc_ruta_ori","desc_loc","desc_dpto","desc_tipo_calzada","desc_tipo_banquina","desc_unidad_regional","desc_lugar_calzada","desc_zona","desc_prioridad","desc_estado_semaforo","desc_lugar_via","desc_estado_via","desc_estado_visibilidad","desc_luminosidad","desc_estado_clima","desc_tipo_colision","desc_tipo_atropello","desc_tipo_hecho","desc_pres_calzada","desc_senializacion","desc_separacion_via","desc_restriccion"
2017,1275,3/13/2017,"Lunes",0,18:00:00,,"0.0",2,"Automóvil,Moto/Ciclomotor"," ",2,1,0,0,0,0,1,,"S/D",,"ROSARIO","Rosario","S/D","S/D","II","S/D","S/D","S/D","S/D","S/D","S/D","S/D","Diurna","S/D","S/D","S/D","Colisión","S/D","S/D","S/D","S/D"
2017,1276,3/24/2017,"Viernes",0,18:00:00,"Ruta Nacional 11","0.0",2,"Moto/Ciclomotor,Moto/Ciclomotor","Av San Lorenzo ",3,1,0,0,2,0,0,,"Ruta",11,"CAPITÁN BERMÚDEZ","San Lorenzo","S/D","S/D","XVII","S/D","Urbana","S/D","S/D","Intersección","S/D","S/D","S/D","S/D","S/D","S/D","Colisión","S/D","S/D","S/D","S/D"
2017,1277,3/21/2017,"Martes",0,6:20:00,"Ruta Nacional 11","0.0",2,"Peatón,Automóvil","Av San Lorenzo Y Tucuman",2,1,0,0,1,0,0,,"Ruta",11,"CAPITÁN BERMÚDEZ","San Lorenzo","Asfalto","No existe","XVII","S/D","Urbana","S/D","No existe","Intersección","Bueno","Buena","Diurna","S/D","S/D","Peatón","Atropello","S/D","S/D","S/D","S/D"
2017,1278,3/17/2017,"Viernes",0,22:00:00,,"0.0",2,"Moto/Ciclomotor,Automóvil","Jujuy Y 9 de Julio",2,2,0,0,0,0,0,,"Calle",,"CAPITÁN BERMÚDEZ","San Lorenzo","Asfalto","No existe","XV","S/D","Urbana","S/D","S/D","Intersección","S/D","S/D","Nocturna","S/D","S/D","S/D","Colisión","S/D","S/D","S/D","S/D"
2017,1279,3/13/2017,"Lunes",0,9:10:00,,"0.0",2,"Moto/Ciclomotor,Automóvil","Misiones ",2,1,0,0,1,0,0,,"Calle",,"CAPITÁN BERMÚDEZ","San Lorenzo","Ripio","No existe","XVII","S/D","Urbana","S/D","No existe","Intersección","S/D","Buena","Diurna","Buen Tiempo","S/D","S/D","Colisión","Ninguna","Faltante","S/D","S/D"
2017,1280,3/15/2017,"Miercoles",0,12:20:00,,"0.0",1,"Moto/Ciclomotor","Urquiza Y 2 de Abril",1,1,0,0,0,0,0,,"Calle",,"CAPITÁN BERMÚDEZ","San Lorenzo","S/D","S/D","XVI","Dentro","Urbana","S/D","S/D","Intersección","S/D","S/D","Diurna","S/D","S/D","S/D","S/D","S/D","S/D","S/D","S/D"
2017,1281,3/8/2017,"Miercoles",0,18:20:00,"Ruta Nacional 33","0.0",2,"Pickup/Utilitario,Peatón","D F Sarmiento ",2,1,0,0,1,0,0,,"Ruta",33,"PEREZ","Rosario","S/D","No existe","II","Dentro","Urbana","Ninguna","No existe","Intersección","S/D","Buena","Atardecer","S/D","S/D","Peatón","Atropello","Ninguna","Faltante","Línea divisoria pintada","Sin restricción"
2017,1282,3/13/2017,"Lunes",0,8:30:00,"Ruta Nacional 33","848.0",2,"Automóvil,Automóvil"," ",2,1,0,0,1,0,0,,"Ruta",33,"PEREZ","Rosario","Asfalto","S/D","II","Dentro","Urbana","S/D","No existe","Recta","S/D","Buena","Diurna","S/D","De alcance","S/D","Colisión","S/D","Faltante","Línea divisoria pintada","Sin restricción"
2017,1283,3/17/2017,"Viernes",0,9:15:00,,"0.0",2,"Moto/Ciclomotor,Peatón","Av Belgrano 1800",2,1,0,0,1,0,0,,"Calle",,"PEREZ","Rosario","Asfalto","No existe","II","Dentro","Urbana","S/D","No existe","Recta","S/D","Buena","Diurna","S/D","S/D","Peatón","Atropello","Ninguna","Faltante","Ninguna","S/D"
2017,1284,3/19/2017,"Domingo",0,19:30:00,"Ruta Nacional 33","848.0",2,"Automóvil,Automóvil"," ",3,2,0,0,1,0,0,,"Ruta",33,"PEREZ","Rosario","S/D","No existe","II","Dentro","Urbana","Ninguna","No existe","Recta","S/D","Buena","Nocturna","Otro","De alcance","S/D","Colisión","S/D","Faltante","Línea divisoria pintada","Sin restricción"
2017,1285,3/30/2017,"Jueves",0,14:00:00,"Autovía Nacional 19","7.0",1,"Automóvil"," ",1,0,1,0,0,0,0,,"Autovía",19,"COLONIA SAN JOSÉ","San Javier","Asfalto","Pavimento","X","S/D","S/D","Ninguna","No existe","Recta","Bueno","Buena","Diurna","Buen Tiempo","S/D","S/D","Vuelco","Ninguna","Horizontal","Cordón divisorio","Sin restricción"
2017,1286,8/2/2017,"Miercoles",0,14:25:00,"Ruta Nacional 8","0.0",2,"Moto/Ciclomotor,Camión","E Lussenhoff Y Marcos Ciani",3,0,1,0,1,1,0,"-33.730063233453,-61.993567512848","Ruta",8,"VENADO TUERTO","General López","Hormigón,Ripio","Natural","VIII","Dentro","Urbana","S/D","No existe","Cruce","S/D","S/D","Diurna","S/D","S/D","S/D","Colisión","S/D","Horizontal,Vertical","Línea divisoria pintada","S/D"
2017,1287,8/3/2017,"Jueves",0,15:28:00,"Ruta Nacional 11","0.0",1,"Transporte de Pasajeros Urbano (> 8 asientos)","Jose Ingenieros ",2,0,0,0,1,1,0,"-32.740385, -60.733930","Ruta",11,"SAN LORENZO","San Lorenzo","Hormigón","No existe","XVII","Dentro","Urbana","Ninguna","No existe","Cruce","Bueno","Buena","Diurna","Buen Tiempo","S/D","S/D","Caída ocupante","S/D","Vertical","Cordón divisorio","Sin restricción"
2017,1288,3/1/2017,"Miercoles",0,20:00:00,"Ruta Nacional 11","0.0",2,"Moto/Ciclomotor,Pickup/Utilitario"," ",2,1,0,0,1,0,0,,"Ruta",11,"SAN JUSTO","San Justo","Asfalto","Ripio","XVI","Dentro","Urbana","Ninguna","No existe","Intersección","Bueno","Reducida","Nocturna","Buen Tiempo","Frontal","S/D","Colisión","Ninguna","Vertical","Línea divisoria pintada","S/D"
2017,1289,3/8/2017,"Miercoles",0,11:30:00,,"0.0",2,"Pickup/Utilitario,Moto/Ciclomotor","G Washington ",2,0,1,0,1,0,0,,"Calle",,"RAFAELA","Castellanos","Hormigón","S/D","IV","S/D","Urbana","S/D","No existe","Intersección","Bueno","Buena","Diurna","Buen Tiempo","De alcance","S/D","Colisión","S/D","S/D","S/D","Sin restricción"
2017,1290,3/13/2017,"Lunes",0,13:55:00,,"0.0",2,"Moto/Ciclomotor,Automóvil","Simon de Iriondo Y Paso de los Andes",2,0,1,0,1,0,0,,"Calle",,"LAS ROSAS","Belgrano","Asfalto","Pavimento","III","Dentro","S/D","Ninguna","No existe","Intersección","Bueno","Buena","Diurna","Buen Tiempo","Lateral","S/D","Colisión","Ninguna","Faltante","Ninguna","Sin restricción"
2017,1291,3/23/2017,"Jueves",0,12:30:00,,"0.0",2,"Bicicleta,Automóvil","Paso de los Andes Y Tucuman",2,1,0,0,1,0,0,,"Calle",,"LAS ROSAS","Belgrano","Asfalto","Pavimento","II","S/D","Urbana","Ninguna","No existe","Recta","Bueno","Buena","Diurna","Buen Tiempo","De alcance","Ciclista","Atropello","Ninguna","Vertical","Ninguna","Sin restricción"
2017,1292,3/29/2017,"Miercoles",0,23:10:00,,"0.0",2,"Moto/Ciclomotor,Moto/Ciclomotor","Chacabuco Y Ituzaingo",2,0,2,0,0,0,0,,"Calle",,"LAS ROSAS","Belgrano","Ripio","No existe","III","Dentro","Urbana","Ninguna","S/D","Intersección","Bueno","Buena","Nocturna","Buen Tiempo","Lateral","S/D","Colisión","Ninguna","Faltante","Ninguna","Sin restricción"
2017,1293,3/6/2017,"Lunes",0,23:30:00,,"0.0",2,"Moto/Ciclomotor,Pickup/Utilitario","Calle 9 Y Calle 22",2,0,1,0,0,0,1,,"Calle",,"LAS PAREJAS","Belgrano","Asfalto","No existe","III","Dentro","Urbana","Ninguna","No existe","Intersección","Bueno","Buena","Nocturna","Buen Tiempo","Frontal","S/D","Colisión","Ninguna","Faltante","Ninguna","Sin restricción"
2017,1294,3/25/2017,"Sabado",0,1:45:00,,"0.0",2,"Automóvil,Moto/Ciclomotor","Bv Kenmis Y Rivadavia",3,2,0,0,1,0,0,,"Calle",,"LAS ROSAS","Belgrano","Asfalto","No existe","III","Dentro","Urbana","Ninguna","No existe","Intersección","Bueno","Buena","Nocturna","Buen Tiempo","Lateral","S/D","Colisión","Ninguna","Horizontal","Ninguna","Sin restricción"
2017,1295,3/26/2017,"Domingo",0,12:20:00,,"0.0",2,"Automóvil,Moto/Ciclomotor","Avenida 18 Y Avenida 21",2,1,0,0,1,0,0,,"Avenida",,"LAS PAREJAS","Belgrano","Asfalto","No existe","III","Dentro","Urbana","Ninguna","S/D","Rotonda","Bueno","Buena","Diurna","Buen Tiempo","De alcance","S/D","Colisión","Ninguna","Faltante","S/D","Sin restricción"
2017,1296,3/26/2017,"Domingo",0,11:00:00,,"0.0",2,"Moto/Ciclomotor,Pickup/Utilitario","Calle 5 Y Calle 14",2,1,0,0,1,0,0,,"Avenida",,"LAS PAREJAS","Belgrano","Asfalto","Pavimento","III","Dentro","Urbana","Ninguna","S/D","Intersección","Bueno","Reducida p/ objetos","Diurna","Buen Tiempo","Frontal","S/D","Colisión","Ninguna","Faltante","Cordón divisorio","Sin restricción"
2017,1297,3/23/2017,"Jueves",0,19:20:00,,"0.0",2,"Pickup/Utilitario,Cuatriciclo","A Castellanos Y Flotron",2,1,0,0,1,0,0,,"Calle",,"ARMSTRONG","Belgrano","Asfalto","No existe","III","Dentro","Urbana","Ninguna","No existe","Intersección","Bueno","Buena","Diurna","Buen Tiempo","Lateral","S/D","Colisión","Ninguna","Vertical","Ninguna","Sin restricción"
2017,1298,3/12/2017,"Domingo",0,0:30:00,"Ruta Nacional 9","387.0",1,"Moto/Ciclomotor"," ",1,0,1,0,0,0,0,,"Ruta",9,"ARMSTRONG","Belgrano","Asfalto","No existe","III","Dentro","Rural","Ninguna","No existe","Recta","Bueno","Buena","Nocturna","Buen Tiempo","S/D","S/D","Caída ocupante","Ninguna","Horizontal","Ninguna","Sin restricción"
2017,1299,3/7/2017,"Martes",0,10:30:00,"Ruta Provincial 90","45.0",3,"Pickup/Utilitario,Automóvil,Automóvil"," ",8,3,0,0,5,0,0,,"Ruta",90,"SANTA TERESA","Constitución","Asfalto","Natural","VI","Dentro","Urbana","Otra Señal","No existe","Recta","Bueno","Buena","Diurna","Buen Tiempo","Múltiple","S/D","Colisión","Ninguna","Horizontal","Ninguna","Sin restricción"
2017,1300,3/8/2017,"Miercoles",0,15:55:00,,"0.0",2,"Automóvil,Automóvil","Av Leandro Alem Y Gdor Candioti",2,1,0,0,1,0,0,,"Calle",,"SANTA FE","La Capital","Asfalto","No existe","I","Dentro","Urbana","Ninguna","Funciona","Intersección","Bueno","S/D","Diurna","Buen Tiempo","Lateral","S/D","Colisión","S/D","S/D","Ninguna","S/D"
2017,1301,3/7/2017,"Martes",0,15:00:00,,"0.0",2,"Moto/Ciclomotor,Automóvil","Avellaneda Y Gdor Candioti",2,1,0,0,1,0,0,,"Calle",,"SANTA FE","La Capital","Asfalto","No existe","I","Dentro","Urbana","S/D","No existe","Intersección","Bueno","S/D","Diurna","S/D","Lateral","S/D","Colisión","S/D","S/D","Ninguna","S/D"
2017,1302,3/10/2017,"Viernes",0,13:15:00,,"0.0",2,"Moto/Ciclomotor,Automóvil","Nicasio Oroño ",2,1,0,0,1,0,0,,"Calle",,"SANTA FE","La Capital","Asfalto","No existe","I","Dentro","Urbana","S/D","No existe","Curva","Bueno","S/D","Diurna","Buen Tiempo","Lateral","S/D","Colisión","S/D","S/D","Ninguna","Sin restricción"
2017,1303,3/13/2017,"Lunes",0,,,"0.0",1,"Automóvil","Av Leandro Alem ",2,1,0,0,0,0,1,,"Calle",,"SANTA FE","La Capital","Hormigón","No existe","I","Dentro","Urbana","S/D","No existe","Curva","Bueno","S/D","S/D","S/D","Lateral","S/D","Colisión","S/D","S/D","Cordón divisorio","S/D"
2017,1304,3/15/2017,"Miercoles",0,10:00:00,,"0.0",2,"Automóvil,Moto/Ciclomotor","Juan Del Campillo Y Necochea",2,1,0,0,1,0,0,,"Calle",,"SANTA FE","La Capital","Asfalto","No existe","I","Dentro","Urbana","S/D","No existe","Intersección","Bueno","S/D","Diurna","S/D","Lateral","S/D","Colisión","S/D","S/D","Ninguna","Sin restricción"
2017,1305,3/16/2017,"Jueves",0,19:40:00,,"0.0",2,"Automóvil,Bicicleta","Sarmiento Y Sargento Cabral",2,1,0,0,1,0,0,,"Calle",,"SANTA FE","La Capital","Asfalto","No existe","I","Dentro","Urbana","S/D","No existe","Intersección","Bueno","Buena","Atardecer","S/D","S/D","Ciclista","Atropello","S/D","S/D","S/D","S/D"
2017,1306,3/6/2017,"Lunes",0,5:50:00,"Ruta Provincial 22","0.0",2,"Automóvil,Camión"," ",2,0,1,0,1,0,0,,"Ruta",22,"VILLA CONSTITUCIÓN","Constitución","Asfalto","Natural","VI","Dentro","Urbana","Ninguna","No existe","Recta","Bueno","Buena","Amanecer","Buen Tiempo","Frontal","S/D","Colisión","S/D","S/D","Ninguna","Sin restricción"
2017,1307,3/14/2017,"Martes",0,10:50:00,,"0.0",2,"Automóvil,Automóvil","Italia Y Moreno",2,1,0,0,1,0,0,,"Calle",,"VILLA CONSTITUCIÓN","Constitución","Asfalto","No existe","VI","Dentro","Urbana","Ninguna","No existe","Intersección","Bueno","Buena","Diurna","Buen Tiempo","Frontal","S/D","Colisión","S/D","S/D","Ninguna","Sin restricción"
2017,1308,3/18/2017,"Sabado",0,13:10:00,,"0.0",1,"Moto/Ciclomotor","Av Escalada Y Laprida",1,1,0,0,0,0,0,,"Calle",,"EMPALME VILLA CONSTITUCIÓN","Constitución","Asfalto","Pavimento","VI","Dentro","Urbana","Ninguna","No existe","Intersección","Bueno","Buena","Diurna","Buen Tiempo","S/D","S/D","Caída ocupante","Ninguna","Vertical","Línea divisoria pintada","Sin restricción"
2017,1309,3/4/2017,"Sabado",0,12:30:00,,"0.0",1,"Moto/Ciclomotor","Dr Juan Hazarte Y Jose Hernandez",1,1,0,0,0,0,0,,"Calle",,"SAN GENARO","San Jerónimo","Asfalto","No existe","XIV","Dentro","Urbana","Ninguna","No existe","Intersección","Bueno","Buena","Diurna","Buen Tiempo","Contra objeto fijo","S/D","Colisión","Ninguna","Horizontal","Cordón divisorio","Sin restricción"
2017,1310,3/10/2017,"Viernes",0,19:25:00,"Ruta Provincial 80","0.0",2,"Camión c / Acoplado,Camión c / Acoplado"," ",2,1,0,0,1,0,0,,"Ruta",80,"AROCENA","San Jerónimo","Asfalto","Natural","XV","Dentro","Urbana","Ninguna","No existe","Puente","Deteriorada","Buena","Diurna","Buen Tiempo","Frontal","S/D","Colisión","S/D","Horizontal","Línea divisoria pintada","Sin restricción"
2017,1311,3/26/2017,"Domingo",0,,"Ruta Nacional 11","0.0",2,"Automóvil,Moto/Ciclomotor","Bv Domingo F Sarmiento Y 3 de Febrero",2,1,0,0,1,0,0,,"Ruta",11,"MACIEL","San Jerónimo","Asfalto","Natural","XV","Dentro","Urbana","Ninguna","No existe","Intersección","Bueno","Buena","Diurna","Buen Tiempo","Lateral","S/D","Colisión","Ninguna","Horizontal","Ninguna","Sin restricción"
2017,1312,3/29/2017,"Miercoles",0,12:35:00,,"0.0",2,"Automóvil,Moto/Ciclomotor","Jose de San Martin Y Rivadavia",2,1,0,0,1,0,0,,"Calle",,"CORONDA","San Jerónimo","Asfalto","No existe","XV","Dentro","Urbana","S/D","No existe","Intersección","Bueno","Buena","Diurna","Buen Tiempo","Frontal","S/D","Colisión","Ninguna","S/D","Ninguna","Sin restricción"
2017,1313,3/18/2017,"Sabado",0,16:40:00,"Ruta Nacional 11","0.0",1,"Moto/Ciclomotor"," ",1,0,0,1,0,0,0,,"Ruta",11,"MALABRIGO","General Obligado","Tierra","Natural","IX","Dentro","Urbana","Ninguna","No existe","Recta","Bueno","Buena","Diurna","Buen Tiempo","S/D","S/D","Caída ocupante","Ninguna","S/D","Ninguna","Sin restricción"
2017,1314,3/24/2017,"Viernes",0,21:45:00,,"0.0",2,"Moto/Ciclomotor,Automóvil","Sarmiento 1755",2,1,0,0,1,0,0,,"Calle",,"MALABRIGO","General Obligado","Asfalto","Pavimento","IX","Dentro","Urbana","Ninguna","No existe","Recta","Bueno","Buena","Nocturna","Buen Tiempo","Contra objeto fijo","S/D","Colisión","Ninguna","S/D","Ninguna","Sin restricción"
2017,1315,3/16/2017,"Jueves",0,11:55:00,,"0.0",2,"Moto/Ciclomotor,Automóvil","Bv. Segui Y Callao",2,1,0,0,1,0,0,,"Calle",,"ROSARIO","Rosario","Asfalto","No existe","II","Dentro","Urbana","Ninguna","No existe","Recta","Bueno","Buena","Diurna","Buen Tiempo","Lateral","S/D","Colisión","Ninguna","Horizontal","Ninguna","Sin restricción"
2017,1316,3/17/2017,"Viernes",0,13:30:00,,"0.0",2,"Bicicleta,Automóvil","Av. Uriburu Y Rivadavia",2,1,0,0,1,0,0,,"Calle",,"ROSARIO","Rosario","Asfalto","No existe","II","Dentro","Urbana","Ninguna","No existe","Recta","Bueno","Buena","Diurna","Buen Tiempo","Lateral","Ciclista","Atropello","Ninguna","Horizontal","Ninguna","Sin restricción"
2017,1317,3/18/2017,"Sabado",0,3:10:00,,"0.0",2,"Automóvil,Moto/Ciclomotor","Bv. Segui Y Mitre",2,1,0,0,1,0,0,,"Calle",,"ROSARIO","Rosario","Asfalto","No existe","II","Dentro","Urbana","S/D","No existe","Recta","Bueno","Buena","Nocturna","Buen Tiempo","Lateral","S/D","Colisión","S/D","Horizontal","Ninguna","Sin restricción"
2017,1318,3/18/2017,"Sabado",0,9:50:00,,"0.0",2,"Automóvil,Moto/Ciclomotor","24 De Setiembre Y Mitre",2,1,0,0,1,0,0,,"Calle",,"ROSARIO","Rosario","Asfalto","No existe","II","Dentro","Urbana","Ninguna","No existe","Recta","Bueno","Buena","Diurna","Buen Tiempo","Lateral","S/D","Colisión","Ninguna","Faltante","Ninguna","Sin restricción"
2017,1319,3/16/2017,"Jueves",0,12:00:00,,"0.0",2,"Taxi/Remis,Automóvil","Italia 4100",2,1,0,0,1,0,0,,"Calle",,"ROSARIO","Rosario","Asfalto","No existe","II","Dentro","Urbana","Ninguna","No existe","Recta","Bueno","Buena","Diurna","Buen Tiempo","Lateral","S/D","Colisión","Ninguna","Horizontal","Ninguna","Sin restricción"
2017,1320,3/9/2017,"Jueves",0,19:00:00,"Autopista Nacional A008","0.0",2,"Moto/Ciclomotor,Automóvil","Av. Circunvalacion Y Av. Pellegrini",2,1,0,0,1,0,0,,"Autopista","A008","ROSARIO","Rosario","Asfalto","Pavimento","II","Dentro","Urbana","S/D","No existe","Recta","Bueno","S/D","Diurna","Lluvia","S/D","S/D","Colisión","Ninguna","S/D","S/D","S/D"
2017,1321,3/2/2017,"Jueves",0,12:30:00,,"0.0",2,"Moto/Ciclomotor,Automóvil","Bv Galvez Y Alberdi",2,1,0,0,1,0,0,,"Calle",,"SANTA FE","La Capital","Asfalto","No existe","I","Dentro","Urbana","Semáforo","Funciona","Intersección","Bueno","S/D","Diurna","S/D","S/D","S/D","Colisión","Ninguna","S/D","Ninguna","S/D"
2017,1322,3/2/2017,"Jueves",0,16:00:00,,"0.0",2,"Moto/Ciclomotor,Automóvil","Alberdi Y Sargento Cabral",2,1,0,0,1,0,0,,"Calle",,"SANTA FE","La Capital","Asfalto","No existe","I","Dentro","Urbana","Ninguna","No existe","Intersección","Bueno","Buena","Diurna","Buen Tiempo","Lateral","S/D","Colisión","Ninguna","S/D","Ninguna","Sin restricción"
2017,1323,3/2/2017,"Jueves",0,16:00:00,,"0.0",2,"Moto/Ciclomotor,Automóvil","Calchines Y Las Heras",2,1,0,0,1,0,0,,"Calle",,"SANTA FE","La Capital","Asfalto","No existe","I","Dentro","Urbana","Ninguna","No existe","Intersección","Bueno","Buena","Diurna","Buen Tiempo","Lateral","S/D","Colisión","S/D","S/D","Ninguna","Sin restricción"
2017,1324,3/2/2017,"Jueves",0,17:00:00,,"0.0",2,"Moto/Ciclomotor,Automóvil","Gdor Candioti Y Iturraspe",2,1,0,0,1,0,0,,"Calle",,"SANTA FE","La Capital","Asfalto","No existe","I","Dentro","Urbana","S/D","No existe","Intersección","Bueno","S/D","Diurna","Buen Tiempo","Lateral","S/D","Colisión","S/D","S/D","Ninguna","S/D"
2017,1325,3/4/2017,"Sabado",0,8:55:00,,"0.0",2,"Moto/Ciclomotor,Automóvil","Avellaneda Y Gdor Candioti",2,1,0,0,1,0,0,,"Calle",,"SANTA FE","La Capital","Asfalto","No existe","I","Dentro","Urbana","S/D","No existe","Intersección","Bueno","S/D","Diurna","Buen Tiempo","Lateral","S/D","Colisión","S/D","S/D","Ninguna","S/D"
2017,1326,3/17/2017,"Viernes",0,11:05:00,,"0.0",2,"Moto/Ciclomotor,Automóvil","Juan Del Campillo ",2,1,0,0,1,0,0,,"Calle",,"SANTA FE","La Capital","Asfalto","No existe","I","Dentro","Urbana","S/D","No existe","Recta","Bueno","S/D","Diurna","S/D","Lateral","S/D","Colisión","S/D","S/D","S/D","Sin restricción"
2017,1327,3/24/2017,"Viernes",0,18:00:00,,"0.0",2,"Bicicleta,Otros","Chacabuco Y Av 7 Jefes",2,1,0,0,1,0,0,,"Calle",,"SANTA FE","La Capital","Asfalto","No existe","I","Dentro","Urbana","S/D","No existe","Intersección","Bueno","S/D","Diurna","S/D","S/D","Ciclista","Atropello","S/D","S/D","S/D","Sin restricción"
2017,1328,3/25/2017,"Sabado",0,19:30:00,,"0.0",2,"Moto/Ciclomotor,Automóvil","Belgrano 3600",3,2,0,0,1,0,0,,"Calle",,"SANTA FE","La Capital","Asfalto","No existe","I","Dentro","Urbana","S/D","S/D","Recta","Bueno","S/D","Diurna","S/D","Lateral","S/D","Colisión","S/D","S/D","S/D","S/D"
2017,1329,3/27/2017,"Lunes",0,13:30:00,,"0.0",2,"Automóvil,Automóvil","Av Leandro Alem Y Calchines",3,2,0,0,1,0,0,,"Calle",,"SANTA FE","La Capital","Asfalto","No existe","I","Dentro","Urbana","Semáforo","Funciona","Intersección","Bueno","S/D","Diurna","S/D","Lateral","S/D","Colisión","S/D","S/D","S/D","S/D"
2017,1330,3/6/2017,"Lunes",0,12:00:00,,"0.0",2,"Moto/Ciclomotor,Automóvil","Cervera Y Ituzaingo",2,1,0,0,1,0,0,,"Calle",,"SANTA FE","La Capital","Asfalto","No existe","I","Dentro","Urbana","Ninguna","No existe","Intersección","Bueno","Buena","Diurna","Buen Tiempo","Lateral","S/D","Colisión","S/D","S/D","Ninguna","Sin restricción"
2017,1331,3/21/2017,"Martes",0,9:15:00,,"0.0",2,"Moto/Ciclomotor,Automóvil","Av. Francia 5200",2,1,0,0,1,0,0,,"Calle",,"ROSARIO","Rosario","Asfalto","S/D","II","Dentro","Urbana","S/D","No existe","Intersección","S/D","Buena","Diurna","S/D","S/D","S/D","Colisión","S/D","S/D","S/D","S/D"
2017,1332,3/1/2017,"Miercoles",1,,,"0.0",2,"Moto/Ciclomotor,Pickup/Utilitario"," ",2,1,0,0,0,0,1,,"Calle",,"ROSARIO","Rosario","S/D","S/D","II","Dentro","Urbana","S/D","S/D","S/D","S/D","S/D","S/D","S/D","S/D","S/D","Colisión","S/D","S/D","S/D","S/D"
2017,1333,3/25/2017,"Sabado",0,12:35:00,,"0.0",2,"Automóvil,Moto/Ciclomotor","Pasco 700",2,1,0,0,1,0,0,,"Calle",,"ROSARIO","Rosario","Asfalto","S/D","II","Dentro","Urbana","S/D","S/D","Recta","Bueno","Buena","Diurna","Buen Tiempo","S/D","S/D","Colisión","Ninguna","S/D","S/D","Sin restricción"
2017,1334,3/15/2017,"Miercoles",0,9:30:00,,"0.0",2,"Automóvil,Automóvil","Bv. 27 De Febrero Y Necochea",2,1,0,0,1,0,0,,"Calle",,"ROSARIO","Rosario","Asfalto","No existe","II","Dentro","Urbana","S/D","S/D","Recta","Bueno","Buena","Diurna","Buen Tiempo","S/D","S/D","Colisión","Ninguna","S/D","S/D","Sin restricción"
2017,1335,3/14/2017,"Martes",0,14:05:00,,"0.0",2,"Automóvil,Moto/Ciclomotor","L.N.Alem Y Riobamba",2,1,0,0,1,0,0,,"Calle",,"ROSARIO","Rosario","Asfalto","No existe","II","Dentro","Urbana","S/D","S/D","Intersección","Bueno","Buena","Diurna","Buen Tiempo","S/D","S/D","Colisión","Ninguna","S/D","S/D","Sin restricción"
2017,1336,3/25/2017,"Sabado",0,21:30:00,,"0.0",2,"Bicicleta,Taxi/Remis","Av. Pellegrini Y Bv. Oroño",2,1,0,0,1,0,0,,"Calle",,"ROSARIO","Rosario","Asfalto","S/D","II","Dentro","Urbana","Semáforo","Funciona","Recta","Bueno","Buena","Nocturna,Con luz artificial","Buen Tiempo","S/D","Ciclista","Atropello","S/D","Vertical","Línea divisoria pintada","Sin restricción"
2017,1337,3/9/2017,"Jueves",0,,,"0.0",2,"Automóvil,Moto/Ciclomotor","Maiztegui 500",2,0,0,0,1,1,0," -32.871941,-60.69508","Calle",,"ROSARIO","Rosario","Asfalto","Pavimento","II","Dentro","Urbana","Ninguna","S/D","Intersección","Bueno","Buena","Nocturna","Buen Tiempo","S/D","S/D","Colisión","S/D","S/D","Ninguna","S/D"
2017,1338,3/3/2017,"Viernes",0,7:30:00,,"0.0",2,"Automóvil,Transporte de Pasajeros Urbano (> 8 asientos)","Paraguay Y Santa Fe",2,1,0,0,1,0,0,,"Calle",,"ROSARIO","Rosario","Asfalto","Pavimento","II","Dentro","Urbana","Ninguna","No funciona","Intersección","Bueno","Buena","Diurna","Buen Tiempo","De alcance","S/D","Colisión","Ninguna","Vertical","Ninguna","Sin restricción"
2017,1339,3/23/2017,"Jueves",0,11:50:00,,"0.0",2,"Pickup/Utilitario,Bicicleta","Catamarca Y Italia",2,1,0,0,1,0,0,,"Calle",,"ROSARIO","Rosario","Asfalto","No existe","II","Dentro","Urbana","Ninguna","No existe","Intersección","Bueno","Buena","Diurna","Buen Tiempo","Frontal","Ciclista","Atropello","S/D","Vertical","Ninguna","Sin restricción"
2017,1340,3/16/2017,"Jueves",0,16:20:00,,"0.0",2,"Bicicleta,Automóvil","Salta Y Alvear",2,1,0,0,1,0,0,,"Calle",,"ROSARIO","Rosario","Asfalto","No existe","II","Dentro","Urbana","Otra Señal","Funciona","Intersección","Bueno","Buena","Diurna","Buen Tiempo","S/D","Ciclista","Atropello","Ninguna","Vertical","Línea divisoria pintada","Sin restricción"
2017,1341,3/9/2017,"Jueves",0,18:35:00,,"0.0",1,"Transporte de Pasajeros Urbano (> 8 asientos)","San Lorenzo Y Av. Corrientes",2,1,0,0,1,0,0,,"Calle",,"ROSARIO","Rosario","Hormigón","Pavimento","II","Dentro","Urbana","Semáforo","Funciona","Intersección","Bueno","Buena","Diurna","Buen Tiempo","S/D","S/D","Despiste","Ninguna","Vertical","Ninguna","Sin restricción"
2017,1342,3/9/2017,"Jueves",0,10:50:00,,"0.0",2,"Automóvil,Automóvil","Laprida Y Santa Fe",2,1,0,0,1,0,0,,"Calle",,"ROSARIO","Rosario","Hormigón","Pavimento","II","Dentro","Urbana","Ninguna","Funciona","Intersección","Bueno","Buena","Diurna","Buen Tiempo","De alcance","S/D","Colisión","Ninguna","Vertical","Ninguna","S/D"