"anio_acci","nro_acci","fecha","desc_dia","fecha_aprox","hora_aprox","desc_ruta","km","cant_participantes","desc_participante","calle_avenida_km","total","heridos_leves","heridos_graves","heridos_gravisimos","ilesos","fallecidos","sin_datos","posicion_XY","desc_tipo_via","desc_ruta_ori","desc_loc","desc_dpto","desc_tipo_calzada","desc_tipo_banquina","desc_unidad_regional","desc_lugar_calzada","desc_zona","desc_prioridad","desc_estado_semaforo","desc_lugar_via","desc_estado_via","desc_estado_visibilidad","desc_luminosidad","desc_estado_clima","desc_tipo_colision","desc_tipo_atropello","desc_tipo_hecho","desc_pres_calzada","desc_senializacion","desc_separacion_via","desc_restriccion"
2017,1343,3/7/2017,"Martes",0,13:00:00,,"0.0",2,"Automóvil,Moto/Ciclomotor","Mitre Y Salta",2,1,0,0,1,0,0,,"Calle",,"ROSARIO","Rosario","Hormigón","Pavimento","II","Dentro","Urbana","Semáforo","Funciona","Intersección","Bueno","Buena","Diurna","Buen Tiempo","De alcance","S/D","Colisión","Ninguna","Vertical","Ninguna","Sin restricción"
2017,1344,3/5/2017,"Domingo",0,9:30:00,"Ruta Provincial 90","0.0",1,"Automóvil"," ",2,2,0,0,0,0,0,,"Ruta",90,"VILLA CONSTITUCIÓN","Constitución","Tierra,Ripio","Natural","VI","Dentro","Urbana","Ninguna","No existe","Recta","Deteriorada,Ahuellamiento","Buena","Diurna","Buen Tiempo","S/D","S/D","Despiste","Ninguna","Faltante","Ninguna","Sin restricción"
2017,1345,8/6/2017,"Domingo",0,19:00:00,,"0.0",1,"Moto/Ciclomotor","Avenida General San Martin S/N",1,0,0,0,0,1,0,"-31.12994581460955, -61.45330041646","Calle",,"LEHMANN","Castellanos","Asfalto","S/D","V","Dentro","Urbana","S/D","S/D","Recta","Bueno","S/D","Diurna","S/D","Contra objeto fijo","S/D","Colisión","S/D","S/D","Ninguna","S/D"
2017,1346,3/27/2017,"Lunes",0,0:45:00,,"0.0",2,"Automóvil,Automóvil","Salta Y Pueyrredon",3,1,0,0,2,0,0,,"Calle",,"ROSARIO","Rosario","Asfalto","Ripio","II","S/D","Urbana","Semáforo","S/D","Recta","Bueno","S/D","Nocturna","Buen Tiempo","S/D","S/D","Colisión","Ninguna","Vertical","Ninguna","S/D"
2017,1347,3/21/2017,"Martes",0,23:00:00,,"0.0",3,"Camión c / Acoplado,Moto/Ciclomotor,Moto/Ciclomotor","Av. Provincias Unidas Y Av. Genova",3,1,0,1,1,0,0,"-32.916027777778,-60.713694444444","Avenida",,"ROSARIO","Rosario","Asfalto","No existe","II","Dentro","Urbana","Ninguna","No existe","Recta","Bueno","Buena","Nocturna","Buen Tiempo","Otro","S/D","Colisión","Ninguna","Faltante","Cordón divisorio","Sin restricción"
2017,1348,3/23/2017,"Jueves",0,19:00:00,,"0.0",2,"Automóvil,Automóvil","Av. Genova Y Av. Provincias Unidas",4,1,0,0,3,0,0,,"Avenida",,"ROSARIO","Rosario","Asfalto","No existe","II","S/D","S/D","Semáforo","Funciona","Recta","Bueno","Buena","Atardecer","Buen Tiempo","S/D","S/D","Colisión","Ninguna","Vertical","Barrera de hormigón","Sin restricción"
2017,1349,3/21/2017,"Martes",0,22:30:00,,"0.0",2,"Automóvil,Automóvil","Junin Y Stephenson",7,3,2,0,2,0,0,,"Calle",,"ROSARIO","Rosario","Asfalto","S/D","II","S/D","Urbana","S/D","S/D","Intersección","S/D","S/D","Nocturna","S/D","S/D","S/D","Colisión","S/D","S/D","S/D","S/D"
2017,1350,3/26/2017,"Domingo",0,10:30:00,,"0.0",1,"Automóvil","Alberdi Y Velez Sarsfield",3,2,0,0,1,0,0,,"Calle",,"ROSARIO","Rosario","Asfalto","S/D","II","S/D","Urbana","S/D","S/D","S/D","S/D","S/D","Diurna","S/D","Contra objeto fijo","S/D","Colisión","S/D","S/D","S/D","S/D"
2017,1351,3/3/2017,"Viernes",0,12:30:00,,"0.0",2,"Automóvil,Automóvil","Jujuy Y Ricchieri",3,1,0,0,2,0,0,,"Calle",,"ROSARIO","Rosario","Asfalto","No existe","II","S/D","Urbana","Ninguna","S/D","Recta","Bueno","Buena","Diurna","Buen Tiempo","Múltiple","S/D","Colisión","Ninguna","S/D","Ninguna","Sin restricción"
2017,1352,3/18/2017,"Sabado",0,23:30:00,,"0.0",2,"Pickup/Utilitario,Moto/Ciclomotor","San Lorenzo Y Lavalle",3,0,1,0,2,0,0,,"Calle",,"ROSARIO","Rosario","Asfalto","No existe","II","S/D","Urbana","Ninguna","S/D","Intersección","Bueno","S/D","Nocturna","Otro","S/D","S/D","Colisión","Ninguna","S/D","Ninguna","Sin restricción"
2017,1353,3/19/2017,"Domingo",0,4:30:00,,"0.0",2,"Automóvil,Moto/Ciclomotor","Santiago Y Urquiza",3,2,0,0,1,0,0,,"Calle",,"ROSARIO","Rosario","Asfalto","No existe","II","Dentro","Urbana","S/D","S/D","Recta","S/D","Buena","Nocturna","S/D","S/D","S/D","Colisión","S/D","S/D","S/D","S/D"
2017,1354,3/15/2017,"Miercoles",0,10:20:00,,"0.0",3,"Transporte de Pasajeros Urbano (> 8 asientos),Pickup/Utilitario,Pickup/Utilitario","Av. Provincias Unidas Y Av. Genova",5,3,0,0,2,0,0,,"Avenida",,"ROSARIO","Rosario","Asfalto","No existe","II","Dentro","Urbana","Semáforo","Funciona","Recta","Bueno","Buena","Diurna","Lluvia","De alcance","S/D","Colisión","Ninguna","Vertical","Cordón divisorio","Sin restricción"
2017,1355,3/4/2017,"Sabado",0,13:20:00,,"0.0",2,"Pickup/Utilitario,Moto/Ciclomotor","Mariano Moreno Y Saavedra",3,1,0,1,1,0,0,,"Calle",,"ROSARIO","Rosario","Asfalto","No existe","II","Dentro","Urbana","Ninguna","No existe","Recta","Bueno","Buena","Diurna","Buen Tiempo","Lateral","S/D","Colisión","Ninguna","Horizontal","Ninguna","Sin restricción"
2017,1356,8/4/2017,"Viernes",0,20:30:00,,"0.0",2,"Moto/Ciclomotor,Automóvil","Callejon Funes 4500",2,0,0,0,1,1,0,"-31.579875648021723, -60.7135847210","Calle",,"SANTA FE","La Capital","S/D","S/D","I","Dentro","Urbana","S/D","S/D","Recta","S/D","S/D","Nocturna","S/D","Lateral","S/D","Colisión","S/D","S/D","Ninguna","S/D"
2017,1357,3/24/2017,"Viernes",0,21:25:00,,"0.0",2,"Automóvil,Bicicleta","Necochea Y La Paz",4,1,0,0,3,0,0,,"Calle",,"ROSARIO","Rosario","Asfalto","No existe","II","Dentro","Urbana","S/D","S/D","Intersección","Bueno","Buena","Nocturna","Buen Tiempo","S/D","Ciclista","Atropello","Ninguna","S/D","S/D","S/D"
2017,1358,3/11/2017,"Sabado",0,17:45:00,,"0.0",2,"Pickup/Utilitario,Automóvil","Bv. 27 De Febrero Y Ayacucho",3,1,0,0,2,0,0,,"Avenida",,"ROSARIO","Rosario","Asfalto","No existe","II","Dentro","Urbana","S/D","S/D","Intersección","Bueno","Buena","Diurna","Buen Tiempo","S/D","S/D","Colisión","Ninguna","S/D","S/D","S/D"
2017,1359,3/9/2017,"Jueves",0,16:30:00,,"0.0",2,"Automóvil,Moto/Ciclomotor","San Martin Y Cerrito",3,2,0,0,1,0,0,,"Calle",,"ROSARIO","Rosario","Asfalto","S/D","II","Dentro","Urbana","Ninguna","S/D","Intersección","Bueno","S/D","Diurna","Buen Tiempo","Lateral","S/D","Colisión","S/D","S/D","Ninguna","S/D"
2017,1360,3/15/2017,"Miercoles",0,18:45:00,,"0.0",2,"Moto/Ciclomotor,Automóvil","Av. Uriburu Y Santiago",3,2,0,0,1,0,0,,"Calle",,"ROSARIO","Rosario","Asfalto","No existe","II","Dentro","Urbana","Ninguna","No existe","Recta","Bueno","Buena","Diurna","Buen Tiempo","Lateral","S/D","Colisión","Ninguna","Horizontal,Vertical","Ninguna","Sin restricción"
2017,1361,3/13/2017,"Lunes",0,19:05:00,,"0.0",2,"Automóvil,Moto/Ciclomotor","Av. Corrientes Y Dr.Rivas",3,2,0,0,1,0,0,,"Calle",,"ROSARIO","Rosario","Asfalto","No existe","II","Dentro","Urbana","Ninguna","No existe","Recta","Bueno","Buena","Diurna","Buen Tiempo","Lateral","S/D","Colisión","Ninguna","Horizontal","Ninguna","S/D"
2017,1362,3/11/2017,"Sabado",0,22:00:00,,"0.0",2,"Automóvil,Automóvil","Av. Uriburu Y Pte.Roca",3,1,0,0,2,0,0,,"Calle",,"ROSARIO","Rosario","Asfalto","No existe","II","Dentro","Urbana","Semáforo","Funciona","Recta","Bueno","Buena","Nocturna","Buen Tiempo","Lateral","S/D","Colisión","S/D","Vertical","Ninguna","Sin restricción"
2017,1363,3/12/2017,"Domingo",0,23:25:00,,"0.0",2,"Automóvil,Moto/Ciclomotor","A F Temporelli Y San Lorenzo",3,1,1,0,1,0,0,,"Calle",,"VILLA GOBERNADOR GÁLVEZ","Rosario","Asfalto","No existe","II","Dentro","Urbana","Ninguna","No existe","Intersección","Deteriorada","Buena","Nocturna","Buen Tiempo","Lateral","S/D","Colisión","Material Suelto","Faltante","Ninguna","Sin restricción"
2017,1364,3/20/2017,"Lunes",0,18:10:00,,"0.0",2,"Bicicleta,Automóvil","Calle 30 Y Calle 23",2,1,0,0,1,0,0,,"Calle",,"LAS PAREJAS","Belgrano","Ripio","No existe","III","Dentro","Urbana","Ninguna","No existe","Recta","Bueno","Buena","Diurna","Buen Tiempo","S/D","Ciclista","Atropello","Ninguna","Faltante","Ninguna","Sin restricción"
2017,1365,3/17/2017,"Viernes",0,19:00:00,,"0.0",2,"Pickup/Utilitario,Moto/Ciclomotor","25 de Mayo Y Juan Jose Paso",2,0,1,0,1,0,0,,"S/D",,"HUMBOLDT","Las Colonias","Asfalto","Pavimento","XI","S/D","S/D","Ninguna","No existe","Intersección","Bueno","S/D","Diurna","Buen Tiempo","Lateral","S/D","Colisión","Ninguna","Faltante","Ninguna","Sin restricción"
2017,1366,3/30/2017,"Jueves",0,20:00:00,,"0.0",2,"Cuatriciclo,Automóvil","25 de Mayo Y Urquiza",2,1,0,0,1,0,0,,"Calle",,"HUMBOLDT","Las Colonias","Hormigón","No existe","X","Dentro","Urbana","Ninguna","No existe","Intersección","Bueno","Buena","Con luz artificial","Buen Tiempo","S/D","Ciclista","Atropello","Ninguna","Faltante","Ninguna","Accidente Previo"
2017,1367,3/25/2017,"Sabado",0,19:34:00,,"0.0",1,"Automóvil"," ",1,1,0,0,0,0,0,,"Camino Rural",,"EMPALME SAN CARLOS","Las Colonias","Ripio","No existe","XI","S/D","Rural","Ninguna","No existe","Curva","Con baches","Buena","Atardecer","Buen Tiempo","S/D","S/D","Vuelco","Ninguna","Faltante","Ninguna","Sin restricción"
2017,1368,3/24/2017,"Viernes",0,8:15:00,"Ruta Provincial 4","0.0",1,"Automóvil"," ",2,2,0,0,0,0,0,,"Ruta",4,"CULULÚ","Las Colonias","Asfalto","Natural","XI","S/D","Rural","S/D","S/D","Recta","Otro","Buena","Diurna","Buen Tiempo","S/D","S/D","Vuelco","Ninguna","Horizontal","S/D","Reparación de Vía"
2017,1369,3/18/2017,"Sabado",0,17:30:00,,"0.0",2,"Automóvil,Moto/Ciclomotor","Gutenberg Y 3 De Febrero",5,2,0,0,3,0,0,,"Calle",,"ROSARIO","Rosario","Asfalto","S/D","II","Dentro","Urbana","S/D","S/D","Intersección","S/D","S/D","Diurna","S/D","S/D","S/D","Colisión","S/D","S/D","S/D","S/D"
2017,1370,3/17/2017,"Viernes",0,21:45:00,,"0.0",2,"Moto/Ciclomotor,Automóvil","Montevideo Y Bv. Avellaneda",2,1,0,0,1,0,0,,"Avenida",,"ROSARIO","Rosario","Asfalto","S/D","II","Dentro","Urbana","S/D","S/D","Intersección","S/D","S/D","Nocturna","S/D","S/D","S/D","Colisión","S/D","S/D","Cordón divisorio","S/D"
2017,1371,3/1/2017,"Miercoles",0,15:20:00,,"0.0",2,"Taxi/Remis,Pickup/Utilitario","E.Zeballos Y Vera Mujica",4,2,0,0,2,0,0,,"S/D",,"ROSARIO","Rosario","Asfalto","S/D","II","Dentro","Urbana","S/D","S/D","Intersección","S/D","S/D","Diurna","S/D","S/D","S/D","Colisión","S/D","S/D","Cordón divisorio","S/D"
2017,1372,3/1/2017,"Miercoles",0,13:40:00,,"0.0",2,"Automóvil,Automóvil","Av. Wheelwright Y Av. Corrientes",3,1,0,0,2,0,0,,"Avenida",,"ROSARIO","Rosario","Hormigón","Pavimento","II","Dentro","Urbana","Semáforo","Funciona","Intersección","Bueno","Buena","Diurna","Buen Tiempo","Frontal","S/D","Colisión","Ninguna","Vertical","Ninguna","Sin restricción"
2017,1373,3/19/2017,"Domingo",0,6:30:00,,"0.0",2,"Automóvil,Automóvil","Entre Rios Y Tucuman",3,1,0,0,2,0,0,,"Calle",,"ROSARIO","Rosario","Hormigón","Pavimento","II","Dentro","Rural","Semáforo","Funciona","Intersección","Bueno","Buena","Diurna","Buen Tiempo","De alcance","S/D","Colisión","Ninguna","Vertical","Ninguna","Sin restricción"
2017,1374,3/22/2017,"Miercoles",0,13:50:00,,"0.0",1,"Moto/Ciclomotor","America 2600",1,1,0,0,0,0,0,,"Calle",,"ESPERANZA","Las Colonias","Asfalto","S/D","XI","Dentro","Urbana","S/D","No existe","Recta","Bueno","Buena","Diurna","Lluvia","Atropello animal","S/D","Colisión","Agua","Horizontal","Ninguna","Sin restricción"
2017,1375,3/5/2017,"Domingo",0,12:20:00,,"0.0",2,"Automóvil,Moto/Ciclomotor","Chubut Y Simon Bolivar",6,3,0,0,3,0,0,,"Calle",,"VILLA CONSTITUCIÓN","Constitución","Asfalto","No existe","VI","Dentro","Urbana","Ninguna","No existe","Intersección","Bueno","Buena","Diurna","Buen Tiempo","Frontal","S/D","Colisión","S/D","S/D","Barrera de hormigón","Sin restricción"
2017,1376,3/30/2017,"Jueves",0,13:00:00,,"0.0",2,"Automóvil,Moto/Ciclomotor","Islas Malvinas Y Peru",2,1,0,0,1,0,0,,"Calle",,"ESPERANZA","Las Colonias","Asfalto","No existe","XI","Dentro","Urbana","Ninguna","No existe","Intersección","Otro","Buena","Diurna","Buen Tiempo","Lateral","S/D","Colisión","S/D","Vertical","Ninguna","Sin restricción"
2017,1377,3/25/2017,"Sabado",0,16:15:00,"Autopista Provincial Brigadier E.López","55.0",3,"Camión c / Acoplado,Pickup/Utilitario,Pickup/Utilitario"," ",4,2,0,0,2,0,0,,"Autopista","Brigadier E.López","MACIEL","San Jerónimo","Asfalto","Natural","XV","Dentro","S/D","Ninguna","No existe","Recta","Bueno","Buena","Diurna","S/D","Múltiple","S/D","Colisión","Ninguna","Horizontal","Línea divisoria pintada","Sin restricción"
2017,1378,3/26/2017,"Domingo",0,0:05:00,"Ruta Nacional 11","0.0",2,"Automóvil,Moto/Ciclomotor"," ",3,1,1,0,1,0,0,,"Ruta",11,"CORONDA","San Jerónimo","Asfalto","No existe","XV","Dentro","Urbana","Ninguna","No existe","Intersección","Bueno","Buena","Con luz artificial","Buen Tiempo","Lateral","S/D","Colisión","Ninguna","S/D","Ninguna","Sin restricción"
2017,1379,3/14/2017,"Martes",0,16:00:00,"Ruta Provincial 70","55.0",2,"Camión c / Semirremolque,Automóvil"," ",2,1,0,0,1,0,0,,"Ruta",70,"NUEVO TORINO","Las Colonias","Asfalto","Natural","XI","Dentro","Rural","Ninguna","No existe","Recta","Bueno","Buena","Diurna","Buen Tiempo","Lateral","S/D","Colisión","Ninguna","S/D","Ninguna","Sin restricción"
2017,1380,3/12/2017,"Domingo",0,6:00:00,"Ruta Nacional 11","754.5",2,"Automóvil,Moto/Ciclomotor"," ",3,2,0,0,1,0,0,,"Ruta",11,"MALABRIGO","General Obligado","Asfalto","Natural","IX","Fuera","S/D","Ninguna","No existe","Recta","Bueno","Buena","Amanecer","Buen Tiempo","Otro","S/D","Colisión","Ninguna","S/D","Ninguna","Sin restricción"
2017,1382,3/22/2017,"Miercoles",0,0:00:00,"Ruta Provincial 4","33.0",3,"Automóvil,Pickup/Utilitario,Pickup/Utilitario"," ",5,2,1,0,2,0,0,,"Ruta",4,"CULULÚ","Las Colonias","Asfalto","Natural","XI","Dentro","Rural","Ninguna","No existe","Recta","Bueno","Buena","Nocturna","Buen Tiempo","Múltiple","S/D","Colisión","Otro","Faltante","Línea divisoria pintada","Sin restricción"
2017,1383,3/21/2017,"Martes",0,16:00:00,,"0.0",2,"Automóvil,Automóvil","San Luis Y Suipacha",3,2,0,0,1,0,0,,"Calle",,"ROSARIO","Rosario","Asfalto","S/D","II","Dentro","Urbana","S/D","S/D","Intersección","S/D","Buena","Diurna","Buen Tiempo","Lateral","S/D","Colisión","S/D","S/D","Cordón divisorio","S/D"
2017,1384,3/19/2017,"Domingo",0,,,"0.0",2,"Automóvil,Moto/Ciclomotor","Mendoza Y Rio De Janeiro",3,2,0,0,1,0,0,,"Calle",,"ROSARIO","Rosario","Asfalto","S/D","II","Dentro","Urbana","S/D","S/D","Intersección","S/D","S/D","S/D","S/D","Lateral","S/D","Colisión","S/D","S/D","S/D","S/D"
2017,1385,3/31/2017,"Viernes",0,14:35:00,,"0.0",1,"Taxi/Remis","Entre Rios Y 3 De Febrero",3,2,0,0,1,0,0,,"Calle",,"ROSARIO","Rosario","Asfalto","Pavimento","II","Dentro","Urbana","S/D","S/D","Recta","Bueno","Buena","Diurna","Buen Tiempo","Contra objeto fijo","S/D","Colisión","Ninguna","Horizontal","Cordón divisorio","S/D"
2017,1386,1/1/2017,"Domingo",0,16:20:00,,"0.0",2,"Moto/Ciclomotor,Automóvil","MORENO Y LISANDRO DE LA TORRE",4,1,0,0,2,1,0,"-29.464311, -60.214035","Calle",,"VERA","Vera","Asfalto","No existe","XIX","Dentro","Urbana","Ninguna","No existe","Intersección","Bueno","Buena","Diurna","Buen Tiempo","Lateral","S/D","Colisión","Ninguna","S/D","Ninguna","Sin restricción"
2017,1387,1/4/2017,"Miercoles",0,10:00:00,"Ruta Provincial 39","0.0",1,"Pickup/Utilitario","RP 39 2 KM AL OESTE DE RN 34 ",1,0,0,0,0,1,0,"-30.229055, -61.748915","Ruta",39,"ARRUFÓ","San Cristóbal","Asfalto","Natural","XIII","Fuera","Urbana","Ninguna","No existe","Recta","Resbaladiza,Ahuellamiento","Reducida","Diurna","Lluvia","S/D","S/D","Vuelco","Agua","Faltante","Línea divisoria pintada","Sin restricción"
2017,1388,1/4/2017,"Miercoles",0,14:50:00,"Ruta Provincial 70","55.0",2,"Pickup/Utilitario,Camión c / Acoplado"," ",2,1,0,0,0,1,0,"-31.33802, -61.27684","Ruta",70,"NUEVO TORINO","Las Colonias","Asfalto","Natural","XI","Dentro","Rural","Ninguna","No existe","Recta","Bueno","Buena","Diurna","Buen Tiempo","Frontal","S/D","Colisión,Vuelco","Ninguna","Horizontal,Vertical","Línea divisoria pintada","Sin restricción"
2017,1389,1/9/2017,"Lunes",0,9:40:00,"Ruta Nacional 11","0.0",2,"Moto/Ciclomotor,Camión c / Acoplado","Av Blas Parera Y Gorostiaga",2,0,0,0,1,1,0,"-31.607003, -60.719900","Ruta",11,"SANTA FE","La Capital","Asfalto,Tierra,Ripio,Arena","Pavimento","I","Dentro","Urbana","Ninguna","No funciona","Rotonda","Resbaladiza,Deteriorada","Reducida","Diurna","Lluvia","De alcance","S/D","Colisión","Material Suelto","Horizontal,Vertical","Ninguna","Sin restricción"
2017,1390,1/15/2017,"Domingo",0,5:30:00,"Ruta Nacional 11","747.0",2,"Automóvil,Pickup/Utilitario"," ",7,1,1,0,1,3,1,"-29.36938, -59.99509","Ruta",11,"MALABRIGO","General Obligado","Asfalto","Natural","IX","Dentro","S/D","Ninguna","No existe","Recta","Bueno","Buena","Amanecer","Buen Tiempo","De alcance","S/D","Colisión","Ninguna","S/D","Ninguna","Sin restricción"
2017,1391,1/3/2017,"Martes",0,20:20:00,"Ruta Nacional 11","0.0",2,"Automóvil,Moto/Ciclomotor","Gral Lopez Y Av San Martin",3,2,0,0,0,1,0,"-32.79469, -60.72281","Ruta",11,"FRAY LUIS BELTRÁN","San Lorenzo","Asfalto","Ripio","XVII","Dentro","Urbana","Ninguna","No existe","Intersección","Bueno","Buena","Nocturna","Buen Tiempo","Lateral","S/D","Colisión","Ninguna","S/D","Ninguna","Sin restricción"
2017,1392,1/13/2017,"Viernes",0,21:30:00,,"0.0",2,"Pickup/Utilitario,Moto/Ciclomotor","Av Brasil Y B Geuna",2,0,0,0,1,1,0,"-31.24491, -61.47951","Avenida",,"RAFAELA","Castellanos","Hormigón","No existe","V","Dentro","Urbana","Ninguna","No existe","Intersección","Bueno","Buena","Con luz artificial","Buen Tiempo","Lateral","S/D","Colisión","Ninguna","Horizontal","Ninguna","Sin restricción"
2017,1393,1/29/2017,"Domingo",0,21:35:00,,"0.0",1,"Moto/Ciclomotor","Avenida Mitre 150",1,0,0,0,0,1,0,"-29.88939, -61.94881","Avenida",,"CERES","San Cristóbal","Asfalto","No existe","XIII","Dentro","Urbana","Ninguna","No existe","Recta","Bueno","Buena","Nocturna","Buen Tiempo","S/D","S/D","Caída ocupante","Ninguna","Faltante","Vegetación","Sin restricción"
2017,1394,1/15/2017,"Domingo",0,12:45:00,"Ruta Nacional 34","261.0",2,"Moto/Ciclomotor,Camión c / Acoplado"," ",2,0,0,0,1,1,0,"-30.84439, -61.58257","Ruta",34,"SUNCHALES","Castellanos","Asfalto","Natural","V","Dentro","Rural","Ninguna","No existe","Recta","Bueno","Buena","Diurna","Lluvia","Frontal","S/D","Colisión","Ninguna","Vertical","Ninguna","Sin restricción"
2017,1395,1/20/2017,"Viernes",0,9:40:00,,"0.0",2,"Moto/Ciclomotor,Peatón","Hernandarias Y Hipolito Irigoyen",2,0,0,0,1,1,0,"-31.673524, -60.765096","Calle",,"SANTO TOMÉ","La Capital","Asfalto","No existe","I","Dentro","Urbana","Semáforo","Funciona","Intersección","Bueno","Buena","Diurna","Buen Tiempo","S/D","Peatón","Atropello","Ninguna","Vertical","S/D","Sin restricción"
2017,1396,1/27/2017,"Viernes",0,22:00:00,"Ruta Provincial 2","0.0",2,"Peatón,Camión c / Acoplado","RP 2 ALTURA BAJADA DE CRESPO Y RP 39",3,0,0,0,2,1,0,"-30.25128, -61.20792","Ruta",2,"SAN CRISTÓBAL","San Cristóbal","Asfalto","Natural","XIII","Dentro","Rural","Ninguna","No existe","Curva","Bueno","Buena","Nocturna","Buen Tiempo","S/D","Peatón","Atropello","S/D","Vertical","Ninguna","Sin restricción"
2017,1397,1/29/2017,"Domingo",0,5:30:00,"Ruta Nacional 11","408.0",2,"Peatón,Automóvil"," ",5,0,0,0,4,1,0,"-32.0873, -60.97867","Ruta",11,"SAN FABIÁN","San Jerónimo","S/D","S/D","XV","S/D","S/D","S/D","S/D","Recta","S/D","Reducida","Nocturna","Buen Tiempo","S/D","Peatón","Atropello","S/D","S/D","Línea divisoria pintada","Sin restricción"
2017,1398,1/30/2017,"Lunes",0,9:30:00,,"0.0",2,"Bicicleta,Transporte de Pasajeros Urbano (> 8 asientos)","Santa Fe Y Av. Corrientes",2,0,0,0,1,1,0,"-32.9443, -60.642","Calle",,"ROSARIO","Rosario","Asfalto","Pavimento","II","Dentro","Urbana","Semáforo","Funciona","Intersección","Bueno","Buena","Diurna","Buen Tiempo","Lateral","Ciclista","Colisión,Atropello","Ninguna","Vertical","Ninguna","Sin restricción"
2017,1399,3/1/2017,"Miercoles",1,,,"0.0",2,"Otros,Moto/Ciclomotor"," ",2,0,1,0,0,0,1,,"S/D",,"PROVIDENCIA","Las Colonias","S/D","S/D","XI","Dentro","Urbana","S/D","S/D","S/D","S/D","S/D","S/D","S/D","S/D","S/D","Colisión","S/D","S/D","S/D","S/D"
2017,1400,3/23/2017,"Jueves",0,8:50:00,,"0.0",2,"Bicicleta,Automóvil","Guemes Y Mariano Moreno",2,1,0,0,1,0,0,,"Calle",,"ESPERANZA","Las Colonias","Asfalto","No existe","XI","Dentro","Urbana","Ninguna","S/D","Intersección","Bueno","Buena","Diurna","Buen Tiempo","S/D","Ciclista","Atropello","S/D","Vertical","S/D","Sin restricción"
2017,1401,3/5/2017,"Domingo",0,13:00:00,"Ruta Provincial 14","0.0",2,"Automóvil,Automóvil","Ruta Provincial 14 ",6,3,0,0,3,0,0,,"Ruta",14,"PIÑERO","Rosario","Asfalto","Natural","II","Dentro","Urbana","Señal Pare","No existe","Cruce","Bueno","Buena","Diurna","Buen Tiempo","De alcance","S/D","Colisión","Ninguna","Vertical","Cordón divisorio","Sin restricción"
2017,1402,3/23/2017,"Jueves",0,8:00:00,"Autopista Nacional Gral. Juan Jose Valle","271.0",3,"Pickup/Utilitario,Automóvil,Automóvil"," ",9,2,0,0,7,0,0,,"Autopista","Gral. Juan Jose Valle","GENERAL LAGOS","Rosario","Asfalto","Natural","II","Dentro","Urbana","Marca Vial","Intermitente","Recta","Bueno","Buena","Diurna","Buen Tiempo","Múltiple","S/D","Colisión","S/D","Horizontal,Vertical","Línea divisoria pintada","Sin restricción"
2017,1403,3/3/2017,"Viernes",0,15:00:00,,"0.0",2,"Automóvil,Moto/Ciclomotor"," ",2,1,0,0,1,0,0,,"Calle",,"SANTA FE","La Capital","Asfalto","No existe","I","Dentro","Urbana","Ninguna","No existe","Intersección","Bueno","Buena","Diurna","Buen Tiempo","Lateral","S/D","Colisión","Ninguna","Faltante","Ninguna","Sin restricción"
2017,1404,3/16/2017,"Jueves",0,10:00:00,,"0.0",2,"Moto/Ciclomotor,Pickup/Utilitario","Av Freyre Y La Rioja",3,1,0,0,2,0,0,,"Avenida",,"SANTA FE","La Capital","Asfalto","No existe","I","S/D","Urbana","Ninguna","No existe","Intersección","Bueno","Buena","Diurna","Buen Tiempo","Lateral","S/D","Colisión","Ninguna","Vertical","Ninguna","S/D"
2017,1405,3/23/2017,"Jueves",0,10:35:00,,"0.0",2,"Bicicleta,Automóvil","La Paz Y Av Urquiza",2,1,0,0,1,0,0,,"Calle",,"SANTA FE","La Capital","Asfalto","No existe","I","S/D","Urbana","Ninguna","No existe","Intersección","Bueno","Buena","Diurna","Buen Tiempo","S/D","Ciclista","Atropello","Ninguna","Vertical","Ninguna","Sin restricción"
2017,1406,3/5/2017,"Domingo",0,8:30:00,,"0.0",1,"Automóvil","Av Lopez y Planes Y Luciano Molinas",3,2,0,0,0,0,1,,"Calle",,"SANTA FE","La Capital","Asfalto","S/D","I","Dentro","S/D","Otra Señal","No existe","Intersección","Bueno","Buena","Diurna","Buen Tiempo","Contra objeto fijo","S/D","Colisión","S/D","Faltante","Cordón divisorio,Vegetación","Sin restricción"
2017,1407,3/6/2017,"Lunes",0,14:00:00,,"0.0",2,"Automóvil,Moto/Ciclomotor","Padre Catena Y 3 de Febrero",2,0,0,0,0,0,2,,"Calle",,"SANTA FE","La Capital","Hormigón","No existe","I","Dentro","Urbana","Ninguna","No existe","Intersección","Deteriorada","Buena","Diurna","Buen Tiempo","Lateral","S/D","Colisión","S/D","Faltante","Ninguna","Sin restricción"
2017,1408,3/9/2017,"Jueves",0,10:50:00,,"0.0",2,"Peatón,Moto/Ciclomotor","Av Pte Peron Y Domingo Silva",2,0,0,0,0,0,2,,"Avenida",,"SANTA FE","La Capital","Asfalto","No existe","I","Dentro","Urbana","Ninguna","No existe","Intersección","Con baches","Buena","Diurna","Buen Tiempo","S/D","Peatón","Atropello","S/D","Faltante","Cordón divisorio","Sin restricción"