"anio_acci","nro_acci","fecha","desc_dia","fecha_aprox","hora_aprox","desc_ruta","km","cant_participantes","desc_participante","calle_avenida_km","total","heridos_leves","heridos_graves","heridos_gravisimos","ilesos","fallecidos","sin_datos","posicion_XY","desc_tipo_via","desc_ruta_ori","desc_loc","desc_dpto","desc_tipo_calzada","desc_tipo_banquina","desc_unidad_regional","desc_lugar_calzada","desc_zona","desc_prioridad","desc_estado_semaforo","desc_lugar_via","desc_estado_via","desc_estado_visibilidad","desc_luminosidad","desc_estado_clima","desc_tipo_colision","desc_tipo_atropello","desc_tipo_hecho","desc_pres_calzada","desc_senializacion","desc_separacion_via","desc_restriccion"
2017,1409,3/9/2017,"Jueves",0,11:00:00,,"0.0",2,"Moto/Ciclomotor,Automóvil","Padre Catena Y Gdor Freyre",3,0,0,0,0,0,3,,"Calle",,"SANTA FE","La Capital","Asfalto,Hormigón","No existe","I","Dentro","Urbana","Semáforo","Funciona","Intersección","Bueno","Buena","Diurna","Buen Tiempo","Lateral","S/D","Colisión","S/D","Horizontal,Vertical","Cordón divisorio","Sin restricción"
2017,1410,3/16/2017,"Jueves",0,8:00:00,,"0.0",1,"Camión Chasis"," ",2,0,0,0,0,0,2,,"S/D",,"SANTA FE","La Capital","Asfalto,Hormigón","Pavimento","I","S/D","Urbana","Marca Vial","No existe","Distribuidor","Bueno","Buena","Diurna","Buen Tiempo","S/D","S/D","Vuelco","S/D","Faltante","Guardarrail","Sin restricción"
2017,1411,3/18/2017,"Sabado",0,7:30:00,,"0.0",2,"Moto/Ciclomotor,Automóvil","Av Pte Peron Y Domingo Silva",3,0,0,0,0,0,3,,"Calle",,"SANTA FE","La Capital","Hormigón","No existe","I","Dentro","Urbana","Otra Señal","No existe","Intersección","Deteriorada,Ahuellamiento","Buena","Diurna","Buen Tiempo","Lateral","S/D","Colisión","S/D","Faltante","Cordón divisorio","Sin restricción"
2017,1412,3/24/2017,"Viernes",0,11:10:00,,"0.0",2,"Moto/Ciclomotor,Pickup/Utilitario","Av Freyre Y La Rioja",2,1,0,0,1,0,0,,"Calle",,"SANTA FE","La Capital","Asfalto","No existe","I","Dentro","Urbana","Ninguna","No existe","Intersección","Bueno","Buena","Diurna","Buen Tiempo","Lateral","S/D","Colisión","Ninguna","Vertical","Ninguna","Sin restricción"
2017,1413,3/24/2017,"Viernes",0,4:40:00,,"0.0",2,"Automóvil,Moto/Ciclomotor","Av Lopez y Planes Y Artigas",2,1,0,0,1,0,0,,"Avenida",,"SANTA FE","La Capital","Asfalto","No existe","I","Dentro","Urbana","Otra Señal","No existe","Intersección","Bueno","Reducida","Nocturna","Buen Tiempo","Lateral","S/D","Colisión","S/D","Faltante","Cordón divisorio","Sin restricción"
2017,1414,3/23/2017,"Jueves",0,18:30:00,,"0.0",2,"Automóvil,Moto/Ciclomotor","Av Lopez y Planes Y Iturraspe",2,1,0,0,1,0,0,,"Avenida",,"SANTA FE","La Capital","Asfalto","No existe","I","Dentro","Urbana","Semáforo","Funciona","Intersección","Bueno","S/D","Atardecer","Buen Tiempo","Lateral","S/D","Colisión","S/D","Horizontal,Vertical","Cordón divisorio","Sin restricción"
2017,1415,3/9/2017,"Jueves",0,13:40:00,,"0.0",2,"Taxi/Remis,Moto/Ciclomotor","Av Freyre Y La Rioja",2,1,0,0,1,0,0,,"Avenida",,"SANTA FE","La Capital","Asfalto","No existe","I","Dentro","Urbana","Ninguna","No existe","Intersección","Bueno","Buena","Diurna","Buen Tiempo","S/D","S/D","Colisión","Ninguna","Vertical","Ninguna","Sin restricción"
2017,1416,3/14/2017,"Martes",0,12:20:00,,"0.0",2,"Automóvil,Moto/Ciclomotor","Av Freyre Y Gdor Crespo",2,1,0,0,1,0,0,,"Avenida",,"SANTA FE","La Capital","Asfalto","No existe","I","S/D","Urbana","Ninguna","No existe","Intersección","Bueno","Buena","Diurna","Buen Tiempo","Lateral","S/D","Colisión","Ninguna","Vertical","Ninguna","Sin restricción"
2017,1417,3/9/2017,"Jueves",0,2:10:00,,"0.0",2,"Moto/Ciclomotor,Pickup/Utilitario","Mendoza 3700",2,1,0,0,1,0,0,,"Calle",,"SANTA FE","La Capital","Asfalto","No existe","I","Dentro","Urbana","Ninguna","No existe","Intersección","Bueno","Buena","Nocturna","Buen Tiempo","Lateral","S/D","Colisión","Ninguna","Vertical","Ninguna","Sin restricción"
2017,1418,3/6/2017,"Lunes",0,12:10:00,,"0.0",2,"Moto/Ciclomotor,Automóvil","Tucuman Y La Rioja",2,1,0,0,1,0,0,,"Calle",,"SANTA FE","La Capital","Asfalto","No existe","I","S/D","Urbana","Ninguna","No existe","Intersección","Bueno","Buena","Diurna","Otro","Lateral","S/D","Colisión","Ninguna","Vertical","Ninguna","Sin restricción"
2017,1419,3/1/2017,"Miercoles",0,19:30:00,,"0.0",2,"Moto/Ciclomotor,Moto/Ciclomotor","Av Lopez y Planes Y Candido Pujato",2,1,0,0,1,0,0,,"Avenida",,"SANTA FE","La Capital","Asfalto","No existe","I","Dentro","Urbana","Ninguna","No existe","Intersección","Bueno","Buena","Atardecer","Buen Tiempo","Lateral","S/D","Colisión","Ninguna","Vertical","Ninguna","Sin restricción"
2017,1420,3/1/2017,"Miercoles",0,11:30:00,,"0.0",2,"Automóvil,Moto/Ciclomotor","Salta Y Av Santa Fe",2,1,0,0,1,0,0,,"Calle",,"SANTA FE","La Capital","Asfalto","No existe","I","Dentro","Urbana","Ninguna","No existe","Intersección","Bueno","Buena","Diurna","Buen Tiempo","Lateral","S/D","Colisión","Ninguna","Vertical","Ninguna","Sin restricción"
2017,1421,3/3/2017,"Viernes",0,7:50:00,,"0.0",2,"Moto/Ciclomotor,Automóvil","Av Galicia 2200",2,1,0,0,1,0,0,,"Avenida",,"SANTA FE","La Capital","Asfalto","No existe","I","Dentro","Urbana","S/D","No existe","Intersección","Bueno","Buena","Diurna","Buen Tiempo","Lateral","S/D","Colisión","Ninguna","Vertical","Ninguna","Sin restricción"
2017,1422,3/7/2017,"Martes",0,21:50:00,"Ruta Nacional 11","594.0",1,"Moto/Ciclomotor"," ",1,0,1,0,0,0,0,,"Ruta",11,"MARCELINO ESCALADA","San Justo","Asfalto","Ripio","XVI","Dentro","Urbana","Ninguna","S/D","Curva","Bueno","Buena","Nocturna","Buen Tiempo","S/D","S/D","Caída ocupante","Ninguna","Horizontal","Ninguna","Sin restricción"
2017,1423,1/5/2017,"Jueves",0,22:05:00,"Autopista Nacional A008","0.0",2,"Moto/Ciclomotor,Pickup/Utilitario","Av. Circunvalacion Y Av. Pellegrini",2,0,0,0,1,1,0,"-32.94879, -60.72182","Autopista","A008","ROSARIO","Rosario","Asfalto","S/D","II","Dentro","Urbana","S/D","S/D","Curva","S/D","S/D","Nocturna,Con luz artificial","S/D","S/D","S/D","Colisión","S/D","S/D","S/D","S/D"
2017,1424,1/1/2017,"Domingo",0,20:00:00,,"0.0",2,"Moto/Ciclomotor,Automóvil","Av. Uriburu Y Pte.Roca",2,0,0,0,1,1,0,"-32.99099, -60.65744","Avenida",,"ROSARIO","Rosario","Asfalto","S/D","II","Dentro","Urbana","S/D","S/D","Recta","S/D","S/D","Nocturna","S/D","Lateral","S/D","Colisión","S/D","S/D","S/D","S/D"
2017,1425,3/27/2017,"Lunes",0,14:00:00,,"0.0",2,"Moto/Ciclomotor,Peatón","Santa Fe Y Mariano Moreno",2,1,0,0,1,0,0,,"Calle",,"ROSARIO","Rosario","Asfalto","Pavimento","II","Dentro","Urbana","Semáforo","Funciona","Intersección","Bueno","Buena","Diurna","Buen Tiempo","S/D","S/D","Atropello","Ninguna","Horizontal","Cordón divisorio","Sin restricción"
2017,1426,3/4/2017,"Sabado",0,13:30:00,"Autopista Nacional A008","0.0",2,"Moto/Ciclomotor,Automóvil","Av. Ovidio Lagos Y Av. Circunvalacion",3,1,1,0,1,0,0,,"Autopista","A008","ROSARIO","Rosario","Asfalto","No existe","II","Dentro","Urbana","Semáforo","Funciona","Recta","Bueno","Buena","Diurna","Buen Tiempo","Contra objeto fijo","S/D","Colisión","Ninguna","Horizontal","Cordón divisorio","Sin restricción"
2017,1427,3/13/2017,"Lunes",0,15:10:00,,"0.0",2,"Peatón,Automóvil","Bv. Oroño Y Madre Cabrini",2,0,1,0,1,0,0,,"Avenida",,"ROSARIO","Rosario","Asfalto","No existe","II","Dentro","Urbana","Ninguna","Funciona","Intersección","Bueno","Buena","Diurna","Buen Tiempo","S/D","Peatón","Atropello","Ninguna","Vertical","Cordón divisorio","Sin restricción"
2017,1428,3/11/2017,"Sabado",0,22:45:00,"Ruta Provincial 21","0.0",2,"Automóvil,Automóvil"," ",4,4,0,0,0,0,0,,"Ruta",21,"ROSARIO","Rosario","Asfalto","S/D","II","Dentro","Urbana","S/D","S/D","Intersección","S/D","Buena","Nocturna","Buen Tiempo","Lateral","S/D","Colisión","S/D","S/D","S/D","S/D"
2017,1429,3/15/2017,"Miercoles",0,,,"0.0",2,"Transporte de Pasajeros Urbano (> 8 asientos),Automóvil","Goyena Y Valentin Gomez",3,2,0,0,1,0,0,,"Calle",,"ROSARIO","Rosario","Asfalto","S/D","II","Dentro","Urbana","Ninguna","S/D","Recta","Bueno","Buena","Diurna","Buen Tiempo","Lateral","S/D","Colisión","S/D","S/D","Ninguna","S/D"
2017,1430,3/26/2017,"Domingo",0,7:45:00,,"0.0",2,"Automóvil,Automóvil","Ing.Thedy Bis ",7,7,0,0,0,0,0,,"Calle",,"ROSARIO","Rosario","Asfalto","S/D","II","Dentro","Urbana","S/D","S/D","S/D","S/D","S/D","Diurna","S/D","S/D","S/D","Colisión","S/D","S/D","S/D","S/D"
2017,1431,3/2/2017,"Jueves",0,21:20:00,,"0.0",2,"Automóvil,Moto/Ciclomotor","San Juan 800",3,2,0,0,1,0,0,,"Calle",,"VILLA GOBERNADOR GÁLVEZ","Rosario","Tierra","No existe","II","Dentro","Urbana","Ninguna","No existe","Recta","Bueno","Buena","Nocturna,Con luz artificial","Buen Tiempo","Lateral","S/D","Colisión","Ninguna","Faltante","Ninguna","Sin restricción"
2017,1432,3/17/2017,"Viernes",0,18:50:00,,"0.0",2,"Moto/Ciclomotor,Automóvil","Av. Pellegrini 2100",2,1,0,0,1,0,0,,"Avenida",,"ROSARIO","Rosario","Asfalto","S/D","II","Dentro","Urbana","Semáforo","Funciona","Rotonda","Bueno","Buena","Atardecer,Con luz artificial","Buen Tiempo","Lateral","S/D","Colisión","Ninguna","Vertical","Línea divisoria pintada","Sin restricción"
2017,1433,3/21/2017,"Martes",0,11:45:00,,"0.0",2,"Otros,Taxi/Remis","Av. Belgrano Y Rioja",3,1,0,0,0,0,2,,"Calle",,"ROSARIO","Rosario","Asfalto","No existe","II","Dentro","Urbana","Semáforo","Funciona","Intersección","Bueno","Buena","Diurna","Lluvia","De alcance","S/D","Colisión","Agua","Vertical","Vegetación","Sin restricción"
2017,1434,3/19/2017,"Domingo",0,19:50:00,,"0.0",2,"Moto/Ciclomotor,Automóvil","España Y Av. Ntra.Sra.del Rosario",3,2,0,0,1,0,0,,"Avenida",,"ROSARIO","Rosario","Asfalto","No existe","II","Dentro","Urbana","Ninguna","No existe","Intersección","Con baches","Buena","Atardecer","Buen Tiempo","Lateral","S/D","Colisión","Ninguna","Faltante","Ninguna","S/D"
2017,1435,3/14/2017,"Martes",0,10:00:00,,"0.0",2,"Tren,Bicicleta","Buenos Aires Y 3 De Febrero",2,1,0,0,0,0,1,,"Calle",,"ROSARIO","Rosario","Asfalto","No existe","II","Dentro","Urbana","Ninguna","No existe","Intersección","Bueno","Buena","Diurna","Buen Tiempo","S/D","Ciclista","Atropello","S/D","Faltante","Ninguna","Sin restricción"
2017,1436,3/11/2017,"Sabado",0,11:30:00,,"0.0",2,"Automóvil,Automóvil","Ayacucho Y Cochabamba",2,1,0,0,1,0,0,,"Calle",,"ROSARIO","Rosario","Asfalto","No existe","II","Dentro","Urbana","Ninguna","No existe","Intersección","Bueno","Buena","Diurna","Buen Tiempo","Lateral","S/D","Colisión","S/D","Faltante","Ninguna","Sin restricción"
2017,1437,3/13/2017,"Lunes",0,17:00:00,,"0.0",2,"Moto/Ciclomotor,Moto/Ciclomotor"," ",4,4,0,0,0,0,0,,"Camino Rural",,"MOISÉS VILLE","San Cristóbal","Tierra","No existe","XIII","Dentro","Rural","Ninguna","No existe","Intersección","Deteriorada","Buena","Diurna","Buen Tiempo","Lateral","S/D","Colisión","S/D","Faltante","Ninguna","Sin restricción"
2017,1438,3/4/2017,"Sabado",0,13:25:00,,"0.0",2,"Automóvil,Peatón","Santa Fe Y Paraguay",4,0,1,0,3,0,0,,"Calle",,"ROSARIO","Rosario","Asfalto","Pavimento","II","Dentro","Urbana","Semáforo","Funciona","Intersección","Bueno","Buena","Diurna","Buen Tiempo","S/D","Peatón","Atropello","Ninguna","Vertical","Cordón divisorio","Sin restricción"
2017,1439,3/16/2017,"Jueves",0,8:00:00,"Ruta Nacional 11","0.0",3,"Automóvil,Moto/Ciclomotor,Moto/Ciclomotor","Av San Lorenzo Y Salta",3,1,0,0,2,0,0,,"Ruta",11,"CAPITÁN BERMÚDEZ","San Lorenzo","Asfalto","Ripio","XVII","Dentro","Urbana","S/D","Funciona","Recta","Bueno","Buena","Diurna","Buen Tiempo","Múltiple","S/D","Colisión","S/D","Vertical","S/D","Sin restricción"
2017,1440,3/29/2017,"Miercoles",0,18:00:00,,"0.0",2,"Automóvil,Moto/Ciclomotor","Gral Las Heras Y Reinares",3,2,0,0,1,0,0,,"Calle",,"LLAMBI CAMPBELL","La Capital","Asfalto","No existe","I","Dentro","Urbana","Ninguna","No existe","Intersección","Bueno","Buena","Diurna","Buen Tiempo","Lateral","S/D","Colisión","Ninguna","Faltante","Cordón divisorio","Sin restricción"
2017,1441,3/6/2017,"Lunes",0,18:00:00,,"0.0",2,"Automóvil,Pickup/Utilitario","Gral Urquiza Y Gral Mitre",2,2,0,0,0,0,0,,"Calle",,"LLAMBI CAMPBELL","La Capital","Asfalto","No existe","I","S/D","Urbana","Ninguna","No existe","Intersección","Bueno","Buena","Diurna","Buen Tiempo","Frontal","S/D","Colisión","Ninguna","Faltante","Ninguna","Sin restricción"
2017,1442,3/12/2017,"Domingo",0,22:15:00,"Ruta Nacional 11","492.0",2,"Automóvil,Automóvil"," ",7,3,0,0,4,0,0,,"Ruta",11,"CANDIOTI","La Capital","Asfalto","Natural","I","S/D","Urbana","Ninguna","No existe","Recta","Bueno","Buena","Nocturna","Buen Tiempo","S/D","S/D","Colisión","Ninguna","Vertical","Ninguna","Sin restricción"
2017,1443,3/18/2017,"Sabado",0,1:40:00,"Ruta Nacional 11","445.0",2,"Automóvil,Moto/Ciclomotor"," ",5,2,0,0,3,0,0,,"Ruta",11,"SAUCE VIEJO","La Capital","Asfalto","Ripio","I","Dentro","Urbana","Ninguna","No existe","Recta","Bueno","Reducida","Nocturna","Buen Tiempo","Lateral","S/D","Colisión","Ninguna","Vertical","Ninguna","Sin restricción"
2017,1444,3/19/2017,"Domingo",0,23:50:00,"Ruta Provincial 2","14.0",2,"Automóvil,Moto/Ciclomotor"," ",4,2,1,0,1,0,0,,"Ruta",2,"MONTE VERA","La Capital","Asfalto","Natural","I","Dentro","Urbana","Ninguna","No existe","Recta","Bueno","Buena","Nocturna,Con luz artificial","Buen Tiempo","Lateral","S/D","Colisión","Ninguna","S/D","Ninguna","Sin restricción"
2017,1445,3/19/2017,"Domingo",0,21:00:00,"Ruta Provincial 2","0.0",2,"Automóvil,Moto/Ciclomotor"," ",7,1,0,0,6,0,0,,"Ruta",2,"MONTE VERA","La Capital","Hormigón","Natural","I","Dentro","Rural","Ninguna","No existe","Cruce","Bueno","Buena","Nocturna,Con luz artificial","Buen Tiempo","De alcance","S/D","Colisión","Ninguna","S/D","Ninguna","Sin restricción"
2017,1446,3/28/2017,"Martes",0,16:30:00,"Ruta Provincial 2","0.0",2,"Automóvil,Automóvil"," ",4,3,0,0,1,0,0,,"Ruta",2,"ANGEL GALLARDO","La Capital","Hormigón","Natural","I","Dentro","Rural","Ninguna","No existe","Cruce","Bueno","Buena","Diurna","Buen Tiempo","De alcance","S/D","Colisión","Ninguna","S/D","S/D","Sin restricción"
2017,1447,3/24/2017,"Viernes",0,17:40:00,,"0.0",1,"Moto/Ciclomotor","Presidente Bernardino Rivadavi 4600",1,1,0,0,0,0,0,,"Calle",,"SANTO TOMÉ","La Capital","Tierra","Natural","I","Dentro","Urbana","Ninguna","No existe","Recta","Deteriorada","Buena","Diurna","Buen Tiempo","S/D","S/D","Caída ocupante","Ninguna","Faltante","Ninguna","Sin restricción"
2017,1448,3/24/2017,"Viernes",0,10:30:00,,"0.0",2,"Moto/Ciclomotor,Bicicleta","Roverano Y Centenario",2,2,0,0,0,0,0,,"Calle",,"SANTO TOMÉ","La Capital","Ripio","Natural","I","Dentro","Urbana","Ninguna","No existe","Recta","Deteriorada","Buena","Diurna","Buen Tiempo","S/D","Ciclista","Atropello","Otro","Faltante","Ninguna","Sin restricción"
2017,1449,3/20/2017,"Lunes",0,7:35:00,,"0.0",2,"Peatón,Moto/Ciclomotor","Roverano 2600",2,1,0,0,1,0,0,,"S/D",,"SANTO TOMÉ","La Capital","Ripio","No existe","I","Dentro","Urbana","Ninguna","No existe","Recta","Con baches","Reducida","Amanecer","Niebla","S/D","Peatón","Atropello","S/D","S/D","Ninguna","Sin restricción"
2017,1450,3/16/2017,"Jueves",0,18:00:00,"Ruta Provincial 1","5.0",2,"Automóvil,Moto/Ciclomotor"," ",2,1,0,0,1,0,0,,"Ruta",1,"SAN JOSÉ DEL RINCÓN","La Capital","Asfalto","Natural","I","S/D","Urbana","Semáforo","Funciona","Recta","Bueno","Buena","Atardecer","Buen Tiempo","Lateral","S/D","Colisión","Ninguna","S/D","S/D","S/D"
2017,1451,3/13/2017,"Lunes",0,20:25:00,"Ruta Provincial 1","3.0",1,"Moto/Ciclomotor"," ",1,0,0,0,0,0,1,,"Ruta",1,"COLASTINE","La Capital","Asfalto","Ripio","I","Dentro","Urbana","Semáforo","Funciona","Recta","Bueno","Buena","Diurna","Buen Tiempo","S/D","S/D","Despiste","S/D","Horizontal","Ninguna","Sin restricción"
2017,1452,3/17/2017,"Viernes",0,9:00:00,"Ruta Provincial 1","4.5",1,"Automóvil"," ",2,1,0,0,0,0,1,,"Ruta",1,"COLASTINE","La Capital","Asfalto","Ripio","I","S/D","Urbana","Semáforo","Funciona","Recta","Bueno","Buena","Diurna","Buen Tiempo","S/D","S/D","Vuelco","Ninguna","Horizontal","Guardarrail","Sin restricción"
2017,1453,3/31/2017,"Viernes",0,20:40:00,"Ruta Provincial 2","0.0",2,"Automóvil,Moto/Ciclomotor","Av L de la Torre Y Av Cordoba",2,1,0,0,1,0,0,,"Ruta",2,"LAGUNA PAIVA","La Capital","Asfalto","Natural","I","Dentro","Urbana","Ninguna","No existe","Intersección","Bueno","Buena","Atardecer","Buen Tiempo","Lateral","S/D","Colisión","Ninguna","Faltante","Ninguna","Sin restricción"
2017,1454,3/28/2017,"Martes",0,16:15:00,,"0.0",1,"Moto/Ciclomotor","Alte G Brown 2448",1,1,0,0,0,0,0,,"Calle",,"LAGUNA PAIVA","La Capital","Tierra","No existe","I","Dentro","Urbana","Ninguna","No existe","Recta","Deteriorada","Buena","Diurna","Buen Tiempo","Atropello animal","S/D","Colisión","Ninguna","Faltante","Ninguna","Sin restricción"
2017,1455,3/25/2017,"Sabado",0,8:45:00,"Ruta Provincial 2","0.0",2,"Moto/Ciclomotor,Moto/Ciclomotor","Av L de la Torre Y Mendoza",3,3,0,0,0,0,0,,"Ruta",2,"LAGUNA PAIVA","La Capital","Asfalto","Natural","I","S/D","S/D","Ninguna","No existe","Intersección","Bueno","Buena","Diurna","Buen Tiempo","De alcance","S/D","Colisión","Ninguna","Faltante","Ninguna","Sin restricción"
2017,1456,3/15/2017,"Miercoles",1,13:00:00,,"0.0",2,"Pickup/Utilitario,Moto/Ciclomotor","B Mitre Y Salta",2,1,0,0,1,0,0,,"Calle",,"LAGUNA PAIVA","La Capital","Tierra","No existe","I","Dentro","Urbana","Ninguna","No existe","Intersección","Deteriorada","Buena","Diurna","Buen Tiempo","Lateral","S/D","Colisión","Ninguna","Faltante","Ninguna","Sin restricción"
2017,1457,3/9/2017,"Jueves",0,21:00:00,"Ruta Provincial 2","0.0",2,"Automóvil,Moto/Ciclomotor","Av L de la Torre Y Santa Fe",2,1,0,0,1,0,0,,"Ruta",2,"LAGUNA PAIVA","La Capital","Asfalto","Natural","I","Dentro","Urbana","Ninguna","No existe","Recta","Bueno","Buena","Nocturna,Con luz artificial","Buen Tiempo","Lateral","S/D","Colisión","Ninguna","Vertical","Ninguna","Sin restricción"
2017,1458,3/2/2017,"Jueves",0,22:50:00,,"0.0",2,"Moto/Ciclomotor,Moto/Ciclomotor","Obrero Y Guemes",2,2,0,0,0,0,0,,"Calle",,"LAGUNA PAIVA","La Capital","Tierra","No existe","I","Dentro","Urbana","Ninguna","No existe","Intersección","Deteriorada","Buena","Nocturna,Con luz artificial","Buen Tiempo","Lateral","S/D","Colisión","Ninguna","Faltante","Ninguna","Sin restricción"
2017,1459,3/1/2017,"Miercoles",0,23:55:00,,"0.0",2,"Peatón,Moto/Ciclomotor","Mendoza Y N Avellaneda",2,1,0,0,1,0,0,,"Calle",,"LAGUNA PAIVA","La Capital","Hormigón","No existe","I","Dentro","Urbana","Ninguna","No existe","Intersección","Bueno","Buena","Nocturna,Con luz artificial","Buen Tiempo","S/D","Peatón","Atropello","Ninguna","Faltante","Ninguna","Sin restricción"
2017,1460,3/7/2017,"Martes",0,14:30:00,,"0.0",2,"Moto/Ciclomotor,Automóvil","H Irigoyen 3539",2,1,0,0,1,0,0,,"Calle",,"LAGUNA PAIVA","La Capital","Hormigón","No existe","I","Dentro","Urbana","Ninguna","No existe","Recta","Bueno","Buena","Diurna","Buen Tiempo","Lateral","S/D","Colisión","Ninguna","Faltante","Ninguna","Sin restricción"
2017,1461,3/5/2017,"Domingo",0,23:00:00,,"0.0",2,"Moto/Ciclomotor,Automóvil","Buenos Aires 1200",2,1,0,0,1,0,0,,"Calle",,"MONTE VERA","La Capital","Ripio","No existe","I","Dentro","Urbana","Ninguna","No existe","Intersección","Bueno","Buena","Nocturna,Con luz artificial","Buen Tiempo","Lateral","S/D","Colisión","Ninguna","S/D","Ninguna","S/D"
2017,1462,3/30/2017,"Jueves",0,13:00:00,,"0.0",2,"Pickup/Utilitario,Moto/Ciclomotor","Italia Y 25 de Mayo",2,1,0,0,1,0,0,,"Calle",,"MARIA JUANA","Castellanos","Asfalto","Pavimento","V","Dentro","Urbana","Ninguna","No existe","Intersección","Bueno","Buena","Diurna","Buen Tiempo","Lateral","S/D","Colisión","Ninguna","Vertical","Ninguna","Sin restricción"
2017,1463,3/11/2017,"Sabado",0,,,"0.0",1,"Moto/Ciclomotor","Mariano Moreno 1050",2,2,0,0,0,0,0,,"Calle",,"RAFAELA","Castellanos","Asfalto","S/D","V","Dentro","Urbana","Ninguna","No existe","Recta","Bueno","Buena","S/D","Buen Tiempo","Contra objeto fijo","S/D","Colisión","S/D","Faltante","Ninguna","Sin restricción"
2017,1464,3/25/2017,"Sabado",0,14:30:00,,"0.0",2,"Moto/Ciclomotor,Automóvil","Antonio Podio Y J J Paso",3,2,0,0,1,0,0,,"Avenida",,"RAFAELA","Castellanos","Asfalto","No existe","V","Dentro","Urbana","Ninguna","No existe","Intersección","Bueno","Buena","Diurna","Buen Tiempo","De alcance","S/D","Colisión","Ninguna","Faltante","Cordón divisorio","Sin restricción"
2017,1465,3/13/2017,"Lunes",0,8:10:00,,"0.0",2,"Pickup/Utilitario,Bicicleta"," ",2,1,0,0,1,0,0,,"Calle",,"RAFAELA","Castellanos","Ripio","No existe","V","S/D","Urbana","Ninguna","No existe","Intersección","Bueno","Buena","Diurna","Buen Tiempo","S/D","Ciclista","Atropello","Ninguna","Faltante","Ninguna","Sin restricción"
2017,1466,3/12/2017,"Domingo",0,8:00:00,,"0.0",2,"Automóvil,Moto/Ciclomotor","B Geuna Y Gabriel Maggi",2,1,0,0,1,0,0,,"Calle",,"RAFAELA","Castellanos","Asfalto","No existe","V","S/D","Urbana","Ninguna","No existe","Intersección","Bueno","Buena","Diurna","Buen Tiempo","Lateral","S/D","Colisión","Ninguna","Faltante","Ninguna","Sin restricción"
2017,1467,3/10/2017,"Viernes",0,5:45:00,,"0.0",2,"Pickup/Utilitario,Moto/Ciclomotor","Luis Maggi Y 25 de Mayo",3,0,1,0,0,0,2,,"Calle",,"RAFAELA","Castellanos","Asfalto","No existe","V","S/D","Urbana","Ninguna","No existe","Intersección","Bueno","Buena","Amanecer","S/D","Lateral","S/D","Colisión","Ninguna","Faltante","Ninguna","S/D"
2017,1468,3/19/2017,"Domingo",0,18:00:00,,"0.0",2,"Automóvil,Moto/Ciclomotor"," ",3,1,0,0,2,0,0,,"Calle",,"RAFAELA","Castellanos","Asfalto","No existe","V","Dentro","Urbana","Ninguna","No existe","Cruce","Bueno","Buena","Diurna","Buen Tiempo","Lateral","S/D","Colisión","Ninguna","Horizontal","Ninguna","Sin restricción"
2017,1469,3/29/2017,"Miercoles",0,19:45:00,,"0.0",2,"Moto/Ciclomotor,Moto/Ciclomotor","Av Italia Y Carlos Gardel",2,1,0,0,1,0,0,,"Calle",,"RAFAELA","Castellanos","Hormigón","No existe","V","Dentro","Urbana","Ninguna","No existe","Intersección","Bueno","Reducida","Nocturna","Buen Tiempo","Lateral","S/D","Colisión","Ninguna","Faltante","Ninguna","Sin restricción"
2017,1470,3/7/2017,"Martes",0,13:00:00,,"0.0",2,"Moto/Ciclomotor,Pickup/Utilitario","Avellaneda Y R Saenz Peña",2,1,0,0,1,0,0,,"Calle",,"SUNCHALES","Castellanos","Hormigón","S/D","V","Dentro","Urbana","Ninguna","No existe","Intersección","Bueno","Buena","Diurna","Buen Tiempo","Lateral","S/D","Colisión","Ninguna","Vertical","Ninguna","S/D"
2017,1471,3/1/2017,"Miercoles",0,9:15:00,,"0.0",1,"Moto/Ciclomotor","Pascual Brusco 1700",1,0,1,0,0,0,0,,"Calle",,"RAFAELA","Castellanos","Ripio","No existe","V","Dentro","Urbana","Ninguna","No existe","Recta","Bueno","Buena","Diurna,Con luz artificial","Buen Tiempo","Atropello animal","S/D","Colisión","Ninguna","Faltante","Cordón divisorio","Sin restricción"
2017,1472,3/10/2017,"Viernes",0,20:20:00,,"0.0",2,"Automóvil,Moto/Ciclomotor"," ",2,1,0,0,1,0,0,,"Calle",,"SANTA FE","La Capital","Asfalto","No existe","I","S/D","Urbana","Ninguna","No existe","Intersección","Bueno","Buena","Nocturna","Buen Tiempo","S/D","S/D","Colisión","Ninguna","Faltante","Ninguna","Sin restricción"
2017,1473,3/2/2017,"Jueves",0,22:00:00,,"0.0",2,"Moto/Ciclomotor,Bicicleta","Dr Zavalla 8200",2,1,0,0,1,0,0,,"Calle",,"SANTA FE","La Capital","Tierra","Natural","I","Dentro","Urbana","Ninguna","No existe","Intersección","Deteriorada,Ahuellamiento","Reducida","Nocturna,Con luz artificial","Buen Tiempo","S/D","Ciclista","Atropello","Material Suelto","Faltante","S/D","S/D"
2017,1474,3/1/2017,"Miercoles",1,4:00:00,,"0.0",1,"Moto/Ciclomotor","French 3500",1,1,0,0,0,0,0,,"Calle",,"SANTA FE","La Capital","Tierra","Natural","I","Dentro","Urbana","S/D","No existe","Recta","Deteriorada","Reducida","Nocturna,Con luz artificial","Buen Tiempo","Atropello animal","S/D","Colisión","Material Suelto","Faltante","S/D","S/D"