"anio_acci","nro_acci","fecha","desc_dia","fecha_aprox","hora_aprox","desc_ruta","km","cant_participantes","desc_participante","calle_avenida_km","total","heridos_leves","heridos_graves","heridos_gravisimos","ilesos","fallecidos","sin_datos","posicion_XY","desc_tipo_via","desc_ruta_ori","desc_loc","desc_dpto","desc_tipo_calzada","desc_tipo_banquina","desc_unidad_regional","desc_lugar_calzada","desc_zona","desc_prioridad","desc_estado_semaforo","desc_lugar_via","desc_estado_via","desc_estado_visibilidad","desc_luminosidad","desc_estado_clima","desc_tipo_colision","desc_tipo_atropello","desc_tipo_hecho","desc_pres_calzada","desc_senializacion","desc_separacion_via","desc_restriccion"
2017,1475,3/10/2017,"Viernes",0,15:10:00,,"0.0",2,"Automóvil,Moto/Ciclomotor","Av Facundo Zuviria 7300",2,1,0,0,1,0,0,,"Avenida",,"SANTA FE","La Capital","Asfalto","Pavimento","I","Dentro","Urbana","S/D","No existe","Intersección","Bueno","Buena","Diurna","Buen Tiempo","S/D","S/D","Colisión","S/D","Faltante","S/D","S/D"
2017,1476,3/12/2017,"Domingo",0,22:00:00,,"0.0",2,"Pickup/Utilitario,Moto/Ciclomotor","Av A del Valle 8600",2,1,0,0,1,0,0,,"Avenida",,"SANTA FE","La Capital","Asfalto","Pavimento","I","Dentro","Urbana","S/D","No existe","Intersección","Bueno","Buena","Nocturna,Con luz artificial","Buen Tiempo","Lateral","S/D","Colisión","S/D","Faltante","S/D","S/D"
2017,1477,3/12/2017,"Domingo",0,8:00:00,"Ruta Nacional 11","0.0",1,"Pickup/Utilitario","Ruta Nacional 1V11- Juan de Garay  Y San Martin",2,1,0,0,1,0,0,,"Ruta",11,"RECREO","La Capital","Asfalto","No existe","I","S/D","Urbana","Señal Pare","No existe","Curva","Bueno","Buena","Diurna","Buen Tiempo","Contra objeto fijo","S/D","Colisión","Ninguna","Vertical","Ninguna","Sin restricción"
2017,1478,3/3/2017,"Viernes",0,20:00:00,"Ruta Provincial 70","0.0",2,"Moto/Ciclomotor,Automóvil","Chaplin Y Ruta Prov 70",3,2,0,0,1,0,0,,"Ruta",70,"RECREO","La Capital","Asfalto","Natural","I","Dentro","Urbana","Ninguna","No existe","Recta","Bueno","Buena","Atardecer","Buen Tiempo","S/D","S/D","Colisión","Ninguna","S/D","Línea divisoria pintada","Sin restricción"
2017,1479,3/2/2017,"Jueves",0,21:30:00,,"0.0",2,"Bicicleta,Moto/Ciclomotor"," ",2,1,0,0,1,0,0,,"Calle",,"RECREO","La Capital","Tierra","No existe","I","S/D","S/D","Ninguna","S/D","Recta","Con baches","Reducida","Nocturna","Buen Tiempo","S/D","Ciclista","Atropello","Ninguna","Faltante","Ninguna","Sin restricción"
2017,1480,3/13/2017,"Lunes",0,19:30:00,,"0.0",2,"Automóvil,Moto/Ciclomotor","Belgrano Y Lehman",2,1,0,0,1,0,0,,"Calle",,"RECREO","La Capital","Tierra","No existe","I","Dentro","Urbana","Ninguna","No existe","Recta","Con baches","Buena","Atardecer","Buen Tiempo","Lateral","S/D","Colisión","Ninguna","Faltante","Ninguna","Sin restricción"
2017,1481,3/29/2017,"Miercoles",0,8:50:00,"Ruta Nacional 11","0.0",1,"Moto/Ciclomotor","Ruta Nacional 1V11- Juan de Garay Y Las Rosas",2,1,0,0,1,0,0,,"Ruta",11,"RECREO","La Capital","Asfalto","Natural","I","Dentro","Urbana","Ninguna","No existe","Intersección","Bueno","Buena","Diurna","Buen Tiempo","Lateral","S/D","Colisión","Agua","Horizontal","Línea divisoria pintada","Sin restricción"
2017,1482,3/26/2017,"Domingo",0,22:10:00,,"0.0",1,"Moto/Ciclomotor","Juan Bautista Alberdi Y Libertad",2,1,0,0,1,0,0,,"Calle",,"SANTO TOMÉ","La Capital","Asfalto","No existe","I","Dentro","Urbana","Ninguna","No existe","Intersección","Con baches","Buena","Nocturna","Buen Tiempo","S/D","S/D","Caída ocupante","Otro","Horizontal","Ninguna","Sin restricción"
2017,1483,3/1/2017,"Miercoles",0,20:50:00,,"0.0",2,"Automóvil,Moto/Ciclomotor","Mariano Candioti Y Vicente Lopez y Planes",2,1,0,0,1,0,0,,"Calle",,"SANTO TOMÉ","La Capital","Asfalto","No existe","I","Dentro","Urbana","Ninguna","No existe","Intersección","Bueno","Buena","Nocturna","Buen Tiempo","Lateral","S/D","Colisión","Otro","Faltante","Ninguna","Sin restricción"
2017,1484,3/17/2017,"Viernes",0,6:45:00,,"0.0",2,"Bicicleta,Automóvil","Juan Jose Castelli Y Vicente Lopez y Planes",2,1,0,0,0,0,1,,"Calle",,"SANTO TOMÉ","La Capital","Ripio","Natural","I","S/D","Urbana","Ninguna","No existe","Intersección","Bueno","Buena","Amanecer","Buen Tiempo","S/D","Ciclista","Atropello","Ninguna","S/D","Ninguna","Sin restricción"
2017,1485,3/14/2017,"Martes",0,12:00:00,,"0.0",2,"Moto/Ciclomotor,Automóvil"," ",2,1,0,0,1,0,0,,"Calle",,"SANTO TOMÉ","La Capital","Asfalto","Pavimento","I","S/D","Urbana","Semáforo","Funciona","Intersección","Bueno","Buena","Diurna","Buen Tiempo","De alcance","S/D","Colisión","Ninguna","S/D","Ninguna","Sin restricción"
2017,1486,3/1/2017,"Miercoles",0,7:50:00,,"0.0",2,"Automóvil,Peatón","Grl Brig Estanislao Lopez Y General Manuel Belgrano",2,1,0,0,1,0,0,,"Calle",,"SANTO TOMÉ","La Capital","Asfalto","No existe","I","Dentro","Urbana","Ninguna","No existe","Intersección","Bueno","Buena","Diurna","Buen Tiempo","S/D","Peatón","Atropello","Ninguna","Faltante","Ninguna","Sin restricción"
2017,1487,3/11/2017,"Sabado",0,14:30:00,,"0.0",2,"Automóvil,Moto/Ciclomotor"," ",3,2,0,0,1,0,0,,"S/D",,"SANTO TOMÉ","La Capital","Asfalto","No existe","I","S/D","Urbana","Ninguna","No existe","Intersección","Bueno","Buena","Diurna","Buen Tiempo","Lateral","S/D","Colisión","Ninguna","Faltante","Ninguna","Sin restricción"
2017,1488,1/1/2017,"Domingo",0,11:10:00,,"0.0",2,"Automóvil,Moto/Ciclomotor","Presidente Bernardino Rivadavi Y Juan Bautista Sargento Cabral",2,1,0,0,1,0,0,,"Calle",,"SANTO TOMÉ","La Capital","Asfalto","No existe","I","Dentro","Urbana","Ninguna","No existe","Intersección","Bueno","Buena","Diurna","Buen Tiempo","Lateral","S/D","Colisión","Ninguna","Faltante","Ninguna","Sin restricción"
2017,1489,3/17/2017,"Viernes",0,16:35:00,,"0.0",2,"Automóvil,Moto/Ciclomotor"," ",2,1,0,0,1,0,0,,"S/D",,"SAUCE VIEJO","La Capital","Asfalto","Natural","I","Dentro","Urbana","Ninguna","No existe","Intersección","Ahuellamiento","Buena","Diurna","Buen Tiempo","Lateral","S/D","Colisión","Ninguna","Faltante","Ninguna","Sin restricción"
2017,1490,3/14/2017,"Martes",0,8:30:00,,"0.0",2,"Automóvil,Moto/Ciclomotor"," ",2,1,0,0,1,0,0,,"S/D",,"SANTO TOMÉ","La Capital","Asfalto","Natural","I","Dentro","Urbana","Ninguna","No existe","Intersección","Ahuellamiento","Buena","Diurna","Buen Tiempo","Lateral","S/D","Colisión","Ninguna","Faltante","Ninguna","Sin restricción"
2017,1491,3/8/2017,"Miercoles",0,20:15:00,,"0.0",1,"Moto/Ciclomotor","Calle 27 Y Calle 8",2,2,0,0,0,0,0,,"Calle",,"SAUCE VIEJO","La Capital","Ripio","Ripio","I","S/D","Rural","Ninguna","No existe","Intersección","Con baches","Reducida polvo","Nocturna","Buen Tiempo","Atropello animal","S/D","Colisión","Material Suelto","Faltante","Ninguna","Sin restricción"
2017,1492,3/8/2017,"Miercoles",0,14:00:00,,"0.0",2,"Automóvil,Moto/Ciclomotor","Roque Saenz Peña Y Juan Jose Paso",2,1,0,0,1,0,0,,"Calle",,"SANTO TOMÉ","La Capital","Tierra","No existe","I","S/D","Urbana","Ninguna","No existe","Intersección","Con baches","Buena","Diurna","Buen Tiempo","Lateral","S/D","Colisión","Ninguna","Faltante","Ninguna","Sin restricción"
2017,1493,3/10/2017,"Viernes",0,7:50:00,,"0.0",2,"Moto/Ciclomotor,Automóvil"," ",2,1,0,0,1,0,0,,"S/D",,"SANTO TOMÉ","La Capital","Asfalto","No existe","I","S/D","Rural","Ninguna","No existe","Recta","Bueno","Buena","Diurna","Buen Tiempo","Lateral","S/D","Colisión","Ninguna","Faltante","Ninguna","Sin restricción"
2017,1494,3/13/2017,"Lunes",0,10:30:00,,"0.0",2,"Moto/Ciclomotor,Automóvil"," ",2,1,0,0,1,0,0,,"S/D",,"SANTO TOMÉ","La Capital","Tierra","No existe","I","S/D","Rural","Ninguna","No existe","Recta","Bueno","Buena","Diurna","Buen Tiempo","Lateral","S/D","Colisión","Ninguna","Faltante","Ninguna","Sin restricción"
2017,1495,3/22/2017,"Miercoles",0,19:10:00,,"0.0",2,"Moto/Ciclomotor,Pickup/Utilitario","Corrientes Y Necochea",2,0,1,0,1,0,0,,"Calle",,"SANTO TOMÉ","La Capital","Asfalto","No existe","I","Dentro","Urbana","Ninguna","No existe","Recta","Bueno","Buena","Atardecer","Buen Tiempo","Frontal","S/D","Colisión","Ninguna","Faltante","Ninguna","Sin restricción"
2017,1496,3/30/2017,"Jueves",0,14:10:00,,"0.0",2,"Moto/Ciclomotor,Pickup/Utilitario"," ",2,1,0,0,1,0,0,,"Calle",,"SANTO TOMÉ","La Capital","Ripio","No existe","I","S/D","Urbana","Ninguna","No existe","Recta","Bueno","Buena","Diurna","Buen Tiempo","Lateral","S/D","Colisión","Ninguna","Faltante","Ninguna","Sin restricción"
2017,1497,3/24/2017,"Viernes",0,0:15:00,,"0.0",2,"Automóvil,Moto/Ciclomotor","Monseñor Zaspe Y Av Freyre",2,1,0,0,1,0,0,,"Calle",,"SANTA FE","La Capital","S/D","No existe","I","Dentro","Urbana","Ninguna","No existe","Intersección","S/D","Buena","Diurna","Buen Tiempo","S/D","S/D","Colisión","Ninguna","Faltante","Ninguna","Sin restricción"
2017,1498,3/14/2017,"Martes",0,15:10:00,,"0.0",2,"Moto/Ciclomotor,Automóvil","Dr Zavalla Y 3 de Febrero",2,1,0,0,1,0,0,,"Calle",,"SANTA FE","La Capital","Asfalto","No existe","I","Dentro","Urbana","Ninguna","No existe","Intersección","Con baches","Buena","Diurna","Buen Tiempo","Lateral","S/D","Colisión","S/D","Faltante","Ninguna","Sin restricción"
2017,1499,3/11/2017,"Sabado",0,10:45:00,,"0.0",2,"Automóvil,Moto/Ciclomotor","Zavalia Y Amenabar",2,1,0,0,1,0,0,,"Calle",,"SANTA FE","La Capital","Asfalto","No existe","I","Dentro","Urbana","Ninguna","No existe","Intersección","Con baches,Deteriorada","Buena","Diurna","Buen Tiempo","Lateral","S/D","Colisión","S/D","Faltante","Ninguna","Sin restricción"
2017,1500,3/3/2017,"Viernes",0,19:10:00,,"0.0",2,"Moto/Ciclomotor,Automóvil","Juan Diaz de Solis Y Primera Junta",2,1,0,0,1,0,0,,"Calle",,"SANTA FE","La Capital","Asfalto","No existe","I","S/D","Urbana","Ninguna","No existe","Intersección","Bueno","Buena","Atardecer","Buen Tiempo","Lateral","S/D","Colisión","Ninguna","Vertical","Ninguna","Sin restricción"
2017,1501,3/6/2017,"Lunes",0,,,"0.0",1,"Automóvil","Belgrano Y 25 de Mayo",1,1,0,0,0,0,0,,"S/D",,"VERA","Vera","Asfalto","No existe","XIX","S/D","S/D","Ninguna","No existe","Intersección","Bueno","Buena","Diurna","Buen Tiempo","Contra objeto fijo","S/D","Colisión","Ninguna","Faltante","Ninguna","Sin restricción"
2017,1502,3/9/2017,"Jueves",0,9:40:00,,"0.0",2,"Automóvil,Moto/Ciclomotor"," ",2,1,0,0,1,0,0,,"S/D",,"VERA","Vera","Asfalto","Natural","XIX","S/D","S/D","Ninguna","No existe","Recta","Bueno","Buena","Diurna","Buen Tiempo","Frontal","S/D","Colisión","Ninguna","Faltante","Ninguna","Sin restricción"
2017,1503,3/9/2017,"Jueves",0,19:00:00,,"0.0",2,"Moto/Ciclomotor,Moto/Ciclomotor","25 de Mayo Y Estanislao Lopez",2,2,0,0,0,0,0,,"Calle",,"VERA","Vera","Tierra","No existe","XIX","S/D","Urbana","Ninguna","No existe","Intersección","Bueno","Buena","Atardecer","Buen Tiempo","Frontal","S/D","Colisión","Ninguna","Faltante","Ninguna","Sin restricción"
2017,1504,3/19/2017,"Domingo",0,23:50:00,,"0.0",2,"Moto/Ciclomotor,Automóvil","Francia Y Amenabar",2,1,0,0,1,0,0,,"Calle",,"SANTA FE","La Capital","Asfalto","No existe","I","Dentro","Urbana","Ninguna","No existe","Intersección","Con baches,Deteriorada","Buena","Nocturna","Buen Tiempo","Lateral","S/D","Colisión","Ninguna","Faltante","Ninguna","Sin restricción"
2017,1505,3/20/2017,"Lunes",0,0:30:00,,"0.0",2,"Moto/Ciclomotor,Automóvil","Intendente Manuel Irigoyen ",2,1,0,0,1,0,0,,"Calle",,"SANTA FE","La Capital","Asfalto","No existe","I","Dentro","Urbana","Ninguna","No existe","Rotonda","Con baches,Deteriorada","Reducida","Nocturna","Buen Tiempo","De alcance","S/D","Colisión","Ninguna","Faltante","Ninguna","Sin restricción"
2017,1506,3/17/2017,"Viernes",0,17:15:00,,"0.0",2,"Automóvil,Moto/Ciclomotor","Mitre B 1158",2,1,0,0,1,0,0,,"Calle",,"VERA","Vera","Tierra","No existe","XIX","S/D","Urbana","Ninguna","No existe","Recta","Deteriorada","Buena","Diurna","Buen Tiempo","Frontal","S/D","Colisión","Ninguna","Faltante","Ninguna","Sin restricción"
2017,1507,3/18/2017,"Sabado",0,19:45:00,,"0.0",1,"Moto/Ciclomotor","Corrientes Y 9 de Julio",1,1,0,0,0,0,0,,"Calle",,"VERA","Vera","Asfalto","No existe","XIX","S/D","Urbana","Ninguna","No existe","Intersección","Bueno","Buena","Atardecer","Buen Tiempo","Contra objeto fijo","S/D","Colisión","Ninguna","Faltante","Ninguna","Sin restricción"
2017,1508,3/29/2017,"Miercoles",0,15:00:00,,"0.0",2,"Moto/Ciclomotor,Automóvil","Av Gral Lopez Y Av Urquiza",2,1,0,0,1,0,0,,"Calle",,"SANTA FE","La Capital","Asfalto","No existe","I","Dentro","Urbana","Ninguna","Funciona","Recta","Bueno","Buena","Diurna","Buen Tiempo","Lateral","S/D","Colisión","Ninguna","Faltante","Ninguna","Sin restricción"
2017,1509,3/18/2017,"Sabado",0,13:45:00,"Ruta Nacional 11","0.0",2,"Transporte de Pasajeros Urbano (> 8 asientos),Automóvil","Av Blas Parera ",3,0,0,0,0,0,3,,"Ruta",11,"SANTA FE","La Capital","Asfalto,Hormigón","No existe","I","Dentro","Urbana","Otra Señal","No existe","Intersección","Bueno","Buena","Diurna","Buen Tiempo","Lateral","S/D","Colisión","S/D","Faltante","Cordón divisorio","Sin restricción"
2017,1510,3/18/2017,"Sabado",0,15:45:00,,"0.0",2,"Automóvil,Moto/Ciclomotor"," ",2,0,0,0,0,0,2,,"S/D",,"SANTA FE","La Capital","Asfalto","No existe","I","Dentro","Urbana","Otra Señal","No existe","Recta","S/D","Buena","Diurna","Buen Tiempo","Lateral","S/D","Colisión","S/D","Faltante","Cordón divisorio","Sin restricción"
2017,1511,3/19/2017,"Domingo",0,13:45:00,,"0.0",2,"Automóvil,Moto/Ciclomotor","Av Blas Parera Y Martin Zapata",3,0,0,0,0,0,3,,"Calle",,"SANTA FE","La Capital","Asfalto,Hormigón","No existe","I","Dentro","Urbana","Semáforo","Funciona","Intersección","Bueno","Buena","Diurna","Buen Tiempo","Lateral","S/D","Colisión","S/D","Horizontal,Vertical","Cordón divisorio","Reparación de Vía"
2017,1512,3/24/2017,"Viernes",0,11:20:00,,"0.0",2,"Bicicleta,Camión Chasis","Saavedra Y Lisandro de la Torre",2,1,0,0,1,0,0,,"Calle",,"SANTA FE","La Capital","Asfalto","No existe","I","Dentro","Urbana","Ninguna","No existe","Recta","Con baches,Deteriorada","Buena","Diurna","Buen Tiempo","S/D","Ciclista","Atropello","Ninguna","Faltante","Ninguna","Sin restricción"
2017,1513,3/18/2017,"Sabado",0,21:30:00,,"0.0",2,"Peatón,Moto/Ciclomotor","Av Pte Peron Y Pedro Centeno",2,0,0,0,0,0,2,,"Calle",,"SANTA FE","La Capital","Asfalto,Hormigón","No existe","I","Dentro","Urbana","Semáforo","Funciona","Intersección","Con baches","Reducida","Nocturna","Buen Tiempo","S/D","Peatón","Atropello","S/D","Horizontal,Vertical","Cordón divisorio","Sin restricción"
2017,1514,3/20/2017,"Lunes",0,19:40:00,,"0.0",2,"Moto/Ciclomotor,Moto/Ciclomotor"," ",2,0,0,0,0,0,2,,"Calle",,"SANTA FE","La Capital","Asfalto","No existe","I","Dentro","Urbana","Otra Señal","No existe","Intersección","Bueno","Reducida","Atardecer","Buen Tiempo","Lateral","S/D","Colisión","S/D","Faltante","Cordón divisorio","Sin restricción"
2017,1515,3/23/2017,"Jueves",0,8:50:00,,"0.0",2,"Bicicleta,Transporte Escolar","J J Paso ",2,1,0,0,1,0,0,,"Calle",,"SANTA FE","La Capital","Asfalto","No existe","I","Dentro","Urbana","Ninguna","No existe","Recta","Con baches","Buena","Diurna","Buen Tiempo","S/D","Ciclista","Atropello","Ninguna","Faltante","Ninguna","Sin restricción"
2017,1516,3/16/2017,"Jueves",0,1:30:00,,"0.0",2,"Taxi/Remis,Automóvil","Guemes Y Quintana",2,1,0,0,1,0,0,,"Calle",,"SANTA FE","La Capital","Asfalto","No existe","I","S/D","Urbana","Ninguna","No existe","Intersección","Bueno","Reducida","Nocturna","Buen Tiempo","Lateral","S/D","Colisión","Ninguna","S/D","Ninguna","Sin restricción"
2017,1517,3/22/2017,"Miercoles",0,1:15:00,,"0.0",2,"Automóvil,Moto/Ciclomotor","Av Galicia Y Alvear",2,1,0,0,1,0,0,,"Avenida",,"SANTA FE","La Capital","Asfalto","No existe","I","Dentro","Urbana","Ninguna","No existe","Intersección","Bueno","Reducida","Nocturna","Buen Tiempo","Lateral","S/D","Colisión","Ninguna","S/D","Ninguna","Sin restricción"
2017,1518,3/22/2017,"Miercoles",0,19:30:00,,"0.0",2,"Automóvil,Moto/Ciclomotor","Huergo Y Avellaneda",2,1,0,0,1,0,0,,"Calle",,"SANTA FE","La Capital","Asfalto","No existe","I","Dentro","Urbana","Ninguna","No existe","Intersección","Bueno","Buena","Amanecer","Buen Tiempo","Frontal","S/D","Colisión","Ninguna","S/D","Ninguna","Sin restricción"
2017,1519,3/22/2017,"Miercoles",0,20:20:00,,"0.0",2,"Automóvil,Moto/Ciclomotor","J M Zuviria Y Republica de Siria",2,1,0,0,1,0,0,,"Calle",,"SANTA FE","La Capital","Asfalto","No existe","I","S/D","Urbana","Ninguna","S/D","Intersección","Bueno","Reducida","Nocturna","Buen Tiempo","Lateral","S/D","Colisión","Ninguna","S/D","Ninguna","Sin restricción"
2017,1520,3/25/2017,"Sabado",0,22:30:00,,"0.0",2,"Peatón,Automóvil","Lavaisse 2400",2,1,0,0,1,0,0,,"Calle",,"SANTA FE","La Capital","Asfalto","No existe","I","Dentro","Urbana","Ninguna","No existe","Recta","Bueno","Reducida","Nocturna","Buen Tiempo","S/D","Peatón","Atropello","Ninguna","S/D","Ninguna","Sin restricción"
2017,1521,3/27/2017,"Lunes",0,15:15:00,,"0.0",2,"Moto/Ciclomotor,Automóvil","J Castelli Y Las Heras",2,1,0,0,1,0,0,,"Calle",,"SANTA FE","La Capital","Asfalto","No existe","I","Dentro","Urbana","Ninguna","No existe","Intersección","Bueno","Buena","Diurna","Buen Tiempo","Lateral","S/D","Colisión","Ninguna","S/D","Ninguna","Sin restricción"
2017,1522,3/27/2017,"Lunes",0,19:10:00,,"0.0",2,"Moto/Ciclomotor,Automóvil","Necochea Y R Godoy",2,1,0,0,1,0,0,,"Calle",,"SANTA FE","La Capital","Asfalto","No existe","I","Dentro","Urbana","Ninguna","No existe","Intersección","Bueno","Buena","Atardecer","Buen Tiempo","Lateral","S/D","Colisión","Ninguna","S/D","Ninguna","Sin restricción"
2017,1523,3/28/2017,"Martes",0,22:40:00,,"0.0",2,"Automóvil,Moto/Ciclomotor","Necochea Y Lavaisse",2,1,0,0,1,0,0,,"Calle",,"SANTA FE","La Capital","Asfalto","No existe","I","Dentro","Urbana","Ninguna","No existe","Intersección","Bueno","Reducida","Nocturna","Buen Tiempo","De alcance","S/D","Colisión","Ninguna","S/D","Ninguna","Sin restricción"
2017,1524,3/30/2017,"Jueves",0,9:30:00,,"0.0",2,"Pickup/Utilitario,Moto/Ciclomotor","Angel Cassanello Y Rivadavia",2,1,0,0,1,0,0,,"Calle",,"SANTA FE","La Capital","Asfalto","No existe","I","S/D","Urbana","Ninguna","No existe","Intersección","Bueno","Buena","Diurna","Buen Tiempo","Lateral","S/D","Colisión","Ninguna","S/D","Ninguna","Sin restricción"
2017,1525,3/30/2017,"Jueves",0,19:30:00,,"0.0",2,"Bicicleta,Automóvil","Lavaisse Y Av Gral Paz",2,1,0,0,1,0,0,,"Avenida",,"SANTA FE","La Capital","Asfalto","No existe","I","Dentro","Urbana","Ninguna","No existe","Intersección","Bueno","Reducida","Amanecer","Buen Tiempo","Lateral","S/D","Atropello","Ninguna","S/D","Ninguna","Sin restricción"
2017,1526,3/6/2017,"Lunes",0,11:00:00,,"0.0",2,"Moto/Ciclomotor,Automóvil","Francia Y Mariano Comas",3,1,0,0,2,0,0,,"S/D",,"SANTA FE","La Capital","Asfalto","No existe","I","S/D","S/D","Ninguna","No existe","Intersección","Bueno","Buena","Diurna","Buen Tiempo","Lateral","S/D","Colisión","Ninguna","Vertical","Ninguna","Sin restricción"
2017,1527,3/30/2017,"Jueves",0,21:30:00,,"0.0",2,"Bicicleta,Automóvil","Angel Cassanello Y Av Gral Paz",2,1,0,0,1,0,0,,"Avenida",,"SANTA FE","La Capital","Asfalto","No existe","I","S/D","Urbana","Ninguna","No existe","Intersección","Bueno","Reducida","Nocturna","Buen Tiempo","Lateral","S/D","Colisión","Ninguna","S/D","Ninguna","Sin restricción"
2017,1528,3/25/2017,"Sabado",0,12:00:00,,"0.0",2,"Automóvil,Moto/Ciclomotor","Av Freyre Y Catamarca",2,1,0,0,1,0,0,,"Avenida",,"SANTA FE","La Capital","Asfalto","No existe","I","S/D","Urbana","Ninguna","No existe","Intersección","Bueno","Buena","Diurna","Buen Tiempo","Lateral","S/D","Colisión","Ninguna","Vertical","Ninguna","S/D"
2017,1529,3/27/2017,"Lunes",0,7:10:00,,"0.0",2,"Automóvil,Moto/Ciclomotor","Mariano Comas Y San Lorenzo",3,2,0,0,1,0,0,,"Calle",,"SANTA FE","La Capital","Asfalto","No existe","I","S/D","Urbana","Ninguna","No existe","Intersección","Bueno","Buena","Diurna","Buen Tiempo","Lateral","S/D","Colisión","Ninguna","Vertical","Ninguna","Sin restricción"
2017,1530,3/30/2017,"Jueves",0,23:30:00,,"0.0",2,"Automóvil,Moto/Ciclomotor","Av Gral Paz Y J M Zuviria",2,1,0,0,1,0,0,,"Avenida",,"SANTA FE","La Capital","Asfalto","No existe","I","S/D","Urbana","Ninguna","No existe","Intersección","Bueno","Reducida","Nocturna","Buen Tiempo","S/D","S/D","Colisión","Ninguna","S/D","Ninguna","Sin restricción"
2017,1531,3/1/2017,"Miercoles",0,12:20:00,,"0.0",2,"Automóvil,Moto/Ciclomotor","SIN DETERMINAR ",2,1,0,0,1,0,0,,"Calle",,"SANTA FE","La Capital","Asfalto","S/D","I","Dentro","Urbana","Ninguna","S/D","S/D","Otro","Reducida","Diurna","S/D","S/D","S/D","Colisión","S/D","S/D","S/D","S/D"
2017,1532,3/2/2017,"Jueves",0,20:20:00,,"0.0",2,"Automóvil,Moto/Ciclomotor","Av A del Valle Y Risso",2,1,0,0,1,0,0,,"Calle",,"SANTA FE","La Capital","Asfalto","S/D","I","S/D","Urbana","Ninguna","No existe","Intersección","S/D","S/D","Nocturna","S/D","S/D","S/D","Colisión","S/D","S/D","Ninguna","S/D"
2017,1533,3/3/2017,"Viernes",0,12:40:00,,"0.0",2,"Moto/Ciclomotor,Peatón","Av A del Valle 7000",2,2,0,0,0,0,0,,"Calle",,"SANTA FE","La Capital","Asfalto","S/D","I","Dentro","Urbana","Ninguna","S/D","Recta","S/D","S/D","S/D","S/D","S/D","Peatón","Atropello","S/D","S/D","S/D","S/D"
2017,1534,3/23/2017,"Jueves",0,17:00:00,"Ruta Nacional 11","0.0",2,"Bicicleta,Automóvil","Av Circunvalación Y Roque Saenz Peña",2,2,0,0,0,0,0,,"Ruta",11,"SANTA FE","La Capital","Asfalto","S/D","I","S/D","Urbana","S/D","No existe","Curva","S/D","S/D","Diurna","S/D","Frontal","S/D","Atropello","S/D","S/D","Guardarrail","S/D"
2017,1535,3/3/2017,"Viernes",0,13:30:00,,"0.0",2,"Moto/Ciclomotor,Bicicleta","Av A del Valle Y Pje Martinez",2,1,0,0,1,0,0,,"Avenida",,"SANTA FE","La Capital","Asfalto","S/D","I","S/D","Urbana","Ninguna","S/D","Intersección","S/D","S/D","S/D","S/D","S/D","Ciclista","Atropello","S/D","S/D","S/D","S/D"
2017,1536,3/25/2017,"Sabado",0,7:15:00,,"0.0",2,"Moto/Ciclomotor,Automóvil","Saavedra Y J J Paso",2,2,0,0,0,0,0,,"Calle",,"SANTA FE","La Capital","Asfalto","S/D","I","S/D","Urbana","S/D","S/D","Recta","S/D","S/D","Diurna","S/D","Frontal","S/D","Colisión","S/D","S/D","Cordón divisorio","S/D"
2017,1537,3/23/2017,"Jueves",0,,,"0.0",2,"Bicicleta,Moto/Ciclomotor","Roque Saenz Peña Y Islas Malvinas",2,1,0,0,0,0,1,,"Calle",,"SANTA FE","La Capital","Asfalto","S/D","I","S/D","Urbana","S/D","No existe","Recta","Bueno","S/D","S/D","S/D","Frontal","S/D","Colisión","S/D","S/D","S/D","S/D"
2017,1538,3/4/2017,"Sabado",0,21:20:00,,"0.0",2,"Moto/Ciclomotor,Bicicleta","Martin Zapata Y San Jeronimo",2,1,0,0,1,0,0,,"Calle",,"SANTA FE","La Capital","Asfalto","S/D","I","S/D","Urbana","Ninguna","No existe","Intersección","S/D","Reducida","Nocturna","S/D","S/D","Ciclista","Atropello","S/D","S/D","S/D","Sin restricción"
2017,1539,3/6/2017,"Lunes",0,,,"0.0",2,"Pickup/Utilitario,Moto/Ciclomotor","Risso 2700",2,1,0,0,1,0,0,,"Calle",,"SANTA FE","La Capital","Asfalto","No existe","I","Dentro","Urbana","Ninguna","No existe","Recta","S/D","S/D","S/D","Buen Tiempo","S/D","S/D","Colisión","S/D","S/D","S/D","Sin restricción"
2017,1540,3/7/2017,"Martes",0,18:30:00,,"0.0",2,"Moto/Ciclomotor,Automóvil","4 de Enero Y J Castelli",2,1,0,0,1,0,0,,"Calle",,"SANTA FE","La Capital","Asfalto","S/D","I","S/D","Urbana","Ninguna","No existe","Intersección","S/D","S/D","Atardecer","S/D","S/D","S/D","Colisión","S/D","S/D","S/D","S/D"