"anio_acci","nro_acci","fecha","desc_dia","fecha_aprox","hora_aprox","desc_ruta","km","cant_participantes","desc_participante","calle_avenida_km","total","heridos_leves","heridos_graves","heridos_gravisimos","ilesos","fallecidos","sin_datos","posicion_XY","desc_tipo_via","desc_ruta_ori","desc_loc","desc_dpto","desc_tipo_calzada","desc_tipo_banquina","desc_unidad_regional","desc_lugar_calzada","desc_zona","desc_prioridad","desc_estado_semaforo","desc_lugar_via","desc_estado_via","desc_estado_visibilidad","desc_luminosidad","desc_estado_clima","desc_tipo_colision","desc_tipo_atropello","desc_tipo_hecho","desc_pres_calzada","desc_senializacion","desc_separacion_via","desc_restriccion"
2017,1541,3/9/2017,"Jueves",0,11:30:00,,"0.0",2,"Moto/Ciclomotor,Moto/Ciclomotor","Bolivar Y Zavalia",2,1,0,0,0,0,1,,"Calle",,"SANTA FE","La Capital","Hormigón","S/D","I","S/D","Urbana","S/D","S/D","Intersección","Bueno","Buena","Diurna","Buen Tiempo","Frontal","S/D","Colisión","S/D","S/D","S/D","S/D"
2017,1542,8/8/2017,"Martes",0,18:20:00,,"0.0",2,"Automóvil,Peatón","Pedro Alejandro Vittori Y Domingo Silva",2,1,0,0,1,0,0,,"Calle",,"SANTA FE","La Capital","Asfalto","S/D","I","Dentro","Urbana","Ninguna","No existe","Intersección","S/D","S/D","Atardecer","S/D","S/D","S/D","Atropello","S/D","S/D","Ninguna","S/D"
2017,1543,2/5/2017,"Domingo",0,21:20:00,,"0.0",2,"Taxi/Remis,Moto/Ciclomotor","J.B.Justo 7200",3,2,0,0,1,0,0,,"Calle",,"ROSARIO","Rosario","Asfalto","No existe","II","Dentro","Urbana","Ninguna","No existe","Intersección","Bueno","Buena","Diurna","Buen Tiempo","Lateral","S/D","Colisión","Ninguna","Faltante","Ninguna","S/D"
2017,1544,3/2/2017,"Jueves",0,14:00:00,,"0.0",2,"Moto/Ciclomotor,Automóvil","J.J.Paso Y Victor Mercante",3,2,0,0,1,0,0,,"Calle",,"ROSARIO","Rosario","Asfalto","S/D","II","Dentro","Urbana","Ninguna","S/D","Intersección","Bueno","Buena","Diurna","Buen Tiempo","Lateral","S/D","Colisión","Ninguna","S/D","Ninguna","S/D"
2017,1545,3/23/2017,"Jueves",0,19:20:00,,"0.0",2,"Automóvil,Moto/Ciclomotor","Biedma Y Vera Mujica",3,3,0,0,0,0,0,,"Calle",,"ROSARIO","Rosario","Asfalto","No existe","II","Dentro","Urbana","Ninguna","No existe","Intersección","Bueno","Buena","Diurna","Buen Tiempo","Lateral","S/D","Colisión","Ninguna","Vertical","Ninguna","Sin restricción"
2017,1546,3/1/2017,"Miercoles",0,8:20:00,"Autopista Nacional A008","0.0",5,"Pickup/Utilitario,Automóvil,Automóvil,Automóvil,Automóvil","Av. Circunvalacion Y R.de Pineda",6,1,0,0,5,0,0,,"Autopista","A008","ROSARIO","Rosario","Asfalto","No existe","II","Dentro","Urbana","Ninguna","No existe","Recta","Bueno","Buena","Diurna","Buen Tiempo","De alcance,Múltiple","S/D","Colisión","Ninguna","Faltante","Guardarrail","Obra en Construcción"
2017,1547,3/19/2017,"Domingo",0,8:30:00,,"0.0",2,"Automóvil,Taxi/Remis","Av. Corrientes Y Cerrito",5,3,0,0,2,0,0,,"Calle",,"ROSARIO","Rosario","Asfalto","S/D","II","Dentro","Urbana","Ninguna","S/D","Intersección","Bueno","Buena","Diurna","Buen Tiempo","Lateral","S/D","Colisión","Ninguna","S/D","Ninguna","S/D"
2017,1548,3/23/2017,"Jueves",0,0:55:00,,"0.0",2,"Automóvil,Moto/Ciclomotor","Bv. Rondeau Y Pintor Musto",3,2,0,0,1,0,0,,"Avenida",,"ROSARIO","Rosario","Asfalto","S/D","II","Dentro","Urbana","Ninguna","S/D","Intersección","Bueno","Buena","Nocturna","Buen Tiempo","Lateral","S/D","Colisión","Ninguna","S/D","Ninguna","Sin restricción"
2017,1549,3/9/2017,"Jueves",0,23:45:00,,"0.0",3,"Automóvil,Moto/Ciclomotor,Moto/Ciclomotor","Boneo Y 1ro de Mayo",3,2,0,0,1,0,0,,"Calle",,"SANTA FE","La Capital","Asfalto","S/D","I","Dentro","Urbana","Ninguna","S/D","Intersección","Bueno","Buena","Nocturna","Buen Tiempo","Lateral,Múltiple","S/D","Colisión","S/D","S/D","Ninguna","Sin restricción"
2017,1550,3/11/2017,"Sabado",0,18:15:00,,"0.0",2,"Moto/Ciclomotor,Automóvil","Av A del Valle Y Gorostiaga",2,1,0,0,1,0,0,,"Calle",,"SANTA FE","La Capital","Asfalto","S/D","I","Dentro","Urbana","S/D","Funciona","Recta","S/D","Buena","Diurna","S/D","De alcance","S/D","Colisión","S/D","S/D","Ninguna","S/D"
2017,1551,3/14/2017,"Martes",0,8:35:00,,"0.0",2,"Automóvil,Moto/Ciclomotor","San Jeronimo Y M De Polonia",2,0,1,0,1,0,0,,"Calle",,"SANTA FE","La Capital","Asfalto","S/D","I","Dentro","Urbana","Ninguna","No existe","Intersección","Bueno","Buena","Diurna","Buen Tiempo","Lateral","S/D","Colisión","S/D","S/D","Ninguna","S/D"
2017,1552,3/18/2017,"Sabado",0,13:25:00,,"0.0",2,"Automóvil,Bicicleta","Av Facundo Zuviria Y Risso",2,1,0,0,1,0,0,,"Avenida",,"SANTA FE","La Capital","Asfalto","S/D","I","Dentro","Urbana","Ninguna","No existe","Intersección","Bueno","Buena","Diurna","Buen Tiempo","S/D","Ciclista","Atropello","S/D","S/D","Ninguna","S/D"
2017,1553,3/20/2017,"Lunes",0,10:00:00,,"0.0",2,"Automóvil,Moto/Ciclomotor","San Martin Y Alberti",2,0,1,0,1,0,0,,"Calle",,"SANTA FE","La Capital","S/D","S/D","I","Dentro","Urbana","S/D","No existe","Intersección","S/D","Buena","Diurna","Buen Tiempo","Lateral","S/D","Colisión","S/D","S/D","S/D","S/D"
2017,1554,3/21/2017,"Martes",0,19:20:00,,"0.0",2,"Pickup/Utilitario,Moto/Ciclomotor","Pedro Alejandro Vittori Y Pedro Ferre",2,1,0,0,1,0,0,,"Calle",,"SANTA FE","La Capital","Asfalto","S/D","I","Dentro","Urbana","Ninguna","S/D","Intersección","S/D","Buena","Atardecer","S/D","Lateral","S/D","Colisión","S/D","S/D","Ninguna","S/D"
2017,1555,3/22/2017,"Miercoles",0,13:30:00,,"0.0",2,"Moto/Ciclomotor,Automóvil","Av A del Valle Y Gutierrez",2,1,0,0,1,0,0,,"Avenida",,"SANTA FE","La Capital","Asfalto","S/D","I","Dentro","Urbana","Ninguna","S/D","Intersección","Bueno","Buena","Diurna","Buen Tiempo","Lateral","S/D","Colisión","S/D","S/D","Ninguna","S/D"
2017,1556,3/21/2017,"Martes",0,20:15:00,,"0.0",3,"Automóvil,Automóvil,Moto/Ciclomotor","Salvador del Carril Y Necochea",4,2,0,0,2,0,0,,"Calle",,"SANTA FE","La Capital","Asfalto","No existe","I","Dentro","Urbana","Ninguna","No existe","Intersección","Bueno","Buena","Nocturna","Buen Tiempo","Lateral","S/D","Colisión","Ninguna","S/D","Ninguna","Sin restricción"
2017,1557,3/13/2017,"Lunes",0,20:00:00,,"0.0",2,"Moto/Ciclomotor,Pickup/Utilitario","Pascual Echague ",3,0,1,0,2,0,0,,"Calle",,"RECREO","La Capital","Tierra","No existe","I","Dentro","Urbana","Ninguna","No existe","Recta","Con baches","Buena","Atardecer","Buen Tiempo","De alcance","S/D","Colisión","Ninguna","Faltante","Ninguna","Sin restricción"
2017,1558,3/25/2017,"Sabado",0,13:20:00,,"0.0",2,"Moto/Ciclomotor,Bicicleta","Hipolito Irigoyen Y Formosa",3,1,0,0,2,0,0,,"Calle",,"SANTO TOMÉ","La Capital","Ripio","Ripio","I","Dentro","Urbana","Ninguna","No existe","Intersección","Bueno","Buena","Diurna","Buen Tiempo","S/D","Ciclista","Atropello","S/D","S/D","Ninguna","Sin restricción"
2017,1559,3/17/2017,"Viernes",0,17:30:00,,"0.0",3,"Automóvil,Automóvil,Automóvil","Juan Bautista Alberdi Y General Manuel Belgrano",3,1,0,0,2,0,0,,"Calle",,"SANTO TOMÉ","La Capital","Asfalto","Pavimento","I","Dentro","Urbana","Semáforo","Funciona","Recta","Bueno","Buena","Diurna","Buen Tiempo","Múltiple","S/D","Colisión","Ninguna","Vertical","Ninguna","Sin restricción"
2017,1560,3/20/2017,"Lunes",0,7:45:00,"Ruta Provincial 2","999.9",2,"Pickup/Utilitario,Moto/Ciclomotor"," ",3,2,0,0,1,0,0,,"Ruta",2,"MONTE VERA","La Capital","Hormigón","Natural","I","Dentro","Urbana","Ninguna","No existe","Recta","Bueno","Buena","Diurna","Buen Tiempo","Lateral","S/D","Colisión","Ninguna","S/D","Ninguna","Sin restricción"
2017,1561,3/9/2017,"Jueves",0,10:44:00,,"0.0",2,"Moto/Ciclomotor,Automóvil","Javier de la Rosa Y Rivadavia",2,1,0,0,1,0,0,,"Calle",,"SANTA FE","La Capital","Asfalto","No existe","I","Dentro","Urbana","Ninguna","No existe","Intersección","Bueno","Buena","Diurna","Buen Tiempo","S/D","S/D","Colisión","Ninguna","Faltante","Ninguna","Sin restricción"
2017,1562,3/24/2017,"Viernes",0,8:00:00,,"0.0",2,"Moto/Ciclomotor,Automóvil","Pastor Barrios Y Guemes",3,1,0,0,1,0,1,,"Calle",,"LAGUNA PAIVA","La Capital","Asfalto","Natural","I","Dentro","Urbana","Ninguna","No existe","Intersección","Bueno","Buena","Diurna","Buen Tiempo","Lateral","S/D","Colisión","Ninguna","Vertical","Línea divisoria pintada","Sin restricción"
2017,1563,3/24/2017,"Viernes",0,7:15:00,"Ruta Provincial 2","0.0",2,"Moto/Ciclomotor,Pickup/Utilitario","Av L de la Torre Y Corrientes",3,1,0,0,2,0,0,,"Ruta",2,"LAGUNA PAIVA","La Capital","Asfalto","Natural","I","Dentro","Urbana","Ninguna","No existe","Intersección","Bueno","Buena","Diurna","Buen Tiempo","De alcance","S/D","Colisión","Ninguna","Faltante","Ninguna","Sin restricción"
2017,1564,2/22/2017,"Miercoles",0,13:00:00,,"0.0",2,"Taxi/Remis,Moto/Ciclomotor","Roverano 2500",3,2,0,0,1,0,0,,"Calle",,"SANTO TOMÉ","La Capital","Ripio","Natural","I","Dentro","Urbana","Ninguna","No existe","Recta","Deteriorada","Buena","Diurna","Buen Tiempo","Lateral","S/D","Colisión","Material Suelto","Faltante","Ninguna","Sin restricción"
2017,1565,3/2/2017,"Jueves",0,12:35:00,,"0.0",2,"Moto/Ciclomotor,Camión Chasis","12 de septiembre ",3,1,0,0,1,0,1,,"Calle",,"SANTO TOMÉ","La Capital","Asfalto","Natural","I","Dentro","Urbana","Ninguna","No existe","Intersección","Bueno","Buena","Diurna","Buen Tiempo","Lateral","S/D","Colisión","Ninguna","Faltante","Ninguna","Sin restricción"
2017,1566,3/5/2017,"Domingo",0,18:30:00,,"0.0",2,"Moto/Ciclomotor,Automóvil","La Rioja Y Ferrocarril Grl Bartolome Mitr",3,2,0,0,1,0,0,,"Calle",,"SANTO TOMÉ","La Capital","Asfalto","Natural","I","Dentro","Urbana","Ninguna","No existe","Intersección","Bueno","Buena","Diurna","Buen Tiempo","Lateral","S/D","Colisión","Ninguna","S/D","Ninguna","Sin restricción"
2017,1567,3/20/2017,"Lunes",0,19:30:00,,"0.0",2,"Moto/Ciclomotor,Automóvil","Moreno Y Francia",2,1,0,0,1,0,0,,"Calle",,"SANTA FE","La Capital","Asfalto","No existe","I","Dentro","Urbana","Ninguna","No existe","Intersección","Deteriorada","Buena","Atardecer","Buen Tiempo","Lateral","S/D","Colisión","Ninguna","Faltante","Ninguna","Sin restricción"
2017,1568,3/15/2017,"Miercoles",0,10:00:00,,"0.0",2,"Pickup/Utilitario,Pickup/Utilitario"," ",2,1,0,0,1,0,0,,"Calle",,"SANTA FE","La Capital","Asfalto","No existe","I","Dentro","Urbana","Ninguna","No existe","Puente","Con baches,Deteriorada","Buena","Diurna","Buen Tiempo","Lateral","S/D","Colisión","Ninguna","Faltante","Ninguna","S/D"
2017,1570,8/9/2017,"Miercoles",0,20:30:00,,"0.0",2,"Bicicleta,Automóvil","Av. Pellegrini Y Roullon",2,0,0,0,1,1,0,"-32.94829, -60.70192","Avenida",,"ROSARIO","Rosario","Asfalto","S/D","II","Dentro","Urbana","S/D","S/D","Intersección","S/D","S/D","Nocturna,Con luz artificial","S/D","S/D","Ciclista","Atropello","S/D","S/D","S/D","S/D"
2017,1572,3/22/2017,"Miercoles",0,17:40:00,,"0.0",2,"Automóvil,Moto/Ciclomotor","Av A del Valle Y Luciano Torrent",3,2,0,0,1,0,0,,"Avenida",,"SANTA FE","La Capital","Asfalto","S/D","I","Dentro","Urbana","Ninguna","No existe","Intersección","Bueno","Buena","Diurna","Buen Tiempo","Lateral","S/D","Colisión","Ninguna","S/D","Ninguna","S/D"
2017,1573,3/12/2017,"Domingo",0,17:30:00,,"0.0",2,"Automóvil,Moto/Ciclomotor","Av Almte Brown Y Pje Calcena",3,1,0,0,2,0,0,,"Avenida",,"SANTA FE","La Capital","Asfalto","No existe","I","Dentro","Urbana","Ninguna","No existe","Intersección","Bueno","Buena","Diurna","Buen Tiempo","Lateral","S/D","Colisión","Ninguna","S/D","Ninguna","Sin restricción"
2017,1574,3/24/2017,"Viernes",0,12:45:00,,"0.0",2,"Moto/Ciclomotor,Otros","Larrea 2000",3,1,0,0,2,0,0,,"Calle",,"SANTA FE","La Capital","Asfalto","No existe","I","Dentro","Urbana","Ninguna","No existe","Recta","Bueno","Buena","Diurna","Buen Tiempo","De alcance","S/D","Colisión","Ninguna","Faltante","Ninguna","S/D"
2017,1575,4/13/2017,"Jueves",0,19:20:00,"Ruta Provincial 6","0.0",2,"Bicicleta,Moto/Ciclomotor"," ",3,3,0,0,0,0,0,,"Ruta",6,"SAN CARLOS SUR","Las Colonias","Asfalto","S/D","XI","Dentro","Rural","Ninguna","S/D","Recta","Bueno","Buena","Atardecer","Buen Tiempo","S/D","Ciclista","Atropello","S/D","S/D","Ninguna","Sin restricción"
2017,1576,3/25/2017,"Sabado",0,10:55:00,,"0.0",2,"Automóvil,Automóvil","Zavalia 1422",2,1,0,0,1,0,0,,"Calle",,"SANTA FE","La Capital","Asfalto","No existe","I","Dentro","Urbana","Ninguna","No existe","Recta","Con baches","Buena","Diurna","Buen Tiempo","Lateral","S/D","Colisión","Ninguna","Faltante","Ninguna","Sin restricción"
2017,1577,3/4/2017,"Sabado",0,21:00:00,"Ruta Nacional 11","0.0",2,"Automóvil,Moto/Ciclomotor","PUENTE CARRETERO ",2,1,0,0,1,0,0,,"Ruta",11,"SANTA FE","La Capital","Asfalto","No existe","I","Dentro","Urbana","Ninguna","No existe","Puente","Con baches,Deteriorada","Buena","Diurna","Buen Tiempo","Lateral","S/D","Colisión","Ninguna","Faltante","Ninguna","Sin restricción"
2017,1578,3/10/2017,"Viernes",0,12:00:00,,"0.0",2,"Moto/Ciclomotor,Automóvil","Saavedra 1561",2,1,0,0,1,0,0,,"Calle",,"SANTA FE","La Capital","Asfalto","No existe","I","Dentro","Urbana","Ninguna","No existe","Recta","Con baches","Buena","Diurna","Buen Tiempo","De alcance","S/D","Colisión","Ninguna","Faltante","Ninguna","Sin restricción"
2017,1579,3/13/2017,"Lunes",0,20:40:00,,"0.0",2,"Moto/Ciclomotor,Automóvil","Dr Zavalla Y Uruguay",2,1,0,0,1,0,0,,"Calle",,"SANTA FE","La Capital","Asfalto","No existe","I","Dentro","Urbana","Ninguna","No existe","Intersección","Con baches","Buena","Nocturna","Buen Tiempo","De alcance","S/D","Colisión","Ninguna","Faltante","Ninguna","Sin restricción"
2017,1580,3/18/2017,"Sabado",0,21:25:00,,"0.0",2,"Peatón,Moto/Ciclomotor","Av Freyre Y Juan de Garay",2,1,0,0,1,0,0,,"Avenida",,"SANTA FE","La Capital","Asfalto","No existe","I","Dentro","Urbana","Ninguna","No existe","Intersección","Con baches,Deteriorada","Buena","Nocturna","Buen Tiempo","S/D","Peatón","Atropello","Ninguna","Faltante","Ninguna","Sin restricción"
2017,1581,3/21/2017,"Martes",0,12:50:00,,"0.0",2,"Moto/Ciclomotor,Moto/Ciclomotor","Dr Zavalla Y Pje Olegario Victor Andrade",2,2,0,0,0,0,0,,"S/D",,"SANTA FE","La Capital","Asfalto","No existe","I","S/D","Urbana","Ninguna","No existe","Intersección","Con baches","Buena","Diurna","Buen Tiempo","Lateral","S/D","Colisión","Ninguna","Faltante","Ninguna","S/D"
2017,1582,3/3/2017,"Viernes",0,16:15:00,,"0.0",2,"Automóvil,Automóvil","Saavedra Y Monseñor Zaspe",2,1,0,0,1,0,0,,"Calle",,"SANTA FE","La Capital","Asfalto","No existe","I","Dentro","Urbana","Ninguna","No existe","Intersección","Con baches,Deteriorada","Buena","Diurna","Buen Tiempo","Lateral","S/D","Colisión","Ninguna","Faltante","Ninguna","Sin restricción"
2017,1583,4/13/2017,"Jueves",0,9:55:00,"Ruta Provincial 4","81.0",1,"Automóvil"," ",5,2,0,0,3,0,0,,"Ruta",4,"LA PELADA","Las Colonias","Asfalto","Natural","XI","Fuera","Rural","Ninguna","No existe","Recta","Con baches,Deteriorada,Ahuellamiento","Buena","Diurna","Buen Tiempo","S/D","S/D","Despiste","S/D","Faltante","Ninguna","Sin restricción"
2017,1584,3/11/2017,"Sabado",0,18:30:00,"Ruta Nacional 11","0.0",2,"Automóvil,Otros","Av Blas Parera Y Ayacucho",2,1,0,0,1,0,0,,"Ruta",11,"SANTA FE","La Capital","Asfalto","Pavimento","I","Dentro","Urbana","Otra Señal","No existe","Intersección","Bueno","Buena","Atardecer","Buen Tiempo","Lateral","S/D","Colisión","S/D","Faltante","Guardarrail","Obra en Construcción"
2017,1585,3/13/2017,"Lunes",0,14:00:00,"Ruta Nacional 11","0.0",2,"Moto/Ciclomotor,Automóvil","Av Blas Parera Y Ayacucho",2,1,0,0,1,0,0,,"Ruta",11,"SANTA FE","La Capital","Asfalto","Pavimento","I","Dentro","Urbana","Semáforo","Funciona","Intersección","Bueno","Buena","Diurna","Buen Tiempo","Lateral","S/D","Colisión","S/D","Vertical","Guardarrail","Obra en Construcción"
2017,1586,3/13/2017,"Lunes",0,12:00:00,"Ruta Nacional 11","0.0",2,"Moto/Ciclomotor,Pickup/Utilitario","Av Blas Parera Y Don Guanella",2,1,0,0,1,0,0,,"Ruta",11,"SANTA FE","La Capital","Asfalto","Pavimento","I","Dentro","Urbana","Ninguna","No existe","Intersección","Bueno","Buena","Diurna","Buen Tiempo","Lateral","S/D","Colisión","Ninguna","Faltante","Cordón divisorio","Obra en Construcción"
2017,1587,3/16/2017,"Jueves",0,18:00:00,"Ruta Nacional 11","0.0",2,"Moto/Ciclomotor,Automóvil","Av Blas Parera Y Ayacucho",2,1,0,0,1,0,0,,"Ruta",11,"SANTA FE","La Capital","Asfalto","Pavimento","I","Dentro","Urbana","Policía de tránsito","No existe","Intersección","Bueno","Buena","Atardecer","Buen Tiempo","Lateral","S/D","Colisión","Ninguna","Faltante","Guardarrail","Obra en Construcción"
2017,1588,3/18/2017,"Sabado",0,0:15:00,,"0.0",2,"Moto/Ciclomotor,Automóvil","Reg 12 de Infanteria Y Aguado",2,1,0,0,1,0,0,,"Calle",,"SANTA FE","La Capital","Asfalto","Pavimento","I","Dentro","Urbana","Ninguna","No existe","Recta","Bueno","Buena","Nocturna","Buen Tiempo","Lateral","S/D","Colisión","Ninguna","Faltante","Cordón divisorio","Sin restricción"
2017,1589,3/24/2017,"Viernes",0,20:50:00,,"0.0",2,"Moto/Ciclomotor,Otros","Reg 12 de Infanteria 4500",2,2,0,0,0,0,0,,"Calle",,"SANTA FE","La Capital","Asfalto","Pavimento","I","Dentro","Urbana","Ninguna","No existe","Recta","Bueno","Buena","Nocturna","Buen Tiempo","Frontal","S/D","Colisión","Ninguna","S/D","Ninguna","Sin restricción"
2017,1590,3/26/2017,"Domingo",0,11:30:00,"Ruta Nacional 11","0.0",2,"Moto/Ciclomotor,Automóvil","Av Blas Parera Y Ayacucho",2,1,0,0,1,0,0,,"Ruta",11,"SANTA FE","La Capital","Asfalto","Pavimento","I","Dentro","Urbana","Policía de tránsito","No existe","Intersección","Bueno","Buena","Diurna","Buen Tiempo","Lateral","S/D","Colisión","Ninguna","Faltante","Barrera de alto impacto","Sin restricción"
2017,1591,3/9/2017,"Jueves",0,20:00:00,,"0.0",2,"Moto/Ciclomotor,Moto/Ciclomotor","Zavalia Y J J Paso",2,1,0,0,1,0,0,,"Calle",,"SANTA FE","La Capital","Asfalto","No existe","I","Dentro","Urbana","Ninguna","No existe","Intersección","Con baches,Deteriorada","Buena","Nocturna","Buen Tiempo","S/D","S/D","Colisión","Ninguna","Faltante","Ninguna","Sin restricción"
2017,1592,4/12/2017,"Miercoles",0,16:20:00,"Ruta Provincial 1","63.0",1,"Automóvil"," ",1,1,0,0,0,0,0,,"Ruta",1,"CAYASTA","Garay","Asfalto","Natural","VII","Dentro","Rural","Ninguna","No existe","Curva","Bueno","Buena","Diurna","Lluvia","S/D","S/D","Vuelco,Despiste","Agua","Vertical","Línea divisoria pintada","Sin restricción"
2017,1593,4/19/2017,"Miercoles",0,18:00:00,,"0.0",2,"Bicicleta,Moto/Ciclomotor","Boulevard General B Mitre Y Fray Antonio Rossi",2,1,1,0,0,0,0,,"Avenida",,"HELVECIA","Garay","Asfalto","Natural","VII","S/D","Urbana","Ninguna","No existe","Intersección","S/D","Reducida","Atardecer","Buen Tiempo","S/D","Ciclista","Atropello","Ninguna","Faltante","Ninguna","Sin restricción"
2017,1594,4/23/2017,"Domingo",0,1:10:00,"Ruta Provincial 1","0.0",1,"Moto/Ciclomotor"," ",2,2,0,0,0,0,0,,"Ruta",1,"CAMPO DEL MEDIO","Garay","Asfalto","Natural","VII","S/D","Rural","Ninguna","No existe","Recta","Ahuellamiento","Reducida","Nocturna","Buen Tiempo","S/D","S/D","Caída ocupante","Ninguna","S/D","Ninguna","Sin restricción"
2017,1595,4/19/2017,"Miercoles",0,11:50:00,,"0.0",2,"Pickup/Utilitario,Moto/Ciclomotor","Boulevard General B Mitre Y Boulevard Ocampo",2,1,1,0,0,0,0,,"Avenida",,"HELVECIA","Garay","Asfalto","Natural","VII","Dentro","Urbana","Ninguna","No existe","Intersección","Bueno","Buena","Diurna","Lluvia","De alcance","S/D","Colisión","Agua","S/D","Ninguna","Sin restricción"
2017,1596,4/23/2017,"Domingo",0,9:30:00,"Ruta Provincial 1","0.0",1,"Automóvil","SIN DETERMINAR ",2,2,0,0,0,0,0,,"Ruta",1,"HELVECIA","Garay","Asfalto","Natural","VII","Fuera","Rural","Ninguna","No existe","Curva","Ahuellamiento","S/D","Diurna","Buen Tiempo","S/D","S/D","Despiste","Otro","Faltante","Ninguna","Sin restricción"
2017,1598,4/22/2017,"Sabado",0,16:35:00,,"0.0",1,"Moto/Ciclomotor","Bme Mitre Y Colon",1,1,0,0,0,0,0,,"Calle",,"GÁLVEZ","San Jerónimo","Asfalto","No existe","XV","Dentro","Urbana","Ninguna","No existe","Intersección","Bueno","Buena","Diurna","Buen Tiempo","S/D","S/D","Caída ocupante","Material Suelto","Faltante","Ninguna","Sin restricción"
2017,1599,4/3/2017,"Lunes",0,11:55:00,,"0.0",2,"Moto/Ciclomotor,Pickup/Utilitario","Gregoria Matorras Y Primera Junta",2,1,0,0,1,0,0,,"Calle",,"GÁLVEZ","San Jerónimo","Asfalto","No existe","XV","S/D","Urbana","Ninguna","No existe","Intersección","Bueno","Buena","Diurna","Otro","S/D","S/D","Colisión","Ninguna","Faltante","Ninguna","Sin restricción"
2017,1600,4/6/2017,"Jueves",0,12:10:00,,"0.0",2,"Moto/Ciclomotor,Pickup/Utilitario","Bme Mitre Y Rivadavia",2,1,0,0,1,0,0,,"Calle",,"GÁLVEZ","San Jerónimo","Asfalto","No existe","XV","S/D","Urbana","Ninguna","No existe","Intersección","Bueno","Buena","Diurna","Buen Tiempo","S/D","S/D","Colisión","Ninguna","Faltante","Ninguna","Sin restricción"
2017,1601,4/26/2017,"Miercoles",0,13:30:00,"Autopista Provincial Brigadier E.López","84.0",1,"Pickup/Utilitario"," ",1,1,0,0,0,0,0,,"Autopista","Brigadier E.López","SAN FABIÁN","San Jerónimo","Asfalto","Natural","XV","Fuera","Rural","Ninguna","No existe","Recta","Bueno","Buena","Diurna","Buen Tiempo","S/D","S/D","Vuelco","Ninguna","Horizontal","Vegetación","Sin restricción"
2017,1602,4/14/2017,"Viernes",0,19:30:00,,"0.0",2,"Automóvil,Moto/Ciclomotor"," ",2,1,0,0,1,0,0,,"Calle",,"GARABATO","Vera","Asfalto","Natural","XIX","Dentro","Urbana","Ninguna","No existe","Intersección","Bueno","Buena","Atardecer","Buen Tiempo","Frontal","S/D","Colisión","S/D","S/D","Ninguna","Sin restricción"
2017,1603,4/5/2017,"Miercoles",0,1:30:00,"Ruta Provincial 3","23.0",1,"Moto/Ciclomotor"," ",2,2,0,0,0,0,0,,"Ruta",3,"EL TOBA","Vera","Asfalto","Natural","XIX","Dentro","Rural","Marca Vial","No existe","Curva","Con baches","Reducida","Nocturna","Buen Tiempo","S/D","S/D","Caída ocupante","Ninguna","Faltante","Línea divisoria pintada","Sin restricción"
2017,1604,4/4/2017,"Martes",0,10:25:00,,"0.0",2,"Moto/Ciclomotor,Pickup/Utilitario","Moreno 2752",2,1,0,0,1,0,0,,"Calle",,"SANTA FE","La Capital","Asfalto","Pavimento","I","Dentro","Urbana","Ninguna","No existe","Recta","Bueno","Buena","Diurna","Buen Tiempo","S/D","S/D","Colisión","Ninguna","Faltante","Ninguna","Sin restricción"
2017,1605,3/14/2017,"Martes",0,13:30:00,"Ruta Nacional 11","0.0",2,"Peatón,Moto/Ciclomotor","Av Blas Parera ",2,1,0,0,0,0,1,,"Ruta",11,"SANTA FE","La Capital","Tierra","Ripio","I","Fuera","Urbana","Ninguna","No existe","Recta","Deteriorada","Buena","Diurna","Buen Tiempo","S/D","Peatón","Atropello","Material Suelto","Faltante","Ninguna","Sin restricción"
2017,1606,3/23/2017,"Jueves",0,10:45:00,,"0.0",2,"Automóvil,Moto/Ciclomotor","Cafferata 8400",2,1,0,0,1,0,0,,"Calle",,"SANTA FE","La Capital","Asfalto","No existe","I","S/D","Urbana","Ninguna","No existe","Intersección","Con baches","Buena","Diurna","Buen Tiempo","De alcance","S/D","Colisión","Ninguna","Faltante","Ninguna","Sin restricción"
2017,1607,3/1/2017,"Miercoles",1,16:00:00,,"0.0",2,"Moto/Ciclomotor,Moto/Ciclomotor","Cafferata Y Piedrabuena",3,1,0,0,2,0,0,,"Calle",,"SANTA FE","La Capital","Asfalto","No existe","I","S/D","Urbana","Ninguna","No existe","Intersección","Bueno","Buena","Diurna","Buen Tiempo","De alcance","S/D","Colisión","Ninguna","Faltante","Ninguna","Sin restricción"
2017,1608,3/18/2017,"Sabado",0,16:20:00,,"0.0",2,"Moto/Ciclomotor,Automóvil","Cafferata Y Diag Pedro de Mendoza",2,1,0,0,1,0,0,,"Calle",,"SANTA FE","La Capital","Asfalto","No existe","I","Dentro","Urbana","Ninguna","No existe","Intersección","Bueno","Buena","Diurna","Buen Tiempo","De alcance","S/D","Colisión","Ninguna","Faltante","Ninguna","Sin restricción"