"anio_acci","nro_acci","fecha","desc_dia","fecha_aprox","hora_aprox","desc_ruta","km","cant_participantes","desc_participante","calle_avenida_km","total","heridos_leves","heridos_graves","heridos_gravisimos","ilesos","fallecidos","sin_datos","posicion_XY","desc_tipo_via","desc_ruta_ori","desc_loc","desc_dpto","desc_tipo_calzada","desc_tipo_banquina","desc_unidad_regional","desc_lugar_calzada","desc_zona","desc_prioridad","desc_estado_semaforo","desc_lugar_via","desc_estado_via","desc_estado_visibilidad","desc_luminosidad","desc_estado_clima","desc_tipo_colision","desc_tipo_atropello","desc_tipo_hecho","desc_pres_calzada","desc_senializacion","desc_separacion_via","desc_restriccion"
2017,1609,3/8/2017,"Miercoles",0,18:30:00,"Ruta Nacional 11","0.0",2,"Automóvil,Automóvil","Av Blas Parera Y Florencio Fernandez",2,1,0,0,1,0,0,,"Ruta",11,"SANTA FE","La Capital","Asfalto","Pavimento","I","S/D","Urbana","Semáforo","Funciona","Intersección","Bueno","Buena","Diurna","Buen Tiempo","De alcance","S/D","Colisión","Ninguna","Vertical","Barrera de hormigón","Sin restricción"
2017,1610,3/17/2017,"Viernes",0,17:45:00,"Ruta Nacional 11","0.0",2,"Automóvil,Moto/Ciclomotor","Av Blas Parera Y Misiones",2,1,0,0,1,0,0,,"Ruta",11,"SANTA FE","La Capital","Asfalto","Ripio","I","S/D","Urbana","Semáforo","Funciona","Intersección","Bueno","Buena","Diurna","Buen Tiempo","De alcance","S/D","Colisión","Ninguna","Vertical","Línea divisoria pintada","Sin restricción"
2017,1611,3/17/2017,"Viernes",0,23:35:00,"Ruta Nacional 11","0.0",2,"Moto/Ciclomotor,Moto/Ciclomotor","Av Blas Parera Y Florencio Fernandez",2,1,0,0,1,0,0,,"Ruta",11,"SANTA FE","La Capital","Asfalto","Natural","I","S/D","Urbana","S/D","Funciona","Intersección","Bueno","Buena","Nocturna","Buen Tiempo","S/D","S/D","Colisión","Ninguna","Vertical","Ninguna","S/D"
2017,1612,3/15/2017,"Miercoles",0,23:30:00,,"0.0",1,"Moto/Ciclomotor","Av Peñaloza Y Larrea",1,1,0,0,0,0,0,,"Avenida",,"SANTA FE","La Capital","Asfalto","Pavimento","I","Dentro","Urbana","Ninguna","No existe","Intersección","Bueno","Buena","Nocturna","Buen Tiempo","S/D","S/D","Caída ocupante","Otro","Faltante","Cordón divisorio","Sin restricción"
2017,1613,3/31/2017,"Viernes",0,21:00:00,,"0.0",2,"Moto/Ciclomotor,Automóvil","Av A del Valle Y Boneo",2,1,0,0,1,0,0,,"Calle",,"SANTA FE","La Capital","Asfalto","No existe","I","S/D","Urbana","S/D","No existe","Intersección","Bueno","Buena","Nocturna","S/D","S/D","S/D","Colisión","Ninguna","Faltante","S/D","S/D"
2017,1614,3/2/2017,"Jueves",0,18:30:00,,"0.0",2,"Moto/Ciclomotor,Pickup/Utilitario","Simon de Iriondo Y Leandro N Alem",2,1,0,0,1,0,0,,"Calle",,"ESPERANZA","Las Colonias","Asfalto","No existe","XI","Dentro","Rural","Ninguna","No existe","Intersección","Bueno","Buena","Atardecer","Buen Tiempo","Lateral","S/D","Colisión","Ninguna","Vertical","Ninguna","Sin restricción"
2017,1615,3/10/2017,"Viernes",0,18:40:00,,"0.0",1,"Moto/Ciclomotor","Gral Belgrano 1100",1,1,0,0,0,0,0,,"Calle",,"GOBERNADOR CRESPO","San Justo","Tierra","Natural","XV","Dentro","Urbana","Ninguna","No existe","Recta","Ahuellamiento","Buena","Atardecer","Otro","S/D","S/D","Caída ocupante","Ninguna","Faltante","Ninguna","Sin restricción"
2017,1616,3/23/2017,"Jueves",0,7:30:00,"Autovía Nacional 168","474.0",2,"Camión c / Acoplado,Moto/Ciclomotor"," ",2,1,0,0,1,0,0,,"Autovía",168,"SANTA FE","La Capital","Asfalto","S/D","I","S/D","Urbana","Ninguna","No existe","Recta","Bueno","Buena","Diurna","S/D","S/D","S/D","Colisión","Ninguna","S/D","Barrera de hormigón","Sin restricción"
2017,1617,3/13/2017,"Lunes",0,7:15:00,,"0.0",2,"Automóvil,Moto/Ciclomotor","Laurencio Maradona 471",2,0,0,0,0,0,2,,"Calle",,"SANTA FE","La Capital","Asfalto","S/D","I","S/D","Urbana","Semáforo","Funciona","Recta","Ahuellamiento","Buena","Diurna","Buen Tiempo","S/D","S/D","Colisión","S/D","S/D","Cordón divisorio","S/D"
2017,1618,3/22/2017,"Miercoles",0,7:40:00,,"0.0",2,"Automóvil,Moto/Ciclomotor"," ",2,1,0,0,1,0,0,,"S/D",,"SANTA FE","La Capital","Asfalto","No existe","I","S/D","Urbana","Semáforo","Funciona","Intersección","Bueno","Buena","Diurna","Buen Tiempo","S/D","S/D","Colisión","Ninguna","Faltante","Ninguna","Sin restricción"
2017,1619,3/20/2017,"Lunes",0,21:00:00,,"0.0",2,"Moto/Ciclomotor,Moto/Ciclomotor","Larrea Y Alvear",2,1,0,0,1,0,0,,"Calle",,"SANTA FE","La Capital","Asfalto","No existe","I","S/D","Urbana","Ninguna","No existe","Intersección","Bueno","Reducida","Nocturna","Buen Tiempo","S/D","S/D","Colisión","Ninguna","Faltante","Ninguna","Sin restricción"
2017,1620,3/18/2017,"Sabado",0,,,"0.0",2,"Automóvil,Moto/Ciclomotor","Las Heras Y Pavon",2,1,0,0,1,0,0,,"S/D",,"SANTA FE","La Capital","Asfalto","No existe","I","S/D","Urbana","Ninguna","No existe","Intersección","Bueno","Buena","Diurna","Buen Tiempo","S/D","S/D","Colisión","Ninguna","Faltante","Ninguna","Sin restricción"
2017,1621,3/10/2017,"Viernes",0,11:05:00,,"0.0",2,"Automóvil,Bicicleta","French Y Mitre",2,1,0,0,1,0,0,,"Calle",,"SANTA FE","La Capital","Asfalto","No existe","I","S/D","Urbana","Ninguna","No existe","Intersección","Bueno","Buena","Diurna","Buen Tiempo","S/D","Ciclista","Atropello","Ninguna","Faltante","Ninguna","Sin restricción"
2017,1622,3/16/2017,"Jueves",0,11:00:00,,"0.0",2,"Automóvil,Moto/Ciclomotor","French Y Av A del Valle",2,1,0,0,1,0,0,,"Calle",,"SANTA FE","La Capital","Asfalto","No existe","I","S/D","Urbana","Semáforo","Funciona","Intersección","Con baches","Buena","Diurna","Buen Tiempo","S/D","S/D","Colisión","Ninguna","Faltante","Ninguna","Sin restricción"
2017,1623,3/15/2017,"Miercoles",0,18:00:00,,"0.0",2,"Automóvil,Moto/Ciclomotor","French Y Mitre",2,1,0,0,1,0,0,,"Calle",,"SANTA FE","La Capital","Asfalto","No existe","I","S/D","Urbana","Ninguna","No existe","Intersección","Bueno","Buena","Diurna","Buen Tiempo","S/D","S/D","Colisión","Ninguna","Faltante","Ninguna","Sin restricción"
2017,1624,3/8/2017,"Miercoles",0,11:30:00,,"0.0",2,"Pickup/Utilitario,Moto/Ciclomotor","Av A del Valle Y Azcuenaga",2,1,0,0,1,0,0,,"Calle",,"SANTA FE","La Capital","Asfalto","No existe","I","S/D","Urbana","Ninguna","No existe","Intersección","Bueno","Buena","Diurna","Buen Tiempo","S/D","S/D","Colisión","Ninguna","Faltante","Ninguna","Sin restricción"
2017,1625,3/5/2017,"Domingo",0,22:40:00,,"0.0",2,"Moto/Ciclomotor,Moto/Ciclomotor","A Godoy Y Reg 12 de Infanteria",2,1,0,0,1,0,0,,"Calle",,"SANTA FE","La Capital","Asfalto","No existe","I","S/D","Urbana","Ninguna","No existe","Intersección","Bueno","Reducida","Nocturna","Buen Tiempo","S/D","S/D","Colisión","Ninguna","Faltante","Ninguna","Sin restricción"
2017,1626,3/19/2017,"Domingo",0,11:05:00,,"0.0",2,"Automóvil,Peatón","French 1900",2,1,0,0,1,0,0,,"Avenida",,"SANTA FE","La Capital","Asfalto","No existe","I","Dentro","Urbana","Ninguna","No existe","Recta","Bueno","Buena","Diurna","Otro","S/D","Peatón","Atropello","Ninguna","Vertical","Ninguna","Sin restricción"
2017,1627,3/29/2017,"Miercoles",0,9:00:00,,"0.0",2,"Bicicleta,Automóvil","Paula Albarracin de Sarmiento Y Juan Jose Castelli",2,1,0,0,1,0,0,,"Calle",,"SANTO TOMÉ","La Capital","Asfalto","No existe","I","Dentro","Urbana","Ninguna","No existe","Intersección","Bueno","Buena","Diurna","Buen Tiempo","Lateral","S/D","Colisión","Ninguna","Faltante","Ninguna","Sin restricción"
2017,1628,4/16/2017,"Domingo",0,23:45:00,"Ruta Secundaria 62-s","0.0",2,"Automóvil,Pickup/Utilitario"," ",7,3,0,0,4,0,0,,"Ruta","62-s","MARÍA LUISA","Las Colonias","Asfalto","Natural","XI","Fuera","Rural","Ninguna","No existe","Recta","Bueno","Reducida","Nocturna","Buen Tiempo","Frontal","S/D","Colisión","Ninguna","Faltante","Línea divisoria pintada","Sin restricción"
2017,1629,4/21/2017,"Viernes",0,13:00:00,"Autopista Provincial Brigadier E.López","9.5",6,"Camión c / Semirremolque,Camión c / Acoplado,Automóvil,Pickup/Utilitario,Automóvil,Automóvil"," ",8,1,1,0,6,0,0,,"Autopista","Brigadier E.López","RICARDONE","San Lorenzo","Hormigón","Natural","XVII","S/D","Rural","Ninguna","No existe","Recta","Bueno","Buena","Diurna","Buen Tiempo","Múltiple","S/D","Colisión","Ninguna","Vertical","Ninguna","Sin restricción"
2017,1630,4/21/2017,"Viernes",0,14:00:00,,"0.0",2,"Bicicleta,Automóvil","Malvinas Argentinas Y Bv Pellegrini",2,1,0,0,1,0,0,,"Calle",,"ROLDÁN","San Lorenzo","Hormigón","No existe","XVII","Dentro","Urbana","Ninguna","No existe","Intersección","Bueno","Buena","Diurna","Buen Tiempo","S/D","Ciclista","Atropello","Ninguna","Vertical","Ninguna","Sin restricción"
2017,1631,4/22/2017,"Sabado",0,2:15:00,,"0.0",2,"Automóvil,Moto/Ciclomotor","Buenos Aires Y Bv Sarmiento",2,1,0,0,1,0,0,,"Calle",,"ROLDÁN","San Lorenzo","Hormigón","No existe","XVII","Dentro","Urbana","Ninguna","No existe","Intersección","Bueno","Reducida","Nocturna","Buen Tiempo","Lateral","S/D","Colisión","Ninguna","Faltante","Ninguna","Sin restricción"
2017,1632,4/7/2017,"Viernes",0,1:30:00,"Ruta Nacional 9","329.0",2,"Camión c / Acoplado,Camión c / Acoplado"," ",2,1,0,0,1,0,0,,"Ruta",9,"ROLDÁN","San Lorenzo","Hormigón","Natural","XVII","Dentro","Rural","Ninguna","No existe","Recta","Bueno","Reducida","Nocturna","Buen Tiempo","Otro","S/D","Colisión","Ninguna","Faltante","Ninguna","Sin restricción"
2017,1633,4/5/2017,"Miercoles",0,7:00:00,,"0.0",1,"Moto/Ciclomotor","Almte Brown 100",1,1,0,0,0,0,0,,"Calle",,"ROLDÁN","San Lorenzo","Hormigón","No existe","XVII","S/D","Urbana","Ninguna","No existe","Intersección","Bueno","Buena","Amanecer","Buen Tiempo","S/D","S/D","Caída ocupante","Ninguna","Vertical","Ninguna","Sin restricción"
2017,1634,4/4/2017,"Martes",0,9:55:00,"Ruta Nacional A012","45.0",2,"Automóvil,Moto/Ciclomotor"," ",2,2,0,0,0,0,0,,"Ruta","A012","ROLDÁN","San Lorenzo","Asfalto","Natural","XVII","Dentro","Rural","Ninguna","No existe","Recta","Bueno","Buena","Diurna","Buen Tiempo","S/D","S/D","Colisión","Ninguna","Faltante","Ninguna","Sin restricción"
2017,1635,4/3/2017,"Lunes",0,4:45:00,"Autopista Nacional Rosario -Cordoba","320.0",1,"Automóvil"," ",1,0,1,0,0,0,0,,"Autopista","Rosario -Cordoba","ROLDÁN","San Lorenzo","Asfalto","Natural","XVII","S/D","Rural","Ninguna","No existe","Recta","Bueno","Reducida","Nocturna","Buen Tiempo","S/D","S/D","Vuelco","Ninguna","Vertical","Ninguna","Sin restricción"
2017,1636,4/17/2017,"Lunes",0,20:00:00,,"0.0",2,"Automóvil,Moto/Ciclomotor","Silverio Cordoba Y Dorrego",2,1,0,0,1,0,0,,"Avenida",,"SAN LORENZO","San Lorenzo","Asfalto","S/D","XVII","S/D","Urbana","S/D","No existe","Intersección","Bueno","Buena","Nocturna","Buen Tiempo","S/D","S/D","Colisión","S/D","S/D","S/D","S/D"
2017,1637,4/4/2017,"Martes",0,20:00:00,"Ruta Nacional 11","0.0",2,"Moto/Ciclomotor,Automóvil","Bv Oroño Y Irigoyen",2,1,0,0,1,0,0,,"Ruta",11,"SAN LORENZO","San Lorenzo","S/D","S/D","XVII","S/D","Urbana","S/D","S/D","S/D","S/D","S/D","Nocturna","S/D","S/D","S/D","Colisión","S/D","S/D","S/D","S/D"
2017,1638,4/1/2017,"Sabado",0,23:05:00,,"0.0",2,"Automóvil,Moto/Ciclomotor","Av San Martin Y Sarmiento",2,1,0,0,1,0,0,,"Avenida",,"SAN LORENZO","San Lorenzo","Hormigón","S/D","XVII","S/D","Urbana","S/D","Funciona","Intersección","Bueno","Buena","Nocturna","S/D","S/D","S/D","Colisión","Ninguna","Vertical","S/D","S/D"
2017,1639,4/12/2017,"Miercoles",0,,"Ruta Nacional 33","762.0",2,"Automóvil,Camión Chasis"," ",2,1,0,0,1,0,0,,"Ruta",33,"PUJATO","San Lorenzo","Asfalto","Natural","XVII","Dentro","Rural","Ninguna","No existe","Recta","Bueno","Buena","S/D","Buen Tiempo","S/D","S/D","Vuelco","Ninguna","Faltante","Ninguna","Sin restricción"
2017,1640,4/22/2017,"Sabado",0,5:50:00,,"0.0",1,"Automóvil"," ",1,0,1,0,0,0,0,,"Calle",,"FUENTES","San Lorenzo","Ripio","No existe","XVII","Fuera","Urbana","Ninguna","No existe","Intersección","Bueno","Buena","Amanecer,Con luz artificial","Buen Tiempo","S/D","S/D","Despiste","Ninguna","Faltante","Ninguna","Sin restricción"
2017,1641,4/10/2017,"Lunes",0,21:45:00,,"0.0",2,"Moto/Ciclomotor,Automóvil","Balcarce Y Bartolome Mitre",2,1,0,0,1,0,0,,"Calle",,"TOSTADO","9 de Julio","Asfalto","No existe","XII","S/D","Urbana","Ninguna","No existe","Intersección","Bueno","Reducida","Nocturna","Buen Tiempo","Lateral","S/D","Colisión","Ninguna","Faltante","Ninguna","Sin restricción"
2017,1642,4/22/2017,"Sabado",0,3:00:00,,"0.0",1,"Moto/Ciclomotor","6 de Caballeria ",1,0,1,0,0,0,0,,"Calle",,"TOSTADO","9 de Julio","Asfalto","No existe","XII","S/D","Urbana","Ninguna","No existe","Recta","Bueno","Buena","Amanecer","Buen Tiempo","Contra objeto fijo","S/D","Colisión","Ninguna","Faltante","Cordón divisorio","Sin restricción"
2017,1643,4/21/2017,"Viernes",0,8:40:00,,"0.0",2,"Automóvil,Bicicleta","2 de Abril Y San Juan",2,1,0,0,1,0,0,,"Calle",,"TOSTADO","9 de Julio","Ripio","No existe","XII","S/D","Urbana","Ninguna","No existe","Intersección","Bueno","Buena","Diurna","Buen Tiempo","S/D","Ciclista","Atropello","Ninguna","Faltante","Ninguna","Sin restricción"
2017,1644,4/12/2017,"Miercoles",0,6:45:00,,"0.0",2,"Pickup/Utilitario,Moto/Ciclomotor","Carlos Silvestre Begnis Y Comandante Razzetti",2,1,0,0,1,0,0,,"Calle",,"TOSTADO","9 de Julio","Asfalto","No existe","XII","S/D","Urbana","Ninguna","No existe","Recta","Bueno","Buena","Amanecer","Buen Tiempo","Lateral","S/D","Colisión","Ninguna","Faltante","Ninguna","Sin restricción"
2017,1645,4/8/2017,"Sabado",0,12:45:00,,"0.0",2,"Moto/Ciclomotor,Automóvil","Republica Argentina Y Juan de Garay",2,0,1,0,1,0,0,,"Calle",,"TOSTADO","9 de Julio","Ripio","No existe","XII","Dentro","Urbana","Ninguna","No existe","Intersección","Bueno","Buena","Diurna","Buen Tiempo","Lateral","S/D","Colisión","Ninguna","Faltante","Ninguna","Sin restricción"
2017,1646,4/27/2017,"Jueves",0,11:20:00,,"0.0",1,"Moto/Ciclomotor"," ",2,1,0,0,0,0,1,,"S/D",,"LOGROÑO","9 de Julio","Asfalto","Natural","XII","Fuera","Rural","S/D","No existe","Recta","Bueno","Buena","Diurna","Buen Tiempo","S/D","S/D","Vuelco","Ninguna","S/D","Ninguna","Sin restricción"
2017,1647,4/15/2017,"Sabado",0,18:15:00,"Ruta Secundaria 293-s","0.0",1,"Moto/Ciclomotor"," ",2,0,1,0,1,0,0,,"Ruta","293-s","SANTA MARGARITA","9 de Julio","Asfalto","Natural","XII","Dentro","Rural","Ninguna","No existe","Recta","Resbaladiza","Buena","Diurna","Lluvia","S/D","S/D","Caída ocupante","Agua","Faltante","Ninguna","S/D"
2017,1648,4/20/2017,"Jueves",0,7:00:00,,"0.0",1,"Moto/Ciclomotor"," ",2,2,0,0,0,0,0,,"Camino Rural",,"LOGROÑO","9 de Julio","Ripio","No existe","XII","Dentro","Rural","Ninguna","No existe","Recta","Resbaladiza","Buena","Diurna","Buen Tiempo","S/D","S/D","Caída ocupante","Otro","Faltante","Ninguna","Sin restricción"
2017,1649,4/15/2017,"Sabado",0,18:25:00,,"0.0",2,"Moto/Ciclomotor,Automóvil","Gral Lopez Y Saavedra",2,1,0,0,1,0,0,,"Calle",,"FRANCK","Las Colonias","Asfalto","No existe","XI","Dentro","Urbana","Ninguna","No existe","Intersección","Bueno","Buena","Diurna","Buen Tiempo","Lateral","S/D","Colisión","S/D","S/D","Cordón divisorio","Sin restricción"
2017,1650,4/5/2017,"Miercoles",0,12:10:00,,"0.0",2,"Moto/Ciclomotor,Automóvil","Belgrano Y Av Beck-Herzog",2,1,0,0,1,0,0,,"Avenida",,"HUMBOLDT","Las Colonias","Hormigón","S/D","XI","Dentro","Urbana","Ninguna","S/D","Intersección","Bueno","Buena","Diurna","Buen Tiempo","Lateral","S/D","Colisión","Ninguna","S/D","Ninguna","S/D"
2017,1651,4/18/2017,"Martes",0,20:45:00,,"0.0",2,"Bicicleta,Automóvil","25 de Mayo Y Sarmiento",2,0,1,0,1,0,0,,"Calle",,"SAN CARLOS CENTRO","Las Colonias","Asfalto","No existe","XI","Dentro","Urbana","Ninguna","No existe","Intersección","Resbaladiza","Reducida","Nocturna,Con luz artificial","Buen Tiempo","S/D","Ciclista","Atropello","Agua","S/D","Ninguna","Sin restricción"
2017,1652,4/14/2017,"Viernes",0,14:00:00,,"0.0",2,"Moto/Ciclomotor,Moto/Ciclomotor","Misiones Y 12 de Octubre",2,0,1,0,1,0,0,,"Calle",,"PILAR","Las Colonias","Asfalto","No existe","XI","Dentro","Urbana","Ninguna","No existe","Intersección","Bueno","Buena","Diurna","Buen Tiempo","Lateral","S/D","Colisión","Ninguna","S/D","Ninguna","S/D"
2017,1653,4/4/2017,"Martes",0,16:30:00,,"0.0",2,"Automóvil,Peatón","9 de Julio Y Rivadavia",2,1,0,0,1,0,0,,"Calle",,"SAN CARLOS CENTRO","Las Colonias","Asfalto","S/D","XI","Dentro","Urbana","Ninguna","S/D","Recta","Bueno","Buena","Diurna","Buen Tiempo","S/D","Peatón","Atropello","Ninguna","S/D","Ninguna","S/D"
2017,1654,4/23/2017,"Domingo",0,16:10:00,,"0.0",1,"Automóvil"," ",2,1,1,0,0,0,0,,"S/D",,"SA PEREIRA","Las Colonias","Hormigón","Pavimento","XI","Dentro","Rural","Ninguna","No existe","Recta","Bueno","Buena","Diurna","Buen Tiempo","S/D","S/D","Vuelco","Ninguna","Horizontal,Vertical","Ninguna","S/D"
2017,1655,4/26/2017,"Miercoles",0,10:20:00,,"0.0",1,"Moto/Ciclomotor","Independencia 63",1,1,0,0,0,0,0,,"Calle",,"PROGRESO","Las Colonias","Asfalto","S/D","XI","Dentro","Urbana","Ninguna","S/D","Recta","Bueno","Buena","Diurna","Buen Tiempo","Atropello animal","S/D","Colisión","S/D","S/D","Ninguna","S/D"
2017,1656,4/3/2017,"Lunes",0,14:15:00,,"0.0",2,"Bicicleta,Moto/Ciclomotor","A Gaminara Y San Martin",2,1,0,0,1,0,0,,"Calle",,"SAN CARLOS CENTRO","Las Colonias","Asfalto","No existe","XI","Dentro","Urbana","Ninguna","No existe","Intersección","Bueno","Buena","Diurna","Buen Tiempo","S/D","Ciclista","Atropello","Ninguna","S/D","Ninguna","S/D"
2017,1657,4/14/2017,"Viernes",0,2:30:00,,"0.0",1,"Moto/Ciclomotor","Los Colonizadore ",1,1,0,0,0,0,0,,"Avenida",,"PROGRESO","Las Colonias","Asfalto","S/D","XI","Dentro","Urbana","Ninguna","No existe","Recta","Bueno","Buena","Nocturna,Con luz artificial","Buen Tiempo","Contra objeto fijo","S/D","Colisión","Ninguna","S/D","Ninguna","S/D"
2017,1658,4/1/2017,"Sabado",0,11:30:00,,"0.0",2,"Pickup/Utilitario,Moto/Ciclomotor","Avenida Libertador Y I Crespo",2,0,0,1,1,0,0,,"Avenida",,"SANTO DOMINGO","Las Colonias","Asfalto","No existe","XI","Dentro","Urbana","Ninguna","No existe","Intersección","Bueno","Buena","Diurna","Buen Tiempo","Lateral","S/D","Colisión","Ninguna","S/D","Ninguna","S/D"
2017,1659,4/29/2017,"Sabado",0,21:25:00,"Ruta Nacional 9","0.0",1,"Automóvil","Talacasto ",1,1,0,0,0,0,0,,"Ruta",9,"ROLDÁN","San Lorenzo","Asfalto","Natural","XVII","Dentro","Urbana","Ninguna","No existe","Recta","Bueno","Buena","Nocturna","Buen Tiempo","S/D","S/D","Vuelco","Ninguna","S/D","Ninguna","S/D"
2017,1660,4/10/2017,"Lunes",0,,"Ruta Nacional 19","15.0",2,"Camión c / Acoplado,Camión c / Semirremolque"," ",2,0,0,0,1,1,0,"-31.64539, -60.92386","Ruta",19,"SAN AGUSTÍN","Las Colonias","S/D","S/D","XI","Dentro","Rural","Ninguna","S/D","Recta","Otro","S/D","S/D","Otro","De alcance","S/D","Colisión","Ninguna","S/D","Vegetación","Accidente Previo"
2017,1661,4/16/2017,"Domingo",0,11:17:00,,"0.0",2,"Bicicleta,Moto/Ciclomotor","Peru Y Libertad",2,1,0,0,1,0,0,,"Calle",,"ESPERANZA","Las Colonias","Asfalto","S/D","XI","Dentro","Urbana","Ninguna","S/D","Recta","Bueno","Buena","Diurna","Buen Tiempo","S/D","Ciclista","Atropello","Ninguna","S/D","Ninguna","S/D"
2017,1662,4/11/2017,"Martes",0,6:50:00,,"0.0",1,"Camión c / Acoplado"," ",1,1,0,0,0,0,0,,"S/D",,"CULULÚ","Las Colonias","S/D","S/D","XI","S/D","Rural","Ninguna","S/D","S/D","S/D","S/D","S/D","Otro","S/D","S/D","Vuelco","S/D","S/D","Ninguna","S/D"
2017,1663,4/22/2017,"Sabado",0,19:30:00,,"0.0",2,"Bicicleta,Pickup/Utilitario","San Lorenzo Y Tucuman",2,1,0,0,1,0,0,,"Calle",,"LAS ROSAS","Belgrano","Asfalto","No existe","III","Dentro","Urbana","Ninguna","No existe","Intersección","Bueno","Buena","Atardecer","Buen Tiempo","S/D","Ciclista","Atropello","Agua","Horizontal","Ninguna","S/D"
2017,1664,4/5/2017,"Miercoles",0,10:30:00,,"0.0",2,"Moto/Ciclomotor,Moto/Ciclomotor","Avenida 16 Y Calle 15",2,1,0,0,1,0,0,,"Avenida",,"LAS PAREJAS","Belgrano","Asfalto","No existe","III","Dentro","Urbana","Ninguna","No existe","Recta","Bueno","Buena","Diurna","Buen Tiempo","Lateral","S/D","Colisión","Ninguna","S/D","Cordón divisorio","S/D"
2017,1665,4/7/2017,"Viernes",0,19:00:00,,"0.0",2,"Taxi/Remis,Moto/Ciclomotor","Avenida 21 Y Calle 24",2,1,0,0,1,0,0,,"Avenida",,"LAS PAREJAS","Belgrano","Asfalto","No existe","III","Dentro","Urbana","Ninguna","No existe","Intersección","Otro","Buena","Atardecer","Buen Tiempo","Lateral","S/D","Colisión","Ninguna","S/D","Ninguna","S/D"
2017,1666,4/17/2017,"Lunes",0,15:00:00,,"0.0",1,"Moto/Ciclomotor","Dr Ricardo Fischer 900",1,1,0,0,0,0,0,,"Calle",,"ARMSTRONG","Belgrano","S/D","S/D","III","Dentro","Urbana","Ninguna","S/D","Recta","S/D","Buena","Diurna","Buen Tiempo","S/D","S/D","Caída ocupante","S/D","S/D","Ninguna","S/D"
2017,1667,4/20/2017,"Jueves",0,17:45:00,,"0.0",2,"Automóvil,Moto/Ciclomotor","Almirante Brown Y G Lehmann",2,0,1,0,1,0,0,,"Calle",,"ESPERANZA","Las Colonias","Asfalto","S/D","XIX","Dentro","Rural","Ninguna","S/D","Intersección","Bueno","Buena","Diurna","Buen Tiempo","Lateral","S/D","Colisión","Ninguna","S/D","Ninguna","S/D"
2017,1668,4/20/2017,"Jueves",0,15:00:00,,"0.0",2,"Peatón,Moto/Ciclomotor","Castelli Y Bartolome Mitre",2,1,0,0,1,0,0,,"Calle",,"ESPERANZA","Las Colonias","Asfalto","Pavimento","XI","Dentro","Urbana","Ninguna","No existe","Intersección","Bueno","Buena","Diurna","Buen Tiempo","S/D","Peatón","Atropello","Ninguna","S/D","Ninguna","S/D"
2017,1669,4/20/2017,"Jueves",0,8:15:00,,"0.0",2,"Moto/Ciclomotor,Peatón","Rivadavia Y Aaron Castellanos",2,1,0,0,1,0,0,,"Calle",,"ESPERANZA","Las Colonias","Asfalto","S/D","XI","Dentro","Urbana","Ninguna","S/D","Intersección","Bueno","Buena","Diurna","Buen Tiempo","S/D","Peatón","Atropello","Ninguna","S/D","Ninguna","S/D"
2017,1670,4/29/2017,"Sabado",0,16:00:00,,"0.0",2,"Automóvil,Moto/Ciclomotor","Av Carlos A Poucel Y Dr Ghio",2,0,0,0,0,0,2,,"Avenida",,"SAN LORENZO","San Lorenzo","Asfalto","S/D","XVII","Dentro","Urbana","Ninguna","S/D","Intersección","Bueno","Buena","Diurna","Buen Tiempo","Lateral","S/D","Colisión","Ninguna","S/D","Ninguna","S/D"
2017,1671,4/27/2017,"Jueves",0,19:05:00,,"0.0",2,"Moto/Ciclomotor,Automóvil","Artigas Y Tte. roca",2,1,0,0,1,0,0,,"Calle",,"SAN LORENZO","San Lorenzo","Asfalto","No existe","XVII","Dentro","Urbana","Ninguna","No existe","Intersección","Bueno","Buena","Atardecer","Buen Tiempo","Lateral","S/D","Colisión","Ninguna","S/D","Ninguna","S/D"
2017,1672,4/30/2017,"Domingo",0,21:30:00,"Ruta Nacional A012","0.0",2,"Moto/Ciclomotor,Camión c / Acoplado"," ",2,0,0,0,0,0,2,,"Ruta","A012","SAN LORENZO","San Lorenzo","Asfalto","S/D","XVII","Dentro","Rural","Ninguna","S/D","Recta","Bueno","Buena","Nocturna","Buen Tiempo","S/D","S/D","Colisión","Ninguna","S/D","Ninguna","S/D"
2017,1673,4/27/2017,"Jueves",0,14:30:00,,"0.0",2,"Automóvil,Moto/Ciclomotor","San Martin 1500",3,1,0,0,2,0,0,,"Calle",,"PILAR","Las Colonias","Asfalto","No existe","XI","Dentro","Urbana","Ninguna","No existe","Recta","Bueno","Buena","Diurna","Buen Tiempo","De alcance","S/D","Colisión","Ninguna","Faltante","Cordón divisorio","Sin restricción"
2017,1674,4/25/2017,"Martes",0,17:05:00,"Ruta Provincial 10","0.0",2,"Automóvil,Camión c / Acoplado"," ",3,2,0,0,1,0,0,,"Ruta",10,"SA PEREIRA","Las Colonias","Asfalto","Natural","XI","Dentro","Rural","Ninguna","No existe","Recta","Con baches,Deteriorada","Buena","Diurna","Buen Tiempo","Lateral","S/D","Colisión","Ninguna","S/D","Línea divisoria pintada","S/D"
2017,1675,4/9/2017,"Domingo",0,,,"0.0",2,"Automóvil,Automóvil","Avda. Jorge Newbery ",8,1,1,0,6,0,0,,"Avenida",,"GÁLVEZ","San Jerónimo","Asfalto","No existe","XV","Dentro","Urbana","Ninguna","No existe","Recta","Bueno","Buena","Nocturna","Buen Tiempo","Lateral","S/D","Colisión","Ninguna","Faltante","Ninguna","S/D"