"anio_acci","nro_acci","fecha","desc_dia","fecha_aprox","hora_aprox","desc_ruta","km","cant_participantes","desc_participante","calle_avenida_km","total","heridos_leves","heridos_graves","heridos_gravisimos","ilesos","fallecidos","sin_datos","posicion_XY","desc_tipo_via","desc_ruta_ori","desc_loc","desc_dpto","desc_tipo_calzada","desc_tipo_banquina","desc_unidad_regional","desc_lugar_calzada","desc_zona","desc_prioridad","desc_estado_semaforo","desc_lugar_via","desc_estado_via","desc_estado_visibilidad","desc_luminosidad","desc_estado_clima","desc_tipo_colision","desc_tipo_atropello","desc_tipo_hecho","desc_pres_calzada","desc_senializacion","desc_separacion_via","desc_restriccion"
2017,1676,4/21/2017,"Viernes",0,6:30:00,"Ruta Provincial 70","0.0",2,"Automóvil,Moto/Ciclomotor","Domingo Faustino Sarmiento ",2,1,0,0,1,0,0,,"Ruta",70,"ESPERANZA","Las Colonias","Asfalto","S/D","XI","Dentro","Urbana","Ninguna","Funciona","Intersección","Bueno","Buena","Nocturna","Buen Tiempo","Lateral","S/D","Colisión","S/D","S/D","Ninguna","S/D"
2017,1677,4/20/2017,"Jueves",0,19:20:00,,"0.0",2,"Automóvil,Moto/Ciclomotor","Av Los Colonizadores Y Pujol Bis Gdor",3,1,1,0,1,0,0,,"Avenida",,"ESPERANZA","Las Colonias","Asfalto","Natural","XI","Dentro","Urbana","Policía de tránsito","Funciona","Intersección","S/D","Buena","Atardecer","Buen Tiempo","Lateral","S/D","Colisión","S/D","S/D","Ninguna","S/D"
2017,1678,4/23/2017,"Domingo",0,21:20:00,,"0.0",2,"Bicicleta,Automóvil","Almirante Brown Y Guemes",2,1,0,0,1,0,0,,"Calle",,"ESPERANZA","Las Colonias","Asfalto","Pavimento","XI","Dentro","Urbana","Ninguna","No existe","Intersección","Bueno","Buena","Nocturna","Buen Tiempo","S/D","Ciclista","Atropello","Ninguna","S/D","Barrera de hormigón","Sin restricción"
2017,1679,4/24/2017,"Lunes",0,19:15:00,,"0.0",2,"Moto/Ciclomotor,Bicicleta","9 de Julio Y Gral San Martin",2,2,0,0,0,0,0,,"Avenida",,"VILLA MINETTI","9 de Julio","Asfalto","No existe","XII","Dentro","Urbana","Ninguna","No existe","Recta","Bueno","Buena","Atardecer","Buen Tiempo","S/D","Ciclista","Atropello","Ninguna","Faltante","Ninguna","S/D"
2017,1680,4/9/2017,"Domingo",0,6:15:00,"Ruta Provincial 39","49.0",1,"Moto/Ciclomotor"," ",1,1,0,0,0,0,0,,"Ruta",39,"GOBERNADOR CRESPO","San Justo","Asfalto","Natural","XVI","Fuera","Rural","Ninguna","No existe","Recta","Resbaladiza","Buena","Amanecer","Buen Tiempo","S/D","S/D","Caída ocupante","Agua","S/D","Ninguna","S/D"
2017,1681,4/30/2017,"Domingo",0,3:50:00,"Ruta Provincial 1","71.0",1,"Moto/Ciclomotor"," ",1,1,0,0,0,0,0,,"Ruta",1,"CAYASTA","Garay","Asfalto","No existe","VII","Dentro","Urbana","Ninguna","Intermitente","Recta","Bueno","Buena","Nocturna","Buen Tiempo","S/D","S/D","Caída ocupante","Ninguna","Vertical","Ninguna","Sin restricción"
2017,1682,4/29/2017,"Sabado",0,14:10:00,"Ruta Provincial 1","71.0",1,"Tractor"," ",2,0,1,0,1,0,0,,"Ruta",1,"CAYASTA","Garay","Asfalto","Natural","VII","Fuera","Urbana","Ninguna","No existe","Recta","Con baches","Buena","Diurna,Con luz artificial","Buen Tiempo","S/D","S/D","Vuelco","Ninguna","S/D","Ninguna","Sin restricción"
2017,1683,3/1/2017,"Miercoles",0,7:20:00,,"51.0",1,"Moto/Ciclomotor","Callejon Aguirre Y Aguado",2,1,0,0,1,0,0,,"Calle",,"SANTA FE","La Capital","Asfalto","S/D","I","Dentro","Urbana","Ninguna","S/D","Intersección","S/D","Buena","Diurna","Buen Tiempo","Lateral","S/D","Colisión","S/D","S/D","Ninguna","S/D"
2017,1684,3/23/2017,"Jueves",0,18:50:00,,"0.0",2,"Automóvil,Moto/Ciclomotor","Beruti Y Cafferata",2,1,0,0,1,0,0,,"Calle",,"SANTA FE","La Capital","Asfalto","No existe","I","Dentro","Urbana","Ninguna","No existe","Intersección","Deteriorada","Buena","Diurna","Buen Tiempo","S/D","S/D","Caída ocupante","Ninguna","Horizontal","Ninguna","Sin restricción"
2017,1685,3/26/2017,"Domingo",0,10:10:00,"Ruta Nacional 11","0.0",1,"Moto/Ciclomotor","Av Blas Parera Y Beruti",2,1,0,0,1,0,0,,"Ruta",11,"SANTA FE","La Capital","Asfalto","No existe","I","Dentro","Urbana","Ninguna","Intermitente","Intersección","Bueno","Buena","Diurna","Buen Tiempo","Lateral","S/D","Colisión","Ninguna","S/D","Cordón divisorio","Sin restricción"
2017,1686,3/20/2017,"Lunes",0,14:00:00,,"0.0",2,"Bicicleta,Automóvil","Florencio Fernandez Y Bernardo de Irigoyen",2,1,0,0,1,0,0,,"Calle",,"SANTA FE","La Capital","S/D","S/D","I","Dentro","Urbana","Ninguna","S/D","Intersección","S/D","Buena","Diurna","Buen Tiempo","S/D","Ciclista","Atropello","S/D","S/D","Ninguna","S/D"
2017,1687,3/19/2017,"Domingo",0,14:50:00,,"0.0",2,"Peatón,Taxi/Remis","Azopardo 9000",2,1,0,0,1,0,0,,"Calle",,"SANTA FE","La Capital","Asfalto","S/D","I","Dentro","Urbana","Ninguna","S/D","Intersección","Bueno","Buena","Diurna","Buen Tiempo","Lateral","S/D","Colisión","Ninguna","S/D","Ninguna","S/D"
2017,1688,3/24/2017,"Viernes",0,13:30:00,"Ruta Nacional 19","39.0",1,"Pickup/Utilitario"," ",1,0,1,0,0,0,0,,"Ruta",19,"SAN JERÓNIMO DEL SAUCE","Las Colonias","Asfalto","Natural","XI","Fuera","Urbana","Ninguna","No existe","Recta","Bueno","Buena","Diurna","Buen Tiempo","S/D","S/D","Vuelco,Despiste","Ninguna","Faltante","Línea divisoria pintada","Sin restricción"
2017,1689,4/25/2017,"Martes",0,12:55:00,"Ruta Nacional 9","335.0",1,"Ambulancia"," ",1,0,1,0,0,0,0,,"Ruta",9,"ROLDÁN","San Lorenzo","Asfalto","Natural","XVII","Dentro","Rural","Ninguna","No existe","Recta","Bueno","Buena","Diurna","Buen Tiempo","S/D","S/D","Vuelco","Agua","Faltante","Ninguna","Sin restricción"
2017,1690,3/19/2017,"Domingo",0,13:40:00,,"0.0",2,"Moto/Ciclomotor,Bicicleta","Gorriti Y Aguado",2,1,0,0,1,0,0,,"Calle",,"SANTA FE","La Capital","Asfalto","S/D","I","Dentro","Urbana","Ninguna","S/D","Intersección","S/D","Buena","Diurna","Buen Tiempo","Lateral","S/D","Colisión","S/D","S/D","Ninguna","S/D"
2017,1691,4/23/2017,"Domingo",0,7:20:00,,"0.0",2,"Tractor,Moto/Ciclomotor","Bernardino Rivadavia 1800",3,1,1,0,0,0,1,,"Calle",,"FRANCK","Las Colonias","Asfalto","Pavimento","XI","Dentro","Urbana","Ninguna","No existe","Recta","Bueno","Buena","Nocturna","Buen Tiempo","De alcance","S/D","Colisión","Ninguna","S/D","Ninguna","Sin restricción"
2017,1692,3/9/2017,"Jueves",0,17:30:00,,"0.0",1,"Moto/Ciclomotor","Moreno 640",1,1,0,0,0,0,0,,"Calle",,"SAN CARLOS SUR","Las Colonias","Ripio","No existe","XI","Dentro","Urbana","Ninguna","No existe","Recta","Bueno","Buena","Diurna","Buen Tiempo","S/D","S/D","Caída ocupante","Otro","Faltante","Ninguna","Sin restricción"
2017,1693,4/19/2017,"Miercoles",0,19:15:00,,"0.0",1,"Automóvil","Hipolito Irigoyen Y Bvard Pasteur",6,5,0,0,1,0,0,,"Calle",,"GÁLVEZ","San Jerónimo","Asfalto","No existe","XV","Dentro","Urbana","Semáforo","Funciona","Intersección","Bueno","Buena","Atardecer","Buen Tiempo","S/D","S/D","Despiste","S/D","S/D","Vegetación","Sin restricción"
2017,1694,3/7/2017,"Martes",0,19:40:00,,"0.0",1,"Moto/Ciclomotor","Moreno 200",1,1,0,0,0,0,0,,"Calle",,"SAN CARLOS SUR","Las Colonias","Ripio","Ripio","XI","S/D","Urbana","Ninguna","No existe","Recta","Bueno","Buena","Con luz artificial","Buen Tiempo","Atropello animal","S/D","Colisión","Ninguna","Faltante","Ninguna","Sin restricción"
2017,1695,4/3/2017,"Lunes",0,18:40:00,,"0.0",2,"Moto/Ciclomotor,Automóvil","Cordoba Y Reconquista",4,3,0,0,1,0,0,,"Calle",,"PUERTO SAN MARTÍN","San Lorenzo","Asfalto","No existe","XVII","Dentro","Urbana","Ninguna","No existe","Intersección","Bueno","Buena","Atardecer","Buen Tiempo","Lateral","S/D","Colisión","Ninguna","Horizontal","Ninguna","Sin restricción"
2017,1696,3/10/2017,"Viernes",0,20:30:00,,"0.0",2,"Moto/Ciclomotor,Automóvil","Gdor Candioti Y Pedro de Vega",2,1,0,0,1,0,0,,"Calle",,"SANTA FE","La Capital","Asfalto","No existe","I","S/D","Urbana","Ninguna","No existe","Intersección","Bueno","Reducida","Nocturna","Buen Tiempo","Lateral","S/D","Colisión","Ninguna","S/D","Ninguna","Sin restricción"
2017,1697,4/25/2017,"Martes",0,8:40:00,,"0.0",2,"Camión Chasis,Moto/Ciclomotor","Jose Marquez Y Liniers",2,0,0,0,0,1,1,"-32.766052, -60.738376","Calle",,"SAN LORENZO","San Lorenzo","S/D","Natural","XVII","Dentro","Urbana","S/D","No existe","Intersección","Bueno","Buena","Diurna","S/D","S/D","S/D","Colisión","Ninguna","Faltante","Ninguna","S/D"
2017,1698,3/8/2017,"Miercoles",0,19:00:00,,"0.0",2,"Moto/Ciclomotor,Pickup/Utilitario","Llerena Y Av Gral Paz",2,1,0,0,1,0,0,,"Avenida",,"SANTA FE","La Capital","Asfalto","No existe","I","S/D","Urbana","S/D","No existe","Intersección","Bueno","Buena","Diurna","Buen Tiempo","Lateral","S/D","Colisión","Ninguna","S/D","S/D","Sin restricción"
2017,1699,4/23/2017,"Domingo",0,1:15:00,"Ruta Nacional 11","329.0",2,"Moto/Ciclomotor,Automóvil","Av San Martin Y Jose Ingenieros",2,0,0,0,0,0,2,,"Ruta",11,"SAN LORENZO","San Lorenzo","Asfalto","No existe","XVII","Dentro","Urbana","Semáforo","Funciona","Intersección","Bueno","Buena","Nocturna","Buen Tiempo","S/D","S/D","Colisión","Ninguna","Horizontal","Ninguna","S/D"
2017,1700,3/8/2017,"Miercoles",0,18:00:00,,"0.0",2,"Moto/Ciclomotor,Automóvil","J Castelli Y Alberdi",2,1,0,0,1,0,0,,"Calle",,"SANTA FE","La Capital","Asfalto","S/D","I","S/D","Rural","Ninguna","No existe","Intersección","Bueno","Buena","Diurna","Buen Tiempo","Lateral","S/D","Colisión","Ninguna","S/D","Ninguna","Sin restricción"
2017,1701,4/20/2017,"Jueves",0,14:50:00,,"0.0",2,"Automóvil,Moto/Ciclomotor","Neuquen Y Bateria Independencia",2,0,0,0,0,0,2,,"Calle",,"SAN LORENZO","San Lorenzo","S/D","No existe","XVII","Dentro","Urbana","Ninguna","No existe","Intersección","Bueno","Buena","Diurna","Buen Tiempo","S/D","S/D","Colisión","S/D","Horizontal","Ninguna","S/D"
2017,1702,4/20/2017,"Jueves",0,10:30:00,,"0.0",1,"Moto/Ciclomotor","Santa Cruz Y Neuquen",1,1,0,0,0,0,0,,"Calle",,"SAN LORENZO","San Lorenzo","Ripio","Natural","XVII","Dentro","Urbana","Ninguna","No existe","Intersección","Bueno","Buena","Diurna","Buen Tiempo","S/D","S/D","Caída ocupante","Ninguna","Horizontal","Ninguna","S/D"
2017,1703,3/7/2017,"Martes",0,18:20:00,,"0.0",2,"Automóvil,Pickup/Utilitario","Salvador del Carril Y Las Heras",2,1,0,0,1,0,0,,"Avenida",,"SANTA FE","La Capital","Asfalto","No existe","I","S/D","Urbana","S/D","No existe","Intersección","Bueno","S/D","Diurna","S/D","Lateral","S/D","Colisión","Ninguna","S/D","S/D","S/D"
2017,1704,4/16/2017,"Domingo",0,5:50:00,,"0.0",2,"Moto/Ciclomotor,Automóvil","Urquiza Y Dorrego",2,0,0,0,0,0,2,,"Calle",,"SAN LORENZO","San Lorenzo","Asfalto","No existe","XVII","Dentro","Urbana","Semáforo","Funciona","Intersección","Bueno","Buena","Nocturna","Buen Tiempo","S/D","S/D","Colisión","Ninguna","Vertical","Ninguna","Sin restricción"
2017,1705,3/23/2017,"Jueves",0,12:30:00,,"0.0",2,"Bicicleta,Automóvil","Estanislao Zeballos Y San Jeronimo",2,1,0,0,1,0,0,,"Calle",,"SANTA FE","La Capital","Asfalto","S/D","I","S/D","Urbana","S/D","No existe","Intersección","S/D","S/D","Diurna","S/D","S/D","Ciclista","Atropello","S/D","S/D","S/D","S/D"
2017,1706,4/15/2017,"Sabado",0,13:30:00,,"0.0",2,"Automóvil,Moto/Ciclomotor","Irigoyen Y Urquiza",2,1,0,0,1,0,0,,"Calle",,"SAN LORENZO","San Lorenzo","Asfalto","No existe","XVII","Dentro","Urbana","Ninguna","No existe","Intersección","Bueno","Buena","Atardecer","Buen Tiempo","S/D","S/D","Colisión","S/D","S/D","Ninguna","S/D"
2017,1707,3/6/2017,"Lunes",0,10:40:00,,"0.0",2,"Moto/Ciclomotor,Automóvil","Salvador del Carril Y Rivadavia",2,1,0,0,1,0,0,,"Avenida",,"SANTA FE","La Capital","Asfalto","No existe","I","S/D","Urbana","Ninguna","No existe","Intersección","Bueno","Buena","Diurna","Buen Tiempo","Lateral","S/D","Colisión","Ninguna","S/D","Ninguna","Sin restricción"
2017,1708,4/13/2017,"Jueves",0,2:40:00,,"0.0",2,"Moto/Ciclomotor,Automóvil","Sargento Cabral Y Tucuman",2,0,0,0,0,0,2,,"Calle",,"SAN LORENZO","San Lorenzo","Asfalto","No existe","XVII","Dentro","Urbana","S/D","No existe","Intersección","Bueno","Buena","Nocturna","Buen Tiempo","S/D","S/D","Colisión","S/D","S/D","Ninguna","Sin restricción"
2017,1709,4/12/2017,"Miercoles",0,20:30:00,"Autopista Provincial Brigadier E.López","18.0",1,"Moto/Ciclomotor"," ",1,1,0,0,0,0,0,,"Autopista","Brigadier E.López","SAN LORENZO","San Lorenzo","Asfalto","Natural","XVII","Dentro","Urbana","Ninguna","No existe","Recta","Bueno","Buena","Atardecer","Buen Tiempo","S/D","S/D","Caída ocupante","Ninguna","S/D","Ninguna","Sin restricción"
2017,1710,3/6/2017,"Lunes",0,9:40:00,,"0.0",2,"Moto/Ciclomotor,Pickup/Utilitario","Ricardo Aldao Y Mitre",2,1,0,0,1,0,0,,"Calle",,"SANTA FE","La Capital","Asfalto","No existe","I","S/D","Rural","Ninguna","No existe","Intersección","Bueno","Buena","Diurna","Buen Tiempo","Lateral","S/D","Colisión","Ninguna","S/D","Ninguna","Sin restricción"
2017,1711,4/12/2017,"Miercoles",0,12:45:00,,"0.0",2,"Camión c / Acoplado,Bicicleta","San Juan ",2,1,0,0,1,0,0,,"Calle",,"SAN LORENZO","San Lorenzo","Asfalto","No existe","XVII","Dentro","Urbana","Ninguna","No existe","Intersección","Bueno","Buena","Diurna","Buen Tiempo","S/D","Ciclista","Atropello","Ninguna","S/D","Ninguna","Sin restricción"
2017,1712,3/2/2017,"Jueves",0,,,"0.0",2,"Moto/Ciclomotor,Automóvil","Angel Cassanello 900",2,1,0,0,1,0,0,,"Calle",,"SANTA FE","La Capital","Asfalto","S/D","I","S/D","Rural","Ninguna","No existe","Intersección","Bueno","Buena","S/D","Buen Tiempo","Lateral","S/D","Colisión","Ninguna","S/D","Ninguna","Sin restricción"
2017,1713,4/12/2017,"Miercoles",0,8:30:00,,"0.0",2,"Bicicleta,Automóvil","General Lopez Y Entre Rios",2,1,0,0,1,0,0,,"Calle",,"SAN LORENZO","San Lorenzo","Asfalto","No existe","XVII","Dentro","Urbana","S/D","No existe","Intersección","Bueno","Buena","Diurna","Buen Tiempo","S/D","Ciclista","Atropello","Ninguna","S/D","Ninguna","S/D"
2017,1714,4/11/2017,"Martes",0,9:30:00,,"0.0",2,"Moto/Ciclomotor,Automóvil","Urquiza Y General Lopez",2,1,0,0,1,0,0,,"Calle",,"SAN LORENZO","San Lorenzo","Asfalto","No existe","XVII","Dentro","Urbana","Semáforo","Intermitente","Intersección","Bueno","Buena","Diurna","Buen Tiempo","S/D","S/D","Colisión","Ninguna","Vertical","Ninguna","S/D"
2017,1715,3/1/2017,"Miercoles",0,19:15:00,,"0.0",1,"Moto/Ciclomotor","Av Peñaloza Y Estanislao Zeballos",1,1,0,0,0,0,0,,"Avenida",,"SANTA FE","La Capital","Asfalto","Pavimento","I","Dentro","Urbana","Semáforo","Funciona","Intersección","Bueno","Buena","Atardecer","Buen Tiempo","S/D","S/D","Despiste","Ninguna","Vertical","Cordón divisorio","Sin restricción"
2017,1716,4/4/2017,"Martes",0,6:21:00,"Ruta Nacional A012","0.0",2,"Bicicleta,Automóvil"," ",2,1,0,0,1,0,0,,"Ruta","A012","SAN LORENZO","San Lorenzo","Asfalto","Natural","XVII","Dentro","Urbana","Ninguna","No existe","S/D","Bueno","Buena","Diurna","Buen Tiempo","S/D","Ciclista","Atropello","S/D","S/D","Ninguna","S/D"
2017,1717,3/2/2017,"Jueves",0,11:00:00,,"0.0",1,"Moto/Ciclomotor","Gdor Servando Bayo Y Boneo",1,1,0,0,0,0,0,,"Calle",,"SANTA FE","La Capital","Ripio","No existe","I","Dentro","Urbana","Ninguna","No existe","Intersección","Deteriorada","Buena","Diurna","Buen Tiempo","S/D","S/D","Despiste","Otro","Faltante","Ninguna","Sin restricción"
2017,1718,4/19/2017,"Miercoles",0,8:10:00,,"0.0",2,"Automóvil,Moto/Ciclomotor","Sarmiento ",2,2,0,0,0,0,0,,"Calle",,"FRAY LUIS BELTRÁN","San Lorenzo","Asfalto","No existe","XVII","Dentro","Urbana","Ninguna","No existe","Intersección","Bueno","Buena","Diurna","Buen Tiempo","Lateral","S/D","Colisión","Ninguna","Faltante","Ninguna","Sin restricción"
2017,1719,3/7/2017,"Martes",0,20:00:00,"Ruta Nacional 11","0.0",1,"Automóvil","Av Blas Parera 7800",1,1,0,0,0,0,0,,"Ruta",11,"SANTA FE","La Capital","Asfalto","S/D","I","Dentro","Urbana","Ninguna","S/D","Intersección","Bueno","S/D","Nocturna","Buen Tiempo","Frontal","S/D","Colisión","Material Suelto","Faltante","Cordón divisorio","S/D"
2017,1720,4/22/2017,"Sabado",0,12:40:00,,"0.0",2,"Pickup/Utilitario,Moto/Ciclomotor","Maestra Barragan - Ex Bs.As. Y Sarmiento",2,1,0,0,1,0,0,,"Calle",,"FRAY LUIS BELTRÁN","San Lorenzo","Asfalto","No existe","XVII","Dentro","Urbana","Ninguna","No existe","Intersección","Bueno","Buena","Diurna","Buen Tiempo","Lateral","S/D","Colisión","Agua","Faltante","Ninguna","Sin restricción"
2017,1721,3/9/2017,"Jueves",0,6:10:00,,"0.0",1,"Moto/Ciclomotor","Av Peñaloza Y Estanislao Zeballos",1,1,0,0,0,0,0,,"Calle",,"SANTA FE","La Capital","Asfalto","No existe","I","Dentro","Urbana","Semáforo","No existe","Intersección","Bueno","Buena","Diurna","Buen Tiempo","Contra objeto fijo","S/D","Colisión","Ninguna","Vertical","Cordón divisorio","Sin restricción"
2017,1722,3/9/2017,"Jueves",0,14:30:00,,"0.0",1,"Moto/Ciclomotor"," ",1,1,0,0,0,0,0,,"Calle",,"SANTA FE","La Capital","Asfalto","No existe","I","Dentro","Urbana","Ninguna","No existe","Intersección","Bueno","Buena","Diurna","Buen Tiempo","S/D","S/D","Despiste","Material Suelto","Horizontal","Cordón divisorio","Obra en Construcción"
2017,1723,4/9/2017,"Domingo",0,18:45:00,,"0.0",2,"Moto/Ciclomotor,Moto/Ciclomotor","Estrada Y Reconquista",2,1,0,0,1,0,0,,"Calle",,"FRAY LUIS BELTRÁN","San Lorenzo","Ripio","No existe","XVII","Dentro","Urbana","Ninguna","No existe","Intersección","Deteriorada","Buena","Diurna","Buen Tiempo","Lateral","S/D","Colisión","S/D","Faltante","Ninguna","Sin restricción"
2017,1724,3/9/2017,"Jueves",0,15:30:00,,"0.0",1,"Moto/Ciclomotor"," ",1,1,0,0,0,0,0,,"Calle",,"SANTA FE","La Capital","Asfalto","No existe","I","Dentro","Urbana","S/D","No existe","Intersección","Bueno","Buena","Diurna","Buen Tiempo","S/D","S/D","Despiste","Ninguna","Horizontal","Cordón divisorio","Sin restricción"
2017,1725,4/29/2017,"Sabado",0,11:00:00,,"0.0",2,"Automóvil,Moto/Ciclomotor","Buenos Aires Y 25 de Mayo",2,1,0,0,1,0,0,,"Calle",,"PUERTO SAN MARTÍN","San Lorenzo","Asfalto","No existe","XVII","Dentro","Urbana","Policía de tránsito","No existe","Intersección","Bueno","Buena","Diurna","Buen Tiempo","De alcance","S/D","Colisión","Ninguna","Faltante","Ninguna","Sin restricción"
2017,1726,3/9/2017,"Jueves",0,16:20:00,,"0.0",1,"Moto/Ciclomotor"," ",1,1,0,0,0,0,0,,"Calle",,"SANTA FE","La Capital","Asfalto","No existe","I","Dentro","Urbana","Ninguna","No existe","Intersección","Bueno","Buena","Diurna","Buen Tiempo","Contra objeto fijo","S/D","Colisión","Ninguna","Horizontal","Cordón divisorio","Sin restricción"
2017,1727,4/7/2017,"Viernes",0,6:20:00,"Ruta Nacional 11","0.0",2,"Automóvil,Camión c / Acoplado","Cordoba ",2,1,0,0,1,0,0,,"Ruta",11,"PUERTO SAN MARTÍN","San Lorenzo","Asfalto","Natural","XVII","Dentro","Urbana","Ninguna","No existe","Curva","Deteriorada","Buena","Amanecer","Buen Tiempo","Lateral","S/D","Colisión","S/D","Horizontal","Ninguna","Sin restricción"
2017,1728,3/28/2017,"Martes",0,20:00:00,,"0.0",2,"Moto/Ciclomotor,Peatón"," ",2,1,0,0,1,0,0,,"Calle",,"SANTA FE","La Capital","Asfalto","S/D","I","Dentro","Urbana","S/D","S/D","Intersección","S/D","S/D","Nocturna","S/D","S/D","Peatón","Atropello","S/D","S/D","S/D","S/D"
2017,1729,4/4/2017,"Martes",0,8:09:00,,"0.0",2,"Moto/Ciclomotor,Automóvil","Cordoba Y Sgto Cabral",2,1,0,0,1,0,0,,"Calle",,"PUERTO SAN MARTÍN","San Lorenzo","Asfalto","No existe","XVII","Dentro","Urbana","Ninguna","No existe","Distribuidor","Bueno","Buena","Diurna","Buen Tiempo","Lateral","S/D","Colisión","Ninguna","Horizontal","Ninguna","Sin restricción"
2017,1730,3/9/2017,"Jueves",0,18:00:00,,"0.0",1,"Moto/Ciclomotor"," ",1,1,0,0,0,0,0,,"S/D",,"SANTA FE","La Capital","Asfalto","No existe","I","Dentro","Urbana","S/D","No existe","Intersección","Bueno","S/D","Diurna","S/D","S/D","S/D","Caída ocupante","Ninguna","S/D","S/D","S/D"
2017,1731,3/21/2017,"Martes",0,18:30:00,,"0.0",2,"Otros,Bicicleta"," ",2,1,0,0,0,0,1,,"Calle",,"SANTA FE","La Capital","S/D","No existe","I","S/D","S/D","S/D","No existe","Intersección","S/D","Buena","Diurna","Buen Tiempo","S/D","Ciclista","Atropello","S/D","S/D","Barrera de hormigón","S/D"
2017,1733,4/1/2017,"Sabado",0,13:00:00,,"0.0",2,"Automóvil,Moto/Ciclomotor","Buenos Aires Y Simon de Iriondo",3,2,0,0,1,0,0,,"Calle",,"LAS ROSAS","Belgrano","Asfalto","No existe","III","Dentro","Urbana","Ninguna","No existe","Intersección","Bueno","Buena","Diurna","Buen Tiempo","Frontal","S/D","Colisión","Ninguna","Horizontal","Ninguna","Sin restricción"
2017,1734,3/10/2017,"Viernes",0,11:40:00,"Ruta Nacional 11","0.0",1,"Automóvil","Av Blas Parera Y Reg 12 de Infanteria",2,1,0,0,0,0,1,,"Ruta",11,"SANTA FE","La Capital","Asfalto","S/D","I","Dentro","Urbana","Semáforo","S/D","Intersección","Bueno","S/D","Diurna","Buen Tiempo","S/D","S/D","Colisión","S/D","Horizontal","Cordón divisorio","Obra en Construcción"
2017,1735,3/27/2017,"Lunes",0,5:40:00,"Ruta Nacional A012","0.0",2,"Automóvil,Pickup/Utilitario"," ",3,1,0,0,2,0,0,,"Ruta","A012","ALVEAR","Rosario","Asfalto","No existe","II","Dentro","Rural","Ninguna","No existe","Intersección","Con baches","Buena","Amanecer","Buen Tiempo","De alcance","S/D","Colisión","Ninguna","S/D","Ninguna","Sin restricción"
2017,1736,3/24/2017,"Viernes",0,7:00:00,,"0.0",2,"Moto/Ciclomotor,Camión Chasis","Av Juan Domingo Peron 380",3,2,0,0,1,0,0,,"Calle",,"VILLA GOBERNADOR GÁLVEZ","Rosario","Asfalto","No existe","I","Dentro","Urbana","Ninguna","No existe","Recta","Resbaladiza","Buena","Diurna","Buen Tiempo","De alcance","S/D","Colisión","Ninguna","Horizontal","Ninguna","Sin restricción"
2017,1737,3/13/2017,"Lunes",0,15:55:00,,"0.0",2,"Moto/Ciclomotor,Automóvil","Av Juan Domingo Peron Y Saenz Peña",3,2,0,0,1,0,0,,"Avenida",,"VILLA GOBERNADOR GÁLVEZ","Rosario","Asfalto","No existe","II","Dentro","Urbana","S/D","S/D","S/D","S/D","S/D","Diurna","S/D","S/D","S/D","Colisión","S/D","S/D","S/D","S/D"
2017,1738,3/20/2017,"Lunes",0,1:50:00,"Ruta Provincial 21","0.0",2,"Moto/Ciclomotor,Automóvil","Av Gral San Martin Y Juan B Justo",3,2,0,0,1,0,0,,"Ruta",21,"VILLA GOBERNADOR GÁLVEZ","Rosario","Asfalto","No existe","II","Dentro","Urbana","Ninguna","S/D","Intersección","Bueno","Buena","Nocturna,Con luz artificial","Buen Tiempo","Lateral","S/D","Colisión","Ninguna","Faltante","Ninguna","Sin restricción"
2017,1739,3/2/2017,"Jueves",0,11:20:00,,"0.0",3,"Peatón,Peatón,Automóvil","Av A del Valle Y Callejón El Sable",3,2,0,0,1,0,0,,"Avenida",,"SANTA FE","La Capital","Asfalto","Natural","I","Dentro","Urbana","S/D","No existe","Intersección","Con baches","Reducida","Diurna","Otro","S/D","Peatón","Atropello","Ninguna","Faltante","Ninguna","Sin restricción"
2017,1740,3/6/2017,"Lunes",0,12:45:00,"Ruta Nacional 11","0.0",2,"Automóvil,Otros","Av Blas Parera Y Don Guanella",2,1,0,0,1,0,0,,"Ruta",11,"SANTA FE","La Capital","Asfalto","Pavimento","I","Dentro","Urbana","Ninguna","No existe","Intersección","Bueno","Buena","Diurna","Buen Tiempo","Lateral","S/D","Colisión","Ninguna","Faltante","Cordón divisorio","Obra en Construcción"
2017,1741,3/5/2017,"Domingo",0,0:45:00,,"0.0",2,"Moto/Ciclomotor,Automóvil","Sebastian Gaboto 7300",2,1,0,0,1,0,0,,"Calle",,"SANTA FE","La Capital","Asfalto","Pavimento","I","Dentro","Urbana","Ninguna","No existe","Recta","Bueno","Buena","Nocturna","Buen Tiempo","Lateral","S/D","Colisión","Ninguna","S/D","Cordón divisorio","Sin restricción"
2017,1742,3/9/2017,"Jueves",0,22:45:00,"Ruta Nacional 11","0.0",2,"Moto/Ciclomotor,Automóvil","Av Blas Parera Y Don Guanella",2,1,0,0,1,0,0,,"Ruta",11,"SANTA FE","La Capital","Asfalto","No existe","I","Dentro","Urbana","Ninguna","No existe","Intersección","Bueno","Buena","Nocturna","Buen Tiempo","Lateral","S/D","Colisión","Ninguna","Faltante","S/D","Sin restricción"
2017,1743,3/18/2017,"Sabado",0,16:30:00,,"0.0",2,"Moto/Ciclomotor,Automóvil","Sarmiento Y J M Zuviria",3,2,0,0,1,0,0,,"Calle",,"SANTA FE","La Capital","Asfalto","No existe","I","Dentro","Urbana","Ninguna","No existe","Intersección","Bueno","Buena","Diurna","Buen Tiempo","Lateral","S/D","Colisión","Ninguna","S/D","Ninguna","Sin restricción"