"anio_acci","nro_acci","fecha","desc_dia","fecha_aprox","hora_aprox","desc_ruta","km","cant_participantes","desc_participante","calle_avenida_km","total","heridos_leves","heridos_graves","heridos_gravisimos","ilesos","fallecidos","sin_datos","posicion_XY","desc_tipo_via","desc_ruta_ori","desc_loc","desc_dpto","desc_tipo_calzada","desc_tipo_banquina","desc_unidad_regional","desc_lugar_calzada","desc_zona","desc_prioridad","desc_estado_semaforo","desc_lugar_via","desc_estado_via","desc_estado_visibilidad","desc_luminosidad","desc_estado_clima","desc_tipo_colision","desc_tipo_atropello","desc_tipo_hecho","desc_pres_calzada","desc_senializacion","desc_separacion_via","desc_restriccion"
2017,1744,3/19/2017,"Domingo",0,21:30:00,"Autovía Nacional 19","36.0",1,"Automóvil"," ",3,3,0,0,0,0,0,,"Autovía",19,"SAN JERÓNIMO DEL SAUCE","Las Colonias","Asfalto","Pavimento","XI","Dentro","S/D","Ninguna","No existe","Curva","Bueno","Buena","Nocturna,Con luz artificial","Buen Tiempo","S/D","S/D","Despiste","Ninguna","S/D","Guardarrail","Sin restricción"
2017,1745,3/16/2017,"Jueves",0,7:30:00,"Autovía Nacional 19","36.0",1,"Pickup/Utilitario"," ",1,1,0,0,0,0,0,,"Autovía",19,"SAN JERÓNIMO DEL SAUCE","Las Colonias","Asfalto","S/D","XI","Dentro","Rural","Marca Vial","No existe","Recta","Bueno","Buena","Amanecer","Viento Fuerte","S/D","S/D","Vuelco","S/D","S/D","Vegetación","Sin restricción"
2017,1746,3/20/2017,"Lunes",0,17:15:00,"Ruta Nacional 11","0.0",2,"Moto/Ciclomotor,Moto/Ciclomotor","Av Blas Parera Y Gorostiaga",3,3,0,0,0,0,0,,"Ruta",11,"SANTA FE","La Capital","Hormigón","No existe","I","Dentro","Urbana","Ninguna","No existe","Rotonda","Bueno","Buena","Diurna","Buen Tiempo","Lateral","S/D","Colisión","Ninguna","Faltante","Cordón divisorio","Obra en Construcción"
2017,1747,3/6/2017,"Lunes",0,18:00:00,,"0.0",2,"Moto/Ciclomotor,Automóvil","J Castelli Y Parana",3,2,0,0,1,0,0,,"Calle",,"SANTA FE","La Capital","Asfalto","No existe","I","Dentro","Urbana","Ninguna","No existe","Intersección","Bueno","Buena","Diurna","Buen Tiempo","Lateral","S/D","Colisión","Ninguna","Faltante","Ninguna","Sin restricción"
2017,1748,3/17/2017,"Viernes",0,10:00:00,"Ruta Nacional 11","0.0",2,"Automóvil,Moto/Ciclomotor","Av Blas Parera Y Alberti",3,1,0,0,2,0,0,,"Ruta",11,"SANTA FE","La Capital","Asfalto","No existe","I","Dentro","Urbana","Semáforo","Funciona","Intersección","Bueno","Buena","Diurna","Buen Tiempo","Lateral","S/D","Colisión","Ninguna","Vertical","Cordón divisorio","Obra en Construcción"
2017,1749,3/4/2017,"Sabado",0,18:30:00,,"0.0",2,"Automóvil,Moto/Ciclomotor","Neuquen 6900",3,2,0,0,1,0,0,,"Calle",,"SANTA FE","La Capital","Tierra","No existe","I","Dentro","Urbana","Ninguna","No existe","Recta","Deteriorada","Buena","Atardecer","Buen Tiempo","Lateral","S/D","Colisión","Ninguna","Faltante","Ninguna","S/D"
2017,1750,4/27/2017,"Jueves",0,13:15:00,,"0.0",2,"Moto/Ciclomotor,Automóvil","Manuel Dorrego Y Jose Ingenieros",3,2,0,0,1,0,0,,"Calle",,"VILLA CONSTITUCIÓN","Constitución","Asfalto","No existe","VI","Dentro","Urbana","Ninguna","No existe","Intersección","Bueno","Buena","Diurna","Buen Tiempo","Lateral","S/D","Colisión","Ninguna","S/D","Ninguna","Sin restricción"
2017,1751,3/22/2017,"Miercoles",0,13:30:00,,"0.0",2,"Otros,Moto/Ciclomotor","Av Peñaloza Y French",3,2,0,0,1,0,0,,"Calle",,"SANTA FE","La Capital","Hormigón","S/D","I","Dentro","Urbana","S/D","S/D","Intersección","Resbaladiza","S/D","Diurna","Lluvia","S/D","S/D","Colisión","Agua","S/D","Vegetación","Sin restricción"
2017,1752,3/8/2017,"Miercoles",0,8:20:00,"Ruta Nacional 11","0.0",2,"Moto/Ciclomotor,Moto/Ciclomotor","Av Blas Parera Y Don Guanella",3,3,0,0,0,0,0,,"Ruta",11,"SANTA FE","La Capital","Asfalto","No existe","I","Dentro","Urbana","Semáforo","Intermitente","Intersección","Bueno","Buena","Diurna","Buen Tiempo","Lateral","S/D","Colisión","Ninguna","Vertical","Barrera de hormigón","Sin restricción"
2017,1753,3/16/2017,"Jueves",0,22:15:00,"Ruta Nacional 11","0.0",2,"Peatón,Moto/Ciclomotor","Av Blas Parera Y Vieytes",2,1,0,0,0,0,1,,"Ruta",11,"SANTA FE","La Capital","Asfalto","No existe","I","Dentro","Urbana","Paso Peatonal","Funciona","Recta","Bueno","S/D","Nocturna,Con luz artificial","Buen Tiempo","S/D","Peatón","Atropello","Ninguna","Horizontal,Vertical","Cordón divisorio","S/D"
2017,1754,3/31/2017,"Viernes",0,18:15:00,"Ruta Nacional 11","0.0",2,"Bicicleta,Moto/Ciclomotor","Av Blas Parera Y Azcuenaga",2,1,0,0,1,0,0,,"Ruta",11,"SANTA FE","La Capital","Asfalto","No existe","I","Dentro","Urbana","Ninguna","No existe","Intersección","Bueno","Buena","Diurna","Buen Tiempo","S/D","Ciclista","Atropello","Ninguna","Horizontal","Cordón divisorio","S/D"
2017,1755,3/20/2017,"Lunes",0,7:50:00,,"0.0",2,"Automóvil,Moto/Ciclomotor","Av Peñaloza Y Pedro de Vega",2,1,0,0,0,0,1,,"Avenida",,"SANTA FE","La Capital","Asfalto","S/D","I","S/D","Urbana","Ninguna","S/D","Recta","Bueno","S/D","Diurna","Buen Tiempo","Lateral","S/D","Colisión","Ninguna","Vertical","Vegetación","S/D"
2017,1756,3/9/2017,"Jueves",0,17:00:00,,"0.0",2,"Bicicleta,Automóvil","Teniente Loza Y Blanca Godoy y Ponce de León",2,1,0,0,1,0,0,,"Avenida",,"SANTA FE","La Capital","Asfalto","No existe","I","S/D","Urbana","Ninguna","No existe","Recta","Bueno","Buena","Diurna","Buen Tiempo","S/D","Ciclista","Atropello","Ninguna","S/D","Ninguna","Sin restricción"
2017,1757,4/28/2017,"Viernes",0,14:15:00,,"0.0",2,"Automóvil,Moto/Ciclomotor","Tucuman Y Maipu",3,2,0,0,1,0,0,,"Calle",,"LAS ROSAS","Belgrano","Asfalto","Pavimento","III","S/D","Urbana","Ninguna","No existe","Intersección","Bueno","S/D","Diurna","Buen Tiempo","Lateral","S/D","Colisión","Material Suelto","Vertical","Ninguna","Sin restricción"
2017,1758,4/22/2017,"Sabado",0,20:00:00,"Ruta Nacional 11","0.0",2,"Automóvil,Moto/Ciclomotor","Av San Martin Y Richieri",3,0,0,0,0,0,3,,"Ruta",11,"SAN LORENZO","San Lorenzo","Asfalto","No existe","XVII","S/D","Urbana","Ninguna","No existe","Intersección","Bueno","Buena","Nocturna","Otro","S/D","S/D","Colisión","Ninguna","Horizontal","Ninguna","S/D"
2017,1759,4/28/2017,"Viernes",0,16:40:00,,"0.0",2,"Automóvil,Moto/Ciclomotor","Cordoba Y Av San Martin",3,1,0,0,2,0,0,,"Calle",,"PUERTO SAN MARTÍN","San Lorenzo","Asfalto","No existe","XVII","Dentro","Urbana","Policía de tránsito","No existe","Intersección","Bueno","Buena","Diurna","Buen Tiempo","De alcance","S/D","Colisión","Ninguna","Faltante","Ninguna","Sin restricción"
2017,1760,4/25/2017,"Martes",0,12:15:00,,"0.0",2,"Moto/Ciclomotor,Automóvil","Sarmiento Y J B Alberdi",3,2,0,0,1,0,0,,"Calle",,"PUERTO SAN MARTÍN","San Lorenzo","Asfalto","No existe","XVII","Dentro","Urbana","Policía de tránsito","No existe","Intersección","Bueno","Buena","Diurna","Buen Tiempo","De alcance","S/D","Colisión","Ninguna","Faltante","Ninguna","Sin restricción"
2017,1761,4/24/2017,"Lunes",0,18:30:00,,"0.0",2,"Moto/Ciclomotor,Pickup/Utilitario","Silvio Arcas ",3,1,0,0,2,0,0,,"Calle",,"GÁLVEZ","San Jerónimo","Asfalto","No existe","XV","S/D","Urbana","Ninguna","No existe","Recta","Bueno","Buena","Atardecer","Buen Tiempo","Lateral","S/D","Colisión","Ninguna","Vertical","Ninguna","Sin restricción"
2017,1762,4/14/2017,"Viernes",0,,,"0.0",2,"Moto/Ciclomotor,Moto/Ciclomotor","Santa Fe Y Sgto Cabral",3,2,0,0,0,0,1,,"Calle",,"CALCHAQUÍ","Vera","Asfalto","Natural","XIX","Dentro","Urbana","S/D","No existe","Recta","Bueno","Buena","S/D","S/D","Frontal","S/D","Colisión","Ninguna","Horizontal","S/D","S/D"
2017,1763,4/29/2017,"Sabado",0,17:30:00,,"0.0",2,"Automóvil,Automóvil","José Pedroni Y Santa Fe Bis",4,2,0,0,2,0,0,,"Calle",,"GÁLVEZ","San Jerónimo","Asfalto","No existe","XV","S/D","Urbana","S/D","No existe","Intersección","Bueno","Buena","Atardecer","Buen Tiempo","S/D","S/D","Colisión","S/D","Faltante","Ninguna","Sin restricción"
2017,1764,4/1/2017,"Sabado",0,10:14:00,"Autopista Nacional Rosario -Cordoba","325.0",1,"Automóvil"," ",4,2,0,0,2,0,0,,"Autopista","Rosario -Cordoba","ROLDÁN","San Lorenzo","Asfalto","Natural","XVII","S/D","Rural","S/D","No existe","Recta","Bueno","Buena","Diurna","Buen Tiempo","S/D","S/D","Vuelco","Ninguna","Vertical","Ninguna","Sin restricción"
2017,1765,4/5/2017,"Miercoles",0,4:50:00,,"0.0",2,"Automóvil,Automóvil","Sargento Cabral 1600",4,0,0,0,0,0,4,,"Calle",,"SAN LORENZO","San Lorenzo","Asfalto","S/D","XVII","S/D","Urbana","Ninguna","S/D","Intersección","Bueno","S/D","Nocturna","Buen Tiempo","S/D","S/D","Colisión","Otro","Faltante","Ninguna","S/D"
2017,1766,3/25/2017,"Sabado",0,18:30:00,"Ruta Nacional 19","42.0",1,"Automóvil"," ",5,2,0,0,3,0,0,,"Ruta",19,"SAN JERÓNIMO DEL SAUCE","Las Colonias","Asfalto","Pavimento","XI","S/D","S/D","S/D","No existe","Curva","Bueno","Buena","Diurna","Buen Tiempo","S/D","S/D","Vuelco","Ninguna","S/D","Guardarrail","Sin restricción"
2017,1767,4/28/2017,"Viernes",0,22:50:00,,"0.0",2,"Automóvil,Moto/Ciclomotor","Bv Belgrano Y Ituzaingo",4,2,0,0,2,0,0,,"Avenida",,"CALCHAQUÍ","Vera","Ripio","Natural","XIX","Dentro","Urbana","S/D","No existe","Recta","Con baches","Buena","Diurna","Buen Tiempo","S/D","S/D","Colisión","Ninguna","Horizontal","S/D","S/D"
2017,1768,3/18/2017,"Sabado",0,8:00:00,"Ruta Secundaria 36-s","0.0",2,"Moto/Ciclomotor,Pickup/Utilitario"," ",4,1,0,0,3,0,0,,"Ruta","36-s","SAN CARLOS SUR","Las Colonias","Asfalto","Natural","XI","Fuera","Urbana","Ninguna","No existe","Recta","Bueno","Reducida humo","Amanecer","Niebla","Contra objeto fijo","S/D","Colisión","Ninguna","Faltante","Línea divisoria pintada","Sin restricción"
2017,1769,3/6/2017,"Lunes",0,12:20:00,,"0.0",2,"Pickup/Utilitario,Moto/Ciclomotor","Javier de la Rosa Y Defensa",4,2,0,0,2,0,0,,"Calle",,"SANTA FE","La Capital","Asfalto","No existe","I","S/D","Urbana","Ninguna","No existe","Intersección","Bueno","Buena","Diurna","Buen Tiempo","S/D","S/D","Colisión","Ninguna","Faltante","Ninguna","Sin restricción"
2017,1770,5/6/2017,"Sabado",0,16:40:00,,"0.0",1,"Automóvil"," ",4,0,2,1,1,0,0,,"S/D",,"VILLA CONSTITUCIÓN","Constitución","Asfalto","Natural","VI","S/D","Urbana","S/D","S/D","Recta","Bueno","S/D","Diurna","S/D","Contra objeto fijo","S/D","Colisión","Ninguna","S/D","S/D","Sin restricción"
2017,1771,4/2/2017,"Domingo",0,15:30:00,"Ruta Provincial 18","43.5",1,"Automóvil"," ",2,2,0,0,0,0,0,,"Ruta",18,"SANTA TERESA","Constitución","Asfalto","Natural","VI","S/D","Rural","S/D","No existe","Recta","Con baches","Reducida","Diurna","Lluvia","S/D","S/D","Vuelco","Agua","Faltante","Guardarrail","Sin restricción"
2017,1772,4/27/2017,"Jueves",0,17:55:00,"Ruta Provincial 21","0.0",2,"Automóvil,Moto/Ciclomotor","San Martin ",2,0,0,1,1,0,0,,"Ruta",21,"VILLA CONSTITUCIÓN","Constitución","Asfalto","Natural","VI","Dentro","Rural","S/D","S/D","Intersección","Bueno","Buena","Diurna","Buen Tiempo","Frontal","S/D","Colisión","Ninguna","S/D","Ninguna","Sin restricción"
2017,1773,5/22/2017,"Lunes",0,11:55:00,,"0.0",2,"Moto/Ciclomotor,Automóvil","Cernjak Y Lassaga",2,0,1,0,1,0,0,,"Calle",,"VILLA CONSTITUCIÓN","Constitución","Tierra","No existe","VI","Dentro","Urbana","Ninguna","No existe","Intersección","Con baches","Buena","Diurna","Buen Tiempo","Frontal","S/D","Colisión","Ninguna","S/D","Vegetación","Sin restricción"
2017,1774,5/13/2017,"Sabado",0,18:00:00,,"0.0",2,"Moto/Ciclomotor,Automóvil"," ",2,1,0,0,1,0,0,,"Calle",,"VILLA CONSTITUCIÓN","Constitución","Asfalto","No existe","VI","Dentro","Urbana","Ninguna","No existe","Intersección","Bueno","Buena","Diurna","Buen Tiempo","S/D","S/D","Caída ocupante","Ninguna","S/D","Ninguna","Sin restricción"
2017,1775,3/20/2017,"Lunes",0,,,"0.0",2,"Automóvil,Moto/Ciclomotor"," ",2,1,0,0,1,0,0,,"S/D",,"SAN JORGE","San Martín","S/D","S/D","XVIII","S/D","S/D","S/D","S/D","S/D","S/D","S/D","S/D","S/D","S/D","S/D","Colisión","S/D","S/D","S/D","S/D"
2017,1776,3/7/2017,"Martes",0,10:50:00,,"0.0",2,"Automóvil,Moto/Ciclomotor","Alfonsina Storni 3100",2,1,0,0,1,0,0,,"Calle",,"SANTA FE","La Capital","Asfalto","Natural","I","Dentro","Urbana","S/D","No existe","Intersección","Bueno","Buena","Diurna","Buen Tiempo","Lateral","S/D","Colisión","Ninguna","Faltante","S/D","S/D"
2017,1777,3/24/2017,"Viernes",0,20:40:00,,"0.0",2,"Automóvil,Moto/Ciclomotor","J J Paso Y San Jose",3,2,0,0,1,0,0,,"Calle",,"SANTA FE","La Capital","Asfalto","No existe","I","Dentro","Urbana","Ninguna","S/D","Intersección","Con baches,Deteriorada","Buena","Nocturna","Buen Tiempo","Lateral","S/D","Colisión","Ninguna","Faltante","Ninguna","S/D"
2017,1778,4/21/2017,"Viernes",0,7:55:00,,"0.0",2,"Automóvil,Automóvil","Pedro Rolando Y California",3,1,0,0,2,0,0,,"Calle",,"ARMSTRONG","Belgrano","Asfalto","No existe","III","Dentro","Urbana","Ninguna","No existe","Intersección","Otro","Buena","Amanecer","Buen Tiempo","Lateral","S/D","Colisión","Ninguna","S/D","Ninguna","S/D"
2017,1779,4/10/2017,"Lunes",0,12:55:00,"Ruta Nacional 11","0.0",2,"Automóvil,Moto/Ciclomotor","Av San Martin Y Las Heras",3,2,0,0,1,0,0,,"Ruta",11,"FRAY LUIS BELTRÁN","San Lorenzo","Asfalto","S/D","XVII","Dentro","Urbana","Ninguna","No existe","Recta","Bueno","Buena","Diurna","Buen Tiempo","Lateral","S/D","Colisión","Ninguna","S/D","Ninguna","Sin restricción"
2017,1780,4/17/2017,"Lunes",0,19:15:00,,"0.0",2,"Moto/Ciclomotor,Automóvil","Cordoba Y Belgrano",3,2,0,0,1,0,0,,"Calle",,"PUERTO SAN MARTÍN","San Lorenzo","Asfalto","No existe","XVII","Dentro","Urbana","Ninguna","No existe","Intersección","Otro","Buena","Atardecer","Buen Tiempo","Lateral","S/D","Colisión","Ninguna","S/D","Ninguna","S/D"
2017,1781,4/8/2017,"Sabado",0,5:10:00,,"0.0",2,"Moto/Ciclomotor,Moto/Ciclomotor","Dr Romang Y General Jose de San Martin",3,0,3,0,0,0,0,,"Calle",,"HELVECIA","Garay","Asfalto","Pavimento","VII","Dentro","Urbana","Ninguna","No existe","Intersección","Deteriorada","Buena","Nocturna","Buen Tiempo","Lateral","S/D","Colisión","Ninguna","S/D","Ninguna","Sin restricción"
2017,1782,4/8/2017,"Sabado",0,3:00:00,,"0.0",2,"Automóvil,Moto/Ciclomotor","Estanislao Lopez Y B Irigoyen",3,1,1,0,1,0,0,,"Calle",,"VERA","Vera","Tierra","No existe","XIX","Dentro","Urbana","Ninguna","No existe","Intersección","Bueno","Buena","Nocturna","Buen Tiempo","Lateral","S/D","Colisión","Ninguna","Faltante","Ninguna","S/D"
2017,1783,4/16/2017,"Domingo",0,21:00:00,"Autopista Provincial Brigadier E.López","24.0",3,"Automóvil,Automóvil,Automóvil"," ",5,4,0,0,1,0,0,,"Autopista","Brigadier E.López","TIMBÚES","San Lorenzo","Asfalto","Natural","XVII","Fuera","Rural","Ninguna","No existe","Recta","Bueno","Buena","Atardecer","Buen Tiempo","Lateral","S/D","Colisión","Ninguna","Horizontal","Ninguna","S/D"
2017,1784,4/8/2017,"Sabado",0,8:00:00,,"0.0",1,"Automóvil","España ",4,4,0,0,0,0,0,,"Calle",,"TIMBÚES","San Lorenzo","Asfalto","Natural","XVII","Dentro","Urbana","Ninguna","No existe","Puente","Bueno","Buena","Diurna","Buen Tiempo","S/D","S/D","Vuelco","Ninguna","Faltante","Ninguna","S/D"
2017,1785,4/24/2017,"Lunes",0,14:20:00,,"0.0",2,"Moto/Ciclomotor,Automóvil","Dorrego ",4,0,0,0,0,0,4,,"Calle",,"SAN LORENZO","San Lorenzo","S/D","S/D","XVII","Dentro","Urbana","Ninguna","S/D","Recta","Otro","S/D","Diurna","Buen Tiempo","S/D","S/D","Colisión","Ninguna","S/D","Ninguna","S/D"
2017,1786,4/24/2017,"Lunes",0,1:00:00,"Ruta Nacional 11","557.0",2,"Peatón,Pickup/Utilitario"," ",5,0,0,0,4,1,0,"-30.85751, -60.61182","Ruta",11,"LUCIANO LEIVA","San Justo","Asfalto","Natural","XVI","Dentro","Rural","Ninguna","No existe","Recta","Ahuellamiento","Buena","Nocturna","Buen Tiempo","S/D","Peatón","Atropello","Ninguna","Horizontal,Vertical","Ninguna","Sin restricción"
2017,1787,4/30/2017,"Domingo",0,19:30:00,,"0.0",2,"Moto/Ciclomotor,Moto/Ciclomotor"," ",2,1,0,0,1,0,0,,"S/D",,"SANTA ROSA DE CALCHINES","Garay","S/D","Pavimento","VII","Dentro","Urbana","Ninguna","Intermitente","Recta","Bueno","Buena","Atardecer","Buen Tiempo","S/D","S/D","Caída ocupante","Ninguna","S/D","Ninguna","Sin restricción"
2017,1788,3/17/2017,"Viernes",0,1:50:00,"Autovía Nacional 168","0.0",7,"Automóvil,Automóvil,Automóvil,Automóvil,Automóvil,Pickup/Utilitario,Automóvil","PUENTE OROÑO ",10,1,0,0,9,0,0,,"Autovía",168,"SANTA FE","La Capital","Asfalto","No existe","I","Dentro","Urbana","Ninguna","No existe","Puente","Bueno","Buena","Nocturna","Buen Tiempo","Múltiple","S/D","Colisión","Ninguna","S/D","Cordón divisorio","Sin restricción"
2017,1789,3/4/2017,"Sabado",0,12:00:00,,"0.0",2,"Automóvil,Automóvil","Av Gral Paz Y Reg 12 de Infanteria",3,1,0,0,2,0,0,,"Avenida",,"SANTA FE","La Capital","Asfalto","No existe","I","Dentro","Urbana","Ninguna","No existe","Intersección","Bueno","Buena","Diurna","Buen Tiempo","Lateral","S/D","Colisión","Ninguna","S/D","Ninguna","Sin restricción"
2017,1790,7/21/2017,"Viernes",0,22:00:00,,"0.0",2,"Moto/Ciclomotor,Automóvil","Chubut Y Martin Miguel de Guemes",4,2,0,0,2,0,0,,"Calle",,"VILLA CONSTITUCIÓN","Constitución","Asfalto","Pavimento","VI","Dentro","Urbana","Ninguna","No existe","Intersección","Bueno","Buena","Nocturna","Buen Tiempo","Lateral","S/D","Colisión","Ninguna","S/D","Ninguna","Sin restricción"
2017,1791,5/31/2017,"Miercoles",0,18:00:00,"Ruta Provincial 18","42.0",2,"Automóvil,Camión c / Semirremolque"," ",2,2,0,0,0,0,0,,"Ruta",18,"SANTA TERESA","Constitución","Asfalto","Natural","VI","Dentro","Rural","Ninguna","No existe","Curva","Bueno","Buena","Diurna","Buen Tiempo","Lateral","S/D","Colisión","Ninguna","S/D","Línea divisoria pintada","Sin restricción"
2017,1792,4/22/2017,"Sabado",0,7:30:00,"Ruta Provincial 21","0.0",1,"Moto/Ciclomotor","San Martin Y Chubut",1,0,1,0,0,0,0,,"Ruta",21,"VILLA CONSTITUCIÓN","Constitución","Asfalto","No existe","VI","Dentro","Urbana","Ninguna","No existe","Intersección","Bueno","Buena","Diurna","Buen Tiempo","S/D","S/D","Vuelco","Ninguna","S/D","Ninguna","Sin restricción"
2017,1793,6/15/2017,"Jueves",0,18:00:00,,"0.0",2,"Automóvil,Moto/Ciclomotor","Carbonelli Y D Izarra",2,1,0,0,1,0,0,,"Calle",,"VILLA CONSTITUCIÓN","Constitución","Asfalto","No existe","VI","Dentro","Urbana","Ninguna","No existe","Intersección","Bueno","Buena","Diurna","Buen Tiempo","Lateral","S/D","Colisión","Ninguna","S/D","Ninguna","Sin restricción"
2017,1794,3/10/2017,"Viernes",0,18:00:00,"Ruta Nacional 11","0.0",1,"Moto/Ciclomotor","Av Blas Parera Y Estanislao Zeballos",2,1,0,0,1,0,0,,"Ruta",11,"SANTA FE","La Capital","Asfalto","No existe","I","Dentro","Urbana","Semáforo","Intermitente","Intersección","Bueno","Buena","Diurna","Buen Tiempo","S/D","S/D","Colisión","Ninguna","Horizontal","Cordón divisorio","Obra en Construcción"
2017,1795,3/10/2017,"Viernes",0,,,"0.0",2,"Moto/Ciclomotor,Pickup/Utilitario"," ",2,0,1,0,1,0,0,,"S/D",,"SAN JORGE","San Martín","S/D","S/D","XVIII","S/D","S/D","Ninguna","S/D","Intersección","S/D","S/D","S/D","S/D","S/D","S/D","Colisión","S/D","S/D","S/D","S/D"
2017,1796,4/4/2017,"Martes",0,18:30:00,,"0.0",2,"Moto/Ciclomotor,Bicicleta","Mitre B 1800",2,1,0,0,1,0,0,,"Calle",,"VERA","Vera","Tierra","No existe","XIX","Dentro","Urbana","Ninguna","No existe","Recta","Bueno","Buena","Diurna","Buen Tiempo","S/D","Ciclista","Atropello","Ninguna","S/D","Ninguna","Sin restricción"
2017,1797,4/2/2017,"Domingo",0,12:30:00,,"0.0",2,"Pickup/Utilitario,Automóvil","Bv 14 de Diciembre Y Pio Domingo Chiodi",3,2,0,0,1,0,0,,"Calle",,"ARMSTRONG","Belgrano","Asfalto","No existe","III","Dentro","Urbana","Ninguna","No existe","Intersección","Bueno","Reducida","Diurna","Lluvia","Lateral","S/D","Colisión","Agua","Horizontal","Ninguna","Sin restricción"
2017,1798,4/18/2017,"Martes",0,9:40:00,,"0.0",2,"Automóvil,Moto/Ciclomotor","San Luis Y Sargento Cabral",3,0,0,0,0,0,3,,"Calle",,"SAN LORENZO","San Lorenzo","Asfalto","No existe","XVII","Dentro","Urbana","Ninguna","No existe","Intersección","Bueno","Buena","Diurna","Buen Tiempo","S/D","S/D","Colisión","Ninguna","Horizontal","Ninguna","Sin restricción"
2017,1799,4/5/2017,"Miercoles",0,21:00:00,"Ruta Nacional 11","0.0",2,"Moto/Ciclomotor,Automóvil","Silverio Cordoba ",3,1,1,0,1,0,0,,"Ruta",11,"SAN LORENZO","San Lorenzo","Asfalto","Natural","XVII","Dentro","Urbana","Ninguna","No existe","Curva","Deteriorada","Buena","Nocturna","Buen Tiempo","Lateral","S/D","Colisión","Ninguna","Horizontal","Ninguna","Sin restricción"
2017,1800,4/1/2017,"Sabado",0,15:15:00,,"0.0",2,"Automóvil,Moto/Ciclomotor","Bv Sarmiento Y Belgrano",3,2,0,0,1,0,0,,"Calle",,"ROLDÁN","San Lorenzo","Hormigón","No existe","XVII","Dentro","Urbana","Ninguna","No existe","Intersección","Bueno","Buena","Diurna","Buen Tiempo","Lateral","S/D","Colisión","Ninguna","Vertical","Ninguna","Sin restricción"
2017,1801,4/13/2017,"Jueves",0,14:30:00,,"0.0",2,"Automóvil,Moto/Ciclomotor"," ",3,0,1,0,2,0,0,,"Calle",,"BERNARDO DE IRIGOYEN","San Jerónimo","Asfalto","Natural","XV","Dentro","Urbana","Ninguna","No existe","Recta","Bueno","Buena","Diurna","Buen Tiempo","Lateral","S/D","Colisión","Ninguna","Vertical","Ninguna","Sin restricción"
2017,1802,4/15/2017,"Sabado",0,11:55:00,,"0.0",2,"Automóvil,Moto/Ciclomotor","Pueyrredon Y Bv Belgrano",3,1,0,0,2,0,0,,"Calle",,"CALCHAQUÍ","Vera","Asfalto","Natural","XIX","Dentro","Urbana","S/D","No existe","Recta","Bueno","Buena","Diurna","S/D","S/D","S/D","Colisión","Ninguna","S/D","S/D","S/D"
2017,1803,3/12/2017,"Domingo",0,22:45:00,,"0.0",2,"Automóvil,Moto/Ciclomotor","Pavon Y Av Gral Paz",5,2,0,0,3,0,0,,"Calle",,"SANTA FE","La Capital","Asfalto","No existe","I","Dentro","Urbana","Ninguna","No existe","Intersección","Bueno","Reducida","Nocturna","Buen Tiempo","S/D","S/D","Colisión","Ninguna","Faltante","Ninguna","Sin restricción"
2017,1804,4/28/2017,"Viernes",0,19:55:00,"Ruta Provincial 1","35.0",2,"Camión c / Acoplado,Automóvil"," ",4,1,1,0,2,0,0,,"Ruta",1,"SANTA ROSA DE CALCHINES","Garay","Asfalto","Natural","VII","Dentro","Urbana","Ninguna","No existe","Recta","Bueno","Buena","Nocturna","Buen Tiempo","Frontal","S/D","Colisión","Ninguna","S/D","Ninguna","Sin restricción"
2017,1805,4/30/2017,"Domingo",0,17:20:00,"Ruta Nacional 11","0.0",2,"Moto/Ciclomotor,Automóvil","Av San Martin Y Entre Rios",4,2,0,0,0,0,2,,"Ruta",11,"SAN LORENZO","San Lorenzo","Asfalto","Natural","XVII","Dentro","Urbana","Ninguna","Funciona","Intersección","Bueno","Buena","Atardecer","Buen Tiempo","S/D","S/D","Colisión","Ninguna","S/D","Ninguna","Sin restricción"
2017,1806,4/8/2017,"Sabado",0,5:00:00,"Ruta Nacional 34","90.0",2,"Camión c / Acoplado,Automóvil"," ",5,3,0,0,2,0,0,,"Ruta",34,"SAN GENARO","San Jerónimo","Asfalto","Natural","XV","Dentro","Urbana","Ninguna","No existe","Recta","Bueno","Buena","Nocturna","Buen Tiempo","Lateral","S/D","Colisión","Ninguna","Faltante","Línea divisoria pintada","Sin restricción"
2017,1807,3/17/2017,"Viernes",0,16:15:00,,"0.0",2,"Moto/Ciclomotor,Automóvil","San Cristobal Y Tito Piedra",4,1,0,0,3,0,0,,"Calle",,"TOSTADO","9 de Julio","Ripio","No existe","XII","Dentro","Urbana","Ninguna","No existe","Recta","Con baches","Buena","Diurna","Buen Tiempo","Lateral","S/D","Colisión","Ninguna","Faltante","Ninguna","Sin restricción"
2017,1808,3/5/2017,"Domingo",0,20:10:00,,"0.0",3,"Automóvil,Automóvil,Automóvil","Nicasio Oroño ",5,4,0,0,0,0,1,,"Calle",,"SANTA FE","La Capital","Asfalto","No existe","I","Dentro","Urbana","S/D","No existe","Recta","Bueno","S/D","Nocturna","S/D","Múltiple","S/D","Colisión","S/D","S/D","Cordón divisorio","S/D"