"anio_acci","nro_acci","fecha","desc_dia","fecha_aprox","hora_aprox","desc_ruta","km","cant_participantes","desc_participante","calle_avenida_km","total","heridos_leves","heridos_graves","heridos_gravisimos","ilesos","fallecidos","sin_datos","posicion_XY","desc_tipo_via","desc_ruta_ori","desc_loc","desc_dpto","desc_tipo_calzada","desc_tipo_banquina","desc_unidad_regional","desc_lugar_calzada","desc_zona","desc_prioridad","desc_estado_semaforo","desc_lugar_via","desc_estado_via","desc_estado_visibilidad","desc_luminosidad","desc_estado_clima","desc_tipo_colision","desc_tipo_atropello","desc_tipo_hecho","desc_pres_calzada","desc_senializacion","desc_separacion_via","desc_restriccion"
2017,1809,3/23/2017,"Jueves",0,17:15:00,"Ruta Nacional 11","0.0",2,"Moto/Ciclomotor,Automóvil","Av Blas Parera Y Florencio Fernandez",4,3,0,0,1,0,0,,"Ruta",11,"SANTA FE","La Capital","Asfalto","Natural","I","Dentro","Urbana","Semáforo","Funciona","Intersección","Bueno","Buena","Diurna","Buen Tiempo","De alcance","S/D","Colisión","Ninguna","Vertical","Ninguna","Sin restricción"
2017,1810,6/12/2017,"Lunes",0,18:00:00,,"0.0",2,"Moto/Ciclomotor,Automóvil","S Rubios Y Tabares",4,3,0,0,1,0,0,,"Calle",,"VILLA CONSTITUCIÓN","Constitución","Asfalto","No existe","VI","Dentro","Urbana","Ninguna","No existe","Intersección","Bueno","Buena","Diurna","Buen Tiempo","Frontal","S/D","Colisión","Ninguna","Faltante","Ninguna","Sin restricción"
2017,1811,4/22/2017,"Sabado",0,2:20:00,"Autopista Nacional Gral. Juan Jose Valle","246.0",1,"Automóvil"," ",2,1,0,0,1,0,0,,"Autopista","Gral. Juan Jose Valle","EMPALME VILLA CONSTITUCIÓN","Constitución","Asfalto","Natural","VI","Dentro","Rural","Ninguna","No existe","Recta","Ahuellamiento","Buena","Nocturna","Buen Tiempo","S/D","S/D","Despiste","Ninguna","Horizontal,Vertical","Cordón divisorio","Sin restricción"
2017,1812,4/14/2017,"Viernes",0,17:45:00,,"0.0",2,"Moto/Ciclomotor,Peatón","Pbro D Segundo 2500",2,1,0,0,1,0,0,,"Calle",,"VILLA CONSTITUCIÓN","Constitución","Asfalto","No existe","VI","Dentro","Urbana","Ninguna","No existe","Recta","Bueno","Buena","Diurna","Buen Tiempo","S/D","Peatón","Atropello","Ninguna","S/D","Ninguna","Sin restricción"
2017,1813,5/13/2017,"Sabado",0,18:30:00,"Ruta Provincial 21","0.0",2,"Automóvil,Automóvil","Patricias Argentinas ",2,1,0,0,1,0,0,,"Ruta",21,"VILLA CONSTITUCIÓN","Constitución","Asfalto","No existe","VI","Dentro","Urbana","Ninguna","No existe","Intersección","Bueno","Buena","Diurna","Buen Tiempo","Frontal","S/D","Colisión","Ninguna","Faltante","Cordón divisorio","Sin restricción"
2017,1814,3/5/2017,"Domingo",0,,,"0.0",2,"Moto/Ciclomotor,Moto/Ciclomotor"," ",2,1,1,0,0,0,0,,"Calle",,"SAN JORGE","San Martín","S/D","S/D","XVIII","Dentro","Urbana","S/D","S/D","S/D","S/D","S/D","S/D","S/D","S/D","S/D","Colisión","S/D","S/D","S/D","S/D"
2017,1815,3/3/2017,"Viernes",0,,,"0.0",1,"Moto/Ciclomotor"," ",1,1,0,0,0,0,0,,"Calle",,"SAN JORGE","San Martín","S/D","S/D","XVIII","Dentro","Urbana","S/D","S/D","S/D","S/D","S/D","S/D","S/D","S/D","S/D","Caída ocupante","S/D","S/D","S/D","S/D"
2017,1816,4/18/2017,"Martes",0,12:45:00,,"0.0",2,"Moto/Ciclomotor,Pickup/Utilitario","San Martin 1650",2,1,0,0,1,0,0,,"Calle",,"VERA","Vera","Asfalto","No existe","XIX","Dentro","Urbana","Ninguna","No existe","Intersección","Bueno","Buena","Diurna","Buen Tiempo","Frontal","S/D","Colisión","Ninguna","Faltante","Ninguna","Sin restricción"
2017,1817,3/17/2017,"Viernes",0,19:50:00,,"0.0",2,"Automóvil,Moto/Ciclomotor","Boulevard Solis Y Juan B. Azopardo",2,0,1,0,1,0,0,,"Avenida",,"FIRMAT","General López","Asfalto","Pavimento","VIII","Dentro","Urbana","Ninguna","No existe","Intersección","Bueno","Buena","Atardecer","Buen Tiempo","Lateral","S/D","Colisión","Ninguna","S/D","Ninguna","S/D"
2017,1818,3/31/2017,"Viernes",0,17:40:00,,"0.0",2,"Moto/Ciclomotor,Automóvil","San Luis Y Gral. Jose de San Martin",2,1,0,0,1,0,0,,"Calle",,"FIRMAT","General López","Asfalto","Pavimento","VIII","Dentro","Urbana","Ninguna","No existe","Intersección","Bueno","Buena","Diurna","Buen Tiempo","Lateral","S/D","Colisión","Ninguna","S/D","Ninguna","Sin restricción"
2017,1819,2/24/2017,"Viernes",0,21:00:00,,"0.0",2,"Moto/Ciclomotor,Automóvil","Espa±a Y A Victorero",3,2,0,0,1,0,0,,"Calle",,"RUFINO","General López","Asfalto","No existe","VIII","Dentro","Urbana","Ninguna","No existe","Intersección","Bueno","Buena","Nocturna,Con luz artificial","Buen Tiempo","Lateral","S/D","Colisión","Ninguna","Vertical","Ninguna","S/D"
2017,1820,3/22/2017,"Miercoles",0,11:40:00,,"0.0",2,"Moto/Ciclomotor,Automóvil","H Irigoyen Y Bv San Martin",2,0,1,0,1,0,0,,"Avenida",,"RUFINO","General López","Asfalto","No existe","VIII","Dentro","Urbana","Ninguna","No existe","Intersección","Bueno","Buena","Diurna","Buen Tiempo","Lateral","S/D","Colisión","Ninguna","Vertical","Cordón divisorio","Sin restricción"
2017,1821,3/20/2017,"Lunes",0,11:30:00,,"0.0",2,"Moto/Ciclomotor,Pickup/Utilitario","America Y Magallanea",2,0,1,0,1,0,0,,"Calle",,"RUFINO","General López","Asfalto","No existe","VIII","Dentro","Urbana","Ninguna","No existe","Intersección","Bueno","Buena","Diurna","Buen Tiempo","Lateral","S/D","Colisión","Ninguna","Faltante","Ninguna","S/D"
2017,1822,3/10/2017,"Viernes",0,13:40:00,,"0.0",2,"Moto/Ciclomotor,Automóvil","Miguel de Azcuenaga Y M Oliber",4,3,0,0,1,0,0,,"Calle",,"RAFAELA","Castellanos","Asfalto","S/D","V","Dentro","Urbana","Ninguna","No existe","Intersección","Bueno","Buena","Diurna","Buen Tiempo","Lateral","S/D","Colisión","Ninguna","Faltante","Ninguna","Sin restricción"
2017,1823,3/1/2017,"Miercoles",0,20:10:00,,"0.0",1,"Moto/Ciclomotor","Av. Carlos Colombres 2100",2,1,0,0,1,0,0,,"Avenida",,"ROSARIO","Rosario","Asfalto","No existe","II","Dentro","Urbana","Ninguna","No existe","Recta","Bueno","Buena","Nocturna","Buen Tiempo","S/D","S/D","Caída ocupante","Ninguna","Horizontal","Cordón divisorio","Sin restricción"
2017,1824,3/2/2017,"Jueves",0,13:50:00,,"0.0",2,"Automóvil,Moto/Ciclomotor","Bv. Rondeau Y Baigorria",3,1,0,0,2,0,0,,"Avenida",,"ROSARIO","Rosario","Asfalto","No existe","II","Dentro","Urbana","Semáforo","Funciona","Intersección","Bueno","Buena","Diurna","Buen Tiempo","Lateral","S/D","Colisión","Ninguna","Horizontal","Cordón divisorio","Sin restricción"
2017,1825,3/2/2017,"Jueves",0,14:10:00,,"0.0",2,"Camión,Bicicleta","Bv. Rondeau Y Gurruchaga",2,1,0,0,1,0,0,,"Avenida",,"ROSARIO","Rosario","Asfalto","No existe","II","Dentro","Urbana","Semáforo","Funciona","Recta","Bueno","Buena","Diurna","Buen Tiempo","S/D","Ciclista","Atropello","Ninguna","Horizontal","Cordón divisorio","Sin restricción"
2017,1826,3/2/2017,"Jueves",0,20:00:00,,"0.0",2,"Moto/Ciclomotor,Moto/Ciclomotor","Comercio Y Av. Casiano Casas",2,1,0,0,1,0,0,,"Calle",,"ROSARIO","Rosario","Asfalto","No existe","II","Dentro","Urbana","Ninguna","No existe","Intersección","Bueno","Buena","Nocturna","Buen Tiempo","Lateral","S/D","Colisión","Ninguna","Horizontal","Cordón divisorio","Sin restricción"
2017,1827,4/25/2017,"Martes",0,,,"0.0",2,"Peatón,Pickup/Utilitario","Necochea Y La Paz",2,1,0,0,1,0,0,,"Calle",,"ROSARIO","Rosario","Asfalto","No existe","II","Dentro","Urbana","S/D","S/D","Intersección","Bueno","Buena","S/D","Buen Tiempo","S/D","Peatón","Atropello","Ninguna","S/D","S/D","Sin restricción"
2017,1828,4/4/2017,"Martes",0,16:50:00,,"0.0",2,"Moto/Ciclomotor,Pickup/Utilitario","Sarmiento Y Gaboto",3,0,1,0,2,0,0,,"Calle",,"ROSARIO","Rosario","Asfalto","No existe","II","Dentro","Urbana","Ninguna","No existe","Recta","Bueno","Buena","Diurna","Buen Tiempo","De alcance","S/D","Colisión","Agua","Faltante","Ninguna","Sin restricción"
2017,1829,4/5/2017,"Miercoles",0,16:10:00,,"0.0",2,"Moto/Ciclomotor,Automóvil","Av. Corrientes Y Sanchez de Bustamante",3,2,0,0,1,0,0,,"Calle",,"ROSARIO","Rosario","Asfalto","No existe","II","Dentro","Urbana","Ninguna","No existe","Recta","Bueno","Reducida","Nocturna","Buen Tiempo","Lateral","S/D","Colisión","Ninguna","Faltante","Ninguna","Sin restricción"
2017,1830,4/7/2017,"Viernes",0,1:55:00,,"0.0",1,"Moto/Ciclomotor","San Martin Y Pte.Quintana",2,2,0,0,0,0,0,,"Calle",,"ROSARIO","Rosario","Asfalto","No existe","II","Dentro","Urbana","Ninguna","No existe","Recta","Bueno","Reducida","Nocturna","Buen Tiempo","Contra objeto fijo","S/D","Colisión","Ninguna","Horizontal","Ninguna","Sin restricción"
2017,1831,3/15/2017,"Miercoles",0,19:45:00,,"0.0",2,"Automóvil,Moto/Ciclomotor","Washington Y Zelaya",2,1,0,0,1,0,0,,"Calle",,"ROSARIO","Rosario","Asfalto","No existe","II","Dentro","Urbana","Señal Ceda el Paso","No existe","Intersección","Bueno","Buena","Atardecer","Buen Tiempo","Lateral","S/D","Colisión","Ninguna","Horizontal","Ninguna","Sin restricción"
2017,1832,3/18/2017,"Sabado",0,21:30:00,,"0.0",2,"Automóvil,Moto/Ciclomotor","Warnes 1671",2,1,0,0,1,0,0,,"Calle",,"ROSARIO","Rosario","Asfalto","No existe","II","Dentro","Urbana","Ninguna","No existe","Recta","Bueno","Buena","Nocturna,Con luz artificial","Buen Tiempo","Frontal","S/D","Colisión","Ninguna","Horizontal","Ninguna","Sin restricción"
2017,1833,4/11/2017,"Martes",0,22:50:00,,"0.0",2,"Moto/Ciclomotor,Automóvil","San Martin Y Amenabar",2,1,0,0,1,0,0,,"Calle",,"ROSARIO","Rosario","Asfalto","No existe","II","Dentro","Urbana","Ninguna","No existe","Intersección","Bueno","Buena","Nocturna","Buen Tiempo","Lateral","S/D","Colisión","Ninguna","Horizontal,Vertical","Ninguna","Sin restricción"
2017,1834,4/11/2017,"Martes",0,10:30:00,,"0.0",2,"Moto/Ciclomotor,Taxi/Remis","Bv. Segui Y Mitre",2,1,0,0,1,0,0,,"Calle",,"ROSARIO","Rosario","Asfalto","S/D","II","Dentro","Urbana","S/D","S/D","Recta","Bueno","Buena","Diurna","S/D","S/D","S/D","Colisión","S/D","S/D","S/D","S/D"
2017,1835,4/14/2017,"Viernes",0,20:20:00,,"0.0",2,"Automóvil,Automóvil","Entre Rios Y Bv. Segui",3,2,0,0,1,0,0,,"Avenida",,"ROSARIO","Rosario","Asfalto","S/D","II","Dentro","Urbana","Señal Pare","S/D","Recta","Bueno","Buena","Nocturna,Con luz artificial","Buen Tiempo","Lateral","S/D","Colisión","Ninguna","S/D","Ninguna","S/D"
2017,1836,4/18/2017,"Martes",0,18:20:00,,"0.0",2,"Automóvil,Moto/Ciclomotor","San Martin Y Ayolas",2,1,0,0,1,0,0,,"Avenida",,"ROSARIO","Rosario","Asfalto","No existe","II","Dentro","Urbana","Ninguna","Funciona","Recta","Bueno","Buena","Diurna","Buen Tiempo","Lateral","S/D","Colisión","Ninguna","Horizontal,Vertical","Ninguna","S/D"
2017,1837,4/21/2017,"Viernes",0,14:00:00,,"0.0",2,"Moto/Ciclomotor,Automóvil","24 De Setiembre Y Callao",2,1,0,0,1,0,0,,"Calle",,"ROSARIO","Rosario","Asfalto","No existe","II","Dentro","Urbana","Ninguna","No existe","Recta","Bueno","Buena","Diurna","Buen Tiempo","Lateral","S/D","Colisión","Ninguna","Faltante","Ninguna","Sin restricción"
2017,1838,4/24/2017,"Lunes",0,20:10:00,,"0.0",2,"Automóvil,Moto/Ciclomotor","Pje. Labroca Y Balcarce",3,2,0,0,1,0,0,,"Calle",,"ROSARIO","Rosario","Asfalto","No existe","II","Dentro","Urbana","Ninguna","Funciona","Recta","Bueno","Buena","Nocturna","Buen Tiempo","Lateral","S/D","Colisión","Ninguna","Horizontal,Vertical","Ninguna","Sin restricción"
2017,1839,4/29/2017,"Sabado",0,13:30:00,,"0.0",2,"Automóvil,Moto/Ciclomotor","Milan Y Santiago",2,1,0,0,1,0,0,,"Calle",,"ROSARIO","Rosario","Asfalto","No existe","II","Dentro","Urbana","Ninguna","No existe","Intersección","Bueno","Buena","Diurna","Buen Tiempo","Lateral","S/D","Colisión","Ninguna","Faltante","Ninguna","Sin restricción"
2017,1840,4/29/2017,"Sabado",0,13:45:00,,"0.0",2,"Automóvil,Moto/Ciclomotor","Paraguay 4700",2,1,0,0,1,0,0,,"Calle",,"ROSARIO","Rosario","Asfalto","No existe","II","Dentro","Urbana","Ninguna","No existe","Intersección","Bueno","Buena","Diurna","Buen Tiempo","Lateral","S/D","Colisión","Ninguna","Vertical","Ninguna","Sin restricción"
2017,1841,4/30/2017,"Domingo",0,19:30:00,,"0.0",2,"Automóvil,Moto/Ciclomotor","Bv. Segui Y Alvear",2,1,0,0,1,0,0,,"Avenida",,"ROSARIO","Rosario","Asfalto","No existe","II","Dentro","Urbana","Ninguna","No existe","Intersección","Bueno","Buena","Atardecer","Buen Tiempo","Lateral","S/D","Colisión","Ninguna","Vertical","Ninguna","Sin restricción"
2017,1842,4/4/2017,"Martes",0,19:05:00,,"0.0",2,"Bicicleta,Automóvil","Bv. Segui Y Pte.Roca",2,1,0,0,1,0,0,,"Avenida",,"ROSARIO","Rosario","Asfalto","No existe","II","Dentro","Urbana","Ninguna","No existe","Recta","Bueno","Buena","Atardecer","Buen Tiempo","S/D","Ciclista","Atropello","Ninguna","Horizontal","Ninguna","S/D"
2017,1843,4/1/2017,"Sabado",0,19:30:00,,"0.0",2,"Moto/Ciclomotor,Automóvil","Gaboto Y Alvear",2,0,1,0,1,0,0,,"Calle",,"ROSARIO","Rosario","Asfalto","No existe","II","Dentro","Urbana","Ninguna","No existe","Recta","Bueno","Buena","Atardecer","Buen Tiempo","Lateral","S/D","Colisión","Ninguna","S/D","Ninguna","S/D"
2017,1844,4/1/2017,"Sabado",0,14:30:00,,"0.0",2,"Moto/Ciclomotor,Automóvil","Saavedra Y Pueyrredon",2,1,0,0,1,0,0,,"Calle",,"ROSARIO","Rosario","Asfalto","No existe","II","Dentro","Urbana","Ninguna","No existe","Recta","Bueno","Buena","Diurna","Buen Tiempo","Lateral","S/D","Colisión","Ninguna","Horizontal","Ninguna","Sin restricción"
2017,1845,4/1/2017,"Sabado",0,7:55:00,,"0.0",2,"Moto/Ciclomotor,Automóvil","Entre Rios Y Centeno",2,1,0,0,1,0,0,,"Calle",,"ROSARIO","Rosario","Asfalto","No existe","II","Dentro","Urbana","Ninguna","No existe","Recta","Bueno","Buena","Diurna","Buen Tiempo","Lateral","S/D","Colisión","Ninguna","Horizontal","Ninguna","Sin restricción"
2017,1846,4/2/2017,"Domingo",0,12:40:00,,"0.0",2,"Taxi/Remis,Moto/Ciclomotor","Av. Corrientes Y Biedma",2,1,0,0,1,0,0,,"Calle",,"ROSARIO","Rosario","Asfalto","No existe","II","Dentro","Urbana","Ninguna","No existe","Recta","Bueno","Buena","Diurna","Buen Tiempo","Lateral","S/D","Colisión","Ninguna","Horizontal","Ninguna","Sin restricción"
2017,1847,4/24/2017,"Lunes",0,12:40:00,,"0.0",2,"Moto/Ciclomotor,Automóvil","Ricardo Gutierrez ",2,0,1,0,1,0,0,,"Calle",,"ROSARIO","Rosario","Asfalto","Pavimento","II","Dentro","Urbana","Ninguna","No existe","Intersección","Bueno","Buena","Diurna","Buen Tiempo","Lateral","S/D","Colisión","Ninguna","Faltante","Barrera de hormigón","S/D"
2017,1848,4/16/2017,"Domingo",0,2:00:00,,"0.0",2,"Moto/Ciclomotor,Automóvil","Ayacucho Y Reg.11 de Infanteria",2,1,0,0,1,0,0,,"Calle",,"ROSARIO","Rosario","Asfalto","Pavimento","II","Dentro","Urbana","Ninguna","Intermitente","Intersección","Bueno","Buena","Nocturna","Buen Tiempo","Lateral","S/D","Colisión","S/D","S/D","Barrera de hormigón","Sin restricción"
2017,1849,4/7/2017,"Viernes",0,11:20:00,,"0.0",2,"Pickup/Utilitario,Moto/Ciclomotor"," ",2,1,0,0,1,0,0,,"Calle",,"ROSARIO","Rosario","Asfalto","No existe","II","Dentro","Urbana","Ninguna","S/D","Intersección","Bueno","Buena","Diurna","Buen Tiempo","Lateral","S/D","Colisión","Ninguna","Faltante","Barrera de hormigón","Sin restricción"
2017,1850,4/7/2017,"Viernes",0,10:55:00,,"0.0",2,"Moto/Ciclomotor,Automóvil","Av. Uriburu ",2,1,0,0,1,0,0,,"Calle",,"ROSARIO","Rosario","Asfalto","No existe","II","Dentro","Urbana","Ninguna","No existe","Intersección","Bueno","Buena","Diurna","Buen Tiempo","Lateral","S/D","Colisión","Ninguna","Faltante","Ninguna","Sin restricción"
2017,1851,4/3/2017,"Lunes",0,20:00:00,,"0.0",2,"Automóvil,Automóvil","Av. Uriburu 100",2,1,0,0,1,0,0,,"Calle",,"ROSARIO","Rosario","Asfalto","No existe","II","Dentro","Urbana","Ninguna","No existe","Intersección","Bueno","Buena","Nocturna","Buen Tiempo","Lateral","S/D","Colisión","Ninguna","Faltante","Barrera de hormigón","Sin restricción"
2017,1852,4/5/2017,"Miercoles",0,10:30:00,,"0.0",2,"Automóvil,Bicicleta","Tucuman 3200",2,1,0,0,1,0,0,,"Calle",,"ROSARIO","Rosario","S/D","No existe","II","Dentro","Urbana","Ninguna","No existe","Recta","S/D","Buena","Diurna","Buen Tiempo","S/D","Ciclista","Atropello","S/D","Faltante","Ninguna","Sin restricción"
2017,1853,4/8/2017,"Sabado",0,1:30:00,,"0.0",2,"Automóvil,Moto/Ciclomotor","3 De Febrero 3800",2,1,0,0,1,0,0,,"Calle",,"ROSARIO","Rosario","S/D","No existe","II","Dentro","Urbana","Ninguna","No existe","Recta","S/D","Buena","Nocturna","Buen Tiempo","S/D","S/D","Colisión","S/D","S/D","Ninguna","Sin restricción"
2017,1854,4/8/2017,"Sabado",0,17:15:00,,"0.0",2,"Automóvil,Automóvil","Urquiza Y Castellanos",3,1,0,0,2,0,0,,"Calle",,"ROSARIO","Rosario","Asfalto","No existe","II","Dentro","Urbana","Ninguna","No existe","Recta","Bueno","Buena","Diurna","Buen Tiempo","S/D","S/D","Colisión","Ninguna","Faltante","Ninguna","Sin restricción"
2017,1855,4/22/2017,"Sabado",0,8:50:00,,"0.0",2,"Automóvil,Moto/Ciclomotor","Santa Fe Y Pueyrredon",3,1,1,0,1,0,0,,"Calle",,"ROSARIO","Rosario","Asfalto","No existe","II","Dentro","Urbana","Ninguna","Funciona","Recta","Bueno","Buena","Diurna","Buen Tiempo","S/D","S/D","Colisión","Ninguna","S/D","Ninguna","Sin restricción"
2017,1856,4/22/2017,"Sabado",0,13:00:00,,"0.0",2,"Automóvil,Moto/Ciclomotor","San Lorenzo Y Cafferata",2,1,0,0,1,0,0,,"Calle",,"ROSARIO","Rosario","Hormigón","No existe","II","Dentro","Urbana","S/D","S/D","Curva","S/D","Buena","Diurna","Lluvia","S/D","S/D","Colisión","Ninguna","S/D","S/D","Sin restricción"
2017,1857,4/24/2017,"Lunes",0,21:15:00,,"0.0",2,"Automóvil,Moto/Ciclomotor","Av. Ovidio Lagos Y Guemes",2,1,0,0,1,0,0,,"Calle",,"ROSARIO","Rosario","Asfalto","No existe","II","Dentro","Urbana","Ninguna","S/D","Recta","Bueno","Buena","Nocturna","S/D","S/D","S/D","Colisión","Ninguna","S/D","Ninguna","Sin restricción"
2017,1858,4/27/2017,"Jueves",0,9:45:00,,"0.0",2,"Moto/Ciclomotor,Peatón","Callao Y Urquiza",2,2,0,0,0,0,0,,"Calle",,"ROSARIO","Rosario","Asfalto","S/D","II","Dentro","Urbana","Ninguna","Funciona","Recta","Bueno","Buena","Diurna","S/D","S/D","Peatón","Atropello","S/D","Faltante","Ninguna","Sin restricción"
2017,1859,4/28/2017,"Viernes",0,13:00:00,,"0.0",2,"Moto/Ciclomotor,Taxi/Remis","Santa Fe Y Alsina",2,1,0,0,1,0,0,,"Calle",,"ROSARIO","Rosario","Asfalto","S/D","II","Dentro","Urbana","Ninguna","S/D","Recta","Bueno","S/D","Diurna","Buen Tiempo","S/D","S/D","Colisión","Ninguna","S/D","Ninguna","Sin restricción"
2017,1860,4/28/2017,"Viernes",0,9:50:00,,"0.0",2,"Moto/Ciclomotor,Automóvil","San Lorenzo Y Saavedra",2,1,0,0,1,0,0,,"Calle",,"ROSARIO","Rosario","S/D","No existe","II","Dentro","Urbana","Ninguna","No existe","Recta","Bueno","Buena","Diurna","Buen Tiempo","S/D","S/D","Colisión","Ninguna","Faltante","Ninguna","Sin restricción"
2017,1861,4/29/2017,"Sabado",0,14:00:00,,"0.0",2,"Bicicleta,Automóvil","Urquiza Y Pueyrredon",2,1,0,0,1,0,0,,"Calle",,"ROSARIO","Rosario","Asfalto","No existe","II","Dentro","Urbana","Ninguna","S/D","Recta","Bueno","Buena","Diurna","S/D","S/D","Ciclista","Atropello","Ninguna","S/D","Ninguna","Sin restricción"
2017,1862,4/30/2017,"Domingo",0,22:20:00,,"0.0",2,"Pickup/Utilitario,Moto/Ciclomotor","Catamarca Y Santiago",2,1,0,0,1,0,0,,"Calle",,"ROSARIO","Rosario","Asfalto","No existe","II","Dentro","Urbana","Ninguna","No existe","Recta","Bueno","Buena","Diurna","Buen Tiempo","S/D","S/D","Colisión","Ninguna","Faltante","Ninguna","Sin restricción"
2017,1863,4/30/2017,"Domingo",0,14:50:00,,"0.0",2,"Bicicleta,Automóvil","Dorrego Y Rioja",2,1,0,0,1,0,0,,"Calle",,"ROSARIO","Rosario","Asfalto","Pavimento","II","Dentro","Urbana","Ninguna","No existe","Intersección","Bueno","Buena","Diurna","Buen Tiempo","S/D","Ciclista","Atropello","Ninguna","Horizontal","Cordón divisorio","Sin restricción"
2017,1864,4/17/2017,"Lunes",0,15:20:00,,"0.0",2,"Moto/Ciclomotor,Automóvil","3 De Febrero Y Pte.Roca",3,1,0,0,2,0,0,,"Calle",,"ROSARIO","Rosario","Asfalto","Pavimento","II","Dentro","Urbana","Ninguna","No existe","Intersección","Bueno","Buena","Diurna","Buen Tiempo","Lateral","S/D","Colisión","Ninguna","Horizontal","Ninguna","S/D"
2017,1865,4/27/2017,"Jueves",0,21:00:00,,"0.0",1,"Moto/Ciclomotor","Pte.Roca 1600",2,1,0,0,1,0,0,,"Calle",,"ROSARIO","Rosario","Asfalto","Pavimento","II","Dentro","Urbana","Ninguna","No existe","Recta","Bueno","Buena","Nocturna","Buen Tiempo","Contra objeto fijo","S/D","Colisión","Ninguna","Horizontal","Ninguna","S/D"
2017,1866,4/30/2017,"Domingo",0,9:45:00,,"0.0",2,"Taxi/Remis,Automóvil","Entre Rios Y Pje. Ricardone",2,1,0,0,1,0,0,,"Calle",,"ROSARIO","Rosario","Asfalto","Pavimento","II","Dentro","Urbana","Ninguna","No existe","Intersección","Bueno","Buena","Diurna","Buen Tiempo","Lateral","S/D","Colisión","Ninguna","Horizontal","Ninguna","S/D"
2017,1867,4/28/2017,"Viernes",0,15:00:00,,"0.0",2,"Automóvil,Moto/Ciclomotor","Bv. Oroño 1200",2,1,0,0,1,0,0,,"Avenida",,"ROSARIO","Rosario","Asfalto","Pavimento","II","Dentro","Urbana","Ninguna","No existe","Recta","Bueno","Buena","Diurna","Buen Tiempo","Lateral","S/D","Colisión","Ninguna","Horizontal","Cordón divisorio","Sin restricción"
2017,1868,4/23/2017,"Domingo",0,7:45:00,,"0.0",2,"Moto/Ciclomotor,Moto/Ciclomotor","Santa Fe Y Bv. Oroño",4,4,0,0,0,0,0,,"Avenida",,"ROSARIO","Rosario","Asfalto","Pavimento","II","Dentro","Urbana","Semáforo","Funciona","Intersección","Bueno","Buena","Diurna","Buen Tiempo","Lateral","S/D","Colisión","Ninguna","Vertical","Cordón divisorio","Sin restricción"
2017,1869,4/11/2017,"Martes",0,11:40:00,,"0.0",2,"Moto/Ciclomotor,Otros","Entre Rios Y San Juan",2,1,0,0,0,0,1,,"Calle",,"ROSARIO","Rosario","Asfalto","Pavimento","II","Dentro","Urbana","Semáforo","Funciona","Intersección","Bueno","Buena","Nocturna","Buen Tiempo","Lateral","S/D","Colisión","Ninguna","Vertical","Cordón divisorio","Sin restricción"
2017,1870,4/5/2017,"Miercoles",0,21:30:00,,"0.0",2,"Automóvil,Bicicleta"," ",2,0,1,0,1,0,0,,"Calle",,"ROSARIO","Rosario","Asfalto","Pavimento","II","Dentro","Urbana","Semáforo","Funciona","Intersección","Bueno","Buena","Atardecer","Buen Tiempo","S/D","Ciclista","Atropello","Ninguna","Vertical","Guardarrail","Sin restricción"
2017,1871,4/12/2017,"Miercoles",0,21:50:00,,"0.0",2,"Automóvil,Moto/Ciclomotor","Valentin Gomez Y Algarrobo",2,1,0,0,1,0,0,,"Calle",,"ROSARIO","Rosario","Asfalto","S/D","II","Dentro","Urbana","Ninguna","No existe","Intersección","Bueno","Buena","Nocturna","Buen Tiempo","Lateral","S/D","Colisión","Ninguna","S/D","Ninguna","Sin restricción"
2017,1872,4/17/2017,"Lunes",0,13:40:00,,"0.0",2,"Automóvil,Bicicleta","Av. Irigoyen Y Zelaya",2,0,1,0,1,0,0,,"Calle",,"ROSARIO","Rosario","Asfalto","S/D","II","Dentro","Urbana","Ninguna","No existe","S/D","Bueno","Buena","Diurna","Buen Tiempo","S/D","Ciclista","Atropello","Ninguna","Faltante","Línea divisoria pintada","Sin restricción"
2017,1873,3/24/2017,"Viernes",0,1:30:00,,"0.0",2,"Moto/Ciclomotor,Otros","Cavia 1500",2,1,0,0,0,0,1,,"Calle",,"ROSARIO","Rosario","Asfalto","No existe","II","Dentro","Urbana","Ninguna","No existe","Recta","Bueno","Buena","Nocturna,Con luz artificial","Buen Tiempo","De alcance","S/D","Colisión","Ninguna","Horizontal","Ninguna","Sin restricción"
2017,1874,3/26/2017,"Domingo",0,5:45:00,,"0.0",2,"Moto/Ciclomotor,Automóvil","Warnes Y Maciel",2,1,0,0,0,0,1,,"Calle",,"ROSARIO","Rosario","Asfalto","No existe","II","Dentro","Urbana","Ninguna","No existe","Intersección","Bueno","Buena","Amanecer","Buen Tiempo","Lateral","S/D","Colisión","Ninguna","Horizontal","Ninguna","Sin restricción"
2017,1875,4/5/2017,"Miercoles",0,12:50:00,,"0.0",2,"Moto/Ciclomotor,Automóvil","Av Las Palmeras Y El Zorzal",2,1,0,0,1,0,0,,"Calle",,"PEREZ","Rosario","Ripio","No existe","II","S/D","Urbana","Ninguna","No existe","Intersección","Deteriorada","Buena","Diurna","Buen Tiempo","Lateral","S/D","Colisión","Ninguna","Faltante","Ninguna","Sin restricción"
2017,1876,4/22/2017,"Sabado",0,5:00:00,"Ruta Nacional 33","0.0",1,"Moto/Ciclomotor","San Lorenzo ",1,1,0,0,0,0,0,,"Ruta",33,"ZAVALLA","Rosario","Asfalto","No existe","II","S/D","Urbana","Ninguna","No existe","Recta","Bueno","Buena","Nocturna","Buen Tiempo","S/D","S/D","Caída ocupante","Ninguna","Faltante","Ninguna","S/D"