"anio_acci","nro_acci","fecha","desc_dia","fecha_aprox","hora_aprox","desc_ruta","km","cant_participantes","desc_participante","calle_avenida_km","total","heridos_leves","heridos_graves","heridos_gravisimos","ilesos","fallecidos","sin_datos","posicion_XY","desc_tipo_via","desc_ruta_ori","desc_loc","desc_dpto","desc_tipo_calzada","desc_tipo_banquina","desc_unidad_regional","desc_lugar_calzada","desc_zona","desc_prioridad","desc_estado_semaforo","desc_lugar_via","desc_estado_via","desc_estado_visibilidad","desc_luminosidad","desc_estado_clima","desc_tipo_colision","desc_tipo_atropello","desc_tipo_hecho","desc_pres_calzada","desc_senializacion","desc_separacion_via","desc_restriccion"
2017,1877,4/18/2017,"Martes",0,12:20:00,,"0.0",1,"Bicicleta","CALLE INTERNA AL PARQUE ",1,1,0,0,0,0,0,,"Calle",,"ZAVALLA","Rosario","Ripio","No existe","II","Dentro","Urbana","Ninguna","S/D","Recta","Deteriorada","Buena","Diurna","Buen Tiempo","S/D","S/D","Caída ocupante","Ninguna","S/D","Ninguna","S/D"
2017,1878,4/1/2017,"Sabado",0,0:15:00,,"0.0",1,"Bicicleta","Villarino Bv Y Sarmiento",1,1,0,0,0,0,0,,"Calle",,"ZAVALLA","Rosario","Asfalto","No existe","II","Dentro","Urbana","S/D","No existe","Recta","Bueno","Buena","Nocturna","S/D","S/D","S/D","Caída ocupante","Ninguna","Faltante","S/D","S/D"
2017,1879,4/20/2017,"Jueves",0,0:15:00,"Ruta Nacional 33","0.0",2,"Bicicleta,Automóvil","Sastre Bv Y 25 de Mayo",2,0,1,0,1,0,0,,"Ruta",33,"ZAVALLA","Rosario","Asfalto","Pavimento","II","Dentro","Urbana","S/D","S/D","Recta","S/D","Buena","Nocturna","S/D","S/D","Ciclista","Atropello","Ninguna","Horizontal","S/D","S/D"
2017,1880,4/27/2017,"Jueves",0,11:30:00,,"0.0",2,"Pickup/Utilitario,Moto/Ciclomotor","Pte.Roca ",2,0,1,0,1,0,0,,"Calle",,"ROSARIO","Rosario","Asfalto","No existe","II","Dentro","Urbana","Ninguna","Funciona","Intersección","Bueno","Buena","Diurna","Buen Tiempo","De alcance","S/D","Colisión","Ninguna","Vertical","Ninguna","Sin restricción"
2017,1881,4/9/2017,"Domingo",0,3:10:00,,"0.0",2,"Moto/Ciclomotor,Otros","Bv. Oroño Y Lamadrid",2,1,0,0,1,0,0,,"Calle",,"ROSARIO","Rosario","Asfalto","No existe","II","Dentro","Urbana","Semáforo","Funciona","Intersección","Bueno","Buena","Nocturna,Con luz artificial","Buen Tiempo","Lateral","S/D","Colisión","Ninguna","Vertical","Cordón divisorio","Sin restricción"
2017,1882,4/2/2017,"Domingo",0,22:00:00,,"0.0",2,"Moto/Ciclomotor,Otros","Mariano Moreno ",2,1,0,0,1,0,0,,"Calle",,"ROSARIO","Rosario","Asfalto","No existe","II","Dentro","Urbana","Ninguna","No existe","Intersección","Bueno","Buena","Nocturna,Con luz artificial","Buen Tiempo","Lateral","S/D","Colisión","Ninguna","Faltante","Ninguna","Sin restricción"
2017,1883,4/2/2017,"Domingo",0,21:30:00,,"0.0",2,"Moto/Ciclomotor,Automóvil","Av. Battle y Ordoñez Y Italia",2,1,0,0,1,0,0,,"Calle",,"ROSARIO","Rosario","Asfalto","No existe","II","Dentro","Urbana","Semáforo","Funciona","Intersección","Bueno","Buena","Nocturna,Con luz artificial","Buen Tiempo","Lateral","S/D","Colisión","Ninguna","Vertical","Cordón divisorio","Sin restricción"
2017,1884,3/31/2017,"Viernes",0,23:50:00,,"0.0",2,"Automóvil,Moto/Ciclomotor","Av. Battle y Ordoñez Y Entre Rios",2,0,1,0,1,0,0,,"Calle",,"ROSARIO","Rosario","Asfalto","Pavimento","II","Dentro","Urbana","Ninguna","No existe","Intersección","Bueno","Buena","Nocturna","Buen Tiempo","S/D","S/D","Colisión","Ninguna","Faltante","Cordón divisorio","Sin restricción"
2017,1885,4/13/2017,"Jueves",0,20:00:00,,"0.0",2,"Automóvil,Moto/Ciclomotor","Av. Battle y Ordoñez Y Arteaga",2,1,0,0,1,0,0,,"Calle",,"ROSARIO","Rosario","Asfalto","No existe","II","Dentro","Urbana","Ninguna","No existe","Intersección","Bueno","Buena","Nocturna","Buen Tiempo","S/D","S/D","Colisión","Ninguna","Faltante","Cordón divisorio","Sin restricción"
2017,1886,4/15/2017,"Sabado",0,18:45:00,,"0.0",2,"Automóvil,Bicicleta","Av. San Martín Y Juan Pablo II (Colect Av. Circunvalacion)",2,0,0,0,1,1,0,"-33.01572, -60.65202","Calle",,"ROSARIO","Rosario","Asfalto","Natural","II","Dentro","Urbana","Ninguna","S/D","Intersección","Bueno","Buena","Diurna","Buen Tiempo","S/D","Ciclista","Atropello","Ninguna","S/D","Ninguna","Sin restricción"
2017,1887,4/17/2017,"Lunes",0,14:30:00,,"0.0",2,"Moto/Ciclomotor,Camión c / Acoplado","Pago de los Arroyos Y Blandengues",2,1,0,0,1,0,0,,"Calle",,"ROSARIO","Rosario","Asfalto","No existe","II","Dentro","Urbana","Ninguna","No existe","Intersección","Bueno","Buena","Diurna","Buen Tiempo","Lateral","S/D","Colisión","Ninguna","Faltante","Ninguna","Sin restricción"
2017,1888,4/19/2017,"Miercoles",0,9:40:00,,"0.0",2,"Automóvil,Moto/Ciclomotor","San Martin Y Khantuta",2,1,0,0,1,0,0,,"Calle",,"ROSARIO","Rosario","Asfalto","No existe","II","Dentro","Urbana","Semáforo","Funciona","Intersección","Bueno","Buena","Diurna","Buen Tiempo","De alcance","S/D","Colisión","Ninguna","Vertical","Línea divisoria pintada","Sin restricción"
2017,1889,4/22/2017,"Sabado",0,9:15:00,,"0.0",2,"Bicicleta,Automóvil","Av. Corrientes ",2,1,0,0,1,0,0,,"Calle",,"ROSARIO","Rosario","Asfalto","No existe","II","Dentro","Urbana","Ninguna","No existe","Recta","Bueno","Buena","Diurna","Buen Tiempo","S/D","Ciclista","Atropello","Ninguna","Faltante","Cordón divisorio","Sin restricción"
2017,1890,4/22/2017,"Sabado",0,12:30:00,"Autopista Nacional A008","0.0",2,"Automóvil,Moto/Ciclomotor","San Martin Y Av. Circunvalacion",2,0,1,0,1,0,0,,"Autopista","A008","ROSARIO","Rosario","Asfalto","Pavimento","II","Dentro","Urbana","Semáforo","Funciona","Intersección","Deteriorada","Buena","Diurna","Buen Tiempo","S/D","S/D","Colisión","Material Suelto","Vertical","Cordón divisorio","Obra en Construcción"
2017,1891,4/5/2017,"Miercoles",0,10:30:00,,"0.0",2,"Moto/Ciclomotor,Automóvil","Nogues Y Alvear",2,1,0,0,1,0,0,,"Calle",,"VILLA GOBERNADOR GÁLVEZ","Rosario","Asfalto","No existe","II","Dentro","Urbana","Ninguna","No existe","Recta","Bueno","Buena","Diurna","Buen Tiempo","Lateral","S/D","Colisión","Ninguna","Faltante","Ninguna","Sin restricción"
2017,1892,4/11/2017,"Martes",0,22:00:00,,"0.0",2,"Moto/Ciclomotor,Moto/Ciclomotor","Andreu Y Santiago del Estero",2,2,0,0,0,0,0,,"Calle",,"VILLA GOBERNADOR GÁLVEZ","Rosario","Asfalto","No existe","II","Dentro","Urbana","Ninguna","No existe","Recta","Deteriorada","Buena","Nocturna,Con luz artificial","Buen Tiempo","De alcance","S/D","Colisión","Ninguna","Faltante","Ninguna","Sin restricción"
2017,1893,4/13/2017,"Jueves",0,10:05:00,,"0.0",2,"Automóvil,Moto/Ciclomotor","3 de Febrero 200",2,1,0,0,1,0,0,,"Calle",,"VILLA GOBERNADOR GÁLVEZ","Rosario","Asfalto","No existe","II","Dentro","Urbana","Ninguna","No existe","Recta","Deteriorada","Buena","Diurna","Buen Tiempo","De alcance","S/D","Colisión","Ninguna","Faltante","Ninguna","Sin restricción"
2017,1894,4/17/2017,"Lunes",0,1:30:00,,"0.0",2,"Automóvil,Bicicleta","Alvear Y Saenz Peña Bis",2,1,0,0,1,0,0,,"Calle",,"VILLA GOBERNADOR GÁLVEZ","Rosario","S/D","S/D","II","Dentro","Urbana","S/D","S/D","S/D","S/D","S/D","Nocturna","S/D","S/D","Ciclista","Atropello","S/D","S/D","S/D","S/D"
2017,1895,4/18/2017,"Martes",0,13:35:00,,"0.0",2,"Automóvil,Automóvil","M Cambeira ",2,2,0,0,0,0,0,,"Calle",,"VILLA GOBERNADOR GÁLVEZ","Rosario","Asfalto","S/D","II","Dentro","Urbana","Ninguna","No existe","Recta","Bueno","Buena","Diurna","Buen Tiempo","De alcance","S/D","Colisión","S/D","S/D","Barrera de hormigón","Sin restricción"
2017,1896,4/28/2017,"Viernes",0,18:30:00,,"0.0",2,"Moto/Ciclomotor,Automóvil","Buenameson Y Gral Paz",3,1,0,0,2,0,0,,"Calle",,"VILLA GOBERNADOR GÁLVEZ","Rosario","Asfalto","No existe","II","Dentro","Urbana","Ninguna","No existe","Recta","Bueno","Buena","Diurna","Buen Tiempo","De alcance","S/D","Colisión","Ninguna","Faltante","Ninguna","Sin restricción"
2017,1897,4/23/2017,"Domingo",0,14:30:00,,"0.0",2,"Moto/Ciclomotor,Automóvil","Nogues ",2,1,0,0,0,0,1,,"Calle",,"VILLA GOBERNADOR GÁLVEZ","Rosario","Asfalto","No existe","II","Dentro","Urbana","Ninguna","S/D","Recta","Bueno","Buena","Diurna","Buen Tiempo","De alcance","S/D","Colisión","Ninguna","Faltante","Ninguna","Sin restricción"
2017,1898,4/3/2017,"Lunes",0,20:00:00,,"0.0",2,"Moto/Ciclomotor,Automóvil","RIOJA Y ALBERDI",2,1,0,0,1,0,0,,"Calle",,"PUEBLO ESTHER","Rosario","Asfalto","Pavimento","II","Dentro","Urbana","Ninguna","No existe","Intersección","Bueno","Buena","Nocturna","Buen Tiempo","S/D","S/D","Colisión","Ninguna","S/D","S/D","Accidente Previo"
2017,1899,4/7/2017,"Viernes",0,13:45:00,,"0.0",2,"Automóvil,Automóvil","ALBERDI 1300",2,1,0,0,1,0,0,,"Calle",,"PUEBLO ESTHER","Rosario","Asfalto","Pavimento","II","Dentro","Urbana","Ninguna","No existe","Recta","Bueno","Buena","Diurna","Buen Tiempo","S/D","S/D","Colisión","Ninguna","Vertical","Ninguna","Sin restricción"
2017,1900,4/4/2017,"Martes",0,12:30:00,,"0.0",2,"Automóvil,Moto/Ciclomotor","Echeverria Bis Y Av. Luis Carballo",2,1,0,0,1,0,0,,"Calle",,"ROSARIO","Rosario","Asfalto","S/D","II","Dentro","Urbana","Semáforo","Funciona","Intersección","Bueno","Buena","Diurna","Buen Tiempo","S/D","S/D","Colisión","Ninguna","Vertical","Ninguna","S/D"
2017,1901,4/7/2017,"Viernes",0,20:00:00,,"0.0",2,"Automóvil,Moto/Ciclomotor","Velez Sarsfield ",2,1,0,0,1,0,0,,"Calle",,"ROSARIO","Rosario","Asfalto","S/D","II","Dentro","Urbana","Semáforo","Funciona","Intersección","Bueno","Buena","Diurna","Buen Tiempo","S/D","S/D","Colisión","Ninguna","Vertical","Ninguna","S/D"
2017,1902,4/11/2017,"Martes",0,4:30:00,,"0.0",1,"Automóvil","Echeverria Bis Y Pje. Franklin",1,0,0,0,0,0,1,,"Calle",,"ROSARIO","Rosario","S/D","S/D","II","Dentro","Urbana","S/D","S/D","S/D","S/D","Buena","Nocturna","S/D","S/D","S/D","Incendio","S/D","S/D","S/D","S/D"
2017,1903,4/11/2017,"Martes",0,22:30:00,,"0.0",2,"Moto/Ciclomotor,Automóvil","Bahia Blanca Bis Y Pje. De Pinedo",2,1,0,0,1,0,0,,"Calle",,"ROSARIO","Rosario","Asfalto","No existe","II","Dentro","Urbana","Ninguna","No existe","S/D","Bueno","Buena","Diurna","Buen Tiempo","Lateral","S/D","Colisión","Ninguna","S/D","Ninguna","Sin restricción"
2017,1904,4/11/2017,"Martes",0,9:10:00,,"0.0",2,"Automóvil,Moto/Ciclomotor","Av. Luis Carballo 260",2,1,0,0,1,0,0,,"Calle",,"ROSARIO","Rosario","Asfalto","S/D","II","Dentro","Urbana","Semáforo","Funciona","S/D","Bueno","Buena","Diurna","S/D","S/D","S/D","Colisión","Ninguna","Vertical","S/D","S/D"
2017,1905,4/10/2017,"Lunes",0,12:45:00,,"0.0",2,"Automóvil,Automóvil","Junin Y Suiza",2,2,0,0,0,0,0,,"Calle",,"ROSARIO","Rosario","Asfalto","S/D","II","Dentro","Urbana","Semáforo","Funciona","Intersección","Bueno","Buena","Diurna","Buen Tiempo","Lateral","S/D","Colisión","Ninguna","Vertical","S/D","S/D"
2017,1906,4/30/2017,"Domingo",0,8:15:00,,"0.0",2,"Automóvil,Automóvil","R.de Escalada Y Av. Francia",2,1,0,0,1,0,0,,"Calle",,"ROSARIO","Rosario","Asfalto","S/D","II","Dentro","Urbana","Semáforo","Funciona","Intersección","Bueno","Buena","Diurna","Buen Tiempo","S/D","S/D","Colisión","Ninguna","Vertical","S/D","Sin restricción"
2017,1907,4/4/2017,"Martes",0,17:25:00,,"0.0",2,"Automóvil,Moto/Ciclomotor","Av. Luis Carballo Y Pje. J.M.Estrada Bis",2,1,0,0,1,0,0,,"Calle",,"ROSARIO","Rosario","Asfalto","Pavimento","II","Dentro","Urbana","Semáforo","Funciona","Intersección","Bueno","Buena","Diurna","S/D","S/D","S/D","Colisión","S/D","Vertical","S/D","S/D"
2017,1908,4/28/2017,"Viernes",0,16:20:00,,"0.0",2,"Moto/Ciclomotor,Pickup/Utilitario","Gobernador Crespo Y Aaron Castellanos",2,1,0,0,1,0,0,,"Calle",,"ESPERANZA","Las Colonias","Asfalto","No existe","XI","Dentro","Urbana","Ninguna","No existe","Intersección","Bueno","Buena","Diurna","Buen Tiempo","Lateral","S/D","Colisión","Ninguna","Vertical","Ninguna","Sin restricción"
2017,1909,4/28/2017,"Viernes",0,18:20:00,"Ruta Provincial 70","0.0",2,"Moto/Ciclomotor,Camión Chasis","Jose Forte ",2,1,0,0,1,0,0,,"Ruta",70,"ESPERANZA","Las Colonias","Asfalto","No existe","XI","Dentro","Urbana","Semáforo","Funciona","Intersección","Bueno","Buena","Atardecer","Buen Tiempo","Lateral","S/D","Colisión","Ninguna","Vertical","Ninguna","Sin restricción"
2017,1910,4/19/2017,"Miercoles",0,13:15:00,,"0.0",2,"Automóvil,Moto/Ciclomotor","Estanislao Zeballos Y General Paz",2,0,1,0,1,0,0,,"Calle",,"ESPERANZA","Las Colonias","Asfalto","No existe","XI","Dentro","Urbana","Ninguna","No existe","Intersección","Bueno","Buena","Diurna","Buen Tiempo","Lateral","S/D","Colisión","S/D","Vertical","Ninguna","Sin restricción"
2017,1911,4/10/2017,"Lunes",0,19:50:00,,"0.0",2,"Moto/Ciclomotor,Moto/Ciclomotor","Leandro N Alem Y Domingo Faustino Sarmiento",2,2,0,0,0,0,0,,"Calle",,"ESPERANZA","Las Colonias","Asfalto","No existe","XI","Dentro","Urbana","Ninguna","S/D","Intersección","Bueno","Buena","Atardecer","Buen Tiempo","De alcance","S/D","Colisión","Ninguna","Vertical","Ninguna","Sin restricción"
2017,1912,4/8/2017,"Sabado",0,21:00:00,,"0.0",2,"Automóvil,Bicicleta","Av Los Colonizadores Y Pujol Bis Gdor",2,1,0,0,1,0,0,,"Calle",,"ESPERANZA","Las Colonias","Asfalto","S/D","XI","Dentro","Urbana","Ninguna","No existe","Intersección","Bueno","Buena","Nocturna","Buen Tiempo","S/D","Ciclista","Atropello","Ninguna","Vertical","Ninguna","Sin restricción"
2017,1913,4/7/2017,"Viernes",0,9:50:00,,"0.0",2,"Automóvil,Moto/Ciclomotor","Av Cordoba Y General Paz",2,0,1,0,1,0,0,,"Calle",,"ESPERANZA","Las Colonias","Asfalto","No existe","XI","Dentro","Urbana","Ninguna","No existe","Intersección","Bueno","Buena","Diurna","Buen Tiempo","Lateral","S/D","Colisión","Ninguna","Vertical","Cordón divisorio","Sin restricción"
2017,1914,4/4/2017,"Martes",0,21:15:00,,"0.0",2,"Moto/Ciclomotor,Automóvil","Domingo Faustino Sarmiento Y Cullen",2,1,0,0,1,0,0,,"Calle",,"ESPERANZA","Las Colonias","Hormigón","Pavimento","XI","Dentro","Urbana","Ninguna","No existe","Intersección","Bueno","Buena","Nocturna","Buen Tiempo","Lateral","S/D","Colisión","S/D","S/D","Línea divisoria pintada","Sin restricción"
2017,1915,4/25/2017,"Martes",0,18:20:00,"Ruta Nacional 11","0.0",2,"Bicicleta,Camión c / Acoplado","Bv San Martin Y Benavidez",2,1,0,0,1,0,0,,"Ruta",11,"BARRANCAS","San Jerónimo","Asfalto","S/D","XV","Dentro","Urbana","Ninguna","No existe","Intersección","Bueno","Buena","Atardecer","Buen Tiempo","S/D","Ciclista","Atropello","Ninguna","S/D","Línea divisoria pintada","Sin restricción"
2017,1916,4/29/2017,"Sabado",0,,,"0.0",2,"Camión Chasis,Moto/Ciclomotor","Francisco A. Candioti Y Rio Negro",2,0,1,0,1,0,0,,"Calle",,"EL TRÉBOL","San Martín","Asfalto","No existe","XVIII","Dentro","Urbana","Ninguna","No existe","Intersección","Bueno","Buena","Diurna","Buen Tiempo","Lateral","S/D","Colisión","Ninguna","Horizontal","Ninguna","Sin restricción"
2017,1917,4/13/2017,"Jueves",0,3:35:00,"Ruta Nacional 11","569.0",1,"Automóvil"," ",1,1,0,0,0,0,0,,"Ruta",11,"SAN BERNARDO.","San Justo","Asfalto","Natural","XVI","Dentro","Urbana","Ninguna","No existe","Curva","Bueno","Buena","Nocturna","Buen Tiempo","Contra objeto fijo","S/D","Colisión","S/D","Vertical","Línea divisoria pintada","Sin restricción"
2017,1918,4/8/2017,"Sabado",0,14:30:00,,"0.0",2,"Moto/Ciclomotor,Moto/Ciclomotor","Juan Larrea ",2,2,0,0,0,0,0,,"Calle",,"RAFAELA","Castellanos","Asfalto","S/D","V","Dentro","Urbana","Ninguna","No existe","Intersección","Bueno","Buena","Diurna","Buen Tiempo","Lateral","S/D","Colisión","Ninguna","Faltante","Ninguna","Sin restricción"
2017,1919,4/14/2017,"Viernes",0,12:00:00,,"0.0",2,"Moto/Ciclomotor,Automóvil","Bv G L Lhemann 1364",2,1,0,0,1,0,0,,"Calle",,"RAFAELA","Castellanos","Asfalto","No existe","V","Dentro","Urbana","Ninguna","No existe","Recta","Bueno","Buena","Diurna","Buen Tiempo","Lateral","S/D","Colisión","Ninguna","S/D","Cordón divisorio","Sin restricción"
2017,1920,4/15/2017,"Sabado",0,20:00:00,,"0.0",2,"Bicicleta,Moto/Ciclomotor","Mendoza Y Urquiza",2,0,1,0,1,0,0,,"Calle",,"MARIA JUANA","Castellanos","Asfalto","S/D","V","Dentro","Urbana","Ninguna","No existe","Intersección","Bueno","Buena","Diurna","Buen Tiempo","Lateral","Ciclista","Atropello","Ninguna","Vertical","Ninguna","Sin restricción"
2017,1921,4/17/2017,"Lunes",0,21:00:00,,"0.0",2,"Automóvil,Bicicleta","Domingo Silva Y A Marini",2,1,0,0,1,0,0,,"Calle",,"RAFAELA","Castellanos","Asfalto","S/D","V","Dentro","Urbana","Ninguna","S/D","Intersección","Bueno","Buena","Nocturna","Buen Tiempo","S/D","Ciclista","Atropello","Ninguna","Vertical","Ninguna","Sin restricción"
2017,1922,4/27/2017,"Jueves",0,13:00:00,,"0.0",2,"Moto/Ciclomotor,Automóvil","Sarmiento Y Avellaneda",2,0,1,0,1,0,0,,"Calle",,"SUNCHALES","Castellanos","Hormigón","No existe","V","Dentro","Urbana","Ninguna","No existe","Intersección","Bueno","Buena","Diurna","Buen Tiempo","Lateral","S/D","Colisión","Ninguna","Faltante","Vegetación","Sin restricción"
2017,1923,3/1/2017,"Miercoles",0,11:25:00,"Ruta Provincial 70","73.0",2,"Moto/Ciclomotor,Taxi/Remis"," ",2,0,1,0,1,0,0,,"Ruta",70,"BELLA ITALIA","Castellanos","Asfalto","Pavimento","V","Dentro","Urbana","Marca Vial","No existe","Recta","Bueno","Buena","Diurna","Buen Tiempo","Frontal","S/D","Colisión","Ninguna","Horizontal","Línea divisoria pintada","Sin restricción"
2017,1924,2/26/2017,"Domingo",0,6:30:00,,"0.0",2,"Pickup/Utilitario,Automóvil","Av Irigoyen Y Estanislao lopez",3,1,0,0,2,0,0,,"Calle",,"SUNCHALES","Castellanos","Asfalto","No existe","V","Dentro","Urbana","Paso Peatonal","No existe","Intersección","Bueno","Buena","Diurna","Buen Tiempo","Lateral","S/D","Colisión","Ninguna","Horizontal","Cordón divisorio","Sin restricción"
2017,1925,3/22/2017,"Miercoles",0,14:35:00,"Ruta Nacional 34","265.0",1,"Automóvil"," ",2,1,0,0,1,0,0,,"Ruta",34,"SUNCHALES","Castellanos","Asfalto","Natural","V","Dentro","Urbana","Ninguna","No existe","Recta","Resbaladiza","Reducida","Diurna","Lluvia","S/D","S/D","Despiste","Agua","Vertical","Ninguna","Sin restricción"
2017,1926,3/31/2017,"Viernes",0,18:30:00,,"0.0",2,"Moto/Ciclomotor,Automóvil","Lainez Y Estanislao lopez",3,2,0,0,1,0,0,,"Calle",,"SUNCHALES","Castellanos","Asfalto","No existe","V","Dentro","Urbana","Ninguna","No existe","Recta","Bueno","Buena","Diurna","Buen Tiempo","Lateral","S/D","Colisión","Ninguna","Faltante","Ninguna","Sin restricción"
2017,1927,4/29/2017,"Sabado",0,0:40:00,,"0.0",2,"Moto/Ciclomotor,Automóvil","Dr.Rivas Y Ricchieri",2,1,0,0,1,0,0,,"Calle",,"ROSARIO","Rosario","Asfalto","No existe","II","Dentro","Urbana","Ninguna","No existe","Intersección","Bueno","Buena","Nocturna,Con luz artificial","Buen Tiempo","Lateral","S/D","Colisión","Ninguna","S/D","Ninguna","Sin restricción"
2017,1928,4/29/2017,"Sabado",0,1:00:00,,"0.0",2,"Automóvil,Moto/Ciclomotor","Crespo Y Pje. Boman",2,1,0,0,1,0,0,,"Calle",,"ROSARIO","Rosario","Asfalto","No existe","II","Dentro","Urbana","Ninguna","No existe","Recta","Bueno","Buena","Nocturna","Buen Tiempo","Lateral","S/D","Colisión","Ninguna","S/D","S/D","Sin restricción"
2017,1929,4/28/2017,"Viernes",0,17:10:00,,"0.0",2,"Automóvil,Moto/Ciclomotor","Av. Uriburu ",2,1,0,0,1,0,0,,"Avenida",,"ROSARIO","Rosario","Asfalto","Pavimento","II","Dentro","Urbana","Ninguna","No existe","Intersección","Bueno","Buena","Atardecer","Buen Tiempo","Lateral","S/D","Colisión","Ninguna","S/D","Ninguna","Sin restricción"
2017,1930,4/19/2017,"Miercoles",0,16:05:00,"Ruta Provincial 21","0.0",2,"Moto/Ciclomotor,Moto/Ciclomotor","Av Gral San Martin Y Berutti Bis",2,2,0,0,0,0,0,,"Ruta",21,"VILLA GOBERNADOR GÁLVEZ","Rosario","Asfalto","S/D","II","Dentro","Urbana","Ninguna","S/D","Intersección","Bueno","Buena","Diurna","Buen Tiempo","Lateral","S/D","Colisión","S/D","S/D","Barrera de hormigón","S/D"
2017,1931,4/21/2017,"Viernes",0,21:30:00,"Ruta Provincial 21","0.0",2,"Bicicleta,Automóvil","Av Gral San Martin Y Eva Peron",2,1,0,0,1,0,0,,"Ruta",21,"VILLA GOBERNADOR GÁLVEZ","Rosario","S/D","S/D","II","Dentro","Urbana","Ninguna","S/D","Intersección","S/D","Buena","Nocturna","Buen Tiempo","S/D","Ciclista","Atropello","S/D","S/D","Ninguna","S/D"
2017,1932,4/12/2017,"Miercoles",0,15:30:00,"Ruta Provincial 21","0.0",2,"Moto/Ciclomotor,Automóvil","Av Gral San Martin Y T A Edison bis",2,1,0,0,1,0,0,,"Ruta",21,"VILLA GOBERNADOR GÁLVEZ","Rosario","Asfalto","S/D","II","Dentro","Urbana","Ninguna","S/D","Intersección","Bueno","Buena","Diurna","Buen Tiempo","Lateral","S/D","Colisión","Ninguna","S/D","Ninguna","S/D"
2017,1933,4/12/2017,"Miercoles",0,19:05:00,,"0.0",2,"Moto/Ciclomotor,Automóvil","12 de Octubre Y Espora",2,1,0,0,1,0,0,,"Calle",,"VILLA GOBERNADOR GÁLVEZ","Rosario","S/D","S/D","II","Dentro","Urbana","Ninguna","S/D","Intersección","S/D","Buena","Atardecer","Buen Tiempo","Lateral","S/D","Colisión","S/D","S/D","Ninguna","S/D"
2017,1934,4/11/2017,"Martes",0,20:20:00,,"0.0",2,"Moto/Ciclomotor,Automóvil","Av Juan Domingo Peron Y Piazza",2,1,0,0,1,0,0,,"Calle",,"VILLA GOBERNADOR GÁLVEZ","Rosario","S/D","S/D","II","Dentro","Urbana","Ninguna","S/D","Intersección","Otro","Buena","Nocturna","Buen Tiempo","Lateral","S/D","Colisión","Ninguna","S/D","Ninguna","S/D"
2017,1935,4/8/2017,"Sabado",0,10:45:00,"Ruta Provincial 21","0.0",2,"Bicicleta,Automóvil","Av Gral San Martin Y Alvear",2,1,0,0,1,0,0,,"Ruta",21,"VILLA GOBERNADOR GÁLVEZ","Rosario","S/D","S/D","II","Dentro","Urbana","Ninguna","S/D","Intersección","Otro","Buena","Diurna","Buen Tiempo","S/D","Ciclista","Atropello","Ninguna","S/D","Ninguna","S/D"
2017,1936,4/4/2017,"Martes",0,11:40:00,,"0.0",2,"Moto/Ciclomotor,Automóvil","Andrade Y Fornieles",2,1,0,0,1,0,0,,"Calle",,"VILLA GOBERNADOR GÁLVEZ","Rosario","S/D","S/D","II","Dentro","Urbana","Ninguna","S/D","Intersección","Otro","Buena","Diurna","Otro","Lateral","S/D","Colisión","Ninguna","S/D","Ninguna","S/D"
2017,1937,4/2/2017,"Domingo",0,13:45:00,"Ruta Provincial 21","0.0",2,"Moto/Ciclomotor,Automóvil","Av Gral San Martin Y Av Juan Domingo Peron",2,1,0,0,1,0,0,,"Ruta",21,"VILLA GOBERNADOR GÁLVEZ","Rosario","S/D","S/D","II","Dentro","Urbana","Ninguna","S/D","Intersección","Otro","Buena","Diurna","Buen Tiempo","Lateral","S/D","Colisión","Ninguna","S/D","Ninguna","Sin restricción"
2017,1938,4/2/2017,"Domingo",0,16:45:00,"Autopista Nacional Gral. Juan Jose Valle","278.0",2,"Automóvil,Camión c / Acoplado"," ",2,1,0,0,1,0,0,,"Autopista","Gral. Juan Jose Valle","ALVEAR","Rosario","Asfalto","Pavimento","II","Dentro","Rural","Ninguna","No existe","Recta","Bueno","Buena","Diurna","Otro","Frontal","S/D","Colisión","Ninguna","S/D","Ninguna","S/D"
2017,1939,4/5/2017,"Miercoles",0,17:00:00,"Ruta Provincial 21","278.0",2,"Automóvil,Pickup/Utilitario"," ",2,1,0,0,1,0,0,,"Ruta",21,"ALVEAR","Rosario","S/D","Natural","II","Dentro","Urbana","Ninguna","No existe","Recta","S/D","Buena","Diurna","Buen Tiempo","Frontal","S/D","Colisión","S/D","S/D","Ninguna","S/D"
2017,1940,4/15/2017,"Sabado",0,1:10:00,"Autopista Nacional Gral. Juan Jose Valle","278.0",2,"Automóvil,Camión c / Acoplado"," ",2,1,0,0,1,0,0,,"Autopista","Gral. Juan Jose Valle","ALVEAR","Rosario","Asfalto","S/D","II","Dentro","Rural","Ninguna","No existe","Recta","Bueno","Buena","Nocturna","Buen Tiempo","Frontal","S/D","Colisión","Ninguna","S/D","Ninguna","S/D"
2017,1941,4/17/2017,"Lunes",0,17:40:00,"Ruta Nacional A012","0.0",2,"Moto/Ciclomotor,Automóvil"," ",2,1,0,0,1,0,0,,"Ruta","A012","ALVEAR","Rosario","Asfalto","S/D","II","Dentro","Rural","Ninguna","S/D","Recta","Bueno","Buena","Diurna","Buen Tiempo","Frontal","S/D","Colisión","Otro","S/D","Ninguna","S/D"