"anio_acci","nro_acci","fecha","desc_dia","fecha_aprox","hora_aprox","desc_ruta","km","cant_participantes","desc_participante","calle_avenida_km","total","heridos_leves","heridos_graves","heridos_gravisimos","ilesos","fallecidos","sin_datos","posicion_XY","desc_tipo_via","desc_ruta_ori","desc_loc","desc_dpto","desc_tipo_calzada","desc_tipo_banquina","desc_unidad_regional","desc_lugar_calzada","desc_zona","desc_prioridad","desc_estado_semaforo","desc_lugar_via","desc_estado_via","desc_estado_visibilidad","desc_luminosidad","desc_estado_clima","desc_tipo_colision","desc_tipo_atropello","desc_tipo_hecho","desc_pres_calzada","desc_senializacion","desc_separacion_via","desc_restriccion"
2017,1942,4/18/2017,"Martes",0,12:30:00,,"0.0",2,"Moto/Ciclomotor,Moto/Ciclomotor","Belgrano Y Brown",2,2,0,0,0,0,0,,"Calle",,"VILLA GOBERNADOR GÁLVEZ","Rosario","Asfalto","No existe","II","Dentro","Urbana","Ninguna","No existe","Intersección","Bueno","Buena","Diurna","Buen Tiempo","Lateral","S/D","Colisión","Ninguna","S/D","Ninguna","S/D"
2017,1943,4/25/2017,"Martes",0,13:30:00,,"0.0",2,"Moto/Ciclomotor,Automóvil","Bv. Segui Y Pje. Espinillo",2,1,0,0,1,0,0,,"Avenida",,"ROSARIO","Rosario","Asfalto","S/D","II","Dentro","Urbana","Ninguna","S/D","Intersección","Bueno","Buena","Diurna","Buen Tiempo","Lateral","S/D","Colisión","Ninguna","S/D","Ninguna","S/D"
2017,1944,4/6/2017,"Jueves",0,19:00:00,,"0.0",2,"Moto/Ciclomotor,Automóvil","P.L.Funes Y Av. Pte.Peron",2,1,0,0,1,0,0,,"Avenida",,"ROSARIO","Rosario","Asfalto","S/D","II","Dentro","Urbana","Ninguna","No existe","Intersección","Bueno","Buena","Atardecer","Buen Tiempo","Lateral","S/D","Colisión","Ninguna","S/D","Ninguna","S/D"
2017,1945,4/28/2017,"Viernes",0,12:00:00,,"0.0",2,"Moto/Ciclomotor,Pickup/Utilitario","Av. Pellegrini Y Pje. Travella",2,1,0,0,1,0,0,,"Avenida",,"ROSARIO","Rosario","Asfalto","S/D","II","Dentro","Urbana","Ninguna","S/D","Intersección","Bueno","Buena","Diurna","Buen Tiempo","Lateral","S/D","Colisión","Ninguna","S/D","Ninguna","S/D"
2017,1946,4/20/2017,"Jueves",0,13:20:00,,"0.0",2,"Automóvil,Pickup/Utilitario","Av. Pellegrini Y F.More",2,1,0,0,1,0,0,,"Calle",,"ROSARIO","Rosario","S/D","S/D","II","Dentro","Urbana","Ninguna","S/D","Intersección","Otro","Buena","Diurna","Buen Tiempo","Lateral","S/D","Colisión","Ninguna","S/D","Ninguna","Sin restricción"
2017,1947,4/17/2017,"Lunes",0,,,"0.0",2,"Moto/Ciclomotor,Automóvil","Bolivia Y Urquiza",2,1,0,0,1,0,0,,"Calle",,"ROSARIO","Rosario","S/D","S/D","II","Dentro","Urbana","Ninguna","S/D","Intersección","Otro","Buena","S/D","Buen Tiempo","Lateral","S/D","Colisión","Ninguna","S/D","Ninguna","S/D"
2017,1948,4/17/2017,"Lunes",0,15:00:00,,"0.0",2,"Peatón,Vehículo Oficial","Tabare Y Madre Cabrini",2,1,0,0,1,0,0,,"Calle",,"ROSARIO","Rosario","Asfalto","S/D","II","Dentro","Urbana","Ninguna","S/D","Recta","S/D","Buena","Diurna","Buen Tiempo","Lateral","S/D","Colisión","S/D","S/D","Ninguna","S/D"
2017,1949,3/1/2017,"Miercoles",1,,,"0.0",2,"Automóvil,Moto/Ciclomotor"," ",2,0,0,0,0,0,2,,"Calle",,"ROSARIO","Rosario","S/D","S/D","II","Dentro","Urbana","S/D","S/D","S/D","S/D","S/D","S/D","S/D","S/D","S/D","Colisión","S/D","S/D","S/D","S/D"
2017,1950,3/1/2017,"Miercoles",1,,,"0.0",2,"Automóvil,Moto/Ciclomotor"," ",2,0,0,0,0,0,2,,"Calle",,"ROSARIO","Rosario","S/D","S/D","II","Dentro","Urbana","S/D","S/D","S/D","S/D","S/D","S/D","S/D","S/D","S/D","Colisión","S/D","S/D","S/D","S/D"
2017,1951,3/1/2017,"Miercoles",1,,,"0.0",2,"Otros,Transporte de Pasajeros Urbano (> 8 asientos)"," ",2,0,0,0,0,0,2,,"Calle",,"ROSARIO","Rosario","S/D","S/D","II","Dentro","Urbana","S/D","S/D","S/D","S/D","S/D","S/D","S/D","S/D","S/D","Colisión","S/D","S/D","S/D","S/D"
2017,1952,3/1/2017,"Miercoles",0,,,"0.0",2,"Automóvil,Moto/Ciclomotor"," ",2,0,0,0,0,0,2,,"Calle",,"ROSARIO","Rosario","S/D","S/D","II","Dentro","Urbana","S/D","S/D","S/D","S/D","S/D","S/D","S/D","S/D","S/D","Colisión","S/D","S/D","S/D","S/D"
2017,1953,3/1/2017,"Miercoles",1,,,"0.0",2,"Automóvil,Moto/Ciclomotor"," ",2,0,0,0,0,0,2,,"Calle",,"ROSARIO","Rosario","S/D","S/D","II","Dentro","Urbana","S/D","S/D","S/D","S/D","Reducida","S/D","S/D","S/D","S/D","Colisión","S/D","S/D","S/D","S/D"
2017,1954,3/1/2017,"Miercoles",1,,,"0.0",2,"Automóvil,Moto/Ciclomotor"," ",2,0,0,0,0,0,2,,"Calle",,"ROSARIO","Rosario","S/D","S/D","II","Dentro","Urbana","S/D","S/D","S/D","S/D","S/D","S/D","S/D","S/D","S/D","S/D","S/D","S/D","S/D","S/D"
2017,1955,3/1/2017,"Miercoles",1,,,"0.0",2,"Automóvil,Moto/Ciclomotor"," ",2,0,0,0,0,0,2,,"Calle",,"ROSARIO","Rosario","S/D","S/D","II","Dentro","Urbana","S/D","S/D","S/D","S/D","S/D","S/D","S/D","S/D","S/D","S/D","S/D","S/D","S/D","S/D"
2017,1956,3/1/2017,"Miercoles",1,,,"0.0",2,"Automóvil,Moto/Ciclomotor"," ",2,0,0,0,0,0,2,,"Calle",,"ROSARIO","Rosario","S/D","S/D","II","Dentro","Urbana","S/D","S/D","S/D","S/D","Reducida","S/D","S/D","S/D","S/D","S/D","S/D","S/D","S/D","S/D"
2017,1957,3/1/2017,"Miercoles",1,,,"0.0",2,"Automóvil,Moto/Ciclomotor"," ",2,0,0,0,0,0,2,,"Calle",,"ROSARIO","Rosario","S/D","S/D","II","Dentro","Urbana","S/D","S/D","S/D","S/D","S/D","S/D","S/D","S/D","S/D","S/D","S/D","S/D","S/D","S/D"
2017,1958,4/28/2017,"Viernes",0,,,"0.0",2,"Moto/Ciclomotor,Automóvil","E.Zeballos Y Lima",3,2,0,0,1,0,0,,"Calle",,"ROSARIO","Rosario","Asfalto","S/D","II","Dentro","Urbana","S/D","S/D","Intersección","S/D","S/D","S/D","S/D","S/D","S/D","Colisión","S/D","S/D","S/D","S/D"
2017,1959,3/1/2017,"Miercoles",1,,,"0.0",2,"Vehículo Oficial,Moto/Ciclomotor"," ",2,1,0,0,0,0,1,,"Calle",,"ROSARIO","Rosario","S/D","S/D","II","Dentro","Urbana","S/D","S/D","S/D","S/D","S/D","S/D","S/D","S/D","S/D","S/D","S/D","S/D","S/D","S/D"
2017,1960,4/27/2017,"Jueves",0,15:50:00,,"0.0",2,"Automóvil,Bicicleta","Alsina Y Montevideo",2,1,0,0,1,0,0,,"Calle",,"ROSARIO","Rosario","Asfalto","S/D","II","Dentro","Urbana","S/D","S/D","Intersección","S/D","S/D","Diurna","S/D","S/D","S/D","Colisión","S/D","S/D","Cordón divisorio","S/D"
2017,1961,3/1/2017,"Miercoles",1,,,"0.0",2,"Automóvil,Moto/Ciclomotor"," ",2,0,0,0,0,0,2,,"Calle",,"ROSARIO","Rosario","S/D","S/D","II","Dentro","Urbana","S/D","S/D","S/D","S/D","S/D","S/D","S/D","S/D","S/D","S/D","S/D","S/D","S/D","S/D"
2017,1962,4/4/2017,"Martes",0,17:30:00,"Ruta Nacional 33","0.0",2,"Automóvil,Moto/Ciclomotor","Av Las Palmeras ",2,1,0,0,1,0,0,,"Ruta",33,"PEREZ","Rosario","Asfalto","No existe","II","Dentro","Urbana","Semáforo","Funciona","Intersección","Otro","Buena","Diurna","Buen Tiempo","Lateral","S/D","Colisión","Ninguna","Vertical","Línea divisoria pintada","Sin restricción"
2017,1963,4/26/2017,"Miercoles",0,,,"0.0",2,"Automóvil,Automóvil","Santiago Y San Luis",3,1,0,0,2,0,0,,"Calle",,"ROSARIO","Rosario","Asfalto","S/D","II","Dentro","Urbana","S/D","S/D","Intersección","S/D","S/D","S/D","S/D","S/D","S/D","Colisión","S/D","S/D","Cordón divisorio","S/D"
2017,1964,4/5/2017,"Miercoles",0,8:00:00,"Ruta Nacional 33","849.0",3,"Moto/Ciclomotor,Moto/Ciclomotor,Moto/Ciclomotor"," ",3,3,0,0,0,0,0,,"Ruta",33,"PEREZ","Rosario","Asfalto","Ripio","II","Dentro","Urbana","Ninguna","No existe","Intersección","Bueno","Buena","Diurna","Buen Tiempo","Múltiple","S/D","Colisión","Ninguna","Faltante","Línea divisoria pintada","Sin restricción"
2017,1965,4/15/2017,"Sabado",0,12:10:00,"Ruta Nacional 33","849.0",2,"Automóvil,Moto/Ciclomotor"," ",2,0,0,0,1,1,0,"-32.993004, -60.760363","Ruta",33,"PEREZ","Rosario","Asfalto","Ripio","II","Dentro","Urbana","Ninguna","No existe","Recta","Bueno","Buena","Diurna","Otro","De alcance","S/D","Colisión","Ninguna","Faltante","Línea divisoria pintada","S/D"
2017,1966,4/15/2017,"Sabado",0,19:40:00,,"0.0",2,"Moto/Ciclomotor,Automóvil","Rivadavia Y Yapeyu",2,1,0,0,1,0,0,,"Calle",,"PEREZ","Rosario","S/D","No existe","II","Dentro","Urbana","Ninguna","No existe","Intersección","Otro","Buena","Atardecer","Buen Tiempo","Lateral","S/D","Colisión","Ninguna","Faltante","Ninguna","Sin restricción"
2017,1967,4/15/2017,"Sabado",0,21:30:00,,"0.0",2,"Automóvil,Automóvil","Int Jose Constantini Y Sabatino Gaboto",2,2,0,0,0,0,0,,"Avenida",,"ARROYO SECO","Rosario","Asfalto","S/D","II","Dentro","Urbana","S/D","S/D","Intersección","Bueno","S/D","Nocturna","S/D","S/D","S/D","Colisión","S/D","S/D","S/D","S/D"
2017,1968,4/15/2017,"Sabado",0,3:30:00,,"0.0",2,"Moto/Ciclomotor,Automóvil","Gral Manuel Belgrano Y Lisandro de la Torre",3,2,0,0,1,0,0,,"Calle",,"ARROYO SECO","Rosario","Asfalto","S/D","II","Dentro","Urbana","Semáforo","Funciona","Recta","Bueno","S/D","Nocturna","Buen Tiempo","Otro","S/D","Colisión","S/D","Vertical","Ninguna","S/D"
2017,1969,4/9/2017,"Domingo",0,18:00:00,,"0.0",2,"Moto/Ciclomotor,Automóvil","Gral Jose de San Martin Y Humberto Primo",2,1,0,0,1,0,0,,"Calle",,"ARROYO SECO","Rosario","Asfalto","S/D","II","Dentro","Urbana","Semáforo","S/D","Intersección","Bueno","Buena","Diurna","Buen Tiempo","S/D","S/D","Colisión","Ninguna","S/D","S/D","Sin restricción"
2017,1970,4/13/2017,"Jueves",0,10:30:00,,"0.0",2,"Bicicleta,Automóvil","Ocampo Y Roullon",2,1,0,0,1,0,0,,"Calle",,"ROSARIO","Rosario","Asfalto","No existe","II","Dentro","Urbana","Ninguna","No existe","Intersección","Bueno","Reducida","Diurna","Buen Tiempo","S/D","Ciclista","Atropello","Ninguna","Faltante","Ninguna","S/D"
2017,1971,4/26/2017,"Miercoles",0,17:20:00,,"0.0",2,"Peatón,Automóvil","Lavalle Y San Juan",2,1,0,0,1,0,0,,"Calle",,"ROSARIO","Rosario","Asfalto","S/D","II","Dentro","Urbana","S/D","S/D","Intersección","Bueno","S/D","Diurna","S/D","S/D","Peatón","Atropello","S/D","S/D","Cordón divisorio","S/D"
2017,1972,4/26/2017,"Miercoles",0,16:15:00,,"0.0",2,"Transporte de Pasajeros Urbano (> 8 asientos),Camión Chasis","San Nicolas Y San Luis",3,2,0,0,1,0,0,,"Calle",,"ROSARIO","Rosario","Asfalto","S/D","II","Dentro","Urbana","S/D","S/D","Intersección","S/D","S/D","Diurna","S/D","S/D","S/D","Colisión","S/D","S/D","Cordón divisorio","Sin restricción"
2017,1973,4/23/2017,"Domingo",0,14:00:00,,"0.0",2,"Automóvil,Moto/Ciclomotor","Av. Pellegrini Y Alsina",4,3,0,0,0,0,1,,"Calle",,"ROSARIO","Rosario","Asfalto","S/D","II","Dentro","Urbana","S/D","S/D","Intersección","S/D","S/D","Diurna","S/D","S/D","S/D","Colisión","S/D","S/D","Cordón divisorio","S/D"
2017,1974,4/13/2017,"Jueves",0,20:00:00,,"0.0",2,"Automóvil,Bicicleta","San Luis Y Santiago",5,1,0,0,4,0,0,,"Calle",,"ROSARIO","Rosario","Asfalto","S/D","II","Dentro","Urbana","S/D","S/D","Intersección","S/D","Buena","Diurna","S/D","S/D","Ciclista","Atropello","S/D","S/D","Cordón divisorio","S/D"
2017,1975,4/12/2017,"Miercoles",0,19:20:00,,"0.0",2,"Automóvil,Moto/Ciclomotor","Castellanos Y San Luis",2,1,0,0,1,0,0,,"Calle",,"ROSARIO","Rosario","Asfalto","S/D","II","Dentro","Urbana","S/D","S/D","Intersección","S/D","Buena","Diurna","S/D","S/D","S/D","Colisión","S/D","S/D","Cordón divisorio","S/D"
2017,1976,4/12/2017,"Miercoles",0,,,"0.0",2,"Automóvil,Moto/Ciclomotor","Lavalle Y E.Zeballos",2,1,0,0,1,0,0,,"Calle",,"ROSARIO","Rosario","Asfalto","S/D","II","Dentro","Urbana","S/D","S/D","Intersección","S/D","S/D","Diurna","S/D","S/D","S/D","Colisión","S/D","S/D","Cordón divisorio","S/D"
2017,1977,4/11/2017,"Martes",0,10:00:00,,"0.0",2,"Moto/Ciclomotor,Peatón","Santa Fe Y Bv. Avellaneda",2,1,0,0,1,0,0,,"Calle",,"ROSARIO","Rosario","Asfalto","S/D","II","Dentro","Urbana","S/D","S/D","Intersección","S/D","S/D","Diurna","S/D","S/D","Peatón","Atropello","S/D","S/D","S/D","S/D"
2017,1978,4/10/2017,"Lunes",0,,,"0.0",2,"Moto/Ciclomotor,Automóvil","San Nicolas Y San Luis",2,1,0,0,1,0,0,,"Calle",,"ROSARIO","Rosario","Asfalto","S/D","II","Dentro","Urbana","S/D","S/D","Intersección","S/D","S/D","S/D","S/D","S/D","S/D","Colisión","S/D","S/D","Cordón divisorio","S/D"
2017,1979,4/10/2017,"Lunes",0,7:20:00,,"0.0",2,"Pickup/Utilitario,Moto/Ciclomotor","Montevideo Y Alsina",2,1,0,0,1,0,0,,"Calle",,"ROSARIO","Rosario","Asfalto","S/D","II","Dentro","Urbana","S/D","S/D","Intersección","S/D","S/D","Diurna","S/D","S/D","S/D","Colisión","S/D","S/D","Cordón divisorio","S/D"
2017,1980,4/9/2017,"Domingo",0,20:29:00,,"0.0",2,"Automóvil,Peatón","E.Zeballos Y Av. Corrientes",2,1,0,0,1,0,0,,"Calle",,"ROSARIO","Rosario","Asfalto","Pavimento","II","Dentro","Urbana","Ninguna","Funciona","Intersección","Bueno","Buena","Diurna","Buen Tiempo","S/D","Peatón","Atropello","S/D","S/D","Cordón divisorio","Sin restricción"
2017,1981,3/24/2017,"Viernes",0,4:00:00,,"0.0",2,"Automóvil,Automóvil","Washington Y Warnes",3,1,0,0,2,0,0,,"Calle",,"ROSARIO","Rosario","Asfalto","No existe","II","Dentro","Urbana","Señal Pare","No existe","Intersección","Bueno","Buena","Nocturna","Buen Tiempo","Lateral","S/D","Colisión","Ninguna","Horizontal","Ninguna","Sin restricción"
2017,1982,3/9/2017,"Jueves",0,13:30:00,,"0.0",2,"Peatón,Automóvil","Av. Puccio Y Agrelo",3,2,0,0,1,0,0,,"Calle",,"ROSARIO","Rosario","Asfalto","No existe","II","Dentro","Urbana","Ninguna","No existe","Intersección","Bueno","Buena","Diurna","Buen Tiempo","S/D","Peatón","Atropello","Ninguna","Horizontal","Ninguna","Sin restricción"
2017,1983,3/23/2017,"Jueves",0,15:30:00,,"0.0",2,"Automóvil,Moto/Ciclomotor","Av. Puccio Y Av. Carlos Colombres",4,1,1,0,2,0,0,,"Avenida",,"ROSARIO","Rosario","Asfalto","No existe","II","Dentro","Urbana","Semáforo","Funciona","Recta","Bueno","Buena","Diurna","Buen Tiempo","De alcance","S/D","Colisión","Ninguna","Horizontal","Cordón divisorio","Sin restricción"
2017,1984,4/3/2017,"Lunes",0,,,"0.0",2,"Otros,Taxi/Remis","3 De Febrero Y Mitre",4,1,0,0,2,0,1,,"Calle",,"ROSARIO","Rosario","Asfalto","Pavimento","II","Dentro","Urbana","Ninguna","S/D","Recta","Bueno","Buena","Diurna","Buen Tiempo","De alcance","S/D","Colisión","S/D","Horizontal","Cordón divisorio","Sin restricción"
2017,1985,4/3/2017,"Lunes",0,,,"0.0",2,"Moto/Ciclomotor,Automóvil","Sarmiento Y Montevideo",3,1,1,0,1,0,0,,"Calle",,"ROSARIO","Rosario","Asfalto","Pavimento","II","Dentro","Urbana","S/D","S/D","Intersección","Bueno","Buena","Nocturna","Buen Tiempo","Lateral","S/D","Colisión","Ninguna","S/D","Cordón divisorio","Sin restricción"
2017,1986,4/9/2017,"Domingo",0,1:47:00,,"0.0",2,"Otros,Moto/Ciclomotor","Bv. Oroño Y Cordoba",2,1,0,0,0,0,1,,"Calle",,"ROSARIO","Rosario","Asfalto","Pavimento","II","Dentro","Urbana","Semáforo","Funciona","Intersección","Bueno","Buena","Nocturna","Buen Tiempo","Lateral","S/D","Colisión","Ninguna","Vertical","Cordón divisorio","Sin restricción"
2017,1987,4/5/2017,"Miercoles",0,13:10:00,,"0.0",2,"Taxi/Remis,Peatón","Rioja Y Italia",2,0,1,0,1,0,0,,"Calle",,"ROSARIO","Rosario","Asfalto","Pavimento","II","Dentro","Urbana","Marca Vial","No existe","Intersección","Bueno","Buena","Diurna","Buen Tiempo","S/D","Peatón","Atropello","Ninguna","Horizontal","Cordón divisorio","Sin restricción"
2017,1988,4/8/2017,"Sabado",0,15:22:00,,"0.0",2,"Pickup/Utilitario,Moto/Ciclomotor","Pte.Roca Y 3 De Febrero",2,1,0,0,1,0,0,,"Calle",,"ROSARIO","Rosario","Asfalto","Pavimento","II","Dentro","Urbana","Marca Vial","No existe","Intersección","Bueno","Buena","Diurna","Buen Tiempo","Lateral","S/D","Colisión","Ninguna","Horizontal","Cordón divisorio","Sin restricción"
2017,1989,4/2/2017,"Domingo",0,2:30:00,,"0.0",2,"Taxi/Remis,Moto/Ciclomotor","San Lorenzo Y Paraguay",2,1,0,0,1,0,0,,"Calle",,"ROSARIO","Rosario","Asfalto","No existe","II","Dentro","Urbana","Ninguna","Funciona","Intersección","Bueno","Buena","Nocturna","Buen Tiempo","S/D","S/D","Colisión","Ninguna","Vertical","Ninguna","Sin restricción"
2017,1990,4/3/2017,"Lunes",0,6:30:00,,"0.0",2,"Automóvil,Automóvil","Salta Y Italia",3,1,0,0,2,0,0,,"Calle",,"ROSARIO","Rosario","Asfalto","No existe","II","Dentro","Urbana","Semáforo","No funciona","Intersección","Bueno","Buena","Diurna","Buen Tiempo","De alcance","S/D","Colisión","Ninguna","Vertical","Ninguna","Sin restricción"
2017,1991,4/20/2017,"Jueves",0,7:15:00,,"0.0",2,"Moto/Ciclomotor,Bicicleta","Grandoli Y Dr.Rivas",2,1,0,0,1,0,0,,"Calle",,"ROSARIO","Rosario","Asfalto","No existe","II","S/D","Urbana","Ninguna","No existe","Recta","Bueno","Buena","Diurna","Buen Tiempo","S/D","Ciclista","Atropello","Ninguna","Faltante","Ninguna","Sin restricción"
2017,1992,4/19/2017,"Miercoles",0,14:30:00,,"0.0",2,"Moto/Ciclomotor,Peatón","Guiraldes Bis Y Pje. Tafi",2,1,0,0,1,0,0,,"Calle",,"ROSARIO","Rosario","Asfalto","No existe","II","Dentro","Urbana","Ninguna","No existe","Recta","Bueno","Buena","Diurna","Buen Tiempo","S/D","Peatón","Atropello","Ninguna","Faltante","Ninguna","Sin restricción"
2017,1993,4/16/2017,"Domingo",0,6:10:00,,"0.0",2,"Automóvil,Automóvil","Ayacucho Y Biedma",3,3,0,0,0,0,0,,"Calle",,"ROSARIO","Rosario","Asfalto","No existe","II","Dentro","Urbana","Ninguna","No existe","Intersección","Bueno","Buena","Diurna","Buen Tiempo","S/D","S/D","Colisión","Ninguna","Faltante","Ninguna","Sin restricción"
2017,1994,4/11/2017,"Martes",0,15:30:00,,"0.0",2,"Automóvil,Peatón","SD ",2,1,0,0,1,0,0,,"Calle",,"ROSARIO","Rosario","Asfalto","Natural","II","Dentro","Urbana","Ninguna","No existe","Curva","Bueno","Buena","Diurna","Buen Tiempo","S/D","Peatón","Atropello","Ninguna","S/D","Ninguna","Sin restricción"
2017,1995,4/10/2017,"Lunes",0,12:05:00,,"0.0",2,"Taxi/Remis,Automóvil","Colon Y Dean Funes",3,1,0,0,2,0,0,,"Calle",,"ROSARIO","Rosario","S/D","No existe","II","Dentro","Urbana","Ninguna","No existe","Intersección","Bueno","Buena","Diurna","Buen Tiempo","S/D","S/D","Colisión","Ninguna","Faltante","Ninguna","Sin restricción"
2017,1996,4/5/2017,"Miercoles",0,10:00:00,,"0.0",2,"Moto/Ciclomotor,Automóvil","J.M.de Rosas Y 24 De Setiembre",2,1,0,0,1,0,0,,"Calle",,"ROSARIO","Rosario","Asfalto","No existe","II","Dentro","Urbana","Ninguna","No existe","Intersección","Bueno","Buena","Diurna","Buen Tiempo","Lateral","S/D","Colisión","Ninguna","Faltante","Ninguna","Sin restricción"
2017,1997,4/2/2017,"Domingo",0,2:00:00,,"0.0",2,"Moto/Ciclomotor,Moto/Ciclomotor","Necochea Y Centeno",4,4,0,0,0,0,0,,"Calle",,"ROSARIO","Rosario","Asfalto","No existe","II","S/D","Urbana","Ninguna","No existe","Intersección","Bueno","Buena","Nocturna","Buen Tiempo","Lateral","S/D","Colisión","Ninguna","Faltante","Ninguna","Sin restricción"
2017,1998,5/22/2017,"Lunes",0,18:00:00,,"0.0",2,"Moto/Ciclomotor,Automóvil","25 de Mayo Y General Paz",4,1,0,0,3,0,0,,"Calle",,"ESPERANZA","Las Colonias","Asfalto","Pavimento","XI","Dentro","Urbana","Ninguna","No existe","Intersección","Bueno","S/D","Atardecer","Buen Tiempo","Lateral","S/D","Colisión","Ninguna","Vertical","Ninguna","Sin restricción"
2017,1999,4/5/2017,"Miercoles",0,16:30:00,,"0.0",2,"Automóvil,Pickup/Utilitario","Pte Juan Domingo Peron ",5,1,4,0,0,0,0,,"Calle",,"RUFINO","General López","Asfalto","S/D","VIII","Dentro","Urbana","Ninguna","No existe","Recta","Bueno","Buena","Diurna","Buen Tiempo","Lateral","S/D","Colisión","S/D","Faltante","Línea divisoria pintada","Sin restricción"
2017,2000,4/10/2017,"Lunes",0,18:10:00,,"0.0",2,"Automóvil,Bicicleta","Alvear Y Jujuy",2,1,0,0,1,0,0,,"Calle",,"ROSARIO","Rosario","Asfalto","No existe","II","Dentro","Urbana","Ninguna","No funciona","Intersección","Bueno","Buena","Diurna","Buen Tiempo","S/D","Ciclista","Atropello","Ninguna","Faltante","Ninguna","Sin restricción"
2017,2001,4/26/2017,"Miercoles",0,21:00:00,"Ruta Nacional 34","180.0",2,"Automóvil,Camión"," ",3,1,0,0,2,0,0,,"Ruta",34,"ANGÉLICA","Castellanos","Asfalto","Natural","V","Dentro","Rural","Ninguna","No existe","Recta","Bueno","Buena","Nocturna","Buen Tiempo","Lateral","S/D","Colisión","Ninguna","Horizontal","Línea divisoria pintada","Sin restricción"
2017,2002,4/28/2017,"Viernes",0,17:35:00,"Ruta Nacional 11","0.0",2,"Bicicleta,Pickup/Utilitario","Av Paganini Y 9 de Julio",3,2,0,0,1,0,0,,"Ruta",11,"BARRANCAS","San Jerónimo","Asfalto","No existe","XV","Dentro","Urbana","Ninguna","No existe","Intersección","Bueno","Buena","Atardecer","Buen Tiempo","S/D","Ciclista","Atropello","Ninguna","Faltante","Línea divisoria pintada","Sin restricción"
2017,2003,4/25/2017,"Martes",0,21:00:00,"Ruta Nacional 11","0.0",2,"Moto/Ciclomotor,Pickup/Utilitario","Av Paganini Y 1ro de Mayo",3,1,1,0,1,0,0,,"Ruta",11,"BARRANCAS","San Jerónimo","Asfalto","No existe","XV","S/D","Urbana","Ninguna","No existe","Intersección","Bueno","Buena","Nocturna","Buen Tiempo","Frontal","S/D","Colisión","Ninguna","Faltante","Línea divisoria pintada","Sin restricción"
2017,2004,5/8/2017,"Lunes",0,,,"0.0",2,"Moto/Ciclomotor,Pickup/Utilitario","Av A del Valle Y Llerena",2,1,0,0,1,0,0,,"Avenida",,"SANTA FE","La Capital","Asfalto","No existe","I","Dentro","Urbana","Ninguna","S/D","Intersección","Bueno","Buena","Diurna","Buen Tiempo","Lateral","S/D","Colisión","Ninguna","S/D","Ninguna","Sin restricción"
2017,2005,5/8/2017,"Lunes",0,16:40:00,,"0.0",2,"Moto/Ciclomotor,Pickup/Utilitario","Lavalle Y Regis Martinez",2,1,0,0,1,0,0,,"Calle",,"SANTA FE","La Capital","Asfalto","No existe","I","Dentro","Urbana","Ninguna","S/D","Intersección","Bueno","Buena","Diurna","S/D","S/D","S/D","Colisión","Ninguna","S/D","S/D","S/D"
2017,2006,5/5/2017,"Viernes",0,19:30:00,,"0.0",2,"Moto/Ciclomotor,Automóvil","Angel Cassanello Y Velez Sarsfield",2,1,0,0,1,0,0,,"Calle",,"SANTA FE","La Capital","Asfalto","No existe","I","S/D","Urbana","Ninguna","S/D","Intersección","Bueno","Buena","Nocturna","Buen Tiempo","Lateral","S/D","Colisión","Ninguna","S/D","Ninguna","Sin restricción"
2017,2007,5/18/2017,"Jueves",0,9:20:00,,"0.0",2,"Automóvil,Moto/Ciclomotor","Falucho Y A Lincoln",3,1,0,0,2,0,0,,"Calle",,"RAFAELA","Castellanos","Asfalto","Natural","V","Dentro","Urbana","Ninguna","No existe","Intersección","Bueno","Buena","Diurna","Buen Tiempo","Lateral","S/D","Colisión","Ninguna","Faltante","Ninguna","Sin restricción"
2017,2008,5/11/2017,"Jueves",0,19:20:00,,"0.0",3,"Moto/Ciclomotor,Peatón,Peatón","Av Italia 1522",3,1,0,0,2,0,0,,"Avenida",,"RAFAELA","Castellanos","Hormigón","No existe","V","Dentro","Urbana","Ninguna","No existe","Recta","Resbaladiza","Reducida","Atardecer,Con luz artificial","Lluvia","S/D","Peatón","Atropello","Agua","Faltante","Ninguna","Sin restricción"
2017,2009,4/17/2017,"Lunes",0,13:30:00,,"0.0",1,"Bicicleta","Mendoza 1800",1,1,0,0,0,0,0,,"Calle",,"ROSARIO","Rosario","Asfalto","Pavimento","II","Dentro","Urbana","Ninguna","No existe","Intersección","Bueno","Buena","Diurna","Buen Tiempo","Contra objeto fijo","S/D","Colisión","Ninguna","Vertical","Ninguna","Sin restricción"
2017,2010,5/24/2017,"Miercoles",0,7:10:00,"Ruta Secundaria 50-s","0.0",2,"Automóvil,Automóvil"," ",6,2,1,0,3,0,0,,"Ruta","50-s","FRANCK","Las Colonias","Asfalto","Natural","XI","Dentro","Rural","Ninguna","No existe","Recta","Bueno","Reducida","Amanecer","Buen Tiempo","Lateral","S/D","Colisión","Ninguna","Faltante","Ninguna","Sin restricción"
2017,2011,5/26/2017,"Viernes",0,,,"0.0",2,"Automóvil,Moto/Ciclomotor","San Martin Y 25 de Mayo",4,1,0,0,3,0,0,,"Calle",,"FRANCK","Las Colonias","Hormigón","No existe","XI","Dentro","Urbana","Ninguna","No existe","Intersección","Bueno","Buena","Nocturna","Buen Tiempo","Lateral","S/D","Colisión","Ninguna","Faltante","Ninguna","Sin restricción"
2017,2012,4/1/2017,"Sabado",0,,,"0.0",2,"Automóvil,Otros","Castellanos Y Ocampo",2,1,0,0,1,0,0,,"Calle",,"ROSARIO","Rosario","Asfalto","No existe","II","Dentro","Urbana","Ninguna","S/D","Intersección","Bueno","S/D","Diurna","Buen Tiempo","Lateral","S/D","Colisión","Ninguna","Faltante","Ninguna","S/D"
2017,2013,4/10/2017,"Lunes",0,,,"0.0",2,"Automóvil,Bicicleta","Ituzaingo Y Alsina",2,1,0,0,1,0,0,,"Calle",,"ROSARIO","Rosario","Asfalto","No existe","II","Dentro","Urbana","Ninguna","No existe","Intersección","Bueno","Buena","S/D","Buen Tiempo","S/D","Ciclista","Atropello","Ninguna","S/D","Ninguna","S/D"