"anio_acci","nro_acci","fecha","desc_dia","fecha_aprox","hora_aprox","desc_ruta","km","cant_participantes","desc_participante","calle_avenida_km","total","heridos_leves","heridos_graves","heridos_gravisimos","ilesos","fallecidos","sin_datos","posicion_XY","desc_tipo_via","desc_ruta_ori","desc_loc","desc_dpto","desc_tipo_calzada","desc_tipo_banquina","desc_unidad_regional","desc_lugar_calzada","desc_zona","desc_prioridad","desc_estado_semaforo","desc_lugar_via","desc_estado_via","desc_estado_visibilidad","desc_luminosidad","desc_estado_clima","desc_tipo_colision","desc_tipo_atropello","desc_tipo_hecho","desc_pres_calzada","desc_senializacion","desc_separacion_via","desc_restriccion"
2017,2014,4/24/2017,"Lunes",0,15:10:00,"Ruta Provincial 21","0.0",2,"Moto/Ciclomotor,Automóvil","Av Gral San Martin ",2,1,0,0,1,0,0,,"Ruta",21,"VILLA GOBERNADOR GÁLVEZ","Rosario","S/D","S/D","II","Dentro","Urbana","Ninguna","S/D","Intersección","Otro","Buena","Diurna","Buen Tiempo","Lateral","S/D","Colisión","Ninguna","S/D","Ninguna","Sin restricción"
2017,2015,4/22/2017,"Sabado",0,5:15:00,"Ruta Provincial 21","0.0",1,"Automóvil","Av Gral San Martin Y Belgrano",1,1,0,0,0,0,0,,"Ruta",21,"VILLA GOBERNADOR GÁLVEZ","Rosario","Asfalto","S/D","II","Dentro","Urbana","Ninguna","S/D","Intersección","Bueno","Buena","Nocturna,Con luz artificial","Buen Tiempo","Contra objeto fijo","S/D","Colisión","Ninguna","S/D","Ninguna","S/D"
2017,2016,4/17/2017,"Lunes",0,12:50:00,,"0.0",2,"Automóvil,Otros","AVELLANEDA Y RUEDA",2,1,0,0,1,0,0,,"Calle",,"VILLA GOBERNADOR GÁLVEZ","Rosario","Asfalto","S/D","II","Dentro","Urbana","Ninguna","No existe","Intersección","Bueno","Buena","Diurna","Buen Tiempo","Lateral","S/D","Colisión","Ninguna","S/D","Ninguna","Sin restricción"
2017,2017,4/24/2017,"Lunes",0,18:00:00,,"0.0",2,"Automóvil,Moto/Ciclomotor","Cerrito Y Laprida",2,1,0,0,1,0,0,,"Calle",,"ROSARIO","Rosario","Asfalto","No existe","II","Dentro","Urbana","Ninguna","No existe","Intersección","Bueno","Buena","Diurna","Buen Tiempo","Lateral","S/D","Colisión","Ninguna","S/D","Ninguna","S/D"
2017,2018,4/20/2017,"Jueves",0,9:00:00,,"0.0",2,"Automóvil,Automóvil","Bv. 27 De Febrero 100B",3,2,0,0,1,0,0,,"Avenida",,"ROSARIO","Rosario","Asfalto","No existe","II","Dentro","Urbana","Ninguna","No existe","Intersección","Bueno","Buena","Diurna","Buen Tiempo","Lateral","S/D","Colisión","Ninguna","S/D","Ninguna","Sin restricción"
2017,2019,4/17/2017,"Lunes",0,13:10:00,,"0.0",2,"Moto/Ciclomotor,Automóvil","Pasco Y Maipu",2,1,0,0,1,0,0,,"Calle",,"ROSARIO","Rosario","Asfalto","No existe","II","Dentro","Urbana","Ninguna","No existe","Intersección","Bueno","Buena","Diurna","Buen Tiempo","Lateral","S/D","Colisión","Ninguna","S/D","Ninguna","S/D"
2017,2020,4/16/2017,"Domingo",0,10:15:00,,"0.0",2,"Moto/Ciclomotor,Automóvil","Av. Belgrano 2500",2,0,1,0,1,0,0,,"Avenida",,"ROSARIO","Rosario","Asfalto","No existe","II","Dentro","Urbana","Ninguna","No existe","Recta","Bueno","Buena","Diurna","Otro","De alcance","S/D","Colisión","Ninguna","S/D","Ninguna","S/D"
2017,2021,4/6/2017,"Jueves",0,14:15:00,,"0.0",2,"Automóvil,Moto/Ciclomotor","L.N.Alem Y Ituzaingo",2,1,0,0,1,0,0,,"Calle",,"ROSARIO","Rosario","Asfalto","No existe","II","Dentro","Urbana","Ninguna","No existe","Intersección","Bueno","Buena","Diurna","Buen Tiempo","Lateral","S/D","Colisión","Ninguna","S/D","Ninguna","S/D"
2017,2022,5/1/2017,"Lunes",0,16:35:00,,"0.0",2,"Moto/Ciclomotor,Automóvil","Av. Circunvalacion Y Bv. Avellaneda",3,1,1,0,1,0,0,"-33.000055555556,-60.689388888889","Avenida",,"ROSARIO","Rosario","Asfalto","No existe","II","Dentro","Urbana","Ninguna","No existe","Intersección","Deteriorada","Buena","Diurna","Buen Tiempo","Lateral","S/D","Colisión","Ninguna","Faltante","Ninguna","Sin restricción"
2017,2023,4/22/2017,"Sabado",0,19:45:00,,"0.0",2,"Moto/Ciclomotor,Moto/Ciclomotor","Pje. 2103 Y Calle 2106",2,1,0,0,1,0,0,,"Calle",,"ROSARIO","Rosario","Asfalto","No existe","II","Dentro","Urbana","Ninguna","No existe","Intersección","Bueno","Buena","Nocturna","Buen Tiempo","Lateral","S/D","Colisión","Ninguna","Faltante","Ninguna","Sin restricción"
2017,2024,4/3/2017,"Lunes",0,10:40:00,"Autopista Nacional A008","0.0",2,"Camión Chasis,Automóvil","Av. Circunvalacion Y Av. Ovidio Lagos",2,1,0,0,1,0,0,,"Autopista","A008","ROSARIO","Rosario","Asfalto","Pavimento","II","Dentro","Urbana","Semáforo","Funciona","Curva","Bueno","Buena","Diurna","Buen Tiempo","De alcance","S/D","Colisión","Ninguna","Vertical","Cordón divisorio","Obra en Construcción"
2017,2025,4/12/2017,"Miercoles",0,10:50:00,,"0.0",2,"Pickup/Utilitario,Moto/Ciclomotor","Caseros Y 9 de Julio",2,1,0,0,1,0,0,,"Calle",,"SAN CRISTÓBAL","San Cristóbal","S/D","S/D","XIII","Dentro","Urbana","Ninguna","S/D","Intersección","Otro","Buena","Diurna","Buen Tiempo","Lateral","S/D","Colisión","Ninguna","S/D","Ninguna","S/D"
2017,2026,4/5/2017,"Miercoles",0,10:35:00,,"0.0",2,"Moto/Ciclomotor,Peatón","Caseros 1100",2,2,0,0,0,0,0,,"Calle",,"SAN CRISTÓBAL","San Cristóbal","Asfalto","No existe","XIII","Dentro","Urbana","Ninguna","No existe","Recta","Bueno","Buena","Diurna","Buen Tiempo","S/D","Peatón","Atropello","Ninguna","S/D","Ninguna","S/D"
2017,2027,4/4/2017,"Martes",0,14:00:00,,"0.0",2,"Moto/Ciclomotor,Automóvil","Cochabamba Y Azcuenaga",2,1,0,0,1,0,0,,"Calle",,"SAN CRISTÓBAL","San Cristóbal","Ripio","S/D","XIII","Dentro","Urbana","Ninguna","No existe","Intersección","Bueno","Buena","Diurna","Buen Tiempo","Lateral","S/D","Colisión","Material Suelto","S/D","Ninguna","Sin restricción"
2017,2028,4/7/2017,"Viernes",0,15:00:00,,"0.0",1,"Moto/Ciclomotor","Rivadavia Y Baron Hirsch",1,1,0,0,0,0,0,,"Calle",,"MOISÉS VILLE","San Cristóbal","Asfalto","Pavimento","XIII","Dentro","Urbana","Ninguna","No existe","Intersección","Bueno","Buena","Diurna","Buen Tiempo","S/D","S/D","Caída ocupante","Ninguna","Vertical","Ninguna","Sin restricción"
2017,2029,4/10/2017,"Lunes",0,14:25:00,,"0.0",2,"Moto/Ciclomotor,Moto/Ciclomotor","Garigliani Y Bartolome Mitre",2,2,0,0,0,0,0,,"Calle",,"SUARDI","San Cristóbal","Hormigón","No existe","XIII","Dentro","Urbana","Ninguna","No existe","Intersección","Bueno","Buena","Diurna","Buen Tiempo","Lateral","S/D","Colisión","Ninguna","Vertical","Ninguna","Sin restricción"
2017,2030,4/14/2017,"Viernes",0,19:20:00,,"0.0",1,"Moto/Ciclomotor","Bv San Martin 700",1,0,1,0,0,0,0,,"Avenida",,"SAN CRISTÓBAL","San Cristóbal","Asfalto","No existe","XIII","Dentro","Urbana","Ninguna","No existe","Recta","Bueno","Reducida","Atardecer","Buen Tiempo","Atropello animal","S/D","Colisión","Ninguna","Faltante","Ninguna","Sin restricción"
2017,2031,4/12/2017,"Miercoles",0,21:00:00,,"0.0",2,"Automóvil,Moto/Ciclomotor","Gral Alvear Y Cochabamba",2,1,0,0,1,0,0,,"Calle",,"SAN CRISTÓBAL","San Cristóbal","Asfalto","No existe","XIII","Dentro","Urbana","Ninguna","No existe","Intersección","Bueno","Buena","Nocturna","Buen Tiempo","Lateral","S/D","Colisión","Ninguna","S/D","Cordón divisorio","Sin restricción"
2017,2032,5/28/2017,"Domingo",0,7:40:00,,"0.0",2,"Moto/Ciclomotor,Automóvil","General Manuel Belgrano Y Cullen",2,2,0,0,0,0,0,,"Calle",,"ESPERANZA","Las Colonias","Asfalto","Pavimento","XI","Dentro","Urbana","Ninguna","No existe","Intersección","Bueno","Buena","Diurna","Buen Tiempo","Lateral","S/D","Colisión","Ninguna","Faltante","Ninguna","Sin restricción"
2017,2033,5/31/2017,"Miercoles",0,10:25:00,,"0.0",2,"Moto/Ciclomotor,Moto/Ciclomotor","Gobernador Crespo Y 9 de Julio",2,1,0,0,1,0,0,,"Calle",,"ESPERANZA","Las Colonias","Asfalto","Pavimento","XI","Dentro","Urbana","Ninguna","No existe","Intersección","Bueno","Buena","Diurna","Buen Tiempo","De alcance","S/D","Colisión","Ninguna","Vertical","Ninguna","Sin restricción"
2017,2034,5/28/2017,"Domingo",0,14:00:00,,"0.0",2,"Automóvil,Moto/Ciclomotor","Gral Belgrano Y Espa±a",2,1,0,0,1,0,0,,"Calle",,"GOBERNADOR CRESPO","San Justo","Asfalto","Pavimento","XVI","Dentro","Urbana","S/D","No existe","Intersección","Bueno","Buena","Diurna","S/D","Lateral","S/D","Colisión","Ninguna","Faltante","Ninguna","Sin restricción"
2017,2035,5/6/2017,"Sabado",0,12:00:00,,"0.0",2,"Automóvil,Moto/Ciclomotor","Libertad Y Mariano Moreno",2,1,0,0,1,0,0,,"Calle",,"GOBERNADOR CRESPO","San Justo","Asfalto","Pavimento","XVI","Dentro","Urbana","Ninguna","No existe","Intersección","Bueno","Buena","Diurna","Buen Tiempo","Lateral","S/D","Colisión","Ninguna","Faltante","Ninguna","Sin restricción"
2017,2036,5/2/2017,"Martes",0,20:00:00,,"0.0",2,"Automóvil,Moto/Ciclomotor","Chiaraviglio Y Av Dr E Salva",2,1,0,0,1,0,0,,"Calle",,"RAFAELA","Castellanos","Asfalto","S/D","V","Dentro","Urbana","Ninguna","No existe","Intersección","Bueno","Buena","Atardecer","Buen Tiempo","Lateral","S/D","Colisión","Ninguna","Faltante","Ninguna","Sin restricción"
2017,2037,5/11/2017,"Jueves",0,13:20:00,,"0.0",2,"Moto/Ciclomotor,Automóvil","Av Italia 2013",2,1,0,0,1,0,0,,"Calle",,"RAFAELA","Castellanos","Hormigón","No existe","V","Dentro","Urbana","Ninguna","No existe","Recta","Bueno","Buena","Diurna","Lluvia","Frontal","S/D","Colisión","Agua","Faltante","Ninguna","Sin restricción"
2017,2038,5/9/2017,"Martes",0,8:35:00,,"0.0",2,"Moto/Ciclomotor,Automóvil","J B Justo ",2,1,0,0,1,0,0,,"Calle",,"SUNCHALES","Castellanos","Asfalto","No existe","V","Dentro","Urbana","Ninguna","No existe","Recta","Bueno","Buena","Diurna","Buen Tiempo","Lateral","S/D","Colisión","Ninguna","Faltante","Vegetación","Sin restricción"
2017,2039,5/12/2017,"Viernes",0,12:00:00,,"0.0",2,"Moto/Ciclomotor,Automóvil","Tucuman Y Alberdi J B",2,0,1,0,1,0,0,,"Calle",,"SUNCHALES","Castellanos","Asfalto","No existe","V","Dentro","Urbana","Ninguna","No existe","Intersección","Resbaladiza","Reducida","Diurna","Lluvia","Lateral","S/D","Colisión","Agua","Faltante","Ninguna","Sin restricción"
2017,2040,5/13/2017,"Sabado",0,12:30:00,,"0.0",2,"Moto/Ciclomotor,Automóvil","Lisandro de la Torre Y Simon Bolivar",2,1,0,0,1,0,0,,"Calle",,"RAFAELA","Castellanos","Hormigón","No existe","V","Dentro","Urbana","Ninguna","No existe","Recta","Bueno","Buena","Diurna","Buen Tiempo","Lateral","S/D","Colisión","Ninguna","Faltante","Cordón divisorio","Sin restricción"
2017,2041,5/8/2017,"Lunes",0,,,"0.0",2,"Automóvil,Bicicleta","Sacripanti Y M Vera",2,0,1,0,1,0,0,,"Calle",,"RAFAELA","Castellanos","Hormigón","No existe","V","Dentro","Urbana","Ninguna","No existe","Intersección","Bueno","Buena","Atardecer","Buen Tiempo","S/D","Ciclista","Atropello","S/D","S/D","Ninguna","Sin restricción"
2017,2042,5/26/2017,"Viernes",0,21:00:00,,"0.0",2,"Automóvil,Moto/Ciclomotor","Mensajero Donna Y B I Iturraspe",2,0,1,0,1,0,0,,"Calle",,"RAFAELA","Castellanos","Hormigón","No existe","V","Dentro","Urbana","S/D","No existe","Intersección","Bueno","Buena","Nocturna","Buen Tiempo","Lateral","S/D","Colisión","S/D","S/D","S/D","Sin restricción"
2017,2043,5/26/2017,"Viernes",0,12:20:00,,"0.0",2,"Moto/Ciclomotor,Moto/Ciclomotor","Av Doctor E Salva Y 25 de Mayo",2,0,1,0,1,0,0,,"Calle",,"RAFAELA","Castellanos","Hormigón","No existe","V","Dentro","Urbana","S/D","No existe","Intersección","Bueno","Buena","Diurna","S/D","Lateral","S/D","Colisión","Ninguna","Faltante","Ninguna","Sin restricción"
2017,2044,5/30/2017,"Martes",0,11:30:00,,"0.0",2,"Moto/Ciclomotor,Pickup/Utilitario","Av Gral Paz Y Regis Martinez",2,1,0,0,1,0,0,,"Calle",,"SANTA FE","La Capital","Asfalto","No existe","I","Dentro","Urbana","Ninguna","S/D","Intersección","Bueno","Buena","Diurna","Buen Tiempo","Lateral","S/D","Colisión","Ninguna","S/D","Ninguna","Sin restricción"
2017,2045,5/29/2017,"Lunes",0,21:30:00,,"0.0",2,"Moto/Ciclomotor,Automóvil","Las Heras Y Pedro Ferre",2,1,0,0,1,0,0,,"Calle",,"SANTA FE","La Capital","Asfalto","No existe","I","Dentro","Urbana","Ninguna","S/D","Intersección","Bueno","Reducida","Nocturna","Buen Tiempo","Lateral","S/D","Colisión","Ninguna","S/D","Ninguna","Sin restricción"
2017,2046,5/29/2017,"Lunes",0,6:50:00,,"0.0",2,"Moto/Ciclomotor,Automóvil","Ricardo Aldao Y Tacuari",2,1,0,0,1,0,0,,"Calle",,"SANTA FE","La Capital","Asfalto","No existe","I","Dentro","Urbana","Ninguna","S/D","Intersección","Bueno","Buena","Amanecer","Buen Tiempo","Lateral","S/D","Colisión","Ninguna","S/D","Ninguna","Sin restricción"
2017,2047,5/28/2017,"Domingo",0,1:30:00,,"0.0",2,"Moto/Ciclomotor,Automóvil","Avellaneda Y Pje Calcena",2,1,0,0,1,0,0,,"Calle",,"SANTA FE","La Capital","Asfalto","No existe","I","Dentro","Urbana","Ninguna","S/D","Intersección","Bueno","Reducida","Nocturna","S/D","Lateral","S/D","Colisión","Ninguna","Faltante","Ninguna","Sin restricción"
2017,2048,5/26/2017,"Viernes",0,22:00:00,,"0.0",2,"Moto/Ciclomotor,Automóvil","Av Gral Paz Y Derqui",2,1,0,0,1,0,0,,"Calle",,"SANTA FE","La Capital","Asfalto","No existe","I","Dentro","Urbana","Ninguna","S/D","Intersección","Bueno","Reducida","Nocturna","Buen Tiempo","Lateral","S/D","Colisión","Ninguna","S/D","Ninguna","Sin restricción"
2017,2049,5/24/2017,"Miercoles",0,20:00:00,,"0.0",2,"Bicicleta,Automóvil","Av A del Valle Y Gorostiaga",2,1,0,0,1,0,0,,"Calle",,"SANTA FE","La Capital","Asfalto","No existe","I","Dentro","Urbana","Ninguna","S/D","Intersección","Bueno","Reducida","Nocturna","Buen Tiempo","S/D","Ciclista","Atropello","Ninguna","S/D","Ninguna","Sin restricción"
2017,2050,5/23/2017,"Martes",0,11:30:00,,"0.0",1,"Moto/Ciclomotor","Av A del Valle Y Angel Cassanello",2,1,0,0,1,0,0,,"Calle",,"SANTA FE","La Capital","Asfalto","No existe","I","Dentro","Urbana","Ninguna","No existe","Recta","Bueno","Buena","Diurna","Lluvia","S/D","S/D","Caída ocupante","Agua","S/D","Ninguna","Sin restricción"
2017,2051,5/19/2017,"Viernes",0,16:30:00,,"0.0",2,"Moto/Ciclomotor,Automóvil","Av Almte Brown Y Bv Muttis",2,1,0,0,1,0,0,,"Calle",,"SANTA FE","La Capital","Asfalto","No existe","I","Dentro","Urbana","Ninguna","No existe","Intersección","Bueno","Buena","Diurna","Buen Tiempo","Lateral","S/D","Colisión","S/D","S/D","Ninguna","Sin restricción"
2017,2052,5/18/2017,"Jueves",0,13:15:00,,"0.0",2,"Moto/Ciclomotor,Pickup/Utilitario","Gdor Candioti 5600",2,1,0,0,1,0,0,,"Calle",,"SANTA FE","La Capital","Asfalto","No existe","I","Dentro","Urbana","Ninguna","S/D","Recta","Bueno","Buena","Diurna","Buen Tiempo","Lateral","S/D","Colisión","Ninguna","S/D","Ninguna","Sin restricción"
2017,2053,5/15/2017,"Lunes",0,8:30:00,,"0.0",2,"Moto/Ciclomotor,Automóvil","Av Galicia Y Guemes",2,2,0,0,0,0,0,,"Calle",,"SANTA FE","La Capital","Asfalto","No existe","I","Dentro","Urbana","Ninguna","No existe","Intersección","Bueno","Buena","Diurna","Buen Tiempo","Lateral","S/D","Colisión","Ninguna","S/D","Ninguna","Sin restricción"
2017,2054,5/13/2017,"Sabado",0,4:40:00,,"0.0",2,"Moto/Ciclomotor,Pickup/Utilitario","Las Heras Y Pedro de Vega",2,1,0,0,1,0,0,,"Calle",,"SANTA FE","La Capital","Asfalto","No existe","I","Dentro","Urbana","Ninguna","S/D","Intersección","Bueno","Reducida","Nocturna","Buen Tiempo","Lateral","S/D","Colisión","Ninguna","S/D","Ninguna","Sin restricción"
2017,2055,5/11/2017,"Jueves",0,18:50:00,,"0.0",2,"Moto/Ciclomotor,Automóvil","J P Lopez Y Mitre",2,1,0,0,1,0,0,,"Calle",,"SANTA FE","La Capital","Asfalto","No existe","I","Dentro","Urbana","Ninguna","No existe","Intersección","Bueno","Buena","Diurna","Buen Tiempo","Lateral","S/D","Colisión","Ninguna","S/D","Ninguna","Sin restricción"
2017,2056,4/19/2017,"Miercoles",0,20:15:00,"Ruta Nacional 11","0.0",2,"Moto/Ciclomotor,Camión Chasis","Av Paganini 582",6,1,1,0,4,0,0,,"Ruta",11,"BARRANCAS","San Jerónimo","Asfalto","S/D","XV","Dentro","Urbana","Ninguna","No existe","Recta","Resbaladiza","Reducida","Nocturna","Lluvia","S/D","S/D","Colisión","Agua","Faltante","Línea divisoria pintada","Sin restricción"
2017,2057,4/23/2017,"Domingo",0,18:57:00,"Ruta Provincial 70","10.0",3,"Automóvil,Pickup/Utilitario,Automóvil"," ",9,3,0,0,6,0,0,,"Ruta",70,"ESPERANZA","Las Colonias","Asfalto","Natural","XI","Dentro","Urbana","Ninguna","No existe","Recta","Bueno","Reducida","Atardecer","Buen Tiempo","Múltiple","S/D","Colisión","Ninguna","S/D","Ninguna","Sin restricción"
2017,2058,4/23/2017,"Domingo",0,13:10:00,,"0.0",2,"Automóvil,Moto/Ciclomotor","Lehmann 700",2,1,0,0,1,0,0,,"Calle",,"SAN GUILLERMO","San Cristóbal","Ripio","Natural","XIII","Dentro","Urbana","Ninguna","No existe","Recta","Bueno","S/D","Diurna","Buen Tiempo","Lateral","S/D","Colisión","Ninguna","Faltante","Ninguna","Sin restricción"
2017,2059,4/11/2017,"Martes",0,20:00:00,,"0.0",2,"Peatón,Transporte de Pasajeros Urbano (> 8 asientos)","Maipu Y 9 De Julio",2,1,0,0,1,0,0,,"Calle",,"ROSARIO","Rosario","Asfalto","No existe","II","Dentro","Urbana","Semáforo","Funciona","Intersección","Bueno","Buena","Nocturna","Buen Tiempo","S/D","Peatón","Atropello","Ninguna","Vertical","Ninguna","Sin restricción"
2017,2060,4/12/2017,"Miercoles",0,11:30:00,,"0.0",2,"Pickup/Utilitario,Bicicleta","Av. Pellegrini 200",2,1,0,0,1,0,0,,"Calle",,"ROSARIO","Rosario","Asfalto","No existe","II","Dentro","Urbana","Marca Vial","No existe","Recta","Bueno","Buena","Diurna","Buen Tiempo","S/D","Ciclista","Atropello","Ninguna","Faltante","Cordón divisorio","S/D"
2017,2061,4/16/2017,"Domingo",0,17:00:00,,"0.0",2,"Automóvil,Automóvil","Italia Y Rioja",2,1,0,0,1,0,0,,"Calle",,"ROSARIO","Rosario","Asfalto","Pavimento","II","Dentro","Urbana","Ninguna","No existe","Intersección","Bueno","Buena","Diurna","Buen Tiempo","Lateral","S/D","Colisión","Ninguna","Horizontal","Cordón divisorio","Sin restricción"
2017,2062,4/17/2017,"Lunes",0,18:30:00,,"0.0",2,"Taxi/Remis,Peatón","Av. Corrientes Y E.Zeballos",2,1,0,0,1,0,0,,"Calle",,"ROSARIO","Rosario","Asfalto","Pavimento","II","Dentro","Urbana","Semáforo","Funciona","Intersección","Bueno","Buena","Diurna","Buen Tiempo","S/D","Peatón","Atropello","Ninguna","Vertical","Cordón divisorio","Sin restricción"
2017,2063,4/24/2017,"Lunes",0,10:30:00,,"0.0",2,"Automóvil,Automóvil","Av. Wheelwright Y Dorrego",2,2,0,0,0,0,0,,"Calle",,"ROSARIO","Rosario","Asfalto","No existe","II","Dentro","Urbana","Semáforo","Funciona","Intersección","Bueno","Buena","Diurna","Buen Tiempo","De alcance","S/D","Colisión","Ninguna","Vertical","Ninguna","Sin restricción"
2017,2064,4/19/2017,"Miercoles",0,7:45:00,,"0.0",2,"Pickup/Utilitario,Moto/Ciclomotor","Brown Y España",2,1,0,0,1,0,0,,"Calle",,"ROSARIO","Rosario","Asfalto","No existe","II","Dentro","Urbana","Ninguna","No existe","Intersección","Bueno","Buena","Diurna","Buen Tiempo","Lateral","S/D","Colisión","Ninguna","Faltante","Ninguna","Sin restricción"
2017,2065,4/18/2017,"Martes",0,13:30:00,,"0.0",2,"Moto/Ciclomotor,Pickup/Utilitario","San Lorenzo Y Mitre",2,1,0,0,1,0,0,,"Calle",,"ROSARIO","Rosario","Asfalto","No existe","II","Dentro","Urbana","Semáforo","Funciona","Intersección","Bueno","Buena","Diurna","Buen Tiempo","De alcance","S/D","Colisión","Ninguna","Vertical","Ninguna","Sin restricción"
2017,2066,4/11/2017,"Martes",0,12:10:00,,"0.0",2,"Taxi/Remis,Peatón","Santa Fe Y Av. Corrientes",2,1,0,0,1,0,0,,"Calle",,"ROSARIO","Rosario","Asfalto","No existe","II","Dentro","Urbana","Semáforo","Funciona","Intersección","Bueno","Buena","Diurna","Buen Tiempo","S/D","Peatón","Atropello","Ninguna","Vertical","Ninguna","Sin restricción"
2017,2067,5/23/2017,"Martes",0,20:00:00,"Ruta Secundaria 63-s","0.0",2,"Pickup/Utilitario,Peatón"," ",2,0,1,0,1,0,0,,"Ruta","63-s","MARIA JUANA","Castellanos","Tierra","No existe","V","Dentro","Urbana","Ninguna","No existe","Recta","Deteriorada","Reducida polvo","Nocturna","Buen Tiempo","S/D","Peatón","Atropello","Material Suelto","Faltante","Ninguna","Sin restricción"
2017,2068,5/9/2017,"Martes",0,15:15:00,,"0.0",2,"Bicicleta,Bicicleta","25 de Mayo Y Santa Fe",2,0,1,0,1,0,0,,"Calle",,"MARIA JUANA","Castellanos","Asfalto","Pavimento","V","Dentro","Urbana","Ninguna","No existe","Intersección","Bueno","Buena","Diurna","Buen Tiempo","S/D","Ciclista","Atropello","Ninguna","Faltante","Ninguna","Sin restricción"
2017,2069,5/31/2017,"Miercoles",0,18:50:00,,"0.0",2,"Moto/Ciclomotor,Automóvil","Antonio Podio Y Velez Sarfield",2,1,0,0,1,0,0,,"Calle",,"RAFAELA","Castellanos","Asfalto","No existe","V","Dentro","Urbana","Ninguna","No existe","Intersección","Bueno","Buena","Nocturna","Buen Tiempo","De alcance","S/D","Colisión","Ninguna","Faltante","Vegetación","Sin restricción"
2017,2070,5/19/2017,"Viernes",0,12:10:00,,"0.0",2,"Automóvil,Moto/Ciclomotor","Juan XXIII Y Italia",2,0,1,0,1,0,0,,"Calle",,"EL TRÉBOL","San Martín","Asfalto","Pavimento","XVIII","Dentro","Urbana","Ninguna","No existe","Intersección","Con baches","Buena","Diurna","Buen Tiempo","Frontal","S/D","Colisión","Ninguna","Vertical","Ninguna","Sin restricción"
2017,2071,5/22/2017,"Lunes",0,17:45:00,"Ruta Provincial 66","89.0",2,"Camión Chasis,Camión c / Acoplado"," ",2,1,1,0,0,0,0,,"Ruta",66,"LANDETA","San Martín","Asfalto","Natural","XVIII","Dentro","Urbana","Ninguna","No existe","Curva","Bueno","Buena","Diurna","Buen Tiempo","Lateral","S/D","Colisión","Ninguna","S/D","Ninguna","Sin restricción"
2017,2072,5/21/2017,"Domingo",0,16:30:00,"Ruta Provincial 20","0.0",1,"Automóvil"," ",2,0,1,0,1,0,0,,"Ruta",20,"LAS PETACAS","San Martín","Ripio","Natural","XVIII","Dentro","Rural","Ninguna","No existe","Recta","Resbaladiza,Deteriorada","Buena","Diurna","Buen Tiempo","S/D","S/D","Despiste","Material Suelto","Faltante","Ninguna","Sin restricción"
2017,2073,5/11/2017,"Jueves",0,,,"0.0",2,"Moto/Ciclomotor,Pickup/Utilitario","R P A Janssen Y Simon de Iriondo",2,1,0,0,1,0,0,,"Calle",,"ESPERANZA","Las Colonias","Asfalto","S/D","XI","Dentro","Urbana","Ninguna","S/D","Intersección","Bueno","Buena","Nocturna","Buen Tiempo","S/D","S/D","Colisión","Ninguna","Faltante","S/D","Sin restricción"
2017,2074,5/29/2017,"Lunes",0,20:30:00,,"0.0",2,"Automóvil,Moto/Ciclomotor","Castelli Y R G Videla",2,0,1,0,1,0,0,,"Calle",,"ESPERANZA","Las Colonias","Asfalto","S/D","XI","Dentro","Urbana","Ninguna","S/D","Intersección","Bueno","Buena","Nocturna","Buen Tiempo","S/D","S/D","Colisión","Ninguna","S/D","Ninguna","Sin restricción"
2017,2075,5/18/2017,"Jueves",0,,,"0.0",2,"Pickup/Utilitario,Moto/Ciclomotor","Leandro N Alem Y Simon de Iriondo",2,1,0,0,1,0,0,,"Calle",,"ESPERANZA","Las Colonias","Asfalto","S/D","XI","Dentro","Urbana","S/D","S/D","Intersección","Bueno","Buena","Diurna","S/D","S/D","S/D","Colisión","Ninguna","S/D","S/D","S/D"
2017,2076,4/1/2017,"Sabado",0,17:40:00,"Autopista Nacional A008","0.0",1,"Moto/Ciclomotor","Av. Circunvalacion Y San Martin",3,3,0,0,0,0,0,,"Autopista","A008","ROSARIO","Rosario","Asfalto","S/D","II","S/D","Urbana","Semáforo","S/D","Intersección","Bueno","S/D","Diurna","Buen Tiempo","S/D","S/D","Caída ocupante","Ninguna","Vertical","Cordón divisorio","Sin restricción"
2017,2077,4/16/2017,"Domingo",0,12:15:00,,"0.0",2,"Moto/Ciclomotor,Taxi/Remis","Garay Y Av Juan Domingo Peron",3,2,0,0,1,0,0,,"Calle",,"VILLA GOBERNADOR GÁLVEZ","Rosario","Asfalto","No existe","II","Dentro","Urbana","Ninguna","No existe","Intersección","Bueno","Buena","Diurna","Buen Tiempo","Lateral","S/D","Colisión","Ninguna","Faltante","Ninguna","S/D"
2017,2078,4/15/2017,"Sabado",0,11:20:00,,"0.0",2,"Moto/Ciclomotor,Transporte de Pasajeros Urbano (> 8 asientos)","20 de Junio Y Jujuy",3,2,0,0,1,0,0,,"Calle",,"VILLA GOBERNADOR GÁLVEZ","Rosario","Asfalto","No existe","II","Dentro","Urbana","Ninguna","No existe","Intersección","Bueno","Buena","Diurna","Buen Tiempo","Lateral","S/D","Colisión","Ninguna","Faltante","Ninguna","Sin restricción"