"anio_acci","nro_acci","fecha","desc_dia","fecha_aprox","hora_aprox","desc_ruta","km","cant_participantes","desc_participante","calle_avenida_km","total","heridos_leves","heridos_graves","heridos_gravisimos","ilesos","fallecidos","sin_datos","posicion_XY","desc_tipo_via","desc_ruta_ori","desc_loc","desc_dpto","desc_tipo_calzada","desc_tipo_banquina","desc_unidad_regional","desc_lugar_calzada","desc_zona","desc_prioridad","desc_estado_semaforo","desc_lugar_via","desc_estado_via","desc_estado_visibilidad","desc_luminosidad","desc_estado_clima","desc_tipo_colision","desc_tipo_atropello","desc_tipo_hecho","desc_pres_calzada","desc_senializacion","desc_separacion_via","desc_restriccion"
2017,2079,4/1/2017,"Sabado",0,16:15:00,,"0.0",2,"Automóvil,Moto/Ciclomotor","Riobamba Y J.M.de Rosas",3,1,1,0,1,0,0,,"Calle",,"ROSARIO","Rosario","Asfalto","No existe","II","Dentro","Urbana","Ninguna","S/D","Intersección","Bueno","Buena","Diurna","Buen Tiempo","S/D","S/D","Colisión","Ninguna","S/D","Ninguna","Sin restricción"
2017,2080,4/4/2017,"Martes",0,8:45:00,,"0.0",3,"Automóvil,Peatón,Peatón","Buenos Aires Y Ocampo",3,2,0,0,1,0,0,,"Calle",,"ROSARIO","Rosario","Asfalto","No existe","II","Dentro","Urbana","S/D","S/D","Intersección","Bueno","Buena","Diurna","Buen Tiempo","S/D","Peatón","Atropello","Ninguna","S/D","S/D","S/D"
2017,2081,4/7/2017,"Viernes",0,19:50:00,,"0.0",2,"Automóvil,Moto/Ciclomotor","Laprida 1800",4,3,0,0,1,0,0,,"Calle",,"ROSARIO","Rosario","Asfalto","No existe","II","Dentro","Urbana","Ninguna","S/D","Intersección","Bueno","Buena","Atardecer","Buen Tiempo","Lateral","S/D","Colisión","Ninguna","S/D","Ninguna","Sin restricción"
2017,2082,4/5/2017,"Miercoles",0,12:30:00,,"0.0",1,"Automóvil","Riobamba Y L.N.Alem",3,1,0,0,2,0,0,,"Calle",,"ROSARIO","Rosario","Asfalto","No existe","II","Dentro","Urbana","Ninguna","S/D","Intersección","Bueno","Buena","Diurna","Buen Tiempo","S/D","S/D","Colisión","Ninguna","S/D","Ninguna","Sin restricción"
2017,2083,4/21/2017,"Viernes",0,10:00:00,"Ruta Provincial 21","0.0",2,"Peatón,Moto/Ciclomotor","Av Gral San Martin Y Mitre",4,0,1,0,3,0,0,,"Ruta",21,"VILLA GOBERNADOR GÁLVEZ","Rosario","Asfalto","No existe","II","Dentro","Urbana","Marca Vial","No existe","Intersección","Bueno","Buena","Diurna","Buen Tiempo","S/D","Peatón","Atropello","Ninguna","Faltante","Cordón divisorio","Sin restricción"
2017,2084,4/17/2017,"Lunes",0,18:45:00,,"0.0",2,"Automóvil,Automóvil","Alvear Y Reg.11 de Infanteria",3,1,0,0,2,0,0,,"Calle",,"ROSARIO","Rosario","Asfalto","No existe","II","Dentro","Urbana","Ninguna","No existe","Intersección","Bueno","Buena","Atardecer","Buen Tiempo","Lateral","S/D","Colisión","Ninguna","Faltante","Ninguna","Sin restricción"
2017,2085,4/25/2017,"Martes",0,10:50:00,,"0.0",2,"Automóvil,Pickup/Utilitario","Montevideo Y Matheu",3,1,0,0,2,0,0,,"Calle",,"ROSARIO","Rosario","Asfalto","S/D","II","Dentro","Urbana","Ninguna","S/D","Intersección","S/D","S/D","Diurna","Buen Tiempo","Lateral","S/D","Colisión","S/D","S/D","S/D","S/D"
2017,2086,3/28/2017,"Martes",0,18:06:00,"Ruta Nacional 11","0.0",2,"Moto/Ciclomotor,Camión c / Semirremolque","Av Blas Parera Y Teniente Loza",3,1,0,0,2,0,0,,"Ruta",11,"SANTA FE","La Capital","Asfalto","Ripio","I","Dentro","Urbana","Semáforo","Funciona","Intersección","Bueno","Buena","Diurna","Buen Tiempo","Lateral","S/D","Colisión","Ninguna","Horizontal,Vertical","Ninguna","Sin restricción"
2017,2087,4/21/2017,"Viernes",0,15:20:00,"Ruta Provincial 21","0.0",2,"Automóvil,Automóvil","Av Gral San Martin Y Parana",3,1,0,0,2,0,0,,"Ruta",21,"VILLA GOBERNADOR GÁLVEZ","Rosario","Asfalto","No existe","II","Dentro","Urbana","Ninguna","No existe","Intersección","Bueno","Buena","Diurna","Buen Tiempo","Lateral","S/D","Colisión","Ninguna","Faltante","Ninguna","Sin restricción"
2017,2088,3/17/2017,"Viernes",0,17:00:00,,"0.0",2,"Automóvil,Moto/Ciclomotor","Fraga Y Velez Sarsfield",3,1,0,0,2,0,0,,"Calle",,"ROSARIO","Rosario","Asfalto","S/D","II","Dentro","Urbana","Ninguna","S/D","Intersección","Bueno","Buena","Diurna","Buen Tiempo","Lateral","S/D","Colisión","S/D","S/D","Barrera de hormigón","Sin restricción"
2017,2089,4/9/2017,"Domingo",0,14:00:00,,"0.0",2,"Automóvil,Moto/Ciclomotor","Alsina Y Cochabamba",3,2,0,0,1,0,0,,"Calle",,"ROSARIO","Rosario","Asfalto","No existe","II","S/D","Urbana","Ninguna","No existe","Intersección","Bueno","Buena","Diurna","Buen Tiempo","S/D","S/D","Colisión","Ninguna","S/D","Ninguna","Sin restricción"
2017,2090,4/6/2017,"Jueves",0,14:05:00,,"0.0",2,"Automóvil,Moto/Ciclomotor","Av del Libertador Y Magallanes",3,2,0,0,1,0,0,,"Avenida",,"VILLA GOBERNADOR GÁLVEZ","Rosario","Asfalto","No existe","II","Dentro","Urbana","Ninguna","No existe","Intersección","Bueno","Buena","Diurna","Buen Tiempo","S/D","S/D","Colisión","Ninguna","Faltante","Ninguna","Sin restricción"
2017,2091,4/11/2017,"Martes",0,15:20:00,"Ruta Provincial 21","0.0",3,"Automóvil,Automóvil,Moto/Ciclomotor","Av Gral San Martin Y Bv San diego",3,2,0,0,1,0,0,,"Ruta",21,"VILLA GOBERNADOR GÁLVEZ","Rosario","Asfalto","No existe","II","Dentro","Urbana","Ninguna","Funciona","Intersección","Bueno","Buena","Diurna","Buen Tiempo","Múltiple","S/D","Colisión","Ninguna","Faltante","Ninguna","Sin restricción"
2017,2092,3/3/2017,"Viernes",0,10:00:00,"Ruta Nacional 11","0.0",2,"Moto/Ciclomotor,Otros","Teniente Loza Y Av Circunvalación",3,2,0,0,0,0,1,,"Ruta",11,"SANTA FE","La Capital","Asfalto","Pavimento","I","Dentro","Urbana","Ninguna","No existe","Intersección","Bueno","Buena","Diurna","Buen Tiempo","Lateral","S/D","Colisión","Ninguna","Faltante","Guardarrail","S/D"
2017,2093,3/1/2017,"Miercoles",0,9:25:00,,"0.0",2,"Automóvil,Moto/Ciclomotor","Neuquen Y Lucio Victor Mansilla",3,2,0,0,1,0,0,,"Calle",,"SANTA FE","La Capital","Asfalto","No existe","I","Dentro","Urbana","Ninguna","No existe","Intersección","Deteriorada","Buena","Diurna","Buen Tiempo","Lateral","S/D","Colisión","Ninguna","Faltante","Ninguna","Accidente Previo"
2017,2094,4/15/2017,"Sabado",0,12:00:00,,"0.0",2,"Moto/Ciclomotor,Moto/Ciclomotor","Antonio Podio Y Miguel de Azcuenaga",3,2,0,0,1,0,0,,"Avenida",,"RAFAELA","Castellanos","Asfalto","No existe","V","Dentro","Urbana","Ninguna","No existe","Intersección","Bueno","Buena","Diurna","Buen Tiempo","Frontal","S/D","Colisión","Ninguna","Faltante","Cordón divisorio","Sin restricción"
2017,2095,4/6/2017,"Jueves",0,21:30:00,,"0.0",2,"Moto/Ciclomotor,Bicicleta","Gardel Y Av Italia",3,1,0,0,2,0,0,,"Calle",,"RAFAELA","Castellanos","Asfalto","No existe","V","S/D","Urbana","Ninguna","No existe","Intersección","Bueno","Buena","Nocturna","Buen Tiempo","Lateral","S/D","Colisión","Ninguna","Faltante","Ninguna","Sin restricción"
2017,2096,5/24/2017,"Miercoles",0,11:15:00,,"0.0",2,"Moto/Ciclomotor,Pickup/Utilitario","Av Galicia Y Mitre",3,2,0,0,1,0,0,,"Avenida",,"SANTA FE","La Capital","Asfalto","No existe","I","Dentro","Urbana","Ninguna","No existe","Intersección","Bueno","Buena","Diurna","Buen Tiempo","Lateral","S/D","Colisión","Ninguna","S/D","S/D","Sin restricción"
2017,2097,5/23/2017,"Martes",0,13:00:00,,"0.0",3,"Peatón,Peatón,Moto/Ciclomotor","Rivadavia 5700",3,1,0,0,2,0,0,,"Calle",,"SANTA FE","La Capital","Asfalto","No existe","I","Dentro","Urbana","Ninguna","S/D","Recta","Bueno","Buena","Diurna","Buen Tiempo","S/D","Peatón","Atropello","Ninguna","S/D","Ninguna","S/D"
2017,2098,4/7/2017,"Viernes",0,11:00:00,,"0.0",2,"Moto/Ciclomotor,Automóvil","Pedro Ferre Y Republica de Siria",3,2,0,0,1,0,0,,"Calle",,"SANTA FE","La Capital","Asfalto","No existe","I","Dentro","Urbana","Ninguna","No existe","Intersección","Bueno","Buena","Diurna","Buen Tiempo","Lateral","S/D","Colisión","Ninguna","S/D","Ninguna","Sin restricción"
2017,2099,5/9/2017,"Martes",0,17:30:00,,"0.0",2,"Moto/Ciclomotor,Automóvil","Mitre Y R Godoy",3,2,0,0,1,0,0,,"Calle",,"SANTA FE","La Capital","Asfalto","No existe","I","Dentro","Urbana","Ninguna","No existe","Intersección","Bueno","Buena","Diurna","Buen Tiempo","Lateral","S/D","Colisión","Ninguna","S/D","Ninguna","S/D"
2017,2100,4/12/2017,"Miercoles",0,17:30:00,,"0.0",3,"Automóvil,Peatón,Peatón","Pte Juan Domingo Peron Y E Carballeyra",3,0,2,0,1,0,0,,"Calle",,"RUFINO","General López","Asfalto","S/D","VIII","Dentro","Urbana","Ninguna","No existe","Intersección","Bueno","Buena","Diurna","Buen Tiempo","S/D","Peatón","Atropello","Ninguna","S/D","Ninguna","Sin restricción"
2017,2101,4/1/2017,"Sabado",0,22:20:00,,"0.0",2,"Moto/Ciclomotor,Pickup/Utilitario","Padre Calleri Y 21 de Agosto",3,0,1,0,2,0,0,,"Calle",,"MARIA JUANA","Castellanos","Ripio","No existe","V","Dentro","Urbana","Ninguna","No existe","Intersección","Bueno","Buena","Nocturna","Buen Tiempo","Lateral","S/D","Colisión","Ninguna","S/D","Ninguna","Sin restricción"
2017,2102,4/10/2017,"Lunes",0,17:55:00,,"0.0",3,"Moto/Ciclomotor,Automóvil,Automóvil","Balcarce 1227",3,1,0,0,0,0,2,,"Calle",,"ESPERANZA","Las Colonias","Hormigón","Pavimento","XI","Dentro","Urbana","Ninguna","No existe","Recta","Bueno","Buena","Diurna","Buen Tiempo","De alcance,Lateral","S/D","Colisión","Ninguna","S/D","Línea divisoria pintada","Sin restricción"
2017,2103,4/2/2017,"Domingo",0,2:50:00,"Ruta Provincial 70","0.0",1,"Automóvil","A Aufranc Y Maipu",4,4,0,0,0,0,0,,"Ruta",70,"ESPERANZA","Las Colonias","Asfalto","Pavimento","XI","Dentro","Urbana","Ninguna","No existe","Intersección","Bueno","Buena","Nocturna,Con luz artificial","Buen Tiempo","S/D","S/D","Vuelco","Ninguna","S/D","Ninguna","Sin restricción"
2017,2104,3/4/2017,"Sabado",0,17:00:00,,"0.0",2,"Moto/Ciclomotor,Automóvil","Mendoza Y Ricardo Rojas",3,0,0,0,0,0,3,,"Calle",,"ROSARIO","Rosario","S/D","S/D","II","Dentro","Urbana","S/D","S/D","S/D","S/D","S/D","S/D","S/D","S/D","S/D","S/D","S/D","S/D","Ninguna","S/D"
2017,2106,5/2/2017,"Martes",0,20:30:00,"Ruta Secundaria 41-s","0.0",2,"Automóvil,Moto/Ciclomotor"," ",6,2,0,0,4,0,0,,"Ruta","41-s","BERNARDO DE IRIGOYEN","San Jerónimo","Asfalto","Natural","XV","Dentro","Rural","Ninguna","No existe","Recta","Bueno","Buena","Nocturna","Buen Tiempo","Frontal","S/D","Colisión","Ninguna","S/D","Ninguna","Sin restricción"
2017,2107,4/15/2017,"Sabado",0,19:30:00,,"0.0",2,"Automóvil,Moto/Ciclomotor","Velez Sarsfield Y Stephenson",4,1,0,0,3,0,0,,"Calle",,"ROSARIO","Rosario","Asfalto","S/D","II","Dentro","Urbana","Ninguna","Funciona","Intersección","Bueno","Buena","Diurna","Buen Tiempo","Lateral","S/D","Colisión","Ninguna","S/D","S/D","Sin restricción"
2017,2108,4/23/2017,"Domingo",0,19:40:00,,"0.0",2,"Peatón,Automóvil","ALBERDI Y SAN JUAN",3,1,0,0,2,0,0,,"Calle",,"PUEBLO ESTHER","Rosario","Asfalto","Ripio","II","Dentro","Urbana","Ninguna","No existe","Intersección","Bueno","Buena","Atardecer","Buen Tiempo","S/D","Peatón","Atropello","Ninguna","S/D","Ninguna","Sin restricción"
2017,2109,4/4/2017,"Martes",0,14:00:00,,"0.0",1,"Pickup/Utilitario"," ",3,2,1,0,0,0,0,,"Camino Rural",,"ARRUFÓ","San Cristóbal","Tierra","No existe","XIII","Dentro","Rural","Ninguna","No existe","Recta","Ahuellamiento","Buena","Diurna","Buen Tiempo","S/D","S/D","Despiste","Ninguna","Faltante","Ninguna","Sin restricción"
2017,2110,4/16/2017,"Domingo",0,14:45:00,,"0.0",2,"Automóvil,Moto/Ciclomotor","Hipolito Irigoyen Y Maipu",4,2,0,0,2,0,0,,"Calle",,"SAN CRISTÓBAL","San Cristóbal","Asfalto","No existe","XIII","Dentro","Urbana","Ninguna","No existe","Intersección","Bueno","Buena","Diurna","Buen Tiempo","Lateral","S/D","Colisión","Ninguna","S/D","Ninguna","S/D"
2017,2111,5/9/2017,"Martes",0,9:20:00,,"0.0",2,"Pickup/Utilitario,Moto/Ciclomotor","Castellanos Y Gdor Candioti",2,1,0,0,1,0,0,,"Calle",,"SANTA FE","La Capital","Asfalto","No existe","I","Dentro","Urbana","S/D","No existe","Intersección","Bueno","Buena","Diurna","Buen Tiempo","Lateral","S/D","Colisión","S/D","S/D","S/D","Sin restricción"
2017,2112,5/9/2017,"Martes",0,16:30:00,,"0.0",2,"Pickup/Utilitario,Bicicleta","Maipu Y Gdor Candioti",2,1,0,0,1,0,0,,"Calle",,"SANTA FE","La Capital","Asfalto","No existe","I","Dentro","Urbana","S/D","No existe","Intersección","Bueno","Buena","Diurna","S/D","S/D","Ciclista","Atropello","S/D","S/D","S/D","S/D"
2017,2113,5/9/2017,"Martes",0,17:50:00,,"0.0",2,"Moto/Ciclomotor,Otros","Alvear ",2,1,0,0,0,0,1,,"Calle",,"SANTA FE","La Capital","Asfalto","No existe","I","Dentro","Urbana","S/D","No existe","Intersección","Bueno","Buena","Diurna","S/D","Lateral","S/D","Colisión","S/D","S/D","S/D","S/D"
2017,2114,5/14/2017,"Domingo",0,9:00:00,,"0.0",1,"Automóvil","Velez Sarsfield 4400",1,1,0,0,0,0,0,,"Calle",,"SANTA FE","La Capital","Asfalto","No existe","I","Dentro","Urbana","S/D","No existe","Recta","Bueno","Buena","Diurna","S/D","S/D","S/D","Vuelco","S/D","S/D","Barrera de hormigón","S/D"
2017,2115,5/18/2017,"Jueves",0,12:00:00,,"0.0",2,"Automóvil,Moto/Ciclomotor","Alvear Y Ituzaingo",2,1,0,0,1,0,0,,"Calle",,"SANTA FE","La Capital","Asfalto","No existe","I","Dentro","Urbana","S/D","S/D","Intersección","Bueno","Buena","Diurna","S/D","Lateral","S/D","Colisión","S/D","S/D","S/D","S/D"
2017,2116,5/21/2017,"Domingo",0,6:00:00,,"0.0",2,"Automóvil,Taxi/Remis","Bv Galvez Y Necochea",2,0,0,0,1,0,1,,"Calle",,"SANTA FE","La Capital","Asfalto","No existe","I","Dentro","Urbana","Semáforo","Funciona","Intersección","Bueno","S/D","Amanecer","S/D","Lateral","S/D","Colisión","S/D","Vertical","S/D","S/D"
2017,2117,5/22/2017,"Lunes",0,3:50:00,,"0.0",2,"Automóvil,Peatón","Bv Galvez Y Gdor Candioti",2,1,0,0,0,0,1,,"Calle",,"SANTA FE","La Capital","Asfalto","No existe","I","Dentro","Urbana","Semáforo","Funciona","Intersección","Bueno","Buena","Nocturna","S/D","S/D","Peatón","Atropello","S/D","Vertical","S/D","S/D"
2017,2118,5/27/2017,"Sabado",0,19:00:00,,"0.0",2,"Otros,Bicicleta","Calchines Y Av Leandro Alem",2,1,0,0,0,0,1,,"Calle",,"SANTA FE","La Capital","Asfalto","No existe","I","Dentro","Urbana","S/D","Funciona","Intersección","Bueno","S/D","Atardecer","S/D","S/D","Ciclista","Atropello","S/D","Vertical","S/D","S/D"
2017,2119,5/10/2017,"Miercoles",0,8:25:00,,"0.0",2,"Moto/Ciclomotor,Pickup/Utilitario","1ro de Mayo Y Pedro Ferre",2,1,0,0,1,0,0,,"Calle",,"SANTA FE","La Capital","Asfalto","Pavimento","I","Dentro","Urbana","Ninguna","No existe","Intersección","Bueno","Buena","Diurna","S/D","S/D","S/D","Colisión","S/D","S/D","Ninguna","Sin restricción"
2017,2120,5/5/2017,"Viernes",0,17:50:00,,"0.0",2,"Bicicleta,Automóvil","Av A del Valle 6400",2,1,0,0,1,0,0,,"Calle",,"SANTA FE","La Capital","Asfalto","Pavimento","I","Dentro","Urbana","Semáforo","S/D","Recta","Bueno","Buena","Diurna","S/D","S/D","Ciclista","Atropello","S/D","Horizontal,Vertical","S/D","S/D"
2017,2121,5/26/2017,"Viernes",0,7:30:00,,"0.0",2,"Moto/Ciclomotor,Moto/Ciclomotor","J J Paso Y Saavedra",2,1,0,0,1,0,0,,"Calle",,"SANTA FE","La Capital","Asfalto","No existe","I","Dentro","Urbana","Ninguna","No existe","Intersección","Bueno","Buena","Diurna","Buen Tiempo","De alcance","S/D","Colisión","Ninguna","Faltante","Ninguna","Sin restricción"
2017,2122,5/7/2017,"Domingo",0,19:20:00,,"0.0",2,"Moto/Ciclomotor,Automóvil","Saavedra Y Lisandro de la Torre",2,1,0,0,1,0,0,,"Calle",,"SANTA FE","La Capital","Asfalto","No existe","I","Dentro","Urbana","S/D","No existe","Intersección","Con baches","Buena","Atardecer","S/D","De alcance","S/D","Colisión","Ninguna","S/D","S/D","S/D"
2017,2123,5/24/2017,"Miercoles",0,17:55:00,,"0.0",2,"Peatón,Automóvil","Intendente Manuel Irigoyen Y Cristobal Colon",2,1,0,0,0,0,1,,"Calle",,"SANTA FE","La Capital","S/D","S/D","I","Dentro","Urbana","S/D","S/D","Rotonda","S/D","Buena","Diurna","S/D","S/D","Peatón","Atropello","S/D","S/D","S/D","S/D"
2017,2124,5/30/2017,"Martes",0,11:30:00,,"0.0",2,"Bicicleta,Automóvil","Moreno Y Gdor Freyre",2,1,0,0,1,0,0,,"Calle",,"SANTA FE","La Capital","Asfalto","No existe","I","Dentro","Urbana","Ninguna","No existe","Recta","Bueno","Buena","Diurna","Buen Tiempo","S/D","Ciclista","Atropello","Ninguna","Faltante","Ninguna","Sin restricción"
2017,2125,5/2/2017,"Martes",0,17:50:00,,"0.0",2,"Automóvil,Bicicleta","J J Paso Y Dr Zavalla",2,1,0,0,1,0,0,,"Calle",,"SANTA FE","La Capital","Asfalto","No existe","I","Dentro","Urbana","Ninguna","No existe","Rotonda","Deteriorada","Buena","Diurna","Buen Tiempo","S/D","Ciclista","Atropello","Ninguna","Faltante","Ninguna","Sin restricción"
2017,2126,5/5/2017,"Viernes",0,20:00:00,,"0.0",2,"Automóvil,Bicicleta","Av Freyre Y 3 de Febrero",2,1,0,0,1,0,0,,"Calle",,"SANTA FE","La Capital","Asfalto","No existe","I","Dentro","Urbana","Ninguna","No existe","Intersección","Con baches","Buena","Atardecer","Buen Tiempo","S/D","Ciclista","Atropello","Ninguna","Faltante","Ninguna","Sin restricción"
2017,2127,5/24/2017,"Miercoles",0,21:50:00,,"0.0",2,"Moto/Ciclomotor,Automóvil"," ",2,1,0,0,1,0,0,,"Calle",,"SANTA FE","La Capital","Asfalto","No existe","I","Dentro","Urbana","Ninguna","No existe","Puente","Con baches","Buena","Nocturna","Buen Tiempo","De alcance","S/D","Colisión","Ninguna","Faltante","Ninguna","Sin restricción"
2017,2128,5/29/2017,"Lunes",0,17:00:00,,"0.0",2,"Automóvil,Automóvil","Pedro Centeno ",2,1,0,0,1,0,0,,"Calle",,"SANTA FE","La Capital","Asfalto","S/D","I","Dentro","Urbana","S/D","S/D","Intersección","Bueno","S/D","Diurna","S/D","Lateral","S/D","Colisión","S/D","S/D","S/D","S/D"
2017,2129,5/2/2017,"Martes",0,18:50:00,,"0.0",2,"Pickup/Utilitario,Bicicleta","Gdor Candioti Y Balcarce",2,1,0,0,1,0,0,,"Calle",,"SANTA FE","La Capital","Asfalto","No existe","I","Dentro","Urbana","S/D","No existe","Intersección","Bueno","Buena","Atardecer","S/D","S/D","Ciclista","Atropello","S/D","S/D","S/D","S/D"
2017,2130,5/3/2017,"Miercoles",0,7:30:00,,"0.0",2,"Pickup/Utilitario,Bicicleta","Av Leandro Alem Y Alberdi",2,1,0,0,1,0,0,,"Calle",,"SANTA FE","La Capital","Asfalto","S/D","I","Dentro","Urbana","Semáforo","Funciona","Intersección","S/D","Buena","Diurna","S/D","S/D","Ciclista","Atropello","S/D","Vertical","S/D","S/D"
2017,2131,5/3/2017,"Miercoles",0,11:45:00,,"0.0",2,"Moto/Ciclomotor,Pickup/Utilitario","Juan Del Campillo Y Belgrano",2,1,0,0,0,0,1,,"Calle",,"SANTA FE","La Capital","Asfalto","No existe","I","Dentro","Urbana","S/D","Funciona","Intersección","Bueno","Buena","Diurna","S/D","Lateral","S/D","Colisión","S/D","Vertical","S/D","S/D"
2017,2132,5/3/2017,"Miercoles",0,15:30:00,,"0.0",2,"Moto/Ciclomotor,Bicicleta"," ",2,1,0,0,1,0,0,,"Calle",,"SANTA FE","La Capital","Asfalto","No existe","I","Dentro","Urbana","S/D","No existe","Puente","Bueno","S/D","Diurna","S/D","S/D","Ciclista","Atropello","S/D","S/D","S/D","S/D"
2017,2133,5/4/2017,"Jueves",0,19:15:00,,"0.0",2,"Pickup/Utilitario,Peatón","Belgrano 3800",2,1,0,0,1,0,0,,"Calle",,"SANTA FE","La Capital","Asfalto","No existe","I","Dentro","Urbana","S/D","No existe","Recta","Bueno","Buena","Diurna","S/D","S/D","Peatón","Atropello","S/D","S/D","S/D","S/D"
2017,2134,5/8/2017,"Lunes",0,21:00:00,,"0.0",2,"Transporte de Pasajeros Urbano (> 8 asientos),Moto/Ciclomotor","Domingo Silva Y Necochea",2,1,0,0,1,0,0,,"Calle",,"SANTA FE","La Capital","Asfalto","No existe","I","Dentro","Urbana","S/D","No existe","Intersección","Bueno","Buena","Nocturna","S/D","Lateral","S/D","Colisión","S/D","S/D","S/D","S/D"
2017,2135,5/3/2017,"Miercoles",0,14:00:00,"Ruta Nacional 168","474.0",2,"Bicicleta,Taxi/Remis"," ",2,1,0,0,1,0,0,,"Ruta",168,"SANTA FE","La Capital","Asfalto","S/D","I","Dentro","Urbana","Ninguna","No existe","Recta","Bueno","Buena","Diurna","Buen Tiempo","S/D","Ciclista","Atropello","Ninguna","S/D","Barrera de hormigón","Sin restricción"
2017,2136,5/23/2017,"Martes",0,9:10:00,"Ruta Nacional 11","0.0",2,"Otros,Peatón","Av Blas Parera Y Vieytes",2,1,0,0,1,0,0,,"Ruta",11,"SANTA FE","La Capital","Asfalto","No existe","I","Dentro","Urbana","Semáforo","Funciona","Recta","Bueno","Buena","Diurna","Buen Tiempo","S/D","Peatón","Atropello","Ninguna","Horizontal,Vertical","Cordón divisorio","Sin restricción"
2017,2137,5/17/2017,"Miercoles",0,10:15:00,"Ruta Nacional 11","0.0",2,"Automóvil,Transporte de Pasajeros Urbano (> 8 asientos)","Av Blas Parera Y Boneo",2,1,0,0,1,0,0,,"Ruta",11,"SANTA FE","La Capital","Asfalto","No existe","I","Dentro","Urbana","Ninguna","No existe","Intersección","Bueno","Buena","Diurna","Buen Tiempo","Lateral","S/D","Colisión","Ninguna","Horizontal","Cordón divisorio","Sin restricción"
2017,2138,5/10/2017,"Miercoles",0,10:20:00,"Ruta Nacional 11","0.0",1,"Automóvil","Av Blas Parera Y Estado de Israel",2,1,0,0,1,0,0,,"Ruta",11,"SANTA FE","La Capital","Asfalto","Ripio","I","Dentro","Urbana","Semáforo","Funciona","Intersección","Bueno","Buena","Diurna","Buen Tiempo","Lateral","S/D","Colisión","Ninguna","Horizontal,Vertical","Cordón divisorio","Sin restricción"
2017,2139,5/16/2017,"Martes",0,8:20:00,,"0.0",2,"Moto/Ciclomotor,Moto/Ciclomotor","Estanislao Zeballos Y Chiclana",2,1,0,0,1,0,0,,"Calle",,"SANTA FE","La Capital","Asfalto","No existe","I","Dentro","Urbana","Ninguna","No existe","Intersección","Bueno","Buena","Diurna","Buen Tiempo","Lateral","S/D","Colisión","Ninguna","Horizontal","Ninguna","Sin restricción"
2017,2140,5/16/2017,"Martes",0,6:30:00,,"0.0",2,"Moto/Ciclomotor,Automóvil","Boneo Y Sebastian Gaboto",2,1,0,0,1,0,0,,"Calle",,"SANTA FE","La Capital","Asfalto","No existe","I","Dentro","Urbana","Ninguna","No existe","Intersección","Bueno","Buena","Diurna","Buen Tiempo","Lateral","S/D","Colisión","Agua","Faltante","Ninguna","Sin restricción"
2017,2141,5/19/2017,"Viernes",0,12:00:00,"Ruta Nacional 11","0.0",2,"Moto/Ciclomotor,Automóvil","Av Blas Parera Y French",2,1,0,0,1,0,0,,"Ruta",11,"SANTA FE","La Capital","Asfalto","No existe","I","Dentro","Urbana","Ninguna","No existe","Intersección","Bueno","Buena","Diurna","Buen Tiempo","Lateral","S/D","Colisión","Agua","Horizontal","Ninguna","Sin restricción"
2017,2142,5/3/2017,"Miercoles",0,20:30:00,"Ruta Nacional 11","0.0",2,"Automóvil,Moto/Ciclomotor","Av Blas Parera Y Combatientes de Malvinas",2,1,0,0,1,0,0,,"Ruta",11,"SANTA FE","La Capital","Asfalto","No existe","I","Dentro","Urbana","Ninguna","No existe","Recta","Bueno","Reducida","Atardecer","Buen Tiempo","Lateral","S/D","Colisión","Material Suelto","Horizontal,Vertical","Cordón divisorio","Sin restricción"
2017,2143,5/23/2017,"Martes",0,13:00:00,,"0.0",2,"Moto/Ciclomotor,Automóvil","3 de Febrero Y Saavedra",2,1,0,0,1,0,0,,"Calle",,"SANTA FE","La Capital","Asfalto","No existe","I","Dentro","Urbana","Ninguna","No existe","Intersección","Con baches","Buena","Diurna","Buen Tiempo","De alcance","S/D","Colisión","Ninguna","Faltante","Ninguna","Sin restricción"
2017,2144,5/5/2017,"Viernes",0,13:35:00,,"0.0",2,"Moto/Ciclomotor,Automóvil","Mariano Comas ",2,1,0,0,1,0,0,,"Calle",,"SANTA FE","La Capital","Asfalto","Natural","I","Dentro","Urbana","Ninguna","No existe","Intersección","Con baches","Buena","Diurna","Buen Tiempo","S/D","S/D","Colisión","Ninguna","Faltante","Ninguna","S/D"
2017,2145,5/18/2017,"Jueves",0,9:50:00,,"0.0",2,"Camión Chasis,Moto/Ciclomotor","J J Paso Y Av Urquiza",2,1,0,0,1,0,0,,"Calle",,"SANTA FE","La Capital","Asfalto","No existe","I","Dentro","Urbana","Semáforo","Funciona","Intersección","Con baches","Buena","Diurna","Buen Tiempo","Frontal","S/D","Colisión","Ninguna","Vertical","Ninguna","Sin restricción"
2017,2146,5/1/2017,"Lunes",1,,,"0.0",2,"Moto/Ciclomotor,Moto/Ciclomotor"," ",2,1,0,0,1,0,0,,"S/D",,"SANTA FE","La Capital","S/D","S/D","I","S/D","S/D","S/D","S/D","S/D","S/D","S/D","S/D","S/D","S/D","S/D","Colisión","S/D","S/D","S/D","S/D"