"anio_acci","nro_acci","fecha","desc_dia","fecha_aprox","hora_aprox","desc_ruta","km","cant_participantes","desc_participante","calle_avenida_km","total","heridos_leves","heridos_graves","heridos_gravisimos","ilesos","fallecidos","sin_datos","posicion_XY","desc_tipo_via","desc_ruta_ori","desc_loc","desc_dpto","desc_tipo_calzada","desc_tipo_banquina","desc_unidad_regional","desc_lugar_calzada","desc_zona","desc_prioridad","desc_estado_semaforo","desc_lugar_via","desc_estado_via","desc_estado_visibilidad","desc_luminosidad","desc_estado_clima","desc_tipo_colision","desc_tipo_atropello","desc_tipo_hecho","desc_pres_calzada","desc_senializacion","desc_separacion_via","desc_restriccion"
2017,2216,5/15/2017,"Lunes",0,0:20:00,"Ruta Nacional 11","0.0",2,"Pickup/Utilitario,Moto/Ciclomotor","Ruta Nacional 1V11- Juan de Garay Y Lehman",2,1,0,0,1,0,0,,"Ruta",11,"RECREO","La Capital","Asfalto","Natural","I","Dentro","Urbana","Señal Ceda el Paso","No existe","Curva","Bueno","Reducida","Nocturna","Buen Tiempo","Lateral","S/D","Colisión","Ninguna","Vertical","Línea divisoria pintada","Sin restricción"
2017,2217,5/19/2017,"Viernes",0,16:30:00,,"0.0",2,"Automóvil,Pickup/Utilitario","Lehman Y Belgrano",2,1,0,0,1,0,0,,"Calle",,"RECREO","La Capital","Tierra","No existe","I","Dentro","Urbana","Ninguna","No existe","Curva","Bueno","Reducida","Atardecer","Lluvia","De alcance","S/D","Colisión","Ninguna","S/D","Ninguna","Sin restricción"
2017,2218,5/20/2017,"Sabado",0,14:00:00,,"0.0",2,"Moto/Ciclomotor,Automóvil","Lincoln Y Rosario",2,1,0,0,1,0,0,,"Calle",,"RECREO","La Capital","Tierra","No existe","I","Dentro","Urbana","Ninguna","No existe","Curva","Con baches","Buena","Atardecer","Buen Tiempo","Lateral","S/D","Colisión","S/D","Faltante","Ninguna","Sin restricción"
2017,2219,5/25/2017,"Jueves",0,12:20:00,,"0.0",2,"Bicicleta,Camión Chasis","Reg 12 de Infanteria Y Europa",2,1,0,0,1,0,0,,"Calle",,"SANTA FE","La Capital","Asfalto","Pavimento","I","Dentro","Urbana","Semáforo","Funciona","Intersección","Bueno","Buena","Diurna","Buen Tiempo","S/D","Ciclista","Atropello","Ninguna","Vertical","Cordón divisorio","Sin restricción"
2017,2220,5/3/2017,"Miercoles",0,20:45:00,,"0.0",2,"Moto/Ciclomotor,Automóvil","Av Peñaloza Y Av Pte Peron",2,1,0,0,1,0,0,,"Calle",,"SANTA FE","La Capital","Hormigón","Pavimento","I","Dentro","Urbana","Ninguna","No existe","Intersección","Bueno","Buena","Nocturna","Buen Tiempo","Lateral","S/D","Colisión","Ninguna","Faltante","Cordón divisorio","Sin restricción"
2017,2221,5/10/2017,"Miercoles",0,8:30:00,,"0.0",2,"Peatón,Bicicleta","Av Peñaloza Y Pavon",2,1,0,0,1,0,0,,"Calle",,"SANTA FE","La Capital","Hormigón","Pavimento","I","Dentro","Urbana","Ninguna","No existe","Intersección","Bueno","Buena","Diurna","Buen Tiempo","S/D","Peatón","Atropello","Ninguna","Faltante","Cordón divisorio","Sin restricción"
2017,2222,5/7/2017,"Domingo",0,22:00:00,,"0.0",2,"Moto/Ciclomotor,Automóvil","Don Guanella Y Aguado",2,1,0,0,1,0,0,,"Calle",,"SANTA FE","La Capital","Asfalto","Pavimento","I","Dentro","Urbana","Ninguna","No existe","Intersección","Bueno","Buena","Nocturna","Buen Tiempo","Lateral","S/D","Colisión","Ninguna","Faltante","Cordón divisorio","Sin restricción"
2017,2223,5/11/2017,"Jueves",0,20:50:00,,"0.0",2,"Automóvil,Moto/Ciclomotor","Irigoyen Freyre ",2,1,0,0,1,0,0,,"Calle",,"SANTA FE","La Capital","Asfalto","S/D","I","S/D","Urbana","S/D","S/D","S/D","S/D","S/D","Nocturna","S/D","S/D","S/D","Colisión","S/D","S/D","S/D","S/D"
2017,2224,5/8/2017,"Lunes",0,13:20:00,,"0.0",2,"Moto/Ciclomotor,Moto/Ciclomotor","Gorriti Y Europa",2,2,0,0,0,0,0,,"Calle",,"SANTA FE","La Capital","S/D","S/D","I","S/D","Urbana","S/D","S/D","S/D","S/D","S/D","Diurna","S/D","S/D","S/D","Colisión","S/D","S/D","S/D","S/D"
2017,2225,5/6/2017,"Sabado",0,17:30:00,,"0.0",2,"Moto/Ciclomotor,Automóvil","Aguado Y Combatientes de Malvinas",2,1,0,0,1,0,0,,"Calle",,"SANTA FE","La Capital","Ripio","S/D","I","S/D","Urbana","S/D","S/D","S/D","S/D","S/D","Diurna","S/D","S/D","S/D","Colisión","S/D","S/D","S/D","S/D"
2017,2226,5/6/2017,"Sabado",0,13:35:00,,"0.0",2,"Moto/Ciclomotor,Automóvil","Europa Y La Pampa",3,1,0,0,2,0,0,,"Calle",,"SANTA FE","La Capital","Asfalto","S/D","I","S/D","Urbana","S/D","No existe","Intersección","S/D","S/D","Diurna","S/D","S/D","S/D","Colisión","S/D","S/D","S/D","S/D"
2017,2227,5/6/2017,"Sabado",0,19:10:00,,"0.0",2,"Automóvil,Moto/Ciclomotor","Mariano Candioti 4140",3,1,0,0,2,0,0,,"Calle",,"SANTO TOMÉ","La Capital","Asfalto","No existe","I","S/D","Urbana","S/D","No existe","Recta","Bueno","Buena","Diurna","Buen Tiempo","De alcance","S/D","Colisión","Ninguna","Faltante","Ninguna","Sin restricción"
2017,2228,5/9/2017,"Martes",0,14:30:00,,"0.0",2,"Automóvil,Bicicleta","J M Perez 237",2,1,0,0,1,0,0,,"Calle",,"SANTA FE","La Capital","Hormigón","S/D","I","Dentro","Urbana","S/D","S/D","Recta","Bueno","S/D","Diurna","Buen Tiempo","S/D","Ciclista","Atropello","S/D","S/D","Cordón divisorio","Sin restricción"
2017,2229,5/15/2017,"Lunes",0,20:30:00,"Autopista Nacional A007","0.0",2,"Moto/Ciclomotor,Pickup/Utilitario","Av Circunvalación ",2,1,0,0,1,0,0,,"Autopista","A007","SANTA FE","La Capital","Hormigón","Natural","I","Dentro","S/D","Ninguna","No existe","Recta","Bueno","Buena","Nocturna,Con luz artificial","Buen Tiempo","De alcance","S/D","Colisión","Ninguna","Faltante","Guardarrail","Sin restricción"
2017,2230,5/3/2017,"Miercoles",0,15:30:00,,"0.0",2,"Pickup/Utilitario,Moto/Ciclomotor","Irigoyen Freyre ",2,1,0,0,1,0,0,,"Calle",,"SANTA FE","La Capital","Asfalto","Natural","I","Dentro","Urbana","Ninguna","No existe","Intersección","Con baches","Buena","Diurna","Buen Tiempo","Lateral","S/D","Colisión","Ninguna","Horizontal","Cordón divisorio","Sin restricción"
2017,2231,5/21/2017,"Domingo",0,9:30:00,"Ruta Nacional 11","0.0",2,"Transporte de Pasajeros Urbano (> 8 asientos),Moto/Ciclomotor","Misiones Y Av Blas Parera",2,1,0,0,1,0,0,,"Ruta",11,"SANTA FE","La Capital","Asfalto","No existe","I","S/D","Urbana","Ninguna","Funciona","Intersección","Bueno","Buena","Diurna","Buen Tiempo","De alcance","S/D","Colisión","Ninguna","Vertical","Ninguna","Sin restricción"
2017,2232,5/18/2017,"Jueves",0,7:00:00,"Ruta Nacional 168","476.0",2,"Automóvil,Moto/Ciclomotor"," ",3,2,0,0,0,0,1,,"Ruta",168,"SANTA FE","La Capital","Asfalto","S/D","I","S/D","Urbana","Ninguna","No existe","Recta","Bueno","Buena","Diurna","Buen Tiempo","S/D","S/D","Colisión","Ninguna","S/D","Barrera de hormigón","Sin restricción"
2017,2233,5/29/2017,"Lunes",0,12:40:00,,"0.0",2,"Moto/Ciclomotor,Automóvil","J M Zuviria Y Las Heras",3,2,0,0,1,0,0,,"Calle",,"SANTA FE","La Capital","Asfalto","No existe","I","S/D","Urbana","Ninguna","S/D","Intersección","Bueno","Buena","Diurna","Buen Tiempo","Lateral","S/D","Colisión","Ninguna","S/D","Ninguna","Sin restricción"
2017,2234,5/21/2017,"Domingo",0,13:30:00,,"0.0",2,"Bicicleta,Moto/Ciclomotor","Hipolito Irigoyen Y Laprade",2,1,0,0,1,0,0,,"Calle",,"SANTO TOMÉ","La Capital","Ripio","No existe","I","Dentro","Urbana","Ninguna","No existe","Intersección","Con baches","Buena","Diurna","Buen Tiempo","S/D","Ciclista","Atropello","Ninguna","S/D","Ninguna","Sin restricción"
2017,2235,5/27/2017,"Sabado",0,12:40:00,,"0.0",2,"Automóvil,Moto/Ciclomotor","Frutos Y Cordoba",4,2,0,0,2,0,0,,"Calle",,"SANTO TOMÉ","La Capital","Ripio","No existe","I","S/D","Urbana","Ninguna","No existe","Intersección","Con baches","Buena","Diurna","Buen Tiempo","De alcance","S/D","Colisión","Ninguna","S/D","Ninguna","Sin restricción"
2017,2236,5/27/2017,"Sabado",0,20:45:00,"Autopista Provincial Brigadier E.López","152.0",3,"Moto/Ciclomotor,Automóvil,Automóvil"," ",3,1,0,0,2,0,0,,"Autopista","Brigadier E.López","SANTO TOMÉ","La Capital","Asfalto","Natural","I","Dentro","Rural","S/D","No existe","Recta","Bueno","Buena","Nocturna","Buen Tiempo","Lateral","S/D","Colisión","Ninguna","Faltante","S/D","S/D"
2017,2237,5/1/2017,"Lunes",0,17:30:00,"Autopista Provincial Brigadier E.López","154.0",1,"Automóvil"," ",2,1,0,0,1,0,0,,"Autopista","Brigadier E.López","SANTO TOMÉ","La Capital","Asfalto","Natural","I","S/D","Rural","Ninguna","No existe","Recta","Bueno","Buena","Diurna","Buen Tiempo","Atropello animal","S/D","Colisión","Ninguna","Faltante","Ninguna","Sin restricción"
2017,2238,5/13/2017,"Sabado",0,13:50:00,,"0.0",2,"Automóvil,Bicicleta","Manuel Dorrego Y  Saavedra Miguel de Cervantes",2,1,0,0,0,0,1,,"Calle",,"SANTO TOMÉ","La Capital","Tierra","No existe","I","S/D","Urbana","S/D","No existe","Recta","Con baches","Buena","Nocturna","Buen Tiempo","S/D","Ciclista","Atropello","Ninguna","Faltante","S/D","S/D"
2017,2239,5/15/2017,"Lunes",0,8:45:00,,"0.0",2,"Moto/Ciclomotor,Automóvil","Cristobal Colon Y Centenario",2,1,0,0,1,0,0,,"Calle",,"SANTO TOMÉ","La Capital","Asfalto","Pavimento","I","Dentro","Urbana","Ninguna","No existe","Intersección","Bueno","Buena","Diurna","Buen Tiempo","S/D","S/D","Colisión","Ninguna","Vertical","Ninguna","S/D"
2017,2240,5/20/2017,"Sabado",0,19:00:00,,"0.0",2,"Automóvil,Moto/Ciclomotor","13 de diciembre Y Mauri",4,2,0,0,2,0,0,,"Calle",,"SANTO TOMÉ","La Capital","Ripio","No existe","I","Dentro","Urbana","Ninguna","No existe","Intersección","Con baches","Buena","Nocturna,Con luz artificial","Buen Tiempo","Lateral","S/D","Colisión","Ninguna","S/D","Ninguna","Sin restricción"
2017,2241,5/27/2017,"Sabado",0,15:35:00,"Ruta Nacional 11","0.0",2,"Transporte de Pasajeros Urbano (> 8 asientos),Automóvil","Av Blas Parera Y Larrea",3,2,0,0,1,0,0,,"Ruta",11,"SANTA FE","La Capital","Asfalto","Pavimento","I","Dentro","Urbana","Semáforo","Funciona","Intersección","Bueno","Buena","Diurna","Buen Tiempo","Lateral","S/D","Colisión","Ninguna","Vertical","Barrera de hormigón","Sin restricción"
2017,2242,7/2/2017,"Domingo",0,16:30:00,,"0.0",1,"Otros","ZONA RURAL ",2,1,1,0,0,0,0,,"Camino Rural",,"HUMBOLDT","Las Colonias","Ripio","Natural","XI","Fuera","Rural","Ninguna","No existe","Recta","Bueno","Buena","Atardecer","Buen Tiempo","S/D","S/D","Vuelco","Ninguna","S/D","Ninguna","Sin restricción"
2017,2243,6/19/2017,"Lunes",0,7:45:00,"Ruta Nacional 11","0.0",2,"Automóvil,Moto/Ciclomotor","Av San Lorenzo Y Martin Fierro",2,1,0,0,1,0,0,,"Ruta",11,"CAPITÁN BERMÚDEZ","San Lorenzo","Asfalto","No existe","XVII","Dentro","Urbana","Ninguna","S/D","Intersección","Bueno","Buena","Diurna","Buen Tiempo","S/D","S/D","Colisión","S/D","Horizontal","Ninguna","S/D"
2017,2244,6/19/2017,"Lunes",0,19:25:00,,"0.0",2,"Automóvil,Bicicleta","Av Gral Lopez Y Urquiza",2,1,0,0,1,0,0,,"Calle",,"CAPITÁN BERMÚDEZ","San Lorenzo","Asfalto","No existe","XVII","Dentro","Urbana","Ninguna","No existe","Intersección","Bueno","Buena","Diurna","Otro","S/D","Ciclista","Atropello","S/D","Faltante","Ninguna","S/D"
2017,2245,6/24/2017,"Sabado",0,6:40:00,"Ruta Nacional 11","0.0",1,"Automóvil","J M Rosas Y Av San Lorenzo",1,0,1,0,0,0,0,,"Ruta",11,"CAPITÁN BERMÚDEZ","San Lorenzo","Asfalto","No existe","XVII","S/D","Urbana","Ninguna","No existe","Intersección","S/D","Buena","Amanecer","S/D","S/D","S/D","Vuelco","S/D","S/D","S/D","S/D"
2017,2246,6/26/2017,"Lunes",0,16:00:00,,"0.0",2,"Automóvil,Moto/Ciclomotor","Carlos Pellegrini Y Av Belgrano",2,1,0,0,1,0,0,,"Avenida",,"CAPITÁN BERMÚDEZ","San Lorenzo","Asfalto","S/D","XVII","S/D","Urbana","Ninguna","No existe","Intersección","Con baches","S/D","Diurna","Buen Tiempo","S/D","S/D","Colisión","Ninguna","Faltante","S/D","Sin restricción"
2017,2247,6/15/2017,"Jueves",0,11:30:00,"Ruta Nacional 11","0.0",2,"Automóvil,Bicicleta","Av San Lorenzo Y Cervantes",2,1,0,0,1,0,0,,"Ruta",11,"CAPITÁN BERMÚDEZ","San Lorenzo","Asfalto","No existe","XVII","Dentro","Urbana","Ninguna","S/D","Intersección","S/D","Buena","Diurna","Buen Tiempo","S/D","Ciclista","Atropello","Ninguna","Faltante","Ninguna","S/D"
2017,2248,6/9/2017,"Viernes",0,17:30:00,,"0.0",2,"Automóvil,Moto/Ciclomotor","Remedios de Escalada Y Jujuy",2,1,0,0,1,0,0,,"Calle",,"CAPITÁN BERMÚDEZ","San Lorenzo","Asfalto","No existe","XVII","S/D","Urbana","Ninguna","No funciona","Intersección","S/D","Buena","Atardecer","Buen Tiempo","S/D","S/D","Colisión","S/D","S/D","S/D","S/D"
2017,2249,6/9/2017,"Viernes",0,8:20:00,,"0.0",2,"Peatón,Moto/Ciclomotor","Cordoba ",2,2,0,0,0,0,0,,"Avenida",,"PUERTO SAN MARTÍN","San Lorenzo","Asfalto","No existe","XVII","Dentro","Urbana","Ninguna","No existe","Recta","Bueno","Buena","Diurna","Buen Tiempo","S/D","Peatón","Atropello","Ninguna","Horizontal","Ninguna","Sin restricción"
2017,2250,6/8/2017,"Jueves",0,11:30:00,"Ruta Nacional 11","0.0",2,"Automóvil,Automóvil","Guayaquil ",2,1,0,0,1,0,0,,"Ruta",11,"FRAY LUIS BELTRÁN","San Lorenzo","Asfalto","Ripio","XVII","Dentro","Urbana","Ninguna","No existe","Recta","Bueno","Buena","Diurna","Buen Tiempo","Frontal","S/D","Colisión","Ninguna","Faltante","Ninguna","Sin restricción"
2017,2251,6/3/2017,"Sabado",0,21:00:00,"Ruta Nacional 11","0.0",2,"Automóvil,Moto/Ciclomotor","Av San Martin Y Las Heras",2,1,0,0,1,0,0,,"Ruta",11,"FRAY LUIS BELTRÁN","San Lorenzo","Asfalto","Ripio","XVII","Dentro","Urbana","Ninguna","No existe","Recta","Bueno","Buena","Nocturna","Buen Tiempo","Frontal","S/D","Colisión","Ninguna","Faltante","Ninguna","Sin restricción"
2017,2252,6/9/2017,"Viernes",0,7:30:00,,"0.0",2,"Moto/Ciclomotor,Moto/Ciclomotor","Mitre Y Pte Peron",2,2,0,0,0,0,0,,"Calle",,"FRAY LUIS BELTRÁN","San Lorenzo","Hormigón","No existe","XVI","Dentro","Urbana","Ninguna","S/D","Intersección","Bueno","Buena","Amanecer","Buen Tiempo","S/D","S/D","Colisión","Ninguna","Faltante","Ninguna","Sin restricción"
2017,2253,6/9/2017,"Viernes",0,15:50:00,"Ruta Nacional 11","0.0",2,"Moto/Ciclomotor,Bicicleta","Av San Martin ",2,1,0,0,1,0,0,,"Ruta",11,"FRAY LUIS BELTRÁN","San Lorenzo","Asfalto","Ripio","XVII","S/D","Urbana","Ninguna","No existe","Intersección","Bueno","Buena","Diurna","Buen Tiempo","S/D","Ciclista","Atropello","Ninguna","Faltante","Ninguna","Sin restricción"
2017,2254,6/14/2017,"Miercoles",0,15:56:00,,"0.0",2,"Pickup/Utilitario,Pickup/Utilitario","Cordoba Y Pte Hipolito Irigoyen",2,1,0,0,1,0,0,,"Avenida",,"PUERTO SAN MARTÍN","San Lorenzo","Asfalto","No existe","XVII","Dentro","Urbana","Ninguna","No existe","Intersección","Bueno","Buena","Diurna","S/D","Lateral","S/D","Colisión","Ninguna","Horizontal","S/D","Sin restricción"
2017,2255,6/8/2017,"Jueves",0,11:30:00,,"0.0",2,"Automóvil,Moto/Ciclomotor","Salta Y Rivadavia",2,1,0,0,1,0,0,,"Calle",,"ROLDÁN","San Lorenzo","Asfalto","No existe","XVII","Fuera","Urbana","Ninguna","No existe","Intersección","Bueno","Buena","Diurna","Buen Tiempo","Lateral","S/D","Colisión","Ninguna","S/D","Ninguna","Sin restricción"
2017,2256,6/29/2017,"Jueves",0,11:00:00,,"0.0",2,"Automóvil,Pickup/Utilitario","Salta Y 1 de Mayo",2,1,0,0,1,0,0,,"Calle",,"ROLDÁN","San Lorenzo","Asfalto","No existe","XVII","Dentro","Urbana","Ninguna","No existe","Intersección","Bueno","Buena","Diurna","Buen Tiempo","Lateral","S/D","Colisión","Ninguna","S/D","Ninguna","Sin restricción"
2017,2257,4/1/2017,"Sabado",0,9:45:00,,"0.0",2,"Automóvil,Moto/Ciclomotor","Jose Ingenieros Y Av. Provincias Unidas",4,2,0,0,2,0,0,,"Calle",,"ROSARIO","Rosario","Asfalto","No existe","II","Dentro","Urbana","Semáforo","Funciona","Intersección","Bueno","Buena","Diurna","Buen Tiempo","Lateral","S/D","Colisión","Ninguna","Vertical","Cordón divisorio","Sin restricción"
2017,2258,4/2/2017,"Domingo",0,9:40:00,,"0.0",2,"Moto/Ciclomotor,Automóvil","Campbell Y J.B.Justo",2,0,1,0,1,0,0,,"Calle",,"ROSARIO","Rosario","Asfalto","No existe","II","Dentro","Urbana","Ninguna","No existe","Recta","Bueno","Buena","Diurna","Buen Tiempo","S/D","S/D","Colisión","Ninguna","Faltante","Ninguna","Sin restricción"
2017,2259,4/3/2017,"Lunes",0,11:45:00,,"0.0",2,"Moto/Ciclomotor,Automóvil","J.B.Justo Y Bolivia",3,2,0,0,1,0,0,,"Calle",,"ROSARIO","Rosario","Asfalto","No existe","II","Dentro","Urbana","Ninguna","No existe","Recta","Bueno","Buena","Diurna","Buen Tiempo","De alcance","S/D","Colisión","Ninguna","Faltante","Ninguna","Sin restricción"
2017,2260,4/3/2017,"Lunes",0,18:45:00,,"0.0",2,"Peatón,Moto/Ciclomotor","Av. Provincias Unidas Y French",3,2,1,0,0,0,0,,"Calle",,"ROSARIO","Rosario","Asfalto","No existe","II","Dentro","Urbana","Ninguna","No existe","Recta","Bueno","Buena","Diurna","Buen Tiempo","De alcance","Peatón","Atropello","Ninguna","Faltante","Cordón divisorio","Sin restricción"
2017,2261,4/4/2017,"Martes",0,12:45:00,,"0.0",2,"Moto/Ciclomotor,Moto/Ciclomotor","Av. Provincias Unidas Y French",2,1,0,0,1,0,0,,"Calle",,"ROSARIO","Rosario","Asfalto","No existe","II","Dentro","Urbana","Ninguna","No existe","Recta","Con baches","Buena","Diurna","Buen Tiempo","S/D","S/D","Colisión","Ninguna","Faltante","Cordón divisorio","Sin restricción"
2017,2262,4/6/2017,"Jueves",0,15:00:00,"Autopista Nacional A008","0.0",2,"Moto/Ciclomotor,Peatón","Av. Circunvalacion Y J.J.Paso",3,2,0,0,1,0,0,,"Autopista","A008","ROSARIO","Rosario","Asfalto","S/D","II","Dentro","Urbana","S/D","S/D","Intersección","S/D","Buena","Diurna","S/D","S/D","Peatón","Atropello","S/D","S/D","S/D","S/D"
2017,2263,4/10/2017,"Lunes",0,17:25:00,,"0.0",2,"Moto/Ciclomotor,Automóvil","J.B.Justo Y Bolivia",2,1,0,0,1,0,0,,"Calle",,"ROSARIO","Rosario","Asfalto","No existe","II","Dentro","Urbana","Ninguna","No existe","Recta","Bueno","Buena","Diurna","Buen Tiempo","S/D","S/D","Colisión","Ninguna","Faltante","Ninguna","Sin restricción"
2017,2264,4/13/2017,"Jueves",0,9:30:00,,"0.0",2,"Bicicleta,Automóvil","J.J.Paso Y Cullen",2,1,0,0,1,0,0,,"Calle",,"ROSARIO","Rosario","Asfalto","No existe","II","Dentro","Urbana","Semáforo","Funciona","Recta","S/D","Buena","Diurna","Buen Tiempo","De alcance","Ciclista","Atropello","S/D","Vertical","Línea divisoria pintada","Sin restricción"
2017,2265,4/13/2017,"Jueves",0,20:30:00,,"0.0",2,"Automóvil,Moto/Ciclomotor","Pje. Pelayo Y Ottone Bis",3,2,0,0,1,0,0,,"Calle",,"ROSARIO","Rosario","Asfalto","No existe","II","Dentro","Urbana","Ninguna","No existe","Intersección","Bueno","Buena","Nocturna","Buen Tiempo","S/D","S/D","Colisión","Ninguna","Faltante","Ninguna","Sin restricción"
2017,2266,4/15/2017,"Sabado",0,20:20:00,"Autopista Nacional A008","0.0",2,"Automóvil,Moto/Ciclomotor","Av. Sorrento Y Av. Circunvalacion",3,0,1,0,2,0,0,,"Autopista","A008","ROSARIO","Rosario","Asfalto","No existe","II","Dentro","Urbana","Señal Pare","Funciona","Recta","Bueno","Buena","Nocturna","Buen Tiempo","S/D","S/D","Colisión","Ninguna","Vertical","Barrera de alto impacto","S/D"
2017,2267,4/1/2017,"Sabado",1,,,"0.0",1,"Moto/Ciclomotor"," ",1,1,0,0,0,0,0,,"Calle",,"ROSARIO","Rosario","S/D","S/D","II","Dentro","Urbana","S/D","S/D","S/D","S/D","S/D","S/D","S/D","S/D","S/D","Caída ocupante","S/D","S/D","S/D","S/D"
2017,2268,4/1/2017,"Sabado",1,,,"0.0",1,"Moto/Ciclomotor"," ",1,1,0,0,0,0,0,,"Calle",,"ROSARIO","Rosario","S/D","S/D","II","Dentro","Urbana","S/D","S/D","S/D","S/D","S/D","S/D","S/D","S/D","S/D","Caída ocupante","S/D","S/D","S/D","S/D"
2017,2269,4/21/2017,"Viernes",0,10:00:00,,"0.0",2,"Moto/Ciclomotor,Automóvil","San Juan Y Italia",3,1,0,0,2,0,0,,"Calle",,"ROSARIO","Rosario","Asfalto","Pavimento","II","Dentro","Urbana","Ninguna","No existe","Intersección","Bueno","Buena","Nocturna","Buen Tiempo","Lateral","S/D","Colisión","Ninguna","Horizontal","Cordón divisorio","Sin restricción"
2017,2270,4/18/2017,"Martes",0,19:45:00,,"0.0",2,"Moto/Ciclomotor,Automóvil","Entre Rios Y Cordoba",6,2,0,0,4,0,0,,"Calle",,"ROSARIO","Rosario","Asfalto","Pavimento","II","Dentro","Urbana","Ninguna","No existe","Intersección","Bueno","Buena","Diurna","Buen Tiempo","Lateral","S/D","Colisión","Ninguna","Horizontal","Cordón divisorio","Sin restricción"
2017,2271,4/10/2017,"Lunes",0,7:55:00,,"0.0",2,"Automóvil,Automóvil","Av. Del Huerto Y Pte.Roca",3,1,0,0,2,0,0,,"Calle",,"ROSARIO","Rosario","Asfalto","No existe","II","Dentro","Urbana","Ninguna","Funciona","Intersección","Bueno","Buena","Diurna","Buen Tiempo","De alcance","S/D","Colisión","Ninguna","Vertical","Ninguna","Sin restricción"
2017,2272,4/4/2017,"Martes",0,,,"0.0",2,"Automóvil,Taxi/Remis","Bv. Oroño Y Brown",3,2,0,0,1,0,0,,"Calle",,"ROSARIO","Rosario","Asfalto","No existe","II","Dentro","Urbana","S/D","No existe","Intersección","Bueno","S/D","S/D","Buen Tiempo","De alcance","S/D","Colisión","Ninguna","Faltante","S/D","S/D"
2017,2273,6/19/2017,"Lunes",0,19:15:00,"Ruta Nacional 9","0.0",2,"Automóvil,Moto/Ciclomotor"," ",2,1,0,0,1,0,0,,"Ruta",9,"SAN LORENZO","San Lorenzo","Asfalto","No existe","XVII","Dentro","Urbana","Ninguna","No existe","Intersección","Bueno","Buena","Atardecer,Con luz artificial","Buen Tiempo","Lateral","S/D","Colisión","Ninguna","Vertical","Ninguna","Sin restricción"
2017,2274,6/10/2017,"Sabado",0,22:30:00,,"0.0",2,"Automóvil,Moto/Ciclomotor","General Lopez Y P Fournier",2,0,1,0,1,0,0,,"Calle",,"SAN LORENZO","San Lorenzo","Asfalto","S/D","XVII","S/D","Urbana","Ninguna","S/D","Intersección","Otro","S/D","Nocturna","Buen Tiempo","Lateral","S/D","Colisión","S/D","S/D","S/D","Sin restricción"
2017,2275,6/18/2017,"Domingo",0,21:30:00,"Ruta Nacional 11","343.0",2,"Moto/Ciclomotor,Automóvil"," ",2,1,0,0,1,0,0,,"Ruta",11,"TIMBÚES","San Lorenzo","Asfalto","Ripio","XVII","S/D","Urbana","Ninguna","No existe","Recta","Con baches","Reducida","Nocturna","Buen Tiempo","Lateral","S/D","Colisión","Ninguna","Faltante","Línea divisoria pintada","Sin restricción"
2017,2276,6/30/2017,"Viernes",0,7:50:00,"Ruta Provincial 25","3.0",1,"Automóvil"," ",1,1,0,0,0,0,0,,"Ruta",25,"RICARDONE","San Lorenzo","Hormigón","No existe","XVII","S/D","Rural","Ninguna","No existe","Curva","Bueno","Buena","Diurna","Buen Tiempo","S/D","S/D","Vuelco","Ninguna","Faltante","Ninguna","Sin restricción"
2017,2277,6/10/2017,"Sabado",0,19:29:00,"Ruta Nacional 9","0.0",2,"Automóvil,Moto/Ciclomotor","Amenabar ",3,2,0,0,1,0,0,,"Ruta",9,"ROLDÁN","San Lorenzo","Asfalto","Ripio","XVII","Dentro","Urbana","Ninguna","No existe","Intersección","Bueno","Buena","Diurna","Buen Tiempo","Lateral","S/D","Colisión","Ninguna","Faltante","Ninguna","Sin restricción"
2017,2278,6/9/2017,"Viernes",0,15:00:00,,"0.0",2,"Automóvil,Camión Chasis","San Juan Y Fray Luis Beltran",3,1,0,0,2,0,0,,"Calle",,"ROLDÁN","San Lorenzo","Asfalto","No existe","XVII","Dentro","Urbana","Ninguna","No existe","Intersección","Bueno","Buena","Diurna","Buen Tiempo","Lateral","S/D","Colisión","Ninguna","Faltante","Ninguna","Sin restricción"
2017,2279,5/23/2017,"Martes",0,7:30:00,,"0.0",2,"Moto/Ciclomotor,Automóvil","Castañaduy Y Vieytes",3,2,0,0,1,0,0,,"Calle",,"SANTA FE","La Capital","Asfalto","No existe","I","Dentro","Urbana","Ninguna","No existe","Intersección","Deteriorada","Buena","Diurna","Buen Tiempo","Lateral","S/D","Colisión","Ninguna","Faltante","Ninguna","Sin restricción"
2017,2280,5/5/2017,"Viernes",0,14:00:00,,"0.0",2,"Automóvil,Bicicleta","Av Freyre Y Moreno",4,1,0,0,3,0,0,,"Avenida",,"SANTA FE","La Capital","Asfalto","No existe","I","Dentro","Urbana","S/D","No existe","Intersección","Con baches","Buena","Diurna","S/D","S/D","Ciclista","Atropello","Ninguna","Faltante","S/D","S/D"
2017,2281,5/5/2017,"Viernes",0,13:00:00,,"0.0",2,"Moto/Ciclomotor,Bicicleta","Av Mosconi 1960",4,2,0,0,2,0,0,,"Calle",,"SANTA FE","La Capital","Asfalto","No existe","I","S/D","S/D","Ninguna","No existe","Recta","Con baches","Buena","Diurna","Buen Tiempo","S/D","Ciclista","Atropello","Ninguna","Faltante","Ninguna","Sin restricción"