"anio_acci","nro_acci","fecha","desc_dia","fecha_aprox","hora_aprox","desc_ruta","km","cant_participantes","desc_participante","calle_avenida_km","total","heridos_leves","heridos_graves","heridos_gravisimos","ilesos","fallecidos","sin_datos","posicion_XY","desc_tipo_via","desc_ruta_ori","desc_loc","desc_dpto","desc_tipo_calzada","desc_tipo_banquina","desc_unidad_regional","desc_lugar_calzada","desc_zona","desc_prioridad","desc_estado_semaforo","desc_lugar_via","desc_estado_via","desc_estado_visibilidad","desc_luminosidad","desc_estado_clima","desc_tipo_colision","desc_tipo_atropello","desc_tipo_hecho","desc_pres_calzada","desc_senializacion","desc_separacion_via","desc_restriccion"
2017,2282,5/14/2017,"Domingo",0,12:45:00,,"0.0",2,"Automóvil,Moto/Ciclomotor","San Jose Y Uruguay",3,1,0,0,2,0,0,,"Calle",,"SANTA FE","La Capital","Asfalto","No existe","I","S/D","Urbana","Ninguna","No existe","Intersección","Con baches","Buena","Diurna","Buen Tiempo","Lateral","S/D","Colisión","Ninguna","Faltante","Ninguna","Sin restricción"
2017,2283,5/12/2017,"Viernes",0,8:10:00,,"0.0",2,"Automóvil,Automóvil","Monseñor Zaspe Y Francia",5,2,0,0,3,0,0,,"Avenida",,"SANTA FE","La Capital","Asfalto","No existe","I","Dentro","Urbana","Ninguna","No existe","Intersección","Con baches","Buena","Diurna","Buen Tiempo","De alcance","S/D","Colisión","Ninguna","Faltante","Ninguna","Sin restricción"
2017,2284,5/10/2017,"Miercoles",0,11:20:00,,"0.0",2,"Moto/Ciclomotor,Automóvil","San Lorenzo 1872",3,1,0,0,1,0,1,,"Avenida",,"SANTA FE","La Capital","Asfalto","No existe","I","Dentro","Urbana","Ninguna","S/D","Recta","Con baches","Buena","Diurna","Buen Tiempo","De alcance","S/D","Colisión","Ninguna","Faltante","Ninguna","Sin restricción"
2017,2285,5/5/2017,"Viernes",0,10:55:00,,"0.0",2,"Moto/Ciclomotor,Automóvil","Reg 12 de Infanteria Y Aguado",2,1,0,0,1,0,0,,"Calle",,"SANTA FE","La Capital","Asfalto","Pavimento","I","Dentro","Urbana","S/D","No existe","Intersección","Bueno","Buena","Diurna","Buen Tiempo","Lateral","S/D","Colisión","Ninguna","Faltante","Cordón divisorio","Sin restricción"
2017,2286,5/16/2017,"Martes",0,21:30:00,"Ruta Nacional 11","0.0",2,"Moto/Ciclomotor,Transporte de Pasajeros (H/ 8 asientos)","Av Blas Parera Y Millan Medina",2,1,0,0,1,0,0,,"Ruta",11,"SANTA FE","La Capital","Hormigón","Pavimento","I","Dentro","Urbana","Semáforo","Funciona","Intersección","Bueno","Buena","Nocturna","Buen Tiempo","Lateral","S/D","Colisión","Ninguna","Vertical","Guardarrail","Sin restricción"
2017,2287,5/28/2017,"Domingo",0,14:50:00,,"0.0",2,"Moto/Ciclomotor,Moto/Ciclomotor","Risso Y Sebastian Gaboto",2,2,0,0,0,0,0,,"Calle",,"SANTA FE","La Capital","Asfalto","Pavimento","I","Dentro","Urbana","Ninguna","No existe","Intersección","Bueno","Buena","Diurna","Buen Tiempo","Lateral","S/D","Colisión","Ninguna","Faltante","Cordón divisorio","Sin restricción"
2017,2288,5/15/2017,"Lunes",0,15:50:00,,"0.0",2,"Automóvil,Taxi/Remis","Gorriti Y Bernardo de Irigoyen",2,1,0,0,1,0,0,,"Calle",,"SANTA FE","La Capital","S/D","S/D","I","S/D","Urbana","S/D","S/D","S/D","S/D","S/D","Diurna","S/D","S/D","S/D","Colisión","S/D","S/D","S/D","S/D"
2017,2289,5/6/2017,"Sabado",0,19:40:00,"Ruta Nacional 11","0.0",1,"Moto/Ciclomotor","Av Blas Parera ",2,1,0,0,1,0,0,,"Ruta",11,"SANTA FE","La Capital","Asfalto","S/D","I","S/D","Urbana","S/D","S/D","Recta","Bueno","S/D","Atardecer","Buen Tiempo","S/D","S/D","Despiste","S/D","S/D","Cordón divisorio","S/D"
2017,2290,5/4/2017,"Jueves",0,8:20:00,,"0.0",2,"Moto/Ciclomotor,Pickup/Utilitario","San Jeronimo Y M De Polonia",4,1,0,0,1,0,2,,"Calle",,"SANTA FE","La Capital","Asfalto","Pavimento","I","Dentro","Urbana","Ninguna","No existe","Intersección","Bueno","S/D","Diurna","S/D","Lateral","S/D","Colisión","S/D","S/D","S/D","S/D"
2017,2291,5/2/2017,"Martes",0,11:15:00,,"0.0",2,"Moto/Ciclomotor,Pickup/Utilitario","1ro de Mayo Y Av Freyre",3,2,0,0,1,0,0,,"Calle",,"SANTA FE","La Capital","Asfalto","Pavimento","I","Dentro","Urbana","S/D","No existe","Intersección","Bueno","S/D","Diurna","S/D","Lateral","S/D","Colisión","S/D","Vertical","S/D","S/D"
2017,2292,5/17/2017,"Miercoles",0,16:10:00,,"0.0",2,"Moto/Ciclomotor,Automóvil","Perusia Y M Champagnat",3,1,0,0,2,0,0,,"Calle",,"RAFAELA","Castellanos","Hormigón","No existe","V","Dentro","Urbana","Ninguna","No existe","Intersección","Bueno","Buena","Diurna","Buen Tiempo","Frontal","S/D","Colisión","Ninguna","Faltante","Ninguna","Sin restricción"
2017,2293,5/21/2017,"Domingo",0,7:05:00,"Ruta Nacional 34","224.0",2,"Transporte de Pasajeros (H/ 8 asientos),Transporte de Pasajeros Larga Distancia (Doble Piso)"," ",3,0,2,0,1,0,0,,"Ruta",34,"RAFAELA","Castellanos","Asfalto","Pavimento","V","Dentro","Rural","Ninguna","No existe","Recta","Bueno","Buena","Diurna","Buen Tiempo","Lateral","S/D","Colisión","Ninguna","Faltante","Línea divisoria pintada","Sin restricción"
2017,2294,5/11/2017,"Jueves",0,20:00:00,,"0.0",2,"Moto/Ciclomotor,Automóvil","Luis Maggi Y Peru",3,0,2,0,1,0,0,,"Calle",,"RAFAELA","Castellanos","Hormigón","No existe","V","S/D","Urbana","Ninguna","No existe","Intersección","Bueno","Reducida","Nocturna","Lluvia","S/D","S/D","Colisión","Agua","Vertical","Ninguna","Sin restricción"
2017,2295,5/20/2017,"Sabado",0,19:15:00,"Ruta Secundaria 54-s","0.0",1,"Pickup/Utilitario"," ",3,2,0,0,1,0,0,,"Ruta","54-s","ANGELONI","San Justo","Ripio","Natural","XVI","S/D","Rural","Ninguna","No existe","Recta","Con baches","Buena","Atardecer","Buen Tiempo","S/D","S/D","Vuelco","Material Suelto","Faltante","Ninguna","Sin restricción"
2017,2296,5/31/2017,"Miercoles",0,14:30:00,,"0.0",2,"Moto/Ciclomotor,Automóvil","Carlos Gardel Y Lavalle",3,1,0,0,2,0,0,,"Calle",,"RAFAELA","Castellanos","Hormigón","No existe","V","S/D","Urbana","Ninguna","No existe","Intersección","Con baches","Buena","Diurna","Buen Tiempo","Frontal","S/D","Colisión","Ninguna","Faltante","Ninguna","Sin restricción"
2017,2297,5/17/2017,"Miercoles",0,,"Ruta Provincial 70","0.0",2,"Automóvil,Moto/Ciclomotor"," ",3,2,0,0,0,0,1,,"Ruta",70,"ESPERANZA","Las Colonias","Asfalto","S/D","XI","S/D","Urbana","S/D","S/D","Intersección","Bueno","S/D","S/D","S/D","S/D","S/D","Colisión","Ninguna","S/D","S/D","S/D"
2017,2298,5/1/2017,"Lunes",0,17:20:00,,"0.0",2,"Moto/Ciclomotor,Automóvil"," ",3,2,0,0,1,0,0,,"Calle",,"LANDETA","San Martín","Hormigón","S/D","XVIII","Dentro","Urbana","Ninguna","No existe","Intersección","Bueno","Buena","Diurna","Buen Tiempo","Lateral","S/D","Colisión","Ninguna","S/D","Ninguna","Sin restricción"
2017,2299,5/31/2017,"Miercoles",0,7:05:00,,"0.0",2,"Moto/Ciclomotor,Automóvil","Bv Jaime Ferre Y C Bolliger",3,1,0,0,2,0,0,,"Calle",,"RAFAELA","Castellanos","Hormigón","No existe","V","Dentro","Urbana","Ninguna","No existe","Intersección","Bueno","Reducida","Diurna,Con luz artificial","Buen Tiempo","Lateral","S/D","Colisión","Ninguna","Faltante","Ninguna","Sin restricción"
2017,2300,5/15/2017,"Lunes",0,9:00:00,,"0.0",2,"Moto/Ciclomotor,Automóvil","Antonio Podio Y Falucho",3,1,0,0,2,0,0,,"Calle",,"RAFAELA","Castellanos","Hormigón","S/D","V","Dentro","Urbana","S/D","No existe","Intersección","Bueno","Buena","Diurna","S/D","Lateral","S/D","Colisión","Ninguna","Vertical","S/D","Sin restricción"
2017,2301,5/13/2017,"Sabado",0,14:30:00,,"0.0",2,"Moto/Ciclomotor,Automóvil","Laprida Y Esteban de Luca",2,1,0,0,1,0,0,,"Calle",,"ROSARIO","Rosario","Asfalto","Pavimento","II","Dentro","Urbana","Ninguna","No existe","Intersección","Bueno","S/D","Diurna","Buen Tiempo","Lateral","S/D","Colisión","Ninguna","Faltante","Barrera de hormigón","Sin restricción"
2017,2302,5/8/2017,"Lunes",0,9:15:00,,"0.0",2,"Moto/Ciclomotor,Automóvil","Grandoli Y Garibaldi",2,1,0,0,1,0,0,,"Calle",,"ROSARIO","Rosario","Asfalto","Pavimento","II","S/D","Urbana","Ninguna","No existe","Intersección","Bueno","Buena","Diurna","Buen Tiempo","Lateral","S/D","Colisión","Ninguna","S/D","Barrera de hormigón","Sin restricción"
2017,2303,5/4/2017,"Jueves",0,13:30:00,,"0.0",2,"Bicicleta,Automóvil","Sanchez de Bustamante Y Buenos Aires",2,1,0,0,1,0,0,,"Calle",,"ROSARIO","Rosario","Asfalto","Pavimento","II","Dentro","Urbana","Ninguna","No existe","Intersección","Bueno","Buena","Diurna","Buen Tiempo","S/D","Ciclista","Atropello","Ninguna","Faltante","Barrera de hormigón","Sin restricción"
2017,2304,5/3/2017,"Miercoles",0,17:30:00,,"0.0",2,"Moto/Ciclomotor,Automóvil","Av. Uriburu Y Chacabuco",2,1,0,0,1,0,0,,"Calle",,"ROSARIO","Rosario","Asfalto","Pavimento","II","Dentro","Urbana","Ninguna","No existe","Intersección","Bueno","Buena","Diurna","Buen Tiempo","Lateral","S/D","Colisión","Ninguna","Faltante","Ninguna","Sin restricción"
2017,2305,5/4/2017,"Jueves",0,9:15:00,,"0.0",2,"Moto/Ciclomotor,Pickup/Utilitario","Mitre Y La Paz",2,1,0,0,1,0,0,,"Calle",,"ROSARIO","Rosario","Asfalto","No existe","II","Dentro","Urbana","S/D","No existe","Intersección","Bueno","Buena","Diurna","Buen Tiempo","Lateral","S/D","Colisión","Ninguna","S/D","Ninguna","Sin restricción"
2017,2306,5/4/2017,"Jueves",0,16:00:00,,"0.0",2,"Bicicleta,Pickup/Utilitario","Cerrito Y Pte.Roca",2,1,0,0,1,0,0,,"Calle",,"ROSARIO","Rosario","Asfalto","S/D","II","Dentro","Urbana","Ninguna","No existe","Intersección","Bueno","Buena","Diurna","Buen Tiempo","S/D","Ciclista","Atropello","Ninguna","S/D","Ninguna","Sin restricción"
2017,2307,5/6/2017,"Sabado",0,,,"0.0",2,"Automóvil,Automóvil","Av. Pellegrini Y Suipacha",2,1,0,0,1,0,0,,"Avenida",,"ROSARIO","Rosario","Asfalto","No existe","II","Dentro","Urbana","Semáforo","Funciona","Recta","Bueno","S/D","S/D","Buen Tiempo","De alcance","S/D","Colisión","S/D","Vertical","Cordón divisorio","Sin restricción"
2017,2308,5/9/2017,"Martes",0,13:40:00,,"0.0",2,"Automóvil,Automóvil","Av. Pte.Peron Y O'Higgins",2,1,0,0,1,0,0,,"Avenida",,"ROSARIO","Rosario","Asfalto","No existe","II","Dentro","Urbana","Semáforo","Funciona","Recta","Bueno","Buena","Diurna","Buen Tiempo","De alcance","S/D","Colisión","Ninguna","Vertical","Cordón divisorio","Sin restricción"
2017,2309,5/11/2017,"Jueves",0,14:30:00,,"0.0",2,"Moto/Ciclomotor,Automóvil","Av. Pellegrini 2100",2,1,0,0,1,0,0,,"Calle",,"ROSARIO","Rosario","Asfalto","S/D","II","S/D","S/D","Semáforo","Funciona","Rotonda","Bueno","Buena","Diurna","Buen Tiempo","Lateral","S/D","Colisión","Ninguna","Vertical","Cordón divisorio","Sin restricción"
2017,2310,5/12/2017,"Viernes",0,12:50:00,,"0.0",2,"Moto/Ciclomotor,Automóvil","Cerrito 1600",2,1,0,0,1,0,0,,"Calle",,"ROSARIO","Rosario","Asfalto","No existe","II","Dentro","Urbana","Ninguna","No existe","Intersección","Bueno","Buena","Diurna","Buen Tiempo","Lateral","S/D","Colisión","Ninguna","Faltante","Ninguna","Sin restricción"
2017,2311,5/17/2017,"Miercoles",0,17:10:00,,"0.0",2,"Moto/Ciclomotor,Automóvil","Bv. Oroño 1800",3,1,0,0,2,0,0,,"Avenida",,"ROSARIO","Rosario","Asfalto","No existe","II","Dentro","Urbana","Señal Ceda el Paso","No existe","Intersección","Bueno","Buena","Diurna","Buen Tiempo","Lateral","S/D","Colisión","Ninguna","Vertical","Cordón divisorio","Sin restricción"
2017,2312,5/19/2017,"Viernes",0,17:20:00,,"0.0",2,"Moto/Ciclomotor,Pickup/Utilitario","Sarmiento Y Galvez",2,1,0,0,1,0,0,,"Calle",,"ROSARIO","Rosario","Asfalto","No existe","II","Dentro","Urbana","Ninguna","No existe","Intersección","Bueno","Buena","Diurna","Buen Tiempo","Lateral","S/D","Colisión","Ninguna","Faltante","Ninguna","Sin restricción"
2017,2313,5/20/2017,"Sabado",0,1:50:00,,"0.0",2,"Moto/Ciclomotor,Automóvil","Bv. Oroño Y Virasoro",3,1,0,0,2,0,0,,"Avenida",,"ROSARIO","Rosario","Asfalto","No existe","II","Dentro","Urbana","Semáforo","Funciona","Intersección","Bueno","Buena","Nocturna,Con luz artificial","Buen Tiempo","Lateral","S/D","Colisión","Ninguna","Vertical","Cordón divisorio","Sin restricción"
2017,2314,5/21/2017,"Domingo",0,6:10:00,,"0.0",4,"Automóvil,Taxi/Remis,Automóvil,Automóvil","Bv. 27 De Febrero 2000",5,4,0,0,1,0,0,,"Avenida",,"ROSARIO","Rosario","Asfalto","No existe","II","Dentro","Urbana","Semáforo","Funciona","Recta","Bueno","Buena","Nocturna,Con luz artificial","Buen Tiempo","De alcance","S/D","Colisión","Ninguna","Vertical","Cordón divisorio","Sin restricción"
2017,2315,5/21/2017,"Domingo",0,10:40:00,,"0.0",3,"Moto/Ciclomotor,Automóvil,Automóvil","Av. Pellegrini Y Santiago",3,1,0,0,2,0,0,,"Avenida",,"ROSARIO","Rosario","Asfalto","No existe","II","Dentro","Urbana","Semáforo","Funciona","Intersección","Bueno","Buena","Diurna","Buen Tiempo","Lateral","S/D","Colisión","Ninguna","Vertical","Cordón divisorio","Sin restricción"
2017,2316,5/21/2017,"Domingo",0,14:15:00,,"0.0",2,"Moto/Ciclomotor,Automóvil","Bv. Oroño Y Rueda",3,2,0,0,1,0,0,,"Calle",,"ROSARIO","Rosario","Asfalto","No existe","II","S/D","S/D","Semáforo","Funciona","Intersección","Bueno","Buena","Diurna","Buen Tiempo","Lateral","S/D","Colisión","Ninguna","Vertical","Cordón divisorio","Sin restricción"
2017,2317,5/24/2017,"Miercoles",0,23:30:00,,"0.0",2,"Moto/Ciclomotor,Taxi/Remis","Av. Pellegrini Y Dorrego",3,1,0,0,2,0,0,,"Avenida",,"ROSARIO","Rosario","Asfalto","S/D","II","Dentro","Urbana","Semáforo","Funciona","Intersección","Bueno","Buena","Nocturna,Con luz artificial","Buen Tiempo","Lateral","S/D","Colisión","S/D","Vertical","Cordón divisorio","Sin restricción"
2017,2318,5/15/2017,"Lunes",0,11:00:00,,"0.0",2,"Bicicleta,Taxi/Remis","Pueyrredon Y Av. Jorge Cura",2,1,0,0,1,0,0,,"Calle",,"ROSARIO","Rosario","Asfalto","S/D","II","Dentro","Urbana","Ninguna","S/D","Recta","Bueno","Buena","Diurna","Buen Tiempo","S/D","Ciclista","Atropello","Ninguna","S/D","Ninguna","S/D"
2017,2319,5/23/2017,"Martes",0,19:15:00,,"0.0",2,"Automóvil,Automóvil","Pte.Roca Y Uruguay",2,1,0,0,1,0,0,,"Calle",,"ROSARIO","Rosario","Asfalto","No existe","II","Dentro","Urbana","Ninguna","No existe","Intersección","Bueno","Buena","Atardecer","Buen Tiempo","Lateral","S/D","Colisión","Ninguna","Faltante","Ninguna","Sin restricción"
2017,2320,4/16/2017,"Domingo",0,11:50:00,,"0.0",2,"Automóvil,Moto/Ciclomotor","Av. Genova Y Ottone Bis",2,1,0,0,1,0,0,,"Calle",,"ROSARIO","Rosario","S/D","S/D","II","Dentro","Urbana","S/D","S/D","Intersección","S/D","S/D","Diurna","S/D","S/D","S/D","Colisión","S/D","S/D","S/D","S/D"
2017,2321,5/15/2017,"Lunes",0,13:50:00,,"0.0",2,"Automóvil,Moto/Ciclomotor","Piedrabuena ",2,0,0,0,0,0,2,,"Calle",,"SANTA FE","La Capital","S/D","S/D","I","Dentro","Urbana","S/D","S/D","S/D","S/D","S/D","Diurna","S/D","S/D","S/D","Colisión","S/D","S/D","S/D","S/D"
2017,2322,5/22/2017,"Lunes",0,16:30:00,,"0.0",2,"Moto/Ciclomotor,Automóvil","Teniente Loza Y 10 de Junio",2,1,0,0,1,0,0,,"Calle",,"SANTA FE","La Capital","Asfalto","Natural","I","Dentro","Urbana","Ninguna","No existe","Intersección","Bueno","Buena","Diurna","Buen Tiempo","Lateral","S/D","Colisión","Ninguna","Faltante","Línea divisoria pintada","Sin restricción"
2017,2323,5/26/2017,"Viernes",0,6:40:00,,"0.0",2,"Moto/Ciclomotor,Automóvil","Teniente Loza 7400",2,1,0,0,1,0,0,,"Calle",,"SANTA FE","La Capital","Asfalto","Natural","I","Dentro","Urbana","Ninguna","No existe","Recta","Bueno","Buena","Amanecer","Buen Tiempo","Lateral","S/D","Colisión","Ninguna","Faltante","Línea divisoria pintada","Sin restricción"
2017,2324,5/2/2017,"Martes",0,10:55:00,,"0.0",2,"Automóvil,Bicicleta","Ayacucho 3150",2,1,0,0,1,0,0,,"Calle",,"ROSARIO","Rosario","Asfalto","No existe","II","Dentro","Urbana","Ninguna","No existe","Recta","Bueno","Buena","Diurna","Buen Tiempo","S/D","Ciclista","Atropello","Ninguna","Faltante","Ninguna","Sin restricción"
2017,2325,5/3/2017,"Miercoles",0,11:35:00,,"0.0",2,"Moto/Ciclomotor,Bicicleta","Grandoli 3800",2,2,0,0,0,0,0,,"Calle",,"ROSARIO","Rosario","Asfalto","No existe","II","Dentro","Urbana","Ninguna","No existe","Recta","Bueno","Buena","Diurna","Buen Tiempo","S/D","Ciclista","Atropello","Ninguna","Horizontal","Ninguna","Sin restricción"
2017,2326,5/3/2017,"Miercoles",0,12:25:00,,"0.0",2,"Taxi/Remis,Moto/Ciclomotor","Bv. Segui Y Maipu",2,1,0,0,1,0,0,,"Calle",,"ROSARIO","Rosario","Asfalto","No existe","II","Dentro","Urbana","Ninguna","No existe","Curva","Bueno","Buena","Diurna","Buen Tiempo","De alcance","S/D","Colisión","Ninguna","Horizontal","Cordón divisorio","Sin restricción"
2017,2327,5/8/2017,"Lunes",0,9:30:00,,"0.0",2,"Automóvil,Moto/Ciclomotor","Bv. Segui Y Buenos Aires",2,1,0,0,1,0,0,,"Calle",,"ROSARIO","Rosario","Asfalto","No existe","II","Dentro","Urbana","Ninguna","No existe","Intersección","Bueno","Buena","Diurna","Buen Tiempo","Lateral","S/D","Colisión","Ninguna","Horizontal","Vegetación","Sin restricción"
2017,2328,5/17/2017,"Miercoles",0,15:00:00,,"0.0",2,"Moto/Ciclomotor,Automóvil","Laprida Y Pte.Quintana",2,1,0,0,1,0,0,,"Calle",,"ROSARIO","Rosario","Asfalto","No existe","II","Dentro","Urbana","Ninguna","No existe","Intersección","Bueno","Buena","Diurna","Buen Tiempo","S/D","S/D","Colisión","Ninguna","Faltante","Ninguna","Sin restricción"
2017,2329,5/23/2017,"Martes",0,11:40:00,,"0.0",2,"Automóvil,Moto/Ciclomotor","Ayolas Y Maipu",2,1,0,0,1,0,0,,"Calle",,"ROSARIO","Rosario","Asfalto","No existe","II","Dentro","Urbana","Ninguna","No existe","Intersección","Bueno","Buena","Diurna","Buen Tiempo","S/D","S/D","Colisión","Ninguna","Horizontal","Ninguna","Sin restricción"
2017,2330,5/28/2017,"Domingo",0,15:30:00,,"0.0",2,"Automóvil,Moto/Ciclomotor","Mitre Y Rueda",2,1,0,0,1,0,0,,"Calle",,"ROSARIO","Rosario","Asfalto","No existe","II","Dentro","Urbana","Ninguna","No existe","Intersección","Bueno","Buena","Diurna","Buen Tiempo","Lateral","S/D","Colisión","Ninguna","Faltante","Ninguna","Sin restricción"
2017,2331,5/27/2017,"Sabado",0,22:45:00,,"0.0",2,"Moto/Ciclomotor,Pickup/Utilitario","Mitre Y Cochabamba",2,1,0,0,1,0,0,,"Calle",,"ROSARIO","Rosario","Asfalto","No existe","II","Dentro","Urbana","S/D","No existe","Intersección","Bueno","Buena","Nocturna,Con luz artificial","Buen Tiempo","Lateral","S/D","Colisión","S/D","S/D","S/D","Sin restricción"
2017,2332,5/12/2017,"Viernes",0,17:00:00,"Autopista Nacional A008","0.0",2,"Moto/Ciclomotor,Automóvil","Av. Circunvalacion Y Bv. Avellaneda",2,1,0,0,1,0,0,,"Autopista","A008","ROSARIO","Rosario","Asfalto","Pavimento","II","Dentro","Urbana","Ninguna","No existe","Recta","Bueno","Buena","Nocturna","Buen Tiempo","De alcance","S/D","Colisión","Ninguna","Vertical","Guardarrail","Sin restricción"
2017,2333,5/9/2017,"Martes",0,11:05:00,"Autopista Nacional A008","0.0",2,"Moto/Ciclomotor,Automóvil","Bv. Oroño Y Av. Circunvalacion",2,1,0,0,1,0,0,,"Autopista","A008","ROSARIO","Rosario","Asfalto","Pavimento","II","Dentro","Urbana","Semáforo","Funciona","Intersección","Bueno","Buena","Diurna","Buen Tiempo","Lateral","S/D","Colisión","Ninguna","Horizontal,Vertical","Guardarrail","Reparación de Vía"
2017,2335,5/23/2017,"Martes",0,18:20:00,,"0.0",2,"Moto/Ciclomotor,Automóvil","Av. Battle y Ordoñez Y Laprida",2,0,1,0,1,0,0,,"Calle",,"ROSARIO","Rosario","Asfalto","No existe","II","Dentro","Urbana","Semáforo","Funciona","Intersección","Bueno","Buena","Atardecer","Buen Tiempo","S/D","S/D","Colisión","S/D","Vertical","Línea divisoria pintada","Sin restricción"
2017,2336,5/21/2017,"Domingo",0,2:30:00,,"0.0",2,"Peatón,Pickup/Utilitario","Pte.Roca Y Centenario",2,1,0,0,1,0,0,,"Calle",,"ROSARIO","Rosario","Asfalto","No existe","II","Dentro","Urbana","Ninguna","No existe","Intersección","Bueno","Buena","Nocturna","S/D","S/D","Peatón","Atropello","S/D","Horizontal","Ninguna","Sin restricción"
2017,2337,5/21/2017,"Domingo",0,2:30:00,,"0.0",2,"Moto/Ciclomotor,Automóvil","Pte.Roca Y Centenario",2,1,0,0,1,0,0,,"Calle",,"ROSARIO","Rosario","Asfalto","No existe","II","Dentro","Urbana","Ninguna","No existe","Intersección","Bueno","Buena","Nocturna","S/D","S/D","S/D","Colisión","S/D","Horizontal","Ninguna","Sin restricción"
2017,2338,5/18/2017,"Jueves",0,5:30:00,,"0.0",2,"Moto/Ciclomotor,Automóvil","Pje. R.Platini Y San Martin",2,1,0,0,1,0,0,,"Calle",,"ROSARIO","Rosario","Asfalto","No existe","II","Dentro","Urbana","Ninguna","No existe","Recta","Bueno","Buena","Diurna","Buen Tiempo","De alcance","S/D","Colisión","Ninguna","Faltante","Ninguna","Sin restricción"
2017,2339,5/4/2017,"Jueves",0,20:00:00,,"0.0",2,"Pickup/Utilitario,Moto/Ciclomotor","Av. Battle y Ordoñez Y Sadi Carnot",2,0,1,0,1,0,0,,"Calle",,"ROSARIO","Rosario","Asfalto","S/D","II","Dentro","Urbana","Señal Pare","No existe","Intersección","Bueno","Buena","Nocturna","Buen Tiempo","Lateral","S/D","Colisión","Ninguna","Vertical","Barrera de hormigón","Sin restricción"
2017,2340,5/28/2017,"Domingo",0,14:00:00,"Ruta Provincial 21","0.0",2,"Automóvil,Moto/Ciclomotor","Domingo Filiberti ",2,1,0,0,1,0,0,,"Ruta",21,"ARROYO SECO","Rosario","Asfalto","Natural","II","Dentro","Urbana","Ninguna","No existe","Intersección","Bueno","Buena","Diurna","Buen Tiempo","Lateral","S/D","Colisión","Ninguna","Faltante","Ninguna","Sin restricción"
2017,2341,5/23/2017,"Martes",0,10:00:00,,"0.0",2,"Automóvil,Moto/Ciclomotor","Islas Malvinas Bis Y Antartida Argentina",2,1,0,0,1,0,0,,"Calle",,"ARROYO SECO","Rosario","Asfalto","No existe","II","Dentro","Urbana","Ninguna","No existe","Intersección","Con baches","Buena","Diurna","Buen Tiempo","Lateral","S/D","Colisión","Ninguna","S/D","Ninguna","Sin restricción"
2017,2342,5/27/2017,"Sabado",0,21:45:00,,"0.0",2,"Moto/Ciclomotor,Peatón","Laprida 1945",2,2,0,0,0,0,0,,"Calle",,"ROSARIO","Rosario","Asfalto","No existe","II","Dentro","Urbana","S/D","S/D","Recta","Bueno","Buena","Nocturna","Buen Tiempo","S/D","Peatón","Atropello","Ninguna","S/D","S/D","Sin restricción"
2017,2343,5/26/2017,"Viernes",0,12:20:00,,"0.0",2,"Moto/Ciclomotor,Automóvil","Necochea Y Viamonte",2,1,0,0,1,0,0,,"Calle",,"ROSARIO","Rosario","S/D","No existe","II","Dentro","Urbana","S/D","S/D","Intersección","Bueno","Buena","Diurna","Buen Tiempo","S/D","S/D","Colisión","Ninguna","S/D","S/D","Sin restricción"
2017,2344,5/15/2017,"Lunes",0,8:00:00,,"0.0",2,"Automóvil,Automóvil","L.N.Alem Y Riobamba",2,1,0,0,1,0,0,,"Calle",,"ROSARIO","Rosario","Asfalto","No existe","II","Dentro","Urbana","Ninguna","No existe","Intersección","Bueno","Buena","Diurna","Buen Tiempo","S/D","S/D","Colisión","Ninguna","Faltante","Ninguna","Sin restricción"
2017,2345,9/2/2017,"Sabado",0,17:49:00,,"0.0",2,"Moto/Ciclomotor,Moto/Ciclomotor","Juan Jose Castelli Y Martin de Pueyrredon",4,1,0,0,3,0,0,,"Calle",,"VENADO TUERTO","General López","S/D","S/D","VIII","Dentro","Urbana","S/D","S/D","Intersección","S/D","S/D","Diurna","S/D","S/D","S/D","Colisión","S/D","S/D","S/D","S/D"
2017,2346,5/10/2017,"Miercoles",0,12:15:00,,"0.0",2,"Automóvil,Pickup/Utilitario","Bv. Avellaneda Y Dean Funes",2,1,0,0,1,0,0,,"Avenida",,"ROSARIO","Rosario","Asfalto","No existe","II","Dentro","Urbana","Ninguna","No existe","Intersección","Bueno","Buena","Diurna","Buen Tiempo","Lateral","S/D","Colisión","Ninguna","Faltante","Vegetación","Sin restricción"
2017,2347,5/11/2017,"Jueves",0,20:40:00,"Autopista Nacional A008","0.0",2,"Moto/Ciclomotor,Camión Chasis","Av. Circunvalacion Y Av. Uriburu",3,2,0,0,1,0,0,,"Autopista","A008","ROSARIO","Rosario","Asfalto","Natural","II","Dentro","Urbana","Ninguna","No existe","Recta","Resbaladiza","Reducida","Nocturna,Con luz artificial","Lluvia","Lateral","S/D","Colisión","Agua","Faltante","Guardarrail","Sin restricción"
2017,2348,5/14/2017,"Domingo",0,,,"0.0",2,"Automóvil,Moto/Ciclomotor","Av. Ovidio Lagos Y Pje. Bruselas",2,1,0,0,1,0,0,,"Calle",,"ROSARIO","Rosario","Asfalto","No existe","II","Dentro","Urbana","Ninguna","No existe","Intersección","Bueno","Buena","Diurna","Buen Tiempo","Lateral","S/D","Colisión","Ninguna","Faltante","Barrera de hormigón","Sin restricción"