"anio_acci","nro_acci","fecha","desc_dia","fecha_aprox","hora_aprox","desc_ruta","km","cant_participantes","desc_participante","calle_avenida_km","total","heridos_leves","heridos_graves","heridos_gravisimos","ilesos","fallecidos","sin_datos","posicion_XY","desc_tipo_via","desc_ruta_ori","desc_loc","desc_dpto","desc_tipo_calzada","desc_tipo_banquina","desc_unidad_regional","desc_lugar_calzada","desc_zona","desc_prioridad","desc_estado_semaforo","desc_lugar_via","desc_estado_via","desc_estado_visibilidad","desc_luminosidad","desc_estado_clima","desc_tipo_colision","desc_tipo_atropello","desc_tipo_hecho","desc_pres_calzada","desc_senializacion","desc_separacion_via","desc_restriccion"
2017,2349,5/22/2017,"Lunes",0,14:45:00,,"0.0",2,"Pickup/Utilitario,Moto/Ciclomotor","Av. Ovidio Lagos 4500",3,2,0,0,1,0,0,,"Avenida",,"ROSARIO","Rosario","Asfalto","No existe","II","Dentro","Urbana","Ninguna","No existe","Intersección","Bueno","Buena","Diurna","Buen Tiempo","Lateral","S/D","Colisión","Ninguna","Faltante","Cordón divisorio","Sin restricción"
2017,2350,5/26/2017,"Viernes",0,15:00:00,,"0.0",2,"Moto/Ciclomotor,Automóvil","Av. Francia Y Aurora",2,1,0,0,1,0,0,,"Avenida",,"ROSARIO","Rosario","Asfalto","No existe","II","S/D","Urbana","Ninguna","No existe","Intersección","Bueno","Buena","Diurna","Buen Tiempo","Lateral","S/D","Colisión","Ninguna","S/D","Cordón divisorio","Sin restricción"
2017,2351,4/27/2017,"Jueves",0,13:30:00,,"0.0",2,"Moto/Ciclomotor,Bicicleta","Av Los Talas Y El Jilguero",2,1,0,0,1,0,0,,"Calle",,"PEREZ","Rosario","Asfalto","No existe","II","S/D","Urbana","Ninguna","No existe","Intersección","Deteriorada","Buena","Diurna","Buen Tiempo","S/D","Ciclista","Atropello","Ninguna","Faltante","Ninguna","Sin restricción"
2017,2352,5/1/2017,"Lunes",0,13:15:00,,"0.0",1,"Moto/Ciclomotor","CAMINO RURAL ",2,2,0,0,0,0,0,,"Camino Rural",,"SOLDINI","Rosario","Ripio","Natural","II","Dentro","Rural","Ninguna","No existe","Recta","Bueno","Buena","Diurna","Buen Tiempo","S/D","S/D","Caída ocupante","Ninguna","Faltante","Ninguna","Sin restricción"
2017,2353,5/14/2017,"Domingo",0,13:00:00,,"0.0",2,"Automóvil,Peatón","Pasco Y Colon",2,1,0,0,1,0,0,,"Calle",,"ROSARIO","Rosario","Asfalto","No existe","II","Dentro","Urbana","Ninguna","S/D","Intersección","Bueno","Buena","Diurna","Buen Tiempo","S/D","Peatón","Atropello","Ninguna","S/D","Ninguna","Sin restricción"
2017,2354,5/12/2017,"Viernes",0,9:20:00,,"0.0",2,"Moto/Ciclomotor,Peatón","Buenos Aires Y Av. Pellegrini",2,1,0,0,1,0,0,,"Calle",,"ROSARIO","Rosario","Asfalto","No existe","II","Dentro","Urbana","S/D","S/D","Intersección","Bueno","Buena","Diurna","Buen Tiempo","S/D","Peatón","Atropello","Ninguna","S/D","S/D","Sin restricción"
2017,2355,5/8/2017,"Lunes",0,20:15:00,,"0.0",2,"Moto/Ciclomotor,Taxi/Remis","Buenos Aires Y Ituzaingo",2,0,1,0,1,0,0,,"Calle",,"ROSARIO","Rosario","Asfalto","No existe","II","Dentro","Urbana","Señal Pare","S/D","Intersección","Bueno","Buena","Nocturna","Buen Tiempo","S/D","S/D","Colisión","Ninguna","Vertical","Ninguna","Sin restricción"
2017,2356,5/4/2017,"Jueves",0,1:25:00,,"0.0",2,"Moto/Ciclomotor,Automóvil","Colon Y Cochabamba",2,1,0,0,1,0,0,,"Calle",,"ROSARIO","Rosario","Asfalto","No existe","II","Dentro","Urbana","Ninguna","S/D","Intersección","Bueno","Buena","Nocturna","Buen Tiempo","S/D","S/D","Colisión","Ninguna","S/D","Ninguna","Sin restricción"
2017,2357,5/13/2017,"Sabado",0,14:15:00,,"0.0",2,"Bicicleta,Automóvil","Av. Ntra.Sra.del Rosario Y San Nicolas",2,1,0,0,1,0,0,,"Avenida",,"ROSARIO","Rosario","Asfalto","No existe","II","Dentro","Urbana","Ninguna","No existe","Intersección","Bueno","Buena","Diurna","Buen Tiempo","S/D","Ciclista","Atropello","Ninguna","Faltante","Línea divisoria pintada","Sin restricción"
2017,2358,5/15/2017,"Lunes",0,13:35:00,,"0.0",2,"Automóvil,Automóvil","Av. Ovidio Lagos 6300",2,1,0,0,1,0,0,,"Avenida",,"ROSARIO","Rosario","Asfalto","Pavimento","II","Dentro","Urbana","Semáforo","Funciona","Curva","Bueno","Buena","Diurna","Buen Tiempo","S/D","S/D","Colisión","Ninguna","Vertical","Guardarrail","Reparación de Vía"
2017,2359,5/21/2017,"Domingo",0,12:00:00,"Autopista Nacional A008","0.0",2,"Automóvil,Pickup/Utilitario","Av. Circunvalacion 7100",2,1,0,0,1,0,0,,"Autopista","A008","ROSARIO","Rosario","Asfalto","No existe","II","S/D","Urbana","Ninguna","No existe","Recta","Bueno","Buena","Diurna","Buen Tiempo","De alcance","S/D","Colisión","Ninguna","Vertical","Barrera de hormigón","Sin restricción"
2017,2360,5/29/2017,"Lunes",0,17:30:00,,"0.0",2,"Pickup/Utilitario,Pickup/Utilitario","Av. Ovidio Lagos 6300",2,1,0,0,1,0,0,,"Avenida",,"ROSARIO","Rosario","Asfalto","No existe","II","Dentro","Urbana","Semáforo","Funciona","Recta","Bueno","Buena","Diurna","Buen Tiempo","De alcance","S/D","Colisión","Ninguna","Vertical","Guardarrail","Reparación de Vía"
2017,2361,5/9/2017,"Martes",0,13:00:00,,"0.0",2,"Moto/Ciclomotor,Automóvil","Juan Canals Y Pje. Del Campo",3,2,0,0,1,0,0,,"Calle",,"ROSARIO","Rosario","Asfalto","No existe","II","Dentro","Urbana","Ninguna","No existe","Recta","Bueno","Buena","Diurna","Buen Tiempo","Lateral","S/D","Colisión","Ninguna","Faltante","Ninguna","Sin restricción"
2017,2362,5/8/2017,"Lunes",0,20:15:00,,"0.0",2,"Moto/Ciclomotor,Automóvil","San Martin 3250",3,1,1,0,1,0,0,,"Calle",,"ROSARIO","Rosario","Asfalto","No existe","II","Dentro","Urbana","Ninguna","No existe","Recta","Bueno","Buena","Nocturna","Buen Tiempo","Lateral","S/D","Colisión","Ninguna","Faltante","Ninguna","Sin restricción"
2017,2363,5/26/2017,"Viernes",0,1:10:00,,"0.0",2,"Moto/Ciclomotor,Automóvil","Entre Rios Y Av. Battle y Ordoñez",3,1,0,0,2,0,0,,"Avenida",,"ROSARIO","Rosario","Asfalto","No existe","II","Dentro","Urbana","Ninguna","No existe","Intersección","Bueno","Reducida","Nocturna","Buen Tiempo","S/D","S/D","Colisión","Ninguna","Horizontal","Cordón divisorio","Sin restricción"
2017,2364,5/8/2017,"Lunes",0,22:00:00,,"0.0",2,"Automóvil,Taxi/Remis","Bv. Segui Y Bv. Oroño",2,1,0,0,1,0,0,,"Avenida",,"ROSARIO","Rosario","Asfalto","No existe","II","Dentro","Urbana","Ninguna","No existe","Intersección","Bueno","Reducida","Nocturna","Buen Tiempo","Lateral","S/D","Colisión","Ninguna","Faltante","Ninguna","Sin restricción"
2017,2365,5/22/2017,"Lunes",0,13:20:00,,"0.0",2,"Moto/Ciclomotor,Automóvil","1 de Mayo Y Mendoza",2,1,0,0,1,0,0,,"Calle",,"ROSARIO","Rosario","Asfalto","No existe","II","Dentro","Urbana","S/D","S/D","Intersección","Bueno","Buena","Diurna","S/D","S/D","S/D","Colisión","S/D","S/D","Cordón divisorio","S/D"
2017,2366,5/20/2017,"Sabado",0,17:20:00,,"0.0",1,"Transporte de Pasajeros Urbano (> 8 asientos)","San Luis Y Maipu",2,1,0,0,1,0,0,,"Calle",,"ROSARIO","Rosario","S/D","S/D","II","Dentro","Urbana","S/D","S/D","Cruce","Bueno","Buena","Diurna","S/D","S/D","S/D","Caída ocupante","S/D","S/D","S/D","S/D"
2017,2367,5/19/2017,"Viernes",0,18:30:00,,"0.0",2,"Peatón,Automóvil","Laprida Y Rioja",2,1,0,0,1,0,0,,"Calle",,"ROSARIO","Rosario","Asfalto","No existe","II","Dentro","Urbana","Ninguna","S/D","Intersección","Bueno","Buena","Diurna","Buen Tiempo","S/D","Peatón","Atropello","S/D","S/D","S/D","S/D"
2017,2368,5/15/2017,"Lunes",0,20:30:00,,"0.0",2,"Peatón,Automóvil","Rioja Y Laprida",2,1,0,0,1,0,0,,"Calle",,"ROSARIO","Rosario","Asfalto","No existe","II","Dentro","Urbana","Ninguna","S/D","Intersección","Bueno","Buena","Nocturna","S/D","S/D","S/D","Atropello","S/D","S/D","S/D","S/D"
2017,2369,5/11/2017,"Jueves",0,7:20:00,,"0.0",2,"Moto/Ciclomotor,Automóvil","1 de Mayo Y Rioja",2,1,0,0,1,0,0,,"Calle",,"ROSARIO","Rosario","Asfalto","No existe","II","Dentro","Urbana","Ninguna","S/D","Intersección","Bueno","Buena","Diurna","Buen Tiempo","Lateral","S/D","Colisión","Ninguna","S/D","S/D","S/D"
2017,2370,5/5/2017,"Viernes",0,18:50:00,,"0.0",2,"Automóvil,Moto/Ciclomotor","Av. Alberti Y Gorriti",2,1,0,0,1,0,0,,"Calle",,"ROSARIO","Rosario","Asfalto","No existe","II","Dentro","Urbana","S/D","S/D","Intersección","Bueno","S/D","Diurna","S/D","S/D","S/D","Colisión","S/D","Faltante","S/D","S/D"
2017,2371,5/8/2017,"Lunes",0,13:45:00,,"0.0",2,"Bicicleta,Automóvil","Junin 1100",2,1,0,0,1,0,0,,"Calle",,"ROSARIO","Rosario","Asfalto","S/D","II","S/D","Urbana","S/D","S/D","Intersección","S/D","S/D","Diurna","S/D","S/D","Ciclista","Atropello","S/D","S/D","S/D","S/D"
2017,2372,5/15/2017,"Lunes",0,18:40:00,,"0.0",2,"Moto/Ciclomotor,Automóvil","Av. Luis Carballo Y Ing.Thedy Bis",2,1,0,0,1,0,0,,"Avenida",,"ROSARIO","Rosario","Asfalto","No existe","II","S/D","Urbana","S/D","S/D","Recta","S/D","Buena","Diurna","S/D","S/D","S/D","Colisión","S/D","S/D","S/D","S/D"
2017,2373,5/5/2017,"Viernes",0,10:25:00,,"0.0",2,"Bicicleta,Automóvil","Humberto I Y Av. Alberdi Bis",2,1,0,0,1,0,0,,"Calle",,"ROSARIO","Rosario","Asfalto","S/D","II","Dentro","Urbana","S/D","S/D","Recta","S/D","S/D","Diurna","S/D","S/D","Ciclista","Atropello","S/D","S/D","S/D","S/D"
2017,2375,5/4/2017,"Jueves",0,,,"0.0",2,"Automóvil,Peatón","J.J.Paso Y Av. Provincias Unidas",2,1,0,0,1,0,0,,"S/D",,"ROSARIO","Rosario","Asfalto","No existe","II","S/D","S/D","Ninguna","No existe","Rotonda","Bueno","S/D","Atardecer","Buen Tiempo","S/D","Peatón","Atropello","Ninguna","Faltante","S/D","Sin restricción"
2017,2376,5/7/2017,"Domingo",0,12:00:00,,"0.0",2,"Automóvil,Automóvil","Bv. Rondeau Y Av. Irigoyen",2,2,0,0,0,0,0,,"Avenida",,"ROSARIO","Rosario","Asfalto","No existe","II","Dentro","Urbana","Semáforo","Funciona","Intersección","Bueno","Buena","Diurna","Buen Tiempo","De alcance","S/D","Colisión","Ninguna","S/D","Cordón divisorio","Sin restricción"
2017,2377,5/11/2017,"Jueves",0,13:40:00,,"0.0",2,"Automóvil,Moto/Ciclomotor","Bv. Rondeau Y Valle Hermoso",2,1,0,0,1,0,0,,"Avenida",,"ROSARIO","Rosario","Asfalto","No existe","II","Dentro","Urbana","Semáforo","Funciona","Intersección","Bueno","Buena","Diurna","Buen Tiempo","S/D","S/D","Colisión","Ninguna","S/D","Cordón divisorio","Sin restricción"
2017,2378,5/27/2017,"Sabado",0,18:00:00,,"0.0",2,"Moto/Ciclomotor,Automóvil","F.More Y Av. Pte.Peron",2,1,0,0,1,0,0,,"Calle",,"ROSARIO","Rosario","Asfalto","No existe","II","Dentro","Urbana","Semáforo","Funciona","Intersección","Otro","Reducida","Atardecer","Otro","Lateral","S/D","Colisión","Ninguna","Horizontal","Ninguna","Sin restricción"
2017,2379,5/12/2017,"Viernes",0,11:30:00,,"0.0",2,"Moto/Ciclomotor,Automóvil","Sanguinetti Y Pje. J.Casals",2,1,0,0,1,0,0,,"Calle",,"ROSARIO","Rosario","Asfalto","No existe","II","Dentro","Urbana","S/D","No existe","Intersección","Deteriorada","Buena","Diurna","S/D","Lateral","S/D","Colisión","S/D","Faltante","Ninguna","Sin restricción"
2017,2380,5/8/2017,"Lunes",0,13:15:00,,"0.0",2,"Bicicleta,Automóvil","Roullon Y Av. Pte.Peron",2,1,0,0,1,0,0,,"Calle",,"ROSARIO","Rosario","Asfalto","No existe","II","Dentro","Urbana","Semáforo","Funciona","Intersección","Con baches","Buena","Diurna","Otro","S/D","Ciclista","Atropello","Ninguna","Vertical","Ninguna","Sin restricción"
2017,2381,5/27/2017,"Sabado",0,20:30:00,,"0.0",2,"Moto/Ciclomotor,Moto/Ciclomotor","Roullon Y Hilarion de la Quintana",2,1,0,0,1,0,0,,"Calle",,"ROSARIO","Rosario","Asfalto","No existe","II","Dentro","Urbana","Ninguna","No existe","Intersección","Con baches","Buena","Atardecer","Buen Tiempo","Lateral","S/D","Colisión","Ninguna","Faltante","Ninguna","Sin restricción"
2017,2382,5/9/2017,"Martes",0,14:40:00,,"0.0",2,"Moto/Ciclomotor,Automóvil","Av. Pte.Peron Y Barra",2,1,0,0,1,0,0,,"Avenida",,"ROSARIO","Rosario","Asfalto","S/D","II","Dentro","Urbana","S/D","S/D","Intersección","S/D","S/D","Diurna","S/D","Lateral","S/D","Colisión","S/D","S/D","S/D","S/D"
2017,2383,5/11/2017,"Jueves",0,18:30:00,,"0.0",2,"Moto/Ciclomotor,Automóvil","Mendoza Y F.More",2,1,0,0,1,0,0,,"Calle",,"ROSARIO","Rosario","Asfalto","No existe","II","Dentro","Urbana","S/D","No existe","Intersección","Bueno","S/D","Atardecer","S/D","Lateral","S/D","Colisión","Ninguna","S/D","Ninguna","S/D"
2017,2384,5/19/2017,"Viernes",0,8:24:00,,"0.0",2,"Moto/Ciclomotor,Automóvil","Cerrito Y Bolivia",2,1,0,0,1,0,0,,"Calle",,"ROSARIO","Rosario","Asfalto","S/D","II","Dentro","Urbana","S/D","S/D","Intersección","S/D","S/D","Diurna","S/D","Lateral","S/D","Colisión","S/D","S/D","S/D","S/D"
2017,2385,5/20/2017,"Sabado",0,18:15:00,,"0.0",2,"Moto/Ciclomotor,Automóvil","Marcos Paz Y Cullen",2,1,0,0,1,0,0,,"Calle",,"ROSARIO","Rosario","Asfalto","S/D","II","Dentro","Urbana","S/D","No existe","Intersección","Bueno","S/D","Atardecer","S/D","Lateral","S/D","Colisión","Ninguna","S/D","S/D","S/D"
2017,2386,5/8/2017,"Lunes",0,18:00:00,,"0.0",2,"Peatón,Moto/Ciclomotor","Av Belgrano Y Morelli",2,1,0,0,1,0,0,,"Calle",,"PEREZ","Rosario","S/D","No existe","II","Dentro","Urbana","S/D","Funciona","Intersección","S/D","Buena","Atardecer","Buen Tiempo","S/D","S/D","Atropello","Ninguna","Faltante","Línea divisoria pintada","Sin restricción"
2017,2387,5/7/2017,"Domingo",0,7:30:00,,"0.0",2,"Moto/Ciclomotor,Automóvil","Jolly Medrano Y Rivadavia",2,1,0,0,1,0,0,,"Calle",,"PEREZ","Rosario","S/D","No existe","II","Dentro","Urbana","S/D","No existe","Intersección","S/D","Buena","Diurna","Buen Tiempo","Lateral","S/D","Colisión","S/D","Faltante","S/D","S/D"
2017,2388,5/15/2017,"Lunes",0,16:15:00,,"0.0",2,"Transporte de Pasajeros Urbano (> 8 asientos),Moto/Ciclomotor","Mejico Y J.J.Paso",3,1,1,0,1,0,0,,"Calle",,"ROSARIO","Rosario","Asfalto","No existe","II","S/D","Urbana","Ninguna","No existe","Recta","Bueno","Buena","Diurna","Buen Tiempo","Lateral","S/D","Colisión","Ninguna","Faltante","Cordón divisorio","Sin restricción"
2017,2389,5/9/2017,"Martes",0,,,"0.0",2,"Pickup/Utilitario,Bicicleta","Av. Genova Y De Angelis Bis",2,1,0,0,1,0,0,,"Avenida",,"ROSARIO","Rosario","Asfalto","No existe","II","S/D","Rural","Semáforo","Funciona","Recta","Bueno","Buena","Diurna","Buen Tiempo","S/D","Ciclista","Atropello","Ninguna","Vertical","Ninguna","Sin restricción"
2017,2390,5/4/2017,"Jueves",0,15:30:00,,"0.0",2,"Moto/Ciclomotor,Pickup/Utilitario","French Y Nicaragua",3,1,0,0,2,0,0,,"Calle",,"ROSARIO","Rosario","Asfalto","No existe","II","S/D","Urbana","Ninguna","No existe","Recta","Con baches","Buena","Diurna","Buen Tiempo","De alcance","S/D","Colisión","Ninguna","Faltante","Ninguna","Sin restricción"
2017,2391,5/1/2017,"Lunes",1,,,"0.0",2,"Pickup/Utilitario,Automóvil"," ",3,1,0,0,2,0,0,,"S/D",,"ROSARIO","Rosario","S/D","S/D","II","S/D","S/D","S/D","S/D","S/D","S/D","S/D","S/D","S/D","S/D","S/D","Colisión","S/D","S/D","S/D","S/D"
2017,2392,5/1/2017,"Lunes",1,,,"0.0",2,"Moto/Ciclomotor,Automóvil"," ",2,1,0,0,1,0,0,,"S/D",,"ROSARIO","Rosario","S/D","S/D","II","S/D","S/D","S/D","S/D","S/D","S/D","S/D","S/D","S/D","S/D","S/D","Colisión","S/D","S/D","S/D","S/D"
2017,2394,5/1/2017,"Lunes",1,,,"0.0",2,"Automóvil,Moto/Ciclomotor"," ",3,1,0,0,1,0,1,,"S/D",,"ROSARIO","Rosario","S/D","S/D","II","S/D","S/D","S/D","S/D","S/D","S/D","S/D","S/D","S/D","S/D","S/D","Colisión","S/D","S/D","S/D","S/D"
2017,2395,5/21/2017,"Domingo",0,1:43:00,,"0.0",2,"Moto/Ciclomotor,Automóvil","Irurtia Y Anderson",3,1,1,0,1,0,0,,"Calle",,"ROSARIO","Rosario","S/D","S/D","II","S/D","Urbana","S/D","S/D","Intersección","S/D","S/D","S/D","S/D","S/D","S/D","Colisión","S/D","S/D","S/D","S/D"
2017,2396,5/1/2017,"Lunes",1,,,"0.0",2,"Moto/Ciclomotor,Automóvil"," ",3,1,0,0,2,0,0,,"S/D",,"ROSARIO","Rosario","S/D","S/D","II","S/D","S/D","S/D","S/D","S/D","S/D","S/D","S/D","S/D","S/D","S/D","Colisión","S/D","S/D","S/D","S/D"
2017,2397,5/1/2017,"Lunes",1,,,"0.0",2,"Moto/Ciclomotor,Automóvil"," ",2,1,0,0,1,0,0,,"S/D",,"ROSARIO","Rosario","S/D","S/D","II","S/D","S/D","S/D","S/D","S/D","S/D","S/D","S/D","S/D","S/D","S/D","Colisión","S/D","S/D","S/D","S/D"
2017,2398,5/3/2017,"Miercoles",0,15:00:00,,"0.0",2,"Automóvil,Automóvil","Balcarce Y Lavalle",3,2,0,0,1,0,0,,"Calle",,"SANTA FE","La Capital","Asfalto","S/D","I","S/D","Urbana","S/D","No existe","Intersección","S/D","S/D","Diurna","S/D","Lateral","S/D","Colisión","S/D","S/D","S/D","S/D"
2017,2399,5/4/2017,"Jueves",0,10:00:00,,"0.0",2,"Moto/Ciclomotor,Pickup/Utilitario"," ",3,2,0,0,1,0,0,,"Calle",,"SANTA FE","La Capital","Asfalto","S/D","I","S/D","S/D","S/D","S/D","Intersección","Bueno","S/D","Diurna","S/D","Lateral","S/D","Colisión","S/D","S/D","S/D","S/D"
2017,2400,5/9/2017,"Martes",0,8:00:00,,"0.0",2,"Automóvil,Automóvil","Bv Galvez Y Belgrano",3,2,0,0,1,0,0,,"Calle",,"SANTA FE","La Capital","Asfalto","No existe","I","Dentro","Urbana","S/D","S/D","Intersección","Bueno","S/D","Diurna","S/D","S/D","S/D","Colisión","S/D","S/D","S/D","S/D"
2017,2401,5/15/2017,"Lunes",0,15:40:00,,"0.0",2,"Peatón,Camión Chasis","Teniente Loza Y Blanca Godoy y Ponce de León",2,1,0,0,1,0,0,,"Avenida",,"SANTA FE","La Capital","Asfalto","Natural","I","Dentro","Urbana","Ninguna","No existe","Recta","Bueno","Buena","Diurna","Buen Tiempo","S/D","S/D","Atropello","Ninguna","S/D","Línea divisoria pintada","Sin restricción"
2017,2402,5/18/2017,"Jueves",0,11:00:00,,"0.0",2,"Automóvil,Moto/Ciclomotor","Bernardo de Irigoyen Y La Pampa",3,1,0,0,0,0,2,,"Calle",,"SANTA FE","La Capital","S/D","S/D","I","S/D","Urbana","S/D","S/D","S/D","S/D","S/D","Diurna","S/D","S/D","S/D","Colisión","S/D","S/D","S/D","S/D"
2017,2403,5/20/2017,"Sabado",0,16:15:00,,"0.0",2,"Automóvil,Moto/Ciclomotor","Callejon Aguirre ",5,1,0,0,0,0,4,,"Calle",,"SANTA FE","La Capital","S/D","S/D","I","S/D","Urbana","S/D","S/D","S/D","S/D","S/D","Diurna","S/D","S/D","S/D","Colisión","S/D","S/D","S/D","S/D"
2017,2404,5/14/2017,"Domingo",0,9:00:00,,"0.0",2,"Automóvil,Automóvil","Castellanos Y Belgrano",4,2,0,0,2,0,0,,"Calle",,"SANTA FE","La Capital","Asfalto","No existe","I","Dentro","Urbana","S/D","No existe","Intersección","Bueno","S/D","Diurna","S/D","Lateral","S/D","Colisión","S/D","S/D","S/D","S/D"
2017,2405,5/29/2017,"Lunes",0,18:20:00,,"0.0",2,"Moto/Ciclomotor,Automóvil","Milan Y Santiago",3,2,0,0,1,0,0,,"Calle",,"ROSARIO","Rosario","Asfalto","No existe","II","Dentro","Urbana","Ninguna","No existe","Intersección","Bueno","Buena","Atardecer","Buen Tiempo","Lateral","S/D","Colisión","Ninguna","Faltante","Ninguna","Sin restricción"
2017,2406,5/26/2017,"Viernes",0,12:00:00,,"0.0",2,"Taxi/Remis,Automóvil","Bv. Segui Y Mitre",3,1,0,0,2,0,0,,"Calle",,"ROSARIO","Rosario","Asfalto","S/D","II","Dentro","Urbana","S/D","S/D","Recta","Bueno","S/D","S/D","S/D","Lateral","S/D","Colisión","Ninguna","Faltante","Ninguna","Sin restricción"
2017,2407,5/9/2017,"Martes",0,17:15:00,,"0.0",2,"Peatón,Moto/Ciclomotor","San Martin Y Hilarion de la Quintana",3,2,0,0,1,0,0,,"Avenida",,"ROSARIO","Rosario","Asfalto","No existe","II","Dentro","Urbana","Ninguna","No existe","Intersección","Bueno","Buena","Diurna","Buen Tiempo","S/D","Peatón","Atropello","Ninguna","Faltante","Ninguna","Sin restricción"
2017,2408,5/9/2017,"Martes",0,14:30:00,,"0.0",2,"Automóvil,Moto/Ciclomotor","Pueyrredon Y Dr.Rivas",4,2,1,0,1,0,0,,"Calle",,"ROSARIO","Rosario","Asfalto","No existe","II","Dentro","Urbana","Ninguna","No existe","Recta","Bueno","Buena","Diurna","Buen Tiempo","Lateral","S/D","Colisión","Ninguna","Faltante","Ninguna","Sin restricción"
2017,2409,5/9/2017,"Martes",0,14:05:00,,"0.0",2,"Peatón,Automóvil","Pje Santa Fe Y Cafferata",2,1,0,0,1,0,0,,"Calle",,"SANTA FE","La Capital","Asfalto","No existe","I","S/D","Urbana","Ninguna","No existe","Intersección","Bueno","Buena","Diurna","Buen Tiempo","S/D","Peatón","Atropello","Ninguna","Faltante","Ninguna","Sin restricción"
2017,2410,5/2/2017,"Martes",0,16:20:00,"Ruta Nacional 11","0.0",2,"Automóvil,Peatón","Av Blas Parera 8400",3,2,0,0,1,0,0,,"Ruta",11,"SANTA FE","La Capital","Asfalto","No existe","I","S/D","Urbana","Semáforo","Funciona","Recta","Bueno","Buena","Diurna","Buen Tiempo","S/D","Peatón","Atropello","Ninguna","Vertical","Línea divisoria pintada","Sin restricción"
2017,2411,5/12/2017,"Viernes",0,22:30:00,"Ruta Nacional 11","0.0",2,"Automóvil,Moto/Ciclomotor","Av Blas Parera Y Callejon Aguirre",3,1,0,0,2,0,0,,"Ruta",11,"SANTA FE","La Capital","Asfalto","No existe","I","S/D","Urbana","Semáforo","Funciona","Intersección","Bueno","Buena","Nocturna","Buen Tiempo","De alcance","S/D","Colisión","Ninguna","Vertical","Cordón divisorio","Sin restricción"
2017,2412,5/13/2017,"Sabado",0,6:40:00,"Ruta Nacional 11","0.0",2,"Automóvil,Transporte de Pasajeros Urbano (> 8 asientos)","Callejon Mendez Y Av Blas Parera",2,1,0,0,1,0,0,,"Ruta",11,"SANTA FE","La Capital","Asfalto","No existe","I","S/D","Urbana","Semáforo","Funciona","Intersección","Bueno","Reducida","Nocturna","Buen Tiempo","De alcance","S/D","Colisión","Ninguna","Vertical","Ninguna","Sin restricción"
2017,2413,5/15/2017,"Lunes",0,21:30:00,"Ruta Nacional 11","0.0",1,"Transporte de Pasajeros","Almonacid Y Av Blas Parera",2,1,0,0,1,0,0,,"Ruta",11,"SANTA FE","La Capital","Asfalto","No existe","I","S/D","Urbana","Ninguna","No existe","Intersección","Bueno","Buena","Nocturna","Buen Tiempo","S/D","S/D","Caída ocupante","Ninguna","Faltante","Ninguna","Sin restricción"
2017,2414,5/2/2017,"Martes",0,21:35:00,,"0.0",2,"Automóvil,Moto/Ciclomotor","Viamonte Y Ayacucho",3,2,0,0,1,0,0,,"Calle",,"ROSARIO","Rosario","Asfalto","No existe","II","Dentro","Urbana","S/D","S/D","Intersección","Bueno","Buena","Nocturna","Buen Tiempo","S/D","S/D","Colisión","Ninguna","S/D","S/D","Sin restricción"
2017,2415,5/24/2017,"Miercoles",0,11:30:00,,"0.0",2,"Automóvil,Moto/Ciclomotor","Ayacucho Y Bv. 27 De Febrero",3,2,0,0,1,0,0,,"Calle",,"ROSARIO","Rosario","Asfalto","No existe","II","Dentro","Urbana","S/D","S/D","Intersección","Bueno","Buena","Diurna","Buen Tiempo","S/D","S/D","Colisión","Ninguna","S/D","S/D","Sin restricción"
2017,2416,5/26/2017,"Viernes",0,13:00:00,,"0.0",2,"Automóvil,Moto/Ciclomotor","Angel Cassanello Y Velez Sarsfield",2,1,0,0,1,0,0,,"Calle",,"SANTA FE","La Capital","Asfalto","No existe","I","Dentro","Urbana","Ninguna","No existe","Intersección","Bueno","Buena","Diurna","Buen Tiempo","Lateral","S/D","Colisión","Ninguna","S/D","Ninguna","Sin restricción"
2017,2417,5/25/2017,"Jueves",0,14:00:00,,"0.0",2,"Automóvil,Moto/Ciclomotor","Av A del Valle Y Risso",2,1,0,0,1,0,0,,"Calle",,"SANTA FE","La Capital","Asfalto","No existe","I","Dentro","Urbana","Ninguna","No existe","Intersección","Bueno","Buena","Diurna","Buen Tiempo","Lateral","S/D","Colisión","Ninguna","Faltante","Ninguna","S/D"
2017,2418,5/25/2017,"Jueves",0,13:50:00,,"0.0",2,"Pickup/Utilitario,Moto/Ciclomotor","Alberdi Y Pje Diego de Leiva",2,1,0,0,1,0,0,,"Calle",,"SANTA FE","La Capital","Asfalto","No existe","I","Dentro","Urbana","Ninguna","No existe","Intersección","Bueno","Buena","Diurna","Buen Tiempo","Lateral","S/D","Colisión","Ninguna","Faltante","Ninguna","Sin restricción"
2017,2419,5/20/2017,"Sabado",0,,,"0.0",2,"Otros,Otros","Pavon Y Candioti",2,1,0,0,1,0,0,,"Calle",,"SANTA FE","La Capital","Asfalto","No existe","I","Dentro","Urbana","Ninguna","No existe","Intersección","Bueno","Buena","Amanecer","Buen Tiempo","Lateral","S/D","Colisión","Ninguna","S/D","Ninguna","Sin restricción"
2017,2420,5/20/2017,"Sabado",0,19:45:00,,"0.0",1,"Moto/Ciclomotor","Av A del Valle Y Larrea",1,1,0,0,0,0,0,,"Avenida",,"SANTA FE","La Capital","Asfalto","S/D","I","Dentro","Urbana","Ninguna","S/D","Intersección","S/D","Buena","Atardecer","Buen Tiempo","S/D","S/D","Caída ocupante","Ninguna","Faltante","Ninguna","S/D"
2017,2421,5/8/2017,"Lunes",0,20:30:00,,"0.0",2,"Automóvil,Moto/Ciclomotor","Javier de la Rosa Y Avellaneda",3,2,0,0,1,0,0,,"Calle",,"SANTA FE","La Capital","Asfalto","No existe","I","Dentro","Urbana","Ninguna","No existe","Intersección","Bueno","Buena","Nocturna","Buen Tiempo","Lateral","S/D","Colisión","Ninguna","Faltante","Ninguna","S/D"