"anio_acci","nro_acci","fecha","desc_dia","fecha_aprox","hora_aprox","desc_ruta","km","cant_participantes","desc_participante","calle_avenida_km","total","heridos_leves","heridos_graves","heridos_gravisimos","ilesos","fallecidos","sin_datos","posicion_XY","desc_tipo_via","desc_ruta_ori","desc_loc","desc_dpto","desc_tipo_calzada","desc_tipo_banquina","desc_unidad_regional","desc_lugar_calzada","desc_zona","desc_prioridad","desc_estado_semaforo","desc_lugar_via","desc_estado_via","desc_estado_visibilidad","desc_luminosidad","desc_estado_clima","desc_tipo_colision","desc_tipo_atropello","desc_tipo_hecho","desc_pres_calzada","desc_senializacion","desc_separacion_via","desc_restriccion"
2017,2422,5/8/2017,"Lunes",0,,,"0.0",2,"Automóvil,Otros","J P Lopez Y P Cullen",2,1,0,0,1,0,0,,"Calle",,"SANTA FE","La Capital","Asfalto","No existe","I","Dentro","Urbana","Ninguna","No existe","Intersección","Bueno","Buena","Diurna","Buen Tiempo","Lateral","S/D","Colisión","Ninguna","S/D","Ninguna","Sin restricción"
2017,2423,5/8/2017,"Lunes",0,15:30:00,,"0.0",2,"Taxi/Remis,Moto/Ciclomotor","Las Heras Y Javier de la Rosa",2,1,0,0,1,0,0,,"Calle",,"SANTA FE","La Capital","Asfalto","Pavimento","I","Dentro","Urbana","Ninguna","No existe","Intersección","Bueno","Buena","Diurna","Buen Tiempo","Lateral","S/D","Colisión","Ninguna","Faltante","Ninguna","S/D"
2017,2424,5/5/2017,"Viernes",0,5:50:00,,"0.0",1,"Moto/Ciclomotor","Necochea Y French",1,1,0,0,0,0,0,,"Calle",,"SANTA FE","La Capital","Asfalto","S/D","I","Dentro","Urbana","Ninguna","S/D","Intersección","Bueno","Buena","Nocturna","Buen Tiempo","S/D","S/D","Caída ocupante","Ninguna","S/D","Ninguna","S/D"
2017,2426,5/5/2017,"Viernes",0,,,"0.0",2,"Automóvil,Moto/Ciclomotor","Padre Genesio ",4,3,0,0,1,0,0,,"Calle",,"SANTA FE","La Capital","Asfalto","No existe","I","Dentro","Urbana","Ninguna","No existe","Intersección","Bueno","Buena","Diurna","Buen Tiempo","Lateral","S/D","Colisión","Ninguna","S/D","Ninguna","S/D"
2017,2427,5/5/2017,"Viernes",0,15:00:00,,"0.0",2,"Moto/Ciclomotor,Automóvil","Av A del Valle Y Padre Genesio",4,3,0,0,0,0,1,,"Calle",,"SANTA FE","La Capital","Asfalto","S/D","I","Dentro","Urbana","Ninguna","S/D","Intersección","Bueno","Buena","Diurna","Buen Tiempo","Lateral","S/D","Colisión","Ninguna","S/D","Ninguna","Sin restricción"
2017,2428,5/2/2017,"Martes",0,15:00:00,,"0.0",2,"Transporte de Pasajeros Urbano (> 8 asientos),Transporte de Pasajeros Urbano (> 8 asientos)","Talcahuano Y Reg 12 de Infanteria",3,1,0,0,2,0,0,,"Calle",,"SANTA FE","La Capital","Asfalto","Pavimento","I","Dentro","Urbana","Ninguna","No existe","Intersección","Bueno","Buena","Diurna","Buen Tiempo","Lateral","S/D","Colisión","Ninguna","S/D","Ninguna","S/D"
2017,2429,5/2/2017,"Martes",0,14:40:00,,"0.0",2,"Automóvil,Automóvil","Av Gral Paz Y French",2,1,0,0,1,0,0,,"Avenida",,"SANTA FE","La Capital","Asfalto","No existe","I","Dentro","Urbana","Ninguna","No existe","Intersección","Bueno","Buena","Diurna","Buen Tiempo","Lateral","S/D","Colisión","Ninguna","Faltante","Ninguna","S/D"
2017,2430,5/17/2017,"Miercoles",0,13:55:00,,"0.0",2,"Automóvil,Moto/Ciclomotor"," ",2,1,0,0,1,0,0,,"Calle",,"SANTA FE","La Capital","Asfalto","No existe","I","Dentro","Urbana","Ninguna","No existe","Intersección","S/D","Buena","Diurna","Buen Tiempo","Lateral","S/D","Colisión","S/D","S/D","Ninguna","S/D"
2017,2431,5/17/2017,"Miercoles",0,20:15:00,,"0.0",2,"Automóvil,Moto/Ciclomotor","Avellaneda Y Rivadavia",2,1,0,0,1,0,0,,"Avenida",,"SANTA FE","La Capital","Asfalto","No existe","I","Dentro","Urbana","Ninguna","No existe","Intersección","Bueno","Buena","Nocturna","Buen Tiempo","Lateral","S/D","Colisión","Ninguna","S/D","Ninguna","S/D"
2017,2432,5/14/2017,"Domingo",0,23:45:00,,"0.0",2,"Automóvil,Bicicleta","Reg 12 de Infanteria Y Sarmiento",2,1,0,0,1,0,0,,"Calle",,"SANTA FE","La Capital","Asfalto","No existe","I","Dentro","Urbana","Ninguna","No existe","Intersección","Bueno","Buena","Nocturna","Buen Tiempo","Lateral","S/D","Colisión","Ninguna","S/D","Ninguna","S/D"
2017,2433,5/14/2017,"Domingo",0,10:45:00,,"0.0",2,"Moto/Ciclomotor,Automóvil","Rivadavia Y Ayacucho",2,1,0,0,0,0,1,,"Calle",,"SANTA FE","La Capital","Asfalto","S/D","I","Dentro","Urbana","Ninguna","S/D","Intersección","Bueno","Buena","Diurna","Buen Tiempo","Lateral","S/D","Colisión","Ninguna","S/D","Ninguna","S/D"
2017,2434,5/13/2017,"Sabado",0,13:10:00,,"0.0",2,"Moto/Ciclomotor,Pickup/Utilitario","Av Galicia Y Alvear",2,1,0,0,1,0,0,,"Calle",,"SANTA FE","La Capital","Asfalto","S/D","I","Dentro","Urbana","Ninguna","No existe","Intersección","Bueno","Buena","Diurna","Buen Tiempo","Lateral","S/D","Colisión","Ninguna","S/D","Ninguna","S/D"
2017,2435,5/13/2017,"Sabado",0,11:50:00,,"0.0",2,"Pickup/Utilitario,Bicicleta","Las Heras Y Alberdi",2,1,0,0,0,0,1,,"Calle",,"SANTA FE","La Capital","Asfalto","S/D","I","Dentro","Urbana","Ninguna","S/D","Intersección","Bueno","Buena","Diurna","Buen Tiempo","S/D","Ciclista","Atropello","Ninguna","S/D","Ninguna","S/D"
2017,2436,5/11/2017,"Jueves",0,14:40:00,,"0.0",1,"Automóvil","Las Heras Y Risso",3,1,0,0,2,0,0,,"Calle",,"SANTA FE","La Capital","Asfalto","S/D","I","Dentro","Urbana","Ninguna","No existe","Intersección","Bueno","Buena","Diurna","Buen Tiempo","Lateral","S/D","Colisión","Ninguna","Faltante","Ninguna","S/D"
2017,2437,5/10/2017,"Miercoles",0,14:20:00,,"0.0",2,"Automóvil,Pickup/Utilitario","Tacuari Y Cardenal Fasolino",2,1,0,0,1,0,0,,"Calle",,"SANTA FE","La Capital","Asfalto","S/D","I","Dentro","Urbana","Ninguna","S/D","Recta","Bueno","Buena","Diurna","Buen Tiempo","Lateral","S/D","Colisión","Ninguna","S/D","Ninguna","Sin restricción"
2017,2438,5/9/2017,"Martes",0,17:00:00,,"0.0",2,"Camión Chasis,Moto/Ciclomotor","Las Heras Y French",2,1,0,0,1,0,0,,"Calle",,"SANTA FE","La Capital","Asfalto","No existe","I","Dentro","Urbana","Ninguna","No existe","Intersección","Bueno","Buena","Diurna","Buen Tiempo","Lateral","S/D","Colisión","Ninguna","Faltante","Ninguna","S/D"
2017,2439,5/4/2017,"Jueves",0,11:20:00,,"0.0",2,"Bicicleta,Automóvil","Avellaneda Y Huergo",2,1,0,0,1,0,0,,"Calle",,"SANTA FE","La Capital","Asfalto","No existe","I","Dentro","Urbana","Ninguna","No existe","Intersección","S/D","Buena","Diurna","Buen Tiempo","S/D","Ciclista","Atropello","S/D","S/D","Ninguna","Sin restricción"
2017,2440,5/3/2017,"Miercoles",0,16:50:00,,"0.0",2,"Moto/Ciclomotor,Automóvil","Rivadavia Y Hernandarias",2,1,0,0,1,0,0,,"Calle",,"SANTA FE","La Capital","Asfalto","No existe","I","Dentro","Urbana","Ninguna","No existe","Intersección","S/D","Buena","Diurna","Buen Tiempo","Lateral","S/D","Colisión","S/D","S/D","Ninguna","S/D"
2017,2441,5/3/2017,"Miercoles",0,11:35:00,,"0.0",2,"Moto/Ciclomotor,Automóvil","Rivadavia Y J P Lopez",2,1,0,0,1,0,0,,"Calle",,"SANTA FE","La Capital","Asfalto","No existe","I","Dentro","Urbana","Ninguna","No existe","Intersección","Bueno","Buena","Diurna","Buen Tiempo","Lateral","S/D","Colisión","Ninguna","S/D","Ninguna","S/D"
2017,2442,5/2/2017,"Martes",0,15:00:00,,"0.0",2,"Bicicleta,Automóvil","Gdor Candioti Y Angel Cassanello",2,1,0,0,1,0,0,,"Calle",,"SANTA FE","La Capital","Asfalto","No existe","I","Dentro","Urbana","Ninguna","No existe","Intersección","Bueno","Buena","Diurna","Buen Tiempo","Lateral","S/D","Colisión","Ninguna","S/D","Ninguna","S/D"
2017,2443,5/17/2017,"Miercoles",0,11:30:00,,"0.0",2,"Bicicleta,Automóvil","Av Gral Paz 5323",2,1,0,0,1,0,0,,"Avenida",,"SANTA FE","La Capital","S/D","S/D","I","Dentro","Urbana","Ninguna","S/D","Intersección","S/D","Buena","Diurna","Buen Tiempo","S/D","Ciclista","Atropello","Ninguna","S/D","Ninguna","S/D"
2017,2444,5/10/2017,"Miercoles",0,17:50:00,,"0.0",2,"Automóvil,Moto/Ciclomotor","Bv Pellegrini 3500",2,1,0,0,1,0,0,,"Calle",,"SANTA FE","La Capital","Asfalto","No existe","I","Dentro","Urbana","Ninguna","Funciona","Recta","Bueno","Buena","Diurna","Buen Tiempo","Lateral","S/D","Colisión","Ninguna","Vertical","Vegetación,Línea divisoria pintada","Sin restricción"
2017,2445,5/9/2017,"Martes",0,11:35:00,,"0.0",2,"Automóvil,Bicicleta","Av Freyre Y Hipolito Yrigoyen",2,1,0,0,1,0,0,,"Avenida",,"SANTA FE","La Capital","Asfalto","No existe","I","Dentro","Urbana","Ninguna","S/D","Intersección","Bueno","Buena","Diurna","Buen Tiempo","Contra objeto fijo","S/D","Colisión","Ninguna","S/D","Ninguna","S/D"
2017,2446,5/3/2017,"Miercoles",0,8:30:00,,"0.0",2,"Automóvil,Moto/Ciclomotor","Av Lopez y Planes Y Candido Pujato",2,1,0,0,1,0,0,,"Avenida",,"SANTA FE","La Capital","Asfalto","S/D","I","Dentro","Urbana","Ninguna","S/D","Intersección","S/D","Buena","Diurna","Buen Tiempo","Lateral","S/D","Colisión","S/D","S/D","Ninguna","S/D"
2017,2447,5/24/2017,"Miercoles",0,14:00:00,,"0.0",2,"Automóvil,Moto/Ciclomotor","Domingo Silva Y Saavedra",2,0,0,0,0,0,2,,"Calle",,"SANTA FE","La Capital","Asfalto","No existe","I","Dentro","Urbana","Ninguna","No existe","Intersección","Bueno","Buena","Diurna","Buen Tiempo","Lateral","S/D","Colisión","S/D","Faltante","Cordón divisorio","Sin restricción"
2017,2448,5/24/2017,"Miercoles",0,18:00:00,,"0.0",2,"Automóvil,Moto/Ciclomotor","Av Pte Peron Y Iturraspe",3,0,0,0,0,0,3,,"Calle",,"SANTA FE","La Capital","Asfalto","S/D","I","Dentro","Urbana","Semáforo","Funciona","Intersección","Bueno","Buena","Diurna","Buen Tiempo","Lateral","S/D","Colisión","S/D","Horizontal,Vertical","Cordón divisorio","Sin restricción"
2017,2449,5/19/2017,"Viernes",0,10:15:00,,"0.0",2,"Automóvil,Moto/Ciclomotor","Av Lopez y Planes Y Ecuador",2,0,0,0,0,0,2,,"Calle",,"SANTA FE","La Capital","Asfalto","S/D","I","Dentro","Urbana","S/D","No existe","Intersección","Bueno","Buena","Diurna","Buen Tiempo","Lateral","S/D","Colisión","S/D","Faltante","Cordón divisorio","Sin restricción"
2017,2450,5/18/2017,"Jueves",0,17:30:00,"Ruta Nacional 11","0.0",2,"Transporte de Pasajeros Urbano (> 8 asientos),Moto/Ciclomotor","Av Blas Parera Y Gorostiaga",2,0,0,0,0,0,2,,"Ruta",11,"SANTA FE","La Capital","Asfalto","S/D","I","Dentro","Urbana","Semáforo","Funciona","Intersección","Bueno","Buena","Diurna","Buen Tiempo","Lateral","S/D","Colisión","S/D","Horizontal,Vertical","Cordón divisorio","Sin restricción"
2017,2451,5/16/2017,"Martes",0,22:00:00,,"0.0",2,"Pickup/Utilitario,Moto/Ciclomotor","Av Pte Peron Y Iturraspe",2,1,0,0,0,0,1,,"Calle",,"SANTA FE","La Capital","Asfalto","No existe","I","Dentro","Urbana","Semáforo","Funciona","Intersección","Bueno","Reducida","Nocturna","Buen Tiempo","Lateral","S/D","Colisión","S/D","Horizontal,Vertical","Cordón divisorio","Sin restricción"
2017,2452,5/15/2017,"Lunes",0,19:00:00,,"0.0",2,"Taxi/Remis,Moto/Ciclomotor","Av Lopez y Planes Y Luciano Molinas",2,2,0,0,0,0,0,,"Calle",,"SANTA FE","La Capital","Asfalto","No existe","I","Dentro","Urbana","Otra Señal","No existe","Intersección","Bueno","Buena","Atardecer","Buen Tiempo","Lateral","S/D","Colisión","S/D","Faltante","Cordón divisorio","Sin restricción"
2017,2453,5/14/2017,"Domingo",0,20:30:00,,"0.0",2,"Automóvil,Moto/Ciclomotor","Av Blas Parera Y Fray C Rodriguez",2,0,0,0,0,0,2,,"Calle",,"SANTA FE","La Capital","Asfalto","S/D","I","Dentro","Urbana","Semáforo","Funciona","Intersección","Bueno","Buena","Nocturna","Buen Tiempo","Frontal","S/D","Colisión","S/D","Horizontal,Vertical","S/D","Sin restricción"
2017,2454,5/13/2017,"Sabado",0,14:20:00,,"0.0",2,"Pickup/Utilitario,Peatón","Av Lopez y Planes Y Pje Irala",2,0,0,0,0,0,2,,"Calle",,"SANTA FE","La Capital","Asfalto","No existe","I","Dentro","Urbana","Semáforo","Funciona","Intersección","Bueno","Buena","Diurna","Buen Tiempo","S/D","Peatón","Atropello","S/D","Horizontal,Vertical","Cordón divisorio","Sin restricción"
2017,2455,5/13/2017,"Sabado",0,10:15:00,,"0.0",2,"Automóvil,Moto/Ciclomotor","Pedro Centeno Y Cristo Obrero",2,0,0,0,0,0,2,,"Calle",,"SANTA FE","La Capital","Hormigón,Tierra","No existe","I","Dentro","Urbana","Ninguna","No existe","Intersección","Deteriorada","Buena","Diurna","Buen Tiempo","Lateral","S/D","Colisión","S/D","Faltante","Ninguna","Sin restricción"
2017,2456,5/11/2017,"Jueves",0,0:25:00,,"0.0",2,"Automóvil,Taxi/Remis","San Lorenzo Y Juan Del Campillo",3,0,0,0,0,0,3,,"Calle",,"SANTA FE","La Capital","Asfalto","No existe","I","Dentro","Urbana","Otra Señal","No existe","Intersección","Bueno","Buena","Nocturna","Buen Tiempo","Lateral","S/D","Colisión","S/D","Faltante","Cordón divisorio","Sin restricción"
2017,2457,5/11/2017,"Jueves",0,0:05:00,,"0.0",2,"Automóvil,Moto/Ciclomotor","Av Peñaloza Y J M Zuviria",2,0,0,0,0,0,2,,"Calle",,"SANTA FE","La Capital","Asfalto","No existe","I","Dentro","Urbana","Ninguna","No existe","Intersección","Bueno","Buena","Nocturna","Buen Tiempo","Lateral","S/D","Colisión","S/D","Faltante","Cordón divisorio","Sin restricción"
2017,2458,5/6/2017,"Sabado",0,21:50:00,,"0.0",2,"Automóvil,Moto/Ciclomotor","Saavedra Y Luciano Molinas",2,0,0,0,0,0,2,,"Calle",,"SANTA FE","La Capital","Asfalto","No existe","I","Dentro","Urbana","Ninguna","No existe","Intersección","Bueno","Reducida","Nocturna","Buen Tiempo","Lateral","S/D","Colisión","Ninguna","Faltante","Cordón divisorio","Sin restricción"
2017,2459,5/3/2017,"Miercoles",0,0:10:00,"Ruta Nacional 11","0.0",2,"Moto/Ciclomotor,Moto/Ciclomotor","Gorostiaga Y Av Circunvalación",2,1,0,0,0,0,1,,"Ruta",11,"SANTA FE","La Capital","Hormigón","No existe","I","Dentro","Urbana","Semáforo","Funciona","Intersección","Bueno","Buena","Nocturna","Buen Tiempo","Frontal","S/D","Colisión","S/D","Horizontal,Vertical","Cordón divisorio","Sin restricción"
2017,2460,5/1/2017,"Lunes",0,23:00:00,,"0.0",2,"Peatón,Automóvil","Pedro Centeno Y Cordoba",2,0,0,0,0,0,2,,"Calle",,"SANTA FE","La Capital","Asfalto","No existe","I","Dentro","Urbana","Ninguna","No existe","Recta","Bueno","Reducida","Nocturna","Buen Tiempo","S/D","Peatón","Atropello","S/D","Faltante","Cordón divisorio","Sin restricción"
2017,2461,5/31/2017,"Miercoles",0,18:20:00,,"0.0",2,"Moto/Ciclomotor,Moto/Ciclomotor","Diagonal Goyena Y Pje Quiroga",2,1,0,0,1,0,0,,"Calle",,"SANTA FE","La Capital","Asfalto","Pavimento","I","Dentro","Urbana","Semáforo","Funciona","Intersección","Bueno","Buena","Atardecer","Buen Tiempo","Lateral","S/D","Colisión","Ninguna","Vertical","Ninguna","Sin restricción"
2017,2462,5/30/2017,"Martes",0,10:45:00,,"0.0",2,"Pickup/Utilitario,Moto/Ciclomotor","Gdor Freyre Y Pedro de Vega",2,1,0,0,1,0,0,,"Calle",,"SANTA FE","La Capital","S/D","Pavimento","I","Dentro","Urbana","Ninguna","No existe","Intersección","Bueno","Buena","Diurna","Buen Tiempo","S/D","S/D","Colisión","Ninguna","Vertical","Ninguna","Sin restricción"
2017,2463,5/27/2017,"Sabado",0,19:10:00,,"0.0",2,"Automóvil,Moto/Ciclomotor","Av Peñaloza Y Diagonal Goyena",2,1,0,0,1,0,0,,"Calle",,"SANTA FE","La Capital","Asfalto","Pavimento","I","Dentro","Urbana","Semáforo","Funciona","Intersección","Bueno","Buena","Atardecer","Buen Tiempo","Frontal","S/D","Colisión","Ninguna","Vertical","Cordón divisorio","Sin restricción"
2017,2464,5/24/2017,"Miercoles",0,19:20:00,,"0.0",2,"Automóvil,Automóvil","Pje Estanislao del Campo 7236",2,1,0,0,1,0,0,,"Calle",,"SANTA FE","La Capital","Asfalto","Pavimento","I","Dentro","Urbana","Semáforo","Funciona","Recta","Bueno","Buena","Nocturna","Buen Tiempo","S/D","S/D","Colisión","Ninguna","Horizontal,Vertical","Barrera de hormigón","Sin restricción"
2017,2465,5/25/2017,"Jueves",0,21:35:00,,"0.0",2,"Automóvil,Moto/Ciclomotor","Av Facundo Zuviria Y Agustin Delgado",2,1,0,0,1,0,0,,"Calle",,"SANTA FE","La Capital","Asfalto","Pavimento","I","Dentro","Urbana","Ninguna","Funciona","Intersección","Bueno","Buena","Nocturna","Buen Tiempo","S/D","S/D","Colisión","Ninguna","Horizontal,Vertical","Cordón divisorio","Sin restricción"
2017,2466,5/21/2017,"Domingo",0,16:35:00,,"0.0",2,"Automóvil,Moto/Ciclomotor","San Lorenzo Y J P Lopez",2,1,0,0,1,0,0,,"Calle",,"SANTA FE","La Capital","Asfalto","Pavimento","I","Dentro","Urbana","Semáforo","Funciona","Intersección","Bueno","Buena","Atardecer","Buen Tiempo","S/D","S/D","Colisión","Ninguna","Faltante","Guardarrail","Sin restricción"
2017,2467,5/24/2017,"Miercoles",0,13:00:00,,"0.0",2,"Moto/Ciclomotor,Pickup/Utilitario","Av Facundo Zuviria Y Hernandarias",2,1,0,0,1,0,0,,"Calle",,"SANTA FE","La Capital","Asfalto","Pavimento","I","Dentro","Urbana","Semáforo","Funciona","Intersección","Bueno","Buena","Diurna","S/D","S/D","S/D","Colisión","Ninguna","Horizontal,Vertical","Cordón divisorio","S/D"
2017,2468,5/6/2017,"Sabado",0,5:20:00,,"0.0",2,"Automóvil,Automóvil","Av Peñaloza Y Estanislao Zeballos",2,2,0,0,0,0,0,,"Calle",,"SANTA FE","La Capital","Asfalto","S/D","I","Dentro","Urbana","Semáforo","Funciona","Intersección","Bueno","Buena","Amanecer","Buen Tiempo","Lateral","S/D","Colisión","Ninguna","Vertical","Barrera de hormigón","S/D"
2017,2469,5/9/2017,"Martes",0,22:30:00,,"0.0",2,"Moto/Ciclomotor,Automóvil","Martin Zapata Y Pje Quiroga",2,1,0,0,1,0,0,,"Calle",,"SANTA FE","La Capital","Asfalto","Pavimento","I","Dentro","Urbana","S/D","No existe","Intersección","Bueno","Buena","Nocturna","Buen Tiempo","S/D","S/D","Colisión","S/D","S/D","Cordón divisorio","Sin restricción"
2017,2470,5/12/2017,"Viernes",0,13:10:00,,"0.0",2,"Automóvil,Moto/Ciclomotor","Agustin Delgado Y Gdor Freyre",2,1,0,0,1,0,0,,"Calle",,"SANTA FE","La Capital","Asfalto","S/D","I","Dentro","Urbana","S/D","S/D","Intersección","Bueno","Buena","Diurna","Buen Tiempo","S/D","S/D","Colisión","S/D","Faltante","Cordón divisorio","Sin restricción"
2017,2471,5/9/2017,"Martes",0,23:50:00,,"0.0",2,"Moto/Ciclomotor,Automóvil","4 de Enero ",2,1,0,0,1,0,0,,"Calle",,"SANTA FE","La Capital","Asfalto","Pavimento","I","Dentro","Urbana","Paso Peatonal","No existe","Intersección","Bueno","Buena","Nocturna","Buen Tiempo","Lateral","S/D","Colisión","S/D","Vertical","Cordón divisorio","Sin restricción"
2017,2472,5/12/2017,"Viernes",0,12:23:00,,"0.0",2,"Automóvil,Moto/Ciclomotor","J Castelli Y Pje Esteban Echeverria",2,1,0,0,1,0,0,,"Calle",,"SANTA FE","La Capital","Asfalto","No existe","I","Dentro","Urbana","Semáforo","Funciona","Intersección","Bueno","Buena","Diurna","Buen Tiempo","S/D","S/D","Colisión","Ninguna","Horizontal,Vertical","Ninguna","Sin restricción"
2017,2473,5/18/2017,"Jueves",0,23:05:00,,"0.0",2,"Pickup/Utilitario,Moto/Ciclomotor","Av Facundo Zuviria Y Estanislao Zeballos",2,1,0,0,1,0,0,,"Calle",,"SANTA FE","La Capital","Asfalto","No existe","I","Dentro","Urbana","Semáforo","Funciona","Rotonda","Bueno","Buena","Nocturna","S/D","S/D","S/D","Colisión","Ninguna","Vertical","S/D","S/D"
2017,2474,5/19/2017,"Viernes",0,8:00:00,,"0.0",2,"Pickup/Utilitario,Moto/Ciclomotor","San Lorenzo Y Ricardo Aldao",2,1,0,0,1,0,0,,"Calle",,"SANTA FE","La Capital","Asfalto","Pavimento","I","Dentro","Urbana","Semáforo","Funciona","Intersección","Bueno","Buena","Diurna","Buen Tiempo","Lateral","S/D","Colisión","Ninguna","Vertical","Cordón divisorio","Sin restricción"
2017,2475,5/19/2017,"Viernes",0,15:40:00,,"0.0",2,"Automóvil,Moto/Ciclomotor","Saavedra Y Regis Martinez",2,1,0,0,1,0,0,,"Calle",,"SANTA FE","La Capital","Asfalto","No existe","I","Dentro","Urbana","Semáforo","Funciona","Intersección","Bueno","Buena","Diurna","Buen Tiempo","S/D","S/D","Colisión","Ninguna","Horizontal,Vertical","Cordón divisorio","Sin restricción"
2017,2476,5/19/2017,"Viernes",0,17:20:00,,"0.0",2,"Automóvil,Moto/Ciclomotor","Av Facundo Zuviria Y M De Polonia",2,1,0,0,1,0,0,,"Calle",,"SANTA FE","La Capital","Asfalto","S/D","I","Dentro","Urbana","S/D","S/D","Intersección","Bueno","Buena","Atardecer","Buen Tiempo","S/D","S/D","Colisión","Ninguna","Horizontal","S/D","Sin restricción"
2017,2477,5/19/2017,"Viernes",0,6:30:00,,"0.0",2,"Automóvil,Automóvil","Av Peñaloza Y Estanislao Zeballos",2,2,0,0,0,0,0,,"Calle",,"SANTA FE","La Capital","Asfalto","Pavimento","I","Dentro","Urbana","S/D","S/D","Intersección","Bueno","Buena","Amanecer","Buen Tiempo","S/D","S/D","Colisión","S/D","S/D","S/D","Sin restricción"
2017,2478,5/31/2017,"Miercoles",0,11:40:00,,"0.0",2,"Moto/Ciclomotor,Automóvil","Estanislao Zeballos Y Av Santa Fe",2,1,0,0,1,0,0,,"Calle",,"SANTA FE","La Capital","Asfalto","Pavimento","I","Dentro","Urbana","S/D","No existe","Intersección","Bueno","Buena","Diurna","Buen Tiempo","S/D","S/D","Colisión","S/D","Vertical","Ninguna","Sin restricción"
2017,2479,5/31/2017,"Miercoles",0,,,"0.0",2,"Moto/Ciclomotor,Automóvil","Pedro Alejandro Vittori Y Iturraspe",2,1,0,0,0,0,1,,"Calle",,"SANTA FE","La Capital","Asfalto","Pavimento","I","Dentro","Urbana","S/D","S/D","Intersección","Bueno","S/D","S/D","S/D","S/D","S/D","Colisión","S/D","S/D","Ninguna","S/D"
2017,2480,5/27/2017,"Sabado",0,22:15:00,,"0.0",2,"Moto/Ciclomotor,Automóvil","Av Facundo Zuviria Y Juan Del Campillo",3,1,0,0,2,0,0,,"Calle",,"SANTA FE","La Capital","Asfalto","Pavimento","I","Dentro","Urbana","Semáforo","Funciona","Intersección","S/D","Buena","Nocturna","S/D","S/D","S/D","Colisión","S/D","Vertical","Cordón divisorio","S/D"
2017,2481,5/15/2017,"Lunes",0,0:30:00,,"0.0",2,"Pickup/Utilitario,Automóvil","Lamadrid Y Alfonso Duran",2,1,0,0,1,0,0,,"Calle",,"SANTA FE","La Capital","Asfalto","No existe","I","Dentro","Urbana","Ninguna","No existe","Intersección","Bueno","Buena","Diurna","Buen Tiempo","Lateral","S/D","Colisión","Ninguna","Vertical","Ninguna","Sin restricción"
2017,2482,5/16/2017,"Martes",0,20:30:00,,"0.0",2,"Moto/Ciclomotor,Automóvil","Santiago del Estero Y Saavedra",2,1,0,0,0,0,1,,"Calle",,"SANTA FE","La Capital","Asfalto","No existe","I","Dentro","Urbana","Ninguna","No existe","Intersección","Bueno","Buena","Nocturna","Buen Tiempo","Lateral","S/D","Colisión","Ninguna","Vertical","Ninguna","Sin restricción"
2017,2483,5/18/2017,"Jueves",0,9:30:00,,"0.0",2,"Automóvil,Moto/Ciclomotor","Santiago del Estero Y Dr Zavalla",2,1,0,0,1,0,0,,"Calle",,"SANTA FE","La Capital","Asfalto","No existe","I","Dentro","Urbana","Ninguna","No existe","Intersección","Bueno","Buena","Diurna","Buen Tiempo","Lateral","S/D","Colisión","Ninguna","S/D","Ninguna","Sin restricción"
2017,2484,5/19/2017,"Viernes",0,18:00:00,,"0.0",2,"Pickup/Utilitario,Moto/Ciclomotor","Lamadrid Y Tucuman",2,1,0,0,1,0,0,,"Calle",,"SANTA FE","La Capital","Asfalto","No existe","I","Dentro","Urbana","Ninguna","No existe","Intersección","Bueno","Buena","Diurna","Buen Tiempo","Lateral","S/D","Colisión","Ninguna","S/D","Ninguna","S/D"
2017,2485,5/23/2017,"Martes",0,14:25:00,,"0.0",2,"Automóvil,Moto/Ciclomotor","Av Lopez y Planes Y Maipu",2,1,0,0,1,0,0,,"Avenida",,"SANTA FE","La Capital","Asfalto","No existe","I","Dentro","Urbana","Ninguna","No existe","Intersección","Bueno","Buena","Diurna","Buen Tiempo","Lateral","S/D","Colisión","Ninguna","S/D","Ninguna","Sin restricción"
2017,2486,5/8/2017,"Lunes",0,20:45:00,,"0.0",2,"Automóvil,Moto/Ciclomotor","Alvear Y Urquiza",4,2,0,0,2,0,0,,"Calle",,"ROSARIO","Rosario","Hormigón","Pavimento","II","Dentro","Urbana","Ninguna","No existe","Intersección","Bueno","Buena","Nocturna","Buen Tiempo","Lateral","S/D","Colisión","Ninguna","S/D","Ninguna","Sin restricción"
2017,2487,5/8/2017,"Lunes",0,9:50:00,,"0.0",2,"Transporte de Pasajeros Urbano (> 8 asientos),Peatón","San Lorenzo Y Av. Corrientes",2,1,0,0,1,0,0,,"Calle",,"ROSARIO","Rosario","Asfalto","S/D","II","Dentro","Urbana","Semáforo","Funciona","Intersección","Bueno","Buena","Diurna","Buen Tiempo","S/D","S/D","Caída ocupante","Ninguna","Vertical","Ninguna","S/D"