"anio_acci","nro_acci","fecha","desc_dia","fecha_aprox","hora_aprox","desc_ruta","km","cant_participantes","desc_participante","calle_avenida_km","total","heridos_leves","heridos_graves","heridos_gravisimos","ilesos","fallecidos","sin_datos","posicion_XY","desc_tipo_via","desc_ruta_ori","desc_loc","desc_dpto","desc_tipo_calzada","desc_tipo_banquina","desc_unidad_regional","desc_lugar_calzada","desc_zona","desc_prioridad","desc_estado_semaforo","desc_lugar_via","desc_estado_via","desc_estado_visibilidad","desc_luminosidad","desc_estado_clima","desc_tipo_colision","desc_tipo_atropello","desc_tipo_hecho","desc_pres_calzada","desc_senializacion","desc_separacion_via","desc_restriccion"
2017,2488,5/6/2017,"Sabado",0,21:25:00,,"0.0",2,"Bicicleta,Automóvil","Alvear Y Catamarca",2,1,0,0,1,0,0,,"Calle",,"ROSARIO","Rosario","Asfalto","Pavimento","II","Dentro","Urbana","Señal Pare","No existe","Intersección","Bueno","Buena","Nocturna","Buen Tiempo","Lateral","S/D","Colisión","Ninguna","Vertical","Ninguna","S/D"
2017,2489,5/4/2017,"Jueves",0,15:45:00,,"0.0",2,"Automóvil,Bicicleta","Salta Y Balcarce",2,1,0,0,1,0,0,,"Calle",,"ROSARIO","Rosario","Asfalto","No existe","II","Dentro","Urbana","Ninguna","No existe","Intersección","Bueno","Buena","Diurna","Buen Tiempo","S/D","Ciclista","Atropello","Ninguna","S/D","Ninguna","S/D"
2017,2490,5/3/2017,"Miercoles",0,14:30:00,,"0.0",2,"Automóvil,Peatón","Paraguay Y Tucuman",2,1,0,0,1,0,0,,"Calle",,"ROSARIO","Rosario","Asfalto","S/D","II","Dentro","Urbana","Señal Pare","S/D","Intersección","Bueno","Buena","Diurna","Buen Tiempo","S/D","Peatón","Atropello","Ninguna","Vertical","Ninguna","S/D"
2017,2491,5/1/2017,"Lunes",0,13:50:00,,"0.0",2,"Automóvil,Bicicleta","Av. Belgrano Y San Martin",2,1,0,0,1,0,0,,"Calle",,"ROSARIO","Rosario","Hormigón","Pavimento","II","Dentro","Urbana","Semáforo","Funciona","Intersección","Bueno","Buena","Diurna","Buen Tiempo","S/D","Ciclista","Atropello","Ninguna","Vertical","Ninguna","S/D"
2017,2492,5/26/2017,"Viernes",0,16:20:00,,"0.0",2,"Moto/Ciclomotor,Pickup/Utilitario","J.M.de Rosas 1200",2,1,0,0,1,0,0,,"Calle",,"ROSARIO","Rosario","Asfalto","No existe","II","Dentro","Urbana","Ninguna","No existe","Recta","Bueno","Buena","Diurna","Buen Tiempo","Lateral","S/D","Colisión","Ninguna","Horizontal","Ninguna","Sin restricción"
2017,2493,5/27/2017,"Sabado",0,1:30:00,,"0.0",2,"Moto/Ciclomotor,Pickup/Utilitario","Mendoza Y Italia",2,1,0,0,1,0,0,,"Calle",,"ROSARIO","Rosario","Asfalto","S/D","II","Dentro","Urbana","Semáforo","Funciona","Intersección","Bueno","Buena","Nocturna","Buen Tiempo","Lateral","S/D","Colisión","Ninguna","Horizontal,Vertical","Ninguna","S/D"
2017,2494,5/29/2017,"Lunes",0,14:12:00,,"0.0",2,"Peatón,Automóvil","San Luis Y Bv. Oroño",2,1,0,0,1,0,0,,"Avenida",,"ROSARIO","Rosario","Asfalto","S/D","II","Dentro","Urbana","Semáforo","Funciona","Intersección","Bueno","Buena","Diurna","Buen Tiempo","S/D","Peatón","Atropello","Ninguna","Vertical","Ninguna","S/D"
2017,2495,5/30/2017,"Martes",0,7:15:00,,"0.0",2,"Moto/Ciclomotor,Automóvil","3 De Febrero Y Mariano Moreno",2,1,0,0,1,0,0,,"Calle",,"ROSARIO","Rosario","Asfalto","S/D","II","Dentro","Urbana","Señal Pare","No existe","Intersección","Bueno","Buena","Amanecer","Buen Tiempo","Lateral","S/D","Colisión","Ninguna","Vertical","Ninguna","S/D"
2017,2496,5/16/2017,"Martes",0,14:50:00,,"0.0",2,"Moto/Ciclomotor,Automóvil","Bv. Oroño Y Rioja",2,1,0,0,1,0,0,,"Calle",,"ROSARIO","Rosario","Asfalto","S/D","II","Dentro","Urbana","Semáforo","Funciona","Intersección","Bueno","Buena","Diurna","Lluvia","Lateral","S/D","Colisión","Agua","Vertical","Ninguna","Sin restricción"
2017,2497,5/17/2017,"Miercoles",0,10:50:00,,"0.0",2,"Moto/Ciclomotor,Automóvil","Laprida Y Av. Pellegrini",3,2,0,0,1,0,0,,"Avenida",,"ROSARIO","Rosario","Asfalto","Pavimento","II","Dentro","Urbana","Semáforo","Funciona","Intersección","Bueno","Buena","Diurna","Buen Tiempo","Lateral","S/D","Colisión","Ninguna","Vertical","Ninguna","S/D"
2017,2498,5/16/2017,"Martes",0,18:20:00,,"0.0",2,"Automóvil,Bicicleta","3 De Febrero Y Italia",2,1,0,0,1,0,0,,"Calle",,"ROSARIO","Rosario","Asfalto","Pavimento","II","Dentro","Urbana","Ninguna","No existe","Intersección","Bueno","Buena","Diurna","Buen Tiempo","S/D","Ciclista","Atropello","Ninguna","Horizontal","Ninguna","Sin restricción"
2017,2499,5/4/2017,"Jueves",0,,,"0.0",2,"Moto/Ciclomotor,Automóvil","3 De Febrero Y Constitucion",2,1,0,0,1,0,0,,"Calle",,"ROSARIO","Rosario","Asfalto","No existe","II","Dentro","Urbana","Ninguna","No existe","Intersección","S/D","Buena","S/D","Buen Tiempo","Lateral","S/D","Colisión","S/D","S/D","Ninguna","S/D"
2017,2500,5/4/2017,"Jueves",0,18:00:00,,"0.0",2,"Bicicleta,Moto/Ciclomotor","San Luis 2500",2,1,0,0,1,0,0,,"Calle",,"ROSARIO","Rosario","Asfalto","No existe","II","Fuera","Urbana","Ninguna","No existe","Intersección","S/D","Buena","Diurna","Buen Tiempo","S/D","Ciclista","Atropello","S/D","S/D","Ninguna","S/D"
2017,2501,5/5/2017,"Viernes",0,7:30:00,,"0.0",2,"Moto/Ciclomotor,Automóvil"," ",2,1,0,0,1,0,0,,"Calle",,"ROSARIO","Rosario","Asfalto","No existe","II","Dentro","Urbana","Ninguna","No existe","Intersección","Otro","Buena","Diurna","Buen Tiempo","Lateral","S/D","Colisión","Ninguna","S/D","Ninguna","S/D"
2017,2502,5/7/2017,"Domingo",0,20:20:00,,"0.0",2,"Taxi/Remis,Moto/Ciclomotor","3 De Febrero Y Bv. Avellaneda",2,0,1,0,1,0,0,,"Avenida",,"ROSARIO","Rosario","Asfalto","No existe","II","Dentro","Urbana","Ninguna","No existe","Intersección","Otro","Buena","Nocturna","Buen Tiempo","Lateral","S/D","Colisión","Ninguna","S/D","Ninguna","S/D"
2017,2503,5/11/2017,"Jueves",0,14:40:00,,"0.0",2,"Moto/Ciclomotor,Automóvil","Iriondo Y Montevideo",4,1,0,0,3,0,0,,"Calle",,"ROSARIO","Rosario","Asfalto","S/D","II","Dentro","Urbana","Ninguna","S/D","Intersección","Otro","Buena","Diurna","Buen Tiempo","Lateral","S/D","Colisión","Ninguna","S/D","Ninguna","S/D"
2017,2504,5/10/2017,"Miercoles",0,,,"0.0",2,"Automóvil,Automóvil","Montevideo Y Valparaiso",3,2,0,0,1,0,0,,"Calle",,"ROSARIO","Rosario","Asfalto","S/D","II","Dentro","Urbana","Ninguna","S/D","Intersección","Bueno","S/D","S/D","Buen Tiempo","Lateral","S/D","Colisión","Ninguna","S/D","Ninguna","S/D"
2017,2505,5/12/2017,"Viernes",0,12:15:00,,"0.0",2,"Pickup/Utilitario,Automóvil","3 De Febrero Y Pascual Rosas",2,1,0,0,1,0,0,,"Calle",,"ROSARIO","Rosario","Asfalto","S/D","II","Dentro","Urbana","Ninguna","S/D","Intersección","Bueno","S/D","S/D","Buen Tiempo","Lateral","S/D","Colisión","Ninguna","S/D","Ninguna","S/D"
2017,2506,5/14/2017,"Domingo",0,6:30:00,,"0.0",2,"Automóvil,Pickup/Utilitario","Vera Mujica Y San Juan",2,1,0,0,1,0,0,,"Calle",,"ROSARIO","Rosario","Asfalto","S/D","II","Dentro","Urbana","Ninguna","S/D","Intersección","Otro","Buena","Amanecer","Buen Tiempo","Lateral","S/D","Colisión","Ninguna","S/D","Ninguna","S/D"
2017,2507,5/15/2017,"Lunes",0,13:00:00,,"0.0",2,"Moto/Ciclomotor,Moto/Ciclomotor","Bv. Avellaneda Y San Juan",2,1,0,0,1,0,0,,"Avenida",,"ROSARIO","Rosario","Asfalto","S/D","II","Dentro","Urbana","Ninguna","S/D","Intersección","Otro","Buena","Diurna","Buen Tiempo","Lateral","S/D","Colisión","Ninguna","S/D","Ninguna","S/D"
2017,2508,5/17/2017,"Miercoles",0,9:00:00,,"0.0",2,"Automóvil,Moto/Ciclomotor","3 De Febrero Y Vera Mujica",3,2,0,0,1,0,0,,"Calle",,"ROSARIO","Rosario","Asfalto","No existe","II","Dentro","Urbana","Ninguna","No existe","Intersección","S/D","Buena","Diurna","Buen Tiempo","Lateral","S/D","Colisión","S/D","S/D","Ninguna","S/D"
2017,2509,5/17/2017,"Miercoles",0,15:30:00,,"0.0",2,"Moto/Ciclomotor,Moto/Ciclomotor","San Juan Y Bv. Avellaneda",2,1,0,0,1,0,0,,"Calle",,"ROSARIO","Rosario","Asfalto","S/D","II","Dentro","Urbana","Ninguna","S/D","Intersección","Bueno","Buena","Diurna","Buen Tiempo","Lateral","S/D","Colisión","Ninguna","S/D","Ninguna","S/D"
2017,2510,5/13/2017,"Sabado",0,14:10:00,,"0.0",2,"Automóvil,Moto/Ciclomotor","Cordoba Y Constitucion",2,1,0,0,1,0,0,,"Calle",,"ROSARIO","Rosario","Asfalto","S/D","II","Dentro","Urbana","Ninguna","S/D","Intersección","Otro","Buena","Diurna","Buen Tiempo","Lateral","S/D","Colisión","Ninguna","S/D","Cordón divisorio","S/D"
2017,2511,5/19/2017,"Viernes",0,5:50:00,,"0.0",2,"Moto/Ciclomotor,Automóvil","J.J.Paso Y Av. Provincias Unidas",3,2,0,0,1,0,0,,"Avenida",,"ROSARIO","Rosario","Asfalto","No existe","II","Dentro","Urbana","Ninguna","No existe","Rotonda","Bueno","Buena","Nocturna","Buen Tiempo","Lateral","S/D","Colisión","Ninguna","S/D","Cordón divisorio","Sin restricción"
2017,2512,5/16/2017,"Martes",0,19:40:00,,"0.0",2,"Moto/Ciclomotor,Automóvil","Av. Genova Y Fraga",3,1,0,0,2,0,0,,"Calle",,"ROSARIO","Rosario","Asfalto","No existe","II","Dentro","Urbana","Ninguna","No existe","Intersección","Bueno","Buena","Nocturna","Buen Tiempo","Lateral","S/D","Colisión","Ninguna","S/D","Ninguna","Sin restricción"
2017,2513,5/16/2017,"Martes",0,9:15:00,,"0.0",2,"Moto/Ciclomotor,Automóvil","Garzon Y J.J.Paso",2,1,0,0,1,0,0,,"Calle",,"ROSARIO","Rosario","Asfalto","No existe","II","Dentro","Urbana","Ninguna","No existe","Intersección","Bueno","Buena","Diurna","Buen Tiempo","Lateral","S/D","Colisión","Ninguna","Faltante","Ninguna","Sin restricción"
2017,2514,5/16/2017,"Martes",0,9:00:00,"Autopista Nacional A008","0.0",5,"Camión c / Acoplado,Pickup/Utilitario,Automóvil,Automóvil,Automóvil","J.J.Paso Y Av. Circunvalacion",9,6,0,0,3,0,0,,"Autopista","A008","ROSARIO","Rosario","Asfalto","No existe","II","Dentro","Urbana","Semáforo","Funciona","Distribuidor","Bueno","Buena","Diurna","Buen Tiempo","Lateral,Múltiple","S/D","Colisión","Ninguna","Vertical","Guardarrail","Sin restricción"
2017,2515,5/26/2017,"Viernes",0,19:00:00,,"0.0",2,"Bicicleta,Moto/Ciclomotor","Av A del Valle Y Alberti",2,1,0,0,1,0,0,,"Calle",,"SANTA FE","La Capital","Asfalto","Pavimento","I","Dentro","Urbana","S/D","No existe","Intersección","Bueno","Buena","Diurna","Buen Tiempo","S/D","Ciclista","Atropello","S/D","Vertical","Cordón divisorio","Sin restricción"
2017,2516,5/22/2017,"Lunes",0,16:00:00,,"0.0",2,"Automóvil,Moto/Ciclomotor","Av Facundo Zuviria Y Quintana",3,2,0,0,1,0,0,,"Calle",,"SANTA FE","La Capital","Asfalto","No existe","I","Dentro","Urbana","Semáforo","Funciona","Intersección","Bueno","Buena","Diurna","S/D","S/D","S/D","Colisión","S/D","Vertical","Cordón divisorio","S/D"
2017,2517,5/22/2017,"Lunes",0,13:30:00,,"0.0",2,"Moto/Ciclomotor,Automóvil","Av Facundo Zuviria Y Pedro Ferre",2,1,0,0,1,0,0,,"Calle",,"SANTA FE","La Capital","Asfalto","Pavimento","I","Dentro","Urbana","Semáforo","Funciona","Intersección","Bueno","Buena","Diurna","S/D","S/D","S/D","Colisión","Ninguna","Vertical","Cordón divisorio","S/D"
2017,2518,5/22/2017,"Lunes",0,8:30:00,,"0.0",2,"Automóvil,Moto/Ciclomotor","Av A del Valle Y Risso",3,2,0,0,1,0,0,,"Calle",,"SANTA FE","La Capital","Asfalto","Pavimento","I","Dentro","Urbana","S/D","No existe","Intersección","S/D","Buena","Diurna","S/D","S/D","S/D","Colisión","S/D","Vertical","Cordón divisorio","S/D"
2017,2519,5/21/2017,"Domingo",0,14:45:00,,"0.0",2,"Moto/Ciclomotor,Automóvil","San Jeronimo Y Martin Zapata",2,1,0,0,1,0,0,,"Calle",,"SANTA FE","La Capital","Asfalto","Pavimento","I","Dentro","Urbana","S/D","No existe","Intersección","Bueno","Buena","Diurna","S/D","S/D","S/D","Colisión","S/D","Vertical","S/D","S/D"
2017,2520,5/17/2017,"Miercoles",0,21:30:00,,"0.0",2,"Automóvil,Moto/Ciclomotor","J Castelli Y 9 de Julio",5,4,0,0,1,0,0,,"Calle",,"SANTA FE","La Capital","Asfalto","No existe","I","Dentro","Urbana","S/D","No existe","Intersección","S/D","Buena","Nocturna","S/D","S/D","S/D","Colisión","S/D","S/D","S/D","Sin restricción"
2017,2521,5/16/2017,"Martes",0,17:40:00,,"0.0",2,"Moto/Ciclomotor,Pickup/Utilitario","Av A del Valle Y Martin Zapata",2,1,0,0,1,0,0,,"Calle",,"SANTA FE","La Capital","Asfalto","Pavimento","I","Dentro","Urbana","S/D","No existe","Intersección","Bueno","Buena","Diurna","S/D","S/D","S/D","Colisión","S/D","Vertical","S/D","Sin restricción"
2017,2522,5/15/2017,"Lunes",0,17:30:00,,"0.0",2,"Moto/Ciclomotor,Automóvil","Av A del Valle Y Vieytes",2,1,0,0,1,0,0,,"Calle",,"SANTA FE","La Capital","Asfalto","Pavimento","I","Dentro","Urbana","S/D","No existe","Intersección","Bueno","Buena","Diurna","S/D","S/D","S/D","Colisión","Ninguna","S/D","Cordón divisorio","S/D"
2017,2523,5/15/2017,"Lunes",0,12:00:00,,"0.0",1,"Moto/Ciclomotor","Pedro Alejandro Vittori Y Pedro Centeno",2,2,0,0,0,0,0,,"Calle",,"SANTA FE","La Capital","Asfalto","Pavimento","I","Dentro","Urbana","S/D","S/D","Recta","Bueno","Buena","Diurna","S/D","S/D","S/D","Caída ocupante","S/D","S/D","S/D","S/D"
2017,2524,5/3/2017,"Miercoles",0,14:03:00,,"0.0",2,"Automóvil,Moto/Ciclomotor","Entre Rios 700",2,1,0,0,1,0,0,,"Calle",,"ROSARIO","Rosario","Hormigón","Pavimento","II","Dentro","Urbana","Ninguna","No existe","Recta","Bueno","Buena","Diurna","Buen Tiempo","Lateral","S/D","Colisión","Ninguna","Vertical","Cordón divisorio","Sin restricción"
2017,2525,5/3/2017,"Miercoles",0,8:55:00,,"0.0",2,"Automóvil,Peatón","Mendoza Y Alvear",2,1,0,0,1,0,0,,"Calle",,"ROSARIO","Rosario","Asfalto","Pavimento","II","Dentro","Urbana","Semáforo","Funciona","Intersección","Bueno","Buena","Diurna","Buen Tiempo","S/D","Peatón","Atropello","Ninguna","Vertical","Cordón divisorio","S/D"
2017,2526,5/6/2017,"Sabado",0,8:50:00,,"0.0",2,"Automóvil,Automóvil","Av. Pellegrini Y J.M.de Rosas",2,2,0,0,0,0,0,,"Calle",,"ROSARIO","Rosario","Asfalto","Pavimento","II","Dentro","Urbana","Ninguna","Funciona","Intersección","Bueno","Buena","Diurna","Buen Tiempo","Lateral","S/D","Colisión","Ninguna","Vertical","Cordón divisorio","Sin restricción"
2017,2527,5/6/2017,"Sabado",0,1:40:00,,"0.0",2,"Taxi/Remis,Cuatriciclo","Bv. Oroño Y Monte Flores",2,1,0,0,1,0,0,,"Calle",,"ROSARIO","Rosario","Asfalto","No existe","II","Dentro","Urbana","Semáforo","Funciona","Intersección","Bueno","Buena","Nocturna","Buen Tiempo","S/D","S/D","Colisión","Ninguna","Vertical","Cordón divisorio","S/D"
2017,2528,5/8/2017,"Lunes",0,12:25:00,,"0.0",2,"Automóvil,Peatón","E.Zeballos Y Paraguay",2,1,0,0,1,0,0,,"Calle",,"ROSARIO","Rosario","Asfalto","Pavimento","II","Dentro","Urbana","Ninguna","S/D","Intersección","Bueno","Buena","Diurna","Buen Tiempo","S/D","Peatón","Atropello","Ninguna","Horizontal","Cordón divisorio","Sin restricción"
2017,2529,5/8/2017,"Lunes",0,18:15:00,,"0.0",2,"Moto/Ciclomotor,Automóvil","E.Zeballos Y Alvear",2,0,1,0,1,0,0,,"Calle",,"ROSARIO","Rosario","Asfalto","Pavimento","II","Dentro","Urbana","S/D","S/D","Intersección","Bueno","Buena","Diurna","S/D","Lateral","S/D","Colisión","Ninguna","Horizontal","Cordón divisorio","S/D"
2017,2530,5/11/2017,"Jueves",0,1:45:00,,"0.0",2,"Taxi/Remis,Automóvil","Av. Pellegrini Y Entre Rios",3,3,0,0,0,0,0,,"Calle",,"ROSARIO","Rosario","Asfalto","Pavimento","II","Dentro","Urbana","Semáforo","Funciona","Intersección","Bueno","Buena","Nocturna","Buen Tiempo","Lateral","S/D","Colisión","Ninguna","Vertical","Cordón divisorio","Sin restricción"
2017,2531,5/7/2017,"Domingo",0,14:15:00,,"0.0",2,"Moto/Ciclomotor,Automóvil","Montevideo Y Ayacucho",3,2,0,0,1,0,0,,"Calle",,"ROSARIO","Rosario","Asfalto","Pavimento","II","Dentro","Urbana","Ninguna","S/D","Intersección","Bueno","Buena","Diurna","Buen Tiempo","Lateral","S/D","Colisión","Ninguna","Horizontal","Cordón divisorio","Sin restricción"
2017,2532,5/11/2017,"Jueves",0,23:40:00,,"0.0",2,"Peatón,Automóvil","Pte.Roca Y San Juan",2,1,0,0,1,0,0,,"Calle",,"ROSARIO","Rosario","Asfalto","Pavimento","II","Dentro","Urbana","Semáforo","Funciona","Intersección","Bueno","Buena","Nocturna","Buen Tiempo","S/D","Peatón","Atropello","Ninguna","Vertical","Cordón divisorio","Sin restricción"
2017,2533,5/9/2017,"Martes",0,8:30:00,,"0.0",2,"Peatón,Moto/Ciclomotor","Pje. Ricardone 1300",2,1,0,0,1,0,0,,"Calle",,"ROSARIO","Rosario","Asfalto","Pavimento","II","Dentro","Urbana","Ninguna","No existe","Recta","Bueno","Buena","Diurna","Buen Tiempo","S/D","Peatón","Atropello","Ninguna","S/D","Cordón divisorio","Sin restricción"
2017,2534,5/2/2017,"Martes",0,22:30:00,,"0.0",2,"Automóvil,Taxi/Remis","San Juan De Luz Y Mariano Moreno",2,1,0,0,1,0,0,,"Calle",,"ROSARIO","Rosario","Asfalto","Pavimento","II","Dentro","Urbana","Ninguna","S/D","Recta","Bueno","Buena","Nocturna","Buen Tiempo","De alcance","S/D","Colisión","Ninguna","S/D","Ninguna","Sin restricción"
2017,2535,5/23/2017,"Martes",0,14:10:00,,"0.0",2,"Peatón,Automóvil","Santa Fe Y Balcarce",2,1,0,0,0,0,1,,"Calle",,"ROSARIO","Rosario","Asfalto","Pavimento","II","Dentro","Urbana","Semáforo","Funciona","Intersección","Bueno","Buena","Diurna","Buen Tiempo","S/D","Peatón","Atropello","Ninguna","Vertical","Cordón divisorio,Ninguna","Sin restricción"
2017,2536,5/22/2017,"Lunes",0,13:50:00,,"0.0",3,"Moto/Ciclomotor,Automóvil,Transporte de Pasajeros Urbano (> 8 asientos)","Paraguay Y 9 De Julio",5,2,0,0,2,0,1,,"Calle",,"ROSARIO","Rosario","Asfalto","Pavimento","II","Dentro","Urbana","S/D","S/D","Intersección","Bueno","Buena","Diurna","Buen Tiempo","Lateral,Múltiple","S/D","Colisión","Ninguna","Vertical","Cordón divisorio","Sin restricción"
2017,2537,5/20/2017,"Sabado",0,9:25:00,,"0.0",2,"Automóvil,Bicicleta","3 De Febrero Y Italia",4,1,0,0,3,0,0,,"Calle",,"ROSARIO","Rosario","Asfalto","Pavimento","II","Dentro","Urbana","Ninguna","No existe","Intersección","Bueno","Buena","Diurna","Buen Tiempo","S/D","Ciclista","Atropello","Ninguna","Faltante","Cordón divisorio","Sin restricción"
2017,2539,5/9/2017,"Martes",0,11:20:00,,"0.0",2,"Automóvil,Bicicleta","San Juan Y Av. Corrientes",2,1,0,0,1,0,0,,"Calle",,"ROSARIO","Rosario","Asfalto","Pavimento","II","Dentro","Urbana","Semáforo","Funciona","Intersección","Bueno","Buena","Diurna","Buen Tiempo","S/D","Ciclista","Atropello","Ninguna","Horizontal,Vertical","Cordón divisorio","Sin restricción"
2017,2540,5/26/2017,"Viernes",0,13:45:00,,"0.0",2,"Moto/Ciclomotor,Peatón","San Luis 1600",2,1,0,0,1,0,0,,"Calle",,"ROSARIO","Rosario","Asfalto","Pavimento","II","Dentro","Urbana","Ninguna","No existe","Recta","Bueno","Buena","Diurna","Buen Tiempo","S/D","Peatón","Atropello","Ninguna","Horizontal","Cordón divisorio","Sin restricción"
2017,2541,5/22/2017,"Lunes",0,7:25:00,,"0.0",2,"Transporte de Pasajeros Urbano (> 8 asientos),Bicicleta","Santa Fe Y Av. Corrientes",2,1,0,0,1,0,0,,"Calle",,"ROSARIO","Rosario","Hormigón","Pavimento","II","Dentro","Urbana","Semáforo","Funciona","Intersección","Bueno","Buena","Diurna","Buen Tiempo","S/D","Ciclista","Atropello","Ninguna","Vertical","Ninguna","Sin restricción"
2017,2542,5/14/2017,"Domingo",0,4:40:00,,"0.0",2,"Automóvil,Automóvil","Bv. Oroño Y Catamarca",3,2,0,0,1,0,0,,"Calle",,"ROSARIO","Rosario","Hormigón","Pavimento","II","Dentro","Urbana","Ninguna","No existe","Intersección","Bueno","Buena","Nocturna","Buen Tiempo","Frontal","S/D","Colisión","Ninguna","Faltante","Ninguna","Sin restricción"
2017,2543,5/13/2017,"Sabado",0,22:50:00,,"0.0",2,"Moto/Ciclomotor,Taxi/Remis","Pte.Roca Y Jujuy",2,1,0,0,1,0,0,,"Calle",,"ROSARIO","Rosario","Asfalto","Pavimento","II","Dentro","Urbana","Ninguna","No existe","Intersección","Bueno","Buena","Nocturna","Buen Tiempo","Lateral","S/D","Colisión","Ninguna","Faltante","Ninguna","Sin restricción"
2017,2544,5/28/2017,"Domingo",0,14:30:00,,"0.0",2,"Automóvil,Automóvil","Av. Sorrento Y Av. Provincias Unidas",9,5,0,0,4,0,0,,"Calle",,"ROSARIO","Rosario","Asfalto","No existe","II","Dentro","Urbana","Señal Ceda el Paso","No existe","Recta","Bueno","Buena","Diurna","Buen Tiempo","De alcance","S/D","Colisión","Ninguna","Vertical","Línea divisoria pintada","Sin restricción"
2017,2545,5/28/2017,"Domingo",0,21:30:00,,"0.0",2,"Moto/Ciclomotor,Moto/Ciclomotor","La Paz Y L.N.Alem",3,2,0,0,1,0,0,,"Calle",,"ROSARIO","Rosario","Asfalto","No existe","II","Dentro","Urbana","S/D","S/D","Intersección","Bueno","Buena","Nocturna","Buen Tiempo","S/D","S/D","Colisión","Ninguna","S/D","S/D","Sin restricción"
2017,2546,5/7/2017,"Domingo",0,12:00:00,,"0.0",2,"Automóvil,Automóvil","San Martin Y F.Frias",4,1,0,0,1,0,2,,"Avenida",,"ROSARIO","Rosario","Asfalto","S/D","II","S/D","S/D","Semáforo","S/D","Intersección","Bueno","S/D","Diurna","Buen Tiempo","Lateral","S/D","Colisión","Ninguna","Vertical","Cordón divisorio","Sin restricción"
2017,2547,5/1/2017,"Lunes",1,,,"0.0",2,"Bicicleta,Moto/Ciclomotor"," ",2,1,0,0,1,0,0,,"S/D",,"ROSARIO","Rosario","S/D","S/D","II","S/D","S/D","S/D","S/D","S/D","S/D","S/D","S/D","S/D","S/D","Ciclista","Atropello","S/D","S/D","S/D","S/D"
2017,2548,5/1/2017,"Lunes",1,,,"0.0",2,"Moto/Ciclomotor,Pickup/Utilitario"," ",2,1,0,0,1,0,0,,"S/D",,"ROSARIO","Rosario","S/D","S/D","II","S/D","S/D","S/D","S/D","S/D","S/D","S/D","S/D","S/D","S/D","S/D","Colisión","S/D","S/D","S/D","S/D"
2017,2549,5/8/2017,"Lunes",0,16:05:00,,"0.0",2,"Automóvil,Moto/Ciclomotor","Av. Francia Y Viamonte",2,1,0,0,1,0,0,,"Avenida",,"ROSARIO","Rosario","Asfalto","S/D","II","S/D","Urbana","Semáforo","Funciona","Intersección","Bueno","Buena","Diurna","Buen Tiempo","S/D","S/D","Colisión","S/D","S/D","S/D","S/D"
2017,2550,5/1/2017,"Lunes",0,19:00:00,,"0.0",2,"Moto/Ciclomotor,Peatón","Garmendia ",2,2,0,0,0,0,0,,"Calle",,"SANTA FE","La Capital","Asfalto","No existe","I","Dentro","Urbana","Ninguna","No existe","Intersección","Bueno","Buena","Atardecer","Buen Tiempo","S/D","Peatón","Atropello","Ninguna","S/D","Ninguna","Sin restricción"
2017,2551,5/13/2017,"Sabado",0,3:30:00,,"0.0",3,"Taxi/Remis,Automóvil,Automóvil","Bv. Rondeau Y Av. Irigoyen",3,2,0,0,1,0,0,,"Avenida",,"ROSARIO","Rosario","Asfalto","No existe","II","Dentro","Urbana","Semáforo","S/D","S/D","S/D","S/D","Nocturna","Buen Tiempo","Múltiple","S/D","Colisión","S/D","S/D","Cordón divisorio","Sin restricción"
2017,2552,5/18/2017,"Jueves",0,15:30:00,,"0.0",2,"Moto/Ciclomotor,Automóvil","Casilda Y Albert Sabin",2,1,0,0,1,0,0,,"Calle",,"ROSARIO","Rosario","Asfalto","Pavimento","II","S/D","Urbana","S/D","S/D","Intersección","S/D","S/D","Diurna","S/D","S/D","S/D","Colisión","S/D","S/D","S/D","S/D"
2017,2553,5/23/2017,"Martes",0,16:30:00,,"0.0",2,"Otros,Peatón","Velez Sarsfield Y Bv. Avellaneda",2,1,0,0,1,0,0,,"Calle",,"ROSARIO","Rosario","Asfalto","S/D","II","S/D","Urbana","S/D","S/D","Intersección","S/D","S/D","Diurna","S/D","S/D","Peatón","Atropello","S/D","S/D","S/D","S/D"
2017,2554,5/19/2017,"Viernes",0,7:40:00,"Autovía Nacional A012","23.4",1,"Automóvil"," ",5,5,0,0,0,0,0,,"Autovía","A012","SOLDINI","Rosario","Asfalto","Natural","II","Fuera","Rural","S/D","No existe","Recta","Bueno","S/D","Amanecer","S/D","S/D","S/D","Vuelco","Ninguna","S/D","S/D","S/D"
2017,2556,5/8/2017,"Lunes",0,16:10:00,,"0.0",2,"Automóvil,Moto/Ciclomotor","Bv. Avellaneda Y Gorriti",3,1,0,0,2,0,0,,"Avenida",,"ROSARIO","Rosario","Asfalto","S/D","II","S/D","Urbana","S/D","S/D","Intersección","S/D","S/D","Diurna","S/D","S/D","S/D","Colisión","S/D","S/D","S/D","S/D"
2017,2557,5/4/2017,"Jueves",0,14:00:00,"Ruta Nacional 33","0.0",2,"Moto/Ciclomotor,Camión c / Acoplado"," ",2,1,0,0,1,0,0,,"Ruta",33,"PEREZ","Rosario","S/D","Ripio","II","Dentro","Urbana","Ninguna","No existe","Cruce","Otro","Buena","Diurna","Otro","De alcance","S/D","Colisión","Ninguna","Vertical","Línea divisoria pintada","Sin restricción"
2017,2558,5/3/2017,"Miercoles",0,17:30:00,,"0.0",2,"Automóvil,Camión Chasis","Av Las Palmeras 4200",2,1,0,0,1,0,0,,"Calle",,"PEREZ","Rosario","S/D","No existe","II","Dentro","Urbana","Ninguna","No existe","Recta","Otro","Buena","Atardecer","Otro","De alcance","S/D","Colisión","Ninguna","Faltante","Ninguna","Sin restricción"