"anio_acci","nro_acci","fecha","desc_dia","fecha_aprox","hora_aprox","desc_ruta","km","cant_participantes","desc_participante","calle_avenida_km","total","heridos_leves","heridos_graves","heridos_gravisimos","ilesos","fallecidos","sin_datos","posicion_XY","desc_tipo_via","desc_ruta_ori","desc_loc","desc_dpto","desc_tipo_calzada","desc_tipo_banquina","desc_unidad_regional","desc_lugar_calzada","desc_zona","desc_prioridad","desc_estado_semaforo","desc_lugar_via","desc_estado_via","desc_estado_visibilidad","desc_luminosidad","desc_estado_clima","desc_tipo_colision","desc_tipo_atropello","desc_tipo_hecho","desc_pres_calzada","desc_senializacion","desc_separacion_via","desc_restriccion"
2017,2559,5/2/2017,"Martes",0,15:15:00,"Ruta Nacional 33","0.0",2,"Automóvil,Automóvil"," ",3,2,0,0,1,0,0,,"Ruta",33,"PEREZ","Rosario","S/D","Ripio","II","Dentro","Urbana","S/D","No existe","Recta","Otro","Buena","Atardecer","Otro","De alcance","S/D","Colisión","Ninguna","Faltante","Línea divisoria pintada","Sin restricción"
2017,2560,5/3/2017,"Miercoles",0,17:20:00,,"0.0",2,"Moto/Ciclomotor,Automóvil","Av. Francia 3200",2,1,0,0,1,0,0,,"Avenida",,"ROSARIO","Rosario","Asfalto","Pavimento","II","Dentro","Urbana","Ninguna","No existe","Recta","Bueno","Buena","Atardecer","Buen Tiempo","Lateral","S/D","Colisión","Ninguna","Faltante","Ninguna","Sin restricción"
2017,2561,5/2/2017,"Martes",0,14:40:00,,"0.0",2,"Automóvil,Moto/Ciclomotor","Bv. Segui Y Ricchieri",3,0,2,0,1,0,0,,"Avenida",,"ROSARIO","Rosario","Asfalto","No existe","II","Dentro","Urbana","Ninguna","No existe","Intersección","Bueno","Buena","Diurna","Buen Tiempo","Lateral","S/D","Colisión","Ninguna","S/D","Vegetación","Sin restricción"
2017,2562,5/2/2017,"Martes",0,14:10:00,,"0.0",2,"Automóvil,Bicicleta","Av. Lugones Y Biedma",2,1,0,0,1,0,0,,"Avenida",,"ROSARIO","Rosario","Asfalto","No existe","II","Dentro","Urbana","Semáforo","Funciona","Intersección","Bueno","Buena","Diurna","Buen Tiempo","S/D","Ciclista","Atropello","Ninguna","S/D","Vegetación","Sin restricción"
2017,2563,5/2/2017,"Martes",0,19:50:00,,"0.0",2,"Moto/Ciclomotor,Automóvil","Av. Uriburu Y Bv. Bouchard",3,1,0,0,2,0,0,,"Avenida",,"ROSARIO","Rosario","Asfalto","No existe","II","Dentro","Rural","Ninguna","No existe","Intersección","Bueno","Buena","Diurna","Buen Tiempo","Lateral","S/D","Colisión","Ninguna","Faltante","Vegetación","Sin restricción"
2017,2564,5/24/2017,"Miercoles",0,15:15:00,,"0.0",2,"Bicicleta,Automóvil","Av. Arijon Y Casella",2,1,0,0,1,0,0,,"Avenida",,"ROSARIO","Rosario","Asfalto","No existe","II","Dentro","Urbana","Ninguna","No existe","Intersección","Bueno","Buena","Diurna","Buen Tiempo","S/D","Ciclista","Atropello","Ninguna","Vertical","Línea divisoria pintada","Sin restricción"
2017,2565,5/27/2017,"Sabado",0,21:00:00,,"0.0",3,"Bicicleta,Automóvil,Automóvil","Bv. Oroño Y Esteban de Luca",3,1,0,0,2,0,0,,"Avenida",,"ROSARIO","Rosario","Asfalto","No existe","II","Dentro","Urbana","Ninguna","No existe","Recta","Bueno","Buena","Con luz artificial","Buen Tiempo","Lateral","S/D","Colisión","Ninguna","Vertical","Cordón divisorio","Sin restricción"
2017,2566,5/29/2017,"Lunes",0,15:40:00,,"0.0",2,"Automóvil,Taxi/Remis","Av. Ntra.Sra.del Rosario Y Rodriguez",2,1,0,0,1,0,0,,"Avenida",,"ROSARIO","Rosario","Asfalto","No existe","II","Dentro","Urbana","Ninguna","No existe","Intersección","Con baches","Buena","Diurna","Buen Tiempo","Lateral","S/D","Colisión","Ninguna","Faltante","Ninguna","Sin restricción"
2017,2567,5/2/2017,"Martes",0,20:45:00,,"0.0",2,"Moto/Ciclomotor,Automóvil","Dorrego Y Madre Cabrini",3,2,0,0,1,0,0,,"Calle",,"ROSARIO","Rosario","Asfalto","No existe","II","Dentro","Urbana","Ninguna","No existe","Intersección","Bueno","Buena","Con luz artificial","Buen Tiempo","Lateral","S/D","Colisión","Ninguna","Faltante","Ninguna","Sin restricción"
2017,2568,5/8/2017,"Lunes",0,18:30:00,,"0.0",2,"Moto/Ciclomotor,Automóvil","Av. Arijon Y Dorrego",2,1,0,0,1,0,0,,"Avenida",,"ROSARIO","Rosario","Asfalto","No existe","II","Dentro","Urbana","Semáforo","Funciona","Recta","Bueno","Buena","Atardecer","Buen Tiempo","Lateral","S/D","Colisión","Ninguna","Vertical","Línea divisoria pintada","Sin restricción"
2017,2569,5/24/2017,"Miercoles",0,18:55:00,,"0.0",2,"Automóvil,Taxi/Remis","Av. Pellegrini Y Italia",4,2,0,0,2,0,0,,"Avenida",,"ROSARIO","Rosario","Asfalto","No existe","II","Dentro","Urbana","Semáforo","Funciona","Intersección","Bueno","Reducida","Atardecer,Con luz artificial","Buen Tiempo","Lateral","S/D","Colisión","Ninguna","Vertical","Cordón divisorio","Sin restricción"
2017,2570,5/19/2017,"Viernes",0,13:30:00,,"0.0",2,"Automóvil,Moto/Ciclomotor","J.M.de Rosas Y Ayolas",3,2,0,0,1,0,0,,"Calle",,"ROSARIO","Rosario","Asfalto","No existe","II","S/D","Urbana","Ninguna","No existe","Intersección","Bueno","Buena","Diurna","Buen Tiempo","S/D","S/D","Colisión","Ninguna","Horizontal","Ninguna","S/D"
2017,2571,5/8/2017,"Lunes",0,15:20:00,,"0.0",2,"Automóvil,Automóvil","Necochea Y Biedma",4,1,0,0,3,0,0,,"Calle",,"ROSARIO","Rosario","Asfalto","No existe","II","S/D","Urbana","Ninguna","No existe","Intersección","Bueno","Buena","Diurna","Buen Tiempo","Lateral","S/D","Colisión","Ninguna","Faltante","Ninguna","Sin restricción"
2017,2572,5/5/2017,"Viernes",0,12:30:00,,"0.0",3,"Automóvil,Automóvil,Automóvil","Virasoro Y Esmeralda",7,7,0,0,0,0,0,,"Calle",,"ROSARIO","Rosario","Asfalto","Natural","II","S/D","Urbana","Ninguna","No existe","Intersección","Bueno","Buena","Diurna","Buen Tiempo","De alcance","S/D","Colisión","S/D","S/D","Ninguna","Sin restricción"
2017,2573,5/5/2017,"Viernes",0,21:40:00,,"0.0",2,"Moto/Ciclomotor,Peatón","J J Paso ",4,0,0,0,0,0,4,,"S/D",,"SANTA FE","La Capital","S/D","S/D","I","S/D","S/D","S/D","S/D","Puente","S/D","S/D","Nocturna","S/D","S/D","Peatón","Atropello","S/D","S/D","S/D","S/D"
2017,2574,5/7/2017,"Domingo",0,4:10:00,,"0.0",2,"Moto/Ciclomotor,Automóvil","Bv. Segui Y Sarmiento",3,1,0,0,1,1,0," -32.979068,-60.64644","Avenida",,"ROSARIO","Rosario","Asfalto","No existe","II","Dentro","Urbana","Ninguna","No existe","Recta","Bueno","Reducida","Nocturna","Buen Tiempo","Lateral","S/D","Colisión","Ninguna","Faltante","Ninguna","Sin restricción"
2017,2575,5/2/2017,"Martes",0,11:40:00,,"0.0",2,"Automóvil,Automóvil","Mitre Y Pje. Mozart",3,1,0,0,2,0,0,,"Calle",,"ROSARIO","Rosario","Asfalto","No existe","II","Dentro","Urbana","Ninguna","No existe","Intersección","Bueno","Buena","Diurna","Buen Tiempo","Lateral","S/D","Colisión","Ninguna","Faltante","Ninguna","S/D"
2017,2576,5/2/2017,"Martes",0,18:15:00,,"0.0",2,"Automóvil,Bicicleta","Entre Rios Y Dr.Rivas",2,1,0,0,1,0,0,,"Calle",,"ROSARIO","Rosario","Asfalto","No existe","II","Dentro","Urbana","Ninguna","No existe","Intersección","Bueno","Buena","Atardecer","Buen Tiempo","S/D","S/D","Atropello","S/D","Faltante","Ninguna","Sin restricción"
2017,2577,5/1/2017,"Lunes",0,15:50:00,,"0.0",2,"Automóvil,Moto/Ciclomotor","San Martin Y Centeno",2,1,0,0,1,0,0,,"Avenida",,"ROSARIO","Rosario","Asfalto","No existe","II","Dentro","Urbana","Ninguna","Funciona","Recta","Bueno","Buena","Diurna","Buen Tiempo","De alcance","S/D","Colisión","Ninguna","Horizontal,Vertical","Ninguna","S/D"
2017,2578,5/1/2017,"Lunes",0,16:45:00,,"0.0",2,"Automóvil,Moto/Ciclomotor","Pte.Quintana Y Mitre",3,2,0,0,1,0,0,,"Calle",,"ROSARIO","Rosario","Asfalto","No existe","II","Dentro","Urbana","Ninguna","No existe","Intersección","Bueno","Buena","Diurna","Buen Tiempo","Lateral","S/D","Colisión","Ninguna","Faltante","Ninguna","S/D"
2017,2579,3/11/2017,"Sabado",0,18:30:00,,"0.0",2,"Moto/Ciclomotor,Automóvil","Calle 15-Patricio Diez ",2,1,0,0,1,0,0,,"Calle",,"RECONQUISTA","General Obligado","Asfalto","No existe","IX","Dentro","Urbana","Ninguna","S/D","Intersección","Bueno","Buena","Diurna","Buen Tiempo","S/D","S/D","Colisión","Ninguna","Horizontal","S/D","S/D"
2017,2580,3/20/2017,"Lunes",0,9:00:00,,"0.0",2,"Moto/Ciclomotor,Automóvil","Calle 17-Bartolome Mitre Y Roca Pte",2,1,0,0,1,0,0,,"Calle",,"RECONQUISTA","General Obligado","Asfalto","No existe","IX","Dentro","Urbana","Ninguna","No existe","Intersección","Bueno","Buena","Diurna","Buen Tiempo","Frontal","S/D","Colisión","Ninguna","Horizontal","Ninguna","Sin restricción"
2017,2581,3/20/2017,"Lunes",0,10:30:00,,"0.0",2,"Moto/Ciclomotor,Automóvil","Calle 25-Rivadavia Y Calle 10-Ludue±a",2,1,0,0,1,0,0,,"Calle",,"RECONQUISTA","General Obligado","Asfalto","No existe","IX","Dentro","Urbana","Ninguna","No existe","Intersección","Bueno","Buena","Diurna","Buen Tiempo","Lateral","S/D","Colisión","Ninguna","Horizontal","Ninguna","Sin restricción"
2017,2582,3/23/2017,"Jueves",0,8:00:00,"Ruta Nacional 11","0.0",2,"Bicicleta,Automóvil"," ",2,1,0,0,1,0,0,,"Ruta",11,"RECONQUISTA","General Obligado","Asfalto","No existe","IX","Dentro","Urbana","Ninguna","No existe","S/D","Bueno","Buena","S/D","S/D","S/D","Ciclista","Atropello","Ninguna","Horizontal","Ninguna","Sin restricción"
2017,2583,3/24/2017,"Viernes",0,19:40:00,"Ruta Nacional 11","0.0",2,"Moto/Ciclomotor,Moto/Ciclomotor","Calle 21-Gdor. iriondo ",3,3,0,0,0,0,0,,"Ruta",11,"RECONQUISTA","General Obligado","Asfalto","Pavimento","IX","Dentro","Urbana","Ninguna","No existe","Intersección","Bueno","Buena","Nocturna","Buen Tiempo","Lateral","S/D","Colisión","Ninguna","S/D","Cordón divisorio","Sin restricción"
2017,2584,3/19/2017,"Domingo",0,19:40:00,,"0.0",2,"Automóvil,Moto/Ciclomotor","Calle 18 - Gral Belgrano Y Calle 31-Newbery",2,1,0,0,1,0,0,,"Calle",,"RECONQUISTA","General Obligado","Asfalto","No existe","IX","Dentro","Urbana","Marca Vial","No existe","Intersección","Con baches","Buena","Atardecer,Con luz artificial","Buen Tiempo","S/D","S/D","Colisión","Ninguna","Horizontal","S/D","Sin restricción"
2017,2585,3/13/2017,"Lunes",0,8:30:00,,"0.0",2,"Automóvil,Moto/Ciclomotor","Calle 41-43 Y Calle 33-Pueyrredon",2,1,0,0,1,0,0,,"Calle",,"RECONQUISTA","General Obligado","Asfalto","Pavimento","IX","Dentro","Urbana","Ninguna","No existe","Intersección","Bueno","Buena","Diurna","Buen Tiempo","Frontal","S/D","Colisión","Ninguna","Faltante","Ninguna","Sin restricción"
2017,2586,3/16/2017,"Jueves",0,20:05:00,"Ruta Nacional 11","0.0",2,"Moto/Ciclomotor,Bicicleta","Calle 15-Patricio Diez ",2,2,0,0,0,0,0,,"Ruta",11,"RECONQUISTA","General Obligado","Asfalto","No existe","IX","Dentro","Urbana","Semáforo","Funciona","Recta","Bueno","Buena","Atardecer","Buen Tiempo","S/D","Ciclista","Atropello","Ninguna","Faltante","Cordón divisorio","Sin restricción"
2017,2587,3/29/2017,"Miercoles",0,19:30:00,,"0.0",2,"Bicicleta,Automóvil","Calle 21-Gdor. iriondo Y Calle 23-Gral lopez",2,1,0,0,1,0,0,,"Calle",,"RECONQUISTA","General Obligado","Asfalto","No existe","IX","Dentro","Urbana","Ninguna","No existe","Intersección","Bueno","Buena","Nocturna","Buen Tiempo","S/D","Ciclista","Atropello","Ninguna","Horizontal","Ninguna","S/D"
2017,2588,3/5/2017,"Domingo",0,20:15:00,,"0.0",2,"Moto/Ciclomotor,Automóvil","Calle 18 - Gral Belgrano Y Calle 13-Iturraspe",2,1,0,0,1,0,0,,"Calle",,"RECONQUISTA","General Obligado","Asfalto","No existe","IX","Dentro","Urbana","Ninguna","No existe","Intersección","Bueno","Buena","Nocturna","Buen Tiempo","Lateral","S/D","Colisión","Ninguna","Horizontal","Ninguna","Sin restricción"
2017,2589,3/6/2017,"Lunes",0,10:35:00,,"0.0",2,"Automóvil,Moto/Ciclomotor","Calle 33-Pueyrredon Y Roca Pte",2,1,0,0,1,0,0,,"Calle",,"RECONQUISTA","General Obligado","Asfalto","S/D","IX","Dentro","Urbana","Ninguna","No existe","Recta","Bueno","Buena","Diurna","Buen Tiempo","S/D","S/D","Colisión","S/D","Horizontal","Ninguna","Sin restricción"
2017,2590,3/7/2017,"Martes",0,9:25:00,"Ruta Nacional 11","0.0",2,"Pickup/Utilitario,Bicicleta","Calle 9-Italia ",2,1,0,0,1,0,0,,"Ruta",11,"RECONQUISTA","General Obligado","Asfalto","No existe","IX","Dentro","Urbana","Ninguna","No existe","Recta","Bueno","Buena","Diurna","Buen Tiempo","Lateral","Ciclista","Atropello","Ninguna","Horizontal,Vertical","Barrera de hormigón","Sin restricción"
2017,2591,3/30/2017,"Jueves",0,7:05:00,,"0.0",2,"Moto/Ciclomotor,Transporte de Pasajeros Urbano (> 8 asientos)","Calle 9-Mariano Moreno ",2,1,0,0,1,0,0,,"Calle",,"RECONQUISTA","General Obligado","Asfalto","No existe","IX","Dentro","Urbana","Ninguna","No existe","Intersección","Bueno","Buena","Diurna","Buen Tiempo","De alcance","S/D","Colisión","Ninguna","S/D","Ninguna","Sin restricción"
2017,2592,3/21/2017,"Martes",0,9:00:00,,"0.0",3,"Moto/Ciclomotor,Automóvil,Automóvil","Calle 20-9 de Julio Y Calle 21-Gdor. iriondo",3,1,0,0,2,0,0,,"Calle",,"RECONQUISTA","General Obligado","Asfalto","No existe","IX","Dentro","Urbana","Ninguna","No existe","Intersección","Bueno","Buena","Diurna","Buen Tiempo","Múltiple","S/D","Colisión","Ninguna","Faltante","Ninguna","Sin restricción"
2017,2593,3/21/2017,"Martes",0,8:50:00,,"0.0",2,"Pickup/Utilitario,Moto/Ciclomotor","Calle 22- 25 de Mayo Y Calle 19-Habegger",3,2,0,0,1,0,0,,"Calle",,"RECONQUISTA","General Obligado","Asfalto","No existe","IX","Dentro","Urbana","Ninguna","No existe","Intersección","Bueno","Buena","Diurna","Buen Tiempo","S/D","S/D","Colisión","Ninguna","Faltante","Cordón divisorio","Sin restricción"
2017,2594,3/20/2017,"Lunes",0,18:30:00,"Ruta Nacional 11","0.0",2,"Automóvil,Moto/Ciclomotor","Calle 27-Gdor Freyre ",2,1,0,0,1,0,0,,"Ruta",11,"RECONQUISTA","General Obligado","Hormigón","Pavimento","IX","Dentro","Urbana","Ninguna","No existe","Recta","Bueno","Buena","Nocturna","Buen Tiempo","S/D","S/D","Colisión","Ninguna","Faltante","Cordón divisorio","Sin restricción"
2017,2595,3/17/2017,"Viernes",0,7:50:00,,"0.0",2,"Pickup/Utilitario,Moto/Ciclomotor","Calle 10-Ludue±a Y Calle 17-Bartolome Mitre",2,1,0,0,1,0,0,,"Calle",,"RECONQUISTA","General Obligado","Asfalto","No existe","IX","Dentro","Urbana","Ninguna","No existe","Intersección","Bueno","Buena","Diurna","Buen Tiempo","Lateral","S/D","Colisión","Ninguna","Faltante","Ninguna","Sin restricción"
2017,2596,3/16/2017,"Jueves",0,21:40:00,,"0.0",2,"Moto/Ciclomotor,Automóvil","Calle 5-Colon ",2,1,0,0,0,0,1,,"Calle",,"RECONQUISTA","General Obligado","Asfalto","Pavimento","IX","Dentro","Urbana","Ninguna","No existe","Intersección","Bueno","Buena","Nocturna","Buen Tiempo","Lateral","S/D","Colisión","Ninguna","S/D","Ninguna","Sin restricción"
2017,2597,3/13/2017,"Lunes",0,13:15:00,,"0.0",2,"Bicicleta,Automóvil","Calle 9-Mariano Moreno ",2,1,0,0,0,0,1,,"Calle",,"RECONQUISTA","General Obligado","Asfalto","Pavimento","IX","Dentro","Urbana","Ninguna","No existe","Intersección","Bueno","Buena","Diurna","Buen Tiempo","Lateral","Ciclista","Atropello","Ninguna","Faltante","Ninguna","Sin restricción"
2017,2598,4/16/2017,"Domingo",0,6:20:00,,"0.0",2,"Automóvil,Moto/Ciclomotor","Calle 4 - Ledesma Y Calle 31-Newbery",3,2,0,0,1,0,0,,"Calle",,"RECONQUISTA","General Obligado","Asfalto","S/D","IX","Dentro","Urbana","Ninguna","No existe","Intersección","Bueno","Reducida","Nocturna","Buen Tiempo","S/D","S/D","Colisión","Ninguna","S/D","S/D","Sin restricción"
2017,2599,3/4/2017,"Sabado",0,18:30:00,,"0.0",2,"Automóvil,Moto/Ciclomotor","Calle 17-Bartolome Mitre Y Calle 16-Obligado",2,1,0,0,1,0,0,,"Calle",,"RECONQUISTA","General Obligado","Asfalto","No existe","IX","Dentro","Urbana","Ninguna","No existe","Recta","Bueno","Buena","Diurna","Buen Tiempo","Lateral","S/D","Colisión","Ninguna","Faltante","Barrera de hormigón","Sin restricción"
2017,2600,3/6/2017,"Lunes",0,10:25:00,,"0.0",2,"Moto/Ciclomotor,Peatón","Calle 17-Bartolome Mitre ",2,1,0,0,1,0,0,,"Calle",,"RECONQUISTA","General Obligado","Asfalto","No existe","IX","S/D","Urbana","Ninguna","No existe","Intersección","Bueno","S/D","S/D","Buen Tiempo","S/D","Peatón","Atropello","Ninguna","S/D","S/D","Sin restricción"
2017,2601,3/21/2017,"Martes",0,9:30:00,,"0.0",2,"Moto/Ciclomotor,Bicicleta"," ",2,0,1,0,1,0,0,,"Calle",,"RECONQUISTA","General Obligado","Asfalto","S/D","IX","S/D","Urbana","Ninguna","No existe","Intersección","Bueno","Buena","Diurna","Buen Tiempo","S/D","Ciclista","Atropello","Ninguna","S/D","S/D","S/D"
2017,2602,4/10/2017,"Lunes",0,16:20:00,,"0.0",2,"Automóvil,Moto/Ciclomotor","Calle 16-Obligado Y Calle 25-Rivadavia",2,1,0,0,1,0,0,,"Calle",,"RECONQUISTA","General Obligado","Hormigón","No existe","IX","Dentro","Urbana","S/D","No existe","Intersección","Bueno","Buena","Diurna","Buen Tiempo","Lateral","S/D","Colisión","Ninguna","Faltante","Ninguna","Sin restricción"
2017,2603,4/26/2017,"Miercoles",0,12:25:00,,"0.0",2,"Moto/Ciclomotor,Automóvil","Calle 26 - Bolivar Y Calle 17-Bartolome Mitre",3,2,0,0,1,0,0,,"Calle",,"RECONQUISTA","General Obligado","Asfalto","S/D","IX","Dentro","Urbana","Ninguna","No existe","Recta","Bueno","Buena","Diurna","Buen Tiempo","S/D","S/D","Colisión","Ninguna","S/D","S/D","Sin restricción"
2017,2604,5/26/2017,"Viernes",0,19:30:00,,"0.0",2,"Automóvil,Automóvil","Av A del Valle Y Larrea",2,1,0,0,1,0,0,,"Avenida",,"SANTA FE","La Capital","Asfalto","No existe","I","Dentro","Urbana","Ninguna","No existe","Intersección","Bueno","Buena","Atardecer","Buen Tiempo","S/D","S/D","Colisión","Ninguna","S/D","Ninguna","Sin restricción"
2017,2605,5/18/2017,"Jueves",0,13:30:00,,"0.0",2,"Automóvil,Automóvil"," ",2,1,0,0,1,0,0,,"Calle",,"SANTA FE","La Capital","Asfalto","No existe","I","Dentro","Urbana","Ninguna","No existe","Intersección","Bueno","Buena","Diurna","Buen Tiempo","S/D","S/D","Colisión","Ninguna","Faltante","Ninguna","S/D"
2017,2606,4/29/2017,"Sabado",0,14:15:00,,"0.0",2,"Automóvil,Moto/Ciclomotor","Calle 12 San Martin Y Calle 27-Gdor Freyre",2,0,1,0,1,0,0,,"Calle",,"RECONQUISTA","General Obligado","Asfalto","S/D","IX","Dentro","Urbana","Ninguna","No existe","Intersección","Bueno","S/D","Diurna","Buen Tiempo","S/D","S/D","Colisión","Ninguna","S/D","Ninguna","Sin restricción"
2017,2607,5/2/2017,"Martes",0,8:50:00,,"0.0",1,"Moto/Ciclomotor","Av A del Valle 9000",1,1,0,0,0,0,0,,"Avenida",,"SANTA FE","La Capital","Asfalto","Pavimento","I","Dentro","Urbana","S/D","No existe","Curva","Deteriorada","Buena","Diurna","Buen Tiempo","S/D","S/D","Caída ocupante","S/D","Faltante","S/D","S/D"
2017,2608,4/17/2017,"Lunes",0,20:05:00,"Ruta Nacional 11","0.0",2,"Bicicleta,Automóvil","Calle 16 Gral Obligado ",2,1,0,0,1,0,0,,"Ruta",11,"RECONQUISTA","General Obligado","Asfalto","Pavimento","IX","Dentro","Urbana","Ninguna","No existe","Intersección","Bueno","Reducida","Atardecer","Buen Tiempo","De alcance","Ciclista","Atropello","Ninguna","Faltante","Ninguna","Sin restricción"
2017,2609,4/2/2017,"Domingo",0,15:55:00,,"0.0",2,"Moto/Ciclomotor,Automóvil","Calle 16 Gral Obligado Y Calle 17-Bartolome Mitre",2,1,0,0,1,0,0,,"Calle",,"RECONQUISTA","General Obligado","Asfalto","No existe","IX","Dentro","Urbana","Ninguna","No existe","Intersección","Bueno","Buena","Diurna","Buen Tiempo","De alcance","S/D","Colisión","Ninguna","Faltante","Ninguna","Sin restricción"
2017,2610,5/4/2017,"Jueves",0,12:30:00,,"0.0",2,"Pickup/Utilitario,Moto/Ciclomotor","Av A del Valle Y Alfonsina Storni",2,1,0,0,1,0,0,,"Avenida",,"SANTA FE","La Capital","Asfalto","No existe","I","Dentro","Urbana","S/D","No existe","Intersección","Bueno","Buena","Diurna","Buen Tiempo","Lateral","S/D","Colisión","S/D","Faltante","S/D","S/D"
2017,2611,5/6/2017,"Sabado",0,20:00:00,,"0.0",2,"Pickup/Utilitario,Moto/Ciclomotor","Gorriti Y San Lorenzo",2,1,0,0,1,0,0,,"Avenida",,"SANTA FE","La Capital","Asfalto","Pavimento","I","Dentro","Urbana","S/D","No existe","Intersección","Bueno","Buena","Nocturna,Con luz artificial","Buen Tiempo","Lateral","S/D","Colisión","S/D","S/D","S/D","S/D"
2017,2612,5/7/2017,"Domingo",0,9:00:00,,"0.0",2,"Moto/Ciclomotor,Peatón","Gorriti Y 1ro de Mayo",2,1,0,0,1,0,0,,"Avenida",,"SANTA FE","La Capital","Asfalto","Pavimento","I","Dentro","Urbana","S/D","No existe","Intersección","Bueno","Buena","Diurna","Buen Tiempo","S/D","Peatón","Atropello","S/D","Faltante","S/D","S/D"
2017,2613,4/13/2017,"Jueves",0,21:00:00,"Ruta Nacional 11","900.0",2,"Moto/Ciclomotor,Moto/Ciclomotor"," ",3,1,1,0,0,1,0,"     -28.32678, -59.26407","Ruta",11,"EL RABÓN","General Obligado","Asfalto","Natural","IX","Dentro","Rural","Ninguna","No existe","Recta","Con baches","Reducida","Nocturna","Buen Tiempo","Lateral","S/D","Colisión","Ninguna","Horizontal,Vertical","Línea divisoria pintada","Sin restricción"
2017,2614,5/11/2017,"Jueves",0,12:00:00,,"0.0",2,"Bicicleta,Camión Chasis","Calle 27-Gdor Freyre Y Calle 30-Lucas Funes",2,0,0,0,0,1,1,"-29.14986, -59.65433","Calle",,"RECONQUISTA","General Obligado","Asfalto","No existe","IX","Dentro","Urbana","Ninguna","No existe","Intersección","Bueno","Buena","Diurna","Buen Tiempo","S/D","Ciclista","Atropello","Ninguna","Horizontal","Ninguna","Sin restricción"
2017,2615,5/7/2017,"Domingo",0,18:30:00,,"0.0",2,"Automóvil,Bicicleta","Av A del Valle Y Alfonsina Storni",2,1,0,0,1,0,0,,"Avenida",,"SANTA FE","La Capital","Asfalto","S/D","I","Dentro","Urbana","S/D","No existe","Intersección","Bueno","Buena","Nocturna,Con luz artificial","Buen Tiempo","S/D","Ciclista","Atropello","S/D","S/D","S/D","S/D"
2017,2616,5/13/2017,"Sabado",0,22:00:00,,"0.0",2,"Automóvil,Moto/Ciclomotor","Gorriti Y San Lorenzo",2,1,0,0,1,0,0,,"Avenida",,"SANTA FE","La Capital","Asfalto","Natural","I","Dentro","Urbana","S/D","No existe","Intersección","Bueno","Buena","Nocturna,Con luz artificial","Buen Tiempo","Lateral","S/D","Colisión","S/D","Faltante","S/D","S/D"
2017,2617,4/3/2017,"Lunes",0,20:30:00,,"0.0",2,"Otros,Otros","Calle 20-9 de Julio Y Calle 23-Gral lopez",2,0,1,0,0,0,1,,"S/D",,"RECONQUISTA","General Obligado","Asfalto","Pavimento","II","S/D","Urbana","Ninguna","No existe","Intersección","Bueno","Buena","Nocturna","Buen Tiempo","Lateral","S/D","Colisión","Ninguna","Horizontal","Ninguna","Sin restricción"
2017,2618,4/3/2017,"Lunes",0,20:30:00,,"0.0",2,"Moto/Ciclomotor,Moto/Ciclomotor","Calle 20-9 de Julio Y Calle 23-Gral lopez",2,0,1,0,0,0,1,,"S/D",,"RECONQUISTA","General Obligado","Asfalto","Pavimento","II","S/D","Urbana","Ninguna","No existe","Intersección","Bueno","Buena","Nocturna","Buen Tiempo","Lateral","S/D","Colisión","Ninguna","Horizontal","Ninguna","Sin restricción"
2017,2619,5/16/2017,"Martes",0,9:50:00,,"0.0",2,"Pickup/Utilitario,Moto/Ciclomotor","Matheu Y 1ro de Mayo",2,1,0,0,1,0,0,,"Calle",,"SANTA FE","La Capital","Asfalto","Natural","I","Dentro","Urbana","S/D","No existe","Intersección","Resbaladiza","Buena","Diurna","Buen Tiempo","Lateral","S/D","Colisión","S/D","Faltante","S/D","S/D"
2017,2620,4/10/2017,"Lunes",0,4:05:00,,"0.0",2,"Moto/Ciclomotor,Automóvil","Calle 30-Lucas Funes Y Calle 27-Gdor Freyre",2,1,0,0,0,0,1,,"S/D",,"RECONQUISTA","General Obligado","Asfalto","Pavimento","IX","S/D","Urbana","Ninguna","No existe","Intersección","Bueno","Buena","Nocturna","Buen Tiempo","Contra objeto fijo","S/D","Colisión","Ninguna","S/D","Ninguna","Sin restricción"
2017,2621,4/21/2017,"Viernes",0,16:30:00,,"0.0",2,"Camión Chasis,Moto/Ciclomotor","Calle 66-Santa Cruz Y Calle 25 - Pietropaolo",2,1,0,0,0,0,1,,"Calle",,"RECONQUISTA","General Obligado","Tierra","S/D","IX","S/D","Urbana","Ninguna","No existe","Intersección","Bueno","Buena","Diurna","Buen Tiempo","De alcance","S/D","Colisión","Ninguna","Horizontal","Ninguna","Sin restricción"
2017,2622,5/18/2017,"Jueves",0,17:00:00,,"0.0",2,"Pickup/Utilitario,Moto/Ciclomotor","Av A del Valle Y Gorriti",2,1,0,0,1,0,0,,"Avenida",,"SANTA FE","La Capital","Asfalto","Pavimento","I","Dentro","Urbana","S/D","Funciona","Intersección","Bueno","Buena","Diurna","Buen Tiempo","Lateral","S/D","Colisión","S/D","Vertical","S/D","S/D"