"anio_acci","nro_acci","fecha","desc_dia","fecha_aprox","hora_aprox","desc_ruta","km","cant_participantes","desc_participante","calle_avenida_km","total","heridos_leves","heridos_graves","heridos_gravisimos","ilesos","fallecidos","sin_datos","posicion_XY","desc_tipo_via","desc_ruta_ori","desc_loc","desc_dpto","desc_tipo_calzada","desc_tipo_banquina","desc_unidad_regional","desc_lugar_calzada","desc_zona","desc_prioridad","desc_estado_semaforo","desc_lugar_via","desc_estado_via","desc_estado_visibilidad","desc_luminosidad","desc_estado_clima","desc_tipo_colision","desc_tipo_atropello","desc_tipo_hecho","desc_pres_calzada","desc_senializacion","desc_separacion_via","desc_restriccion"
2017,2623,5/24/2017,"Miercoles",0,10:20:00,,"0.0",2,"Automóvil,Bicicleta","Av A del Valle Y Risso",2,1,0,0,1,0,0,,"Avenida",,"SANTA FE","La Capital","Asfalto","Pavimento","I","Dentro","Urbana","S/D","No existe","Intersección","Bueno","Buena","Diurna","S/D","S/D","S/D","Atropello","S/D","Faltante","S/D","S/D"
2017,2624,5/26/2017,"Viernes",0,9:35:00,,"0.0",2,"Automóvil,Moto/Ciclomotor","Reg 12 de Infanteria Y Av Facundo Zuviria",2,1,0,0,1,0,0,,"Calle",,"SANTA FE","La Capital","Asfalto","Pavimento","I","S/D","Urbana","S/D","No existe","Intersección","Bueno","S/D","Diurna","Buen Tiempo","S/D","S/D","Colisión","S/D","Faltante","S/D","S/D"
2017,2625,4/10/2017,"Lunes",0,20:45:00,,"0.0",2,"Automóvil,Automóvil","Calle 25-Rivadavia Y Calle 22- 25 de Mayo",2,1,0,0,0,0,1,,"Calle",,"RECONQUISTA","General Obligado","Asfalto","No existe","IX","S/D","Urbana","Ninguna","No existe","Intersección","Bueno","S/D","Nocturna","Buen Tiempo","Lateral","S/D","Colisión","Ninguna","Horizontal","Ninguna","Sin restricción"
2017,2626,5/17/2017,"Miercoles",0,23:10:00,,"0.0",2,"Bicicleta,Automóvil","Calle 27-Gdor Freyre 244",2,1,0,0,1,0,0,,"Calle",,"RECONQUISTA","General Obligado","Asfalto","No existe","IX","Dentro","Urbana","Ninguna","No existe","Recta","Bueno","S/D","Diurna","Buen Tiempo","Lateral","S/D","Colisión","Ninguna","Vertical","S/D","Sin restricción"
2017,2627,5/21/2017,"Domingo",0,19:10:00,,"0.0",2,"Automóvil,Bicicleta","Calle 20 9 de Julio Y Calle 23-Gral lopez",2,1,0,0,1,0,0,,"Calle",,"RECONQUISTA","General Obligado","Asfalto","No existe","IX","S/D","Urbana","Ninguna","No existe","Intersección","Bueno","Buena","Nocturna","Buen Tiempo","Lateral","S/D","Colisión","Ninguna","Vertical","Cordón divisorio","Sin restricción"
2017,2629,4/15/2017,"Sabado",0,10:50:00,,"0.0",2,"Moto/Ciclomotor,Automóvil","Calle 16-Obligado Y Calle 25-Rivadavia",2,1,0,0,0,0,1,,"Calle",,"RECONQUISTA","General Obligado","Asfalto","No existe","IX","Dentro","Urbana","Ninguna","No existe","Intersección","Bueno","Buena","Diurna","Buen Tiempo","Lateral","S/D","Colisión","Ninguna","Horizontal","Ninguna","Sin restricción"
2017,2630,5/19/2017,"Viernes",0,18:50:00,,"0.0",2,"Bicicleta,Moto/Ciclomotor","Calle 33-Pueyrredon Y Calle 26 - Bolivar",2,2,0,0,0,0,0,,"Calle",,"RECONQUISTA","General Obligado","Asfalto","No existe","IX","S/D","Urbana","Ninguna","No existe","Intersección","Bueno","Buena","Nocturna","Buen Tiempo","S/D","Ciclista","Atropello","Ninguna","Vertical","Cordón divisorio","Sin restricción"
2017,2631,5/22/2017,"Lunes",0,19:17:00,,"0.0",2,"Moto/Ciclomotor,Pickup/Utilitario","Calle 25 - Pietropaolo Y Calle 42 - Misiones",2,1,0,0,1,0,0,,"Calle",,"RECONQUISTA","General Obligado","Asfalto","No existe","IX","S/D","Urbana","Ninguna","No existe","Recta","Bueno","Buena","Nocturna","Lluvia","De alcance","S/D","Colisión","Material Suelto","Vertical","Cordón divisorio","Sin restricción"
2017,2633,4/15/2017,"Sabado",0,17:10:00,,"0.0",2,"Automóvil,Moto/Ciclomotor","Calle 25-Rivadavia Y Calle 27-Gdor Freyre",2,1,0,0,0,0,1,,"Calle",,"RECONQUISTA","General Obligado","Asfalto","No existe","IX","S/D","Urbana","Ninguna","No existe","Intersección","Bueno","Buena","Diurna","Buen Tiempo","Lateral","S/D","Colisión","Ninguna","Horizontal","Ninguna","Sin restricción"
2017,2634,5/24/2017,"Miercoles",0,20:00:00,,"0.0",2,"Automóvil,Bicicleta","Calle 21-Gdor. iriondo ",2,1,0,0,1,0,0,,"Calle",,"RECONQUISTA","General Obligado","Asfalto","No existe","IX","Dentro","Urbana","Ninguna","No existe","Intersección","Bueno","Buena","Nocturna","Buen Tiempo","S/D","S/D","Atropello","Ninguna","Vertical","Cordón divisorio","Sin restricción"
2017,2635,4/22/2017,"Sabado",0,2:50:00,,"0.0",2,"Moto/Ciclomotor,Automóvil","Calle 15-Patricio Diez Y Calle 12 San Martin",2,1,0,0,0,0,1,,"Calle",,"RECONQUISTA","General Obligado","Asfalto","No existe","IX","Dentro","Urbana","Ninguna","No existe","Intersección","Bueno","Buena","Nocturna","Buen Tiempo","Lateral","S/D","Colisión","Ninguna","Horizontal","Ninguna","Sin restricción"
2017,2636,5/29/2017,"Lunes",0,18:40:00,,"0.0",2,"Pickup/Utilitario,Moto/Ciclomotor","Calle 30-Lucas Funes Y Calle 13-Iturraspe",2,1,0,0,1,0,0,,"Calle",,"RECONQUISTA","General Obligado","Asfalto","No existe","IX","Dentro","Urbana","Ninguna","No existe","Intersección","Bueno","S/D","Nocturna","Buen Tiempo","Lateral","S/D","Colisión","Ninguna","Vertical","Cordón divisorio","Sin restricción"
2017,2637,5/12/2017,"Viernes",0,22:40:00,,"0.0",2,"Automóvil,Automóvil","Calle 20 9 de Julio Y Calle 17-Bartolome Mitre",3,1,0,0,1,0,1,,"Calle",,"RECONQUISTA","General Obligado","Asfalto","No existe","IX","S/D","Urbana","Ninguna","No existe","Intersección","Bueno","Buena","Nocturna","Buen Tiempo","Lateral","S/D","Colisión","Ninguna","Vertical","Barrera de hormigón","Sin restricción"
2017,2638,5/8/2017,"Lunes",0,19:00:00,,"0.0",2,"Moto/Ciclomotor,Moto/Ciclomotor","Calle 16 Gral Obligado Y Calle 13-Iturraspe",2,0,1,0,1,0,0,,"Calle",,"RECONQUISTA","General Obligado","Asfalto","No existe","IX","S/D","Urbana","Ninguna","No existe","Intersección","Bueno","Buena","Nocturna","Buen Tiempo","Lateral","S/D","Colisión","Agua","Horizontal","Barrera de hormigón","Sin restricción"
2017,2639,5/2/2017,"Martes",0,16:15:00,,"0.0",2,"Bicicleta,Automóvil"," ",2,1,0,0,1,0,0,,"Calle",,"RECONQUISTA","General Obligado","Asfalto","Pavimento","IX","S/D","Rural","Ninguna","No existe","Intersección","Bueno","Reducida","Amanecer","Buen Tiempo","S/D","Ciclista","Atropello","Ninguna","Faltante","Ninguna","Sin restricción"
2017,2640,5/18/2017,"Jueves",0,16:00:00,,"0.0",2,"Moto/Ciclomotor,Automóvil","Calle 7-Sarmiento Y Calle 20 9 de Julio",2,1,0,0,1,0,0,,"Calle",,"RECONQUISTA","General Obligado","Asfalto","No existe","IX","Dentro","Urbana","Ninguna","No existe","Intersección","Bueno","Buena","Diurna","Buen Tiempo","De alcance","S/D","Colisión","Ninguna","Faltante","Ninguna","Sin restricción"
2017,2641,5/18/2017,"Jueves",0,16:30:00,,"0.0",2,"Moto/Ciclomotor,Automóvil","Calle 21-Gdor. iriondo Y Roca Pte",2,1,0,0,1,0,0,,"Calle",,"RECONQUISTA","General Obligado","Asfalto","No existe","IX","Dentro","Urbana","Ninguna","No existe","Intersección","Bueno","Buena","Diurna","Buen Tiempo","De alcance","S/D","Colisión","Ninguna","Faltante","Ninguna","Sin restricción"
2017,2642,5/3/2017,"Miercoles",0,9:30:00,,"0.0",2,"Moto/Ciclomotor,Automóvil","Calle 20 9 de Julio Y Calle 27-Gdor Freyre",2,1,0,0,1,0,0,,"Calle",,"RECONQUISTA","General Obligado","Asfalto","No existe","IX","Dentro","Urbana","Ninguna","S/D","Intersección","Resbaladiza","Reducida","Diurna","Lluvia","De alcance","S/D","Colisión","Agua","Faltante","Ninguna","Sin restricción"
2017,2643,5/30/2017,"Martes",0,19:30:00,"Ruta Nacional 11","0.0",5,"Automóvil,Pickup/Utilitario,Automóvil,Automóvil,Automóvil"," ",7,2,0,0,0,0,5,,"Ruta",11,"RECONQUISTA","General Obligado","Asfalto","No existe","IX","Dentro","Urbana","Ninguna","No existe","Recta","Bueno","Buena","Nocturna","Buen Tiempo","Múltiple","S/D","Colisión","Ninguna","Horizontal","Ninguna","Sin restricción"
2017,2644,5/28/2017,"Domingo",0,15:50:00,,"0.0",2,"Moto/Ciclomotor,Automóvil","Calle 17-Bartolome Mitre Y Roca Pte",2,1,0,0,0,0,1,,"Calle",,"RECONQUISTA","General Obligado","Asfalto","No existe","IX","Dentro","Urbana","Ninguna","No existe","Intersección","Bueno","Buena","Diurna","Buen Tiempo","Lateral","S/D","Colisión","Ninguna","Horizontal","Ninguna","Sin restricción"
2017,2645,5/21/2017,"Domingo",0,11:05:00,,"0.0",2,"Moto/Ciclomotor,Pickup/Utilitario","Calle 31-Newbery Y Calle 30-Lucas Funes",2,1,0,0,0,0,1,,"Calle",,"RECONQUISTA","General Obligado","Asfalto","No existe","IX","Dentro","Urbana","Ninguna","No existe","Intersección","Bueno","Buena","Diurna","Buen Tiempo","Lateral","S/D","Colisión","Ninguna","Horizontal","Ninguna","Sin restricción"
2017,2646,5/16/2017,"Martes",0,11:45:00,,"0.0",2,"Automóvil,Moto/Ciclomotor"," ",2,1,0,0,0,0,1,,"Calle",,"RECONQUISTA","General Obligado","Asfalto","No existe","IX","Dentro","Urbana","Ninguna","No existe","Intersección","Bueno","Buena","Diurna","Buen Tiempo","Lateral","S/D","Colisión","Ninguna","Horizontal","Ninguna","Sin restricción"
2017,2647,5/10/2017,"Miercoles",0,13:45:00,,"0.0",2,"Moto/Ciclomotor,Bicicleta","San Martin Y 9 de julio",2,1,0,0,1,0,0,,"Calle",,"MALABRIGO","General Obligado","Asfalto","Natural","IX","Dentro","Urbana","S/D","No existe","Intersección","Bueno","Buena","Diurna","Buen Tiempo","S/D","Ciclista","Atropello","Ninguna","S/D","Ninguna","Sin restricción"
2017,2648,5/1/2017,"Lunes",0,20:20:00,,"0.0",2,"Automóvil,Moto/Ciclomotor","Lamadrid ",3,1,1,0,1,0,0,,"Calle",,"SANTA FE","La Capital","Asfalto","No existe","I","S/D","Urbana","Ninguna","No existe","Intersección","Bueno","Buena","Nocturna","Buen Tiempo","Lateral","S/D","Colisión","Ninguna","Vertical","Ninguna","Sin restricción"
2017,2649,5/2/2017,"Martes",0,11:55:00,,"0.0",2,"Automóvil,Moto/Ciclomotor","Tucuman Y Saavedra",2,1,0,0,1,0,0,,"Calle",,"SANTA FE","La Capital","Asfalto","No existe","I","S/D","Urbana","Ninguna","No existe","Intersección","Bueno","Buena","Diurna","Buen Tiempo","Lateral","S/D","Colisión","Ninguna","Vertical","Ninguna","Sin restricción"
2017,2650,5/26/2017,"Viernes",0,18:35:00,,"0.0",2,"Automóvil,Moto/Ciclomotor","Av Freyre Y Tucuman",2,1,0,0,1,0,0,,"Avenida",,"SANTA FE","La Capital","Asfalto","No existe","I","S/D","Urbana","Ninguna","Funciona","Intersección","Bueno","Buena","Diurna","Buen Tiempo","Lateral","S/D","Colisión","Ninguna","Vertical","Cordón divisorio","Sin restricción"
2017,2651,5/9/2017,"Martes",0,11:30:00,,"0.0",2,"Pickup/Utilitario,Automóvil","Av Freyre Y Hipolito Yrigoyen",3,1,0,0,2,0,0,,"Calle",,"SANTA FE","La Capital","Asfalto","No existe","I","S/D","Urbana","Ninguna","Intermitente","Intersección","Bueno","Buena","Diurna","Buen Tiempo","Lateral","S/D","Colisión","Ninguna","Vertical","Vegetación","Sin restricción"
2017,2652,5/26/2017,"Viernes",0,9:30:00,,"0.0",2,"Taxi/Remis,Moto/Ciclomotor","Av Freyre Y Gdor Crespo",2,1,0,0,1,0,0,,"Calle",,"SANTA FE","La Capital","Asfalto","No existe","I","S/D","Urbana","Ninguna","No existe","Intersección","Bueno","Buena","Diurna","Buen Tiempo","Lateral","S/D","Colisión","Ninguna","Vertical","Ninguna","Sin restricción"
2017,2653,5/28/2017,"Domingo",0,15:00:00,,"0.0",2,"Automóvil,Moto/Ciclomotor","Av Lopez y Planes ",2,0,0,0,0,0,2,,"Avenida",,"SANTA FE","La Capital","Asfalto","No existe","I","Dentro","Urbana","Semáforo","Funciona","Intersección","Bueno","Buena","Diurna","Buen Tiempo","Lateral","S/D","Colisión","S/D","Horizontal,Vertical","Cordón divisorio,Vegetación,Línea divisoria pintada","Sin restricción"
2017,2654,5/15/2017,"Lunes",0,14:40:00,,"0.0",2,"Moto/Ciclomotor,Pickup/Utilitario"," ",2,1,0,0,1,0,0,,"Calle",,"SANTA FE","La Capital","Asfalto","Pavimento","I","Dentro","Urbana","S/D","No existe","Intersección","Bueno","S/D","Diurna","S/D","S/D","S/D","Colisión","S/D","S/D","Ninguna","S/D"
2017,2655,5/10/2017,"Miercoles",0,17:20:00,,"0.0",2,"Moto/Ciclomotor,Automóvil","Juan Del Campillo Y 9 de Julio",2,1,0,0,1,0,0,,"Calle",,"SANTA FE","La Capital","Asfalto","Pavimento","I","Dentro","Urbana","S/D","No existe","Intersección","S/D","S/D","Diurna","S/D","S/D","S/D","Colisión","S/D","Vertical","Ninguna","S/D"
2017,2656,5/10/2017,"Miercoles",0,14:30:00,,"0.0",2,"Moto/Ciclomotor,Pickup/Utilitario"," ",3,2,0,0,1,0,0,,"Avenida",,"SANTA FE","La Capital","Asfalto","Pavimento","I","S/D","Urbana","S/D","No existe","Intersección","Bueno","S/D","Diurna","S/D","S/D","S/D","Colisión","S/D","S/D","S/D","S/D"
2017,2657,4/19/2017,"Miercoles",0,11:40:00,,"0.0",2,"Moto/Ciclomotor,Moto/Ciclomotor","Calle 50 ",2,1,0,0,1,0,0,,"Calle",,"RECONQUISTA","General Obligado","Tierra","No existe","IX","Dentro","Urbana","Ninguna","No existe","Intersección","Otro","Buena","Diurna","Lluvia","Frontal","S/D","Colisión","Agua","Faltante","Vegetación","Sin restricción"
2017,2658,4/7/2017,"Viernes",0,22:25:00,,"0.0",2,"Moto/Ciclomotor,Automóvil"," ",3,1,1,0,0,0,1,,"Calle",,"RECONQUISTA","General Obligado","Asfalto","No existe","IX","Dentro","Urbana","Ninguna","No existe","Intersección","Bueno","Buena","Nocturna","Buen Tiempo","Lateral","S/D","Colisión","Ninguna","Faltante","Barrera de hormigón","S/D"
2017,2659,5/2/2017,"Martes",0,6:50:00,"Ruta Nacional A012","0.0",1,"Bicicleta"," ",1,1,0,0,0,0,0,,"Ruta","A012","SAN LORENZO","San Lorenzo","Asfalto","Natural","XVII","Dentro","Urbana","Ninguna","No existe","Recta","Bueno","Buena","Diurna","S/D","S/D","S/D","Caída ocupante","Ninguna","S/D","Ninguna","Sin restricción"
2017,2660,5/3/2017,"Miercoles",0,9:00:00,"Ruta Nacional 11","0.0",2,"Automóvil,Moto/Ciclomotor","Av San Martin Y Belgrano",2,0,0,0,0,0,2,,"Ruta",11,"SAN LORENZO","San Lorenzo","Asfalto","No existe","XVII","Dentro","Urbana","S/D","No existe","Intersección","S/D","Buena","Diurna","S/D","S/D","S/D","Colisión","Ninguna","Horizontal","Ninguna","Sin restricción"
2017,2661,5/9/2017,"Martes",0,9:50:00,,"0.0",2,"Moto/Ciclomotor,Automóvil","Morris W Y Entre Rios",2,1,0,0,0,0,1,,"Calle",,"SAN LORENZO","San Lorenzo","Asfalto","No existe","XVII","Dentro","Urbana","S/D","No existe","Intersección","Bueno","Buena","Diurna","S/D","S/D","S/D","Colisión","Ninguna","S/D","Ninguna","Sin restricción"
2017,2662,5/9/2017,"Martes",0,13:25:00,,"0.0",2,"Automóvil,Automóvil","Irigoyen Y Entre Rios",2,2,0,0,0,0,0,,"Calle",,"SAN LORENZO","San Lorenzo","Asfalto","No existe","XVII","Dentro","Urbana","S/D","No existe","Intersección","Bueno","Buena","Diurna","S/D","S/D","S/D","Colisión","Ninguna","S/D","Ninguna","Sin restricción"
2017,2663,5/7/2017,"Domingo",0,12:15:00,"Ruta Nacional 11","0.0",1,"Moto/Ciclomotor","Heroes de Malvinas ",1,1,0,0,0,0,0,,"Ruta",11,"PUERTO SAN MARTÍN","San Lorenzo","Ripio","No existe","XVII","Dentro","Urbana","Policía de tránsito","S/D","Intersección","Con baches","Buena","Diurna","Buen Tiempo","S/D","S/D","Caída ocupante","Ninguna","Faltante","Ninguna","Sin restricción"
2017,2664,5/18/2017,"Jueves",0,12:45:00,,"0.0",2,"Automóvil,Moto/Ciclomotor","Cordoba Y San Luis",2,0,1,0,1,0,0,,"Calle",,"PUERTO SAN MARTÍN","San Lorenzo","Asfalto","No existe","XVII","Dentro","Urbana","Ninguna","No existe","Intersección","Bueno","Buena","Diurna","S/D","Frontal","S/D","Colisión","Ninguna","Horizontal","Ninguna","Sin restricción"
2017,2665,5/29/2017,"Lunes",0,16:00:00,,"0.0",2,"Automóvil,Peatón","R Rodriguez Y Cordoba",2,1,0,0,1,0,0,,"Calle",,"PUERTO SAN MARTÍN","San Lorenzo","S/D","S/D","XVII","Dentro","Urbana","S/D","S/D","Intersección","S/D","S/D","Diurna","S/D","S/D","Peatón","Atropello","S/D","S/D","S/D","S/D"
2017,2666,5/2/2017,"Martes",0,20:00:00,"Ruta Nacional 11","677.0",2,"Peatón,Automóvil","Cordoba ",2,1,0,0,1,0,0,,"Ruta",11,"PUERTO SAN MARTÍN","San Lorenzo","S/D","Natural","XVII","Dentro","Urbana","Ninguna","No existe","Intersección","Bueno","Buena","Nocturna","Buen Tiempo","S/D","Peatón","Atropello","Ninguna","Faltante","Ninguna","Sin restricción"
2017,2667,5/4/2017,"Jueves",0,10:00:00,,"0.0",2,"Automóvil,Moto/Ciclomotor","Mendoza Y J B Alberdi",2,1,0,0,1,0,0,,"Calle",,"PUERTO SAN MARTÍN","San Lorenzo","Asfalto","No existe","XVII","Dentro","Urbana","Policía de tránsito","No existe","Intersección","Bueno","Buena","Diurna","Buen Tiempo","De alcance","S/D","Colisión","Ninguna","Faltante","Ninguna","Sin restricción"
2017,2668,5/23/2017,"Martes",0,10:50:00,"Ruta Nacional 9","45.0",1,"Moto/Ciclomotor"," ",2,2,0,0,0,0,0,,"Ruta",9,"ROLDÁN","San Lorenzo","Asfalto","Ripio","XVII","Dentro","Urbana","Ninguna","No existe","Recta","Bueno","Buena","Diurna","Buen Tiempo","S/D","S/D","Caída ocupante","Ninguna","Horizontal","Ninguna","Sin restricción"
2017,2669,5/22/2017,"Lunes",0,20:15:00,"Ruta Nacional A012","51.0",1,"Camión c / Acoplado"," ",1,1,0,0,0,0,0,,"Ruta","A012","ROLDÁN","San Lorenzo","Asfalto","Natural","XVII","Dentro","Urbana","Ninguna","No existe","Recta","Bueno","Buena","Nocturna","Buen Tiempo","S/D","S/D","Vuelco","Ninguna","Horizontal","Ninguna","Sin restricción"
2017,2670,5/20/2017,"Sabado",0,11:20:00,,"0.0",1,"Moto/Ciclomotor","Urquiza Y Larrea",1,1,0,0,0,0,0,,"Calle",,"ROLDÁN","San Lorenzo","Asfalto","Natural","XVII","Dentro","Urbana","Ninguna","No existe","Intersección","Bueno","Buena","Diurna","Buen Tiempo","S/D","S/D","Caída ocupante","Ninguna","S/D","Ninguna","Sin restricción"
2017,2671,5/17/2017,"Miercoles",0,7:55:00,,"0.0",1,"Moto/Ciclomotor","Libertad 700",1,1,0,0,0,0,0,,"Calle",,"ROLDÁN","San Lorenzo","Asfalto","Natural","XVII","Dentro","Urbana","Ninguna","No existe","Recta","Bueno","Buena","Diurna","Buen Tiempo","S/D","S/D","Caída ocupante","Ninguna","S/D","Ninguna","Sin restricción"
2017,2672,5/11/2017,"Jueves",0,7:00:00,"Ruta Nacional 9","0.0",2,"Moto/Ciclomotor,Moto/Ciclomotor"," ",2,1,0,0,1,0,0,,"Ruta",9,"ROLDÁN","San Lorenzo","Asfalto,Tierra","Ripio","XVII","Dentro","Urbana","Ninguna","No existe","Intersección","Bueno","Buena","Diurna","Buen Tiempo","Lateral","S/D","Colisión","Ninguna","Faltante","Ninguna","Sin restricción"
2017,2673,5/10/2017,"Miercoles",0,6:45:00,"Autopista Nacional Rosario -Cordoba","353.0",1,"Automóvil"," ",1,1,0,0,0,0,0,,"Autopista","Rosario -Cordoba","ROLDÁN","San Lorenzo","Hormigón","Ripio","XVII","Dentro","Urbana","Ninguna","No existe","Recta","Bueno","Buena","Nocturna","Buen Tiempo","S/D","S/D","Vuelco","Ninguna","Horizontal","Vegetación","Sin restricción"
2017,2674,5/7/2017,"Domingo",0,13:00:00,,"0.0",1,"Moto/Ciclomotor","San Lorenzo Y Libertad",1,1,0,0,0,0,0,,"Calle",,"ROLDÁN","San Lorenzo","Asfalto","Natural","XVII","Dentro","Urbana","Ninguna","No existe","Intersección","Bueno","Buena","Diurna","Buen Tiempo","S/D","S/D","Caída ocupante","Ninguna","S/D","Ninguna","Sin restricción"
2017,2675,5/5/2017,"Viernes",0,14:45:00,"Ruta Nacional A012","51.0",2,"Camión c / Acoplado,Camión c / Acoplado"," ",2,2,0,0,0,0,0,,"Ruta","A012","LUIS PALACIOS","San Lorenzo","Asfalto","Natural","XVII","Dentro","Urbana","Ninguna","No existe","Recta","Bueno","Buena","Diurna","Buen Tiempo","Lateral","S/D","Colisión","Ninguna","Horizontal","Línea divisoria pintada","Sin restricción"
2017,2676,5/10/2017,"Miercoles",0,,,"0.0",2,"Otros,Automóvil","OROÑO Y GRANDOLI",2,1,0,0,1,0,0,,"Calle",,"FUENTES","San Lorenzo","S/D","No existe","XVII","Dentro","Urbana","Ninguna","No existe","Intersección","Bueno","Buena","Diurna","Buen Tiempo","Lateral","S/D","Colisión","Ninguna","S/D","Ninguna","Sin restricción"
2017,2677,5/30/2017,"Martes",0,9:25:00,,"0.0",2,"Moto/Ciclomotor,Automóvil","Calle 15-Patricio Diez Y Calle 30-Lucas Funes",2,1,0,0,0,0,1,,"Calle",,"RECONQUISTA","General Obligado","Asfalto","No existe","IX","Dentro","Urbana","Ninguna","No existe","Intersección","Bueno","Buena","Diurna","Buen Tiempo","Lateral","S/D","Colisión","Ninguna","S/D","Ninguna","Sin restricción"
2017,2678,5/15/2017,"Lunes",0,20:00:00,,"0.0",2,"Pickup/Utilitario,Moto/Ciclomotor","Calle 23-Gral lopez Y Calle 13-Iturraspe",3,3,0,0,0,0,0,,"Calle",,"RECONQUISTA","General Obligado","Asfalto","No existe","IX","Dentro","Urbana","Ninguna","No existe","Intersección","Bueno","Buena","Nocturna","Buen Tiempo","Lateral","S/D","Colisión","Ninguna","S/D","Ninguna","Sin restricción"
2017,2679,5/17/2017,"Miercoles",0,21:30:00,,"0.0",2,"Automóvil,Moto/Ciclomotor","Calle 13-Iturraspe Y Calle 30-Lucas Funes",2,1,0,0,1,0,0,,"Calle",,"RECONQUISTA","General Obligado","Asfalto","No existe","IX","Dentro","Urbana","Ninguna","No existe","Intersección","Bueno","Buena","Diurna","Buen Tiempo","Lateral","S/D","Colisión","Ninguna","Faltante","Ninguna","Sin restricción"
2017,2680,5/12/2017,"Viernes",0,19:10:00,,"0.0",2,"Automóvil,Bicicleta","Calle 28 - San Lorenzo Y Calle 17-Bartolome Mitre",2,1,0,0,1,0,0,,"Calle",,"RECONQUISTA","General Obligado","Hormigón","No existe","IX","Dentro","Urbana","Ninguna","No existe","Intersección","Bueno","Buena","Nocturna","Buen Tiempo","S/D","Ciclista","Atropello","Ninguna","Faltante","Ninguna","Sin restricción"
2017,2681,5/3/2017,"Miercoles",0,11:10:00,,"0.0",2,"Pickup/Utilitario,Bicicleta","Calle 13-Iturraspe Y Calle 16-Obligado",2,1,0,0,1,0,0,,"Calle",,"RECONQUISTA","General Obligado","Hormigón","No existe","IX","Dentro","Urbana","Ninguna","No existe","Intersección","Bueno","Buena","Diurna","Buen Tiempo","S/D","Ciclista","Atropello","Ninguna","Faltante","Ninguna","Sin restricción"
2017,2682,5/24/2017,"Miercoles",0,13:05:00,,"0.0",2,"Automóvil,Bicicleta","Calle 18 - Gral Belgrano Y Calle 21-Gdor. iriondo",2,0,1,0,1,0,0,,"Calle",,"RECONQUISTA","General Obligado","Asfalto","No existe","IX","Dentro","Urbana","Ninguna","No existe","Recta","Bueno","Buena","Diurna","Buen Tiempo","S/D","Ciclista","Atropello","Ninguna","Faltante","Ninguna","Sin restricción"
2017,2683,5/16/2017,"Martes",0,23:40:00,"Ruta Nacional 11","0.0",2,"Automóvil,Moto/Ciclomotor","Calle 17-Bartolome Mitre ",2,1,0,0,1,0,0,,"Ruta",11,"RECONQUISTA","General Obligado","Asfalto","No existe","IX","Dentro","Urbana","Marca Vial","No existe","Recta","Bueno","Buena","Nocturna,Con luz artificial","Buen Tiempo","Lateral","S/D","Colisión","Ninguna","Faltante","Cordón divisorio","Sin restricción"
2017,2684,4/27/2017,"Jueves",0,11:30:00,,"0.0",2,"Automóvil,Automóvil","Calle 22- 25 de Mayo Y Calle 15-Patricio Diez",3,1,0,0,0,0,2,,"Calle",,"RECONQUISTA","General Obligado","Asfalto","No existe","IX","Dentro","Urbana","Ninguna","No existe","Intersección","S/D","Buena","Diurna","Buen Tiempo","Lateral","S/D","Colisión","Ninguna","Horizontal","Ninguna","Sin restricción"
2017,2685,4/25/2017,"Martes",0,18:10:00,,"0.0",2,"Moto/Ciclomotor,Automóvil","Calle 10-Ludue±a Y Calle 25-Rivadavia",2,1,0,0,0,0,1,,"Calle",,"RECONQUISTA","General Obligado","Asfalto","No existe","IX","Dentro","Urbana","Ninguna","No existe","Intersección","Bueno","Buena","Diurna","Buen Tiempo","Lateral","S/D","Colisión","Ninguna","Horizontal","Ninguna","Sin restricción"
2017,2686,4/28/2017,"Viernes",0,15:00:00,"Ruta Nacional 11","827.0",2,"Pickup/Utilitario,Moto/Ciclomotor"," ",2,0,1,0,1,0,0,,"Ruta",11,"LAS GARZAS","General Obligado","Asfalto","Pavimento","IX","Dentro","Urbana","Ninguna","No existe","Recta","Bueno","Buena","Diurna","Buen Tiempo","Lateral","S/D","Colisión","Ninguna","Faltante","Línea divisoria pintada","Sin restricción"
2017,2687,5/18/2017,"Jueves",0,13:00:00,,"0.0",2,"Moto/Ciclomotor,Peatón","Sgto Cabral Y Jujuy",3,2,0,0,1,0,0,,"Calle",,"PUERTO SAN MARTÍN","San Lorenzo","Asfalto","S/D","XVII","Dentro","Urbana","Ninguna","S/D","Intersección","Bueno","Buena","Diurna","Buen Tiempo","S/D","Peatón","Atropello","Ninguna","S/D","Ninguna","S/D"