"anio_acci","nro_acci","fecha","desc_dia","fecha_aprox","hora_aprox","desc_ruta","km","cant_participantes","desc_participante","calle_avenida_km","total","heridos_leves","heridos_graves","heridos_gravisimos","ilesos","fallecidos","sin_datos","posicion_XY","desc_tipo_via","desc_ruta_ori","desc_loc","desc_dpto","desc_tipo_calzada","desc_tipo_banquina","desc_unidad_regional","desc_lugar_calzada","desc_zona","desc_prioridad","desc_estado_semaforo","desc_lugar_via","desc_estado_via","desc_estado_visibilidad","desc_luminosidad","desc_estado_clima","desc_tipo_colision","desc_tipo_atropello","desc_tipo_hecho","desc_pres_calzada","desc_senializacion","desc_separacion_via","desc_restriccion"
2017,2688,5/2/2017,"Martes",0,20:30:00,,"0.0",2,"Pickup/Utilitario,Moto/Ciclomotor","Cordoba Y Salvador Mazza",4,2,0,0,2,0,0,,"Calle",,"PUERTO SAN MARTÍN","San Lorenzo","Asfalto","Pavimento","XVII","Dentro","Urbana","Policía de tránsito","No existe","Intersección","Bueno","Buena","Nocturna","Buen Tiempo","Lateral","S/D","Colisión","Ninguna","Faltante","Ninguna","Sin restricción"
2017,2689,5/20/2017,"Sabado",0,19:30:00,"Ruta Nacional 9","0.0",2,"Moto/Ciclomotor,Moto/Ciclomotor","Amenabar ",3,1,0,0,2,0,0,,"Ruta",9,"ROLDÁN","San Lorenzo","Asfalto","Ripio","XVIII","Dentro","Urbana","Ninguna","No existe","Intersección","Bueno","Buena","Nocturna,Con luz artificial","Buen Tiempo","Lateral","S/D","Colisión","Ninguna","Horizontal","Ninguna","Sin restricción"
2017,2690,5/14/2017,"Domingo",0,16:25:00,,"0.0",2,"Moto/Ciclomotor,Moto/Ciclomotor","Urquiza Y Laprida",3,2,0,0,1,0,0,,"Avenida",,"ROLDÁN","San Lorenzo","Asfalto","Natural","XVII","Dentro","Urbana","Ninguna","No existe","Intersección","Bueno","Buena","Diurna","Buen Tiempo","Lateral","S/D","Colisión","Ninguna","S/D","Ninguna","Sin restricción"
2017,2691,5/12/2017,"Viernes",0,22:20:00,,"0.0",2,"Automóvil,Moto/Ciclomotor","Bv Estanislao Lopez Y Independencia",3,1,1,0,1,0,0,,"Avenida",,"ROLDÁN","San Lorenzo","S/D","Pavimento","XVII","Dentro","Urbana","Ninguna","No existe","Intersección","Otro","Buena","Nocturna","Buen Tiempo","Lateral","S/D","Colisión","Ninguna","S/D","Ninguna","Sin restricción"
2017,2692,5/10/2017,"Miercoles",0,16:30:00,"Ruta Nacional 11","338.0",2,"Pickup/Utilitario,Moto/Ciclomotor"," ",3,0,2,0,1,0,0,,"Ruta",11,"TIMBÚES","San Lorenzo","Asfalto","Natural","XVII","Dentro","Urbana","Ninguna","No existe","Recta","Bueno","Buena","Diurna","Buen Tiempo","Lateral","S/D","Colisión","Ninguna","S/D","Ninguna","Sin restricción"
2017,2693,5/31/2017,"Miercoles",0,13:15:00,,"0.0",2,"Tren,Automóvil","Suiza ",5,1,0,0,4,0,0,,"Calle",,"SAN LORENZO","San Lorenzo","S/D","No existe","XVII","Dentro","Urbana","Ninguna","No existe","Paso a Nivel FFCC","Otro","Buena","Diurna","Buen Tiempo","Lateral","S/D","Colisión","Ninguna","Vertical","Ninguna","S/D"
2017,2694,5/27/2017,"Sabado",0,,"Ruta Nacional 11","0.0",2,"Automóvil,Automóvil","Dorrego Y Bv Oroño",5,2,0,0,3,0,0,,"Ruta",11,"SAN LORENZO","San Lorenzo","Asfalto","No existe","XVII","Dentro","Urbana","Ninguna","No existe","Intersección","Bueno","Buena","S/D","Buen Tiempo","Lateral","S/D","Colisión","Ninguna","S/D","Ninguna","S/D"
2017,2695,5/31/2017,"Miercoles",0,,,"0.0",2,"Moto/Ciclomotor,Moto/Ciclomotor","Av San Martin Y Bv B Mitre",2,2,0,0,0,0,0,,"Avenida",,"SAN LORENZO","San Lorenzo","Hormigón","No existe","XVII","Dentro","Urbana","Ninguna","No existe","Intersección","Bueno","Buena","S/D","Buen Tiempo","Lateral","S/D","Colisión","Ninguna","S/D","Ninguna","S/D"
2017,2696,5/11/2017,"Jueves",0,10:00:00,,"0.0",2,"Automóvil,Transporte de Pasajeros Urbano (> 8 asientos)","Av San Martin Y P Fournier",2,1,0,0,1,0,0,,"Calle",,"SAN LORENZO","San Lorenzo","Asfalto","No existe","XVII","Dentro","Urbana","Ninguna","No existe","Intersección","Bueno","Buena","Diurna","Buen Tiempo","Lateral","S/D","Colisión","Ninguna","S/D","Ninguna","Sin restricción"
2017,2697,5/8/2017,"Lunes",0,12:50:00,,"0.0",2,"Automóvil,Pickup/Utilitario","Irigoyen Y Ledesma",4,1,0,1,2,0,0,,"Calle",,"SAN LORENZO","San Lorenzo","S/D","S/D","XVII","Dentro","Urbana","Ninguna","S/D","Intersección","Otro","Buena","Diurna","Buen Tiempo","Lateral","S/D","Colisión","Ninguna","S/D","Ninguna","S/D"
2017,2698,5/5/2017,"Viernes",0,14:50:00,"Autopista Provincial Brigadier E.López","9.0",5,"Automóvil,Pickup/Utilitario,Pickup/Utilitario,Automóvil,Pickup/Utilitario"," ",8,1,1,0,6,0,0,,"Autopista","Brigadier E.López","RICARDONE","San Lorenzo","Hormigón","Natural","XVII","Dentro","Rural","Ninguna","No existe","Recta","Bueno","Buena","Diurna","Otro","Múltiple","S/D","Colisión","Ninguna","S/D","Ninguna","Sin restricción"
2017,2699,5/7/2017,"Domingo",0,17:50:00,"Ruta Nacional A012","62.0",3,"Automóvil,Automóvil,Automóvil"," ",5,2,2,0,1,0,0,,"Ruta","A012","SAN LORENZO","San Lorenzo","Hormigón","Natural","XVII","Dentro","Rural","Ninguna","No existe","Recta","Bueno","Buena","Atardecer","Buen Tiempo","Múltiple","S/D","Colisión","Ninguna","Faltante","Ninguna","Sin restricción"
2017,2700,5/20/2017,"Sabado",0,0:15:00,,"0.0",2,"Automóvil,Automóvil","Pres Domingo F Sarmiento Y Simon de Iriondo",2,1,0,0,1,0,0,,"Calle",,"PUJATO","San Lorenzo","S/D","No existe","XVII","Dentro","Urbana","Ninguna","No existe","Intersección","Otro","Buena","Nocturna,Con luz artificial","Buen Tiempo","Lateral","S/D","Colisión","Ninguna","S/D","Ninguna","Sin restricción"
2017,2701,3/12/2017,"Domingo",0,12:30:00,"Ruta Nacional 11","0.0",2,"Moto/Ciclomotor,Automóvil"," ",3,2,0,0,1,0,0,,"Ruta",11,"RECONQUISTA","General Obligado","Asfalto","Pavimento","IX","Dentro","Urbana","Ninguna","No existe","Intersección","Bueno","Buena","Diurna","Buen Tiempo","Lateral","S/D","Colisión","Ninguna","Faltante","Ninguna","Sin restricción"
2017,2702,2/25/2017,"Sabado",0,,,"0.0",2,"Moto/Ciclomotor,Otros","Calle 6-Ituzaingo Y Calle 21-Gdor. iriondo",2,1,0,0,0,0,1,,"Calle",,"RECONQUISTA","General Obligado","Asfalto","No existe","IX","Dentro","Urbana","Ninguna","No existe","Intersección","Bueno","Buena","Amanecer","Buen Tiempo","Lateral","S/D","Colisión","Ninguna","Faltante","Ninguna","S/D"
2017,2703,3/21/2017,"Martes",0,17:45:00,,"0.0",3,"Moto/Ciclomotor,Automóvil,Automóvil","Calle 22- 25 de Mayo Y Calle 17-Bartolome Mitre",3,1,0,0,2,0,0,,"Calle",,"RECONQUISTA","General Obligado","Asfalto","S/D","IX","Dentro","Urbana","Ninguna","S/D","Intersección","Bueno","Buena","Diurna","Buen Tiempo","Lateral","S/D","Colisión","Ninguna","S/D","Ninguna","S/D"
2017,2704,5/26/2017,"Viernes",0,12:45:00,,"0.0",2,"Moto/Ciclomotor,Automóvil","Calle 16 Gral Obligado Y Calle 31-Newbery",3,1,1,0,1,0,0,,"Calle",,"RECONQUISTA","General Obligado","Asfalto","Pavimento","IX","Dentro","Urbana","Ninguna","No existe","Intersección","Bueno","Buena","Diurna","Buen Tiempo","Lateral","S/D","Colisión","Ninguna","S/D","Ninguna","S/D"
2017,2705,5/31/2017,"Miercoles",0,16:30:00,,"0.0",2,"Automóvil,Automóvil","Calle 12 San Martin Y Calle 25-Rivadavia",3,1,0,0,2,0,0,,"Calle",,"RECONQUISTA","General Obligado","Asfalto","No existe","IX","Dentro","Urbana","Ninguna","No existe","Intersección","Bueno","Buena","Diurna","Buen Tiempo","Lateral","S/D","Colisión","Ninguna","S/D","Ninguna","S/D"
2017,2706,5/14/2017,"Domingo",0,23:30:00,,"0.0",2,"Moto/Ciclomotor,Automóvil","Calle 30-Lucas Funes Y Calle 41-43",3,2,0,0,1,0,0,,"Calle",,"RECONQUISTA","General Obligado","Hormigón","No existe","IX","Dentro","Urbana","Ninguna","No existe","Recta","Bueno","Buena","Nocturna","Buen Tiempo","Lateral","S/D","Colisión","Ninguna","S/D","Ninguna","S/D"
2017,2707,5/22/2017,"Lunes",0,9:30:00,,"0.0",2,"Automóvil,Moto/Ciclomotor","Calle 10-Ludue±a Y Calle 25-Rivadavia",4,3,0,0,1,0,0,,"Calle",,"RECONQUISTA","General Obligado","Hormigón","No existe","IX","Dentro","Urbana","Ninguna","No existe","Recta","Bueno","Buena","Diurna","Buen Tiempo","Lateral","S/D","Colisión","Ninguna","Faltante","Ninguna","Sin restricción"
2017,2708,4/17/2017,"Lunes",0,11:10:00,,"0.0",2,"Moto/Ciclomotor,Automóvil","Calle 6-Ituzaingo Y Calle 21-Gdor. iriondo",3,2,0,0,1,0,0,,"Calle",,"RECONQUISTA","General Obligado","Asfalto","No existe","IX","Dentro","Urbana","Ninguna","No existe","Intersección","Bueno","Buena","Diurna","Buen Tiempo","Lateral","S/D","Colisión","Ninguna","Horizontal","Ninguna","Sin restricción"
2017,2709,4/21/2017,"Viernes",0,19:55:00,"Ruta Nacional 11","0.0",2,"Moto/Ciclomotor,Automóvil","Calle 29-Alte Brown ",3,2,0,0,1,0,0,,"Ruta",11,"RECONQUISTA","General Obligado","Asfalto","Pavimento","IX","Dentro","Urbana","Ninguna","No existe","Intersección","Bueno","Reducida","Atardecer","Buen Tiempo","De alcance","S/D","Colisión","Ninguna","Faltante","Ninguna","Sin restricción"
2017,2710,5/25/2017,"Jueves",0,22:20:00,"Ruta Nacional 11","0.0",2,"Pickup/Utilitario,Moto/Ciclomotor","Av San Martin Y Dr Ghio",2,1,0,0,0,0,1,,"Ruta",11,"SAN LORENZO","San Lorenzo","Asfalto","No existe","XVII","Dentro","Urbana","Semáforo","Funciona","Intersección","Bueno","Buena","Nocturna","S/D","S/D","S/D","Colisión","Ninguna","Horizontal,Vertical","Ninguna","Sin restricción"
2017,2711,5/24/2017,"Miercoles",0,18:30:00,"Ruta Nacional 11","0.0",2,"Moto/Ciclomotor,Automóvil","Av San Martin Y B de Astrada",2,1,0,0,0,0,1,,"Ruta",11,"SAN LORENZO","San Lorenzo","Asfalto","No existe","XVII","Dentro","Urbana","Ninguna","No existe","Intersección","Bueno","Buena","Diurna","S/D","S/D","S/D","Colisión","Ninguna","S/D","Ninguna","Sin restricción"
2017,2712,5/23/2017,"Martes",0,21:10:00,"Ruta Nacional A012","0.0",2,"Automóvil,Moto/Ciclomotor","Ayohuma ",2,0,0,0,0,0,2,,"Ruta","A012","SAN LORENZO","San Lorenzo","Asfalto","No existe","XVII","Dentro","Urbana","Ninguna","No existe","Intersección","Bueno","Buena","Nocturna","S/D","S/D","S/D","Colisión","Ninguna","Faltante","Ninguna","Sin restricción"
2017,2713,5/12/2017,"Viernes",0,20:40:00,,"0.0",1,"Moto/Ciclomotor","Roque Saenz Peña 147",1,1,0,0,0,0,0,,"Calle",,"SUARDI","San Cristóbal","Asfalto","No existe","XIII","Dentro","Urbana","Ninguna","No existe","Recta","Deteriorada","Reducida","Nocturna","Buen Tiempo","Atropello animal","S/D","Colisión","Ninguna","Faltante","S/D","Sin restricción"
2017,2714,5/6/2017,"Sabado",0,6:00:00,"Ruta Nacional 9","413.0",1,"Moto/Ciclomotor"," ",1,1,0,0,0,0,0,,"Ruta",9,"TORTUGAS","Belgrano","Asfalto","Pavimento","III","Dentro","Urbana","Marca Vial","No existe","Recta","Bueno","Buena","Diurna","Buen Tiempo","S/D","S/D","Caída ocupante","Ninguna","Horizontal","Línea divisoria pintada","Sin restricción"
2017,2715,5/10/2017,"Miercoles",0,14:30:00,,"0.0",2,"Moto/Ciclomotor,Pickup/Utilitario","Calle 12 San Martin Y Calle 29-Alte Brown",2,1,0,0,1,0,0,,"Calle",,"RECONQUISTA","General Obligado","Hormigón","No existe","IX","Dentro","Urbana","Ninguna","S/D","Intersección","Bueno","Buena","Nocturna,Con luz artificial","Buen Tiempo","Lateral","S/D","Colisión","Ninguna","Faltante","Ninguna","Sin restricción"
2017,2716,5/20/2017,"Sabado",0,8:30:00,,"0.0",2,"Pickup/Utilitario,Moto/Ciclomotor","Calle 21-Gdor. iriondo Y Calle 28-San lorenzo",2,1,0,0,1,0,0,,"Calle",,"RECONQUISTA","General Obligado","Hormigón","No existe","IX","Dentro","Urbana","Ninguna","No existe","Recta","Bueno","Buena","Diurna","Buen Tiempo","Lateral","S/D","Colisión","Ninguna","Faltante","Ninguna","Sin restricción"
2017,2717,5/4/2017,"Jueves",0,12:20:00,,"0.0",2,"Pickup/Utilitario,Bicicleta","San Martin Y Pbro Marozi",3,2,0,0,1,0,0,,"Calle",,"SANTA ROSA DE CALCHINES","Garay","Tierra","No existe","VII","Dentro","Urbana","Ninguna","No existe","Intersección","Bueno","Buena","Diurna","Buen Tiempo","S/D","Ciclista","Atropello","Ninguna","Faltante","Ninguna","Sin restricción"
2017,2718,5/27/2017,"Sabado",0,3:00:00,,"0.0",2,"Moto/Ciclomotor,Moto/Ciclomotor","Fray Antonio Rossi Y Senador Dr Armando Antille",3,3,0,0,0,0,0,,"Calle",,"HELVECIA","Garay","Asfalto","Natural","VII","Dentro","Urbana","Ninguna","No existe","Intersección","Bueno","Reducida","Nocturna","Buen Tiempo","S/D","S/D","Colisión","Ninguna","Faltante","Ninguna","Sin restricción"
2017,2719,5/25/2017,"Jueves",0,10:00:00,,"0.0",1,"Bicicleta","Calle 25-Rivadavia Y Calle 26 - Bolivar",2,1,0,0,1,0,0,,"Calle",,"RECONQUISTA","General Obligado","Hormigón","No existe","IX","Dentro","Urbana","Ninguna","No existe","Recta","Bueno","Buena","Diurna","Buen Tiempo","S/D","Ciclista","Atropello","Ninguna","Faltante","Ninguna","Sin restricción"
2017,2720,5/14/2017,"Domingo",0,,"Autopista Provincial Brigadier E.López","101.0",1,"Moto/Ciclomotor"," ",1,0,1,0,0,0,0,,"Autopista","Brigadier E.López","AROCENA","San Jerónimo","Asfalto","Natural","XV","Dentro","Rural","Ninguna","No existe","Curva","Bueno","Reducida","Nocturna","Buen Tiempo","S/D","S/D","Caída ocupante","Ninguna","Vertical","Vegetación","S/D"
2017,2721,5/3/2017,"Miercoles",0,8:10:00,,"0.0",2,"Automóvil,Moto/Ciclomotor","Islas Malvinas Y Silverio Cordoba",2,1,0,0,1,0,0,,"Calle",,"SAN LORENZO","San Lorenzo","Asfalto","Natural","XVII","Dentro","Urbana","S/D","No existe","Intersección","Bueno","Buena","Diurna","S/D","S/D","S/D","Colisión","Ninguna","Faltante","Ninguna","Sin restricción"
2017,2722,5/20/2017,"Sabado",0,20:00:00,,"0.0",2,"Automóvil,Moto/Ciclomotor","Bv Centeno Y Mendoza",2,0,1,0,1,0,0,,"Calle",,"CENTENO","San Jerónimo","Hormigón","No existe","XV","Dentro","Urbana","Ninguna","No existe","Intersección","Bueno","Buena","Nocturna,Con luz artificial","Buen Tiempo","Lateral","S/D","Colisión","Ninguna","S/D","Ninguna","Sin restricción"
2017,2723,5/29/2017,"Lunes",0,9:45:00,"Autopista Provincial Brigadier E.López","0.0",1,"Automóvil"," ",1,0,0,0,0,1,0,"-32.831995, -60.740773","Autopista","Brigadier E.López","CAPITÁN BERMÚDEZ","San Lorenzo","Asfalto","Pavimento","XVII","Dentro","Rural","Ninguna","No existe","Recta","S/D","S/D","Diurna","S/D","S/D","S/D","Vuelco","S/D","S/D","Vegetación","S/D"
2017,2724,5/31/2017,"Miercoles",0,11:00:00,"Ruta Nacional 11","0.0",2,"Automóvil,Moto/Ciclomotor","Av San Martin ",2,1,0,0,1,0,0,,"Ruta",11,"SAN LORENZO","San Lorenzo","Asfalto","No existe","XVII","Dentro","Urbana","S/D","No existe","Intersección","Bueno","Buena","Diurna","S/D","S/D","S/D","Colisión","Ninguna","Faltante","Ninguna","S/D"
2017,2725,5/2/2017,"Martes",0,9:00:00,,"0.0",1,"Moto/Ciclomotor","Calle 25 Y Calle 22",1,0,1,0,0,0,0,,"Calle",,"LAS PAREJAS","Belgrano","Asfalto","No existe","III","Dentro","Urbana","Ninguna","No existe","Intersección","Bueno","Buena","Diurna","Buen Tiempo","S/D","S/D","Caída ocupante","S/D","S/D","Ninguna","Sin restricción"
2017,2726,5/10/2017,"Miercoles",0,20:20:00,,"0.0",2,"Automóvil,Moto/Ciclomotor","Calle 23 Y Calle 8",2,1,0,0,1,0,0,,"Calle",,"LAS PAREJAS","Belgrano","Hormigón","No existe","III","Dentro","Urbana","Ninguna","No existe","Intersección","Bueno","Buena","Nocturna,Con luz artificial","Buen Tiempo","Lateral","S/D","Colisión","S/D","Faltante","Ninguna","S/D"
2017,2727,5/17/2017,"Miercoles",0,10:05:00,,"0.0",2,"Pickup/Utilitario,Automóvil","Calle 14 Y Calle 15",2,1,0,0,1,0,0,,"Calle",,"LAS PAREJAS","Belgrano","Asfalto","No existe","III","S/D","Urbana","Ninguna","No existe","Intersección","Bueno","Buena","Diurna","Buen Tiempo","De alcance","S/D","Colisión","Ninguna","Horizontal","Ninguna","Sin restricción"
2017,2728,5/21/2017,"Domingo",0,3:00:00,,"0.0",1,"Automóvil","Dorrego 656",1,0,0,0,0,0,1,,"Calle",,"SAN LORENZO","San Lorenzo","Asfalto","No existe","XVII","S/D","Urbana","S/D","No existe","Recta","Bueno","Buena","Amanecer","S/D","S/D","S/D","S/D","S/D","Faltante","Ninguna","S/D"
2017,2729,5/15/2017,"Lunes",0,14:50:00,,"0.0",2,"Automóvil,Moto/Ciclomotor","Sargento Cabral Y Avda del Combate",2,1,0,0,0,0,1,,"Calle",,"SAN LORENZO","San Lorenzo","Asfalto","No existe","XVII","Dentro","Urbana","Ninguna","No existe","Intersección","Bueno","Buena","Diurna","Buen Tiempo","S/D","S/D","Colisión","Ninguna","Horizontal","Ninguna","S/D"
2017,2730,5/17/2017,"Miercoles",0,17:15:00,"Ruta Nacional 11","0.0",1,"Moto/Ciclomotor","Av San Martin ",1,1,0,0,0,0,0,,"Ruta",11,"SAN LORENZO","San Lorenzo","Asfalto","No existe","XVII","Dentro","Urbana","S/D","No existe","Intersección","Bueno","Buena","Diurna","S/D","S/D","S/D","S/D","S/D","Faltante","Ninguna","S/D"
2017,2731,5/18/2017,"Jueves",0,4:10:00,"Ruta Provincial 1","98.0",1,"Automóvil"," ",1,1,0,0,0,0,0,,"Ruta",1,"HELVECIA","Garay","Asfalto","Natural","VII","S/D","Urbana","Ninguna","No existe","Recta","Bueno","Reducida","Nocturna","Buen Tiempo","S/D","S/D","S/D","Ninguna","Faltante","Ninguna","Sin restricción"
2017,2732,5/1/2017,"Lunes",0,,,"0.0",2,"Moto/Ciclomotor,Automóvil","Senador Dr Armando Antille ",2,1,0,0,1,0,0,,"Calle",,"HELVECIA","Garay","Asfalto","Natural","VII","Dentro","Urbana","Ninguna","No existe","Recta","Bueno","Reducida","Nocturna","Buen Tiempo","De alcance","S/D","Colisión","Ninguna","Faltante","Ninguna","Sin restricción"
2017,2734,5/17/2017,"Miercoles",0,16:15:00,"Ruta Nacional 11","0.0",2,"Automóvil,Moto/Ciclomotor","Av San Martin Y Pellegrini",2,1,0,0,1,0,0,,"Ruta",11,"FRAY LUIS BELTRÁN","San Lorenzo","Asfalto","Ripio","XVII","Dentro","Urbana","Ninguna","No existe","Recta","Bueno","Buena","Diurna","Buen Tiempo","Frontal","S/D","Colisión","Ninguna","Horizontal","Ninguna","Sin restricción"
2017,2735,5/1/2017,"Lunes",0,17:00:00,,"0.0",1,"Moto/Ciclomotor"," ",2,1,0,0,1,0,0,,"Calle",,"LOS ZAPALLOS","Garay","Arena","Natural","VII","S/D","Urbana","Ninguna","No existe","Recta","Bueno","Buena","Diurna","Buen Tiempo","S/D","S/D","Caída ocupante","Ninguna","Faltante","Ninguna","Sin restricción"
2017,2736,5/7/2017,"Domingo",0,20:45:00,,"0.0",2,"Taxi/Remis,Moto/Ciclomotor","Guayaquil Y Mitre",2,1,0,0,1,0,0,,"Calle",,"FRAY LUIS BELTRÁN","San Lorenzo","Asfalto","No existe","XVII","Dentro","Urbana","Ninguna","No existe","Intersección","S/D","Buena","Nocturna","Buen Tiempo","Lateral","S/D","Colisión","Ninguna","S/D","Ninguna","S/D"
2017,2737,5/12/2017,"Viernes",0,14:45:00,"Autopista Provincial Brigadier E.López","12.0",2,"Camión c / Acoplado,Automóvil"," ",2,1,0,0,1,0,0,,"Autopista","Brigadier E.López","FRAY LUIS BELTRÁN","San Lorenzo","Asfalto","Pavimento","XVII","Dentro","Urbana","Ninguna","No existe","Recta","Bueno","Buena","Diurna","Lluvia","S/D","S/D","Colisión","Ninguna","Horizontal,Vertical","Vegetación","Sin restricción"
2017,2738,5/17/2017,"Miercoles",0,19:05:00,,"0.0",2,"Moto/Ciclomotor,Pickup/Utilitario","San Martin Y Moreno",3,1,0,0,2,0,0,,"Calle",,"MARGARITA","Vera","Ripio","No existe","XIX","Dentro","Urbana","Ninguna","No existe","Recta","Bueno","Buena","Nocturna","Buen Tiempo","S/D","Ciclista","Atropello","Ninguna","Horizontal","Cordón divisorio","Sin restricción"
2017,2740,5/18/2017,"Jueves",0,17:10:00,,"0.0",2,"Moto/Ciclomotor,Automóvil","Buenos Aires Y Rivadavia",2,0,1,0,1,0,0,,"Calle",,"LAS ROSAS","Belgrano","Asfalto","No existe","III","Dentro","Urbana","Ninguna","No existe","Intersección","Bueno","Buena","Diurna","Buen Tiempo","Lateral","S/D","Colisión","S/D","S/D","Ninguna","S/D"
2017,2741,5/15/2017,"Lunes",0,12:00:00,,"0.0",2,"Bicicleta,Automóvil","Simon de Iriondo Y San Lorenzo",2,1,0,0,1,0,0,,"Calle",,"LAS ROSAS","Belgrano","Asfalto","No existe","III","Dentro","Urbana","Ninguna","No existe","Intersección","Bueno","Buena","Diurna","Buen Tiempo","Lateral","S/D","Colisión","Ninguna","Faltante","Ninguna","S/D"
2017,2742,5/12/2017,"Viernes",0,21:00:00,,"0.0",2,"Pickup/Utilitario,Moto/Ciclomotor","Simon de Iriondo Y Sarmiento",3,2,0,0,1,0,0,,"Calle",,"LAS ROSAS","Belgrano","Asfalto","Pavimento","III","Dentro","Urbana","Ninguna","No existe","Intersección","Bueno","Buena","Nocturna","Buen Tiempo","Lateral","S/D","Colisión","Ninguna","S/D","Ninguna","S/D"
2017,2743,5/11/2017,"Jueves",0,14:00:00,,"0.0",2,"Moto/Ciclomotor,Automóvil","San Martin Y Chacabuco",2,1,0,0,1,0,0,,"Calle",,"LAS ROSAS","Belgrano","Asfalto","No existe","III","Dentro","Urbana","Ninguna","No existe","Intersección","Con baches","Buena","Diurna","Buen Tiempo","Lateral","S/D","Colisión","Ninguna","Faltante","Ninguna","S/D"
2017,2744,5/9/2017,"Martes",0,13:55:00,"Ruta Nacional 178","0.0",2,"Peatón,Pickup/Utilitario","Tucuman ",2,1,0,0,1,0,0,,"Ruta",178,"LAS ROSAS","Belgrano","Asfalto","Ripio","III","Dentro","Urbana","Ninguna","S/D","Intersección","Bueno","Buena","Diurna","Buen Tiempo","Lateral","S/D","Colisión","Ninguna","S/D","Ninguna","S/D"
2017,2745,5/1/2017,"Lunes",0,22:00:00,,"0.0",2,"Moto/Ciclomotor,Pickup/Utilitario","Art Ramon Villarreal Y Comandante Razzetti",2,1,0,0,1,0,0,,"Calle",,"TOSTADO","9 de Julio","Asfalto","No existe","XII","Dentro","Urbana","Ninguna","No existe","Intersección","Bueno","Buena","Nocturna","Buen Tiempo","Lateral","S/D","Colisión","Ninguna","S/D","Ninguna","S/D"
2017,2746,5/13/2017,"Sabado",0,11:50:00,,"0.0",2,"Pickup/Utilitario,Moto/Ciclomotor","Avenida Rivadavia Y Avenida San Martin",4,1,1,0,2,0,0,,"Avenida",,"TOSTADO","9 de Julio","Asfalto","No existe","XII","Dentro","Urbana","Ninguna","No existe","Intersección","Resbaladiza","Buena","Diurna","Lluvia","Lateral","S/D","Colisión","Agua","S/D","Ninguna","Sin restricción"
2017,2747,5/19/2017,"Viernes",0,19:05:00,"Ruta Provincial 2","0.0",1,"Moto/Ciclomotor"," ",1,1,0,0,0,0,0,,"Ruta",2,"TOSTADO","9 de Julio","Asfalto","Natural","XII","Dentro","Urbana","Ninguna","No existe","Curva","Bueno","Buena","Nocturna","Buen Tiempo","S/D","S/D","Despiste","Ninguna","Faltante","Ninguna","Sin restricción"
2017,2748,5/25/2017,"Jueves",0,10:45:00,"Ruta Secundaria 285-s","0.0",1,"Automóvil"," ",5,4,1,0,0,0,0,,"Ruta","285-s","ESTEBAN RAMS","9 de Julio","Asfalto","Natural","XII","Dentro","Rural","Ninguna","No existe","Recta","Bueno","Buena","Diurna","Buen Tiempo","S/D","S/D","Vuelco","Ninguna","S/D","Ninguna","S/D"
2017,2749,5/2/2017,"Martes",0,6:15:00,,"0.0",2,"Moto/Ciclomotor,Automóvil","9 de Julio Y Cordoba",6,1,1,0,4,0,0,,"Avenida",,"VILLA MINETTI","9 de Julio","S/D","No existe","XII","Dentro","Urbana","Ninguna","No existe","Recta","Otro","Buena","Amanecer","Buen Tiempo","Lateral","S/D","Colisión","Ninguna","S/D","Ninguna","Sin restricción"
2017,2750,5/8/2017,"Lunes",0,17:40:00,"Ruta Provincial 70","0.0",2,"Automóvil,Moto/Ciclomotor","Simon de Iriondo ",4,2,0,0,2,0,0,,"Ruta",70,"ESPERANZA","Las Colonias","Asfalto","S/D","XI","Dentro","Urbana","Semáforo","Intermitente","Intersección","Bueno","Buena","Diurna","Buen Tiempo","Lateral","S/D","Colisión","Ninguna","S/D","Ninguna","Sin restricción"
2017,2751,5/18/2017,"Jueves",0,17:55:00,,"0.0",2,"Moto/Ciclomotor,Automóvil","San Martin Y Entre Rios",3,0,1,0,2,0,0,,"Calle",,"SAN CARLOS CENTRO","Las Colonias","Asfalto","No existe","XI","Dentro","Urbana","Ninguna","No existe","Intersección","Bueno","Buena","Diurna","Buen Tiempo","Lateral","S/D","Colisión","Ninguna","Vertical","Ninguna","Sin restricción"
2017,2752,5/4/2017,"Jueves",0,19:30:00,,"0.0",2,"Pickup/Utilitario,Moto/Ciclomotor","Sarmiento Y Pte Illia",2,0,1,0,1,0,0,,"Calle",,"SAN CARLOS CENTRO","Las Colonias","Asfalto","Pavimento","XI","Dentro","Urbana","Ninguna","No existe","Intersección","Bueno","Buena","Nocturna","Buen Tiempo","Lateral","S/D","Colisión","Ninguna","Horizontal,Vertical","Cordón divisorio","Sin restricción"
2017,2753,5/3/2017,"Miercoles",0,11:30:00,,"0.0",1,"Moto/Ciclomotor","Scalabrini Ortiz 500",1,1,0,0,0,0,0,,"Avenida",,"SAN CARLOS CENTRO","Las Colonias","Ripio","No existe","XI","Dentro","Urbana","Ninguna","No existe","Recta","Bueno","Buena","Diurna","Buen Tiempo","Atropello animal","S/D","Colisión","Ninguna","Vertical","Cordón divisorio","Sin restricción"