"anio_acci","nro_acci","fecha","desc_dia","fecha_aprox","hora_aprox","desc_ruta","km","cant_participantes","desc_participante","calle_avenida_km","total","heridos_leves","heridos_graves","heridos_gravisimos","ilesos","fallecidos","sin_datos","posicion_XY","desc_tipo_via","desc_ruta_ori","desc_loc","desc_dpto","desc_tipo_calzada","desc_tipo_banquina","desc_unidad_regional","desc_lugar_calzada","desc_zona","desc_prioridad","desc_estado_semaforo","desc_lugar_via","desc_estado_via","desc_estado_visibilidad","desc_luminosidad","desc_estado_clima","desc_tipo_colision","desc_tipo_atropello","desc_tipo_hecho","desc_pres_calzada","desc_senializacion","desc_separacion_via","desc_restriccion"
2017,2754,5/5/2017,"Viernes",0,16:30:00,,"0.0",2,"Pickup/Utilitario,Moto/Ciclomotor","Rivadavia Y Bv Cardenal Spinola y Maestre",2,0,1,0,1,0,0,,"Avenida",,"SAN CARLOS CENTRO","Las Colonias","Ripio","Ripio","XI","Dentro","Urbana","Ninguna","No existe","Intersección","Bueno","Buena","Nocturna,Con luz artificial","Buen Tiempo","Lateral","S/D","Colisión","Ninguna","S/D","Ninguna","Sin restricción"
2017,2755,5/30/2017,"Martes",0,,"Ruta Secundaria 67-s","0.0",1,"Automóvil"," ",1,1,0,0,0,0,0,,"Ruta","67-s","SAN JERÓNIMO NORTE","Las Colonias","Hormigón","No existe","XI","Dentro","Rural","Ninguna","No existe","Recta","Bueno","Buena","Nocturna,Con luz artificial","Buen Tiempo","S/D","S/D","Vuelco,Despiste","Ninguna","S/D","Línea divisoria pintada","Sin restricción"
2017,2756,5/1/2017,"Lunes",0,21:10:00,"Ruta Provincial 68","12.0",2,"Automóvil,Camión c / Acoplado"," ",2,1,0,0,1,0,0,,"Ruta",68,"RIVADAVIA","Las Colonias","Asfalto","Natural","XI","Dentro","Urbana","Ninguna","No existe","Recta","Bueno","Reducida","Nocturna","Buen Tiempo","Lateral","S/D","Colisión","Ninguna","S/D","Ninguna","Sin restricción"
2017,2757,5/27/2017,"Sabado",0,5:30:00,,"0.0",3,"Moto/Ciclomotor,Camión c / Acoplado,Bicicleta","San Martin 1500",3,0,0,0,2,1,0,"-31.43633, -61.25864","Avenida",,"PILAR","Las Colonias","Asfalto","No existe","XI","Dentro","Urbana","Ninguna","No existe","Recta","Bueno","Buena","Amanecer","Buen Tiempo","S/D","S/D","Caída ocupante","Ninguna","S/D","Cordón divisorio","Sin restricción"
2017,2758,5/13/2017,"Sabado",0,19:00:00,,"0.0",2,"Automóvil,Moto/Ciclomotor","9 de Julio Y Sarmiento",2,1,0,0,1,0,0,,"Calle",,"PILAR","Las Colonias","Asfalto","No existe","XI","Dentro","Urbana","Ninguna","No existe","Intersección","Bueno","Buena","Nocturna,Con luz artificial","Buen Tiempo","Lateral","S/D","Colisión","Ninguna","Vertical","Ninguna","Sin restricción"
2017,2759,5/13/2017,"Sabado",0,18:10:00,,"0.0",2,"Automóvil,Moto/Ciclomotor","San Martin Y 20 de Junio",3,2,0,0,1,0,0,,"Calle",,"PILAR","Las Colonias","Asfalto","No existe","XI","Dentro","Urbana","Ninguna","No existe","Intersección","Bueno","Buena","Atardecer","Buen Tiempo","Lateral","S/D","Colisión","Ninguna","S/D","Ninguna","Sin restricción"
2017,2760,5/9/2017,"Martes",0,11:15:00,,"0.0",2,"Pickup/Utilitario,Moto/Ciclomotor","9 de Julio Y Misiones",3,2,0,0,1,0,0,,"Calle",,"PILAR","Las Colonias","Asfalto","Pavimento","XI","Dentro","Urbana","Ninguna","No existe","Intersección","Bueno","Buena","Diurna","Buen Tiempo","Lateral","S/D","Colisión","Ninguna","Horizontal","Ninguna","Sin restricción"
2017,2761,5/2/2017,"Martes",0,1:10:00,,"0.0",1,"Moto/Ciclomotor","Av Las Heras ",1,1,0,0,0,0,0,,"Avenida",,"PILAR","Las Colonias","Tierra","No existe","XI","Dentro","Urbana","Ninguna","No existe","Recta","Deteriorada","Buena","Nocturna","Buen Tiempo","Atropello animal","S/D","Colisión","Ninguna","Faltante","Ninguna","Sin restricción"
2017,2762,4/14/2017,"Viernes",0,22:15:00,,"0.0",2,"Moto/Ciclomotor,Moto/Ciclomotor","Av Falucho Y Suipacha",2,0,1,0,1,0,0,,"Calle",,"CERES","San Cristóbal","Asfalto","No existe","XIII","Dentro","Urbana","Ninguna","No existe","Intersección","Bueno","Buena","Nocturna","Buen Tiempo","Lateral","S/D","Colisión","Ninguna","S/D","Cordón divisorio","Sin restricción"
2017,2763,5/11/2017,"Jueves",0,19:10:00,,"0.0",2,"Moto/Ciclomotor,Automóvil","Av Cordoba Y R G Videla",3,0,1,0,2,0,0,,"Calle",,"ESPERANZA","Las Colonias","Asfalto","No existe","XI","Dentro","Urbana","Ninguna","No existe","Intersección","Bueno","Buena","Nocturna,Con luz artificial","Buen Tiempo","Lateral","S/D","Colisión","Ninguna","S/D","Ninguna","Sin restricción"
2017,2764,5/5/2017,"Viernes",0,20:40:00,,"0.0",2,"Automóvil,Moto/Ciclomotor","Soler Y Dr Romang",3,1,0,0,2,0,0,,"Calle",,"ESPERANZA","Las Colonias","Asfalto","Natural","XI","Dentro","Urbana","Semáforo","Intermitente","Intersección","Bueno","Buena","Nocturna","Lluvia","Lateral","S/D","Colisión","Ninguna","S/D","Ninguna","Sin restricción"
2017,2765,5/27/2017,"Sabado",0,19:55:00,,"0.0",2,"Automóvil,Moto/Ciclomotor","General Manuel Belgrano Y Ami Droz",3,1,0,0,2,0,0,,"Calle",,"ESPERANZA","Las Colonias","Asfalto","No existe","XI","Dentro","Urbana","Marca Vial","No existe","Curva","Bueno","Buena","Nocturna","Buen Tiempo","Lateral","S/D","Colisión","Ninguna","Vertical","Ninguna","Sin restricción"
2017,2766,5/17/2017,"Miercoles",0,8:30:00,,"0.0",2,"Automóvil,Automóvil","Nicolas Schneider Y Chacabuco",3,0,1,0,2,0,0,,"Calle",,"ESPERANZA","Las Colonias","Asfalto","No existe","XI","Dentro","Urbana","Ninguna","No existe","Intersección","Bueno","Buena","Diurna","Buen Tiempo","Lateral","S/D","Colisión","Ninguna","S/D","Ninguna","Sin restricción"
2017,2767,5/26/2017,"Viernes",0,8:45:00,,"0.0",2,"Moto/Ciclomotor,Automóvil","9 de Julio Y Sarmiento D",3,1,0,0,2,0,0,,"Calle",,"VERA","Vera","Asfalto","No existe","XIX","Dentro","Urbana","Ninguna","No existe","Intersección","Bueno","Buena","Diurna","Buen Tiempo","Lateral","S/D","Colisión","Ninguna","Faltante","Ninguna","Sin restricción"
2017,2768,5/19/2017,"Viernes",0,,,"0.0",2,"Moto/Ciclomotor,Automóvil","Presbitero Jose Houriet Y Soldado Gomez",3,2,0,0,1,0,0,,"Calle",,"VERA","Vera","S/D","No existe","XIX","Dentro","Urbana","Ninguna","No existe","Intersección","Otro","Buena","Diurna","Buen Tiempo","Lateral","S/D","Colisión","Ninguna","S/D","Ninguna","Sin restricción"
2017,2769,5/15/2017,"Lunes",0,19:10:00,,"0.0",2,"Moto/Ciclomotor,Automóvil","Rivadavia Y Avenida Mitre",5,1,0,0,4,0,0,,"Calle",,"CERES","San Cristóbal","Asfalto","No existe","XIII","Dentro","S/D","Ninguna","No existe","Intersección","Bueno","Buena","Nocturna","Buen Tiempo","Lateral","S/D","Colisión","Ninguna","Vertical","Ninguna","Sin restricción"
2017,2770,5/15/2017,"Lunes",0,21:20:00,,"0.0",2,"Moto/Ciclomotor,Moto/Ciclomotor","Avenida Sargento Cabral Y Sarmiento",3,0,1,0,2,0,0,,"Avenida",,"CERES","San Cristóbal","Asfalto","No existe","XIII","Fuera","Urbana","Ninguna","No existe","Intersección","Bueno","Buena","Nocturna","Buen Tiempo","Lateral","S/D","Colisión","Otro","S/D","Ninguna","Sin restricción"
2017,2771,5/10/2017,"Miercoles",0,11:00:00,,"0.0",2,"Moto/Ciclomotor,Transporte de Pasajeros Urbano (> 8 asientos)","Plumerillo ",3,1,0,0,2,0,0,,"Calle",,"VILLA TRINIDAD","San Cristóbal","Tierra","No existe","XIII","Dentro","Urbana","Ninguna","No existe","Recta","Bueno","Buena","Diurna","Buen Tiempo","Contra objeto fijo","S/D","Colisión","Ninguna","S/D","Ninguna","S/D"
2017,2772,5/1/2017,"Lunes",0,19:30:00,"Ruta Nacional 11","677.0",2,"Automóvil,Moto/Ciclomotor"," ",2,0,1,0,1,0,0,,"Ruta",11,"CALCHAQUÍ","Vera","Asfalto","No existe","XIX","Dentro","Rural","Ninguna","No existe","Recta","Bueno","Buena","Diurna","Buen Tiempo","Lateral","S/D","Colisión","Ninguna","S/D","Ninguna","Sin restricción"
2017,2773,5/9/2017,"Martes",0,17:40:00,,"0.0",2,"Moto/Ciclomotor,Bicicleta","Mitre ",2,2,0,0,0,0,0,,"Calle",,"CALCHAQUÍ","Vera","S/D","S/D","XIX","Dentro","Urbana","Ninguna","S/D","Intersección","Otro","S/D","Diurna","S/D","Lateral","S/D","Colisión","Ninguna","S/D","S/D","Sin restricción"
2017,2774,5/21/2017,"Domingo",0,18:15:00,,"0.0",1,"Automóvil"," ",3,3,0,0,0,0,0,,"Camino Rural",,"CALCHAQUÍ","Vera","Tierra","Natural","XIX","Dentro","Rural","Ninguna","No existe","Recta","Otro","Buena","Diurna","Buen Tiempo","S/D","S/D","Vuelco","Ninguna","S/D","Ninguna","S/D"
2017,2775,5/14/2017,"Domingo",0,17:45:00,"Ruta Secundaria 64-s","12.0",1,"Automóvil"," ",3,3,0,0,0,0,0,,"Ruta","64-s","SOUTOMAYOR","Las Colonias","Asfalto","No existe","XI","Dentro","Rural","Ninguna","No existe","Recta","Bueno","Buena","Diurna","Buen Tiempo","S/D","S/D","Vuelco","Ninguna","S/D","Ninguna","S/D"
2017,2776,5/25/2017,"Jueves",0,19:00:00,,"0.0",2,"Moto/Ciclomotor,Automóvil","Islas Malvinas Y Av Argentina",2,1,0,0,1,0,0,,"Avenida",,"ESPERANZA","Las Colonias","Asfalto","No existe","XI","Dentro","Urbana","Ninguna","No existe","Intersección","Bueno","Buena","Diurna,Con luz artificial","Buen Tiempo","Lateral","S/D","Colisión","Ninguna","S/D","Ninguna","Sin restricción"
2017,2777,5/13/2017,"Sabado",0,18:45:00,,"0.0",1,"Moto/Ciclomotor","Peru Y Libertad",1,1,0,0,0,0,0,,"Calle",,"ESPERANZA","Las Colonias","Asfalto","No existe","XI","Dentro","Urbana","Ninguna","No existe","Intersección","Bueno","Buena","Diurna","Buen Tiempo","Atropello animal","S/D","Colisión","Ninguna","S/D","Ninguna","Sin restricción"
2017,2778,5/3/2017,"Miercoles",0,14:00:00,"Ruta Nacional 11","0.0",2,"Pickup/Utilitario,Moto/Ciclomotor","Av San Martin Y Av Gral Savio",2,1,0,0,1,0,0,,"Ruta",11,"FRAY LUIS BELTRÁN","San Lorenzo","S/D","No existe","XVII","Dentro","Urbana","Ninguna","No existe","Intersección","Otro","Buena","Diurna","Otro","Lateral","S/D","Colisión","Ninguna","S/D","S/D","Sin restricción"
2017,2779,5/14/2017,"Domingo",0,11:30:00,"Ruta Nacional 19","18.0",2,"Automóvil,Moto/Ciclomotor"," ",3,2,0,0,1,0,0,,"Ruta",19,"SAN AGUSTÍN","Las Colonias","Asfalto","No existe","XI","Dentro","Rural","Ninguna","No existe","Cruce","Bueno","Buena","Diurna","Buen Tiempo","Lateral","S/D","Colisión","Ninguna","S/D","Ninguna","Sin restricción"
2017,2780,5/26/2017,"Viernes",0,13:00:00,"Ruta Provincial 10","0.0",3,"Moto/Ciclomotor,Bicicleta,Bicicleta"," ",3,3,0,0,0,0,0,,"Ruta",10,"SARMIENTO","Las Colonias","Asfalto","No existe","XI","Dentro","Rural","Ninguna","No existe","Recta","Bueno","Buena","Diurna","Otro","S/D","Ciclista","Atropello","Otro","S/D","Ninguna","Sin restricción"
2017,2781,5/28/2017,"Domingo",0,11:15:00,,"0.0",1,"Moto/Ciclomotor"," ",2,1,1,0,0,0,0,,"Camino Rural",,"COLONIA ANA","San Cristóbal","Tierra","No existe","XIII","Dentro","Rural","Ninguna","No existe","Recta","Ahuellamiento","Buena","Diurna","Buen Tiempo","S/D","S/D","Despiste","Ninguna","Vertical","Ninguna","Sin restricción"
2017,2782,5/21/2017,"Domingo",0,15:30:00,,"0.0",2,"Moto/Ciclomotor,Pickup/Utilitario","Saavedra Y Av. de los Trabaj. Ferroviario",2,1,0,0,1,0,0,,"Avenida",,"SAN CRISTÓBAL","San Cristóbal","S/D","S/D","XIII","Dentro","Urbana","Ninguna","S/D","Intersección","Otro","Buena","Diurna","Buen Tiempo","Lateral","S/D","Colisión","Ninguna","S/D","Ninguna","S/D"
2017,2783,5/19/2017,"Viernes",0,18:50:00,,"0.0",3,"Automóvil,Moto/Ciclomotor,Automóvil","Hipolito Irigoyen Y Pueyrredon",3,1,0,0,2,0,0,,"Avenida",,"SAN CRISTÓBAL","San Cristóbal","Asfalto","Pavimento","XIII","Dentro","Urbana","Ninguna","No existe","Intersección","Bueno","Buena","Nocturna","Buen Tiempo","Múltiple","S/D","Colisión","Ninguna","S/D","Cordón divisorio","Sin restricción"
2017,2784,5/11/2017,"Jueves",0,21:00:00,,"0.0",2,"Automóvil,Automóvil","Salta Y Santiago",3,2,0,0,1,0,0,,"Calle",,"CAPITÁN BERMÚDEZ","San Lorenzo","S/D","S/D","XVII","Dentro","Urbana","S/D","S/D","Intersección","S/D","Buena","Nocturna","S/D","S/D","S/D","Colisión","S/D","S/D","S/D","S/D"
2017,2785,5/2/2017,"Martes",0,20:00:00,,"0.0",1,"Moto/Ciclomotor","Humberto Primero Y Gobernador Jose B Iturraspe",2,1,0,0,0,0,1,,"Calle",,"HELVECIA","Garay","Tierra","S/D","VII","Dentro","Urbana","Ninguna","S/D","Intersección","Bueno","Buena","Nocturna","Buen Tiempo","S/D","S/D","Caída ocupante","Ninguna","Faltante","Ninguna","Sin restricción"
2017,2786,5/21/2017,"Domingo",0,20:40:00,"Ruta Nacional 11","0.0",2,"Automóvil,Moto/Ciclomotor","Av San Lorenzo Y R Dario",2,1,0,0,1,0,0,,"Ruta",11,"CAPITÁN BERMÚDEZ","San Lorenzo","S/D","S/D","XVII","Dentro","Urbana","S/D","S/D","Intersección","Resbaladiza","S/D","Nocturna","S/D","S/D","S/D","Colisión","S/D","S/D","S/D","S/D"
2017,2787,5/21/2017,"Domingo",0,20:00:00,"Ruta Nacional 11","0.0",2,"Automóvil,Moto/Ciclomotor","Av San Lorenzo ",3,1,0,0,2,0,0,,"Ruta",11,"CAPITÁN BERMÚDEZ","San Lorenzo","S/D","S/D","XVII","Dentro","Urbana","S/D","S/D","Recta","S/D","S/D","Nocturna","S/D","S/D","S/D","Colisión","S/D","S/D","S/D","S/D"
2017,2788,5/24/2017,"Miercoles",0,19:40:00,"Ruta Nacional 11","0.0",2,"Automóvil,Moto/Ciclomotor","Martin Fierro Y Av San Lorenzo",3,1,0,0,2,0,0,,"Ruta",11,"CAPITÁN BERMÚDEZ","San Lorenzo","Asfalto","S/D","XVII","Dentro","Urbana","S/D","S/D","Intersección","S/D","S/D","Diurna","S/D","Lateral","S/D","Colisión","S/D","Horizontal,Vertical","S/D","S/D"
2017,2789,5/14/2017,"Domingo",0,4:40:00,"Ruta Nacional 11","0.0",2,"Automóvil,Pickup/Utilitario","San Jose ",3,2,0,0,1,0,0,,"Ruta",11,"AROCENA","San Jerónimo","Asfalto","Ripio","XV","Dentro","Urbana","Semáforo","Funciona","Intersección","Bueno","Buena","Nocturna","Buen Tiempo","Frontal","S/D","Colisión","Ninguna","Horizontal,Vertical","Línea divisoria pintada","Sin restricción"
2017,2790,5/6/2017,"Sabado",0,6:00:00,"Ruta Nacional 11","320.0",3,"Automóvil,Taxi/Remis,Automóvil","Av San Lorenzo Y Eva Peron",5,2,0,0,3,0,0,,"Ruta",11,"CAPITÁN BERMÚDEZ","San Lorenzo","S/D","S/D","XVII","Dentro","Urbana","S/D","S/D","Intersección","S/D","S/D","Diurna","S/D","Múltiple","S/D","Colisión","S/D","S/D","S/D","S/D"
2017,2791,5/26/2017,"Viernes",0,7:00:00,"Ruta Nacional 11","0.0",2,"Pickup/Utilitario,Moto/Ciclomotor","Av San Lorenzo Y 25 de Mayo",4,2,0,0,2,0,0,,"Ruta",11,"CAPITÁN BERMÚDEZ","San Lorenzo","S/D","S/D","XVII","Dentro","Urbana","S/D","S/D","Intersección","S/D","S/D","Diurna","S/D","S/D","S/D","Colisión","S/D","S/D","S/D","S/D"
2017,2792,5/13/2017,"Sabado",0,6:20:00,"Ruta Nacional 178","177.0",2,"Pickup/Utilitario,Camión c / Acoplado"," ",3,2,0,0,1,0,0,,"Ruta",178,"LAS PAREJAS","Belgrano","Asfalto","Ripio","III","Dentro","Urbana","Semáforo","No funciona","Recta","Bueno","Buena","Diurna,Con luz artificial","Lluvia","De alcance","S/D","Colisión","Agua","Horizontal,Vertical","Ninguna","Sin restricción"
2017,2793,5/23/2017,"Martes",0,12:15:00,,"0.0",2,"Automóvil,Moto/Ciclomotor","Dr Ricardo Fischer Y Lisandro de la Torre",3,0,1,0,2,0,0,,"Calle",,"ARMSTRONG","Belgrano","Asfalto","No existe","III","Dentro","Urbana","Ninguna","No existe","Intersección","Bueno","Buena","Diurna","Buen Tiempo","Lateral","S/D","Colisión","S/D","Vertical","Ninguna","Sin restricción"
2017,2794,5/8/2017,"Lunes",0,18:30:00,,"0.0",2,"Pickup/Utilitario,Moto/Ciclomotor","Gral Lopez Y Jujuy",3,0,1,0,2,0,0,,"Calle",,"MACIEL","San Jerónimo","Hormigón","No existe","XV","Dentro","Urbana","Ninguna","No existe","Intersección","Bueno","Buena","Diurna","Buen Tiempo","Lateral","S/D","Colisión","Ninguna","Faltante","Ninguna","Sin restricción"
2017,2795,5/25/2017,"Jueves",0,22:10:00,"Ruta Nacional 34","94.0",1,"Moto/Ciclomotor"," ",2,2,0,0,0,0,0,,"Ruta",34,"CENTENO","San Jerónimo","Asfalto","Natural","XV","Dentro","Urbana","Ninguna","No existe","Curva","Bueno","Reducida","Diurna","Lluvia","S/D","S/D","Caída ocupante","Agua","Vertical","Línea divisoria pintada","Sin restricción"
2017,2796,5/20/2017,"Sabado",0,11:45:00,"Autopista Provincial Brigadier E.López","57.0",3,"Camión c / Acoplado,Automóvil,Automóvil"," ",4,0,2,0,2,0,0,,"Autopista","Brigadier E.López","MACIEL","San Jerónimo","Asfalto","Natural","XV","Dentro","Rural","Ninguna","No existe","Recta","Bueno","Buena","Diurna","Buen Tiempo","Múltiple","S/D","Colisión","Ninguna","Faltante","Vegetación","Sin restricción"
2017,2797,5/9/2017,"Martes",0,16:00:00,,"0.0",2,"Moto/Ciclomotor,Automóvil","Belgrano Y Rivadavia",3,1,0,0,2,0,0,,"Calle",,"PUERTO SAN MARTÍN","San Lorenzo","Asfalto","No existe","XVII","Dentro","Urbana","Ninguna","No existe","Intersección","Bueno","Buena","Diurna","Buen Tiempo","Lateral","S/D","Colisión","Ninguna","Horizontal","Ninguna","Sin restricción"
2017,2798,5/13/2017,"Sabado",0,6:15:00,,"0.0",2,"Moto/Ciclomotor,Automóvil","Belgrano Y Brasil",3,1,0,0,2,0,0,,"Calle",,"PUERTO SAN MARTÍN","San Lorenzo","Asfalto","No existe","XVII","Dentro","Urbana","Ninguna","No existe","Intersección","Deteriorada","Buena","Amanecer","Buen Tiempo","Lateral","S/D","Colisión","Ninguna","Horizontal","Ninguna","Sin restricción"
2017,2799,5/17/2017,"Miercoles",0,21:15:00,"Ruta Provincial 1","0.0",2,"Automóvil,Moto/Ciclomotor","Conde de Tessieres ",2,0,1,0,1,0,0,,"Ruta",1,"CAYASTA","Garay","Asfalto","Natural","VII","Dentro","Urbana","Ninguna","No existe","Recta","Bueno","Buena","Nocturna","Buen Tiempo","Lateral","S/D","Colisión","Ninguna","Vertical","Línea divisoria pintada","Sin restricción"
2017,2800,5/30/2017,"Martes",0,17:30:00,,"0.0",2,"Automóvil,Moto/Ciclomotor","Alvaro Gil Y Isabel La Catolica",2,1,0,0,1,0,0,,"Calle",,"CAYASTA","Garay","Arena","No existe","VII","Dentro","Urbana","Ninguna","No existe","Intersección","Bueno","Buena","Diurna","Buen Tiempo","Lateral","S/D","Colisión","Ninguna","Faltante","Ninguna","Sin restricción"
2017,2801,5/13/2017,"Sabado",0,19:15:00,"Ruta Provincial 1","72.0",2,"Moto/Ciclomotor,Automóvil"," ",3,2,0,0,1,0,0,,"Ruta",1,"CAYASTA","Garay","Asfalto","Natural","VII","Dentro","Urbana","Semáforo","Intermitente","Recta","Bueno","Buena","Diurna","Buen Tiempo","Lateral","S/D","Colisión","Ninguna","Vertical","Línea divisoria pintada","Sin restricción"
2017,2802,5/22/2017,"Lunes",0,15:20:00,"Ruta Provincial 70","0.0",2,"Automóvil,Moto/Ciclomotor"," ",2,1,0,0,1,0,0,,"Ruta",70,"ESPERANZA","Las Colonias","Asfalto","Ripio","XI","Dentro","Urbana","Ninguna","No existe","Recta","Bueno","Buena","Diurna","Buen Tiempo","Lateral","S/D","Colisión","Ninguna","Vertical","Línea divisoria pintada","Sin restricción"
2017,2803,5/20/2017,"Sabado",0,22:10:00,,"0.0",2,"Automóvil,Moto/Ciclomotor","Rivadavia Y Laprida",2,1,0,0,1,0,0,,"Calle",,"ESPERANZA","Las Colonias","Asfalto","No existe","XI","Dentro","Urbana","Ninguna","No existe","Intersección","Bueno","Buena","Nocturna,Con luz artificial","Buen Tiempo","Lateral","S/D","Colisión","Ninguna","Horizontal","Ninguna","Sin restricción"
2017,2804,5/17/2017,"Miercoles",0,21:20:00,,"0.0",2,"Moto/Ciclomotor,Moto/Ciclomotor","R P A Janssen Y Lopez y Planes",2,2,0,0,0,0,0,,"Calle",,"ESPERANZA","Las Colonias","Asfalto","No existe","XI","Dentro","Urbana","Ninguna","No existe","Intersección","Bueno","Buena","Nocturna,Con luz artificial","Buen Tiempo","Lateral","S/D","Colisión","Ninguna","Vertical","Ninguna","Sin restricción"
2017,2805,5/29/2017,"Lunes",0,11:55:00,,"0.0",2,"Automóvil,Moto/Ciclomotor","Belgrano 1950",2,1,0,0,1,0,0,,"Calle",,"VERA","Vera","S/D","S/D","XIX","Dentro","Urbana","S/D","S/D","Intersección","S/D","S/D","Diurna","S/D","S/D","S/D","Colisión","S/D","S/D","S/D","S/D"
2017,2806,5/13/2017,"Sabado",0,21:40:00,,"0.0",2,"Moto/Ciclomotor,Automóvil","Belgrano Y Uriburu",2,1,0,0,1,0,0,,"Calle",,"SAN LORENZO","San Lorenzo","Asfalto","No existe","XVII","Dentro","Urbana","S/D","No existe","Intersección","Bueno","Buena","Nocturna","S/D","S/D","S/D","Colisión","Ninguna","Faltante","Ninguna","Sin restricción"
2017,2807,5/13/2017,"Sabado",0,22:15:00,"Ruta Nacional A012","64.0",3,"Automóvil,Camión c / Acoplado,Camión c / Acoplado"," ",3,0,0,0,0,0,3,,"Ruta","A012","SAN LORENZO","San Lorenzo","Asfalto","Natural","XVII","Dentro","Urbana","S/D","No existe","Recta","Bueno","Reducida","Nocturna","S/D","Múltiple","S/D","Colisión","Ninguna","S/D","Ninguna","Accidente Previo"
2017,2808,5/18/2017,"Jueves",0,1:30:00,"Ruta Nacional 11","323.8",2,"Automóvil,Moto/Ciclomotor","Av San Martin Y Estrada",3,1,0,0,2,0,0,,"Ruta",11,"FRAY LUIS BELTRÁN","San Lorenzo","Asfalto","Ripio","XVII","Dentro","Urbana","Ninguna","No existe","Intersección","Bueno","Buena","Nocturna","Buen Tiempo","Lateral","S/D","Colisión","Ninguna","Faltante","Ninguna","Sin restricción"
2017,2809,5/24/2017,"Miercoles",0,,"Ruta Secundaria 80-s","0.0",2,"Camión Chasis,Pickup/Utilitario"," ",5,4,0,0,1,0,0,,"Ruta","80-s","HIPATIA","Las Colonias","Asfalto","Natural","XI","Dentro","Rural","Ninguna","No existe","Recta","Bueno","Buena","Diurna","Lluvia","Frontal","S/D","Colisión","Ninguna","Vertical","Línea divisoria pintada","Sin restricción"
2017,2810,1/7/2017,"Sabado",0,0:35:00,"Ruta Nacional 8","359.0",2,"Moto/Ciclomotor,Pickup/Utilitario"," ",3,1,0,0,1,1,0,"-33.724912, -61.997572","Ruta",8,"VENADO TUERTO","General López","Hormigón","No existe","VIII","Dentro","Urbana","S/D","S/D","Recta","Ahuellamiento","S/D","Nocturna","S/D","De alcance","S/D","Colisión","S/D","Horizontal,Vertical","Cordón divisorio","S/D"
2017,2811,1/9/2017,"Lunes",0,15:30:00,"Autopista Nacional Gral. Juan Jose Valle","268.0",1,"Tractor"," ",1,0,0,0,0,1,0,"-33.15597, -60.54521","Autopista","Gral. Juan Jose Valle","ARROYO SECO","Rosario","Hormigón","Natural","II","Fuera","Rural","S/D","No existe","Recta","Bueno","Buena","Diurna","S/D","S/D","S/D","Vuelco","S/D","Horizontal","Vegetación","S/D"
2017,2812,5/22/2017,"Lunes",0,10:00:00,"Ruta Nacional 11","0.0",2,"Pickup/Utilitario,Bicicleta","Av San Martin Y Juan de Garay",2,1,0,0,1,0,0,,"Ruta",11,"FRAY LUIS BELTRÁN","San Lorenzo","Asfalto","Ripio","XVII","Dentro","Urbana","Ninguna","No existe","Intersección","Bueno","Buena","Diurna","Buen Tiempo","Lateral","Ciclista","Atropello","Ninguna","Faltante","Ninguna","Sin restricción"
2017,2813,5/5/2017,"Viernes",0,18:50:00,,"0.0",1,"Moto/Ciclomotor","Riobamba 1300",1,1,0,0,0,0,0,,"Calle",,"SAN CRISTÓBAL","San Cristóbal","Tierra","No existe","XIII","Dentro","Urbana","Ninguna","No existe","Recta","Bueno","Buena","Nocturna","Buen Tiempo","Atropello animal","S/D","Colisión","Ninguna","Faltante","Ninguna","Sin restricción"
2017,2814,5/12/2017,"Viernes",0,12:30:00,,"0.0",2,"Automóvil,Moto/Ciclomotor","25 de mayo Y Santa Fe",2,0,1,0,1,0,0,,"Calle",,"CERES","San Cristóbal","Asfalto","No existe","XIII","Dentro","Urbana","Ninguna","No existe","Intersección","Bueno","Buena","Diurna","Buen Tiempo","De alcance","S/D","Colisión","Ninguna","Vertical","Ninguna","Sin restricción"
2017,2815,6/28/2017,"Miercoles",0,14:23:00,,"0.0",2,"Automóvil,Moto/Ciclomotor","Fray Luis Beltran Y San Juan",3,1,1,0,1,0,0,,"Calle",,"ROLDÁN","San Lorenzo","Asfalto","No existe","XVII","Dentro","Urbana","Ninguna","No existe","Intersección","Bueno","Buena","Diurna","Buen Tiempo","Lateral","S/D","Colisión","Ninguna","S/D","Ninguna","Sin restricción"
2017,2816,5/19/2017,"Viernes",0,20:30:00,,"0.0",3,"Automóvil,Bicicleta,Bicicleta","M Guemes Y Maipu",5,1,0,0,1,0,3,,"Calle",,"CAPITÁN BERMÚDEZ","San Lorenzo","S/D","S/D","XVII","Dentro","Urbana","S/D","S/D","Intersección","S/D","S/D","Nocturna","S/D","Múltiple","S/D","Colisión","S/D","S/D","S/D","S/D"
2017,2817,5/17/2017,"Miercoles",0,20:25:00,"Autopista Provincial Brigadier E.López","0.0",2,"Automóvil,Camión c / Acoplado"," ",5,2,0,0,3,0,0,,"Autopista","Brigadier E.López","AROCENA","San Jerónimo","Asfalto","Natural","XV","Dentro","Urbana","Ninguna","No existe","Recta","Bueno","Reducida","Nocturna","Buen Tiempo","Lateral","S/D","Colisión","Ninguna","Faltante","Línea divisoria pintada","Sin restricción"
2017,2818,5/20/2017,"Sabado",0,12:30:00,"Ruta Secundaria 80-s","0.0",1,"Automóvil"," ",4,2,0,0,2,0,0,,"Ruta","80-s","AROCENA","San Jerónimo","Asfalto","Natural","XV","Dentro","Rural","Ninguna","No existe","Recta","Bueno","Buena","Diurna","Viento Fuerte","S/D","S/D","Vuelco","Ninguna","Horizontal","Línea divisoria pintada","Sin restricción"