"anio_acci","nro_acci","fecha","desc_dia","fecha_aprox","hora_aprox","desc_ruta","km","cant_participantes","desc_participante","calle_avenida_km","total","heridos_leves","heridos_graves","heridos_gravisimos","ilesos","fallecidos","sin_datos","posicion_XY","desc_tipo_via","desc_ruta_ori","desc_loc","desc_dpto","desc_tipo_calzada","desc_tipo_banquina","desc_unidad_regional","desc_lugar_calzada","desc_zona","desc_prioridad","desc_estado_semaforo","desc_lugar_via","desc_estado_via","desc_estado_visibilidad","desc_luminosidad","desc_estado_clima","desc_tipo_colision","desc_tipo_atropello","desc_tipo_hecho","desc_pres_calzada","desc_senializacion","desc_separacion_via","desc_restriccion"
2017,2819,5/12/2017,"Viernes",0,0:40:00,"Ruta Nacional 11","320.0",2,"Moto/Ciclomotor,Moto/Ciclomotor","Av San Lorenzo Y Remedios de Escalada",3,0,0,0,1,0,2,,"Ruta",11,"CAPITÁN BERMÚDEZ","San Lorenzo","S/D","S/D","XVII","Dentro","Urbana","S/D","S/D","Intersección","S/D","S/D","Nocturna","S/D","S/D","S/D","Colisión","S/D","S/D","S/D","S/D"
2017,2820,5/28/2017,"Domingo",0,11:10:00,,"0.0",2,"Automóvil,Moto/Ciclomotor","Dorrego Y Falucho",4,1,0,0,0,0,3,,"Calle",,"SAN LORENZO","San Lorenzo","Asfalto","No existe","XVII","Dentro","Urbana","S/D","No existe","Intersección","Bueno","Buena","Diurna","S/D","S/D","S/D","Colisión","Ninguna","Horizontal","Ninguna","Sin restricción"
2017,2821,5/31/2017,"Miercoles",0,,,"0.0",2,"Automóvil,Moto/Ciclomotor","BOLIVIA 2500",3,2,0,0,0,0,1,,"Calle",,"SAN LORENZO","San Lorenzo","Ripio","S/D","XVII","Dentro","Urbana","S/D","S/D","Recta","Bueno","S/D","S/D","S/D","S/D","S/D","Colisión","Ninguna","S/D","Ninguna","S/D"
2017,2822,5/6/2017,"Sabado",0,7:40:00,"Ruta Nacional 11","0.0",2,"Peatón,Automóvil","Av San Martin Y Vicente Marmol",3,1,0,0,0,0,2,,"Ruta",11,"SAN LORENZO","San Lorenzo","Asfalto","No existe","XVII","Dentro","Urbana","Ninguna","No existe","Intersección","Bueno","Buena","Diurna","Otro","S/D","Peatón","Atropello","Agua","Faltante","Ninguna","Sin restricción"
2017,2823,5/6/2017,"Sabado",0,17:55:00,"Ruta Nacional A012","0.0",2,"Moto/Ciclomotor,Moto/Ciclomotor"," ",3,3,0,0,0,0,0,,"Ruta","A012","SAN LORENZO","San Lorenzo","Asfalto","Natural","XVII","Dentro","Urbana","S/D","No existe","Recta","Bueno","Buena","Diurna","S/D","S/D","S/D","S/D","Ninguna","S/D","Ninguna","Sin restricción"
2017,2824,5/22/2017,"Lunes",0,10:10:00,,"0.0",2,"Automóvil,Moto/Ciclomotor","Juan M De Rosas Y Dr Ghio",3,1,0,0,0,0,2,,"Calle",,"SAN LORENZO","San Lorenzo","Asfalto","No existe","XVII","Dentro","Urbana","Ninguna","No existe","Intersección","Bueno","Buena","Diurna","Buen Tiempo","S/D","S/D","Colisión","Ninguna","Faltante","Ninguna","Sin restricción"
2017,2825,5/11/2017,"Jueves",0,18:30:00,,"0.0",2,"Moto/Ciclomotor,Automóvil","Moreno Y Dorrego",3,2,0,0,0,0,1,,"Calle",,"SAN LORENZO","San Lorenzo","Asfalto","No existe","XVII","Dentro","Urbana","S/D","No existe","Intersección","Bueno","Buena","Diurna","S/D","S/D","S/D","Colisión","Ninguna","Faltante","Ninguna","Sin restricción"
2017,2826,5/10/2017,"Miercoles",0,13:42:00,,"0.0",2,"Automóvil,Moto/Ciclomotor","Thompson ",3,2,0,0,0,0,1,,"Calle",,"SAN LORENZO","San Lorenzo","Asfalto","No existe","XVII","Dentro","Urbana","Ninguna","No existe","Intersección","Bueno","Buena","Diurna","S/D","S/D","S/D","Colisión","Ninguna","S/D","Ninguna","Sin restricción"
2017,2827,1/9/2017,"Lunes",0,0:40:00,,"0.0",2,"Taxi/Remis,Automóvil","Av. Provincias Unidas Y Marcos Paz",2,0,0,0,1,1,0,"-32.939120, -60.712624","Avenida",,"ROSARIO","Rosario","Hormigón","No existe","II","Dentro","Urbana","Semáforo","S/D","Intersección","Bueno","S/D","Nocturna","S/D","Frontal","S/D","Colisión","S/D","Vertical","Cordón divisorio","S/D"
2017,2829,1/22/2017,"Domingo",0,6:45:00,"Ruta Nacional 33","728.5",2,"Automóvil,Transporte de Pasajeros Larga Distancia (Doble Piso)"," ",2,0,0,0,1,1,0,"-33.13359, -61.27012","Ruta",33,"SANFORD","Caseros","Asfalto","Natural","IV","Dentro","Rural","S/D","No existe","S/D","Bueno","S/D","Diurna","S/D","Frontal","S/D","Colisión","S/D","Horizontal","Línea divisoria pintada","S/D"
2017,2830,6/1/2017,"Jueves",0,16:05:00,"Autopista Nacional Rosario -Cordoba","318.0",2,"Pickup/Utilitario,Pickup/Utilitario"," ",4,2,0,0,2,0,0,,"Autopista","Rosario -Cordoba","ROLDÁN","San Lorenzo","Asfalto","Ripio","XVII","Dentro","Urbana","Ninguna","No existe","Recta","S/D","Buena","Diurna","Buen Tiempo","Lateral","S/D","Colisión","Ninguna","Faltante","Vegetación","Sin restricción"
2017,2831,6/26/2017,"Lunes",0,19:00:00,,"0.0",2,"Peatón,Moto/Ciclomotor","Avenida San Martin bis Y Tucuman",3,1,1,0,1,0,0,,"Calle",,"PUERTO SAN MARTÍN","San Lorenzo","Asfalto","No existe","XVII","Dentro","Urbana","Ninguna","No existe","Intersección","Bueno","Buena","Atardecer","Buen Tiempo","S/D","Peatón","Atropello","Ninguna","Horizontal","Ninguna","Sin restricción"
2017,2832,6/24/2017,"Sabado",0,19:45:00,,"0.0",2,"Moto/Ciclomotor,Moto/Ciclomotor","Cordoba Y San Juan",4,2,0,0,2,0,0,,"Calle",,"PUERTO SAN MARTÍN","San Lorenzo","Asfalto","No existe","XVII","Dentro","Urbana","Ninguna","No existe","Intersección","Bueno","Buena","Nocturna","Buen Tiempo","Lateral","S/D","Colisión","Ninguna","Horizontal","Ninguna","Sin restricción"
2017,2833,6/11/2017,"Domingo",0,13:30:00,"Ruta Nacional 11","0.0",2,"Automóvil,Automóvil","America ",5,3,0,0,2,0,0,,"Ruta",11,"PUERTO SAN MARTÍN","San Lorenzo","Asfalto","Natural","XVII","Dentro","Urbana","Ninguna","No existe","Intersección","Bueno","Buena","Diurna","Buen Tiempo","Lateral","S/D","Colisión","Ninguna","Horizontal","Ninguna","Sin restricción"
2017,2834,6/9/2017,"Viernes",0,18:30:00,"Ruta Nacional 11","334.0",2,"Moto/Ciclomotor,Transporte de Pasajeros (H/ 8 asientos)"," ",3,1,0,0,2,0,0,,"Ruta",11,"PUERTO SAN MARTÍN","San Lorenzo","Asfalto","Natural","XVII","Dentro","Urbana","Ninguna","No existe","Recta","Ahuellamiento","Reducida","Atardecer","Buen Tiempo","S/D","S/D","Colisión","Ninguna","Horizontal","Ninguna","Sin restricción"
2017,2835,6/14/2017,"Miercoles",0,12:20:00,,"0.0",3,"Pickup/Utilitario,Automóvil,Moto/Ciclomotor","Irigoyen Y Falucho",4,2,0,0,2,0,0,,"Calle",,"SAN LORENZO","San Lorenzo","S/D","S/D","XVII","Dentro","Urbana","S/D","No existe","Intersección","S/D","S/D","Diurna","S/D","Múltiple","S/D","Colisión","S/D","S/D","S/D","S/D"
2017,2836,6/15/2017,"Jueves",0,,,"0.0",2,"Moto/Ciclomotor,Automóvil","Dorrego Y Cayetano Silva",3,2,0,0,1,0,0,,"Calle",,"SAN LORENZO","San Lorenzo","Asfalto","S/D","XVII","Dentro","Urbana","S/D","S/D","Intersección","Bueno","S/D","S/D","S/D","S/D","S/D","Colisión","S/D","S/D","S/D","S/D"
2017,2837,6/2/2017,"Viernes",0,19:00:00,,"0.0",2,"Automóvil,Moto/Ciclomotor","Urquiza Y San Carlos",2,0,0,0,0,0,2,,"Calle",,"SAN LORENZO","San Lorenzo","Asfalto","Natural","XVII","S/D","S/D","Ninguna","No existe","Intersección","Bueno","Buena","Diurna","Otro","Otro","S/D","Colisión","Ninguna","Faltante","Ninguna","Sin restricción"
2017,2838,6/3/2017,"Sabado",0,18:02:00,,"0.0",2,"Automóvil,Moto/Ciclomotor","Genaro Roldan Y Jujuy",2,1,0,0,1,0,0,,"Calle",,"SAN LORENZO","San Lorenzo","Asfalto","Pavimento","XVII","Dentro","Urbana","S/D","No existe","Intersección","Bueno","Buena","Atardecer","S/D","S/D","S/D","Colisión","Ninguna","Faltante","S/D","S/D"
2017,2839,6/3/2017,"Sabado",0,7:50:00,,"0.0",1,"Moto/Ciclomotor","Av Italia 2475",1,0,1,0,0,0,0,,"Avenida",,"RAFAELA","Castellanos","Asfalto","No existe","V","Dentro","Urbana","Ninguna","No existe","Recta","Bueno","Reducida","Amanecer","Niebla","Atropello animal","S/D","Colisión","Ninguna","Faltante","Cordón divisorio","Sin restricción"
2017,2840,6/10/2017,"Sabado",0,19:40:00,,"0.0",2,"Camión,Moto/Ciclomotor"," ",3,1,1,0,1,0,0,,"S/D",,"CAFFERATA","General López","Asfalto","No existe","VIII","Dentro","Urbana","Otra Señal","No existe","Intersección","Bueno","Buena","Nocturna","Buen Tiempo","Lateral","S/D","Colisión","Ninguna","Vertical","Cordón divisorio","Sin restricción"
2017,2841,6/30/2017,"Viernes",0,20:00:00,,"0.0",1,"Moto/Ciclomotor","Federico Meiners 1500",1,1,0,0,0,0,0,,"Calle",,"ESPERANZA","Las Colonias","Asfalto","Pavimento","XI","Dentro","Urbana","Ninguna","No existe","S/D","S/D","Buena","Nocturna","Buen Tiempo","Atropello animal","S/D","Colisión","Ninguna","S/D","S/D","S/D"
2017,2842,6/24/2017,"Sabado",0,18:45:00,,"0.0",2,"Automóvil,Moto/Ciclomotor","Marcos Avellaneda Y General Paz",4,3,0,0,1,0,0,,"Calle",,"ESPERANZA","Las Colonias","Asfalto","Pavimento","XI","Dentro","Urbana","Ninguna","No existe","Intersección","Bueno","Buena","Nocturna","Buen Tiempo","Lateral","S/D","Colisión","Ninguna","Faltante","Ninguna","Sin restricción"
2017,2843,6/26/2017,"Lunes",0,15:20:00,,"0.0",2,"Moto/Ciclomotor,Automóvil","Lima Y Carlos Pellegrini",2,1,0,0,1,0,0,,"Calle",,"CAPITÁN BERMÚDEZ","San Lorenzo","S/D","S/D","XVII","Dentro","Urbana","S/D","S/D","Intersección","S/D","S/D","Diurna","S/D","S/D","S/D","Colisión","S/D","S/D","S/D","S/D"
2017,2844,6/7/2017,"Miercoles",0,11:05:00,,"0.0",2,"Moto/Ciclomotor,Moto/Ciclomotor","9 de Julio Y Justo Jose de Urquiza",3,3,0,0,0,0,0,,"Calle",,"VILLA MINETTI","9 de Julio","Ripio","No existe","XII","Dentro","Urbana","Ninguna","No existe","Recta","Bueno","Buena","Diurna","Buen Tiempo","Lateral","S/D","Colisión","Ninguna","Faltante","Ninguna","Sin restricción"
2017,2845,6/28/2017,"Miercoles",0,21:25:00,"Ruta Nacional 11","0.0",2,"Automóvil,Moto/Ciclomotor","Av San Martin Y Catamarca",2,1,0,0,1,0,0,,"Ruta",11,"SAN LORENZO","San Lorenzo","Asfalto","No existe","XVII","Dentro","Urbana","S/D","No existe","Intersección","Bueno","Buena","Nocturna","S/D","S/D","S/D","Colisión","Ninguna","Faltante","S/D","S/D"
2017,2846,6/16/2017,"Viernes",0,12:10:00,,"0.0",2,"Moto/Ciclomotor,Moto/Ciclomotor","9 de Julio Y Manuel Belgrano",2,2,0,0,0,0,0,,"Calle",,"VILLA MINETTI","9 de Julio","Asfalto","No existe","XII","Dentro","Urbana","Ninguna","No existe","Intersección","Bueno","Buena","Diurna","Buen Tiempo","Lateral","S/D","Colisión","Ninguna","Faltante","Ninguna","Sin restricción"
2017,2847,6/24/2017,"Sabado",0,18:00:00,,"0.0",2,"Automóvil,Automóvil","Guemes Y R P A Janssen",2,1,0,0,1,0,0,,"Calle",,"ESPERANZA","Las Colonias","Asfalto","Pavimento","XI","Dentro","Urbana","Ninguna","No existe","Intersección","Bueno","Buena","Atardecer","Buen Tiempo","Lateral","S/D","Colisión","Ninguna","Faltante","Ninguna","Sin restricción"
2017,2848,6/27/2017,"Martes",0,14:15:00,,"0.0",2,"Automóvil,Automóvil","Tte. roca Y 3 de Febrero",2,1,0,0,1,0,0,,"Calle",,"SAN LORENZO","San Lorenzo","Asfalto","No existe","XVII","Dentro","Urbana","Ninguna","No existe","Intersección","Bueno","Buena","Diurna","Buen Tiempo","S/D","S/D","Colisión","Ninguna","Horizontal","Ninguna","Sin restricción"
2017,2849,6/16/2017,"Viernes",0,22:50:00,,"0.0",2,"Peatón,Moto/Ciclomotor","Cristobal Colon Y 25 de Mayo",3,2,0,0,1,0,0,,"Calle",,"VILLA MINETTI","9 de Julio","Tierra","No existe","XII","Dentro","Urbana","Ninguna","No existe","Intersección","Bueno","Buena","Nocturna","Buen Tiempo","S/D","Peatón","Atropello","Ninguna","Faltante","Ninguna","Sin restricción"
2017,2850,6/24/2017,"Sabado",0,17:30:00,,"0.0",2,"Automóvil,Bicicleta","Simon de Iriondo Y Leandro N Alem",2,1,0,0,1,0,0,,"Calle",,"ESPERANZA","Las Colonias","Asfalto","Pavimento","XI","Dentro","Urbana","Ninguna","No existe","Intersección","Bueno","Buena","Atardecer","Buen Tiempo","S/D","Ciclista","Atropello","Ninguna","Faltante","Ninguna","Sin restricción"
2017,2851,6/16/2017,"Viernes",0,20:30:00,,"0.0",2,"Moto/Ciclomotor,Moto/Ciclomotor","Avenida San Martin Y Juan de Garay",2,2,0,0,0,0,0,,"Avenida",,"TOSTADO","9 de Julio","Hormigón","No existe","XII","Dentro","Urbana","Ninguna","No existe","Intersección","Bueno","Buena","Nocturna","Buen Tiempo","Lateral","S/D","Colisión","Ninguna","Faltante","Ninguna","S/D"
2017,2852,6/24/2017,"Sabado",0,14:05:00,,"0.0",2,"Moto/Ciclomotor,Automóvil","3 de Febrero Y Uriburu",2,1,0,0,1,0,0,,"Calle",,"SAN LORENZO","San Lorenzo","Asfalto","No existe","XVII","Dentro","Urbana","Ninguna","No existe","Intersección","Bueno","Buena","Diurna","Buen Tiempo","S/D","S/D","Colisión","Ninguna","Horizontal","Ninguna","Sin restricción"
2017,2853,6/18/2017,"Domingo",0,12:20:00,,"0.0",2,"Automóvil,Moto/Ciclomotor","Maipu Y Cullen",4,3,0,0,1,0,0,,"Calle",,"ESPERANZA","Las Colonias","Asfalto","No existe","XI","Dentro","Urbana","Ninguna","No existe","Intersección","Bueno","Buena","Diurna","Buen Tiempo","Lateral","S/D","Colisión","Ninguna","Vertical","Ninguna","Sin restricción"
2017,2854,6/22/2017,"Jueves",0,12:10:00,"Ruta Nacional 11","0.0",2,"Automóvil,Peatón","Av San Martin Y L N Alem",2,1,0,0,1,0,0,,"Ruta",11,"SAN LORENZO","San Lorenzo","Asfalto","No existe","XVII","Dentro","Urbana","S/D","No existe","Intersección","Bueno","Buena","Diurna","S/D","S/D","Peatón","Atropello","S/D","S/D","Ninguna","S/D"
2017,2855,6/13/2017,"Martes",0,7:10:00,,"0.0",2,"Pickup/Utilitario,Bicicleta","Rivadavia Y Av Los Colonizadores",2,1,0,0,1,0,0,,"Avenida",,"ESPERANZA","Las Colonias","Asfalto","Pavimento","XI","Dentro","Urbana","Ninguna","No existe","Intersección","Bueno","Buena","Amanecer","Buen Tiempo","S/D","Ciclista","Atropello","Ninguna","Vertical","Ninguna","Sin restricción"
2017,2856,6/18/2017,"Domingo",0,15:00:00,,"0.0",1,"Automóvil","Bv Oroño ",2,1,0,0,1,0,0,,"Calle",,"SAN LORENZO","San Lorenzo","Asfalto","No existe","XVII","Dentro","Urbana","S/D","No existe","Intersección","Bueno","Buena","Diurna","Buen Tiempo","S/D","S/D","Colisión","Ninguna","Horizontal","Ninguna","S/D"
2017,2857,6/17/2017,"Sabado",0,23:30:00,,"0.0",2,"Moto/Ciclomotor,Automóvil","Urquiza Y Brown",2,1,0,0,1,0,0,,"Calle",,"SAN LORENZO","San Lorenzo","Asfalto","No existe","XVII","Dentro","Urbana","Ninguna","No existe","Intersección","Bueno","Buena","Nocturna","Buen Tiempo","S/D","S/D","Colisión","S/D","Faltante","Ninguna","S/D"
2017,2858,1/1/2017,"Domingo",0,,,"0.0",2,"Automóvil,Otros"," ",3,1,0,0,2,0,0,,"Calle",,"CASILDA","Caseros","S/D","S/D","IV","Dentro","Urbana","S/D","S/D","S/D","S/D","S/D","S/D","S/D","S/D","S/D","Colisión","S/D","S/D","S/D","S/D"
2017,2859,6/17/2017,"Sabado",0,20:44:00,,"0.0",2,"Pickup/Utilitario,Moto/Ciclomotor","Rosario Y Sargento Cabral",2,1,0,0,1,0,0,,"Calle",,"SAN LORENZO","San Lorenzo","Asfalto","No existe","XVII","Dentro","Urbana","S/D","No existe","Intersección","Bueno","Buena","Diurna","S/D","S/D","S/D","Colisión","Ninguna","Horizontal","Ninguna","Sin restricción"
2017,2860,6/12/2017,"Lunes",0,11:50:00,,"0.0",2,"Moto/Ciclomotor,Automóvil","B de Astrada Y Brown",2,1,0,0,1,0,0,,"Calle",,"SAN LORENZO","San Lorenzo","Asfalto","No existe","XVII","Dentro","Urbana","Ninguna","No existe","Intersección","Bueno","Buena","Diurna","S/D","S/D","S/D","Colisión","Ninguna","S/D","Ninguna","S/D"
2017,2861,6/9/2017,"Viernes",0,16:15:00,,"0.0",2,"Moto/Ciclomotor,Moto/Ciclomotor"," ",2,1,0,0,1,0,0,,"Calle",,"SAN LORENZO","San Lorenzo","Ripio","Natural","XVII","Dentro","Urbana","S/D","No existe","Intersección","Bueno","Buena","Diurna","Otro","S/D","S/D","Colisión","Ninguna","Horizontal","Ninguna","Sin restricción"
2017,2862,6/9/2017,"Viernes",0,15:10:00,,"0.0",2,"Automóvil,Moto/Ciclomotor","General Lopez Y R Richieri",3,2,0,0,1,0,0,,"Calle",,"SAN LORENZO","San Lorenzo","Asfalto","Natural","XVII","Dentro","Urbana","Ninguna","No existe","Intersección","Bueno","Buena","Diurna","S/D","S/D","S/D","Colisión","S/D","Horizontal","Ninguna","Sin restricción"
2017,2863,6/3/2017,"Sabado",0,19:15:00,"Ruta Provincial 95","784.0",2,"Camión c / Acoplado,Pickup/Utilitario"," ",3,2,0,0,1,0,0,,"Ruta",95,"TOSTADO","9 de Julio","Hormigón","Natural","XII","Dentro","Rural","Ninguna","No existe","Recta","Bueno","Reducida humo","Diurna","Niebla","Frontal","S/D","Colisión","Ninguna","Faltante","Ninguna","Sin restricción"
2017,2864,6/3/2017,"Sabado",0,21:30:00,"Ruta Provincial 68","0.0",2,"Automóvil,Moto/Ciclomotor"," ",3,2,0,0,1,0,0,,"Ruta",68,"GRUTLY SUR","Las Colonias","Ripio","Natural","XI","Dentro","Urbana","Ninguna","No existe","Recta","Bueno","Buena","Nocturna","Buen Tiempo","Lateral","S/D","Colisión","Ninguna","Faltante","Ninguna","Sin restricción"
2017,2865,1/20/2017,"Viernes",0,21:00:00,"Autopista Nacional 11","0.0",1,"Pickup/Utilitario","Av Circunvalacion altura Casa Bomba 2 ",1,0,0,0,0,1,0,"-31.658355, -60.736587","Autopista",11,"SANTA FE","La Capital","Asfalto","Natural","I","Dentro","Urbana","S/D","No existe","Curva","Bueno","S/D","Nocturna","S/D","S/D","S/D","Vuelco","S/D","Horizontal","Guardarrail","S/D"
2017,2866,1/27/2017,"Viernes",0,7:00:00,,"0.0",2,"Moto/Ciclomotor,Pickup/Utilitario","Teniente Loza Y Diagonal Obligado",2,0,0,0,1,1,0,"-31.56365, -60.75162","Avenida",,"SANTA FE","La Capital","Hormigón","No existe","XI","S/D","Rural","S/D","S/D","Recta","Deteriorada","S/D","Diurna","S/D","S/D","S/D","Colisión","S/D","Horizontal","Barrera de alto impacto","S/D"
2017,2867,1/30/2017,"Lunes",0,18:10:00,"Autopista Provincial Brigadier E.López","16.0",2,"Automóvil,Automóvil"," ",2,1,0,0,0,1,0,"-32.749121, -60.759043","Autopista","Brigadier E.López","SAN LORENZO","San Lorenzo","Asfalto","Natural","XVII","Dentro","Rural","S/D","No existe","Recta","Bueno","S/D","Atardecer","S/D","Frontal","S/D","Colisión","S/D","Horizontal","Vegetación","S/D"
2017,2868,1/6/2017,"Viernes",0,23:15:00,,"0.0",2,"Moto/Ciclomotor,Pickup/Utilitario","Camino rural 3 km al Oest de RP 31 ",2,0,0,0,1,1,0,"-29.013681, -59.687333","Camino Rural",,"ESTACIÓN MOUSSY","General Obligado","S/D","Natural","IX","Dentro","Rural","S/D","No existe","S/D","S/D","S/D","Nocturna","S/D","De alcance","S/D","Colisión","S/D","S/D","Ninguna","S/D"
2017,2869,1/22/2017,"Domingo",0,21:00:00,"Ruta Provincial 70","26.4",1,"Automóvil"," ",1,0,0,0,0,1,0,"-31.42683, -60.98939","Ruta",70,"ESPERANZA","Las Colonias","Asfalto","Natural","XI","Fuera","Rural","S/D","S/D","S/D","S/D","S/D","Nocturna","S/D","Contra objeto fijo","S/D","Colisión,Despiste","S/D","S/D","S/D","S/D"
2017,2870,6/22/2017,"Jueves",0,12:10:00,,"0.0",2,"Camión c / Semirremolque,Moto/Ciclomotor","Mitre Y San Lorenzo",3,2,0,0,1,0,0,,"Calle",,"SAN CARLOS CENTRO","Las Colonias","Ripio","No existe","XI","Dentro","Urbana","Ninguna","No existe","Intersección","Bueno","Buena","Diurna","Buen Tiempo","S/D","Ciclista","Atropello","Ninguna","Vertical","Ninguna","Sin restricción"
2017,2871,6/5/2017,"Lunes",0,19:00:00,"Ruta Secundaria 64-s","0.0",1,"Transporte de Pasajeros (H/ 8 asientos)"," ",10,8,2,0,0,0,0,,"Ruta","64-s","PROVIDENCIA","Las Colonias","Asfalto","Natural","XI","Dentro","Urbana","Ninguna","No existe","Recta","Bueno","Buena","Nocturna","Buen Tiempo","Atropello animal","S/D","Colisión","Ninguna","Faltante","Ninguna","Sin restricción"
2017,2872,6/11/2017,"Domingo",0,21:00:00,"Ruta Nacional 11","0.0",2,"Automóvil,Moto/Ciclomotor","Av San Lorenzo Y Av Pomillo",4,1,0,0,2,0,1,,"Ruta",11,"CAPITÁN BERMÚDEZ","San Lorenzo","Asfalto","No existe","XVII","Dentro","Urbana","Ninguna","No existe","Intersección","Bueno","Buena","Diurna","Buen Tiempo","S/D","S/D","Colisión","Ninguna","S/D","Ninguna","Sin restricción"
2017,2873,6/17/2017,"Sabado",0,23:45:00,,"0.0",2,"Automóvil,Moto/Ciclomotor","Av Gral Lopez 130",3,1,0,0,1,0,1,,"Calle",,"CAPITÁN BERMÚDEZ","San Lorenzo","Asfalto","S/D","XVII","Dentro","Urbana","S/D","S/D","Recta","S/D","Buena","Nocturna","S/D","S/D","S/D","S/D","S/D","Faltante","S/D","S/D"
2017,2874,6/18/2017,"Domingo",0,19:40:00,"Ruta Nacional 11","0.0",2,"Peatón,Moto/Ciclomotor","Av San Lorenzo Y 25 de Mayo",3,1,0,0,1,0,1,,"Ruta",11,"CAPITÁN BERMÚDEZ","San Lorenzo","S/D","S/D","XVII","Dentro","Urbana","S/D","S/D","Intersección","S/D","S/D","Diurna","Buen Tiempo","S/D","Peatón","Atropello","S/D","S/D","Ninguna","Sin restricción"
2017,2875,6/11/2017,"Domingo",0,11:00:00,"Ruta Provincial 10","0.0",2,"Automóvil,Pickup/Utilitario"," ",6,3,0,0,3,0,0,,"Ruta",10,"NUEVO TORINO","Las Colonias","Asfalto","Natural","XI","Dentro","Urbana","Marca Vial","No existe","Recta","Bueno","Buena","Diurna","Buen Tiempo","Lateral","S/D","Colisión","Ninguna","Vertical","Ninguna","Sin restricción"
2017,2876,1/1/2017,"Domingo",0,,,"0.0",2,"Automóvil,Moto/Ciclomotor"," ",2,0,0,0,0,0,2,,"S/D",,"VENADO TUERTO","General López","S/D","S/D","VIII","S/D","S/D","S/D","S/D","S/D","S/D","S/D","S/D","S/D","S/D","S/D","Colisión","S/D","S/D","S/D","S/D"
2017,2877,6/24/2017,"Sabado",0,21:55:00,,"0.0",2,"Pickup/Utilitario,Automóvil","San Lorenzo Y Las Heras",3,2,0,0,1,0,0,,"Calle",,"ÁLVAREZ","Rosario","Tierra","Natural","II","Dentro","Urbana","Ninguna","No existe","Intersección","Bueno","Buena","Nocturna","Buen Tiempo","Lateral","S/D","Colisión","Ninguna","Faltante","Ninguna","Sin restricción"
2017,2878,6/1/2017,"Jueves",1,,,"0.0",2,"Moto/Ciclomotor,Automóvil"," ",4,3,0,0,0,0,1,,"S/D",,"ROSARIO","Rosario","S/D","S/D","II","S/D","S/D","S/D","S/D","S/D","S/D","S/D","S/D","S/D","S/D","S/D","Colisión","S/D","S/D","S/D","S/D"
2017,2879,6/1/2017,"Jueves",1,,,"0.0",2,"Moto/Ciclomotor,Pickup/Utilitario"," ",3,1,0,0,0,0,2,,"S/D",,"ROSARIO","Rosario","S/D","S/D","II","S/D","S/D","S/D","S/D","S/D","S/D","S/D","S/D","S/D","S/D","S/D","Colisión","S/D","S/D","S/D","S/D"
2017,2880,6/1/2017,"Jueves",1,,,"0.0",2,"Moto/Ciclomotor,Moto/Ciclomotor"," ",4,3,0,0,1,0,0,,"S/D",,"ROSARIO","Rosario","S/D","S/D","II","S/D","S/D","S/D","S/D","S/D","S/D","S/D","S/D","S/D","S/D","S/D","Colisión","S/D","S/D","S/D","S/D"
2017,2881,6/28/2017,"Miercoles",0,14:55:00,,"0.0",2,"Automóvil,Moto/Ciclomotor","Italia Y Juan Canals",2,1,0,0,1,0,0,,"Calle",,"ROSARIO","Rosario","Asfalto","No existe","II","Dentro","Urbana","Ninguna","No existe","Intersección","Bueno","Buena","Diurna","Buen Tiempo","Lateral","S/D","Colisión","Ninguna","Faltante","Ninguna","Sin restricción"
2017,2882,6/1/2017,"Jueves",1,,,"0.0",2,"Automóvil,Moto/Ciclomotor"," ",3,1,0,0,0,0,2,,"Calle",,"ROSARIO","Rosario","S/D","S/D","II","Dentro","Urbana","S/D","S/D","S/D","S/D","S/D","S/D","S/D","S/D","S/D","Colisión","S/D","S/D","S/D","S/D"
2017,2883,6/27/2017,"Martes",0,16:45:00,,"0.0",2,"Moto/Ciclomotor,Automóvil","Pueyrredon Y Av. Uriburu",2,1,0,0,1,0,0,,"Avenida",,"ROSARIO","Rosario","Asfalto","No existe","II","Dentro","Urbana","Ninguna","No existe","Intersección","Bueno","Buena","Diurna","Buen Tiempo","Lateral","S/D","Colisión","Ninguna","Horizontal,Vertical","Ninguna","Sin restricción"
2017,2884,6/28/2017,"Miercoles",0,13:00:00,,"0.0",2,"Moto/Ciclomotor,Moto/Ciclomotor","Av. Uriburu 2550",2,1,0,0,1,0,0,,"Avenida",,"ROSARIO","Rosario","Asfalto","No existe","II","Dentro","Urbana","Ninguna","Funciona","Intersección","Bueno","Buena","Diurna","Buen Tiempo","Lateral","S/D","Colisión","Ninguna","Horizontal,Vertical","Ninguna","Sin restricción"
2017,2885,6/28/2017,"Miercoles",0,14:50:00,,"0.0",2,"Moto/Ciclomotor,Automóvil","Av. Corrientes Y Hilarion de la Quintana",2,1,0,0,1,0,0,,"Calle",,"ROSARIO","Rosario","Asfalto","No existe","II","Dentro","Urbana","Ninguna","No existe","Intersección","Otro","Buena","Diurna","Buen Tiempo","Lateral","S/D","Colisión","Ninguna","Horizontal","Ninguna","Sin restricción"
2017,2886,6/24/2017,"Sabado",0,15:40:00,,"0.0",2,"Moto/Ciclomotor,Automóvil","El Jilguero Y Av El Ombu",2,1,0,0,0,0,1,,"Avenida",,"PEREZ","Rosario","Asfalto","No existe","II","Fuera","Urbana","Ninguna","No existe","Intersección","Deteriorada","Buena","Diurna","Buen Tiempo","Lateral","S/D","Colisión","Ninguna","Faltante","Ninguna","Sin restricción"