"anio_acci","nro_acci","fecha","desc_dia","fecha_aprox","hora_aprox","desc_ruta","km","cant_participantes","desc_participante","calle_avenida_km","total","heridos_leves","heridos_graves","heridos_gravisimos","ilesos","fallecidos","sin_datos","posicion_XY","desc_tipo_via","desc_ruta_ori","desc_loc","desc_dpto","desc_tipo_calzada","desc_tipo_banquina","desc_unidad_regional","desc_lugar_calzada","desc_zona","desc_prioridad","desc_estado_semaforo","desc_lugar_via","desc_estado_via","desc_estado_visibilidad","desc_luminosidad","desc_estado_clima","desc_tipo_colision","desc_tipo_atropello","desc_tipo_hecho","desc_pres_calzada","desc_senializacion","desc_separacion_via","desc_restriccion"
2017,2887,6/7/2017,"Miercoles",0,12:40:00,,"0.0",2,"Moto/Ciclomotor,Automóvil","Necochea Y Tucuman",2,1,0,0,1,0,0,,"Calle",,"ÁLVAREZ","Rosario","Asfalto","Pavimento","II","Dentro","Urbana","Ninguna","No existe","Intersección","Bueno","Buena","Diurna","Buen Tiempo","Lateral","S/D","Colisión","Ninguna","Faltante","Ninguna","S/D"
2017,2888,6/9/2017,"Viernes",0,20:00:00,,"0.0",1,"Bicicleta","Bv Belgrano ",1,1,0,0,0,0,0,,"Avenida",,"ÁLVAREZ","Rosario","Asfalto","Pavimento","II","Dentro","Urbana","Ninguna","No existe","Recta","Bueno","Buena","Nocturna","Buen Tiempo","S/D","S/D","Caída ocupante","Ninguna","S/D","Cordón divisorio","Sin restricción"
2017,2889,6/27/2017,"Martes",0,8:00:00,,"0.0",2,"Automóvil,Automóvil","Los Aromos Y El Jilguero",2,2,0,0,0,0,0,"-32.96935, -60.73888","Calle",,"PEREZ","Rosario","Asfalto","No existe","II","Dentro","Urbana","Ninguna","No existe","Curva","Deteriorada","Reducida","Diurna","Lluvia","Frontal","S/D","Colisión","Agua","Faltante","Ninguna","Sin restricción"
2017,2891,6/20/2017,"Martes",0,14:00:00,,"0.0",2,"Peatón,Moto/Ciclomotor","Almte Brown Y Guatemala",3,3,0,0,0,0,0,,"Calle",,"SOLDINI","Rosario","Asfalto","Natural","II","Dentro","Urbana","Ninguna","No existe","Recta","Bueno","Buena","Diurna","Buen Tiempo","S/D","Peatón","Atropello","Ninguna","Faltante","Ninguna","Sin restricción"
2017,2892,6/13/2017,"Martes",0,14:55:00,"Ruta Nacional 33","0.0",1,"Moto/Ciclomotor"," ",2,2,0,0,0,0,0,,"Ruta",33,"PEREZ","Rosario","Asfalto","Natural","II","Dentro","Urbana","Ninguna","No existe","Curva","S/D","Buena","Diurna","Buen Tiempo","S/D","S/D","Vuelco","S/D","Vertical","Línea divisoria pintada","Sin restricción"
2017,2893,1/1/2017,"Domingo",0,,,"0.0",2,"Automóvil,Moto/Ciclomotor"," ",3,0,0,0,0,0,3,,"Calle",,"VENADO TUERTO","General López","S/D","S/D","VIII","Dentro","Urbana","S/D","S/D","S/D","S/D","Reducida","S/D","S/D","S/D","S/D","Colisión","S/D","S/D","S/D","S/D"
2017,2894,1/1/2017,"Domingo",0,,"Ruta Provincial 90","0.0",1,"Automóvil"," ",1,0,0,0,0,0,1,,"Ruta",90,"ELORTONDO","General López","S/D","S/D","VIII","Dentro","Urbana","S/D","S/D","Recta","S/D","S/D","S/D","S/D","S/D","S/D","Vuelco","S/D","S/D","S/D","S/D"
2017,2895,1/1/2017,"Domingo",0,21:30:00,,"0.0",2,"Moto/Ciclomotor,Pickup/Utilitario","Falucho Y Porvenir",2,1,0,0,1,0,0,,"Calle",,"CAPITÁN BERMÚDEZ","San Lorenzo","S/D","S/D","XVII","Dentro","Urbana","S/D","S/D","Intersección","S/D","S/D","Nocturna","S/D","S/D","S/D","Colisión","S/D","S/D","S/D","S/D"
2017,2896,1/2/2017,"Lunes",0,,,"0.0",2,"Automóvil,Moto/Ciclomotor"," ",3,0,0,0,0,0,3,,"S/D",,"VENADO TUERTO","General López","S/D","S/D","VIII","S/D","S/D","S/D","S/D","S/D","S/D","S/D","S/D","S/D","S/D","S/D","Colisión","S/D","S/D","S/D","S/D"
2017,2897,1/2/2017,"Lunes",0,,"Ruta Nacional 11","0.0",2,"Moto/Ciclomotor,Moto/Ciclomotor","Calle 31 ",3,2,1,0,0,0,0,,"Ruta",11,"LAS TOSCAS","General Obligado","S/D","S/D","IX","Dentro","Urbana","S/D","S/D","Intersección","S/D","S/D","S/D","S/D","S/D","S/D","Colisión","S/D","S/D","S/D","S/D"
2017,2898,1/3/2017,"Martes",0,,"Ruta Provincial 1","0.0",1,"Pickup/Utilitario"," ",2,1,1,0,0,0,0,,"Ruta",1,"COLONIA FRANCESA","San Javier","S/D","S/D","XIV","S/D","S/D","S/D","S/D","S/D","S/D","S/D","S/D","S/D","Atropello animal","S/D","Colisión","S/D","S/D","S/D","S/D"
2017,2899,1/3/2017,"Martes",0,,,"0.0",2,"Moto/Ciclomotor,Moto/Ciclomotor","Santa Fe Y San Martin",4,4,0,0,0,0,0,,"Calle",,"LANTERI","General Obligado","S/D","S/D","IX","Dentro","Urbana","S/D","S/D","S/D","S/D","S/D","S/D","S/D","S/D","S/D","Colisión","S/D","S/D","S/D","S/D"
2017,2900,1/3/2017,"Martes",0,,,"0.0",2,"Automóvil,Moto/Ciclomotor","Calle 63-Gral Urquiza ",3,1,0,0,0,0,2,,"Calle",,"RECONQUISTA","General Obligado","S/D","S/D","IX","Dentro","Urbana","S/D","S/D","S/D","S/D","Reducida","S/D","S/D","S/D","S/D","Colisión","S/D","S/D","S/D","S/D"
2017,2901,1/6/2017,"Viernes",0,,,"0.0",2,"Automóvil,Moto/Ciclomotor","Virasoro Y Crespo",2,1,0,0,1,0,0,,"Calle",,"ROSARIO","Rosario","S/D","S/D","II","Dentro","Urbana","S/D","S/D","S/D","S/D","S/D","S/D","S/D","S/D","S/D","Colisión","S/D","S/D","S/D","S/D"
2017,2902,1/6/2017,"Viernes",0,,,"0.0",2,"Moto/Ciclomotor,Automóvil"," ",2,0,0,0,0,0,2,,"Calle",,"VENADO TUERTO","General López","S/D","S/D","VIII","Dentro","Urbana","S/D","S/D","S/D","S/D","S/D","S/D","S/D","S/D","S/D","Colisión","S/D","S/D","S/D","S/D"
2017,2903,1/6/2017,"Viernes",0,,"Ruta Nacional 11","0.0",2,"Automóvil,Bicicleta","Calle 47-Islas Malvinas ",3,1,1,0,1,0,0,,"Ruta",11,"RECONQUISTA","General Obligado","S/D","S/D","IX","Dentro","Urbana","S/D","S/D","S/D","S/D","S/D","S/D","S/D","S/D","Ciclista","Atropello","S/D","S/D","S/D","S/D"
2017,2904,1/7/2017,"Sabado",0,,,"0.0",2,"Automóvil,Moto/Ciclomotor","F.More Y Velez Sarsfield",2,1,0,0,1,0,0,,"Calle",,"ROSARIO","Rosario","S/D","S/D","II","Dentro","Urbana","S/D","S/D","Intersección","S/D","S/D","S/D","S/D","S/D","S/D","Colisión","S/D","S/D","S/D","S/D"
2017,2905,1/7/2017,"Sabado",0,,"Ruta Nacional A007","0.0",2,"Automóvil,Vehículo Oficial","Av Leandro Alem Y Tucuman",3,3,0,0,0,0,0,,"Ruta","A007","SANTA FE","La Capital","S/D","S/D","I","Dentro","Urbana","S/D","S/D","S/D","S/D","S/D","S/D","S/D","S/D","S/D","Colisión","S/D","S/D","S/D","S/D"
2017,2906,1/7/2017,"Sabado",0,,,"0.0",2,"Moto/Ciclomotor,Bicicleta","Bv. Wilde ",2,1,0,0,1,0,0,,"Calle",,"ROSARIO","Rosario","S/D","S/D","II","Dentro","Urbana","S/D","S/D","S/D","S/D","S/D","S/D","S/D","S/D","Ciclista","Atropello","S/D","S/D","S/D","S/D"
2017,2907,1/11/2017,"Miercoles",0,,"Autopista Provincial Brigadier E.López","69.0",2,"Automóvil,Pickup/Utilitario"," ",3,2,0,0,1,0,0,,"Autopista","Brigadier E.López","BARRANCAS","San Jerónimo","S/D","S/D","XV","Dentro","Rural","S/D","S/D","Recta","S/D","S/D","S/D","S/D","Frontal","S/D","Colisión","S/D","S/D","S/D","S/D"
2017,2908,1/12/2017,"Jueves",0,,"Ruta Nacional 34","0.0",3,"Camión c / Acoplado,Camión,Pickup/Utilitario"," ",4,2,0,0,2,0,0,,"Ruta",34,"LUIS PALACIOS","San Lorenzo","S/D","S/D","XVII","Dentro","Urbana","S/D","S/D","Paso a Nivel FFCC","S/D","S/D","S/D","S/D","Múltiple","S/D","Colisión","S/D","S/D","S/D","S/D"
2017,2909,1/13/2017,"Viernes",0,,,"0.0",2,"Pickup/Utilitario,Peatón"," ",2,1,0,0,1,0,0,,"Calle",,"SANCTI SPÍRITU","General López","S/D","S/D","VIII","Dentro","Urbana","S/D","S/D","S/D","S/D","S/D","S/D","S/D","S/D","Peatón","Atropello","S/D","S/D","S/D","S/D"
2017,2910,1/14/2017,"Sabado",0,,,"0.0",2,"Moto/Ciclomotor,Camión","Calle 9-Mariano Moreno Y Calle 8-Chacabuco",3,2,0,0,1,0,0,,"Calle",,"RECONQUISTA","General Obligado","S/D","S/D","IX","Dentro","Urbana","S/D","S/D","S/D","S/D","S/D","S/D","S/D","S/D","S/D","Colisión","S/D","S/D","S/D","S/D"
2017,2911,1/14/2017,"Sabado",0,,,"0.0",2,"Moto/Ciclomotor,Camión","9 de Julio Y Bvard Lopez",2,1,0,0,1,0,0,,"Calle",,"CERES","San Cristóbal","S/D","S/D","XII","Dentro","Urbana","S/D","S/D","S/D","S/D","S/D","S/D","S/D","S/D","S/D","Colisión","S/D","S/D","S/D","S/D"
2017,2912,6/14/2017,"Miercoles",0,10:00:00,,"0.0",2,"Moto/Ciclomotor,Automóvil","Morelli Y Lavalle",2,1,0,0,1,0,0,,"Calle",,"PEREZ","Rosario","Asfalto","No existe","II","Dentro","Urbana","Ninguna","No existe","Intersección","Deteriorada","Buena","Diurna","Buen Tiempo","Lateral","S/D","Colisión","Ninguna","Horizontal,Vertical","Ninguna","Sin restricción"
2017,2913,6/19/2017,"Lunes",0,6:50:00,"Ruta Provincial 14","0.0",2,"Moto/Ciclomotor,Moto/Ciclomotor","Ruta Nac 33 ",2,0,0,1,1,0,0,,"Ruta",14,"PEREZ","Rosario","Asfalto","Ripio","II","Dentro","Urbana","Marca Vial","No existe","Intersección","Bueno","Buena","Diurna","Buen Tiempo","Lateral","S/D","Colisión","Ninguna","Vertical","Línea divisoria pintada","Sin restricción"
2017,2914,6/22/2017,"Jueves",0,18:30:00,"Ruta Nacional 33","0.0",2,"Moto/Ciclomotor,Pickup/Utilitario","D F Sarmiento ",2,0,0,1,1,0,0,,"Ruta",33,"PEREZ","Rosario","Asfalto","Pavimento","II","Dentro","Urbana","Marca Vial","No existe","Intersección","Resbaladiza","Buena","Diurna","Lluvia","Lateral","S/D","Colisión","Agua","Horizontal,Vertical","Línea divisoria pintada","Sin restricción"
2017,2915,6/23/2017,"Viernes",0,12:15:00,"Ruta Nacional 33","0.0",2,"Automóvil,Camión Chasis","Morelli ",2,1,0,0,1,0,0,,"Ruta",33,"PEREZ","Rosario","Asfalto","Ripio","II","Dentro","Urbana","Ninguna","Funciona","Cruce","Bueno","Buena","Diurna","Buen Tiempo","Lateral","S/D","Colisión","Ninguna","Horizontal,Vertical","Línea divisoria pintada","Sin restricción"
2017,2916,6/8/2017,"Jueves",0,19:10:00,,"0.0",3,"Bicicleta,Bicicleta,Automóvil","1 de Mayo Y Espa±a",3,2,0,0,1,0,0,,"Calle",,"PEREZ","Rosario","Asfalto","No existe","II","Dentro","Urbana","Ninguna","No existe","Intersección","Con baches","Buena","Diurna","Buen Tiempo","S/D","Ciclista","Atropello","Ninguna","Faltante","Ninguna","Sin restricción"
2017,2917,6/7/2017,"Miercoles",0,22:30:00,,"0.0",2,"Automóvil,Bicicleta","Gral Manuel Belgrano Y Cristobal Colon",2,1,0,0,1,0,0,,"Calle",,"ARROYO SECO","Rosario","Asfalto","No existe","II","Dentro","Urbana","Ninguna","No existe","Intersección","Bueno,Ahuellamiento","Reducida","Nocturna","Buen Tiempo","S/D","Ciclista","Atropello","Ninguna","Faltante","Ninguna","Sin restricción"
2017,2918,5/29/2017,"Lunes",0,17:00:00,,"0.0",2,"Moto/Ciclomotor,Automóvil","Gral Manuel Belgrano Y Bartolome Mitre gral",2,0,1,0,1,0,0,"-33.15728, -60.51195","Calle",,"ARROYO SECO","Rosario","Asfalto","No existe","II","Dentro","Urbana","Semáforo","Funciona","Intersección","Bueno","Buena","Diurna","Buen Tiempo","Lateral","S/D","Colisión","Ninguna","S/D","Ninguna","Sin restricción"
2017,2919,6/12/2017,"Lunes",0,17:55:00,"Ruta Provincial 21","0.0",2,"Moto/Ciclomotor,Automóvil"," ",4,0,1,0,3,0,0,,"Ruta",21,"FIGHIERA","Rosario","Asfalto","No existe","II","S/D","S/D","Ninguna","No existe","Recta","Bueno","Buena","Diurna","Buen Tiempo","Lateral","S/D","Colisión","Ninguna","Faltante","Ninguna","S/D"
2017,2920,6/25/2017,"Domingo",0,2:25:00,,"0.0",2,"Transporte de Pasajeros Urbano (> 8 asientos),Automóvil","Av. Luis Carballo Y Alberdi",5,4,0,0,1,0,0,,"Avenida",,"ROSARIO","Rosario","Asfalto","No existe","II","Dentro","Urbana","Semáforo","No existe","Intersección","Otro","Buena","Nocturna","Buen Tiempo","Lateral","S/D","Colisión","S/D","Horizontal,Vertical","Ninguna","Sin restricción"
2017,2921,6/21/2017,"Miercoles",0,14:50:00,,"0.0",2,"Transporte de Pasajeros Urbano (> 8 asientos),Automóvil","Pje. Alemania Y Bahia Blanca Bis",2,1,0,0,1,0,0,,"Calle",,"ROSARIO","Rosario","Asfalto","No existe","II","Dentro","Urbana","Ninguna","No existe","Intersección","Bueno","Buena","Diurna","Buen Tiempo","Lateral","S/D","Colisión","Ninguna","Faltante","Ninguna","Sin restricción"
2017,2922,1/15/2017,"Domingo",0,,"Ruta Provincial 17","0.0",1,"Moto/Ciclomotor"," ",1,1,0,0,0,0,0,,"Ruta",17,"CERES","San Cristóbal","S/D","S/D","XII","S/D","S/D","S/D","S/D","S/D","S/D","S/D","S/D","S/D","S/D","S/D","Caída ocupante","S/D","S/D","S/D","S/D"
2017,2923,6/22/2017,"Jueves",0,12:40:00,,"0.0",1,"Automóvil","Av. Avellaneda B Y Velez Sarsfield",2,1,0,0,1,0,0,,"Avenida",,"ROSARIO","Rosario","Asfalto","No existe","II","Dentro","Urbana","Semáforo","No existe","Intersección","Bueno","Buena","Diurna","Buen Tiempo","Contra objeto fijo","S/D","Colisión","Ninguna","S/D","Ninguna","Sin restricción"
2017,2926,6/9/2017,"Viernes",0,12:40:00,,"0.0",2,"Automóvil,Moto/Ciclomotor","Junin Y Mar del Plata",2,1,0,0,1,0,0,,"Calle",,"ROSARIO","Rosario","Asfalto","No existe","II","Dentro","Urbana","Ninguna","No existe","Intersección","Otro","Buena","Diurna","Buen Tiempo","Lateral","S/D","Colisión","Ninguna","Faltante","Ninguna","Sin restricción"
2017,2927,6/7/2017,"Miercoles",0,18:30:00,,"0.0",2,"Pickup/Utilitario,Otros","Casilda Y Florida",2,1,0,0,1,0,0,,"Calle",,"ROSARIO","Rosario","Asfalto","No existe","II","Dentro","Urbana","Ninguna","No existe","Intersección","Otro","Buena","Atardecer","Buen Tiempo","Lateral","S/D","Colisión","Ninguna","Faltante","Ninguna","Sin restricción"
2017,2928,6/2/2017,"Viernes",0,18:00:00,,"0.0",5,"Automóvil,Automóvil,Automóvil,Automóvil,Automóvil","TUNEL ESCOLADO ",6,1,0,0,5,0,0,,"Calle",,"ROSARIO","Rosario","Asfalto","No existe","II","Dentro","Urbana","Semáforo","Funciona","Recta","Otro","Buena","Diurna","Buen Tiempo","Múltiple","S/D","Colisión","Ninguna","Faltante","Ninguna","S/D"
2017,2929,6/29/2017,"Jueves",0,9:30:00,,"0.0",2,"Moto/Ciclomotor,Automóvil","Av. Corrientes Y Juan Canals",3,2,0,0,1,0,0,,"Calle",,"ROSARIO","Rosario","Asfalto","No existe","II","Dentro","Urbana","Ninguna","No existe","Intersección","Bueno","Buena","Diurna","Buen Tiempo","Lateral","S/D","Colisión","Ninguna","Faltante","Ninguna","Sin restricción"
2017,2930,6/24/2017,"Sabado",0,17:15:00,"Ruta Provincial 18","30.0",1,"Automóvil"," ",1,0,1,0,0,0,0,"-33.24904, -60.76573","Ruta",18,"CARMEN DEL SAUCE","Rosario","Asfalto","Natural","II","Dentro","Urbana","Ninguna","No existe","Recta","Bueno","Buena","Diurna","Buen Tiempo","S/D","S/D","Vuelco","Ninguna","S/D","Ninguna","Sin restricción"
2017,2931,6/20/2017,"Martes",0,16:40:00,,"0.0",2,"Automóvil,Taxi/Remis","Peru Y White",2,1,0,0,1,0,0,,"Calle",,"ROSARIO","Rosario","Asfalto","S/D","II","Dentro","Urbana","S/D","No existe","Intersección","S/D","S/D","Diurna","S/D","Lateral","S/D","Colisión","S/D","S/D","S/D","S/D"
2017,2932,6/11/2017,"Domingo",0,0:50:00,,"0.0",2,"Moto/Ciclomotor,Automóvil","Matienzo Y Viamonte",3,1,0,0,1,0,1,,"Calle",,"ROSARIO","Rosario","Asfalto","S/D","II","Dentro","Urbana","S/D","S/D","Intersección","S/D","S/D","Nocturna","S/D","Lateral","S/D","Colisión","S/D","S/D","S/D","S/D"
2017,2933,6/7/2017,"Miercoles",0,8:00:00,,"0.0",2,"Moto/Ciclomotor,Pickup/Utilitario","Cullen Y Av. Pellegrini",3,2,0,0,1,0,0,,"Calle",,"ROSARIO","Rosario","Asfalto","S/D","II","Dentro","Urbana","S/D","S/D","Intersección","S/D","S/D","Diurna","S/D","Lateral","S/D","Colisión","S/D","S/D","S/D","S/D"
2017,2934,6/2/2017,"Viernes",0,16:40:00,,"0.0",2,"Automóvil,Automóvil","Av. Pellegrini Y F.More",2,1,0,0,1,0,0,,"Calle",,"ROSARIO","Rosario","Asfalto","S/D","II","Dentro","Urbana","S/D","Funciona","Intersección","S/D","S/D","Diurna","S/D","Lateral","S/D","Colisión","S/D","S/D","S/D","S/D"
2017,2935,6/1/2017,"Jueves",0,20:00:00,,"0.0",2,"Moto/Ciclomotor,Automóvil","Mendoza Y Matienzo",2,1,0,0,1,0,0,,"Calle",,"ROSARIO","Rosario","Asfalto","S/D","II","Dentro","Urbana","S/D","S/D","Intersección","S/D","S/D","Nocturna","S/D","Lateral","S/D","Colisión","S/D","S/D","S/D","S/D"
2017,2936,6/4/2017,"Domingo",0,16:00:00,,"0.0",2,"Moto/Ciclomotor,Automóvil","Bv. Segui Y Pje. Cerrillos",2,1,0,0,1,0,0,,"Calle",,"ROSARIO","Rosario","Asfalto","No existe","II","Dentro","Urbana","Ninguna","No existe","Intersección","Bueno","Buena","Atardecer","S/D","Lateral","S/D","Colisión","Ninguna","Faltante","Ninguna","Sin restricción"
2017,2937,6/11/2017,"Domingo",0,10:50:00,,"0.0",2,"Moto/Ciclomotor,Moto/Ciclomotor","Matienzo ",2,0,0,1,1,0,0,,"Calle",,"ROSARIO","Rosario","S/D","No existe","II","Dentro","Urbana","Ninguna","No existe","Intersección","Bueno","Reducida","Amanecer","S/D","Lateral","S/D","Colisión","Ninguna","Faltante","Ninguna","Sin restricción"
2017,2938,6/14/2017,"Miercoles",0,21:00:00,,"0.0",2,"Moto/Ciclomotor,Otros","Barra Y Virasoro",2,1,0,0,0,0,1,,"Calle",,"ROSARIO","Rosario","Asfalto","No existe","II","Dentro","Urbana","Ninguna","No existe","Intersección","S/D","Reducida","Nocturna","S/D","Lateral","S/D","Colisión","S/D","Faltante","Ninguna","Sin restricción"
2017,2939,6/24/2017,"Sabado",0,13:30:00,,"0.0",2,"Moto/Ciclomotor,Otros","Bv. Avellaneda Y Garay",2,1,0,0,0,0,1,,"Calle",,"ROSARIO","Rosario","Asfalto","No existe","II","Dentro","Urbana","Ninguna","No existe","Intersección","Bueno","Buena","Atardecer","Buen Tiempo","Lateral","S/D","Colisión","Ninguna","Faltante","Ninguna","Sin restricción"
2017,2940,6/19/2017,"Lunes",0,17:30:00,,"0.0",2,"Moto/Ciclomotor,Automóvil","Roullon Y Centeno",2,1,0,0,1,0,0,,"Calle",,"ROSARIO","Rosario","Asfalto","No existe","II","Dentro","Urbana","Ninguna","No existe","Intersección","Bueno","Buena","Atardecer","S/D","Lateral","S/D","Colisión","Ninguna","Faltante","Ninguna","Sin restricción"
2017,2941,6/1/2017,"Jueves",1,,,"0.0",1,"Moto/Ciclomotor"," ",1,1,0,0,0,0,0,,"S/D",,"ROSARIO","Rosario","S/D","S/D","II","S/D","S/D","S/D","S/D","S/D","S/D","S/D","S/D","S/D","S/D","S/D","Caída ocupante","S/D","S/D","S/D","S/D"
2017,2942,6/1/2017,"Jueves",1,,,"0.0",2,"Automóvil,Moto/Ciclomotor"," ",2,1,0,0,0,0,1,,"S/D",,"ROSARIO","Rosario","S/D","S/D","II","S/D","S/D","S/D","S/D","S/D","S/D","S/D","S/D","S/D","S/D","S/D","Colisión","S/D","S/D","S/D","S/D"
2017,2943,6/8/2017,"Jueves",0,18:20:00,,"0.0",1,"Moto/Ciclomotor","Av. Pte.Peron 4200",2,2,0,0,0,0,0,,"Calle",,"ROSARIO","Rosario","Asfalto","S/D","II","Dentro","Urbana","S/D","S/D","Recta","Bueno","S/D","Diurna","S/D","S/D","S/D","Caída ocupante","S/D","S/D","S/D","S/D"
2017,2944,6/13/2017,"Martes",0,,,"0.0",2,"Bicicleta,Automóvil","Mariano Moreno Y Av Cordoba",2,1,0,0,1,0,0,,"Calle",,"ESPERANZA","Las Colonias","Asfalto","No existe","XI","Dentro","Urbana","Ninguna","No existe","Intersección","Bueno","Buena","S/D","Buen Tiempo","S/D","Ciclista","Atropello","Ninguna","S/D","Barrera de hormigón","Sin restricción"
2017,2945,6/18/2017,"Domingo",0,22:00:00,,"0.0",2,"Peatón,Automóvil","Lima 2000",2,1,0,0,0,0,1,,"Calle",,"ROSARIO","Rosario","Asfalto","S/D","II","Dentro","Urbana","S/D","S/D","Recta","Bueno","S/D","Nocturna","S/D","S/D","Peatón","Atropello","S/D","S/D","S/D","S/D"
2017,2946,6/29/2017,"Jueves",0,16:45:00,,"0.0",2,"Automóvil,Moto/Ciclomotor","Mariano Moreno Y 1ro de Mayo",2,0,1,0,1,0,0,,"Calle",,"SAN CARLOS CENTRO","Las Colonias","Asfalto","No existe","XI","Dentro","Urbana","Ninguna","No existe","Intersección","Bueno","Buena","Diurna","Buen Tiempo","Lateral","S/D","Colisión","Ninguna","S/D","Ninguna","Sin restricción"
2017,2947,6/8/2017,"Jueves",0,12:05:00,,"0.0",2,"Otros,Automóvil","Ituzaingo Y Crespo",2,2,0,0,0,0,0,,"Calle",,"ROSARIO","Rosario","Asfalto","S/D","II","Dentro","Urbana","S/D","S/D","Recta","Bueno","S/D","Diurna","S/D","S/D","S/D","Colisión","S/D","S/D","S/D","S/D"
2017,2948,6/28/2017,"Miercoles",0,9:30:00,,"0.0",1,"Automóvil","Av. Pte.Peron Y Leiva",1,1,0,0,0,0,0,,"Calle",,"ROSARIO","Rosario","Asfalto","S/D","II","Dentro","Urbana","S/D","S/D","Recta","S/D","S/D","Diurna","S/D","S/D","S/D","Vuelco","S/D","S/D","S/D","S/D"
2017,2949,6/25/2017,"Domingo",0,12:15:00,,"0.0",2,"Moto/Ciclomotor,Pickup/Utilitario","Bv. Oroño Y Av. Jorge Cura",2,1,0,0,1,0,0,,"Avenida",,"ROSARIO","Rosario","Asfalto","No existe","II","Dentro","Urbana","Ninguna","Funciona","Intersección","Bueno","Buena","Diurna","Buen Tiempo","Lateral","S/D","Colisión","Ninguna","Horizontal,Vertical","Ninguna","Sin restricción"
2017,2950,6/25/2017,"Domingo",0,10:00:00,,"0.0",2,"Moto/Ciclomotor,Otros","Garibaldi Y Pje. Cura Malal",2,1,0,0,1,0,0,,"Calle",,"ROSARIO","Rosario","Asfalto","No existe","II","Dentro","Urbana","Ninguna","No existe","Intersección","Bueno","Buena","Diurna","Buen Tiempo","Lateral","S/D","Colisión","Ninguna","Faltante","Ninguna","Sin restricción"
2017,2951,6/12/2017,"Lunes",0,11:00:00,,"0.0",2,"Moto/Ciclomotor,Automóvil","Lavalle Y Viamonte",2,2,0,0,0,0,0,,"Calle",,"ROSARIO","Rosario","Asfalto","S/D","II","Dentro","Urbana","S/D","S/D","Recta","Bueno","S/D","Diurna","S/D","S/D","S/D","Colisión","S/D","S/D","S/D","S/D"
2017,2952,6/23/2017,"Viernes",0,7:30:00,,"0.0",2,"Moto/Ciclomotor,Tractor","Moreno 2300",2,1,0,0,1,0,0,,"Calle",,"HUMBOLDT","Las Colonias","Hormigón","No existe","XI","Dentro","Urbana","Ninguna","No existe","Recta","Bueno","Buena","Diurna","Buen Tiempo","S/D","S/D","Colisión","Ninguna","Faltante","Ninguna","Sin restricción"
2017,2954,6/15/2017,"Jueves",0,16:00:00,,"0.0",2,"Automóvil,Moto/Ciclomotor","Bv. Segui Y Pte.Roca",2,1,0,0,1,0,0,,"Avenida",,"ROSARIO","Rosario","Asfalto","No existe","II","Dentro","Urbana","Ninguna","Funciona","Intersección","Bueno","Buena","Diurna","Buen Tiempo","Lateral","S/D","Colisión","Ninguna","Faltante","Ninguna","Sin restricción"
2017,2955,6/18/2017,"Domingo",0,10:00:00,,"0.0",2,"Moto/Ciclomotor,Automóvil","Moreno Y Guemes",2,0,1,0,1,0,0,,"Calle",,"HUMBOLDT","Las Colonias","Asfalto","Natural","XI","Dentro","Urbana","Ninguna","No existe","Intersección","Bueno","Buena","Diurna","Buen Tiempo","Lateral","S/D","Colisión","Ninguna","Faltante","Ninguna","Sin restricción"
2017,2956,6/9/2017,"Viernes",0,10:00:00,,"0.0",2,"Pickup/Utilitario,Bicicleta","Av San Martin Y Moreno",2,1,0,0,1,0,0,,"Calle",,"HUMBOLDT","Las Colonias","Hormigón","No existe","XI","Dentro","Urbana","Ninguna","No existe","Intersección","Bueno","Buena","Diurna","Buen Tiempo","S/D","Ciclista","Atropello","Ninguna","Vertical","Línea divisoria pintada","Sin restricción"
2017,2957,1/16/2017,"Lunes",0,,"Ruta Nacional 34","120.0",2,"Camión,Camión"," ",2,1,0,0,1,0,0,,"Ruta",34,"GRANADERO BAIGORRIA","Rosario","S/D","S/D","I","S/D","S/D","S/D","S/D","S/D","S/D","S/D","S/D","S/D","De alcance","S/D","Colisión","S/D","S/D","S/D","S/D"
2017,2958,6/19/2017,"Lunes",0,23:20:00,,"0.0",2,"Automóvil,Moto/Ciclomotor","Bv. Segui Y Mitre",2,1,0,0,1,0,0,,"Avenida",,"ROSARIO","Rosario","Asfalto","No existe","II","Dentro","Urbana","Semáforo","Funciona","Recta","Bueno","Buena","Nocturna","Buen Tiempo","De alcance","S/D","Colisión","Ninguna","Horizontal,Vertical","Ninguna","Sin restricción"
2017,2959,6/27/2017,"Martes",0,18:30:00,,"0.0",2,"Bicicleta,Automóvil","25 de Mayo Y Saavedra",2,1,0,0,1,0,0,,"Calle",,"PILAR","Las Colonias","Asfalto","No existe","XI","Dentro","Urbana","Ninguna","No existe","Recta","Bueno","Buena","Atardecer","Buen Tiempo","S/D","Ciclista","Atropello","Ninguna","Vertical","Ninguna","S/D"
2017,2960,6/17/2017,"Sabado",0,1:20:00,,"0.0",2,"Automóvil,Moto/Ciclomotor","Bv. Oroño Y Dr.Rivas",2,1,0,0,1,0,0,,"Calle",,"ROSARIO","Rosario","Asfalto","No existe","II","Dentro","Urbana","Ninguna","No existe","Intersección","Bueno","Reducida","Nocturna","Buen Tiempo","Lateral","S/D","Colisión","Ninguna","Faltante","Ninguna","S/D"
2017,2962,6/16/2017,"Viernes",0,13:14:00,,"0.0",2,"Automóvil,Moto/Ciclomotor","Gaboto Y Paraguay",2,1,0,0,1,0,0,,"Calle",,"ROSARIO","Rosario","Asfalto","No existe","II","Dentro","Urbana","Ninguna","No existe","Intersección","Bueno","Buena","Diurna","Buen Tiempo","Lateral","S/D","Colisión","Ninguna","Faltante","Ninguna","Sin restricción"
2017,2963,6/11/2017,"Domingo",0,11:20:00,,"0.0",2,"Moto/Ciclomotor,Automóvil","Bv. Oroño Y Biedma",3,1,1,0,1,0,0,,"Avenida",,"ROSARIO","Rosario","Asfalto","No existe","II","Dentro","Urbana","Ninguna","Funciona","Intersección","Bueno","Buena","Diurna","Buen Tiempo","Lateral","S/D","Colisión","Ninguna","Horizontal,Vertical","Ninguna","Sin restricción"