"anio_acci","nro_acci","fecha","desc_dia","fecha_aprox","hora_aprox","desc_ruta","km","cant_participantes","desc_participante","calle_avenida_km","total","heridos_leves","heridos_graves","heridos_gravisimos","ilesos","fallecidos","sin_datos","posicion_XY","desc_tipo_via","desc_ruta_ori","desc_loc","desc_dpto","desc_tipo_calzada","desc_tipo_banquina","desc_unidad_regional","desc_lugar_calzada","desc_zona","desc_prioridad","desc_estado_semaforo","desc_lugar_via","desc_estado_via","desc_estado_visibilidad","desc_luminosidad","desc_estado_clima","desc_tipo_colision","desc_tipo_atropello","desc_tipo_hecho","desc_pres_calzada","desc_senializacion","desc_separacion_via","desc_restriccion"
2017,2964,6/8/2017,"Jueves",0,19:10:00,,"0.0",2,"Moto/Ciclomotor,Automóvil","9 de Julio Y 27 de Abril",2,1,0,0,1,0,0,,"Calle",,"PILAR","Las Colonias","Asfalto","Natural","XI","Dentro","Urbana","Ninguna","No existe","Intersección","Resbaladiza","Buena","Nocturna","Lluvia","Lateral","S/D","Colisión","S/D","Vertical","Ninguna","Sin restricción"
2017,2965,6/2/2017,"Viernes",0,11:10:00,,"0.0",2,"Automóvil,Moto/Ciclomotor","Moreno Y 9 de Julio",2,1,0,0,1,0,0,,"Calle",,"PILAR","Las Colonias","Asfalto","Pavimento","XI","Dentro","Urbana","Ninguna","No existe","Intersección","Bueno","Buena","Diurna","Buen Tiempo","Lateral","S/D","Colisión","Ninguna","Horizontal","Barrera de hormigón","Sin restricción"
2017,2966,6/1/2017,"Jueves",0,3:30:00,"Ruta Provincial 10","132.0",2,"Camión c / Acoplado,Camión c / Acoplado"," ",2,1,0,0,1,0,0,,"Ruta",10,"SANTA CLARA DE BUENA VISTA","Las Colonias","Asfalto","Natural","XI","Dentro","Urbana","Ninguna","No existe","Recta","Bueno","Reducida","Nocturna","Niebla","Lateral","S/D","Colisión","Ninguna","Faltante","Línea divisoria pintada","Sin restricción"
2017,2967,6/10/2017,"Sabado",0,18:00:00,,"0.0",2,"Pickup/Utilitario,Moto/Ciclomotor","Av Marmol Y Sgto Cabral",2,1,0,0,1,0,0,,"Calle",,"CAPITÁN BERMÚDEZ","San Lorenzo","S/D","S/D","XVII","Dentro","Urbana","S/D","S/D","Intersección","S/D","S/D","Diurna","S/D","Otro","S/D","Colisión","S/D","S/D","S/D","S/D"
2017,2968,6/10/2017,"Sabado",0,11:20:00,"Ruta Nacional 11","0.0",2,"Automóvil,Moto/Ciclomotor"," ",2,1,0,0,1,0,0,,"Ruta",11,"SAN LORENZO","San Lorenzo","Asfalto","No existe","XVII","Dentro","Urbana","S/D","No existe","Intersección","Bueno","Buena","Diurna","S/D","S/D","S/D","Colisión","Ninguna","Faltante","Ninguna","Sin restricción"
2017,2969,6/9/2017,"Viernes",0,22:45:00,"Ruta Nacional 11","0.0",2,"Automóvil,Moto/Ciclomotor","9 de Julio Y Av San Lorenzo",2,0,1,0,1,0,0,,"Ruta",11,"CAPITÁN BERMÚDEZ","San Lorenzo","Asfalto","S/D","XVII","Dentro","Urbana","S/D","No existe","Intersección","Bueno","Buena","Nocturna","S/D","S/D","S/D","Colisión","Ninguna","S/D","S/D","S/D"
2017,2970,1/31/2017,"Martes",0,4:30:00,,"0.0",1,"Automóvil","Entre Rios Y Galvez",1,0,0,0,0,1,0,"-32.968263, -60.646573","Calle",,"ROSARIO","Rosario","Hormigón","No existe","II","Dentro","Urbana","Ninguna","No existe","Recta","S/D","Reducida","Nocturna","S/D","Contra objeto fijo","S/D","Colisión","S/D","Vertical","Ninguna","S/D"
2017,2971,1/14/2017,"Sabado",0,22:00:00,"Ruta Secundaria 25-s","7.0",2,"Moto/Ciclomotor,Automóvil"," ",3,0,0,0,1,2,0,"-33.369413, -60.566299","Ruta","25-s","CORONEL BOGADO","Rosario","Hormigón","Natural","II","Dentro","S/D","S/D","No existe","Recta","S/D","Reducida","Nocturna","S/D","De alcance","S/D","Colisión","S/D","S/D","S/D","S/D"
2017,2972,6/26/2017,"Lunes",0,16:05:00,"Ruta Secundaria 62-s","0.0",1,"Camión c / Acoplado"," ",1,1,0,0,0,0,0,,"Ruta","62-s","PROVIDENCIA","Las Colonias","Asfalto","No existe","XI","Dentro","Urbana","Ninguna","No existe","Recta","Bueno","Buena","Diurna","Buen Tiempo","S/D","S/D","Vuelco","Ninguna","Faltante","Ninguna","Sin restricción"
2017,2973,6/9/2017,"Viernes",0,19:25:00,,"0.0",2,"Automóvil,Bicicleta","Cullen Y General Paz",2,1,0,0,1,0,0,,"Calle",,"ESPERANZA","Las Colonias","Asfalto","Pavimento","XI","Dentro","Urbana","Ninguna","No existe","Intersección","Bueno","Buena","Nocturna","Buen Tiempo","S/D","Ciclista","Atropello","Ninguna","Faltante","Ninguna","Sin restricción"
2017,2974,6/12/2017,"Lunes",0,16:30:00,,"0.0",2,"Moto/Ciclomotor,Taxi/Remis","Garibaldi Y Av. Corrientes",2,1,0,0,1,0,0,,"Calle",,"ROSARIO","Rosario","Asfalto","No existe","II","Dentro","Urbana","Ninguna","No existe","Intersección","Bueno","Buena","Diurna","Buen Tiempo","Lateral","S/D","Colisión","Ninguna","Faltante","Ninguna","Sin restricción"
2017,2975,6/10/2017,"Sabado",0,19:20:00,,"0.0",2,"Bicicleta,Automóvil","San Martin Y Av. Arijon",2,1,0,0,1,0,0,,"Calle",,"ROSARIO","Rosario","Asfalto","No existe","II","Dentro","Urbana","Ninguna","Funciona","Intersección","Bueno","Buena","Atardecer","Buen Tiempo","S/D","Ciclista","Atropello","Ninguna","Horizontal,Vertical","Ninguna","Sin restricción"
2017,2976,6/10/2017,"Sabado",0,9:10:00,,"0.0",2,"Automóvil,Moto/Ciclomotor","Bv. Segui Y Buenos Aires",2,1,0,0,1,0,0,,"Avenida",,"ROSARIO","Rosario","Asfalto","Pavimento","II","Dentro","Urbana","Ninguna","No existe","Intersección","Bueno","Buena","Diurna","Buen Tiempo","Lateral","S/D","Colisión","Ninguna","Horizontal","Cordón divisorio","Sin restricción"
2017,2977,6/9/2017,"Viernes",0,16:20:00,,"0.0",2,"Automóvil,Moto/Ciclomotor","Bv. Segui Y Maipu",2,1,0,0,1,0,0,,"Avenida",,"ROSARIO","Rosario","Asfalto","Pavimento","II","Dentro","Urbana","Ninguna","No existe","Intersección","Bueno","Buena","Diurna","Buen Tiempo","Lateral","S/D","Colisión","Ninguna","Vertical","Ninguna","Sin restricción"
2017,2978,6/8/2017,"Jueves",0,6:20:00,,"0.0",2,"Automóvil,Moto/Ciclomotor","Av. Uriburu Y Sarmiento",2,1,0,0,1,0,0,,"Calle",,"ROSARIO","Rosario","Asfalto","No existe","II","Dentro","Urbana","Ninguna","No existe","Intersección","Bueno","Buena","Nocturna","Buen Tiempo","Lateral","S/D","Colisión","Ninguna","Faltante","Ninguna","Sin restricción"
2017,2979,6/9/2017,"Viernes",0,17:00:00,,"0.0",2,"Pickup/Utilitario,Moto/Ciclomotor","Ayolas Y 1 de Mayo",2,1,0,0,1,0,0,,"Calle",,"ROSARIO","Rosario","Asfalto","Ripio","II","Dentro","Urbana","Ninguna","No existe","Intersección","Bueno","Buena","Diurna","Buen Tiempo","Lateral","S/D","Colisión","Ninguna","Horizontal,Vertical","Ninguna","Sin restricción"
2017,2980,6/1/2017,"Jueves",0,9:30:00,,"0.0",2,"Automóvil,Moto/Ciclomotor","Garay Y 1 de Mayo",2,1,0,0,1,0,0,,"Calle",,"ROSARIO","Rosario","Asfalto","No existe","II","Dentro","Urbana","Ninguna","No existe","Intersección","Bueno","Buena","Diurna","Buen Tiempo","Lateral","S/D","Colisión","Ninguna","Faltante","Ninguna","Sin restricción"
2017,2981,6/8/2017,"Jueves",0,8:20:00,,"0.0",2,"Automóvil,Bicicleta","Pte.Quintana Y Grandoli",2,1,0,0,1,0,0,,"Calle",,"ROSARIO","Rosario","Asfalto","No existe","II","Dentro","Urbana","Ninguna","No existe","Intersección","Bueno","Buena","Diurna","Buen Tiempo","S/D","Ciclista","Atropello","Ninguna","Faltante","Ninguna","Sin restricción"
2017,2982,6/8/2017,"Jueves",0,12:00:00,,"0.0",3,"Automóvil,Automóvil,Automóvil","Bv. Segui Y Entre Rios",3,2,0,0,1,0,0,,"Calle",,"ROSARIO","Rosario","Asfalto","No existe","II","Dentro","Urbana","Ninguna","No existe","Intersección","Bueno","Buena","Diurna","Buen Tiempo","Múltiple","S/D","Colisión","Ninguna","Faltante","Ninguna","Sin restricción"
2017,2983,6/7/2017,"Miercoles",0,11:45:00,,"0.0",2,"Peatón,Pickup/Utilitario","Laprida Y Garay",2,1,0,0,1,0,0,,"Calle",,"ROSARIO","Rosario","Asfalto","No existe","II","Dentro","Urbana","Paso Peatonal","No existe","Recta","Bueno","Buena","Diurna","Buen Tiempo","S/D","S/D","Atropello","Ninguna","Faltante","Ninguna","Sin restricción"
2017,2984,6/23/2017,"Viernes",0,19:10:00,,"0.0",2,"Automóvil,Moto/Ciclomotor","Garay Y Colon",3,2,0,0,1,0,0,,"Calle",,"ROSARIO","Rosario","Asfalto","Pavimento","II","Dentro","Urbana","Ninguna","No existe","Intersección","Bueno","Buena","Atardecer","Buen Tiempo","Lateral","S/D","Colisión","Ninguna","Faltante","Ninguna","Sin restricción"
2017,2985,6/5/2017,"Lunes",0,13:30:00,,"0.0",2,"Automóvil,Bicicleta","Ayacucho Y Ayolas",2,1,0,0,1,0,0,,"Calle",,"ROSARIO","Rosario","Asfalto","No existe","II","Dentro","Urbana","Ninguna","No existe","Intersección","Bueno","Buena","Diurna","Buen Tiempo","S/D","Ciclista","Atropello","Ninguna","Faltante","Ninguna","S/D"
2017,2986,6/4/2017,"Domingo",0,16:00:00,,"0.0",2,"Moto/Ciclomotor,Pickup/Utilitario","L.N.Alem Y Amenabar",3,1,0,0,2,0,0,,"Calle",,"ROSARIO","Rosario","Asfalto","No existe","II","S/D","S/D","Ninguna","No existe","Intersección","Bueno","Buena","Diurna","Buen Tiempo","Lateral","S/D","Colisión","Ninguna","Horizontal","Ninguna","Sin restricción"
2017,2987,6/1/2017,"Jueves",0,20:00:00,,"0.0",2,"Peatón,Moto/Ciclomotor","Biedma Y Colon",2,1,0,0,1,0,0,,"Calle",,"ROSARIO","Rosario","Asfalto","No existe","II","Dentro","Urbana","Ninguna","No existe","Intersección","Bueno","Buena","Nocturna","Buen Tiempo","S/D","Peatón","Atropello","Ninguna","Faltante","Ninguna","Sin restricción"
2017,2988,6/1/2017,"Jueves",0,16:30:00,,"0.0",2,"Bicicleta,Automóvil","Mariano Moreno Y Cochabamba",2,1,0,0,1,0,0,,"Calle",,"ROSARIO","Rosario","Asfalto","No existe","II","Dentro","Urbana","Ninguna","No existe","Intersección","Bueno","Buena","Diurna","Buen Tiempo","S/D","Ciclista","Atropello","Ninguna","Faltante","Ninguna","S/D"
2017,2989,2/1/2017,"Miercoles",0,11:00:00,"Ruta Nacional 34","148.5",2,"Camión,Pickup/Utilitario"," ",8,1,0,0,2,5,0,"-31.89656, -61.59364","Ruta",34,"SAN MARTIN DE LAS ESCOBAS","San Martín","Asfalto","Natural","XVIII","Dentro","Rural","Ninguna","S/D","Recta","Resbaladiza,Ahuellamiento","Buena","Diurna","Buen Tiempo","Frontal","S/D","Colisión","Ninguna","Vertical","Línea divisoria pintada","S/D"
2017,2990,2/2/2017,"Jueves",0,17:00:00,"Ruta Nacional 11","325.0",2,"Moto/Ciclomotor,Camión","Cnel Bogado Y Ruta Nac 11",2,0,0,0,1,1,0,"-32.775187, -60.728761","Ruta",11,"SAN LORENZO","San Lorenzo","Asfalto","Ripio","XVII","Dentro","Urbana","Ninguna","No existe","Recta","Bueno","Buena","Diurna","Buen Tiempo","De alcance","S/D","Colisión","Ninguna","Vertical","Ninguna","Sin restricción"
2017,2991,2/3/2017,"Viernes",0,16:50:00,,"0.0",1,"Moto/Ciclomotor","Av Peñaloza 10000",1,0,0,0,0,1,0,"-31.568330565001,-60.708587387798","Avenida",,"SANTA FE","La Capital","S/D","S/D","I","Dentro","Urbana","S/D","S/D","Recta","S/D","S/D","Diurna","S/D","Contra objeto fijo","S/D","Colisión","S/D","S/D","S/D","S/D"
2017,2992,1/28/2017,"Sabado",0,18:00:00,,"0.0",1,"Moto/Ciclomotor","Av. Ovidio Lagos Y La Paz",1,0,0,0,0,1,0,"-32.960027, -60.665798","Avenida",,"ROSARIO","Rosario","Asfalto","No existe","II","Dentro","Urbana","Semáforo","S/D","Intersección","Bueno","S/D","Diurna","S/D","S/D","S/D","Colisión","S/D","Horizontal,Vertical","Cordón divisorio","S/D"
2017,2993,1/19/2017,"Jueves",0,1:30:00,"Autopista Nacional Rosario -Cordoba","347.0",2,"Camión,Camión"," ",2,0,0,0,0,1,1,"-32.87209, -61.19796","Autopista","Rosario -Cordoba","CORREA","Iriondo","Asfalto","Natural","X","Dentro","Rural","S/D","No funciona","Recta","Bueno","S/D","Nocturna","S/D","S/D","S/D","Colisión","S/D","Horizontal,Vertical","Vegetación","S/D"
2017,2994,1/1/2017,"Domingo",1,,,"0.0",1,"Otros"," ",1,0,0,0,0,1,0,"-32.961389, -60.711744","S/D",,"ROSARIO","Rosario","S/D","S/D","II","S/D","S/D","S/D","S/D","S/D","S/D","S/D","S/D","S/D","S/D","S/D","S/D","S/D","S/D","S/D","S/D"
2017,2995,1/22/2017,"Domingo",0,12:30:00,,"0.0",1,"Moto/Ciclomotor","Av. Ntra.Sra.del Rosario C ",1,0,0,0,0,1,0,"-32.999941, -60.651439","S/D",,"ROSARIO","Rosario","Asfalto","No existe","II","S/D","Urbana","S/D","S/D","S/D","S/D","S/D","S/D","S/D","S/D","S/D","Colisión","Material Suelto","Faltante","Ninguna","S/D"
2017,2996,1/16/2017,"Lunes",0,,"Ruta Nacional 33","0.0",1,"Pickup/Utilitario"," ",1,1,0,0,0,0,0,,"Ruta",33,"ROSARIO","Rosario","S/D","S/D","II","S/D","S/D","S/D","S/D","S/D","S/D","S/D","S/D","S/D","S/D","S/D","Vuelco","S/D","S/D","S/D","S/D"
2017,2997,6/21/2017,"Miercoles",0,13:40:00,,"0.0",2,"Automóvil,Moto/Ciclomotor","Grandoli Y Pte.Quintana",2,1,0,0,1,0,0,,"Calle",,"ROSARIO","Rosario","Asfalto","No existe","II","Dentro","Urbana","Ninguna","No existe","Intersección","Con baches","Buena","Diurna","Buen Tiempo","Lateral","S/D","Colisión","Ninguna","Horizontal","Línea divisoria pintada","Sin restricción"
2017,2998,6/18/2017,"Domingo",0,12:40:00,,"0.0",2,"Automóvil,Automóvil","Bv. Segui Y Buenos Aires",2,2,0,0,0,0,0,,"Calle",,"ROSARIO","Rosario","Asfalto","Pavimento","II","Dentro","Urbana","Ninguna","No existe","Intersección","Bueno","Buena","Diurna","Buen Tiempo","Lateral","S/D","Colisión","S/D","Horizontal","Vegetación","Sin restricción"
2017,2999,6/16/2017,"Viernes",0,16:00:00,,"0.0",2,"Transporte de Pasajeros Urbano (> 8 asientos),Moto/Ciclomotor","Maipu Y Bv. Segui",2,1,0,0,1,0,0,,"Calle",,"ROSARIO","Rosario","Asfalto","Pavimento","II","Dentro","Urbana","Ninguna","No existe","Intersección","Bueno","Buena","Diurna","Buen Tiempo","Lateral","S/D","Colisión","Ninguna","Faltante","Cordón divisorio","Sin restricción"
2017,3000,6/16/2017,"Viernes",0,13:00:00,,"0.0",2,"Automóvil,Moto/Ciclomotor","Beruti Y Centeno",2,1,0,0,1,0,0,,"Calle",,"ROSARIO","Rosario","Asfalto","Pavimento","II","Dentro","Urbana","Ninguna","No existe","Intersección","Con baches","Reducida","Diurna","Buen Tiempo","Lateral","S/D","Colisión","Ninguna","Faltante","Ninguna","Sin restricción"
2017,3001,6/16/2017,"Viernes",0,7:15:00,,"0.0",2,"Automóvil,Moto/Ciclomotor","Buenos Aires Y Bv. Segui",2,1,0,0,1,0,0,,"Calle",,"ROSARIO","Rosario","Asfalto","No existe","II","Dentro","Urbana","Paso Peatonal","No existe","Intersección","Bueno","Buena","Diurna","Buen Tiempo","Lateral","S/D","Colisión","Ninguna","Horizontal","Vegetación","Sin restricción"
2017,3002,6/14/2017,"Miercoles",0,11:05:00,,"0.0",2,"Automóvil,Moto/Ciclomotor","Ayolas Y L.N.Alem",4,2,0,0,2,0,0,,"Calle",,"ROSARIO","Rosario","Asfalto","Pavimento","II","Dentro","Urbana","Ninguna","Funciona","Intersección","Bueno","Buena","Diurna","Buen Tiempo","Lateral","S/D","Colisión","Ninguna","Horizontal,Vertical","Ninguna","Sin restricción"
2017,3003,1/16/2017,"Lunes",0,,,"0.0",2,"Moto/Ciclomotor,Pickup/Utilitario","G Mainardi Y Magdalena de De Lorenzi",2,1,0,0,1,0,0,,"Calle",,"RAFAELA","Castellanos","S/D","S/D","VIII","S/D","S/D","S/D","S/D","S/D","S/D","S/D","S/D","S/D","S/D","S/D","Colisión","S/D","S/D","S/D","S/D"
2017,3004,6/12/2017,"Lunes",0,17:20:00,,"0.0",2,"Automóvil,Moto/Ciclomotor","L.N.Alem Y Gaboto",2,1,0,0,1,0,0,,"Calle",,"ROSARIO","Rosario","Asfalto","Pavimento","II","Dentro","Urbana","Ninguna","Funciona","Intersección","Bueno","Buena","Diurna","Buen Tiempo","De alcance","S/D","Colisión","Ninguna","Horizontal,Vertical","Ninguna","Sin restricción"
2017,3005,1/16/2017,"Lunes",0,,,"0.0",2,"Moto/Ciclomotor,Automóvil","Ramon y Cajal Y A Marini",3,2,0,0,1,0,0,,"Calle",,"RAFAELA","Castellanos","S/D","S/D","V","S/D","S/D","S/D","S/D","S/D","S/D","S/D","S/D","S/D","S/D","S/D","Colisión","S/D","S/D","S/D","S/D"
2017,3006,1/16/2017,"Lunes",0,,,"0.0",2,"Moto/Ciclomotor,Peatón","Av Brasil Y Av Roque Saenz Pe±a",4,2,0,0,2,0,0,,"Avenida",,"RAFAELA","Castellanos","S/D","S/D","V","S/D","S/D","S/D","S/D","S/D","S/D","S/D","S/D","S/D","S/D","Peatón","Atropello","S/D","S/D","S/D","S/D"
2017,3007,6/2/2017,"Viernes",0,12:30:00,,"0.0",2,"Pickup/Utilitario,Automóvil","Av. Pellegrini Y Pte.Roca",2,1,0,0,1,0,0,,"Calle",,"ROSARIO","Rosario","Asfalto","No existe","II","Dentro","Urbana","Semáforo","Funciona","Recta","Bueno","Buena","Diurna","Buen Tiempo","De alcance","S/D","Colisión","Ninguna","Vertical","Cordón divisorio","Sin restricción"
2017,3008,6/3/2017,"Sabado",0,23:35:00,,"0.0",2,"Moto/Ciclomotor,Automóvil","Bv. Oroño Y Bv. 27 De Febrero",2,1,0,0,1,0,0,,"Calle",,"ROSARIO","Rosario","Asfalto","No existe","II","Dentro","Urbana","Semáforo","Funciona","Intersección","Bueno","Buena","Nocturna,Con luz artificial","Buen Tiempo","Lateral","S/D","Colisión","Ninguna","Vertical","Cordón divisorio","Sin restricción"
2017,3009,6/4/2017,"Domingo",0,3:30:00,,"0.0",2,"Automóvil,Moto/Ciclomotor","Bv. Oroño Y Bv. 27 De Febrero",2,1,0,0,1,0,0,,"Calle",,"ROSARIO","Rosario","Asfalto","No existe","II","Dentro","Urbana","Ninguna","Funciona","Intersección","Bueno","Buena","Nocturna,Con luz artificial","Buen Tiempo","De alcance","S/D","Colisión","Ninguna","Vertical","Cordón divisorio","Sin restricción"
2017,3010,6/9/2017,"Viernes",0,12:40:00,,"0.0",2,"Automóvil,Taxi/Remis","Italia Y La Paz",3,1,0,0,2,0,0,,"Calle",,"ROSARIO","Rosario","Asfalto","No existe","II","Dentro","Urbana","Ninguna","No existe","Intersección","Bueno","Buena","Diurna","Buen Tiempo","Lateral","S/D","Colisión","Ninguna","Faltante","Ninguna","Sin restricción"
2017,3011,2/4/2017,"Sabado",0,11:15:00,"Ruta Nacional 33","645.0",2,"Automóvil,Camión"," ",4,1,0,0,2,1,0,"-33.644547, -61.847573","Ruta",33,"MURPHY","General López","Asfalto","Natural","VIII","Dentro","Rural","Otra Señal","No existe","Recta","Resbaladiza","Reducida","Diurna","Lluvia","Frontal","S/D","Colisión","Agua","Horizontal","Línea divisoria pintada","Sin restricción"
2017,3012,2/7/2017,"Martes",0,20:20:00,,"0.0",2,"Moto/Ciclomotor,Automóvil","BV FREYRE Y VICTORIA",4,0,1,0,2,1,0,"-33.175024, -61.074811","Avenida",,"FUENTES","San Lorenzo","Asfalto,Ripio","No existe","XVII","Dentro","Urbana","Ninguna","No existe","Intersección","Bueno","Buena","Atardecer","Buen Tiempo","Lateral","S/D","Colisión","Ninguna","S/D","Cordón divisorio","Sin restricción"
2017,3013,2/16/2017,"Jueves",0,12:15:00,,"0.0",2,"Moto/Ciclomotor,Moto/Ciclomotor"," ",2,0,1,0,0,1,0,"-31.8574, -61.57205","Calle",,"SAN MARTIN DE LAS ESCOBAS","San Martín","Hormigón","S/D","XVIII","Dentro","Urbana","Ninguna","S/D","Intersección","Bueno","Buena","Diurna","Buen Tiempo","Lateral","S/D","Colisión","S/D","S/D","Ninguna","S/D"
2017,3014,2/16/2017,"Jueves",0,17:00:00,,"0.0",2,"Bicicleta,Pickup/Utilitario","Bermejo Y Jose Andres Abrate",2,0,0,0,1,1,0,"-32.85108, -61.1525","Avenida",,"CARCARAÑÁ","San Lorenzo","Ripio","No existe","XVII","Dentro","Urbana","S/D","No existe","Recta","Bueno","Buena","Atardecer","Buen Tiempo","S/D","Ciclista","Atropello","Ninguna","Vertical","Cordón divisorio","S/D"
2017,3015,2/19/2017,"Domingo",0,0:45:00,"Ruta Provincial 70","7.0",2,"Automóvil,Automóvil"," ",3,1,1,0,0,1,0,"-31.485880, -60.799650","Ruta",70,"COLONIA PUJOL","Las Colonias","Asfalto","Natural","XI","Dentro","Urbana","Marca Vial","No existe","Recta","Bueno","S/D","Nocturna","Buen Tiempo","Frontal","S/D","Colisión","Ninguna","S/D","Línea divisoria pintada","Sin restricción"
2017,3016,6/12/2017,"Lunes",0,18:30:00,,"0.0",2,"Moto/Ciclomotor,Automóvil","Av. Pte.Peron 2800",2,1,0,0,1,0,0,,"Calle",,"ROSARIO","Rosario","Asfalto","No existe","II","Dentro","Urbana","Ninguna","No existe","Recta","Bueno","Buena","Nocturna,Con luz artificial","Buen Tiempo","De alcance","S/D","Colisión","Ninguna","Faltante","Cordón divisorio","Sin restricción"
2017,3017,6/13/2017,"Martes",0,14:15:00,,"0.0",2,"Moto/Ciclomotor,Automóvil","Bv. Oroño Y Av. F.Solano Lopez",2,1,0,0,1,0,0,,"Calle",,"ROSARIO","Rosario","Asfalto","No existe","II","Dentro","Urbana","Ninguna","No existe","Rotonda","Bueno","Buena","Diurna","Buen Tiempo","Lateral","S/D","Colisión","Ninguna","Faltante","S/D","Sin restricción"
2017,3018,6/14/2017,"Miercoles",0,10:15:00,,"0.0",2,"Moto/Ciclomotor,Automóvil","Dorrego 2800",2,1,0,0,1,0,0,,"Calle",,"ROSARIO","Rosario","Asfalto","No existe","II","Dentro","Urbana","Ninguna","No existe","Recta","Bueno","Buena","Diurna","Buen Tiempo","Lateral","S/D","Colisión","Ninguna","Faltante","Ninguna","Sin restricción"
2017,3019,6/15/2017,"Jueves",0,16:45:00,,"0.0",2,"Moto/Ciclomotor,Automóvil","Av. Corrientes Y Cerrito",3,2,0,0,1,0,0,,"Calle",,"ROSARIO","Rosario","Asfalto","No existe","II","Dentro","Urbana","Señal Pare","No existe","Intersección","Resbaladiza","Buena","Diurna","Lluvia","Lateral","S/D","Colisión","Agua","Vertical","Ninguna","Sin restricción"
2017,3020,6/17/2017,"Sabado",0,16:00:00,,"0.0",2,"Automóvil,Moto/Ciclomotor","Av. F.Solano Lopez 2000",2,1,0,0,1,0,0,,"Calle",,"ROSARIO","Rosario","Asfalto","No existe","II","Dentro","Urbana","Ninguna","No existe","Rotonda","Bueno","Buena","Diurna","Buen Tiempo","Lateral","S/D","Colisión","Ninguna","Faltante","Ninguna","Sin restricción"
2017,3021,6/19/2017,"Lunes",0,1:45:00,,"0.0",1,"Taxi/Remis","Av. Dante Alighieri 2100",2,2,0,0,0,0,0,,"Calle",,"ROSARIO","Rosario","Asfalto","No existe","II","Dentro","Urbana","Ninguna","No existe","Curva","Bueno","Buena","Nocturna,Con luz artificial","Buen Tiempo","Contra objeto fijo","S/D","Colisión","Ninguna","Faltante","Cordón divisorio","Sin restricción"
2017,3022,6/19/2017,"Lunes",0,23:10:00,,"0.0",2,"Moto/Ciclomotor,Automóvil","Pueyrredon Y Bv. 27 De Febrero",2,1,0,0,1,0,0,,"Calle",,"ROSARIO","Rosario","Asfalto","No existe","II","Dentro","Urbana","Ninguna","No existe","Intersección","Bueno","Buena","Nocturna,Con luz artificial","Buen Tiempo","Lateral","S/D","Colisión","Ninguna","Faltante","Cordón divisorio","Sin restricción"
2017,3023,6/23/2017,"Viernes",0,22:30:00,,"0.0",2,"Moto/Ciclomotor,Automóvil","Sarmiento Y Galvez",2,0,1,0,1,0,0,,"Calle",,"ROSARIO","Rosario","Asfalto","No existe","II","Dentro","Urbana","Ninguna","No existe","Intersección","Bueno","Buena","Nocturna,Con luz artificial","Buen Tiempo","Lateral","S/D","Colisión","Ninguna","Faltante","Ninguna","Sin restricción"
2017,3024,6/25/2017,"Domingo",0,10:30:00,,"0.0",2,"Peatón,Automóvil","Cochabamba Y Av. Corrientes",2,1,0,0,1,0,0,,"Calle",,"ROSARIO","Rosario","Asfalto","No existe","II","Dentro","Urbana","Ninguna","No existe","Recta","Bueno","Buena","Diurna","Buen Tiempo","S/D","Peatón","Atropello","Ninguna","Faltante","Ninguna","Sin restricción"
2017,3025,6/2/2017,"Viernes",0,23:15:00,,"0.0",3,"Taxi/Remis,Automóvil,Moto/Ciclomotor","Bv. 27 De Febrero Y Laprida",4,1,0,0,3,0,0,,"Calle",,"ROSARIO","Rosario","Asfalto","No existe","II","Dentro","Urbana","S/D","S/D","Intersección","Bueno","Buena","Nocturna","Buen Tiempo","Múltiple","S/D","Colisión","Ninguna","Faltante","S/D","Sin restricción"
2017,3026,6/5/2017,"Lunes",0,15:45:00,,"0.0",2,"Automóvil,Bicicleta","J.M.de Rosas Y Riobamba",2,0,1,0,1,0,0,,"Calle",,"ROSARIO","Rosario","Asfalto","No existe","II","Dentro","Urbana","Ninguna","No existe","Intersección","Bueno","Buena","Diurna","Buen Tiempo","S/D","Ciclista","Atropello","Ninguna","S/D","S/D","Sin restricción"
2017,3027,6/8/2017,"Jueves",0,19:45:00,,"0.0",2,"Vehículo Oficial,Peatón","L.N.Alem 2050",2,0,1,0,1,0,0,,"Calle",,"ROSARIO","Rosario","S/D","No existe","II","Dentro","Urbana","Ninguna","No existe","Recta","Bueno","Buena","Atardecer,Con luz artificial","Buen Tiempo","S/D","Peatón","Atropello","Ninguna","Faltante","Ninguna","Sin restricción"
2017,3028,6/14/2017,"Miercoles",0,14:50:00,,"0.0",2,"Moto/Ciclomotor,Moto/Ciclomotor","Viamonte Y Esmeralda",5,3,0,0,2,0,0,,"Calle",,"ROSARIO","Rosario","Asfalto","No existe","II","Dentro","Urbana","Ninguna","No existe","Recta","Bueno","Buena","Diurna","Buen Tiempo","S/D","S/D","Colisión","Ninguna","Vertical","S/D","Sin restricción"
2017,3029,1/16/2017,"Lunes",0,2:15:00,"Ruta Provincial 2","12.0",1,"Moto/Ciclomotor"," ",1,0,0,0,0,1,0,"-31.44705, -60.6707","Ruta",2,"MONTE VERA","La Capital","Asfalto","Natural","I","Fuera","S/D","S/D","S/D","S/D","S/D","S/D","Nocturna","S/D","S/D","S/D","S/D","S/D","S/D","S/D","S/D"