"anio_acci","nro_acci","fecha","desc_dia","fecha_aprox","hora_aprox","desc_ruta","km","cant_participantes","desc_participante","calle_avenida_km","total","heridos_leves","heridos_graves","heridos_gravisimos","ilesos","fallecidos","sin_datos","posicion_XY","desc_tipo_via","desc_ruta_ori","desc_loc","desc_dpto","desc_tipo_calzada","desc_tipo_banquina","desc_unidad_regional","desc_lugar_calzada","desc_zona","desc_prioridad","desc_estado_semaforo","desc_lugar_via","desc_estado_via","desc_estado_visibilidad","desc_luminosidad","desc_estado_clima","desc_tipo_colision","desc_tipo_atropello","desc_tipo_hecho","desc_pres_calzada","desc_senializacion","desc_separacion_via","desc_restriccion"
2017,3030,1/29/2017,"Domingo",0,6:10:00,"Ruta Provincial 13","73.0",1,"Automóvil"," ",5,2,1,0,0,2,0,"-31.87788, -61.84115","Ruta",13,"SAN JORGE","San Martín","Hormigón","Natural","XVIII","Fuera","Rural","S/D","S/D","Recta","Bueno","S/D","Amanecer","S/D","Contra objeto fijo","S/D","Colisión,Vuelco,Despiste","S/D","Horizontal","Línea divisoria pintada","S/D"
2017,3031,2/19/2017,"Domingo",0,7:20:00,"Ruta Provincial 90","0.0",2,"Camión c / Semirremolque,Pickup/Utilitario"," ",2,1,0,0,0,1,0,"-33.550233, -61.117845","Ruta",90,"ALCORTA","Constitución","Asfalto","Natural","VI","Dentro","Rural","Ninguna","No existe","Recta","Resbaladiza","Reducida","Amanecer","Niebla","Frontal","S/D","Colisión","Agua","Faltante","Ninguna","Sin restricción"
2017,3032,6/16/2017,"Viernes",0,14:05:00,,"0.0",2,"Automóvil,Moto/Ciclomotor","Galvez Y Colon",3,2,0,0,1,0,0,,"Calle",,"ROSARIO","Rosario","Asfalto","No existe","II","Dentro","Urbana","Ninguna","No existe","Intersección","Bueno","Buena","Diurna","Buen Tiempo","Lateral","S/D","Colisión","Ninguna","S/D","Ninguna","Sin restricción"
2017,3033,6/18/2017,"Domingo",0,15:32:00,,"0.0",2,"Ambulancia,Automóvil","Buenos Aires Y Pasco",2,1,0,0,1,0,0,,"Calle",,"ROSARIO","Rosario","Asfalto","No existe","II","Dentro","Urbana","Ninguna","No existe","Intersección","Bueno","Buena","Diurna","Buen Tiempo","Lateral","S/D","Colisión","Ninguna","S/D","Ninguna","S/D"
2017,3034,6/28/2017,"Miercoles",0,5:30:00,,"0.0",2,"Taxi/Remis,Automóvil","Necochea Y Bv. 27 De Febrero",2,1,0,0,1,0,0,,"Avenida",,"ROSARIO","Rosario","Asfalto","No existe","II","Dentro","Urbana","Ninguna","No existe","Intersección","Bueno","Buena","Nocturna","Buen Tiempo","Lateral","S/D","Colisión","Ninguna","S/D","Ninguna","Sin restricción"
2017,3035,6/28/2017,"Miercoles",0,16:10:00,,"0.0",2,"Moto/Ciclomotor,Automóvil","Colon Y Cochabamba",2,1,0,0,1,0,0,,"Calle",,"ROSARIO","Rosario","Asfalto","No existe","II","Dentro","Urbana","Ninguna","No existe","Intersección","Bueno","Buena","Diurna","Buen Tiempo","Lateral","S/D","Colisión","Ninguna","S/D","Ninguna","Sin restricción"
2017,3036,6/22/2017,"Jueves",0,7:05:00,,"0.0",2,"Bicicleta,Automóvil","Ayacucho Y Centenario",2,1,0,0,1,0,0,,"Calle",,"ROSARIO","Rosario","Asfalto","S/D","II","Dentro","Urbana","Ninguna","No existe","Intersección","Bueno","Buena","Diurna","Buen Tiempo","S/D","Ciclista","Atropello","Ninguna","Faltante","Ninguna","S/D"
2017,3037,6/12/2017,"Lunes",0,13:00:00,,"0.0",2,"Automóvil,Pickup/Utilitario","Av. Circunvalacion Y Av. Ntra.Sra.del Rosario",2,1,0,0,1,0,0,,"Avenida",,"ROSARIO","Rosario","Asfalto","No existe","II","Dentro","Urbana","Ninguna","No existe","Intersección","Bueno","Buena","Diurna","Buen Tiempo","Lateral","S/D","Colisión","Ninguna","Faltante","Ninguna","Sin restricción"
2017,3038,6/6/2017,"Martes",0,7:30:00,,"0.0",1,"Moto/Ciclomotor","Av. Circunvalacion Y ",1,1,0,0,0,0,0,,"Avenida",,"ROSARIO","Rosario","Asfalto","No existe","II","Dentro","Urbana","Ninguna","No existe","Recta","Bueno","Buena","Diurna","Buen Tiempo","S/D","S/D","Caída ocupante","Ninguna","Faltante","Ninguna","Sin restricción"
2017,3039,6/29/2017,"Jueves",0,13:25:00,,"0.0",2,"Automóvil,Automóvil","Anchorena Y Gral. J.M.Paz",2,1,0,0,1,0,0,,"Calle",,"ROSARIO","Rosario","Asfalto","No existe","II","Dentro","Urbana","Ninguna","No existe","Intersección","Bueno","Buena","Diurna","Buen Tiempo","Lateral","S/D","Colisión","Ninguna","Faltante","Ninguna","Sin restricción"
2017,3040,1/18/2017,"Miercoles",0,,,"0.0",2,"Automóvil,Vehículo Oficial","Darragueira Y Matheu",4,2,0,0,2,0,0,,"Calle",,"ROSARIO","Rosario","S/D","S/D","II","Dentro","Urbana","S/D","S/D","Intersección","S/D","S/D","Diurna","S/D","S/D","S/D","Colisión","S/D","S/D","S/D","S/D"
2017,3041,1/18/2017,"Miercoles",0,,"Ruta Secundaria 40-s","0.0",2,"Automóvil,Moto/Ciclomotor","Calle 88 ",3,1,0,0,2,0,0,,"Ruta","40-s","RECONQUISTA","General Obligado","S/D","S/D","IX","Dentro","Urbana","S/D","S/D","Intersección","S/D","S/D","Diurna","S/D","S/D","S/D","Colisión","S/D","S/D","S/D","S/D"
2017,3042,1/20/2017,"Viernes",0,,,"0.0",1,"Moto/Ciclomotor"," ",1,1,0,0,0,0,0,,"S/D",,"GÁLVEZ","San Jerónimo","S/D","S/D","XV","S/D","S/D","S/D","S/D","S/D","S/D","S/D","S/D","S/D","S/D","S/D","Caída ocupante","S/D","S/D","S/D","S/D"
2017,3043,1/20/2017,"Viernes",0,,,"0.0",2,"Automóvil,Bicicleta","Av. Pellegrini 4200",2,1,0,0,1,0,0,,"Calle",,"ROSARIO","Rosario","S/D","S/D","II","Dentro","Urbana","S/D","S/D","S/D","S/D","S/D","S/D","S/D","S/D","Ciclista","Atropello","S/D","S/D","S/D","S/D"
2017,3044,1/21/2017,"Sabado",0,,,"0.0",2,"Automóvil,Bicicleta","La Paz Y Av. Provincias Unidas",2,1,0,0,1,0,0,,"Calle",,"ROSARIO","Rosario","S/D","S/D","II","Dentro","Urbana","S/D","S/D","Intersección","S/D","S/D","S/D","S/D","S/D","Ciclista","Atropello","S/D","S/D","S/D","S/D"
2017,3045,1/21/2017,"Sabado",0,,,"0.0",2,"Peatón,Camión c / Acoplado"," ",2,1,0,0,1,0,0,,"S/D",,"MAGGIOLO","General López","S/D","S/D","VIII","S/D","S/D","S/D","S/D","S/D","S/D","S/D","S/D","S/D","S/D","Peatón","Atropello","S/D","S/D","S/D","S/D"
2017,3046,1/23/2017,"Lunes",0,21:35:00,,"0.0",2,"Moto/Ciclomotor,Automóvil"," ",4,2,0,0,2,0,0,,"Calle",,"SANTA FE","La Capital","S/D","S/D","I","Dentro","Urbana","S/D","S/D","S/D","S/D","S/D","Nocturna","S/D","S/D","S/D","Colisión","S/D","S/D","S/D","S/D"
2017,3048,1/24/2017,"Martes",0,,,"0.0",2,"Camión,Bicicleta"," ",2,1,0,0,1,0,0,,"Calle",,"CASILDA","Caseros","S/D","S/D","IV","Dentro","Urbana","S/D","S/D","S/D","S/D","S/D","S/D","S/D","S/D","Ciclista","Atropello","S/D","S/D","S/D","S/D"
2017,3049,1/24/2017,"Martes",0,14:00:00,,"0.0",1,"Automóvil","Av. Ovidio Lagos 4350",1,1,0,0,0,0,0,,"Calle",,"ROSARIO","Rosario","S/D","S/D","II","Dentro","Urbana","S/D","S/D","S/D","S/D","S/D","Diurna","S/D","Contra objeto fijo","S/D","Colisión","S/D","S/D","S/D","S/D"
2017,3050,1/25/2017,"Miercoles",0,,,"0.0",2,"Automóvil,Cuatriciclo","Pavon Y Sanchez de Bustamante",2,1,0,0,1,0,0,,"Calle",,"ROSARIO","Rosario","S/D","S/D","II","Dentro","Urbana","S/D","S/D","S/D","S/D","S/D","S/D","S/D","S/D","S/D","Colisión","S/D","S/D","S/D","S/D"
2017,3051,1/25/2017,"Miercoles",0,,,"0.0",2,"Pickup/Utilitario,Moto/Ciclomotor","Bv. Avellaneda Y Bv. Segui",2,1,0,0,1,0,0,,"Calle",,"ROSARIO","Rosario","S/D","S/D","II","Dentro","Urbana","S/D","S/D","S/D","S/D","S/D","S/D","S/D","S/D","S/D","Colisión","S/D","S/D","S/D","S/D"
2017,3052,1/25/2017,"Miercoles",0,,"Ruta Nacional 34","0.0",2,"Moto/Ciclomotor,Camión c / Acoplado","Carlos Pellegrini ",2,1,0,0,1,0,0,,"Ruta",34,"RAFAELA","Castellanos","S/D","S/D","V","Dentro","Urbana","S/D","S/D","S/D","S/D","S/D","S/D","S/D","S/D","S/D","Colisión","S/D","S/D","S/D","S/D"
2017,3053,1/24/2017,"Martes",0,19:00:00,,"0.0",2,"Automóvil,Moto/Ciclomotor","San Juan Y San Jose",2,1,0,0,1,0,0,,"Calle",,"GÁLVEZ","San Jerónimo","S/D","S/D","XV","Dentro","Urbana","S/D","S/D","S/D","S/D","S/D","Diurna","S/D","S/D","S/D","Colisión","S/D","S/D","S/D","S/D"
2017,3054,1/29/2017,"Domingo",0,,,"0.0",2,"Moto/Ciclomotor,Camión","Corrientes Y Gral Urquiza",3,0,1,0,2,0,0,,"Calle",,"GÁLVEZ","San Jerónimo","S/D","S/D","XV","Dentro","Urbana","S/D","S/D","S/D","S/D","S/D","S/D","S/D","S/D","S/D","Colisión","S/D","S/D","S/D","S/D"
2017,3055,1/31/2017,"Martes",0,,,"0.0",3,"Camión,Camión,Pickup/Utilitario","España Y Av. Circunvalacion",3,1,0,0,2,0,0,,"Calle",,"ROSARIO","Rosario","S/D","S/D","II","Dentro","Urbana","S/D","S/D","Intersección","S/D","S/D","S/D","S/D","Múltiple","S/D","Colisión","S/D","S/D","S/D","S/D"
2017,3056,6/23/2017,"Viernes",0,11:00:00,,"0.0",2,"Moto/Ciclomotor,Automóvil","Grandoli Y Av. Uriburu",2,1,0,0,1,0,0,,"Calle",,"ROSARIO","Rosario","Asfalto","No existe","II","Dentro","Urbana","Ninguna","Funciona","Intersección","Bueno","Buena","Diurna","Buen Tiempo","Lateral","S/D","Colisión","Ninguna","Vertical","Barrera de hormigón","Sin restricción"
2017,3057,1/31/2017,"Martes",0,,,"0.0",2,"Automóvil,Moto/Ciclomotor"," ",3,2,0,0,1,0,0,,"S/D",,"VILLA GOBERNADOR GÁLVEZ","Rosario","S/D","S/D","II","S/D","S/D","S/D","S/D","S/D","S/D","S/D","S/D","S/D","S/D","S/D","Colisión","S/D","S/D","S/D","S/D"
2017,3058,1/1/2017,"Domingo",0,0:20:00,,"0.0",2,"Automóvil,Automóvil","Av Pte Peron Y Iturraspe",4,3,0,0,1,0,0,,"Calle",,"SANTA FE","La Capital","S/D","S/D","I","Dentro","Urbana","S/D","S/D","S/D","S/D","S/D","Nocturna","S/D","S/D","S/D","Colisión","S/D","S/D","S/D","S/D"
2017,3059,6/13/2017,"Martes",0,11:30:00,,"0.0",2,"Moto/Ciclomotor,Automóvil","Ayacucho Y San Juan",2,1,0,0,1,0,0,,"Calle",,"ROSARIO","Rosario","Asfalto","S/D","II","Dentro","Urbana","S/D","S/D","Recta","Bueno","Buena","Diurna","S/D","S/D","S/D","Colisión","S/D","S/D","Cordón divisorio","S/D"
2017,3060,6/4/2017,"Domingo",0,16:00:00,,"0.0",2,"Automóvil,Taxi/Remis","Laprida Y Av. Pellegrini",2,1,0,0,1,0,0,,"Calle",,"ROSARIO","Rosario","Asfalto","S/D","II","Dentro","Urbana","S/D","S/D","Intersección","Bueno","Buena","Diurna","S/D","Lateral","S/D","Colisión","S/D","S/D","Cordón divisorio","S/D"
2017,3061,1/2/2017,"Lunes",0,13:00:00,"Ruta Nacional A007","0.0",1,"Automóvil","Av Circunvalación Y Mendoza",2,1,0,0,1,0,0,,"Ruta","A007","SANTA FE","La Capital","S/D","S/D","I","Dentro","Urbana","S/D","S/D","S/D","S/D","S/D","Diurna","S/D","Contra objeto fijo","S/D","Colisión","S/D","S/D","S/D","S/D"
2017,3062,1/5/2017,"Jueves",0,12:15:00,"Ruta Nacional 34","0.0",2,"Otros,Camión c / Acoplado"," ",2,1,0,0,1,0,0,,"Ruta",34,"ECHEVERRÍA","San Lorenzo","S/D","S/D","XVII","Dentro","Rural","S/D","S/D","Cruce","S/D","S/D","Diurna","S/D","S/D","S/D","Colisión","S/D","S/D","S/D","S/D"
2017,3063,1/14/2017,"Sabado",0,23:20:00,"Autopista Provincial Brigadier E.López","4.0",1,"Transporte de Pasajeros Urbano (> 8 asientos)"," ",1,1,0,0,0,0,0,,"Autopista","Brigadier E.López","GRANADERO BAIGORRIA","Rosario","S/D","S/D","II","Dentro","Urbana","S/D","S/D","S/D","S/D","S/D","Nocturna","S/D","Contra objeto fijo","S/D","Colisión","S/D","S/D","S/D","S/D"
2017,3064,1/16/2017,"Lunes",0,17:00:00,"Ruta Nacional 19","47.0",1,"Automóvil"," ",4,2,0,0,2,0,0,,"Ruta",19,"SAN JERÓNIMO DEL SAUCE","Las Colonias","S/D","S/D","XI","Dentro","Rural","S/D","S/D","Recta","S/D","S/D","Diurna","S/D","S/D","S/D","Vuelco","S/D","S/D","S/D","S/D"
2017,3065,1/16/2017,"Lunes",0,6:30:00,"Ruta Provincial 1","0.0",1,"Moto/Ciclomotor"," ",1,1,0,0,0,0,0,,"Ruta",1,"SAN JAVIER","San Javier","S/D","S/D","XVI","Dentro","Rural","S/D","S/D","Cruce","S/D","S/D","Amanecer","S/D","S/D","S/D","Caída ocupante","S/D","S/D","S/D","S/D"
2017,3066,1/21/2017,"Sabado",0,19:30:00,"Autopista Nacional A007","0.0",2,"Automóvil,Automóvil","Av Circunvalación ",2,2,0,0,0,0,0,,"Autopista","A007","SANTA FE","La Capital","S/D","S/D","I","Dentro","Urbana","S/D","S/D","Recta","S/D","S/D","Diurna","S/D","S/D","S/D","Colisión","S/D","S/D","S/D","S/D"
2017,3067,2/21/2017,"Martes",0,18:40:00,,"0.0",2,"Pickup/Utilitario,Vehículo Oficial","Av Blas Parera Y Lavaisse",2,0,0,0,0,1,1,"-31.60847, -60.7193","Avenida",,"SANTA FE","La Capital","Asfalto,Hormigón","No existe","I","Dentro","Urbana","Semáforo","Funciona","Intersección","Ahuellamiento,Otro","Buena","Atardecer","Buen Tiempo","Lateral","S/D","Colisión","Otro","Horizontal,Vertical","Cordón divisorio","Reparación de Vía"
2017,3068,2/25/2017,"Sabado",0,11:00:00,"Ruta Nacional 11","414.0",1,"Pickup/Utilitario"," ",2,1,0,0,0,1,0,"-32.04766, -60.94442","Ruta",11,"CORONDA","San Jerónimo","Asfalto","Natural","XV","S/D","Rural","Ninguna","No existe","Recta","Bueno","Buena","Diurna","Buen Tiempo","S/D","S/D","Vuelco","Ninguna","S/D","Vegetación","Sin restricción"
2017,3069,2/25/2017,"Sabado",0,1:50:00,"Ruta Provincial 10","0.0",2,"Moto/Ciclomotor,Automóvil","RP 10 ACCESO A LA LOCALIDAD ",2,0,1,0,0,1,0,"-31.42544, -61.25616","Ruta",10,"PILAR","Las Colonias","Asfalto","Ripio","XI","Dentro","Rural","Ninguna","No existe","Recta","Bueno","Buena","Nocturna,Con luz artificial","Buen Tiempo","Frontal","S/D","Colisión","Ninguna","Faltante","Ninguna","Sin restricción"
2017,3070,2/25/2017,"Sabado",0,3:05:00,"Ruta Nacional 178","174.0",3,"Automóvil,Automóvil,Transporte de Pasajeros Larga Distancia (Doble Piso)"," ",46,0,0,0,40,6,0,"-32.71856, -61.53036","Ruta",178,"LAS PAREJAS","Belgrano","Asfalto,Tierra","Natural","III","Fuera","Rural","Ninguna","No existe","Recta","Bueno","Buena","Nocturna","Buen Tiempo","Múltiple","S/D","Colisión","Ninguna","Horizontal","Línea divisoria pintada","Sin restricción"
2017,3071,6/30/2017,"Viernes",0,4:30:00,,"0.0",2,"Transporte de Pasajeros Urbano (> 8 asientos),Automóvil","San Juan Y Paraguay",7,1,0,0,6,0,0,,"Calle",,"ROSARIO","Rosario","Asfalto","Pavimento","II","Dentro","Urbana","Semáforo","Funciona","Intersección","Bueno","Buena","Nocturna","Buen Tiempo","Múltiple","S/D","Colisión","Ninguna","Vertical","Cordón divisorio","Sin restricción"
2017,3072,6/29/2017,"Jueves",0,22:23:00,,"0.0",2,"Camión Chasis,Bicicleta","Mendoza Y Maipu",2,0,1,0,1,0,0,,"Calle",,"ROSARIO","Rosario","Asfalto","S/D","II","Dentro","Urbana","S/D","S/D","Intersección","Bueno","S/D","Nocturna","Buen Tiempo","S/D","Ciclista","Atropello","Ninguna","Vertical","Cordón divisorio","S/D"
2017,3073,6/29/2017,"Jueves",0,22:45:00,,"0.0",2,"Automóvil,Moto/Ciclomotor","España 824",2,1,0,0,1,0,0,,"Calle",,"ROSARIO","Rosario","Asfalto","S/D","II","Dentro","Urbana","Ninguna","S/D","Recta","Bueno","S/D","Nocturna","Buen Tiempo","Lateral","S/D","Colisión","Ninguna","Horizontal","Cordón divisorio","Sin restricción"
2017,3074,6/30/2017,"Viernes",0,17:30:00,,"0.0",2,"Automóvil,Automóvil","Entre Rios 1200",5,1,0,0,4,0,0,,"Calle",,"ROSARIO","Rosario","Asfalto","No existe","II","Dentro","Urbana","Marca Vial","No existe","Recta","Bueno","Buena","Diurna","Buen Tiempo","Lateral","S/D","Colisión","Ninguna","Horizontal","Cordón divisorio","Sin restricción"
2017,3075,1/29/2017,"Domingo",0,22:00:00,,"0.0",2,"Bicicleta,Pickup/Utilitario","Av. Eva Peron Y Matienzo",2,0,0,0,0,1,1,"-32.936252, -60.694875","Calle",,"ROSARIO","Rosario","Asfalto","No existe","II","S/D","Urbana","Semáforo","S/D","Intersección","Bueno","S/D","Nocturna","S/D","S/D","Ciclista","Atropello","S/D","Horizontal,Vertical","Cordón divisorio","S/D"
2017,3076,6/29/2017,"Jueves",0,18:20:00,,"0.0",2,"Automóvil,Moto/Ciclomotor","Av. Belgrano Y 3 De Febrero",2,2,0,0,0,0,0,,"Calle",,"ROSARIO","Rosario","Asfalto","Pavimento","II","Dentro","Urbana","Ninguna","S/D","Recta","Bueno","Buena","Diurna","Buen Tiempo","Lateral","S/D","Colisión","Ninguna","Horizontal","Cordón divisorio,Línea divisoria pintada","Sin restricción"
2017,3077,6/29/2017,"Jueves",0,18:40:00,,"0.0",2,"Automóvil,Taxi/Remis","San Juan Y Maipu",3,2,0,0,1,0,0,,"Calle",,"ROSARIO","Rosario","Asfalto","Pavimento","II","Dentro","Urbana","Semáforo","Funciona","Intersección","Bueno","Buena","Diurna","Buen Tiempo","Lateral","S/D","Colisión","Ninguna","Vertical","Cordón divisorio","S/D"
2017,3078,1/24/2017,"Martes",0,8:20:00,"Ruta Nacional 8","387.0",1,"Moto/Ciclomotor"," ",2,1,0,0,1,0,0,,"Ruta",8,"MAGGIOLO","General López","S/D","S/D","VIII","Dentro","Rural","S/D","S/D","Recta","S/D","S/D","Diurna","S/D","S/D","S/D","Caída ocupante","S/D","S/D","S/D","S/D"
2017,3079,1/29/2017,"Domingo",0,,"Autopista Provincial Brigadier E.López","73.0",1,"Automóvil"," ",4,4,0,0,0,0,0,,"Autopista","Brigadier E.López","BARRANCAS","San Jerónimo","S/D","S/D","XV","Dentro","Rural","S/D","S/D","Recta","S/D","S/D","S/D","S/D","S/D","S/D","Despiste","S/D","S/D","S/D","S/D"
2017,3080,1/31/2017,"Martes",0,1:00:00,"Autopista Provincial Brigadier E.López","88.0",3,"Camión c / Acoplado,Automóvil,Automóvil"," ",6,5,0,0,1,0,0,,"Autopista","Brigadier E.López","SAN FABIÁN","San Jerónimo","S/D","S/D","XV","Dentro","Rural","S/D","S/D","Recta","S/D","S/D","Nocturna","S/D","Múltiple","S/D","Colisión","S/D","S/D","S/D","S/D"
2017,3081,1/3/2017,"Martes",0,22:00:00,"Ruta Nacional 8","383.0",1,"Automóvil"," ",4,1,0,0,3,0,0,,"Ruta",8,"MAGGIOLO","General López","S/D","S/D","VIII","Dentro","Urbana","Ninguna","S/D","S/D","S/D","S/D","Nocturna","S/D","Atropello animal","S/D","Colisión","S/D","S/D","S/D","S/D"
2017,3082,1/4/2017,"Miercoles",0,19:00:00,,"0.0",2,"Moto/Ciclomotor,Moto/Ciclomotor","Nicasio Oroño Y Corrientes",3,3,0,0,0,0,0,,"Calle",,"CAÑADA DE GÓMEZ","Iriondo","S/D","S/D","X","Dentro","Urbana","S/D","S/D","Intersección","S/D","S/D","Atardecer","S/D","S/D","S/D","Colisión","S/D","S/D","S/D","S/D"
2017,3083,1/5/2017,"Jueves",0,21:15:00,,"0.0",2,"Automóvil,Moto/Ciclomotor","Calle 13-Iturraspe Y Calle 28-San lorenzo",3,2,0,0,1,0,0,,"Calle",,"RECONQUISTA","General Obligado","S/D","S/D","IX","Dentro","Urbana","S/D","S/D","Intersección","S/D","S/D","Nocturna","S/D","S/D","S/D","Colisión","S/D","S/D","S/D","S/D"
2017,3084,1/5/2017,"Jueves",0,19:30:00,,"0.0",2,"Automóvil,Moto/Ciclomotor","Calle 22- 25 de Mayo Y Calle 9-Mariano Moreno",2,1,0,0,1,0,0,,"Calle",,"RECONQUISTA","General Obligado","S/D","S/D","IX","Dentro","Urbana","S/D","S/D","Intersección","S/D","S/D","Atardecer","S/D","S/D","S/D","Colisión","S/D","S/D","S/D","S/D"
2017,3085,1/6/2017,"Viernes",0,23:00:00,,"0.0",2,"Pickup/Utilitario,Moto/Ciclomotor","Maipu Y Bv. Balcarce",3,2,0,0,1,0,0,,"Calle",,"CAÑADA DE GÓMEZ","Iriondo","S/D","S/D","X","Dentro","Urbana","S/D","S/D","Intersección","S/D","S/D","Nocturna","S/D","S/D","S/D","Colisión","S/D","S/D","S/D","S/D"
2017,3086,1/8/2017,"Domingo",0,7:16:00,,"0.0",1,"Automóvil","Mariano Moreno Y 25 de Mayo",2,1,0,0,1,0,0,,"Calle",,"VENADO TUERTO","General López","S/D","S/D","VIII","Dentro","Urbana","S/D","S/D","Intersección","S/D","S/D","Diurna","S/D","Contra objeto fijo","S/D","Colisión","S/D","S/D","S/D","S/D"
2017,3087,6/26/2017,"Lunes",0,22:00:00,,"0.0",2,"Automóvil,Moto/Ciclomotor","3 De Febrero 2000",2,1,0,0,1,0,0,,"Calle",,"ROSARIO","Rosario","Asfalto","Pavimento","II","Dentro","Urbana","Marca Vial","No existe","Intersección","Bueno","Buena","Nocturna","Buen Tiempo","Lateral","S/D","Colisión","Ninguna","Horizontal","Cordón divisorio","Sin restricción"
2017,3088,6/26/2017,"Lunes",0,15:00:00,,"0.0",2,"Automóvil,Bicicleta","3 De Febrero Y Sarmiento",2,1,0,0,1,0,0,,"Calle",,"ROSARIO","Rosario","Asfalto","Pavimento","II","Dentro","Urbana","Semáforo","Funciona","Intersección","Bueno","Buena","Diurna","Buen Tiempo","S/D","Ciclista","Atropello","Ninguna","Vertical","Cordón divisorio","Sin restricción"
2017,3089,1/8/2017,"Domingo",0,23:35:00,,"0.0",2,"Automóvil,Moto/Ciclomotor","Calle 22- 25 de Mayo Y Calle 31-Newbery",3,2,0,0,1,0,0,,"Calle",,"RECONQUISTA","General Obligado","S/D","S/D","IX","Dentro","Urbana","S/D","S/D","Intersección","S/D","S/D","Nocturna","S/D","S/D","S/D","Colisión","S/D","S/D","S/D","S/D"
2017,3090,1/9/2017,"Lunes",0,7:35:00,,"0.0",2,"Automóvil,Moto/Ciclomotor","Uruguay Y Calle 102",2,1,0,0,1,0,0,,"Calle",,"VENADO TUERTO","General López","S/D","S/D","VIII","Dentro","Urbana","S/D","S/D","Recta","S/D","S/D","Diurna","S/D","S/D","S/D","Colisión","S/D","S/D","S/D","S/D"
2017,3091,1/9/2017,"Lunes",0,11:50:00,,"0.0",2,"Moto/Ciclomotor,Automóvil","Chacabuco 200",2,1,0,0,1,0,0,,"Calle",,"CAÑADA DE GÓMEZ","Iriondo","S/D","S/D","X","Dentro","Urbana","S/D","S/D","S/D","S/D","S/D","Diurna","S/D","S/D","S/D","Colisión","S/D","S/D","S/D","S/D"
2017,3092,1/7/2017,"Sabado",0,12:30:00,,"0.0",2,"Automóvil,Automóvil","Necochea Y Maipu",2,2,0,0,0,0,0,,"Calle",,"CAÑADA DE GÓMEZ","Iriondo","S/D","S/D","X","Dentro","Urbana","S/D","S/D","S/D","S/D","S/D","Diurna","S/D","S/D","S/D","Colisión","S/D","S/D","S/D","S/D"
2017,3093,1/9/2017,"Lunes",0,10:30:00,"Ruta Nacional 9","0.0",1,"Moto/Ciclomotor","Alvear ",1,1,0,0,0,0,0,,"Ruta",9,"CAÑADA DE GÓMEZ","Iriondo","S/D","S/D","X","Dentro","Urbana","S/D","S/D","Intersección","S/D","S/D","Diurna","S/D","S/D","S/D","Caída ocupante","S/D","S/D","S/D","S/D"
2017,3094,1/9/2017,"Lunes",0,18:00:00,"Ruta Nacional 11","856.0",2,"Automóvil,Pickup/Utilitario"," ",4,1,0,0,3,0,0,,"Ruta",11,"EL SOMBRERITO","General Obligado","S/D","S/D","IX","Dentro","Urbana","S/D","S/D","S/D","S/D","S/D","Diurna","S/D","S/D","S/D","Colisión","S/D","S/D","S/D","S/D"
2017,3095,1/9/2017,"Lunes",0,12:00:00,,"0.0",2,"Moto/Ciclomotor,Automóvil","Calle 24 - Olessio Y Calle 45-Islas Georgias del S",2,1,0,0,1,0,0,,"Calle",,"RECONQUISTA","General Obligado","S/D","S/D","IX","Dentro","Urbana","S/D","S/D","Intersección","S/D","S/D","Diurna","S/D","S/D","S/D","Colisión","S/D","S/D","S/D","S/D"
2017,3096,2/25/2017,"Sabado",0,3:15:00,,"0.0",2,"Moto/Ciclomotor,Moto/Ciclomotor","Av Roque Saenz Peña Y San Luis",3,2,0,0,0,1,0,"-32.36936, -61.35476","Avenida",,"SAN GENARO","San Jerónimo","Asfalto","No existe","XV","Dentro","Urbana","Ninguna","No existe","Intersección","Bueno","Buena","Nocturna","Buen Tiempo","S/D","S/D","Colisión","Ninguna","Faltante","Ninguna","Sin restricción"
2017,3097,2/26/2017,"Domingo",0,6:40:00,,"0.0",1,"Moto/Ciclomotor","Pueyrredon Y Pje. Colegiales",2,1,0,0,0,1,0,"-32.986520, -60.668376","Calle",,"ROSARIO","Rosario","Asfalto","No existe","II","Dentro","Urbana","Ninguna","No existe","Recta","Bueno","Buena","Diurna","Buen Tiempo","Contra objeto fijo","S/D","Colisión","Ninguna","Faltante","Ninguna","Sin restricción"
2017,3098,2/26/2017,"Domingo",0,6:50:00,,"0.0",2,"Automóvil,Moto/Ciclomotor","Caseros 1330",6,0,0,0,0,2,4,"-30.30846, -61.23315","Calle",,"SAN CRISTÓBAL","San Cristóbal","Asfalto","S/D","XIII","Dentro","Urbana","S/D","No existe","Recta","Bueno","Buena","Amanecer","Buen Tiempo","Frontal","S/D","Colisión","S/D","S/D","S/D","S/D"
2017,3099,2/27/2017,"Lunes",0,6:45:00,"Ruta Nacional 11","609.0",2,"Camión Chasis,Automóvil"," ",4,1,0,0,0,3,0,"-30.45142, -60.43123","Ruta",11,"SILVA","San Justo","Asfalto","Natural","XVI","Dentro","Urbana","Marca Vial","No existe","Curva","Bueno","Buena","Diurna","Buen Tiempo","Frontal","S/D","Colisión","Ninguna","S/D","Línea divisoria pintada","Sin restricción"
2017,3101,6/24/2017,"Sabado",0,22:00:00,,"0.0",2,"Moto/Ciclomotor,Automóvil","Balcarce Y Montevideo",2,1,0,0,1,0,0,,"Calle",,"ROSARIO","Rosario","Asfalto","Pavimento","II","Dentro","Urbana","Ninguna","No existe","Intersección","Bueno","Buena","Nocturna","Buen Tiempo","Lateral","S/D","Colisión","Ninguna","Horizontal","Cordón divisorio","Sin restricción"
2017,3102,6/22/2017,"Jueves",0,10:30:00,,"0.0",2,"Taxi/Remis,Moto/Ciclomotor","Laprida Y 3 De Febrero",3,2,0,0,1,0,0,,"Calle",,"ROSARIO","Rosario","Asfalto","Pavimento","II","Dentro","Urbana","Semáforo","Funciona","Intersección","Bueno","Buena","Diurna","Buen Tiempo","Lateral","S/D","Colisión","Ninguna","Vertical","Cordón divisorio","Sin restricción"
2017,3103,6/21/2017,"Miercoles",0,10:30:00,,"0.0",2,"Moto/Ciclomotor,Peatón","Mitre 1300",2,1,0,0,1,0,0,,"Calle",,"ROSARIO","Rosario","Asfalto","Pavimento","II","Dentro","Urbana","Ninguna","S/D","Recta","Bueno","Buena","Diurna","Buen Tiempo","S/D","Peatón","Atropello","S/D","Horizontal","Cordón divisorio","Sin restricción"