"anio_acci","nro_acci","fecha","desc_dia","fecha_aprox","hora_aprox","desc_ruta","km","cant_participantes","desc_participante","calle_avenida_km","total","heridos_leves","heridos_graves","heridos_gravisimos","ilesos","fallecidos","sin_datos","posicion_XY","desc_tipo_via","desc_ruta_ori","desc_loc","desc_dpto","desc_tipo_calzada","desc_tipo_banquina","desc_unidad_regional","desc_lugar_calzada","desc_zona","desc_prioridad","desc_estado_semaforo","desc_lugar_via","desc_estado_via","desc_estado_visibilidad","desc_luminosidad","desc_estado_clima","desc_tipo_colision","desc_tipo_atropello","desc_tipo_hecho","desc_pres_calzada","desc_senializacion","desc_separacion_via","desc_restriccion"
2017,3104,6/22/2017,"Jueves",0,22:00:00,,"0.0",2,"Taxi/Remis,Moto/Ciclomotor","San Luis Y Bv. Oroño",3,2,0,0,1,0,0,,"Calle",,"ROSARIO","Rosario","Asfalto","Pavimento","II","Dentro","Urbana","Ninguna","Funciona","Intersección","Bueno","Buena","Diurna","Buen Tiempo","Lateral","S/D","Colisión","S/D","Vertical","Ninguna","Sin restricción"
2017,3105,6/22/2017,"Jueves",0,12:19:00,,"0.0",2,"Transporte de Pasajeros Urbano (> 8 asientos),Peatón","Alberdi Y Av. Genova",2,1,0,0,0,0,1,,"Calle",,"ROSARIO","Rosario","Asfalto","Pavimento","II","Dentro","Urbana","Semáforo","Funciona","Intersección","Bueno","Buena","Diurna","Buen Tiempo","S/D","Peatón","Atropello","Ninguna","Vertical","Cordón divisorio","Sin restricción"
2017,3106,6/22/2017,"Jueves",0,12:20:00,,"0.0",2,"Peatón,Taxi/Remis","Cordoba Y Dorrego",2,1,0,0,1,0,0,,"Calle",,"ROSARIO","Rosario","Asfalto","Pavimento","II","Dentro","Urbana","Ninguna","No existe","Intersección","Bueno","Buena","Diurna","Buen Tiempo","S/D","Ciclista","Atropello","Ninguna","Horizontal","Cordón divisorio","Sin restricción"
2017,3107,6/21/2017,"Miercoles",0,23:30:00,,"0.0",2,"Peatón,Automóvil","Av. Pellegrini Y Pte.Roca",2,1,0,0,1,0,0,,"Calle",,"ROSARIO","Rosario","Asfalto","Pavimento","II","Dentro","Urbana","Semáforo","Funciona","Intersección","Bueno","Buena","Diurna","Buen Tiempo","S/D","Peatón","Atropello","Ninguna","Vertical","Cordón divisorio","Sin restricción"
2017,3108,1/9/2017,"Lunes",0,,"Ruta Nacional A012","0.0",2,"Camión c / Acoplado,Camión c / Acoplado"," ",2,1,0,0,1,0,0,,"Ruta","A012","SAN LORENZO","San Lorenzo","S/D","S/D","XVII","Dentro","Urbana","S/D","S/D","Recta","S/D","S/D","S/D","S/D","Lateral","S/D","Colisión","S/D","S/D","S/D","S/D"
2017,3109,1/11/2017,"Miercoles",0,21:30:00,,"0.0",2,"Moto/Ciclomotor,Automóvil","Santa Fe Y Salta",2,1,0,0,1,0,0,,"Calle",,"VENADO TUERTO","General López","S/D","S/D","VIII","Dentro","Urbana","S/D","S/D","Intersección","S/D","S/D","Nocturna","S/D","S/D","S/D","Colisión","S/D","S/D","S/D","S/D"
2017,3110,1/12/2017,"Jueves",0,,"Ruta Nacional 168","0.0",2,"Automóvil,Camión"," ",2,1,0,0,1,0,0,,"Ruta",168,"SANTA FE","La Capital","S/D","S/D","I","Dentro","Rural","S/D","S/D","Recta","S/D","S/D","S/D","S/D","S/D","S/D","Colisión","S/D","S/D","S/D","S/D"
2017,3111,1/15/2017,"Domingo",0,15:10:00,"Autopista Nacional Rosario -Cordoba","374.0",3,"Pickup/Utilitario,Automóvil,Automóvil"," ",5,5,0,0,0,0,0,,"Autopista","Rosario -Cordoba","CAÑADA DE GÓMEZ","Iriondo","S/D","S/D","X","Dentro","Rural","S/D","S/D","Recta","S/D","S/D","Diurna","S/D","Múltiple","S/D","Colisión","Agua","S/D","S/D","S/D"
2017,3112,1/14/2017,"Sabado",0,20:00:00,"Ruta Nacional 9","0.0",1,"Automóvil"," ",2,0,1,0,1,0,0,,"Ruta",9,"COLONIA MEDICE","Iriondo","S/D","S/D","X","Dentro","Rural","S/D","S/D","Recta","S/D","S/D","Nocturna","S/D","S/D","S/D","Vuelco","S/D","S/D","S/D","S/D"
2017,3113,1/14/2017,"Sabado",0,18:50:00,,"0.0",2,"Automóvil,Bicicleta","Necochea Y España",2,1,0,0,1,0,0,,"Calle",,"CAÑADA DE GÓMEZ","Iriondo","S/D","S/D","X","Dentro","Urbana","S/D","S/D","Intersección","S/D","S/D","Diurna","S/D","S/D","Ciclista","Atropello","S/D","S/D","S/D","S/D"
2017,3114,1/18/2017,"Miercoles",0,17:30:00,,"0.0",2,"Vehículo Oficial,Moto/Ciclomotor","Bv. Rondeau Y Superi",3,1,1,0,1,0,0,,"Calle",,"ROSARIO","Rosario","S/D","S/D","II","Dentro","Urbana","S/D","S/D","Intersección","S/D","S/D","Diurna","S/D","S/D","S/D","Colisión","S/D","S/D","S/D","S/D"
2017,3115,1/21/2017,"Sabado",0,10:30:00,,"0.0",2,"Automóvil,Bicicleta","Quintana Y Ituzaingo",2,1,0,0,1,0,0,,"Calle",,"CAÑADA DE GÓMEZ","Iriondo","S/D","S/D","X","Dentro","Urbana","S/D","S/D","Intersección","S/D","S/D","Diurna","S/D","S/D","Ciclista","Atropello","S/D","S/D","S/D","S/D"
2017,3116,1/22/2017,"Domingo",0,8:12:00,,"0.0",2,"Bicicleta,Moto/Ciclomotor","Chacabuco Y Balcarce",2,1,0,0,1,0,0,,"Calle",,"VENADO TUERTO","General López","S/D","S/D","VIII","S/D","S/D","S/D","S/D","S/D","S/D","S/D","Diurna","S/D","S/D","Ciclista","Atropello","S/D","S/D","S/D","S/D"
2017,3117,1/24/2017,"Martes",0,11:30:00,,"0.0",2,"Moto/Ciclomotor,Bicicleta","Calle 44-27 de Abril 2190",2,1,0,0,1,0,0,,"Calle",,"RECONQUISTA","General Obligado","S/D","S/D","IX","S/D","S/D","S/D","S/D","S/D","S/D","S/D","Diurna","S/D","S/D","Ciclista","Atropello","S/D","S/D","S/D","S/D"
2017,3118,1/24/2017,"Martes",0,15:00:00,,"0.0",1,"Moto/Ciclomotor","Calle 10-Ludue±a Y Calle 17-Bartolome Mitre",1,1,0,0,0,0,0,,"Calle",,"RECONQUISTA","General Obligado","S/D","S/D","IX","S/D","S/D","S/D","S/D","S/D","S/D","S/D","Diurna","S/D","S/D","S/D","Caída ocupante","S/D","S/D","S/D","S/D"
2017,3119,1/23/2017,"Lunes",0,6:30:00,,"0.0",2,"Camión,Moto/Ciclomotor","Alberdi Y Francisco Conti",2,1,0,0,1,0,0,,"Calle",,"VILLA OCAMPO","General Obligado","S/D","S/D","IX","S/D","S/D","S/D","S/D","S/D","S/D","S/D","Diurna","S/D","S/D","S/D","Colisión","S/D","S/D","S/D","S/D"
2017,3121,7/7/2017,"Viernes",0,8:00:00,"Autopista Nacional A007","0.0",2,"Automóvil,Peatón","Nicolas Rodriguez Peña Y Av Circunvalación",2,1,0,0,1,0,0,,"Autopista","A007","SANTA FE","La Capital","Hormigón","Natural","I","Dentro","Urbana","S/D","No existe","Intersección","Bueno","Buena","Diurna","S/D","S/D","Peatón","Atropello","Ninguna","Horizontal","S/D","S/D"
2017,3122,7/29/2017,"Sabado",0,13:55:00,,"0.0",2,"Moto/Ciclomotor,Automóvil","Av Freyre Y Juan de Garay",2,1,0,0,1,0,0,,"Avenida",,"SANTA FE","La Capital","Asfalto","No existe","I","Dentro","Urbana","Ninguna","No existe","Recta","Con baches","Buena","Diurna","Buen Tiempo","Lateral","S/D","Colisión","Ninguna","Faltante","Línea divisoria pintada","Sin restricción"
2017,3123,7/29/2017,"Sabado",0,13:55:00,,"0.0",2,"Moto/Ciclomotor,Automóvil","Av Gral Lopez 3200",2,1,0,0,1,0,0,,"S/D",,"SANTA FE","La Capital","Asfalto","No existe","I","S/D","S/D","Ninguna","No existe","Intersección","Con baches","Buena","Diurna","Buen Tiempo","Lateral","S/D","Colisión","Ninguna","Faltante","Línea divisoria pintada","Sin restricción"
2017,3125,7/20/2017,"Jueves",0,11:46:00,,"0.0",2,"Automóvil,Bicicleta","Saavedra Y 3 de Febrero",2,0,0,0,1,0,1,,"Calle",,"SANTA FE","La Capital","Asfalto","No existe","I","Dentro","Urbana","Ninguna","No existe","Intersección","Con baches","Reducida polvo","Diurna","Buen Tiempo","S/D","Peatón","Atropello","Ninguna","Faltante","Línea divisoria pintada","Sin restricción"
2017,3126,5/10/2017,"Miercoles",0,13:10:00,"Ruta Provincial 14","24.0",3,"Automóvil,Automóvil,Automóvil"," ",8,7,0,0,1,0,0,,"Ruta",14,"PUEBLO MUÑOZ","Rosario","Asfalto","S/D","II","Fuera","Rural","S/D","No existe","S/D","S/D","Buena","Diurna","Buen Tiempo","Múltiple","S/D","Colisión","S/D","S/D","S/D","Reparación de Vía"
2017,3127,5/18/2017,"Jueves",0,8:20:00,"Ruta Provincial 18","16.0",1,"Camión c / Acoplado"," ",1,1,0,0,0,0,0,,"Ruta",18,"CORONEL DOMINGUEZ","Rosario","Asfalto","Pavimento","II","Fuera","Rural","Marca Vial","No existe","Recta","Con baches","Buena","Diurna","Buen Tiempo","S/D","S/D","Vuelco","Ninguna","Horizontal,Vertical","Línea divisoria pintada","Sin restricción"
2017,3128,5/10/2017,"Miercoles",0,7:30:00,"Ruta Nacional A012","10.0",2,"Automóvil,Automóvil"," ",3,1,0,0,2,0,0,,"Ruta","A012","PIÑERO","Rosario","Asfalto","Natural","II","Dentro","Rural","S/D","No existe","Recta","Bueno","Buena","Amanecer","S/D","S/D","S/D","Colisión","Ninguna","S/D","Cordón divisorio","Sin restricción"
2017,3129,5/15/2017,"Lunes",0,22:15:00,"Ruta Provincial 18","5.0",2,"Automóvil,Bicicleta"," ",2,1,0,0,1,0,0,,"Ruta",18,"PIÑERO","Rosario","Asfalto","Ripio","II","Dentro","Rural","Ninguna","No existe","Recta","Bueno","Buena","Nocturna","Buen Tiempo","De alcance","Ciclista","Atropello","Ninguna","S/D","Línea divisoria pintada","Sin restricción"
2017,3130,5/21/2017,"Domingo",0,5:30:00,"Ruta Nacional A012","13.0",1,"Pickup/Utilitario"," ",1,0,0,0,0,0,1,,"Ruta","A012","PIÑERO","Rosario","Asfalto","Natural","II","Dentro","Rural","S/D","S/D","Recta","S/D","S/D","Nocturna","S/D","Contra objeto fijo","S/D","Colisión","Ninguna","S/D","Cordón divisorio","Sin restricción"
2017,3131,5/20/2017,"Sabado",0,23:45:00,,"0.0",2,"Automóvil,Moto/Ciclomotor","Alberdi Y Juncal",2,1,0,0,1,0,0,,"Calle",,"ÁLVAREZ","Rosario","Tierra","S/D","II","Dentro","Urbana","Ninguna","No existe","Intersección","Bueno","Buena","Nocturna","Buen Tiempo","Lateral","S/D","Colisión","Ninguna","Faltante","S/D","Sin restricción"
2017,3132,4/1/2017,"Sabado",0,7:00:00,"Ruta Provincial 18","6.0",2,"Automóvil,Automóvil"," ",2,1,0,0,1,0,0,,"Ruta",18,"PIÑERO","Rosario","Asfalto","S/D","II","Dentro","Rural","S/D","No existe","Recta","Bueno","Buena","Amanecer","Buen Tiempo","De alcance","S/D","Colisión","Ninguna","Vertical","Cordón divisorio","Sin restricción"
2017,3133,4/4/2017,"Martes",0,22:10:00,"Ruta Nacional A012","11.0",2,"Pickup/Utilitario,Automóvil"," ",2,1,0,0,1,0,0,,"Ruta","A012","ROSARIO","Rosario","Asfalto","Ripio","II","Dentro","Rural","Ninguna","No existe","Recta","Bueno","Buena","Nocturna","Buen Tiempo","De alcance","S/D","Colisión","Ninguna","Vertical","Cordón divisorio","Sin restricción"
2017,3134,1/21/2017,"Sabado",0,22:15:00,,"0.0",2,"Peatón,Moto/Ciclomotor","Gral Manuel Belgrano Y Carlos Pellegrini",2,1,0,0,1,0,0,,"Calle",,"VENADO TUERTO","General López","S/D","S/D","VIII","Dentro","Urbana","S/D","S/D","Intersección","S/D","S/D","Nocturna","S/D","S/D","Peatón","Atropello","S/D","S/D","S/D","S/D"
2017,3135,1/22/2017,"Domingo",0,0:30:00,,"0.0",1,"Moto/Ciclomotor","EVA PERON  Y PTE PERON ",2,2,0,0,0,0,0,,"Calle",,"VENADO TUERTO","General López","S/D","S/D","VIII","Dentro","Urbana","S/D","S/D","S/D","S/D","S/D","Nocturna","S/D","S/D","S/D","Caída ocupante","S/D","S/D","S/D","S/D"
2017,3136,1/26/2017,"Jueves",0,10:15:00,,"0.0",2,"Pickup/Utilitario,Moto/Ciclomotor","R Lehmann Y San Martin",2,1,0,0,1,0,0,,"Calle",,"ESPERANZA","Las Colonias","S/D","S/D","XI","Dentro","Urbana","S/D","S/D","Intersección","S/D","S/D","Diurna","S/D","S/D","S/D","Colisión","S/D","S/D","S/D","S/D"
2017,3137,1/26/2017,"Jueves",0,,,"0.0",2,"Moto/Ciclomotor,Automóvil","Calle 66-Santa Cruz Y Calle 47-Islas Malvinas",3,1,0,0,2,0,0,,"Calle",,"RECONQUISTA","General Obligado","S/D","S/D","IX","Dentro","Urbana","S/D","S/D","Intersección","S/D","S/D","S/D","S/D","S/D","S/D","Colisión","S/D","S/D","S/D","S/D"
2017,3138,1/26/2017,"Jueves",0,10:55:00,,"0.0",2,"Moto/Ciclomotor,Automóvil","Calle 10-Ludue±a Y Calle 25 - Pietropaolo",4,3,0,0,1,0,0,,"Calle",,"RECONQUISTA","General Obligado","Asfalto","No existe","IX","Dentro","Urbana","Ninguna","No existe","Intersección","Bueno","Buena","Diurna","Buen Tiempo","Lateral","S/D","Colisión","Ninguna","S/D","Ninguna","Sin restricción"
2017,3139,1/26/2017,"Jueves",0,11:20:00,,"0.0",2,"Moto/Ciclomotor,Automóvil","Calle 15-Patricio Diez Y Calle 20 9 de Julio",2,1,0,0,1,0,0,,"Calle",,"RECONQUISTA","General Obligado","Asfalto","S/D","IX","Dentro","Urbana","Ninguna","S/D","Intersección","Otro","Buena","Diurna","Buen Tiempo","Lateral","S/D","Colisión","Ninguna","S/D","Ninguna","Sin restricción"
2017,3140,1/26/2017,"Jueves",0,1:30:00,,"0.0",1,"Automóvil"," ",2,2,0,0,0,0,0,,"Camino Rural",,"RECONQUISTA","General Obligado","Asfalto","No existe","IX","Dentro","Rural","Ninguna","No existe","Recta","Bueno","Buena","Nocturna","Buen Tiempo","S/D","S/D","Despiste","Ninguna","S/D","Ninguna","S/D"
2017,3141,4/3/2017,"Lunes",0,,,"0.0",1,"Moto/Ciclomotor","Salta Y Grl Paz",2,1,0,0,1,0,0,,"Calle",,"ÁLVAREZ","Rosario","S/D","S/D","II","Dentro","Urbana","S/D","S/D","Intersección","S/D","S/D","S/D","Buen Tiempo","S/D","S/D","Vuelco","S/D","S/D","S/D","Sin restricción"
2017,3142,5/5/2017,"Viernes",0,7:35:00,,"0.0",2,"Automóvil,Moto/Ciclomotor","Baigorria Y Cavia",3,1,0,0,2,0,0,,"Calle",,"ROSARIO","Rosario","Asfalto","No existe","I","Dentro","Urbana","Ninguna","No existe","Recta","Bueno","Buena","Atardecer","Buen Tiempo","Lateral","S/D","Colisión","Ninguna","Faltante","Barrera de hormigón","Sin restricción"
2017,3143,5/14/2017,"Domingo",0,5:30:00,,"0.0",4,"Automóvil,Automóvil,Bicicleta,Moto/Ciclomotor","Baigorria Y Bordabehere",4,1,1,0,0,0,2,,"Calle",,"ROSARIO","Rosario","Asfalto","No existe","II","Dentro","Urbana","S/D","No existe","Recta","S/D","Buena","Nocturna","S/D","S/D","S/D","S/D","Ninguna","S/D","S/D","S/D"
2017,3144,5/30/2017,"Martes",0,10:45:00,"Ruta Nacional 11","315.5",2,"Automóvil,Peatón","Av San Martin 900",2,1,0,0,0,0,1,,"Ruta",11,"GRANADERO BAIGORRIA","Rosario","Asfalto","Pavimento","II","Dentro","Urbana","Semáforo","Funciona","Recta","Bueno","Buena","Diurna","Buen Tiempo","S/D","Peatón","Atropello","Ninguna","Vertical","Guardarrail","Sin restricción"
2017,3145,5/16/2017,"Martes",0,0:01:00,"Autopista Provincial Brigadier E.López","2.0",2,"Automóvil,Automóvil"," ",3,1,0,0,2,0,0,,"Autopista","Brigadier E.López","GRANADERO BAIGORRIA","Rosario","Asfalto","Natural","II","Dentro","Urbana","Ninguna","No existe","Recta","Bueno","Buena","Nocturna","Buen Tiempo","Lateral","S/D","Colisión","Ninguna","S/D","Vegetación","Sin restricción"
2017,3146,3/2/2017,"Jueves",0,20:50:00,"Ruta Nacional 34","354.0",2,"Pickup/Utilitario,Moto/Ciclomotor"," ",4,2,0,0,1,1,0,"-30.12976, -61.78041","Ruta",34,"LA RUBIA","San Cristóbal","Asfalto","Natural","XIII","Dentro","Rural","Ninguna","S/D","Recta","Bueno","Buena","Nocturna","Buen Tiempo","Frontal","S/D","Colisión","Ninguna","S/D","Ninguna","Sin restricción"
2017,3147,3/3/2017,"Viernes",0,12:30:00,"Autopista Provincial Brigadier E.López","75.0",1,"Pickup/Utilitario"," ",1,0,0,0,0,1,0,"-32.26434, -60.99017","Autopista","Brigadier E.López","BARRANCAS","San Jerónimo","Asfalto","Natural","XV","Fuera","Rural","Ninguna","No existe","Recta","Bueno","Reducida","Diurna","Lluvia","Contra objeto fijo","S/D","Despiste","Agua","S/D","Guardarrail","Sin restricción"
2017,3148,3/3/2017,"Viernes",0,13:00:00,"Ruta Provincial 1","112.5",3,"Camión c / Acoplado,Peatón,Peatón"," ",3,0,1,0,1,1,0,"-30.78866, -60.0026","Ruta",1,"COLONIA MASCIAS","Garay","Asfalto","S/D","VII","S/D","S/D","Paso Peatonal","No existe","Recta","Resbaladiza","Buena","Diurna","Otro","S/D","S/D","Atropello","Agua","Horizontal","Línea divisoria pintada","S/D"
2017,3149,3/4/2017,"Sabado",0,7:30:00,"Ruta Nacional 34","122.0",2,"Automóvil,Camión c / Semirremolque"," ",2,0,0,0,1,1,0,"-32.08691, -61.56644","Ruta",34,"CASAS","San Martín","Asfalto","Natural","XVIII","S/D","S/D","Ninguna","No existe","Recta","Bueno","Buena","Diurna","Buen Tiempo","Frontal","S/D","Colisión","Ninguna","Horizontal","Ninguna","Sin restricción"
2017,3150,1/27/2017,"Viernes",0,,"Ruta Nacional 33","0.0",1,"Camión","Ruta Nac 8 ",1,1,0,0,0,0,0,,"Ruta",33,"VENADO TUERTO","General López","Asfalto","No existe","VIII","Dentro","Rural","Ninguna","No existe","Intersección","Bueno","Buena","S/D","Buen Tiempo","S/D","S/D","Vuelco","Ninguna","S/D","Ninguna","Sin restricción"
2017,3151,1/27/2017,"Viernes",0,16:15:00,"Ruta Nacional 11","0.0",2,"Pickup/Utilitario,Moto/Ciclomotor","Calle 25-Rivadavia ",2,1,0,0,1,0,0,,"Ruta",11,"RECONQUISTA","General Obligado","Asfalto","No existe","IX","Dentro","Urbana","Semáforo","Funciona","Intersección","Bueno","Buena","Diurna","Buen Tiempo","De alcance","S/D","Colisión","Ninguna","Horizontal,Vertical","Barrera de hormigón,Cordón divisorio","Reparación de Vía"
2017,3152,1/28/2017,"Sabado",0,2:30:00,,"0.0",2,"Moto/Ciclomotor,Moto/Ciclomotor","Calle 10 Y Calle 15",2,2,0,0,0,0,0,,"Calle",,"LAS TOSCAS","General Obligado","Asfalto","S/D","IX","Dentro","Urbana","Ninguna","S/D","Intersección","Bueno","Buena","Nocturna","Buen Tiempo","Lateral","S/D","Colisión","Ninguna","S/D","Ninguna","Sin restricción"
2017,3153,5/23/2017,"Martes",0,3:50:00,"Autopista Provincial Brigadier E.López","0.0",1,"Automóvil"," ",1,1,0,0,0,0,0,,"Autopista","Brigadier E.López","ROSARIO","Rosario","Asfalto","Pavimento","II","Dentro","Rural","Otra Señal","No existe","Recta","Bueno","Buena","Nocturna","Buen Tiempo","S/D","S/D","Vuelco","Ninguna","Vertical","Vegetación","Sin restricción"
2017,3154,4/15/2017,"Sabado",0,19:30:00,,"0.0",2,"Moto/Ciclomotor,Automóvil","Donado Y Av. Jorge Newbery",2,0,1,0,0,0,1,,"Calle",,"ROSARIO","Rosario","S/D","S/D","II","Dentro","Urbana","S/D","S/D","Intersección","S/D","S/D","Diurna","S/D","S/D","S/D","Colisión","S/D","S/D","S/D","S/D"
2017,3155,4/15/2017,"Sabado",0,14:30:00,,"0.0",2,"Moto/Ciclomotor,Moto/Ciclomotor","J.B.Justo Y Olmos Bis",2,2,0,0,0,0,0,,"Calle",,"ROSARIO","Rosario","S/D","S/D","II","Dentro","Urbana","S/D","S/D","Intersección","S/D","S/D","Diurna","S/D","S/D","S/D","Colisión","S/D","S/D","S/D","S/D"
2017,3156,1/28/2017,"Sabado",0,6:50:00,,"0.0",1,"Pickup/Utilitario","Calle 16 Gral Obligado 840",1,1,0,0,0,0,0,,"Calle",,"RECONQUISTA","General Obligado","Asfalto","No existe","IX","Dentro","Urbana","Ninguna","No existe","Recta","Bueno","Buena","Nocturna","Buen Tiempo","Contra objeto fijo","S/D","Colisión","Ninguna","S/D","Ninguna","Sin restricción"
2017,3157,4/15/2017,"Sabado",0,20:30:00,,"0.0",2,"Moto/Ciclomotor,Pickup/Utilitario","Av. Jorge Newbery Y Donado Bis",4,2,0,0,0,0,2,,"Calle",,"ROSARIO","Rosario","S/D","S/D","II","Dentro","Urbana","S/D","S/D","Intersección","S/D","S/D","Diurna","S/D","S/D","S/D","Colisión","S/D","S/D","S/D","S/D"
2017,3158,4/29/2017,"Sabado",0,15:10:00,,"0.0",2,"Moto/Ciclomotor,Automóvil","Sanchez de Loria Y Av. Jorge Newbery",2,0,0,0,0,0,2,,"Calle",,"ROSARIO","Rosario","S/D","S/D","II","Dentro","Urbana","S/D","S/D","Intersección","S/D","S/D","Diurna","S/D","S/D","S/D","Colisión","S/D","S/D","S/D","S/D"
2017,3159,1/27/2017,"Viernes",0,22:15:00,,"0.0",2,"Automóvil,Moto/Ciclomotor","CAlle 37-Bvard. lovato ",3,0,0,0,0,0,3,,"Avenida",,"RECONQUISTA","General Obligado","Asfalto","No existe","IX","Dentro","Urbana","Ninguna","No existe","Recta","Bueno","Buena","Nocturna","Buen Tiempo","Lateral","S/D","Colisión","Ninguna","S/D","Ninguna","Sin restricción"
2017,3160,4/29/2017,"Sabado",0,17:30:00,,"0.0",2,"Moto/Ciclomotor,Automóvil","Av. Jorge Newbery Y Donado",2,1,0,0,0,0,1,,"Calle",,"ROSARIO","Rosario","S/D","S/D","II","Dentro","Urbana","S/D","S/D","Intersección","S/D","S/D","Diurna","S/D","S/D","S/D","Colisión","S/D","S/D","S/D","S/D"
2017,3161,1/29/2017,"Domingo",0,3:50:00,,"0.0",1,"Automóvil","Santa Fe Y Manuel Espora",2,2,0,0,0,0,0,,"Calle",,"VENADO TUERTO","General López","Asfalto","S/D","VIII","Dentro","Urbana","Ninguna","No existe","Intersección","Bueno","Buena","Nocturna","Buen Tiempo","Contra objeto fijo","S/D","Colisión","Ninguna","S/D","Ninguna","Sin restricción"
2017,3162,4/16/2017,"Domingo",0,18:15:00,,"0.0",2,"Moto/Ciclomotor,Pickup/Utilitario","Donado Y Av. Jorge Newbery",3,2,0,0,0,0,1,,"Calle",,"ROSARIO","Rosario","S/D","S/D","II","Dentro","Urbana","S/D","S/D","Intersección","S/D","S/D","Diurna","S/D","S/D","S/D","Colisión","S/D","S/D","S/D","S/D"
2017,3163,1/29/2017,"Domingo",0,20:10:00,"Ruta Nacional 9","0.0",1,"Automóvil"," ",2,2,0,0,0,0,0,,"Ruta",9,"COLONIA MEDICE","Iriondo","Asfalto","No existe","X","Dentro","Rural","Ninguna","No existe","Recta","Bueno","Buena","Nocturna","Buen Tiempo","S/D","S/D","Vuelco","Ninguna","S/D","Ninguna","Sin restricción"
2017,3164,4/5/2017,"Miercoles",0,13:00:00,"Autopista Nacional A008","0.0",1,"Automóvil","Av. Jorge Newbery Y Av. Circunvalacion",4,2,0,0,0,0,2,,"Autopista","A008","ROSARIO","Rosario","S/D","S/D","II","Dentro","Urbana","S/D","S/D","Intersección","S/D","S/D","Diurna","S/D","S/D","S/D","Vuelco","S/D","S/D","S/D","S/D"
2017,3165,1/28/2017,"Sabado",0,5:00:00,"Ruta Nacional 9","0.0",2,"Pickup/Utilitario,Moto/Ciclomotor"," ",3,1,1,0,1,0,0,,"Ruta",9,"CORREA","Iriondo","Hormigón","S/D","X","Dentro","Rural","Ninguna","S/D","Recta","Otro","Buena","Nocturna","Buen Tiempo","De alcance","S/D","Colisión","Ninguna","S/D","Ninguna","Sin restricción"
2017,3166,4/9/2017,"Domingo",0,23:15:00,,"0.0",2,"Automóvil,Automóvil","Tarragona Y Av. Jorge Newbery",5,0,0,0,0,0,5,,"Calle",,"ROSARIO","Rosario","S/D","S/D","II","Dentro","Urbana","S/D","S/D","Intersección","S/D","S/D","Nocturna","S/D","S/D","S/D","Colisión","S/D","S/D","S/D","S/D"
2017,3167,5/3/2017,"Miercoles",0,18:30:00,,"0.0",2,"Otros,Otros","Av. Casiano Casas Y Superi",3,3,0,0,0,0,0,,"Calle",,"ROSARIO","Rosario","Asfalto","No existe","II","Dentro","Urbana","Ninguna","No existe","Recta","Bueno","Buena","Amanecer","Buen Tiempo","S/D","S/D","Colisión","Ninguna","S/D","Barrera de hormigón","Sin restricción"
2017,3168,5/3/2017,"Miercoles",0,22:40:00,,"0.0",2,"Moto/Ciclomotor,Automóvil","Avenida de Mayo ",3,1,0,0,2,0,0,,"Calle",,"CERES","San Cristóbal","Asfalto","No existe","XIII","Dentro","Urbana","Ninguna","No existe","Recta","Bueno","Buena","Nocturna","Buen Tiempo","Frontal","S/D","Colisión","Ninguna","Faltante","Vegetación","Sin restricción"
2017,3169,1/28/2017,"Sabado",0,17:30:00,,"0.0",1,"Automóvil","Lima Y E.Zeballos",1,1,0,0,0,0,0,,"Calle",,"ROSARIO","Rosario","Asfalto","No existe","II","Dentro","Urbana","Ninguna","No existe","Intersección","Bueno","Buena","Diurna","Buen Tiempo","Contra objeto fijo","S/D","Colisión","Ninguna","S/D","Ninguna","Sin restricción"
2017,3170,1/30/2017,"Lunes",0,8:00:00,"Ruta Secundaria 298-s","0.0",1,"Automóvil"," ",1,1,0,0,0,0,0,,"Ruta","298-s","LANTERI","General Obligado","Asfalto","No existe","IX","Dentro","Rural","Ninguna","No existe","Puente","Bueno","Buena","Diurna","Buen Tiempo","S/D","S/D","Vuelco","Ninguna","S/D","Ninguna","Sin restricción"
2017,3171,5/30/2017,"Martes",0,,,"0.0",2,"Moto/Ciclomotor,Peatón","Av. Provincias Unidas Y French",2,1,0,0,0,0,1,,"Avenida",,"ROSARIO","Rosario","Hormigón","No existe","II","Dentro","Urbana","Ninguna","No existe","Intersección","Bueno","Buena","S/D","Otro","S/D","Peatón","Atropello","Ninguna","Vertical","Cordón divisorio","Sin restricción"
2017,3173,5/18/2017,"Jueves",0,,,"0.0",2,"Moto/Ciclomotor,Automóvil","Morrison 7900",2,0,1,0,1,0,0,,"Calle",,"ROSARIO","Rosario","Asfalto","Pavimento","II","Dentro","Urbana","Ninguna","No existe","Recta","Otro","Buena","S/D","Otro","De alcance","S/D","Colisión","Otro","Horizontal","Ninguna","Sin restricción"
2017,3176,5/29/2017,"Lunes",0,5:30:00,,"0.0",2,"Automóvil,Moto/Ciclomotor"," ",2,1,0,0,0,0,1,,"Calle",,"VILLA GOBERNADOR GÁLVEZ","Rosario","Asfalto","No existe","II","S/D","Urbana","Ninguna","No existe","Recta","Bueno","Buena","Amanecer,Con luz artificial","Buen Tiempo","De alcance","S/D","Colisión","Ninguna","Faltante","Ninguna","Sin restricción"
2017,3177,5/5/2017,"Viernes",0,21:25:00,,"0.0",1,"Moto/Ciclomotor","3 de Febrero Y 17 de Octubre",2,1,0,0,1,0,0,,"Calle",,"VILLA GOBERNADOR GÁLVEZ","Rosario","Asfalto","S/D","II","Dentro","Urbana","Ninguna","S/D","Recta","Con baches","Buena","Nocturna,Con luz artificial","Buen Tiempo","S/D","S/D","Despiste","Ninguna","Faltante","S/D","Sin restricción"