"anio_acci","nro_acci","fecha","desc_dia","fecha_aprox","hora_aprox","desc_ruta","km","cant_participantes","desc_participante","calle_avenida_km","total","heridos_leves","heridos_graves","heridos_gravisimos","ilesos","fallecidos","sin_datos","posicion_XY","desc_tipo_via","desc_ruta_ori","desc_loc","desc_dpto","desc_tipo_calzada","desc_tipo_banquina","desc_unidad_regional","desc_lugar_calzada","desc_zona","desc_prioridad","desc_estado_semaforo","desc_lugar_via","desc_estado_via","desc_estado_visibilidad","desc_luminosidad","desc_estado_clima","desc_tipo_colision","desc_tipo_atropello","desc_tipo_hecho","desc_pres_calzada","desc_senializacion","desc_separacion_via","desc_restriccion"
2017,3178,5/27/2017,"Sabado",0,22:00:00,,"0.0",2,"Bicicleta,Camión"," ",2,1,0,0,1,0,0,,"S/D",,"VILLA GOBERNADOR GÁLVEZ","Rosario","Asfalto","No existe","II","S/D","Urbana","S/D","No existe","Recta","Bueno","S/D","Nocturna","S/D","S/D","Ciclista","Atropello","Ninguna","Faltante","S/D","S/D"
2017,3179,5/12/2017,"Viernes",0,19:15:00,,"0.0",2,"Moto/Ciclomotor,Automóvil","San Nicolas Y Pellegrini",3,2,0,0,1,0,0,,"Calle",,"VILLA GOBERNADOR GÁLVEZ","Rosario","Tierra","No existe","II","S/D","S/D","Ninguna","No existe","Intersección","Con baches","Reducida","Nocturna","Buen Tiempo","S/D","S/D","Colisión","Ninguna","Faltante","Ninguna","S/D"
2017,3180,5/10/2017,"Miercoles",0,7:45:00,,"0.0",2,"Moto/Ciclomotor,Automóvil","Belgrano Y Guillermo Ricci",2,1,0,0,1,0,0,,"S/D",,"GENERAL LAGOS","Rosario","Asfalto","No existe","II","Dentro","Urbana","Ninguna","No existe","Intersección","Bueno","Buena","Diurna","Buen Tiempo","De alcance","S/D","Colisión","Ninguna","Faltante","Ninguna","Sin restricción"
2017,3181,5/18/2017,"Jueves",0,16:00:00,"Ruta Provincial 21","15.0",2,"Camión c / Acoplado,Camión c / Acoplado"," ",2,2,0,0,0,0,0,,"Ruta",21,"GENERAL LAGOS","Rosario","Asfalto","Natural","II","Dentro","Urbana","Ninguna","No existe","Recta","Bueno","Reducida","Diurna","Buen Tiempo","De alcance","S/D","Colisión","Ninguna","Faltante","Ninguna","Sin restricción"
2017,3182,5/9/2017,"Martes",0,13:10:00,,"0.0",2,"Pickup/Utilitario,Pickup/Utilitario","Catamarca Y Pueyrredon",2,1,0,0,1,0,0,,"Calle",,"ROSARIO","Rosario","Asfalto","No existe","II","Dentro","Urbana","Ninguna","No existe","Recta","Bueno","Buena","Diurna","Buen Tiempo","Lateral","S/D","Colisión","Ninguna","Faltante","Ninguna","Sin restricción"
2017,3183,5/1/2017,"Lunes",0,12:30:00,,"0.0",2,"Pickup/Utilitario,Moto/Ciclomotor"," ",3,1,0,0,2,0,0,,"Calle",,"ROSARIO","Rosario","S/D","No existe","II","Dentro","Urbana","Ninguna","No existe","Intersección","Deteriorada","Buena","Diurna","S/D","Otro","S/D","Colisión","S/D","Faltante","Línea divisoria pintada","S/D"
2017,3184,5/4/2017,"Jueves",0,10:15:00,"Autopista Nacional A008","0.0",2,"Moto/Ciclomotor,Pickup/Utilitario","Av. Circunvalacion Y Perez Bulnes",2,1,0,0,1,0,0,,"Autopista","A008","ROSARIO","Rosario","Asfalto","No existe","II","S/D","Urbana","S/D","S/D","S/D","Deteriorada","S/D","Diurna","S/D","Lateral","S/D","Colisión","S/D","S/D","Línea divisoria pintada","S/D"
2017,3185,5/7/2017,"Domingo",0,9:15:00,,"0.0",2,"Automóvil,Automóvil","Tucuman Y Callao",4,2,0,0,2,0,0,,"Calle",,"ROSARIO","Rosario","Asfalto","No existe","II","Dentro","Urbana","Semáforo","Funciona","Intersección","Otro","Buena","Diurna","Buen Tiempo","Lateral","S/D","Colisión","Ninguna","Vertical","Ninguna","Sin restricción"
2017,3186,5/9/2017,"Martes",0,18:20:00,"Autopista Nacional A008","0.0",1,"Moto/Ciclomotor","Av. Circunvalacion Y Forest",2,1,0,0,1,0,0,,"Autopista","A008","ROSARIO","Rosario","S/D","S/D","II","S/D","Urbana","S/D","S/D","S/D","S/D","S/D","Atardecer","S/D","S/D","S/D","Caída ocupante","S/D","S/D","S/D","S/D"
2017,3187,5/11/2017,"Jueves",0,19:00:00,,"0.0",2,"Moto/Ciclomotor,Automóvil","Cerrito Y Nicaragua",3,2,0,0,1,0,0,,"Calle",,"ROSARIO","Rosario","Asfalto","S/D","II","S/D","Urbana","S/D","S/D","Recta","S/D","S/D","Nocturna","S/D","S/D","S/D","Colisión","S/D","S/D","S/D","S/D"
2017,3188,5/12/2017,"Viernes",0,14:30:00,,"0.0",2,"Pickup/Utilitario,Automóvil","Mendoza Y Brasil",2,1,0,0,1,0,0,,"Calle",,"ROSARIO","Rosario","Asfalto","Natural","II","S/D","Urbana","S/D","Funciona","S/D","S/D","S/D","Diurna,Con luz artificial","S/D","De alcance","S/D","Colisión","S/D","S/D","Cordón divisorio","S/D"
2017,3189,5/13/2017,"Sabado",0,22:10:00,,"0.0",2,"Automóvil,Moto/Ciclomotor","Mendoza 7500",2,2,0,0,0,0,0,,"Calle",,"ROSARIO","Rosario","Asfalto","Natural","II","S/D","Urbana","S/D","S/D","Recta","Deteriorada","S/D","Nocturna,Con luz artificial","S/D","Lateral","S/D","Colisión","S/D","S/D","Cordón divisorio","S/D"
2017,3190,5/14/2017,"Domingo",0,21:35:00,"Autopista Nacional A008","0.0",2,"Automóvil,Moto/Ciclomotor","Av. Circunvalacion Y Mendoza",2,2,0,0,0,0,0,,"Autopista","A008","ROSARIO","Rosario","Asfalto","Pavimento","II","S/D","Urbana","S/D","S/D","Otro","Deteriorada","S/D","Nocturna,Con luz artificial","S/D","Otro","S/D","Colisión","S/D","S/D","S/D","S/D"
2017,3191,5/15/2017,"Lunes",0,9:50:00,"Autopista Nacional Rosario -Cordoba","302.0",2,"Automóvil,Automóvil"," ",2,1,0,0,1,0,0,,"Autopista","Rosario -Cordoba","ROSARIO","Rosario","Asfalto","Natural","II","S/D","Rural","S/D","S/D","S/D","S/D","S/D","Diurna,Con luz artificial","S/D","S/D","S/D","Colisión","S/D","S/D","Vegetación","S/D"
2017,3192,4/29/2017,"Sabado",0,17:15:00,,"0.0",2,"Automóvil,Automóvil","Montevideo Y Ibarlucea",6,2,0,0,4,0,0,,"Calle",,"FUNES","Rosario","S/D","S/D","II","Dentro","Urbana","S/D","S/D","Intersección","S/D","S/D","Diurna","S/D","Frontal","S/D","Colisión","S/D","S/D","S/D","Sin restricción"
2017,3193,4/14/2017,"Viernes",0,5:30:00,"Autopista Nacional Rosario -Cordoba","309.0",1,"Automóvil"," ",1,1,0,0,0,0,0,,"Autopista","Rosario -Cordoba","FUNES","Rosario","Asfalto","Natural","II","Dentro","Urbana","Ninguna","No existe","Recta","S/D","Buena","Diurna","Buen Tiempo","S/D","S/D","Vuelco","Ninguna","Horizontal","Línea divisoria pintada","Sin restricción"
2017,3194,4/5/2017,"Miercoles",0,16:30:00,,"0.0",2,"Automóvil,Moto/Ciclomotor","Candelaria Y Santa Fe",2,1,0,0,1,0,0,,"Calle",,"FUNES","Rosario","Asfalto","No existe","II","Dentro","Urbana","Ninguna","No existe","Intersección","Bueno","Buena","Diurna","Buen Tiempo","Lateral","S/D","Colisión","Ninguna","S/D","Ninguna","Sin restricción"
2017,3195,4/3/2017,"Lunes",0,17:00:00,"Ruta Nacional 9","0.0",2,"Moto/Ciclomotor,Pickup/Utilitario"," ",2,1,0,0,1,0,0,,"Ruta",9,"FUNES","Rosario","Asfalto","Natural","II","Dentro","Urbana","Ninguna","No existe","Recta","Bueno","Buena","Nocturna","Buen Tiempo","De alcance","S/D","Colisión","Ninguna","Faltante","Ninguna","Sin restricción"
2017,3196,4/14/2017,"Viernes",0,21:30:00,,"0.0",2,"Bicicleta,Automóvil","Santa Fe Y Candelaria",2,1,0,0,1,0,0,,"Calle",,"FUNES","Rosario","Asfalto","No existe","II","Dentro","Urbana","Ninguna","No existe","Intersección","Bueno","Buena","Nocturna","Buen Tiempo","S/D","Ciclista","Atropello","Ninguna","Faltante","Ninguna","Sin restricción"
2017,3197,4/24/2017,"Lunes",0,18:30:00,,"0.0",2,"Bicicleta,Automóvil","Angelone Y Sarmiento",2,1,0,0,1,0,0,,"Calle",,"FUNES","Rosario","Asfalto","S/D","II","Dentro","Urbana","Ninguna","No existe","Recta","Bueno","Buena","Diurna","Buen Tiempo","S/D","Ciclista","Atropello","Ninguna","Faltante","Ninguna","Sin restricción"
2017,3198,5/9/2017,"Martes",0,14:00:00,,"0.0",2,"Peatón,Automóvil","Santa Fe Y Ricchieri",2,1,0,0,1,0,0,,"Calle",,"ROSARIO","Rosario","S/D","No existe","II","Dentro","Urbana","Semáforo","Funciona","Recta","Otro","Buena","Diurna","Buen Tiempo","S/D","Peatón","Atropello","Ninguna","Horizontal","Ninguna","Sin restricción"
2017,3199,4/11/2017,"Martes",0,16:00:00,,"0.0",2,"Camión c / Acoplado,Moto/Ciclomotor","Nicaragua Y Mendoza",3,2,0,0,1,0,0,,"Calle",,"ROSARIO","Rosario","Asfalto","No existe","II","Dentro","Urbana","S/D","No existe","Recta","Bueno","Buena","Diurna","Buen Tiempo","S/D","S/D","Colisión","Ninguna","Faltante","S/D","S/D"
2017,3200,5/11/2017,"Jueves",0,10:20:00,,"0.0",2,"Moto/Ciclomotor,Automóvil","Av. Ovidio Lagos Y Jujuy",2,1,0,0,1,0,0,,"Avenida",,"ROSARIO","Rosario","Asfalto","No existe","II","Dentro","Urbana","Semáforo","Funciona","Recta","Bueno","Buena","Diurna","Buen Tiempo","Lateral","S/D","Colisión","Ninguna","Vertical","Ninguna","Sin restricción"
2017,3201,5/14/2017,"Domingo",0,8:50:00,,"0.0",2,"Automóvil,Moto/Ciclomotor","R.de Escalada ",2,1,0,0,1,0,0,,"Calle",,"ROSARIO","Rosario","Asfalto","No existe","II","Dentro","Urbana","Ninguna","No existe","Puente","Bueno","Buena","Diurna","Buen Tiempo","De alcance","S/D","Colisión","Ninguna","Faltante","Ninguna","Sin restricción"
2017,3202,4/1/2017,"Sabado",0,8:00:00,,"0.0",2,"Taxi/Remis,Bicicleta","Pje. Calzada ",2,0,0,0,0,0,2,,"Calle",,"ROSARIO","Rosario","Asfalto","S/D","II","Dentro","Urbana","S/D","S/D","S/D","Bueno","Buena","Diurna","S/D","S/D","Ciclista","Atropello","Ninguna","Faltante","S/D","Sin restricción"
2017,3203,4/21/2017,"Viernes",0,21:00:00,,"0.0",2,"Pickup/Utilitario,Moto/Ciclomotor","Chubut Y Donado",2,1,0,0,1,0,0,,"Calle",,"ROSARIO","Rosario","Asfalto","No existe","II","Dentro","Urbana","Ninguna","No existe","Recta","Bueno","Buena","Nocturna","Buen Tiempo","Lateral","S/D","Colisión","Ninguna","Faltante","S/D","Sin restricción"
2017,3204,5/15/2017,"Lunes",0,1:20:00,,"0.0",2,"Moto/Ciclomotor,Taxi/Remis","Salta Y Callao",2,1,0,0,1,0,0,,"Calle",,"ROSARIO","Rosario","Asfalto","No existe","II","Dentro","Urbana","Ninguna","Intermitente","Intersección","Bueno","Buena","Nocturna","Buen Tiempo","Lateral","S/D","Colisión","Ninguna","Horizontal","Ninguna","Sin restricción"
2017,3205,5/15/2017,"Lunes",0,,"Autopista Nacional A008","0.0",2,"Automóvil,Automóvil","Bv. Argentino Y Av. Circunvalacion",2,1,0,0,1,0,0,,"Autopista","A008","ROSARIO","Rosario","Asfalto","No existe","II","Dentro","Urbana","Ninguna","No existe","Intersección","Bueno","Buena","Diurna","Buen Tiempo","Lateral","S/D","Colisión","Ninguna","Faltante","Ninguna","Sin restricción"
2017,3206,5/20/2017,"Sabado",0,5:00:00,,"0.0",2,"Taxi/Remis,Automóvil","Iriondo Y Salta",3,2,0,0,1,0,0,,"Calle",,"ROSARIO","Rosario","Asfalto","No existe","II","Dentro","Urbana","Ninguna","S/D","Intersección","Bueno","Buena","Nocturna","Buen Tiempo","Lateral","S/D","Colisión","Ninguna","Vertical","Ninguna","Sin restricción"
2017,3207,5/15/2017,"Lunes",0,,,"0.0",2,"Automóvil,Moto/Ciclomotor","La Republica ",2,1,0,0,1,0,0,,"Calle",,"ROSARIO","Rosario","Asfalto","No existe","II","Dentro","Urbana","Ninguna","No existe","Intersección","Bueno","Buena","Diurna","Buen Tiempo","Lateral","S/D","Colisión","Ninguna","Faltante","Ninguna","Sin restricción"
2017,3208,5/23/2017,"Martes",0,16:25:00,,"0.0",2,"Moto/Ciclomotor,Automóvil","Brown Y Av. Ovidio Lagos",2,1,0,0,1,0,0,,"Avenida",,"ROSARIO","Rosario","Asfalto","No existe","II","Dentro","Urbana","Ninguna","S/D","Intersección","Bueno","Buena","Diurna","Buen Tiempo","Lateral","S/D","Colisión","Ninguna","S/D","Ninguna","S/D"
2017,3210,5/15/2017,"Lunes",0,16:00:00,,"0.0",2,"Pickup/Utilitario,Moto/Ciclomotor","Mejico Y Gorriti",3,2,0,0,1,0,0,,"Calle",,"ROSARIO","Rosario","Asfalto","Pavimento","II","Dentro","Urbana","Ninguna","No existe","Recta","Bueno","Buena","Atardecer","Buen Tiempo","De alcance","S/D","Colisión","Ninguna","Faltante","Ninguna","Sin restricción"
2017,3211,5/15/2017,"Lunes",0,,,"0.0",2,"Moto/Ciclomotor,Automóvil","Cordoba Y Alvarez Condarco",2,1,0,0,1,0,0,,"Calle",,"ROSARIO","Rosario","Asfalto","Pavimento","II","Dentro","Urbana","Semáforo","Funciona","Recta","Bueno","S/D","S/D","S/D","Lateral","S/D","Colisión","Ninguna","Vertical","Cordón divisorio","Sin restricción"
2017,3213,5/25/2017,"Jueves",0,17:30:00,,"0.0",1,"Moto/Ciclomotor","Soldado Aguirre Y 9 de Julio",1,1,0,0,0,0,0,,"Calle",,"VILLA GOBERNADOR GÁLVEZ","Rosario","Tierra","No existe","II","Dentro","Urbana","Ninguna","No existe","Intersección","Deteriorada","Buena","Atardecer","Buen Tiempo","S/D","S/D","Caída ocupante","Material Suelto","Faltante","Ninguna","Sin restricción"
2017,3214,5/21/2017,"Domingo",0,15:45:00,,"0.0",2,"Peatón,Moto/Ciclomotor","Bordabhere ",3,0,1,0,2,0,0,,"Calle",,"VILLA GOBERNADOR GÁLVEZ","Rosario","Asfalto","No existe","II","Dentro","Urbana","Ninguna","No existe","Intersección","Bueno","Buena","Diurna","Buen Tiempo","S/D","Peatón","Atropello","Ninguna","Faltante","Línea divisoria pintada","Sin restricción"
2017,3215,5/25/2017,"Jueves",0,23:45:00,"Autopista Nacional Gral. Juan Jose Valle","284.0",2,"Camión c / Semirremolque,Automóvil"," ",2,1,0,0,1,0,0,,"Autopista","Gral. Juan Jose Valle","VILLA GOBERNADOR GÁLVEZ","Rosario","Asfalto","S/D","II","Dentro","Rural","Ninguna","S/D","Recta","Bueno","S/D","Nocturna","Buen Tiempo","De alcance","S/D","Colisión","Ninguna","Horizontal,Vertical","Guardarrail","Accidente Previo"
2017,3216,5/25/2017,"Jueves",0,10:00:00,,"0.0",2,"Moto/Ciclomotor,Automóvil","Av Juan Domingo Peron Y Cordoba",2,1,0,0,0,0,1,,"Calle",,"VILLA GOBERNADOR GÁLVEZ","Rosario","Asfalto","No existe","II","Dentro","Urbana","Ninguna","No existe","Recta","Bueno","Buena","Diurna","Buen Tiempo","De alcance","S/D","Colisión","Ninguna","Faltante","Ninguna","Sin restricción"
2017,3217,5/9/2017,"Martes",0,13:00:00,,"0.0",2,"Moto/Ciclomotor,Automóvil","3 de Febrero Y 17 de Octubre",4,2,0,0,2,0,0,,"Calle",,"VILLA GOBERNADOR GÁLVEZ","Rosario","Asfalto","No existe","II","Dentro","Urbana","Ninguna","No existe","Recta","Bueno","Buena","Diurna","Buen Tiempo","De alcance","S/D","Colisión","Ninguna","Faltante","Ninguna","Sin restricción"
2017,3218,5/15/2017,"Lunes",0,20:25:00,,"0.0",2,"Moto/Ciclomotor,Pickup/Utilitario","Bv. Wilde Y San Lorenzo",2,1,0,0,1,0,0,,"Calle",,"ROSARIO","Rosario","Asfalto","No existe","II","Dentro","Urbana","S/D","No existe","Recta","Deteriorada","Buena","Nocturna,Con luz artificial","S/D","S/D","S/D","Colisión","S/D","S/D","Cordón divisorio","S/D"
2017,3219,5/16/2017,"Martes",0,9:45:00,,"0.0",2,"Automóvil,Pickup/Utilitario","Donado ",3,2,0,0,1,0,0,,"Calle",,"ROSARIO","Rosario","Asfalto","S/D","II","Dentro","Urbana","S/D","No existe","Recta","Deteriorada","Buena","Diurna","S/D","S/D","S/D","Colisión","S/D","S/D","Ninguna","S/D"
2017,3220,5/19/2017,"Viernes",0,15:50:00,"Autopista Nacional A008","0.0",2,"Taxi/Remis,Moto/Ciclomotor","Mendoza Y Av. Circunvalacion",2,1,0,0,1,0,0,,"Autopista","A008","ROSARIO","Rosario","Asfalto","S/D","II","Dentro","Urbana","S/D","S/D","Recta","S/D","S/D","Diurna","S/D","S/D","S/D","Colisión","S/D","S/D","Cordón divisorio","S/D"
2017,3221,5/21/2017,"Domingo",0,22:30:00,,"0.0",2,"Automóvil,Automóvil","Av. San Jose De Calasanz 8100",2,1,0,0,1,0,0,,"Calle",,"ROSARIO","Rosario","Asfalto","S/D","II","Dentro","Urbana","S/D","S/D","Recta","Con baches","S/D","Nocturna,Con luz artificial","S/D","S/D","S/D","Colisión","S/D","S/D","Ninguna","S/D"
2017,3222,5/22/2017,"Lunes",0,13:20:00,,"0.0",2,"Taxi/Remis,Taxi/Remis","Mendoza 7600",2,2,0,0,0,0,0,,"Calle",,"ROSARIO","Rosario","Asfalto","S/D","II","Dentro","Urbana","S/D","S/D","Recta","S/D","S/D","Diurna,Con luz artificial","S/D","S/D","S/D","Colisión","S/D","S/D","Cordón divisorio","S/D"
2017,3223,6/21/2017,"Miercoles",0,20:30:00,,"0.0",2,"Automóvil,Moto/Ciclomotor","San Juan Y Av. De La Libertad",2,1,0,0,1,0,0,,"Calle",,"ROSARIO","Rosario","Asfalto","Pavimento","II","Dentro","Urbana","S/D","S/D","Intersección","Bueno","Buena","Nocturna","Buen Tiempo","Lateral","S/D","Colisión","Ninguna","S/D","Cordón divisorio","Sin restricción"
2017,3224,6/20/2017,"Martes",0,19:50:00,,"0.0",2,"Peatón,Taxi/Remis","Av. Pellegrini Y Av. Corrientes",2,1,0,0,1,0,0,,"Calle",,"ROSARIO","Rosario","Asfalto","Pavimento","II","Dentro","Urbana","Semáforo","Funciona","Intersección","Bueno","Buena","Nocturna","Buen Tiempo","S/D","Peatón","Atropello","Ninguna","Vertical","Cordón divisorio","Sin restricción"
2017,3225,6/18/2017,"Domingo",0,18:50:00,,"0.0",2,"Automóvil,Moto/Ciclomotor","9 De Julio Y Mariano Moreno",3,1,0,0,2,0,0,,"Calle",,"ROSARIO","Rosario","Asfalto","Pavimento","II","Dentro","Urbana","S/D","S/D","Intersección","Bueno","Buena","Nocturna","Buen Tiempo","Lateral","S/D","Colisión","Ninguna","Horizontal","Cordón divisorio","Sin restricción"
2017,3226,6/15/2017,"Jueves",0,15:00:00,,"0.0",2,"Transporte de Pasajeros Urbano (> 8 asientos),Moto/Ciclomotor","Italia Y Montevideo",2,1,0,0,1,0,0,,"Calle",,"ROSARIO","Rosario","Asfalto","Pavimento","II","Dentro","Urbana","Ninguna","No existe","Intersección","Bueno","Buena","Diurna","Buen Tiempo","Lateral","S/D","Colisión","Ninguna","Horizontal","Cordón divisorio","Sin restricción"
2017,3227,6/15/2017,"Jueves",0,12:00:00,,"0.0",2,"Automóvil,Moto/Ciclomotor","J.M.de Rosas Y 9 De Julio",2,1,0,0,1,0,0,,"Calle",,"ROSARIO","Rosario","Asfalto","Pavimento","II","Dentro","Urbana","Ninguna","S/D","Intersección","Bueno","Buena","Diurna","Buen Tiempo","Lateral","S/D","Colisión","Ninguna","Horizontal","Cordón divisorio","Sin restricción"
2017,3228,6/15/2017,"Jueves",0,12:10:00,,"0.0",2,"Automóvil,Moto/Ciclomotor","Paraguay Y Dr.J.Alvarez",2,1,0,0,1,0,0,,"Calle",,"ROSARIO","Rosario","Asfalto","Pavimento","II","Dentro","Urbana","Ninguna","No existe","Intersección","Bueno","Buena","Diurna","Buen Tiempo","Lateral","S/D","Colisión","Ninguna","Horizontal","Cordón divisorio","Sin restricción"
2017,3229,6/13/2017,"Martes",0,11:15:00,,"0.0",2,"Automóvil,Moto/Ciclomotor","Av. Pellegrini Y Maipu",3,2,0,0,1,0,0,,"Calle",,"ROSARIO","Rosario","Asfalto","Pavimento","II","Dentro","Urbana","Ninguna","Funciona","Intersección","Bueno","Buena","Diurna","Buen Tiempo","Lateral","S/D","Colisión","Ninguna","Vertical","Cordón divisorio","Sin restricción"
2017,3230,6/12/2017,"Lunes",0,14:00:00,,"0.0",2,"Automóvil,Peatón","Av. Pellegrini Y Maipu",3,0,1,0,2,0,0,,"Calle",,"ROSARIO","Rosario","Asfalto","Pavimento","II","Dentro","Urbana","Semáforo","Funciona","Intersección","Bueno","Buena","Diurna","Buen Tiempo","S/D","Peatón","Atropello","Ninguna","Vertical","Cordón divisorio","Sin restricción"
2017,3231,2/1/2017,"Miercoles",0,,,"0.0",2,"Automóvil,Moto/Ciclomotor","Bv. Segui Y Av. Ovidio Lagos",2,1,0,0,1,0,0,,"Calle",,"ROSARIO","Rosario","S/D","S/D","II","Dentro","Urbana","S/D","S/D","Intersección","S/D","S/D","S/D","S/D","S/D","S/D","Colisión","S/D","S/D","S/D","S/D"
2017,3232,2/1/2017,"Miercoles",0,,,"0.0",2,"Moto/Ciclomotor,Automóvil"," ",2,1,0,0,1,0,0,,"S/D",,"HUGHES","General López","S/D","S/D","VIII","S/D","S/D","S/D","S/D","S/D","S/D","S/D","S/D","S/D","S/D","S/D","Colisión","S/D","S/D","S/D","S/D"
2017,3233,2/1/2017,"Miercoles",0,,,"0.0",2,"Moto/Ciclomotor,Moto/Ciclomotor","Calle 57-Prof Roberto Roveda 2306",5,4,0,0,1,0,0,,"Calle",,"RECONQUISTA","General Obligado","S/D","S/D","IX","Dentro","Urbana","S/D","S/D","S/D","S/D","S/D","S/D","S/D","S/D","S/D","Colisión","S/D","S/D","S/D","S/D"
2017,3234,2/2/2017,"Jueves",0,6:00:00,,"0.0",2,"Camión,Taxi/Remis","Ayacucho Y Galvez",2,1,0,0,1,0,0,,"Calle",,"ROSARIO","Rosario","S/D","S/D","II","Dentro","Urbana","S/D","S/D","Intersección","S/D","S/D","Diurna","S/D","S/D","S/D","Colisión","S/D","S/D","S/D","S/D"
2017,3235,2/2/2017,"Jueves",0,,,"0.0",2,"Moto/Ciclomotor,Moto/Ciclomotor"," ",3,3,0,0,0,0,0,,"S/D",,"TEODELINA","General López","S/D","S/D","VIII","S/D","S/D","S/D","S/D","S/D","S/D","S/D","S/D","S/D","S/D","S/D","Colisión","S/D","S/D","S/D","S/D"
2017,3236,2/3/2017,"Viernes",0,,,"0.0",2,"Pickup/Utilitario,Moto/Ciclomotor","Bv Estanislao Lopez Y La Pampa",2,1,0,0,1,0,0,,"Calle",,"ROLDÁN","San Lorenzo","S/D","S/D","XVII","Dentro","Urbana","S/D","S/D","S/D","S/D","S/D","S/D","S/D","S/D","S/D","Colisión","S/D","S/D","S/D","S/D"
2017,3237,2/4/2017,"Sabado",0,,,"0.0",2,"Moto/Ciclomotor,Moto/Ciclomotor","Calle 330 Y Calle 315",2,2,0,0,0,0,0,,"Calle",,"AVELLANEDA","General Obligado","S/D","S/D","IX","Dentro","Urbana","S/D","S/D","S/D","S/D","S/D","S/D","S/D","S/D","S/D","Colisión","S/D","S/D","S/D","S/D"
2017,3238,2/4/2017,"Sabado",0,,,"0.0",2,"Pickup/Utilitario,Moto/Ciclomotor","Republica Argentina Y Matacos",2,1,0,0,1,0,0,,"Calle",,"TOSTADO","9 de Julio","S/D","S/D","XII","Dentro","Urbana","S/D","S/D","Intersección","S/D","S/D","S/D","S/D","S/D","S/D","Colisión","S/D","S/D","S/D","S/D"
2017,3239,2/2/2017,"Jueves",0,,"Ruta Nacional 11","0.0",2,"Pickup/Utilitario,Moto/Ciclomotor","Bv Belgrano ",3,2,0,0,1,0,0,,"Ruta",11,"CALCHAQUÍ","Vera","S/D","S/D","XIX","Dentro","Urbana","S/D","S/D","Intersección","S/D","S/D","S/D","S/D","S/D","S/D","Colisión","S/D","S/D","S/D","S/D"
2017,3240,2/4/2017,"Sabado",0,12:30:00,"Ruta Nacional 33","0.0",1,"Moto/Ciclomotor"," ",1,1,0,0,0,0,0,,"Ruta",33,"PEREZ","Rosario","S/D","S/D","II","Dentro","Rural","S/D","S/D","Cruce","S/D","S/D","Diurna","S/D","S/D","S/D","Caída ocupante","S/D","S/D","S/D","S/D"
2017,3241,2/4/2017,"Sabado",0,16:25:00,,"0.0",1,"Transporte de Pasajeros Urbano (> 8 asientos)","Mendoza Y Sucre",4,3,0,0,1,0,0,,"Calle",,"ROSARIO","Rosario","S/D","S/D","II","Dentro","Urbana","S/D","S/D","Recta","S/D","S/D","Diurna","S/D","S/D","S/D","Caída ocupante","S/D","S/D","S/D","S/D"
2017,3243,2/4/2017,"Sabado",0,5:45:00,"Ruta Provincial 1","4.5",1,"Automóvil"," ",1,0,0,0,0,1,0,"-31.61691, -60.58844","Ruta",1,"SAN JOSÉ DEL RINCÓN","La Capital","S/D","S/D","I","Dentro","Urbana","S/D","S/D","Recta","S/D","S/D","Amanecer","S/D","Contra objeto fijo","S/D","Colisión","S/D","S/D","S/D","S/D"
2017,3244,2/5/2017,"Domingo",0,,,"0.0",2,"Automóvil,Moto/Ciclomotor","Tucuman Y Av Leandro Alem",8,1,1,0,6,0,0,,"Calle",,"SANTA FE","La Capital","S/D","S/D","I","Dentro","Urbana","S/D","S/D","Intersección","S/D","S/D","S/D","S/D","S/D","S/D","Colisión","S/D","S/D","S/D","S/D"
2017,3245,2/9/2017,"Jueves",0,,,"0.0",2,"Vehículo Oficial,Automóvil","J.B.Justo Y Ferreyra",4,4,0,0,0,0,0,,"Calle",,"ROSARIO","Rosario","S/D","S/D","II","Dentro","Urbana","S/D","S/D","S/D","S/D","S/D","S/D","S/D","S/D","S/D","Colisión","S/D","S/D","S/D","S/D"
2017,3246,2/9/2017,"Jueves",0,21:30:00,,"0.0",2,"Moto/Ciclomotor,Peatón","Pje. Cerrillos Y Liniers",2,1,0,0,1,0,0,,"Calle",,"ROSARIO","Rosario","S/D","S/D","II","Dentro","Urbana","S/D","S/D","Intersección","S/D","S/D","Nocturna","S/D","S/D","Peatón","Atropello","S/D","S/D","S/D","S/D"
2017,3247,2/10/2017,"Viernes",0,22:00:00,,"0.0",3,"Camión,Camión,Automóvil","Av Leandro Alem Y Belgrano",3,1,0,0,2,0,0,,"Calle",,"SANTA FE","La Capital","S/D","S/D","I","Dentro","Urbana","S/D","S/D","S/D","S/D","S/D","S/D","S/D","Múltiple","S/D","Colisión","S/D","S/D","S/D","S/D"
2017,3248,6/11/2017,"Domingo",0,18:30:00,,"0.0",2,"Automóvil,Bicicleta","Paraguay Y 3 De Febrero",2,1,0,0,1,0,0,,"Calle",,"ROSARIO","Rosario","Asfalto","Pavimento","II","Dentro","Urbana","Ninguna","No existe","Intersección","Bueno","Buena","Diurna","Buen Tiempo","S/D","Ciclista","Atropello","Ninguna","Horizontal","Cordón divisorio","Sin restricción"
2017,3249,6/3/2017,"Sabado",0,13:50:00,,"0.0",3,"Pickup/Utilitario,Moto/Ciclomotor,Peatón","3 De Febrero Y Buenos Aires",3,2,0,0,1,0,0,,"Calle",,"ROSARIO","Rosario","Asfalto","Pavimento","II","Dentro","Urbana","S/D","S/D","Intersección","Bueno","Buena","Diurna","Buen Tiempo","Múltiple","Peatón","Atropello","Ninguna","S/D","Cordón divisorio","Sin restricción"
2017,3250,6/9/2017,"Viernes",0,12:30:00,,"0.0",2,"Bicicleta,Automóvil","Mitre 1300",2,1,0,0,1,0,0,,"Calle",,"ROSARIO","Rosario","Asfalto","Pavimento","II","Dentro","Urbana","Ninguna","S/D","Recta","Bueno","Buena","Diurna","Buen Tiempo","S/D","Ciclista","Atropello","S/D","S/D","Cordón divisorio","Sin restricción"