"anio_acci","nro_acci","fecha","desc_dia","fecha_aprox","hora_aprox","desc_ruta","km","cant_participantes","desc_participante","calle_avenida_km","total","heridos_leves","heridos_graves","heridos_gravisimos","ilesos","fallecidos","sin_datos","posicion_XY","desc_tipo_via","desc_ruta_ori","desc_loc","desc_dpto","desc_tipo_calzada","desc_tipo_banquina","desc_unidad_regional","desc_lugar_calzada","desc_zona","desc_prioridad","desc_estado_semaforo","desc_lugar_via","desc_estado_via","desc_estado_visibilidad","desc_luminosidad","desc_estado_clima","desc_tipo_colision","desc_tipo_atropello","desc_tipo_hecho","desc_pres_calzada","desc_senializacion","desc_separacion_via","desc_restriccion"
2017,3251,6/7/2017,"Miercoles",0,17:25:00,,"0.0",2,"Moto/Ciclomotor,Moto/Ciclomotor","Av. Pellegrini Y Colon",2,1,0,0,1,0,0,,"Calle",,"ROSARIO","Rosario","Asfalto","Pavimento","II","Dentro","Urbana","Semáforo","Funciona","Intersección","Bueno","Buena","Diurna","Buen Tiempo","Lateral","S/D","Colisión","Ninguna","Vertical","Cordón divisorio","Sin restricción"
2017,3252,6/8/2017,"Jueves",0,22:30:00,,"0.0",2,"Automóvil,Peatón","San Juan De Luz Y Sarmiento",2,1,0,0,1,0,0,,"Calle",,"ROSARIO","Rosario","Asfalto","Pavimento","II","Dentro","Urbana","Semáforo","Funciona","Intersección","Bueno","Buena","Nocturna","Buen Tiempo","S/D","Peatón","Atropello","Ninguna","Vertical","Cordón divisorio","Sin restricción"
2017,3253,6/9/2017,"Viernes",0,19:00:00,,"0.0",3,"Automóvil,Automóvil,Peatón","San Luis 900",5,1,0,0,4,0,0,,"Calle",,"ROSARIO","Rosario","Asfalto","Pavimento","II","Dentro","Urbana","Ninguna","S/D","Recta","Bueno","Buena","Diurna","Buen Tiempo","Múltiple","Peatón","Atropello","Ninguna","S/D","Cordón divisorio","Sin restricción"
2017,3254,6/5/2017,"Lunes",0,16:00:00,,"0.0",2,"Moto/Ciclomotor,Camión Chasis","Mariano Moreno Y Mendoza",2,0,1,0,1,0,0,,"Calle",,"SAN CARLOS CENTRO","Las Colonias","Ripio","No existe","XI","Dentro","Urbana","Ninguna","No existe","Intersección","Bueno","Buena","Diurna","Buen Tiempo","S/D","S/D","Colisión","Ninguna","Faltante","Ninguna","Sin restricción"
2017,3255,6/11/2017,"Domingo",0,14:30:00,,"0.0",2,"Moto/Ciclomotor,Automóvil","Mariano Moreno Y 9 de Julio",2,1,0,0,1,0,0,,"Calle",,"FRANCK","Las Colonias","Hormigón","No existe","XI","Dentro","Urbana","Ninguna","No existe","Intersección","Con baches","Buena","Diurna","Buen Tiempo","Lateral","S/D","Colisión","Ninguna","Vertical","Cordón divisorio","S/D"
2017,3256,6/29/2017,"Jueves",0,8:05:00,,"0.0",2,"Moto/Ciclomotor,Automóvil","San Martin Y San Lorenzo",2,1,0,0,1,0,0,,"Calle",,"FRANCK","Las Colonias","Asfalto","Pavimento","XI","Dentro","Urbana","Ninguna","No existe","Intersección","Bueno","S/D","Diurna","Buen Tiempo","Lateral","S/D","Colisión","Ninguna","Horizontal","Ninguna","Sin restricción"
2017,3257,6/10/2017,"Sabado",0,11:15:00,,"0.0",2,"Pickup/Utilitario,Automóvil","Santiago del Estero Y J J Passo",3,1,0,0,0,0,2,,"Calle",,"SAN LORENZO","San Lorenzo","Asfalto","Natural","XVII","Dentro","Urbana","Ninguna","No existe","Intersección","Bueno","Buena","Diurna","S/D","S/D","S/D","Colisión","Ninguna","Horizontal","Ninguna","Sin restricción"
2017,3258,2/9/2017,"Jueves",0,17:50:00,,"0.0",2,"Moto/Ciclomotor,Vehículo Oficial","Roque Saenz Peña Y Av Gral Lopez",3,3,0,0,0,0,0,,"Calle",,"SANTA FE","La Capital","S/D","S/D","I","Dentro","Urbana","S/D","S/D","Intersección","S/D","S/D","Diurna","S/D","S/D","S/D","Colisión","S/D","S/D","S/D","S/D"
2017,3259,2/10/2017,"Viernes",0,9:50:00,,"0.0",1,"Moto/Ciclomotor","Bordabehere 4960",1,1,0,0,0,0,0,,"Calle",,"ROSARIO","Rosario","S/D","S/D","II","Dentro","Urbana","S/D","S/D","S/D","S/D","Reducida","Diurna","S/D","S/D","S/D","Caída ocupante","S/D","S/D","S/D","S/D"
2017,3260,2/9/2017,"Jueves",0,13:40:00,,"0.0",2,"Automóvil,Moto/Ciclomotor","Juan B Justo Y Las heras",7,1,0,0,6,0,0,"-33.031527777778,-60.629833333333","Calle",,"VILLA GOBERNADOR GÁLVEZ","Rosario","S/D","S/D","II","Dentro","Urbana","S/D","S/D","S/D","S/D","S/D","Diurna","S/D","S/D","S/D","Colisión","S/D","S/D","S/D","S/D"
2017,3261,2/10/2017,"Viernes",0,,"Ruta Nacional 33","631.0",2,"Camión c / Acoplado,Pickup/Utilitario"," ",3,3,0,0,0,0,0,,"Ruta",33,"SANCTI SPÍRITU","General López","S/D","S/D","VIII","Dentro","Rural","S/D","S/D","Recta","S/D","S/D","Nocturna","S/D","S/D","S/D","Colisión","S/D","S/D","S/D","S/D"
2017,3262,2/10/2017,"Viernes",0,,,"0.0",2,"Pickup/Utilitario,Moto/Ciclomotor"," ",2,1,0,0,1,0,0,,"S/D",,"HUGHES","General López","S/D","S/D","VIII","S/D","S/D","S/D","S/D","S/D","S/D","S/D","S/D","S/D","S/D","S/D","Colisión","S/D","S/D","S/D","S/D"
2017,3263,1/11/2017,"Miercoles",0,20:30:00,"Ruta Nacional 11","0.0",3,"Bicicleta,Bicicleta,Moto/Ciclomotor"," ",4,2,0,0,2,0,0,,"Ruta",11,"FLORENCIA","General Obligado","S/D","S/D","IX","Dentro","Rural","S/D","S/D","Recta","S/D","Reducida","Atardecer","S/D","S/D","Ciclista","Atropello","S/D","S/D","S/D","S/D"
2017,3264,2/11/2017,"Sabado",0,,,"0.0",2,"Moto/Ciclomotor,Moto/Ciclomotor","Calle 11 Y Calle 10",2,1,1,0,0,0,0,,"Calle",,"TACUARENDÍ","General Obligado","S/D","S/D","IX","Dentro","Urbana","S/D","S/D","S/D","S/D","S/D","S/D","S/D","S/D","S/D","Colisión","S/D","S/D","S/D","S/D"
2017,3265,2/12/2017,"Domingo",0,,,"0.0",2,"Moto/Ciclomotor,Peatón","Av. Pellegrini Y Vera Mujica",3,1,0,0,2,0,0,,"Calle",,"ROSARIO","Rosario","S/D","S/D","II","Dentro","Urbana","S/D","S/D","S/D","S/D","S/D","Diurna","S/D","S/D","Peatón","Atropello","S/D","S/D","S/D","S/D"
2017,3266,2/12/2017,"Domingo",0,,,"0.0",2,"Moto/Ciclomotor,Peatón"," ",3,2,0,0,0,0,1,,"S/D",,"TEODELINA","General López","S/D","S/D","VIII","S/D","S/D","S/D","S/D","S/D","S/D","S/D","S/D","S/D","S/D","Peatón","Atropello","S/D","S/D","S/D","S/D"
2017,3267,2/13/2017,"Lunes",0,20:50:00,,"0.0",2,"Moto/Ciclomotor,Peatón","Av. Provincias Unidas Y French",2,2,0,0,0,0,0,,"Calle",,"ROSARIO","Rosario","S/D","S/D","II","Dentro","Urbana","S/D","S/D","S/D","S/D","S/D","Nocturna","S/D","S/D","Peatón","Atropello","S/D","S/D","S/D","S/D"
2017,3268,2/14/2017,"Martes",0,,,"0.0",2,"Automóvil,Bicicleta"," ",2,1,0,0,1,0,0,,"S/D",,"CASILDA","Caseros","S/D","S/D","IV","S/D","S/D","S/D","S/D","S/D","S/D","S/D","S/D","S/D","S/D","Ciclista","Atropello","S/D","S/D","S/D","S/D"
2017,3269,2/14/2017,"Martes",0,,,"0.0",2,"Automóvil,Moto/Ciclomotor","Corrientes Y Rosario",2,1,0,0,1,0,0,,"Calle",,"VERA","Vera","S/D","S/D","XIX","Dentro","Urbana","S/D","S/D","S/D","S/D","S/D","S/D","S/D","S/D","S/D","Colisión","S/D","S/D","S/D","S/D"
2017,3270,2/15/2017,"Miercoles",0,17:25:00,,"0.0",2,"Automóvil,Moto/Ciclomotor","Av. Francia Y Santa Fe",3,2,0,0,1,0,0,,"Calle",,"ROSARIO","Rosario","S/D","S/D","II","Dentro","Urbana","S/D","S/D","Intersección","S/D","S/D","Diurna","S/D","S/D","S/D","Colisión","S/D","S/D","S/D","S/D"
2017,3271,2/16/2017,"Jueves",0,1:00:00,,"0.0",1,"Automóvil"," ",3,1,0,0,2,0,0,,"S/D",,"CALCHAQUÍ","Vera","S/D","S/D","XIX","S/D","Rural","S/D","S/D","Recta","S/D","S/D","Nocturna","S/D","S/D","S/D","Vuelco","S/D","S/D","S/D","S/D"
2017,3272,6/6/2017,"Martes",0,13:00:00,,"0.0",2,"Moto/Ciclomotor,Automóvil","Dorrego Y Artigas",3,2,0,0,1,0,0,,"Calle",,"SAN LORENZO","San Lorenzo","Asfalto","Natural","XVII","Dentro","Urbana","Ninguna","No existe","Intersección","Bueno","Buena","Diurna","S/D","S/D","S/D","Colisión","Ninguna","Faltante","Ninguna","Sin restricción"
2017,3273,6/4/2017,"Domingo",0,7:46:00,,"0.0",2,"Automóvil,Automóvil","Irigoyen Y Salta",2,1,0,0,1,0,0,,"Calle",,"SAN LORENZO","San Lorenzo","Asfalto","Natural","XVII","Dentro","Urbana","Ninguna","No existe","Intersección","Bueno","Buena","Diurna","Buen Tiempo","S/D","S/D","Colisión","Ninguna","Faltante","Ninguna","Sin restricción"
2017,3274,6/16/2017,"Viernes",0,17:00:00,,"0.0",2,"Peatón,Pickup/Utilitario","CORDOBA Y ALBERDI",2,1,0,0,1,0,0,,"Calle",,"PUEBLO ESTHER","Rosario","S/D","S/D","II","Dentro","Urbana","S/D","S/D","Intersección","S/D","S/D","Diurna","S/D","S/D","Peatón","Atropello","S/D","S/D","S/D","S/D"
2017,3275,6/12/2017,"Lunes",0,2:00:00,,"0.0",2,"Automóvil,Automóvil","SAN MARTIN Y IRIGOYEN ",3,2,0,0,1,0,0,,"Calle",,"PUEBLO ESTHER","Rosario","Asfalto","S/D","II","Dentro","Urbana","S/D","No existe","S/D","S/D","S/D","Nocturna","S/D","De alcance","S/D","Colisión","S/D","S/D","S/D","S/D"
2017,3276,6/7/2017,"Miercoles",0,19:00:00,,"0.0",2,"Automóvil,Moto/Ciclomotor","Congreso Y 20 de Junio",2,1,0,0,1,0,0,,"Calle",,"VILLA GOBERNADOR GÁLVEZ","Rosario","Asfalto","No existe","II","Dentro","Urbana","Ninguna","No existe","Intersección","Con baches","Reducida","Atardecer,Con luz artificial","Buen Tiempo","Lateral","S/D","Colisión","Ninguna","Faltante","Ninguna","S/D"
2017,3277,6/7/2017,"Miercoles",0,23:40:00,,"0.0",2,"Automóvil,Automóvil","Av Gral San Martin Y Velez Sarfield",2,1,0,0,1,0,0,,"Calle",,"VILLA GOBERNADOR GÁLVEZ","Rosario","Asfalto","No existe","II","Dentro","Urbana","Ninguna","No existe","Intersección","Bueno","Buena","Nocturna,Con luz artificial","Buen Tiempo","Lateral","S/D","Colisión","Ninguna","Faltante","Ninguna","Sin restricción"
2017,3278,6/10/2017,"Sabado",0,18:00:00,,"0.0",2,"Bicicleta,Automóvil","Alvear Y Fornieles",2,1,0,0,1,0,0,,"Calle",,"VILLA GOBERNADOR GÁLVEZ","Rosario","Asfalto","No existe","II","Dentro","Urbana","Ninguna","No existe","Intersección","Con baches","Reducida","Atardecer","Buen Tiempo","S/D","Ciclista","Atropello","Ninguna","Faltante","Ninguna","Sin restricción"
2017,3279,6/10/2017,"Sabado",0,17:30:00,,"0.0",2,"Moto/Ciclomotor,Automóvil","Av Gral San Martin Y Av de Circunvalacion",2,1,0,0,1,0,0,,"Calle",,"VILLA GOBERNADOR GÁLVEZ","Rosario","Asfalto","No existe","II","Dentro","Urbana","Ninguna","No existe","Intersección","Bueno","Buena","Diurna","Buen Tiempo","Lateral","S/D","Colisión","Ninguna","Faltante","Ninguna","Sin restricción"
2017,3280,6/16/2017,"Viernes",0,18:00:00,,"0.0",2,"Moto/Ciclomotor,Automóvil","Av Gral San Martin Y Artigas",2,1,0,0,1,0,0,,"Calle",,"VILLA GOBERNADOR GÁLVEZ","Rosario","Asfalto","No existe","II","Dentro","Urbana","Ninguna","No existe","Intersección","Bueno","Buena","Atardecer","Buen Tiempo","Lateral","S/D","Colisión","Ninguna","Faltante","Ninguna","Sin restricción"
2017,3281,6/19/2017,"Lunes",0,19:05:00,,"0.0",2,"Moto/Ciclomotor,Pickup/Utilitario","chile Y Espora",3,2,0,0,1,0,0,,"Calle",,"VILLA GOBERNADOR GÁLVEZ","Rosario","Asfalto","No existe","II","Dentro","Urbana","Ninguna","No existe","Intersección","Bueno","Buena","Atardecer","Buen Tiempo","Lateral","S/D","Colisión","Ninguna","Faltante","Ninguna","Sin restricción"
2017,3282,6/24/2017,"Sabado",0,22:15:00,,"0.0",1,"Automóvil","Av Juan Domingo Peron Y Iglesias",1,1,0,0,0,0,0,,"Calle",,"VILLA GOBERNADOR GÁLVEZ","Rosario","Asfalto","No existe","II","Dentro","Urbana","Ninguna","No existe","Intersección","Bueno","Buena","Nocturna","Buen Tiempo","Contra objeto fijo","S/D","Colisión","Ninguna","Faltante","Ninguna","Sin restricción"
2017,3283,6/11/2017,"Domingo",0,4:15:00,,"0.0",2,"Automóvil,Moto/Ciclomotor","Soldado Aguirre Y Marcos Paz",3,2,0,0,1,0,0,,"Calle",,"VILLA GOBERNADOR GÁLVEZ","Rosario","Asfalto","No existe","II","Dentro","Urbana","Ninguna","No existe","Intersección","Deteriorada","Buena","Nocturna","Buen Tiempo","Lateral","S/D","Colisión","S/D","Faltante","S/D","Sin restricción"
2017,3284,6/5/2017,"Lunes",0,2:35:00,"Autopista Nacional Gral. Juan Jose Valle","285.0",1,"Automóvil"," ",3,0,2,0,1,0,0,,"Autopista","Gral. Juan Jose Valle","VILLA GOBERNADOR GÁLVEZ","Rosario","Asfalto","Natural","II","Dentro","Urbana","Ninguna","No existe","Recta","Bueno","Buena","Nocturna","Buen Tiempo","S/D","S/D","Despiste","Ninguna","Horizontal,Vertical","Guardarrail","Sin restricción"
2017,3285,6/11/2017,"Domingo",0,13:55:00,,"0.0",2,"Moto/Ciclomotor,Automóvil","Urquiza Y Rivadavia",3,1,1,0,1,0,0,,"Calle",,"GENERAL LAGOS","Rosario","Asfalto","No existe","II","Dentro","Urbana","Ninguna","No existe","Intersección","Bueno","Buena","Diurna","Buen Tiempo","De alcance","S/D","Colisión","Ninguna","Faltante","Ninguna","Sin restricción"
2017,3286,6/2/2017,"Viernes",0,6:10:00,"Ruta Provincial 21","0.0",2,"Moto/Ciclomotor,Automóvil","Belgrano ",2,1,0,0,1,0,0,,"Ruta",21,"ALVEAR","Rosario","Asfalto","Natural","II","Dentro","Urbana","Ninguna","S/D","Recta","Bueno","Buena","Amanecer","Buen Tiempo","Lateral","S/D","Colisión","Ninguna","Faltante","Línea divisoria pintada","Sin restricción"
2017,3287,6/7/2017,"Miercoles",0,20:50:00,"Autopista Nacional Gral. Juan Jose Valle","0.0",2,"Camión c / Acoplado,Pickup/Utilitario"," ",5,3,0,0,2,0,0,,"Autopista","Gral. Juan Jose Valle","ALVEAR","Rosario","Asfalto","Natural","II","Dentro","Rural","Ninguna","No existe","Recta","Bueno","Buena","Nocturna","Buen Tiempo","S/D","S/D","Colisión","Ninguna","S/D","Línea divisoria pintada","S/D"
2017,3288,6/22/2017,"Jueves",0,22:00:00,,"0.0",2,"Automóvil,Automóvil","M. FLORES Y CAMINO BOERO",2,2,0,0,0,0,0,,"Calle",,"ALVEAR","Rosario","Tierra","Natural","II","Dentro","Urbana","Ninguna","No existe","Recta","Con baches","Reducida","Nocturna","Buen Tiempo","Lateral","S/D","Colisión","Ninguna","S/D","Ninguna","S/D"
2017,3289,6/5/2017,"Lunes",0,13:30:00,,"0.0",3,"Taxi/Remis,Automóvil,Taxi/Remis","Guemes 2608",3,1,0,0,2,0,0,,"Calle",,"ROSARIO","Rosario","Asfalto","No existe","II","S/D","Urbana","Ninguna","S/D","Recta","Bueno","Buena","Diurna","Otro","Otro","S/D","Colisión","Ninguna","Horizontal","Ninguna","Sin restricción"
2017,3290,6/26/2017,"Lunes",0,21:00:00,"Ruta Provincial 21","289.0",2,"Moto/Ciclomotor,Bicicleta"," ",2,2,0,0,0,0,0,,"Ruta",21,"ALVEAR","Rosario","Asfalto","Natural","II","Dentro","Urbana","Ninguna","No existe","Recta","Bueno","Buena","Nocturna","Buen Tiempo","S/D","Ciclista","Atropello","Ninguna","Faltante","Línea divisoria pintada","Sin restricción"
2017,3291,6/9/2017,"Viernes",0,14:30:00,,"0.0",2,"Taxi/Remis,Automóvil","Catamarca Y Santiago",3,1,0,0,2,0,0,,"Calle",,"ROSARIO","Rosario","Asfalto","S/D","II","S/D","Urbana","Ninguna","S/D","Recta","Bueno","Buena","Diurna","Otro","Otro","S/D","Otro","Ninguna","S/D","Ninguna","Sin restricción"
2017,3292,6/10/2017,"Sabado",0,19:45:00,,"0.0",2,"Transporte de Pasajeros Urbano (> 8 asientos),Bicicleta","San Nicolas Y Salta",2,0,1,0,1,0,0,,"S/D",,"ROSARIO","Rosario","Asfalto","No existe","II","S/D","S/D","Ninguna","Funciona","Recta","Bueno","Buena","Nocturna","Buen Tiempo","S/D","Ciclista","Atropello","Ninguna","S/D","Ninguna","Sin restricción"
2017,3293,6/15/2017,"Jueves",0,21:20:00,,"0.0",2,"Moto/Ciclomotor,Automóvil","Av. Francia Y Salta",2,1,0,0,1,0,0,,"Calle",,"ROSARIO","Rosario","Asfalto","No existe","II","S/D","Urbana","Semáforo","Funciona","Recta","Bueno","Buena","Nocturna","Buen Tiempo","Otro","S/D","Otro","Ninguna","Vertical","Ninguna","Obra en Construcción"
2017,3294,6/6/2017,"Martes",0,13:40:00,,"0.0",3,"Moto/Ciclomotor,Moto/Ciclomotor,Moto/Ciclomotor","Balcarce 1100",3,3,0,0,0,0,0,,"Calle",,"VILLA GOBERNADOR GÁLVEZ","Rosario","Asfalto","No existe","II","Dentro","Urbana","Ninguna","No existe","Recta","Bueno","Buena","Diurna","Buen Tiempo","Múltiple","S/D","Colisión","Ninguna","Faltante","Ninguna","Sin restricción"
2017,3295,6/17/2017,"Sabado",0,0:30:00,,"0.0",2,"Automóvil,Taxi/Remis","Santa Fe Y Cafferata",3,1,0,0,2,0,0,,"Calle",,"ROSARIO","Rosario","Asfalto","No existe","II","S/D","Urbana","Semáforo","S/D","Recta","Bueno","Buena","Nocturna","Buen Tiempo","Otro","S/D","Otro","Ninguna","Vertical","Ninguna","Sin restricción"
2017,3296,6/7/2017,"Miercoles",0,13:15:00,,"0.0",2,"Bicicleta,Transporte de Pasajeros Urbano (> 8 asientos)","Soldado Aguirre Y Buenos Aires",2,1,0,0,1,0,0,,"Calle",,"VILLA GOBERNADOR GÁLVEZ","Rosario","Asfalto","No existe","II","Dentro","Urbana","Ninguna","No existe","Intersección","Bueno","Buena","Diurna","Buen Tiempo","S/D","S/D","Colisión","Ninguna","Faltante","Ninguna","Sin restricción"
2017,3297,6/12/2017,"Lunes",0,20:45:00,,"0.0",2,"Automóvil,Moto/Ciclomotor","Avellaneda Y Ing Mosconi",3,2,0,0,1,0,0,,"Calle",,"VILLA GOBERNADOR GÁLVEZ","Rosario","Asfalto","No existe","II","Dentro","Urbana","Ninguna","No existe","Intersección","Otro","Buena","Nocturna","Buen Tiempo","S/D","S/D","S/D","Ninguna","Faltante","Ninguna","Sin restricción"
2017,3298,6/25/2017,"Domingo",0,20:00:00,,"0.0",2,"Automóvil,Moto/Ciclomotor","Pasteur Y Eva Peron",2,1,0,0,1,0,0,,"Calle",,"VILLA GOBERNADOR GÁLVEZ","Rosario","Asfalto","No existe","II","Dentro","Urbana","Ninguna","No existe","Intersección","Bueno","Buena","Nocturna","Buen Tiempo","S/D","S/D","Colisión","Ninguna","Faltante","Ninguna","Sin restricción"
2017,3299,6/10/2017,"Sabado",0,17:00:00,,"0.0",2,"Automóvil,Automóvil","17 de Octubre Y Nogues",2,1,0,0,1,0,0,,"Calle",,"VILLA GOBERNADOR GÁLVEZ","Rosario","Asfalto","No existe","II","Dentro","Urbana","Ninguna","No existe","Recta","Bueno","Buena","Diurna","Buen Tiempo","De alcance","S/D","Colisión","Ninguna","Faltante","Ninguna","Sin restricción"
2017,3300,6/17/2017,"Sabado",0,7:45:00,,"0.0",2,"Moto/Ciclomotor,Automóvil","Alvear Y 3 de Febrero",2,1,0,0,1,0,0,,"Calle",,"VILLA GOBERNADOR GÁLVEZ","Rosario","Asfalto","No existe","II","Dentro","Urbana","Ninguna","No existe","Recta","Bueno","Buena","Diurna","Buen Tiempo","De alcance","S/D","Colisión","Ninguna","Faltante","Ninguna","Sin restricción"
2017,3301,6/1/2017,"Jueves",0,12:45:00,,"0.0",2,"Automóvil,Moto/Ciclomotor","17 de Octubre Y Thompson",2,1,0,0,1,0,0,,"Calle",,"VILLA GOBERNADOR GÁLVEZ","Rosario","Asfalto","No existe","II","Dentro","Urbana","Ninguna","No existe","Recta","Deteriorada","Buena","Diurna","Buen Tiempo","De alcance","S/D","Colisión","Ninguna","Faltante","Ninguna","Sin restricción"
2017,3302,6/23/2017,"Viernes",0,7:00:00,,"0.0",2,"Moto/Ciclomotor,Moto/Ciclomotor","San Juan Y Nogues",2,2,0,0,0,0,0,,"Calle",,"VILLA GOBERNADOR GÁLVEZ","Rosario","Asfalto","S/D","II","Dentro","Urbana","Ninguna","S/D","Intersección","Deteriorada","Buena","Diurna","Buen Tiempo","De alcance","S/D","Colisión","Ninguna","Faltante","Ninguna","Sin restricción"
2017,3303,6/22/2017,"Jueves",0,10:35:00,,"0.0",2,"Automóvil,Automóvil","Tucuman Y San Nicolas",2,1,0,0,1,0,0,,"Calle",,"ROSARIO","Rosario","S/D","No existe","II","S/D","Urbana","Ninguna","S/D","Recta","Otro","Buena","S/D","Otro","Lateral","S/D","Otro","Ninguna","S/D","Ninguna","Sin restricción"
2017,3304,2/19/2017,"Domingo",0,22:40:00,,"0.0",2,"Pickup/Utilitario,Automóvil","Sarmiento 3500",5,1,0,0,4,0,0,,"Calle",,"ROSARIO","Rosario","S/D","S/D","II","Dentro","Urbana","S/D","S/D","Intersección","S/D","S/D","Nocturna","S/D","S/D","S/D","Colisión","S/D","S/D","S/D","S/D"
2017,3305,1/20/2017,"Viernes",0,7:25:00,,"0.0",2,"Automóvil,Moto/Ciclomotor"," ",2,0,1,0,1,0,0,,"Calle",,"SANTA FE","La Capital","S/D","S/D","I","Dentro","Urbana","S/D","S/D","Intersección","S/D","S/D","Diurna","S/D","S/D","S/D","Colisión","S/D","S/D","S/D","S/D"
2017,3306,2/20/2017,"Lunes",0,,,"0.0",1,"Moto/Ciclomotor","Presidente Bernardino Rivadavi 2000",2,1,0,0,1,0,0,,"Calle",,"CASILDA","Caseros","S/D","S/D","IV","Dentro","Urbana","S/D","S/D","Intersección","S/D","S/D","S/D","S/D","S/D","S/D","Caída ocupante","S/D","S/D","S/D","S/D"
2017,3307,2/20/2017,"Lunes",0,23:00:00,"Ruta Nacional 11","0.0",2,"Moto/Ciclomotor,Automóvil","Gral Lopez ",4,2,0,0,2,0,0,,"Ruta",11,"FRAY LUIS BELTRÁN","San Lorenzo","S/D","S/D","XVII","Dentro","Urbana","S/D","S/D","Intersección","S/D","S/D","Nocturna","S/D","S/D","S/D","Colisión","S/D","S/D","S/D","S/D"
2017,3308,2/21/2017,"Martes",0,,,"0.0",2,"Vehículo Oficial,Moto/Ciclomotor","Calle 6 Y Pasaje 23",3,1,0,0,2,0,0,,"Calle",,"SANTO TOMÉ","La Capital","S/D","S/D","I","Dentro","Urbana","S/D","S/D","Intersección","S/D","S/D","S/D","S/D","S/D","S/D","Colisión","S/D","S/D","S/D","S/D"
2017,3309,1/20/2017,"Viernes",0,11:20:00,"Ruta Nacional 34","0.0",2,"Camión,Automóvil","Ruta Prov 65 ",2,1,0,0,1,0,0,,"Ruta",34,"SAN GENARO","San Jerónimo","S/D","S/D","XV","Dentro","Urbana","S/D","S/D","Cruce","S/D","S/D","Diurna","S/D","S/D","S/D","Colisión","S/D","S/D","S/D","S/D"
2017,3310,2/23/2017,"Jueves",0,17:50:00,,"0.0",2,"Automóvil,Peatón","Roullon Y Pasco",2,1,0,0,1,0,0,,"Calle",,"ROSARIO","Rosario","S/D","S/D","II","Dentro","Urbana","S/D","S/D","Intersección","S/D","S/D","Diurna","S/D","S/D","Peatón","Atropello","S/D","S/D","S/D","S/D"
2017,3311,6/26/2017,"Lunes",0,22:30:00,,"0.0",2,"Moto/Ciclomotor,Automóvil","Constitucion Y Tucuman",2,0,1,0,1,0,0,,"Calle",,"ROSARIO","Rosario","Asfalto","No existe","II","Dentro","Urbana","Ninguna","No existe","Recta","Bueno","Buena","Nocturna","Buen Tiempo","Otro","S/D","Colisión","Ninguna","Faltante","Ninguna","Sin restricción"
2017,3312,6/6/2017,"Martes",0,11:15:00,,"0.0",2,"Moto/Ciclomotor,Bicicleta","Escauriza Y G.Carrasco",2,2,0,0,0,0,0,,"Calle",,"ROSARIO","Rosario","Asfalto","No existe","II","S/D","Urbana","Otra Señal","No existe","Intersección","Bueno","Buena","Diurna","Buen Tiempo","S/D","Ciclista","Atropello","Ninguna","Vertical","S/D","Sin restricción"
2017,3313,6/9/2017,"Viernes",0,14:16:00,,"0.0",2,"Automóvil,Automóvil","Mont Cenis Y Tierra del Fuego",3,3,0,0,0,0,0,,"Calle",,"ROSARIO","Rosario","Asfalto","No existe","II","S/D","Urbana","Ninguna","No existe","Intersección","Bueno","Buena","Diurna","Buen Tiempo","Frontal","S/D","Colisión","Ninguna","Faltante","Ninguna","Sin restricción"
2017,3314,6/10/2017,"Sabado",0,17:15:00,,"0.0",2,"Pickup/Utilitario,Moto/Ciclomotor","Matheu Y Warnes",3,2,0,0,1,0,0,,"Calle",,"ROSARIO","Rosario","Asfalto","No existe","II","Dentro","Urbana","Ninguna","No existe","Intersección","Bueno","Buena","Diurna","Buen Tiempo","Frontal","S/D","Colisión","Ninguna","Faltante","Ninguna","Sin restricción"
2017,3315,6/9/2017,"Viernes",0,15:35:00,,"0.0",2,"Moto/Ciclomotor,Camión","Spegazzini Y Urunday",2,1,0,0,1,0,0,,"S/D",,"ROSARIO","Rosario","Asfalto","No existe","II","Dentro","Urbana","Ninguna","No existe","Intersección","Bueno","Buena","Diurna","Buen Tiempo","Frontal","S/D","Colisión","S/D","S/D","Ninguna","Sin restricción"
2017,3316,6/16/2017,"Viernes",0,20:50:00,,"0.0",2,"Automóvil,Moto/Ciclomotor","Bv. Rondeau Y Av. Circunvalacion",2,1,0,0,1,0,0,,"Calle",,"ROSARIO","Rosario","Asfalto","No existe","II","Dentro","Urbana","Semáforo","Funciona","Intersección","Bueno","Buena","Nocturna","Buen Tiempo","Frontal","S/D","Colisión","Ninguna","Vertical","S/D","Sin restricción"
2017,3317,6/22/2017,"Jueves",0,19:50:00,,"0.0",2,"Automóvil,Moto/Ciclomotor","Bv. Rondeau Y Av. Circunvalacion",3,1,1,0,1,0,0,,"Calle",,"ROSARIO","Rosario","Asfalto","No existe","II","Dentro","Urbana","Semáforo","Funciona","Intersección","Bueno","Buena","Nocturna","Buen Tiempo","S/D","S/D","Colisión","Ninguna","Vertical","Cordón divisorio","Sin restricción"
2017,3318,6/29/2017,"Jueves",0,7:40:00,,"0.0",2,"Automóvil,Taxi/Remis","Darragueira Y Valle Hermoso",2,2,0,0,0,0,0,,"Calle",,"ROSARIO","Rosario","Asfalto","No existe","II","Dentro","Urbana","Ninguna","No existe","Intersección","Bueno","Buena","Diurna","Buen Tiempo","Frontal","S/D","Colisión","Ninguna","Faltante","Ninguna","Sin restricción"
2017,3319,6/2/2017,"Viernes",0,21:20:00,,"0.0",2,"Moto/Ciclomotor,Automóvil","J.J.Paso Y Fraga",3,2,0,0,1,0,0,,"Calle",,"ROSARIO","Rosario","Asfalto","No existe","II","Dentro","Urbana","Ninguna","No existe","Recta","Bueno","Buena","Nocturna","Buen Tiempo","Lateral","S/D","Colisión","Ninguna","Faltante","Línea divisoria pintada","Sin restricción"
2017,3320,6/5/2017,"Lunes",0,15:30:00,,"0.0",2,"Moto/Ciclomotor,Automóvil","Camilo Aldao Y French",4,3,0,0,1,0,0,,"Calle",,"ROSARIO","Rosario","Asfalto","No existe","II","Dentro","Urbana","Ninguna","No existe","Recta","Bueno","Buena","Diurna","Buen Tiempo","De alcance","S/D","Colisión","Ninguna","Faltante","Ninguna","Sin restricción"