"anio_acci","nro_acci","fecha","desc_dia","fecha_aprox","hora_aprox","desc_ruta","km","cant_participantes","desc_participante","calle_avenida_km","total","heridos_leves","heridos_graves","heridos_gravisimos","ilesos","fallecidos","sin_datos","posicion_XY","desc_tipo_via","desc_ruta_ori","desc_loc","desc_dpto","desc_tipo_calzada","desc_tipo_banquina","desc_unidad_regional","desc_lugar_calzada","desc_zona","desc_prioridad","desc_estado_semaforo","desc_lugar_via","desc_estado_via","desc_estado_visibilidad","desc_luminosidad","desc_estado_clima","desc_tipo_colision","desc_tipo_atropello","desc_tipo_hecho","desc_pres_calzada","desc_senializacion","desc_separacion_via","desc_restriccion"
2017,3321,6/9/2017,"Viernes",0,7:00:00,,"0.0",2,"Bicicleta,Moto/Ciclomotor","Av. Sorrento Y Av. Provincias Unidas",2,1,0,0,1,0,0,,"Calle",,"ROSARIO","Rosario","Asfalto","No existe","II","Dentro","Urbana","Señal Ceda el Paso","No existe","Recta","Bueno","Reducida","Amanecer","S/D","S/D","Ciclista","Atropello","Ninguna","Vertical","Línea divisoria pintada","Sin restricción"
2017,3322,6/14/2017,"Miercoles",0,12:20:00,,"0.0",2,"Moto/Ciclomotor,Pickup/Utilitario","J.J.Paso 7150",3,1,1,0,1,0,0,,"Calle",,"ROSARIO","Rosario","Asfalto","No existe","II","Dentro","Urbana","Ninguna","No existe","Recta","Bueno","Buena","Diurna","Buen Tiempo","Lateral","S/D","Colisión","Ninguna","Faltante","Cordón divisorio","Sin restricción"
2017,3323,6/13/2017,"Martes",0,19:15:00,,"0.0",2,"Moto/Ciclomotor,Moto/Ciclomotor","J.J.Paso Y Pje. Banco Nacion",2,1,1,0,0,0,0,,"Calle",,"ROSARIO","Rosario","Asfalto","No existe","II","Dentro","Urbana","Ninguna","No existe","Recta","Bueno","Buena","Nocturna","Buen Tiempo","Frontal","S/D","Colisión","Ninguna","Faltante","Ninguna","Sin restricción"
2017,3324,6/17/2017,"Sabado",0,16:20:00,,"0.0",2,"Moto/Ciclomotor,Automóvil","J.B.Justo Y Av. Circunvalacion",3,1,0,0,2,0,0,,"Calle",,"ROSARIO","Rosario","Asfalto","No existe","II","Dentro","Urbana","Ninguna","No existe","Recta","Bueno","Buena","Diurna","Buen Tiempo","De alcance","S/D","Colisión","Ninguna","Faltante","Ninguna","Sin restricción"
2017,3325,6/18/2017,"Domingo",0,15:25:00,,"0.0",2,"Automóvil,Peatón","Fraga 1039",2,1,0,0,1,0,0,,"Calle",,"ROSARIO","Rosario","Asfalto","No existe","II","Dentro","Urbana","Ninguna","No existe","Recta","Bueno","Buena","Diurna","Buen Tiempo","S/D","Peatón","Atropello","Ninguna","Faltante","Ninguna","Sin restricción"
2017,3326,6/27/2017,"Martes",0,14:00:00,,"0.0",2,"Moto/Ciclomotor,Automóvil","Olavarria Bis Y Jose Ingenieros",2,1,0,0,1,0,0,,"Calle",,"ROSARIO","Rosario","Asfalto","No existe","II","Dentro","Urbana","Ninguna","No existe","Recta","Bueno","Buena","Diurna","Buen Tiempo","De alcance","S/D","Colisión","Ninguna","Faltante","Ninguna","Sin restricción"
2017,3327,6/28/2017,"Miercoles",0,18:10:00,,"0.0",2,"Automóvil,Automóvil","Av. Provincias Unidas Y Av. Sorrento",2,2,0,0,0,0,0,,"Calle",,"ROSARIO","Rosario","Asfalto","No existe","II","Dentro","Urbana","Señal Ceda el Paso","No existe","Recta","Bueno","Buena","Atardecer","Buen Tiempo","Lateral","S/D","Colisión","Ninguna","Vertical","Guardarrail","Sin restricción"
2017,3328,6/22/2017,"Jueves",0,19:00:00,,"0.0",2,"Moto/Ciclomotor,Automóvil","12 de Octubre Y Saenz Peña",2,1,0,0,1,0,0,,"Calle",,"VILLA GOBERNADOR GÁLVEZ","Rosario","Asfalto","No existe","II","Dentro","Urbana","Ninguna","No existe","Intersección","Con baches","Buena","Diurna","Buen Tiempo","De alcance","S/D","Colisión","Ninguna","Faltante","Ninguna","Sin restricción"
2017,3329,6/22/2017,"Jueves",0,7:30:00,,"0.0",2,"Moto/Ciclomotor,Automóvil","Cordoba 423",2,1,0,0,1,0,0,,"Calle",,"VILLA GOBERNADOR GÁLVEZ","Rosario","S/D","No existe","II","Dentro","Urbana","Ninguna","No existe","Recta","S/D","Reducida","Amanecer","Buen Tiempo","De alcance","S/D","Colisión","S/D","Faltante","Ninguna","Sin restricción"
2017,3330,6/27/2017,"Martes",0,19:45:00,,"0.0",2,"Moto/Ciclomotor,Automóvil","Alvear Y Maipu",3,2,0,0,1,0,0,,"Calle",,"VILLA GOBERNADOR GÁLVEZ","Rosario","Asfalto","No existe","II","Dentro","Urbana","Ninguna","No existe","Recta","Con baches","Buena","Atardecer","Buen Tiempo","De alcance","S/D","Colisión","Agua","Faltante","Ninguna","Sin restricción"
2017,3331,6/27/2017,"Martes",0,6:00:00,,"0.0",2,"Automóvil,Automóvil","Cordoba Y Av de la Rivera Bis",2,1,0,0,1,0,0,,"Calle",,"VILLA GOBERNADOR GÁLVEZ","Rosario","Tierra","No existe","II","Dentro","Urbana","Ninguna","No existe","Recta","Con baches","Reducida polvo","Amanecer","Niebla","De alcance","S/D","Colisión","Ninguna","Faltante","Ninguna","Sin restricción"
2017,3332,6/4/2017,"Domingo",0,4:00:00,"Ruta Nacional 11","327.0",1,"Pickup/Utilitario","Av San Martin Y Buenos aires",1,0,0,0,0,0,1,,"Ruta",11,"SAN LORENZO","San Lorenzo","Asfalto","Natural","XVII","Dentro","Urbana","Ninguna","No existe","Intersección","Bueno","Reducida polvo","Nocturna","Otro","S/D","S/D","S/D","Ninguna","S/D","Línea divisoria pintada","Sin restricción"
2017,3333,6/3/2017,"Sabado",0,14:20:00,,"0.0",2,"Moto/Ciclomotor,Automóvil","Belgrano Y General Lopez",2,1,0,0,0,0,1,,"Calle",,"SAN LORENZO","San Lorenzo","Asfalto","S/D","XVII","Dentro","Urbana","Ninguna","S/D","Intersección","Bueno","S/D","Diurna","Otro","Múltiple","S/D","Colisión","Ninguna","Horizontal","Ninguna","Sin restricción"
2017,3334,6/1/2017,"Jueves",0,9:45:00,,"0.0",2,"Moto/Ciclomotor,Automóvil","Moreno Y Colon",2,1,0,0,0,0,1,,"Calle",,"SAN LORENZO","San Lorenzo","Asfalto","Pavimento","XVII","Dentro","Urbana","Ninguna","No existe","Intersección","Bueno","Buena","Diurna","Otro","Otro","S/D","Colisión","Ninguna","Horizontal","Ninguna","Sin restricción"
2017,3335,6/2/2017,"Viernes",0,6:05:00,,"0.0",2,"Bicicleta,Automóvil","Luis Borghi Y General Lopez",2,1,0,0,0,0,1,,"S/D",,"SAN LORENZO","San Lorenzo","Asfalto","Pavimento","XVII","S/D","S/D","Ninguna","S/D","Intersección","Bueno","Buena","Diurna","Otro","S/D","Ciclista","Atropello","Ninguna","Horizontal","Ninguna","Sin restricción"
2017,3336,5/12/2017,"Viernes",0,9:20:00,"Ruta Provincial 21","0.0",2,"Automóvil,Pickup/Utilitario"," ",3,2,0,0,1,0,0,,"Ruta",21,"ALVEAR","Rosario","Asfalto","Natural","II","Dentro","Rural","Ninguna","Funciona","Recta","Bueno","Buena","Diurna","Buen Tiempo","Lateral","S/D","Colisión","Ninguna","S/D","Línea divisoria pintada","S/D"
2017,3337,5/5/2017,"Viernes",0,13:00:00,"Ruta Provincial 21","0.0",2,"Automóvil,Camión Chasis","Av Gral San Martin Y G Lopez",2,1,0,0,1,0,0,,"Ruta",21,"VILLA GOBERNADOR GÁLVEZ","Rosario","Asfalto","No existe","II","Dentro","Urbana","Ninguna","No existe","Intersección","Bueno","Buena","Diurna","Buen Tiempo","Lateral","S/D","Colisión","Ninguna","Faltante","Ninguna","Sin restricción"
2017,3338,5/5/2017,"Viernes",0,13:25:00,"Ruta Provincial 21","0.0",2,"Automóvil,Automóvil","Av Gral San Martin Y Bv San diego",2,2,0,0,0,0,0,,"Ruta",21,"VILLA GOBERNADOR GÁLVEZ","Rosario","Asfalto","No existe","II","Dentro","Urbana","Semáforo","Funciona","Intersección","Bueno","Buena","Diurna","Buen Tiempo","Lateral","S/D","Colisión","Ninguna","Faltante","Ninguna","Sin restricción"
2017,3339,5/7/2017,"Domingo",0,17:40:00,"Ruta Provincial 21","0.0",2,"Moto/Ciclomotor,Automóvil","Av Gral San Martin Y Belgrano",3,2,0,0,1,0,0,,"Ruta",21,"VILLA GOBERNADOR GÁLVEZ","Rosario","S/D","S/D","II","Dentro","Urbana","S/D","S/D","S/D","S/D","S/D","Diurna","S/D","S/D","S/D","Colisión","S/D","S/D","S/D","S/D"
2017,3340,5/9/2017,"Martes",0,20:45:00,"Ruta Provincial 21","0.0",2,"Moto/Ciclomotor,Moto/Ciclomotor","Av Gral San Martin Y Liniers",2,2,0,0,0,0,0,,"Ruta",21,"VILLA GOBERNADOR GÁLVEZ","Rosario","S/D","No existe","II","Dentro","Urbana","Ninguna","No existe","Intersección","Bueno","Buena","Nocturna,Con luz artificial","Buen Tiempo","Lateral","S/D","Colisión","Ninguna","Faltante","Ninguna","Sin restricción"
2017,3341,5/17/2017,"Miercoles",0,22:10:00,,"0.0",2,"Moto/Ciclomotor,Automóvil","Av Juan Domingo Peron Y Garay",2,1,0,0,1,0,0,,"S/D",,"VILLA GOBERNADOR GÁLVEZ","Rosario","Asfalto","S/D","II","S/D","S/D","Ninguna","No existe","Intersección","Bueno","Buena","Nocturna,Con luz artificial","Buen Tiempo","Lateral","S/D","Colisión","Ninguna","Faltante","Ninguna","Sin restricción"
2017,3342,5/19/2017,"Viernes",0,6:45:00,,"0.0",2,"Bicicleta,Automóvil"," ",2,1,0,0,0,0,1,,"Calle",,"VILLA GOBERNADOR GÁLVEZ","Rosario","Asfalto","No existe","II","Dentro","Urbana","Semáforo","Funciona","Intersección","Bueno","Buena","Amanecer,Con luz artificial","Buen Tiempo","S/D","Ciclista","Atropello","Ninguna","Faltante","Ninguna","Sin restricción"
2017,3343,6/1/2017,"Jueves",0,8:10:00,,"0.0",2,"Taxi/Remis,Moto/Ciclomotor","9 De Julio Y Mariano Moreno",3,2,0,0,1,0,0,,"Calle",,"ROSARIO","Rosario","Asfalto","Pavimento","II","Dentro","Urbana","S/D","S/D","Intersección","Bueno","Buena","Diurna","Buen Tiempo","Lateral","S/D","Colisión","Ninguna","Horizontal","Cordón divisorio","Sin restricción"
2017,3344,6/14/2017,"Miercoles",0,14:45:00,"Ruta Provincial 14","56.0",2,"Camión c / Acoplado,Automóvil"," ",3,1,0,0,2,0,0,,"Ruta",14,"BIGAND","Caseros","Asfalto","Natural","IV","Dentro","Urbana","Marca Vial","No existe","Recta","Bueno","Buena","Diurna","Buen Tiempo","Lateral","S/D","Colisión","Ninguna","Horizontal","Línea divisoria pintada","Sin restricción"
2017,3345,6/15/2017,"Jueves",0,18:15:00,"Ruta Nacional 178","0.0",1,"Camión c / Acoplado","Ruta Nac N 33 ",1,1,0,0,0,0,0,,"Ruta",178,"CHABAS","Caseros","Asfalto","Natural","IV","Dentro","Urbana","Otra Señal","No existe","Rotonda","Bueno","Buena","Diurna","Lluvia","Contra objeto fijo","S/D","Colisión","Agua","Horizontal,Vertical","Guardarrail","Sin restricción"
2017,3346,5/7/2017,"Domingo",0,18:00:00,"Ruta Nacional 178","0.0",1,"Moto/Ciclomotor","Ruta Nac N 33 ",2,2,0,0,0,0,0,,"Ruta",178,"CHABAS","Caseros","Asfalto","S/D","IV","Dentro","Urbana","Otra Señal","S/D","Rotonda","Bueno","S/D","Diurna","Buen Tiempo","S/D","S/D","Caída ocupante","Material Suelto","Horizontal","Guardarrail","Sin restricción"
2017,3347,2/23/2017,"Jueves",0,18:35:00,,"0.0",2,"Moto/Ciclomotor,Otros","Av. Sorrento Y Av. Provincias Unidas",2,1,0,0,1,0,0,,"Calle",,"ROSARIO","Rosario","S/D","S/D","II","Dentro","Urbana","S/D","S/D","Intersección","S/D","S/D","Diurna","S/D","S/D","S/D","Colisión","S/D","S/D","S/D","S/D"
2017,3348,2/23/2017,"Jueves",0,11:30:00,,"0.0",2,"Pickup/Utilitario,Moto/Ciclomotor","Bartolome Mitre Y Sarmiento",3,1,0,0,2,0,0,,"Calle",,"SANTA ISABEL","General López","S/D","S/D","VIII","Dentro","Urbana","S/D","S/D","Recta","S/D","S/D","Diurna","S/D","De alcance","S/D","Colisión","S/D","S/D","S/D","S/D"
2017,3349,2/26/2017,"Domingo",0,,"Ruta Nacional 33","723.0",2,"Camión,Camión c / Acoplado"," ",2,1,0,0,1,0,0,,"Ruta",33,"SANFORD","Caseros","S/D","S/D","IV","Dentro","Urbana","S/D","S/D","Recta","S/D","S/D","S/D","S/D","S/D","S/D","Colisión","S/D","S/D","S/D","S/D"
2017,3350,2/26/2017,"Domingo",0,16:30:00,,"0.0",1,"Moto/Ciclomotor","San Luis Y Junin",1,1,0,0,0,0,0,,"Calle",,"PUERTO SAN MARTÍN","San Lorenzo","S/D","S/D","XVII","Dentro","Urbana","S/D","S/D","Distribuidor","S/D","S/D","Diurna","S/D","S/D","S/D","Caída ocupante","S/D","S/D","S/D","S/D"
2017,3351,2/27/2017,"Lunes",0,4:00:00,,"0.0",2,"Moto/Ciclomotor,Pickup/Utilitario","Terre R Y San Martin",3,1,0,0,2,0,0,,"Calle",,"BERABEVÚ","Caseros","Asfalto","No existe","IV","Dentro","Urbana","Ninguna","No existe","Intersección","Bueno","Buena","Nocturna,Con luz artificial","Buen Tiempo","Lateral","S/D","Colisión","Ninguna","Vertical","Ninguna,S/D","Sin restricción"
2017,3352,2/27/2017,"Lunes",0,,,"0.0",2,"Pickup/Utilitario,Moto/Ciclomotor","Ameghino ",2,0,0,1,1,0,0,,"Calle",,"FLORENCIA","General Obligado","S/D","S/D","IX","Dentro","Urbana","S/D","S/D","S/D","S/D","S/D","S/D","S/D","S/D","S/D","Colisión","S/D","S/D","S/D","S/D"
2017,3353,2/27/2017,"Lunes",0,6:35:00,,"0.0",1,"Automóvil"," ",4,2,0,0,2,0,0,,"Calle",,"CAPITÁN BERMÚDEZ","San Lorenzo","S/D","S/D","XVII","Dentro","Urbana","S/D","S/D","S/D","S/D","S/D","Diurna","S/D","S/D","S/D","Vuelco","S/D","S/D","S/D","S/D"
2017,3354,2/28/2017,"Martes",0,,,"0.0",2,"Moto/Ciclomotor,Automóvil","Alvear Y Bv T Madrejon",3,2,0,0,1,0,0,,"Calle",,"SAN JAVIER","San Javier","S/D","S/D","XIV","Dentro","Urbana","S/D","S/D","Intersección","S/D","S/D","S/D","S/D","S/D","S/D","Colisión","S/D","S/D","S/D","S/D"
2017,3355,2/2/2017,"Jueves",0,1:35:00,"Autopista Provincial Brigadier E.López","56.0",2,"Camión c / Acoplado,Camión c / Acoplado"," ",2,1,0,0,1,0,0,,"Autopista","Brigadier E.López","MACIEL","San Jerónimo","S/D","S/D","XV","Dentro","Rural","S/D","S/D","Recta","S/D","S/D","Nocturna","S/D","S/D","S/D","Colisión","S/D","S/D","S/D","S/D"
2017,3356,2/4/2017,"Sabado",0,13:00:00,"Ruta Nacional 33","0.0",1,"Moto/Ciclomotor","Ruta Nac 8 ",1,1,0,0,0,0,0,,"Ruta",33,"VENADO TUERTO","General López","S/D","S/D","VIII","Dentro","Urbana","S/D","S/D","Cruce","S/D","S/D","Nocturna","S/D","S/D","S/D","Caída ocupante","S/D","S/D","S/D","S/D"
2017,3357,2/7/2017,"Martes",0,16:55:00,"Autopista Nacional Rosario -Cordoba","0.0",1,"Automóvil"," ",4,1,0,0,3,0,0,,"Autopista","Rosario -Cordoba","ROSARIO","Rosario","S/D","S/D","II","Dentro","Rural","S/D","S/D","Recta","S/D","S/D","Diurna","S/D","S/D","S/D","Vuelco","S/D","S/D","Vegetación","S/D"
2017,3358,2/9/2017,"Jueves",0,11:00:00,"Autopista Nacional A007","0.0",1,"Camión c / Acoplado","Av Circunvalación ",1,1,0,0,0,0,0,,"Autopista","A007","SANTA FE","La Capital","S/D","S/D","I","Dentro","Urbana","S/D","S/D","Recta","S/D","S/D","Diurna","S/D","S/D","S/D","Vuelco","S/D","S/D","S/D","S/D"
2017,3359,2/11/2017,"Sabado",0,,"Autopista Nacional Gral. Juan Jose Valle","272.0",1,"Automóvil"," ",3,3,0,0,0,0,0,,"Autopista","Gral. Juan Jose Valle","GENERAL LAGOS","Rosario","S/D","S/D","II","Dentro","Rural","S/D","S/D","Recta","S/D","S/D","S/D","S/D","S/D","S/D","Vuelco","S/D","S/D","S/D","S/D"
2017,3360,2/15/2017,"Miercoles",0,,"Autopista Nacional Gral. Juan Jose Valle","251.0",2,"Camión c / Acoplado,Camión c / Acoplado"," ",2,1,0,0,1,0,0,,"Autopista","Gral. Juan Jose Valle","EMPALME VILLA CONSTITUCIÓN","Constitución","S/D","S/D","VI","Dentro","Rural","S/D","S/D","Recta","S/D","S/D","S/D","S/D","S/D","S/D","Colisión","S/D","S/D","S/D","S/D"
2017,3361,2/4/2017,"Sabado",0,6:45:00,"Ruta Provincial 14","65.0",2,"Moto/Ciclomotor,Automóvil"," ",2,1,0,0,1,0,0,,"Ruta",14,"BIGAND","Caseros","Asfalto","Natural","IV","Dentro","Rural","Ninguna","No existe","Recta","Bueno","Buena","Diurna","Buen Tiempo","De alcance","S/D","Colisión","Ninguna","Faltante","Línea divisoria pintada","Sin restricción"
2017,3362,2/21/2017,"Martes",0,3:50:00,"Ruta Nacional 11","781.0",1,"Camión Chasis"," ",1,1,0,0,0,0,0,,"Ruta",11,"RECONQUISTA","General Obligado","S/D","S/D","IX","Dentro","Urbana","S/D","S/D","Recta","S/D","S/D","Nocturna","S/D","S/D","S/D","Vuelco","S/D","S/D","S/D","S/D"
2017,3363,2/21/2017,"Martes",0,,"Autopista Nacional Gral. Juan Jose Valle","255.0",2,"Camión c / Acoplado,Tractor"," ",2,1,0,0,1,0,0,,"Autopista","Gral. Juan Jose Valle","EMPALME VILLA CONSTITUCIÓN","Constitución","S/D","S/D","VI","Dentro","Rural","S/D","S/D","Recta","S/D","S/D","S/D","S/D","S/D","S/D","Colisión","S/D","S/D","S/D","S/D"
2017,3365,6/29/2017,"Jueves",0,20:00:00,"Ruta Nacional 33","715.0",2,"Camión c / Acoplado,Automóvil"," ",4,1,1,0,2,0,0,,"Ruta",33,"CHABAS","Caseros","Asfalto","Natural","IV","Dentro","Rural","Marca Vial","No existe","Recta","Bueno","Buena","Nocturna","Buen Tiempo","De alcance","S/D","Colisión","Ninguna","Faltante","Línea divisoria pintada","Sin restricción"
2017,3366,3/5/2017,"Domingo",0,21:30:00,"Ruta Provincial 13","0.0",2,"Moto/Ciclomotor,Automóvil"," ",4,0,1,0,2,1,0,"-30.9744, -61.40546","Ruta",13,"ATALIVA","Castellanos","Asfalto","Natural","V","Dentro","Rural","Ninguna","No existe","Recta","Con baches","Buena","Nocturna","Buen Tiempo","De alcance","S/D","Colisión","Ninguna","Faltante","Ninguna","Sin restricción"
2017,3367,3/8/2017,"Miercoles",0,20:20:00,"Ruta Provincial 70","85.5",2,"Peatón,Pickup/Utilitario"," ",2,0,0,0,1,1,0,"-31.24304, -61.60205","Ruta",70,"RAFAELA","Castellanos","Asfalto","No existe","V","Dentro","Urbana","Ninguna","No existe","Recta","Bueno","Buena","Nocturna","Buen Tiempo","S/D","S/D","Atropello","Ninguna","S/D","Ninguna","Sin restricción"
2017,3368,3/11/2017,"Sabado",0,1:45:00,,"0.0",1,"Automóvil"," ",1,0,1,0,0,0,0,,"S/D",,"ARTEAGA","Caseros","S/D","Natural","IV","Fuera","Rural","Ninguna","No existe","S/D","Bueno","Buena","Nocturna","Buen Tiempo","S/D","S/D","Despiste","Ninguna","Faltante","Ninguna","Sin restricción"
2017,3369,5/5/2017,"Viernes",0,19:00:00,,"0.0",2,"Moto/Ciclomotor,Automóvil","Rivadavia Y Belgrano",2,1,0,0,1,0,0,,"Calle",,"BIGAND","Caseros","Hormigón","Pavimento","IV","Dentro","Urbana","Ninguna","No existe","Intersección","Bueno","Buena","Atardecer","Buen Tiempo","Lateral","S/D","Colisión","Ninguna","Faltante","Ninguna","Sin restricción"
2017,3370,2/26/2017,"Domingo",0,12:05:00,,"0.0",2,"Moto/Ciclomotor,Pickup/Utilitario","España Y Entre Rios",2,1,0,0,1,0,0,,"Calle",,"ARTEAGA","Caseros","Asfalto","Pavimento","IV","Fuera","Urbana","Ninguna","No existe","Intersección","Bueno","Buena","Diurna","Buen Tiempo","Frontal","S/D","Colisión","Ninguna","Faltante","S/D","Sin restricción"
2017,3371,2/1/2017,"Miercoles",0,8:30:00,,"0.0",2,"Automóvil,Bicicleta","2 de Abril Y 3 de Febrero",2,1,0,0,1,0,0,,"Calle",,"VENADO TUERTO","General López","S/D","S/D","VIII","Dentro","Urbana","S/D","S/D","Intersección","S/D","S/D","Diurna","S/D","S/D","Ciclista","Atropello","S/D","S/D","S/D","S/D"
2017,3372,2/10/2017,"Viernes",0,18:20:00,,"0.0",2,"Pickup/Utilitario,Moto/Ciclomotor","Chaco Y Francia",2,1,0,0,1,0,0,,"Calle",,"ARTEAGA","Caseros","Hormigón","Pavimento","IV","Fuera","Urbana","Ninguna","No existe","Intersección","Bueno","Buena","Atardecer","Buen Tiempo","Otro","S/D","Colisión","Otro","Faltante","Ninguna","Sin restricción"
2017,3373,2/1/2017,"Miercoles",0,14:50:00,"Ruta Nacional 33","0.0",1,"Moto/Ciclomotor","España ",2,2,0,0,0,0,0,,"Ruta",33,"VENADO TUERTO","General López","S/D","S/D","VII","Dentro","Urbana","S/D","S/D","S/D","S/D","S/D","Diurna","S/D","S/D","S/D","Caída ocupante","S/D","S/D","S/D","S/D"
2017,3374,1/7/2017,"Sabado",0,15:10:00,"Ruta Provincial 93","0.0",1,"Automóvil","Ruta Prov 93 ",5,2,0,0,3,0,0,,"Ruta",93,"BERABEVÚ","Caseros","Asfalto","Natural","IV","Dentro","Rural","Ninguna","No existe","Recta","Deteriorada","Buena","Diurna","Buen Tiempo","S/D","S/D","Vuelco","Ninguna","Faltante","Ninguna","Sin restricción"
2017,3375,2/2/2017,"Jueves",0,,,"0.0",2,"Moto/Ciclomotor,Moto/Ciclomotor","Calle 44-27 de Abril Y Calle 9-Mariano Moreno",2,1,0,0,1,0,0,,"Calle",,"RECONQUISTA","General Obligado","S/D","S/D","IX","Dentro","Urbana","S/D","S/D","S/D","S/D","S/D","S/D","S/D","S/D","S/D","Colisión","S/D","S/D","S/D","S/D"
2017,3376,2/2/2017,"Jueves",0,,,"0.0",2,"Automóvil,Moto/Ciclomotor","Eva Peron Y Belgrano",2,1,0,0,1,0,0,,"Calle",,"SANTA FE","La Capital","S/D","S/D","I","Dentro","Urbana","S/D","S/D","S/D","S/D","S/D","S/D","S/D","S/D","S/D","Colisión","S/D","S/D","S/D","S/D"
2017,3377,2/2/2017,"Jueves",0,17:50:00,,"0.0",2,"Moto/Ciclomotor,Moto/Ciclomotor","San Martin Y Rivadavia",2,2,0,0,0,0,0,,"Calle",,"CAÑADA DE GÓMEZ","Iriondo","S/D","S/D","X","Dentro","Urbana","S/D","S/D","Recta","S/D","S/D","Diurna","S/D","S/D","S/D","Colisión","S/D","S/D","S/D","S/D"
2017,3378,2/4/2017,"Sabado",0,9:35:00,,"0.0",2,"Automóvil,Moto/Ciclomotor","Maipu Y Juan Jose Castelli",2,1,0,0,1,0,0,,"Calle",,"VENADO TUERTO","General López","S/D","S/D","VIII","Dentro","Urbana","S/D","S/D","S/D","S/D","S/D","Diurna","S/D","S/D","S/D","Colisión","S/D","S/D","S/D","S/D"
2017,3379,2/4/2017,"Sabado",0,,"Ruta Provincial 1","0.0",1,"Automóvil"," ",1,1,0,0,0,0,0,,"Ruta",1,"RECONQUISTA","General Obligado","S/D","S/D","IX","Dentro","Urbana","S/D","S/D","Recta","S/D","S/D","S/D","S/D","S/D","S/D","Despiste","S/D","S/D","S/D","S/D"
2017,3380,1/14/2017,"Sabado",0,2:15:00,,"0.0",2,"Peatón,Automóvil"," ",3,0,2,0,1,0,0,,"Calle",,"SAN JOSÉ DE LA ESQUINA","Caseros","Asfalto","Natural","IV","Dentro","Urbana","Otra Señal","No existe","Recta","Bueno","Reducida","Nocturna","Buen Tiempo","Otro","S/D","Atropello","Ninguna","Horizontal,Vertical","Línea divisoria pintada","Sin restricción"
2017,3381,2/3/2017,"Viernes",0,12:55:00,,"0.0",2,"Automóvil,Moto/Ciclomotor","Calle 44-27 de Abril Y Calle 41-43",3,2,0,0,1,0,0,,"Calle",,"RECONQUISTA","General Obligado","S/D","S/D","IX","Dentro","Urbana","S/D","S/D","S/D","S/D","S/D","Diurna","S/D","S/D","S/D","Colisión","S/D","S/D","S/D","S/D"
2017,3382,2/4/2017,"Sabado",0,,,"0.0",3,"Peatón,Peatón,Moto/Ciclomotor"," ",3,2,0,0,1,0,0,,"Calle",,"ROSARIO","Rosario","S/D","S/D","II","Dentro","Urbana","S/D","S/D","S/D","S/D","S/D","S/D","S/D","S/D","Peatón","Atropello","S/D","S/D","S/D","S/D"
2017,3383,2/26/2017,"Domingo",0,20:15:00,"Ruta Provincial 92","0.0",2,"Moto/Ciclomotor,Automóvil"," ",2,1,0,0,1,0,0,,"Ruta",92,"LOS NOGALES","Caseros","Asfalto","Natural","IV","Dentro","Rural","Ninguna","No existe","Recta","Bueno","Reducida","Nocturna","Buen Tiempo","Lateral","S/D","Colisión","Ninguna","Horizontal,Vertical","Línea divisoria pintada","Sin restricción"
2017,3384,2/6/2017,"Lunes",0,11:00:00,,"0.0",2,"Transporte de Pasajeros Urbano (> 8 asientos),Automóvil"," ",3,1,0,0,2,0,0,,"Calle",,"SANTA FE","La Capital","S/D","S/D","I","Dentro","Urbana","S/D","S/D","Recta","S/D","S/D","Diurna","S/D","S/D","S/D","Colisión","S/D","S/D","S/D","S/D"
2017,3385,2/5/2017,"Domingo",0,20:45:00,"Ruta Secundaria 87-s","0.0",1,"Moto/Ciclomotor"," ",2,2,0,0,0,0,0,,"Ruta","87-s","MALABRIGO","General Obligado","S/D","S/D","IX","Dentro","Rural","S/D","S/D","Recta","S/D","S/D","Nocturna","S/D","Atropello animal","S/D","Colisión","S/D","S/D","S/D","S/D"
2017,3386,2/19/2017,"Domingo",0,9:45:00,,"0.0",2,"Automóvil,Automóvil","Dr Alvarez Y Santa Fe",2,1,0,0,1,0,0,,"Calle",,"CHAÑAR LADEADO","Caseros","Asfalto","No existe","IV","Dentro","Urbana","Ninguna","No existe","Intersección","Bueno","Buena","Diurna","Buen Tiempo","S/D","S/D","Colisión","Ninguna","Faltante","Ninguna","Sin restricción"
2017,3387,12/5/2017,"Martes",0,14:20:00,,"0.0",2,"Moto/Ciclomotor,Moto/Ciclomotor","Moreno Y Avenida San Martin",2,1,0,0,1,0,0,,"Calle",,"VILLA OCAMPO","General Obligado","S/D","S/D","IX","Dentro","Urbana","S/D","S/D","S/D","S/D","S/D","Diurna","S/D","S/D","S/D","Colisión","S/D","S/D","S/D","S/D"
2017,3388,12/3/2017,"Domingo",0,22:30:00,"Ruta Nacional 11","0.0",2,"Camión c / Acoplado,Bicicleta"," ",2,0,1,0,1,0,0,,"Ruta",11,"LAS TOSCAS","General Obligado","S/D","S/D","IX","Dentro","Urbana","S/D","S/D","S/D","S/D","S/D","Nocturna","S/D","S/D","Ciclista","Atropello","S/D","S/D","S/D","S/D"
2017,3389,12/3/2017,"Domingo",0,21:25:00,,"0.0",2,"Moto/Ciclomotor,Moto/Ciclomotor","Calle 47-Islas Malvinas 900",5,2,0,0,3,0,0,,"Calle",,"RECONQUISTA","General Obligado","S/D","S/D","IX","Dentro","Urbana","S/D","S/D","Recta","S/D","S/D","Nocturna","S/D","S/D","S/D","Colisión","S/D","S/D","S/D","S/D"
2017,3390,2/3/2017,"Viernes",0,18:45:00,,"0.0",2,"Automóvil,Moto/Ciclomotor"," ",2,1,0,0,1,0,0,,"Calle",,"AVELLANEDA","General Obligado","S/D","S/D","IX","Dentro","Urbana","S/D","S/D","S/D","S/D","S/D","Atardecer","S/D","S/D","S/D","Colisión","S/D","S/D","S/D","S/D"