"anio_acci","nro_acci","fecha","desc_dia","fecha_aprox","hora_aprox","desc_ruta","km","cant_participantes","desc_participante","calle_avenida_km","total","heridos_leves","heridos_graves","heridos_gravisimos","ilesos","fallecidos","sin_datos","posicion_XY","desc_tipo_via","desc_ruta_ori","desc_loc","desc_dpto","desc_tipo_calzada","desc_tipo_banquina","desc_unidad_regional","desc_lugar_calzada","desc_zona","desc_prioridad","desc_estado_semaforo","desc_lugar_via","desc_estado_via","desc_estado_visibilidad","desc_luminosidad","desc_estado_clima","desc_tipo_colision","desc_tipo_atropello","desc_tipo_hecho","desc_pres_calzada","desc_senializacion","desc_separacion_via","desc_restriccion"
2017,3391,2/6/2017,"Lunes",0,,,"0.0",2,"Peatón,Automóvil","Belgrano Y Lavalle",3,2,0,0,1,0,0,,"Calle",,"CAÑADA DE GÓMEZ","Iriondo","S/D","S/D","X","Dentro","Urbana","S/D","S/D","S/D","S/D","S/D","S/D","S/D","S/D","Peatón","Atropello","S/D","S/D","S/D","S/D"
2017,3392,2/4/2017,"Sabado",0,,,"0.0",1,"Automóvil"," ",2,2,0,0,0,0,0,,"Calle",,"CAÑADA DE GÓMEZ","Iriondo","S/D","S/D","X","Dentro","Urbana","S/D","S/D","Curva","S/D","S/D","Nocturna","S/D","S/D","S/D","Vuelco","S/D","S/D","S/D","S/D"
2017,3393,2/4/2017,"Sabado",0,,,"0.0",2,"Automóvil,Bicicleta"," ",2,1,0,0,1,0,0,,"Calle",,"CAÑADA DE GÓMEZ","Iriondo","S/D","S/D","X","Dentro","Urbana","S/D","S/D","S/D","S/D","S/D","S/D","S/D","S/D","Ciclista","Atropello","S/D","S/D","S/D","S/D"
2017,3394,2/7/2017,"Martes",0,22:00:00,,"0.0",2,"Moto/Ciclomotor,Moto/Ciclomotor","Cornelio Saavedra Y Marconico",2,2,0,0,0,0,0,,"Calle",,"VENADO TUERTO","General López","S/D","S/D","VIII","Dentro","Urbana","S/D","S/D","Recta","S/D","S/D","Nocturna","S/D","Contra objeto fijo","S/D","Colisión","S/D","S/D","S/D","S/D"
2017,3395,2/7/2017,"Martes",0,19:30:00,,"0.0",2,"Pickup/Utilitario,Moto/Ciclomotor","Calle 21-Gdor. iriondo ",2,1,0,0,1,0,0,,"Calle",,"RECONQUISTA","General Obligado","S/D","S/D","IX","Dentro","Urbana","Semáforo","Funciona","Intersección","S/D","S/D","Diurna","S/D","De alcance","S/D","Colisión","S/D","Vertical","S/D","S/D"
2017,3396,2/8/2017,"Miercoles",0,20:00:00,,"0.0",2,"Automóvil,Moto/Ciclomotor","Laprida Y Rivadavia",3,2,0,0,1,0,0,,"Calle",,"CAÑADA DE GÓMEZ","Iriondo","S/D","S/D","X","Dentro","Urbana","S/D","S/D","S/D","S/D","S/D","Diurna","S/D","S/D","S/D","Colisión","S/D","S/D","S/D","S/D"
2017,3397,2/8/2017,"Miercoles",0,12:00:00,,"0.0",2,"Moto/Ciclomotor,Automóvil","Belgrano Y Bv. Balcarce",2,1,0,0,1,0,0,,"Calle",,"CAÑADA DE GÓMEZ","Iriondo","S/D","S/D","X","Dentro","Urbana","S/D","S/D","S/D","S/D","S/D","Diurna","S/D","S/D","S/D","Colisión","S/D","S/D","S/D","S/D"
2017,3398,2/11/2017,"Sabado",0,20:35:00,,"0.0",1,"Moto/Ciclomotor","Juan Lavalle Y Guillermo Brown",2,2,0,0,0,0,0,,"Calle",,"VENADO TUERTO","General López","S/D","S/D","VIII","Dentro","Urbana","S/D","S/D","Recta","S/D","S/D","Atardecer","S/D","Contra objeto fijo","S/D","Colisión","S/D","S/D","S/D","S/D"
2017,3399,2/11/2017,"Sabado",0,17:45:00,"Ruta Provincial 14","0.0",1,"Automóvil"," ",2,2,0,0,0,0,0,,"Ruta",14,"CHAPUY","General López","S/D","S/D","VIII","Dentro","Rural","S/D","S/D","Recta","S/D","Reducida","Diurna","S/D","S/D","S/D","Vuelco","S/D","S/D","S/D","S/D"
2017,3400,2/10/2017,"Viernes",0,18:00:00,"Ruta Nacional 9","0.0",2,"Moto/Ciclomotor,Moto/Ciclomotor","Moreno ",2,1,0,0,1,0,0,,"Ruta",9,"CAÑADA DE GÓMEZ","Iriondo","S/D","S/D","X","Dentro","Urbana","S/D","S/D","Intersección","S/D","S/D","Diurna","S/D","S/D","S/D","Colisión","S/D","S/D","S/D","S/D"
2017,3401,2/14/2017,"Martes",0,20:00:00,,"0.0",2,"Automóvil,Moto/Ciclomotor","7 de Mayo Y Moreno",2,1,0,0,1,0,0,,"Calle",,"CAÑADA DE GÓMEZ","Iriondo","S/D","S/D","X","Dentro","Urbana","S/D","S/D","Intersección","S/D","S/D","Atardecer","S/D","S/D","S/D","Colisión","S/D","S/D","S/D","S/D"
2017,3402,2/15/2017,"Miercoles",0,10:00:00,,"0.0",2,"Pickup/Utilitario,Moto/Ciclomotor","25 de Mayo Y Bv Sarmiento",2,1,0,0,1,0,0,,"Calle",,"VILLA OCAMPO","General Obligado","S/D","S/D","IX","Dentro","Urbana","S/D","S/D","S/D","S/D","S/D","Diurna","S/D","S/D","S/D","Colisión","S/D","S/D","S/D","S/D"
2017,3403,2/18/2017,"Sabado",0,,,"0.0",1,"Moto/Ciclomotor","Calle 24 - Olessio Y Calle 57-Prof Roberto Roveda",2,2,0,0,0,0,0,,"Calle",,"RECONQUISTA","General Obligado","S/D","S/D","IX","Dentro","Urbana","S/D","S/D","Intersección","S/D","S/D","S/D","S/D","Contra objeto fijo","S/D","Colisión","S/D","S/D","S/D","S/D"
2017,3404,2/19/2017,"Domingo",0,8:15:00,,"0.0",2,"Automóvil,Moto/Ciclomotor","Ovidio Lagos Y Bv. Lopez",3,1,1,0,1,0,0,,"Calle",,"CAÑADA DE GÓMEZ","Iriondo","S/D","S/D","X","Dentro","Urbana","S/D","S/D","S/D","S/D","S/D","Diurna","S/D","S/D","S/D","Colisión","S/D","S/D","S/D","S/D"
2017,3405,2/18/2017,"Sabado",0,16:00:00,"Autopista Provincial Brigadier E.López","48.0",2,"Automóvil,Automóvil"," ",3,1,0,0,2,0,0,,"Autopista","Brigadier E.López","OLIVEROS","Iriondo","S/D","S/D","X","Dentro","Rural","S/D","S/D","Recta","S/D","S/D","Diurna","S/D","S/D","S/D","Colisión","S/D","S/D","S/D","S/D"
2017,3406,2/19/2017,"Domingo",0,,"Autopista Provincial Brigadier E.López","0.0",2,"Camión Chasis,Automóvil"," ",2,1,0,0,1,0,0,,"Autopista","Brigadier E.López","LA RIBERA","San Lorenzo","S/D","S/D","XVII","Dentro","Urbana","S/D","S/D","Recta","S/D","S/D","Diurna","S/D","S/D","S/D","Colisión","S/D","S/D","S/D","S/D"
2017,3407,2/21/2017,"Martes",0,,,"0.0",2,"Moto/Ciclomotor,Automóvil","Laprida Y Ituzaingo",2,2,0,0,0,0,0,,"Calle",,"CAÑADA DE GÓMEZ","Iriondo","S/D","S/D","X","Dentro","Urbana","S/D","S/D","S/D","S/D","S/D","Diurna","S/D","S/D","S/D","Colisión","S/D","S/D","S/D","S/D"
2017,3408,2/21/2017,"Martes",0,,,"0.0",2,"Camión,Bicicleta"," ",2,1,0,0,1,0,0,,"Calle",,"SUNCHALES","Castellanos","S/D","S/D","V","Dentro","Urbana","S/D","S/D","S/D","S/D","S/D","S/D","S/D","S/D","Ciclista","Atropello","S/D","S/D","S/D","S/D"
2017,3409,2/20/2017,"Lunes",0,,,"0.0",2,"Automóvil,Bicicleta","9 de Julio Y Av Irigoyen",3,2,0,0,1,0,0,,"Calle",,"SUNCHALES","Castellanos","S/D","S/D","V","Dentro","Urbana","S/D","S/D","S/D","S/D","S/D","S/D","S/D","S/D","Ciclista","Atropello","S/D","S/D","S/D","S/D"
2017,3410,5/9/2017,"Martes",0,12:45:00,"Ruta Provincial 14","0.0",2,"Automóvil,Pickup/Utilitario"," ",3,1,0,0,2,0,0,,"Ruta",14,"BIGAND","Caseros","Asfalto","No existe","IV","Dentro","Urbana","Ninguna","No existe","Puente","Bueno","Buena","Diurna","Buen Tiempo","S/D","S/D","Colisión","Ninguna","Horizontal,Vertical","S/D","Sin restricción"
2017,3411,4/16/2017,"Domingo",0,22:15:00,"Ruta Nacional 33","0.0",2,"Pickup/Utilitario,Moto/Ciclomotor","Bv Roque S Peña Y Santa Fe",2,0,1,0,1,0,0,,"Ruta",33,"CHABAS","Caseros","Asfalto","S/D","IV","Dentro","Urbana","Ninguna","S/D","Recta","Bueno","S/D","Nocturna","Buen Tiempo","Lateral","S/D","Colisión","Ninguna","S/D","Línea divisoria pintada","Sin restricción"
2017,3412,4/17/2017,"Lunes",0,0:30:00,"Ruta Nacional 33","708.0",1,"Pickup/Utilitario"," ",1,1,0,0,0,0,0,,"Ruta",33,"CHABAS","Caseros","Asfalto","Natural","IV","Dentro","Urbana","Ninguna","No existe","Recta","Bueno","Buena","Nocturna","Buen Tiempo","S/D","S/D","Vuelco","Ninguna","Faltante","Línea divisoria pintada","Sin restricción"
2017,3413,4/29/2017,"Sabado",0,19:40:00,,"0.0",2,"Moto/Ciclomotor,Moto/Ciclomotor","Moreno Y 25 de Mayo",2,2,0,0,0,0,0,,"Calle",,"BIGAND","Caseros","Hormigón","No existe","IV","Dentro","Urbana","Ninguna","No existe","Intersección","Bueno","Buena","Atardecer","Buen Tiempo","Frontal","S/D","Colisión","Ninguna","Horizontal","Ninguna","Sin restricción"
2017,3414,6/26/2017,"Lunes",0,1:20:00,"Ruta Secundaria 63-s","0.0",1,"Moto/Ciclomotor"," ",1,0,1,0,0,0,0,,"Ruta","63-s","MARIA JUANA","Castellanos","Asfalto","Natural","V","Dentro","Rural","Ninguna","No existe","Curva","Con baches","Reducida","Nocturna","Buen Tiempo","S/D","S/D","Caída ocupante","Ninguna","Vertical","Ninguna","Sin restricción"
2017,3415,6/23/2017,"Viernes",0,9:20:00,"Ruta Nacional 34","200.0",2,"Camión,Camión"," ",2,1,0,0,1,0,0,,"Ruta",34,"ANGÉLICA","Castellanos","Asfalto","Natural","V","Dentro","Rural","Ninguna","No existe","Curva","Bueno","Buena","Diurna","Buen Tiempo","De alcance","S/D","Colisión","Ninguna","Horizontal,Vertical","Línea divisoria pintada","Sin restricción"
2017,3416,4/28/2017,"Viernes",0,17:00:00,"Ruta Nacional 34","170.0",2,"Moto/Ciclomotor,Camión"," ",2,0,1,0,1,0,0,,"Ruta",34,"SAN VICENTE.","Castellanos","Hormigón","Ripio","V","Dentro","Urbana","Ninguna","No existe","Recta","Bueno","Buena","Diurna","Buen Tiempo","Frontal","S/D","Colisión","Ninguna","S/D","Línea divisoria pintada","Sin restricción"
2017,3417,6/27/2017,"Martes",0,7:40:00,,"0.0",1,"Moto/Ciclomotor","Falucho Y Ituzaingo",2,2,0,0,0,0,0,,"Calle",,"RAFAELA","Castellanos","Asfalto","No existe","V","Dentro","Urbana","Ninguna","No existe","Intersección","Bueno","Reducida","Amanecer","Lluvia","Atropello animal","S/D","Colisión","Agua","Faltante","Cordón divisorio","Sin restricción"
2017,3418,6/30/2017,"Viernes",0,21:30:00,,"0.0",2,"Moto/Ciclomotor,Automóvil","C Colon ",2,1,0,0,1,0,0,,"Calle",,"SUNCHALES","Castellanos","Asfalto","No existe","V","Dentro","Urbana","Ninguna","No existe","Recta","Bueno","Reducida","Nocturna","Buen Tiempo","Frontal","S/D","Colisión","Ninguna","Faltante","Ninguna","Sin restricción"
2017,3419,6/19/2017,"Lunes",0,13:00:00,,"0.0",2,"Pickup/Utilitario,Moto/Ciclomotor","Scalabrini Ortiz Y Gral Juan Pablo Lopez",2,1,0,0,1,0,0,,"Calle",,"RAFAELA","Castellanos","Asfalto","No existe","V","Dentro","Urbana","Ninguna","No existe","Intersección","Bueno","Buena","Diurna","Buen Tiempo","De alcance","S/D","Colisión","Ninguna","Faltante","Ninguna","Sin restricción"
2017,3420,6/15/2017,"Jueves",0,13:20:00,,"0.0",2,"Automóvil,Moto/Ciclomotor","Santa Fe Y 25 de Mayo",6,3,0,0,3,0,0,,"Calle",,"MARIA JUANA","Castellanos","Asfalto","Pavimento","V","Dentro","Urbana","Ninguna","No existe","Recta","Bueno","Buena","Nocturna","Buen Tiempo","Lateral","S/D","Colisión","Ninguna","Vertical","S/D","Sin restricción"
2017,3421,5/24/2017,"Miercoles",0,19:30:00,,"0.0",2,"Automóvil,Moto/Ciclomotor","Tucuman Y Italia",2,1,0,0,1,0,0,,"Calle",,"SUNCHALES","Castellanos","Asfalto","No existe","V","Dentro","Urbana","Ninguna","No existe","Intersección","Bueno","Reducida","Nocturna","Buen Tiempo","Lateral","S/D","Colisión","Ninguna","Faltante","Ninguna","Sin restricción"
2017,3422,5/30/2017,"Martes",0,14:30:00,,"0.0",2,"Moto/Ciclomotor,Automóvil","Av Rivadavia Y E Zeballos",2,1,0,0,1,0,0,,"Calle",,"SUNCHALES","Castellanos","Asfalto","No existe","V","Dentro","Urbana","Ninguna","No existe","Intersección","Bueno","Buena","Diurna","Buen Tiempo","Lateral","S/D","Colisión","Ninguna","Faltante","Ninguna","Sin restricción"
2017,3423,5/24/2017,"Miercoles",0,10:15:00,,"0.0",2,"Moto/Ciclomotor,Automóvil","Alberdi J B Y Salta",2,0,1,0,1,0,0,,"Calle",,"SUNCHALES","Castellanos","Asfalto","No existe","V","Dentro","Urbana","Ninguna","No existe","Intersección","Bueno","Buena","Diurna","Buen Tiempo","Lateral","S/D","Colisión","Ninguna","Faltante","Ninguna","Sin restricción"
2017,3424,5/31/2017,"Miercoles",0,13:30:00,,"0.0",2,"Automóvil,Automóvil","Av. Bermudez Y Alzugaray",2,1,0,0,1,0,0,,"Calle",,"ROSARIO","Rosario","Asfalto","No existe","II","Dentro","Urbana","Ninguna","No existe","Intersección","S/D","Buena","Diurna","Buen Tiempo","Lateral","S/D","Colisión","Ninguna","Faltante","Cordón divisorio","Sin restricción"
2017,3425,6/30/2017,"Viernes",0,18:40:00,,"0.0",2,"Automóvil,Automóvil","Mitre Y Galvez",2,1,0,0,1,0,0,,"Calle",,"ROSARIO","Rosario","Asfalto","No existe","II","Dentro","Urbana","Ninguna","No existe","Recta","Bueno","Buena","Diurna","Buen Tiempo","De alcance","S/D","Colisión","Ninguna","S/D","Ninguna","Sin restricción"
2017,3426,6/1/2017,"Jueves",0,12:30:00,,"0.0",2,"Automóvil,Moto/Ciclomotor","Muñoz Y Laprida",2,1,0,0,1,0,0,,"Calle",,"ROSARIO","Rosario","Asfalto","No existe","II","Dentro","Urbana","Ninguna","No existe","Intersección","Bueno","Buena","Diurna","Niebla","Lateral","S/D","Colisión","Ninguna","Faltante","Barrera de hormigón","Sin restricción"
2017,3427,6/7/2017,"Miercoles",0,21:37:00,,"0.0",2,"Automóvil,Moto/Ciclomotor","Av. Bermudez Y Av. Arijon",2,1,0,0,1,0,0,,"Calle",,"ROSARIO","Rosario","Asfalto","No existe","II","Dentro","Urbana","Ninguna","No existe","Intersección","Bueno","Buena","Nocturna","Buen Tiempo","De alcance","S/D","Colisión","Ninguna","Faltante","Cordón divisorio","Sin restricción"
2017,3428,6/19/2017,"Lunes",0,17:00:00,,"0.0",2,"Automóvil,Peatón","Lainez Y Laprida",2,1,0,1,0,0,0,"-33.005222222222,-60.646888888889","Calle",,"ROSARIO","Rosario","Asfalto","No existe","II","Dentro","Urbana","Ninguna","No existe","Intersección","Bueno","Buena","Diurna","Buen Tiempo","S/D","Peatón","Atropello","Ninguna","Faltante","Ninguna","Sin restricción"
2017,3429,6/11/2017,"Domingo",0,21:30:00,,"0.0",2,"Moto/Ciclomotor,Automóvil","Av. Ovidio Lagos Y Ombu",2,1,0,0,1,0,0,,"Calle",,"ROSARIO","Rosario","Asfalto","No existe","II","Dentro","Urbana","Ninguna","No existe","Intersección","Bueno","Buena","Nocturna","Buen Tiempo","Lateral","S/D","Colisión","Ninguna","Vertical","Cordón divisorio","Sin restricción"
2017,3430,2/7/2017,"Martes",0,17:00:00,"Ruta Provincial 91","0.0",2,"Automóvil,Automóvil"," ",3,2,0,0,1,0,0,,"Ruta",91,"CAÑADA DE GÓMEZ","Iriondo","S/D","S/D","X","S/D","S/D","S/D","S/D","S/D","S/D","S/D","S/D","S/D","S/D","S/D","Colisión","S/D","S/D","S/D","S/D"
2017,3431,2/6/2017,"Lunes",0,15:00:00,,"0.0",1,"Automóvil"," ",2,2,0,0,0,0,0,,"S/D",,"ANDINO","Iriondo","S/D","S/D","X","S/D","S/D","S/D","S/D","S/D","S/D","S/D","Diurna","S/D","S/D","S/D","Vuelco","S/D","S/D","S/D","S/D"
2017,3432,2/8/2017,"Miercoles",0,22:00:00,,"0.0",2,"Moto/Ciclomotor,Moto/Ciclomotor","Marconico Y Cornelio Saavedra",2,2,0,0,0,0,0,,"Calle",,"VENADO TUERTO","General López","S/D","S/D","VII","S/D","S/D","S/D","S/D","S/D","S/D","S/D","Nocturna","S/D","Contra objeto fijo","S/D","Colisión","S/D","S/D","S/D","S/D"
2017,3433,2/8/2017,"Miercoles",0,,,"0.0",2,"Moto/Ciclomotor,Automóvil"," ",2,1,0,0,1,0,0,,"S/D",,"CAÑADA DE GÓMEZ","Iriondo","S/D","S/D","X","S/D","S/D","S/D","S/D","S/D","S/D","S/D","Diurna","S/D","S/D","S/D","Colisión","S/D","S/D","S/D","S/D"
2017,3434,2/22/2017,"Miercoles",0,,,"0.0",2,"Tren,Peatón","Tucuman 5100",3,2,0,0,1,0,0,,"Calle",,"ROSARIO","Rosario","S/D","S/D","II","S/D","S/D","S/D","S/D","S/D","S/D","S/D","S/D","S/D","S/D","Peatón","Atropello","S/D","S/D","S/D","S/D"
2017,3435,3/20/2017,"Lunes",0,18:30:00,,"0.0",2,"Bicicleta,Moto/Ciclomotor","Chaco Y Laprida",2,1,1,0,0,0,0,,"Calle",,"VENADO TUERTO","General López","Asfalto","No existe","VIII","Dentro","Urbana","Señal Pare","No existe","Intersección","Bueno","Buena","Diurna","Buen Tiempo","Lateral","Ciclista","Atropello","Ninguna","Horizontal,Vertical","Cordón divisorio","Sin restricción"
2017,3436,3/19/2017,"Domingo",0,11:00:00,,"0.0",2,"Moto/Ciclomotor,Automóvil","Santa Fe Y Guillermo Brown",2,1,0,0,1,0,0,,"Calle",,"VENADO TUERTO","General López","Asfalto","No existe","VIII","Dentro","Urbana","Ninguna","No existe","Intersección","Con baches","Buena","Diurna","Buen Tiempo","Lateral","S/D","Colisión","S/D","Vertical","Ninguna","Sin restricción"
2017,3437,3/17/2017,"Viernes",0,20:00:00,,"0.0",2,"Pickup/Utilitario,Moto/Ciclomotor","España Y Dean Funes",2,1,0,0,1,0,0,,"Calle",,"VENADO TUERTO","General López","Asfalto","No existe","VIII","Dentro","Urbana","S/D","No existe","Intersección","Bueno","Buena","Nocturna,Con luz artificial","S/D","S/D","S/D","Colisión","S/D","Vertical","S/D","S/D"
2017,3438,3/18/2017,"Sabado",0,,"Ruta Nacional 33","0.0",2,"Moto/Ciclomotor,Automóvil","Av Dr Luis Chapuis ",3,2,0,0,1,0,0,,"Ruta",33,"VENADO TUERTO","General López","Asfalto","No existe","VIII","Dentro","Urbana","Señal Ceda el Paso","No existe","Intersección","S/D","Buena","S/D","Buen Tiempo","Lateral","S/D","Colisión","S/D","Vertical","Cordón divisorio","Sin restricción"
2017,3439,3/17/2017,"Viernes",0,19:15:00,,"0.0",2,"Pickup/Utilitario,Moto/Ciclomotor","Quintana Y Juan Lavalle",2,1,0,0,1,0,0,,"Calle",,"VENADO TUERTO","General López","Asfalto","No existe","VIII","Dentro","Urbana","S/D","No existe","Intersección","Bueno","Buena","Atardecer","S/D","Lateral","S/D","Colisión","Ninguna","Vertical","Ninguna","Sin restricción"
2017,3440,3/17/2017,"Viernes",0,15:00:00,,"0.0",2,"Automóvil,Moto/Ciclomotor","Av Estrugamou Y Dean Funes",2,1,0,0,1,0,0,,"Calle",,"VENADO TUERTO","General López","Asfalto","No existe","VIII","Dentro","Urbana","Ninguna","No existe","Intersección","Bueno","Buena","Diurna","Buen Tiempo","Lateral","S/D","Colisión","S/D","Vertical","Ninguna","Sin restricción"
2017,3441,3/15/2017,"Miercoles",0,11:10:00,,"0.0",2,"Moto/Ciclomotor,Automóvil","Falucho Y Domingo Faustino Sarmiento",2,0,1,0,1,0,0,,"Calle",,"VENADO TUERTO","General López","Asfalto","No existe","VIII","Dentro","Urbana","S/D","No existe","Intersección","Bueno","Buena","Diurna","S/D","Lateral","S/D","Colisión","S/D","Horizontal,Vertical","Ninguna","Sin restricción"
2017,3442,3/13/2017,"Lunes",0,12:00:00,,"0.0",2,"Automóvil,Moto/Ciclomotor","Carlos Pellegrini Y Juan Lavalle",2,1,0,0,1,0,0,,"Calle",,"VENADO TUERTO","General López","Asfalto","No existe","VIII","Dentro","Urbana","Señal Pare","No existe","Intersección","Bueno","Buena","Diurna","S/D","Lateral","S/D","Colisión","Ninguna","Horizontal,Vertical","Ninguna","Sin restricción"
2017,3443,3/12/2017,"Domingo",0,6:45:00,,"0.0",2,"Automóvil,Peatón","Gral Manuel Belgrano Y Piacenza",3,0,2,0,1,0,0,,"Calle",,"VENADO TUERTO","General López","S/D","No existe","VIII","Dentro","Urbana","Señal Pare","No existe","Intersección","Bueno","Buena","Amanecer,Con luz artificial","S/D","Lateral","Peatón","Atropello","Ninguna","Vertical","Ninguna","Sin restricción"
2017,3444,3/11/2017,"Sabado",0,17:20:00,,"0.0",2,"Automóvil,Pickup/Utilitario","Lisandro de la Torre ",3,2,0,0,1,0,0,,"Calle",,"VENADO TUERTO","General López","Asfalto,Tierra","No existe","VIII","Dentro","Urbana","Ninguna","No existe","Intersección","Bueno","Buena","Diurna","Buen Tiempo","Lateral","S/D","Colisión","S/D","Faltante","Ninguna","Sin restricción"
2017,3445,3/10/2017,"Viernes",0,,,"0.0",2,"Pickup/Utilitario,Moto/Ciclomotor","Laprida Y Corrientes",2,1,0,0,1,0,0,,"Calle",,"VENADO TUERTO","General López","Asfalto","No existe","VIII","Dentro","Urbana","Ninguna","No existe","Intersección","Bueno","S/D","S/D","Buen Tiempo","Lateral","S/D","Colisión","Ninguna","Horizontal,Vertical","Ninguna","Sin restricción"
2017,3446,3/10/2017,"Viernes",0,19:35:00,,"0.0",2,"Moto/Ciclomotor,Moto/Ciclomotor","Av Dr Luis Chapuis Y P Jose T Maxwell",2,1,0,0,1,0,0,,"Calle",,"VENADO TUERTO","General López","Asfalto","No existe","VIII","Dentro","Urbana","Señal Pare","No existe","Intersección","Bueno","Buena","Diurna","S/D","Lateral","S/D","Colisión","Ninguna","Vertical","Ninguna","Sin restricción"
2017,3447,3/6/2017,"Lunes",0,18:30:00,,"0.0",2,"Moto/Ciclomotor,Pickup/Utilitario","Mariano Moreno Y Piacenza",2,1,0,0,1,0,0,,"Calle",,"VENADO TUERTO","General López","Asfalto","No existe","VIII","Dentro","Urbana","Señal Pare","No existe","Intersección","Bueno","Buena","Diurna","Buen Tiempo","Lateral","S/D","Colisión","Ninguna","Vertical","Ninguna","Sin restricción"
2017,3448,2/21/2017,"Martes",0,17:15:00,"Ruta Nacional 11","747.0",2,"Automóvil,Pickup/Utilitario"," ",3,3,0,0,0,0,0,,"Ruta",11,"MALABRIGO","General Obligado","S/D","S/D","IX","S/D","S/D","S/D","S/D","S/D","S/D","S/D","S/D","S/D","S/D","S/D","Colisión","S/D","S/D","S/D","S/D"
2017,3449,2/22/2017,"Miercoles",0,13:00:00,,"0.0",1,"Moto/Ciclomotor","Roca Pte ",1,1,0,0,0,0,0,,"Calle",,"RECONQUISTA","General Obligado","S/D","S/D","IX","S/D","S/D","S/D","S/D","S/D","S/D","S/D","Diurna","S/D","Contra objeto fijo","S/D","Colisión","S/D","S/D","S/D","S/D"
2017,3450,2/22/2017,"Miercoles",0,,"Ruta Nacional 11","0.0",2,"Moto/Ciclomotor,Peatón","Ruta Nacional 11 Y Calle 1 - Independencia",2,1,1,0,0,0,0,,"Ruta",11,"RECONQUISTA","General Obligado","S/D","S/D","IX","S/D","Urbana","S/D","S/D","S/D","S/D","S/D","Diurna","S/D","S/D","Peatón","Atropello","S/D","S/D","S/D","S/D"
2017,3451,2/24/2017,"Viernes",0,7:15:00,,"0.0",2,"Moto/Ciclomotor,Moto/Ciclomotor","Poleti Y Pellegrini",2,2,0,0,0,0,0,,"Calle",,"CAÑADA DE GÓMEZ","Iriondo","S/D","S/D","VIII","S/D","S/D","S/D","S/D","S/D","S/D","S/D","Diurna","S/D","S/D","S/D","Colisión","S/D","S/D","S/D","S/D"
2017,3452,2/27/2017,"Lunes",0,19:00:00,"Ruta Provincial 40","23.0",2,"Pickup/Utilitario,Automóvil"," ",6,5,0,0,1,0,0,,"Ruta",40,"RECONQUISTA","General Obligado","S/D","S/D","IX","S/D","S/D","S/D","S/D","S/D","S/D","S/D","Diurna","S/D","S/D","S/D","Colisión","S/D","S/D","S/D","S/D"
2017,3453,2/26/2017,"Domingo",0,4:10:00,,"0.0",1,"Automóvil","Bv Sarmiento 808",4,0,0,0,0,0,4,,"Avenida",,"VILLA OCAMPO","General Obligado","S/D","S/D","IX","S/D","S/D","S/D","S/D","S/D","S/D","S/D","Nocturna","S/D","S/D","S/D","Vuelco","S/D","S/D","S/D","S/D"
2017,3454,3/10/2017,"Viernes",0,6:15:00,"Ruta Nacional 34","26.0",5,"Pickup/Utilitario,Camión c / Acoplado,Moto/Ciclomotor,Camión c / Acoplado,Camión c / Acoplado"," ",5,1,1,0,2,1,0,"-32.76086, -60.94221","Ruta",34,"LUIS PALACIOS","San Lorenzo","Asfalto","Natural","XVII","Dentro","Rural","Marca Vial","No existe","Recta","Bueno","Buena","Amanecer","Buen Tiempo","Múltiple","S/D","Colisión","Ninguna","Horizontal","Línea divisoria pintada","Sin restricción"
2017,3455,3/6/2017,"Lunes",0,12:20:00,,"0.0",2,"Moto/Ciclomotor,Automóvil","Lisandro de la Torre Y Martin de Pueyrredon",3,2,0,0,1,0,0,,"Calle",,"VENADO TUERTO","General López","Asfalto","No existe","VIII","Dentro","Urbana","Señal Pare","No existe","Intersección","Bueno","Buena","Diurna","S/D","Lateral","S/D","Colisión","Ninguna","Vertical","Ninguna","Sin restricción"
2017,3456,3/6/2017,"Lunes",0,13:00:00,,"0.0",2,"Moto/Ciclomotor,Automóvil","España Y Carlos Pellegrini",2,1,0,0,1,0,0,,"Calle",,"VENADO TUERTO","General López","Asfalto","No existe","VIII","Dentro","Urbana","Señal Pare","No existe","Intersección","Bueno","Buena","Diurna","S/D","Lateral","S/D","Colisión","S/D","Horizontal,Vertical","Ninguna","Sin restricción"
2017,3457,3/4/2017,"Sabado",0,,,"0.0",2,"Moto/Ciclomotor,Pickup/Utilitario","Santa Fe Y 9 de Julio",2,0,1,0,1,0,0,,"Calle",,"VENADO TUERTO","General López","Asfalto","No existe","VIII","Dentro","Urbana","Señal Pare","No existe","Intersección","Con baches","Buena","S/D","Buen Tiempo","Lateral","S/D","Colisión","S/D","Vertical","Ninguna","Sin restricción"
2017,3458,3/11/2017,"Sabado",0,11:40:00,"Ruta Nacional 11","0.0",2,"Moto/Ciclomotor,Moto/Ciclomotor","Ruta Nacional 11 Y Calle 1 - Independencia",3,2,0,0,0,1,0,"-29.13559, -59.65501","Ruta",11,"RECONQUISTA","General Obligado","Asfalto","Pavimento","IX","Dentro","Urbana","Ninguna","No existe","Recta","Bueno","Buena","Diurna","Buen Tiempo","Frontal","S/D","Colisión","Ninguna","Horizontal","Cordón divisorio","Sin restricción"
2017,3459,2/27/2017,"Lunes",0,17:15:00,,"0.0",3,"Moto/Ciclomotor,Moto/Ciclomotor,Automóvil","Jujuy Y Corrientes",3,2,0,0,1,0,0,,"Calle",,"VENADO TUERTO","General López","Asfalto","No existe","VIII","Dentro","Urbana","Ninguna","No existe","Intersección","Bueno","Buena","Diurna","Buen Tiempo","Múltiple","S/D","Colisión","Ninguna","Horizontal,Vertical","Ninguna","Sin restricción"