"anio_acci","nro_acci","fecha","desc_dia","fecha_aprox","hora_aprox","desc_ruta","km","cant_participantes","desc_participante","calle_avenida_km","total","heridos_leves","heridos_graves","heridos_gravisimos","ilesos","fallecidos","sin_datos","posicion_XY","desc_tipo_via","desc_ruta_ori","desc_loc","desc_dpto","desc_tipo_calzada","desc_tipo_banquina","desc_unidad_regional","desc_lugar_calzada","desc_zona","desc_prioridad","desc_estado_semaforo","desc_lugar_via","desc_estado_via","desc_estado_visibilidad","desc_luminosidad","desc_estado_clima","desc_tipo_colision","desc_tipo_atropello","desc_tipo_hecho","desc_pres_calzada","desc_senializacion","desc_separacion_via","desc_restriccion"
2017,3460,5/29/2017,"Lunes",0,8:15:00,,"0.0",2,"Bicicleta,Automóvil","3 de Febrero Y Domingo Faustino Sarmiento",2,1,0,0,1,0,0,,"Calle",,"VENADO TUERTO","General López","Asfalto","S/D","VIII","Dentro","Urbana","Ninguna","No existe","Recta","Bueno","Buena","Diurna","Buen Tiempo","S/D","Ciclista","Atropello","Ninguna","S/D","S/D","Sin restricción"
2017,3461,3/15/2017,"Miercoles",0,19:45:00,"Ruta Nacional 11","830.5",2,"Bicicleta,Transporte de Pasajeros Larga Distancia (Doble Piso)"," ",17,0,0,0,16,1,0,"-28.84666, -59.50336","Ruta",11,"LAS GARZAS","General Obligado","Asfalto","Natural","IX","Dentro","Rural","Ninguna","No existe","Recta","Resbaladiza","Reducida","Diurna","Otro","S/D","Ciclista","Atropello","Agua","Faltante","Ninguna","Sin restricción"
2017,3462,3/14/2017,"Martes",0,20:30:00,"Autopista Nacional Gral. Juan Jose Valle","238.0",1,"Automóvil"," ",2,1,0,0,0,1,0,"-33.31641, -60.32384","Autopista","Gral. Juan Jose Valle","THEOBALD","Constitución","Asfalto","Natural","VI","Dentro","Rural","Ninguna","No existe","Recta","Bueno","Buena","Nocturna","Buen Tiempo","Atropello animal","S/D","Colisión,Vuelco","Ninguna","Faltante","Vegetación","Sin restricción"
2017,3463,3/16/2017,"Jueves",0,19:00:00,,"0.0",2,"Moto/Ciclomotor,Pickup/Utilitario","Av Dr Luis Chapuis Y Guillermo Dimmer",3,0,0,0,2,1,0,"-33.73253, -61.97889","Avenida",,"VENADO TUERTO","General López","Asfalto","No existe","VIII","Dentro","Urbana","Señal Pare","No existe","Intersección","Bueno","Buena","Diurna","S/D","Lateral","S/D","Colisión","S/D","Horizontal,Vertical","Ninguna","Sin restricción"
2017,3464,4/9/2017,"Domingo",0,9:40:00,,"0.0",2,"Moto/Ciclomotor,Automóvil","Berutti Y Bernardino Rivadavia",2,1,0,0,1,0,0,,"Calle",,"VENADO TUERTO","General López","Asfalto","S/D","VIII","Dentro","Urbana","S/D","No existe","Intersección","Bueno","Buena","Diurna","Buen Tiempo","Frontal","S/D","Colisión","Ninguna","S/D","S/D","Sin restricción"
2017,3465,5/8/2017,"Lunes",0,19:30:00,,"0.0",2,"Automóvil,Moto/Ciclomotor","Juan Lavalle Y 25 de Mayo",3,1,1,0,1,0,0,,"Calle",,"VENADO TUERTO","General López","Asfalto","No existe","VIII","Dentro","Urbana","Ninguna","No existe","Intersección","Bueno","Buena","Diurna","Buen Tiempo","Lateral","S/D","Colisión","Ninguna","S/D","S/D","Sin restricción"
2017,3466,5/29/2017,"Lunes",0,12:30:00,,"0.0",2,"Automóvil,Moto/Ciclomotor","Silvestre Begnis ",2,1,0,0,1,0,0,,"Calle",,"SAN JUSTO","San Justo","Ripio","Ripio","XVI","Dentro","Urbana","Ninguna","No existe","Recta","Resbaladiza","Buena","Diurna","Lluvia","Lateral","S/D","Colisión","Ninguna","Faltante","Ninguna","Sin restricción"
2017,3467,3/18/2017,"Sabado",0,7:40:00,"Ruta Provincial 21","0.0",2,"Moto/Ciclomotor,Pickup/Utilitario","RP 21 Y 27 DE FEBRERO ",3,0,0,0,1,2,0,"-33.08942, -60.56596","Ruta",21,"PUEBLO ESTHER","Rosario","Asfalto","Pavimento","II","Dentro","Urbana","S/D","S/D","Intersección","S/D","Buena","Amanecer","Buen Tiempo","Frontal","S/D","Colisión","S/D","S/D","S/D","S/D"
2017,3468,6/2/2017,"Viernes",0,20:40:00,,"0.0",2,"Moto/Ciclomotor,Pickup/Utilitario","Dr Romang ",2,1,0,0,1,0,0,,"Calle",,"HELVECIA","Garay","Asfalto","Natural","VII","Dentro","Urbana","Ninguna","No existe","Intersección","Bueno","Buena","Nocturna","Buen Tiempo","Lateral","S/D","Colisión","Ninguna","Faltante","Ninguna","Sin restricción"
2017,3469,6/14/2017,"Miercoles",0,18:15:00,"Ruta Provincial 1","89.0",2,"Moto/Ciclomotor,Moto/Ciclomotor"," ",2,2,0,0,0,0,0,,"Ruta",1,"HELVECIA","Garay","Asfalto","Natural","VII","Dentro","Urbana","Ninguna","No existe","Recta","Ahuellamiento","Buena","Atardecer","Buen Tiempo","S/D","S/D","Colisión","Ninguna","Faltante","Ninguna","Sin restricción"
2017,3470,6/15/2017,"Jueves",0,13:45:00,,"0.0",2,"Automóvil,Moto/Ciclomotor","A Rossi Y San Antonio",2,1,0,0,1,0,0,,"Calle",,"SANTA ROSA DE CALCHINES","Garay","Tierra","No existe","VII","Dentro","Urbana","Ninguna","No existe","Intersección","Bueno","Buena","Diurna","Buen Tiempo","Lateral","S/D","Colisión","Ninguna","Faltante","Ninguna","Sin restricción"
2017,3471,6/10/2017,"Sabado",0,20:05:00,"Ruta Provincial 1","38.0",2,"Moto/Ciclomotor,Moto/Ciclomotor"," ",4,0,2,2,0,0,0,,"Ruta",1,"SANTA ROSA DE CALCHINES","Garay","Asfalto","Natural","VII","Dentro","Urbana","Ninguna","No existe","Recta","Bueno","Buena","Nocturna","Buen Tiempo","Frontal","S/D","Colisión","Ninguna","Faltante","Ninguna","Sin restricción"
2017,3472,6/1/2017,"Jueves",0,20:40:00,"Ruta Provincial 1","0.0",2,"Automóvil,Moto/Ciclomotor","Alvaro Gil ",2,0,1,0,1,0,0,,"Ruta",1,"CAYASTA","Garay","Asfalto","Natural","VII","Dentro","Urbana","Ninguna","No existe","Recta","Bueno","Buena","Nocturna,Con luz artificial","Buen Tiempo","Lateral","S/D","Colisión","Ninguna","Vertical","Línea divisoria pintada","Sin restricción"
2017,3473,6/27/2017,"Martes",0,1:30:00,"Ruta Provincial 1","69.0",1,"Automóvil"," ",2,0,2,0,0,0,0,,"Ruta",1,"CAYASTA","Garay","Asfalto","Natural","VII","Dentro","Urbana","Ninguna","No existe","Recta","Bueno","Buena","Nocturna,Con luz artificial","Buen Tiempo","S/D","S/D","Vuelco","Ninguna","Vertical","Línea divisoria pintada","Sin restricción"
2017,3474,6/21/2017,"Miercoles",0,9:25:00,,"0.0",2,"Automóvil,Moto/Ciclomotor","Venezuela Y Alois Tabernig",2,1,0,0,1,0,0,,"Calle",,"ESPERANZA","Las Colonias","Ripio","Natural","XI","Dentro","Urbana","Ninguna","No existe","Recta","Bueno","Buena","Diurna","Buen Tiempo","Lateral","S/D","Colisión","Ninguna","S/D","Cordón divisorio","Sin restricción"
2017,3475,6/24/2017,"Sabado",0,21:10:00,,"0.0",2,"Automóvil,Moto/Ciclomotor","Carlos Pellegrini Y Santa Fe",2,1,0,0,1,0,0,,"Calle",,"VENADO TUERTO","General López","Asfalto","S/D","VIII","Dentro","Urbana","Ninguna","No existe","Intersección","Bueno","Buena","Nocturna","Buen Tiempo","Lateral","S/D","Colisión","Ninguna","S/D","S/D","Sin restricción"
2017,3476,6/17/2017,"Sabado",0,11:00:00,,"0.0",2,"Automóvil,Moto/Ciclomotor","Antartida Argentina Y Guemes",2,1,0,0,1,0,0,,"Calle",,"VENADO TUERTO","General López","Asfalto","No existe","VIII","Dentro","Urbana","Ninguna","No existe","Intersección","Bueno","Buena","Diurna","Buen Tiempo","Lateral","S/D","Colisión","Ninguna","Faltante","S/D","Sin restricción"
2017,3477,6/2/2017,"Viernes",0,9:10:00,,"0.0",2,"Moto/Ciclomotor,Automóvil","Juan Lavalle Y Guillermo Brown",2,1,0,0,1,0,0,,"Calle",,"VENADO TUERTO","General López","Asfalto","S/D","VII","Dentro","Urbana","Ninguna","No existe","Intersección","Bueno","Buena","Diurna","Buen Tiempo","Lateral","S/D","Colisión","Ninguna","Faltante","S/D","Sin restricción"
2017,3478,3/18/2017,"Sabado",0,6:45:00,"Autopista Nacional Gral. Juan Jose Valle","0.0",2,"Automóvil,Camión c / Acoplado","Au Rosario - Buenos Aires Y RN A012 ",3,0,1,0,1,1,0,"-33.08746, -60.62822","Autopista","Gral. Juan Jose Valle","PUEBLO ESTHER","Rosario","Asfalto","Natural","II","Dentro","Rural","Ninguna","No existe","Intersección","Bueno","Buena","Amanecer","Buen Tiempo","Lateral","S/D","Colisión","Ninguna","Horizontal,Vertical","Cordón divisorio","S/D"
2017,3479,6/15/2017,"Jueves",0,2:00:00,,"0.0",2,"Automóvil,Moto/Ciclomotor","Balcarce Y Nicolas Avellaneda",2,1,0,0,1,0,0,,"Calle",,"VENADO TUERTO","General López","Asfalto","S/D","VIII","Dentro","Urbana","S/D","S/D","Intersección","Bueno","Buena","Nocturna","Buen Tiempo","Lateral","S/D","Colisión","S/D","S/D","S/D","Sin restricción"
2017,3480,6/24/2017,"Sabado",0,6:45:00,"Ruta Nacional 11","434.0",2,"Moto/Ciclomotor,Pickup/Utilitario"," ",2,0,1,0,1,0,0,,"Ruta",11,"DESVÍO ARIJÓN","San Jerónimo","Asfalto","Natural","XV","Dentro","Urbana","Ninguna","No existe","Recta","Bueno","Buena","Nocturna","Buen Tiempo","De alcance","S/D","Colisión","Ninguna","S/D","Cordón divisorio","Sin restricción"
2017,3481,6/17/2017,"Sabado",0,11:55:00,,"0.0",2,"Moto/Ciclomotor,Automóvil","Av. Avellaneda B Y Damas Mendocinas",2,1,0,0,1,0,0,,"Calle",,"ROSARIO","Rosario","Asfalto","No existe","II","Dentro","Urbana","Ninguna","No existe","Recta","Bueno","Buena","Diurna","Buen Tiempo","De alcance","S/D","Colisión","Ninguna","Faltante","Cordón divisorio","Sin restricción"
2017,3482,6/27/2017,"Martes",0,16:30:00,,"0.0",2,"Moto/Ciclomotor,Automóvil","Av. Ovidio Lagos Y Av. Circunvalacion",2,1,0,0,1,0,0,,"Calle",,"ROSARIO","Rosario","Asfalto","No existe","II","Dentro","Urbana","Semáforo","Funciona","Recta","Bueno","Buena","Diurna","Buen Tiempo","De alcance","S/D","Colisión","Ninguna","Vertical","Guardarrail","Sin restricción"
2017,3483,6/6/2017,"Martes",0,8:30:00,,"0.0",2,"Moto/Ciclomotor,Camión Chasis","J.M.Gutierrez Y Av. Ovidio Lagos",2,1,0,0,1,0,0,,"Calle",,"ROSARIO","Rosario","Asfalto","No existe","II","Dentro","Urbana","Ninguna","No existe","Recta","Bueno","Buena","Diurna","Buen Tiempo","Contra objeto fijo","S/D","Colisión","Ninguna","Vertical","Cordón divisorio","Sin restricción"
2017,3484,3/17/2017,"Viernes",0,19:00:00,,"0.0",2,"Peatón,Moto/Ciclomotor","Av. Pellegrini altura ciclovía 1170",2,0,1,0,0,1,0,"-32.95718, -60.64085","Avenida",,"ROSARIO","Rosario","Asfalto","No existe","II","Dentro","Urbana","Semáforo","Funciona","Intersección","Bueno","Buena","Diurna","Buen Tiempo","S/D","Peatón","Atropello","Ninguna","Vertical","Cordón divisorio","Sin restricción"
2017,3485,6/2/2017,"Viernes",0,14:10:00,,"0.0",2,"Moto/Ciclomotor,Automóvil","Alvear Y Anchorena",2,1,0,0,1,0,0,,"Calle",,"ROSARIO","Rosario","Asfalto","No existe","II","Dentro","Urbana","Ninguna","No existe","Intersección","Deteriorada","Buena","Diurna","Buen Tiempo","Lateral","S/D","Colisión","Ninguna","Faltante","Ninguna","Sin restricción"
2017,3486,6/15/2017,"Jueves",0,11:50:00,,"0.0",2,"Automóvil,Pickup/Utilitario","España Y Padre R. Giaccone",3,3,0,0,0,0,0,,"Calle",,"ROSARIO","Rosario","Asfalto","No existe","II","Dentro","Urbana","Ninguna","No existe","Intersección","Bueno","Buena","Diurna","Buen Tiempo","Lateral","S/D","Colisión","Ninguna","Faltante","Ninguna","Sin restricción"
2017,3487,3/20/2017,"Lunes",0,12:30:00,"Ruta Provincial 13","36.0",1,"Automóvil"," ",1,0,0,0,0,1,0,"-32.1779, -61.71891","Ruta",13,"EL TRÉBOL","San Martín","Asfalto","Natural","XVIII","Fuera","Rural","Ninguna","No existe","Curva","Bueno","Buena","Diurna","Buen Tiempo","S/D","S/D","Vuelco,Despiste","Ninguna","Horizontal","Línea divisoria pintada","Sin restricción"
2017,3488,6/19/2017,"Lunes",0,7:45:00,,"0.0",2,"Moto/Ciclomotor,Automóvil","Pje. Patria Y Santiago",3,1,0,0,2,0,0,,"Calle",,"ROSARIO","Rosario","Asfalto","No existe","II","Dentro","Urbana","Ninguna","No existe","Intersección","Deteriorada","Buena","Diurna","Buen Tiempo","Lateral","S/D","Colisión","Ninguna","Faltante","Ninguna","Sin restricción"
2017,3489,6/22/2017,"Jueves",0,15:40:00,,"0.0",2,"Peatón,Pickup/Utilitario","Mariano Moreno Y Pje. Patria",2,1,0,0,1,0,0,,"Calle",,"ROSARIO","Rosario","Asfalto","No existe","II","Dentro","Urbana","Ninguna","No existe","Recta","Bueno","Buena","Diurna","Buen Tiempo","S/D","Peatón","Atropello","Ninguna","Faltante","Ninguna","Sin restricción"
2017,3490,3/22/2017,"Miercoles",0,2:30:00,"Ruta Nacional 11","322.0",2,"Moto/Ciclomotor,Bicicleta"," ",2,0,1,0,0,1,0,"-32.80516, -60.71966","Ruta",11,"CAPITÁN BERMÚDEZ","San Lorenzo","Asfalto","Ripio","XVII","S/D","Urbana","S/D","S/D","Recta","Bueno","Buena","Nocturna","Buen Tiempo","S/D","Ciclista","Atropello","Ninguna","S/D","S/D","S/D"
2017,3491,3/22/2017,"Miercoles",0,23:00:00,"Ruta Nacional 34","370.0",2,"Automóvil,Camión c / Semirremolque"," ",5,2,1,0,1,1,0,"-30.00101, -61.8312","Ruta",34,"HERSILIA","San Cristóbal","Asfalto","Ripio","XIII","Dentro","Urbana","Ninguna","No existe","Curva","Bueno","Buena","Nocturna","Otro","Lateral","S/D","Colisión","Agua","Vertical","Ninguna","Sin restricción"
2017,3492,3/22/2017,"Miercoles",0,13:15:00,"Ruta Nacional 34","296.0",2,"Camión c / Acoplado,Camión c / Acoplado"," ",3,2,0,0,0,1,0,"-30.62786, -61.62317","Ruta",34,"LAS PALMERAS","San Cristóbal","Asfalto","Natural","XIII","Dentro","Urbana","Ninguna","No existe","Curva","Resbaladiza","Reducida","Diurna","Lluvia","Frontal,Lateral","S/D","Colisión","Agua","Faltante","Línea divisoria pintada","Sin restricción"
2017,3493,6/26/2017,"Lunes",0,17:00:00,,"0.0",2,"Automóvil,Pickup/Utilitario","Balcarce Y H. Brandoni",2,1,0,0,1,0,0,,"Calle",,"ROSARIO","Rosario","Asfalto","No existe","II","Dentro","Urbana","Ninguna","No existe","Intersección","Bueno","Buena","Atardecer","Buen Tiempo","Lateral","S/D","Colisión","Ninguna","Faltante","Ninguna","Sin restricción"
2017,3494,6/23/2017,"Viernes",0,15:40:00,,"0.0",2,"Camión c / Acoplado,Moto/Ciclomotor","Francia F Y Aurora",2,0,1,0,1,0,0,,"Calle",,"ROSARIO","Rosario","Asfalto","No existe","II","Dentro","Urbana","Ninguna","No existe","Intersección","Bueno","Buena","Diurna","Buen Tiempo","Lateral","S/D","Colisión","Ninguna","Faltante","Vegetación","Sin restricción"
2017,3495,6/23/2017,"Viernes",0,11:40:00,,"0.0",3,"Automóvil,Automóvil,Automóvil","Av. Ovidio Lagos Y Acevedo Bis",3,1,0,0,2,0,0,,"Calle",,"ROSARIO","Rosario","Asfalto","No existe","II","Dentro","Urbana","Semáforo","Funciona","Intersección","Bueno","Buena","Diurna","Buen Tiempo","Múltiple","S/D","Colisión","Ninguna","Faltante","Cordón divisorio","Sin restricción"
2017,3496,6/21/2017,"Miercoles",0,10:00:00,,"0.0",1,"Moto/Ciclomotor","Valparaiso Y Pje. Chancay",1,1,0,0,0,0,0,,"Calle",,"ROSARIO","Rosario","Asfalto","S/D","II","Dentro","Urbana","Ninguna","No existe","Recta","Resbaladiza","Buena","Diurna","Buen Tiempo","S/D","S/D","Caída ocupante","S/D","S/D","Ninguna","Sin restricción"
2017,3497,6/21/2017,"Miercoles",0,11:00:00,,"0.0",2,"Bicicleta,Automóvil","Lamadrid Y Constitucion",2,1,0,0,1,0,0,,"Calle",,"ROSARIO","Rosario","Asfalto","Pavimento","II","Dentro","Urbana","Ninguna","No existe","Recta","S/D","Buena","Diurna","Buen Tiempo","S/D","Ciclista","Atropello","S/D","S/D","Cordón divisorio","Sin restricción"
2017,3498,6/16/2017,"Viernes",0,21:30:00,,"0.0",2,"Automóvil,Moto/Ciclomotor","Av. Ovidio Lagos Y Gaboto",3,2,0,0,1,0,0,,"Calle",,"ROSARIO","Rosario","Asfalto","S/D","II","Dentro","Urbana","S/D","S/D","Intersección","Bueno","S/D","Nocturna","Buen Tiempo","Lateral","S/D","Colisión","Ninguna","Faltante","Cordón divisorio","Sin restricción"
2017,3499,6/16/2017,"Viernes",0,18:10:00,,"0.0",2,"Automóvil,Moto/Ciclomotor","Centeno ",3,1,1,0,1,0,0,,"Calle",,"ROSARIO","Rosario","Asfalto","Natural","II","Dentro","Urbana","Ninguna","No existe","Intersección","Bueno","Buena","Atardecer","Buen Tiempo","Lateral","S/D","Colisión","Ninguna","Faltante","Ninguna","Sin restricción"
2017,3500,6/29/2017,"Jueves",0,17:05:00,,"0.0",2,"Moto/Ciclomotor,Pickup/Utilitario","A F Temporelli Y Richieri",3,2,0,0,1,0,0,,"Calle",,"VILLA GOBERNADOR GÁLVEZ","Rosario","Asfalto","No existe","II","Dentro","Urbana","Ninguna","No existe","Intersección","Deteriorada","Buena","Atardecer","Buen Tiempo","S/D","S/D","Colisión","Material Suelto","Faltante","Ninguna","Sin restricción"
2017,3501,6/22/2017,"Jueves",0,,,"0.0",2,"Moto/Ciclomotor,Automóvil","Velez Sarsfield 6800",2,1,0,0,1,0,0,,"Calle",,"ROSARIO","Rosario","Asfalto","No existe","II","Dentro","Urbana","Ninguna","No existe","Recta","Bueno","Buena","Diurna","Buen Tiempo","Lateral","S/D","Colisión","Ninguna","S/D","Ninguna","Sin restricción"
2017,3502,6/30/2017,"Viernes",0,,,"0.0",2,"Moto/Ciclomotor,Automóvil","Bv. Argentino Y Donado",2,1,0,0,1,0,0,,"Calle",,"ROSARIO","Rosario","Asfalto","No existe","II","Dentro","Urbana","Ninguna","No existe","Intersección","Bueno","Buena","Diurna","Buen Tiempo","Lateral","S/D","Colisión","Ninguna","Faltante","Ninguna","Sin restricción"
2017,3503,6/3/2017,"Sabado",0,,,"0.0",2,"Moto/Ciclomotor,Automóvil","Av. Eva Peron ",2,1,0,0,1,0,0,,"Calle",,"ROSARIO","Rosario","Asfalto","No existe","II","Dentro","Urbana","Semáforo","Funciona","Intersección","Bueno","Buena","Diurna","Buen Tiempo","Lateral","S/D","Colisión","Ninguna","Vertical","Cordón divisorio","Sin restricción"
2017,3504,5/22/2017,"Lunes",0,,,"0.0",2,"Otros,Otros","Av. Eva Peron Y Donado",2,1,0,0,1,0,0,,"Calle",,"ROSARIO","Rosario","Asfalto","S/D","II","Dentro","Urbana","Semáforo","S/D","Intersección","Bueno","S/D","S/D","Buen Tiempo","Lateral","S/D","Colisión","Ninguna","Vertical","Cordón divisorio","Sin restricción"
2017,3506,6/13/2017,"Martes",0,8:40:00,,"0.0",2,"Moto/Ciclomotor,Moto/Ciclomotor","Ayala Gauna 7848",2,2,0,0,0,0,0,,"Calle",,"ROSARIO","Rosario","S/D","S/D","II","Dentro","Urbana","S/D","S/D","Intersección","S/D","S/D","Diurna","S/D","S/D","S/D","Colisión","S/D","S/D","S/D","S/D"
2017,3507,6/16/2017,"Viernes",0,19:15:00,,"0.0",2,"Moto/Ciclomotor,Moto/Ciclomotor","J.B.Justo Y Sarratea Bis",2,1,0,0,1,0,0,,"Calle",,"ROSARIO","Rosario","S/D","S/D","II","Dentro","Urbana","S/D","S/D","Recta","S/D","S/D","Diurna","S/D","S/D","S/D","Colisión","S/D","S/D","S/D","S/D"
2017,3508,6/2/2017,"Viernes",0,12:00:00,"Autopista Nacional Rosario -Cordoba","302.0",2,"Automóvil,Automóvil"," ",2,1,0,0,1,0,0,,"Autopista","Rosario -Cordoba","ROSARIO","Rosario","Asfalto","Natural","II","Dentro","Rural","Marca Vial","No existe","Recta","Otro","Buena","Diurna","Buen Tiempo","De alcance","S/D","Colisión","Ninguna","Faltante","Vegetación","Sin restricción"
2017,3509,6/2/2017,"Viernes",0,10:00:00,"Autopista Nacional Rosario -Cordoba","302.0",1,"Automóvil"," ",2,1,0,0,1,0,0,,"Autopista","Rosario -Cordoba","ROSARIO","Rosario","Asfalto","Natural","II","Dentro","Rural","Marca Vial","No existe","Recta","S/D","Buena","Diurna","S/D","S/D","S/D","Colisión","S/D","S/D","Vegetación","S/D"
2017,3510,6/5/2017,"Lunes",0,19:00:00,,"0.0",2,"Moto/Ciclomotor,Automóvil","Zuviria Y Brasil",2,2,0,0,0,0,0,,"Calle",,"ROSARIO","Rosario","Asfalto","Pavimento","II","Dentro","Urbana","S/D","No existe","Recta","S/D","S/D","Nocturna,Con luz artificial","S/D","S/D","S/D","Colisión","S/D","S/D","Ninguna","S/D"
2017,3511,6/6/2017,"Martes",0,21:00:00,,"0.0",2,"Automóvil,Camión","Mendoza Y Av. Circunvalacion",2,1,0,0,1,0,0,,"Calle",,"ROSARIO","Rosario","Asfalto","S/D","II","Dentro","Urbana","Semáforo","S/D","Intersección","Bueno","S/D","Nocturna,Con luz artificial","S/D","S/D","S/D","Colisión","S/D","Vertical","Ninguna","S/D"
2017,3512,6/11/2017,"Domingo",0,23:00:00,"Autopista Nacional Rosario -Cordoba","300.0",1,"Automóvil"," ",3,1,1,0,1,0,0,,"Autopista","Rosario -Cordoba","ROSARIO","Rosario","Asfalto","Natural","II","Dentro","Rural","S/D","No existe","Recta","Otro","S/D","Nocturna","S/D","S/D","S/D","Despiste","S/D","S/D","Vegetación","S/D"
2017,3513,6/11/2017,"Domingo",0,11:00:00,,"0.0",2,"Automóvil,Pickup/Utilitario","Av. Circunvalacion Y Mendoza",3,2,0,0,1,0,0,,"Calle",,"ROSARIO","Rosario","Asfalto","Natural","II","Dentro","Urbana","Semáforo","S/D","Intersección","S/D","Buena","Diurna","S/D","Lateral","S/D","Colisión","S/D","Vertical","Ninguna","Sin restricción"
2017,3514,6/14/2017,"Miercoles",0,16:00:00,,"0.0",2,"Moto/Ciclomotor,Automóvil","Mendoza 7400",2,1,0,0,1,0,0,,"Calle",,"ROSARIO","Rosario","Asfalto","No existe","II","Dentro","Urbana","S/D","No existe","Recta","S/D","S/D","Diurna","S/D","S/D","S/D","Colisión","S/D","S/D","Cordón divisorio","S/D"
2017,3515,6/17/2017,"Sabado",0,13:00:00,,"0.0",2,"Pickup/Utilitario,Moto/Ciclomotor","Cochabamba Y Nicaragua",2,1,0,0,1,0,0,,"Calle",,"ROSARIO","Rosario","Asfalto","No existe","II","Dentro","Urbana","S/D","S/D","S/D","S/D","S/D","Diurna","S/D","Lateral","S/D","Colisión","S/D","S/D","Ninguna","S/D"
2017,3516,6/23/2017,"Viernes",0,8:00:00,,"0.0",2,"Moto/Ciclomotor,Pickup/Utilitario","Nicaragua Y Mendoza",2,1,0,0,1,0,0,,"Calle",,"ROSARIO","Rosario","Asfalto","No existe","II","Dentro","Urbana","S/D","S/D","Recta","Bueno","Buena","Diurna","Buen Tiempo","Lateral","S/D","Colisión","Ninguna","S/D","Cordón divisorio","Sin restricción"
2017,3517,6/23/2017,"Viernes",0,7:00:00,,"0.0",2,"Peatón,Moto/Ciclomotor","Ugarte Y Av. San Jose De Calasanz",2,1,0,0,1,0,0,,"Calle",,"ROSARIO","Rosario","Asfalto","Natural","II","Dentro","Urbana","Ninguna","No existe","Recta","Deteriorada","Buena","Amanecer","Buen Tiempo","S/D","Peatón","Atropello","S/D","S/D","Ninguna","Sin restricción"
2017,3518,6/24/2017,"Sabado",0,8:30:00,,"0.0",2,"Moto/Ciclomotor,Automóvil","Pje. publico 7500",3,2,0,0,1,0,0,,"Calle",,"ROSARIO","Rosario","Asfalto","No existe","II","Dentro","Urbana","S/D","No existe","Recta","S/D","S/D","Diurna,Con luz artificial","S/D","Lateral","S/D","Colisión","S/D","S/D","Ninguna","Sin restricción"
2017,3519,5/17/2017,"Miercoles",0,14:50:00,"Autopista Nacional Rosario -Cordoba","505.0",2,"Automóvil,Automóvil"," ",4,3,0,0,1,0,0,,"Autopista","Rosario -Cordoba","ROSARIO","Rosario","Asfalto","Natural","II","Dentro","Rural","Ninguna","No existe","Recta","Bueno","Buena","Diurna","Buen Tiempo","S/D","S/D","Colisión","S/D","S/D","Guardarrail","Sin restricción"
2017,3520,2/11/2017,"Sabado",1,20:30:00,"Ruta Nacional 98","22.0",3,"Moto/Ciclomotor,Moto/Ciclomotor,Moto/Ciclomotor"," ",5,4,0,0,0,1,0,"-29.398913, -60.405248","Ruta",98,"LAS GAMAS","Vera","S/D","S/D","XIX","Dentro","Rural","S/D","S/D","Recta","S/D","S/D","Nocturna","S/D","Múltiple","S/D","Colisión","S/D","S/D","S/D","S/D"
2017,3521,2/24/2017,"Viernes",0,11:15:00,"Ruta Nacional 33","779.0",2,"Transporte de Pasajeros Larga Distancia (> 8 asientos),Transporte de Pasajeros Larga Distancia (> 8 asientos)"," ",36,21,1,1,0,13,0,"-33.0171, -60.83201","Ruta",33,"PEREZ","Rosario","S/D","S/D","II","Dentro","Urbana","S/D","S/D","Recta","S/D","Buena","Diurna","Buen Tiempo","Frontal","S/D","Colisión","S/D","S/D","S/D","S/D"
2017,3522,5/5/2017,"Viernes",0,15:30:00,,"0.0",2,"Moto/Ciclomotor,Bicicleta","Buenos Aires Y Av. Belgrano",2,2,0,0,0,0,0,,"Calle",,"ROSARIO","Rosario","Asfalto","No existe","II","Dentro","Urbana","Ninguna","No existe","Intersección","Bueno","Buena","Diurna","Buen Tiempo","S/D","Ciclista","Atropello","Ninguna","Faltante","Ninguna","Sin restricción"
2017,3523,5/2/2017,"Martes",0,8:00:00,,"0.0",2,"Pickup/Utilitario,Moto/Ciclomotor","Jorge Newbery Y San Martin",3,2,0,0,1,0,0,,"Calle",,"FUNES","Rosario","S/D","Natural","II","Dentro","Urbana","Ninguna","No existe","Intersección","Bueno","Buena","Diurna","Buen Tiempo","Frontal","S/D","Colisión","Ninguna","Vertical","Ninguna","Sin restricción"
2017,3524,5/14/2017,"Domingo",0,22:30:00,"Autopista Nacional Rosario -Cordoba","306.0",2,"Automóvil,Automóvil"," ",2,0,1,0,1,0,0,,"Autopista","Rosario -Cordoba","FUNES","Rosario","Asfalto","Natural","II","Dentro","Rural","Ninguna","No existe","Recta","Bueno","Buena","Nocturna","Buen Tiempo","Lateral","S/D","Colisión","Ninguna","Horizontal,Vertical","Guardarrail","Sin restricción"
2017,3525,6/4/2017,"Domingo",0,16:15:00,,"0.0",2,"Automóvil,Automóvil","Pedro Rios Y Belgrano",3,2,0,0,1,0,0,,"Calle",,"FUNES","Rosario","Asfalto","No existe","II","Dentro","Urbana","Ninguna","No existe","Intersección","Con baches","Buena","Diurna","Buen Tiempo","De alcance","S/D","Colisión","S/D","Faltante","Cordón divisorio","Sin restricción"