"anio_acci","nro_acci","fecha","desc_dia","fecha_aprox","hora_aprox","desc_ruta","km","cant_participantes","desc_participante","calle_avenida_km","total","heridos_leves","heridos_graves","heridos_gravisimos","ilesos","fallecidos","sin_datos","posicion_XY","desc_tipo_via","desc_ruta_ori","desc_loc","desc_dpto","desc_tipo_calzada","desc_tipo_banquina","desc_unidad_regional","desc_lugar_calzada","desc_zona","desc_prioridad","desc_estado_semaforo","desc_lugar_via","desc_estado_via","desc_estado_visibilidad","desc_luminosidad","desc_estado_clima","desc_tipo_colision","desc_tipo_atropello","desc_tipo_hecho","desc_pres_calzada","desc_senializacion","desc_separacion_via","desc_restriccion"
2017,3526,6/21/2017,"Miercoles",0,19:15:00,"Ruta Nacional 9","0.0",2,"Automóvil,Moto/Ciclomotor","Mar del Plata ",2,1,0,0,1,0,0,,"Ruta",9,"FUNES","Rosario","Asfalto","Ripio","II","Dentro","Urbana","Ninguna","No existe","Intersección","Bueno","Buena","Nocturna","Buen Tiempo","Lateral","S/D","Colisión","Ninguna","Horizontal,Vertical","Línea divisoria pintada","Sin restricción"
2017,3527,6/15/2017,"Jueves",0,20:00:00,,"0.0",2,"Automóvil,Moto/Ciclomotor","Suipacha Y Saenz Pe±a",2,1,0,0,1,0,0,,"Calle",,"FUNES","Rosario","Tierra","No existe","II","Dentro","Urbana","Ninguna","No existe","Intersección","Con baches","Reducida","Nocturna","Buen Tiempo","Lateral","S/D","Colisión","Ninguna","Faltante","Ninguna","Sin restricción"
2017,3528,6/1/2017,"Jueves",0,16:50:00,"Ruta Nacional 9","0.0",2,"Tractor,Moto/Ciclomotor","Alberdi ",2,0,1,0,1,0,0,,"Ruta",9,"FUNES","Rosario","Asfalto","Ripio","II","Dentro","Urbana","Ninguna","No existe","Intersección","Bueno","Buena","Diurna","Buen Tiempo","Lateral","S/D","Colisión","Ninguna","Horizontal,Vertical","Línea divisoria pintada","Sin restricción"
2017,3529,6/15/2017,"Jueves",0,,"Ruta Nacional 9","0.0",2,"Automóvil,Moto/Ciclomotor","Mar del Plata ",2,1,0,0,1,0,0,,"Ruta",9,"ROSARIO","Rosario","Asfalto","Ripio","II","Dentro","Urbana","Ninguna","No existe","Recta","Bueno","Buena","Nocturna","Buen Tiempo","Lateral","S/D","Colisión","Ninguna","Horizontal,Vertical","Línea divisoria pintada","Sin restricción"
2017,3530,6/16/2017,"Viernes",0,10:00:00,"Ruta Nacional 9","0.0",1,"Automóvil","Mitre ",2,1,0,0,1,0,0,,"Ruta",9,"FUNES","Rosario","Asfalto","Ripio","II","Dentro","Urbana","Semáforo","Funciona","Recta","Bueno","Buena","Diurna","Buen Tiempo","S/D","S/D","Vuelco","Ninguna","Horizontal,Vertical","Línea divisoria pintada","Sin restricción"
2017,3531,6/1/2017,"Jueves",0,10:00:00,,"0.0",2,"Automóvil,Automóvil","Tucuman 1800",2,1,0,0,1,0,0,,"Calle",,"ROSARIO","Rosario","Asfalto","No existe","II","Dentro","Urbana","Ninguna","No existe","Recta","Bueno","Buena","Diurna","Buen Tiempo","De alcance","S/D","Colisión","Ninguna","Faltante","Ninguna","Sin restricción"
2017,3532,6/6/2017,"Martes",0,17:45:00,,"0.0",2,"Bicicleta,Transporte de Pasajeros Urbano (> 8 asientos)","Santa Fe Y San Martin",2,1,0,0,1,0,0,,"Calle",,"ROSARIO","Rosario","Asfalto","No existe","II","Dentro","Urbana","Ninguna","No existe","Recta","Bueno","Buena","Diurna","Buen Tiempo","S/D","Ciclista","Atropello","Ninguna","Faltante","Ninguna","Sin restricción"
2017,3533,6/9/2017,"Viernes",0,14:00:00,,"0.0",2,"Peatón,Transporte de Pasajeros Urbano (> 8 asientos)","Santa Fe Y Sarmiento",2,0,1,0,1,0,0,,"Calle",,"ROSARIO","Rosario","Asfalto","No existe","II","Dentro","Urbana","Ninguna","No existe","Intersección","Bueno","Buena","Diurna","Buen Tiempo","S/D","Peatón","Atropello","Ninguna","Vertical","Ninguna","Sin restricción"
2017,3534,6/9/2017,"Viernes",0,18:20:00,,"0.0",2,"Automóvil,Taxi/Remis","Bv. Oroño Y San Lorenzo",4,4,0,0,0,0,0,,"Calle",,"ROSARIO","Rosario","Asfalto","No existe","II","Dentro","Urbana","Ninguna","No existe","Intersección","Bueno","Buena","Diurna","Buen Tiempo","Lateral","S/D","Colisión","Ninguna","Vertical","Cordón divisorio","Sin restricción"
2017,3535,3/1/2017,"Miercoles",0,23:15:00,,"0.0",2,"Automóvil,Moto/Ciclomotor","Navarro Y Solis",2,1,0,0,1,0,0,,"Calle",,"ROSARIO","Rosario","S/D","S/D","II","Dentro","Urbana","S/D","S/D","Recta","S/D","S/D","Nocturna","S/D","S/D","S/D","Colisión","S/D","S/D","S/D","S/D"
2017,3536,3/1/2017,"Miercoles",0,23:50:00,"Ruta Nacional 11","334.0",2,"Automóvil,Transporte de Pasajeros Urbano (> 8 asientos)"," ",3,1,0,0,2,0,0,,"Ruta",11,"PUERTO SAN MARTÍN","San Lorenzo","S/D","S/D","XVII","Dentro","Urbana","S/D","S/D","Recta","S/D","S/D","Nocturna","S/D","S/D","S/D","Colisión","S/D","S/D","S/D","Sin restricción"
2017,3537,3/3/2017,"Viernes",0,,"Ruta Nacional 11","440.0",2,"Bicicleta,Moto/Ciclomotor"," ",2,1,0,0,1,0,0,,"Ruta",11,"DESVÍO ARIJÓN","San Jerónimo","S/D","S/D","XV","Dentro","Urbana","S/D","S/D","Recta","S/D","S/D","S/D","S/D","S/D","Ciclista","Atropello","S/D","S/D","S/D","S/D"
2017,3538,3/3/2017,"Viernes",0,,,"0.0",2,"Camión,Moto/Ciclomotor","Fray Luis Beltran Y Presidente General Julio Argen",2,1,0,0,1,0,0,,"Calle",,"CASILDA","Caseros","S/D","S/D","IV","Dentro","Urbana","S/D","S/D","Intersección","S/D","S/D","S/D","S/D","S/D","S/D","Colisión","S/D","S/D","S/D","S/D"
2017,3539,3/3/2017,"Viernes",0,,,"0.0",1,"Moto/Ciclomotor"," ",1,1,0,0,0,0,0,,"Calle",,"CASILDA","Caseros","S/D","S/D","IV","Dentro","Urbana","S/D","S/D","S/D","S/D","S/D","S/D","S/D","Atropello animal","S/D","Colisión","S/D","S/D","S/D","S/D"
2017,3540,3/3/2017,"Viernes",0,,,"0.0",2,"Moto/Ciclomotor,Pickup/Utilitario","Santa Fe Y Salta",2,1,0,0,1,0,0,,"Calle",,"VENADO TUERTO","General López","S/D","S/D","VIII","Dentro","Urbana","S/D","S/D","Intersección","S/D","S/D","S/D","S/D","S/D","S/D","Colisión","S/D","S/D","S/D","S/D"
2017,3541,3/5/2017,"Domingo",0,,,"0.0",2,"Automóvil,Moto/Ciclomotor","Alvear Y Dr De la Colina",3,2,1,0,0,0,0,,"Calle",,"SAN JAVIER","San Javier","S/D","S/D","XIV","Dentro","Urbana","S/D","S/D","Intersección","S/D","S/D","S/D","S/D","S/D","S/D","Colisión","S/D","S/D","S/D","S/D"
2017,3542,3/6/2017,"Lunes",0,,,"0.0",1,"Moto/Ciclomotor","Cordoba 9150",1,1,0,0,0,0,0,,"Calle",,"ROSARIO","Rosario","S/D","S/D","II","Dentro","Urbana","S/D","S/D","Recta","S/D","S/D","S/D","S/D","S/D","S/D","Caída ocupante","S/D","S/D","S/D","S/D"
2017,3543,3/8/2017,"Miercoles",0,12:00:00,,"0.0",2,"Automóvil,Peatón"," ",2,1,0,0,1,0,0,,"Calle",,"SANTA FE","La Capital","S/D","S/D","I","Dentro","Urbana","S/D","S/D","S/D","S/D","S/D","Diurna","S/D","S/D","Peatón","Atropello","S/D","S/D","S/D","S/D"
2017,3544,3/8/2017,"Miercoles",0,,"Ruta Secundaria 63-s","0.0",2,"Automóvil,Moto/Ciclomotor","Ruta Provincial Nro 13 ",2,1,0,0,1,0,0,,"Ruta","63-s","MARIA JUANA","Castellanos","S/D","S/D","V","Dentro","Rural","S/D","S/D","Cruce","S/D","S/D","S/D","S/D","S/D","S/D","Colisión","S/D","S/D","S/D","S/D"
2017,3545,3/10/2017,"Viernes",0,,"Ruta Nacional 33","0.0",2,"Automóvil,Moto/Ciclomotor","General José Francisco de San ",3,0,2,0,1,0,0,,"Ruta",33,"SANFORD","Caseros","S/D","S/D","IV","Dentro","Rural","S/D","S/D","Intersección","S/D","S/D","Diurna","S/D","S/D","S/D","Colisión","S/D","S/D","S/D","S/D"
2017,3546,3/13/2017,"Lunes",0,,,"0.0",1,"Moto/Ciclomotor","Avda. Jorge Newbery 550",1,1,0,0,0,0,0,,"Calle",,"GÁLVEZ","San Jerónimo","S/D","S/D","XV","Dentro","Urbana","S/D","S/D","Recta","S/D","S/D","S/D","S/D","S/D","S/D","Caída ocupante","S/D","S/D","S/D","S/D"
2017,3547,3/14/2017,"Martes",0,,,"0.0",2,"Moto/Ciclomotor,Automóvil","Vera Mujica Y Amenabar",3,1,0,0,2,0,0,,"Calle",,"ROSARIO","Rosario","S/D","S/D","II","Dentro","Urbana","S/D","S/D","Intersección","S/D","S/D","S/D","S/D","S/D","S/D","Colisión","S/D","S/D","S/D","S/D"
2017,3548,3/14/2017,"Martes",0,,,"0.0",2,"Moto/Ciclomotor,Automóvil","Ayacucho Y Bv. Segui",3,2,0,0,1,0,0,,"Calle",,"ROSARIO","Rosario","S/D","S/D","II","Dentro","Urbana","S/D","S/D","Intersección","S/D","S/D","S/D","S/D","S/D","S/D","Colisión","S/D","S/D","S/D","S/D"
2017,3549,3/18/2017,"Sabado",0,,,"0.0",2,"Automóvil,Moto/Ciclomotor"," ",3,1,0,0,2,0,0,,"Calle",,"CASILDA","Caseros","S/D","S/D","IV","Dentro","Urbana","S/D","S/D","S/D","S/D","S/D","S/D","S/D","S/D","S/D","Colisión","S/D","S/D","S/D","S/D"
2017,3550,3/18/2017,"Sabado",0,,,"0.0",2,"Moto/Ciclomotor,Automóvil"," ",2,1,0,0,1,0,0,,"Calle",,"CASILDA","Caseros","S/D","S/D","IV","Dentro","Urbana","S/D","S/D","S/D","S/D","S/D","S/D","S/D","S/D","S/D","Colisión","S/D","S/D","S/D","S/D"
2017,3551,3/18/2017,"Sabado",0,,"Ruta Provincial 1","0.0",2,"Automóvil,Moto/Ciclomotor","Ruta n°39 ",2,1,0,0,1,0,0,,"Ruta",1,"SAN JAVIER","San Javier","S/D","S/D","XIV","Dentro","Rural","S/D","S/D","Cruce","S/D","S/D","S/D","S/D","S/D","S/D","Colisión","S/D","S/D","S/D","S/D"
2017,3552,3/22/2017,"Miercoles",0,,,"0.0",2,"Moto/Ciclomotor,Moto/Ciclomotor","San Lorenzo Y Catamarca",2,1,0,0,0,0,1,,"Calle",,"CASILDA","Caseros","S/D","S/D","IV","Dentro","Urbana","S/D","S/D","Intersección","S/D","S/D","S/D","S/D","S/D","S/D","Colisión","S/D","S/D","S/D","S/D"
2017,3553,3/23/2017,"Jueves",0,,,"0.0",2,"Automóvil,Moto/Ciclomotor","Bv. Oroño Y Lamadrid",2,1,0,0,1,0,0,,"Calle",,"ROSARIO","Rosario","S/D","S/D","II","Dentro","Urbana","S/D","S/D","Intersección","S/D","S/D","S/D","S/D","S/D","S/D","Colisión","S/D","S/D","S/D","S/D"
2017,3554,2/23/2017,"Jueves",0,14:00:00,,"0.0",1,"Pickup/Utilitario","Balcarce Y Rueda",1,0,0,0,0,1,0,"-32.968469, -60.658821","Avenida",,"ROSARIO","Rosario","S/D","S/D","II","Dentro","Urbana","S/D","S/D","Recta","S/D","Buena","Diurna","S/D","Contra objeto fijo","S/D","Colisión","S/D","S/D","S/D","S/D"
2017,3555,6/11/2017,"Domingo",0,21:15:00,,"0.0",2,"Moto/Ciclomotor,Automóvil","Tucuman Y Dorrego",2,1,0,0,1,0,0,,"Calle",,"ROSARIO","Rosario","Asfalto","No existe","II","Dentro","Urbana","Ninguna","No existe","Intersección","Bueno","Buena","Nocturna","Buen Tiempo","Lateral","S/D","Colisión","Ninguna","Vertical","Ninguna","Sin restricción"
2017,3556,6/12/2017,"Lunes",0,19:15:00,,"0.0",2,"Moto/Ciclomotor,Pickup/Utilitario","Alvear Y Urquiza",2,1,0,0,1,0,0,,"Calle",,"ROSARIO","Rosario","Asfalto","No existe","II","Dentro","Urbana","Ninguna","No existe","Intersección","Bueno","Buena","Atardecer","Buen Tiempo","Lateral","S/D","Colisión","Ninguna","Faltante","Ninguna","Sin restricción"
2017,3557,6/14/2017,"Miercoles",0,15:15:00,,"0.0",2,"Peatón,Automóvil","Bv. Oroño Y Salta",2,1,0,0,1,0,0,,"Calle",,"ROSARIO","Rosario","S/D","S/D","II","Dentro","Urbana","S/D","S/D","Recta","S/D","S/D","Diurna","S/D","S/D","Peatón","Atropello","S/D","S/D","S/D","S/D"
2017,3558,6/15/2017,"Jueves",0,9:30:00,,"0.0",2,"Peatón,Automóvil","Sarmiento Y Urquiza",2,1,0,0,1,0,0,,"Calle",,"ROSARIO","Rosario","Asfalto","No existe","II","Dentro","Urbana","Ninguna","No existe","Intersección","Bueno","Buena","Diurna","Buen Tiempo","S/D","Peatón","Atropello","Ninguna","Vertical","Ninguna","Sin restricción"
2017,3559,6/15/2017,"Jueves",0,19:20:00,,"0.0",2,"Automóvil,Automóvil","3 De Febrero Y Bv. Oroño",2,1,0,0,1,0,0,,"Calle",,"ROSARIO","Rosario","Asfalto","No existe","II","Dentro","Urbana","Semáforo","Funciona","Intersección","Bueno","Buena","Atardecer","Buen Tiempo","De alcance","S/D","Colisión","Ninguna","Vertical","Cordón divisorio","Sin restricción"
2017,3560,6/16/2017,"Viernes",0,18:10:00,,"0.0",2,"Peatón,Pickup/Utilitario","Bv. Oroño Y Urquiza",3,1,0,0,2,0,0,,"Calle",,"ROSARIO","Rosario","Asfalto","No existe","II","Dentro","Urbana","Señal Pare","No existe","Recta","Bueno","Buena","Diurna","Buen Tiempo","S/D","S/D","Atropello","Ninguna","Vertical","Cordón divisorio","Sin restricción"
2017,3561,6/23/2017,"Viernes",0,16:00:00,,"0.0",2,"Peatón,Automóvil","Mariano Moreno Y Brown",2,1,0,0,1,0,0,,"Calle",,"ROSARIO","Rosario","Asfalto","No existe","II","Dentro","Urbana","Ninguna","S/D","Recta","Bueno","Buena","Diurna","Buen Tiempo","S/D","Peatón","Atropello","Ninguna","Vertical","Ninguna","Sin restricción"
2017,3562,6/23/2017,"Viernes",0,16:30:00,,"0.0",2,"Bicicleta,Automóvil","Urquiza 1132",2,1,0,0,1,0,0,,"Calle",,"ROSARIO","Rosario","Asfalto","Pavimento","II","Dentro","Urbana","Ninguna","No existe","Recta","Bueno","Buena","Diurna","Buen Tiempo","S/D","Ciclista","Atropello","Ninguna","Vertical","Ninguna","Sin restricción"
2017,3563,6/24/2017,"Sabado",0,6:00:00,,"0.0",2,"Moto/Ciclomotor,Taxi/Remis","San Lorenzo Y Paraguay",2,0,1,0,1,0,0,,"Calle",,"ROSARIO","Rosario","Asfalto","No existe","II","Dentro","Urbana","Ninguna","Funciona","Intersección","Bueno","Buena","Diurna","Buen Tiempo","Lateral","S/D","Colisión","Ninguna","Vertical","Ninguna","Sin restricción"
2017,3565,3/29/2017,"Miercoles",0,17:45:00,,"0.0",2,"Automóvil,Moto/Ciclomotor","Saavedra Y Sarmiento",2,1,0,0,1,0,0,,"Calle",,"ROSARIO","Rosario","S/D","S/D","II","Dentro","Urbana","S/D","S/D","Intersección","S/D","S/D","Diurna","S/D","S/D","S/D","Colisión","S/D","S/D","S/D","S/D"
2017,3566,3/28/2017,"Martes",0,16:05:00,,"0.0",2,"Moto/Ciclomotor,Moto/Ciclomotor","Iturraspe Y Cornelio Saavedra",2,0,1,0,1,0,0,,"Calle",,"VENADO TUERTO","General López","S/D","S/D","VIII","Dentro","Urbana","S/D","S/D","Intersección","S/D","S/D","S/D","S/D","S/D","S/D","Colisión","S/D","S/D","S/D","S/D"
2017,3567,3/1/2017,"Miercoles",0,2:10:00,,"0.0",1,"Moto/Ciclomotor","Maiztegui Y Pintor Musto",1,1,0,0,0,0,0,,"Calle",,"ROSARIO","Rosario","S/D","S/D","II","Dentro","Urbana","S/D","S/D","Intersección","S/D","S/D","Nocturna","S/D","S/D","S/D","Caída ocupante","S/D","S/D","S/D","S/D"
2017,3568,3/15/2017,"Miercoles",0,13:00:00,"Ruta Nacional 11","0.0",1,"Automóvil","Av Circunvalación Y Monseñor Rodriguez",1,1,0,0,0,0,0,,"Ruta",11,"SANTA FE","La Capital","S/D","S/D","I","Dentro","Urbana","S/D","S/D","S/D","S/D","S/D","Diurna","Lluvia","Contra objeto fijo","S/D","Colisión","Agua","S/D","Guardarrail","S/D"
2017,3569,3/15/2017,"Miercoles",0,11:50:00,"Autopista Provincial Brigadier E.López","106.0",2,"Automóvil,Automóvil"," ",6,3,0,0,3,0,0,,"Autopista","Brigadier E.López","CORONDA","San Jerónimo","S/D","S/D","XV","Dentro","Rural","S/D","S/D","Recta","S/D","S/D","Diurna","S/D","De alcance","S/D","Colisión","S/D","S/D","S/D","S/D"
2017,3570,6/24/2017,"Sabado",0,22:20:00,,"0.0",3,"Taxi/Remis,Automóvil,Moto/Ciclomotor","Brown Y Balcarce",4,1,0,0,3,0,0,,"Calle",,"ROSARIO","Rosario","Asfalto","No existe","II","Dentro","Urbana","Señal Pare","No existe","Intersección","Bueno","Buena","Nocturna","Buen Tiempo","Múltiple","S/D","Colisión","Ninguna","Vertical","Ninguna","Sin restricción"
2017,3571,3/16/2017,"Jueves",0,7:50:00,"Autopista Nacional A007","0.0",1,"Camión","Av Circunvalación ",2,1,0,0,1,0,0,,"Autopista","A007","SANTA FE","La Capital","S/D","S/D","I","Dentro","Urbana","S/D","S/D","Curva","S/D","S/D","Diurna","S/D","S/D","S/D","Vuelco","S/D","S/D","S/D","S/D"
2017,3572,6/27/2017,"Martes",0,12:00:00,,"0.0",2,"Pickup/Utilitario,Automóvil","Catamarca Y Entre Rios",2,1,0,0,1,0,0,,"Calle",,"ROSARIO","Rosario","Asfalto","No existe","II","Dentro","Urbana","Señal Pare","No existe","Intersección","Bueno","Buena","Diurna","Buen Tiempo","De alcance","S/D","Colisión","Ninguna","Faltante","Ninguna","Sin restricción"
2017,3573,6/7/2017,"Miercoles",0,9:30:00,,"0.0",2,"Pickup/Utilitario,Automóvil","Dorrego Y Tucuman",2,1,0,0,0,0,1,,"Calle",,"SAN LORENZO","San Lorenzo","Asfalto","Natural","XVII","Dentro","Urbana","Ninguna","No existe","Intersección","Bueno","Buena","Diurna","Otro","S/D","S/D","Colisión","Ninguna","Horizontal","Ninguna","Accidente Previo"
2017,3574,3/19/2017,"Domingo",0,20:25:00,"Ruta Nacional 8","0.0",2,"Automóvil,Automóvil","RUTA PROVINCIAL 4S ",6,6,0,0,0,0,0,,"Ruta",8,"SAN EDUARDO","General López","S/D","S/D","VIII","Dentro","Rural","S/D","S/D","Cruce","S/D","S/D","Diurna","S/D","S/D","S/D","Colisión","S/D","S/D","S/D","S/D"
2017,3575,6/22/2017,"Jueves",0,12:00:00,,"0.0",2,"Moto/Ciclomotor,Camión Chasis","Bv. Avellaneda Y Av. Pellegrini",2,1,0,0,1,0,0,,"Avenida",,"ROSARIO","Rosario","Asfalto","No existe","II","S/D","Urbana","S/D","S/D","Intersección","S/D","S/D","Diurna","S/D","S/D","S/D","Colisión","S/D","S/D","Cordón divisorio","S/D"
2017,3576,3/19/2017,"Domingo",0,7:50:00,"Ruta Provincial 1","0.0",1,"Automóvil"," ",2,2,0,0,0,0,0,,"Ruta",1,"COLONIA FRANCESA","San Javier","S/D","S/D","XIV","Dentro","Rural","S/D","S/D","Recta","S/D","S/D","Diurna","S/D","S/D","S/D","Despiste","S/D","S/D","S/D","S/D"
2017,3577,6/22/2017,"Jueves",0,10:42:00,,"0.0",2,"Pickup/Utilitario,Moto/Ciclomotor","Marcos Paz Y Alsina",2,1,0,0,1,0,0,,"Calle",,"ROSARIO","Rosario","Asfalto","S/D","II","Dentro","Urbana","S/D","S/D","Intersección","S/D","S/D","Diurna","S/D","S/D","S/D","Colisión","S/D","S/D","Cordón divisorio","S/D"
2017,3578,3/20/2017,"Lunes",0,11:05:00,"Autopista Provincial Brigadier E.López","149.0",1,"Automóvil"," ",1,1,0,0,0,0,0,,"Autopista","Brigadier E.López","SANTO TOMÉ","La Capital","S/D","S/D","I","Dentro","Rural","S/D","S/D","Recta","S/D","S/D","Diurna","S/D","S/D","S/D","Despiste","S/D","S/D","S/D","S/D"
2017,3579,3/21/2017,"Martes",0,9:00:00,"Autopista Provincial Brigadier E.López","10.0",1,"Moto/Ciclomotor"," ",1,1,0,0,0,0,0,,"Autopista","Brigadier E.López","RICARDONE","San Lorenzo","S/D","S/D","XVII","Dentro","Rural","S/D","S/D","Recta","S/D","S/D","Diurna","S/D","S/D","S/D","Caída ocupante","S/D","S/D","S/D","S/D"
2017,3580,6/14/2017,"Miercoles",0,10:25:00,,"0.0",2,"Automóvil,Moto/Ciclomotor","San Luis Y Pascual Rosas",2,1,0,0,1,0,0,,"Calle",,"ROSARIO","Rosario","Asfalto","S/D","II","Dentro","Urbana","S/D","S/D","Intersección","S/D","S/D","Diurna","S/D","S/D","S/D","Colisión","S/D","S/D","Cordón divisorio","S/D"
2017,3581,3/23/2017,"Jueves",0,7:34:00,"Autopista Provincial Brigadier E.López","10.0",1,"Moto/Ciclomotor"," ",1,1,0,0,0,0,0,,"Autopista","Brigadier E.López","RICARDONE","San Lorenzo","S/D","S/D","XVII","Dentro","Rural","S/D","S/D","Recta","S/D","S/D","Diurna","S/D","S/D","S/D","Caída ocupante","S/D","S/D","S/D","S/D"
2017,3582,6/14/2017,"Miercoles",0,7:40:00,,"0.0",2,"Moto/Ciclomotor,Taxi/Remis","Vera Mujica Y Montevideo",2,1,0,0,1,0,0,,"Calle",,"ROSARIO","Rosario","Asfalto","S/D","II","Dentro","Urbana","S/D","S/D","Intersección","S/D","S/D","Diurna","S/D","S/D","S/D","Colisión","S/D","S/D","Cordón divisorio","S/D"
2017,3583,3/23/2017,"Jueves",0,19:25:00,"Autopista Provincial Brigadier E.López","10.0",2,"Automóvil,Automóvil"," ",2,1,0,0,1,0,0,,"Autopista","Brigadier E.López","FRAY LUIS BELTRÁN","San Lorenzo","S/D","S/D","XVII","Dentro","Rural","S/D","S/D","Recta","S/D","S/D","Diurna","S/D","S/D","S/D","Colisión","S/D","S/D","S/D","S/D"
2017,3584,6/10/2017,"Sabado",0,9:00:00,,"0.0",4,"Automóvil,Automóvil,Automóvil,Automóvil","Crespo Y Av. Pellegrini",6,3,0,0,3,0,0,,"Avenida",,"ROSARIO","Rosario","Asfalto","S/D","II","Dentro","Urbana","S/D","S/D","Intersección","S/D","S/D","Diurna","S/D","S/D","S/D","Colisión","S/D","S/D","Cordón divisorio","S/D"
2017,3585,3/30/2017,"Jueves",0,23:00:00,"Autopista Provincial Brigadier E.López","82.0",3,"Camión,Camión,Camión c / Acoplado"," ",3,1,0,0,2,0,0,,"Autopista","Brigadier E.López","BARRANCAS","San Jerónimo","S/D","S/D","XV","Dentro","Rural","S/D","S/D","Recta","S/D","S/D","Nocturna","S/D","Múltiple","S/D","Colisión","S/D","S/D","S/D","S/D"
2017,3586,6/10/2017,"Sabado",0,19:30:00,,"0.0",2,"Moto/Ciclomotor,Automóvil","Rodriguez Y 3 De Febrero",4,1,0,0,3,0,0,,"Calle",,"ROSARIO","Rosario","Asfalto","S/D","II","Dentro","Urbana","S/D","S/D","Intersección","S/D","S/D","Diurna","S/D","S/D","S/D","Colisión","S/D","S/D","Cordón divisorio","S/D"
2017,3587,6/14/2017,"Miercoles",0,0:20:00,,"0.0",2,"Automóvil,Automóvil","Pascual Rosas Y Mendoza",5,3,0,0,2,0,0,,"Calle",,"ROSARIO","Rosario","Asfalto","S/D","II","Dentro","Urbana","S/D","S/D","Intersección","S/D","S/D","Diurna","S/D","S/D","S/D","Colisión","S/D","S/D","Cordón divisorio","S/D"
2017,3588,6/8/2017,"Jueves",0,8:00:00,,"0.0",1,"Moto/Ciclomotor","Av. Pellegrini Y Bv. Avellaneda",2,1,0,0,1,0,0,,"Avenida",,"ROSARIO","Rosario","Asfalto","S/D","II","Dentro","Urbana","S/D","S/D","Intersección","S/D","S/D","Diurna","S/D","S/D","S/D","Caída ocupante","S/D","S/D","Cordón divisorio","S/D"
2017,3589,5/29/2017,"Lunes",0,18:00:00,,"0.0",2,"Peatón,Moto/Ciclomotor","Bv. Avellaneda Y San Juan",2,1,0,0,1,0,0,,"Avenida",,"ROSARIO","Rosario","Asfalto","S/D","II","Dentro","Urbana","S/D","S/D","Intersección","S/D","S/D","S/D","S/D","S/D","Peatón","Atropello","S/D","S/D","S/D","S/D"
2017,3590,6/4/2017,"Domingo",0,19:30:00,,"0.0",2,"Automóvil,Moto/Ciclomotor","San Luis Y Valparaiso",3,2,0,0,1,0,0,,"Calle",,"ROSARIO","Rosario","Asfalto","S/D","II","Dentro","Urbana","S/D","S/D","Intersección","S/D","S/D","Atardecer","S/D","S/D","S/D","Colisión","S/D","S/D","Cordón divisorio","S/D"
2017,3591,6/4/2017,"Domingo",0,17:55:00,,"0.0",2,"Bicicleta,Automóvil","San Luis Y Callao",2,1,0,0,1,0,0,,"Calle",,"ROSARIO","Rosario","Asfalto","S/D","II","Dentro","Urbana","S/D","S/D","Intersección","S/D","S/D","Diurna","S/D","S/D","Ciclista","Atropello","S/D","S/D","Cordón divisorio","S/D"
2017,3593,6/26/2017,"Lunes",0,12:45:00,,"0.0",2,"Automóvil,Moto/Ciclomotor","Cno San Roque Y Sarmiento",2,1,0,0,1,0,0,,"Calle",,"SAN JUSTO","San Justo","Asfalto,Ripio","Natural","XVI","S/D","Urbana","Ninguna","No existe","Intersección","Deteriorada","Buena","Diurna","Buen Tiempo","Lateral","S/D","Colisión","Material Suelto","Faltante","Ninguna","Sin restricción"
2017,3594,6/23/2017,"Viernes",0,11:45:00,,"0.0",2,"Peatón,Moto/Ciclomotor"," ",2,1,0,0,1,0,0,,"Calle",,"SAN JUSTO","San Justo","Tierra","Natural","XVI","Dentro","Urbana","Ninguna","No existe","Recta","Bueno","Buena","Diurna","Buen Tiempo","S/D","Peatón","Atropello","Ninguna","Faltante","Ninguna","Sin restricción"
2017,3595,5/18/2017,"Jueves",0,17:20:00,,"0.0",2,"Automóvil,Moto/Ciclomotor","9 de Julio Y Pedro Palacios",2,1,0,0,1,0,0,,"Avenida",,"SAN JUSTO","San Justo","Asfalto","No existe","XVI","Dentro","Urbana","Ninguna","No existe","Recta","Resbaladiza","Buena","Diurna","Lluvia","De alcance","S/D","Colisión","Agua","Faltante","Ninguna","Sin restricción"
2017,3596,3/24/2017,"Viernes",0,20:45:00,"Autopista Provincial Brigadier E.López","11.0",1,"Moto/Ciclomotor"," ",1,0,0,0,0,1,0,"-32.792226, -60.743517","Autopista","Brigadier E.López","FRAY LUIS BELTRÁN","San Lorenzo","Asfalto","Natural","XVII","Dentro","Rural","Otra Señal","No existe","Recta","Otro","Reducida","Nocturna","Buen Tiempo","S/D","S/D","Caída ocupante","Ninguna","Horizontal,Vertical","Vegetación","Obra en Construcción,Reparación de Vía"
2017,3597,6/3/2017,"Sabado",0,7:20:00,"Ruta Provincial 23","0.0",2,"Automóvil,Pickup/Utilitario"," ",2,1,0,0,1,0,0,,"Ruta",23,"SUARDI","San Cristóbal","Asfalto","Natural","XIII","Dentro","S/D","Ninguna","No existe","Recta","Bueno","Reducida","Amanecer","Lluvia","De alcance","S/D","Colisión","Ninguna","Faltante","Línea divisoria pintada","Sin restricción"
2017,3598,6/6/2017,"Martes",0,11:05:00,,"0.0",2,"Moto/Ciclomotor,Automóvil"," ",2,1,0,0,1,0,0,,"Camino Rural",,"SUARDI","San Cristóbal","Ripio","Natural","XIII","Dentro","Rural","Ninguna","No existe","Recta","Bueno","Reducida polvo","Diurna","Buen Tiempo","S/D","S/D","Colisión","S/D","Faltante","S/D","Sin restricción"
2017,3599,6/8/2017,"Jueves",0,12:50:00,,"0.0",2,"Moto/Ciclomotor,Moto/Ciclomotor","Bvard Lopez Y Rivadavia",2,1,1,0,0,0,0,,"Calle",,"CERES","San Cristóbal","Asfalto","No existe","XIII","Dentro","Urbana","Ninguna","No existe","Intersección","Bueno","Buena","Diurna","Buen Tiempo","Lateral","S/D","Colisión","Ninguna","Vertical","Cordón divisorio","Sin restricción"