"anio_acci","nro_acci","fecha","desc_dia","fecha_aprox","hora_aprox","desc_ruta","km","cant_participantes","desc_participante","calle_avenida_km","total","heridos_leves","heridos_graves","heridos_gravisimos","ilesos","fallecidos","sin_datos","posicion_XY","desc_tipo_via","desc_ruta_ori","desc_loc","desc_dpto","desc_tipo_calzada","desc_tipo_banquina","desc_unidad_regional","desc_lugar_calzada","desc_zona","desc_prioridad","desc_estado_semaforo","desc_lugar_via","desc_estado_via","desc_estado_visibilidad","desc_luminosidad","desc_estado_clima","desc_tipo_colision","desc_tipo_atropello","desc_tipo_hecho","desc_pres_calzada","desc_senializacion","desc_separacion_via","desc_restriccion"
2017,3600,6/9/2017,"Viernes",0,13:00:00,,"0.0",2,"Moto/Ciclomotor,Pickup/Utilitario","Laprida Y San Luis",2,0,1,0,1,0,0,,"Calle",,"CERES","San Cristóbal","Tierra","No existe","XIII","Dentro","Urbana","Ninguna","No existe","Intersección","Deteriorada","Buena","Diurna","Buen Tiempo","Frontal","S/D","Colisión","S/D","Faltante","Ninguna","Sin restricción"
2017,3601,6/19/2017,"Lunes",0,15:00:00,,"0.0",2,"Automóvil,Moto/Ciclomotor","Lavalle Y Hipolito Vieytes",2,0,1,0,1,0,0,,"Calle",,"CERES","San Cristóbal","Asfalto","No existe","XIII","Dentro","Urbana","S/D","No existe","Intersección","Bueno","Buena","Diurna","Buen Tiempo","Frontal","S/D","Colisión","Ninguna","Faltante","Ninguna","Sin restricción"
2017,3602,6/19/2017,"Lunes",0,9:45:00,,"0.0",2,"Automóvil,Moto/Ciclomotor","Avenida Tristan Malbran Y Pasaje Mellan",2,1,0,0,1,0,0,,"Calle",,"CERES","San Cristóbal","Asfalto","Pavimento","XIII","Dentro","Urbana","Ninguna","No existe","Intersección","Bueno","Buena","Diurna","Buen Tiempo","Otro","S/D","Colisión","Ninguna","Faltante","Barrera de hormigón","Sin restricción"
2017,3603,6/18/2017,"Domingo",0,20:00:00,,"0.0",2,"Moto/Ciclomotor,Automóvil","E Lopez 1600",2,1,0,0,1,0,0,,"S/D",,"SAN JUSTO","San Justo","Tierra","No existe","XVI","S/D","S/D","Ninguna","No existe","Recta","Bueno","Reducida","Nocturna","Buen Tiempo","Frontal","S/D","Colisión","Ninguna","Faltante","Ninguna","Sin restricción"
2017,3604,5/20/2017,"Sabado",0,19:55:00,"Ruta Nacional 11","620.5",1,"Moto/Ciclomotor","V Silvestre ",2,2,0,0,0,0,0,,"Ruta",11,"GOBERNADOR CRESPO","San Justo","Asfalto","Natural","XVI","Fuera","Urbana","Ninguna","No existe","Recta","Bueno","Buena","Diurna","Buen Tiempo","Otro","S/D","Vuelco","Ninguna","Faltante","Línea divisoria pintada","Sin restricción"
2017,3605,6/15/2017,"Jueves",0,14:40:00,"Autopista Provincial Brigadier E.López","58.5",1,"Camión c / Acoplado"," ",1,1,0,0,0,0,0,,"Autopista","Brigadier E.López","MACIEL","San Jerónimo","Asfalto","Natural","XV","Fuera","S/D","Ninguna","No existe","Recta","Bueno","Reducida","Diurna","Lluvia","S/D","S/D","Vuelco,Despiste","Agua","Horizontal","Vegetación","Sin restricción"
2017,3606,6/17/2017,"Sabado",0,22:10:00,,"0.0",1,"Moto/Ciclomotor","Belgrano 669",2,2,0,0,0,0,0,,"Calle",,"SAN GENARO","San Jerónimo","Asfalto","No existe","XV","Dentro","Urbana","Ninguna","No existe","Recta","Bueno","Buena","Nocturna","Buen Tiempo","S/D","S/D","Caída ocupante","Ninguna","Faltante","Ninguna","Sin restricción"
2017,3607,6/20/2017,"Martes",0,20:15:00,"Ruta Nacional 11","0.0",2,"Pickup/Utilitario,Tren","Bv San Martin Y Benavidez",4,2,0,0,2,0,0,,"Ruta",11,"BARRANCAS","San Jerónimo","Asfalto","Natural","XV","Dentro","Urbana","Ninguna","No existe","Paso a Nivel FFCC","Bueno","Buena","Nocturna,Con luz artificial","Buen Tiempo","Lateral","S/D","Colisión","Ninguna","Faltante","S/D","Sin restricción"
2017,3608,6/5/2017,"Lunes",0,10:00:00,,"0.0",2,"Moto/Ciclomotor,Automóvil","Sargento Cabral 229",3,1,0,0,2,0,0,,"Calle",,"SAN JERÓNIMO NORTE","Las Colonias","Asfalto","No existe","XI","Dentro","Urbana","Ninguna","No existe","Recta","Bueno","Buena","Diurna","Buen Tiempo","S/D","S/D","Colisión","Ninguna","Faltante","Ninguna","Sin restricción"
2017,3609,3/1/2017,"Miercoles",0,13:15:00,,"0.0",2,"Moto/Ciclomotor,Peatón","Leandro N Alem Y Bernardino Rivadavia",2,1,0,0,1,0,0,,"Calle",,"VENADO TUERTO","General López","S/D","S/D","VIII","Dentro","Urbana","Semáforo","Funciona","Intersección","S/D","S/D","Diurna","S/D","S/D","Peatón","Atropello","S/D","Vertical","S/D","S/D"
2017,3610,3/1/2017,"Miercoles",0,,"Autopista Nacional Gral. Juan Jose Valle","0.0",2,"Camión,Automóvil"," ",2,1,0,0,1,0,0,,"Autopista","Gral. Juan Jose Valle","ALVEAR","Rosario","S/D","S/D","II","Dentro","Rural","S/D","S/D","Recta","S/D","S/D","S/D","S/D","De alcance","S/D","Colisión","S/D","S/D","S/D","S/D"
2017,3611,3/1/2017,"Miercoles",0,11:00:00,,"0.0",2,"Moto/Ciclomotor,Automóvil","Artigas ",2,1,0,0,1,0,0,,"Calle",,"CAÑADA DE GÓMEZ","Iriondo","S/D","S/D","X","Dentro","Urbana","S/D","S/D","Intersección","S/D","S/D","Diurna","S/D","S/D","S/D","Colisión","S/D","S/D","S/D","S/D"
2017,3612,3/1/2017,"Miercoles",0,22:25:00,,"0.0",2,"Automóvil,Moto/Ciclomotor","San Martin Y Rivadavia",2,1,0,0,1,0,0,,"Calle",,"CAÑADA DE GÓMEZ","Iriondo","S/D","S/D","X","Dentro","Urbana","S/D","S/D","Intersección","S/D","S/D","Nocturna","S/D","S/D","S/D","Colisión","S/D","S/D","S/D","S/D"
2017,3613,3/2/2017,"Jueves",0,12:00:00,,"0.0",2,"Moto/Ciclomotor,Moto/Ciclomotor","Bv. Balcarce Y Pagani",2,1,0,0,1,0,0,,"Calle",,"CAÑADA DE GÓMEZ","Iriondo","S/D","S/D","X","Dentro","Urbana","S/D","S/D","Intersección","S/D","S/D","Diurna","S/D","S/D","S/D","Colisión","S/D","S/D","S/D","S/D"
2017,3614,3/4/2017,"Sabado",0,,,"0.0",2,"Moto/Ciclomotor,Moto/Ciclomotor","Cullen Y R P A Janssen",3,3,0,0,0,0,0,,"Calle",,"ESPERANZA","Las Colonias","S/D","S/D","XI","Dentro","Urbana","S/D","S/D","Intersección","S/D","S/D","S/D","S/D","S/D","S/D","Colisión","S/D","S/D","S/D","S/D"
2017,3615,3/5/2017,"Domingo",0,5:30:00,,"0.0",1,"Moto/Ciclomotor","Calle 10-Ludue±a Y Calle 25-Rivadavia",2,1,0,0,1,0,0,,"Calle",,"RECONQUISTA","General Obligado","S/D","S/D","IX","Dentro","Urbana","S/D","S/D","Recta","S/D","S/D","Nocturna","S/D","Contra objeto fijo","S/D","Colisión","S/D","S/D","S/D","S/D"
2017,3616,3/4/2017,"Sabado",0,22:00:00,,"0.0",2,"Automóvil,Moto/Ciclomotor","Calle 307 Y Calle 326",2,1,0,0,1,0,0,,"Calle",,"AVELLANEDA","General Obligado","S/D","S/D","IX","Dentro","Urbana","S/D","S/D","Intersección","S/D","S/D","Nocturna","S/D","S/D","S/D","Colisión","S/D","S/D","S/D","S/D"
2017,3617,3/4/2017,"Sabado",0,,,"0.0",2,"Bicicleta,Automóvil","Calle 8 Y Calle 3",2,1,0,0,1,0,0,,"Calle",,"LAS TOSCAS","General Obligado","S/D","S/D","IX","Dentro","Urbana","S/D","S/D","Intersección","S/D","S/D","S/D","S/D","S/D","Ciclista","Atropello","S/D","S/D","S/D","S/D"
2017,3618,3/3/2017,"Viernes",0,8:30:00,,"0.0",2,"Pickup/Utilitario,Moto/Ciclomotor","7 de Octubre Y Maipu",2,1,0,0,1,0,0,,"Calle",,"CAÑADA DE GÓMEZ","Iriondo","S/D","S/D","X","Dentro","Urbana","S/D","S/D","Intersección","S/D","S/D","Diurna","S/D","S/D","S/D","Colisión","S/D","S/D","S/D","S/D"
2017,3619,3/7/2017,"Martes",0,20:00:00,"Autopista Nacional Rosario -Cordoba","354.0",1,"Automóvil"," ",2,2,0,0,0,0,0,,"Autopista","Rosario -Cordoba","CAÑADA DE GÓMEZ","Iriondo","S/D","S/D","X","Dentro","Rural","S/D","S/D","Recta","S/D","S/D","Atardecer","S/D","S/D","S/D","Despiste","S/D","S/D","S/D","S/D"
2017,3620,3/8/2017,"Miercoles",0,20:00:00,,"0.0",2,"Moto/Ciclomotor,Automóvil","CAlle 37-Bvard. lovato Y Calle 30-Lucas Funes",2,1,0,0,1,0,0,,"Calle",,"RECONQUISTA","General Obligado","S/D","S/D","IX","Dentro","Urbana","S/D","S/D","Intersección","S/D","S/D","Atardecer","S/D","S/D","S/D","Colisión","S/D","S/D","S/D","S/D"
2017,3621,3/8/2017,"Miercoles",0,7:00:00,,"0.0",2,"Automóvil,Moto/Ciclomotor","Independencia Y Necochea",3,2,0,0,1,0,0,,"Calle",,"CAÑADA DE GÓMEZ","Iriondo","S/D","S/D","X","Dentro","Urbana","S/D","S/D","Intersección","S/D","S/D","Diurna","S/D","S/D","S/D","Colisión","S/D","S/D","S/D","S/D"
2017,3622,6/19/2017,"Lunes",0,19:30:00,,"0.0",1,"Automóvil","Almirante Brown Y Av 18 de Junio",2,1,0,0,1,0,0,,"Calle",,"MALABRIGO","General Obligado","Asfalto","Natural","IX","Dentro","Urbana","Ninguna","No existe","Intersección","Bueno","Buena","Atardecer","Buen Tiempo","S/D","S/D","Colisión","Ninguna","S/D","Ninguna","Sin restricción"
2017,3623,6/18/2017,"Domingo",0,7:00:00,,"0.0",2,"Automóvil,Moto/Ciclomotor","San Martin ",2,1,0,0,1,0,0,,"Calle",,"MALABRIGO","General Obligado","Asfalto","Natural","IX","Dentro","Urbana","Ninguna","No existe","Recta","Bueno","Buena","Amanecer","Buen Tiempo","S/D","S/D","Colisión","Ninguna","S/D","Ninguna","Sin restricción"
2017,3624,6/17/2017,"Sabado",0,3:30:00,,"0.0",2,"Automóvil,Moto/Ciclomotor"," ",2,1,0,0,1,0,0,,"S/D",,"MALABRIGO","General Obligado","Asfalto","Natural","IX","S/D","Urbana","Ninguna","No existe","Recta","Bueno","Buena","Nocturna","Buen Tiempo","S/D","S/D","Colisión","Ninguna","S/D","Ninguna","Sin restricción"
2017,3625,6/15/2017,"Jueves",0,11:15:00,,"0.0",2,"Automóvil,Moto/Ciclomotor","Corrientes Y Santiago del Estero",2,1,0,0,1,0,0,,"Calle",,"MALABRIGO","General Obligado","Tierra","Natural","IX","Dentro","Urbana","Ninguna","No existe","Intersección","Bueno","Buena","Diurna","Buen Tiempo","S/D","S/D","Colisión","Ninguna","S/D","Ninguna","Sin restricción"
2017,3626,6/2/2017,"Viernes",0,3:40:00,"Ruta Nacional 11","755.0",2,"Automóvil,Camión"," ",5,1,0,0,4,0,0,,"Ruta",11,"BERNA","General Obligado","Asfalto","Natural","IX","Dentro","S/D","Ninguna","No existe","S/D","Bueno","Buena","Nocturna","Buen Tiempo","S/D","S/D","Colisión","Ninguna","S/D","Ninguna","Sin restricción"
2017,3627,6/30/2017,"Viernes",0,12:30:00,,"0.0",2,"Automóvil,Moto/Ciclomotor","San Martin Y Cordoba",2,1,0,0,1,0,0,,"Calle",,"MALABRIGO","General Obligado","Asfalto","Natural","IX","Dentro","Urbana","Ninguna","No existe","Recta","Bueno","Buena","Diurna","Buen Tiempo","S/D","S/D","Colisión","Ninguna","S/D","Ninguna","Sin restricción"
2017,3628,6/6/2017,"Martes",0,19:30:00,"Ruta Provincial 3","65.0",1,"Camión"," ",1,0,0,0,0,0,1,,"Ruta",3,"GARABATO","Vera","Asfalto","No existe","XIX","Fuera","Rural","Policía de tránsito","No existe","Intersección","Bueno","Buena","Nocturna","Buen Tiempo","Atropello animal","S/D","Colisión","S/D","Faltante","Línea divisoria pintada","Accidente Previo"
2017,3629,6/10/2017,"Sabado",0,18:45:00,"Ruta Provincial 3","35.8",1,"Automóvil"," ",5,2,0,0,3,0,0,,"Ruta",3,"EL TOBA","Vera","Asfalto","Natural","XIX","S/D","Rural","Ninguna","No existe","Recta","Con baches","Reducida","Atardecer","Buen Tiempo","S/D","S/D","Vuelco","Ninguna","Faltante","Línea divisoria pintada","Sin restricción"
2017,3630,6/27/2017,"Martes",0,11:00:00,,"0.0",2,"Moto/Ciclomotor,Pickup/Utilitario","9 de Julio Y Col¾n",2,1,0,0,1,0,0,,"Calle",,"MARGARITA","Vera","Asfalto","No existe","XIX","S/D","Urbana","Ninguna","No existe","Intersección","Bueno","Buena","Diurna","Buen Tiempo","S/D","S/D","Colisión","Ninguna","S/D","Ninguna","Sin restricción"
2017,3631,6/19/2017,"Lunes",0,18:40:00,,"0.0",1,"Moto/Ciclomotor"," ",1,1,0,0,0,0,0,,"Calle",,"MARGARITA","Vera","Asfalto","No existe","XIX","Dentro","Urbana","Ninguna","No existe","Recta","Bueno","Reducida","Atardecer,Con luz artificial","Buen Tiempo","S/D","S/D","Caída ocupante","Ninguna","S/D","Ninguna","Sin restricción"
2017,3632,6/15/2017,"Jueves",0,,,"0.0",1,"Automóvil"," ",2,1,0,0,1,0,0,,"Camino Rural",,"CALCHAQUÍ","Vera","Tierra","Natural","XIX","Fuera","Rural","S/D","No existe","S/D","Bueno","S/D","S/D","Buen Tiempo","S/D","S/D","Vuelco","Ninguna","S/D","Vegetación","S/D"
2017,3633,6/17/2017,"Sabado",0,12:30:00,,"0.0",2,"Automóvil,Moto/Ciclomotor","Av Facundo Zuviria Y J Castelli",2,1,0,0,1,0,0,,"Avenida",,"SANTA FE","La Capital","Asfalto","S/D","I","S/D","Urbana","S/D","S/D","Intersección","Bueno","Buena","Diurna","Buen Tiempo","S/D","S/D","Colisión","Ninguna","Horizontal","Ninguna","S/D"
2017,3634,6/17/2017,"Sabado",0,23:00:00,,"0.0",2,"Automóvil,Moto/Ciclomotor","Av Facundo Zuviria Y J P Lopez",2,1,0,0,1,0,0,,"Avenida",,"SANTA FE","La Capital","Asfalto","Pavimento","I","S/D","Urbana","Semáforo","Funciona","Intersección","Bueno","Buena","Nocturna","Otro","S/D","S/D","Colisión","Ninguna","Horizontal","Barrera de hormigón","Sin restricción"
2017,3635,6/13/2017,"Martes",0,10:30:00,,"0.0",2,"Automóvil,Moto/Ciclomotor","San Lorenzo Y M De Polonia",2,1,0,0,1,0,0,,"Calle",,"SANTA FE","La Capital","Asfalto","Pavimento","I","Dentro","Urbana","S/D","Funciona","Intersección","Bueno","Buena","Diurna","S/D","S/D","S/D","Colisión","Ninguna","Horizontal","S/D","S/D"
2017,3636,6/11/2017,"Domingo",0,17:00:00,,"0.0",2,"Automóvil,Automóvil","Av Facundo Zuviria Y Llerena",2,1,0,0,1,0,0,,"Avenida",,"SANTA FE","La Capital","Asfalto","S/D","I","S/D","Urbana","Ninguna","Funciona","Intersección","Bueno","Buena","Diurna","Buen Tiempo","S/D","S/D","Colisión","Ninguna","Horizontal","Barrera de hormigón","Sin restricción"
2017,3637,6/10/2017,"Sabado",0,17:00:00,,"0.0",2,"Automóvil,Automóvil","Gdor Freyre Y Hernandarias",2,1,0,0,1,0,0,,"Avenida",,"SANTA FE","La Capital","Asfalto","S/D","I","Dentro","Urbana","S/D","S/D","Intersección","Bueno","S/D","Diurna","S/D","S/D","S/D","Colisión","Ninguna","Horizontal","S/D","S/D"
2017,3638,6/9/2017,"Viernes",0,11:30:00,,"0.0",2,"Automóvil,Automóvil","9 de Julio Y Derqui",2,1,0,0,1,0,0,,"Calle",,"SANTA FE","La Capital","Asfalto","Pavimento","I","S/D","Urbana","Semáforo","Funciona","Intersección","Bueno","Buena","Diurna","Buen Tiempo","S/D","S/D","Colisión","Ninguna","Horizontal","Barrera de hormigón","Sin restricción"
2017,3639,6/6/2017,"Martes",0,7:00:00,,"0.0",1,"Automóvil","J Castelli Y San Juan",2,1,0,0,1,0,0,,"Calle",,"SANTA FE","La Capital","Asfalto","Pavimento","I","S/D","Urbana","Semáforo","Funciona","Intersección","Bueno","Buena","Diurna","Buen Tiempo","S/D","S/D","Colisión","Ninguna","Vertical","Barrera de hormigón","Sin restricción"
2017,3640,6/3/2017,"Sabado",0,17:00:00,,"0.0",2,"Moto/Ciclomotor,Automóvil","Estanislao Zeballos Y Av Peñaloza",2,1,0,0,1,0,0,,"Avenida",,"SANTA FE","La Capital","Asfalto","S/D","I","Dentro","Urbana","S/D","S/D","Intersección","Bueno","Buena","Diurna","Buen Tiempo","S/D","S/D","Colisión","Ninguna","Horizontal,Vertical","Barrera de hormigón","S/D"
2017,3641,6/2/2017,"Viernes",0,18:40:00,,"0.0",2,"Automóvil,Moto/Ciclomotor","Av Facundo Zuviria Y J Castelli",3,2,0,0,1,0,0,,"Avenida",,"SANTA FE","La Capital","Asfalto","Pavimento","I","S/D","Urbana","S/D","No existe","Intersección","Bueno","Buena","Diurna","Buen Tiempo","S/D","S/D","Colisión","Ninguna","Horizontal","Barrera de hormigón","Sin restricción"
2017,3642,6/14/2017,"Miercoles",0,9:00:00,,"0.0",2,"Bicicleta,Moto/Ciclomotor","Av Peñaloza Y Estanislao Zeballos",2,1,0,0,1,0,0,,"S/D",,"SANTA FE","La Capital","Asfalto","Pavimento","I","S/D","S/D","Semáforo","Funciona","Intersección","Bueno","Buena","Diurna","Buen Tiempo","S/D","Ciclista","Atropello","Ninguna","Horizontal","Cordón divisorio","Sin restricción"
2017,3643,2/5/2017,"Domingo",0,5:50:00,,"0.0",1,"Automóvil","Av. Jorge Newbery Y Av. Circunvalacion",1,0,0,0,0,1,0,"-32.90832, -60.72592","Avenida",,"ROSARIO","Rosario","S/D","S/D","II","Dentro","Urbana","S/D","S/D","Recta","S/D","S/D","Amanecer","S/D","Contra objeto fijo","S/D","Colisión","S/D","S/D","S/D","S/D"
2017,3644,2/16/2017,"Jueves",0,18:00:00,"Ruta Provincial 91","0.0",2,"Bicicleta,Camión c / Acoplado"," ",2,0,0,0,1,1,0,"-32.614618, -60.912725","Ruta",91,"SERODINO","Iriondo","Asfalto","S/D","X","Dentro","Rural","S/D","S/D","Recta","S/D","S/D","Atardecer","S/D","S/D","Peatón","Atropello","S/D","S/D","S/D","S/D"
2017,3645,3/16/2017,"Jueves",0,3:15:00,"Ruta Nacional 34","50.0",1,"Camión"," ",1,1,0,0,0,0,0,,"Ruta",34,"TOTORAS","Iriondo","S/D","S/D","X","Dentro","Rural","S/D","S/D","Recta","S/D","S/D","Nocturna","S/D","S/D","S/D","Vuelco","S/D","S/D","S/D","S/D"
2017,3646,3/16/2017,"Jueves",0,12:00:00,,"0.0",2,"Automóvil,Automóvil","La Paz Y Sarmiento",4,2,0,0,2,0,0,,"Calle",,"ROSARIO","Rosario","S/D","S/D","II","Dentro","Urbana","S/D","S/D","Recta","S/D","S/D","Diurna","S/D","Contra objeto fijo","S/D","Colisión","S/D","S/D","S/D","S/D"
2017,3647,3/16/2017,"Jueves",0,18:00:00,"Ruta Nacional 19","0.0",2,"Moto/Ciclomotor,Camión","4 de enero ",3,2,0,0,1,0,0,,"Ruta",19,"SANTO TOMÉ","La Capital","S/D","S/D","I","Dentro","Urbana","S/D","S/D","Intersección","S/D","S/D","Diurna","S/D","S/D","S/D","Colisión","S/D","S/D","S/D","S/D"
2017,3648,3/17/2017,"Viernes",0,18:25:00,"Ruta Secundaria 32-s","0.0",2,"Pickup/Utilitario,Moto/Ciclomotor"," ",2,1,0,0,1,0,0,,"Ruta","32-s","VILLA OCAMPO","General Obligado","S/D","S/D","IX","Dentro","Urbana","S/D","S/D","S/D","S/D","S/D","Diurna","S/D","S/D","S/D","Colisión","S/D","S/D","S/D","S/D"
2017,3649,3/18/2017,"Sabado",0,9:50:00,,"0.0",2,"Automóvil,Moto/Ciclomotor"," ",2,1,0,0,1,0,0,,"Camino Rural",,"FLORENCIA","General Obligado","S/D","S/D","IX","Dentro","Urbana","S/D","S/D","S/D","S/D","S/D","Diurna","S/D","S/D","S/D","Colisión","S/D","S/D","S/D","S/D"
2017,3650,3/18/2017,"Sabado",0,6:30:00,"Ruta Nacional 11","927.0",2,"Moto/Ciclomotor,Automóvil"," ",2,1,0,0,1,0,0,,"Ruta",11,"FLORENCIA","General Obligado","S/D","S/D","IX","Dentro","Urbana","Semáforo","Funciona","Recta","S/D","S/D","Diurna","S/D","De alcance","S/D","Colisión","S/D","Vertical","S/D","S/D"
2017,3651,3/18/2017,"Sabado",0,12:30:00,,"0.0",2,"Pickup/Utilitario,Bicicleta","Bv. Balcarce Y Pagani",2,1,0,0,1,0,0,,"Calle",,"CAÑADA DE GÓMEZ","Iriondo","S/D","S/D","X","Dentro","Urbana","S/D","S/D","Intersección","S/D","S/D","Diurna","S/D","S/D","Ciclista","Atropello","S/D","S/D","S/D","S/D"
2017,3652,3/18/2017,"Sabado",0,13:00:00,,"0.0",2,"Automóvil,Moto/Ciclomotor","Bv Centenario B Y Pellegrini",2,1,0,0,1,0,0,,"Calle",,"CAÑADA DE GÓMEZ","Iriondo","S/D","S/D","X","Dentro","Urbana","S/D","S/D","Intersección","S/D","S/D","Diurna","S/D","S/D","S/D","Colisión","S/D","S/D","S/D","S/D"
2017,3653,3/18/2017,"Sabado",0,,"Ruta Nacional 11","0.0",1,"Automóvil"," ",2,2,0,0,0,0,0,,"Ruta",11,"LUCIANO LEIVA","San Justo","S/D","S/D","XVI","Dentro","Rural","S/D","S/D","Recta","S/D","S/D","Nocturna","S/D","S/D","S/D","Vuelco","S/D","S/D","S/D","S/D"
2017,3654,3/21/2017,"Martes",0,18:40:00,,"0.0",2,"Pickup/Utilitario,Pickup/Utilitario"," ",2,1,0,0,1,0,0,,"Calle",,"COLONIA MEDICE","Iriondo","S/D","S/D","X","Dentro","Urbana","S/D","S/D","Intersección","S/D","S/D","Diurna","S/D","S/D","S/D","Colisión","S/D","S/D","S/D","S/D"
2017,3655,3/22/2017,"Miercoles",0,,"Ruta Nacional 33","0.0",1,"Automóvil","Roberta Cavanagh ",1,1,0,0,0,0,0,,"Ruta",33,"VENADO TUERTO","General López","S/D","S/D","VIII","Dentro","Urbana","S/D","S/D","Intersección","S/D","S/D","Nocturna","S/D","Contra objeto fijo","S/D","Colisión","S/D","S/D","S/D","S/D"
2017,3656,3/23/2017,"Jueves",0,18:00:00,,"0.0",1,"Moto/Ciclomotor","Entre Rios Y E.Zeballos",1,1,0,0,0,0,0,,"Calle",,"ROSARIO","Rosario","S/D","S/D","II","Dentro","Urbana","S/D","S/D","Recta","S/D","S/D","Diurna","S/D","S/D","S/D","Caída ocupante","S/D","S/D","S/D","S/D"
2017,3657,3/23/2017,"Jueves",0,19:00:00,,"0.0",2,"Automóvil,Moto/Ciclomotor","Pedro Ferre 600",2,1,0,0,1,0,0,,"Calle",,"SANTA FE","La Capital","S/D","S/D","I","Dentro","Urbana","S/D","S/D","S/D","S/D","S/D","Diurna","S/D","S/D","S/D","Colisión","S/D","S/D","S/D","S/D"
2017,3658,3/23/2017,"Jueves",0,0:35:00,,"0.0",2,"Moto/Ciclomotor,Automóvil","Bv Centenario B Y San Martin",2,1,0,0,1,0,0,,"Calle",,"CAÑADA DE GÓMEZ","Iriondo","S/D","S/D","X","Dentro","Urbana","S/D","S/D","Intersección","S/D","S/D","Nocturna","S/D","S/D","S/D","Colisión","S/D","S/D","S/D","S/D"
2017,3659,3/24/2017,"Viernes",0,,,"0.0",1,"Automóvil","Calle 18 - Gral Belgrano Y Calle 15-Patricio Diez",1,1,0,0,0,0,0,,"Calle",,"RECONQUISTA","General Obligado","S/D","S/D","IX","Dentro","Urbana","S/D","S/D","S/D","S/D","S/D","S/D","S/D","Contra objeto fijo","S/D","Colisión","S/D","S/D","S/D","S/D"
2017,3660,3/24/2017,"Viernes",0,8:15:00,,"0.0",2,"Pickup/Utilitario,Automóvil"," ",4,1,0,0,3,0,0,,"Calle",,"VENADO TUERTO","General López","S/D","S/D","VIII","Dentro","Urbana","S/D","S/D","S/D","S/D","S/D","Diurna","S/D","S/D","S/D","Colisión","S/D","S/D","S/D","S/D"
2017,3661,3/24/2017,"Viernes",0,13:10:00,,"0.0",2,"Automóvil,Moto/Ciclomotor"," ",3,2,0,0,1,0,0,,"Calle",,"VENADO TUERTO","General López","S/D","S/D","VIII","Dentro","Urbana","S/D","S/D","S/D","S/D","S/D","Diurna","S/D","S/D","S/D","Colisión","S/D","S/D","S/D","S/D"
2017,3662,3/24/2017,"Viernes",0,14:00:00,,"0.0",2,"Pickup/Utilitario,Moto/Ciclomotor","Catamarca Y Corrientes",2,1,0,0,1,0,0,,"Calle",,"VENADO TUERTO","General López","S/D","S/D","VIII","Dentro","Urbana","S/D","S/D","Intersección","S/D","S/D","Diurna","S/D","S/D","S/D","Colisión","S/D","S/D","S/D","S/D"
2017,3663,3/24/2017,"Viernes",0,17:10:00,,"0.0",2,"Moto/Ciclomotor,Automóvil","Garibaldi Y Falucho",2,1,0,0,1,0,0,,"Calle",,"VENADO TUERTO","General López","S/D","S/D","VIII","Dentro","Urbana","S/D","S/D","Intersección","S/D","S/D","Diurna","S/D","S/D","S/D","Colisión","S/D","S/D","S/D","S/D"
2017,3664,3/24/2017,"Viernes",0,19:45:00,,"0.0",2,"Pickup/Utilitario,Moto/Ciclomotor","Bernardino Rivadavia Y Paz",2,1,0,0,1,0,0,,"Calle",,"VENADO TUERTO","General López","S/D","S/D","VIII","Dentro","Urbana","S/D","S/D","Intersección","S/D","Reducida","Diurna","S/D","S/D","S/D","Colisión","S/D","S/D","S/D","S/D"
2017,3665,3/25/2017,"Sabado",0,1:15:00,"Ruta Nacional A009","0.0",2,"Automóvil,Automóvil","Calle 119 ",3,1,0,0,2,0,0,,"Ruta","A009","RECONQUISTA","General Obligado","S/D","S/D","IX","Dentro","Urbana","S/D","S/D","Intersección","S/D","S/D","Nocturna","S/D","S/D","S/D","Colisión","S/D","S/D","S/D","S/D"
2017,3666,3/26/2017,"Domingo",0,15:15:00,,"0.0",2,"Moto/Ciclomotor,Automóvil","Piacenza Y Av Dr Luis Chapuis",2,2,0,0,0,0,0,,"Calle",,"VENADO TUERTO","General López","S/D","S/D","VIII","Dentro","Urbana","S/D","S/D","Intersección","S/D","S/D","Diurna","S/D","S/D","S/D","Colisión","S/D","S/D","S/D","S/D"
2017,3667,3/27/2017,"Lunes",0,10:40:00,,"0.0",2,"Automóvil,Automóvil","Guemes Y San Martin",2,1,0,0,1,0,0,,"Calle",,"ESPERANZA","Las Colonias","S/D","S/D","XI","Dentro","Urbana","S/D","S/D","Intersección","S/D","S/D","Diurna","S/D","S/D","S/D","Colisión","S/D","S/D","S/D","S/D"
2017,3668,3/25/2017,"Sabado",0,12:30:00,,"0.0",2,"Automóvil,Automóvil","Avenida San Martin Y Bv General Obligado",2,1,0,0,1,0,0,,"Calle",,"VILLA OCAMPO","General Obligado","S/D","S/D","IX","Dentro","Urbana","S/D","S/D","Intersección","S/D","S/D","Diurna","S/D","S/D","S/D","Colisión","S/D","S/D","S/D","S/D"
2017,3669,3/27/2017,"Lunes",0,16:00:00,,"0.0",2,"Automóvil,Automóvil","Juan Jose Castelli Y Marconico",2,1,0,0,1,0,0,,"Calle",,"VENADO TUERTO","General López","S/D","S/D","VIII","Dentro","Urbana","S/D","S/D","Intersección","S/D","S/D","S/D","S/D","S/D","S/D","Colisión","S/D","S/D","S/D","S/D"
2017,3670,2/27/2017,"Lunes",0,9:30:00,"Autopista Nacional A008","0.0",1,"Moto/Ciclomotor","España Y Av. Circunvalacion",1,0,0,0,0,1,0,"-33.01568, -60.65684","Autopista","A008","ROSARIO","Rosario","S/D","S/D","II","Dentro","Urbana","S/D","S/D","Recta","S/D","Buena","Diurna","S/D","S/D","S/D","Colisión","S/D","S/D","S/D","S/D"
2017,3671,6/26/2017,"Lunes",0,6:30:00,,"0.0",2,"Automóvil,Automóvil","Av Peñaloza Y Estanislao Zeballos",5,3,0,0,0,0,2,,"Calle",,"SANTA FE","La Capital","Asfalto","S/D","I","Dentro","Urbana","S/D","S/D","Intersección","Bueno","S/D","Diurna","S/D","S/D","S/D","Colisión","Ninguna","Horizontal","S/D","S/D"