"anio_acci","nro_acci","fecha","desc_dia","fecha_aprox","hora_aprox","desc_ruta","km","cant_participantes","desc_participante","calle_avenida_km","total","heridos_leves","heridos_graves","heridos_gravisimos","ilesos","fallecidos","sin_datos","posicion_XY","desc_tipo_via","desc_ruta_ori","desc_loc","desc_dpto","desc_tipo_calzada","desc_tipo_banquina","desc_unidad_regional","desc_lugar_calzada","desc_zona","desc_prioridad","desc_estado_semaforo","desc_lugar_via","desc_estado_via","desc_estado_visibilidad","desc_luminosidad","desc_estado_clima","desc_tipo_colision","desc_tipo_atropello","desc_tipo_hecho","desc_pres_calzada","desc_senializacion","desc_separacion_via","desc_restriccion"
2017,3672,6/23/2017,"Viernes",0,3:30:00,,"0.0",2,"Moto/Ciclomotor,Pickup/Utilitario","Diagonal Goyena Y Gdor Freyre",2,0,1,0,1,0,0,,"Calle",,"SANTA FE","La Capital","Asfalto","Pavimento","I","Dentro","Urbana","Semáforo","Funciona","Intersección","Bueno","Buena","Nocturna","Buen Tiempo","S/D","S/D","Colisión","Ninguna","Horizontal,Vertical","Barrera de hormigón","Sin restricción"
2017,3673,6/26/2017,"Lunes",0,18:10:00,,"0.0",1,"Moto/Ciclomotor","Bv Pellegrini Y San Juan",1,0,1,0,0,0,0,,"Calle",,"SANTA FE","La Capital","Asfalto","No existe","I","Dentro","Urbana","Ninguna","No existe","Intersección","Bueno","Buena","Atardecer","Buen Tiempo","Contra objeto fijo","S/D","Colisión","Ninguna","Faltante","Cordón divisorio","Sin restricción"
2017,3674,6/4/2017,"Domingo",0,0:45:00,,"0.0",2,"Moto/Ciclomotor,Automóvil","Santiago del Estero Y Av Urquiza",2,1,0,0,1,0,0,,"Calle",,"SANTA FE","La Capital","Asfalto","No existe","I","Dentro","Urbana","S/D","S/D","Recta","Bueno","Buena","Nocturna","S/D","S/D","S/D","Colisión","Ninguna","S/D","S/D","S/D"
2017,3675,6/2/2017,"Viernes",0,18:30:00,,"0.0",2,"Moto/Ciclomotor,Automóvil","Av Freyre Y Hipolito Yrigoyen",2,1,0,0,1,0,0,,"Calle",,"SANTA FE","La Capital","Asfalto","No existe","I","Dentro","Urbana","S/D","S/D","Recta","Bueno","Buena","Atardecer","S/D","S/D","S/D","Colisión","Ninguna","S/D","S/D","S/D"
2017,3677,6/2/2017,"Viernes",0,16:30:00,,"0.0",2,"Pickup/Utilitario,Moto/Ciclomotor","Mendoza Y Dr Zavalla",3,2,0,0,1,0,0,,"Calle",,"SANTA FE","La Capital","Asfalto","No existe","I","Dentro","Urbana","S/D","S/D","Recta","Bueno","Buena","Atardecer","S/D","S/D","S/D","Colisión","Ninguna","S/D","Ninguna","S/D"
2017,3678,6/27/2017,"Martes",0,12:00:00,,"0.0",2,"Peatón,Moto/Ciclomotor","Lamadrid Y Mendoza",2,1,0,0,1,0,0,,"Calle",,"SANTA FE","La Capital","Asfalto","S/D","I","Dentro","Urbana","S/D","S/D","Recta","Bueno","Buena","Diurna","S/D","S/D","Peatón","Atropello","Ninguna","S/D","S/D","S/D"
2017,3679,6/24/2017,"Sabado",0,12:50:00,,"0.0",2,"Bicicleta,Automóvil","Dr Zavalla Y La Rioja",2,1,0,0,1,0,0,,"Calle",,"SANTA FE","La Capital","Asfalto","S/D","I","Dentro","Urbana","S/D","S/D","Recta","Bueno","Buena","Diurna","S/D","S/D","Ciclista","Atropello","Ninguna","Faltante","S/D","S/D"
2017,3680,6/24/2017,"Sabado",0,10:30:00,,"0.0",2,"Moto/Ciclomotor,Automóvil","La Rioja Y Roque Saenz Peña",2,1,0,0,1,0,0,,"Calle",,"SANTA FE","La Capital","Asfalto","S/D","I","Dentro","Urbana","S/D","S/D","Recta","Bueno","Buena","Diurna","S/D","S/D","S/D","Colisión","Ninguna","S/D","S/D","S/D"
2017,3681,6/24/2017,"Sabado",0,9:30:00,,"0.0",2,"Moto/Ciclomotor,Automóvil","Av Pte Peron Y Candido Pujato",2,1,0,0,1,0,0,,"Calle",,"SANTA FE","La Capital","Asfalto","No existe","I","Dentro","Urbana","S/D","No existe","Recta","Bueno","Buena","Amanecer","S/D","S/D","S/D","Colisión","Ninguna","S/D","S/D","Sin restricción"
2017,3682,6/16/2017,"Viernes",0,18:40:00,,"0.0",2,"Moto/Ciclomotor,Automóvil","Hipolito Yrigoyen Y Francia",2,1,0,0,1,0,0,,"Calle",,"SANTA FE","La Capital","Asfalto","S/D","I","Dentro","Urbana","S/D","S/D","Recta","Bueno","Buena","Atardecer","S/D","S/D","S/D","Colisión","Ninguna","S/D","S/D","S/D"
2017,3683,6/19/2017,"Lunes",0,21:00:00,,"0.0",2,"Automóvil,Automóvil","Gdor Crespo Y San Lorenzo",2,1,0,0,1,0,0,,"Calle",,"SANTA FE","La Capital","Asfalto","S/D","I","Dentro","Urbana","S/D","S/D","Recta","Bueno","S/D","Nocturna","S/D","S/D","S/D","Colisión","Ninguna","S/D","S/D","S/D"
2017,3684,6/19/2017,"Lunes",0,20:30:00,,"0.0",2,"Moto/Ciclomotor,Automóvil","Av Pte Peron Y Santiago del Estero",2,1,0,0,1,0,0,,"Calle",,"SANTA FE","La Capital","Asfalto","S/D","I","Dentro","Urbana","S/D","S/D","Recta","Bueno","S/D","Nocturna","S/D","S/D","S/D","Colisión","Ninguna","S/D","S/D","S/D"
2017,3685,6/15/2017,"Jueves",0,11:30:00,,"0.0",2,"Moto/Ciclomotor,Moto/Ciclomotor","Mendoza Y San Juan",2,2,0,0,0,0,0,,"Calle",,"SANTA FE","La Capital","Asfalto","S/D","I","Dentro","Urbana","S/D","S/D","Recta","Bueno","Buena","Diurna","S/D","S/D","S/D","Colisión","Ninguna","S/D","S/D","S/D"
2017,3686,6/14/2017,"Miercoles",0,17:30:00,,"0.0",2,"Bicicleta,Automóvil","Sebastian Gaboto Y Magallanes",2,1,0,0,1,0,0,,"Calle",,"SANTA FE","La Capital","Asfalto","S/D","I","Dentro","Urbana","Semáforo","No funciona","Recta","Bueno","Buena","Diurna","S/D","S/D","Ciclista","Atropello","Ninguna","Vertical","S/D","S/D"
2017,3687,6/13/2017,"Martes",0,9:30:00,,"0.0",2,"Automóvil,Bicicleta","Primera Junta Y San Jose",2,1,0,0,1,0,0,,"Calle",,"SANTA FE","La Capital","Asfalto","S/D","I","Dentro","Urbana","S/D","S/D","Recta","Bueno","Buena","Diurna","S/D","S/D","Ciclista","Atropello","Ninguna","S/D","S/D","S/D"
2017,3688,6/13/2017,"Martes",0,9:30:00,,"0.0",2,"Moto/Ciclomotor,Automóvil","Primera Junta Y San Jose",2,1,0,0,1,0,0,,"Calle",,"SANTA FE","La Capital","Asfalto","S/D","I","Dentro","Urbana","S/D","S/D","Recta","Bueno","Buena","Diurna","S/D","S/D","S/D","Colisión","Ninguna","Faltante","S/D","S/D"
2017,3689,6/7/2017,"Miercoles",0,14:45:00,,"0.0",2,"Automóvil,Moto/Ciclomotor","Bv Pellegrini Y Francia",3,2,0,0,1,0,0,,"Calle",,"SANTA FE","La Capital","Asfalto","No existe","I","Dentro","Urbana","S/D","No existe","Recta","Bueno","Buena","Diurna","S/D","S/D","S/D","Colisión","Ninguna","S/D","S/D","S/D"
2017,3690,6/26/2017,"Lunes",0,21:00:00,,"0.0",2,"Automóvil,Pickup/Utilitario","Av Galicia Y Alberdi",2,2,0,0,0,0,0,,"Calle",,"SANTA FE","La Capital","Asfalto","No existe","I","Dentro","Urbana","Ninguna","No existe","Intersección","Bueno","Buena","Diurna","Buen Tiempo","S/D","S/D","Colisión","Ninguna","Faltante","Ninguna","Sin restricción"
2017,3691,6/1/2017,"Jueves",0,8:00:00,,"0.0",2,"Pickup/Utilitario,Moto/Ciclomotor","Av Galicia Y Lavalle",2,1,0,0,1,0,0,,"Calle",,"SANTA FE","La Capital","Asfalto","No existe","I","Dentro","Urbana","Ninguna","No existe","Intersección","Bueno","Buena","Diurna","Buen Tiempo","S/D","S/D","Colisión","Ninguna","Faltante","Ninguna","Sin restricción"
2017,3692,2/12/2017,"Domingo",0,17:00:00,,"0.0",2,"Moto/Ciclomotor,Pickup/Utilitario","Bv G L Lhemann Y E del Signore",2,0,0,0,0,1,1,"-31.231689, -61.486781","Calle",,"RAFAELA","Castellanos","S/D","S/D","V","Dentro","Urbana","S/D","S/D","Intersección","S/D","Buena","Amanecer","S/D","Lateral","S/D","Colisión","S/D","S/D","S/D","S/D"
2017,3693,2/12/2017,"Domingo",0,8:30:00,,"0.0",1,"Moto/Ciclomotor","12 de Octubre Y 9 de Julio",1,0,0,0,0,1,0,"-33.22536, -60.34558","Calle",,"VILLA CONSTITUCIÓN","Constitución","S/D","S/D","VI","Dentro","Urbana","S/D","S/D","Recta","S/D","S/D","Diurna","S/D","S/D","S/D","Despiste","S/D","S/D","S/D","S/D"
2017,3694,2/11/2017,"Sabado",0,4:45:00,"Ruta Provincial 2","349.0",3,"Moto/Ciclomotor,Moto/Ciclomotor,Automóvil"," ",3,0,0,0,0,1,2,"-29.24578, -61.76453","Ruta",2,"TOSTADO","9 de Julio","S/D","S/D","XII","Dentro","Urbana","S/D","S/D","Recta","S/D","S/D","Nocturna","S/D","Múltiple","S/D","Colisión","S/D","S/D","S/D","S/D"
2017,3695,2/4/2017,"Sabado",0,6:40:00,"Ruta Provincial 21","0.0",1,"Moto/Ciclomotor","ACCESO A BARRIO 25 DE MAYO ",1,0,0,0,0,1,0,"-33.23217, -60.3471","Ruta",21,"VILLA CONSTITUCIÓN","Constitución","S/D","S/D","VI","Dentro","Urbana","S/D","S/D","Rotonda","S/D","S/D","Diurna","S/D","S/D","S/D","Caída ocupante","S/D","S/D","S/D","S/D"
2017,3696,6/6/2017,"Martes",0,19:30:00,,"0.0",2,"Bicicleta,Automóvil","La Rioja Y Dr Zavalla",2,1,0,0,1,0,0,,"Calle",,"SANTA FE","La Capital","Asfalto","S/D","I","S/D","Urbana","S/D","S/D","Recta","Bueno","Buena","Atardecer","S/D","S/D","Ciclista","Atropello","Ninguna","S/D","S/D","S/D"
2017,3697,3/26/2017,"Domingo",0,4:50:00,"Ruta Nacional 9","0.0",2,"Bicicleta,Otros","RN9 Y RP26",2,0,0,0,0,1,1,"    -32.86726, -61.12331","Ruta",9,"CARCARAÑÁ","San Lorenzo","Asfalto","Ripio","XVII","S/D","Rural","Ninguna","No existe","Intersección","Bueno","Buena","Nocturna","Otro","S/D","Ciclista","Atropello","S/D","Horizontal","Línea divisoria pintada","Sin restricción"
2017,3698,6/5/2017,"Lunes",0,13:00:00,,"0.0",2,"Bicicleta,Pickup/Utilitario","San Lorenzo Y Vera",2,1,0,0,1,0,0,,"Calle",,"SANTA FE","La Capital","Asfalto","S/D","I","S/D","Urbana","S/D","S/D","Recta","Bueno","Buena","Atardecer","S/D","S/D","Ciclista","Atropello","Ninguna","S/D","S/D","S/D"
2017,3699,6/30/2017,"Viernes",0,17:30:00,,"0.0",2,"Automóvil,Moto/Ciclomotor","San Lorenzo Y Santiago del Estero",2,1,0,0,1,0,0,,"Calle",,"SANTA FE","La Capital","Asfalto","S/D","I","Dentro","Urbana","S/D","S/D","Recta","Bueno","S/D","Atardecer","S/D","S/D","S/D","Colisión","Ninguna","S/D","S/D","S/D"
2017,3700,6/29/2017,"Jueves",0,23:55:00,,"0.0",2,"Automóvil,Moto/Ciclomotor","1ro de Mayo Y Zorrilla de San Martin",3,2,0,0,1,0,0,,"Calle",,"SANTA FE","La Capital","Asfalto","S/D","I","S/D","Urbana","S/D","S/D","Recta","Bueno","Buena","Nocturna","S/D","S/D","S/D","Colisión","Ninguna","S/D","S/D","S/D"
2017,3701,3/26/2017,"Domingo",0,11:30:00,"Autopista Nacional A008","0.0",1,"Automóvil","AV CIRCUNVALACION Y PELLEGRINI ",5,3,0,0,0,1,1,"-32.94886, -60.72212","Autopista","A008","ROSARIO","Rosario","Asfalto","S/D","II","Dentro","Urbana","Ninguna","No existe","Curva","Resbaladiza","Reducida","Diurna","Otro","Contra objeto fijo","S/D","Colisión","Agua","S/D","S/D","Sin restricción"
2017,3702,6/29/2017,"Jueves",0,15:15:00,,"0.0",2,"Automóvil,Moto/Ciclomotor","Francia Y Obispo Gelabert",3,2,0,0,1,0,0,,"Calle",,"SANTA FE","La Capital","Asfalto","S/D","I","S/D","Urbana","S/D","S/D","Recta","Bueno","Buena","Atardecer","S/D","S/D","S/D","Colisión","Ninguna","S/D","S/D","S/D"
2017,3703,3/28/2017,"Martes",0,18:30:00,,"0.0",2,"Automóvil,Moto/Ciclomotor","Bv. Balcarce Y Moreno",2,1,0,0,1,0,0,,"Calle",,"CAÑADA DE GÓMEZ","Iriondo","S/D","S/D","X","Dentro","Urbana","S/D","S/D","S/D","S/D","S/D","Diurna","S/D","S/D","S/D","Colisión","S/D","S/D","S/D","Sin restricción"
2017,3704,6/28/2017,"Miercoles",0,7:10:00,,"0.0",2,"Peatón,Otros","San Lorenzo Y Mendoza",2,1,0,0,1,0,0,,"Calle",,"SANTA FE","La Capital","Asfalto","S/D","I","S/D","Urbana","S/D","S/D","Recta","Bueno","Buena","Amanecer","S/D","S/D","Peatón","Atropello","Ninguna","S/D","S/D","S/D"
2017,3705,3/26/2017,"Domingo",0,8:00:00,"Autopista Nacional Rosario -Cordoba","303.0",1,"Automóvil"," ",2,0,0,0,1,1,0,"-32.94719, -60.78192","Autopista","Rosario -Cordoba","FUNES","Rosario","Asfalto","Natural","II","Fuera","Rural","Ninguna","No existe","Recta","Resbaladiza","Reducida","Diurna","Lluvia","Contra objeto fijo","S/D","Colisión,Despiste","Agua","Horizontal","Guardarrail","Sin restricción"
2017,3706,3/29/2017,"Miercoles",0,16:00:00,,"0.0",2,"Pickup/Utilitario,Moto/Ciclomotor","R Lehmann Y General Paz",4,1,0,0,3,0,0,,"Calle",,"ESPERANZA","Las Colonias","S/D","S/D","XI","Dentro","Urbana","S/D","S/D","Intersección","S/D","S/D","Diurna","S/D","S/D","S/D","Colisión","S/D","S/D","S/D","S/D"
2017,3707,3/29/2017,"Miercoles",0,16:00:00,,"0.0",2,"Moto/Ciclomotor,Pickup/Utilitario","G Lehmann Y General Paz",4,1,0,0,3,0,0,,"Calle",,"ESPERANZA","Las Colonias","S/D","S/D","X","S/D","S/D","S/D","S/D","S/D","S/D","S/D","Diurna","S/D","S/D","S/D","Colisión","S/D","S/D","S/D","S/D"
2017,3708,6/5/2017,"Lunes",0,9:00:00,,"0.0",2,"Automóvil,Moto/Ciclomotor","Derqui ",2,0,0,0,0,0,2,,"Calle",,"SANTA FE","La Capital","Asfalto","No existe","I","Dentro","Urbana","S/D","No existe","Intersección","Deteriorada","Buena","Diurna","Buen Tiempo","Lateral","S/D","Colisión","S/D","Faltante","S/D","Sin restricción"
2017,3709,3/29/2017,"Miercoles",0,19:33:00,,"0.0",2,"Automóvil,Moto/Ciclomotor","Italia Y Alvear",3,2,0,0,1,0,0,,"Calle",,"VENADO TUERTO","General López","S/D","S/D","VIII","S/D","S/D","S/D","S/D","S/D","S/D","S/D","Atardecer","S/D","S/D","S/D","Colisión","S/D","S/D","S/D","S/D"
2017,3710,6/5/2017,"Lunes",0,20:00:00,,"0.0",2,"Taxi/Remis,Moto/Ciclomotor","Iturraspe Y Av Urquiza",3,0,0,0,0,0,3,,"Calle",,"SANTA FE","La Capital","Asfalto","No existe","I","Dentro","Urbana","Otra Señal","No existe","Intersección","Bueno","Reducida","Nocturna","Buen Tiempo","Lateral","S/D","Colisión","Ninguna","Faltante","Vegetación","Sin restricción"
2017,3711,6/9/2017,"Viernes",0,9:30:00,,"0.0",2,"Pickup/Utilitario,Moto/Ciclomotor","Av Blas Parera Y Pedro Centeno",2,1,0,0,1,0,0,,"Calle",,"SANTA FE","La Capital","Asfalto","No existe","I","Dentro","Urbana","Ninguna","No existe","Intersección","Bueno","Buena","Diurna","Buen Tiempo","Lateral","S/D","Colisión","S/D","Faltante","Cordón divisorio","Sin restricción"
2017,3712,6/8/2017,"Jueves",0,21:30:00,,"0.0",2,"Automóvil,Moto/Ciclomotor"," ",2,0,0,0,0,0,2,,"Calle",,"SANTA FE","La Capital","Asfalto","No existe","I","Dentro","Urbana","Otra Señal","No existe","Intersección","Bueno","Reducida","Nocturna","Buen Tiempo","Lateral","S/D","Colisión","S/D","Faltante","Cordón divisorio","Sin restricción"
2017,3713,3/30/2017,"Jueves",0,4:50:00,"Ruta Nacional 11","0.0",2,"Moto/Ciclomotor,Camión","RN11 Y RP10",2,0,0,0,1,1,0,"    -32.71782, -60.75345","Ruta",11,"SAN LORENZO","San Lorenzo","Asfalto","Natural","XVII","S/D","Urbana","S/D","No existe","Intersección","Bueno","Buena","Nocturna","S/D","S/D","S/D","Colisión","S/D","Faltante","Guardarrail","S/D"
2017,3714,6/8/2017,"Jueves",0,21:30:00,,"0.0",2,"Automóvil,Moto/Ciclomotor","Av Peñaloza Y Llerena",2,0,0,0,0,0,2,,"Calle",,"SANTA FE","La Capital","Asfalto","No existe","I","Dentro","Urbana","Otra Señal","No existe","Intersección","Bueno","Reducida","Nocturna","Buen Tiempo","Lateral","S/D","Colisión","Ninguna","Faltante","Vegetación","Sin restricción"
2017,3715,6/10/2017,"Sabado",0,19:10:00,"Ruta Nacional 11","0.0",2,"Automóvil,Moto/Ciclomotor","Iturraspe Y Av Circunvalación",2,0,0,0,0,0,2,,"Ruta",11,"SANTA FE","La Capital","Asfalto","No existe","I","Dentro","Urbana","Señal Pare","No existe","Recta","Bueno","Buena","Nocturna","Buen Tiempo","Lateral","S/D","Colisión","Ninguna","Faltante","Barrera de alto impacto","Sin restricción"
2017,3716,6/13/2017,"Martes",0,15:00:00,,"0.0",2,"Automóvil,Moto/Ciclomotor","Av Pte Peron Y Pedro Centeno",2,0,0,0,0,0,2,,"Calle",,"SANTA FE","La Capital","Hormigón","No existe","I","Dentro","Urbana","Otra Señal","No existe","Intersección","Bueno","Buena","Diurna","Buen Tiempo","Lateral","S/D","Colisión","Ninguna","Faltante","Cordón divisorio","Sin restricción"
2017,3717,6/15/2017,"Jueves",0,5:30:00,,"0.0",2,"Pickup/Utilitario,Moto/Ciclomotor","Av Pte Peron Y Iturraspe",2,1,0,0,0,0,1,,"Calle",,"SANTA FE","La Capital","Hormigón","No existe","I","Dentro","Urbana","Semáforo","Funciona","Intersección","Bueno","Buena","Diurna","Buen Tiempo","Lateral","S/D","Colisión","S/D","Horizontal,Vertical","Cordón divisorio","Sin restricción"
2017,3718,6/15/2017,"Jueves",0,17:45:00,,"0.0",2,"Pickup/Utilitario,Moto/Ciclomotor","Gdor Freyre Y Gutierrez",2,1,0,0,0,0,1,,"Calle",,"SANTA FE","La Capital","Hormigón","No existe","I","Dentro","Urbana","Otra Señal","No existe","Intersección","Con baches","Buena","Diurna","Buen Tiempo","Lateral","S/D","Colisión","S/D","Faltante","Cordón divisorio","Sin restricción"
2017,3719,6/18/2017,"Domingo",0,19:00:00,,"0.0",2,"Automóvil,Moto/Ciclomotor","Av Blas Parera ",2,0,0,0,0,0,2,,"Calle",,"SANTA FE","La Capital","Asfalto","No existe","I","Dentro","Urbana","Ninguna","No existe","Intersección","Bueno","Reducida","Atardecer","Buen Tiempo","Lateral","S/D","Colisión","S/D","Faltante","Cordón divisorio","Sin restricción"
2017,3720,3/24/2017,"Viernes",0,19:00:00,,"0.0",2,"Moto/Ciclomotor,Pickup/Utilitario","Pasaje Almte Guillermo Brown Y Gobernador Crespo",3,0,1,0,1,1,0,"-31.66409, -60.77127","Calle",,"SANTO TOMÉ","La Capital","Hormigón","No existe","I","Dentro","Urbana","Ninguna","No existe","Intersección","Bueno","S/D","Diurna","Buen Tiempo","Lateral","S/D","Colisión","S/D","Faltante","Ninguna","Sin restricción"
2017,3721,6/22/2017,"Jueves",0,12:25:00,,"0.0",2,"Automóvil,Moto/Ciclomotor","Av Pte Peron Y Juan Del Campillo",3,1,0,0,0,0,2,,"Calle",,"SANTA FE","La Capital","Asfalto","No existe","I","Dentro","Urbana","Otra Señal","No existe","Intersección","Bueno","Buena","Diurna","Buen Tiempo","Lateral","S/D","Colisión","S/D","Faltante","Cordón divisorio","Sin restricción"
2017,3722,6/23/2017,"Viernes",0,14:00:00,,"0.0",2,"Automóvil,Moto/Ciclomotor","Av Lopez y Planes 3500",2,1,0,0,0,0,1,,"Calle",,"SANTA FE","La Capital","Asfalto","No existe","I","Dentro","Urbana","Semáforo","Funciona","Recta","Bueno","Buena","Diurna","Buen Tiempo","Lateral","S/D","Colisión","S/D","Horizontal","Cordón divisorio","Sin restricción"
2017,3723,6/23/2017,"Viernes",0,20:00:00,,"0.0",2,"Automóvil,Automóvil","Av Pte Peron 4600",4,0,0,0,0,0,4,,"Calle",,"SANTA FE","La Capital","Asfalto","No existe","I","Dentro","Urbana","Otra Señal","No existe","Recta","Bueno","Reducida","Nocturna","Buen Tiempo","Lateral","S/D","Colisión","S/D","Faltante","Cordón divisorio","Sin restricción"
2017,3724,6/23/2017,"Viernes",0,23:30:00,,"0.0",2,"Automóvil,Moto/Ciclomotor","Av Peñaloza Y Pedro de Vega",2,0,0,0,0,0,2,,"Calle",,"SANTA FE","La Capital","Hormigón","No existe","I","Dentro","Urbana","Ninguna","No existe","Intersección","Bueno","Reducida","Nocturna","Buen Tiempo","S/D","S/D","Colisión","Ninguna","Faltante","Cordón divisorio","Sin restricción"
2017,3725,6/24/2017,"Sabado",0,18:55:00,,"0.0",2,"Automóvil,Moto/Ciclomotor","Av Urquiza Y Iturraspe",2,0,0,0,0,0,2,,"Calle",,"SANTA FE","La Capital","Hormigón","No existe","I","Dentro","Urbana","Otra Señal","No existe","Intersección","Bueno","Buena","Atardecer","Buen Tiempo","Lateral","S/D","Colisión","S/D","Faltante","Cordón divisorio","Sin restricción"
2017,3726,3/29/2017,"Miercoles",0,11:33:00,,"0.0",2,"Pickup/Utilitario,Moto/Ciclomotor","Hipolito Irigoyen Y Guillermo Brown",2,1,0,0,1,0,0,,"Calle",,"VENADO TUERTO","General López","S/D","S/D","VIII","S/D","S/D","S/D","S/D","S/D","S/D","S/D","Diurna","S/D","S/D","S/D","Colisión","S/D","S/D","S/D","S/D"
2017,3727,3/29/2017,"Miercoles",0,9:15:00,,"0.0",2,"Automóvil,Moto/Ciclomotor","Balcarce Y España",2,1,0,0,1,0,0,,"Calle",,"VENADO TUERTO","General López","S/D","S/D","VIII","S/D","S/D","S/D","S/D","S/D","S/D","S/D","Diurna","S/D","S/D","Ciclista","Atropello","S/D","S/D","S/D","S/D"
2017,3728,3/28/2017,"Martes",0,16:00:00,"Ruta Nacional 9","0.0",2,"Camión,Camión","Ruta Nac 9 Y Laprida",2,0,1,0,1,0,0,,"Ruta",9,"CORREA","Iriondo","S/D","S/D","X","S/D","S/D","S/D","S/D","S/D","S/D","S/D","Diurna","S/D","S/D","S/D","Colisión","S/D","S/D","S/D","S/D"
2017,3729,6/24/2017,"Sabado",0,23:00:00,,"0.0",2,"Automóvil,Moto/Ciclomotor","Av Pte Peron Y Iturraspe",3,0,0,0,0,0,3,,"Calle",,"SANTA FE","La Capital","Asfalto","No existe","I","Dentro","Urbana","Semáforo","Funciona","Intersección","Bueno","Reducida","Nocturna","Buen Tiempo","Lateral","S/D","Colisión","S/D","Horizontal,Vertical","Cordón divisorio","Sin restricción"
2017,3730,6/27/2017,"Martes",0,8:40:00,,"0.0",2,"Automóvil,Moto/Ciclomotor","Av Blas Parera Y Derqui",2,0,0,0,0,0,2,,"Calle",,"SANTA FE","La Capital","Asfalto","No existe","I","Dentro","Urbana","Semáforo","Funciona","Intersección","Bueno","Buena","Diurna","Buen Tiempo","Lateral","S/D","Colisión","S/D","Horizontal,Vertical","Cordón divisorio","Sin restricción"
2017,3731,6/28/2017,"Miercoles",0,22:00:00,,"0.0",2,"Automóvil,Moto/Ciclomotor","Pedro Centeno Y 27 de Enero",2,0,0,0,0,0,2,,"Calle",,"SANTA FE","La Capital","Hormigón","No existe","I","Dentro","Urbana","Ninguna","No existe","Intersección","Con baches","Reducida","Nocturna","Buen Tiempo","Lateral","S/D","Colisión","S/D","Faltante","Ninguna","Sin restricción"
2017,3732,6/9/2017,"Viernes",0,15:55:00,,"0.0",2,"Peatón,Automóvil","Brigadier Estanislao Lopez 5600",2,1,0,0,1,0,0,,"Calle",,"MONTE VERA","La Capital","Ripio","No existe","I","Dentro","Urbana","Ninguna","No existe","Recta","Bueno","Buena","Diurna","Buen Tiempo","S/D","Peatón","Atropello","Ninguna","S/D","Ninguna","Sin restricción"
2017,3733,6/29/2017,"Jueves",0,17:10:00,,"0.0",2,"Automóvil,Moto/Ciclomotor","Av Lopez y Planes Y Artigas",3,0,0,0,0,0,3,,"Calle",,"SANTA FE","La Capital","Asfalto","No existe","I","Dentro","Urbana","Otra Señal","No existe","Intersección","Bueno","Buena","Diurna","Buen Tiempo","Lateral","S/D","Colisión","Ninguna","Faltante","Cordón divisorio","Sin restricción"
2017,3734,6/24/2017,"Sabado",0,14:40:00,,"0.0",2,"Moto/Ciclomotor,Automóvil","Uruguay Y Pje Marsengo",2,1,0,0,1,0,0,,"Calle",,"SANTA FE","La Capital","Asfalto","No existe","I","Dentro","Urbana","S/D","No existe","Recta","Con baches","Buena","Diurna","Buen Tiempo","S/D","S/D","Colisión","S/D","Faltante","Ninguna","Sin restricción"
2017,3735,3/30/2017,"Jueves",0,20:00:00,,"0.0",2,"Moto/Ciclomotor,Moto/Ciclomotor","Cristobal Colon Y Gral Manuel Belgrano",3,3,0,0,0,0,0,,"Calle",,"VENADO TUERTO","General López","S/D","S/D","VIII","S/D","S/D","S/D","S/D","S/D","S/D","S/D","Nocturna","S/D","S/D","S/D","Colisión","S/D","S/D","S/D","S/D"
2017,3736,3/25/2017,"Sabado",0,22:30:00,"Ruta Nacional 9","0.0",2,"Peatón,Automóvil","Ruta Nacional 9 Y Urquiza",2,0,1,0,1,0,0,,"Ruta",9,"FUNES","Rosario","S/D","S/D","II","S/D","S/D","S/D","S/D","S/D","S/D","Reducida","Nocturna","S/D","S/D","Peatón","Atropello","S/D","S/D","S/D","S/D"
2017,3737,3/29/2017,"Miercoles",0,,"Ruta Nacional 19","83.0",2,"Pickup/Utilitario,Camión c / Acoplado"," ",4,1,0,0,3,0,0,,"Ruta",19,"ESTACIÓN CLUCELLAS","Castellanos","S/D","S/D","V","S/D","S/D","S/D","S/D","S/D","S/D","S/D","Diurna","S/D","S/D","S/D","Colisión","S/D","S/D","S/D","S/D"
2017,3738,3/30/2017,"Jueves",0,,,"0.0",1,"Moto/Ciclomotor","Uruguay Y Lavalle",2,1,0,0,1,0,0,,"Calle",,"RAFAELA","Castellanos","S/D","S/D","V","S/D","S/D","S/D","S/D","S/D","S/D","S/D","Diurna","S/D","Atropello animal","S/D","Colisión","S/D","S/D","S/D","S/D"
2017,3739,3/28/2017,"Martes",0,,,"0.0",2,"Moto/Ciclomotor,Automóvil"," ",2,1,0,0,1,0,0,,"S/D",,"RAFAELA","Castellanos","S/D","S/D","V","S/D","S/D","S/D","S/D","S/D","S/D","S/D","Diurna","S/D","S/D","S/D","Colisión","S/D","S/D","S/D","S/D"
2017,3740,3/29/2017,"Miercoles",0,,"Ruta Provincial 70","0.0",2,"Moto/Ciclomotor,Automóvil","Bv Pte Roca Y 25 de Mayo",2,1,0,0,1,0,0,,"Ruta",70,"RAFAELA","Castellanos","S/D","S/D","V","S/D","S/D","S/D","S/D","S/D","S/D","S/D","Diurna","S/D","S/D","S/D","Colisión","S/D","S/D","S/D","S/D"
2017,3741,3/1/2017,"Miercoles",0,18:00:00,,"0.0",2,"Moto/Ciclomotor,Automóvil","Ocampo Y Roullon",3,1,0,0,1,1,0,"-32.95774, -60.70158","Calle",,"ROSARIO","Rosario","Asfalto","No existe","II","Dentro","Urbana","Ninguna","No existe","Intersección","Deteriorada","S/D","Diurna","S/D","Lateral","S/D","Colisión","Material Suelto","Faltante","Ninguna","S/D"
2017,3742,3/29/2017,"Miercoles",0,,,"0.0",2,"Moto/Ciclomotor,Moto/Ciclomotor","Gral Manuel Belgrano Y Cristobal Colon",3,1,2,0,0,0,0,,"Calle",,"VENADO TUERTO","General López","S/D","S/D","VIII","S/D","S/D","S/D","S/D","S/D","S/D","S/D","Nocturna","S/D","S/D","S/D","Colisión","S/D","S/D","S/D","S/D"