"anio_acci","nro_acci","fecha","desc_dia","fecha_aprox","hora_aprox","desc_ruta","km","cant_participantes","desc_participante","calle_avenida_km","total","heridos_leves","heridos_graves","heridos_gravisimos","ilesos","fallecidos","sin_datos","posicion_XY","desc_tipo_via","desc_ruta_ori","desc_loc","desc_dpto","desc_tipo_calzada","desc_tipo_banquina","desc_unidad_regional","desc_lugar_calzada","desc_zona","desc_prioridad","desc_estado_semaforo","desc_lugar_via","desc_estado_via","desc_estado_visibilidad","desc_luminosidad","desc_estado_clima","desc_tipo_colision","desc_tipo_atropello","desc_tipo_hecho","desc_pres_calzada","desc_senializacion","desc_separacion_via","desc_restriccion"
2017,3743,3/29/2017,"Miercoles",0,,"Ruta Nacional 9","383.0",1,"Moto/Ciclomotor"," ",1,1,0,0,0,0,0,,"Ruta",9,"CAÑADA DE GÓMEZ","Iriondo","S/D","S/D","X","S/D","S/D","S/D","S/D","S/D","S/D","S/D","S/D","S/D","S/D","S/D","Caída ocupante","S/D","S/D","S/D","S/D"
2017,3744,3/28/2017,"Martes",0,,,"0.0",2,"Moto/Ciclomotor,Automóvil","9 de Julio Y Dorrego",2,1,0,0,1,0,0,,"Calle",,"CAÑADA DE GÓMEZ","Iriondo","S/D","S/D","X","S/D","S/D","S/D","S/D","S/D","S/D","S/D","S/D","S/D","S/D","S/D","Colisión","S/D","S/D","S/D","S/D"
2017,3745,3/30/2017,"Jueves",0,20:00:00,"Ruta Provincial 32","0.0",1,"Moto/Ciclomotor","Bv Sarmiento Y Ruta Provincial 32",1,1,0,0,0,0,0,,"Ruta",32,"VILLA OCAMPO","General Obligado","S/D","S/D","IX","S/D","S/D","S/D","S/D","S/D","S/D","S/D","Nocturna","S/D","S/D","S/D","Caída ocupante","S/D","S/D","S/D","S/D"
2017,3746,3/31/2017,"Viernes",0,8:20:00,"Ruta Nacional 9","0.0",2,"Automóvil,Moto/Ciclomotor","R. Rojas Y Reconquista",2,1,0,0,1,0,0,,"Ruta",9,"CAÑADA DE GÓMEZ","Iriondo","S/D","S/D","X","S/D","S/D","S/D","S/D","S/D","S/D","S/D","Diurna","S/D","S/D","S/D","Colisión","S/D","S/D","S/D","S/D"
2017,3747,3/26/2017,"Domingo",0,,,"0.0",2,"Moto/Ciclomotor,Automóvil","Donado Y Av. Brassey",2,1,0,0,1,0,0,,"Avenida",,"ROSARIO","Rosario","S/D","S/D","II","S/D","S/D","S/D","S/D","S/D","S/D","S/D","S/D","S/D","S/D","S/D","Colisión","S/D","S/D","S/D","S/D"
2017,3748,6/23/2017,"Viernes",0,20:00:00,,"0.0",2,"Automóvil,Moto/Ciclomotor","Monseñor Zaspe Y Roque Saenz Peña",2,1,0,0,1,0,0,,"Calle",,"SANTA FE","La Capital","Asfalto","No existe","I","Dentro","Urbana","Ninguna","S/D","Intersección","Con baches","Buena","Nocturna","Buen Tiempo","Lateral","S/D","Colisión","Ninguna","Faltante","Línea divisoria pintada","Sin restricción"
2017,3749,6/23/2017,"Viernes",0,18:30:00,,"0.0",2,"Pickup/Utilitario,Pickup/Utilitario","Monseñor Zaspe Y Saavedra",3,1,0,0,2,0,0,,"Calle",,"SANTA FE","La Capital","Asfalto","No existe","I","Dentro","Urbana","Ninguna","No existe","Intersección","Con baches","Buena","Atardecer","Buen Tiempo","Lateral","S/D","Colisión","Ninguna","Faltante","Ninguna","Sin restricción"
2017,3750,6/21/2017,"Miercoles",0,6:50:00,,"0.0",2,"Ambulancia,Moto/Ciclomotor"," ",3,2,0,0,1,0,0,,"Calle",,"SANTA FE","La Capital","Asfalto","No existe","I","Dentro","Urbana","Ninguna","No existe","Puente","Con baches","Buena","Diurna","Buen Tiempo","De alcance","S/D","Colisión","Ninguna","Faltante","Línea divisoria pintada","Sin restricción"
2017,3751,6/20/2017,"Martes",0,16:40:00,,"0.0",2,"Moto/Ciclomotor,Automóvil","Jujuy 4060",2,1,0,0,1,0,0,,"Calle",,"SANTA FE","La Capital","Asfalto","No existe","I","Dentro","Urbana","Ninguna","No existe","Recta","Con baches","Buena","Diurna","Buen Tiempo","De alcance","S/D","Colisión","Ninguna","Faltante","Ninguna","Sin restricción"
2017,3752,6/17/2017,"Sabado",0,12:30:00,,"0.0",2,"Automóvil,Moto/Ciclomotor","Moreno Y San Lorenzo",2,1,0,0,1,0,0,,"Calle",,"SANTA FE","La Capital","Asfalto","S/D","I","Dentro","Urbana","Ninguna","No existe","Intersección","Con baches","S/D","Diurna","Buen Tiempo","Lateral","S/D","Colisión","Ninguna","S/D","Línea divisoria pintada","Sin restricción"
2017,3753,3/20/2017,"Lunes",0,,"Ruta Provincial 2","0.0",2,"Automóvil,Automóvil"," ",2,2,0,0,0,0,0,,"Ruta",2,"SAN CRISTÓBAL","San Cristóbal","S/D","S/D","XIII","Dentro","Rural","S/D","S/D","Recta","S/D","S/D","S/D","S/D","S/D","S/D","Colisión","S/D","S/D","S/D","S/D"
2017,3754,6/29/2017,"Jueves",0,12:55:00,,"0.0",2,"Camión,Automóvil","Alvear Y Castellanos",2,1,0,0,1,0,0,,"Calle",,"SANTA FE","La Capital","Asfalto","No existe","I","Dentro","S/D","Ninguna","No existe","Intersección","Bueno","S/D","Diurna","S/D","Lateral","S/D","Colisión","Ninguna","Faltante","Ninguna,S/D","Sin restricción"
2017,3755,3/21/2017,"Martes",0,,,"0.0",2,"Automóvil,Moto/Ciclomotor","B Anduiza Y Belgrano",2,0,1,0,1,0,0,,"Calle",,"RAFAELA","Castellanos","S/D","S/D","V","Dentro","Urbana","S/D","S/D","Intersección","S/D","S/D","Nocturna","S/D","S/D","S/D","Colisión","S/D","S/D","S/D","S/D"
2017,3756,6/16/2017,"Viernes",0,12:40:00,,"0.0",2,"Automóvil,Moto/Ciclomotor","Monseñor Zaspe Y Dr Zavalla",2,1,0,0,1,0,0,,"Calle",,"SANTA FE","La Capital","Asfalto","No existe","I","Dentro","Urbana","Ninguna","No existe","Intersección","Con baches","Buena","Diurna","Buen Tiempo","Lateral","S/D","Colisión","Ninguna","Faltante","Línea divisoria pintada","Sin restricción"
2017,3757,6/16/2017,"Viernes",0,11:40:00,,"0.0",2,"Moto/Ciclomotor,Automóvil","San Lorenzo Y Uruguay",2,1,0,0,1,0,0,,"Calle",,"SANTA FE","La Capital","S/D","S/D","I","Dentro","Urbana","S/D","S/D","Recta","S/D","S/D","Diurna","S/D","S/D","S/D","Colisión","S/D","S/D","S/D","S/D"
2017,3758,6/16/2017,"Viernes",0,0:45:00,,"0.0",2,"Bicicleta,Automóvil","Monseñor Zaspe Y Dr Zavalla",2,1,0,0,1,0,0,,"Calle",,"SANTA FE","La Capital","S/D","S/D","I","Dentro","Urbana","S/D","S/D","S/D","S/D","S/D","Nocturna","S/D","S/D","Ciclista","Atropello","S/D","S/D","S/D","S/D"
2017,3759,6/15/2017,"Jueves",0,20:50:00,,"0.0",2,"Moto/Ciclomotor,Camión Chasis","Av Freyre Y Jujuy",2,1,0,0,1,0,0,,"Calle",,"SANTA FE","La Capital","Asfalto","No existe","I","Dentro","Urbana","Ninguna","No existe","Recta","Con baches","Buena","Nocturna","Buen Tiempo","Lateral","S/D","Colisión","Ninguna","Faltante","Línea divisoria pintada","Sin restricción"
2017,3760,6/13/2017,"Martes",0,10:10:00,,"0.0",2,"Taxi/Remis,Moto/Ciclomotor","J J Paso Y Av Urquiza",2,1,0,0,1,0,0,,"Calle",,"SANTA FE","La Capital","Asfalto","No existe","I","Dentro","Urbana","Ninguna","Funciona","Intersección","Con baches","Buena","Diurna","Buen Tiempo","Lateral","S/D","Colisión","Ninguna","Vertical","Línea divisoria pintada","Sin restricción"
2017,3761,6/13/2017,"Martes",0,8:50:00,"Ruta Nacional 11","0.0",2,"Moto/Ciclomotor,Automóvil","PUENTE CARRETERO ",2,1,0,0,1,0,0,,"Ruta",11,"SANTA FE","La Capital","Asfalto","No existe","I","Dentro","Urbana","Ninguna","No existe","Puente","Con baches","Buena","Diurna","Buen Tiempo","De alcance","S/D","Colisión","Ninguna","Faltante","Línea divisoria pintada","Sin restricción"
2017,3762,6/1/2017,"Jueves",0,19:20:00,,"0.0",2,"Peatón,Automóvil","Av A del Valle 6800",2,1,0,0,1,0,0,,"Calle",,"SANTA FE","La Capital","Asfalto","Pavimento","I","Dentro","Urbana","S/D","Funciona","Intersección","S/D","Buena","Diurna","S/D","S/D","Peatón","Atropello","S/D","Horizontal,Vertical","Línea divisoria pintada","Sin restricción"
2017,3763,6/5/2017,"Lunes",0,7:30:00,,"0.0",2,"Moto/Ciclomotor,Pickup/Utilitario","J Castelli 2900",3,2,0,0,1,0,0,,"Calle",,"SANTA FE","La Capital","Asfalto","Pavimento","I","Dentro","Urbana","S/D","No existe","Intersección","S/D","Buena","Diurna","S/D","S/D","S/D","Colisión","S/D","Vertical","Ninguna","S/D"
2017,3764,6/5/2017,"Lunes",0,11:20:00,,"0.0",2,"Moto/Ciclomotor,Automóvil","Pedro Alejandro Vittori Y Salvador del Carril",2,1,0,0,1,0,0,,"Avenida",,"SANTA FE","La Capital","Asfalto","Pavimento","I","Dentro","Urbana","S/D","Funciona","Intersección","S/D","S/D","S/D","S/D","S/D","S/D","Colisión","S/D","Horizontal,Vertical","Cordón divisorio","S/D"
2017,3765,6/7/2017,"Miercoles",0,13:55:00,,"0.0",2,"Pickup/Utilitario,Moto/Ciclomotor","Av Urquiza Y Boneo",2,1,0,0,1,0,0,,"Calle",,"SANTA FE","La Capital","Asfalto","Pavimento","I","Dentro","Urbana","S/D","No existe","Intersección","S/D","S/D","S/D","S/D","S/D","S/D","Colisión","S/D","S/D","Ninguna","S/D"
2017,3766,6/7/2017,"Miercoles",0,15:50:00,,"0.0",2,"Bicicleta,Moto/Ciclomotor","Av A del Valle Y Salvador del Carril",2,1,0,0,1,0,0,,"Avenida",,"SANTA FE","La Capital","Asfalto","Pavimento","I","Dentro","Urbana","S/D","Funciona","Intersección","S/D","S/D","S/D","S/D","S/D","Ciclista","Atropello","S/D","S/D","Cordón divisorio","S/D"
2017,3767,6/7/2017,"Miercoles",0,19:20:00,,"0.0",2,"Automóvil,Moto/Ciclomotor","Angel Cassanello Y 1ro de Mayo",2,1,0,0,1,0,0,,"Calle",,"SANTA FE","La Capital","Asfalto","Pavimento","I","Dentro","Urbana","S/D","No existe","Intersección","S/D","S/D","S/D","S/D","S/D","S/D","Colisión","S/D","Vertical","Ninguna","S/D"
2017,3768,6/9/2017,"Viernes",0,23:30:00,,"0.0",2,"Automóvil,Moto/Ciclomotor","Av A del Valle Y Regis Martinez",2,1,0,0,1,0,0,,"Avenida",,"SANTA FE","La Capital","Asfalto","Pavimento","I","Dentro","Urbana","S/D","No existe","Intersección","S/D","S/D","S/D","S/D","S/D","S/D","S/D","S/D","Vertical","Cordón divisorio,Vegetación","S/D"
2017,3769,6/11/2017,"Domingo",0,8:15:00,,"0.0",1,"Moto/Ciclomotor","Pedro Alejandro Vittori Y Pedro Diaz Colodrero",2,2,0,0,0,0,0,,"Calle",,"SANTA FE","La Capital","Asfalto","Pavimento","I","Dentro","Urbana","S/D","No existe","Intersección","S/D","S/D","S/D","S/D","S/D","S/D","Caída ocupante","S/D","S/D","S/D","S/D"
2017,3770,6/13/2017,"Martes",0,13:30:00,,"0.0",2,"Moto/Ciclomotor,Peatón","Av Facundo Zuviria 6900",2,1,1,0,0,0,0,,"S/D",,"SANTA FE","La Capital","Asfalto","Pavimento","I","S/D","S/D","S/D","No existe","Recta","S/D","S/D","S/D","S/D","S/D","Peatón","Atropello","S/D","S/D","Cordón divisorio","S/D"
2017,3771,6/19/2017,"Lunes",0,19:00:00,,"0.0",2,"Moto/Ciclomotor,Automóvil","J Castelli Y Pje Lassaga",2,1,0,0,1,0,0,,"Calle",,"SANTA FE","La Capital","Asfalto","Pavimento","I","Dentro","Urbana","S/D","No existe","Intersección","S/D","S/D","S/D","S/D","S/D","S/D","Colisión","S/D","S/D","Ninguna","S/D"
2017,3772,6/1/2017,"Jueves",0,19:50:00,,"0.0",2,"Automóvil,Moto/Ciclomotor"," ",3,1,0,0,1,0,1,,"Calle",,"SANTA FE","La Capital","Asfalto","Pavimento","I","S/D","Urbana","Ninguna","No existe","Intersección","Bueno","Buena","Atardecer","Buen Tiempo","S/D","S/D","Colisión","Ninguna","S/D","Ninguna","Sin restricción"
2017,3773,6/21/2017,"Miercoles",0,19:55:00,,"0.0",2,"Automóvil,Moto/Ciclomotor"," ",2,0,0,0,0,0,2,,"Calle",,"SANTA FE","La Capital","Asfalto","Pavimento","I","S/D","Urbana","Ninguna","No existe","Intersección","Bueno","Buena","Atardecer","Buen Tiempo","Frontal","S/D","Colisión","Ninguna","Faltante","Ninguna","Desvío Provisorio"
2017,3774,6/23/2017,"Viernes",0,12:15:00,"Ruta Nacional 11","0.0",1,"Automóvil","Av Circunvalación ",1,1,0,0,0,0,0,,"Ruta",11,"SANTA FE","La Capital","S/D","S/D","I","S/D","S/D","S/D","S/D","Curva","S/D","S/D","S/D","S/D","S/D","S/D","Vuelco","S/D","S/D","S/D","S/D"
2017,3775,6/25/2017,"Domingo",0,,,"0.0",1,"Automóvil","Av J J Paso Y San Lorenzo",2,1,0,0,1,0,0,,"Calle",,"SANTA FE","La Capital","Hormigón","No existe","I","Dentro","Urbana","S/D","Intermitente","Intersección","Bueno","S/D","S/D","S/D","S/D","S/D","Vuelco","Ninguna","Vertical","Cordón divisorio","S/D"
2017,3776,6/23/2017,"Viernes",0,13:00:00,"Ruta Nacional 11","0.0",2,"Moto/Ciclomotor,Automóvil","Av Circunvalación Y Roque Saenz Peña",2,1,0,0,1,0,0,,"Ruta",11,"SANTA FE","La Capital","Hormigón","Natural","I","Dentro","Urbana","Señal Ceda el Paso","No existe","Intersección","Bueno","Buena","Diurna","Buen Tiempo","Lateral","S/D","Colisión","Ninguna","S/D","Guardarrail","Sin restricción"
2017,3777,6/2/2017,"Viernes",0,20:00:00,,"0.0",2,"Moto/Ciclomotor,Automóvil","Vera Mujica Y Bolivar",3,2,0,0,1,0,0,,"Calle",,"SANTA FE","La Capital","Hormigón","No existe","I","Dentro","Urbana","Ninguna","No existe","Intersección","Bueno","Buena","Nocturna,Con luz artificial","Buen Tiempo","Lateral","S/D","Colisión","Ninguna","Faltante","Cordón divisorio","Sin restricción"
2017,3778,6/20/2017,"Martes",0,11:00:00,,"0.0",2,"Moto/Ciclomotor,Pickup/Utilitario","Av A del Valle Y Fray Mamerto Esquiu",2,1,0,0,1,0,0,,"Calle",,"SANTA FE","La Capital","Asfalto","Pavimento","I","Dentro","Urbana","S/D","No existe","Intersección","Bueno","Buena","Diurna","S/D","S/D","S/D","Colisión","S/D","S/D","S/D","S/D"
2017,3779,6/21/2017,"Miercoles",0,16:00:00,,"0.0",2,"Moto/Ciclomotor,Automóvil","Av Urquiza Y Vieytes",2,1,0,0,1,0,0,,"Calle",,"SANTA FE","La Capital","Asfalto","Pavimento","I","Dentro","Urbana","S/D","No existe","Intersección","Bueno","Buena","Diurna","S/D","S/D","S/D","Colisión","S/D","S/D","S/D","S/D"
2017,3780,6/22/2017,"Jueves",0,22:00:00,,"0.0",2,"Moto/Ciclomotor,Automóvil","J M Zuviria Y Padilla",2,1,0,0,1,0,0,,"Calle",,"SANTA FE","La Capital","Asfalto","Pavimento","I","Dentro","Urbana","Semáforo","Funciona","Intersección","S/D","Buena","Nocturna","S/D","S/D","S/D","Colisión","S/D","Vertical","Cordón divisorio","Sin restricción"
2017,3781,6/24/2017,"Sabado",0,20:00:00,,"0.0",2,"Automóvil,Moto/Ciclomotor","Regis Martinez Y San Jeronimo",2,1,0,0,1,0,0,,"Calle",,"SANTA FE","La Capital","Asfalto","Pavimento","I","Dentro","Urbana","S/D","No existe","Intersección","S/D","Buena","Nocturna","S/D","S/D","S/D","Colisión","S/D","Vertical","Ninguna","S/D"
2017,3782,6/25/2017,"Domingo",0,18:00:00,,"0.0",2,"Moto/Ciclomotor,Automóvil","San Jeronimo Y Quintana",3,1,0,0,2,0,0,,"Calle",,"SANTA FE","La Capital","Asfalto","Pavimento","I","Dentro","Urbana","Ninguna","No existe","Intersección","S/D","Buena","Diurna","Buen Tiempo","S/D","S/D","Colisión","S/D","Vertical","Ninguna","Sin restricción"
2017,3783,6/28/2017,"Miercoles",0,18:00:00,,"0.0",2,"Moto/Ciclomotor,Taxi/Remis","San Martin Y Alberti",2,1,0,0,1,0,0,,"Calle",,"SANTA FE","La Capital","Asfalto","Pavimento","I","Dentro","Urbana","S/D","No existe","Intersección","S/D","S/D","Diurna","S/D","S/D","S/D","Colisión","S/D","S/D","Ninguna","S/D"
2017,3784,6/13/2017,"Martes",0,8:10:00,,"0.0",2,"Automóvil,Peatón","Av Freyre Y Juan de Garay",2,2,0,0,0,0,0,,"Calle",,"SANTA FE","La Capital","Asfalto","No existe","I","Dentro","Urbana","Ninguna","No existe","Intersección","Con baches","Buena","Diurna","Buen Tiempo","S/D","Peatón","Atropello","Ninguna","Faltante","Cordón divisorio","Sin restricción"
2017,3785,6/12/2017,"Lunes",0,8:10:00,,"0.0",2,"Moto/Ciclomotor,Automóvil","Av Freyre Y Av Gral Lopez",2,1,0,0,1,0,0,,"Calle",,"SANTA FE","La Capital","Asfalto","No existe","I","Dentro","Urbana","Ninguna","S/D","Intersección","Con baches","Buena","Diurna","Buen Tiempo","Lateral","S/D","Colisión","Ninguna","Faltante","Ninguna","Sin restricción"
2017,3786,6/15/2017,"Jueves",0,22:00:00,,"0.0",1,"Moto/Ciclomotor","Brigadier Estanislao Lopez 6100",1,1,0,0,0,0,0,,"Calle",,"MONTE VERA","La Capital","Ripio","No existe","I","Dentro","Urbana","Ninguna","No existe","Recta","Bueno","Buena","Nocturna,Con luz artificial","Buen Tiempo","Contra objeto fijo","S/D","Colisión","Ninguna","S/D","Ninguna","Sin restricción"
2017,3787,6/7/2017,"Miercoles",0,18:00:00,,"0.0",2,"Automóvil,Moto/Ciclomotor","3 de Febrero Y San Juan",2,1,0,0,1,0,0,,"Calle",,"SANTA FE","La Capital","Asfalto","No existe","I","Dentro","Urbana","Ninguna","No existe","Intersección","Con baches","Buena","Atardecer","Buen Tiempo","Lateral","S/D","Colisión","Ninguna","Faltante","Ninguna","Sin restricción"
2017,3788,6/7/2017,"Miercoles",0,14:20:00,,"0.0",2,"Automóvil,Automóvil","Dr Zavalla Y Entre Rios",4,1,0,0,3,0,0,,"Calle",,"SANTA FE","La Capital","Asfalto","No existe","I","Dentro","Urbana","Ninguna","No existe","Intersección","Con baches","Buena","Diurna","Buen Tiempo","Lateral","S/D","Colisión","Ninguna","Faltante","Ninguna","Sin restricción"
2017,3789,6/7/2017,"Miercoles",0,8:30:00,,"0.0",2,"Automóvil,Taxi/Remis","Av Gral Lopez Y Saavedra",2,1,0,0,1,0,0,,"Calle",,"SANTA FE","La Capital","Asfalto","No existe","I","Dentro","Urbana","Ninguna","No existe","Intersección","Bueno","Buena","Diurna","Buen Tiempo","Lateral","S/D","Colisión","Ninguna","Faltante","Ninguna","Sin restricción"
2017,3790,6/5/2017,"Lunes",0,14:00:00,,"0.0",2,"Moto/Ciclomotor,Automóvil","Av Freyre Y Monseñor Zaspe",2,1,0,0,1,0,0,,"Calle",,"SANTA FE","La Capital","Asfalto","No existe","I","Dentro","Urbana","Ninguna","No existe","Intersección","Con baches","Buena","Diurna","Buen Tiempo","Lateral","S/D","Colisión","Ninguna","Faltante","Ninguna","Sin restricción"
2017,3791,6/3/2017,"Sabado",0,15:40:00,,"0.0",2,"Moto/Ciclomotor,Moto/Ciclomotor","3 de Febrero Y San Jose",4,2,0,0,2,0,0,,"Calle",,"SANTA FE","La Capital","Asfalto","No existe","I","Dentro","Urbana","Ninguna","No existe","Intersección","Con baches","Buena","Diurna","Buen Tiempo","De alcance","S/D","Colisión","Ninguna","Faltante","Ninguna","Sin restricción"
2017,3793,4/1/2017,"Sabado",0,,,"0.0",3,"Automóvil,Pickup/Utilitario,Automóvil"," ",5,4,0,0,1,0,0,,"Calle",,"ROSARIO","Rosario","S/D","S/D","II","Dentro","Urbana","S/D","S/D","S/D","S/D","S/D","S/D","S/D","Múltiple","S/D","Colisión","S/D","S/D","S/D","S/D"
2017,3794,4/1/2017,"Sabado",0,,,"0.0",2,"Automóvil,Automóvil","Montevideo Y Lima",4,3,0,0,1,0,0,,"Calle",,"ROSARIO","Rosario","S/D","S/D","II","Dentro","Urbana","S/D","S/D","Intersección","S/D","S/D","S/D","S/D","S/D","S/D","Colisión","S/D","S/D","S/D","S/D"
2017,3795,4/1/2017,"Sabado",0,,,"0.0",2,"Moto/Ciclomotor,Automóvil","25 de Mayo Y Independencia",3,2,0,0,1,0,0,,"Calle",,"SAN JAVIER","San Javier","S/D","S/D","XIV","Dentro","Urbana","S/D","S/D","Intersección","S/D","S/D","S/D","S/D","S/D","S/D","Colisión","S/D","S/D","S/D","Sin restricción"
2017,3796,4/2/2017,"Domingo",0,,,"0.0",2,"Moto/Ciclomotor,Automóvil","Falucho Y Moreno",2,1,0,0,1,0,0,,"Calle",,"GÁLVEZ","San Jerónimo","S/D","S/D","XV","Dentro","Urbana","S/D","S/D","Intersección","S/D","Buena","Diurna","S/D","S/D","S/D","Colisión","S/D","S/D","S/D","S/D"
2017,3797,4/2/2017,"Domingo",0,,,"0.0",2,"Moto/Ciclomotor,Automóvil","Santa Fe Bis Y José Pedroni",2,1,0,0,1,0,0,,"Calle",,"GÁLVEZ","San Jerónimo","S/D","S/D","XV","Dentro","Urbana","S/D","S/D","S/D","S/D","S/D","S/D","S/D","S/D","S/D","Colisión","S/D","S/D","S/D","S/D"
2017,3798,4/3/2017,"Lunes",0,,,"0.0",2,"Otros,Automóvil","Av Blas Parera Y J M Zuviria",2,1,0,0,0,0,1,,"Calle",,"SANTA FE","La Capital","S/D","S/D","I","Dentro","Urbana","S/D","S/D","Intersección","S/D","S/D","Diurna","S/D","S/D","S/D","Colisión","S/D","S/D","S/D","S/D"
2017,3799,4/3/2017,"Lunes",0,,,"0.0",2,"Taxi/Remis,Moto/Ciclomotor","Av. Ovidio Lagos Y Lamadrid",2,1,0,0,1,0,0,,"Calle",,"ROSARIO","Rosario","S/D","S/D","II","Dentro","Urbana","S/D","S/D","Intersección","S/D","S/D","Diurna","S/D","S/D","S/D","Colisión","S/D","S/D","S/D","S/D"
2017,3800,6/1/2017,"Jueves",0,16:00:00,"Ruta Nacional 11","0.0",2,"Pickup/Utilitario,Moto/Ciclomotor","Iturraspe Y Av Circunvalación",2,0,0,0,0,0,2,,"Ruta",11,"SANTA FE","La Capital","Asfalto","Pavimento","I","Dentro","Urbana","Otra Señal","No existe","Intersección","Bueno","Buena","Diurna","Buen Tiempo","Lateral","S/D","Colisión","S/D","Faltante","Vegetación","Sin restricción"
2017,3801,6/2/2017,"Viernes",0,0:30:00,,"0.0",2,"Automóvil,Cuatriciclo"," ",2,0,0,0,0,0,2,,"Calle",,"SANTA FE","La Capital","Asfalto","Pavimento","I","Dentro","Urbana","Semáforo","Funciona","Intersección","Bueno","Reducida","Nocturna","Buen Tiempo","Lateral","S/D","Colisión","S/D","Horizontal","Cordón divisorio","Sin restricción"
2017,3802,6/2/2017,"Viernes",0,8:40:00,,"0.0",2,"Automóvil,Moto/Ciclomotor","Luciano Molinas Y Brasil",2,0,0,0,0,0,2,,"Calle",,"SANTA FE","La Capital","Asfalto","No existe","I","Dentro","Urbana","Otra Señal","No existe","Intersección","Bueno","Buena","Diurna","Buen Tiempo","Lateral","S/D","Colisión","S/D","Faltante","Vegetación,Línea divisoria pintada","Sin restricción"
2017,3803,6/12/2017,"Lunes",0,20:30:00,,"0.0",2,"Automóvil,Moto/Ciclomotor","9 de Julio 3400",2,1,0,0,1,0,0,,"Calle",,"SANTA FE","La Capital","Asfalto","S/D","I","S/D","Urbana","Ninguna","No existe","Recta","Bueno","Buena","Nocturna,Con luz artificial","Buen Tiempo","De alcance","S/D","Colisión","Ninguna","Faltante","Ninguna","Sin restricción"
2017,3804,6/9/2017,"Viernes",0,13:45:00,,"0.0",2,"Automóvil,Moto/Ciclomotor","San Jeronimo Y Gdor Crespo",3,2,0,0,1,0,0,,"Calle",,"SANTA FE","La Capital","Asfalto","S/D","I","Dentro","Urbana","Ninguna","No existe","Intersección","Bueno","Buena","Diurna","Buen Tiempo","Lateral","S/D","Colisión","Ninguna","Faltante","Ninguna","Sin restricción"
2017,3805,6/6/2017,"Martes",0,16:02:00,,"0.0",2,"Automóvil,Moto/Ciclomotor","1ro de Mayo 2200",3,1,0,0,2,0,0,,"Calle",,"SANTA FE","La Capital","Asfalto","S/D","I","Dentro","Urbana","Ninguna","No existe","Recta","Bueno","Buena","Diurna","Buen Tiempo","S/D","S/D","Colisión","Ninguna","Horizontal","Ninguna","Sin restricción"
2017,3806,6/6/2017,"Martes",0,17:00:00,,"0.0",2,"Peatón,Automóvil","1ro de Mayo Y Raul Alberto Tacca",2,1,0,0,1,0,0,,"Calle",,"SANTA FE","La Capital","Hormigón","S/D","I","Dentro","Urbana","Paso Peatonal","No existe","Otro","Bueno","Buena","Diurna","Buen Tiempo","S/D","Peatón","Atropello","Ninguna","Faltante","Ninguna","Sin restricción"
2017,3807,6/6/2017,"Martes",0,16:10:00,,"0.0",2,"Bicicleta,Automóvil","Gorriti 4300",2,1,0,0,1,0,0,,"Calle",,"SANTA FE","La Capital","S/D","S/D","I","Dentro","Urbana","S/D","S/D","S/D","S/D","S/D","Diurna","S/D","S/D","Ciclista","Atropello","S/D","S/D","S/D","S/D"
2017,3808,6/7/2017,"Miercoles",0,18:00:00,,"0.0",2,"Moto/Ciclomotor,Pickup/Utilitario","Europa Y Chaco",2,1,0,0,1,0,0,,"Calle",,"SANTA FE","La Capital","S/D","S/D","I","Dentro","Urbana","S/D","S/D","S/D","S/D","S/D","Diurna","S/D","S/D","S/D","Colisión","S/D","S/D","S/D","S/D"
2017,3809,6/13/2017,"Martes",0,10:30:00,,"0.0",2,"Moto/Ciclomotor,Automóvil","Gorriti Y Bernardo de Irigoyen",2,1,0,0,1,0,0,,"Calle",,"SANTA FE","La Capital","Asfalto","S/D","I","Dentro","Urbana","S/D","S/D","S/D","S/D","S/D","Diurna","S/D","S/D","S/D","Colisión","S/D","S/D","S/D","S/D"
2017,3810,5/4/2017,"Jueves",0,17:15:00,,"0.0",2,"Moto/Ciclomotor,Automóvil","Europa Y Callejon Aguirre",2,1,0,0,1,0,0,,"Calle",,"SANTA FE","La Capital","S/D","S/D","I","Dentro","Urbana","S/D","S/D","S/D","S/D","S/D","Diurna","S/D","S/D","S/D","Colisión","S/D","S/D","S/D","Sin restricción"
2017,3811,6/3/2017,"Sabado",0,6:00:00,,"0.0",2,"Automóvil,Automóvil","Bv Galvez Y Belgrano",2,1,0,0,1,0,0,,"Calle",,"SANTA FE","La Capital","Asfalto","No existe","I","Dentro","Urbana","S/D","S/D","Intersección","Bueno","Buena","Atardecer","S/D","Lateral","S/D","Colisión","S/D","S/D","S/D","S/D"
2017,3812,6/5/2017,"Lunes",0,16:20:00,,"0.0",2,"Moto/Ciclomotor,Automóvil","Bv Galvez Y Nicasio Oroño",2,1,0,0,1,0,0,,"Calle",,"SANTA FE","La Capital","Asfalto","No existe","I","Dentro","Urbana","S/D","No existe","Curva","Bueno","Buena","Diurna","S/D","Lateral","S/D","Colisión","S/D","S/D","S/D","S/D"
2017,3813,6/7/2017,"Miercoles",0,18:25:00,,"0.0",2,"Automóvil,Automóvil","Candioti Y Pje Santa Maria de Oro",2,2,0,0,0,0,0,,"Calle",,"SANTA FE","La Capital","Asfalto","No existe","I","Dentro","Urbana","S/D","No existe","Intersección","Bueno","S/D","Atardecer","S/D","Lateral","S/D","Colisión","S/D","S/D","S/D","S/D"
2017,3814,6/12/2017,"Lunes",0,18:45:00,,"0.0",2,"Automóvil,Camión","Balcarce Y Necochea",2,1,0,0,1,0,0,,"Calle",,"SANTA FE","La Capital","Asfalto","No existe","I","Dentro","Urbana","S/D","Funciona","Intersección","Bueno","Buena","Atardecer","S/D","Lateral","S/D","Colisión","S/D","S/D","Ninguna","Sin restricción"