"anio_acci","nro_acci","fecha","desc_dia","fecha_aprox","hora_aprox","desc_ruta","km","cant_participantes","desc_participante","calle_avenida_km","total","heridos_leves","heridos_graves","heridos_gravisimos","ilesos","fallecidos","sin_datos","posicion_XY","desc_tipo_via","desc_ruta_ori","desc_loc","desc_dpto","desc_tipo_calzada","desc_tipo_banquina","desc_unidad_regional","desc_lugar_calzada","desc_zona","desc_prioridad","desc_estado_semaforo","desc_lugar_via","desc_estado_via","desc_estado_visibilidad","desc_luminosidad","desc_estado_clima","desc_tipo_colision","desc_tipo_atropello","desc_tipo_hecho","desc_pres_calzada","desc_senializacion","desc_separacion_via","desc_restriccion"
2017,3815,6/13/2017,"Martes",0,19:40:00,,"0.0",2,"Moto/Ciclomotor,Pickup/Utilitario"," ",2,1,0,0,1,0,0,,"Calle",,"SANTA FE","La Capital","Asfalto","No existe","I","Dentro","Urbana","S/D","No existe","Rotonda","Bueno","Buena","Atardecer","S/D","Lateral","S/D","Colisión","S/D","S/D","S/D","S/D"
2017,3816,6/14/2017,"Miercoles",0,9:30:00,,"0.0",2,"Automóvil,Peatón","Belgrano 3527",2,1,0,0,1,0,0,,"Calle",,"SANTA FE","La Capital","Asfalto","No existe","I","Dentro","Urbana","S/D","S/D","Recta","Bueno","Buena","Diurna","S/D","S/D","Peatón","Atropello","Ninguna","S/D","S/D","S/D"
2017,3817,6/20/2017,"Martes",0,19:08:00,,"0.0",2,"Automóvil,Moto/Ciclomotor","Velez Sarsfield Y Balcarce",2,1,0,0,1,0,0,,"Calle",,"SANTA FE","La Capital","Asfalto","No existe","I","Dentro","Urbana","S/D","No existe","Intersección","Bueno","S/D","Atardecer","S/D","Lateral","S/D","Colisión","Ninguna","S/D","S/D","S/D"
2017,3818,6/6/2017,"Martes",0,13:50:00,,"0.0",1,"Automóvil","San Jeronimo Y Mariano Comas",2,1,0,0,1,0,0,,"Calle",,"SANTA FE","La Capital","Asfalto","S/D","I","Dentro","Urbana","Ninguna","No existe","Intersección","Bueno","Buena","Diurna","Buen Tiempo","S/D","S/D","Vuelco","Ninguna","Faltante","Ninguna","S/D"
2017,3819,6/5/2017,"Lunes",0,19:35:00,,"0.0",1,"Automóvil","Eva Peron Y San Martin",2,1,0,0,1,0,0,,"Calle",,"SANTA FE","La Capital","Asfalto","S/D","I","Dentro","Urbana","Ninguna","No existe","Intersección","Bueno","Buena","Atardecer","Buen Tiempo","De alcance","S/D","Colisión","Ninguna","Faltante","Ninguna","Sin restricción"
2017,3820,6/21/2017,"Miercoles",0,17:45:00,,"0.0",2,"Automóvil,Moto/Ciclomotor","Alvear 1224",2,1,0,0,1,0,0,,"Calle",,"SANTA FE","La Capital","Asfalto","No existe","I","Dentro","Urbana","S/D","No existe","Recta","Bueno","Buena","Diurna","S/D","Lateral","S/D","Colisión","S/D","S/D","S/D","S/D"
2017,3821,6/22/2017,"Jueves",0,17:10:00,,"0.0",2,"Moto/Ciclomotor,Automóvil","Las Heras Y Balcarce",2,1,0,0,1,0,0,,"Calle",,"SANTA FE","La Capital","Asfalto","No existe","I","Dentro","Urbana","S/D","No existe","Intersección","Bueno","Buena","Diurna","S/D","Lateral","S/D","Colisión","Ninguna","S/D","S/D","Sin restricción"
2017,3822,6/5/2017,"Lunes",0,19:30:00,,"0.0",2,"Pickup/Utilitario,Peatón","25 de Mayo Y Juan de Garay",2,1,0,0,1,0,0,,"Calle",,"SANTA FE","La Capital","Asfalto","S/D","I","Dentro","Urbana","Ninguna","No existe","Recta","Bueno","Buena","Atardecer","Buen Tiempo","S/D","Peatón","Atropello","S/D","Horizontal","Ninguna","Sin restricción"
2017,3823,6/4/2017,"Domingo",0,20:54:00,,"0.0",2,"Automóvil,Peatón","Mendoza 3046",2,1,0,0,1,0,0,,"Calle",,"SANTA FE","La Capital","Asfalto","S/D","I","Dentro","Urbana","Ninguna","No existe","Recta","Bueno","Reducida","Nocturna","Buen Tiempo","S/D","Peatón","Atropello","Ninguna","Faltante","Ninguna","Sin restricción"
2017,3824,6/2/2017,"Viernes",0,16:00:00,,"0.0",2,"Moto/Ciclomotor,Pickup/Utilitario","Av Leandro Alem Y Candioti",2,1,0,0,1,0,0,,"Calle",,"SANTA FE","La Capital","Asfalto","No existe","I","Dentro","Urbana","S/D","Funciona","Intersección","Bueno","S/D","Diurna","S/D","Lateral","S/D","Colisión","S/D","S/D","S/D","S/D"
2017,3825,6/3/2017,"Sabado",0,11:45:00,,"0.0",2,"Automóvil,Moto/Ciclomotor","25 de Mayo 3700",2,1,0,0,1,0,0,,"Avenida",,"SANTA FE","La Capital","Asfalto","S/D","I","S/D","Urbana","Otra Señal","No existe","Recta","Bueno","Buena","Diurna","Buen Tiempo","S/D","S/D","Colisión","Ninguna","Horizontal","Ninguna","Sin restricción"
2017,3826,6/2/2017,"Viernes",0,18:45:00,,"0.0",2,"Automóvil,Peatón","25 de Mayo Y Obispo Gelabert",2,1,0,0,1,0,0,,"Calle",,"SANTA FE","La Capital","Asfalto","S/D","I","Dentro","Urbana","Semáforo","No existe","Paso a Nivel FFCC","Bueno","Buena","Diurna","Buen Tiempo","S/D","S/D","Atropello","Ninguna","Horizontal","Ninguna","Sin restricción"
2017,3827,4/4/2017,"Martes",0,7:30:00,"Autopista Nacional A008","0.0",2,"Moto/Ciclomotor,Automóvil","Bv. Oroño Y Av. Circunvalacion",3,2,0,0,1,0,0,,"Autopista","A008","ROSARIO","Rosario","S/D","S/D","II","Dentro","Urbana","S/D","S/D","Intersección","S/D","S/D","Diurna","S/D","S/D","S/D","Colisión","S/D","S/D","S/D","S/D"
2017,3828,4/5/2017,"Miercoles",0,,,"0.0",1,"Moto/Ciclomotor","Bolivia Y Pje. Campos Salles",1,1,0,0,0,0,0,,"Calle",,"ROSARIO","Rosario","S/D","S/D","II","Dentro","Urbana","S/D","S/D","Recta","S/D","S/D","S/D","S/D","Contra objeto fijo","S/D","Colisión","S/D","S/D","S/D","S/D"
2017,3829,4/5/2017,"Miercoles",0,,,"0.0",2,"Moto/Ciclomotor,Automóvil"," ",2,1,0,0,1,0,0,,"S/D",,"CASILDA","Caseros","S/D","S/D","IV","S/D","S/D","S/D","S/D","Recta","S/D","S/D","S/D","S/D","S/D","S/D","Colisión","S/D","S/D","S/D","S/D"
2017,3830,4/5/2017,"Miercoles",0,,,"0.0",1,"Moto/Ciclomotor","Saenz Pe±a ",1,1,0,0,0,0,0,,"Calle",,"CORONDA","San Jerónimo","S/D","S/D","XV","Dentro","Urbana","S/D","S/D","Paso a Nivel FFCC","S/D","S/D","S/D","S/D","S/D","S/D","Caída ocupante","S/D","S/D","S/D","S/D"
2017,3831,4/6/2017,"Jueves",0,17:00:00,,"0.0",2,"Moto/Ciclomotor,Automóvil","Chacabuco Y Lisandro de la Torre",2,0,1,0,1,0,0,,"Calle",,"VENADO TUERTO","General López","S/D","S/D","VIII","Dentro","Urbana","S/D","S/D","Intersección","S/D","S/D","Diurna","S/D","S/D","S/D","Colisión","S/D","S/D","S/D","S/D"
2017,3832,6/2/2017,"Viernes",0,7:00:00,,"0.0",2,"Transporte de Pasajeros Urbano (> 8 asientos),Automóvil","Bv Pellegrini Y 9 de Julio",2,1,0,0,1,0,0,,"Calle",,"SANTA FE","La Capital","Asfalto","S/D","I","Dentro","Urbana","Semáforo","Funciona","Recta","Bueno","Buena","Diurna","Buen Tiempo","De alcance","S/D","Colisión","Ninguna","Horizontal,Vertical","Ninguna","Sin restricción"
2017,3833,6/1/2017,"Jueves",0,11:56:00,,"0.0",2,"Automóvil,Peatón","Rivadavia Y Obispo Gelabert",2,1,0,0,1,0,0,,"Calle",,"SANTA FE","La Capital","Asfalto","S/D","I","Dentro","Urbana","Semáforo","Funciona","Intersección","Bueno","Buena","Diurna","Buen Tiempo","S/D","Peatón","Atropello","Ninguna","Horizontal,Vertical","S/D","Sin restricción"
2017,3834,4/7/2017,"Viernes",0,,,"0.0",2,"Pickup/Utilitario,Bicicleta"," ",2,0,1,0,1,0,0,,"S/D",,"CASILDA","Caseros","S/D","S/D","IV","S/D","S/D","S/D","S/D","S/D","S/D","S/D","S/D","S/D","S/D","Ciclista","Atropello","S/D","S/D","S/D","S/D"
2017,3835,6/1/2017,"Jueves",0,8:35:00,,"0.0",2,"Automóvil,Peatón","Tucuman Y San Jeronimo",2,1,0,0,1,0,0,,"Calle",,"SANTA FE","La Capital","Asfalto","S/D","I","Dentro","Urbana","S/D","No existe","Recta","Bueno","Buena","Diurna","Buen Tiempo","S/D","Peatón","Atropello","Ninguna","Horizontal","S/D","Sin restricción"
2017,3836,6/1/2017,"Jueves",0,11:02:00,,"0.0",2,"Pickup/Utilitario,Moto/Ciclomotor","Mariano Comas Y San Jeronimo",2,1,0,0,1,0,0,,"Calle",,"SANTA FE","La Capital","Hormigón","S/D","I","Dentro","Urbana","S/D","No existe","Intersección","Bueno","Buena","Diurna","Buen Tiempo","Frontal","S/D","Colisión","Ninguna","Faltante","Ninguna","Sin restricción"
2017,3837,4/10/2017,"Lunes",0,,,"0.0",2,"Moto/Ciclomotor,Automóvil","Bv Oro±o ",2,1,0,0,1,0,0,,"Calle",,"CORONDA","San Jerónimo","S/D","S/D","XV","Dentro","Urbana","S/D","S/D","S/D","S/D","S/D","S/D","S/D","S/D","S/D","Colisión","S/D","S/D","S/D","S/D"
2017,3838,6/24/2017,"Sabado",0,19:00:00,,"0.0",2,"Moto/Ciclomotor,Automóvil","Bv Galvez ",3,2,0,0,0,0,1,,"Calle",,"SANTA FE","La Capital","Asfalto","No existe","I","Dentro","Urbana","S/D","No existe","Curva","Bueno","Buena","Atardecer","S/D","Lateral","S/D","Colisión","S/D","S/D","S/D","S/D"
2017,3839,6/9/2017,"Viernes",0,21:10:00,"Ruta Nacional 11","0.0",2,"Automóvil,Moto/Ciclomotor","Ruta Nacional 1V11- Juan de Garay ",3,2,0,0,1,0,0,,"Ruta",11,"RECREO","La Capital","Asfalto","S/D","I","Dentro","Urbana","Ninguna","S/D","Recta","Bueno","Buena","Nocturna","Buen Tiempo","Lateral","S/D","Colisión","Agua","Horizontal","Línea divisoria pintada","Sin restricción"
2017,3840,6/24/2017,"Sabado",0,19:30:00,,"0.0",2,"Pickup/Utilitario,Bicicleta","Alvear 3900",2,1,0,0,1,0,0,,"Calle",,"SANTA FE","La Capital","Asfalto","No existe","I","Dentro","Urbana","S/D","No existe","Recta","Bueno","S/D","Atardecer","S/D","Lateral","Ciclista","Atropello","S/D","S/D","S/D","S/D"
2017,3841,6/22/2017,"Jueves",0,14:10:00,"Ruta Nacional 11","0.0",2,"Moto/Ciclomotor,Automóvil","Ruta Nacional 1V11- Juan de Garay Y Pte Roca",3,2,0,0,1,0,0,,"Ruta",11,"RECREO","La Capital","Asfalto","Natural","I","S/D","Urbana","Ninguna","No existe","Intersección","Bueno","Buena","Diurna","Buen Tiempo","Lateral","S/D","Colisión","Ninguna","Horizontal","Línea divisoria pintada","Sin restricción"
2017,3842,6/10/2017,"Sabado",0,20:00:00,,"0.0",1,"Automóvil","Roverano 2300",2,1,0,0,1,0,0,,"Calle",,"SANTO TOMÉ","La Capital","Ripio","Natural","I","Dentro","Urbana","Ninguna","No existe","Recta","Deteriorada","Buena","Diurna","Buen Tiempo","Lateral","S/D","Colisión","Ninguna","Faltante","Ninguna","Sin restricción"
2017,3843,6/30/2017,"Viernes",0,7:55:00,,"0.0",2,"Moto/Ciclomotor,Automóvil","Av Blas Parera Y Larrea",2,1,0,0,1,0,0,,"Calle",,"SANTA FE","La Capital","Hormigón","No existe","I","Dentro","Urbana","Semáforo","Intermitente","Intersección","Bueno","Reducida","Amanecer","Buen Tiempo","Lateral","S/D","Colisión","S/D","Vertical","Cordón divisorio","Sin restricción"
2017,3844,2/5/2017,"Domingo",0,,"Ruta Provincial 21","0.0",1,"Moto/Ciclomotor","RP 21 ALTURA DESVIO DE CAMIONES ",1,0,1,0,0,0,0,,"Ruta",21,"VILLA CONSTITUCIÓN","Constitución","Asfalto","S/D","VI","Dentro","S/D","S/D","S/D","S/D","S/D","S/D","S/D","S/D","Atropello animal","S/D","Colisión","S/D","S/D","S/D","S/D"
2017,3845,6/6/2017,"Martes",0,8:00:00,,"0.0",2,"Peatón,Pickup/Utilitario","Gorriti Y Larguia",2,1,0,0,1,0,0,,"Calle",,"SANTA FE","La Capital","Asfalto","No existe","I","Dentro","Urbana","Ninguna","No existe","Intersección","Bueno","Buena","Diurna","Buen Tiempo","S/D","Peatón","Atropello","Ninguna","Faltante","Ninguna","Sin restricción"
2017,3846,6/1/2017,"Jueves",0,18:00:00,,"0.0",1,"Moto/Ciclomotor","Diagonal Mendoza Y Jose Marmol",1,1,0,0,0,0,0,,"Calle",,"SANTO TOMÉ","La Capital","Tierra","Natural","I","Dentro","Urbana","Ninguna","No existe","Recta","Deteriorada","Buena","Diurna","Buen Tiempo","S/D","S/D","Caída ocupante","Material Suelto","Faltante","S/D","S/D"
2017,3847,6/19/2017,"Lunes",0,17:30:00,,"0.0",2,"Moto/Ciclomotor,Tren","Roverano Y General Manuel Belgrano",2,1,0,0,0,0,1,,"Calle",,"SANTO TOMÉ","La Capital","Tierra","Natural","I","Dentro","Urbana","S/D","No existe","Intersección","Deteriorada","Buena","Diurna","S/D","S/D","S/D","Colisión","Otro","Faltante","S/D","S/D"
2017,3848,6/22/2017,"Jueves",0,22:30:00,,"0.0",2,"Moto/Ciclomotor,Transporte de Pasajeros Urbano (> 8 asientos)","Av Blas Parera Y Gorostiaga",2,1,0,0,1,0,0,,"Avenida",,"SANTA FE","La Capital","Asfalto","No existe","I","Dentro","Urbana","Ninguna","Funciona","Intersección","Bueno","Buena","Nocturna","Buen Tiempo","Lateral","S/D","Colisión","Ninguna","Vertical","Cordón divisorio","Sin restricción"
2017,3849,6/15/2017,"Jueves",0,18:55:00,,"0.0",2,"Moto/Ciclomotor,Automóvil","Estrada 6900",2,1,0,0,1,0,0,,"Calle",,"SANTA FE","La Capital","Asfalto","No existe","I","Dentro","Urbana","Ninguna","No existe","Recta","Bueno","Buena","Diurna","Buen Tiempo","Lateral","S/D","Colisión","Ninguna","Faltante","Ninguna","Sin restricción"
2017,3850,6/14/2017,"Miercoles",0,9:50:00,"Ruta Nacional 11","0.0",2,"Moto/Ciclomotor,Bicicleta","Avenida Nuestra Señora del Luj Y 12 de septiembre",2,2,0,0,0,0,0,,"Ruta",11,"SANTO TOMÉ","La Capital","Asfalto","Ripio","I","S/D","Urbana","Ninguna","Funciona","Intersección","Bueno","Buena","Diurna","Buen Tiempo","S/D","Ciclista","Atropello","Ninguna","Faltante","Ninguna","Sin restricción"
2017,3851,6/2/2017,"Viernes",0,12:30:00,"Ruta Nacional 11","0.0",2,"Camión Chasis,Pickup/Utilitario","Avenida Nuestra Señora del Luj Y Frutos",2,1,0,0,0,0,1,,"Ruta",11,"SANTO TOMÉ","La Capital","Asfalto","Ripio","I","S/D","S/D","Ninguna","No existe","Intersección","Bueno","Buena","Diurna","Buen Tiempo","De alcance","S/D","Colisión","S/D","Horizontal","Ninguna","Sin restricción"
2017,3852,6/14/2017,"Miercoles",0,16:20:00,"Ruta Nacional 11","446.0",3,"Pickup/Utilitario,Pickup/Utilitario,Camión Chasis"," ",5,2,0,0,3,0,0,,"Ruta",11,"SAUCE VIEJO","La Capital","Asfalto","Natural","I","Dentro","Urbana","Ninguna","No existe","Recta","Bueno","Buena","Diurna","Buen Tiempo","Lateral","S/D","Colisión","Ninguna","Faltante","Línea divisoria pintada","Sin restricción"
2017,3853,6/28/2017,"Miercoles",0,18:20:00,,"0.0",2,"Automóvil,Moto/Ciclomotor","1 de mayo Y Martin Zavalla",2,1,0,0,0,0,1,,"Calle",,"SANTO TOMÉ","La Capital","Asfalto","No existe","I","S/D","Urbana","Ninguna","No existe","Recta","Bueno","S/D","Diurna","Buen Tiempo","Lateral","S/D","Colisión","Ninguna","Faltante","Ninguna","Sin restricción"
2017,3854,6/3/2017,"Sabado",0,12:00:00,,"0.0",2,"Moto/Ciclomotor,Bicicleta","4 de enero Y Paula Albarracin de Sarmiento",2,2,0,0,0,0,0,,"Calle",,"SANTO TOMÉ","La Capital","Asfalto","No existe","I","Dentro","Urbana","Ninguna","No existe","Intersección","Bueno","Buena","Diurna","Buen Tiempo","S/D","S/D","Atropello","Ninguna","Faltante","Ninguna","Sin restricción"
2017,3855,6/11/2017,"Domingo",0,18:50:00,,"0.0",2,"Automóvil,Peatón"," ",2,1,0,0,1,0,0,,"S/D",,"SANTA FE","La Capital","Ripio","No existe","I","S/D","S/D","Ninguna","No existe","Recta","Bueno","Buena","Atardecer","Buen Tiempo","S/D","Peatón","Atropello","Ninguna","S/D","Ninguna","Sin restricción"
2017,3856,6/23/2017,"Viernes",0,20:30:00,,"0.0",2,"Moto/Ciclomotor,Automóvil","Azcuenaga 4327",2,1,0,0,1,0,0,,"Calle",,"SANTA FE","La Capital","Tierra","No existe","I","Dentro","Urbana","Ninguna","No existe","Recta","Deteriorada","Buena","Nocturna","Buen Tiempo","Lateral","S/D","Colisión","Ninguna","Faltante","Ninguna","Sin restricción"
2017,3857,6/24/2017,"Sabado",0,4:00:00,,"0.0",1,"Automóvil","Av Blas Parera 8000",1,1,0,0,0,0,0,,"Avenida",,"SANTA FE","La Capital","Asfalto","Pavimento","I","Dentro","Urbana","Semáforo","Funciona","Recta","Bueno","Buena","Nocturna,Con luz artificial","Buen Tiempo","Contra objeto fijo","S/D","Colisión","Ninguna","S/D","Cordón divisorio","Sin restricción"
2017,3858,6/29/2017,"Jueves",0,23:00:00,,"0.0",2,"Automóvil,Peatón","Tucuman 4200",2,1,0,0,1,0,0,,"Calle",,"SANTO TOMÉ","La Capital","Tierra","No existe","I","Dentro","Urbana","Ninguna","No existe","Recta","Bueno","Reducida","Nocturna","Buen Tiempo","S/D","Peatón","Atropello","Ninguna","Faltante","Ninguna","Sin restricción"
2017,3859,6/16/2017,"Viernes",0,8:55:00,,"0.0",2,"Moto/Ciclomotor,Transporte de Pasajeros Urbano (> 8 asientos)","Av Blas Parera Y French",2,1,0,0,1,0,0,,"Calle",,"SANTA FE","La Capital","Asfalto","No existe","I","Dentro","Urbana","Semáforo","Funciona","Intersección","Bueno","Buena","Diurna","Buen Tiempo","Lateral","S/D","Colisión","Ninguna","Vertical","Ninguna","Sin restricción"
2017,3860,6/10/2017,"Sabado",0,19:00:00,,"0.0",2,"Automóvil,Bicicleta","Av Blas Parera Y Reg 12 de Infanteria",2,1,0,0,1,0,0,,"Avenida",,"SANTA FE","La Capital","Asfalto","No existe","I","Dentro","Urbana","Ninguna","No existe","Intersección","Bueno","Buena","Atardecer","Buen Tiempo","S/D","Ciclista","Atropello","Ninguna","S/D","Cordón divisorio","Sin restricción"
2017,3861,6/13/2017,"Martes",0,14:20:00,,"0.0",2,"Taxi/Remis,Moto/Ciclomotor","Gorriti Y Av Peñaloza",2,1,0,0,1,0,0,,"Avenida",,"SANTA FE","La Capital","Hormigón","Pavimento","I","Dentro","Urbana","Semáforo","No existe","Intersección","Bueno","Buena","Diurna","Buen Tiempo","Lateral","S/D","Colisión","Ninguna","Vertical","Ninguna","Sin restricción"
2017,3863,2/16/2017,"Jueves",0,,,"0.0",2,"Peatón,Tren","VIAS FERREAS Y ESCALADA ",2,0,0,0,1,1,0,"-33.236983, -61.355977","S/D",,"CHABAS","Caseros","S/D","S/D","IV","S/D","Urbana","S/D","No existe","Otro","S/D","S/D","S/D","S/D","S/D","Peatón","Atropello","S/D","S/D","S/D","S/D"
2017,3864,6/15/2017,"Jueves",0,8:55:00,,"0.0",2,"Moto/Ciclomotor,Automóvil","Vieytes Y Castañaduy",2,1,0,0,1,0,0,,"Calle",,"SANTA FE","La Capital","Hormigón","Natural","I","Dentro","Urbana","Ninguna","No existe","Intersección","Bueno","Buena","Diurna","Buen Tiempo","Lateral","S/D","Colisión","Ninguna","Faltante","Ninguna","Sin restricción"
2017,3865,6/19/2017,"Lunes",0,8:35:00,,"0.0",2,"Automóvil,Moto/Ciclomotor","Av Peñaloza Y Vieytes",2,1,0,0,1,0,0,,"Calle",,"SANTA FE","La Capital","Asfalto","No existe","I","Dentro","Urbana","Ninguna","No existe","Intersección","Bueno","Buena","Diurna","Buen Tiempo","Lateral","S/D","Colisión","Ninguna","Vertical","Ninguna","Sin restricción"
2017,3866,6/19/2017,"Lunes",0,18:30:00,,"0.0",2,"Pickup/Utilitario,Moto/Ciclomotor","Sebastian Gaboto Y Boneo",2,1,0,0,1,0,0,,"Calle",,"SANTA FE","La Capital","Asfalto","No existe","I","Dentro","Urbana","Ninguna","No existe","Intersección","Bueno","Buena","Diurna","Buen Tiempo","Lateral","S/D","Colisión","Ninguna","Faltante","Ninguna","Sin restricción"
2017,3868,6/28/2017,"Miercoles",0,14:00:00,,"0.0",2,"Pickup/Utilitario,Moto/Ciclomotor","Belgrano Y Domingo Silva",2,1,0,0,1,0,0,,"Calle",,"SANTA FE","La Capital","Asfalto","No existe","I","Dentro","Urbana","S/D","No existe","Intersección","Bueno","Buena","Diurna","S/D","Lateral","S/D","Colisión","Ninguna","S/D","S/D","S/D"
2017,3869,6/23/2017,"Viernes",0,18:35:00,,"0.0",2,"Transporte de Pasajeros Urbano (> 8 asientos),Moto/Ciclomotor","Av Blas Parera 9200",2,1,0,0,1,0,0,,"Calle",,"SANTA FE","La Capital","Asfalto","No existe","I","Dentro","Urbana","Ninguna","Funciona","Recta","Bueno","Buena","Diurna","Buen Tiempo","De alcance","S/D","Colisión","Ninguna","Faltante","Ninguna","Sin restricción"
2017,3870,6/13/2017,"Martes",0,14:45:00,,"0.0",2,"Moto/Ciclomotor,Automóvil","Sebastian Gaboto Y Boneo",2,1,0,0,1,0,0,,"Calle",,"SANTA FE","La Capital","Asfalto","No existe","I","Dentro","Urbana","Ninguna","No existe","Intersección","Bueno","Buena","Diurna","Buen Tiempo","Lateral","S/D","Colisión","Ninguna","S/D","Ninguna","Sin restricción"
2017,3871,6/6/2017,"Martes",0,15:20:00,,"0.0",2,"Moto/Ciclomotor,Pickup/Utilitario","Gorriti Y Gdor Servando Bayo",2,1,0,0,1,0,0,,"Avenida",,"SANTA FE","La Capital","Hormigón","No existe","I","Dentro","Urbana","Ninguna","No existe","Recta","Bueno","Buena","Diurna","Buen Tiempo","Lateral","S/D","Colisión","Ninguna","Faltante","Barrera de hormigón,Cordón divisorio","Sin restricción"
2017,3872,6/21/2017,"Miercoles",0,8:50:00,,"0.0",2,"Moto/Ciclomotor,Moto/Ciclomotor","Av Blas Parera Y Pje David Peña",2,1,0,0,1,0,0,,"Avenida",,"SANTA FE","La Capital","Hormigón","No existe","I","Dentro","Urbana","Ninguna","No existe","Recta","Bueno","Buena","Diurna","Buen Tiempo","Lateral","S/D","Colisión","Ninguna","Faltante","Cordón divisorio","Sin restricción"
2017,3873,6/27/2017,"Martes",0,13:40:00,,"0.0",2,"Moto/Ciclomotor,Automóvil","Risso Y Av Peñaloza",2,1,0,0,1,0,0,,"Avenida",,"SANTA FE","La Capital","Asfalto","No existe","I","Dentro","Urbana","Ninguna","No existe","Recta","Bueno","Buena","Diurna","Buen Tiempo","Lateral","S/D","Colisión","Ninguna","Faltante","Ninguna","Sin restricción"
2017,3874,6/3/2017,"Sabado",0,13:20:00,,"0.0",2,"Moto/Ciclomotor,Automóvil","Gorriti Y Estrada",2,1,0,0,1,0,0,,"Calle",,"SANTA FE","La Capital","Hormigón","No existe","I","Dentro","Urbana","Ninguna","No existe","Intersección","Bueno","Buena","Diurna","Buen Tiempo","Lateral","S/D","Colisión","Ninguna","Faltante","Cordón divisorio","Sin restricción"
2017,3875,6/9/2017,"Viernes",0,16:10:00,,"0.0",2,"Moto/Ciclomotor,Moto/Ciclomotor","Av Peñaloza Y J Castelli",2,1,0,0,1,0,0,,"Avenida",,"SANTA FE","La Capital","Hormigón","No existe","I","Dentro","Urbana","Semáforo","Funciona","Intersección","Bueno","Buena","Diurna","Buen Tiempo","Lateral","S/D","Colisión","Ninguna","Faltante","Cordón divisorio","Sin restricción"
2017,3876,6/3/2017,"Sabado",0,20:25:00,,"0.0",1,"Moto/Ciclomotor","French Y Arenales",2,1,0,0,1,0,0,,"Calle",,"SANTA FE","La Capital","Hormigón","No existe","I","Dentro","Urbana","Ninguna","No existe","Intersección","Bueno","Buena","Nocturna","Buen Tiempo","Contra objeto fijo","S/D","Colisión","Ninguna","S/D","Cordón divisorio","Sin restricción"
2017,3877,6/18/2017,"Domingo",0,11:40:00,,"0.0",2,"Moto/Ciclomotor,Automóvil","Av Peñaloza Y French",3,2,0,0,1,0,0,,"Avenida",,"SANTA FE","La Capital","Asfalto","Pavimento","I","Dentro","Urbana","Ninguna","No existe","Intersección","Bueno","Buena","Diurna","Buen Tiempo","Lateral","S/D","Colisión","Ninguna","Faltante","Cordón divisorio","Sin restricción"
2017,3878,6/27/2017,"Martes",0,15:00:00,,"0.0",2,"Moto/Ciclomotor,Automóvil","Av Peñaloza Y Reg 12 de Infanteria",2,1,0,0,1,0,0,,"Avenida",,"SANTA FE","La Capital","Asfalto","Pavimento","I","Dentro","Urbana","Ninguna","Funciona","Intersección","Bueno","Buena","Diurna","Buen Tiempo","Lateral","S/D","Colisión","Ninguna","Horizontal","Cordón divisorio","Sin restricción"
2017,3879,6/3/2017,"Sabado",0,18:50:00,,"0.0",2,"Pickup/Utilitario,Moto/Ciclomotor","Av Santa Fe Y Av Blas Parera",5,1,0,0,4,0,0,,"Avenida",,"SANTA FE","La Capital","Hormigón","No existe","I","Dentro","Urbana","Semáforo","Funciona","Intersección","Bueno","Buena","Nocturna","Buen Tiempo","De alcance","S/D","Colisión","Ninguna","Faltante","Cordón divisorio","Sin restricción"
2017,3880,6/19/2017,"Lunes",0,8:00:00,,"0.0",2,"Automóvil,Moto/Ciclomotor","Aldao Y Santa Fe",3,2,0,0,1,0,0,,"S/D",,"RECREO","La Capital","Asfalto","Pavimento","I","S/D","Urbana","Ninguna","No existe","Intersección","Bueno","Buena","Amanecer","Buen Tiempo","De alcance","S/D","Atropello","Ninguna","Faltante","Ninguna","Sin restricción"
2017,3881,6/10/2017,"Sabado",0,11:15:00,,"0.0",2,"Bicicleta,Automóvil","Reg 12 de Infanteria Y Av Peñaloza",2,1,0,0,1,0,0,,"Avenida",,"SANTA FE","La Capital","Asfalto","Pavimento","I","Dentro","Urbana","Semáforo","Funciona","Intersección","Bueno","Buena","Diurna","Buen Tiempo","S/D","Ciclista","Atropello","Ninguna","Horizontal","Cordón divisorio","Sin restricción"
2017,3882,6/9/2017,"Viernes",0,21:35:00,,"0.0",2,"Moto/Ciclomotor,Automóvil","Don Guanella Y Estrada",2,1,0,0,1,0,0,,"Calle",,"SANTA FE","La Capital","Asfalto","Pavimento","I","Dentro","Urbana","Ninguna","No existe","Intersección","Bueno","Buena","Nocturna","Buen Tiempo","Lateral","S/D","Colisión","Ninguna","Faltante","Cordón divisorio","Sin restricción"
2017,3883,6/9/2017,"Viernes",0,13:20:00,,"0.0",2,"Automóvil,Automóvil","Simon de Iriondo Y Menchaca",3,1,0,0,2,0,0,,"Calle",,"RECREO","La Capital","Ripio","S/D","I","S/D","Urbana","Ninguna","No existe","Cruce","Deteriorada","Buena","Diurna","Buen Tiempo","Lateral","S/D","Colisión","Ninguna","Faltante","Ninguna","Sin restricción"