"anio_acci","nro_acci","fecha","desc_dia","fecha_aprox","hora_aprox","desc_ruta","km","cant_participantes","desc_participante","calle_avenida_km","total","heridos_leves","heridos_graves","heridos_gravisimos","ilesos","fallecidos","sin_datos","posicion_XY","desc_tipo_via","desc_ruta_ori","desc_loc","desc_dpto","desc_tipo_calzada","desc_tipo_banquina","desc_unidad_regional","desc_lugar_calzada","desc_zona","desc_prioridad","desc_estado_semaforo","desc_lugar_via","desc_estado_via","desc_estado_visibilidad","desc_luminosidad","desc_estado_clima","desc_tipo_colision","desc_tipo_atropello","desc_tipo_hecho","desc_pres_calzada","desc_senializacion","desc_separacion_via","desc_restriccion"
2017,3884,6/20/2017,"Martes",0,13:30:00,,"0.0",2,"Moto/Ciclomotor,Automóvil","Avellaneda Y Santiago del Estero",4,1,0,0,3,0,0,,"Calle",,"SANTA FE","La Capital","Asfalto","No existe","I","Dentro","Urbana","Ninguna","No existe","Intersección","Bueno","Buena","Diurna","Buen Tiempo","Lateral","S/D","Colisión","Ninguna","Faltante","Ninguna","Sin restricción"
2017,3885,6/12/2017,"Lunes",0,14:10:00,,"0.0",2,"Peatón,Automóvil","Padre Genesio Y Av Peñaloza",2,1,0,0,1,0,0,,"Avenida",,"SANTA FE","La Capital","Asfalto","Pavimento","I","Dentro","Urbana","Ninguna","No existe","Intersección","Bueno","Buena","Diurna","Buen Tiempo","S/D","Peatón","Atropello","Ninguna","Faltante","Cordón divisorio","Sin restricción"
2017,3886,6/28/2017,"Miercoles",0,22:10:00,,"0.0",2,"Moto/Ciclomotor,Pickup/Utilitario","1º de Mayo Y 25 de Mayo",2,0,1,0,1,0,0,,"Calle",,"LAGUNA PAIVA","La Capital","Asfalto","No existe","I","Dentro","Urbana","Ninguna","No existe","Intersección","Bueno","Buena","Nocturna","Buen Tiempo","Lateral","S/D","Colisión","Ninguna","Faltante","Ninguna","Sin restricción"
2017,3887,6/14/2017,"Miercoles",0,22:00:00,,"0.0",2,"Moto/Ciclomotor,Automóvil","Reg 12 de Infanteria Y San Jose",2,1,0,0,1,0,0,,"Calle",,"SANTA FE","La Capital","Asfalto","Pavimento","I","Dentro","Urbana","Ninguna","No existe","Intersección","Bueno","Buena","Nocturna","Buen Tiempo","Lateral","S/D","Colisión","Ninguna","Faltante","Ninguna","Sin restricción"
2017,3888,5/26/2017,"Viernes",0,5:35:00,"Ruta Nacional 11","0.0",2,"Moto/Ciclomotor,Automóvil","Av Blas Parera Y Teniente Loza",2,1,0,0,1,0,0,,"Ruta",11,"SANTA FE","La Capital","Asfalto","No existe","I","Dentro","Urbana","Semáforo","Funciona","Intersección","Bueno","Buena","Nocturna","Buen Tiempo","Lateral","S/D","Colisión","Ninguna","S/D","Guardarrail","Sin restricción"
2017,3889,6/3/2017,"Sabado",0,19:00:00,,"0.0",2,"Moto/Ciclomotor,Automóvil","Av Blas Parera Y De La Salle",3,2,0,0,1,0,0,,"Avenida",,"SANTA FE","La Capital","Asfalto","Natural","I","Dentro","Urbana","Semáforo","Intermitente","Intersección","Otro","Buena","Atardecer","Buen Tiempo","Lateral","S/D","Colisión","S/D","Vertical","Línea divisoria pintada","Sin restricción"
2017,3890,6/10/2017,"Sabado",0,20:05:00,,"0.0",2,"Moto/Ciclomotor,Automóvil","Av Blas Parera Y Monseñor Rodriguez",2,1,0,0,1,0,0,,"Avenida",,"SANTA FE","La Capital","Asfalto","S/D","I","Dentro","Urbana","Semáforo","Intermitente","Intersección","Bueno","Buena","Nocturna,Con luz artificial","Buen Tiempo","Lateral","S/D","Colisión","Ninguna","Vertical","Guardarrail","Sin restricción"
2017,3891,6/19/2017,"Lunes",0,13:20:00,,"0.0",2,"Moto/Ciclomotor,Automóvil","Jauretche Y Damianovich",2,1,0,0,1,0,0,,"Calle",,"SANTA FE","La Capital","Tierra","No existe","I","Dentro","Urbana","Ninguna","No existe","Recta","Bueno","Buena","Diurna","Buen Tiempo","Lateral","S/D","Colisión","Ninguna","S/D","Ninguna","Sin restricción"
2017,3892,6/1/2017,"Jueves",0,18:15:00,,"0.0",2,"Automóvil,Moto/Ciclomotor","Av A del Valle Y Larrea",3,2,0,0,1,0,0,,"Calle",,"SANTA FE","La Capital","Asfalto","S/D","I","Dentro","Urbana","Ninguna","No existe","Intersección","Bueno","Buena","Atardecer","Buen Tiempo","S/D","S/D","Colisión","Ninguna","Faltante","Ninguna","Sin restricción"
2017,3893,6/2/2017,"Viernes",0,10:00:00,,"0.0",2,"Automóvil,Peatón","Javier de la Rosa Y Las Heras",2,1,0,0,1,0,0,,"Calle",,"SANTA FE","La Capital","Asfalto","S/D","I","Dentro","Urbana","Ninguna","No existe","Intersección","Bueno","Buena","Diurna","Buen Tiempo","S/D","Peatón","Atropello","Ninguna","Faltante","Ninguna","Sin restricción"
2017,3894,6/4/2017,"Domingo",0,10:30:00,,"0.0",2,"Pickup/Utilitario,Moto/Ciclomotor","Risso Y Sarmiento",2,1,0,0,1,0,0,,"Calle",,"SANTA FE","La Capital","Asfalto","S/D","I","Dentro","Urbana","Ninguna","No existe","Intersección","Bueno","Buena","Diurna","Buen Tiempo","S/D","S/D","Colisión","Ninguna","Faltante","Ninguna","Sin restricción"
2017,3895,6/5/2017,"Lunes",0,17:20:00,,"0.0",2,"Automóvil,Bicicleta","Av Gral Paz Y Estanislao Zeballos",2,1,0,0,1,0,0,,"Calle",,"SANTA FE","La Capital","Asfalto","No existe","I","Dentro","Urbana","Ninguna","No existe","Intersección","Bueno","Buena","Diurna","Buen Tiempo","S/D","Ciclista","Atropello","Ninguna","S/D","Ninguna","Sin restricción"
2017,3896,3/3/2017,"Viernes",0,21:55:00,,"0.0",2,"Peatón,Automóvil","Bv. Avellaneda 4100",2,0,0,0,1,1,0,"-33.00944, -60.63322","Calle",,"ROSARIO","Rosario","Asfalto","No existe","II","Dentro","Urbana","Ninguna","No existe","Recta","Bueno","S/D","Nocturna","S/D","S/D","Peatón","Atropello","S/D","Faltante","Cordón divisorio","S/D"
2017,3897,6/20/2017,"Martes",0,17:30:00,,"0.0",2,"Automóvil,Moto/Ciclomotor","Av Mitre Y Aldao",3,1,0,0,2,0,0,,"Avenida",,"RECREO","La Capital","Asfalto","Pavimento","I","S/D","Urbana","Ninguna","No existe","Intersección","Bueno","Buena","Atardecer","Buen Tiempo","Frontal","S/D","Atropello","Ninguna","Faltante","Ninguna","Sin restricción"
2017,3898,6/6/2017,"Martes",0,13:30:00,,"0.0",2,"Automóvil,Moto/Ciclomotor","Av A del Valle Y Espora",2,1,0,0,1,0,0,,"Calle",,"SANTA FE","La Capital","Asfalto","No existe","I","Dentro","Urbana","Ninguna","No existe","Intersección","Bueno","Buena","Diurna","Buen Tiempo","S/D","S/D","Colisión","Ninguna","Faltante","Ninguna","Sin restricción"
2017,3899,6/21/2017,"Miercoles",0,12:35:00,,"0.0",2,"Automóvil,Moto/Ciclomotor","Calle 27 Y Calle 8",2,1,0,0,0,0,1,,"Calle",,"SAUCE VIEJO","La Capital","Ripio","Natural","I","S/D","Urbana","Ninguna","No existe","Intersección","Bueno","S/D","Diurna","Buen Tiempo","Otro","S/D","Colisión","Ninguna","S/D","Ninguna","Sin restricción"
2017,3900,6/6/2017,"Martes",0,13:30:00,,"0.0",2,"Automóvil,Moto/Ciclomotor","Tacuari Y J Castelli",2,1,0,0,1,0,0,,"Calle",,"SANTA FE","La Capital","Asfalto","No existe","I","Dentro","Urbana","Ninguna","No existe","Intersección","Bueno","Buena","Diurna","Buen Tiempo","S/D","S/D","Colisión","Ninguna","S/D","Ninguna","Sin restricción"
2017,3901,3/5/2017,"Domingo",0,3:30:00,"Ruta Nacional 11","354.0",1,"Automóvil"," ",2,1,0,0,0,1,0,"-32.55393, -60.85968","Ruta",11,"OLIVEROS","Iriondo","Asfalto","No existe","X","Fuera","Rural","Ninguna","No existe","S/D","Bueno","S/D","Nocturna","S/D","S/D","S/D","Despiste","S/D","Horizontal","Línea divisoria pintada","Sin restricción"
2017,3902,6/7/2017,"Miercoles",0,9:20:00,,"0.0",2,"Automóvil,Moto/Ciclomotor","Av A del Valle Y Risso",2,1,0,0,1,0,0,,"Calle",,"SANTA FE","La Capital","Asfalto","No existe","I","Dentro","Urbana","Ninguna","No existe","Intersección","Bueno","Buena","Diurna","Buen Tiempo","S/D","S/D","Colisión","Ninguna","Faltante","Ninguna","Sin restricción"
2017,3903,6/23/2017,"Viernes",0,11:00:00,,"0.0",2,"Automóvil,Moto/Ciclomotor","Roverano Y 1 de mayo",2,1,0,0,0,0,1,,"Calle",,"SANTO TOMÉ","La Capital","Ripio","Natural","I","S/D","S/D","Ninguna","No existe","Intersección","Bueno","Buena","Diurna","Buen Tiempo","Otro","S/D","Colisión","Ninguna","Faltante","Ninguna","Sin restricción"
2017,3904,6/1/2017,"Jueves",0,17:25:00,,"0.0",2,"Bicicleta,Automóvil","Paula Albarracin de Sarmiento Y Juan Jose Castelli",2,1,0,0,1,0,0,,"Calle",,"SANTO TOMÉ","La Capital","Asfalto","No existe","I","Dentro","Urbana","Ninguna","No existe","Intersección","Bueno","Buena","Diurna","Buen Tiempo","S/D","Ciclista","Atropello","Ninguna","Horizontal","Ninguna","Sin restricción"
2017,3905,6/10/2017,"Sabado",0,19:00:00,,"0.0",2,"Bicicleta,Bicicleta","Cordoba Y Juan Diaz De Solis",2,2,0,0,0,0,0,,"Calle",,"SANTO TOMÉ","La Capital","Asfalto","No existe","I","Dentro","Urbana","Ninguna","No existe","Intersección","Bueno","Buena","Atardecer","Buen Tiempo","S/D","Ciclista","Atropello","Ninguna","Horizontal","Ninguna","Sin restricción"
2017,3906,6/27/2017,"Martes",0,9:25:00,,"0.0",2,"Moto/Ciclomotor,Pickup/Utilitario","Centenario Y Pasaje Almte Guillermo Brown",3,1,0,0,2,0,0,,"Calle",,"SANTO TOMÉ","La Capital","Asfalto","No existe","I","Dentro","Urbana","Ninguna","No existe","Intersección","Bueno","Buena","Diurna","Buen Tiempo","Lateral","S/D","Colisión","Ninguna","Vertical","Ninguna","Sin restricción"
2017,3907,6/10/2017,"Sabado",0,4:55:00,,"0.0",2,"Pickup/Utilitario,Automóvil","Av Galicia Y Lavalle",2,1,0,0,1,0,0,,"Calle",,"SANTA FE","La Capital","Asfalto","No existe","I","Dentro","Urbana","Ninguna","No existe","Intersección","Bueno","Buena","Atardecer","Buen Tiempo","S/D","S/D","Colisión","Ninguna","Faltante","Ninguna","Sin restricción"
2017,3908,6/13/2017,"Martes",0,16:00:00,,"0.0",2,"Automóvil,Moto/Ciclomotor","Juan Jose Castelli Y Pres Domingo Faustino Sarmient",2,1,0,0,1,0,0,,"Calle",,"SANTO TOMÉ","La Capital","Asfalto","No existe","I","Dentro","Urbana","Otra Señal","No existe","Intersección","Bueno","Buena","Diurna","Buen Tiempo","Lateral","S/D","Colisión","Ninguna","Vertical","Ninguna","Sin restricción"
2017,3909,6/11/2017,"Domingo",0,14:50:00,,"0.0",2,"Moto/Ciclomotor,Moto/Ciclomotor","Mitre Y Alberti",4,3,0,0,1,0,0,,"Calle",,"SANTA FE","La Capital","Asfalto","No existe","I","Dentro","Urbana","Ninguna","No existe","Intersección","Bueno","Buena","Diurna","Buen Tiempo","S/D","S/D","Colisión","Ninguna","Faltante","Ninguna","Sin restricción"
2017,3910,6/12/2017,"Lunes",0,,,"0.0",2,"Automóvil,Moto/Ciclomotor","Av Galicia Y Lavalle",2,1,0,0,1,0,0,,"Calle",,"SANTA FE","La Capital","Asfalto","No existe","I","Dentro","Urbana","Ninguna","No existe","Intersección","Bueno","Buena","S/D","Buen Tiempo","S/D","S/D","Colisión","Ninguna","Faltante","Ninguna","Sin restricción"
2017,3911,6/12/2017,"Lunes",0,16:20:00,,"0.0",2,"Transporte de Pasajeros Urbano (> 8 asientos),Pickup/Utilitario","Padre Genesio Y Alberdi",2,1,0,0,1,0,0,,"Calle",,"SANTA FE","La Capital","Asfalto","No existe","I","Dentro","Urbana","Ninguna","No existe","Intersección","Bueno","Buena","Diurna","Buen Tiempo","S/D","S/D","Colisión","Ninguna","Faltante","Ninguna","Sin restricción"
2017,3912,6/16/2017,"Viernes",0,18:20:00,,"0.0",2,"Automóvil,Peatón","9 de julio Y Hipolito Irigoyen",2,1,0,0,1,0,0,,"Calle",,"SANTO TOMÉ","La Capital","Asfalto","No existe","I","Dentro","Urbana","Semáforo","Funciona","Recta","Bueno","Buena","Diurna","Buen Tiempo","S/D","Peatón","Atropello","Ninguna","S/D","Línea divisoria pintada","Sin restricción"
2017,3913,6/12/2017,"Lunes",0,16:45:00,,"0.0",2,"Moto/Ciclomotor,Automóvil","Av Galicia Y Belgrano",2,1,0,0,1,0,0,,"Calle",,"SANTA FE","La Capital","Asfalto","No existe","I","Dentro","Urbana","Ninguna","No existe","Intersección","Bueno","Buena","Diurna","Buen Tiempo","S/D","S/D","Colisión","Ninguna","Faltante","Ninguna","Sin restricción"
2017,3914,6/28/2017,"Miercoles",0,14:00:00,,"0.0",2,"Moto/Ciclomotor,Automóvil","Centenario Y Nicolas Avellaneda",2,1,0,0,1,0,0,,"Calle",,"SANTO TOMÉ","La Capital","Asfalto","Pavimento","I","Dentro","Urbana","Ninguna","No existe","Intersección","Resbaladiza","Buena","Diurna","Lluvia","Lateral","S/D","Colisión","Agua","Vertical","Ninguna","Sin restricción"
2017,3915,6/14/2017,"Miercoles",0,12:40:00,,"0.0",2,"Moto/Ciclomotor,Moto/Ciclomotor","Larrea Y Gdor Candioti",3,1,0,0,2,0,0,,"Calle",,"SANTA FE","La Capital","Asfalto","No existe","I","Dentro","Urbana","Ninguna","No existe","Intersección","Bueno","Buena","Diurna","Buen Tiempo","S/D","S/D","Colisión","Ninguna","Faltante","Ninguna","Sin restricción"
2017,3916,4/10/2017,"Lunes",0,,,"0.0",1,"Automóvil","Av A del Valle Y Ricardo Aldao",3,3,0,0,0,0,0,,"Calle",,"SANTA FE","La Capital","S/D","S/D","I","Dentro","Urbana","S/D","S/D","Intersección","S/D","S/D","S/D","S/D","Contra objeto fijo","S/D","Colisión","S/D","S/D","S/D","S/D"
2017,3917,6/16/2017,"Viernes",0,8:05:00,"Ruta Nacional 11","0.0",3,"Moto/Ciclomotor,Automóvil,Bicicleta","Av 7 de marzo Y Avenida General Bartolome Mitr",3,2,0,0,1,0,0,,"Ruta",11,"SANTO TOMÉ","La Capital","Asfalto","Pavimento","I","Dentro","Urbana","Ninguna","No existe","Intersección","Bueno","Buena","Diurna","Buen Tiempo","S/D","Ciclista","Atropello","Ninguna","Vertical","Línea divisoria pintada","Sin restricción"
2017,3918,4/10/2017,"Lunes",0,,,"0.0",2,"Pickup/Utilitario,Pickup/Utilitario","Suipacha Y 1ro de Mayo",4,2,0,0,2,0,0,,"Calle",,"SANTA FE","La Capital","S/D","S/D","I","Dentro","Urbana","S/D","S/D","Intersección","S/D","S/D","S/D","S/D","S/D","S/D","Colisión","S/D","S/D","S/D","S/D"
2017,3919,6/27/2017,"Martes",0,13:25:00,,"0.0",2,"Peatón,Moto/Ciclomotor","Juan Bautista Alberdi 1900",2,1,0,0,1,0,0,,"Calle",,"SANTO TOMÉ","La Capital","Asfalto","No existe","I","S/D","Urbana","Ninguna","No existe","Recta","Bueno","Buena","Diurna","Buen Tiempo","S/D","Peatón","Atropello","Ninguna","Faltante","Ninguna","Sin restricción"
2017,3920,4/12/2017,"Miercoles",0,,,"0.0",2,"Pickup/Utilitario,Otros","Av. Arijon Y Dorrego",2,1,0,0,1,0,0,,"Calle",,"ROSARIO","Rosario","S/D","S/D","II","Dentro","Urbana","S/D","S/D","Intersección","S/D","S/D","S/D","S/D","S/D","S/D","Colisión","S/D","S/D","S/D","S/D"
2017,3921,6/1/2017,"Jueves",0,17:00:00,,"0.0",3,"Moto/Ciclomotor,Moto/Ciclomotor,Pickup/Utilitario","Juan Bautista Alberdi Y Libertad",3,2,0,0,1,0,0,,"Calle",,"SANTO TOMÉ","La Capital","Asfalto","Pavimento","I","S/D","Urbana","Ninguna","No existe","Intersección","Bueno","Buena","Diurna","Buen Tiempo","De alcance","S/D","Colisión","Ninguna","S/D","Ninguna","Sin restricción"
2017,3922,9/28/2017,"Jueves",0,15:30:00,,"0.0",2,"Moto/Ciclomotor,Automóvil","Candioti 4100",2,1,0,0,0,0,1,,"Calle",,"SANTA FE","La Capital","Asfalto","Natural","I","S/D","Urbana","Ninguna","No existe","Recta","Bueno","Buena","Diurna","Buen Tiempo","De alcance","S/D","Colisión","S/D","S/D","Ninguna","Sin restricción"
2017,3923,6/25/2017,"Domingo",0,17:30:00,,"0.0",2,"Moto/Ciclomotor,Pickup/Utilitario","Santa Rosa de Lima 4000",3,2,0,0,1,0,0,,"Calle",,"SAN JOSÉ DEL RINCÓN","La Capital","Tierra","No existe","I","S/D","Urbana","S/D","No existe","Recta","Otro","Reducida","Atardecer","S/D","S/D","S/D","Colisión","Material Suelto","Faltante","S/D","S/D"
2017,3924,4/13/2017,"Jueves",0,,,"0.0",2,"Moto/Ciclomotor,Automóvil","CALLE 1 Y CALLE 56",4,0,0,1,3,0,0,,"Calle",,"FRONTERA","Castellanos","S/D","S/D","V","Dentro","Urbana","Ninguna","S/D","Intersección","S/D","Buena","S/D","Buen Tiempo","Lateral","S/D","Colisión","S/D","S/D","Ninguna","S/D"
2017,3925,4/13/2017,"Jueves",0,20:30:00,,"0.0",2,"Moto/Ciclomotor,Automóvil","Aurora Y Suipacha",3,1,1,0,1,0,0,,"Calle",,"ROSARIO","Rosario","Asfalto","S/D","II","Dentro","Urbana","Ninguna","S/D","Intersección","Bueno","Buena","Nocturna","Buen Tiempo","Lateral","S/D","Colisión","Ninguna","S/D","Ninguna","S/D"
2017,3926,6/24/2017,"Sabado",0,17:10:00,,"0.0",2,"Transporte de Pasajeros Urbano (> 8 asientos),Moto/Ciclomotor","Av Blas Parera Y Pje Malaquias Mendez",2,1,0,0,1,0,0,,"Calle",,"SANTA FE","La Capital","Asfalto","No existe","I","Dentro","Urbana","Semáforo","Funciona","Intersección","Bueno","Buena","Diurna","Buen Tiempo","De alcance","S/D","Colisión","Ninguna","Vertical","Barrera de hormigón","Sin restricción"
2017,3927,6/24/2017,"Sabado",0,13:00:00,,"0.0",2,"Automóvil,Moto/Ciclomotor","Cafferata 8400",3,1,0,0,2,0,0,,"Calle",,"SANTA FE","La Capital","Asfalto","S/D","I","Dentro","Urbana","Ninguna","S/D","Recta","Bueno","S/D","Diurna","Buen Tiempo","De alcance","S/D","Colisión","Ninguna","Faltante","S/D","Sin restricción"
2017,3928,4/13/2017,"Jueves",0,14:30:00,"Ruta Provincial 32","0.0",2,"Moto/Ciclomotor,Bicicleta"," ",4,3,0,0,1,0,0,,"Ruta",32,"VILLA OCAMPO","General Obligado","Asfalto","No existe","IX","Dentro","Urbana","Ninguna","No existe","Recta","Bueno","Buena","Diurna","Buen Tiempo","S/D","Ciclista","Atropello","Ninguna","S/D","Ninguna","S/D"
2017,3929,6/3/2017,"Sabado",0,20:00:00,,"0.0",2,"Automóvil,Moto/Ciclomotor","Hugo Wast Y Hermano Figueroa",4,1,0,0,1,0,2,,"Calle",,"SANTA FE","La Capital","Ripio","S/D","I","Dentro","Urbana","Ninguna","S/D","Intersección","Con baches","S/D","Diurna","Buen Tiempo","De alcance","S/D","Colisión","Ninguna","Faltante","Ninguna","Sin restricción"
2017,3930,4/14/2017,"Viernes",0,,,"0.0",2,"Moto/Ciclomotor,Pickup/Utilitario","Carlos Silvestre Begnis Y Comandante Razzetti",2,1,0,0,1,0,0,,"Calle",,"TOSTADO","9 de Julio","Asfalto","S/D","XII","Dentro","Urbana","Ninguna","S/D","Intersección","Bueno","Buena","S/D","Buen Tiempo","Lateral","S/D","Colisión","Ninguna","S/D","Ninguna","Sin restricción"
2017,3931,6/8/2017,"Jueves",0,16:40:00,"Ruta Provincial 1","2.6",1,"Moto/Ciclomotor"," ",2,1,0,0,1,0,0,,"Ruta",1,"COLASTINE","La Capital","Asfalto","Natural","I","S/D","Urbana","Otra Señal","No existe","Recta","Bueno","Buena","Diurna","Buen Tiempo","Atropello animal","S/D","Colisión","Ninguna","S/D","Cordón divisorio","Sin restricción"
2017,3932,6/14/2017,"Miercoles",0,22:50:00,"Ruta Provincial 1","0.5",2,"Moto/Ciclomotor,Pickup/Utilitario"," ",2,1,0,0,0,0,1,,"Ruta",1,"COLASTINE","La Capital","Asfalto","Ripio","I","S/D","S/D","Ninguna","No existe","Recta","Bueno","Buena","Nocturna","Buen Tiempo","Otro","S/D","Colisión","Ninguna","Horizontal","Línea divisoria pintada","Sin restricción"
2017,3933,6/13/2017,"Martes",0,0:15:00,"Ruta Provincial 1","10.0",2,"Automóvil,Moto/Ciclomotor"," ",4,2,1,0,1,0,0,,"Ruta",1,"SAN JOSÉ DEL RINCÓN","La Capital","Asfalto","Natural","I","S/D","S/D","Marca Vial","No existe","Curva","Bueno","Reducida","Nocturna,Con luz artificial","Otro","Frontal","S/D","Colisión","S/D","S/D","Cordón divisorio","Sin restricción"
2017,3934,6/4/2017,"Domingo",0,11:50:00,,"0.0",2,"Moto/Ciclomotor,Automóvil","Rivadavia 2200",2,0,1,0,1,0,0,,"Calle",,"LAGUNA PAIVA","La Capital","Asfalto","No existe","I","Dentro","Urbana","Ninguna","No existe","Recta","Bueno","Buena","Diurna","Buen Tiempo","Lateral","S/D","Colisión","Ninguna","Faltante","Ninguna","Sin restricción"
2017,3935,6/5/2017,"Lunes",0,22:20:00,,"0.0",2,"Moto/Ciclomotor,Pickup/Utilitario","Colono Y Maipu",2,1,0,0,1,0,0,,"Calle",,"LAGUNA PAIVA","La Capital","Ripio","No existe","I","Dentro","Urbana","Ninguna","No existe","Intersección","Con baches","Buena","Nocturna","Buen Tiempo","Lateral","S/D","Colisión","Ninguna","Faltante","Ninguna","Sin restricción"
2017,3936,6/9/2017,"Viernes",0,19:45:00,,"0.0",2,"Moto/Ciclomotor,Automóvil","Av Candioti 2400",2,1,0,0,1,0,0,,"Avenida",,"LAGUNA PAIVA","La Capital","Ripio","No existe","I","S/D","Urbana","Ninguna","No existe","Recta","Bueno","Buena","Nocturna","Buen Tiempo","Lateral","S/D","Colisión","Ninguna","Faltante","Ninguna","Sin restricción"
2017,3938,3/5/2017,"Domingo",0,10:00:00,"Ruta Nacional 11","883.5",2,"Pickup/Utilitario,Automóvil"," ",6,0,2,0,2,2,0,"-28.41844, -59.27696","Ruta",11,"TACUARENDÍ","General Obligado","Asfalto","Natural","IX","Dentro","Rural","S/D","No existe","Recta","Bueno","S/D","Diurna","S/D","Lateral","S/D","Colisión","S/D","Horizontal","Línea divisoria pintada","S/D"
2017,3939,4/15/2017,"Sabado",0,,,"0.0",2,"Peatón,Moto/Ciclomotor"," ",3,3,0,0,0,0,0,,"Calle",,"SANTA FE","La Capital","S/D","S/D","I","Dentro","Urbana","S/D","S/D","Recta","S/D","S/D","S/D","S/D","S/D","Peatón","Atropello","S/D","S/D","S/D","S/D"
2017,3940,6/16/2017,"Viernes",0,23:50:00,,"0.0",2,"Moto/Ciclomotor,Automóvil","Av L de la Torre Y San Juan",3,1,1,0,1,0,0,,"Avenida",,"LAGUNA PAIVA","La Capital","Asfalto","No existe","I","Dentro","Urbana","Ninguna","No existe","Intersección","Bueno","Buena","Nocturna","Buen Tiempo","Lateral","S/D","Colisión","Ninguna","Faltante","Ninguna","Sin restricción"
2017,3941,3/11/2017,"Sabado",0,21:40:00,,"0.0",2,"Peatón,Automóvil","Che Guevara (Colectota Autopista Rosario Cordoba Y Chaparro",2,0,0,0,1,1,0,"-32.94901, -60.73056","Calle",,"ROSARIO","Rosario","Asfalto","Natural","II","Dentro","Urbana","Ninguna","No existe","Intersección","Deteriorada","S/D","Nocturna","S/D","S/D","Peatón","Atropello","S/D","Faltante","Ninguna","S/D"
2017,3942,4/17/2017,"Lunes",0,7:20:00,"Ruta Nacional 11","0.0",3,"Automóvil,Moto/Ciclomotor,Moto/Ciclomotor","Santa Cruz ",4,2,1,0,1,0,0,,"Ruta",11,"CAPITÁN BERMÚDEZ","San Lorenzo","S/D","S/D","XVII","Dentro","Urbana","S/D","S/D","Recta","S/D","S/D","Diurna","S/D","Múltiple","S/D","Colisión","S/D","S/D","S/D","S/D"
2017,3943,6/21/2017,"Miercoles",0,12:10:00,,"0.0",2,"Bicicleta,Automóvil","Av L de la Torre ",2,1,0,0,1,0,0,,"Avenida",,"LAGUNA PAIVA","La Capital","Asfalto","Natural","I","Dentro","Urbana","Ninguna","No existe","Recta","Bueno","Buena","Diurna","Buen Tiempo","S/D","Ciclista","Atropello","Ninguna","Faltante","Ninguna","Sin restricción"
2017,3944,6/22/2017,"Jueves",0,12:00:00,,"0.0",1,"Moto/Ciclomotor","Hernandarias Y J Macia",2,1,0,0,1,0,0,,"Calle",,"SANTO TOMÉ","La Capital","Asfalto","Pavimento","I","Dentro","Urbana","Ninguna","No existe","Intersección","Bueno","Buena","Diurna","Buen Tiempo","Contra objeto fijo","S/D","Colisión","Ninguna","Vertical","Cordón divisorio","Sin restricción"
2017,3945,4/18/2017,"Martes",0,,"Ruta Provincial 65","0.0",1,"Automóvil"," ",2,2,0,0,0,0,0,,"Ruta",65,"MONJE","San Jerónimo","S/D","S/D","XV","Dentro","Urbana","S/D","S/D","Recta","S/D","S/D","S/D","S/D","Contra objeto fijo","S/D","Colisión","S/D","S/D","S/D","S/D"
2017,3946,6/27/2017,"Martes",0,19:00:00,,"0.0",2,"Automóvil,Moto/Ciclomotor","Sebastian Gaboto Y Simon de Iriondo",3,1,0,0,2,0,0,,"Calle",,"SANTO TOMÉ","La Capital","Asfalto","Pavimento","I","Dentro","Urbana","Ninguna","No existe","Recta","Bueno","Reducida","Atardecer","Lluvia","De alcance","S/D","Colisión","Agua","Vertical","Cordón divisorio","Sin restricción"
2017,3947,4/18/2017,"Martes",0,20:05:00,"Ruta Nacional 11","0.0",2,"Moto/Ciclomotor,Automóvil","Avda Francia ",2,1,0,0,1,0,0,,"Ruta",11,"CAPITÁN BERMÚDEZ","San Lorenzo","S/D","S/D","XVII","Dentro","Urbana","S/D","S/D","Intersección","S/D","S/D","Atardecer","S/D","S/D","S/D","Colisión","S/D","S/D","S/D","S/D"
2017,3948,4/19/2017,"Miercoles",0,14:20:00,,"0.0",2,"Automóvil,Moto/Ciclomotor","P.L.Funes Y San Luis",2,1,0,0,1,0,0,,"Calle",,"ROSARIO","Rosario","S/D","S/D","II","Dentro","Urbana","S/D","S/D","Intersección","S/D","S/D","Diurna","S/D","S/D","S/D","Colisión","S/D","S/D","S/D","S/D"
2017,3949,4/21/2017,"Viernes",0,,,"0.0",2,"Moto/Ciclomotor,Pickup/Utilitario","Lamadrid Y Tucuman",2,1,0,0,1,0,0,,"Calle",,"SANTA FE","La Capital","S/D","S/D","I","Dentro","Urbana","S/D","S/D","Recta","S/D","S/D","S/D","S/D","S/D","S/D","Colisión","S/D","S/D","S/D","S/D"
2017,3950,4/22/2017,"Sabado",0,14:35:00,,"0.0",2,"Moto/Ciclomotor,Bicicleta","Bv. Rondeau Y Av. Irigoyen",2,1,0,0,1,0,0,,"Calle",,"ROSARIO","Rosario","S/D","S/D","II","Dentro","Urbana","S/D","S/D","Intersección","S/D","S/D","Diurna","S/D","S/D","Ciclista","Atropello","S/D","S/D","S/D","S/D"
2017,3951,4/22/2017,"Sabado",0,19:15:00,,"0.0",2,"Automóvil,Moto/Ciclomotor","Av. De Las Palmeras 4500",2,1,0,0,1,0,0,,"Calle",,"ROSARIO","Rosario","S/D","S/D","II","Dentro","Urbana","S/D","S/D","S/D","S/D","S/D","Atardecer","S/D","S/D","S/D","Colisión","S/D","S/D","S/D","S/D"