"anio_acci","nro_acci","fecha","desc_dia","fecha_aprox","hora_aprox","desc_ruta","km","cant_participantes","desc_participante","calle_avenida_km","total","heridos_leves","heridos_graves","heridos_gravisimos","ilesos","fallecidos","sin_datos","posicion_XY","desc_tipo_via","desc_ruta_ori","desc_loc","desc_dpto","desc_tipo_calzada","desc_tipo_banquina","desc_unidad_regional","desc_lugar_calzada","desc_zona","desc_prioridad","desc_estado_semaforo","desc_lugar_via","desc_estado_via","desc_estado_visibilidad","desc_luminosidad","desc_estado_clima","desc_tipo_colision","desc_tipo_atropello","desc_tipo_hecho","desc_pres_calzada","desc_senializacion","desc_separacion_via","desc_restriccion"
2017,3952,4/22/2017,"Sabado",0,,,"0.0",2,"Pickup/Utilitario,Moto/Ciclomotor","Gobernador Crespo Y Jorge Newbery",2,0,1,0,1,0,0,,"Calle",,"RAFAELA","Castellanos","S/D","S/D","V","Dentro","Urbana","S/D","S/D","Intersección","S/D","S/D","S/D","S/D","S/D","S/D","Colisión","S/D","S/D","S/D","S/D"
2017,3953,4/22/2017,"Sabado",0,,"Ruta Provincial 70","0.0",2,"Automóvil,Automóvil","Jose Ingenieros ",2,1,0,0,1,0,0,,"Ruta",70,"RAFAELA","Castellanos","S/D","S/D","V","Dentro","Urbana","S/D","S/D","Intersección","S/D","S/D","S/D","S/D","S/D","S/D","Colisión","S/D","S/D","S/D","S/D"
2017,3954,4/22/2017,"Sabado",0,,,"0.0",2,"Moto/Ciclomotor,Automóvil","Sgo de Liniers Y España",2,1,0,0,1,0,0,,"Calle",,"GÁLVEZ","San Jerónimo","S/D","S/D","XV","Dentro","Urbana","S/D","S/D","S/D","S/D","S/D","S/D","S/D","S/D","S/D","Colisión","S/D","S/D","S/D","S/D"
2017,3955,4/22/2017,"Sabado",0,,,"0.0",2,"Moto/Ciclomotor,Automóvil","Dorrego Y Rivadavia",2,0,1,0,1,0,0,,"Calle",,"GÁLVEZ","San Jerónimo","S/D","S/D","XV","Dentro","Urbana","S/D","S/D","S/D","S/D","S/D","S/D","S/D","S/D","S/D","Colisión","S/D","S/D","S/D","S/D"
2017,3956,6/17/2017,"Sabado",0,12:10:00,,"0.0",2,"Bicicleta,Automóvil","Hipolito Irigoyen 3100",2,1,0,0,1,0,0,,"Calle",,"SANTO TOMÉ","La Capital","Asfalto","No existe","I","Dentro","Urbana","Ninguna","No existe","Recta","Bueno","Buena","Diurna","Buen Tiempo","S/D","Ciclista","Atropello","Ninguna","S/D","Ninguna","Sin restricción"
2017,3957,6/2/2017,"Viernes",0,12:40:00,,"0.0",2,"Moto/Ciclomotor,Automóvil"," ",2,1,0,0,1,0,0,,"Calle",,"SANTA FE","La Capital","Asfalto","No existe","I","S/D","Urbana","Ninguna","S/D","Intersección","Bueno","Buena","Diurna","Buen Tiempo","Lateral","S/D","Colisión","Ninguna","S/D","Ninguna","Sin restricción"
2017,3958,6/2/2017,"Viernes",0,19:50:00,,"0.0",2,"Bicicleta,Automóvil","Hipolito Irigoyen 3400",2,1,0,0,1,0,0,,"Calle",,"SANTO TOMÉ","La Capital","Asfalto","Natural","I","Dentro","Urbana","Ninguna","No existe","Recta","Con baches","Buena","Nocturna","Buen Tiempo","S/D","Ciclista","Atropello","Ninguna","S/D","Ninguna","Sin restricción"
2017,3959,6/2/2017,"Viernes",0,20:00:00,,"0.0",2,"Moto/Ciclomotor,Automóvil","Mitre 6415",2,1,0,0,1,0,0,,"Calle",,"SANTA FE","La Capital","Asfalto","No existe","I","S/D","Urbana","Ninguna","S/D","Recta","Bueno","Reducida","Nocturna","Buen Tiempo","Lateral","S/D","Colisión","Ninguna","S/D","Ninguna","S/D"
2017,3960,6/7/2017,"Miercoles",0,22:20:00,"Ruta Nacional 11","0.0",2,"Moto/Ciclomotor,Automóvil","Avenida Nuestra Señora del Luj Y Aritobulo del Valle",2,1,0,0,1,0,0,,"Ruta",11,"SANTO TOMÉ","La Capital","Asfalto","No existe","I","Dentro","Urbana","Semáforo","Funciona","Intersección","Bueno","Buena","Nocturna","Buen Tiempo","Lateral","S/D","Colisión","Ninguna","S/D","Ninguna","Sin restricción"
2017,3961,6/3/2017,"Sabado",0,17:00:00,,"0.0",2,"Moto/Ciclomotor,Pickup/Utilitario","Guemes Y Agustin Delgado",3,2,0,0,1,0,0,,"Calle",,"SANTA FE","La Capital","Asfalto","No existe","I","S/D","Urbana","Ninguna","S/D","Intersección","Bueno","Buena","Diurna","Buen Tiempo","Lateral","S/D","Colisión","Ninguna","S/D","Ninguna","Sin restricción"
2017,3962,3/13/2017,"Lunes",0,5:00:00,,"0.0",1,"Moto/Ciclomotor","Av. Jorge Newbery 9100",1,0,0,0,0,1,0,"    -32.9092, -60.76231","Avenida",,"ROSARIO","Rosario","Asfalto","Natural","II","Dentro","Urbana","Ninguna","No existe","Recta","Bueno","S/D","Nocturna","S/D","Atropello animal","S/D","Colisión","S/D","Horizontal,Vertical","Ninguna","Sin restricción"
2017,3963,6/30/2017,"Viernes",0,15:00:00,,"0.0",2,"Moto/Ciclomotor,Automóvil","Hernandarias Y J Macia",3,2,0,0,1,0,0,,"Calle",,"SANTO TOMÉ","La Capital","Asfalto","No existe","I","Dentro","Urbana","Ninguna","No existe","Intersección","Bueno","Buena","Diurna","Buen Tiempo","Lateral","S/D","Colisión","Agua","Faltante","Ninguna","Sin restricción"
2017,3964,6/7/2017,"Miercoles",0,14:30:00,,"0.0",2,"Moto/Ciclomotor,Automóvil","Guemes Y Agustin Delgado",3,2,0,0,1,0,0,,"Calle",,"SANTA FE","La Capital","Asfalto","No existe","I","S/D","Urbana","Ninguna","S/D","Intersección","Bueno","Buena","Diurna","Buen Tiempo","Lateral","S/D","Colisión","Ninguna","S/D","Ninguna","Sin restricción"
2017,3965,6/7/2017,"Miercoles",0,15:00:00,,"0.0",2,"Moto/Ciclomotor,Automóvil","Guemes Y Agustin Delgado",2,1,0,0,1,0,0,,"Calle",,"SANTA FE","La Capital","Asfalto","No existe","I","S/D","Urbana","Ninguna","S/D","Intersección","Bueno","Buena","Diurna","Buen Tiempo","Lateral","S/D","Colisión","Ninguna","S/D","Ninguna","Sin restricción"
2017,3966,3/12/2017,"Domingo",0,1:00:00,,"0.0",1,"Moto/Ciclomotor","Bv Pte Roca Y B I Iturraspe",1,0,0,0,0,1,0,"-31.24972, -61.50939","Avenida",,"RAFAELA","Castellanos","Hormigón","No existe","V","Dentro","Urbana","S/D","No existe","Intersección","Bueno","S/D","Nocturna","S/D","S/D","S/D","Caída ocupante","S/D","Vertical","Cordón divisorio","S/D"
2017,3968,3/6/2017,"Lunes",0,11:20:00,"Ruta Nacional 8","390.0",1,"Pickup/Utilitario","RN8 A POCOS KM DE LA RP15 A MAGGIOLO ",1,0,0,0,0,1,0,"-33.674752,-62.1909706","Ruta",8,"VENADO TUERTO","General López","Asfalto","Natural","VIII","Fuera","Rural","Ninguna","No existe","Recta","S/D","S/D","Diurna","S/D","S/D","S/D","Despiste","S/D","Faltante","Ninguna","Sin restricción"
2017,3969,6/13/2017,"Martes",0,12:30:00,,"0.0",2,"Automóvil,Moto/Ciclomotor","Cafferata 8300",2,1,0,0,1,0,0,,"Calle",,"SANTA FE","La Capital","Asfalto","No existe","I","Dentro","Urbana","Ninguna","No existe","Intersección","S/D","Buena","Diurna","Buen Tiempo","De alcance","S/D","Colisión","Ninguna","Faltante","Ninguna","Sin restricción"
2017,3970,6/14/2017,"Miercoles",0,19:10:00,,"0.0",2,"Automóvil,Automóvil","Hernandarias Y Velez Sarsfield",2,1,0,0,1,0,0,,"Calle",,"SANTA FE","La Capital","Asfalto","S/D","I","Dentro","Urbana","Ninguna","No existe","Intersección","Bueno","Buena","Atardecer","Buen Tiempo","S/D","S/D","Colisión","Ninguna","Faltante","Ninguna","Sin restricción"
2017,3971,3/14/2017,"Martes",0,16:20:00,"Ruta Nacional 33","580.0",1,"Camión c / Acoplado"," ",1,0,0,0,0,1,0,"-34.0522567,-62.3179962","Ruta",33,"SANCTI SPÍRITU","General López","Asfalto","Natural","VIII","Dentro","Urbana","S/D","No existe","Recta","Bueno","S/D","Diurna","S/D","Contra objeto fijo","S/D","Colisión,Despiste","S/D","Horizontal","Línea divisoria pintada","S/D"
2017,3972,4/23/2017,"Domingo",0,,,"0.0",2,"Bicicleta,Automóvil"," ",2,1,0,0,1,0,0,,"S/D",,"CASILDA","Caseros","Asfalto","S/D","IV","Dentro","Urbana","Ninguna","S/D","Intersección","Bueno","Buena","S/D","Buen Tiempo","S/D","Ciclista","Atropello","Ninguna","S/D","Ninguna","S/D"
2017,3973,6/17/2017,"Sabado",0,11:00:00,,"0.0",2,"Pickup/Utilitario,Automóvil","Av Gral Paz Y Ayacucho",2,1,0,0,1,0,0,,"Calle",,"SANTA FE","La Capital","Asfalto","No existe","I","Dentro","Urbana","Ninguna","No existe","Intersección","Bueno","Buena","Diurna","Buen Tiempo","S/D","S/D","Colisión","Ninguna","Faltante","Ninguna","Sin restricción"
2017,3974,6/23/2017,"Viernes",0,15:00:00,,"0.0",2,"Pickup/Utilitario,Bicicleta","Av A del Valle Y Larrea",2,1,0,0,1,0,0,,"Calle",,"SANTA FE","La Capital","Asfalto","No existe","I","Dentro","Urbana","Ninguna","No existe","Intersección","Bueno","Buena","Diurna","Buen Tiempo","S/D","Ciclista","Atropello","Ninguna","Faltante","Ninguna","Sin restricción"
2017,3975,6/23/2017,"Viernes",0,22:30:00,,"0.0",2,"Automóvil,Moto/Ciclomotor","Av A del Valle Y Azcuenaga",3,2,0,0,1,0,0,,"Calle",,"SANTA FE","La Capital","Asfalto","No existe","I","Dentro","Urbana","Ninguna","No existe","Intersección","Bueno","Buena","Nocturna","Buen Tiempo","S/D","S/D","Colisión","Ninguna","Faltante","Ninguna","Sin restricción"
2017,3976,6/24/2017,"Sabado",0,22:20:00,,"0.0",2,"Moto/Ciclomotor,Moto/Ciclomotor","French Y Republica de Siria",2,2,0,0,0,0,0,,"Calle",,"SANTA FE","La Capital","Asfalto,Tierra","No existe","I","Dentro","Urbana","Ninguna","No existe","Intersección","Bueno","Buena","Diurna","Buen Tiempo","S/D","S/D","Colisión","Ninguna","Faltante","Ninguna","Sin restricción"
2017,3977,6/3/2017,"Sabado",0,10:20:00,,"0.0",2,"Automóvil,Bicicleta","Av A del Valle Y French",2,1,0,0,1,0,0,,"Calle",,"SANTA FE","La Capital","Asfalto","Pavimento","I","Dentro","Urbana","Semáforo","Funciona","Intersección","Bueno","Buena","Diurna","Buen Tiempo","S/D","Ciclista","Atropello","Ninguna","Vertical","S/D","Sin restricción"
2017,3979,6/1/2017,"Jueves",0,16:50:00,,"0.0",2,"Moto/Ciclomotor,Automóvil","Guemes Y Angel Cassanello",2,1,0,0,1,0,0,,"Calle",,"SANTA FE","La Capital","Asfalto","No existe","I","Dentro","Urbana","Ninguna","S/D","Intersección","Bueno","Buena","Diurna","Buen Tiempo","Lateral","S/D","Colisión","Ninguna","S/D","Ninguna","Sin restricción"
2017,3980,4/21/2017,"Viernes",0,18:00:00,,"0.0",2,"Moto/Ciclomotor,Pickup/Utilitario","Garay Y Lopez y Planes",2,0,1,0,1,0,0,,"Calle",,"CORONDA","San Jerónimo","Asfalto","No existe","XV","Dentro","Urbana","Ninguna","No existe","Intersección","Bueno","Buena","Diurna","Buen Tiempo","Lateral","S/D","Colisión","Ninguna","S/D","Ninguna","S/D"
2017,3981,6/2/2017,"Viernes",0,9:30:00,,"0.0",2,"Moto/Ciclomotor,Automóvil","Av Gral Paz Y J M Zuviria",2,1,0,0,1,0,0,,"Calle",,"SANTA FE","La Capital","Asfalto","No existe","I","Dentro","Urbana","Ninguna","No existe","Intersección","Bueno","Reducida","Diurna","Niebla","Lateral","S/D","Colisión","Ninguna","S/D","Ninguna","Sin restricción"
2017,3982,4/25/2017,"Martes",0,,,"0.0",2,"Bicicleta,Automóvil"," ",2,1,0,0,1,0,0,,"Calle",,"ROSARIO","Rosario","S/D","S/D","II","Dentro","Urbana","Ninguna","S/D","S/D","S/D","S/D","S/D","Buen Tiempo","S/D","Ciclista","Atropello","S/D","S/D","Ninguna","S/D"
2017,3983,6/8/2017,"Jueves",0,14:30:00,,"0.0",2,"Moto/Ciclomotor,Automóvil","J Castelli Y Alvear",2,1,0,0,1,0,0,,"Calle",,"SANTA FE","La Capital","Asfalto","No existe","I","Dentro","Urbana","Ninguna","S/D","Intersección","Bueno","Buena","Diurna","Buen Tiempo","Lateral","S/D","Colisión","Ninguna","S/D","Ninguna","Sin restricción"
2017,3984,3/18/2017,"Sabado",0,6:00:00,,"0.0",2,"Moto/Ciclomotor,Taxi/Remis","Estanislao Zeballos Y Dr Zavalla",2,0,0,0,1,1,0,"-31.60266, -60.7075","Calle",,"SANTA FE","La Capital","Asfalto","No existe","I","Dentro","Urbana","S/D","No existe","Intersección","Deteriorada","S/D","Diurna","S/D","Lateral","S/D","Colisión","S/D","Faltante","Ninguna","S/D"
2017,3985,6/9/2017,"Viernes",0,18:15:00,,"0.0",2,"Moto/Ciclomotor,Automóvil","Av A del Valle Y J P Lopez",2,1,0,0,1,0,0,,"Calle",,"SANTA FE","La Capital","Asfalto","No existe","I","Dentro","Urbana","Ninguna","S/D","Intersección","Bueno","Buena","Diurna","Buen Tiempo","Lateral","S/D","Colisión","Ninguna","Faltante","Ninguna","Sin restricción"
2017,3986,6/9/2017,"Viernes",0,23:50:00,,"0.0",2,"Moto/Ciclomotor,Automóvil","Av Almte Brown Y Salvador del Carril",3,2,0,0,1,0,0,,"Calle",,"SANTA FE","La Capital","Asfalto","No existe","I","Dentro","Urbana","Ninguna","S/D","Intersección","Bueno","Reducida","Nocturna","Buen Tiempo","Lateral","S/D","Colisión","Ninguna","S/D","Ninguna","Sin restricción"
2017,3987,6/10/2017,"Sabado",0,8:45:00,,"0.0",2,"Bicicleta,Automóvil","Belgrano Y Av Galicia",2,1,0,0,1,0,0,,"Calle",,"SANTA FE","La Capital","Asfalto","No existe","I","Dentro","Urbana","Ninguna","S/D","Intersección","Bueno","Buena","Diurna","Buen Tiempo","S/D","Ciclista","Atropello","Ninguna","S/D","Ninguna","Sin restricción"
2017,3988,6/10/2017,"Sabado",0,9:45:00,,"0.0",2,"Moto/Ciclomotor,Automóvil","Huergo Y Gdor Candioti",2,1,0,0,1,0,0,,"Calle",,"SANTA FE","La Capital","Asfalto","No existe","I","Dentro","Urbana","Ninguna","S/D","Intersección","Bueno","Buena","Diurna","Buen Tiempo","Lateral","S/D","Colisión","Ninguna","S/D","Ninguna","Sin restricción"
2017,3989,4/26/2017,"Miercoles",0,,,"0.0",2,"Automóvil,Pickup/Utilitario"," ",3,2,0,0,1,0,0,,"Calle",,"SANTA FE","La Capital","S/D","S/D","I","Dentro","Urbana","Ninguna","S/D","S/D","S/D","S/D","S/D","Otro","Lateral","S/D","Colisión","S/D","S/D","Ninguna","S/D"
2017,3990,6/11/2017,"Domingo",0,14:30:00,,"0.0",2,"Moto/Ciclomotor,Automóvil","Salvador del Carril Y Necochea",3,2,0,0,1,0,0,,"Calle",,"SANTA FE","La Capital","Asfalto","No existe","I","Dentro","Urbana","Ninguna","S/D","Intersección","Bueno","Buena","Diurna","Buen Tiempo","Lateral","S/D","Colisión","Ninguna","S/D","Ninguna","Sin restricción"
2017,3991,3/22/2017,"Miercoles",0,21:05:00,"Ruta Provincial 1","0.0",2,"Moto/Ciclomotor,Camión c / Acoplado","RP1 Y RNA009 ",2,0,0,0,1,1,0,"-31.60266, -60.7075","Ruta",1,"RECONQUISTA","General Obligado","Asfalto","Natural","IX","Dentro","Urbana","S/D","No existe","Intersección","Bueno","Buena","Nocturna","S/D","Contra objeto fijo","S/D","Colisión","S/D","Horizontal,Vertical","Ninguna","S/D"
2017,3992,3/17/2017,"Viernes",0,20:00:00,"Ruta Provincial 68","0.0",2,"Moto/Ciclomotor,Pickup/Utilitario","RP68 a 2km ZU de GRUTLY Pje Cnia Rivadavia ",2,0,0,0,1,1,0,"-31.28839, -61.06101","Ruta",68,"RIVADAVIA","Las Colonias","Asfalto","Natural","XI","Dentro","Rural","S/D","S/D","Recta","S/D","S/D","Nocturna","S/D","S/D","S/D","Colisión","S/D","S/D","S/D","S/D"
2017,3993,6/11/2017,"Domingo",0,15:30:00,,"0.0",2,"Moto/Ciclomotor,Automóvil","Salvador del Carril Y Rivadavia",2,1,0,0,1,0,0,,"Calle",,"SANTA FE","La Capital","Asfalto","No existe","I","Dentro","Urbana","Ninguna","S/D","Intersección","Bueno","Buena","Diurna","Buen Tiempo","Lateral","S/D","Colisión","Ninguna","S/D","Ninguna","Sin restricción"
2017,3994,4/26/2017,"Miercoles",0,18:13:00,,"0.0",2,"Pickup/Utilitario,Moto/Ciclomotor","Hipolito Irigoyen Y Tomas Alva Edison",3,2,0,0,1,0,0,,"Calle",,"VENADO TUERTO","General López","S/D","S/D","VIII","Dentro","Urbana","Ninguna","S/D","S/D","S/D","Buena","Diurna","S/D","Lateral","S/D","Colisión","S/D","S/D","Ninguna","S/D"
2017,3995,6/11/2017,"Domingo",0,19:40:00,,"0.0",2,"Moto/Ciclomotor,Automóvil","Av Gral Paz Y Angel Cassanello",3,2,0,0,1,0,0,,"Calle",,"SANTA FE","La Capital","Asfalto","No existe","I","Dentro","Urbana","Ninguna","S/D","Intersección","Bueno","Reducida","Nocturna","Buen Tiempo","Lateral","S/D","Colisión","Ninguna","Faltante","Ninguna","Sin restricción"
2017,3996,6/12/2017,"Lunes",0,20:50:00,,"0.0",2,"Moto/Ciclomotor,Automóvil","Av Almte Brown Y Lavaisse",2,1,0,0,1,0,0,,"Calle",,"SANTA FE","La Capital","Asfalto","No existe","I","Dentro","Urbana","Ninguna","S/D","Intersección","Bueno","Reducida","Nocturna","Buen Tiempo","Lateral","S/D","Colisión","Ninguna","S/D","Ninguna","Sin restricción"
2017,3997,6/11/2017,"Domingo",0,13:30:00,,"0.0",2,"Automóvil,Moto/Ciclomotor","Javier de la Rosa Y 1ro de Mayo",2,1,0,0,1,0,0,,"Calle",,"SANTA FE","La Capital","Asfalto","Natural","I","Dentro","Urbana","S/D","No existe","Intersección","Deteriorada","Buena","Diurna","Buen Tiempo","Lateral","S/D","Colisión","S/D","Faltante","S/D","Sin restricción"
2017,3998,6/15/2017,"Jueves",0,20:20:00,,"0.0",2,"Pickup/Utilitario,Moto/Ciclomotor","Gorriti 3500",2,1,0,0,1,0,0,,"Calle",,"SANTA FE","La Capital","Asfalto","Pavimento","I","Dentro","Urbana","Ninguna","No existe","Recta","Bueno","Buena","Nocturna,Con luz artificial","Buen Tiempo","S/D","S/D","Colisión","S/D","Faltante","S/D","Sin restricción"
2017,3999,6/23/2017,"Viernes",0,11:30:00,,"0.0",1,"Moto/Ciclomotor","Av A del Valle 8600",1,1,0,0,0,0,0,,"Calle",,"SANTA FE","La Capital","Asfalto","Pavimento","I","Dentro","Urbana","S/D","No existe","Recta","Bueno","Buena","Diurna","Buen Tiempo","S/D","S/D","Caída ocupante","S/D","Faltante","S/D","Sin restricción"
2017,4000,6/24/2017,"Sabado",0,18:00:00,,"0.0",2,"Automóvil,Moto/Ciclomotor","Av Facundo Zuviria Y Javier de la Rosa",2,1,0,0,1,0,0,,"Calle",,"SANTA FE","La Capital","Asfalto","Pavimento","I","Dentro","Urbana","S/D","S/D","Intersección","Bueno","Buena","Atardecer,Con luz artificial","Buen Tiempo","Lateral","S/D","Colisión","S/D","Faltante","S/D","Sin restricción"
2017,4001,6/26/2017,"Lunes",0,8:15:00,,"0.0",2,"Moto/Ciclomotor,Bicicleta","Av Facundo Zuviria Y Risso",2,2,0,0,0,0,0,,"Calle",,"SANTA FE","La Capital","Asfalto","Pavimento","I","Dentro","Urbana","Ninguna","No existe","Intersección","Bueno","Buena","Diurna","Buen Tiempo","S/D","Ciclista","Atropello","Ninguna","Faltante","S/D","Sin restricción"
2017,4002,6/28/2017,"Miercoles",0,17:10:00,,"0.0",2,"Automóvil,Moto/Ciclomotor","Av Facundo Zuviria Y French",2,1,0,0,1,0,0,,"Calle",,"SANTA FE","La Capital","Asfalto,Tierra","Natural","I","Dentro","Urbana","Ninguna","No existe","Intersección","Bueno","Buena","Atardecer,Con luz artificial","Buen Tiempo","Lateral","S/D","Colisión","Ninguna","Faltante","S/D","Sin restricción"
2017,4003,6/13/2017,"Martes",0,11:45:00,,"0.0",2,"Pickup/Utilitario,Automóvil","Av Galicia Y Lavalle",2,2,0,0,0,0,0,,"Calle",,"SANTA FE","La Capital","Asfalto","No existe","I","Dentro","Urbana","Ninguna","No existe","Intersección","Bueno","Buena","Diurna","Buen Tiempo","Lateral","S/D","Colisión","Ninguna","S/D","Ninguna","Sin restricción"
2017,4004,6/2/2017,"Viernes",0,23:00:00,,"0.0",2,"Moto/Ciclomotor,Bicicleta","Av A del Valle Y French",2,2,0,0,0,0,0,,"Avenida",,"SANTA FE","La Capital","Asfalto","No existe","I","Dentro","Urbana","Marca Vial","Funciona","Intersección","Con baches","Reducida","Nocturna","Otro","S/D","Ciclista","Atropello","Otro","Vertical","Ninguna","Obra en Construcción"
2017,4005,6/23/2017,"Viernes",0,14:00:00,,"0.0",2,"Moto/Ciclomotor,Automóvil","Sarmiento Y Gorriti",2,1,0,0,1,0,0,,"Calle",,"SANTA FE","La Capital","Asfalto","No existe","I","Dentro","Urbana","Ninguna","No existe","Intersección","Con baches","Reducida","Diurna","Otro","Lateral","S/D","Colisión","Ninguna","Faltante","Ninguna","Sin restricción"
2017,4006,6/4/2017,"Domingo",0,11:30:00,,"0.0",1,"Moto/Ciclomotor"," ",1,1,0,0,0,0,0,,"Calle",,"ESPERANZA","Las Colonias","Asfalto","No existe","XI","S/D","Urbana","Ninguna","No existe","Recta","Bueno","Buena","Diurna","Buen Tiempo","Otro","S/D","Despiste","Ninguna","Vertical","Ninguna","Sin restricción"
2017,4007,6/4/2017,"Domingo",0,11:50:00,,"0.0",2,"Moto/Ciclomotor,Pickup/Utilitario","Castelli Y Alberdi",3,2,0,0,1,0,0,,"Calle",,"ESPERANZA","Las Colonias","Asfalto","No existe","XI","Dentro","Urbana","Ninguna","No existe","Intersección","Bueno","Buena","Diurna","Buen Tiempo","Frontal","S/D","Colisión","Ninguna","Vertical","Ninguna","Sin restricción"
2017,4008,6/4/2017,"Domingo",0,20:50:00,,"0.0",2,"Automóvil,Bicicleta","Ruta provincial 70 Y Maipu",2,1,0,0,1,0,0,,"Calle",,"ESPERANZA","Las Colonias","Asfalto","Ripio","XI","Dentro","Urbana","Ninguna","No existe","Intersección","Bueno","Buena","Atardecer","Buen Tiempo","S/D","Ciclista","Atropello","Ninguna","Vertical","Ninguna","Sin restricción"
2017,4009,6/19/2017,"Lunes",0,17:30:00,,"0.0",2,"Automóvil,Bicicleta","Domingo Faustino Sarmiento Y Cullen",2,1,0,0,1,0,0,,"Calle",,"ESPERANZA","Las Colonias","Asfalto","No existe","XI","Dentro","Urbana","Ninguna","No existe","Intersección","Bueno","Buena","Diurna","Buen Tiempo","S/D","S/D","Atropello","Ninguna","Vertical","Ninguna","Sin restricción"
2017,4010,6/4/2017,"Domingo",0,17:30:00,,"0.0",2,"Automóvil,Moto/Ciclomotor","Av Cordoba Y Juan Jose Paso",3,1,0,0,2,0,0,,"Calle",,"ESPERANZA","Las Colonias","Asfalto","No existe","XI","Dentro","Urbana","Ninguna","No existe","Intersección","Bueno","Buena","Diurna","Buen Tiempo","Frontal","S/D","Colisión","Ninguna","Vertical","Ninguna","Sin restricción"
2017,4011,6/16/2017,"Viernes",0,19:50:00,,"0.0",2,"Moto/Ciclomotor,Pickup/Utilitario","R P A Janssen 3100",3,0,1,0,2,0,0,,"Calle",,"ESPERANZA","Las Colonias","Asfalto","No existe","XI","S/D","Urbana","Ninguna","No existe","Recta","Bueno","Buena","Nocturna","Buen Tiempo","Lateral","S/D","Colisión","Ninguna","Vertical","Ninguna","Sin restricción"
2017,4012,6/24/2017,"Sabado",0,21:00:00,,"0.0",1,"Automóvil","Laprida Y Las Heras",1,1,0,0,0,0,0,,"Calle",,"SAN CRISTÓBAL","San Cristóbal","Tierra","No existe","XIII","Dentro","Urbana","Ninguna","No existe","Recta","Bueno","Reducida","Nocturna","Buen Tiempo","S/D","S/D","Despiste","Ninguna","Faltante","Ninguna","Sin restricción"
2017,4013,6/24/2017,"Sabado",0,20:00:00,,"0.0",2,"Automóvil,Moto/Ciclomotor","Hipolito Irigoyen Y Sarmiento",2,1,0,0,0,0,1,,"Calle",,"SAN CRISTÓBAL","San Cristóbal","Asfalto","No existe","VIII","Dentro","Urbana","Ninguna","No existe","Intersección","Bueno","Buena","Nocturna","Buen Tiempo","S/D","S/D","Atropello","Ninguna","S/D","Cordón divisorio","S/D"
2017,4014,6/17/2017,"Sabado",0,19:00:00,,"0.0",2,"Automóvil,Moto/Ciclomotor","San Lorenzo 731",2,1,0,0,1,0,0,,"Calle",,"SAN GUILLERMO","San Cristóbal","Asfalto","Natural","XIII","Dentro","Urbana","Ninguna","No existe","Recta","Con baches","Buena","Nocturna","Buen Tiempo","Lateral","S/D","Colisión","Fluidos","Horizontal","Ninguna","Sin restricción"
2017,4015,6/1/2017,"Jueves",0,9:50:00,,"0.0",2,"Automóvil,Peatón","Sarmiento Y Urquiza",2,1,0,0,1,0,0,,"Calle",,"SAN GUILLERMO","San Cristóbal","Asfalto","S/D","XIII","Dentro","Urbana","Ninguna","No existe","Intersección","Bueno","Buena","Diurna","Buen Tiempo","S/D","Peatón","Atropello","Ninguna","Horizontal","Cordón divisorio","S/D"
2017,4016,6/23/2017,"Viernes",0,21:20:00,,"0.0",2,"Moto/Ciclomotor,Pickup/Utilitario","Rivadavia Y L de la Torre",2,1,0,0,1,0,0,,"Calle",,"VERA","Vera","Asfalto","No existe","XIX","Dentro","Urbana","Ninguna","S/D","Intersección","Bueno","Buena","Nocturna","Buen Tiempo","Lateral","S/D","Colisión","Ninguna","Faltante","Ninguna","Sin restricción"
2017,4017,6/24/2017,"Sabado",0,9:20:00,,"0.0",2,"Pickup/Utilitario,Bicicleta","Moreno 2100",2,1,0,0,1,0,0,,"Calle",,"VERA","Vera","Asfalto","No existe","XIX","Dentro","Urbana","Ninguna","No existe","Recta","Bueno","Buena","Diurna","Buen Tiempo","Otro","S/D","Atropello","Ninguna","Faltante","Ninguna","Sin restricción"
2017,4018,6/13/2017,"Martes",0,12:15:00,,"0.0",2,"Moto/Ciclomotor,Moto/Ciclomotor","Mitre B 2930",2,2,0,0,0,0,0,,"Calle",,"VERA","Vera","Ripio","No existe","XIX","Dentro","Urbana","Ninguna","No existe","Recta","Bueno","Buena","Diurna","Buen Tiempo","Lateral","S/D","Colisión","Ninguna","Faltante","Ninguna","Sin restricción"
2017,4019,6/12/2017,"Lunes",0,12:00:00,,"0.0",2,"Automóvil,Moto/Ciclomotor","Pte Peron 850",2,1,0,0,1,0,0,,"Calle",,"VERA","Vera","Asfalto","No existe","XIX","Dentro","Urbana","Ninguna","No existe","Recta","Bueno","Buena","Diurna","Buen Tiempo","Frontal","S/D","Colisión","Ninguna","Faltante","Ninguna","Sin restricción"
2017,4020,3/25/2017,"Sabado",0,3:00:00,"Ruta Provincial 21","16.0",2,"Moto/Ciclomotor,Automóvil"," ",2,0,0,0,1,1,0,"-33.12414, -60.53208","Ruta",21,"GENERAL LAGOS","Rosario","Asfalto","Natural","II","Dentro","Rural","Ninguna","No existe","Recta","Bueno","Buena","Nocturna,Con luz artificial","Buen Tiempo","De alcance","S/D","Colisión","S/D","Vertical","Ninguna","Sin restricción"