"anio_acci","nro_acci","fecha","desc_dia","fecha_aprox","hora_aprox","desc_ruta","km","cant_participantes","desc_participante","calle_avenida_km","total","heridos_leves","heridos_graves","heridos_gravisimos","ilesos","fallecidos","sin_datos","posicion_XY","desc_tipo_via","desc_ruta_ori","desc_loc","desc_dpto","desc_tipo_calzada","desc_tipo_banquina","desc_unidad_regional","desc_lugar_calzada","desc_zona","desc_prioridad","desc_estado_semaforo","desc_lugar_via","desc_estado_via","desc_estado_visibilidad","desc_luminosidad","desc_estado_clima","desc_tipo_colision","desc_tipo_atropello","desc_tipo_hecho","desc_pres_calzada","desc_senializacion","desc_separacion_via","desc_restriccion"
2017,4021,3/24/2017,"Viernes",0,19:30:00,,"0.0",1,"Automóvil","CAMINO RURAL  ",4,3,0,0,0,1,0,"-34.01915, -61.90445","Camino Rural",,"MARÍA TERESA","General López","Ripio","Natural","VIII","Dentro","Rural","S/D","No existe","S/D","S/D","S/D","Atardecer","S/D","S/D","S/D","Vuelco","S/D","S/D","S/D","S/D"
2017,4022,6/9/2017,"Viernes",0,10:00:00,,"0.0",2,"Moto/Ciclomotor,Automóvil","Colon Y Belgrano",3,1,0,0,2,0,0,,"Calle",,"VERA","Vera","Asfalto","No existe","XIX","S/D","Urbana","Ninguna","No existe","Intersección","Bueno","Buena","Diurna","Buen Tiempo","Frontal","S/D","Colisión","Ninguna","Faltante","Ninguna","Sin restricción"
2017,4023,6/5/2017,"Lunes",0,21:35:00,,"0.0",2,"Moto/Ciclomotor,Pickup/Utilitario","25 de Mayo Y Rivadavia",2,1,0,0,1,0,0,,"Calle",,"VERA","Vera","Asfalto","No existe","XIX","Dentro","Urbana","Ninguna","No existe","Intersección","Bueno","Buena","Nocturna","Buen Tiempo","Frontal","S/D","Colisión","Ninguna","Faltante","Ninguna","Sin restricción"
2017,4024,6/6/2017,"Martes",0,18:30:00,"Ruta Nacional 98","29.0",1,"Automóvil"," ",1,1,0,0,0,0,0,,"Ruta",98,"VERA","Vera","Asfalto","Natural","XIX","Dentro","Rural","Ninguna","No existe","Recta","Bueno","Buena","Diurna","Buen Tiempo","S/D","S/D","Vuelco","Ninguna","Faltante","Ninguna","Sin restricción"
2017,4025,6/12/2017,"Lunes",0,,,"0.0",2,"Automóvil,Moto/Ciclomotor"," ",3,2,0,0,1,0,0,,"S/D",,"VERA","Vera","S/D","S/D","XIX","S/D","S/D","S/D","S/D","S/D","S/D","S/D","S/D","S/D","S/D","S/D","Colisión","S/D","S/D","S/D","S/D"
2017,4026,6/22/2017,"Jueves",0,,,"0.0",1,"Moto/Ciclomotor","Urquiza Y Presbitero Jose Houriet",1,1,0,0,0,0,0,,"Calle",,"VERA","Vera","Ripio","No existe","XIX","Dentro","Urbana","Ninguna","No existe","Intersección","Con baches","Buena","Nocturna","Buen Tiempo","S/D","S/D","Caída ocupante","Ninguna","Faltante","Ninguna","Sin restricción"
2017,4027,6/19/2017,"Lunes",0,19:40:00,,"0.0",2,"Moto/Ciclomotor,Otros","Moreno 1600",2,1,0,0,1,0,0,,"Calle",,"VERA","Vera","Asfalto","No existe","XIX","Dentro","Urbana","Ninguna","No existe","Recta","Bueno","Buena","Diurna","Buen Tiempo","Frontal","S/D","Colisión","Ninguna","Faltante","Ninguna","Sin restricción"
2017,4028,6/19/2017,"Lunes",0,17:40:00,,"0.0",2,"Moto/Ciclomotor,Moto/Ciclomotor","H Irigoyen Y 1ro de Mayo",2,2,0,0,0,0,0,,"Calle",,"VERA","Vera","Asfalto","No existe","XIX","S/D","Urbana","Ninguna","No existe","Curva","Bueno","Buena","Diurna","Buen Tiempo","Frontal","S/D","Colisión","Ninguna","Faltante","Ninguna","Sin restricción"
2017,4029,6/15/2017,"Jueves",0,20:00:00,,"0.0",2,"Pickup/Utilitario,Moto/Ciclomotor","Mitre B Y Presbitero Jose Houriet",2,1,0,0,1,0,0,,"Calle",,"VERA","Vera","Asfalto","No existe","XIX","Dentro","Urbana","Ninguna","No existe","Intersección","Bueno","Buena","Nocturna","Buen Tiempo","Frontal","S/D","Colisión","Ninguna","S/D","Ninguna","Sin restricción"
2017,4030,6/15/2017,"Jueves",0,17:40:00,,"0.0",2,"Bicicleta,Moto/Ciclomotor","1ro de Mayo Y Corrientes",3,3,0,0,0,0,0,,"Calle",,"VERA","Vera","Asfalto","No existe","IX","Dentro","Urbana","Ninguna","No existe","Intersección","Bueno","Buena","Diurna","Buen Tiempo","S/D","Ciclista","Atropello","Ninguna","Faltante","Ninguna","Sin restricción"
2017,4031,6/20/2017,"Martes",0,21:00:00,"Ruta Provincial 65","6.0",1,"Pickup/Utilitario"," ",1,1,0,0,0,0,0,,"Ruta",65,"LAS ROSAS","Belgrano","Hormigón","Natural","III","Dentro","Rural","Ninguna","No existe","Recta","Bueno","Buena","Nocturna","Buen Tiempo","S/D","S/D","Despiste","Ninguna","Faltante","Ninguna","Sin restricción"
2017,4032,6/18/2017,"Domingo",0,16:30:00,,"0.0",2,"Moto/Ciclomotor,Pickup/Utilitario","Chacabuco Y Lavalle",2,1,0,0,1,0,0,,"Calle",,"LAS ROSAS","Belgrano","Asfalto","No existe","III","Dentro","Urbana","Ninguna","No existe","Intersección","Bueno","Buena","Diurna","Buen Tiempo","Lateral","S/D","Colisión","Ninguna","Vertical","Cordón divisorio","Sin restricción"
2017,4033,6/6/2017,"Martes",0,16:00:00,,"0.0",2,"Bicicleta,Pickup/Utilitario","Belgrano Y Simon de Iriondo",2,1,0,0,1,0,0,,"Calle",,"LAS ROSAS","Belgrano","Asfalto","No existe","III","Dentro","Urbana","Ninguna","No existe","Intersección","Bueno","Buena","Diurna","Buen Tiempo","S/D","Ciclista","Atropello","Ninguna","Vertical","Cordón divisorio","Sin restricción"
2017,4034,6/11/2017,"Domingo",0,18:00:00,,"0.0",2,"Pickup/Utilitario,Moto/Ciclomotor","Calle 14 Y Calle 5",3,1,0,0,2,0,0,,"Calle",,"LAS PAREJAS","Belgrano","Asfalto","No existe","III","Dentro","Urbana","Ninguna","No existe","Intersección","Bueno","Buena","Diurna","Buen Tiempo","Lateral","S/D","Colisión","Ninguna","S/D","Ninguna","Sin restricción"
2017,4035,3/24/2017,"Viernes",0,14:00:00,,"0.0",2,"Moto/Ciclomotor,Automóvil","Centeno Y Cafferata",3,1,0,0,1,1,0,"-32.97893, -60.68066","Calle",,"ROSARIO","Rosario","Asfalto","Natural","II","Dentro","Urbana","Ninguna","No existe","Intersección","Con baches","S/D","Diurna","S/D","Lateral","S/D","Colisión","S/D","Vertical","Ninguna","S/D"
2017,4036,3/26/2017,"Domingo",0,6:00:00,,"0.0",2,"Moto/Ciclomotor,Transporte de Pasajeros Urbano (> 8 asientos)","Av. Sorrento Y Pacheco",2,0,0,0,1,1,0,"-32.90723, -60.69337","Calle",,"ROSARIO","Rosario","Asfalto","No existe","II","Dentro","Urbana","Semáforo","S/D","Intersección","Bueno","S/D","Diurna","S/D","S/D","S/D","Colisión","S/D","Horizontal,Vertical","Cordón divisorio","S/D"
2017,4037,3/26/2017,"Domingo",0,20:30:00,"Ruta Provincial 91","0.8",3,"Pickup/Utilitario,Camión c / Acoplado,Camión c / Acoplado"," ",11,6,1,0,2,2,0,"-32.63537, -60.82407","Ruta",91,"ANDINO","Iriondo","Asfalto","Natural","X","Dentro","Rural","S/D","No existe","Cruce","Deteriorada","S/D","Nocturna","S/D","Múltiple","S/D","Colisión","S/D","Horizontal,Vertical","Línea divisoria pintada","S/D"
2017,4038,3/30/2017,"Jueves",0,18:00:00,,"0.0",2,"Moto/Ciclomotor,Moto/Ciclomotor","Calle 44-27 de Abril Y Calle 83",2,0,0,0,0,1,1,"-29.17478, -59.66672","Calle",,"RECONQUISTA","General Obligado","S/D","S/D","IX","Dentro","Urbana","S/D","S/D","Intersección","S/D","S/D","S/D","S/D","S/D","S/D","Colisión","S/D","S/D","S/D","S/D"
2017,4039,6/8/2017,"Jueves",0,19:50:00,,"0.0",2,"Automóvil,Moto/Ciclomotor","Calle 11 Y Calle 22",2,1,0,0,1,0,0,,"Calle",,"LAS PAREJAS","Belgrano","Asfalto","No existe","III","Dentro","Urbana","Ninguna","No existe","Recta","Bueno,Resbaladiza","Reducida","Nocturna,Con luz artificial","Lluvia","S/D","S/D","Colisión","Agua","Faltante","Ninguna","Sin restricción"
2017,4040,6/28/2017,"Miercoles",0,6:30:00,,"0.0",2,"Moto/Ciclomotor,Bicicleta","Bv Roldan Y La Plata",2,0,2,0,0,0,0,,"Calle",,"ARMSTRONG","Belgrano","Hormigón","No existe","III","Dentro","Urbana","Ninguna","No existe","Intersección","Bueno","Buena","Amanecer","Buen Tiempo","S/D","Ciclista","Atropello","Ninguna","Faltante","Ninguna","Sin restricción"
2017,4041,5/19/2017,"Viernes",0,20:00:00,,"0.0",2,"Bicicleta,Automóvil"," Av San Martin 100",2,1,0,0,1,0,0,,"Avenida",,"SANCTI SPÍRITU","General López","Ripio","S/D","VIII","Dentro","Urbana","Paso Peatonal","No existe","Recta","Resbaladiza","Reducida","Nocturna,Con luz artificial","Lluvia","S/D","Ciclista","Atropello","Agua","Vertical","Cordón divisorio,Vegetación","Sin restricción"
2017,4042,6/9/2017,"Viernes",0,12:21:00,,"0.0",2,"Moto/Ciclomotor,Automóvil","Domingo Faustino Sarmiento Y Juan B Justo",2,1,0,0,1,0,0,,"Calle",,"SANCTI SPÍRITU","General López","Asfalto","No existe","VIII","Dentro","Urbana","Ninguna","No existe","Intersección","Bueno","Buena","Diurna","Buen Tiempo","Lateral","S/D","Colisión","Ninguna","Faltante","Ninguna","Sin restricción"
2017,4043,7/27/2017,"Jueves",0,12:00:00,"Ruta Nacional 11","0.0",2,"Moto/Ciclomotor,Peatón","Francia Y J J Paso",2,1,0,0,1,0,0,,"Ruta",11,"SANTA FE","La Capital","Asfalto","No existe","I","S/D","S/D","Ninguna","No existe","Intersección","Con baches","Buena","Diurna","Buen Tiempo","S/D","Peatón","Atropello","Ninguna","Faltante","Ninguna","Sin restricción"
2017,4045,7/18/2017,"Martes",0,21:25:00,,"0.0",2,"Automóvil,Automóvil","Patricias Argentinas Y Av Circunvalación",2,1,0,0,1,0,0,,"Avenida",,"SANTA FE","La Capital","Asfalto","Pavimento","I","Dentro","Urbana","Ninguna","No existe","Intersección","Bueno","Buena","Nocturna","Buen Tiempo","Múltiple","S/D","Colisión","Ninguna","Faltante","Ninguna","Sin restricción"
2017,4046,7/31/2017,"Lunes",0,18:30:00,,"0.0",2,"Peatón,Automóvil","Nicolas Rodriguez Peña Y Independencia",2,1,0,0,1,0,0,,"Calle",,"SANTA FE","La Capital","Asfalto","Pavimento","I","S/D","Urbana","Ninguna","No existe","Intersección","Bueno","Buena","Diurna","Lluvia","S/D","Peatón","Atropello","Ninguna","S/D","Ninguna","Sin restricción"
2017,4047,7/31/2017,"Lunes",0,12:15:00,,"0.0",2,"Automóvil,Moto/Ciclomotor","Alvear Y Chacabuco",2,1,0,0,1,0,0,,"Calle",,"SANTA FE","La Capital","Asfalto","No existe","I","Dentro","Urbana","S/D","No existe","Intersección","Bueno","S/D","Diurna","S/D","Lateral","S/D","Colisión","S/D","S/D","S/D","S/D"
2017,4048,7/21/2017,"Viernes",0,,,"0.0",2,"Otros,Moto/Ciclomotor","Entre Rios ",2,1,0,0,1,0,0,,"Calle",,"ACEBAL","Rosario","Ripio","S/D","II","Dentro","Urbana","Ninguna","S/D","Intersección","Bueno","S/D","S/D","Buen Tiempo","Lateral","S/D","Colisión","Ninguna","Faltante","Ninguna","Sin restricción"
2017,4049,7/25/2017,"Martes",0,,,"0.0",2,"Automóvil,Moto/Ciclomotor","Tarragona 300",2,1,0,0,1,0,0,,"Calle",,"ROSARIO","Rosario","Asfalto","No existe","II","Dentro","Urbana","Ninguna","No existe","Intersección","Bueno","Buena","Diurna","Buen Tiempo","Lateral","S/D","Colisión","Ninguna","Faltante","Ninguna","Sin restricción"
2017,4050,6/29/2017,"Jueves",0,16:20:00,,"0.0",2,"Moto/Ciclomotor,Automóvil","Ricardo Aldao Y Alvear",2,1,0,0,1,0,0,,"Calle",,"SANTA FE","La Capital","Asfalto","No existe","I","Dentro","Urbana","Ninguna","S/D","Intersección","Bueno","Buena","Diurna","Buen Tiempo","Lateral","S/D","Colisión","Ninguna","S/D","Ninguna","Sin restricción"
2017,4051,7/26/2017,"Miercoles",0,,,"0.0",2,"Automóvil,Bicicleta","J.J.Paso Y Av. Circunvalacion",2,1,0,0,1,0,0,,"Calle",,"ROSARIO","Rosario","Asfalto","No existe","II","Dentro","Urbana","Ninguna","No existe","Intersección","Bueno","Buena","Diurna","Buen Tiempo","S/D","Ciclista","Atropello","Ninguna","Faltante","Ninguna","Sin restricción"
2017,4052,7/26/2017,"Miercoles",0,,,"0.0",2,"Automóvil,Moto/Ciclomotor","Bv. Argentino Y Sarratea Bis",2,1,0,0,1,0,0,,"Calle",,"ROSARIO","Rosario","Asfalto","No existe","II","Dentro","Urbana","Ninguna","No existe","Intersección","Bueno","Buena","Diurna","Buen Tiempo","Lateral","S/D","Colisión","Ninguna","Faltante","Ninguna","Sin restricción"
2017,4053,7/4/2017,"Martes",0,11:00:00,,"0.0",2,"Automóvil,Moto/Ciclomotor","Angel Carranza Y Santa Fe",2,1,0,0,1,0,0,,"Calle",,"ROSARIO","Rosario","Asfalto","Pavimento","II","Dentro","Urbana","Ninguna","No existe","Intersección","Bueno","Buena","Diurna","Buen Tiempo","Lateral","S/D","Colisión","Ninguna","S/D","Ninguna","Sin restricción"
2017,4054,7/4/2017,"Martes",0,18:00:00,,"0.0",2,"Automóvil,Automóvil","Mendoza Y Donado Bis",2,1,0,0,1,0,0,,"Calle",,"ROSARIO","Rosario","Asfalto","Pavimento","II","Dentro","Urbana","Semáforo","Funciona","Recta","Bueno","Buena","Diurna","Buen Tiempo","De alcance","S/D","Colisión","S/D","Vertical","Ninguna","Sin restricción"
2017,4055,7/10/2017,"Lunes",0,10:30:00,,"0.0",2,"Ambulancia,Automóvil","Av. Pellegrini Y Brasil",2,1,0,0,1,0,0,,"Calle",,"ROSARIO","Rosario","Asfalto","Pavimento","II","Dentro","Urbana","Ninguna","S/D","Recta","Bueno","Buena","Diurna","Buen Tiempo","Lateral","S/D","Colisión","Ninguna","S/D","Ninguna","Sin restricción"
2017,4056,7/3/2017,"Lunes",0,6:20:00,,"0.0",2,"Moto/Ciclomotor,Otros","Av. Circunvalacion Y Av. Jorge Newbery",2,1,0,0,1,0,0,,"Calle",,"ROSARIO","Rosario","S/D","S/D","II","Dentro","Urbana","S/D","S/D","S/D","S/D","S/D","Diurna","S/D","S/D","S/D","Colisión","S/D","S/D","S/D","S/D"
2017,4057,7/25/2017,"Martes",0,13:00:00,,"0.0",2,"Automóvil,Automóvil","Av Peñaloza Y Pedro de Vega",2,1,0,0,1,0,0,,"Calle",,"SANTA FE","La Capital","Asfalto","Pavimento","I","Dentro","Urbana","S/D","No existe","Intersección","Bueno","Buena","Diurna","Buen Tiempo","S/D","S/D","Colisión","Ninguna","Faltante","S/D","Sin restricción"
2017,4058,7/26/2017,"Miercoles",0,12:30:00,,"0.0",2,"Moto/Ciclomotor,Automóvil","J Castelli Y Pje Marsengo",2,1,0,0,1,0,0,,"Calle",,"SANTA FE","La Capital","Asfalto","Pavimento","I","Dentro","Urbana","S/D","S/D","Intersección","Bueno","Buena","Diurna","S/D","S/D","S/D","Colisión","Ninguna","Horizontal","S/D","S/D"
2017,4059,7/25/2017,"Martes",0,10:15:00,,"0.0",2,"Pickup/Utilitario,Taxi/Remis","Gdor Freyre Y Gorostiaga",2,1,0,0,1,0,0,,"Calle",,"SANTA FE","La Capital","S/D","S/D","I","Dentro","Urbana","S/D","S/D","Intersección","S/D","S/D","Diurna","S/D","S/D","S/D","Colisión","S/D","S/D","S/D","S/D"
2017,4060,7/28/2017,"Viernes",0,18:30:00,,"0.0",2,"Automóvil,Automóvil","Saavedra Y Martin Zapata",2,1,0,0,1,0,0,,"Calle",,"SANTA FE","La Capital","Asfalto","Pavimento","I","Dentro","Urbana","Ninguna","No existe","Intersección","Bueno","Buena","Diurna","Buen Tiempo","S/D","S/D","Colisión","Ninguna","Horizontal","Cordón divisorio","Sin restricción"
2017,4061,7/28/2017,"Viernes",0,12:10:00,,"0.0",2,"Moto/Ciclomotor,Moto/Ciclomotor","San Juan Y Hernandarias",2,1,0,0,1,0,0,,"Calle",,"SANTA FE","La Capital","Asfalto","Natural","I","Dentro","Urbana","Ninguna","Funciona","Intersección","Bueno","Buena","Diurna","Buen Tiempo","S/D","S/D","Colisión","Ninguna","Horizontal,Vertical","Cordón divisorio","Sin restricción"
2017,4062,7/14/2017,"Viernes",0,20:20:00,,"0.0",2,"Pickup/Utilitario,Moto/Ciclomotor","Av Facundo Zuviria Y J Castelli",2,1,0,0,1,0,0,,"Calle",,"SANTA FE","La Capital","S/D","S/D","I","Dentro","Urbana","S/D","S/D","S/D","S/D","S/D","Atardecer","S/D","S/D","S/D","Colisión","S/D","S/D","S/D","S/D"
2017,4063,6/21/2017,"Miercoles",0,8:05:00,,"0.0",2,"Bicicleta,Automóvil","Av Gral Paz Y J M Zuviria",2,1,0,0,1,0,0,,"Calle",,"SANTA FE","La Capital","Asfalto","No existe","I","S/D","Urbana","Ninguna","S/D","Intersección","Bueno","Buena","Diurna","Buen Tiempo","S/D","Ciclista","Atropello","Ninguna","S/D","Ninguna","Sin restricción"
2017,4064,6/18/2017,"Domingo",0,14:10:00,,"0.0",2,"Moto/Ciclomotor,Automóvil","Rivadavia Y Llerena",2,1,0,0,1,0,0,,"S/D",,"SANTA FE","La Capital","Asfalto","No existe","I","S/D","Urbana","Ninguna","S/D","Intersección","Bueno","Buena","Diurna","Buen Tiempo","Lateral","S/D","Colisión","Ninguna","S/D","Ninguna","Sin restricción"
2017,4065,7/19/2017,"Miercoles",0,17:00:00,,"0.0",2,"Automóvil,Moto/Ciclomotor","Derqui Y 1ro de Mayo",2,1,0,0,1,0,0,,"Calle",,"SANTA FE","La Capital","Asfalto","Pavimento","I","Dentro","Urbana","Semáforo","No funciona","Intersección","Bueno","Buena","Diurna","Buen Tiempo","Lateral","S/D","Colisión","Ninguna","Vertical","Cordón divisorio","Sin restricción"
2017,4066,6/15/2017,"Jueves",0,17:05:00,,"0.0",2,"Moto/Ciclomotor,Automóvil","Pje Cullen Y Angel Cassanello",2,1,0,0,1,0,0,,"Calle",,"SANTA FE","La Capital","Asfalto","No existe","I","S/D","Urbana","Ninguna","S/D","Intersección","Bueno","Buena","Diurna","Buen Tiempo","Lateral","S/D","Colisión","Ninguna","S/D","Ninguna","Sin restricción"
2017,4067,7/31/2017,"Lunes",0,21:00:00,"Ruta Nacional 11","0.0",2,"Pickup/Utilitario,Moto/Ciclomotor","Calle 14 - Aliso ",2,1,0,0,1,0,0,,"Ruta",11,"SAUCE VIEJO","La Capital","Asfalto","Pavimento","I","Dentro","Urbana","Semáforo","Funciona","Intersección","Bueno","Reducida","Nocturna","Buen Tiempo","Lateral","S/D","Colisión","Ninguna","Horizontal,Vertical","Ninguna","Sin restricción"
2017,4068,7/1/2017,"Sabado",0,18:30:00,"Ruta Nacional 11","0.0",2,"Automóvil,Moto/Ciclomotor","Las Baleares ",3,2,0,0,1,0,0,,"Ruta",11,"SANTO TOMÉ","La Capital","Asfalto","Natural","I","Dentro","Urbana","Marca Vial","No existe","Intersección","Bueno","Buena","Diurna","Buen Tiempo","Lateral","S/D","Colisión","Ninguna","Horizontal","Ninguna","Sin restricción"
2017,4069,6/7/2017,"Miercoles",0,,,"0.0",2,"Peatón,Pickup/Utilitario","JUAN LAZARTE 1782",2,0,0,0,1,0,1,,"Calle",,"SAN GENARO","San Jerónimo","Tierra","No existe","XV","Dentro","Urbana","Ninguna","No existe","Recta","Deteriorada","Buena","Diurna","Buen Tiempo","Otro","Peatón","Atropello","Ninguna","Faltante","Ninguna","Sin restricción"
2017,4070,6/2/2017,"Viernes",0,17:30:00,"Ruta Provincial 94","0.0",1,"Automóvil"," ",1,1,0,0,0,0,0,,"Ruta",94,"SANTA ISABEL","General López","Hormigón","Natural","VIII","S/D","Rural","Ninguna","No existe","Recta","Bueno","Buena","Atardecer","Buen Tiempo","S/D","S/D","Vuelco,Despiste","Ninguna","Vertical","Ninguna","Sin restricción"
2017,4071,7/3/2017,"Lunes",0,17:40:00,,"0.0",1,"Automóvil","Roverano Y Monteagudo",4,2,0,0,0,0,2,,"S/D",,"SANTO TOMÉ","La Capital","Asfalto","Ripio","I","Dentro","Rural","Ninguna","No existe","Recta","Bueno","Reducida humo","Diurna","Buen Tiempo","S/D","S/D","Colisión","Ninguna","Faltante","Vegetación","Sin restricción"
2017,4072,7/6/2017,"Jueves",0,18:10:00,,"0.0",2,"Automóvil,Bicicleta","Buenos Aires Y Sebastian Gaboto",2,1,0,0,1,0,0,,"Calle",,"SANTO TOMÉ","La Capital","Asfalto","No existe","I","S/D","Urbana","Ninguna","No existe","Recta","Bueno","Reducida","Nocturna","Niebla","S/D","Ciclista","Atropello","Otro","Vertical","Ninguna","Sin restricción"
2017,4073,7/9/2017,"Domingo",0,22:30:00,"Ruta Nacional 19","2.0",2,"Moto/Ciclomotor,Bicicleta"," ",2,2,0,0,0,0,0,,"Ruta",19,"SANTO TOMÉ","La Capital","Asfalto","Pavimento","I","Dentro","Urbana","Ninguna","Funciona","Recta","Bueno","Buena","Nocturna","Buen Tiempo","S/D","Ciclista","Atropello","Ninguna","Vertical","Línea divisoria pintada","Sin restricción"
2017,4074,4/27/2017,"Jueves",0,,,"0.0",2,"Automóvil,Moto/Ciclomotor"," ",3,2,0,0,1,0,0,,"Calle",,"VENADO TUERTO","General López","S/D","S/D","VIII","Dentro","Urbana","S/D","S/D","Intersección","S/D","S/D","S/D","S/D","S/D","S/D","Colisión","S/D","S/D","S/D","S/D"
2017,4075,7/16/2017,"Domingo",0,18:00:00,"Ruta Nacional 11","0.0",2,"Pickup/Utilitario,Moto/Ciclomotor","Av 7 de marzo Y J Macia",3,2,0,0,1,0,0,,"Ruta",11,"SANTO TOMÉ","La Capital","Hormigón","No existe","I","Dentro","Urbana","Semáforo","Funciona","Intersección","Bueno","Buena","Atardecer","Buen Tiempo","Lateral","S/D","Colisión","Ninguna","S/D","Línea divisoria pintada","Sin restricción"
2017,4076,7/17/2017,"Lunes",0,6:45:00,,"0.0",2,"Moto/Ciclomotor,Automóvil"," ",2,1,0,0,1,0,0,,"Avenida",,"SANTO TOMÉ","La Capital","Hormigón","Pavimento","I","Dentro","Urbana","Semáforo","Funciona","Intersección","Bueno","Buena","Diurna","Buen Tiempo","Frontal","S/D","Colisión","Ninguna","Vertical","Línea divisoria pintada","Sin restricción"
2017,4077,7/20/2017,"Jueves",0,19:30:00,,"0.0",2,"Automóvil,Moto/Ciclomotor","Paula Albarracin de Sarmiento Y Entre Rios",2,1,0,0,1,0,0,,"Calle",,"SANTO TOMÉ","La Capital","Asfalto","No existe","I","Dentro","Urbana","Ninguna","No existe","Intersección","Bueno","Buena","Atardecer","Buen Tiempo","Frontal","S/D","Colisión","Ninguna","Faltante","Ninguna","Sin restricción"
2017,4078,7/14/2017,"Viernes",0,21:20:00,"Ruta Nacional 11","0.0",2,"Peatón,Automóvil","Av 7 de marzo Y Mariano Candioti",2,1,0,0,1,0,0,,"Ruta",11,"SANTO TOMÉ","La Capital","Asfalto","No existe","I","Dentro","Urbana","Semáforo","Funciona","Intersección","Bueno","Buena","Nocturna,Con luz artificial","Buen Tiempo","S/D","Peatón","Atropello","Ninguna","S/D","Ninguna","Sin restricción"
2017,4079,3/18/2017,"Sabado",0,19:35:00,"Ruta Nacional 177","2.8",2,"Automóvil,Pickup/Utilitario"," ",9,6,2,0,0,1,0,"-33.25157, -60.34498","Ruta",177,"VILLA CONSTITUCIÓN","Constitución","Asfalto","Natural","VI","Dentro","Rural","S/D","No existe","Recta","Bueno","S/D","Atardecer","S/D","Frontal","S/D","Colisión","S/D","Horizontal","Línea divisoria pintada","Sin restricción"
2017,4080,7/7/2017,"Viernes",0,9:30:00,"Ruta Nacional 19","2.0",2,"Moto/Ciclomotor,Camión c / Semirremolque"," ",2,1,0,0,1,0,0,,"Ruta",19,"SANTO TOMÉ","La Capital","Hormigón","Pavimento","I","Dentro","Urbana","Ninguna","No existe","Recta","Bueno","Buena","Diurna","Buen Tiempo","Frontal","S/D","Colisión","Ninguna","Horizontal,Vertical","Línea divisoria pintada","Sin restricción"
2017,4081,7/18/2017,"Martes",0,12:40:00,,"0.0",2,"Moto/Ciclomotor,Automóvil","J Macia Y Cristobal Colon",2,1,0,0,1,0,0,,"Calle",,"SANTO TOMÉ","La Capital","Asfalto","No existe","I","S/D","Urbana","Ninguna","No existe","Intersección","Bueno","Buena","Diurna","Buen Tiempo","Lateral","S/D","Colisión","Ninguna","Vertical","Ninguna","Sin restricción"
2017,4082,4/7/2017,"Viernes",0,18:30:00,"Autopista Provincial Brigadier E.López","147.0",1,"Pickup/Utilitario"," ",1,1,0,0,0,0,0,,"Autopista","Brigadier E.López","SANTO TOMÉ","La Capital","S/D","S/D","I","Dentro","Rural","S/D","S/D","S/D","S/D","S/D","Diurna","S/D","S/D","S/D","Vuelco","S/D","S/D","S/D","S/D"
2017,4083,7/19/2017,"Miercoles",0,16:30:00,,"0.0",1,"Moto/Ciclomotor"," ",2,1,0,0,1,0,0,,"S/D",,"SANTA FE","La Capital","Hormigón","Pavimento","I","Dentro","Urbana","Ninguna","No existe","Intersección","Bueno","Buena","Atardecer","Buen Tiempo","Frontal","S/D","Colisión","Ninguna","Horizontal,Vertical","Barrera de hormigón","Sin restricción"
2017,4084,7/19/2017,"Miercoles",0,11:00:00,,"0.0",1,"Moto/Ciclomotor","Presidente Bernardino Rivadavi Y Hernandarias",3,2,0,0,1,0,0,,"Calle",,"SANTO TOMÉ","La Capital","Asfalto","No existe","I","Dentro","Urbana","Ninguna","No existe","Intersección","Bueno","Buena","Diurna","Buen Tiempo","Frontal","S/D","Caída ocupante","Agua","Faltante","Ninguna","Sin restricción"
2017,4085,4/11/2017,"Martes",0,17:30:00,"Ruta Provincial 1","8.0",2,"Automóvil,Moto/Ciclomotor"," ",2,1,0,0,1,0,0,,"Ruta",1,"SAN JOSÉ DEL RINCÓN","La Capital","Asfalto","Natural","I","Dentro","Urbana","Ninguna","No existe","Recta","Bueno","Buena","Diurna","Buen Tiempo","Lateral","S/D","Colisión","Ninguna","Horizontal","Cordón divisorio,S/D","Sin restricción"
2017,4086,4/11/2017,"Martes",0,,"Ruta Provincial 4","20.0",1,"Camión"," ",1,1,0,0,0,0,0,,"Ruta",4,"LAGUNA PAIVA","La Capital","S/D","S/D","I","Dentro","Rural","S/D","S/D","Recta","S/D","S/D","S/D","S/D","S/D","S/D","Vuelco","S/D","S/D","S/D","S/D"
2017,4087,4/16/2017,"Domingo",0,18:00:00,"Autopista Nacional Rosario -Cordoba","307.0",3,"Automóvil,Automóvil,Automóvil"," ",5,3,0,0,2,0,0,,"Autopista","Rosario -Cordoba","FUNES","Rosario","S/D","S/D","II","Dentro","Rural","S/D","S/D","Recta","S/D","S/D","Diurna","S/D","De alcance,Múltiple","S/D","Colisión","S/D","S/D","S/D","S/D"
2017,4088,4/27/2017,"Jueves",0,12:20:00,"Autopista Provincial Brigadier E.López","32.0",1,"Automóvil"," ",2,2,0,0,0,0,0,,"Autopista","Brigadier E.López","OLIVEROS","Iriondo","S/D","S/D","X","Dentro","Rural","S/D","S/D","Recta","S/D","S/D","Diurna","S/D","S/D","S/D","Vuelco","S/D","S/D","S/D","S/D"