"anio_acci","nro_acci","fecha","desc_dia","fecha_aprox","hora_aprox","desc_ruta","km","cant_participantes","desc_participante","calle_avenida_km","total","heridos_leves","heridos_graves","heridos_gravisimos","ilesos","fallecidos","sin_datos","posicion_XY","desc_tipo_via","desc_ruta_ori","desc_loc","desc_dpto","desc_tipo_calzada","desc_tipo_banquina","desc_unidad_regional","desc_lugar_calzada","desc_zona","desc_prioridad","desc_estado_semaforo","desc_lugar_via","desc_estado_via","desc_estado_visibilidad","desc_luminosidad","desc_estado_clima","desc_tipo_colision","desc_tipo_atropello","desc_tipo_hecho","desc_pres_calzada","desc_senializacion","desc_separacion_via","desc_restriccion"
2017,4089,4/1/2017,"Sabado",0,,,"0.0",2,"Automóvil,Moto/Ciclomotor","San Martin Y Bv. Balcarce",2,1,0,0,1,0,0,,"Calle",,"CAÑADA DE GÓMEZ","Iriondo","S/D","S/D","X","Dentro","Urbana","S/D","S/D","Intersección","S/D","S/D","S/D","S/D","S/D","S/D","Colisión","S/D","S/D","S/D","S/D"
2017,4090,4/1/2017,"Sabado",0,,,"0.0",2,"Automóvil,Moto/Ciclomotor","Necochea Y Marconi",2,1,0,0,1,0,0,,"Calle",,"CAÑADA DE GÓMEZ","Iriondo","S/D","S/D","X","Dentro","Urbana","S/D","S/D","Intersección","S/D","S/D","S/D","S/D","S/D","S/D","Colisión","S/D","S/D","S/D","S/D"
2017,4091,4/2/2017,"Domingo",0,,"Ruta Nacional 9","0.0",2,"Automóvil,Moto/Ciclomotor","Av. Santa Fe Y Dorrego",2,1,0,0,1,0,0,,"Ruta",9,"CAÑADA DE GÓMEZ","Iriondo","S/D","S/D","X","Dentro","Urbana","S/D","S/D","Intersección","S/D","S/D","S/D","S/D","S/D","S/D","Colisión","S/D","S/D","S/D","S/D"
2017,4092,7/27/2017,"Jueves",0,18:30:00,,"0.0",2,"Moto/Ciclomotor,Automóvil","Juan Jose Paso 2000",2,1,0,0,1,0,0,,"Calle",,"SANTO TOMÉ","La Capital","Tierra","No existe","I","Dentro","Urbana","Ninguna","No existe","Recta","Con baches","Buena","Atardecer","Buen Tiempo","Frontal","S/D","Colisión","Agua","Faltante","Ninguna","S/D"
2017,4093,4/3/2017,"Lunes",0,15:00:00,"Ruta Nacional 9","0.0",2,"Moto/Ciclomotor,Automóvil","Dorrego ",2,1,0,0,1,0,0,,"Ruta",9,"CAÑADA DE GÓMEZ","Iriondo","S/D","S/D","X","Dentro","Urbana","S/D","S/D","Intersección","S/D","S/D","Diurna","S/D","S/D","S/D","Colisión","S/D","S/D","S/D","S/D"
2017,4094,7/28/2017,"Viernes",0,11:00:00,,"0.0",2,"Pickup/Utilitario,Camión Chasis"," ",2,1,0,0,1,0,0,,"S/D",,"SANTO TOMÉ","La Capital","Hormigón","Pavimento","I","S/D","Urbana","Semáforo","Funciona","Intersección","Bueno","Buena","Diurna","Buen Tiempo","Frontal","S/D","Colisión","Ninguna","Horizontal,Vertical","Línea divisoria pintada","Sin restricción"
2017,4095,7/30/2017,"Domingo",0,19:20:00,"Ruta Nacional 19","0.0",2,"Moto/Ciclomotor,Automóvil"," ",2,1,0,0,1,0,0,,"Ruta",19,"SANTO TOMÉ","La Capital","Hormigón","Pavimento","I","S/D","Urbana","Semáforo","Funciona","Intersección","Bueno","Buena","Nocturna","Buen Tiempo","Frontal","S/D","Colisión","Ninguna","Horizontal,Vertical","Línea divisoria pintada","Sin restricción"
2017,4096,7/4/2017,"Martes",0,18:30:00,,"0.0",2,"Bicicleta,Automóvil","Ruta Nac 168 Y Laurencio Maradona",2,1,0,0,1,0,0,,"Calle",,"SANTA FE","La Capital","Asfalto","No existe","I","Dentro","Urbana","Ninguna","No existe","Distribuidor","Bueno","Buena","Atardecer","Buen Tiempo","S/D","Ciclista","Atropello","Ninguna","Horizontal","Ninguna","Sin restricción"
2017,4097,7/31/2017,"Lunes",0,13:50:00,,"0.0",2,"Moto/Ciclomotor,Transporte de Pasajeros Urbano (> 8 asientos)","Av 7 de marzo Y Juan Jose Paso",2,1,0,0,1,0,0,,"Avenida",,"SANTO TOMÉ","La Capital","Ripio","No existe","I","Dentro","Urbana","Ninguna","No existe","Intersección","Con baches","Buena","Diurna","Buen Tiempo","Frontal","S/D","Colisión","Ninguna","Faltante","Ninguna","Sin restricción"
2017,4098,7/8/2017,"Sabado",0,17:30:00,,"0.0",2,"Moto/Ciclomotor,Taxi/Remis","Francia Y Juan de Garay",2,1,0,0,1,0,0,,"Avenida",,"SANTA FE","La Capital","Asfalto","No existe","I","Dentro","Urbana","Ninguna","No existe","Intersección","Con baches","Buena","Diurna","Buen Tiempo","Lateral","S/D","Colisión","Ninguna","Faltante","Ninguna","Sin restricción"
2017,4099,7/9/2017,"Domingo",0,23:15:00,,"0.0",2,"Automóvil,Bicicleta","Saavedra Y Av Gral Lopez",2,1,0,0,1,0,0,,"Avenida",,"SANTA FE","La Capital","Asfalto","No existe","I","S/D","Urbana","Ninguna","No existe","Intersección","Bueno","Buena","Nocturna","Buen Tiempo","S/D","Ciclista","Atropello","Ninguna","Faltante","Línea divisoria pintada","Sin restricción"
2017,4100,7/2/2017,"Domingo",0,17:30:00,,"0.0",2,"Moto/Ciclomotor,Pickup/Utilitario","Alberdi Y Libertad",3,1,0,0,2,0,0,,"Calle",,"SANTA FE","La Capital","Asfalto","No existe","I","Dentro","Urbana","Ninguna","Funciona","Recta","Bueno","Buena","Diurna","Buen Tiempo","Lateral","S/D","Colisión","Ninguna","S/D","Ninguna","Sin restricción"
2017,4101,4/4/2017,"Martes",0,10:20:00,,"0.0",2,"Automóvil,Moto/Ciclomotor","Lisandro de la Torre Y Dean Funes",2,1,0,0,1,0,0,,"Calle",,"VENADO TUERTO","General López","S/D","S/D","VIII","Dentro","Urbana","S/D","S/D","Intersección","S/D","S/D","Diurna","S/D","S/D","S/D","Colisión","S/D","S/D","S/D","S/D"
2017,4102,4/4/2017,"Martes",0,12:40:00,,"0.0",1,"Bicicleta","Lisandro de la Torre Y Coronel Dorrego",2,2,0,0,0,0,0,,"Calle",,"VENADO TUERTO","General López","S/D","S/D","VIII","Dentro","Urbana","S/D","S/D","S/D","S/D","S/D","Diurna","S/D","S/D","S/D","Caída ocupante","S/D","S/D","S/D","S/D"
2017,4103,7/17/2017,"Lunes",0,9:25:00,,"0.0",2,"Moto/Ciclomotor,Automóvil","Balcarce Y J Macia",2,1,0,0,1,0,0,,"Calle",,"SANTO TOMÉ","La Capital","Asfalto","No existe","I","S/D","Urbana","Ninguna","No existe","Intersección","Bueno","Buena","Diurna","Buen Tiempo","Lateral","S/D","Colisión","Ninguna","S/D","Ninguna","Sin restricción"
2017,4104,4/4/2017,"Martes",0,13:30:00,,"0.0",1,"Moto/Ciclomotor","Ayacucho Y Iturbide",2,2,0,0,0,0,0,,"Calle",,"VENADO TUERTO","General López","S/D","S/D","VIII","Dentro","Urbana","S/D","S/D","S/D","S/D","S/D","Diurna","S/D","S/D","S/D","Caída ocupante","S/D","S/D","S/D","S/D"
2017,4105,7/10/2017,"Lunes",0,17:30:00,,"0.0",2,"Bicicleta,Automóvil","Hipolito Irigoyen Y Balcarce",2,1,0,0,1,0,0,,"Calle",,"SANTO TOMÉ","La Capital","Asfalto","S/D","I","S/D","Urbana","Ninguna","No existe","Intersección","Bueno","Buena","Diurna","Otro","S/D","Ciclista","Atropello","S/D","S/D","Ninguna","Sin restricción"
2017,4106,7/24/2017,"Lunes",0,22:00:00,,"0.0",2,"Moto/Ciclomotor,Taxi/Remis","Hernandarias Y Centenario",2,1,0,0,1,0,0,,"Calle",,"SANTO TOMÉ","La Capital","Asfalto","S/D","I","S/D","Urbana","Ninguna","Funciona","Intersección","Bueno","Buena","Nocturna","S/D","De alcance","S/D","Colisión","S/D","S/D","Ninguna","Sin restricción"
2017,4107,4/4/2017,"Martes",0,,"Ruta Nacional 11","0.0",2,"Bicicleta,Moto/Ciclomotor","Calle 25-Rivadavia ",2,1,0,0,1,0,0,,"Ruta",11,"RECONQUISTA","General Obligado","S/D","S/D","IX","Dentro","Urbana","S/D","S/D","Intersección","S/D","S/D","Diurna","S/D","S/D","Ciclista","Atropello","S/D","S/D","S/D","S/D"
2017,4108,4/4/2017,"Martes",0,,"Ruta Nacional 9","0.0",2,"Camión,Automóvil"," ",2,1,0,0,1,0,0,,"Ruta",9,"CORREA","Iriondo","S/D","S/D","X","Dentro","Urbana","S/D","S/D","Puente","S/D","S/D","Diurna","S/D","De alcance","S/D","Colisión","S/D","S/D","S/D","S/D"
2017,4109,7/12/2017,"Miercoles",0,22:00:00,,"0.0",2,"Moto/Ciclomotor,Automóvil","3 de Febrero Y Francia",2,1,0,0,1,0,0,,"Avenida",,"SANTA FE","La Capital","Asfalto","No existe","I","S/D","Urbana","Ninguna","No existe","Intersección","Bueno","Buena","Nocturna","Buen Tiempo","Lateral","S/D","Colisión","Ninguna","Faltante","Ninguna","Sin restricción"
2017,4110,4/5/2017,"Miercoles",0,,,"0.0",2,"Moto/Ciclomotor,Automóvil","Nicolas Avellaneda Y Maipu",2,1,0,0,1,0,0,,"Calle",,"CAÑADA DE GÓMEZ","Iriondo","S/D","S/D","X","Dentro","Urbana","S/D","S/D","Intersección","S/D","S/D","S/D","S/D","S/D","S/D","Colisión","S/D","S/D","S/D","S/D"
2017,4111,7/13/2017,"Jueves",0,7:30:00,"Ruta Nacional 11","0.0",2,"Automóvil,Automóvil","Intendente Manuel Irigoyen Y Av Circunvalación",2,1,0,0,1,0,0,,"Ruta",11,"SANTA FE","La Capital","Asfalto","No existe","I","Dentro","Urbana","Ninguna","No existe","Cruce","Con baches","Buena","Diurna","Buen Tiempo","Lateral","S/D","Colisión","Ninguna","Faltante","Ninguna","Sin restricción"
2017,4112,6/30/2017,"Viernes",0,7:20:00,,"0.0",1,"Moto/Ciclomotor"," ",1,0,1,0,0,0,0,,"Calle",,"SANTA FE","La Capital","Asfalto","No existe","I","Dentro","Urbana","Ninguna","No existe","Curva","Ahuellamiento","Reducida","Amanecer","Lluvia","S/D","S/D","Caída ocupante","Agua","S/D","Guardarrail","Sin restricción"
2017,4113,7/1/2017,"Sabado",0,20:30:00,,"0.0",2,"Moto/Ciclomotor,Moto/Ciclomotor","Alberdi Y Salta",2,2,0,0,0,0,0,,"Calle",,"SANTA FE","La Capital","Asfalto","No existe","I","Dentro","Urbana","Ninguna","No existe","Intersección","Bueno","Buena","Nocturna","Buen Tiempo","Lateral","S/D","Colisión","Ninguna","S/D","Ninguna","Sin restricción"
2017,4114,7/1/2017,"Sabado",0,20:00:00,,"0.0",2,"Moto/Ciclomotor,Automóvil","Bv Pellegrini 2755",2,1,0,0,1,0,0,,"Avenida",,"SANTA FE","La Capital","Asfalto","Pavimento","I","Dentro","Urbana","Semáforo","Funciona","Recta","Bueno","Buena","Nocturna,Con luz artificial","Buen Tiempo","Lateral","S/D","Colisión","Ninguna","Horizontal","Ninguna","Sin restricción"
2017,4115,7/12/2017,"Miercoles",0,18:40:00,,"0.0",2,"Moto/Ciclomotor,Moto/Ciclomotor","Leiva Y Antartida Argentina",4,2,0,0,2,0,0,,"Calle",,"MARGARITA","Vera","Asfalto","No existe","XIX","S/D","Urbana","Ninguna","No existe","Intersección","Bueno","Reducida","Atardecer","Lluvia","Lateral","S/D","Colisión","Ninguna","Faltante","Ninguna","Sin restricción"
2017,4116,7/3/2017,"Lunes",0,12:50:00,,"0.0",2,"Moto/Ciclomotor,Automóvil","La Rioja Y 4 de Enero",2,1,0,0,1,0,0,,"Calle",,"SANTA FE","La Capital","Asfalto","Pavimento","I","Dentro","Rural","Ninguna","No existe","Intersección","Bueno","Buena","Diurna","Buen Tiempo","Lateral","S/D","Colisión","Ninguna","Horizontal","Ninguna","Sin restricción"
2017,4117,7/3/2017,"Lunes",0,14:30:00,,"0.0",2,"Moto/Ciclomotor,Automóvil","La Rioja 2500",2,1,0,0,1,0,0,,"Calle",,"SANTA FE","La Capital","Asfalto","Pavimento","I","Dentro","Urbana","Ninguna","No existe","Recta","Bueno","Buena","Diurna","Buen Tiempo","Lateral","S/D","Colisión","Ninguna","Horizontal","Ninguna","Sin restricción"
2017,4118,7/13/2017,"Jueves",0,13:00:00,,"0.0",2,"Peatón,Moto/Ciclomotor","Juan Bautista Alberdi Y Hipolito Irigoyen",2,1,0,0,0,0,1,,"Calle",,"SANTO TOMÉ","La Capital","Asfalto","S/D","I","Dentro","Urbana","Semáforo","Funciona","Intersección","Bueno","Buena","Diurna","Buen Tiempo","Lateral","Peatón","Atropello","Ninguna","Vertical","S/D","Sin restricción"
2017,4119,7/28/2017,"Viernes",0,20:00:00,,"0.0",1,"Moto/Ciclomotor","Ituzaingo Y Pje Cont. Arturo Rabossi",2,2,0,0,0,0,0,,"Calle",,"CALCHAQUÍ","Vera","Tierra","Natural","XIX","Dentro","Urbana","Ninguna","No existe","Intersección","Bueno","Buena","Nocturna,Con luz artificial","Buen Tiempo","Atropello animal","S/D","Colisión","Ninguna","Faltante","Ninguna","Sin restricción"
2017,4120,7/3/2017,"Lunes",0,19:30:00,,"0.0",2,"Bicicleta,Automóvil","4 de Enero Y Corrientes",2,1,0,0,1,0,0,,"Calle",,"SANTA FE","La Capital","Asfalto","Pavimento","I","S/D","Urbana","Ninguna","No existe","Cruce","Bueno","Buena","Atardecer","Otro","Otro","Ciclista","Atropello","Ninguna","Horizontal","Ninguna","Sin restricción"
2017,4121,7/1/2017,"Sabado",0,15:35:00,,"0.0",2,"Automóvil,Moto/Ciclomotor"," ",2,1,0,0,1,0,0,,"Calle",,"VERA","Vera","S/D","S/D","XIX","Dentro","Urbana","Ninguna","S/D","S/D","S/D","Buena","Diurna","Buen Tiempo","Lateral","S/D","Colisión","S/D","S/D","Ninguna","Sin restricción"
2017,4122,7/5/2017,"Miercoles",0,9:00:00,"Autopista Provincial Brigadier E.López","152.0",2,"Automóvil,Moto/Ciclomotor"," ",2,1,0,0,1,0,0,,"Autopista","Brigadier E.López","SANTO TOMÉ","La Capital","Tierra","No existe","I","Dentro","Rural","Ninguna","No existe","Recta","Bueno","Buena","Diurna","Buen Tiempo","Frontal","S/D","Colisión","Ninguna","Faltante","Ninguna","Sin restricción"
2017,4123,7/14/2017,"Viernes",0,19:15:00,,"0.0",2,"Bicicleta,Automóvil","Necochea Y Dalmacio Velez Sarfield",2,1,0,0,1,0,0,,"Calle",,"SANTO TOMÉ","La Capital","Ripio","No existe","I","Dentro","Urbana","Ninguna","No existe","Intersección","Bueno","Buena","Atardecer","Buen Tiempo","Frontal","Ciclista","Atropello","Ninguna","Faltante","Ninguna","Sin restricción"
2017,4124,7/7/2017,"Viernes",0,20:00:00,,"0.0",2,"Moto/Ciclomotor,Pickup/Utilitario","L de la Torre Y Soldado Gomez",2,1,0,0,1,0,0,,"Calle",,"VERA","Vera","Asfalto","No existe","XIX","Dentro","Urbana","Ninguna","No existe","Intersección","Bueno","Buena","Nocturna","Buen Tiempo","Lateral","S/D","Colisión","Ninguna","Faltante","Ninguna","Sin restricción"
2017,4125,7/6/2017,"Jueves",0,9:40:00,,"0.0",2,"Bicicleta,Taxi/Remis","Primera Junta 3000",2,1,0,0,1,0,0,,"Calle",,"SANTA FE","La Capital","Asfalto","Pavimento","I","Dentro","Urbana","Ninguna","No existe","Recta","Bueno","Buena","Diurna","Lluvia","Múltiple","Ciclista","Atropello","Ninguna","Horizontal","Ninguna","Sin restricción"
2017,4126,7/15/2017,"Sabado",0,7:00:00,,"0.0",2,"Automóvil,Moto/Ciclomotor","J J Paso Y Francia",2,1,0,0,1,0,0,,"S/D",,"SANTA FE","La Capital","Asfalto","No existe","I","S/D","S/D","Ninguna","S/D","Intersección","Con baches","Buena","Diurna","Buen Tiempo","Lateral","S/D","Colisión","Ninguna","Faltante","Ninguna","Sin restricción"
2017,4127,7/31/2017,"Lunes",0,16:00:00,,"0.0",2,"Automóvil,Moto/Ciclomotor"," ",2,1,0,0,1,0,0,,"Calle",,"SANTO TOMÉ","La Capital","Tierra","No existe","I","Dentro","Urbana","Ninguna","No existe","Recta","Bueno","Buena","Diurna","Buen Tiempo","Lateral","S/D","Colisión","Ninguna","Faltante","Ninguna","Sin restricción"
2017,4128,7/8/2017,"Sabado",0,3:35:00,"Ruta Nacional 11","731.0",1,"Automóvil"," ",2,1,1,0,0,0,0,,"Ruta",11,"VERA","Vera","Asfalto","Natural","XIX","S/D","S/D","Ninguna","No existe","Recta","Bueno","Buena","Nocturna","Buen Tiempo","S/D","S/D","Vuelco","Ninguna","S/D","Ninguna","Sin restricción"
2017,4129,7/7/2017,"Viernes",0,12:00:00,,"0.0",2,"Automóvil,Taxi/Remis","Obispo Gelabert Y 9 de Julio",2,1,0,0,1,0,0,,"Calle",,"SANTA FE","La Capital","Asfalto","Pavimento","I","Dentro","Urbana","Ninguna","No existe","Cruce","Bueno","Buena","Diurna","Lluvia","Frontal","S/D","Colisión","Ninguna","Horizontal","Ninguna","Sin restricción"
2017,4130,7/7/2017,"Viernes",0,12:15:00,,"0.0",2,"Automóvil,Moto/Ciclomotor","4 de Enero Y Mariano Comas",2,1,0,0,1,0,0,,"Calle",,"SANTA FE","La Capital","Asfalto","No existe","I","Dentro","Urbana","Ninguna","No existe","Intersección","Bueno","Buena","Diurna","Buen Tiempo","S/D","S/D","Colisión","Ninguna","Horizontal","Ninguna","Sin restricción"
2017,4131,7/10/2017,"Lunes",0,12:30:00,,"0.0",2,"Moto/Ciclomotor,Automóvil"," ",2,1,0,0,1,0,0,,"Calle",,"SANTA FE","La Capital","Asfalto","No existe","I","Dentro","Urbana","Ninguna","No existe","Intersección","Bueno","Buena","Diurna","Buen Tiempo","Lateral","S/D","Colisión","Ninguna","Horizontal","Ninguna","Sin restricción"
2017,4132,7/15/2017,"Sabado",0,4:20:00,,"0.0",2,"Moto/Ciclomotor,Automóvil","Rivadavia Y Corrientes",2,0,1,0,1,0,0,,"Calle",,"VERA","Vera","Asfalto","No existe","XIX","Dentro","Urbana","Ninguna","No existe","Intersección","Bueno","Buena","Nocturna","Buen Tiempo","Lateral","S/D","Colisión","Ninguna","Faltante","Ninguna","Sin restricción"
2017,4133,7/17/2017,"Lunes",0,21:40:00,,"0.0",2,"Automóvil,Moto/Ciclomotor","Jujuy Y Av Freyre",2,1,0,0,1,0,0,,"Avenida",,"SANTA FE","La Capital","Asfalto","No existe","I","Dentro","Urbana","Ninguna","No existe","Intersección","Con baches","Buena","Nocturna","Buen Tiempo","Lateral","S/D","Colisión","Ninguna","Faltante","Ninguna","Sin restricción"
2017,4134,7/27/2017,"Jueves",0,7:00:00,"Ruta Provincial 4","79.0",2,"Automóvil,Camión c / Acoplado"," ",2,1,0,0,1,0,0,,"Ruta",4,"LA PELADA","Las Colonias","Asfalto","Natural","XI","Dentro","Urbana","Ninguna","No existe","Recta","Con baches","Reducida","Amanecer","Buen Tiempo","Lateral","S/D","Colisión","Ninguna","Faltante","Línea divisoria pintada","Sin restricción"
2017,4135,7/26/2017,"Miercoles",0,16:20:00,"Ruta Provincial 4","69.0",4,"Camión Chasis,Camión Chasis,Camión Chasis,Camión c / Semirremolque"," ",4,0,1,0,3,0,0,,"Ruta",4,"LA PELADA","Las Colonias","Asfalto","Natural","XI","Dentro","Urbana","Ninguna","No existe","Recta","Con baches","Buena","Diurna","Buen Tiempo","Múltiple","S/D","Colisión","Ninguna","Horizontal,Vertical","Línea divisoria pintada","Sin restricción"
2017,4136,7/18/2017,"Martes",0,21:45:00,,"0.0",2,"Moto/Ciclomotor,Bicicleta","J J Paso Y Av Urquiza",2,2,0,0,0,0,0,,"Avenida",,"SANTA FE","La Capital","Asfalto","No existe","I","Dentro","Urbana","Ninguna","Funciona","Intersección","Con baches","Buena","Nocturna","Buen Tiempo","S/D","Ciclista","Atropello","Ninguna","Faltante","Línea divisoria pintada","Sin restricción"
2017,4137,7/20/2017,"Jueves",0,12:20:00,,"0.0",2,"Automóvil,Moto/Ciclomotor","Jujuy Y Francia",2,1,0,0,1,0,0,,"Calle",,"SANTA FE","La Capital","Asfalto","No existe","I","Dentro","Urbana","Ninguna","No existe","Intersección","Con baches","Buena","Diurna","Buen Tiempo","Lateral","S/D","Colisión","Ninguna","Faltante","Línea divisoria pintada","Sin restricción"
2017,4138,7/15/2017,"Sabado",0,19:05:00,,"0.0",2,"Automóvil,Moto/Ciclomotor","L de la Torre Y Urquiza",3,3,0,0,0,0,0,,"Calle",,"VERA","Vera","S/D","S/D","XIX","Dentro","Urbana","Ninguna","S/D","Intersección","S/D","Buena","Atardecer","Buen Tiempo","Lateral","S/D","Colisión","Ninguna","S/D","Ninguna","Sin restricción"
2017,4139,7/31/2017,"Lunes",0,18:30:00,,"0.0",2,"Automóvil,Bicicleta","Almafuerte Y Sarmiento",2,1,0,0,1,0,0,,"Calle",,"SAN CARLOS CENTRO","Las Colonias","Asfalto","No existe","XI","Dentro","Urbana","Ninguna","No existe","Intersección","Bueno","Buena","Atardecer","Buen Tiempo","S/D","Ciclista","Atropello","Ninguna","S/D","Ninguna","S/D"
2017,4140,7/12/2017,"Miercoles",0,11:50:00,,"0.0",2,"Automóvil,Moto/Ciclomotor","Carlos Silvestre Begnis ",2,1,0,0,1,0,0,,"Calle",,"TOSTADO","9 de Julio","Asfalto","Pavimento","XII","Dentro","Urbana","S/D","No existe","Recta","Resbaladiza","Reducida","Diurna","Lluvia","S/D","S/D","Colisión","Agua","Faltante","Cordón divisorio","Sin restricción"
2017,4141,7/16/2017,"Domingo",0,19:30:00,,"0.0",2,"Moto/Ciclomotor,Automóvil","Corrientes Y 1ro de Mayo",2,1,0,0,1,0,0,,"Calle",,"VERA","Vera","Asfalto","No existe","XIX","Dentro","Urbana","Ninguna","No existe","Intersección","Bueno","Buena","Nocturna","Buen Tiempo","Lateral","S/D","Colisión","Ninguna","Faltante","Ninguna","Sin restricción"
2017,4142,7/20/2017,"Jueves",0,19:05:00,,"0.0",2,"Moto/Ciclomotor,Pickup/Utilitario","Mitre B Y Colon",2,1,0,0,1,0,0,,"Calle",,"VERA","Vera","Asfalto","No existe","XIX","Dentro","Urbana","Ninguna","No existe","Intersección","Bueno","Buena","Diurna","Buen Tiempo","Lateral","S/D","Colisión","Ninguna","Faltante","Ninguna","Sin restricción"
2017,4143,7/22/2017,"Sabado",0,21:15:00,,"0.0",2,"Moto/Ciclomotor,Moto/Ciclomotor","Colon Y R S Pe±a",3,2,0,0,1,0,0,,"Calle",,"VERA","Vera","Asfalto","No existe","XIX","Dentro","Urbana","Ninguna","No existe","Intersección","Bueno","Buena","Nocturna","Buen Tiempo","Lateral","S/D","Colisión","Ninguna","Faltante","Ninguna","Sin restricción"
2017,4144,7/24/2017,"Lunes",0,16:40:00,,"0.0",2,"Moto/Ciclomotor,Automóvil","Av Mosconi Y Juan de Garay",2,1,0,0,1,0,0,,"Calle",,"SANTA FE","La Capital","Asfalto","No existe","I","Dentro","Urbana","Ninguna","No existe","Intersección","Con baches","Buena","Diurna","Buen Tiempo","Lateral","S/D","Colisión","Ninguna","Faltante","Ninguna","Sin restricción"
2017,4145,7/27/2017,"Jueves",0,8:10:00,,"0.0",2,"Automóvil,Moto/Ciclomotor","3 de Febrero Y San Jose",2,1,0,0,1,0,0,,"Avenida",,"SANTA FE","La Capital","Asfalto","No existe","I","Dentro","Urbana","Ninguna","No existe","Intersección","Con baches","Buena","Diurna","Buen Tiempo","Lateral","S/D","Colisión","Ninguna","Faltante","Ninguna","Sin restricción"
2017,4146,4/2/2017,"Domingo",0,6:00:00,,"0.0",1,"Moto/Ciclomotor","Simon de Iriondo Y Dr Reinaldo Vanossi",2,0,0,0,0,2,0,"-31.42964, -60.92444","Calle",,"ESPERANZA","Las Colonias","Asfalto","No existe","XI","Dentro","Urbana","Ninguna","No existe","Intersección","S/D","Buena","Amanecer","Otro","S/D","S/D","Caída ocupante","S/D","S/D","Ninguna","Sin restricción"
2017,4147,4/9/2017,"Domingo",0,20:30:00,"Ruta Provincial 65","0.0",2,"Pickup/Utilitario,Camión c / Acoplado","RP 65 ENTRE URQUIZA Y BUSCHIAZZO ",4,2,0,0,1,1,0,"-32.37222, -61.35096","Ruta",65,"SAN GENARO","San Jerónimo","Asfalto","Ripio","XV","Dentro","Urbana","S/D","No existe","Recta","Bueno","Buena","Con luz artificial","Otro","Frontal","S/D","Colisión","Agua","Faltante","Cordón divisorio","Sin restricción"
2017,4148,3/22/2017,"Miercoles",0,22:45:00,,"0.0",2,"Moto/Ciclomotor,Transporte de Pasajeros Urbano (> 8 asientos)","La Pampa 4500",2,0,0,0,1,1,0,"-31.57695, -60.71445","Calle",,"SANTA FE","La Capital","Asfalto","S/D","I","Dentro","Urbana","S/D","No existe","Intersección","S/D","S/D","Nocturna","S/D","S/D","S/D","Caída ocupante,Colisión","S/D","S/D","S/D","S/D"
2017,4149,4/11/2017,"Martes",0,20:00:00,"Ruta Provincial 70","0.0",2,"Pickup/Utilitario,Pickup/Utilitario","RP 70 Y PRESIDENTE BRECHBULL",3,0,1,0,1,1,0,"-31.40317, -61.06111","Ruta",70,"HUMBOLDT","Las Colonias","Asfalto","Natural","XI","Fuera","Urbana","Policía de tránsito","No existe","Cruce","Bueno","Buena","Nocturna,Con luz artificial","Buen Tiempo","Frontal","S/D","Colisión","Ninguna","Vertical","Línea divisoria pintada","Accidente Previo"
2017,4150,4/12/2017,"Miercoles",0,9:15:00,"Ruta Provincial 14","35.0",2,"Camión,Automóvil"," ",4,0,3,0,0,1,0,"-33.24111, -60.94433","Ruta",14,"VILLA MUGUETA","San Lorenzo","Asfalto","Natural","XVII","Dentro","Rural","Otra Señal","No existe","Curva","Con baches","Buena","Diurna","Buen Tiempo","Frontal","S/D","Colisión","Ninguna","Vertical","Línea divisoria pintada","Sin restricción"
2017,4151,7/30/2017,"Domingo",0,,"Ruta Nacional 11","0.0",2,"Automóvil,Camión"," ",3,1,1,0,1,0,0,,"Ruta",11,"LA CRIOLLA","San Justo","Asfalto","Natural","XVI","Dentro","Urbana","Marca Vial","No existe","Curva","Bueno","Reducida","Diurna","Otro","Lateral","S/D","Colisión","Ninguna","Vertical","Línea divisoria pintada","Sin restricción"
2017,4152,7/24/2017,"Lunes",0,20:30:00,,"0.0",2,"Moto/Ciclomotor,Automóvil","1ro de setiembre Y S Domingo de Guzman",3,0,1,0,2,0,0,,"Calle",,"GOBERNADOR CRESPO","San Justo","Ripio","Natural","XVI","Dentro","Urbana","Ninguna","No existe","Intersección","Bueno","Buena","Nocturna","Buen Tiempo","Lateral","S/D","Colisión","Ninguna","Faltante","Ninguna","Sin restricción"
2017,4153,7/28/2017,"Viernes",0,8:15:00,,"0.0",2,"Camión Chasis,Bicicleta","Centenario ",2,0,1,0,1,0,0,,"Calle",,"GOBERNADOR CRESPO","San Justo","Asfalto","Pavimento","XVI","Dentro","Urbana","Ninguna","No existe","Recta","Bueno","Buena","Atardecer","Buen Tiempo","S/D","Ciclista","Atropello","Ninguna","Faltante","Ninguna","Sin restricción"
2017,4154,7/29/2017,"Sabado",0,20:50:00,,"0.0",1,"Moto/Ciclomotor","P Gaggero 2900",1,1,0,0,0,0,0,,"Calle",,"SAN JUSTO","San Justo","Asfalto","No existe","XVI","Dentro","Urbana","Ninguna","No existe","Recta","Bueno","Reducida","Nocturna","Buen Tiempo","S/D","S/D","Caída ocupante","Ninguna","Faltante","Ninguna","Sin restricción"