"anio_acci","nro_acci","fecha","desc_dia","fecha_aprox","hora_aprox","desc_ruta","km","cant_participantes","desc_participante","calle_avenida_km","total","heridos_leves","heridos_graves","heridos_gravisimos","ilesos","fallecidos","sin_datos","posicion_XY","desc_tipo_via","desc_ruta_ori","desc_loc","desc_dpto","desc_tipo_calzada","desc_tipo_banquina","desc_unidad_regional","desc_lugar_calzada","desc_zona","desc_prioridad","desc_estado_semaforo","desc_lugar_via","desc_estado_via","desc_estado_visibilidad","desc_luminosidad","desc_estado_clima","desc_tipo_colision","desc_tipo_atropello","desc_tipo_hecho","desc_pres_calzada","desc_senializacion","desc_separacion_via","desc_restriccion"
2017,4155,7/14/2017,"Viernes",0,8:25:00,,"0.0",2,"Automóvil,Bicicleta","San Jeronimo Y Irigoyen Freyre",2,1,0,0,1,0,0,,"Calle",,"SANTA FE","La Capital","Asfalto","No existe","I","Dentro","Urbana","Ninguna","No existe","Intersección","Bueno","Buena","Diurna","Buen Tiempo","S/D","Ciclista","Atropello","Ninguna","Horizontal","Ninguna","Sin restricción"
2017,4156,7/18/2017,"Martes",0,20:05:00,,"0.0",2,"Moto/Ciclomotor,Automóvil","Cruz Roje Argentina Y Corrientes",3,1,0,0,2,0,0,,"Calle",,"SANTA FE","La Capital","Hormigón","No existe","I","Dentro","Urbana","Ninguna","No existe","Intersección","Bueno","Buena","Nocturna","Buen Tiempo","Lateral","S/D","Colisión","Ninguna","Horizontal","Ninguna","Sin restricción"
2017,4157,7/24/2017,"Lunes",0,8:50:00,"Ruta Provincial 3","0.0",2,"Automóvil,Automóvil","A Lezama ",3,1,0,0,2,0,0,,"Ruta",3,"VERA","Vera","Asfalto","No existe","XIX","Dentro","Urbana","Ninguna","No existe","Intersección","Bueno","Buena","Diurna","Buen Tiempo","Lateral","S/D","Colisión","Ninguna","Faltante","Ninguna","Sin restricción"
2017,4158,7/13/2017,"Jueves",0,16:40:00,,"0.0",1,"Peatón","San Jeronimo Y Obispo Gelabert",2,1,0,0,0,0,1,,"Calle",,"SANTA FE","La Capital","Asfalto","No existe","I","Dentro","Urbana","Ninguna","No existe","Intersección","Bueno","Buena","Diurna","Buen Tiempo","Lateral","S/D","Colisión","Ninguna","Horizontal","Ninguna","Sin restricción"
2017,4159,7/29/2017,"Sabado",0,11:15:00,,"0.0",2,"Automóvil,Moto/Ciclomotor","R S Pe±a Y 25 de Mayo",2,1,0,0,1,0,0,,"Calle",,"VERA","Vera","Asfalto","No existe","XIX","Dentro","Urbana","Ninguna","No existe","Intersección","S/D","Buena","Diurna","Buen Tiempo","Lateral","S/D","Colisión","S/D","S/D","Ninguna","Sin restricción"
2017,4160,7/20/2017,"Jueves",0,10:30:00,,"0.0",2,"Moto/Ciclomotor,Bicicleta","Av 27 de Febrero Y Juan de Garay",3,3,0,0,0,0,0,,"Avenida",,"SANTA FE","La Capital","Hormigón","No existe","I","Dentro","Urbana","Ninguna","No existe","Intersección","Bueno","Buena","Diurna","Buen Tiempo","De alcance","S/D","Colisión","Ninguna","Horizontal","Ninguna","Sin restricción"
2017,4161,7/29/2017,"Sabado",0,16:50:00,,"0.0",2,"Bicicleta,Automóvil","Buenos Aires Y Belgrano",3,2,0,0,1,0,0,,"Calle",,"VERA","Vera","Asfalto","No existe","XIX","Dentro","Urbana","Ninguna","No existe","Intersección","Bueno","Buena","Diurna","Buen Tiempo","S/D","Ciclista","Atropello","Ninguna","Faltante","Ninguna","Sin restricción"
2017,4162,7/29/2017,"Sabado",0,6:10:00,,"0.0",2,"Moto/Ciclomotor,Peatón","A Lezama 3050",2,1,0,0,1,0,0,,"Calle",,"VERA","Vera","Asfalto","No existe","XIX","Dentro","Urbana","Ninguna","No existe","Recta","Bueno","Buena","Diurna","Buen Tiempo","S/D","Peatón","Atropello","Ninguna","Faltante","Ninguna","Sin restricción"
2017,4163,7/31/2017,"Lunes",0,12:30:00,,"0.0",2,"Moto/Ciclomotor,Camión Chasis","Rosario Y Cordoba",3,1,0,0,2,0,0,,"Calle",,"VERA","Vera","Ripio","No existe","XIX","Dentro","Urbana","Ninguna","No existe","Intersección","Bueno","Buena","Diurna","Buen Tiempo","Lateral","S/D","Colisión","Ninguna","Faltante","Ninguna","Sin restricción"
2017,4164,7/20/2017,"Jueves",0,12:30:00,,"0.0",2,"Peatón,Otros"," ",2,1,0,0,1,0,0,,"S/D",,"SANTA FE","La Capital","Hormigón","Natural","I","S/D","Urbana","Ninguna","No existe","Recta","Bueno","Buena","Diurna","Buen Tiempo","Frontal","S/D","Colisión","Ninguna","Horizontal","Guardarrail","Sin restricción"
2017,4165,7/30/2017,"Domingo",0,10:45:00,,"0.0",2,"Moto/Ciclomotor,Automóvil","Av Urquiza Y Tucuman",2,1,0,0,1,0,0,,"Avenida",,"SANTA FE","La Capital","Asfalto","No existe","I","Dentro","Urbana","Ninguna","Funciona","Intersección","Bueno","Buena","Diurna","Buen Tiempo","Lateral","S/D","Colisión","Ninguna","Horizontal,Vertical","Ninguna","Sin restricción"
2017,4166,7/21/2017,"Viernes",0,8:30:00,,"0.0",2,"Pickup/Utilitario,Automóvil","4 de Enero Y Bv Pellegrini",2,1,0,0,1,0,0,,"Avenida",,"SANTA FE","La Capital","Asfalto","No existe","I","Dentro","Urbana","Ninguna","Funciona","Intersección","Bueno","Buena","Diurna","Buen Tiempo","Frontal","S/D","Colisión","Ninguna","Horizontal,Vertical","Ninguna","Sin restricción"
2017,4167,7/10/2017,"Lunes",0,22:05:00,,"0.0",2,"Automóvil,Moto/Ciclomotor","Rivadavia Y Bernardo de Irigoyen",2,1,0,0,1,0,0,,"Calle",,"SANTA FE","La Capital","Asfalto","No existe","I","Dentro","Urbana","Ninguna","No existe","Intersección","Bueno","Buena","Nocturna","Buen Tiempo","Lateral","S/D","Colisión","Ninguna","S/D","Ninguna","Sin restricción"
2017,4168,7/7/2017,"Viernes",0,19:10:00,,"0.0",2,"Automóvil,Automóvil","Maipu Y Juan B Alberdi",3,1,0,0,2,0,0,,"Calle",,"LAGUNA PAIVA","La Capital","Asfalto","No existe","I","Dentro","Urbana","Ninguna","No existe","Intersección","Bueno","Buena","Nocturna,Con luz artificial","Buen Tiempo","Lateral","S/D","Colisión","Ninguna","Faltante","Ninguna","Sin restricción"
2017,4169,7/25/2017,"Martes",0,7:00:00,"Ruta Nacional 11","0.0",2,"Automóvil,Moto/Ciclomotor","puente carretero ",3,1,0,0,2,0,0,,"Ruta",11,"SANTA FE","La Capital","Asfalto","No existe","I","Dentro","Urbana","Ninguna","No existe","Puente","Con baches","Buena","Amanecer","Buen Tiempo","De alcance","S/D","Colisión","Ninguna","Faltante","Línea divisoria pintada","Sin restricción"
2017,4170,7/8/2017,"Sabado",0,0:20:00,,"0.0",2,"Automóvil,Automóvil","Av L de la Torre 2400",2,1,0,0,1,0,0,,"Avenida",,"LAGUNA PAIVA","La Capital","Asfalto","Natural","I","Dentro","Urbana","Ninguna","No existe","Intersección","Bueno","Buena","Nocturna,Con luz artificial","Buen Tiempo","Lateral","S/D","Colisión","Ninguna","Vertical","Ninguna","Sin restricción"
2017,4171,6/28/2017,"Miercoles",0,19:00:00,,"0.0",2,"Moto/Ciclomotor,Pickup/Utilitario","Alvear Y Gorostiaga",3,2,0,0,1,0,0,,"Calle",,"SANTA FE","La Capital","Asfalto","No existe","I","Dentro","Urbana","Ninguna","S/D","Intersección","Bueno","Reducida","Nocturna","Buen Tiempo","Lateral","S/D","Colisión","Ninguna","S/D","Ninguna","Sin restricción"
2017,4172,6/25/2017,"Domingo",0,20:00:00,,"0.0",2,"Automóvil,Automóvil","Av Almte Brown Y Llerena",3,1,0,0,2,0,0,,"Calle",,"SANTA FE","La Capital","Asfalto","No existe","I","Dentro","Urbana","Ninguna","S/D","Intersección","Bueno","Reducida","Nocturna","Buen Tiempo","Lateral","S/D","Colisión","Ninguna","S/D","Ninguna","Sin restricción"
2017,4173,6/19/2017,"Lunes",0,20:10:00,,"0.0",2,"Moto/Ciclomotor,Automóvil","Candioti Y Alvear",3,2,0,0,1,0,0,,"S/D",,"SANTA FE","La Capital","Asfalto","No existe","I","Dentro","Urbana","Ninguna","S/D","Intersección","Bueno","Reducida","Nocturna","Buen Tiempo","Lateral","S/D","Colisión","Ninguna","S/D","Ninguna","Sin restricción"
2017,4174,4/15/2017,"Sabado",0,5:45:00,,"0.0",1,"Automóvil","Av. Pte.Peron Y Alsina",1,0,0,0,0,1,0,"-32.95722, -60.68086","Avenida",,"ROSARIO","Rosario","Asfalto","No existe","II","Dentro","Urbana","S/D","Funciona","Intersección","Bueno","Buena","Amanecer","Buen Tiempo","Contra objeto fijo","S/D","Colisión","S/D","S/D","S/D","S/D"
2017,4175,4/17/2017,"Lunes",0,17:00:00,"Ruta Nacional 11","677.0",2,"Pickup/Utilitario,Bicicleta"," ",4,0,0,0,3,1,0,"-29.86346, -60.2834","Ruta",11,"CALCHAQUÍ","Vera","Asfalto","Natural","XIX","Dentro","Rural","S/D","No existe","Recta","Bueno","Buena","Diurna","Buen Tiempo","S/D","Ciclista","Atropello","Ninguna","S/D","Vegetación,Línea divisoria pintada","S/D"
2017,4176,7/14/2017,"Viernes",0,19:20:00,,"0.0",2,"Automóvil,Moto/Ciclomotor","H Irigoyen Y Av Cordoba",2,1,0,0,1,0,0,,"Avenida",,"LAGUNA PAIVA","La Capital","Asfalto","No existe","I","Dentro","Urbana","Ninguna","No existe","Intersección","Bueno","Buena","Atardecer","Buen Tiempo","Lateral","S/D","Colisión","Ninguna","Faltante","Ninguna","Sin restricción"
2017,4177,7/15/2017,"Sabado",0,14:00:00,,"0.0",2,"Automóvil,Automóvil","PTE. NESTOR KIRCHNER ",4,2,0,0,2,0,0,,"Calle",,"LAGUNA PAIVA","La Capital","Tierra","No existe","I","Dentro","Urbana","Ninguna","No existe","Recta","Bueno","Buena","Diurna","Buen Tiempo","De alcance","S/D","Colisión","Ninguna","Faltante","Ninguna","Sin restricción"
2017,4178,7/20/2017,"Jueves",0,21:00:00,,"0.0",2,"Automóvil,Moto/Ciclomotor","9 de Julio Y Colono",3,2,0,0,1,0,0,,"Calle",,"LAGUNA PAIVA","La Capital","Ripio","No existe","I","Dentro","Urbana","Ninguna","No existe","Intersección","Bueno","Buena","Nocturna","Buen Tiempo","Lateral","S/D","Colisión","Ninguna","S/D","Ninguna","Sin restricción"
2017,4179,7/21/2017,"Viernes",0,19:20:00,"Ruta Provincial 4","0.0",2,"Moto/Ciclomotor,Automóvil"," ",2,1,0,0,1,0,0,,"Ruta",4,"LAGUNA PAIVA","La Capital","Asfalto","Natural","I","Dentro","Urbana","Ninguna","No existe","Recta","Bueno","Buena","Nocturna","Buen Tiempo","Lateral","S/D","Colisión","Ninguna","Faltante","Línea divisoria pintada","Sin restricción"
2017,4180,7/23/2017,"Domingo",0,15:30:00,,"0.0",2,"Automóvil,Moto/Ciclomotor","Obrero Y Pastor Barrios",2,1,0,0,1,0,0,,"Calle",,"LAGUNA PAIVA","La Capital","Asfalto","No existe","I","Dentro","Urbana","Ninguna","No existe","Intersección","Bueno","Buena","Diurna","Buen Tiempo","Lateral","S/D","Colisión","Ninguna","Faltante","Ninguna","Sin restricción"
2017,4181,7/27/2017,"Jueves",0,14:55:00,,"0.0",2,"Automóvil,Moto/Ciclomotor","Entre Rios Y Moreno",2,1,0,0,1,0,0,,"Calle",,"LAGUNA PAIVA","La Capital","Asfalto","No existe","I","Dentro","Urbana","Ninguna","No existe","Intersección","Bueno","Buena","Diurna","Buen Tiempo","Lateral","S/D","Colisión","Ninguna","S/D","Ninguna","Sin restricción"
2017,4182,7/21/2017,"Viernes",0,8:00:00,,"0.0",2,"Automóvil,Peatón","Primera Junta 2532",2,1,0,0,1,0,0,,"Calle",,"SANTA FE","La Capital","Asfalto","No existe","I","Dentro","Urbana","Ninguna","No existe","Recta","Bueno","Buena","Diurna","Buen Tiempo","S/D","Peatón","Atropello","Ninguna","Horizontal","Ninguna","Sin restricción"
2017,4183,7/22/2017,"Sabado",0,18:30:00,,"0.0",2,"Automóvil,Moto/Ciclomotor","Amenabar Y San Jeronimo",2,1,0,0,1,0,0,,"Calle",,"SANTA FE","La Capital","Asfalto","No existe","I","Dentro","Urbana","Ninguna","No existe","Intersección","Bueno","Buena","Diurna","Buen Tiempo","Lateral","S/D","Colisión","Ninguna","Horizontal","Ninguna","Sin restricción"
2017,4184,7/24/2017,"Lunes",0,17:30:00,,"0.0",2,"Pickup/Utilitario,Bicicleta","Junin Y 4 de Enero",2,1,0,0,1,0,0,,"Calle",,"SANTA FE","La Capital","Asfalto","No existe","I","Dentro","Urbana","Ninguna","No existe","Intersección","Bueno","Buena","Atardecer","Buen Tiempo","S/D","Ciclista","Atropello","Ninguna","Horizontal","Ninguna","Sin restricción"
2017,4185,7/26/2017,"Miercoles",0,13:30:00,,"0.0",2,"Pickup/Utilitario,Bicicleta","4 de Enero 1800",2,1,0,0,1,0,0,,"Calle",,"SANTA FE","La Capital","Asfalto","No existe","I","Dentro","Urbana","Ninguna","No existe","Recta","Bueno","Buena","Diurna","Buen Tiempo","S/D","Ciclista","Atropello","Ninguna","Horizontal","Ninguna","Sin restricción"
2017,4186,7/26/2017,"Miercoles",0,14:00:00,,"0.0",2,"Moto/Ciclomotor,Automóvil","Junin 2700",2,1,0,0,1,0,0,,"Calle",,"SANTA FE","La Capital","Asfalto","No existe","I","Dentro","Urbana","Ninguna","No existe","Recta","Bueno","Buena","Diurna","Buen Tiempo","Lateral","S/D","Colisión","Ninguna","Horizontal","Ninguna","Sin restricción"
2017,4187,6/9/2017,"Viernes",0,19:00:00,,"0.0",1,"Moto/Ciclomotor"," ",2,1,0,0,1,0,0,,"Camino Rural",,"LOS QUIRQUINCHOS","Caseros","Tierra","No existe","IV","Dentro","Rural","Ninguna","No existe","Recta","Bueno","Buena","Atardecer","Buen Tiempo","Atropello animal","S/D","Colisión","Ninguna","Faltante","Ninguna","Sin restricción"
2017,4188,6/20/2017,"Martes",0,14:10:00,,"0.0",2,"Moto/Ciclomotor,Automóvil","Catamarca Y Caseros",2,1,0,0,1,0,0,,"Calle",,"VENADO TUERTO","General López","Asfalto","S/D","VIII","Dentro","Urbana","Ninguna","No existe","Intersección","Bueno","Buena","Diurna","Buen Tiempo","Frontal","S/D","Colisión","Ninguna","S/D","S/D","Sin restricción"
2017,4189,6/17/2017,"Sabado",0,12:00:00,,"0.0",2,"Moto/Ciclomotor,Moto/Ciclomotor","Guemes Y Angel Cassanello",3,1,0,0,2,0,0,,"Calle",,"SANTA FE","La Capital","Asfalto","No existe","I","S/D","Urbana","Ninguna","S/D","Intersección","Bueno","S/D","S/D","Buen Tiempo","Lateral","S/D","Colisión","Ninguna","S/D","Ninguna","Sin restricción"
2017,4190,6/29/2017,"Jueves",0,17:00:00,,"0.0",2,"Moto/Ciclomotor,Automóvil","Maipu Y Prisciano Lascala",2,1,0,0,1,0,0,,"Calle",,"VENADO TUERTO","General López","Asfalto","S/D","VIII","Dentro","Urbana","Ninguna","No existe","Intersección","Bueno","Buena","Diurna","Buen Tiempo","Frontal","S/D","Colisión","Ninguna","S/D","S/D","Sin restricción"
2017,4191,6/17/2017,"Sabado",0,6:30:00,"Ruta Nacional 8","0.0",2,"Automóvil,Moto/Ciclomotor","Hipolito Irigoyen ",2,1,0,0,1,0,0,,"Ruta",8,"VENADO TUERTO","General López","Asfalto,Tierra","Natural","VIII","Dentro","Urbana","S/D","No existe","Intersección","Bueno","Buena","Diurna","Buen Tiempo","S/D","S/D","Colisión","Ninguna","S/D","S/D","Sin restricción"
2017,4192,7/11/2017,"Martes",0,17:45:00,,"0.0",2,"Peatón,Moto/Ciclomotor","Marconico Y Santa Fe",2,0,2,0,0,0,0,,"Calle",,"VENADO TUERTO","General López","S/D","S/D","VIII","Dentro","Urbana","S/D","S/D","Recta","S/D","Buena","Diurna","Buen Tiempo","S/D","Peatón","Atropello","S/D","S/D","S/D","Sin restricción"
2017,4193,6/10/2017,"Sabado",0,1:30:00,"Ruta Provincial 15","147.0",2,"Camión c / Acoplado,Automóvil","Sarmiento ",3,1,0,1,1,0,0,,"Ruta",15,"ARMSTRONG","Belgrano","Asfalto","Natural","III","Dentro","Rural","Ninguna","No existe","Recta","Con baches","Buena","Nocturna","Buen Tiempo","Lateral","S/D","Colisión","Ninguna","S/D","Ninguna","Sin restricción"
2017,4194,7/2/2017,"Domingo",0,14:15:00,,"0.0",2,"Automóvil,Moto/Ciclomotor","Laprida Y Caseros",2,0,1,0,1,0,0,,"Calle",,"VENADO TUERTO","General López","Asfalto","No existe","VIII","Dentro","Urbana","Ninguna","No existe","Intersección","Bueno","Buena","Diurna","Buen Tiempo","Lateral","S/D","Colisión","Ninguna","Faltante","S/D","Sin restricción"
2017,4195,7/29/2017,"Sabado",0,18:00:00,,"0.0",2,"Automóvil,Moto/Ciclomotor","Marconico Y Italia",3,1,1,0,1,0,0,,"Calle",,"VENADO TUERTO","General López","Asfalto","No existe","VIII","Dentro","Urbana","Ninguna","No existe","Intersección","Bueno","Buena","Diurna","Buen Tiempo","S/D","S/D","Colisión","Ninguna","S/D","Ninguna","Sin restricción"
2017,4196,6/3/2017,"Sabado",0,6:30:00,,"0.0",1,"Automóvil","T L Puentes Y Germana y Pedro Alonso",4,4,0,0,0,0,0,,"Calle",,"TEODELINA","General López","Ripio","Natural","VIII","S/D","Urbana","Ninguna","No existe","Recta","Bueno","Buena","Amanecer","Buen Tiempo","S/D","S/D","Vuelco","Ninguna","Faltante","Cordón divisorio","Sin restricción"
2017,4197,7/6/2017,"Jueves",0,10:00:00,,"0.0",2,"Automóvil,Moto/Ciclomotor","Corrientes Y Laprida",3,2,0,0,1,0,0,,"Calle",,"VENADO TUERTO","General López","Asfalto","No existe","VIII","Dentro","Urbana","Ninguna","No existe","Intersección","Bueno","Buena","Diurna","Buen Tiempo","S/D","S/D","Colisión","Ninguna","S/D","Ninguna","Sin restricción"
2017,4198,7/29/2017,"Sabado",0,14:30:00,,"0.0",2,"Moto/Ciclomotor,Automóvil","Mariano Moreno Y Velez Sarsfield",3,1,1,0,1,0,0,,"Calle",,"VENADO TUERTO","General López","Asfalto","No existe","VIII","Dentro","Urbana","S/D","No existe","Intersección","Bueno","Buena","Diurna","Buen Tiempo","S/D","S/D","Colisión","Ninguna","S/D","S/D","Sin restricción"
2017,4199,7/14/2017,"Viernes",0,16:00:00,,"0.0",2,"Moto/Ciclomotor,Automóvil","Juan B Justo Y Bernardino Rivadavia",2,1,0,0,1,0,0,,"Calle",,"VENADO TUERTO","General López","Asfalto","No existe","VIII","Dentro","Urbana","S/D","No existe","Recta","Bueno","Buena","Diurna","Buen Tiempo","Frontal","S/D","Colisión","Ninguna","S/D","S/D","Sin restricción"
2017,4200,7/23/2017,"Domingo",0,14:50:00,"Ruta Nacional 8","0.0",2,"Automóvil,Bicicleta","9 de Julio ",2,1,0,0,1,0,0,,"Ruta",8,"VENADO TUERTO","General López","Asfalto","Natural","VIII","Dentro","Urbana","S/D","No existe","Intersección","Bueno","Buena","Diurna","Buen Tiempo","S/D","Ciclista","Atropello","Ninguna","S/D","S/D","Sin restricción"
2017,4201,7/9/2017,"Domingo",0,19:50:00,,"0.0",2,"Bicicleta,Automóvil","Carlos Pellegrini Y Santa Fe",2,1,0,0,1,0,0,,"Calle",,"VENADO TUERTO","General López","Asfalto","No existe","VIII","Dentro","Urbana","Ninguna","No existe","Intersección","Bueno","Buena","Diurna","Buen Tiempo","S/D","Ciclista","Atropello","Ninguna","Horizontal","Ninguna","Sin restricción"
2017,4202,7/26/2017,"Miercoles",0,17:55:00,"Ruta Nacional 11","0.0",2,"Camión c / Acoplado,Moto/Ciclomotor","9 de Julio Y Ruta Nacional 11",3,2,0,0,1,0,0,,"Ruta",11,"SAN JUSTO","San Justo","Asfalto","Ripio","XVI","Dentro","Urbana","Ninguna","Funciona","Intersección","Bueno","Buena","Atardecer","Buen Tiempo","Lateral","S/D","Colisión","Ninguna","S/D","Ninguna","Sin restricción"
2017,4203,7/26/2017,"Miercoles",0,19:15:00,,"0.0",2,"Automóvil,Bicicleta","L N Alem Y B de Tucuman",3,1,0,0,2,0,0,,"Calle",,"SAN JUSTO","San Justo","Asfalto","No existe","XVI","Dentro","Urbana","Ninguna","No existe","Intersección","Bueno","Buena","Atardecer","Buen Tiempo","S/D","Ciclista","Atropello","Ninguna","Faltante","Ninguna","Sin restricción"
2017,4204,7/26/2017,"Miercoles",0,20:00:00,"Ruta Secundaria 280-s","15.0",2,"Moto/Ciclomotor,Moto/Ciclomotor"," ",2,1,1,0,0,0,0,,"Ruta","280-s","COLONIA ALDAO","Castellanos","Asfalto","Natural","V","Dentro","Rural","Ninguna","No existe","Recta","Bueno","Buena","Nocturna","Buen Tiempo","Lateral","S/D","Colisión","Ninguna","Faltante","Ninguna","Sin restricción"
2017,4205,7/17/2017,"Lunes",0,22:00:00,,"0.0",2,"Moto/Ciclomotor,Automóvil","San Martin Y Mosconi",3,2,0,0,1,0,0,,"Calle",,"VILLA CONSTITUCIÓN","Constitución","Asfalto","Pavimento","VI","Dentro","Urbana","Ninguna","No existe","Intersección","Bueno","Buena","Nocturna","Buen Tiempo","Lateral","S/D","Colisión","Ninguna","S/D","Ninguna","Sin restricción"
2017,4206,7/11/2017,"Martes",0,20:20:00,,"0.0",2,"Moto/Ciclomotor,Automóvil","San Martin Y Tierra del Fuego",3,2,0,0,1,0,0,,"Calle",,"VILLA CONSTITUCIÓN","Constitución","Asfalto","Pavimento","VI","Dentro","Urbana","Ninguna","No existe","Intersección","Bueno","Buena","Nocturna","Buen Tiempo","Lateral","S/D","Colisión","Ninguna","S/D","Ninguna","Sin restricción"
2017,4207,7/22/2017,"Sabado",0,19:10:00,,"0.0",2,"Automóvil,Moto/Ciclomotor","Av Gral San Martin Y Av de Circunvalacion",3,2,0,0,1,0,0,,"Calle",,"VILLA GOBERNADOR GÁLVEZ","Rosario","Asfalto","Natural","II","Dentro","Urbana","Ninguna","S/D","Intersección","Bueno","Buena","Atardecer","Buen Tiempo","S/D","S/D","Colisión","Ninguna","Faltante","Ninguna","Sin restricción"
2017,4208,7/4/2017,"Martes",0,9:00:00,"Ruta Provincial 18","59.0",2,"Automóvil,Camión c / Acoplado"," ",3,2,0,0,1,0,0,,"Ruta",18,"SANTA TERESA","Constitución","Asfalto","Pavimento","VI","Dentro","Rural","Señal Pare","No existe","Cruce","Bueno","Buena","Diurna","Buen Tiempo","Lateral","S/D","Colisión","Ninguna","Horizontal","Cordón divisorio,Línea divisoria pintada","Sin restricción"
2017,4209,7/25/2017,"Martes",0,15:20:00,,"0.0",2,"Moto/Ciclomotor,Automóvil","Av del Libertador Y Las heras",3,2,0,0,1,0,0,,"Calle",,"VILLA GOBERNADOR GÁLVEZ","Rosario","Tierra","No existe","II","Dentro","Urbana","Ninguna","No existe","Intersección","Deteriorada","Buena","Diurna","Buen Tiempo","S/D","S/D","Colisión","Ninguna","Faltante","Ninguna","Sin restricción"
2017,4210,7/1/2017,"Sabado",0,18:40:00,,"0.0",2,"Automóvil,Moto/Ciclomotor","Av Gral San Martin Y Av de Circunvalacion",3,2,0,0,1,0,0,,"Calle",,"VILLA GOBERNADOR GÁLVEZ","Rosario","Asfalto","Natural","II","Dentro","Urbana","Semáforo","Funciona","Intersección","Bueno","Buena","Atardecer","Buen Tiempo","S/D","S/D","Colisión","Ninguna","Horizontal,Vertical","Cordón divisorio","Sin restricción"
2017,4211,7/2/2017,"Domingo",0,18:40:00,,"0.0",2,"Moto/Ciclomotor,Automóvil","San Nicolas Y Pellegrini",3,2,0,0,1,0,0,,"Calle",,"VILLA GOBERNADOR GÁLVEZ","Rosario","Hormigón","No existe","II","Dentro","Urbana","Ninguna","No existe","Intersección","Con baches","Buena","Atardecer","Buen Tiempo","S/D","S/D","Colisión","Ninguna","Faltante","Ninguna","Sin restricción"
2017,4212,7/18/2017,"Martes",0,11:20:00,,"0.0",2,"Pickup/Utilitario,Moto/Ciclomotor","Soldado Aguirre Y Av Caferata",2,1,0,0,1,0,0,,"Calle",,"VILLA GOBERNADOR GÁLVEZ","Rosario","Asfalto","Natural","II","Dentro","Urbana","Ninguna","No existe","Intersección","Con baches","Buena","Diurna","Buen Tiempo","S/D","S/D","Colisión","Ninguna","Faltante","Cordón divisorio","Sin restricción"
2017,4213,7/21/2017,"Viernes",0,17:45:00,,"0.0",2,"Automóvil,Automóvil","Brown Y Eva Peron",2,1,0,0,1,0,0,,"Calle",,"VILLA GOBERNADOR GÁLVEZ","Rosario","Asfalto","No existe","II","Dentro","Urbana","Ninguna","No existe","Intersección","S/D","Buena","Diurna","Buen Tiempo","S/D","S/D","Colisión","Ninguna","Faltante","Ninguna","Sin restricción"
2017,4214,7/24/2017,"Lunes",0,9:40:00,,"0.0",2,"Automóvil,Moto/Ciclomotor","Lavalle Y Bomberos Voluntarios",2,1,0,0,1,0,0,,"Calle",,"VILLA GOBERNADOR GÁLVEZ","Rosario","Asfalto","No existe","II","Dentro","Urbana","Ninguna","No existe","Intersección","Con baches","Buena","Diurna","Buen Tiempo","S/D","S/D","Colisión","Ninguna","Faltante","Ninguna","Sin restricción"
2017,4215,7/9/2017,"Domingo",0,18:40:00,,"0.0",2,"Moto/Ciclomotor,Automóvil","Pje Centenario 800",3,2,0,0,1,0,0,,"Calle",,"VILLA GOBERNADOR GÁLVEZ","Rosario","Asfalto","No existe","II","Dentro","Urbana","Ninguna","No existe","Recta","Deteriorada","Buena","Atardecer","Buen Tiempo","De alcance","S/D","Colisión","Ninguna","Faltante","Ninguna","Sin restricción"
2017,4216,7/10/2017,"Lunes",0,8:15:00,,"0.0",2,"Moto/Ciclomotor,Automóvil","Av Juan Domingo Peron Y Cordoba",2,1,0,0,1,0,0,,"Calle",,"VILLA GOBERNADOR GÁLVEZ","Rosario","Asfalto","No existe","II","Dentro","Urbana","Ninguna","No existe","Intersección","Bueno","Buena","Amanecer","Buen Tiempo","De alcance","S/D","Colisión","Ninguna","Faltante","Ninguna","Sin restricción"
2017,4217,7/11/2017,"Martes",0,,,"0.0",2,"Otros,Moto/Ciclomotor","Cervantes Y Italia",2,1,0,0,1,0,0,,"Calle",,"VILLA GOBERNADOR GÁLVEZ","Rosario","Asfalto","No existe","II","Dentro","Urbana","Ninguna","No existe","Recta","Bueno","Buena","Diurna","Buen Tiempo","De alcance","S/D","Colisión","Ninguna","Faltante","Ninguna","Sin restricción"
2017,4218,6/28/2017,"Miercoles",0,,,"0.0",2,"Otros,Automóvil","Av Juan Domingo Peron Y G Lopez",3,2,0,0,1,0,0,,"Calle",,"VILLA GOBERNADOR GÁLVEZ","Rosario","Asfalto","No existe","II","Dentro","Urbana","Ninguna","No existe","Recta","Deteriorada","Buena","Diurna","Buen Tiempo","De alcance","S/D","Colisión","Ninguna","Faltante","Ninguna","Sin restricción"
2017,4219,7/4/2017,"Martes",0,8:15:00,,"0.0",2,"Moto/Ciclomotor,Automóvil","Bordabhere Y Rosario",2,1,0,0,1,0,0,,"Calle",,"VILLA GOBERNADOR GÁLVEZ","Rosario","Asfalto","No existe","II","Dentro","Urbana","Ninguna","No existe","Intersección","Deteriorada","Buena","Diurna","Buen Tiempo","S/D","S/D","Colisión","Material Suelto","Faltante","Ninguna","Sin restricción"