"anio_acci","nro_acci","fecha","desc_dia","fecha_aprox","hora_aprox","desc_ruta","km","cant_participantes","desc_participante","calle_avenida_km","total","heridos_leves","heridos_graves","heridos_gravisimos","ilesos","fallecidos","sin_datos","posicion_XY","desc_tipo_via","desc_ruta_ori","desc_loc","desc_dpto","desc_tipo_calzada","desc_tipo_banquina","desc_unidad_regional","desc_lugar_calzada","desc_zona","desc_prioridad","desc_estado_semaforo","desc_lugar_via","desc_estado_via","desc_estado_visibilidad","desc_luminosidad","desc_estado_clima","desc_tipo_colision","desc_tipo_atropello","desc_tipo_hecho","desc_pres_calzada","desc_senializacion","desc_separacion_via","desc_restriccion"
2017,4220,4/1/2017,"Sabado",0,20:30:00,,"0.0",2,"Automóvil,Vehículo Oficial","Bv. Oroño Y Lamadrid",3,3,0,0,0,0,0,,"Calle",,"ROSARIO","Rosario","S/D","S/D","II","Dentro","Urbana","S/D","S/D","Intersección","S/D","S/D","Diurna","S/D","S/D","S/D","Colisión","S/D","S/D","S/D","S/D"
2017,4221,4/2/2017,"Domingo",0,,"Autopista Nacional Rosario -Cordoba","0.0",1,"Automóvil"," ",3,3,0,0,0,0,0,,"Autopista","Rosario -Cordoba","CAÑADA DE GÓMEZ","Iriondo","S/D","S/D","X","Dentro","Rural","S/D","S/D","Recta","S/D","S/D","S/D","S/D","Contra objeto fijo","S/D","Colisión","S/D","S/D","S/D","S/D"
2017,4222,4/5/2017,"Miercoles",0,,,"0.0",2,"Moto/Ciclomotor,Automóvil","ALEM 500",2,2,0,0,0,0,0,,"Calle",,"ANDINO","Iriondo","S/D","S/D","X","Dentro","Urbana","S/D","S/D","Intersección","S/D","S/D","S/D","S/D","S/D","S/D","Colisión","S/D","S/D","S/D","S/D"
2017,4223,7/26/2017,"Miercoles",0,21:00:00,,"0.0",2,"Automóvil,Moto/Ciclomotor","4 de Enero 2761",2,0,1,0,1,0,0,,"Calle",,"SANTA FE","La Capital","Asfalto","No existe","I","Dentro","Urbana","Ninguna","No existe","Recta","Bueno","Buena","Nocturna,Con luz artificial","Buen Tiempo","Lateral","S/D","Colisión","Ninguna","Horizontal","Ninguna","Sin restricción"
2017,4224,4/6/2017,"Jueves",0,19:40:00,,"0.0",2,"Moto/Ciclomotor,Automóvil","Nicolas Avellaneda Y España",3,2,0,0,1,0,0,,"Calle",,"CAÑADA DE GÓMEZ","Iriondo","S/D","S/D","X","Dentro","Urbana","S/D","S/D","Intersección","S/D","S/D","S/D","S/D","S/D","S/D","Colisión","S/D","S/D","S/D","S/D"
2017,4225,4/5/2017,"Miercoles",0,12:00:00,,"0.0",2,"Pickup/Utilitario,Automóvil","Marconi Y Necochea",2,1,0,0,1,0,0,,"Calle",,"CAÑADA DE GÓMEZ","Iriondo","S/D","S/D","X","Dentro","Urbana","S/D","S/D","Intersección","S/D","S/D","Diurna","S/D","S/D","S/D","Colisión","S/D","S/D","S/D","S/D"
2017,4226,4/7/2017,"Viernes",0,12:00:00,,"0.0",2,"Automóvil,Moto/Ciclomotor","7 de Octubre Y Colon",2,1,0,0,1,0,0,,"Calle",,"CAÑADA DE GÓMEZ","Iriondo","S/D","S/D","X","Dentro","Urbana","S/D","S/D","Intersección","S/D","S/D","Diurna","S/D","S/D","S/D","Colisión","S/D","S/D","S/D","S/D"
2017,4227,7/27/2017,"Jueves",0,7:55:00,,"0.0",1,"Moto/Ciclomotor","9 de Julio Y Pje Pujato",2,1,0,0,1,0,0,,"Calle",,"SANTA FE","La Capital","Hormigón","Ripio","I","Dentro","Urbana","Ninguna","No existe","Intersección","Bueno","Buena","Diurna","Buen Tiempo","Lateral","S/D","Colisión","Ninguna","Horizontal","Ninguna","Sin restricción"
2017,4228,4/3/2017,"Lunes",0,,"Ruta Secundaria 61-s","0.0",1,"Automóvil"," ",2,2,0,0,0,0,0,,"Ruta","61-s","SAN JUSTO","San Justo","Ripio","S/D","XVI","Dentro","Rural","S/D","S/D","Recta","S/D","S/D","S/D","S/D","S/D","S/D","Vuelco","S/D","S/D","S/D","S/D"
2017,4229,4/9/2017,"Domingo",0,13:25:00,"Ruta Nacional 8","360.0",1,"Automóvil"," ",1,1,0,0,0,0,0,,"Ruta",8,"VENADO TUERTO","General López","S/D","S/D","VIII","Dentro","Rural","S/D","S/D","Recta","S/D","S/D","Diurna","S/D","S/D","S/D","Vuelco","Agua","S/D","S/D","S/D"
2017,4230,7/27/2017,"Jueves",0,10:55:00,,"0.0",1,"Automóvil","Av 27 de Febrero Y Tucuman",3,1,0,0,2,0,0,,"Avenida",,"SANTA FE","La Capital","Hormigón","No existe","I","Dentro","Urbana","Ninguna","Funciona","Intersección","Otro","Buena","Diurna","Buen Tiempo","De alcance","S/D","Colisión","Ninguna","Horizontal","Ninguna","Sin restricción"
2017,4231,7/2/2017,"Domingo",0,17:20:00,,"0.0",2,"Pickup/Utilitario,Moto/Ciclomotor","J.B.Justo Y Olavarria Bis",3,1,0,0,2,0,0,,"S/D",,"ROSARIO","Rosario","Asfalto","No existe","II","S/D","S/D","Ninguna","No existe","Recta","Bueno","Buena","Diurna","Buen Tiempo","Contra objeto fijo","S/D","Colisión","Ninguna","Faltante","Ninguna","Sin restricción"
2017,4232,7/8/2017,"Sabado",0,20:15:00,,"0.0",2,"Automóvil,Moto/Ciclomotor","J.J.Paso Y Mejico",2,1,0,0,1,0,0,,"Calle",,"ROSARIO","Rosario","Asfalto","No existe","II","Dentro","Urbana","Ninguna","No existe","Intersección","Bueno","Buena","Nocturna","Buen Tiempo","De alcance","S/D","Colisión","Ninguna","Faltante","Cordón divisorio","Sin restricción"
2017,4233,7/11/2017,"Martes",0,12:15:00,,"0.0",2,"Moto/Ciclomotor,Moto/Ciclomotor","Av. Genova Y De Angelis Bis",2,1,0,0,1,0,0,,"Calle",,"ROSARIO","Rosario","Asfalto","No existe","II","S/D","Urbana","Ninguna","No existe","Recta","Bueno","Buena","Diurna","Buen Tiempo","Frontal","S/D","Colisión","Ninguna","Faltante","Cordón divisorio","Sin restricción"
2017,4234,7/12/2017,"Miercoles",0,19:30:00,,"0.0",2,"Moto/Ciclomotor,Automóvil","Jose Ingenieros Y Av. Provincias Unidas",2,1,0,0,1,0,0,,"Calle",,"ROSARIO","Rosario","Asfalto","No existe","II","Dentro","Urbana","S/D","S/D","Recta","Bueno","Buena","Nocturna","Buen Tiempo","Contra objeto fijo","S/D","Colisión","Ninguna","S/D","Cordón divisorio","Sin restricción"
2017,4235,7/26/2017,"Miercoles",0,9:30:00,,"0.0",2,"Automóvil,Pickup/Utilitario","Av. Circunvalacion Y J.B.Justo",3,2,0,0,1,0,0,,"Calle",,"ROSARIO","Rosario","Asfalto","No existe","II","Dentro","S/D","Ninguna","No existe","Recta","Bueno","Buena","Diurna","Buen Tiempo","De alcance","S/D","Colisión","Ninguna","S/D","Ninguna","Sin restricción"
2017,4236,7/11/2017,"Martes",0,17:00:00,,"0.0",2,"Moto/Ciclomotor,Moto/Ciclomotor","Garibaldi Y Pje. Espinillo",2,2,0,0,0,0,0,,"Calle",,"ROSARIO","Rosario","Asfalto","No existe","II","Dentro","Urbana","Ninguna","No existe","Intersección","Otro","Buena","Atardecer","Otro","Otro","S/D","Colisión","Ninguna","Faltante","Ninguna","Sin restricción"
2017,4237,7/11/2017,"Martes",0,9:00:00,,"0.0",2,"Automóvil,Moto/Ciclomotor","Liniers Y Pje. Vergara",2,1,0,0,1,0,0,,"Calle",,"ROSARIO","Rosario","Asfalto","No existe","II","Dentro","Urbana","Ninguna","No existe","Intersección","Bueno","Buena","Diurna","Otro","Lateral","S/D","Colisión","Ninguna","Faltante","Ninguna","Sin restricción"
2017,4238,7/13/2017,"Jueves",0,15:30:00,,"0.0",2,"Moto/Ciclomotor,Automóvil","Av. Pte.Peron Y Larrea",2,1,0,0,1,0,0,,"Calle",,"ROSARIO","Rosario","Asfalto","No existe","II","Dentro","Urbana","Ninguna","No existe","Intersección","Otro","Reducida","Diurna","Otro","Lateral","S/D","Colisión","Ninguna","Faltante","Ninguna","Sin restricción"
2017,4239,7/19/2017,"Miercoles",0,18:30:00,,"0.0",2,"Moto/Ciclomotor,Automóvil","Bv. 27 De Febrero Y Barra",2,1,0,0,1,0,0,,"S/D",,"ROSARIO","Rosario","Asfalto","Pavimento","II","Fuera","Urbana","Ninguna","No existe","Intersección","Otro","S/D","Diurna","Otro","Lateral","S/D","Colisión","Ninguna","Faltante","Barrera de hormigón","Sin restricción"
2017,4240,7/26/2017,"Miercoles",0,8:30:00,,"0.0",2,"Moto/Ciclomotor,Automóvil","Matienzo Y Dean Funes",2,1,0,0,1,0,0,,"S/D",,"ROSARIO","Rosario","Asfalto","No existe","II","Dentro","S/D","Ninguna","No existe","Intersección","Bueno","Reducida","Diurna","Otro","Lateral","S/D","Colisión","Ninguna","Faltante","Barrera de hormigón","Sin restricción"
2017,4241,7/17/2017,"Lunes",0,12:00:00,,"0.0",2,"Moto/Ciclomotor,Automóvil","Castellanos Y Riobamba",2,1,0,0,1,0,0,,"Calle",,"ROSARIO","Rosario","Asfalto","Pavimento","II","Dentro","Urbana","Ninguna","No existe","Intersección","Bueno","Buena","Diurna","Buen Tiempo","Lateral","S/D","Colisión","Ninguna","Faltante","Ninguna","Sin restricción"
2017,4242,7/25/2017,"Martes",0,19:00:00,,"0.0",2,"Automóvil,Automóvil","A F Temporelli ",2,1,0,0,1,0,0,,"Calle",,"VILLA GOBERNADOR GÁLVEZ","Rosario","Asfalto","S/D","II","Dentro","Urbana","Ninguna","S/D","Recta","Con baches","Buena","Diurna","Buen Tiempo","S/D","S/D","Colisión","Material Suelto","Faltante","Cordón divisorio","Sin restricción"
2017,4243,7/19/2017,"Miercoles",0,9:40:00,,"0.0",2,"Moto/Ciclomotor,Pickup/Utilitario","Dean Funes Y Castellanos",4,1,0,0,3,0,0,,"Calle",,"ROSARIO","Rosario","Tierra","No existe","II","Dentro","Urbana","Ninguna","No existe","Recta","Deteriorada","Buena","Diurna","Buen Tiempo","S/D","Ciclista","Atropello","Ninguna","Faltante","Ninguna","Sin restricción"
2017,4244,7/4/2017,"Martes",0,20:40:00,,"0.0",2,"Moto/Ciclomotor,Automóvil","Av Gral San Martin ",3,1,0,1,1,0,0,,"Calle",,"VILLA GOBERNADOR GÁLVEZ","Rosario","Asfalto","No existe","II","Dentro","Urbana","Ninguna","S/D","Intersección","Bueno","S/D","Diurna","Buen Tiempo","Lateral","S/D","Colisión","Ninguna","Faltante","Ninguna","Sin restricción"
2017,4245,7/13/2017,"Jueves",0,10:35:00,,"0.0",2,"Automóvil,Moto/Ciclomotor","Av. Pte.Peron Y Valparaiso",3,2,0,0,1,0,0,,"Calle",,"ROSARIO","Rosario","Asfalto","No existe","II","Dentro","Urbana","Ninguna","No existe","Intersección","Bueno","Buena","Diurna","Buen Tiempo","Lateral","S/D","Colisión","Ninguna","Faltante","Cordón divisorio","Sin restricción"
2017,4246,7/6/2017,"Jueves",0,16:45:00,,"0.0",3,"Automóvil,Automóvil,Automóvil","Av Gral San Martin Y Jaures",4,3,0,0,1,0,0,,"Calle",,"VILLA GOBERNADOR GÁLVEZ","Rosario","Asfalto","No existe","II","Dentro","Urbana","Ninguna","S/D","Intersección","Bueno","Buena","Diurna","Buen Tiempo","Múltiple","S/D","Colisión","Ninguna","Faltante","Ninguna","Sin restricción"
2017,4247,6/7/2017,"Miercoles",0,8:30:00,,"0.0",2,"Moto/Ciclomotor,Camión c / Acoplado","Av Gral San Martin ",2,1,0,0,1,0,0,,"Calle",,"VILLA GOBERNADOR GÁLVEZ","Rosario","Asfalto","No existe","II","Dentro","Urbana","Ninguna","No existe","Intersección","Bueno","Buena","Diurna","Buen Tiempo","Lateral","S/D","Colisión","Ninguna","Faltante","Ninguna","Sin restricción"
2017,4248,7/7/2017,"Viernes",0,14:30:00,,"0.0",2,"Moto/Ciclomotor,Automóvil","San Nicolas Y La Paz",2,1,0,0,1,0,0,,"Calle",,"ROSARIO","Rosario","Asfalto","S/D","II","S/D","Urbana","Ninguna","No existe","Intersección","Deteriorada","Buena","Diurna","Buen Tiempo","Lateral","S/D","Colisión","Ninguna","Faltante","Ninguna","Sin restricción"
2017,4250,7/5/2017,"Miercoles",0,19:50:00,,"0.0",2,"Automóvil,Moto/Ciclomotor","Bv. 27 De Febrero Y Lima",3,1,0,0,2,0,0,,"Calle",,"ROSARIO","Rosario","Asfalto","Pavimento","II","S/D","Urbana","Ninguna","No existe","Intersección","Bueno","Buena","Atardecer","Buen Tiempo","Lateral","S/D","Colisión","Ninguna","Faltante","Cordón divisorio","Sin restricción"
2017,4251,7/8/2017,"Sabado",0,0:25:00,,"0.0",2,"Bicicleta,Transporte de Pasajeros Urbano (> 8 asientos)","Bv San diego Y Av Juan Domingo Peron",2,1,0,0,1,0,0,,"Calle",,"VILLA GOBERNADOR GÁLVEZ","Rosario","Asfalto","No existe","II","Dentro","Urbana","Ninguna","S/D","Intersección","Bueno","Buena","Nocturna,Con luz artificial","Buen Tiempo","S/D","Ciclista","Atropello","Ninguna","Faltante","Ninguna","Sin restricción"
2017,4252,7/10/2017,"Lunes",0,8:30:00,,"0.0",2,"Moto/Ciclomotor,Automóvil","Unamuno ",2,1,0,0,1,0,0,,"Calle",,"VILLA GOBERNADOR GÁLVEZ","Rosario","Asfalto","No existe","II","Dentro","Urbana","Ninguna","No existe","Intersección","Bueno","Buena","Diurna","Buen Tiempo","Lateral","S/D","Colisión","Ninguna","Faltante","Ninguna","Sin restricción"
2017,4253,7/12/2017,"Miercoles",0,13:50:00,,"0.0",2,"Bicicleta,Automóvil","Av Gral San Martin Y Moreno",2,1,0,0,1,0,0,,"Calle",,"VILLA GOBERNADOR GÁLVEZ","Rosario","Asfalto","No existe","II","Dentro","Urbana","Ninguna","No existe","Intersección","Bueno","Buena","Diurna","Buen Tiempo","S/D","Ciclista","Atropello","Ninguna","Faltante","Ninguna","Sin restricción"
2017,4254,7/12/2017,"Miercoles",0,22:05:00,,"0.0",2,"Moto/Ciclomotor,Automóvil","Av Gral San Martin Y Av de Circunvalacion",4,3,0,0,1,0,0,,"Calle",,"VILLA GOBERNADOR GÁLVEZ","Rosario","Asfalto","No existe","II","Dentro","Urbana","Ninguna","Funciona","Intersección","Bueno","Buena","Nocturna,Con luz artificial","Buen Tiempo","Lateral","S/D","Colisión","Ninguna","Faltante","Ninguna","Sin restricción"
2017,4255,7/15/2017,"Sabado",0,15:00:00,,"0.0",2,"Automóvil,Camión","Bv San diego Y Alvear",2,1,0,0,1,0,0,,"Calle",,"VILLA GOBERNADOR GÁLVEZ","Rosario","Asfalto","No existe","II","Dentro","Urbana","Ninguna","No existe","Intersección","Bueno","Buena","Diurna","Buen Tiempo","Frontal","S/D","Colisión","Ninguna","Faltante","Ninguna","Sin restricción"
2017,4256,7/17/2017,"Lunes",0,23:30:00,,"0.0",2,"Bicicleta,Taxi/Remis","Av Gral San Martin Y Av de Circunvalacion",2,1,0,0,1,0,0,,"Calle",,"VILLA GOBERNADOR GÁLVEZ","Rosario","Asfalto","No existe","II","Dentro","Urbana","Ninguna","S/D","Intersección","Bueno","Buena","Nocturna,Con luz artificial","Buen Tiempo","S/D","Ciclista","Atropello","Ninguna","Faltante","Ninguna","Sin restricción"
2017,4257,7/14/2017,"Viernes",0,19:50:00,,"0.0",2,"Automóvil,Moto/Ciclomotor","Rivarola Y Fader",2,2,0,0,0,0,0,,"Calle",,"ROSARIO","Rosario","Asfalto","S/D","II","S/D","Urbana","S/D","No existe","Intersección","Bueno","Buena","Nocturna","Buen Tiempo","S/D","S/D","Colisión","S/D","Faltante","Ninguna","Sin restricción"
2017,4258,7/17/2017,"Lunes",0,17:35:00,,"0.0",2,"Moto/Ciclomotor,Automóvil","Av Gral San Martin Y J F Kennedy",2,1,0,0,1,0,0,,"Calle",,"VILLA GOBERNADOR GÁLVEZ","Rosario","Asfalto","No existe","II","Dentro","Urbana","Ninguna","No existe","Intersección","Bueno","Buena","Diurna","Buen Tiempo","Lateral","S/D","Colisión","Ninguna","Faltante","Ninguna","Sin restricción"
2017,4259,7/19/2017,"Miercoles",0,16:05:00,,"0.0",2,"Moto/Ciclomotor,Automóvil","Av Gral San Martin Y Av de Circunvalacion",2,1,0,0,1,0,0,,"Calle",,"VILLA GOBERNADOR GÁLVEZ","Rosario","Asfalto","No existe","II","Dentro","Urbana","Ninguna","S/D","Intersección","Bueno","Buena","Diurna","Buen Tiempo","Lateral","S/D","Colisión","Ninguna","Faltante","Ninguna","Sin restricción"
2017,4260,7/17/2017,"Lunes",0,20:15:00,,"0.0",2,"Automóvil,Moto/Ciclomotor","Av. Provincias Unidas Y Av. Pte.Peron",2,2,0,0,0,0,0,,"Avenida",,"ROSARIO","Rosario","Asfalto","No existe","II","S/D","Urbana","Semáforo","Funciona","Intersección","Bueno","Buena","Atardecer","Buen Tiempo","Lateral","S/D","Colisión","S/D","S/D","Ninguna","S/D"
2017,4261,7/23/2017,"Domingo",0,14:50:00,,"0.0",2,"Moto/Ciclomotor,Moto/Ciclomotor","Rivarola Y C.Larralde",2,2,0,0,0,0,0,,"S/D",,"ROSARIO","Rosario","Asfalto","No existe","II","S/D","Urbana","Ninguna","No existe","Intersección","Bueno","Buena","Diurna","Buen Tiempo","S/D","S/D","Colisión","S/D","Faltante","Ninguna","Sin restricción"
2017,4262,4/11/2017,"Martes",0,,,"0.0",1,"Automóvil"," ",1,1,0,0,0,0,0,,"Calle",,"SANTA FE","La Capital","S/D","S/D","I","Dentro","Urbana","S/D","S/D","Recta","S/D","S/D","S/D","S/D","S/D","S/D","Vuelco","S/D","S/D","S/D","S/D"
2017,4263,4/11/2017,"Martes",0,,,"0.0",2,"Automóvil,Peatón","San Lorenzo Y Av. Ovidio Lagos",4,3,0,0,1,0,0,,"Calle",,"ROSARIO","Rosario","S/D","S/D","II","Dentro","Urbana","S/D","S/D","Recta","S/D","S/D","Diurna","S/D","S/D","Peatón","Atropello","S/D","S/D","S/D","S/D"
2017,4264,4/11/2017,"Martes",0,15:50:00,,"0.0",2,"Moto/Ciclomotor,Moto/Ciclomotor","2 de Abril Y 3 de Febrero",4,3,0,0,1,0,0,,"Calle",,"VENADO TUERTO","General López","S/D","S/D","VIII","Dentro","Urbana","S/D","S/D","Intersección","S/D","S/D","Diurna","S/D","S/D","S/D","Colisión","S/D","S/D","S/D","S/D"
2017,4265,4/11/2017,"Martes",0,19:00:00,,"0.0",2,"Moto/Ciclomotor,Automóvil","Av Dr Luis Chapuis Y Manuel Vicente Manzano",2,1,0,0,1,0,0,,"Calle",,"VENADO TUERTO","General López","S/D","S/D","VIII","Dentro","Urbana","S/D","S/D","Intersección","S/D","S/D","Atardecer","S/D","De alcance","S/D","Colisión","S/D","S/D","S/D","S/D"
2017,4266,7/9/2017,"Domingo",0,5:00:00,"Ruta Provincial 21","289.0",1,"Automóvil"," ",2,2,0,0,0,0,0,,"Ruta",21,"ALVEAR","Rosario","Asfalto","Natural","II","S/D","Rural","Ninguna","No existe","Recta","Bueno","Buena","Nocturna","Buen Tiempo","Contra objeto fijo","S/D","Colisión","Ninguna","S/D","Línea divisoria pintada","S/D"
2017,4267,7/11/2017,"Martes",0,6:45:00,"Ruta Provincial 21","289.0",2,"Moto/Ciclomotor,Moto/Ciclomotor"," ",2,1,0,0,1,0,0,,"Ruta",21,"ALVEAR","Rosario","Asfalto","Natural","II","Dentro","Rural","Ninguna","No existe","Recta","Bueno","Buena","Amanecer","Buen Tiempo","S/D","S/D","Colisión","Ninguna","Faltante","Línea divisoria pintada","S/D"
2017,4268,4/12/2017,"Miercoles",0,8:10:00,,"0.0",1,"Automóvil","Neuquen 700",2,1,0,0,1,0,0,,"Calle",,"VENADO TUERTO","General López","S/D","S/D","VIII","Dentro","Urbana","S/D","S/D","Intersección","S/D","S/D","Diurna","S/D","S/D","S/D","Vuelco","S/D","S/D","S/D","S/D"
2017,4269,7/9/2017,"Domingo",0,6:55:00,"Ruta Provincial 90","58.0",2,"Pickup/Utilitario,Pickup/Utilitario"," ",4,2,1,0,1,0,0,,"Ruta",90,"SANTA TERESA","Constitución","Asfalto","Natural","VI","Dentro","Urbana","Ninguna","No existe","Recta","Con baches,Resbaladiza","Reducida","Amanecer","Lluvia","De alcance","S/D","Colisión","Agua","Faltante","Línea divisoria pintada","Sin restricción"
2017,4270,7/30/2017,"Domingo",0,16:42:00,,"0.0",2,"Moto/Ciclomotor,Automóvil","Av. Battle y Ordoñez Y Bv. Oroño",3,2,0,0,1,0,0,,"Calle",,"ROSARIO","Rosario","Asfalto","No existe","II","Dentro","Urbana","Semáforo","Funciona","Intersección","Bueno","Buena","Diurna","Buen Tiempo","Lateral","S/D","Colisión","Ninguna","Vertical","Cordón divisorio","Sin restricción"
2017,4271,7/25/2017,"Martes",0,18:50:00,,"0.0",2,"Moto/Ciclomotor,Automóvil","Av. Arijon Y Pueyrredon",2,1,0,0,1,0,0,,"Calle",,"ROSARIO","Rosario","Asfalto","No existe","II","Dentro","Urbana","Semáforo","Funciona","Intersección","Bueno","Buena","Atardecer","Buen Tiempo","Lateral","S/D","Colisión","Ninguna","Vertical","Línea divisoria pintada","Sin restricción"
2017,4272,7/17/2017,"Lunes",0,19:10:00,,"0.0",2,"Moto/Ciclomotor,Automóvil","Lamadrid Y Alvear",3,1,0,0,2,0,0,,"Calle",,"ROSARIO","Rosario","Asfalto","No existe","II","Dentro","Urbana","Ninguna","No existe","Intersección","Bueno","Buena","Atardecer","Buen Tiempo","Lateral","S/D","Colisión","Ninguna","Faltante","Ninguna","Sin restricción"
2017,4273,7/15/2017,"Sabado",0,9:55:00,,"0.0",2,"Moto/Ciclomotor,Automóvil","Av. Ntra.Sra.del Rosario Y España",2,1,0,0,1,0,0,,"Calle",,"ROSARIO","Rosario","Asfalto","No existe","II","Dentro","Urbana","Ninguna","No existe","Intersección","Bueno","Buena","Diurna","Buen Tiempo","Lateral","S/D","Colisión","Ninguna","Faltante","Ninguna","Sin restricción"
2017,4274,7/2/2017,"Domingo",0,12:30:00,,"0.0",2,"Automóvil,Moto/Ciclomotor","Bv. Avellaneda Y Gorriti",2,1,0,0,1,0,0,,"Calle",,"ROSARIO","Rosario","S/D","No existe","II","Dentro","Urbana","Semáforo","Funciona","Intersección","S/D","Buena","Diurna","Buen Tiempo","Lateral","S/D","Colisión","S/D","Horizontal,Vertical","Ninguna","Sin restricción"
2017,4275,7/7/2017,"Viernes",0,17:30:00,,"0.0",2,"Moto/Ciclomotor,Automóvil","Florida Y Av. Luis Carballo",2,1,0,0,1,0,0,,"Calle",,"ROSARIO","Rosario","Asfalto","No existe","II","Dentro","Urbana","Semáforo","Funciona","Intersección","Bueno","S/D","Diurna","Lluvia","Lateral","S/D","Colisión","Agua","Horizontal,Vertical","S/D","Sin restricción"
2017,4276,7/10/2017,"Lunes",0,8:40:00,,"0.0",2,"Automóvil,Moto/Ciclomotor","Albert Sabin Y Bv. Avellaneda",2,1,0,0,1,0,0,,"Calle",,"ROSARIO","Rosario","Asfalto","No existe","II","Dentro","Urbana","S/D","Funciona","Intersección","S/D","S/D","Diurna","S/D","Lateral","S/D","Colisión","S/D","Horizontal","Barrera de hormigón","Sin restricción"
2017,4277,7/13/2017,"Jueves",0,18:15:00,,"0.0",2,"Automóvil,Moto/Ciclomotor","Gorriti 1749",2,1,0,0,1,0,0,,"Calle",,"ROSARIO","Rosario","S/D","No existe","II","Dentro","Urbana","Ninguna","No existe","Recta","S/D","Buena","Diurna","S/D","Lateral","S/D","Colisión","S/D","S/D","Ninguna","Sin restricción"
2017,4278,7/28/2017,"Viernes",0,16:54:00,,"0.0",2,"Moto/Ciclomotor,Pickup/Utilitario","I Crespo Y Avenida Libertador",2,0,1,0,1,0,0,,"Avenida",,"SANTO DOMINGO","Las Colonias","Asfalto","No existe","XI","Dentro","Urbana","Ninguna","No existe","Intersección","Bueno","S/D","Diurna","Buen Tiempo","Lateral","S/D","Colisión","Ninguna","Horizontal","Ninguna","Sin restricción"
2017,4279,7/4/2017,"Martes",0,18:45:00,"Ruta Provincial 4","0.0",2,"Moto/Ciclomotor,Automóvil"," ",3,0,1,0,2,0,0,,"Ruta",4,"SANTO DOMINGO","Las Colonias","Asfalto","Natural","XI","Dentro","Rural","Ninguna","No existe","Intersección","Bueno","Buena","Nocturna,Con luz artificial","Buen Tiempo","Lateral","S/D","Colisión","Ninguna","Horizontal,Vertical","Ninguna","Sin restricción"
2017,4280,7/12/2017,"Miercoles",0,19:15:00,"Ruta Nacional 11","0.0",2,"Bicicleta,Automóvil","Corrientes ",3,1,0,0,1,0,1,,"Ruta",11,"PUERTO SAN MARTÍN","San Lorenzo","Asfalto","Ripio","XVII","Dentro","Urbana","Ninguna","No existe","Intersección","Bueno","Buena","Nocturna","Buen Tiempo","S/D","Ciclista","Atropello","Ninguna","Faltante","Ninguna","Sin restricción"
2017,4281,7/20/2017,"Jueves",0,11:40:00,"Ruta Nacional 11","0.0",2,"Camión c / Acoplado,Automóvil","Cordoba ",5,1,0,0,4,0,0,,"Ruta",11,"PUERTO SAN MARTÍN","San Lorenzo","Asfalto","Ripio","XVII","Dentro","Urbana","Ninguna","No existe","Recta","Bueno","Buena","Diurna","Buen Tiempo","De alcance","S/D","Colisión","Ninguna","Faltante","Ninguna","Sin restricción"
2017,4282,7/20/2017,"Jueves",0,11:30:00,"Ruta Provincial 10","0.0",1,"Automóvil"," ",3,2,0,0,1,0,0,,"Ruta",10,"FELICIA","Las Colonias","Asfalto","Natural","XI","Dentro","Rural","Ninguna","No existe","Curva","Bueno","S/D","Diurna","Buen Tiempo","S/D","S/D","Vuelco,Despiste","Ninguna","Vertical","Ninguna","Sin restricción"
2017,4283,7/21/2017,"Viernes",0,13:00:00,,"0.0",2,"Moto/Ciclomotor,Automóvil","San Luis Y Piton",3,1,0,0,2,0,0,,"Calle",,"PUERTO SAN MARTÍN","San Lorenzo","Asfalto","No existe","XVII","Dentro","Urbana","Policía de tránsito","No existe","Intersección","Bueno","Buena","Diurna","Buen Tiempo","De alcance","S/D","Colisión","Ninguna","Faltante","Ninguna","Sin restricción"
2017,4284,7/3/2017,"Lunes",0,12:20:00,,"0.0",2,"Bicicleta,Automóvil","9 de Julio Y 25 de Mayo",2,0,1,0,1,0,0,,"Calle",,"FRANCK","Las Colonias","Asfalto","Pavimento","XI","Dentro","Urbana","Ninguna","No existe","Intersección","Bueno","Buena","Diurna","Buen Tiempo","S/D","Ciclista","Atropello","Ninguna","Horizontal","Ninguna","Sin restricción"
2017,4285,7/21/2017,"Viernes",0,19:00:00,,"0.0",1,"Bicicleta","San Luis Y Sarmiento",1,0,1,0,0,0,0,,"Calle",,"PUERTO SAN MARTÍN","San Lorenzo","Asfalto","No existe","XVII","Dentro","Urbana","Ninguna","No existe","Intersección","Bueno","S/D","Nocturna","Buen Tiempo","S/D","S/D","Caída ocupante","Ninguna","Faltante","Ninguna","Sin restricción"
2017,4286,7/23/2017,"Domingo",0,13:06:00,,"0.0",2,"Automóvil,Transporte de Pasajeros Urbano (> 8 asientos)","Av San Martin Y Sarmiento",2,2,0,0,0,0,0,,"Calle",,"PUERTO SAN MARTÍN","San Lorenzo","Asfalto","No existe","XVII","Dentro","Urbana","Ninguna","No existe","Intersección","Bueno","Buena","Diurna","Buen Tiempo","Frontal","S/D","Colisión","Ninguna","Faltante","Ninguna","Sin restricción"