"anio_acci","nro_acci","fecha","desc_dia","fecha_aprox","hora_aprox","desc_ruta","km","cant_participantes","desc_participante","calle_avenida_km","total","heridos_leves","heridos_graves","heridos_gravisimos","ilesos","fallecidos","sin_datos","posicion_XY","desc_tipo_via","desc_ruta_ori","desc_loc","desc_dpto","desc_tipo_calzada","desc_tipo_banquina","desc_unidad_regional","desc_lugar_calzada","desc_zona","desc_prioridad","desc_estado_semaforo","desc_lugar_via","desc_estado_via","desc_estado_visibilidad","desc_luminosidad","desc_estado_clima","desc_tipo_colision","desc_tipo_atropello","desc_tipo_hecho","desc_pres_calzada","desc_senializacion","desc_separacion_via","desc_restriccion"
2017,4287,7/4/2017,"Martes",0,20:00:00,,"0.0",2,"Bicicleta,Automóvil","Mariano Moreno Y 9 de Julio",2,1,0,0,1,0,0,,"Calle",,"FRANCK","Las Colonias","Asfalto","No existe","XI","Dentro","Urbana","Ninguna","No existe","Intersección","Bueno","Buena","Nocturna","Buen Tiempo","S/D","Peatón","Atropello","Ninguna","Horizontal","Ninguna","S/D"
2017,4288,7/24/2017,"Lunes",0,21:15:00,,"0.0",1,"Moto/Ciclomotor","Chile Y Belgrano",1,1,0,0,0,0,0,,"Calle",,"PUERTO SAN MARTÍN","San Lorenzo","Asfalto","No existe","XVII","Dentro","Urbana","Ninguna","No existe","Intersección","Bueno","Buena","Nocturna","Buen Tiempo","S/D","S/D","Caída ocupante","Ninguna","Faltante","Ninguna","Sin restricción"
2017,4289,2/28/2017,"Martes",0,18:00:00,"Ruta Nacional 177","0.0",1,"Automóvil","Presidente Peron Y Turin",4,3,0,0,0,1,0,"-33.24291, -60.33586","Ruta",177,"VILLA CONSTITUCIÓN","Constitución","Asfalto","Natural","VI","Dentro","Urbana","Señal Pare","S/D","Cruce","Deteriorada","S/D","Diurna","S/D","Lateral","S/D","Colisión","S/D","Horizontal,Vertical","Ninguna","S/D"
2017,4290,7/26/2017,"Miercoles",0,14:40:00,"Ruta Nacional 11","334.0",2,"Camión Chasis,Camión Chasis"," ",2,1,0,0,1,0,0,,"Ruta",11,"PUERTO SAN MARTÍN","San Lorenzo","Asfalto","Ripio","XVII","Dentro","Urbana","Ninguna","No existe","Recta","Bueno","Buena","Diurna","Buen Tiempo","De alcance","S/D","Colisión","Ninguna","Faltante","Ninguna","Sin restricción"
2017,4291,7/27/2017,"Jueves",0,8:15:00,,"0.0",2,"Moto/Ciclomotor,Pickup/Utilitario","Pte Hipolito Irigoyen Y Moreau de Justo",2,0,1,0,1,0,0,,"Calle",,"PUERTO SAN MARTÍN","San Lorenzo","Asfalto","No existe","XVII","Dentro","Urbana","Policía de tránsito","No existe","Intersección","Bueno","Buena","Amanecer","Buen Tiempo","Lateral","S/D","Colisión","Ninguna","Faltante","Barrera de hormigón","Sin restricción"
2017,4292,7/29/2017,"Sabado",0,10:30:00,,"0.0",3,"Moto/Ciclomotor,Moto/Ciclomotor,Pickup/Utilitario","Cordoba Y Rioja",6,2,0,0,4,0,0,,"Calle",,"PUERTO SAN MARTÍN","San Lorenzo","Asfalto","No existe","XVII","Dentro","Urbana","Ninguna","No existe","Intersección","Bueno","Buena","Diurna","Buen Tiempo","De alcance,Múltiple","S/D","Colisión","Ninguna","Faltante","Ninguna","Sin restricción"
2017,4293,7/28/2017,"Viernes",0,7:30:00,,"0.0",3,"Camión Chasis,Camión c / Acoplado,Automóvil","San Martin Y Mariano Moreno",3,1,0,0,2,0,0,,"Calle",,"FRANCK","Las Colonias","Asfalto","No existe","XI","Dentro","Urbana","Semáforo","Funciona","Intersección","Bueno","Buena","Diurna","Buen Tiempo","Múltiple","S/D","Colisión","Ninguna","Vertical","Ninguna","Sin restricción"
2017,4294,7/29/2017,"Sabado",0,20:30:00,,"0.0",2,"Bicicleta,Pickup/Utilitario","Mendoza Y Falucho",2,1,0,0,1,0,0,,"Calle",,"PUERTO SAN MARTÍN","San Lorenzo","Asfalto","No existe","XVII","Dentro","Urbana","Ninguna","No existe","Intersección","Bueno","Buena","Nocturna","Buen Tiempo","S/D","Ciclista","Atropello","Ninguna","Faltante","Ninguna","Sin restricción"
2017,4295,7/27/2017,"Jueves",0,15:00:00,,"0.0",2,"Automóvil,Moto/Ciclomotor","Urquiza Y Bv San Martin",2,1,0,0,1,0,0,,"Calle",,"ROLDÁN","San Lorenzo","Asfalto","No existe","XVII","Dentro","Urbana","Ninguna","No existe","Intersección","Bueno","Buena","Diurna","Buen Tiempo","Lateral","S/D","Colisión","Ninguna","Vertical","Ninguna","Sin restricción"
2017,4296,7/28/2017,"Viernes",0,20:46:00,"Ruta Nacional 9","0.0",2,"Automóvil,Moto/Ciclomotor","Lisandro de la Torre ",2,1,0,0,1,0,0,,"Ruta",9,"ROLDÁN","San Lorenzo","Asfalto","No existe","XVII","Dentro","Urbana","Ninguna","No existe","Intersección","Bueno","Buena","Nocturna,Con luz artificial","Buen Tiempo","Lateral","S/D","Colisión","Ninguna","Vertical","Ninguna","Sin restricción"
2017,4297,7/22/2017,"Sabado",0,11:15:00,"Ruta Nacional A012","0.0",2,"Camión c / Acoplado,Pickup/Utilitario"," ",2,1,0,0,1,0,0,,"Ruta","A012","PUERTO SAN MARTÍN","San Lorenzo","Asfalto","Ripio","XVII","Dentro","Urbana","Ninguna","No existe","Intersección","Bueno","Buena","Diurna","Buen Tiempo","Lateral","S/D","Colisión","Ninguna","Vertical","Ninguna","Sin restricción"
2017,4298,7/23/2017,"Domingo",0,3:00:00,"Autopista Nacional Rosario -Cordoba","317.0",1,"Automóvil"," ",1,1,0,0,0,0,0,,"Autopista","Rosario -Cordoba","ROLDÁN","San Lorenzo","Asfalto","Natural","XVII","Dentro","Rural","Ninguna","No existe","Recta","Ahuellamiento","Reducida","Nocturna","Buen Tiempo","S/D","S/D","Vuelco","Ninguna","Vertical","Ninguna","Sin restricción"
2017,4299,7/29/2017,"Sabado",0,20:00:00,,"0.0",2,"Automóvil,Moto/Ciclomotor","Gaboto Y Bolivar",2,1,0,0,1,0,0,,"Calle",,"TIMBÚES","San Lorenzo","Asfalto","No existe","XVII","Dentro","Urbana","Ninguna","No existe","Intersección","Bueno","Buena","Nocturna,Con luz artificial","Buen Tiempo","Lateral","S/D","Colisión","Ninguna","Faltante","Ninguna","Sin restricción"
2017,4300,7/26/2017,"Miercoles",0,12:00:00,,"0.0",2,"Otros,Moto/Ciclomotor","Bv Pellegrini Y Fray Luis Beltran",2,0,1,0,1,0,0,,"Calle",,"ROLDÁN","San Lorenzo","Asfalto","No existe","XVII","Dentro","Urbana","Ninguna","No existe","Intersección","Bueno","Buena","Diurna","Buen Tiempo","S/D","S/D","Colisión","Ninguna","Vertical","Ninguna","Sin restricción"
2017,4301,7/14/2017,"Viernes",0,21:10:00,"Ruta Provincial 3","87.0",1,"Moto/Ciclomotor"," ",1,1,0,0,0,0,0,,"Ruta",3,"INTIYACO","Vera","Asfalto","Natural","XIV","Dentro","Rural","Ninguna","No existe","Recta","Deteriorada","Buena","Nocturna","Buen Tiempo","Atropello animal","S/D","Colisión","Ninguna","S/D","Línea divisoria pintada","Sin restricción"
2017,4302,7/21/2017,"Viernes",0,2:00:00,"Autopista Nacional Rosario -Cordoba","311.0",1,"Pickup/Utilitario"," ",7,5,0,0,2,0,0,,"Autopista","Rosario -Cordoba","ROLDÁN","San Lorenzo","Asfalto","Natural","XVII","Dentro","Urbana","Ninguna","No existe","Recta","Ahuellamiento","Reducida","Nocturna","Buen Tiempo","S/D","S/D","Colisión","Ninguna","Vertical","Vegetación","Sin restricción"
2017,4303,7/22/2017,"Sabado",0,2:30:00,,"0.0",2,"Automóvil,Moto/Ciclomotor","Bv Estanislao Lopez Y Almte Brown",2,1,0,0,1,0,0,,"Calle",,"ROLDÁN","San Lorenzo","Asfalto","No existe","XVII","Dentro","Urbana","S/D","No existe","Intersección","Bueno","Buena","Nocturna,Con luz artificial","Buen Tiempo","Lateral","S/D","Colisión","Ninguna","Faltante","S/D","Sin restricción"
2017,4304,7/24/2017,"Lunes",0,2:00:00,,"0.0",2,"Automóvil,Camión","España 274",3,2,0,0,1,0,0,,"Calle",,"CAPITÁN BERMÚDEZ","San Lorenzo","Asfalto","No existe","XVII","Dentro","Urbana","Ninguna","No existe","Recta","S/D","Buena","Diurna","Buen Tiempo","Contra objeto fijo","S/D","Colisión","S/D","S/D","Ninguna","Sin restricción"
2017,4305,7/11/2017,"Martes",0,18:50:00,,"0.0",2,"Pickup/Utilitario,Peatón","Rio Parana ",2,1,0,0,1,0,0,,"Calle",,"ROLDÁN","San Lorenzo","Asfalto","Natural","XVII","Dentro","Urbana","Ninguna","No existe","Intersección","Bueno","Buena","Diurna","Buen Tiempo","S/D","Peatón","Atropello","Ninguna","Faltante","Ninguna","Sin restricción"
2017,4306,7/2/2017,"Domingo",0,9:10:00,"Ruta Nacional 11","0.0",1,"Automóvil","Av San Lorenzo ",1,0,1,0,0,0,0,,"Ruta",11,"CAPITÁN BERMÚDEZ","San Lorenzo","Asfalto","No existe","XVII","Dentro","Urbana","Ninguna","No existe","Recta","Bueno","Buena","Diurna","Buen Tiempo","S/D","S/D","Vuelco","Ninguna","S/D","Ninguna","Sin restricción"
2017,4307,7/4/2017,"Martes",0,14:20:00,,"0.0",2,"Automóvil,Moto/Ciclomotor"," ",2,1,0,0,1,0,0,,"Calle",,"CAPITÁN BERMÚDEZ","San Lorenzo","Asfalto","No existe","XVII","Dentro","Urbana","Ninguna","No existe","Intersección","Con baches,Deteriorada","Buena","Diurna","Buen Tiempo","Lateral","S/D","Colisión","Ninguna","Faltante","Ninguna","Sin restricción"
2017,4308,7/17/2017,"Lunes",0,10:00:00,"Ruta Nacional 9","0.0",2,"Automóvil,Moto/Ciclomotor","Belgrano ",2,1,0,0,1,0,0,,"Ruta",9,"ROLDÁN","San Lorenzo","Asfalto","Ripio","XVII","Dentro","Urbana","Ninguna","No existe","Intersección","Bueno","Buena","Diurna","Buen Tiempo","Lateral","S/D","Colisión","Ninguna","Vertical","Ninguna","Sin restricción"
2017,4309,7/4/2017,"Martes",0,2:50:00,"Ruta Nacional 11","322.0",2,"Automóvil,Moto/Ciclomotor","Av San Lorenzo Y Gral Las Heras",2,1,0,0,1,0,0,,"Ruta",11,"CAPITÁN BERMÚDEZ","San Lorenzo","Asfalto","S/D","XVII","Dentro","Urbana","Ninguna","S/D","Recta","Bueno","Buena","Nocturna","Buen Tiempo","Lateral","S/D","Colisión","Ninguna","S/D","Ninguna","Sin restricción"
2017,4310,7/13/2017,"Jueves",0,13:00:00,"Ruta Nacional 11","0.0",2,"Automóvil,Moto/Ciclomotor","Av San Lorenzo Y Tucuman",2,1,0,0,1,0,0,,"Ruta",11,"CAPITÁN BERMÚDEZ","San Lorenzo","S/D","No existe","XVII","Dentro","Urbana","Ninguna","No existe","Intersección","S/D","Buena","Diurna","Buen Tiempo","Lateral","S/D","Colisión","S/D","S/D","Ninguna","Sin restricción"
2017,4311,7/13/2017,"Jueves",0,19:55:00,,"0.0",1,"Moto/Ciclomotor","Av San Lorenzo Y L Lugones",2,0,0,0,0,0,2,,"Avenida",,"CAPITÁN BERMÚDEZ","San Lorenzo","Asfalto","No existe","XVII","Dentro","Urbana","Ninguna","No existe","Intersección","Bueno","Buena","Atardecer","Buen Tiempo","Contra objeto fijo","S/D","Colisión","Ninguna","S/D","Ninguna","Sin restricción"
2017,4312,7/4/2017,"Martes",0,10:30:00,,"0.0",2,"Automóvil,Moto/Ciclomotor","Laprida Y Bv Pellegrini",2,1,0,0,1,0,0,,"Calle",,"ROLDÁN","San Lorenzo","Asfalto","No existe","XVII","Dentro","Urbana","Ninguna","No existe","Intersección","Bueno","Buena","Diurna","Buen Tiempo","Lateral","S/D","Colisión","Ninguna","Faltante","Ninguna","Sin restricción"
2017,4313,7/6/2017,"Jueves",0,11:50:00,"Autopista Nacional Rosario -Cordoba","311.0",2,"Automóvil,Camión Chasis"," ",4,2,0,0,2,0,0,,"Autopista","Rosario -Cordoba","ROLDÁN","San Lorenzo","Asfalto","Natural","XVII","Dentro","Rural","Ninguna","No existe","Recta","Ahuellamiento","Buena","Diurna","Buen Tiempo","Lateral","S/D","Colisión","S/D","Vertical","Línea divisoria pintada","Sin restricción"
2017,4314,7/6/2017,"Jueves",0,12:30:00,,"0.0",3,"Automóvil,Automóvil,Peatón","Bv San Martin Y Sgto. J Cabral",3,0,1,0,2,0,0,,"Calle",,"ROLDÁN","San Lorenzo","Asfalto","No existe","XVII","Dentro","Urbana","Ninguna","No existe","Intersección","Bueno","Reducida","Diurna","Lluvia","S/D","Peatón","Atropello","Agua","Faltante","Cordón divisorio","Sin restricción"
2017,4315,7/1/2017,"Sabado",0,17:10:00,,"0.0",2,"Automóvil,Moto/Ciclomotor","Almte Brown Y Bv Estanislao Lopez",2,1,0,0,1,0,0,,"Calle",,"ROLDÁN","San Lorenzo","Asfalto","No existe","XVII","Dentro","Urbana","Ninguna","No existe","Intersección","Bueno","Buena","Diurna","Buen Tiempo","Lateral","S/D","Colisión","Ninguna","Faltante","Ninguna","Sin restricción"
2017,4316,7/14/2017,"Viernes",0,7:30:00,"Ruta Provincial 21","7.0",2,"Moto/Ciclomotor,Moto/Ciclomotor"," ",2,1,0,0,1,0,0,,"Ruta",21,"ALVEAR","Rosario","Asfalto","Natural","II","Dentro","Rural","Ninguna","No existe","Recta","Bueno","Buena","Amanecer","Buen Tiempo","Lateral","S/D","Colisión","Ninguna","Faltante","Ninguna","S/D"
2017,4317,7/19/2017,"Miercoles",0,15:00:00,,"0.0",2,"Moto/Ciclomotor,Otros","San Martin Y Sarmiento",2,1,0,0,1,0,0,,"Calle",,"ROSARIO","Rosario","Asfalto","No existe","II","Dentro","Urbana","Ninguna","No existe","Intersección","Bueno","Buena","Diurna","Buen Tiempo","De alcance","S/D","Colisión","Ninguna","Faltante","Ninguna","Sin restricción"
2017,4318,7/22/2017,"Sabado",0,17:00:00,,"0.0",2,"Moto/Ciclomotor,Automóvil","Italia Y Santa Fe",2,1,0,0,1,0,0,,"Calle",,"GENERAL LAGOS","Rosario","Asfalto","No existe","II","Dentro","Urbana","Ninguna","S/D","Intersección","Bueno","Buena","Atardecer","Buen Tiempo","De alcance","S/D","Colisión","Ninguna","Faltante","Ninguna","Sin restricción"
2017,4319,7/5/2017,"Miercoles",0,17:20:00,,"0.0",2,"Pickup/Utilitario,Peatón","Gral Mosconi Y Luna",3,1,0,0,2,0,0,,"Calle",,"SAN LORENZO","San Lorenzo","Asfalto","No existe","XIII","Dentro","Urbana","Ninguna","No existe","Intersección","Bueno","Buena","Diurna","Buen Tiempo","S/D","Peatón","Atropello","Ninguna","S/D","Ninguna","Sin restricción"
2017,4320,7/8/2017,"Sabado",0,19:30:00,,"0.0",2,"Automóvil,Moto/Ciclomotor","1 DE JUNIO ",2,0,1,0,1,0,0,,"Calle",,"SAN JERÓNIMO SUR","San Lorenzo","Asfalto","No existe","XVII","Dentro","Urbana","Ninguna","No existe","Intersección","Bueno","Buena","Atardecer","Buen Tiempo","Lateral","S/D","Colisión","Ninguna","Faltante","Ninguna","Sin restricción"
2017,4321,7/9/2017,"Domingo",0,7:20:00,,"0.0",2,"Automóvil,Automóvil","Av San Martin Y P Fournier",4,2,0,0,2,0,0,,"Calle",,"SAN LORENZO","San Lorenzo","Hormigón","No existe","XVII","Dentro","Urbana","Ninguna","No existe","Intersección","Bueno","Buena","Diurna","Buen Tiempo","Lateral","S/D","Colisión","Ninguna","S/D","Ninguna","Sin restricción"
2017,4322,7/21/2017,"Viernes",0,16:00:00,"Autopista Nacional Rosario -Cordoba","325.0",1,"Automóvil"," ",4,4,0,0,0,0,0,,"Autopista","Rosario -Cordoba","SAN JERÓNIMO SUR","San Lorenzo","Asfalto","Natural","XVII","Dentro","Rural","Ninguna","No existe","Recta","Bueno","Buena","Diurna","Buen Tiempo","S/D","S/D","Vuelco","Ninguna","Faltante","Vegetación","Sin restricción"
2017,4323,7/4/2017,"Martes",0,21:05:00,,"0.0",2,"Moto/Ciclomotor,Automóvil"," ",2,1,0,0,1,0,0,,"S/D",,"PUEBLO ESTHER","Rosario","Asfalto","Pavimento","II","S/D","Urbana","S/D","No existe","Intersección","Bueno","Buena","Nocturna","S/D","S/D","S/D","Colisión","Ninguna","S/D","S/D","S/D"
2017,4324,7/8/2017,"Sabado",0,9:45:00,,"0.0",2,"Moto/Ciclomotor,Automóvil","Ledesma Y Irigoyen",2,1,0,0,1,0,0,,"Calle",,"SAN LORENZO","San Lorenzo","Asfalto","No existe","XVII","Dentro","Urbana","Ninguna","No existe","Intersección","Bueno","Buena","Diurna","Buen Tiempo","Lateral","S/D","Colisión","Ninguna","S/D","Ninguna","S/D"
2017,4325,7/21/2017,"Viernes",0,4:30:00,,"0.0",2,"Taxi/Remis,Moto/Ciclomotor","Salta Y Crespo",2,1,0,0,1,0,0,,"Calle",,"ROSARIO","Rosario","Asfalto","No existe","II","S/D","Urbana","Ninguna","S/D","Recta","Bueno","Buena","Nocturna","Otro","S/D","S/D","Colisión","Ninguna","S/D","Ninguna","Sin restricción"
2017,4326,7/7/2017,"Viernes",0,19:05:00,,"0.0",2,"Automóvil,Moto/Ciclomotor","Cordoba Y Av San Martin",3,1,0,0,2,0,0,,"Calle",,"PUERTO SAN MARTÍN","San Lorenzo","Asfalto","No existe","XVII","Dentro","Urbana","Policía de tránsito","No existe","Intersección","Bueno","Buena","Atardecer","Buen Tiempo","De alcance","S/D","Colisión","S/D","Faltante","Ninguna","Sin restricción"
2017,4327,7/8/2017,"Sabado",0,8:00:00,,"0.0",2,"Peatón,Automóvil","R Rodriguez Y Cordoba",2,1,0,0,1,0,0,,"Calle",,"PUERTO SAN MARTÍN","San Lorenzo","Asfalto","No existe","XVII","Dentro","Urbana","Ninguna","No existe","Intersección","Bueno","Buena","Amanecer","Buen Tiempo","S/D","Peatón","Atropello","Ninguna","Faltante","Ninguna","Sin restricción"
2017,4328,7/1/2017,"Sabado",0,12:30:00,,"0.0",2,"Pickup/Utilitario,Moto/Ciclomotor","BV INDEPENDENCIA  Y BV FREYRE",3,2,0,0,1,0,0,,"Calle",,"FUENTES","San Lorenzo","Asfalto","No existe","XVII","Dentro","Urbana","Ninguna","No existe","Intersección","Bueno","Buena","Diurna","Buen Tiempo","Lateral","S/D","Colisión","Ninguna","Faltante","Ninguna","Sin restricción"
2017,4329,2/19/2017,"Domingo",0,4:15:00,,"0.0",2,"Bicicleta,Otros"," ",2,0,0,0,0,1,1,"-32.92627, -60.72018","S/D",,"ROSARIO","Rosario","S/D","S/D","II","S/D","S/D","S/D","S/D","S/D","S/D","S/D","Nocturna","S/D","S/D","Ciclista","Atropello","S/D","S/D","S/D","S/D"
2017,4331,7/22/2017,"Sabado",0,14:55:00,,"0.0",2,"Automóvil,Automóvil","San Lorenzo Y Pueyrredon",5,2,0,0,3,0,0,,"Calle",,"ROSARIO","Rosario","Asfalto","No existe","II","Dentro","Urbana","Ninguna","No existe","Recta","Bueno","Buena","Diurna","S/D","S/D","S/D","Colisión","Ninguna","Faltante","Ninguna","Sin restricción"
2017,4332,7/25/2017,"Martes",0,9:00:00,,"0.0",2,"Automóvil,Moto/Ciclomotor","Jujuy Y Av. Francia",3,1,0,0,2,0,0,,"Calle",,"ROSARIO","Rosario","S/D","No existe","II","Dentro","Urbana","S/D","S/D","Recta","S/D","Buena","Diurna","S/D","S/D","S/D","Colisión","S/D","S/D","Ninguna","Sin restricción"
2017,4333,3/27/2017,"Lunes",0,8:30:00,,"0.0",2,"Moto/Ciclomotor,Automóvil","Tucuman 2400",2,1,0,0,1,0,0,,"Calle",,"ROSARIO","Rosario","Asfalto","S/D","II","Dentro","Urbana","S/D","S/D","Recta","Bueno","Buena","Diurna","S/D","S/D","S/D","Colisión","Ninguna","Faltante","Ninguna","Sin restricción"
2017,4334,7/5/2017,"Miercoles",0,10:40:00,,"0.0",2,"Moto/Ciclomotor,Vehículo Oficial","Av. Ovidio Lagos Y Sanchez de Bustamante",2,1,0,0,1,0,0,,"Calle",,"ROSARIO","Rosario","Asfalto","No existe","II","Dentro","Urbana","Ninguna","No existe","Recta","Bueno","Buena","Diurna","Buen Tiempo","De alcance","S/D","Colisión","Ninguna","Horizontal","Barrera de hormigón","Sin restricción"
2017,4335,7/8/2017,"Sabado",0,4:00:00,,"0.0",2,"Moto/Ciclomotor,Automóvil","Av. Ovidio Lagos Y Av. Ntra.Sra.del Rosario",2,1,0,0,1,0,0,,"Calle",,"ROSARIO","Rosario","Asfalto","No existe","II","Dentro","Urbana","Semáforo","Funciona","Intersección","Bueno","Buena","Nocturna","Buen Tiempo","Lateral","S/D","Colisión","Ninguna","Horizontal","Barrera de hormigón","Sin restricción"
2017,4336,7/23/2017,"Domingo",0,19:55:00,,"0.0",2,"Automóvil,Bicicleta","Av. Ovidio Lagos Y Av. Circunvalacion",2,1,0,0,1,0,0,,"Calle",,"ROSARIO","Rosario","Asfalto","Pavimento","II","Dentro","Urbana","Semáforo","Funciona","Recta","Bueno","Buena","Nocturna","Buen Tiempo","Lateral","Ciclista","Atropello","Ninguna","Vertical","Cordón divisorio","Sin restricción"
2017,4337,7/1/2017,"Sabado",0,16:30:00,,"0.0",2,"Pickup/Utilitario,Moto/Ciclomotor","Mariano Moreno Y Simon de Iriondo",3,1,1,0,1,0,0,,"Calle",,"PUJATO","San Lorenzo","Asfalto","Pavimento","XVII","Dentro","Urbana","Ninguna","No existe","Intersección","Bueno","Buena","Diurna","Buen Tiempo","Lateral","S/D","Colisión","Ninguna","Faltante","Ninguna","Sin restricción"
2017,4338,7/7/2017,"Viernes",0,0:20:00,"Ruta Nacional A012","0.0",1,"Automóvil"," ",1,1,0,0,0,0,0,,"Ruta","A012","RICARDONE","San Lorenzo","Hormigón","Natural","XVII","Fuera","Rural","Ninguna","No existe","Curva","Resbaladiza","Buena","Nocturna","Lluvia","S/D","S/D","Despiste","Agua","Faltante","Ninguna","Sin restricción"
2017,4339,7/12/2017,"Miercoles",0,19:12:00,"Ruta Nacional 11","0.0",2,"Automóvil,Moto/Ciclomotor","Av San Martin Y French",2,1,0,0,1,0,0,,"Ruta",11,"FRAY LUIS BELTRÁN","San Lorenzo","Asfalto","Ripio","XVII","Dentro","Urbana","Ninguna","No existe","Intersección","Bueno","Buena","Diurna","Buen Tiempo","Lateral","S/D","Colisión","Ninguna","Faltante","Ninguna","Sin restricción"
2017,4340,7/10/2017,"Lunes",0,12:30:00,,"0.0",2,"Automóvil,Automóvil","Pte Peron Y Sarmiento",3,2,0,0,1,0,0,,"Calle",,"FRAY LUIS BELTRÁN","San Lorenzo","Hormigón","No existe","XVII","Dentro","Urbana","Ninguna","No existe","Intersección","Bueno","Buena","Diurna","Buen Tiempo","Lateral","S/D","Colisión","Ninguna","Faltante","Ninguna","Sin restricción"
2017,4341,7/15/2017,"Sabado",0,22:30:00,"Ruta Nacional 11","0.0",2,"Automóvil,Moto/Ciclomotor","Av San Martin Y Moreno",2,1,0,0,1,0,0,,"Ruta",11,"FRAY LUIS BELTRÁN","San Lorenzo","Asfalto","Ripio","XVII","Dentro","Urbana","Ninguna","No existe","Intersección","Bueno","Buena","Nocturna","Buen Tiempo","Lateral","S/D","Colisión","Ninguna","Faltante","Ninguna","Sin restricción"
2017,4342,7/16/2017,"Domingo",0,15:35:00,,"0.0",2,"Automóvil,Moto/Ciclomotor","Estrada Y Monteagudo",2,0,1,0,1,0,0,,"Calle",,"FRAY LUIS BELTRÁN","San Lorenzo","Ripio","No existe","XVII","Dentro","Urbana","Ninguna","No existe","Intersección","Con baches","Buena","Diurna","Buen Tiempo","Lateral","S/D","Colisión","Ninguna","S/D","Ninguna","Sin restricción"
2017,4343,7/22/2017,"Sabado",0,20:45:00,,"0.0",2,"Moto/Ciclomotor,Automóvil","Maestra Barragan - Ex Bs.As. Y Sarmiento",2,1,0,0,1,0,0,,"Calle",,"FRAY LUIS BELTRÁN","San Lorenzo","Asfalto","No existe","XVII","Dentro","Urbana","Ninguna","No existe","Intersección","Bueno","Buena","Nocturna,Con luz artificial","Buen Tiempo","Lateral","S/D","Colisión","Ninguna","S/D","Ninguna","Sin restricción"
2017,4344,7/23/2017,"Domingo",0,7:15:00,,"0.0",2,"Moto/Ciclomotor,Automóvil"," ",2,1,0,0,0,0,1,,"S/D",,"FRAY LUIS BELTRÁN","San Lorenzo","S/D","S/D","XVI","S/D","Urbana","S/D","S/D","S/D","S/D","S/D","Diurna","S/D","S/D","S/D","Colisión","S/D","S/D","S/D","S/D"
2017,4345,7/27/2017,"Jueves",0,12:15:00,,"0.0",2,"Moto/Ciclomotor,Moto/Ciclomotor","Beruti Y Larrea",2,1,0,0,1,0,0,,"Calle",,"FRAY LUIS BELTRÁN","San Lorenzo","Ripio","No existe","XVII","Dentro","Urbana","Ninguna","No existe","Intersección","Deteriorada","Buena","Diurna","Buen Tiempo","Lateral","S/D","Colisión","Ninguna","S/D","Ninguna","Sin restricción"
2017,4346,7/4/2017,"Martes",0,12:10:00,"Ruta Nacional 11","0.0",2,"Automóvil,Moto/Ciclomotor","Bv Oroño Y Islas Malvinas",3,1,0,0,2,0,0,,"Ruta",11,"SAN LORENZO","San Lorenzo","Hormigón","S/D","XVII","Dentro","Urbana","S/D","No existe","Intersección","S/D","Buena","Diurna","S/D","S/D","S/D","Colisión","S/D","S/D","S/D","S/D"
2017,4347,4/11/2017,"Martes",0,19:00:00,"Ruta Nacional 9","0.0",2,"Automóvil,Moto/Ciclomotor","Av. Santa Fe Y Pellegrini",5,2,0,0,3,0,0,,"Ruta",9,"CAÑADA DE GÓMEZ","Iriondo","S/D","S/D","X","Dentro","Urbana","S/D","S/D","Distribuidor","S/D","S/D","Diurna","S/D","S/D","S/D","Colisión","S/D","S/D","S/D","S/D"
2017,4348,4/13/2017,"Jueves",0,,,"0.0",2,"Automóvil,Moto/Ciclomotor","Calle 15 Y Calle 20",2,1,0,0,1,0,0,,"Calle",,"AVELLANEDA","General Obligado","S/D","S/D","IX","Dentro","Urbana","S/D","S/D","Intersección","S/D","S/D","Diurna","S/D","S/D","S/D","Colisión","S/D","S/D","S/D","S/D"
2017,4349,4/12/2017,"Miercoles",0,23:35:00,"Ruta Nacional A009","0.0",2,"Pickup/Utilitario,Moto/Ciclomotor","Calle 61-La Rioja ",3,1,0,0,2,0,0,,"Ruta","A009","RECONQUISTA","General Obligado","S/D","S/D","IX","Dentro","Urbana","S/D","S/D","Intersección","S/D","S/D","Nocturna","S/D","S/D","S/D","Colisión","S/D","S/D","S/D","S/D"
2017,4350,4/16/2017,"Domingo",0,9:15:00,,"0.0",1,"Moto/Ciclomotor","Ocampo Y Hipolito Irigoyen",2,2,0,0,0,0,0,,"Calle",,"CAÑADA DE GÓMEZ","Iriondo","S/D","S/D","X","Dentro","Urbana","S/D","S/D","S/D","S/D","S/D","Diurna","S/D","Atropello animal","S/D","Colisión","S/D","S/D","S/D","S/D"
2017,4351,4/16/2017,"Domingo",0,8:00:00,"Ruta Nacional 11","572.0",2,"Automóvil,Camión c / Acoplado"," ",2,1,0,0,1,0,0,,"Ruta",11,"SAN JUSTO","San Justo","S/D","S/D","XVI","Dentro","Rural","S/D","S/D","Recta","S/D","S/D","Diurna","S/D","De alcance","S/D","Colisión","S/D","S/D","S/D","S/D"
2017,4352,4/18/2017,"Martes",0,7:00:00,"Ruta Nacional 11","786.5",2,"Bicicleta,Moto/Ciclomotor"," ",2,1,0,0,1,0,0,,"Ruta",11,"RECONQUISTA","General Obligado","S/D","S/D","IX","Dentro","Urbana","S/D","S/D","Recta","S/D","S/D","Diurna","S/D","S/D","Ciclista","Atropello","S/D","S/D","S/D","S/D"
2017,4353,4/20/2017,"Jueves",0,8:28:00,,"0.0",2,"Moto/Ciclomotor,Automóvil","Chacabuco Y Gral Jose de San Martin",2,1,0,0,1,0,0,,"Calle",,"VENADO TUERTO","General López","S/D","S/D","VIII","Dentro","Urbana","S/D","S/D","Intersección","S/D","S/D","Diurna","S/D","S/D","S/D","Colisión","S/D","S/D","S/D","S/D"