"anio_acci","nro_acci","fecha","desc_dia","fecha_aprox","hora_aprox","desc_ruta","km","cant_participantes","desc_participante","calle_avenida_km","total","heridos_leves","heridos_graves","heridos_gravisimos","ilesos","fallecidos","sin_datos","posicion_XY","desc_tipo_via","desc_ruta_ori","desc_loc","desc_dpto","desc_tipo_calzada","desc_tipo_banquina","desc_unidad_regional","desc_lugar_calzada","desc_zona","desc_prioridad","desc_estado_semaforo","desc_lugar_via","desc_estado_via","desc_estado_visibilidad","desc_luminosidad","desc_estado_clima","desc_tipo_colision","desc_tipo_atropello","desc_tipo_hecho","desc_pres_calzada","desc_senializacion","desc_separacion_via","desc_restriccion"
2017,4354,4/25/2017,"Martes",0,11:30:00,,"0.0",2,"Automóvil,Moto/Ciclomotor","Domingo Silva Y Pedro Alejandro Vittori",2,1,0,0,1,0,0,,"Avenida",,"SANTA FE","La Capital","Asfalto","No existe","I","Dentro","Urbana","S/D","No existe","Intersección","Bueno","S/D","Diurna","S/D","Lateral","S/D","Colisión","S/D","S/D","S/D","S/D"
2017,4355,4/24/2017,"Lunes",0,23:45:00,,"0.0",2,"Moto/Ciclomotor,Moto/Ciclomotor","Av Leandro Alem Y Calchines",2,2,0,0,0,0,0,,"Avenida",,"SANTA FE","La Capital","Asfalto","No existe","I","Dentro","Urbana","S/D","Funciona","Intersección","Bueno","S/D","Nocturna","S/D","Lateral","S/D","Colisión","S/D","S/D","S/D","S/D"
2017,4356,4/24/2017,"Lunes",0,,,"0.0",2,"Moto/Ciclomotor,Automóvil","Las Heras Y Eva Peron",2,1,0,0,1,0,0,,"Calle",,"SANTA FE","La Capital","Asfalto","Natural","I","Dentro","Urbana","S/D","No existe","Intersección","Bueno","S/D","S/D","S/D","Lateral","S/D","Colisión","S/D","S/D","S/D","S/D"
2017,4357,4/25/2017,"Martes",0,11:00:00,,"0.0",2,"Moto/Ciclomotor,Moto/Ciclomotor","Bv Galvez Y Necochea",2,1,0,0,1,0,0,,"Avenida",,"SANTA FE","La Capital","Asfalto","No existe","I","Dentro","Urbana","S/D","Funciona","Intersección","Bueno","S/D","Diurna","S/D","S/D","S/D","Colisión","S/D","S/D","S/D","S/D"
2017,4358,4/22/2017,"Sabado",0,22:00:00,,"0.0",2,"Moto/Ciclomotor,Pickup/Utilitario"," ",2,1,0,0,1,0,0,,"S/D",,"SANTA FE","La Capital","Hormigón","Natural","I","S/D","Urbana","S/D","No existe","Recta","Bueno","S/D","Nocturna","S/D","Lateral","S/D","Colisión","S/D","S/D","S/D","S/D"
2017,4359,4/20/2017,"Jueves",0,,,"0.0",2,"Automóvil,Moto/Ciclomotor","Av Leandro Alem Y Alberdi",2,1,0,0,1,0,0,,"Avenida",,"SANTA FE","La Capital","Asfalto","No existe","I","Dentro","Urbana","S/D","Funciona","Intersección","Bueno","S/D","S/D","S/D","Lateral","S/D","Colisión","S/D","S/D","S/D","S/D"
2017,4360,4/23/2017,"Domingo",0,6:45:00,,"0.0",2,"Automóvil,Camión","Av Leandro Alem Y Sargento Cabral",3,2,0,0,1,0,0,,"Calle",,"SANTA FE","La Capital","Asfalto","Natural","I","Dentro","Urbana","S/D","Funciona","Intersección","Bueno","S/D","Amanecer","S/D","Lateral","S/D","Colisión","S/D","S/D","S/D","S/D"
2017,4361,4/19/2017,"Miercoles",0,9:55:00,,"0.0",2,"Moto/Ciclomotor,Automóvil","Balcarce 1542",2,1,0,0,1,0,0,,"Calle",,"SANTA FE","La Capital","Asfalto","No existe","I","Dentro","Urbana","S/D","No existe","Recta","Bueno","S/D","Diurna","S/D","Lateral","S/D","Colisión","S/D","S/D","S/D","S/D"
2017,4362,4/12/2017,"Miercoles",0,18:30:00,,"0.0",2,"Automóvil,Bicicleta"," ",2,1,0,0,1,0,0,,"Calle",,"SANTA FE","La Capital","Asfalto","S/D","I","Dentro","Urbana","S/D","No existe","Curva","Bueno","S/D","Atardecer","S/D","S/D","Ciclista","Atropello","S/D","S/D","S/D","S/D"
2017,4363,3/4/2017,"Sabado",0,17:55:00,"Ruta Nacional 11","0.0",2,"Moto/Ciclomotor,Moto/Ciclomotor","13 de diciembre ",2,0,1,0,1,0,0,,"Ruta",11,"SANTO TOMÉ","La Capital","Asfalto","Natural","I","Dentro","Urbana","Ninguna","S/D","Intersección","Bueno","Buena","Diurna","Buen Tiempo","S/D","S/D","Colisión","S/D","Horizontal","Ninguna","Sin restricción"
2017,4364,3/4/2017,"Sabado",0,23:55:00,"Ruta Nacional 11","0.0",2,"Pickup/Utilitario,Moto/Ciclomotor","13 de diciembre ",3,2,0,0,1,0,0,,"Ruta",11,"SANTO TOMÉ","La Capital","Asfalto","Natural","I","Dentro","Urbana","Ninguna","S/D","Intersección","Bueno","Buena","Nocturna","Buen Tiempo","S/D","S/D","Colisión","Ninguna","Horizontal","Línea divisoria pintada","Sin restricción"
2017,4365,3/19/2017,"Domingo",0,21:55:00,"Ruta Nacional 11","0.0",2,"Automóvil,Moto/Ciclomotor","Avenida Nuestra Señora del Luj Y 12 de septiembre",2,1,0,0,1,0,0,,"Ruta",11,"SANTO TOMÉ","La Capital","Asfalto","No existe","I","Dentro","Urbana","Ninguna","Funciona","Intersección","Bueno","Buena","Nocturna","Buen Tiempo","S/D","S/D","Colisión","Ninguna","Horizontal","Ninguna","Sin restricción"
2017,4366,3/5/2017,"Domingo",0,23:30:00,,"0.0",2,"Pickup/Utilitario,Automóvil","Azcuenaga Y Lisandro de La Torre",4,1,0,0,3,0,0,,"Calle",,"SANTO TOMÉ","La Capital","Asfalto","No existe","I","Dentro","Urbana","Ninguna","No existe","Intersección","Bueno","Buena","Nocturna","Buen Tiempo","Lateral","S/D","Colisión","Ninguna","Horizontal","Ninguna","Sin restricción"
2017,4367,4/3/2017,"Lunes",0,15:30:00,"Ruta Provincial 1","0.5",2,"Otros,Automóvil"," ",2,1,0,0,0,0,1,,"Ruta",1,"COLASTINE","La Capital","Asfalto","Ripio","I","Dentro","Urbana","Semáforo","Funciona","Recta","Bueno","Buena","Diurna","Buen Tiempo","De alcance","S/D","Colisión","Ninguna","Vertical","S/D","Sin restricción"
2017,4368,4/12/2017,"Miercoles",0,10:20:00,"Ruta Provincial 1","3.5",2,"Otros,Automóvil"," ",2,1,0,0,0,0,1,,"Ruta",1,"COLASTINE","La Capital","Asfalto","Ripio","I","Dentro","Urbana","Semáforo","Funciona","Recta","Bueno","Buena","Diurna","Buen Tiempo","Lateral","S/D","Colisión","Ninguna","Vertical","S/D","Sin restricción"
2017,4369,4/21/2017,"Viernes",0,22:00:00,"Ruta Nacional 168","477.0",2,"Otros,Moto/Ciclomotor"," ",2,1,0,0,0,0,1,,"Ruta",168,"COLASTINE","La Capital","Asfalto","Ripio","I","Dentro","Urbana","Ninguna","No existe","Recta","Bueno","Buena","Nocturna","Buen Tiempo","De alcance","S/D","Colisión","Ninguna","Horizontal","Ninguna","Sin restricción"
2017,4370,4/23/2017,"Domingo",0,3:00:00,"Ruta Provincial 2","19.5",2,"Automóvil,Pickup/Utilitario"," ",6,4,0,0,2,0,0,,"Ruta",2,"MONTE VERA","La Capital","Hormigón","Natural","I","Fuera","Rural","Ninguna","No existe","Recta","Bueno","S/D","Nocturna","Buen Tiempo","De alcance","S/D","Colisión","Ninguna","Faltante","Ninguna","Sin restricción"
2017,4371,4/28/2017,"Viernes",0,22:25:00,"Ruta Provincial 2","13.0",2,"Moto/Ciclomotor,Moto/Ciclomotor"," ",3,3,0,0,0,0,0,,"Ruta",2,"MONTE VERA","La Capital","Hormigón","Natural","I","Dentro","Rural","Ninguna","No existe","Recta","Bueno","Buena","Nocturna,Con luz artificial","Buen Tiempo","De alcance","S/D","Colisión","Ninguna","S/D","Ninguna","Sin restricción"
2017,4372,4/29/2017,"Sabado",0,17:00:00,"Ruta Provincial 2","11.0",2,"Moto/Ciclomotor,Automóvil","AV. LOS QUINTEROS ",3,2,0,0,1,0,0,,"Ruta",2,"ANGEL GALLARDO","La Capital","Hormigón","Natural","I","Dentro","Rural","Señal Ceda el Paso","No existe","Intersección","Bueno","Buena","Diurna","Buen Tiempo","Lateral","S/D","Colisión","Ninguna","S/D","Ninguna","Sin restricción"
2017,4373,4/2/2017,"Domingo",0,6:50:00,"Ruta Provincial 2","11.0",1,"Moto/Ciclomotor"," ",2,2,0,0,0,0,0,,"Ruta",2,"ANGEL GALLARDO","La Capital","Asfalto","Natural","I","Dentro","Rural","Ninguna","No existe","Curva","Bueno","Buena","Amanecer,Con luz artificial","Buen Tiempo","S/D","S/D","Caída ocupante","Ninguna","S/D","Ninguna","Sin restricción"
2017,4374,4/24/2017,"Lunes",0,14:30:00,"Ruta Provincial 1","2.5",1,"Moto/Ciclomotor"," ",1,1,0,0,0,0,0,,"Ruta",1,"COLASTINE","La Capital","S/D","No existe","I","Dentro","Urbana","Ninguna","No existe","Recta","Bueno","Buena","Diurna","Buen Tiempo","Atropello animal","S/D","Colisión","Ninguna","S/D","Ninguna","Sin restricción"
2017,4375,4/20/2017,"Jueves",0,21:10:00,"Ruta Provincial 2","0.0",2,"Automóvil,Moto/Ciclomotor","Av L de la Torre Y Corrientes",2,1,0,0,1,0,0,,"Ruta",2,"LAGUNA PAIVA","La Capital","Asfalto","Natural","I","Dentro","Urbana","Ninguna","No existe","Intersección","Bueno","Buena","Nocturna,Con luz artificial","Buen Tiempo","Lateral","S/D","Colisión","Ninguna","Faltante","Ninguna","Sin restricción"
2017,4376,4/11/2017,"Martes",0,17:30:00,,"0.0",2,"Pickup/Utilitario,Moto/Ciclomotor","Lavalle Y Balcarce",2,1,0,0,1,0,0,,"Calle",,"SANTA FE","La Capital","Asfalto","No existe","I","Dentro","Urbana","S/D","No existe","Intersección","Bueno","S/D","Diurna","S/D","Lateral","S/D","Colisión","S/D","S/D","S/D","S/D"
2017,4377,4/6/2017,"Jueves",0,11:00:00,,"0.0",1,"Moto/Ciclomotor","Constituyentes Y Jose de San Martin",1,1,0,0,0,0,0,,"Calle",,"SAN JOSÉ DEL RINCÓN","La Capital","Asfalto","No existe","I","Dentro","Urbana","Ninguna","No existe","Recta","Bueno","Buena","Diurna","Buen Tiempo","Contra objeto fijo","S/D","Colisión","Ninguna","Faltante","Ninguna","Sin restricción"
2017,4378,4/1/2017,"Sabado",0,7:00:00,"Ruta Provincial 1","9.0",2,"Moto/Ciclomotor,Pickup/Utilitario"," ",2,1,0,0,0,0,1,,"Ruta",1,"SAN JOSÉ DEL RINCÓN","La Capital","Asfalto","Natural","I","Dentro","Urbana","Ninguna","S/D","Recta","Bueno","Reducida","Amanecer","Buen Tiempo","De alcance","S/D","Colisión","S/D","Horizontal","Cordón divisorio","Sin restricción"
2017,4379,4/25/2017,"Martes",0,19:10:00,"Ruta Provincial 1","10.5",2,"Moto/Ciclomotor,Automóvil"," ",2,1,0,0,1,0,0,,"Ruta",1,"SAN JOSÉ DEL RINCÓN","La Capital","Asfalto","Natural","I","Dentro","Urbana","Ninguna","S/D","Recta","Bueno","Reducida","Atardecer","Buen Tiempo","Lateral","S/D","Colisión","Ninguna","Horizontal","Cordón divisorio","Sin restricción"
2017,4380,4/17/2017,"Lunes",0,18:20:00,,"0.0",2,"Moto/Ciclomotor,Automóvil","Colono Y 25 de Mayo",2,1,0,0,1,0,0,,"Calle",,"LAGUNA PAIVA","La Capital","Ripio","No existe","I","Dentro","Urbana","Ninguna","No existe","Intersección","Con baches","Buena","Atardecer,Con luz artificial","Buen Tiempo","Lateral","S/D","Colisión","Material Suelto","Faltante","Ninguna","Sin restricción"
2017,4381,4/11/2017,"Martes",0,,,"0.0",2,"Automóvil,Moto/Ciclomotor","Guemes Y Sargento Cabral",2,1,0,0,1,0,0,,"Calle",,"SANTA FE","La Capital","Asfalto","No existe","I","Dentro","Urbana","S/D","No existe","Intersección","Bueno","S/D","S/D","S/D","Lateral","S/D","Colisión","S/D","S/D","S/D","S/D"
2017,4382,4/16/2017,"Domingo",0,17:10:00,,"0.0",2,"Moto/Ciclomotor,Automóvil","Moreno Y Libertad",2,1,0,0,1,0,0,,"Calle",,"LAGUNA PAIVA","La Capital","Ripio","No existe","I","Dentro","Urbana","Ninguna","No existe","Intersección","Con baches","Buena","Diurna","Buen Tiempo","Lateral","S/D","Colisión","Ninguna","Faltante","Ninguna","Sin restricción"
2017,4383,4/10/2017,"Lunes",0,13:25:00,,"0.0",2,"Automóvil,Moto/Ciclomotor","Chacabuco Y Las Heras",2,1,0,0,1,0,0,,"Calle",,"SANTA FE","La Capital","Asfalto","No existe","I","Dentro","Urbana","S/D","No existe","Intersección","Bueno","S/D","Diurna","S/D","Lateral","S/D","Colisión","S/D","S/D","S/D","S/D"
2017,4384,4/5/2017,"Miercoles",0,18:45:00,,"0.0",2,"Automóvil,Automóvil","Av Leandro Alem Y Calchines",3,1,0,0,2,0,0,,"Avenida",,"SANTA FE","La Capital","Hormigón","No existe","I","Dentro","Urbana","S/D","Funciona","Intersección","Bueno","S/D","Amanecer","S/D","S/D","S/D","Colisión","S/D","S/D","Ninguna","S/D"
2017,4385,4/6/2017,"Jueves",0,15:20:00,,"0.0",2,"Moto/Ciclomotor,Automóvil","Bv Galvez Y Guemes",2,1,0,0,1,0,0,,"Calle",,"SANTA FE","La Capital","Asfalto","No existe","I","Dentro","Urbana","S/D","Funciona","Intersección","Bueno","S/D","Diurna","S/D","S/D","S/D","Colisión","S/D","S/D","S/D","S/D"
2017,4386,4/6/2017,"Jueves",0,18:15:00,,"0.0",2,"Moto/Ciclomotor,Automóvil"," ",2,1,0,0,0,0,1,,"S/D",,"SANTA FE","La Capital","Asfalto","S/D","I","S/D","S/D","S/D","Funciona","Intersección","Bueno","S/D","Atardecer","S/D","S/D","S/D","Colisión","S/D","S/D","S/D","S/D"
2017,4387,4/9/2017,"Domingo",0,2:15:00,,"0.0",2,"Moto/Ciclomotor,Automóvil","Bv Galvez 1900",3,2,0,0,0,0,1,,"Avenida",,"SANTA FE","La Capital","Asfalto","No existe","I","S/D","Urbana","S/D","Funciona","Recta","Bueno","S/D","Nocturna","S/D","Lateral","S/D","Colisión","S/D","S/D","Vegetación","S/D"
2017,4388,4/11/2017,"Martes",0,20:20:00,"Ruta Nacional 11","0.0",2,"Moto/Ciclomotor,Moto/Ciclomotor","Lisandro de La Torre Y Avenida Nuestra Señora del Luj",3,0,1,0,2,0,0,,"Ruta",11,"SANTO TOMÉ","La Capital","Asfalto","No existe","I","Dentro","Urbana","Semáforo","Funciona","Intersección","Bueno","Buena","Nocturna","Buen Tiempo","Lateral","S/D","Colisión","Ninguna","Vertical","Ninguna","Sin restricción"
2017,4389,4/1/2017,"Sabado",1,,,"0.0",2,"Automóvil,Moto/Ciclomotor"," ",2,1,0,0,1,0,0,,"S/D",,"SANTO TOMÉ","La Capital","S/D","S/D","I","S/D","S/D","S/D","S/D","S/D","S/D","S/D","S/D","S/D","S/D","S/D","Colisión","S/D","S/D","S/D","S/D"
2017,4390,4/28/2017,"Viernes",0,19:27:00,,"0.0",2,"Automóvil,Moto/Ciclomotor","Buenos Aires Y Rca Oriental del Uruguay",2,1,0,0,1,0,0,,"Calle",,"SANTO TOMÉ","La Capital","Asfalto","No existe","I","Dentro","Urbana","S/D","No existe","Intersección","Bueno","S/D","Diurna","S/D","S/D","S/D","Colisión","S/D","S/D","S/D","S/D"
2017,4391,4/18/2017,"Martes",0,19:05:00,,"0.0",2,"Moto/Ciclomotor,Tracción animal / Carro"," ",4,0,1,0,2,0,1,,"Calle",,"ALTO VERDE","La Capital","Asfalto","No existe","I","Dentro","Urbana","Ninguna","No existe","Recta","Resbaladiza","Reducida","Nocturna","Lluvia","De alcance","S/D","Colisión","Agua","S/D","Línea divisoria pintada","Sin restricción"
2017,4392,4/18/2017,"Martes",0,23:00:00,,"0.0",2,"Automóvil,Moto/Ciclomotor","13 de diciembre Y Rca Oriental del Uruguay",2,0,1,0,0,0,1,,"Calle",,"SANTO TOMÉ","La Capital","Tierra","No existe","I","Fuera","Urbana","Ninguna","No existe","Intersección","Bueno","Reducida","Nocturna","Lluvia","Lateral","S/D","Colisión","Agua","Faltante","Ninguna","Sin restricción"
2017,4393,4/8/2017,"Sabado",0,15:00:00,,"0.0",2,"Moto/Ciclomotor,Pickup/Utilitario","Colono Y Maipu",2,1,0,0,1,0,0,,"Calle",,"LAGUNA PAIVA","La Capital","Tierra","No existe","I","Dentro","Urbana","Ninguna","No existe","Intersección","Bueno","Buena","Diurna","Buen Tiempo","Lateral","S/D","Colisión","Ninguna","Horizontal","Ninguna","Sin restricción"
2017,4394,4/11/2017,"Martes",0,10:15:00,,"0.0",2,"Moto/Ciclomotor,Pickup/Utilitario","Pastor Barrios Y Rivadavia",2,1,0,0,1,0,0,,"Avenida",,"LAGUNA PAIVA","La Capital","Asfalto","Natural","I","Dentro","Urbana","Ninguna","No existe","Intersección","Bueno","Buena","Diurna","Buen Tiempo","Lateral","S/D","Colisión","Ninguna","Horizontal","Línea divisoria pintada","Sin restricción"
2017,4395,4/27/2017,"Jueves",0,20:00:00,"Ruta Nacional 11","447.5",2,"Automóvil,Moto/Ciclomotor"," ",3,0,1,0,2,0,0,,"Ruta",11,"SAUCE VIEJO","La Capital","Asfalto","Natural","I","Fuera","Urbana","Ninguna","No existe","Intersección","Bueno","Buena","Atardecer","Buen Tiempo","Lateral","S/D","Colisión","Ninguna","S/D","S/D","Sin restricción"
2017,4396,4/20/2017,"Jueves",0,19:45:00,"Ruta Nacional 11","0.0",2,"Automóvil,Moto/Ciclomotor"," ",2,1,0,0,1,0,0,,"Ruta",11,"SAUCE VIEJO","La Capital","Asfalto","Natural","I","Dentro","Urbana","Ninguna","No existe","Intersección","Bueno","Buena","Atardecer","Buen Tiempo","Lateral","S/D","Colisión","Ninguna","S/D","Línea divisoria pintada","Sin restricción"
2017,4397,4/30/2017,"Domingo",0,18:45:00,"Ruta Nacional 11","445.0",1,"Automóvil"," ",5,4,0,0,1,0,0,,"Ruta",11,"SAUCE VIEJO","La Capital","Asfalto","Natural","I","Dentro","Urbana","Ninguna","No existe","Puente","Bueno","Buena","Atardecer","Buen Tiempo","Otro","S/D","Despiste","Ninguna","Faltante","Línea divisoria pintada","Sin restricción"
2017,4398,4/1/2017,"Sabado",1,,,"0.0",2,"Automóvil,Moto/Ciclomotor","Juan Bautista Alberdi Y Libertad",3,2,0,0,1,0,0,,"Calle",,"SANTO TOMÉ","La Capital","Asfalto","No existe","I","Dentro","Urbana","Ninguna","No existe","Intersección","Bueno","Buena","Nocturna","Buen Tiempo","Lateral","S/D","Colisión","Ninguna","S/D","Ninguna","Sin restricción"
2017,4399,4/24/2017,"Lunes",0,13:30:00,,"0.0",2,"Bicicleta,Moto/Ciclomotor","Mariano Candioti Y Santiago Del Estero",2,1,1,0,0,0,0,,"Calle",,"SANTO TOMÉ","La Capital","Asfalto","Pavimento","I","Dentro","Urbana","Ninguna","No existe","Intersección","Bueno","Buena","Diurna","Buen Tiempo","Lateral","Ciclista","Atropello","Ninguna","S/D","Ninguna","Sin restricción"
2017,4400,4/13/2017,"Jueves",0,22:00:00,,"0.0",2,"Moto/Ciclomotor,Automóvil","9 de Julio Y Cullen",2,1,0,0,1,0,0,,"Calle",,"NELSON","La Capital","Asfalto","No existe","I","Dentro","Urbana","Ninguna","No existe","Intersección","Bueno","Buena","Nocturna","Buen Tiempo","Lateral","S/D","Colisión","Ninguna","Faltante","Ninguna","Sin restricción"
2017,4401,4/30/2017,"Domingo",0,1:30:00,,"0.0",2,"Moto/Ciclomotor,Automóvil","La Rioja Y General Manuel Belgrano",2,1,0,0,1,0,0,,"Calle",,"SANTO TOMÉ","La Capital","Ripio","No existe","I","Dentro","Urbana","S/D","No existe","Intersección","Bueno","Buena","Diurna","S/D","S/D","S/D","Colisión","Ninguna","S/D","S/D","S/D"
2017,4402,4/26/2017,"Miercoles",0,11:25:00,"Ruta Nacional 11","0.0",2,"Moto/Ciclomotor,Pickup/Utilitario","A Contini ",3,1,0,0,2,0,0,,"Ruta",11,"NELSON","La Capital","Asfalto","Natural","I","Dentro","Urbana","Ninguna","No existe","Recta","Bueno","Buena","Diurna","Buen Tiempo","Lateral","S/D","Colisión","Ninguna","S/D","Ninguna","Sin restricción"
2017,4403,4/19/2017,"Miercoles",0,11:10:00,,"0.0",2,"Moto/Ciclomotor,Pickup/Utilitario","Mariano Candioti Y Balcarce",2,1,0,0,1,0,0,,"Calle",,"SANTO TOMÉ","La Capital","Asfalto","S/D","I","Dentro","Urbana","Ninguna","No existe","Intersección","Bueno","Buena","Diurna","Buen Tiempo","De alcance","S/D","Colisión","Ninguna","Faltante","Ninguna","Sin restricción"
2017,4404,4/15/2017,"Sabado",0,20:35:00,,"0.0",2,"Moto/Ciclomotor,Moto/Ciclomotor","Hipolito Irigoyen Y Frutos",3,1,0,0,1,0,1,,"Calle",,"SANTO TOMÉ","La Capital","Asfalto","No existe","I","Dentro","Urbana","Ninguna","No existe","Intersección","Bueno","Buena","Nocturna","Buen Tiempo","Lateral","S/D","Colisión","Ninguna","Faltante","Ninguna","Sin restricción"
2017,4405,4/15/2017,"Sabado",0,20:15:00,"Ruta Nacional 11","0.0",2,"Automóvil,Automóvil"," ",2,1,0,0,1,0,0,,"Ruta",11,"NELSON","La Capital","Asfalto","Natural","I","Dentro","Urbana","Ninguna","No existe","Recta","Bueno","Buena","Nocturna","Buen Tiempo","De alcance","S/D","Colisión","Ninguna","Vertical","Línea divisoria pintada","Sin restricción"
2017,4406,4/4/2017,"Martes",0,20:30:00,"Ruta Nacional 11","511.0",2,"Moto/Ciclomotor,Camión c / Acoplado"," ",2,0,1,0,1,0,0,,"Ruta",11,"NELSON","La Capital","Asfalto","Natural","I","Dentro","Urbana","Ninguna","No existe","Recta","Bueno","Buena","Nocturna","Buen Tiempo","Lateral","S/D","Colisión","Ninguna","S/D","Ninguna","Sin restricción"
2017,4407,4/24/2017,"Lunes",0,12:15:00,"Ruta Nacional 11","533.0",2,"Automóvil,Camión Chasis"," ",2,1,0,0,1,0,0,,"Ruta",11,"EMILIA","La Capital","Asfalto","Natural","I","Dentro","Urbana","Ninguna","No existe","Recta","Bueno","Buena","Diurna","Buen Tiempo","Lateral","S/D","Colisión","Ninguna","Vertical","Línea divisoria pintada","Sin restricción"
2017,4408,4/4/2017,"Martes",0,13:30:00,,"0.0",2,"Moto/Ciclomotor,Moto/Ciclomotor","Estanislao Lopez Y Lehman",2,2,0,0,0,0,0,,"Calle",,"RECREO","La Capital","Ripio","No existe","I","Dentro","Urbana","Ninguna","No existe","Recta","S/D","Buena","Diurna","Buen Tiempo","Lateral","S/D","Colisión","S/D","S/D","Ninguna","Sin restricción"
2017,4409,4/13/2017,"Jueves",0,11:45:00,,"0.0",2,"Moto/Ciclomotor,Automóvil"," ",2,1,0,0,1,0,0,,"Camino Rural",,"SANTA FE","La Capital","Tierra","No existe","I","Dentro","Rural","Ninguna","No existe","Recta","Con baches","Buena","Diurna","Buen Tiempo","S/D","S/D","Colisión","Ninguna","Faltante","Ninguna","Sin restricción"
2017,4410,4/12/2017,"Miercoles",0,18:30:00,,"0.0",2,"Moto/Ciclomotor,Pickup/Utilitario","Blas Parera ",2,1,0,0,1,0,0,,"Calle",,"RECREO","La Capital","Asfalto","Natural","I","Dentro","Urbana","Ninguna","S/D","Recta","Bueno","Buena","Diurna","Buen Tiempo","S/D","S/D","Colisión","Ninguna","Horizontal","Línea divisoria pintada","Sin restricción"
2017,4411,3/7/2017,"Martes",0,6:00:00,"Ruta Provincial 21","0.0",2,"Moto/Ciclomotor,Pickup/Utilitario","RP 21 ALTURA CURVA DE BASSI ",2,0,0,0,1,1,0,"-33.23218, -60.34708","Ruta",21,"VILLA CONSTITUCIÓN","Constitución","Asfalto","No existe","VI","Dentro","Urbana","S/D","No existe","Curva","Bueno","Reducida","Amanecer","S/D","S/D","S/D","Colisión","S/D","Horizontal,Vertical","Línea divisoria pintada","S/D"
2017,4412,7/23/2017,"Domingo",0,17:45:00,,"0.0",2,"Moto/Ciclomotor,Pickup/Utilitario","Bv Mariano Moreno 150",2,1,0,0,1,0,0,,"Calle",,"SAN CRISTÓBAL","San Cristóbal","Asfalto","No existe","XIII","Dentro","Urbana","Ninguna","No existe","Recta","Deteriorada","Buena","Diurna","Buen Tiempo","Lateral","S/D","Colisión","Ninguna","Faltante","Ninguna","Sin restricción"
2017,4413,7/3/2017,"Lunes",0,19:40:00,,"0.0",2,"Automóvil,Automóvil","J B Bullo 1250",2,1,0,0,1,0,0,,"Calle",,"SAN CRISTÓBAL","San Cristóbal","Asfalto","No existe","XIII","Dentro","Urbana","Ninguna","No existe","Recta","Bueno","Buena","Nocturna,Con luz artificial","Buen Tiempo","Lateral","S/D","Colisión","Ninguna","Faltante","Ninguna","Sin restricción"
2017,4414,7/17/2017,"Lunes",0,5:30:00,,"0.0",2,"Otros,Moto/Ciclomotor","Caseros Y Juan D Peron",2,1,0,0,1,0,0,,"Calle",,"SAN CRISTÓBAL","San Cristóbal","Asfalto","Pavimento","XIII","Dentro","Urbana","Ninguna","No existe","Intersección","Bueno","Buena","Diurna","Buen Tiempo","S/D","S/D","Colisión","Agua","Faltante","Ninguna","Sin restricción"
2017,4415,3/14/2017,"Martes",0,13:00:00,,"0.0",2,"Moto/Ciclomotor,Pickup/Utilitario","4 de Enero Y Lavaisse",2,0,0,0,1,1,0,"-31.61164, -60.70189","Calle",,"SANTA FE","La Capital","Asfalto","No existe","I","Dentro","Urbana","Ninguna","No existe","Intersección","Bueno","S/D","Diurna","S/D","Lateral","S/D","Colisión","S/D","Faltante","Ninguna","Sin restricción"
2017,4416,7/27/2017,"Jueves",0,2:00:00,,"0.0",2,"Moto/Ciclomotor,Moto/Ciclomotor","Av. de los Trabaj. Ferroviario Y J B Justo",2,2,0,0,0,0,0,,"Calle",,"SAN CRISTÓBAL","San Cristóbal","Asfalto","Pavimento","XIII","Dentro","Urbana","Semáforo","Funciona","Intersección","Bueno","Buena","Nocturna","Buen Tiempo","Lateral","S/D","Colisión","Ninguna","Vertical","Ninguna","Sin restricción"
2017,4417,7/2/2017,"Domingo",0,22:40:00,,"0.0",2,"Pickup/Utilitario,Moto/Ciclomotor","L de la Torre Y Caseros",2,0,1,0,1,0,0,,"Calle",,"SAN CRISTÓBAL","San Cristóbal","Asfalto","Pavimento","XIII","Dentro","Urbana","Ninguna","No existe","Intersección","Bueno","Buena","Nocturna","Buen Tiempo","Frontal","S/D","Colisión","Ninguna","Vertical","Ninguna","Sin restricción"
2017,4418,7/12/2017,"Miercoles",0,19:20:00,,"0.0",1,"Moto/Ciclomotor","Hipolito Irigoyen Y Gral Belgrano",2,2,0,0,0,0,0,,"Calle",,"SAN CRISTÓBAL","San Cristóbal","Asfalto","No existe","XIII","Dentro","Urbana","Ninguna","No existe","Recta","S/D","Buena","Nocturna","Lluvia","S/D","S/D","Caída ocupante","Agua","Vertical","Ninguna","Sin restricción"
2017,4419,3/10/2017,"Viernes",0,17:00:00,"Autopista Nacional A007","0.0",2,"Peatón,Automóvil","Av Circunvalación altura Casabomba 1 ",5,0,0,0,4,1,0,"-31.65938, -60.73471","Autopista","A007","SANTA FE","La Capital","Asfalto","Natural","I","Dentro","Rural","Ninguna","No existe","Recta","Bueno","S/D","Diurna","S/D","S/D","Peatón","Atropello","S/D","Horizontal","Guardarrail","S/D"