"anio_acci","nro_acci","fecha","desc_dia","fecha_aprox","hora_aprox","desc_ruta","km","cant_participantes","desc_participante","calle_avenida_km","total","heridos_leves","heridos_graves","heridos_gravisimos","ilesos","fallecidos","sin_datos","posicion_XY","desc_tipo_via","desc_ruta_ori","desc_loc","desc_dpto","desc_tipo_calzada","desc_tipo_banquina","desc_unidad_regional","desc_lugar_calzada","desc_zona","desc_prioridad","desc_estado_semaforo","desc_lugar_via","desc_estado_via","desc_estado_visibilidad","desc_luminosidad","desc_estado_clima","desc_tipo_colision","desc_tipo_atropello","desc_tipo_hecho","desc_pres_calzada","desc_senializacion","desc_separacion_via","desc_restriccion"
2017,4420,7/27/2017,"Jueves",0,13:05:00,,"0.0",2,"Automóvil,Moto/Ciclomotor","Pringles Y Gral Belgrano",3,1,0,0,2,0,0,,"Calle",,"SAN CRISTÓBAL","San Cristóbal","Asfalto","No existe","XIII","Dentro","Urbana","Ninguna","No existe","Intersección","Bueno","Buena","Diurna","Buen Tiempo","Lateral","S/D","Colisión","Ninguna","Faltante","Ninguna","Sin restricción"
2017,4421,7/23/2017,"Domingo",0,11:30:00,,"0.0",2,"Moto/Ciclomotor,Automóvil","Caseros Y 9 de Julio",3,2,0,0,1,0,0,,"Calle",,"SAN CRISTÓBAL","San Cristóbal","Asfalto","No existe","XIII","Dentro","Urbana","Ninguna","No existe","Intersección","Bueno","Buena","Diurna","Buen Tiempo","Lateral","S/D","Colisión","Ninguna","Vertical","Cordón divisorio","Sin restricción"
2017,4422,7/26/2017,"Miercoles",0,13:30:00,,"0.0",2,"Camión c / Acoplado,Moto/Ciclomotor","Bv B Mitre Y Clemente Albelo",2,1,0,0,1,0,0,,"Calle",,"SAN LORENZO","San Lorenzo","Hormigón","S/D","XVII","Dentro","Urbana","S/D","S/D","Intersección","S/D","Buena","Diurna","Buen Tiempo","Lateral","S/D","Colisión","S/D","S/D","S/D","Sin restricción"
2017,4423,3/24/2017,"Viernes",0,10:15:00,"Ruta Secundaria 35-s","0.0",2,"Moto/Ciclomotor,Pickup/Utilitario","RP 35-s Y Santa Fe",2,0,0,0,1,1,0,"    -31.90804, -61.40056","Ruta","35-s","COLONIA BELGRANO","San Martín","S/D","S/D","XVIII","S/D","Urbana","S/D","S/D","S/D","S/D","S/D","Diurna","S/D","S/D","S/D","Colisión","S/D","S/D","S/D","S/D"
2017,4424,4/27/2017,"Jueves",0,19:40:00,"Ruta Nacional 11","447.5",2,"Moto/Ciclomotor,Pickup/Utilitario"," ",2,1,0,0,1,0,0,,"Ruta",11,"SAUCE VIEJO","La Capital","Asfalto","Natural","I","S/D","Urbana","Ninguna","No existe","S/D","Bueno","Buena","Atardecer","Buen Tiempo","De alcance","S/D","Colisión","Ninguna","Faltante","S/D","S/D"
2017,4425,4/6/2017,"Jueves",0,13:30:00,,"0.0",2,"Automóvil,Moto/Ciclomotor"," ",2,1,0,0,1,0,0,,"S/D",,"SANTO TOMÉ","La Capital","Asfalto","No existe","I","S/D","Rural","Ninguna","No existe","Intersección","Bueno","Buena","Diurna","Buen Tiempo","Lateral","S/D","Colisión","Ninguna","Faltante","Ninguna","Sin restricción"
2017,4426,7/7/2017,"Viernes",0,12:30:00,,"0.0",2,"Automóvil,Pickup/Utilitario","Av San Martin Y Suiza",3,2,0,0,1,0,0,,"Calle",,"SAN LORENZO","San Lorenzo","Hormigón","S/D","XVII","Dentro","Urbana","S/D","Funciona","Recta","Bueno","Buena","Diurna","Buen Tiempo","S/D","S/D","Colisión","S/D","Vertical","S/D","Sin restricción"
2017,4427,4/15/2017,"Sabado",0,7:10:00,,"0.0",2,"Automóvil,Bicicleta"," ",2,1,0,0,1,0,0,,"S/D",,"SAUCE VIEJO","La Capital","Asfalto","Pavimento","I","S/D","Urbana","Marca Vial","No existe","Recta","Bueno","Buena","Diurna","Buen Tiempo","S/D","Ciclista","Atropello","Ninguna","Horizontal","Ninguna","Sin restricción"
2017,4428,4/6/2017,"Jueves",0,9:30:00,"Ruta Nacional 11","454.0",2,"Automóvil,Automóvil"," ",2,1,0,0,1,0,0,,"Ruta",11,"SAUCE VIEJO","La Capital","Ripio","Natural","I","S/D","S/D","Ninguna","No existe","Intersección","Bueno","Buena","Diurna","Buen Tiempo","Lateral","S/D","Colisión","Ninguna","Faltante","Ninguna","Sin restricción"
2017,4429,4/5/2017,"Miercoles",0,19:40:00,,"0.0",2,"Moto/Ciclomotor,Automóvil","La Rioja Y Mariano Candioti",2,1,0,0,1,0,0,,"Calle",,"SANTO TOMÉ","La Capital","Asfalto","No existe","I","S/D","Urbana","Ninguna","No existe","Intersección","Bueno","Buena","Nocturna","Buen Tiempo","Lateral","S/D","Colisión","Ninguna","Faltante","Ninguna","Sin restricción"
2017,4430,7/31/2017,"Lunes",0,11:00:00,,"0.0",2,"Moto/Ciclomotor,Automóvil","Ayohuma ",3,1,0,0,0,0,2,,"Calle",,"SAN LORENZO","San Lorenzo","Asfalto","No existe","XVII","Dentro","Urbana","Ninguna","No existe","Intersección","Bueno","Buena","Diurna","S/D","S/D","S/D","Colisión","Ninguna","Faltante","Ninguna","Sin restricción"
2017,4431,4/20/2017,"Jueves",0,17:35:00,"Ruta Nacional 11","0.0",2,"Moto/Ciclomotor,Automóvil","Ruta Nacional 1V11- Juan de Garay  Y Rio Negro",2,1,0,0,1,0,0,,"Ruta",11,"RECREO","La Capital","Asfalto","Natural","I","Dentro","Urbana","Ninguna","No existe","Intersección","S/D","Buena","Diurna","Buen Tiempo","Lateral","S/D","Colisión","Ninguna","Horizontal","Línea divisoria pintada","Sin restricción"
2017,4432,3/19/2017,"Domingo",0,11:00:00,,"0.0",1,"Automóvil","Velez Sarsfield Y Rawson Bis",1,0,0,0,0,1,0,"-32.924746, -60.669305","Calle",,"ROSARIO","Rosario","Asfalto","No existe","II","Fuera","Urbana","Semáforo","S/D","Intersección","Bueno","S/D","Diurna","S/D","Contra objeto fijo","S/D","Colisión","S/D","Horizontal,Vertical","Ninguna","S/D"
2017,4433,4/11/2017,"Martes",0,7:15:00,"Ruta Nacional 11","0.0",2,"Bicicleta,Moto/Ciclomotor","Ruta Nacional 1V011- Juan de Garay  Y Ayacucho",2,2,0,0,0,0,0,,"Ruta",11,"RECREO","La Capital","S/D","Natural","I","Dentro","Urbana","Ninguna","No existe","Intersección","Bueno","Buena","Amanecer","Buen Tiempo","S/D","Ciclista","Atropello","Ninguna","Horizontal","Línea divisoria pintada","Sin restricción"
2017,4434,3/25/2017,"Sabado",0,5:30:00,,"0.0",2,"Moto/Ciclomotor,Automóvil","AV. M. CISNERO 5400",3,1,0,0,1,1,0,"-32.978530, -60.695622","Calle",,"ROSARIO","Rosario","Asfalto","Natural","II","Dentro","Urbana","Ninguna","No existe","Recta","S/D","Reducida","Nocturna","S/D","S/D","S/D","Colisión","S/D","Faltante","Ninguna","S/D"
2017,4435,4/6/2017,"Jueves",0,6:30:00,"Ruta Provincial 5","0.0",2,"Pickup/Utilitario,Vehículo Oficial","Ruta Nacional 1V11- Juan de Garay Y Ruta Provincial 5",2,1,0,0,1,0,0,,"Ruta",5,"RECREO","La Capital","Asfalto","Natural","I","Dentro","Urbana","Ninguna","No existe","Intersección","Bueno","S/D","Diurna","Buen Tiempo","Lateral","S/D","Colisión","Ninguna","Horizontal,Vertical","Cordón divisorio","Sin restricción"
2017,4437,7/30/2017,"Domingo",0,17:10:00,,"0.0",2,"Moto/Ciclomotor,Automóvil","Ing White Y S Gaboto",2,1,0,0,0,0,1,,"Calle",,"SAN LORENZO","San Lorenzo","Asfalto","No existe","XVII","Dentro","Urbana","Ninguna","No existe","Intersección","Bueno","Buena","Diurna","S/D","S/D","S/D","Colisión","Ninguna","Faltante","Ninguna","Sin restricción"
2017,4438,7/30/2017,"Domingo",0,22:30:00,"Ruta Nacional A012","0.0",2,"Moto/Ciclomotor,Automóvil"," ",3,1,0,0,0,0,2,,"Ruta","A012","SAN LORENZO","San Lorenzo","Asfalto","No existe","XVII","Dentro","Urbana","Ninguna","No existe","Intersección","Bueno","Buena","Nocturna","S/D","S/D","S/D","Colisión","Ninguna","Faltante","Ninguna","Sin restricción"
2017,4439,7/29/2017,"Sabado",0,22:50:00,"Ruta Nacional 11","0.0",1,"Bicicleta"," ",3,0,0,0,0,0,3,,"Ruta",11,"SAN LORENZO","San Lorenzo","Asfalto","No existe","XVII","Dentro","Urbana","S/D","No existe","Intersección","Bueno","Buena","Nocturna","S/D","S/D","S/D","Caída ocupante","Ninguna","S/D","Ninguna","Sin restricción"
2017,4440,7/28/2017,"Viernes",0,22:40:00,"Ruta Nacional 11","0.0",2,"Moto/Ciclomotor,Automóvil","Av San Martin Y San Luis",3,1,0,0,0,0,2,,"Ruta",11,"SAN LORENZO","San Lorenzo","Asfalto","No existe","XVII","Dentro","Urbana","Ninguna","No existe","Intersección","Bueno","Buena","Nocturna","Buen Tiempo","S/D","S/D","Colisión","Ninguna","Horizontal","Ninguna","Sin restricción"
2017,4441,7/26/2017,"Miercoles",0,19:20:00,,"0.0",2,"Moto/Ciclomotor,Pickup/Utilitario","General Lopez Y Entre Rios",3,2,0,0,0,0,1,,"Calle",,"SAN LORENZO","San Lorenzo","Asfalto","No existe","XVII","Dentro","Urbana","Ninguna","No existe","Intersección","Bueno","Buena","Diurna","Buen Tiempo","S/D","S/D","Colisión","Ninguna","Faltante","Ninguna","Sin restricción"
2017,4442,4/8/2017,"Sabado",0,15:00:00,,"0.0",3,"Automóvil,Bicicleta,Bicicleta"," Saavedra Miguel de Cervantes Y Juan Bautista Alberdi",4,2,0,0,2,0,0,,"Calle",,"SANTO TOMÉ","La Capital","Asfalto","S/D","I","Dentro","Urbana","Ninguna","S/D","Intersección","Bueno","S/D","Diurna","Buen Tiempo","S/D","Ciclista","Atropello","Ninguna","Faltante","Ninguna","Sin restricción"
2017,4443,4/3/2017,"Lunes",0,17:10:00,,"0.0",2,"Moto/Ciclomotor,Camión Chasis","Lisandro de La Torre Y J Macia",2,1,0,0,1,0,0,,"Avenida",,"SANTO TOMÉ","La Capital","Ripio","No existe","I","S/D","Urbana","Ninguna","No existe","Intersección","Bueno","Buena","Diurna","Buen Tiempo","De alcance","S/D","Colisión","Ninguna","S/D","Ninguna","Sin restricción"
2017,4444,7/25/2017,"Martes",0,8:15:00,,"0.0",2,"Automóvil,Moto/Ciclomotor","Sargento Cabral Y Rivadavia",3,2,0,0,1,0,0,,"Calle",,"SAN LORENZO","San Lorenzo","Asfalto","No existe","XVII","Dentro","Urbana","Ninguna","Funciona","Intersección","Bueno","Buena","Diurna","S/D","S/D","S/D","Colisión","S/D","Faltante","Ninguna","Sin restricción"
2017,4445,7/24/2017,"Lunes",0,19:50:00,,"0.0",2,"Automóvil,Moto/Ciclomotor","B de Astrada Y Dorrego",2,1,0,0,0,0,1,,"Calle",,"SAN LORENZO","San Lorenzo","Asfalto","No existe","XVI","Dentro","Urbana","Ninguna","No existe","Intersección","Bueno","Buena","Nocturna","Otro","S/D","S/D","Colisión","Ninguna","Faltante","Ninguna","Sin restricción"
2017,4446,7/21/2017,"Viernes",0,18:50:00,,"0.0",2,"Automóvil,Moto/Ciclomotor","B de Astrada Y Dorrego",2,1,0,0,0,0,1,,"Calle",,"SAN LORENZO","San Lorenzo","Asfalto","No existe","XVII","Dentro","Urbana","S/D","No existe","Distribuidor","Bueno","Buena","Diurna","S/D","S/D","S/D","Colisión","S/D","Faltante","Ninguna","Sin restricción"
2017,4447,7/21/2017,"Viernes",0,14:55:00,"Ruta Nacional A012","0.0",2,"Camión Chasis,Pickup/Utilitario","C Remondino ",2,1,0,0,0,0,1,,"Ruta","A012","SAN LORENZO","San Lorenzo","Asfalto","No existe","XVII","Dentro","Urbana","Ninguna","No existe","Intersección","Bueno","Buena","Diurna","Buen Tiempo","S/D","S/D","Colisión","Ninguna","Horizontal","Ninguna","Sin restricción"
2017,4448,4/20/2017,"Jueves",0,9:30:00,,"0.0",2,"Pickup/Utilitario,Moto/Ciclomotor","Chile ",2,1,0,0,1,0,0,,"Calle",,"VENADO TUERTO","General López","S/D","S/D","VIII","Dentro","Urbana","S/D","S/D","S/D","S/D","S/D","Diurna","S/D","S/D","S/D","Colisión","S/D","S/D","S/D","S/D"
2017,4449,4/20/2017,"Jueves",0,12:50:00,,"0.0",1,"Moto/Ciclomotor","Juan Jose Castelli Y Felix Goumonde",1,1,0,0,0,0,0,,"Calle",,"VENADO TUERTO","General López","S/D","S/D","VIII","Dentro","Urbana","S/D","S/D","S/D","S/D","S/D","Diurna","S/D","S/D","S/D","Caída ocupante","S/D","S/D","S/D","S/D"
2017,4450,4/20/2017,"Jueves",0,19:40:00,,"0.0",2,"Bicicleta,Automóvil","Gral Manuel Belgrano Y Piacenza",2,1,0,0,1,0,0,,"Calle",,"VENADO TUERTO","General López","S/D","S/D","VIII","Dentro","Urbana","S/D","S/D","S/D","S/D","S/D","Atardecer","S/D","S/D","Ciclista","Atropello","S/D","S/D","S/D","S/D"
2017,4451,4/19/2017,"Miercoles",0,23:00:00,"Ruta Provincial 40","0.0",1,"Automóvil"," ",1,1,0,0,0,0,0,,"Ruta",40,"RECONQUISTA","General Obligado","S/D","S/D","IX","Dentro","Urbana","S/D","S/D","S/D","S/D","S/D","Nocturna","S/D","Atropello animal","S/D","Colisión","S/D","S/D","S/D","S/D"
2017,4452,4/22/2017,"Sabado",0,16:35:00,"Ruta Nacional 9","0.0",2,"Moto/Ciclomotor,Camión","Moreno Y Av. Santa Fe",2,1,0,0,1,0,0,,"Ruta",9,"CAÑADA DE GÓMEZ","Iriondo","S/D","S/D","X","Dentro","Urbana","S/D","S/D","S/D","S/D","S/D","Diurna","S/D","S/D","S/D","Colisión","S/D","S/D","S/D","S/D"
2017,4453,4/22/2017,"Sabado",0,11:30:00,,"0.0",2,"Automóvil,Bicicleta","Bv. Balcarce Y Schnaur",2,1,0,0,1,0,0,,"Calle",,"CAÑADA DE GÓMEZ","Iriondo","S/D","S/D","X","Dentro","Urbana","S/D","S/D","S/D","S/D","S/D","Diurna","S/D","S/D","Ciclista","Atropello","S/D","S/D","S/D","S/D"
2017,4454,4/24/2017,"Lunes",0,,,"0.0",2,"Bicicleta,Automóvil","Av Lisandro de la Torre Y Av Independencia",3,1,0,0,2,0,0,,"Calle",,"SUNCHALES","Castellanos","S/D","S/D","V","Dentro","Urbana","S/D","S/D","S/D","S/D","S/D","S/D","S/D","S/D","Ciclista","Atropello","S/D","S/D","S/D","S/D"
2017,4455,4/25/2017,"Martes",0,20:35:00,,"0.0",2,"Automóvil,Moto/Ciclomotor","España Y Roque Saenz Peña",3,2,0,0,1,0,0,,"Calle",,"VENADO TUERTO","General López","S/D","S/D","VIII","Dentro","Urbana","S/D","S/D","S/D","S/D","S/D","Diurna","S/D","S/D","S/D","Colisión","S/D","S/D","S/D","S/D"
2017,4456,4/26/2017,"Miercoles",0,13:20:00,,"0.0",2,"Moto/Ciclomotor,Automóvil","Lavalle Y Colon",2,1,0,0,1,0,0,,"Calle",,"CAÑADA DE GÓMEZ","Iriondo","S/D","S/D","X","Dentro","Urbana","S/D","S/D","Intersección","S/D","S/D","Diurna","S/D","S/D","S/D","Colisión","S/D","S/D","S/D","S/D"
2017,4457,4/27/2017,"Jueves",0,8:00:00,"Ruta Nacional 34","0.0",2,"Camión,Automóvil"," ",2,1,0,0,1,0,0,,"Ruta",34,"TOTORAS","Iriondo","S/D","S/D","X","Dentro","Rural","S/D","S/D","Cruce","S/D","S/D","Diurna","S/D","S/D","S/D","Colisión","S/D","S/D","S/D","S/D"
2017,4458,4/29/2017,"Sabado",0,22:57:00,,"0.0",2,"Automóvil,Moto/Ciclomotor","Juan Jose Castelli 1300",4,2,0,0,2,0,0,,"Calle",,"VENADO TUERTO","General López","S/D","S/D","VIII","Dentro","Urbana","S/D","S/D","S/D","S/D","S/D","Nocturna","S/D","S/D","S/D","Colisión","S/D","S/D","S/D","S/D"
2017,4459,4/30/2017,"Domingo",0,,,"0.0",2,"Pickup/Utilitario,Moto/Ciclomotor","Bv. Segui Y Pje. Manantiales",3,1,0,0,2,0,0,,"Calle",,"ROSARIO","Rosario","S/D","S/D","II","Dentro","Urbana","S/D","S/D","S/D","S/D","S/D","S/D","S/D","S/D","S/D","Colisión","S/D","S/D","S/D","S/D"
2017,4460,7/20/2017,"Jueves",0,16:55:00,,"0.0",2,"Otros,Moto/Ciclomotor","Thompson Y B de Astrada",3,0,1,0,0,0,2,,"Calle",,"SAN LORENZO","San Lorenzo","Asfalto","No existe","XVII","Dentro","Urbana","Ninguna","No existe","Intersección","Bueno","Buena","Diurna","Otro","Otro","S/D","Colisión","Ninguna","Horizontal","Ninguna","Sin restricción"
2017,4461,4/21/2017,"Viernes",0,7:50:00,,"0.0",2,"Bicicleta,Moto/Ciclomotor","Juan Bautista Alberdi Y Cordoba",2,1,0,0,1,0,0,,"Calle",,"SANTO TOMÉ","La Capital","Asfalto","Pavimento","I","Dentro","Urbana","Ninguna","No existe","Intersección","Bueno","Buena","Diurna","Buen Tiempo","S/D","Ciclista","Atropello","Ninguna","S/D","Ninguna","Sin restricción"
2017,4462,4/1/2017,"Sabado",0,19:00:00,"Ruta Nacional 11","0.0",2,"Automóvil,Moto/Ciclomotor","Sebastian Gaboto ",3,2,0,0,1,0,0,,"Ruta",11,"SANTO TOMÉ","La Capital","Asfalto","No existe","I","Dentro","Urbana","Ninguna","Funciona","Recta","Bueno","Buena","Atardecer","Buen Tiempo","Lateral","S/D","Colisión","Ninguna","Horizontal,Vertical","Ninguna","Sin restricción"
2017,4463,4/21/2017,"Viernes",0,13:55:00,"Ruta Nacional 11","0.0",1,"Taxi/Remis","Balcarce ",2,1,0,0,1,0,0,,"Ruta",11,"SANTO TOMÉ","La Capital","Asfalto","No existe","I","Dentro","Urbana","Semáforo","Funciona","Recta","Bueno","Buena","Diurna","Buen Tiempo","Contra objeto fijo","S/D","Colisión","Ninguna","Vertical","Ninguna","Sin restricción"
2017,4464,7/20/2017,"Jueves",0,15:45:00,,"0.0",2,"Moto/Ciclomotor,Automóvil","Dorrego Y Belgrano",3,2,0,0,0,0,1,,"Calle",,"SAN LORENZO","San Lorenzo","Asfalto","No existe","XVII","Dentro","Urbana","Ninguna","No existe","Intersección","Bueno","Buena","Diurna","Otro","S/D","S/D","Colisión","Ninguna","Faltante","Ninguna","Sin restricción"
2017,4465,4/12/2017,"Miercoles",0,8:30:00,,"0.0",2,"Automóvil,Moto/Ciclomotor","Juan de Garay Y Avenida General Bartolome Mitr",2,1,0,0,1,0,0,,"Calle",,"SANTO TOMÉ","La Capital","Asfalto","No existe","I","Dentro","Urbana","Ninguna","No existe","Recta","Bueno","Buena","Diurna","Buen Tiempo","Lateral","S/D","Colisión","Ninguna","Horizontal","Ninguna","Sin restricción"
2017,4466,4/11/2017,"Martes",0,13:50:00,,"0.0",2,"Automóvil,Moto/Ciclomotor","Hipolito Irigoyen ",2,1,0,0,1,0,0,,"Calle",,"SANTO TOMÉ","La Capital","Asfalto","No existe","I","Dentro","Urbana","Ninguna","No existe","S/D","Bueno","Buena","Diurna","Buen Tiempo","Lateral","S/D","Colisión","Ninguna","Faltante","Ninguna","Sin restricción"
2017,4467,4/1/2017,"Sabado",1,,,"0.0",2,"Automóvil,Moto/Ciclomotor"," ",3,0,0,0,0,0,3,,"S/D",,"SANTA FE","La Capital","S/D","S/D","I","S/D","S/D","S/D","S/D","S/D","S/D","S/D","S/D","S/D","S/D","S/D","Colisión","S/D","S/D","S/D","S/D"
2017,4468,7/30/2017,"Domingo",0,13:50:00,,"0.0",1,"Moto/Ciclomotor","Alberdi 600",1,0,1,0,0,0,0,,"Calle",,"SAN CRISTÓBAL","San Cristóbal","Asfalto","S/D","XIII","Fuera","Urbana","S/D","No existe","S/D","Bueno","Buena","Diurna","Buen Tiempo","S/D","S/D","Caída ocupante","S/D","S/D","Cordón divisorio","Sin restricción"
2017,4469,7/22/2017,"Sabado",0,21:05:00,,"0.0",2,"Automóvil,Moto/Ciclomotor","Bv Rivadavia Y Hipolito Irigoyen",3,2,0,0,0,0,1,,"Calle",,"SAN CRISTÓBAL","San Cristóbal","Asfalto","No existe","XIII","Dentro","Urbana","Ninguna","No existe","Intersección","Bueno","Buena","Nocturna,Con luz artificial","Buen Tiempo","S/D","S/D","Colisión","Ninguna","S/D","S/D","Sin restricción"
2017,4471,7/28/2017,"Viernes",0,10:30:00,,"0.0",2,"Moto/Ciclomotor,Moto/Ciclomotor","Rivadavia Y Alberti",3,1,0,0,2,0,0,,"Calle",,"CERES","San Cristóbal","Tierra","No existe","XIII","Dentro","Urbana","Ninguna","No existe","Intersección","Deteriorada","Buena","Diurna","Buen Tiempo","Frontal","S/D","Colisión","S/D","Faltante","Ninguna","Sin restricción"
2017,4472,4/22/2017,"Sabado",0,8:45:00,,"0.0",2,"Automóvil,Moto/Ciclomotor","Grl Brig Estanislao Lopez 2345",2,1,0,0,1,0,0,,"Calle",,"SANTO TOMÉ","La Capital","Asfalto","No existe","I","Dentro","Urbana","Ninguna","No existe","Recta","Bueno","Buena","Diurna","Buen Tiempo","Lateral","S/D","Colisión","Ninguna","Faltante","Ninguna","Sin restricción"
2017,4473,7/30/2017,"Domingo",0,6:50:00,,"0.0",2,"Otros,Moto/Ciclomotor","Av Maipu Y San Martin",2,1,0,0,0,0,1,,"Calle",,"CERES","San Cristóbal","Asfalto","Pavimento","XIII","Dentro","Urbana","Ninguna","No existe","Intersección","Bueno","Reducida","Nocturna,Con luz artificial","Buen Tiempo","Lateral","S/D","Colisión","Ninguna","Faltante","Cordón divisorio","Sin restricción"
2017,4474,7/15/2017,"Sabado",0,5:00:00,,"0.0",1,"Moto/Ciclomotor","Avenida Vicente Casares ",1,1,0,0,0,0,0,,"Calle",,"CERES","San Cristóbal","Asfalto","No existe","XIII","Dentro","Urbana","Ninguna","No existe","Recta","Bueno","Reducida","Nocturna,Con luz artificial","Niebla","S/D","S/D","Caída ocupante","Ninguna","Faltante","Barrera de hormigón","Sin restricción"
2017,4475,4/25/2017,"Martes",0,17:00:00,"Ruta Nacional 11","0.0",2,"Automóvil,Bicicleta","Santiago Derqui Y Avenida Nuestra Señora del Luj",2,1,0,0,1,0,0,,"Ruta",11,"SANTO TOMÉ","La Capital","Asfalto","No existe","I","Dentro","Urbana","Ninguna","Funciona","Recta","Bueno","Buena","Atardecer","Buen Tiempo","S/D","Ciclista","Atropello","Ninguna","Horizontal,Vertical","Ninguna","Sin restricción"
2017,4476,7/21/2017,"Viernes",0,1:00:00,,"0.0",1,"Moto/Ciclomotor","Gral San Martin 840",2,1,1,0,0,0,0,,"Calle",,"SAN GUILLERMO","San Cristóbal","Asfalto","Pavimento","XIII","Dentro","Urbana","Señal Ceda el Paso","No existe","Recta","Bueno","Buena","Nocturna","Buen Tiempo","S/D","S/D","Caída ocupante","Ninguna","S/D","Cordón divisorio","Sin restricción"
2017,4477,4/28/2017,"Viernes",0,11:00:00,"Ruta Nacional 19","0.0",2,"Taxi/Remis,Bicicleta","Buenos Aires ",2,1,0,0,1,0,0,,"Ruta",19,"SANTO TOMÉ","La Capital","Asfalto","No existe","I","Dentro","Urbana","Ninguna","No existe","Recta","Bueno","Buena","Diurna","Buen Tiempo","S/D","Ciclista","Atropello","Ninguna","Horizontal","Ninguna","Sin restricción"
2017,4478,4/29/2017,"Sabado",0,18:05:00,"Ruta Nacional 11","0.0",2,"Peatón,Moto/Ciclomotor","Avenida Nuestra Señora del Luj ",2,1,0,0,1,0,0,,"Ruta",11,"SANTO TOMÉ","La Capital","Asfalto","No existe","I","Dentro","Urbana","Ninguna","Funciona","Intersección","Bueno","Buena","Diurna","Buen Tiempo","S/D","Peatón","Atropello","Ninguna","Horizontal","Ninguna","Sin restricción"
2017,4479,4/6/2017,"Jueves",0,11:00:00,"Ruta Nacional 11","0.0",2,"Automóvil,Moto/Ciclomotor","Av Blas Parera Y French",2,1,0,0,1,0,0,,"Ruta",11,"SANTA FE","La Capital","Asfalto","S/D","I","Dentro","Urbana","Semáforo","Funciona","Intersección","Bueno","Buena","Diurna","Buen Tiempo","Lateral","S/D","Colisión","Ninguna","Vertical","S/D","S/D"
2017,4480,4/1/2017,"Sabado",0,18:00:00,"Ruta Nacional 11","0.0",2,"Otros,Moto/Ciclomotor","Av Blas Parera 7226",2,1,0,0,0,0,1,,"Ruta",11,"SANTA FE","La Capital","Asfalto","S/D","I","Dentro","Urbana","Ninguna","No existe","Recta","Bueno","Buena","Diurna","Buen Tiempo","De alcance","S/D","Colisión","Ninguna","Faltante","Cordón divisorio","Sin restricción"
2017,4481,4/30/2017,"Domingo",0,11:30:00,"Ruta Nacional 11","0.0",2,"Automóvil,Moto/Ciclomotor","Av Blas Parera Y Santa Cruz",2,1,0,0,1,0,0,,"Ruta",11,"SANTA FE","La Capital","Asfalto","S/D","I","Dentro","Urbana","Ninguna","S/D","Intersección","Bueno","S/D","Diurna","Buen Tiempo","De alcance","S/D","Colisión","Ninguna","Vertical","Ninguna","Sin restricción"
2017,4482,4/29/2017,"Sabado",0,20:15:00,"Ruta Nacional 11","0.0",2,"Moto/Ciclomotor,Moto/Ciclomotor","Av Blas Parera Y Beruti",3,1,0,0,2,0,0,,"Ruta",11,"SANTA FE","La Capital","Asfalto","No existe","I","Dentro","Urbana","Semáforo","Funciona","Intersección","Bueno","Buena","Nocturna","Buen Tiempo","De alcance","S/D","Colisión","Ninguna","Vertical","Ninguna","Sin restricción"
2017,4483,4/21/2017,"Viernes",0,14:30:00,"Ruta Nacional 11","0.0",2,"Automóvil,Vehículo Oficial","Av Blas Parera Y Pje Malaquias Mendez",3,1,0,0,2,0,0,,"Ruta",11,"SANTA FE","La Capital","Asfalto","No existe","I","Dentro","Urbana","Ninguna","Funciona","Intersección","Bueno","Buena","Diurna","Buen Tiempo","De alcance","S/D","Colisión","Ninguna","Vertical","Ninguna","Sin restricción"
2017,4484,4/19/2017,"Miercoles",0,21:30:00,"Ruta Nacional 11","0.0",2,"Moto/Ciclomotor,Automóvil","Av Blas Parera Y Santa Cruz",2,1,0,0,1,0,0,,"Ruta",11,"SANTA FE","La Capital","Asfalto","No existe","I","Dentro","Urbana","Ninguna","No existe","Intersección","Bueno","Buena","Nocturna","Buen Tiempo","De alcance","S/D","Colisión","Ninguna","Faltante","Ninguna","Sin restricción"
2017,4485,4/17/2017,"Lunes",0,14:30:00,"Ruta Nacional 11","0.0",2,"Automóvil,Moto/Ciclomotor","Av Blas Parera Y Santa Cruz",2,1,0,0,1,0,0,,"Ruta",11,"SANTA FE","La Capital","Asfalto","No existe","I","Dentro","Urbana","Ninguna","No existe","Intersección","Bueno","Buena","Diurna","Buen Tiempo","De alcance","S/D","Colisión","Ninguna","Faltante","Ninguna","Sin restricción"
2017,4486,4/16/2017,"Domingo",0,2:50:00,"Ruta Nacional 11","0.0",2,"Automóvil,Moto/Ciclomotor","Av Blas Parera Y Chaco",2,1,0,0,1,0,0,,"Ruta",11,"SANTA FE","La Capital","Asfalto","Pavimento","I","Dentro","Urbana","Semáforo","Funciona","Intersección","Bueno","Buena","Nocturna","Buen Tiempo","De alcance","S/D","Colisión","Ninguna","Vertical","Ninguna","Sin restricción"
2017,4487,4/5/2017,"Miercoles",0,10:00:00,,"0.0",2,"Taxi/Remis,Moto/Ciclomotor","Av Blas Parera Y Martin Zapata",2,1,0,0,1,0,0,,"Avenida",,"SANTA FE","La Capital","Asfalto","No existe","I","Dentro","Urbana","Semáforo","Funciona","Intersección","Bueno","Buena","Diurna","Buen Tiempo","Lateral","S/D","Colisión","Ninguna","Horizontal,Vertical","Ninguna","Sin restricción"
2017,4488,4/3/2017,"Lunes",0,9:30:00,"Ruta Nacional 11","0.0",2,"Pickup/Utilitario,Moto/Ciclomotor","Av Blas Parera Y Gorostiaga",2,1,0,0,1,0,0,,"Ruta",11,"SANTA FE","La Capital","Asfalto","No existe","I","Dentro","Urbana","Ninguna","No existe","Intersección","Bueno","Buena","Diurna","Buen Tiempo","Lateral","S/D","Colisión","Ninguna","Faltante","Ninguna","S/D"