"anio_acci","nro_acci","fecha","desc_dia","fecha_aprox","hora_aprox","desc_ruta","km","cant_participantes","desc_participante","calle_avenida_km","total","heridos_leves","heridos_graves","heridos_gravisimos","ilesos","fallecidos","sin_datos","posicion_XY","desc_tipo_via","desc_ruta_ori","desc_loc","desc_dpto","desc_tipo_calzada","desc_tipo_banquina","desc_unidad_regional","desc_lugar_calzada","desc_zona","desc_prioridad","desc_estado_semaforo","desc_lugar_via","desc_estado_via","desc_estado_visibilidad","desc_luminosidad","desc_estado_clima","desc_tipo_colision","desc_tipo_atropello","desc_tipo_hecho","desc_pres_calzada","desc_senializacion","desc_separacion_via","desc_restriccion"
2017,4489,4/30/2017,"Domingo",0,15:30:00,,"0.0",2,"Moto/Ciclomotor,Automóvil","Av A del Valle Y Los Nogales",2,1,0,0,1,0,0,,"Avenida",,"SANTA FE","La Capital","Asfalto","No existe","I","Dentro","Urbana","Ninguna","No existe","Intersección","Con baches","Buena","Diurna","Buen Tiempo","Lateral","S/D","Colisión","Ninguna","Vertical","Ninguna","Sin restricción"
2017,4490,4/26/2017,"Miercoles",0,23:25:00,,"0.0",2,"Automóvil,Moto/Ciclomotor","4 de Enero Y Juan Del Campillo",2,1,0,0,1,0,0,,"Calle",,"SANTA FE","La Capital","Asfalto","Pavimento","I","Dentro","Urbana","Ninguna","No existe","Intersección","Bueno","Reducida","Nocturna","Buen Tiempo","De alcance","S/D","Colisión","Ninguna","Faltante","Cordón divisorio","Sin restricción"
2017,4491,4/1/2017,"Sabado",0,19:30:00,,"0.0",1,"Moto/Ciclomotor","San Martin Y J Castelli",2,1,0,0,1,0,0,,"Calle",,"SANTA FE","La Capital","Asfalto","No existe","I","Dentro","Urbana","Ninguna","No existe","Intersección","Bueno","Buena","Diurna,Con luz artificial","Buen Tiempo","Lateral","S/D","Colisión","Ninguna","Faltante","Cordón divisorio","Sin restricción"
2017,4492,4/28/2017,"Viernes",0,13:35:00,,"0.0",2,"Automóvil,Moto/Ciclomotor","Gdor Freyre Y Luciano Torrent",3,2,0,0,1,0,0,,"Calle",,"SANTA FE","La Capital","Asfalto","Pavimento","I","Dentro","Urbana","Marca Vial","No existe","Intersección","Con baches","Buena","Diurna","Buen Tiempo","De alcance","S/D","Colisión","Ninguna","Horizontal,Vertical","Barrera de hormigón","Sin restricción"
2017,4493,4/30/2017,"Domingo",0,12:00:00,,"0.0",2,"Moto/Ciclomotor,Moto/Ciclomotor","Av Blas Parera Y R Godoy",2,2,0,0,0,0,0,,"Calle",,"SANTA FE","La Capital","Asfalto","Pavimento","I","Dentro","Urbana","Ninguna","No existe","Intersección","Resbaladiza","Buena","Diurna","Buen Tiempo","De alcance","S/D","Colisión","Ninguna","Faltante","Barrera de hormigón","Sin restricción"
2017,4494,4/1/2017,"Sabado",0,14:40:00,,"0.0",2,"Moto/Ciclomotor,Pickup/Utilitario","Av A del Valle 10000",3,2,0,0,1,0,0,,"Avenida",,"SANTA FE","La Capital","Asfalto","No existe","I","Dentro","Urbana","Ninguna","No existe","Recta","Con baches","Buena","Diurna","Buen Tiempo","Lateral","S/D","Colisión","Ninguna","Faltante","Ninguna","S/D"
2017,4495,4/3/2017,"Lunes",0,7:20:00,,"0.0",2,"Moto/Ciclomotor,Automóvil","Av A del Valle Y Quintana",2,1,0,0,1,0,0,,"Avenida",,"SANTA FE","La Capital","Asfalto","No existe","I","Dentro","Urbana","Ninguna","No existe","Intersección","Bueno","Buena","Diurna","Buen Tiempo","Lateral","S/D","Colisión","Ninguna","Faltante","Cordón divisorio","Sin restricción"
2017,4496,4/5/2017,"Miercoles",0,19:45:00,,"0.0",2,"Automóvil,Moto/Ciclomotor","Av Pte Peron Y Padre Catena",2,1,0,0,1,0,0,,"Avenida",,"SANTA FE","La Capital","Asfalto","No existe","I","Dentro","Urbana","Ninguna","No existe","Intersección","Bueno","Reducida","Atardecer","Buen Tiempo","Lateral","S/D","Colisión","Ninguna","S/D","Ninguna","Sin restricción"
2017,4497,4/7/2017,"Viernes",0,12:35:00,,"0.0",2,"Automóvil,Moto/Ciclomotor","Angel Cassanello Y Belgrano",2,1,0,0,1,0,0,,"Calle",,"SANTA FE","La Capital","Asfalto","S/D","I","Dentro","Urbana","Ninguna","No existe","Intersección","Bueno","Buena","Diurna","Buen Tiempo","Lateral","S/D","Colisión","Ninguna","S/D","Ninguna","Sin restricción"
2017,4498,4/5/2017,"Miercoles",0,19:45:00,,"0.0",2,"Transporte de Pasajeros Larga Distancia (> 8 asientos),Bicicleta","Av Pte Peron Y Padre Catena",3,1,0,0,1,0,1,,"Avenida",,"SANTA FE","La Capital","Asfalto","No existe","I","Dentro","Urbana","Ninguna","No existe","Intersección","Con baches","Buena","Atardecer","Buen Tiempo","S/D","Ciclista","Atropello","Ninguna","Faltante","Ninguna","S/D"
2017,4499,4/8/2017,"Sabado",0,11:20:00,,"0.0",2,"Automóvil,Moto/Ciclomotor","Llerena Y Alvear",2,1,0,0,1,0,0,,"Calle",,"SANTA FE","La Capital","Asfalto","S/D","I","Dentro","Urbana","Ninguna","No existe","Intersección","Bueno","Buena","Diurna","Buen Tiempo","Lateral","S/D","Colisión","Ninguna","Faltante","Ninguna","Sin restricción"
2017,4500,4/8/2017,"Sabado",0,13:30:00,,"0.0",2,"Pickup/Utilitario,Moto/Ciclomotor","Av Gral Paz Y Estanislao Zeballos",2,1,0,0,1,0,0,,"Calle",,"SANTA FE","La Capital","Asfalto","S/D","I","Dentro","Urbana","Ninguna","S/D","Intersección","Bueno","Buena","Diurna","Buen Tiempo","Lateral","S/D","Colisión","Ninguna","S/D","Ninguna","Sin restricción"
2017,4501,4/8/2017,"Sabado",0,14:30:00,,"0.0",2,"Automóvil,Moto/Ciclomotor","Av Gral Paz Y J M Zuviria",2,1,0,0,1,0,0,,"Calle",,"SANTA FE","La Capital","Asfalto","No existe","I","Dentro","Urbana","Ninguna","No existe","Recta","Bueno","Buena","Diurna","Buen Tiempo","Lateral","S/D","Colisión","Ninguna","Faltante","Ninguna","Sin restricción"
2017,4502,4/7/2017,"Viernes",0,14:30:00,,"0.0",2,"Automóvil,Moto/Ciclomotor","Av Lopez y Planes Y Domingo Silva",2,1,0,0,1,0,0,,"Avenida",,"SANTA FE","La Capital","Asfalto","No existe","I","Dentro","Urbana","Ninguna","No existe","Intersección","Con baches","Buena","Diurna","Buen Tiempo","Lateral","S/D","Colisión","Ninguna","Faltante","Ninguna","Sin restricción"
2017,4503,4/8/2017,"Sabado",0,19:20:00,,"0.0",2,"Pickup/Utilitario,Peatón","Av Pte Peron Y Juan Del Campillo",2,0,0,0,0,0,2,,"Calle",,"SANTA FE","La Capital","Hormigón","No existe","I","Dentro","Urbana","Otra Señal","No existe","Intersección","Ahuellamiento","Reducida","Atardecer","Buen Tiempo","S/D","Peatón","Atropello","S/D","Faltante","Vegetación","Sin restricción"
2017,4504,4/10/2017,"Lunes",0,20:00:00,,"0.0",2,"Pickup/Utilitario,Peatón","Av Blas Parera Y Martin Zapata",2,0,0,0,0,0,2,,"Calle",,"SANTA FE","La Capital","Asfalto","No existe","I","Dentro","Urbana","Ninguna","Funciona","Intersección","Bueno","Reducida","Nocturna","Buen Tiempo","S/D","Peatón","Atropello","S/D","Vertical","Cordón divisorio","Sin restricción"
2017,4505,4/1/2017,"Sabado",0,22:30:00,,"0.0",2,"Automóvil,Moto/Ciclomotor","Av Pte Peron 3900",2,1,0,0,1,0,0,,"Calle",,"SANTA FE","La Capital","Asfalto","No existe","I","Dentro","Urbana","Ninguna","No existe","Recta","Bueno","Buena","Nocturna","Buen Tiempo","Lateral","S/D","Colisión","Ninguna","Faltante","Ninguna","Sin restricción"
2017,4506,4/1/2017,"Sabado",0,21:05:00,,"0.0",2,"Automóvil,Moto/Ciclomotor","Gdor Freyre Y Quintana",2,1,0,0,1,0,0,,"Calle",,"SANTA FE","La Capital","Asfalto","No existe","I","Dentro","Urbana","Ninguna","Funciona","Intersección","Bueno","Buena","Diurna","Buen Tiempo","Lateral","S/D","Colisión","Ninguna","Horizontal,Vertical","Ninguna","S/D"
2017,4507,4/28/2017,"Viernes",0,23:20:00,,"0.0",2,"Automóvil,Moto/Ciclomotor","Av Peñaloza Y Agustin Delgado",2,1,0,0,1,0,0,,"Calle",,"SANTA FE","La Capital","Asfalto","Pavimento","I","Dentro","Urbana","Ninguna","No existe","Intersección","Con baches","Buena","Nocturna","Buen Tiempo","Lateral","S/D","Colisión","Material Suelto","Horizontal,Vertical","Ninguna","Sin restricción"
2017,4508,4/24/2017,"Lunes",0,20:40:00,,"0.0",2,"Moto/Ciclomotor,Moto/Ciclomotor","Av Pte Peron Y Pedro Centeno",2,1,0,0,1,0,0,,"Avenida",,"SANTA FE","La Capital","Asfalto","No existe","I","Dentro","Urbana","Semáforo","Funciona","Intersección","Con baches","Buena","Atardecer","Buen Tiempo","Lateral","S/D","Colisión","Fluidos","Horizontal,Vertical","Cordón divisorio","Sin restricción"
2017,4509,4/8/2017,"Sabado",0,19:30:00,,"0.0",2,"Automóvil,Bicicleta","Salvador del Carril Y Republica de Siria",2,1,0,0,1,0,0,,"Calle",,"SANTA FE","La Capital","Asfalto","No existe","I","Dentro","Urbana","Ninguna","No existe","Intersección","Bueno","Buena","Atardecer","Buen Tiempo","S/D","Ciclista","Atropello","Ninguna","S/D","Ninguna","Sin restricción"
2017,4510,4/18/2017,"Martes",0,12:50:00,,"0.0",2,"Automóvil,Moto/Ciclomotor","Av Gral Paz Y Regis Martinez",2,1,0,0,1,0,0,,"Calle",,"SANTA FE","La Capital","Asfalto","No existe","I","Dentro","Urbana","Ninguna","S/D","Intersección","Bueno","Buena","Diurna","Buen Tiempo","Lateral","S/D","Colisión","Ninguna","S/D","Ninguna","Sin restricción"
2017,4511,4/19/2017,"Miercoles",0,13:00:00,,"0.0",2,"Automóvil,Moto/Ciclomotor","Av Gral Paz Y Llerena",2,1,0,0,1,0,0,,"Calle",,"SANTA FE","La Capital","Asfalto","S/D","I","Dentro","Urbana","Ninguna","No existe","Intersección","Bueno","Buena","Diurna","Buen Tiempo","Lateral","S/D","Colisión","Ninguna","S/D","Ninguna","Sin restricción"
2017,4512,4/29/2017,"Sabado",0,13:50:00,,"0.0",2,"Automóvil,Moto/Ciclomotor","Llerena Y Alvear",2,1,0,0,1,0,0,,"Calle",,"SANTA FE","La Capital","Asfalto","No existe","I","Dentro","Urbana","Ninguna","No existe","Intersección","Bueno","Buena","Diurna","Buen Tiempo","Lateral","S/D","Colisión","Ninguna","S/D","Ninguna","S/D"
2017,4513,4/24/2017,"Lunes",0,13:30:00,,"0.0",2,"Automóvil,Moto/Ciclomotor","R Godoy Y Tacuari",2,1,0,0,1,0,0,,"Calle",,"SANTA FE","La Capital","Asfalto","No existe","I","Dentro","Urbana","Ninguna","No existe","Intersección","Bueno","Buena","Diurna","Buen Tiempo","Lateral","S/D","Colisión","Ninguna","S/D","Ninguna","S/D"
2017,4514,4/5/2017,"Miercoles",0,17:40:00,,"0.0",2,"Moto/Ciclomotor,Moto/Ciclomotor","Reg 12 de Infanteria Y Lavalle",3,1,0,0,2,0,0,,"Calle",,"SANTA FE","La Capital","Asfalto","No existe","I","Dentro","Urbana","Ninguna","No existe","Intersección","Bueno","Buena","Atardecer","Buen Tiempo","Lateral","S/D","Colisión","Ninguna","Faltante","Ninguna","Sin restricción"
2017,4515,4/22/2017,"Sabado",0,8:45:00,,"0.0",2,"Automóvil,Moto/Ciclomotor","Ricardo Aldao Y Republica de Siria",2,1,0,0,1,0,0,,"Calle",,"SANTA FE","La Capital","Asfalto","No existe","I","Dentro","Urbana","Ninguna","No existe","Intersección","Bueno","Buena","Diurna","Buen Tiempo","Lateral","S/D","Colisión","Ninguna","S/D","Ninguna","S/D"
2017,4516,4/13/2017,"Jueves",0,14:30:00,,"0.0",2,"Automóvil,Moto/Ciclomotor","Republica de Siria Y Pedro de Vega",3,2,0,0,1,0,0,,"Calle",,"SANTA FE","La Capital","Asfalto","No existe","I","Dentro","Urbana","Ninguna","No existe","Intersección","Bueno","Buena","Diurna","Buen Tiempo","Lateral","S/D","Colisión","Ninguna","Faltante","Ninguna","Sin restricción"
2017,4517,4/6/2017,"Jueves",0,21:41:00,,"0.0",2,"Automóvil,Bicicleta","Av Almte Brown Y Javier de la Rosa",2,1,0,0,1,0,0,,"Calle",,"SANTA FE","La Capital","Asfalto","No existe","I","Dentro","Urbana","Ninguna","No existe","Intersección","Bueno","Buena","Nocturna","Buen Tiempo","S/D","Ciclista","Atropello","Ninguna","Faltante","Ninguna","Sin restricción"
2017,4518,4/7/2017,"Viernes",0,18:30:00,,"0.0",2,"Automóvil,Transporte de Pasajeros Urbano (> 8 asientos)","Av A del Valle Y Vieytes",3,1,0,0,0,0,2,,"Calle",,"SANTA FE","La Capital","Asfalto","No existe","I","Dentro","Urbana","Ninguna","No existe","Intersección","Bueno","Buena","Atardecer","Buen Tiempo","Lateral","S/D","Colisión","Ninguna","Faltante","Ninguna","Sin restricción"
2017,4519,4/8/2017,"Sabado",0,20:25:00,,"0.0",2,"Automóvil,Moto/Ciclomotor","Av A del Valle Y French",2,1,0,0,1,0,0,,"Calle",,"SANTA FE","La Capital","Asfalto","No existe","I","Dentro","Urbana","Ninguna","No existe","Intersección","Bueno","Buena","Nocturna","Buen Tiempo","Lateral","S/D","Colisión","Ninguna","Faltante","Ninguna","Sin restricción"
2017,4520,4/13/2017,"Jueves",0,12:15:00,,"0.0",2,"Moto/Ciclomotor,Automóvil","Av Gral Paz Y Av Galicia",3,2,0,0,0,0,1,,"Calle",,"SANTA FE","La Capital","Asfalto","No existe","I","Dentro","Urbana","Ninguna","S/D","Intersección","Bueno","Buena","Diurna","Buen Tiempo","S/D","S/D","Colisión","Ninguna","Faltante","Ninguna","Sin restricción"
2017,4521,4/11/2017,"Martes",0,21:00:00,,"0.0",2,"Automóvil,Moto/Ciclomotor","Av Galicia Y Lavalle",4,2,0,0,2,0,0,,"Avenida",,"SANTA FE","La Capital","Asfalto","No existe","I","Dentro","Urbana","Ninguna","No existe","Intersección","Bueno","Buena","Nocturna","Buen Tiempo","Lateral","S/D","Colisión","Ninguna","Faltante","Ninguna","Sin restricción"
2017,4522,4/14/2017,"Viernes",0,5:15:00,,"0.0",2,"Moto/Ciclomotor,Automóvil","Av A del Valle Y Padre Genesio",2,1,0,0,0,0,1,,"Calle",,"SANTA FE","La Capital","Asfalto","No existe","I","Dentro","Urbana","Ninguna","No existe","Intersección","Bueno","Buena","Amanecer","Buen Tiempo","Lateral","S/D","Colisión","Ninguna","S/D","Ninguna","Sin restricción"
2017,4523,4/10/2017,"Lunes",0,21:40:00,,"0.0",2,"Automóvil,Moto/Ciclomotor","Pedro de Vega Y Av A del Valle",2,1,0,0,1,0,0,,"Avenida",,"SANTA FE","La Capital","Asfalto","S/D","I","Dentro","Urbana","Ninguna","Funciona","Recta","Bueno","Reducida","Nocturna","Buen Tiempo","Lateral","S/D","Colisión","Ninguna","S/D","Ninguna","Sin restricción"
2017,4524,4/15/2017,"Sabado",0,14:00:00,,"0.0",2,"Moto/Ciclomotor,Bicicleta","Av A del Valle Y French",2,1,0,0,1,0,0,,"Calle",,"SANTA FE","La Capital","Asfalto","No existe","I","Dentro","Urbana","Ninguna","No existe","Intersección","Bueno","Buena","Diurna","Buen Tiempo","S/D","Ciclista","Atropello","Ninguna","Faltante","Ninguna","Sin restricción"
2017,4525,4/15/2017,"Sabado",0,19:40:00,,"0.0",2,"Automóvil,Moto/Ciclomotor","Las Heras Y Javier de la Rosa",2,1,0,0,1,0,0,,"Calle",,"SANTA FE","La Capital","Asfalto","No existe","I","Dentro","Urbana","Ninguna","No existe","Intersección","Bueno","Buena","Atardecer","Buen Tiempo","S/D","S/D","Colisión","Ninguna","Faltante","Ninguna","Sin restricción"
2017,4526,4/6/2017,"Jueves",0,9:00:00,,"0.0",2,"Moto/Ciclomotor,Taxi/Remis","J M Zuviria Y Pedro Ferre",2,1,0,0,1,0,0,,"Avenida",,"SANTA FE","La Capital","Asfalto","No existe","I","Dentro","Urbana","Semáforo","Funciona","Intersección","Bueno","Buena","Diurna","Buen Tiempo","Lateral","S/D","Colisión","Ninguna","Vertical","Cordón divisorio","Sin restricción"
2017,4527,4/17/2017,"Lunes",0,10:05:00,,"0.0",2,"Automóvil,Moto/Ciclomotor","Belgrano Y Padre Genesio",3,1,0,0,2,0,0,,"Calle",,"SANTA FE","La Capital","Asfalto","No existe","I","Dentro","Urbana","Ninguna","No existe","Intersección","Bueno","Buena","Diurna","Buen Tiempo","Lateral","S/D","Colisión","Ninguna","Faltante","Ninguna","Sin restricción"
2017,4528,4/11/2017,"Martes",0,9:05:00,,"0.0",2,"Automóvil,Pickup/Utilitario","Salvador del Carril Y Avellaneda",3,1,0,0,2,0,0,,"Calle",,"SANTA FE","La Capital","Asfalto","S/D","I","Dentro","Urbana","Ninguna","No existe","Intersección","Bueno","Buena","Diurna","Buen Tiempo","Lateral","S/D","Colisión","Ninguna","Faltante","Ninguna","Sin restricción"
2017,4529,4/13/2017,"Jueves",0,18:15:00,,"0.0",2,"Automóvil,Moto/Ciclomotor","Av Galicia Y Belgrano",2,1,0,0,1,0,0,,"Avenida",,"SANTA FE","La Capital","Asfalto","S/D","I","Dentro","Urbana","Ninguna","No existe","Intersección","Bueno","Buena","Diurna","Buen Tiempo","Lateral","S/D","Colisión","Ninguna","Faltante","Ninguna","Sin restricción"
2017,4530,4/15/2017,"Sabado",0,1:00:00,,"0.0",2,"Automóvil,Moto/Ciclomotor","Alvear Y Lavalle",3,2,0,0,1,0,0,,"Calle",,"SANTA FE","La Capital","Asfalto","S/D","I","Dentro","Urbana","Ninguna","No existe","Intersección","Bueno","Buena","Nocturna","Buen Tiempo","Lateral","S/D","Colisión","Ninguna","Faltante","Ninguna","Sin restricción"
2017,4531,4/17/2017,"Lunes",0,9:00:00,,"0.0",2,"Automóvil,Automóvil","Av Gral Lopez Y Regis Martinez",4,2,0,0,2,0,0,,"Calle",,"SANTA FE","La Capital","Asfalto","No existe","I","Dentro","Urbana","Ninguna","No existe","Intersección","Bueno","Buena","Diurna","Buen Tiempo","Lateral","S/D","Colisión","Ninguna","S/D","Ninguna","Sin restricción"
2017,4532,4/27/2017,"Jueves",0,13:10:00,,"0.0",2,"Moto/Ciclomotor,Otros","Pedro de Vega Y P Cullen",3,0,0,0,0,0,3,,"Calle",,"SANTA FE","La Capital","Asfalto","No existe","I","Dentro","Urbana","Ninguna","No existe","Intersección","Bueno","Buena","Diurna","Buen Tiempo","Lateral","S/D","Colisión","Ninguna","S/D","Ninguna","Sin restricción"
2017,4533,4/17/2017,"Lunes",0,15:30:00,,"0.0",2,"Moto/Ciclomotor,Automóvil","Av Galicia Y Alberdi",3,2,0,0,1,0,0,,"Avenida",,"SANTA FE","La Capital","Asfalto","No existe","I","Dentro","Urbana","Ninguna","No existe","Intersección","Bueno","Buena","Diurna","Buen Tiempo","Lateral","S/D","Colisión","Ninguna","Faltante","Ninguna","S/D"
2017,4534,7/15/2017,"Sabado",0,0:45:00,,"0.0",2,"Moto/Ciclomotor,Pickup/Utilitario","Santiago del Estero Y Dorrego",2,1,0,0,0,0,1,,"Calle",,"SAN LORENZO","San Lorenzo","Asfalto","No existe","XVII","Dentro","Urbana","Ninguna","No existe","Intersección","Bueno","Buena","Nocturna","Buen Tiempo","S/D","S/D","Colisión","Ninguna","Faltante","Ninguna","Sin restricción"
2017,4535,7/12/2017,"Miercoles",0,19:30:00,,"0.0",2,"Moto/Ciclomotor,Automóvil","Urquiza Y Tte. roca",2,1,0,0,0,0,1,,"Calle",,"SAN LORENZO","San Lorenzo","Asfalto","No existe","XVII","Dentro","Urbana","Ninguna","No existe","Intersección","Bueno","Buena","Diurna","S/D","S/D","S/D","Colisión","Ninguna","Horizontal","Ninguna","Sin restricción"
2017,4536,4/19/2017,"Miercoles",0,22:15:00,,"0.0",2,"Moto/Ciclomotor,Automóvil","Av Almte Brown Y Cardenal Fasolino",2,1,0,0,1,0,0,,"Avenida",,"SANTA FE","La Capital","Asfalto","No existe","I","Dentro","Urbana","Ninguna","No existe","Intersección","Bueno","Buena","Nocturna","Buen Tiempo","Lateral","S/D","Colisión","Ninguna","S/D","Ninguna","Sin restricción"
2017,4537,7/12/2017,"Miercoles",0,8:00:00,"Ruta Nacional 11","0.0",2,"Moto/Ciclomotor,Moto/Ciclomotor","Av San Martin Y D Porteau",3,2,0,0,0,0,1,,"Ruta",11,"SAN LORENZO","San Lorenzo","Asfalto","No existe","XVII","Dentro","Urbana","Ninguna","No existe","Intersección","Bueno","Buena","Diurna","S/D","S/D","S/D","Colisión","Ninguna","Faltante","Ninguna","Sin restricción"
2017,4538,4/21/2017,"Viernes",0,13:45:00,,"0.0",2,"Automóvil,Moto/Ciclomotor","Rivadavia Y Reg 12 de Infanteria",3,1,0,0,2,0,0,,"Calle",,"SANTA FE","La Capital","Asfalto","No existe","I","Dentro","Urbana","Ninguna","No existe","Intersección","Bueno","Buena","Diurna","Buen Tiempo","Lateral","S/D","Colisión","Ninguna","S/D","Ninguna","S/D"
2017,4539,7/10/2017,"Lunes",0,7:20:00,,"0.0",2,"Bicicleta,Automóvil","General Lopez Y Richieri",2,1,0,0,0,0,1,,"Calle",,"SAN LORENZO","San Lorenzo","Asfalto","No existe","XVII","Dentro","Urbana","Ninguna","No existe","Intersección","Bueno","Buena","Diurna","S/D","S/D","Ciclista","Atropello","Ninguna","Horizontal","Ninguna","Sin restricción"
2017,4540,4/6/2017,"Jueves",0,17:05:00,,"0.0",2,"Moto/Ciclomotor,Automóvil","Espora Y San Martin",2,1,0,0,1,0,0,,"Calle",,"SANTA FE","La Capital","Asfalto","No existe","I","Dentro","Urbana","Ninguna","No existe","Intersección","Bueno","Buena","Diurna","Buen Tiempo","De alcance","S/D","Colisión","Ninguna","Faltante","Cordón divisorio","Sin restricción"
2017,4541,7/9/2017,"Domingo",0,0:15:00,,"0.0",2,"Moto/Ciclomotor,Moto/Ciclomotor","Sargento Cabral Y Julian Cervera",3,2,0,0,0,0,1,,"Calle",,"SAN LORENZO","San Lorenzo","Asfalto","No existe","XVII","Dentro","Urbana","Ninguna","No existe","Intersección","Bueno","Buena","Nocturna","S/D","S/D","S/D","Colisión","Ninguna","Faltante","Ninguna","Sin restricción"
2017,4542,7/6/2017,"Jueves",0,18:50:00,"Ruta Nacional 11","0.0",2,"Automóvil,Moto/Ciclomotor","Av San Martin Y N Peña",2,1,0,0,0,0,1,,"Ruta",11,"SAN LORENZO","San Lorenzo","Asfalto","No existe","XVII","Dentro","Urbana","Ninguna","No existe","Intersección","Bueno","Buena","Diurna","S/D","S/D","S/D","Colisión","Ninguna","Faltante","Ninguna","Sin restricción"
2017,4543,4/9/2017,"Domingo",0,7:00:00,,"0.0",2,"Bicicleta,Automóvil","Av A del Valle Y Derqui",2,1,0,0,1,0,0,,"Avenida",,"SANTA FE","La Capital","Asfalto","No existe","I","Dentro","Urbana","Semáforo","No existe","Intersección","Bueno","Buena","Diurna","Buen Tiempo","S/D","Ciclista","Atropello","Ninguna","Faltante","Cordón divisorio","Sin restricción"
2017,4544,7/5/2017,"Miercoles",0,16:30:00,"Ruta Nacional 11","0.0",2,"Moto/Ciclomotor,Taxi/Remis","Av San Martin Y Richieri",3,1,0,0,0,0,2,,"Ruta",11,"SAN LORENZO","San Lorenzo","Asfalto","No existe","XVII","Dentro","Urbana","S/D","No existe","Intersección","Bueno","Buena","Diurna","S/D","S/D","S/D","Colisión","S/D","Faltante","Ninguna","Sin restricción"
2017,4545,4/10/2017,"Lunes",0,17:20:00,,"0.0",2,"Cuatriciclo,Automóvil","9 de Julio Y Pedro Centeno",2,1,0,0,1,0,0,,"Calle",,"SANTA FE","La Capital","Asfalto","No existe","I","Dentro","Urbana","Ninguna","No existe","Intersección","Bueno","Buena","Diurna","Buen Tiempo","Lateral","S/D","Colisión","Ninguna","Faltante","Cordón divisorio","Sin restricción"
2017,4546,7/5/2017,"Miercoles",0,15:20:00,,"0.0",2,"Automóvil,Camión","Irigoyen Y Richieri",2,1,0,0,0,0,1,,"Calle",,"SAN LORENZO","San Lorenzo","Asfalto","No existe","XVII","Dentro","Urbana","Ninguna","No existe","Intersección","Bueno","Buena","Diurna","Buen Tiempo","S/D","S/D","Colisión","Ninguna","Faltante","Ninguna","Sin restricción"
2017,4547,4/17/2017,"Lunes",0,11:20:00,,"0.0",2,"Peatón,Pickup/Utilitario","Alberti Y 4 de Enero",2,1,0,0,1,0,0,,"Calle",,"SANTA FE","La Capital","Asfalto","No existe","I","Dentro","Urbana","Ninguna","No existe","Intersección","Bueno","Buena","Diurna","Buen Tiempo","S/D","Peatón","Atropello","Ninguna","Faltante","Cordón divisorio","Sin restricción"
2017,4548,7/3/2017,"Lunes",0,12:15:00,,"0.0",2,"Moto/Ciclomotor,Moto/Ciclomotor","Granadero Baigorria Y Morris W",2,1,0,0,0,0,1,,"Calle",,"SAN LORENZO","San Lorenzo","Asfalto","S/D","XVII","Dentro","Urbana","Ninguna","No existe","Intersección","Otro","Buena","Diurna","S/D","S/D","S/D","Colisión","S/D","S/D","Ninguna","S/D"
2017,4549,4/17/2017,"Lunes",0,12:00:00,,"0.0",2,"Moto/Ciclomotor,Automóvil","Av A del Valle Y Lavaisse",3,2,0,0,1,0,0,,"Avenida",,"SANTA FE","La Capital","Asfalto","No existe","I","Dentro","Urbana","Ninguna","Funciona","Intersección","Bueno","Buena","Diurna","Buen Tiempo","Lateral","S/D","Colisión","Ninguna","Vertical","Cordón divisorio","Sin restricción"
2017,4550,4/17/2017,"Lunes",0,12:40:00,,"0.0",2,"Moto/Ciclomotor,Moto/Ciclomotor","San Jeronimo Y Espora",4,3,0,0,1,0,0,,"Calle",,"SANTA FE","La Capital","Asfalto","No existe","I","Dentro","Urbana","Ninguna","No existe","Intersección","Bueno","Buena","Diurna","Buen Tiempo","Lateral","S/D","Colisión","Ninguna","Faltante","Cordón divisorio","Sin restricción"
2017,4551,4/1/2017,"Sabado",0,15:30:00,,"0.0",2,"Automóvil,Moto/Ciclomotor","Pedro Francisco A Candioti Y Alvear",2,1,0,0,1,0,0,,"Calle",,"SANTA FE","La Capital","Asfalto","No existe","I","S/D","Urbana","Ninguna","No existe","Intersección","Bueno","Buena","Diurna","Buen Tiempo","Lateral","S/D","Colisión","Ninguna","Faltante","Ninguna","Sin restricción"
2017,4552,7/3/2017,"Lunes",0,18:40:00,"Ruta Provincial 10","0.0",2,"Automóvil,Moto/Ciclomotor"," ",2,0,0,0,0,0,2,,"Ruta",10,"SAN LORENZO","San Lorenzo","Asfalto","Natural","XVII","Dentro","Urbana","Ninguna","No existe","Recta","Bueno","Buena","Diurna","S/D","S/D","S/D","Colisión","Ninguna","Faltante","Ninguna","Sin restricción"