"anio_acci","nro_acci","fecha","desc_dia","fecha_aprox","hora_aprox","desc_ruta","km","cant_participantes","desc_participante","calle_avenida_km","total","heridos_leves","heridos_graves","heridos_gravisimos","ilesos","fallecidos","sin_datos","posicion_XY","desc_tipo_via","desc_ruta_ori","desc_loc","desc_dpto","desc_tipo_calzada","desc_tipo_banquina","desc_unidad_regional","desc_lugar_calzada","desc_zona","desc_prioridad","desc_estado_semaforo","desc_lugar_via","desc_estado_via","desc_estado_visibilidad","desc_luminosidad","desc_estado_clima","desc_tipo_colision","desc_tipo_atropello","desc_tipo_hecho","desc_pres_calzada","desc_senializacion","desc_separacion_via","desc_restriccion"
2017,4553,4/3/2017,"Lunes",0,11:00:00,,"0.0",2,"Automóvil,Moto/Ciclomotor","Las Heras Y Llerena",2,1,0,0,1,0,0,,"Calle",,"SANTA FE","La Capital","Asfalto","S/D","I","S/D","Urbana","S/D","S/D","Intersección","Bueno","Buena","Diurna","Buen Tiempo","De alcance","S/D","Colisión","Ninguna","Faltante","Ninguna","Sin restricción"
2017,4554,7/4/2017,"Martes",0,9:10:00,"Ruta Nacional 11","0.0",2,"Moto/Ciclomotor,Automóvil","Av San Martin Y Richieri",2,1,0,0,0,0,1,,"Ruta",11,"SAN LORENZO","San Lorenzo","Asfalto","No existe","XVII","Dentro","Urbana","Ninguna","No existe","Intersección","Bueno","Buena","Diurna","S/D","S/D","S/D","Colisión","Ninguna","Faltante","Ninguna","S/D"
2017,4555,4/22/2017,"Sabado",0,14:20:00,,"0.0",2,"Moto/Ciclomotor,Automóvil","Necochea Y Alberti",2,1,0,0,1,0,0,,"Calle",,"SANTA FE","La Capital","Asfalto","No existe","I","Dentro","Urbana","Ninguna","No existe","Intersección","Bueno","Buena","Diurna","Buen Tiempo","Lateral","S/D","Colisión","Ninguna","Faltante","Ninguna","Sin restricción"
2017,4556,4/3/2017,"Lunes",0,12:30:00,,"0.0",2,"Automóvil,Moto/Ciclomotor","Necochea Y Avellaneda",3,1,1,0,1,0,0,,"Calle",,"SANTA FE","La Capital","Asfalto","No existe","I","S/D","Urbana","Ninguna","No existe","Intersección","Bueno","Buena","Diurna","Buen Tiempo","Lateral","S/D","Colisión","Ninguna","S/D","Ninguna","Sin restricción"
2017,4557,7/5/2017,"Miercoles",0,10:00:00,"Ruta Nacional A012","0.0",2,"Camión c / Acoplado,Automóvil"," ",6,0,0,0,0,0,6,,"Ruta","A012","SAN LORENZO","San Lorenzo","Asfalto","Natural","XVII","Dentro","Urbana","S/D","No existe","Recta","Bueno","Buena","Diurna","S/D","S/D","S/D","Colisión","Ninguna","Faltante","Ninguna","Sin restricción"
2017,4558,7/12/2017,"Miercoles",0,14:35:00,,"0.0",2,"Moto/Ciclomotor,Moto/Ciclomotor","Maipu Y Ituzaingo",2,2,0,0,0,0,0,,"Calle",,"SAN CRISTÓBAL","San Cristóbal","Asfalto","No existe","XIII","Dentro","Urbana","Ninguna","No existe","Intersección","Bueno","Buena","Diurna","Lluvia","Lateral","S/D","Colisión","Agua","Faltante","Ninguna","Sin restricción"
2017,4559,4/23/2017,"Domingo",0,23:30:00,,"0.0",1,"Moto/Ciclomotor","Larrea Y Lavalle",2,1,0,0,1,0,0,,"Calle",,"SANTA FE","La Capital","Asfalto","No existe","I","Dentro","Urbana","Ninguna","No existe","Intersección","Bueno","Buena","Nocturna","Buen Tiempo","S/D","S/D","Caída ocupante","Ninguna","Faltante","Ninguna","Sin restricción"
2017,4560,4/5/2017,"Miercoles",0,10:15:00,,"0.0",2,"Automóvil,Moto/Ciclomotor","Av A del Valle Y Llerena",2,1,0,0,1,0,0,,"Calle",,"SANTA FE","La Capital","Asfalto","No existe","I","S/D","Urbana","Ninguna","No existe","Intersección","Bueno","Buena","Diurna","Buen Tiempo","Lateral","S/D","Colisión","Ninguna","Faltante","Ninguna","Sin restricción"
2017,4561,2/22/2017,"Miercoles",0,1:15:00,,"0.0",2,"Taxi/Remis,Automóvil","Av Gral Lopez Y Padilla",2,1,0,0,1,0,0,,"Avenida",,"SANTA FE","La Capital","Asfalto","S/D","I","S/D","Urbana","Ninguna","No existe","Recta","Bueno","Reducida","Nocturna","Buen Tiempo","Frontal","S/D","Colisión","Ninguna","S/D","Línea divisoria pintada","Sin restricción"
2017,4562,4/7/2017,"Viernes",0,8:00:00,,"0.0",2,"Moto/Ciclomotor,Moto/Ciclomotor","Quintana Y Alberdi",2,1,0,0,1,0,0,,"Calle",,"SANTA FE","La Capital","Asfalto","S/D","I","Dentro","Urbana","Ninguna","No existe","Intersección","Bueno","Buena","Diurna","Buen Tiempo","Lateral","S/D","Colisión","Ninguna","Faltante","Ninguna","Sin restricción"
2017,4563,4/27/2017,"Jueves",0,16:00:00,,"0.0",2,"Automóvil,Moto/Ciclomotor","Larrea Y Alberdi",3,2,0,0,1,0,0,,"Calle",,"SANTA FE","La Capital","Asfalto","No existe","I","S/D","Urbana","Ninguna","No existe","Intersección","Bueno","Buena","Diurna","Buen Tiempo","Lateral","S/D","Colisión","Ninguna","Faltante","Ninguna","Sin restricción"
2017,4564,4/27/2017,"Jueves",0,18:20:00,,"0.0",2,"Moto/Ciclomotor,Moto/Ciclomotor","Las Heras Y Reg 12 de Infanteria",3,2,0,0,1,0,0,,"Calle",,"SANTA FE","La Capital","Asfalto","No existe","I","S/D","Urbana","Ninguna","No existe","Intersección","Bueno","Buena","Atardecer","Buen Tiempo","Lateral","S/D","Colisión","Ninguna","Faltante","Ninguna","Sin restricción"
2017,4565,4/29/2017,"Sabado",0,20:30:00,,"0.0",2,"Moto/Ciclomotor,Pickup/Utilitario","Av A del Valle Y Javier de la Rosa",2,1,0,0,1,0,0,,"Calle",,"SANTA FE","La Capital","Asfalto","No existe","I","S/D","S/D","Ninguna","No existe","Intersección","Bueno","Buena","Nocturna","Buen Tiempo","Lateral","S/D","Colisión","Ninguna","Faltante","Ninguna","Sin restricción"
2017,4566,4/30/2017,"Domingo",0,4:00:00,,"0.0",2,"Automóvil,Moto/Ciclomotor","Av Gral Lopez Y Boneo",2,1,0,0,1,0,0,,"Avenida",,"SANTA FE","La Capital","Asfalto","No existe","I","S/D","Urbana","Semáforo","Funciona","Intersección","Bueno","Buena","Con luz artificial","Buen Tiempo","Lateral","S/D","Colisión","Ninguna","S/D","Ninguna","Sin restricción"
2017,4567,4/1/2017,"Sabado",0,,,"0.0",2,"Automóvil,Moto/Ciclomotor"," ",2,1,0,0,1,0,0,,"S/D",,"SANTA FE","La Capital","S/D","S/D","I","S/D","S/D","S/D","S/D","S/D","S/D","S/D","S/D","S/D","S/D","S/D","Colisión","S/D","S/D","S/D","S/D"
2017,4568,4/11/2017,"Martes",0,9:30:00,"Ruta Nacional 11","0.0",2,"Automóvil,Moto/Ciclomotor","Av Blas Parera Y Callejon Aguirre",2,1,0,0,1,0,0,,"Ruta",11,"SANTA FE","La Capital","Asfalto","Pavimento","I","S/D","Urbana","Semáforo","Funciona","Intersección","Bueno","Buena","Diurna","Buen Tiempo","De alcance","S/D","Colisión","Ninguna","Vertical","Cordón divisorio","Obra en Construcción"
2017,4569,4/11/2017,"Martes",0,23:00:00,,"0.0",2,"Moto/Ciclomotor,Automóvil","Hugo Wast Y Hermano Figueroa",2,1,0,0,1,0,0,,"Calle",,"SANTA FE","La Capital","Ripio","No existe","I","S/D","Urbana","Ninguna","No existe","Intersección","Con baches","Buena","Nocturna","Buen Tiempo","De alcance","S/D","Colisión","Ninguna","Faltante","Ninguna","Sin restricción"
2017,4570,4/24/2017,"Lunes",0,15:25:00,,"0.0",2,"Bicicleta,Automóvil","Alberdi Y Javier de la Rosa",2,1,0,0,1,0,0,,"Calle",,"SANTA FE","La Capital","Asfalto","No existe","I","Dentro","Urbana","Ninguna","No existe","Intersección","Bueno","Buena","Diurna","Buen Tiempo","S/D","Ciclista","Atropello","Ninguna","Faltante","Ninguna","S/D"
2017,4571,4/26/2017,"Miercoles",0,10:00:00,,"0.0",2,"Automóvil,Automóvil","J P Lopez Y Echague",2,1,0,0,1,0,0,,"Calle",,"SANTA FE","La Capital","Asfalto","S/D","I","Dentro","Urbana","Ninguna","S/D","Intersección","Bueno","Buena","Diurna","Buen Tiempo","Lateral","S/D","Colisión","Ninguna","S/D","Ninguna","Sin restricción"
2017,4572,4/12/2017,"Miercoles",0,21:10:00,"Ruta Nacional 11","0.0",2,"Automóvil,Moto/Ciclomotor","Av Blas Parera Y Chaco",3,1,0,0,1,0,1,,"Ruta",11,"SANTA FE","La Capital","Asfalto","Pavimento","I","S/D","Urbana","Semáforo","Funciona","Intersección","Bueno","Buena","Nocturna","Buen Tiempo","De alcance","S/D","Colisión","Ninguna","Vertical","Ninguna","Sin restricción"
2017,4573,4/15/2017,"Sabado",0,16:00:00,,"0.0",2,"Automóvil,Moto/Ciclomotor","Hugo Wast Y Hermano Figueroa",2,1,0,0,1,0,0,,"Calle",,"SANTA FE","La Capital","Ripio","No existe","I","S/D","Urbana","Ninguna","No existe","Intersección","Bueno","Buena","Diurna","Buen Tiempo","De alcance","S/D","Colisión","Ninguna","Faltante","Ninguna","Sin restricción"
2017,4574,4/8/2017,"Sabado",0,17:20:00,"Ruta Nacional 11","0.0",2,"Automóvil,Bicicleta","Av Blas Parera Y Larrea",2,0,0,0,0,0,2,,"Ruta",11,"SANTA FE","La Capital","Asfalto","S/D","I","S/D","Urbana","Ninguna","Funciona","Curva","Deteriorada","Buena","Diurna","Buen Tiempo","S/D","Ciclista","Atropello","Otro","Faltante","Ninguna","Obra en Construcción"
2017,4575,4/20/2017,"Jueves",0,0:00:00,,"0.0",2,"Automóvil,Moto/Ciclomotor","Castañaduy Y Vieytes",2,1,0,0,0,0,1,,"Calle",,"SANTA FE","La Capital","Hormigón","No existe","I","S/D","Urbana","S/D","No existe","Curva","Bueno","Buena","Nocturna","Buen Tiempo","De alcance","S/D","Colisión","Ninguna","Faltante","Ninguna","Sin restricción"
2017,4576,4/26/2017,"Miercoles",0,21:15:00,,"0.0",2,"Moto/Ciclomotor,Automóvil","Padre Genesio Y Piedras",2,1,0,0,1,0,0,,"Calle",,"SANTA FE","La Capital","Asfalto","No existe","I","Dentro","Urbana","Ninguna","No existe","Intersección","Bueno","Buena","Nocturna","Buen Tiempo","Lateral","S/D","Colisión","Ninguna","Faltante","Ninguna","Sin restricción"
2017,4577,7/3/2017,"Lunes",0,13:30:00,,"0.0",2,"Pickup/Utilitario,Pickup/Utilitario"," ",3,1,0,0,2,0,0,,"Camino Rural",,"SAN GUILLERMO","San Cristóbal","Ripio","Ripio","XIII","Dentro","Rural","Ninguna","No existe","Intersección","Bueno","Buena","Diurna","Buen Tiempo","Lateral","S/D","Colisión","Ninguna","Faltante","Ninguna","Sin restricción"
2017,4578,4/6/2017,"Jueves",0,18:50:00,"Ruta Nacional 11","0.0",2,"Moto/Ciclomotor,Camión c / Acoplado","San Eduardo ",2,1,0,0,1,0,0,,"Ruta",11,"CANDIOTI","La Capital","Asfalto","Ripio","I","Dentro","Urbana","Ninguna","No existe","Recta","Bueno","Buena","Atardecer","Buen Tiempo","Lateral","S/D","Colisión","Ninguna","Horizontal","Ninguna","Sin restricción"
2017,4579,7/28/2017,"Viernes",0,21:55:00,,"0.0",2,"Automóvil,Moto/Ciclomotor","Sarmiento Y Santa Fe",2,0,1,0,1,0,0,,"Calle",,"SAN GUILLERMO","San Cristóbal","Ripio","Pavimento","XIII","Dentro","Urbana","Ninguna","No existe","Intersección","Bueno","Buena","Nocturna,Con luz artificial","Buen Tiempo","Lateral","S/D","Colisión","Material Suelto","Horizontal","S/D","Sin restricción"
2017,4580,1/6/2017,"Viernes",0,2:00:00,,"0.0",2,"Moto/Ciclomotor,Automóvil","E.Zeballos Y Av. Ovidio Lagos",3,1,0,0,0,1,1,"-32.950903,-60.6639252","Avenida",,"ROSARIO","Rosario","Asfalto","No existe","II","Dentro","Urbana","Semáforo","S/D","Intersección","Bueno","S/D","Nocturna","S/D","Lateral","S/D","Colisión","S/D","Horizontal,Vertical","Ninguna","S/D"
2017,4581,7/26/2017,"Miercoles",0,16:20:00,,"0.0",2,"Moto/Ciclomotor,Pickup/Utilitario","Avenida Italia Y Av Falucho",2,0,1,0,1,0,0,,"Calle",,"CERES","San Cristóbal","Asfalto","No existe","XIII","Dentro","Urbana","Ninguna","No existe","Intersección","Bueno","Buena","Diurna","Buen Tiempo","Lateral","S/D","Colisión","Ninguna","Vertical","Cordón divisorio","Sin restricción"
2017,4582,4/10/2017,"Lunes",0,17:10:00,"Ruta Nacional 11","0.0",1,"Moto/Ciclomotor","Av Blas Parera Y Alberti",2,2,0,0,0,0,0,,"Ruta",11,"SANTA FE","La Capital","Hormigón","No existe","I","Dentro","Urbana","Ninguna","No existe","Recta","Otro","Buena","Diurna","Buen Tiempo","Contra objeto fijo","S/D","Colisión","Ninguna","Faltante","Ninguna","Sin restricción"
2017,4583,7/29/2017,"Sabado",0,20:50:00,,"0.0",2,"Moto/Ciclomotor,Moto/Ciclomotor","Hernandarias ",3,1,1,0,1,0,0,,"Calle",,"CAYASTA","Garay","Arena","Natural","VII","Dentro","Urbana","Ninguna","No existe","Recta","Bueno","Buena","Nocturna,Con luz artificial","Buen Tiempo","Frontal","S/D","Colisión","Ninguna","Faltante","Ninguna","Sin restricción"
2017,4584,7/9/2017,"Domingo",0,7:40:00,"Ruta Provincial 1","0.0",1,"Moto/Ciclomotor","Conde de Tessieres ",1,1,0,0,0,0,0,,"Ruta",1,"CAYASTA","Garay","Asfalto","Natural","VII","Dentro","Urbana","Ninguna","No existe","Intersección","Bueno","Buena","Diurna","Buen Tiempo","Contra objeto fijo","S/D","Colisión","Ninguna","Vertical","Línea divisoria pintada","Sin restricción"
2017,4585,4/18/2017,"Martes",0,13:50:00,,"0.0",2,"Moto/Ciclomotor,Automóvil","Estrada Y Hernandarias",2,1,0,0,1,0,0,,"Calle",,"SANTA FE","La Capital","Ripio","S/D","I","Dentro","Urbana","Ninguna","S/D","Intersección","Con baches","Buena","Diurna","Buen Tiempo","Lateral","S/D","Colisión","Ninguna","Faltante","Ninguna","Sin restricción"
2017,4586,3/1/2017,"Miercoles",1,,,"0.0",2,"Moto/Ciclomotor,Moto/Ciclomotor"," ",2,0,0,0,0,1,1,"-31.610663, -60.697586","S/D",,"SANTA FE","La Capital","S/D","S/D","I","S/D","S/D","S/D","S/D","S/D","S/D","S/D","S/D","S/D","S/D","S/D","Colisión","S/D","S/D","S/D","S/D"
2017,4587,7/25/2017,"Martes",0,,,"0.0",2,"Moto/Ciclomotor,Pickup/Utilitario"," ",2,1,0,0,1,0,0,,"S/D",,"HELVECIA","Garay","Tierra","No existe","VII","S/D","S/D","Ninguna","No existe","Intersección","Con baches","Buena","Diurna","Buen Tiempo","Lateral","S/D","Colisión","S/D","Faltante","Ninguna","Sin restricción"
2017,4588,7/21/2017,"Viernes",0,,,"0.0",1,"Moto/Ciclomotor"," ",1,1,0,0,0,0,0,,"S/D",,"HELVECIA","Garay","Asfalto","No existe","VII","S/D","S/D","Ninguna","No existe","Intersección","Bueno","Reducida","Nocturna","Buen Tiempo","S/D","S/D","Despiste","Ninguna","Faltante","Ninguna","Sin restricción"
2017,4589,7/3/2017,"Lunes",0,20:00:00,,"0.0",2,"Automóvil,Moto/Ciclomotor","San Martin Y Santa Rosa",2,1,0,0,1,0,0,,"Calle",,"SANTA ROSA DE CALCHINES","Garay","Hormigón","Pavimento","VII","Dentro","Urbana","Ninguna","No existe","Intersección","Bueno","Buena","Nocturna","Buen Tiempo","Lateral","S/D","Colisión","Ninguna","Faltante","Cordón divisorio","Sin restricción"
2017,4590,7/8/2017,"Sabado",0,7:30:00,"Ruta Provincial 1","41.0",2,"Camión Chasis,Automóvil"," ",2,1,0,0,1,0,0,,"Ruta",1,"SANTA ROSA DE CALCHINES","Garay","Asfalto","Natural","VII","Dentro","Urbana","S/D","No existe","Recta","Bueno","Buena","Amanecer","S/D","De alcance","S/D","Colisión","Ninguna","Faltante","Vegetación","Sin restricción"
2017,4591,7/29/2017,"Sabado",0,17:15:00,,"0.0",2,"Otros,Moto/Ciclomotor"," ",2,1,0,0,0,0,1,,"S/D",,"TOSTADO","9 de Julio","Asfalto","Natural","XII","S/D","S/D","Ninguna","No existe","Recta","Bueno","Buena","Diurna","Buen Tiempo","S/D","S/D","Colisión","Ninguna","Faltante","Ninguna","Sin restricción"
2017,4592,4/20/2017,"Jueves",0,13:00:00,"Ruta Nacional 11","0.0",2,"Moto/Ciclomotor,Moto/Ciclomotor","Av Blas Parera Y Alberti",2,2,0,0,0,0,0,,"Ruta",11,"SANTA FE","La Capital","Asfalto","No existe","I","Dentro","Urbana","Ninguna","No existe","Intersección","Bueno","Buena","Diurna","Buen Tiempo","Lateral","S/D","Colisión","Ninguna","Horizontal","Ninguna","Obra en Construcción"
2017,4593,4/20/2017,"Jueves",0,16:00:00,"Ruta Nacional 11","0.0",2,"Moto/Ciclomotor,Automóvil","Av Blas Parera Y Beruti",2,1,0,0,1,0,0,,"Ruta",11,"SANTA FE","La Capital","Asfalto","No existe","I","Dentro","Urbana","Ninguna","No existe","Intersección","Bueno","Buena","Diurna","Buen Tiempo","Lateral","S/D","Colisión","Ninguna","Faltante","Ninguna","Sin restricción"
2017,4594,4/20/2017,"Jueves",0,18:00:00,"Ruta Nacional 11","0.0",2,"Automóvil,Moto/Ciclomotor","Av Blas Parera Y Vieytes",2,2,0,0,0,0,0,,"Ruta",11,"SANTA FE","La Capital","Asfalto","No existe","I","Dentro","Urbana","Semáforo","Funciona","Intersección","Bueno","Buena","Diurna","Buen Tiempo","Lateral","S/D","Colisión","Ninguna","Horizontal","Cordón divisorio","Obra en Construcción"
2017,4595,7/5/2017,"Miercoles",0,16:20:00,,"0.0",2,"Moto/Ciclomotor,Moto/Ciclomotor","Saavedra ",3,3,0,0,0,0,0,,"Calle",,"TOSTADO","9 de Julio","Asfalto","No existe","XII","Dentro","Urbana","Ninguna","No existe","Recta","Bueno","Buena","Diurna","Buen Tiempo","Lateral","S/D","Colisión","Ninguna","Faltante","Ninguna","Sin restricción"
2017,4596,4/22/2017,"Sabado",0,11:20:00,"Ruta Nacional 11","0.0",1,"Moto/Ciclomotor","Av Blas Parera Y Alberti",3,2,0,0,1,0,0,,"Ruta",11,"SANTA FE","La Capital","Hormigón","No existe","I","Dentro","Urbana","Ninguna","No existe","Intersección","Bueno","Buena","Diurna","Buen Tiempo","Lateral","S/D","Colisión","Ninguna","Faltante","Ninguna","Obra en Construcción"
2017,4597,7/29/2017,"Sabado",0,16:45:00,"Ruta Secundaria 91-s","0.0",2,"Automóvil,Camión c / Acoplado"," ",3,2,0,0,1,0,0,,"Ruta","91-s","TOSTADO","9 de Julio","Tierra","No existe","XII","Dentro","Urbana","Ninguna","No existe","Recta","Bueno","Buena","Diurna","Buen Tiempo","S/D","S/D","Colisión","Ninguna","Faltante","Ninguna","Sin restricción"
2017,4598,4/24/2017,"Lunes",0,23:50:00,"Ruta Nacional 11","0.0",2,"Moto/Ciclomotor,Automóvil","Av Blas Parera Y Azcuenaga",2,1,0,0,1,0,0,,"Ruta",11,"SANTA FE","La Capital","Asfalto","No existe","I","S/D","Urbana","Semáforo","S/D","Intersección","Bueno","Buena","Nocturna","Buen Tiempo","Lateral","S/D","Colisión","Ninguna","Vertical","Ninguna","Sin restricción"
2017,4599,4/25/2017,"Martes",0,11:20:00,"Ruta Nacional 11","0.0",1,"Automóvil","Av Blas Parera Y Boneo",1,1,0,0,0,0,0,,"Ruta",11,"SANTA FE","La Capital","Hormigón","No existe","I","Dentro","Urbana","Ninguna","No existe","Intersección","Bueno","Reducida","Diurna","Lluvia","S/D","S/D","Vuelco","S/D","Faltante","Cordón divisorio","Obra en Construcción"
2017,4600,4/25/2017,"Martes",0,12:20:00,,"0.0",1,"Moto/Ciclomotor","Azcuenaga Y Chiclana",1,1,0,0,0,0,0,,"Calle",,"SANTA FE","La Capital","Asfalto","No existe","I","Dentro","Urbana","Ninguna","No existe","Intersección","Bueno","Reducida","Diurna","Lluvia","Lateral","S/D","Colisión","Ninguna","Faltante","S/D","S/D"
2017,4601,4/23/2017,"Domingo",0,19:10:00,,"0.0",2,"Automóvil,Moto/Ciclomotor","Gorriti 4500",4,2,0,0,2,0,0,,"Calle",,"SANTA FE","La Capital","Asfalto","No existe","I","Dentro","Urbana","Ninguna","No existe","Recta","Bueno","Buena","Diurna","Buen Tiempo","Lateral","S/D","Colisión","Ninguna","Faltante","Ninguna","Sin restricción"
2017,4602,4/23/2017,"Domingo",0,18:20:00,,"0.0",2,"Moto/Ciclomotor,Automóvil","Av Peñaloza Y Pedro de Vega",2,1,0,0,1,0,0,,"Avenida",,"SANTA FE","La Capital","Asfalto","No existe","I","Dentro","Urbana","Marca Vial","No existe","Intersección","Bueno","Buena","Diurna","Buen Tiempo","Lateral","S/D","Colisión","Ninguna","Horizontal","Cordón divisorio","Sin restricción"
2017,4603,4/16/2017,"Domingo",0,,,"0.0",1,"Moto/Ciclomotor","Estrada Y J Castelli",1,1,0,0,0,0,0,,"Calle",,"SANTA FE","La Capital","Hormigón","No existe","I","Dentro","Urbana","Ninguna","No existe","Intersección","Bueno","Buena","Diurna","Buen Tiempo","Contra objeto fijo","S/D","Colisión","Ninguna","Faltante","Cordón divisorio","Sin restricción"
2017,4604,4/24/2017,"Lunes",0,21:30:00,,"0.0",2,"Automóvil,Moto/Ciclomotor","J Castelli 5100",2,1,0,0,1,0,0,,"Calle",,"SANTA FE","La Capital","Ripio","No existe","I","Dentro","Urbana","Ninguna","No existe","Recta","Bueno","Buena","Nocturna","Buen Tiempo","Lateral","S/D","Colisión","Ninguna","Vertical","Ninguna","Sin restricción"
2017,4605,4/18/2017,"Martes",0,11:20:00,,"0.0",2,"Moto/Ciclomotor,Moto/Ciclomotor","Pedro de Cevallos Y Pje Ingenieros",3,2,0,0,1,0,0,,"Calle",,"SANTA FE","La Capital","Asfalto","No existe","I","Dentro","Urbana","Ninguna","No existe","Intersección","Bueno","Buena","Diurna","Buen Tiempo","Lateral","S/D","Colisión","Ninguna","Faltante","Cordón divisorio","Sin restricción"
2017,4606,4/27/2017,"Jueves",0,15:15:00,"Ruta Nacional 11","0.0",2,"Moto/Ciclomotor,Moto/Ciclomotor","Av Blas Parera Y Estado de Israel",3,3,0,0,0,0,0,,"Ruta",11,"SANTA FE","La Capital","Asfalto","No existe","I","Dentro","Urbana","Semáforo","Intermitente","Intersección","Bueno","Buena","Diurna","Buen Tiempo","Lateral","S/D","Colisión","Ninguna","Vertical","Cordón divisorio","Obra en Construcción"
2017,4607,4/2/2017,"Domingo",0,2:45:00,,"0.0",2,"Automóvil,Moto/Ciclomotor","Ayacucho Y 9 de Julio",2,1,0,0,1,0,0,,"Calle",,"SANTA FE","La Capital","Tierra,Ripio","Natural","I","Dentro","Urbana","S/D","No existe","Intersección","Deteriorada","Buena","Nocturna,Con luz artificial","Buen Tiempo","Lateral","S/D","Colisión","Material Suelto","Faltante","S/D","S/D"
2017,4608,4/18/2017,"Martes",0,15:00:00,,"0.0",2,"Moto/Ciclomotor,Automóvil","Av A del Valle Y Regis Martinez",3,2,0,0,1,0,0,,"Calle",,"SANTA FE","La Capital","Asfalto","No existe","I","Dentro","Urbana","Ninguna","No existe","Intersección","Bueno","Buena","Diurna","Buen Tiempo","Lateral","S/D","Colisión","Ninguna","Faltante","Cordón divisorio","Sin restricción"
2017,4609,4/20/2017,"Jueves",0,9:30:00,,"0.0",2,"Moto/Ciclomotor,Automóvil","Av A del Valle Y Fray Mamerto Esquiu",2,1,0,0,1,0,0,,"Calle",,"SANTA FE","La Capital","Asfalto","No existe","I","Dentro","Urbana","Semáforo","Funciona","Intersección","Bueno","Buena","Diurna","Buen Tiempo","Lateral","S/D","Colisión","Ninguna","Vertical","Cordón divisorio","Sin restricción"
2017,4610,4/21/2017,"Viernes",0,2:40:00,,"0.0",2,"Moto/Ciclomotor,Automóvil","Agustin Delgado Y Pje Ingenieros",2,1,0,0,1,0,0,,"Calle",,"SANTA FE","La Capital","Asfalto","No existe","I","Dentro","Urbana","Ninguna","No existe","Intersección","Bueno","Buena","Nocturna,Con luz artificial","Buen Tiempo","Lateral","S/D","Colisión","Ninguna","Faltante","Cordón divisorio","Sin restricción"
2017,4611,4/21/2017,"Viernes",0,20:30:00,,"0.0",2,"Moto/Ciclomotor,Moto/Ciclomotor","Pedro Diaz Colodrero Y Pje Lassaga",2,2,0,0,0,0,0,,"Calle",,"SANTA FE","La Capital","Asfalto","No existe","I","Dentro","Urbana","Ninguna","No existe","Intersección","Bueno","Buena","Nocturna,Con luz artificial","Buen Tiempo","Lateral","S/D","Colisión","Ninguna","Faltante","Cordón divisorio","Sin restricción"
2017,4612,4/2/2017,"Domingo",0,11:00:00,,"0.0",2,"Automóvil,Moto/Ciclomotor","Av A del Valle Y Callejon Roca",2,1,0,0,1,0,0,,"Avenida",,"SANTA FE","La Capital","Asfalto","Natural","I","Dentro","Urbana","S/D","No existe","Intersección","Bueno","Buena","Diurna","Buen Tiempo","Lateral","S/D","Colisión","S/D","Faltante","S/D","S/D"
2017,4613,4/25/2017,"Martes",0,21:40:00,,"0.0",2,"Moto/Ciclomotor,Moto/Ciclomotor","Gorriti Y 1ro de Mayo",2,1,0,0,1,0,0,,"Avenida",,"SANTA FE","La Capital","Asfalto","Pavimento","I","Dentro","Urbana","S/D","No existe","Intersección","Bueno","Buena","Nocturna,Con luz artificial","Buen Tiempo","Lateral","S/D","Colisión","S/D","S/D","S/D","S/D"
2017,4614,4/24/2017,"Lunes",0,18:15:00,,"0.0",2,"Moto/Ciclomotor,Automóvil","Av A del Valle Y Luciano Torrent",2,1,0,0,1,0,0,,"Calle",,"SANTA FE","La Capital","Asfalto","No existe","I","Dentro","Urbana","Ninguna","No existe","Intersección","Bueno","Buena","Diurna","Buen Tiempo","Lateral","S/D","Colisión","Ninguna","Faltante","Cordón divisorio","Sin restricción"
2017,4615,4/27/2017,"Jueves",0,9:00:00,,"0.0",2,"Automóvil,Moto/Ciclomotor","Av A del Valle Y Gorriti",2,1,0,0,1,0,0,,"Avenida",,"SANTA FE","La Capital","Asfalto","Pavimento","I","Dentro","Urbana","S/D","Funciona","Intersección","Bueno","Buena","Diurna","Buen Tiempo","Lateral","S/D","Colisión","S/D","Horizontal","S/D","S/D"
2017,4616,4/1/2017,"Sabado",0,21:15:00,,"0.0",1,"Moto/Ciclomotor","Europa 8900",1,1,0,0,0,0,0,,"Calle",,"SANTA FE","La Capital","Asfalto","S/D","I","S/D","Urbana","S/D","S/D","S/D","S/D","S/D","Nocturna","S/D","S/D","S/D","Caída ocupante","S/D","S/D","S/D","S/D"
2017,4617,4/26/2017,"Miercoles",0,8:10:00,,"0.0",2,"Moto/Ciclomotor,Automóvil","9 de Julio Y Pedro Diaz Colodrero",2,1,0,0,1,0,0,,"Calle",,"SANTA FE","La Capital","Asfalto","No existe","I","Dentro","Urbana","Ninguna","No existe","Intersección","Bueno","Buena","Diurna","Buen Tiempo","Lateral","S/D","Colisión","Ninguna","Faltante","Cordón divisorio","Sin restricción"