"anio_acci","nro_acci","fecha","desc_dia","fecha_aprox","hora_aprox","desc_ruta","km","cant_participantes","desc_participante","calle_avenida_km","total","heridos_leves","heridos_graves","heridos_gravisimos","ilesos","fallecidos","sin_datos","posicion_XY","desc_tipo_via","desc_ruta_ori","desc_loc","desc_dpto","desc_tipo_calzada","desc_tipo_banquina","desc_unidad_regional","desc_lugar_calzada","desc_zona","desc_prioridad","desc_estado_semaforo","desc_lugar_via","desc_estado_via","desc_estado_visibilidad","desc_luminosidad","desc_estado_clima","desc_tipo_colision","desc_tipo_atropello","desc_tipo_hecho","desc_pres_calzada","desc_senializacion","desc_separacion_via","desc_restriccion"
2017,4618,4/3/2017,"Lunes",0,19:40:00,,"0.0",1,"Moto/Ciclomotor","Chaco Y Bernardo de Irigoyen",1,1,0,0,0,0,0,,"Calle",,"SANTA FE","La Capital","S/D","S/D","I","S/D","Urbana","S/D","S/D","Intersección","S/D","S/D","Atardecer","S/D","Atropello animal","S/D","Colisión","S/D","S/D","S/D","S/D"
2017,4619,4/27/2017,"Jueves",0,11:15:00,,"0.0",2,"Moto/Ciclomotor,Pickup/Utilitario","Av A del Valle Y Vieytes",2,1,0,0,1,0,0,,"Calle",,"SANTA FE","La Capital","Asfalto","No existe","I","Dentro","Urbana","Ninguna","No existe","Intersección","Bueno","Buena","Diurna","Buen Tiempo","Lateral","S/D","Colisión","Ninguna","Faltante","Cordón divisorio","Sin restricción"
2017,4620,4/4/2017,"Martes",0,6:40:00,,"0.0",2,"Moto/Ciclomotor,Moto/Ciclomotor","Gorriti Y Europa",2,2,0,0,0,0,0,,"Calle",,"SANTA FE","La Capital","Asfalto","S/D","I","S/D","Urbana","S/D","S/D","Intersección","S/D","S/D","Amanecer","S/D","Lateral","S/D","Colisión","S/D","S/D","S/D","S/D"
2017,4621,4/22/2017,"Sabado",0,17:30:00,,"0.0",2,"Automóvil,Moto/Ciclomotor","Suipacha Y Lamadrid",2,1,0,0,1,0,0,,"Calle",,"SANTA FE","La Capital","Asfalto","No existe","I","Dentro","Urbana","Ninguna","No existe","Intersección","Bueno","Buena","Diurna","Buen Tiempo","Lateral","S/D","Colisión","Ninguna","Faltante","Cordón divisorio","Sin restricción"
2017,4622,4/8/2017,"Sabado",0,,,"0.0",2,"Vehículo Oficial,Pickup/Utilitario","Av Facundo Zuviria Y M De Polonia",3,2,0,0,1,0,0,,"Calle",,"SANTA FE","La Capital","Asfalto","Pavimento","I","Dentro","Urbana","S/D","No existe","Intersección","Bueno","Buena","S/D","Buen Tiempo","S/D","S/D","Colisión","Ninguna","Horizontal","Cordón divisorio","S/D"
2017,4623,4/13/2017,"Jueves",0,,,"0.0",2,"Vehículo Oficial,Moto/Ciclomotor","San Jose Y Vieytes",3,2,0,0,1,0,0,,"Calle",,"SANTA FE","La Capital","Asfalto","Natural","I","Dentro","Urbana","S/D","No existe","Intersección","Deteriorada","Buena","Diurna","Buen Tiempo","Frontal","S/D","Colisión","S/D","S/D","Ninguna","Sin restricción"
2017,4624,4/22/2017,"Sabado",0,19:00:00,,"0.0",2,"Moto/Ciclomotor,Automóvil","9 de Julio Y Espora",2,1,0,0,1,0,0,,"Calle",,"SANTA FE","La Capital","Asfalto","No existe","I","Dentro","Urbana","Ninguna","No existe","Intersección","Bueno","Buena","Atardecer,Con luz artificial","Buen Tiempo","Lateral","S/D","Colisión","Ninguna","Faltante","Ninguna","Sin restricción"
2017,4625,4/21/2017,"Viernes",0,,,"0.0",2,"Transporte de Pasajeros Urbano (> 8 asientos),Moto/Ciclomotor","J Castelli Y Pje Paraguay",2,2,0,0,0,0,0,,"Calle",,"SANTA FE","La Capital","Asfalto","Pavimento","I","Dentro","Urbana","Semáforo","S/D","Intersección","Bueno","Buena","S/D","Buen Tiempo","Lateral","S/D","Colisión","Ninguna","Vertical","Cordón divisorio","Sin restricción"
2017,4626,4/23/2017,"Domingo",0,13:50:00,,"0.0",2,"Moto/Ciclomotor,Moto/Ciclomotor","Av A del Valle Y J P Lopez",2,2,0,0,0,0,0,,"Avenida",,"SANTA FE","La Capital","Asfalto","No existe","I","Dentro","Urbana","Semáforo","Funciona","Intersección","Bueno","Buena","Diurna","Buen Tiempo","Lateral","S/D","Colisión","Ninguna","Vertical","Cordón divisorio","Sin restricción"
2017,4627,4/21/2017,"Viernes",0,,,"0.0",2,"Moto/Ciclomotor,Moto/Ciclomotor","Av Facundo Zuviria Y J P Lopez",2,2,0,0,0,0,0,,"Calle",,"SANTA FE","La Capital","Asfalto","Pavimento","I","Dentro","Urbana","Semáforo","Funciona","Intersección","Bueno","Buena","S/D","Otro","S/D","S/D","Colisión","Ninguna","Vertical","Cordón divisorio","Sin restricción"
2017,4628,4/7/2017,"Viernes",0,,,"0.0",2,"Automóvil,Moto/Ciclomotor","Diagonal Goyena Y San Lorenzo",2,1,0,0,0,0,1,,"Calle",,"SANTA FE","La Capital","Asfalto","S/D","I","Dentro","Urbana","S/D","S/D","Intersección","S/D","Buena","S/D","S/D","S/D","S/D","Colisión","S/D","Horizontal","Cordón divisorio","Sin restricción"
2017,4629,4/4/2017,"Martes",0,18:20:00,"Ruta Nacional 11","0.0",2,"Automóvil,Moto/Ciclomotor","Av Blas Parera Y Reg 12 de Infanteria",2,1,0,0,1,0,0,,"Ruta",11,"SANTA FE","La Capital","Asfalto","Pavimento","I","Dentro","Urbana","Semáforo","Funciona","Intersección","Bueno","Buena","Diurna","Buen Tiempo","Lateral","S/D","Colisión","Agua","Vertical","Guardarrail","Sin restricción"
2017,4630,4/1/2017,"Sabado",0,,,"0.0",2,"Automóvil,Moto/Ciclomotor","Estanislao Zeballos Y Av Peñaloza",2,1,0,0,0,0,1,,"Calle",,"SANTA FE","La Capital","Asfalto","Pavimento","I","Dentro","Urbana","Semáforo","Funciona","Intersección","Bueno","Buena","S/D","S/D","S/D","S/D","Colisión","Ninguna","Vertical","S/D","Sin restricción"
2017,4631,4/8/2017,"Sabado",0,19:10:00,"Ruta Nacional 11","0.0",2,"Automóvil,Moto/Ciclomotor","Av Blas Parera Y Ayacucho",2,1,0,0,1,0,0,,"Ruta",11,"SANTA FE","La Capital","Asfalto","Pavimento","I","Dentro","Urbana","Semáforo","Funciona","Intersección","Bueno","Buena","Atardecer,Con luz artificial","Buen Tiempo","Lateral","S/D","Colisión","Ninguna","Vertical","Guardarrail","Sin restricción"
2017,4632,4/12/2017,"Miercoles",0,,,"0.0",2,"Moto/Ciclomotor,Peatón","San Jose Y J P Lopez",2,1,0,0,1,0,0,,"Calle",,"SANTA FE","La Capital","Asfalto","S/D","I","Dentro","Urbana","S/D","No existe","Intersección","Bueno","Buena","S/D","S/D","S/D","Peatón","Atropello","S/D","Horizontal","Cordón divisorio","Sin restricción"
2017,4633,4/12/2017,"Miercoles",0,1:00:00,"Ruta Nacional 11","0.0",2,"Automóvil,Moto/Ciclomotor","Av Blas Parera Y Reg 12 de Infanteria",2,1,0,0,1,0,0,,"Ruta",11,"SANTA FE","La Capital","Asfalto","Pavimento","I","Dentro","Urbana","Semáforo","Funciona","Intersección","Bueno","Buena","Nocturna,Con luz artificial","Buen Tiempo","Lateral","S/D","Colisión","Ninguna","Vertical","Ninguna","Sin restricción"
2017,4634,4/4/2017,"Martes",0,17:30:00,,"0.0",2,"Otros,Transporte de Pasajeros Urbano (> 8 asientos)","Av Santa Fe Y 12 de Octubre",4,0,0,0,0,0,4,,"Calle",,"SANTA FE","La Capital","Asfalto","Pavimento","I","Dentro","Urbana","Ninguna","No existe","Recta","Bueno","Buena","Atardecer","Buen Tiempo","S/D","S/D","Colisión","Ninguna","Faltante","Ninguna","Sin restricción"
2017,4635,4/8/2017,"Sabado",0,,,"0.0",2,"Automóvil,Moto/Ciclomotor","Diagonal Goyena Y Dr Zavalla",2,1,0,0,1,0,0,,"Calle",,"SANTA FE","La Capital","Asfalto","Pavimento","I","Dentro","Urbana","Semáforo","Funciona","Intersección","S/D","Buena","S/D","S/D","S/D","S/D","Colisión","S/D","S/D","Cordón divisorio","Sin restricción"
2017,4636,4/13/2017,"Jueves",0,,,"0.0",2,"Moto/Ciclomotor,Moto/Ciclomotor","Av Facundo Zuviria Y Derqui",2,2,0,0,0,0,0,,"Calle",,"SANTA FE","La Capital","Asfalto","Pavimento","I","Dentro","Urbana","Semáforo","Funciona","Intersección","Bueno","Buena","S/D","Buen Tiempo","Frontal","S/D","Colisión","Ninguna","Horizontal","Cordón divisorio","Sin restricción"
2017,4637,4/17/2017,"Lunes",0,,,"0.0",2,"Automóvil,Automóvil","Saavedra Y Ricardo Aldao",4,2,0,0,0,0,2,,"Calle",,"SANTA FE","La Capital","Asfalto","Pavimento","I","Dentro","Urbana","S/D","No existe","Intersección","Bueno","S/D","S/D","Buen Tiempo","S/D","S/D","Colisión","S/D","S/D","S/D","Sin restricción"
2017,4638,4/17/2017,"Lunes",0,,,"0.0",2,"Automóvil,Pickup/Utilitario","Av Facundo Zuviria Y J Castelli",2,2,0,0,0,0,0,,"Calle",,"SANTA FE","La Capital","Asfalto","S/D","I","Dentro","Urbana","S/D","S/D","Intersección","Bueno","S/D","S/D","S/D","S/D","S/D","Colisión","Ninguna","Horizontal","S/D","S/D"
2017,4639,4/17/2017,"Lunes",0,,,"0.0",2,"Pickup/Utilitario,Moto/Ciclomotor","9 de Julio Y M De Polonia",2,1,0,0,1,0,0,,"Calle",,"SANTA FE","La Capital","Asfalto","S/D","I","Dentro","Urbana","S/D","S/D","Intersección","Bueno","S/D","S/D","S/D","S/D","S/D","Colisión","S/D","S/D","S/D","S/D"
2017,4640,4/27/2017,"Jueves",0,,,"0.0",2,"Pickup/Utilitario,Moto/Ciclomotor","Estanislao Zeballos 3700",2,1,0,0,1,0,0,,"Calle",,"SANTA FE","La Capital","Asfalto","S/D","I","Dentro","Urbana","Ninguna","No existe","Intersección","Bueno","Buena","S/D","S/D","S/D","S/D","Colisión","S/D","S/D","S/D","Sin restricción"
2017,4641,4/29/2017,"Sabado",0,,,"0.0",2,"Automóvil,Moto/Ciclomotor","Angel Cassanello Y Av Urquiza",2,2,0,0,0,0,0,,"Calle",,"SANTA FE","La Capital","Asfalto","Pavimento","I","Dentro","Urbana","S/D","No existe","Intersección","Bueno","Buena","S/D","Buen Tiempo","S/D","S/D","Colisión","Ninguna","Vertical","S/D","Sin restricción"
2017,4642,4/28/2017,"Viernes",0,,,"0.0",2,"Moto/Ciclomotor,Automóvil","Llerena Y Av Facundo Zuviria",2,1,0,0,1,0,0,,"Calle",,"SANTA FE","La Capital","Asfalto","Pavimento","I","Dentro","Urbana","S/D","Funciona","Intersección","S/D","Buena","S/D","S/D","S/D","S/D","Colisión","S/D","Vertical","Cordón divisorio","Sin restricción"
2017,4643,4/29/2017,"Sabado",0,,,"0.0",2,"Automóvil,Moto/Ciclomotor","J Castelli Y Gdor Freyre",2,1,0,0,1,0,0,,"Calle",,"SANTA FE","La Capital","S/D","S/D","I","Dentro","Urbana","S/D","S/D","Intersección","S/D","S/D","S/D","S/D","S/D","S/D","Colisión","S/D","S/D","Cordón divisorio","S/D"
2017,4644,4/29/2017,"Sabado",0,,,"0.0",2,"Automóvil,Moto/Ciclomotor","Hernandarias Y Saavedra",2,1,0,0,1,0,0,,"Calle",,"SANTA FE","La Capital","S/D","S/D","I","Dentro","Urbana","S/D","S/D","S/D","S/D","S/D","S/D","S/D","S/D","S/D","Colisión","S/D","S/D","S/D","S/D"
2017,4645,4/2/2017,"Domingo",0,,,"0.0",2,"Automóvil,Moto/Ciclomotor","J Castelli Y Estanislao Zeballos",2,2,0,0,0,0,0,,"Calle",,"SANTA FE","La Capital","Asfalto","Pavimento","I","Dentro","Urbana","Semáforo","Funciona","Recta","Bueno","Buena","S/D","Buen Tiempo","S/D","S/D","Colisión","Ninguna","Horizontal","Cordón divisorio","Sin restricción"
2017,4646,4/27/2017,"Jueves",0,,,"0.0",2,"Automóvil,Moto/Ciclomotor","Martin Zapata Y Saavedra",2,1,0,0,1,0,0,,"Calle",,"SANTA FE","La Capital","Asfalto","Pavimento","I","Dentro","Urbana","S/D","No existe","Intersección","Bueno","S/D","S/D","S/D","S/D","S/D","Colisión","Ninguna","S/D","Cordón divisorio","S/D"
2017,4647,4/20/2017,"Jueves",0,,,"0.0",2,"Automóvil,Moto/Ciclomotor","Av Facundo Zuviria Y Pedro de Vega",2,1,0,0,0,0,1,,"Calle",,"SANTA FE","La Capital","Asfalto","Pavimento","I","Dentro","Urbana","S/D","No existe","Intersección","Bueno","Buena","S/D","S/D","S/D","S/D","Colisión","Ninguna","Faltante","Cordón divisorio","Sin restricción"
2017,4648,4/21/2017,"Viernes",0,,,"0.0",2,"Camión,Moto/Ciclomotor","4 de Enero Y J M Zuviria",2,1,0,0,1,0,0,,"Calle",,"SANTA FE","La Capital","Asfalto","Pavimento","I","Dentro","Urbana","S/D","No existe","Intersección","Bueno","Buena","S/D","S/D","Frontal","S/D","Colisión","Ninguna","Horizontal,Vertical","Cordón divisorio","Sin restricción"
2017,4649,4/21/2017,"Viernes",0,,,"0.0",1,"Moto/Ciclomotor","J M Zuviria Y 4 de Enero",2,1,0,0,1,0,0,,"Calle",,"SANTA FE","La Capital","Asfalto","Pavimento","I","Dentro","Urbana","S/D","No existe","Intersección","Bueno","Buena","S/D","Buen Tiempo","Frontal","S/D","Colisión","Ninguna","Vertical","Cordón divisorio","Sin restricción"
2017,4650,4/26/2017,"Miercoles",0,14:30:00,,"0.0",2,"Moto/Ciclomotor,Automóvil","Gdor Mariano Cabal Y J M Perez",2,1,0,0,1,0,0,,"Calle",,"SANTA FE","La Capital","Hormigón","No existe","I","Dentro","Urbana","Ninguna","No existe","Intersección","Bueno","Buena","Diurna","Buen Tiempo","Lateral","S/D","Colisión","Ninguna","Faltante","Cordón divisorio","Sin restricción"
2017,4651,4/1/2017,"Sabado",0,11:00:00,,"0.0",2,"Automóvil,Moto/Ciclomotor","Saavedra Y Lisandro de la Torre",2,1,0,0,1,0,0,,"Calle",,"SANTA FE","La Capital","Asfalto","No existe","I","Dentro","Urbana","Ninguna","No existe","Intersección","Con baches","Buena","Diurna","Buen Tiempo","De alcance","S/D","Colisión","Ninguna","Faltante","Ninguna","Sin restricción"
2017,4652,4/3/2017,"Lunes",0,17:50:00,,"0.0",2,"Moto/Ciclomotor,Pickup/Utilitario","Dr Zavalla Y Monseñor Zaspe",2,1,0,0,0,0,1,,"Calle",,"SANTA FE","La Capital","Asfalto","No existe","I","Dentro","Urbana","Ninguna","No existe","Intersección","Con baches","Buena","Diurna","Buen Tiempo","Lateral","S/D","Colisión","Ninguna","Faltante","Ninguna","Sin restricción"
2017,4653,4/8/2017,"Sabado",0,7:45:00,,"0.0",2,"Automóvil,Bicicleta","J J Paso Y Dr Zavalla",2,1,0,0,1,0,0,,"Calle",,"SANTA FE","La Capital","Asfalto","No existe","I","Dentro","Urbana","Ninguna","No existe","Recta","Con baches","Buena","Diurna","Buen Tiempo","S/D","Ciclista","Atropello","Ninguna","Faltante","Ninguna","Sin restricción"
2017,4654,4/14/2017,"Viernes",0,18:15:00,,"0.0",2,"Automóvil,Moto/Ciclomotor","Av Peñaloza Y Azcuenaga",2,1,0,0,1,0,0,,"Avenida",,"SANTA FE","La Capital","Asfalto","Pavimento","I","Dentro","Urbana","Ninguna","No existe","Intersección","Bueno","Buena","Atardecer","Buen Tiempo","Lateral","S/D","Colisión","Ninguna","Faltante","Ninguna","Sin restricción"
2017,4655,4/17/2017,"Lunes",0,21:00:00,,"0.0",2,"Automóvil,Moto/Ciclomotor","Estrada Y Risso",2,1,0,0,1,0,0,,"Calle",,"SANTA FE","La Capital","Asfalto","Pavimento","I","Dentro","Urbana","Ninguna","No existe","Intersección","Bueno","Buena","Nocturna,Con luz artificial","Buen Tiempo","Lateral","S/D","Colisión","Ninguna","Faltante","Cordón divisorio","Sin restricción"
2017,4656,4/20/2017,"Jueves",0,7:00:00,,"0.0",2,"Moto/Ciclomotor,Bicicleta","Av Peñaloza Y French",2,1,0,0,1,0,0,,"Avenida",,"SANTA FE","La Capital","Asfalto","Natural","I","Dentro","Urbana","Ninguna","No existe","Intersección","Bueno","Buena","Amanecer","Buen Tiempo","S/D","Ciclista","Atropello","Ninguna","Faltante","Cordón divisorio","Sin restricción"
2017,4657,4/27/2017,"Jueves",0,23:00:00,"Ruta Nacional 11","0.0",2,"Automóvil,Moto/Ciclomotor","Av Blas Parera Y Ayacucho",2,1,0,0,1,0,0,,"Ruta",11,"SANTA FE","La Capital","Hormigón","Natural","I","Dentro","Urbana","Semáforo","Funciona","Intersección","Bueno","Buena","Nocturna,Con luz artificial","Buen Tiempo","Lateral","S/D","Colisión","Ninguna","Vertical","Guardarrail","Sin restricción"
2017,4658,4/29/2017,"Sabado",0,16:30:00,,"0.0",2,"Moto/Ciclomotor,Moto/Ciclomotor","Av Peñaloza Y Risso",2,2,0,0,0,0,0,,"Avenida",,"SANTA FE","La Capital","Asfalto","Pavimento","I","Dentro","Urbana","Ninguna","No existe","Intersección","Otro","Buena","Diurna","Buen Tiempo","Lateral","S/D","Colisión","Ninguna","Faltante","Cordón divisorio","Sin restricción"
2017,4659,4/29/2017,"Sabado",0,23:40:00,,"0.0",2,"Automóvil,Moto/Ciclomotor","Estrada Y Padre Genesio",2,1,0,0,1,0,0,,"Calle",,"SANTA FE","La Capital","Asfalto","Pavimento","I","Dentro","Urbana","Ninguna","No existe","Intersección","Bueno","Buena","Nocturna,Con luz artificial","Buen Tiempo","Lateral","S/D","Colisión","Ninguna","Faltante","Cordón divisorio","Sin restricción"
2017,4660,4/1/2017,"Sabado",0,21:50:00,,"0.0",1,"Moto/Ciclomotor","Misiones 6300",2,2,0,0,0,0,0,,"Calle",,"SANTA FE","La Capital","Asfalto","No existe","I","Dentro","Urbana","Ninguna","No existe","Recta","Bueno","Buena","Nocturna","Buen Tiempo","Contra objeto fijo","S/D","Colisión","Ninguna","Faltante","Ninguna","Sin restricción"
2017,4661,4/6/2017,"Jueves",0,12:00:00,,"0.0",2,"Pickup/Utilitario,Moto/Ciclomotor","Teniente Loza Y Los Teros",2,1,0,0,1,0,0,,"Calle",,"SANTA FE","La Capital","Asfalto","No existe","I","Dentro","Urbana","Ninguna","No funciona","Intersección","Bueno","Buena","Diurna","Buen Tiempo","Lateral","S/D","Colisión","Ninguna","Horizontal","Ninguna","Sin restricción"
2017,4662,7/9/2017,"Domingo",0,19:05:00,,"0.0",2,"Automóvil,Moto/Ciclomotor","Domingo Faustino Sarmiento Y Martin m de Guemes",2,1,0,0,1,0,0,,"Calle",,"VILLA MINETTI","9 de Julio","Asfalto","No existe","XII","Dentro","Urbana","Ninguna","No existe","Intersección","Bueno","Buena","Atardecer","Buen Tiempo","Lateral","S/D","Colisión","Agua","Faltante","Ninguna","Sin restricción"
2017,4663,7/25/2017,"Martes",0,4:30:00,"Ruta Provincial 2","314.0",2,"Camión c / Acoplado,Camión c / Acoplado"," ",2,0,2,0,0,0,0,,"Ruta",2,"LOGROÑO","9 de Julio","Asfalto","Natural","XII","Dentro","Urbana","S/D","No existe","Recta","Bueno","Buena","Nocturna","Buen Tiempo","Frontal","S/D","Colisión","Ninguna","S/D","Línea divisoria pintada","S/D"
2017,4664,4/10/2017,"Lunes",0,1:50:00,,"0.0",2,"Automóvil,Automóvil"," ",2,1,0,0,1,0,0,,"S/D",,"SANTA FE","La Capital","Asfalto","No existe","I","Dentro","Urbana","Ninguna","No existe","Puente","Con baches,Deteriorada","Reducida","Nocturna","Buen Tiempo","De alcance","S/D","Colisión","Ninguna","Faltante","Ninguna","Sin restricción"
2017,4665,7/25/2017,"Martes",0,6:30:00,"Ruta Provincial 2","315.0",2,"Automóvil,Camión c / Acoplado"," ",3,1,0,0,1,0,1,,"Ruta",2,"LOGROÑO","9 de Julio","Asfalto","Natural","XII","Dentro","Rural","Ninguna","S/D","Recta","Bueno","Buena","Diurna","Buen Tiempo","S/D","S/D","Colisión","Ninguna","S/D","Línea divisoria pintada","Sin restricción"
2017,4667,7/1/2017,"Sabado",0,5:30:00,,"0.0",2,"Otros,Bicicleta","Mitre Y Pte J D Peron",2,1,0,0,1,0,0,,"Calle",,"SAN CARLOS CENTRO","Las Colonias","Asfalto","No existe","XI","Dentro","Urbana","Ninguna","No existe","Intersección","S/D","Reducida","Nocturna","Lluvia","S/D","Ciclista","Atropello","Agua","Faltante","Ninguna","Sin restricción"
2017,4668,4/17/2017,"Lunes",0,17:10:00,,"0.0",2,"Automóvil,Bicicleta","J J Paso Y San Lorenzo",2,1,0,0,1,0,0,,"Calle",,"SANTA FE","La Capital","Asfalto","No existe","I","Dentro","Urbana","Ninguna","No existe","Intersección","Con baches","Buena","Diurna","Buen Tiempo","S/D","Ciclista","Atropello","Ninguna","Faltante","Ninguna","Sin restricción"
2017,4669,7/7/2017,"Viernes",0,7:10:00,,"0.0",2,"Automóvil,Bicicleta","Mitre Y E Wuthrich",2,1,0,0,1,0,0,,"Calle",,"SAN CARLOS CENTRO","Las Colonias","Asfalto","No existe","XI","Dentro","Urbana","Ninguna","No existe","Intersección","Resbaladiza","Reducida","Amanecer","Lluvia","S/D","Ciclista","Atropello","Agua","Vertical","Ninguna","Sin restricción"
2017,4670,4/19/2017,"Miercoles",0,9:40:00,,"0.0",2,"Moto/Ciclomotor,Automóvil","J J Paso Y Av Freyre",2,1,0,0,1,0,0,,"Avenida",,"SANTA FE","La Capital","Asfalto","No existe","I","Dentro","Urbana","Ninguna","No existe","Intersección","Con baches","Buena","Diurna","Buen Tiempo","Lateral","S/D","Colisión","Ninguna","Faltante","Ninguna","Sin restricción"
2017,4671,7/14/2017,"Viernes",0,12:15:00,,"0.0",2,"Moto/Ciclomotor,Moto/Ciclomotor","1ro. de Mayo Y Moreno",2,1,0,0,1,0,0,,"Calle",,"SAN CARLOS CENTRO","Las Colonias","Asfalto","No existe","XI","Dentro","Urbana","Ninguna","No existe","Intersección","Bueno","Buena","Diurna","Buen Tiempo","De alcance","S/D","Colisión","Ninguna","Vertical","Ninguna","Sin restricción"
2017,4672,7/22/2017,"Sabado",0,2:28:00,,"0.0",1,"Automóvil","Colon 600",4,3,0,0,1,0,0,,"Calle",,"SAN CARLOS CENTRO","Las Colonias","Asfalto","No existe","XI","Dentro","Urbana","Ninguna","No existe","Recta","Bueno","Buena","Nocturna,Con luz artificial","Buen Tiempo","Contra objeto fijo","S/D","Colisión","Ninguna","Vertical","Ninguna","Sin restricción"
2017,4673,7/25/2017,"Martes",0,12:10:00,,"0.0",2,"Automóvil,Moto/Ciclomotor","Mitre Y E Wuthrich",2,1,0,0,1,0,0,,"Calle",,"SAN CARLOS CENTRO","Las Colonias","Asfalto","No existe","XI","Dentro","Urbana","Ninguna","No existe","Intersección","Bueno","Buena","Diurna","Buen Tiempo","S/D","Ciclista","Atropello","Ninguna","Vertical","Línea divisoria pintada","Sin restricción"
2017,4674,4/21/2017,"Viernes",0,21:50:00,,"0.0",2,"Moto/Ciclomotor,Moto/Ciclomotor","Av Mosconi Y Juan de Garay",2,1,0,0,1,0,0,,"Avenida",,"SANTA FE","La Capital","Asfalto","No existe","I","Dentro","Urbana","Ninguna","No existe","Intersección","Con baches","Buena","Nocturna","Buen Tiempo","Lateral","S/D","Colisión","Ninguna","Faltante","Ninguna","Sin restricción"
2017,4675,4/22/2017,"Sabado",0,11:40:00,,"0.0",2,"Pickup/Utilitario,Peatón","Av Urquiza Y Corrientes",2,1,0,0,1,0,0,,"Avenida",,"SANTA FE","La Capital","Asfalto","No existe","I","Dentro","Urbana","Ninguna","Funciona","Intersección","Con baches","Buena","Diurna","Buen Tiempo","S/D","Peatón","Atropello","Ninguna","Faltante","Ninguna","Sin restricción"
2017,4676,4/24/2017,"Lunes",0,20:00:00,,"0.0",2,"Automóvil,Moto/Ciclomotor","Av Freyre 1448",3,2,0,0,1,0,0,,"Avenida",,"SANTA FE","La Capital","Asfalto","No existe","I","Dentro","Urbana","Ninguna","Funciona","Recta","Con baches","Buena","Nocturna","Buen Tiempo","De alcance","S/D","Colisión","Ninguna","Faltante","Ninguna","Sin restricción"
2017,4677,4/27/2017,"Jueves",0,0:00:00,,"0.0",2,"Automóvil,Bicicleta","Roque Saenz Peña Y Av Gral Lopez",2,1,0,0,1,0,0,,"Avenida",,"SANTA FE","La Capital","Asfalto","No existe","I","Dentro","Urbana","Ninguna","No existe","Intersección","Con baches","Buena","Nocturna","Buen Tiempo","S/D","Ciclista","Atropello","Ninguna","Faltante","Ninguna","Sin restricción"
2017,4678,4/5/2017,"Miercoles",0,0:25:00,,"0.0",2,"Moto/Ciclomotor,Automóvil","Aguado Y Callejon Funes",2,1,0,0,1,0,0,,"Calle",,"SANTA FE","La Capital","S/D","S/D","I","S/D","Urbana","S/D","S/D","S/D","S/D","S/D","Nocturna","S/D","S/D","S/D","Colisión","S/D","S/D","S/D","S/D"
2017,4679,7/3/2017,"Lunes",0,11:00:00,,"0.0",2,"Moto/Ciclomotor,Automóvil","Hipolito Irigoyen Y Pueyrredon",2,1,0,0,1,0,0,,"Calle",,"ESPERANZA","Las Colonias","Asfalto","Pavimento","XI","Dentro","Urbana","Ninguna","No existe","Recta","Bueno","Buena","Diurna","Buen Tiempo","Lateral","S/D","Colisión","Ninguna","S/D","Barrera de hormigón","Sin restricción"
2017,4680,7/7/2017,"Viernes",0,12:15:00,,"0.0",2,"Moto/Ciclomotor,Automóvil","General Paz Y Laprida",2,1,0,0,1,0,0,,"Calle",,"ESPERANZA","Las Colonias","Asfalto","No existe","XI","Dentro","Urbana","Ninguna","No existe","Intersección","S/D","Buena","Diurna","Buen Tiempo","Lateral","S/D","Colisión","Agua","Vertical","Ninguna","Sin restricción"
2017,4681,4/7/2017,"Viernes",0,18:15:00,,"0.0",2,"Camión Chasis,Moto/Ciclomotor","Europa Y Gorriti",2,1,0,0,1,0,0,,"S/D",,"SANTA FE","La Capital","Asfalto","S/D","I","S/D","Urbana","S/D","S/D","Intersección","S/D","S/D","Diurna","S/D","Lateral","S/D","Colisión","S/D","S/D","S/D","S/D"
2017,4682,4/15/2017,"Sabado",0,3:00:00,,"0.0",2,"Moto/Ciclomotor,Taxi/Remis","Gorriti Y Europa",3,2,0,0,1,0,0,,"S/D",,"SANTA FE","La Capital","Asfalto","S/D","I","S/D","Urbana","S/D","S/D","Intersección","S/D","S/D","Nocturna","S/D","Lateral","S/D","Colisión","S/D","S/D","S/D","S/D"
2017,4683,7/7/2017,"Viernes",0,19:40:00,,"0.0",2,"Bicicleta,Pickup/Utilitario","Av Los Colonizadores Y Nicolas Schneider",2,1,0,0,1,0,0,,"Calle",,"ESPERANZA","Las Colonias","Asfalto","No existe","XI","Dentro","Urbana","Ninguna","No existe","Intersección","Bueno","Buena","Atardecer","Lluvia","De alcance","Ciclista","Atropello","Agua","Vertical","Ninguna","Sin restricción"
2017,4684,7/14/2017,"Viernes",0,17:45:00,,"0.0",1,"Moto/Ciclomotor","Soler 400",1,0,1,0,0,0,0,,"Calle",,"ESPERANZA","Las Colonias","Asfalto","Pavimento","XI","Dentro","Urbana","Ninguna","No existe","Recta","Bueno","Buena","Atardecer","Buen Tiempo","Atropello animal","S/D","Colisión","Ninguna","S/D","Ninguna","Sin restricción"