"anio_acci","nro_acci","fecha","desc_dia","fecha_aprox","hora_aprox","desc_ruta","km","cant_participantes","desc_participante","calle_avenida_km","total","heridos_leves","heridos_graves","heridos_gravisimos","ilesos","fallecidos","sin_datos","posicion_XY","desc_tipo_via","desc_ruta_ori","desc_loc","desc_dpto","desc_tipo_calzada","desc_tipo_banquina","desc_unidad_regional","desc_lugar_calzada","desc_zona","desc_prioridad","desc_estado_semaforo","desc_lugar_via","desc_estado_via","desc_estado_visibilidad","desc_luminosidad","desc_estado_clima","desc_tipo_colision","desc_tipo_atropello","desc_tipo_hecho","desc_pres_calzada","desc_senializacion","desc_separacion_via","desc_restriccion"
2017,4685,7/17/2017,"Lunes",0,17:45:00,,"0.0",2,"Moto/Ciclomotor,Automóvil","Simon de Iriondo Y French",2,1,1,0,0,0,0,,"Calle",,"ESPERANZA","Las Colonias","Asfalto","Pavimento","XI","Dentro","Urbana","Ninguna","No existe","Intersección","Bueno","Buena","Atardecer","Buen Tiempo","Lateral","S/D","Colisión","Ninguna","Faltante","Ninguna","Sin restricción"
2017,4686,7/19/2017,"Miercoles",0,13:00:00,,"0.0",1,"Automóvil","Marcos Avellaneda Y Pujol Bis Gdor",4,1,1,0,2,0,0,,"Calle",,"ESPERANZA","Las Colonias","Asfalto","No existe","XI","Dentro","Urbana","Ninguna","No existe","Intersección","Bueno","Buena","Diurna","Buen Tiempo","S/D","S/D","Colisión","Ninguna","Vertical","Ninguna","Sin restricción"
2017,4687,7/21/2017,"Viernes",0,13:55:00,,"0.0",2,"Moto/Ciclomotor,Camión c / Acoplado"," ",3,2,0,0,1,0,0,,"Avenida",,"ESPERANZA","Las Colonias","Asfalto","Pavimento","XI","Fuera","Urbana","Ninguna","No existe","Cruce","Bueno","Buena","Diurna","Buen Tiempo","Otro","S/D","Colisión","Ninguna","Horizontal,Vertical","Línea divisoria pintada","Sin restricción"
2017,4688,7/18/2017,"Martes",0,14:00:00,,"0.0",2,"Moto/Ciclomotor,Moto/Ciclomotor","Rivadavia Y Gregorio Donnet",2,1,0,0,0,0,1,,"Calle",,"ESPERANZA","Las Colonias","Asfalto","No existe","XI","Dentro","Urbana","Ninguna","No existe","Intersección","Bueno","Buena","Diurna","Buen Tiempo","S/D","S/D","Colisión","Ninguna","Vertical","Ninguna","Sin restricción"
2017,4689,7/10/2017,"Lunes",0,23:40:00,"Autopista Provincial Brigadier E.López","82.0",2,"Camión c / Acoplado,Camión c / Acoplado"," ",2,2,0,0,0,0,0,,"Autopista","Brigadier E.López","BARRANCAS","San Jerónimo","Asfalto","Natural","XV","Fuera","Rural","Ninguna","No existe","Recta","Bueno","Reducida","Nocturna","Buen Tiempo","De alcance","S/D","Colisión","Ninguna","Vertical","Vegetación","Sin restricción"
2017,4690,7/21/2017,"Viernes",0,16:15:00,,"0.0",2,"Bicicleta,Automóvil","General Paz Y Cullen",2,1,0,0,1,0,0,,"Calle",,"ESPERANZA","Las Colonias","Asfalto","No existe","XI","Dentro","Urbana","Ninguna","No existe","Intersección","Bueno","Buena","Diurna","Buen Tiempo","S/D","Ciclista","Atropello","Ninguna","Vertical","Ninguna","Sin restricción"
2017,4691,7/21/2017,"Viernes",0,5:45:00,"Ruta Nacional 11","365.0",1,"Automóvil"," ",4,3,0,0,1,0,0,,"Ruta",11,"MACIEL","San Jerónimo","Asfalto","Natural","XV","Dentro","Urbana","Ninguna","No existe","Recta","Bueno","Reducida","Nocturna","Buen Tiempo","S/D","S/D","Despiste","Ninguna","Horizontal","Cordón divisorio","Sin restricción"
2017,4692,7/22/2017,"Sabado",0,16:15:00,,"0.0",2,"Moto/Ciclomotor,Automóvil","Domingo Faustino Sarmiento Y Leandro N Alem",5,1,0,0,4,0,0,,"Calle",,"ESPERANZA","Las Colonias","Asfalto","No existe","XI","S/D","Urbana","Ninguna","No existe","Intersección","Bueno","Buena","Diurna","Buen Tiempo","Lateral","S/D","Colisión","Agua","Vertical","Ninguna","Sin restricción"
2017,4693,7/16/2017,"Domingo",0,6:40:00,"Ruta Nacional 11","386.0",2,"Automóvil,Moto/Ciclomotor"," ",3,1,0,0,2,0,0,,"Ruta",11,"BARRANCAS","San Jerónimo","Asfalto","Natural","XV","Dentro","Urbana","Ninguna","No existe","Recta","Bueno","Buena","Nocturna","Buen Tiempo","De alcance","S/D","Colisión","Ninguna","Vertical","Línea divisoria pintada","Sin restricción"
2017,4694,7/22/2017,"Sabado",0,10:10:00,"Autopista Provincial Brigadier E.López","0.0",1,"Automóvil"," ",1,1,0,0,0,0,0,,"Autopista","Brigadier E.López","BARRANCAS","San Jerónimo","Asfalto","Natural","XV","Fuera","Rural","Ninguna","No existe","Curva","Bueno","Buena","Diurna","Buen Tiempo","S/D","S/D","Vuelco","S/D","S/D","Línea divisoria pintada","Sin restricción"
2017,4695,7/1/2017,"Sabado",0,16:05:00,,"0.0",2,"Moto/Ciclomotor,Peatón","Sarmiento Y Dr. Paciello",2,1,1,0,0,0,0,,"Calle",,"CENTENO","San Jerónimo","Hormigón","No existe","XV","Dentro","Urbana","Ninguna","No existe","Intersección","Bueno","Buena","Diurna","Buen Tiempo","S/D","Peatón","Atropello","Ninguna","S/D","Ninguna","Sin restricción"
2017,4696,7/27/2017,"Jueves",0,13:20:00,"Autopista Nacional Rosario -Cordoba","390.0",2,"Automóvil,Camión c / Acoplado"," ",4,1,2,0,1,0,0,,"Autopista","Rosario -Cordoba","TORTUGAS","Belgrano","Asfalto","Pavimento","III","Dentro","Urbana","Marca Vial","No existe","Recta","Bueno","Buena","Diurna","Viento Fuerte","Lateral","S/D","Colisión","Ninguna","Horizontal,Vertical","Vegetación","Sin restricción"
2017,4697,7/22/2017,"Sabado",0,11:20:00,,"0.0",2,"Moto/Ciclomotor,Automóvil","Dr Ricardo Fischer 500",3,1,0,0,2,0,0,,"Calle",,"ARMSTRONG","Belgrano","Asfalto","No existe","III","Dentro","Urbana","Ninguna","No existe","Recta","Bueno","Buena","Diurna","Buen Tiempo","Frontal","S/D","Colisión","Ninguna","Horizontal","Ninguna","Sin restricción"
2017,4698,7/28/2017,"Viernes",0,17:50:00,,"0.0",2,"Automóvil,Moto/Ciclomotor","Aaron Castellanos Y Nicolas Schneider",3,1,0,0,2,0,0,,"Calle",,"ESPERANZA","Las Colonias","Asfalto","No existe","XI","Dentro","Urbana","S/D","No existe","Intersección","Bueno","Buena","Diurna","Buen Tiempo","Lateral","S/D","Colisión","Ninguna","Vertical","S/D","Sin restricción"
2017,4699,7/2/2017,"Domingo",0,7:15:00,,"0.0",2,"Pickup/Utilitario,Moto/Ciclomotor","Bv Delfor Cabrera Y Dr Ricardo Fischer",2,0,1,0,1,0,0,,"Calle",,"ARMSTRONG","Belgrano","Asfalto","No existe","III","Dentro","Urbana","Ninguna","Funciona","Intersección","Bueno","Buena","Amanecer","Buen Tiempo","Lateral","S/D","Colisión","Ninguna","Vertical","Ninguna","Sin restricción"
2017,4700,7/28/2017,"Viernes",0,21:00:00,"Ruta Provincial 15","0.0",2,"Pickup/Utilitario,Automóvil","Flotron 2100",4,0,2,0,2,0,0,,"Ruta",15,"ARMSTRONG","Belgrano","Asfalto","No existe","III","Dentro","Urbana","Ninguna","No existe","Intersección","Bueno","Buena","Nocturna","Buen Tiempo","Lateral","S/D","Colisión","Ninguna","Horizontal","Ninguna","Obra en Construcción"
2017,4701,7/4/2017,"Martes",0,9:30:00,,"0.0",2,"Moto/Ciclomotor,Automóvil","Belgrano Y Gobernador Aldao",3,2,0,0,1,0,0,,"Calle",,"CERES","San Cristóbal","Asfalto","No existe","XIII","Dentro","Urbana","Ninguna","No existe","Intersección","Bueno","Buena","Diurna","Buen Tiempo","Lateral","S/D","Colisión","Otro","Horizontal","Barrera de hormigón,Ninguna","Sin restricción"
2017,4702,7/25/2017,"Martes",0,13:20:00,"Ruta Nacional 34","82.0",2,"Automóvil,Camión c / Semirremolque"," ",4,2,0,0,2,0,0,,"Ruta",34,"SAN GENARO","San Jerónimo","Asfalto","Natural","XV","Dentro","Rural","Ninguna","No existe","Recta","Bueno","Buena","Diurna","Buen Tiempo","De alcance","S/D","Colisión","Ninguna","Faltante","Línea divisoria pintada","Sin restricción"
2017,4703,7/6/2017,"Jueves",0,20:10:00,,"0.0",2,"Moto/Ciclomotor,Automóvil","Avenida 21 Y Calle 24",2,1,0,0,1,0,0,,"Calle",,"LAS PAREJAS","Belgrano","Asfalto","No existe","III","Dentro","Urbana","Ninguna","No existe","Intersección","Bueno","Reducida","Nocturna,Con luz artificial","Buen Tiempo","Lateral","S/D","Colisión","Ninguna","S/D","Ninguna","Sin restricción"
2017,4704,7/17/2017,"Lunes",0,19:30:00,,"0.0",2,"Automóvil,Moto/Ciclomotor","San Lorenzo Y Guillermo Benitez",2,1,0,0,1,0,0,,"Calle",,"LAS ROSAS","Belgrano","Asfalto","Pavimento","III","Dentro","Urbana","Ninguna","No existe","Intersección","Bueno","Buena","Nocturna,Con luz artificial","Buen Tiempo","Lateral","S/D","Colisión","Agua","Vertical","Ninguna","Sin restricción"
2017,4705,7/14/2017,"Viernes",0,22:00:00,,"0.0",2,"Moto/Ciclomotor,Moto/Ciclomotor","Buenos Aires Y Cerrito",2,2,0,0,0,0,0,,"Calle",,"LAS ROSAS","Belgrano","Asfalto","No existe","III","Dentro","Urbana","Ninguna","No existe","Intersección","Bueno","Reducida","Nocturna,Con luz artificial","Lluvia","Frontal","S/D","Colisión","Agua","Faltante","Ninguna","Sin restricción"
2017,4706,4/20/2017,"Jueves",0,7:00:00,,"0.0",2,"Camión,Pickup/Utilitario","Av Leandro Alem Y Sargento Cabral",2,1,0,0,1,0,0,,"Calle",,"SANTA FE","La Capital","S/D","S/D","I","Dentro","Urbana","S/D","S/D","Intersección","S/D","S/D","Diurna","S/D","S/D","S/D","Colisión","S/D","S/D","S/D","S/D"
2017,4707,4/24/2017,"Lunes",0,6:00:00,,"0.0",1,"Automóvil","9 de Julio Y J J Paso",1,1,0,0,0,0,0,,"Calle",,"SANTA FE","La Capital","S/D","S/D","I","Dentro","Urbana","S/D","S/D","Recta","S/D","S/D","Diurna","S/D","Contra objeto fijo","S/D","Colisión","S/D","S/D","S/D","S/D"
2017,4708,4/26/2017,"Miercoles",0,,"Autopista Nacional A007","0.0",3,"Transporte de Pasajeros (H/ 8 asientos),Camión,Automóvil","Av Circunvalación ",8,1,0,0,7,0,0,,"Autopista","A007","SANTA FE","La Capital","S/D","S/D","I","Dentro","Urbana","S/D","S/D","S/D","S/D","S/D","Diurna","S/D","Múltiple","S/D","Colisión","S/D","S/D","S/D","S/D"
2017,4709,4/8/2017,"Sabado",0,,,"0.0",2,"Moto/Ciclomotor,Moto/Ciclomotor","INTERPROVINCIAL 400",4,1,1,0,2,0,0,,"Calle",,"FRONTERA","Castellanos","S/D","S/D","V","Dentro","Urbana","S/D","S/D","S/D","S/D","S/D","S/D","S/D","Múltiple","S/D","Colisión","S/D","S/D","S/D","S/D"
2017,4711,7/13/2017,"Jueves",0,15:20:00,"Ruta Provincial 65","14.5",1,"Moto/Ciclomotor"," ",1,1,0,0,0,0,0,,"Ruta",65,"ESTACIÓN DÍAZ","San Jerónimo","Asfalto","Natural","XV","Dentro","Rural","S/D","No existe","Recta","Con baches","Buena","Diurna","Buen Tiempo","S/D","S/D","Caída ocupante","Ninguna","Faltante","Ninguna","Sin restricción"
2017,4712,7/1/2017,"Sabado",0,8:20:00,"Autopista Provincial Brigadier E.López","121.0",2,"Automóvil,Camión Chasis"," ",4,1,0,0,3,0,0,,"Autopista","Brigadier E.López","SANTA FE","La Capital","Asfalto","S/D","I","S/D","S/D","S/D","S/D","Recta","Bueno","S/D","S/D","S/D","S/D","S/D","Colisión","S/D","S/D","S/D","S/D"
2017,4713,7/8/2017,"Sabado",0,3:25:00,,"0.0",2,"Moto/Ciclomotor,Automóvil","Maipu Y Rivadavia",3,2,0,0,1,0,0,,"Calle",,"LAS ROSAS","Belgrano","Asfalto","No existe","III","Dentro","Urbana","Ninguna","No existe","Intersección","Resbaladiza","Buena","Nocturna","Lluvia","Lateral","S/D","Colisión","Agua","Vertical","Cordón divisorio","Sin restricción"
2017,4714,7/7/2017,"Viernes",0,12:30:00,,"0.0",2,"Moto/Ciclomotor,Pickup/Utilitario","Belgrano Y Italia",3,2,0,0,1,0,0,,"Calle",,"LAS ROSAS","Belgrano","Asfalto","No existe","III","Dentro","Urbana","Ninguna","No existe","Intersección","Bueno","Buena","Diurna","Lluvia","Frontal","S/D","Colisión","Agua","Vertical","Ninguna","Sin restricción"
2017,4715,7/7/2017,"Viernes",0,18:00:00,,"0.0",2,"Peatón,Pickup/Utilitario","Manuel Belgrano Y 25 de Mayo",3,1,0,0,2,0,0,,"Calle",,"SANTA ISABEL","General López","Hormigón","No existe","VIII","Dentro","Urbana","Ninguna","No existe","Intersección","Bueno","Reducida","Atardecer","Lluvia","S/D","Peatón","Atropello","Agua","Vertical","Ninguna","Sin restricción"
2017,4716,5/1/2017,"Lunes",0,,,"0.0",2,"Camión,Moto/Ciclomotor"," ",2,0,1,0,0,0,1,,"S/D",,"SAN JOSÉ DE LA ESQUINA","Caseros","S/D","S/D","IV","S/D","S/D","S/D","S/D","S/D","S/D","S/D","S/D","S/D","S/D","S/D","Colisión","S/D","S/D","S/D","S/D"
2017,4717,5/1/2017,"Lunes",0,,,"0.0",1,"Moto/Ciclomotor","Guemes ",1,1,0,0,0,0,0,,"S/D",,"SAN CRISTÓBAL","San Cristóbal","S/D","S/D","XIII","S/D","S/D","S/D","S/D","S/D","S/D","S/D","S/D","S/D","S/D","S/D","Caída ocupante","S/D","S/D","S/D","S/D"
2017,4719,5/1/2017,"Lunes",0,,"Ruta Nacional 11","0.0",2,"Moto/Ciclomotor,Otros","Av Paganini 637",2,1,0,0,1,0,0,,"Ruta",11,"BARRANCAS","San Jerónimo","S/D","S/D","XV","S/D","S/D","S/D","S/D","S/D","S/D","S/D","S/D","S/D","S/D","S/D","Colisión","S/D","S/D","S/D","S/D"
2017,4720,7/19/2017,"Miercoles",0,19:15:00,,"0.0",2,"Moto/Ciclomotor,Bicicleta","Carlos Bosch Y Rivadavia",2,1,0,0,1,0,0,,"Calle",,"ESPERANZA","Las Colonias","Tierra","No existe","XI","Dentro","Urbana","Ninguna","No existe","Recta","Otro","Buena","Nocturna","Buen Tiempo","S/D","Ciclista","Atropello","Ninguna","Faltante","Ninguna","Sin restricción"
2017,4721,7/15/2017,"Sabado",0,7:30:00,"Ruta Secundaria 64-s","2.0",2,"Automóvil,Tractor"," ",4,3,0,0,1,0,0,,"Ruta","64-s","PROVIDENCIA","Las Colonias","Asfalto","Natural","XI","Dentro","Rural","Ninguna","No existe","Recta","Bueno","Reducida","Amanecer","Niebla","S/D","S/D","Colisión","Ninguna","S/D","Línea divisoria pintada","Sin restricción"
2017,4722,7/15/2017,"Sabado",0,18:11:00,,"0.0",2,"Automóvil,Automóvil","Av. Francia 200",4,2,0,0,2,0,0,,"Calle",,"ROSARIO","Rosario","S/D","No existe","II","Dentro","Urbana","Semáforo","Funciona","Recta","S/D","S/D","Nocturna","S/D","Lateral","S/D","Colisión","S/D","Horizontal,Vertical","S/D","Sin restricción"
2017,4723,7/27/2017,"Jueves",0,18:50:00,,"0.0",4,"Automóvil,Automóvil,Automóvil,Automóvil","Bv. Avellaneda ",4,2,0,0,2,0,0,,"Calle",,"ROSARIO","Rosario","Asfalto","No existe","II","Dentro","Urbana","Semáforo","Funciona","Recta","S/D","S/D","Atardecer","S/D","Múltiple","S/D","Colisión","S/D","Horizontal,Vertical","Barrera de hormigón","Sin restricción"
2017,4724,7/18/2017,"Martes",0,18:00:00,,"0.0",2,"Moto/Ciclomotor,Bicicleta","Echeverria Bis Y Av. Central",2,1,1,0,0,0,0,,"Calle",,"ROSARIO","Rosario","S/D","S/D","II","Dentro","Urbana","S/D","S/D","Intersección","S/D","S/D","Atardecer","S/D","S/D","Ciclista","Atropello","S/D","S/D","S/D","S/D"
2017,4725,7/7/2017,"Viernes",0,5:12:00,,"0.0",2,"Pickup/Utilitario,Transporte de Pasajeros Larga Distancia (> 8 asientos)","Av. Luis Carballo Y Alberdi",4,0,1,1,2,0,0,,"Calle",,"ROSARIO","Rosario","Asfalto","No existe","II","Dentro","Urbana","Semáforo","Intermitente","Intersección","Resbaladiza","Buena","Nocturna","Lluvia","Lateral","S/D","Colisión","Agua","Horizontal,Vertical","S/D","Sin restricción"
2017,4726,7/3/2017,"Lunes",0,18:30:00,,"0.0",2,"Automóvil,Moto/Ciclomotor","Bv. Rondeau Y Av. Irigoyen",2,1,0,0,1,0,0,,"Calle",,"ROSARIO","Rosario","Asfalto","Pavimento","II","Dentro","Urbana","Ninguna","No existe","Intersección","Bueno","Buena","Atardecer","Buen Tiempo","De alcance","S/D","Colisión","Ninguna","Faltante","Vegetación","Sin restricción"
2017,4727,7/12/2017,"Miercoles",0,14:42:00,,"0.0",2,"Bicicleta,Pickup/Utilitario","Warnes 2300",2,0,1,0,1,0,0,,"Calle",,"ROSARIO","Rosario","Asfalto","No existe","II","Dentro","Urbana","Ninguna","No existe","Recta","Bueno","Buena","Diurna","Buen Tiempo","S/D","Ciclista","Atropello","Ninguna","Faltante","Ninguna","Sin restricción"
2017,4728,7/16/2017,"Domingo",0,5:00:00,,"0.0",2,"Taxi/Remis,Moto/Ciclomotor","Bv. Rondeau Y Ricardo Nuñez",4,2,0,0,2,0,0,,"Calle",,"ROSARIO","Rosario","Asfalto","Pavimento","II","Dentro","Urbana","Ninguna","Funciona","Intersección","Bueno","Buena","Nocturna","Buen Tiempo","De alcance","S/D","Colisión","Ninguna","Faltante","Barrera de hormigón","Sin restricción"
2017,4729,7/15/2017,"Sabado",0,15:30:00,,"0.0",2,"Moto/Ciclomotor,Pickup/Utilitario","Bv. Oroño Y Av. Arijon",2,1,0,0,1,0,0,,"Calle",,"ROSARIO","Rosario","Asfalto","No existe","II","Dentro","Urbana","Semáforo","Funciona","Intersección","Bueno","Buena","Diurna","Buen Tiempo","Lateral","S/D","Colisión","Ninguna","Vertical","Cordón divisorio","Sin restricción"
2017,4730,7/13/2017,"Jueves",0,10:45:00,,"0.0",2,"Transporte de Pasajeros Urbano (> 8 asientos),Automóvil","San Martin Y Av. Circunvalacion",2,1,0,0,1,0,0,,"Calle",,"ROSARIO","Rosario","Asfalto","No existe","II","Dentro","Urbana","Ninguna","S/D","Intersección","Bueno","Buena","Diurna","Buen Tiempo","De alcance","S/D","Colisión","Ninguna","Faltante","Ninguna","Sin restricción"
2017,4731,7/8/2017,"Sabado",0,21:45:00,,"0.0",2,"Taxi/Remis,Moto/Ciclomotor","Pte.Roca Y Pje. Riachuelo",4,0,1,0,3,0,0,,"Calle",,"ROSARIO","Rosario","Asfalto","No existe","II","Dentro","Urbana","Ninguna","No existe","Intersección","Bueno","Buena","Nocturna,Con luz artificial","S/D","Lateral","S/D","Colisión","Ninguna","Faltante","Cordón divisorio","Sin restricción"
2017,4732,7/21/2017,"Viernes",0,20:00:00,,"0.0",2,"Moto/Ciclomotor,Automóvil","Av. Corrientes Y Padre R. Giaccone",3,2,0,0,1,0,0,,"Calle",,"ROSARIO","Rosario","Asfalto","No existe","II","Dentro","Urbana","Ninguna","No existe","Intersección","Bueno","Buena","Nocturna","Buen Tiempo","Lateral","S/D","Colisión","Ninguna","Faltante","Cordón divisorio","Sin restricción"
2017,4733,4/17/2017,"Lunes",0,17:30:00,,"0.0",1,"Otros","Bv. Segui Y Francia F",1,0,0,0,0,1,0,"-32.974197, -60.673825","Avenida",,"ROSARIO","Rosario","S/D","S/D","II","Dentro","Urbana","S/D","S/D","S/D","S/D","S/D","Diurna","S/D","S/D","S/D","S/D","S/D","S/D","S/D","S/D"
2017,4734,4/18/2017,"Martes",0,14:15:00,"Ruta Provincial 16","6.0",2,"Peatón,Camión","RP16 KM 6 ",2,0,0,0,1,1,0,"-33.08615, -60.59025","Ruta",16,"PUEBLO ESTHER","Rosario","Asfalto","Natural","II","Fuera","Urbana","Ninguna","No existe","Recta","Otro","Buena","Diurna","Otro","S/D","Peatón","Atropello","Ninguna","Vertical","Ninguna","Obra en Construcción,Reparación de Vía"
2017,4735,4/22/2017,"Sabado",0,5:00:00,,"0.0",2,"Taxi/Remis,Moto/Ciclomotor","Catamarca Y Callao",3,2,0,0,1,0,0,"-32.936633, -60.658572","Calle",,"ROSARIO","Rosario","Asfalto","No existe","II","S/D","Urbana","Ninguna","Funciona","Recta","Bueno","Buena","Nocturna","Buen Tiempo","Otro","S/D","Colisión","Ninguna","S/D","Ninguna","Sin restricción"
2017,4736,7/4/2017,"Martes",0,20:00:00,,"0.0",2,"Pickup/Utilitario,Moto/Ciclomotor","Av. Battle y Ordoñez Y Paraguay",3,1,0,0,2,0,0,,"Calle",,"ROSARIO","Rosario","Asfalto","No existe","II","Dentro","Urbana","Ninguna","No existe","Intersección","Bueno","Buena","Nocturna","Buen Tiempo","Lateral","S/D","Colisión","Ninguna","Horizontal","Cordón divisorio","Sin restricción"
2017,4737,7/5/2017,"Miercoles",0,8:00:00,,"0.0",2,"Transporte de Pasajeros Urbano (> 8 asientos),Bicicleta","San Martin 7300",2,1,0,0,1,0,0,,"Calle",,"ROSARIO","Rosario","Asfalto","No existe","II","Dentro","Urbana","Ninguna","No existe","Recta","Bueno","Buena","Diurna","Buen Tiempo","Lateral","S/D","Colisión","Ninguna","Faltante","Ninguna","Sin restricción"
2017,4738,7/2/2017,"Domingo",0,18:00:00,,"0.0",2,"Automóvil,Moto/Ciclomotor","España Y J.M.de Rosas",3,2,0,0,1,0,0,,"Calle",,"ROSARIO","Rosario","Asfalto","S/D","II","Dentro","Urbana","S/D","S/D","Intersección","Bueno","S/D","Diurna","Buen Tiempo","Frontal","S/D","Colisión","S/D","S/D","S/D","Sin restricción"
2017,4739,7/10/2017,"Lunes",0,15:00:00,,"0.0",2,"Automóvil,Moto/Ciclomotor","Av. Battle y Ordoñez Y Laprida",3,2,0,0,1,0,0,,"Calle",,"ROSARIO","Rosario","Asfalto","No existe","II","Dentro","Urbana","Semáforo","Funciona","Intersección","Bueno","Buena","Diurna","Buen Tiempo","De alcance","S/D","Colisión","Ninguna","Vertical","Ninguna","Sin restricción"
2017,4740,7/29/2017,"Sabado",0,10:00:00,,"0.0",2,"Automóvil,Moto/Ciclomotor","Av. Ovidio Lagos Y Olegario V.Andrade",2,1,0,0,1,0,0,,"Calle",,"ROSARIO","Rosario","Asfalto","No existe","II","Dentro","Urbana","Ninguna","No existe","Recta","Bueno","Buena","Diurna","Buen Tiempo","Frontal","S/D","Colisión","Ninguna","S/D","Barrera de hormigón","Sin restricción"
2017,4741,7/27/2017,"Jueves",0,12:30:00,,"0.0",2,"Automóvil,Moto/Ciclomotor","9 de Julio Y Irigoyen Freyre",2,1,0,0,1,0,0,,"Calle",,"SANTA FE","La Capital","Asfalto","No existe","I","Dentro","Urbana","Ninguna","No existe","Intersección","Bueno","Buena","Diurna","Buen Tiempo","Lateral","S/D","Colisión","Ninguna","Horizontal","Ninguna","Sin restricción"
2017,4742,7/28/2017,"Viernes",0,9:00:00,,"0.0",1,"Automóvil","Av Urquiza Y Tucuman",3,2,0,0,1,0,0,,"Calle",,"SANTA FE","La Capital","Asfalto","No existe","I","Dentro","Urbana","Ninguna","No existe","Intersección","Bueno","Buena","Diurna","Buen Tiempo","De alcance","S/D","Colisión","Ninguna","Horizontal","Ninguna","Sin restricción"
2017,4743,7/28/2017,"Viernes",0,21:30:00,,"0.0",2,"Automóvil,Moto/Ciclomotor","Av Urquiza Y Moreno",2,1,0,0,1,0,0,,"Calle",,"SANTA FE","La Capital","Asfalto","No existe","I","Dentro","Urbana","Ninguna","Funciona","Intersección","Bueno","Buena","Nocturna,Con luz artificial","Buen Tiempo","De alcance","S/D","Colisión","Ninguna","Horizontal,Vertical","Ninguna","Sin restricción"
2017,4744,7/28/2017,"Viernes",0,23:50:00,,"0.0",2,"Automóvil,Moto/Ciclomotor","Av Pte Peron Y Av San Martin",4,2,1,0,1,0,0,,"Calle",,"LAGUNA PAIVA","La Capital","Asfalto","No existe","I","Dentro","Urbana","Ninguna","No existe","Intersección","Bueno","Buena","Nocturna","Buen Tiempo","Lateral","S/D","Colisión","Ninguna","Faltante","Ninguna","Sin restricción"
2017,4745,7/29/2017,"Sabado",0,11:00:00,,"0.0",2,"Automóvil,Moto/Ciclomotor","Obrero Y Guemes",3,2,0,0,1,0,0,,"Calle",,"LAGUNA PAIVA","La Capital","Asfalto","No existe","I","Dentro","Urbana","Ninguna","No existe","Intersección","Bueno","Buena","Diurna","Buen Tiempo","Lateral","S/D","Colisión","Ninguna","Faltante","Ninguna","Sin restricción"
2017,4746,5/10/2017,"Miercoles",0,6:30:00,"Autopista Nacional A008","0.0",2,"Moto/Ciclomotor,Moto/Ciclomotor","Av. Circunvalacion Y Bv. 27 De Febrero",2,0,0,0,1,1,0,"-32.95956, -60.72088","Autopista","A008","ROSARIO","Rosario","S/D","S/D","II","S/D","Urbana","S/D","S/D","S/D","S/D","S/D","Diurna","S/D","Múltiple","S/D","Colisión","S/D","S/D","S/D","S/D"
2017,4747,7/31/2017,"Lunes",0,20:30:00,,"0.0",2,"Automóvil,Moto/Ciclomotor","25 de Mayo Y Moreno",2,1,0,0,1,0,0,,"Calle",,"LAGUNA PAIVA","La Capital","Asfalto","No existe","I","Dentro","Urbana","Ninguna","No existe","Intersección","Bueno","Buena","Nocturna","Buen Tiempo","Lateral","S/D","Colisión","Ninguna","Faltante","Ninguna","Sin restricción"
2017,4748,5/1/2017,"Lunes",0,21:50:00,,"0.0",1,"Moto/Ciclomotor","BRIGADIER LOPEZ Y TERRAPLEN DE DEFENSA",1,0,0,0,0,1,0,"-31.61401, -60.568","Calle",,"SAN JOSÉ DEL RINCÓN","La Capital","Tierra","No existe","I","Dentro","Urbana","Ninguna","No existe","Recta","Deteriorada","Reducida","Nocturna","Buen Tiempo","S/D","S/D","Caída ocupante,Despiste","Ninguna","Faltante","Ninguna","Sin restricción"
2017,4749,5/2/2017,"Martes",0,8:55:00,,"0.0",2,"Peatón,Automóvil","Martin Fierro 476",2,0,0,0,1,1,0,"-32.87678, -60.69178","Calle",,"ROSARIO","Rosario","Asfalto","No existe","II","S/D","Urbana","Semáforo","Funciona","Recta","Bueno","Buena","Diurna","Otro","S/D","Peatón","Atropello","Otro","S/D","Vegetación","Sin restricción"
2017,4750,7/1/2017,"Sabado",1,,,"0.0",2,"Moto/Ciclomotor,Automóvil"," ",4,3,0,0,1,0,0,,"S/D",,"MONTE VERA","La Capital","S/D","S/D","I","S/D","S/D","S/D","S/D","S/D","S/D","S/D","S/D","S/D","S/D","S/D","Colisión","S/D","S/D","S/D","S/D"
2017,4751,5/4/2017,"Jueves",0,6:20:00,"Ruta Nacional 11","0.0",2,"Camión Chasis,Camión c / Acoplado","Av Circunvalación Y Monseñor Rodriguez",2,0,0,0,1,1,0,"-31.55669, -60.74991","Ruta",11,"RECREO","La Capital","Asfalto","S/D","I","Dentro","Urbana","Ninguna","S/D","Recta","Bueno","S/D","Diurna","Buen Tiempo","Lateral","S/D","Colisión","Ninguna","Horizontal","Guardarrail","Sin restricción"
2017,4752,5/5/2017,"Viernes",0,8:20:00,"Ruta Provincial 2","213.0",2,"Pickup/Utilitario,Automóvil"," ",4,1,0,0,0,3,0,"-30.24026, -61.20213","Ruta",2,"SAN CRISTÓBAL","San Cristóbal","Asfalto","Natural","XIII","Dentro","Rural","Ninguna","No existe","Recta","Bueno","Reducida","Amanecer","Niebla","Frontal","S/D","Colisión","S/D","S/D","Línea divisoria pintada","S/D"