"anio_acci","nro_acci","fecha","desc_dia","fecha_aprox","hora_aprox","desc_ruta","km","cant_participantes","desc_participante","calle_avenida_km","total","heridos_leves","heridos_graves","heridos_gravisimos","ilesos","fallecidos","sin_datos","posicion_XY","desc_tipo_via","desc_ruta_ori","desc_loc","desc_dpto","desc_tipo_calzada","desc_tipo_banquina","desc_unidad_regional","desc_lugar_calzada","desc_zona","desc_prioridad","desc_estado_semaforo","desc_lugar_via","desc_estado_via","desc_estado_visibilidad","desc_luminosidad","desc_estado_clima","desc_tipo_colision","desc_tipo_atropello","desc_tipo_hecho","desc_pres_calzada","desc_senializacion","desc_separacion_via","desc_restriccion"
2017,4753,5/5/2017,"Viernes",0,19:20:00,"Autopista Nacional A008","0.0",2,"Taxi/Remis,Moto/Ciclomotor","Av. Circunvalacion ",4,1,0,0,3,0,0,,"Autopista","A008","ROSARIO","Rosario","S/D","S/D","II","Dentro","Urbana","S/D","S/D","S/D","S/D","S/D","Diurna","S/D","S/D","S/D","Colisión","S/D","S/D","S/D","S/D"
2017,4754,5/5/2017,"Viernes",0,,,"0.0",2,"Automóvil,Bicicleta","Paraguay Y Belisario Roldan",2,1,0,0,1,0,0,,"Calle",,"FIRMAT","General López","S/D","S/D","VIII","Dentro","Urbana","S/D","S/D","S/D","S/D","S/D","S/D","S/D","S/D","Ciclista","Atropello","S/D","S/D","S/D","S/D"
2017,4755,5/4/2017,"Jueves",0,21:40:00,"Autopista Nacional Rosario -Cordoba","379.0",1,"Automóvil"," ",3,2,0,0,0,1,0,"-32.80899, -61.60883","Autopista","Rosario -Cordoba","ARMSTRONG","Belgrano","Asfalto","Natural","III","Dentro","Urbana","Ninguna","No existe","Recta","Bueno","Buena","Nocturna","Buen Tiempo","S/D","S/D","Vuelco","Ninguna","Horizontal,Vertical","Ninguna","Sin restricción"
2017,4756,5/5/2017,"Viernes",0,,,"0.0",2,"Pickup/Utilitario,Moto/Ciclomotor","Espa±a Y H Irigoyen",2,0,1,0,1,0,0,,"Calle",,"CORONDA","San Jerónimo","S/D","S/D","XV","Dentro","Urbana","S/D","S/D","S/D","S/D","S/D","S/D","S/D","S/D","S/D","Colisión","S/D","S/D","S/D","S/D"
2017,4757,5/6/2017,"Sabado",0,11:00:00,"Ruta Nacional 11","0.0",2,"Bicicleta,Camión c / Acoplado","Av San Lorenzo Y Gral Lavalle",2,0,0,0,1,1,0,"-32.83127, -60.71175","Ruta",11,"CAPITÁN BERMÚDEZ","San Lorenzo","Asfalto","Natural","XVII","S/D","Urbana","S/D","No existe","Intersección","Deteriorada","S/D","Diurna","S/D","S/D","Ciclista","Atropello","S/D","Vertical","Ninguna","S/D"
2017,4758,7/1/2017,"Sabado",0,7:30:00,"Ruta Nacional 11","499.0",3,"Automóvil,Camión,Automóvil"," ",5,0,1,0,4,0,0,,"Ruta",11,"CANDIOTI","La Capital","Asfalto","Natural","I","Dentro","Rural","Marca Vial","No existe","Recta","Bueno","Reducida","Amanecer","Niebla","Frontal,Múltiple","S/D","Colisión","Ninguna","Vertical","Línea divisoria pintada","Sin restricción"
2017,4759,4/23/2017,"Domingo",0,6:30:00,"Ruta Provincial 21","0.0",2,"Bicicleta,Transporte de Pasajeros Urbano (> 8 asientos)","RP 21 E INGRESO A PLAYA MANSA ",2,0,0,0,1,1,0,"-33.178476, -60.482678","Ruta",21,"ARROYO SECO","Rosario","Asfalto","Ripio","II","S/D","Rural","S/D","S/D","Recta","S/D","S/D","Diurna","Buen Tiempo","S/D","Ciclista","Atropello","S/D","S/D","Ninguna","Accidente Previo"
2017,4760,4/23/2017,"Domingo",0,6:30:00,"Ruta Provincial 21","0.0",2,"Camión,Automóvil","RP 21 E INGRESO A PLAYA MANSA ",3,0,2,0,1,0,0,"-33.178476, -60.482678","Ruta",21,"ARROYO SECO","Rosario","Asfalto","Ripio","II","S/D","Rural","S/D","S/D","Recta","S/D","S/D","Amanecer","Buen Tiempo","Contra objeto fijo","S/D","Colisión","S/D","S/D","Ninguna","Accidente Previo"
2017,4761,4/9/2017,"Domingo",0,21:15:00,,"0.0",2,"Moto/Ciclomotor,Transporte de Pasajeros Urbano (> 8 asientos)","Galvez Y Cafferata",2,0,0,0,1,1,0,"-32.962874, -60.676583","Calle",,"ROSARIO","Rosario","Asfalto","No existe","II","Dentro","Urbana","S/D","No existe","Intersección","Bueno","Buena","Nocturna","Buen Tiempo","S/D","S/D","Colisión","S/D","Faltante","S/D","S/D"
2017,4762,4/2/2017,"Domingo",0,9:10:00,"Ruta Nacional 11","0.0",2,"Camión c / Acoplado,Moto/Ciclomotor","Av de Circunvalacion Y Casa Bomba 9",2,0,0,0,1,1,0,"-31.465371, -60.758656","Ruta",11,"RECREO","La Capital","Asfalto","Natural","I","S/D","Rural","Ninguna","No existe","Recta","Resbaladiza","Reducida","Diurna","Lluvia","Frontal","S/D","Colisión","Agua","S/D","Línea divisoria pintada","S/D"
2017,4763,7/1/2017,"Sabado",0,22:30:00,"Ruta Provincial 2","0.0",2,"Automóvil,Moto/Ciclomotor","Ruta pcial 2 Av San Martin 6300",2,1,0,0,1,0,0,,"Ruta",2,"MONTE VERA","La Capital","Hormigón","Natural","I","Dentro","Urbana","Ninguna","No existe","Recta","Bueno","Buena","Nocturna,Con luz artificial","Buen Tiempo","De alcance","S/D","Colisión","Ninguna","S/D","Ninguna","Sin restricción"
2017,4764,7/5/2017,"Miercoles",0,1:30:00,,"0.0",2,"Pickup/Utilitario,Moto/Ciclomotor","Baldaccini Y Buenos Aires",2,1,0,0,1,0,0,,"Calle",,"MONTE VERA","La Capital","Hormigón","No existe","I","Dentro","Urbana","Ninguna","No existe","Intersección","Bueno","Buena","Nocturna,Con luz artificial","Buen Tiempo","Lateral","S/D","Colisión","Ninguna","S/D","Ninguna","Sin restricción"
2017,4765,4/3/2017,"Lunes",0,7:00:00,,"0.0",1,"Moto/Ciclomotor","Av Blas Parera Y Vieytes",2,1,0,0,0,1,0,"-31.596627, -60.722786","Avenida",,"SANTA FE","La Capital","S/D","S/D","I","Dentro","Urbana","S/D","S/D","Intersección","S/D","S/D","Amanecer","S/D","Contra objeto fijo","S/D","Colisión","S/D","S/D","S/D","S/D"
2017,4766,4/9/2017,"Domingo",0,7:30:00,"Autovía Nacional 168","0.0",1,"Automóvil","INTERSECCION DE RP 1 Y RN 168 ",5,4,0,0,0,1,0,"-31.639437, -60.633248","Autovía",168,"LA GUARDIA","La Capital","Asfalto","Pavimento","I","Dentro","Urbana","S/D","S/D","Intersección","S/D","S/D","S/D","S/D","S/D","S/D","Vuelco","S/D","S/D","Guardarrail","S/D"
2017,4767,7/1/2017,"Sabado",0,,,"0.0",2,"Pickup/Utilitario,Peatón","Rivarola 8000",2,1,0,0,1,0,0,,"Calle",,"ROSARIO","Rosario","Asfalto","S/D","II","Dentro","Urbana","Ninguna","No existe","Intersección","Bueno","Buena","Atardecer","Buen Tiempo","S/D","Peatón","Atropello","Ninguna","S/D","Ninguna","Sin restricción"
2017,4768,7/6/2017,"Jueves",0,8:00:00,"Ruta Provincial 2","0.0",2,"Moto/Ciclomotor,Automóvil"," ",2,0,1,0,1,0,0,,"Ruta",2,"SANTA FE","La Capital","Hormigón","Pavimento","I","Dentro","Urbana","Ninguna","No existe","Intersección","Bueno","Buena","Amanecer","Buen Tiempo","Lateral","S/D","Colisión","Ninguna","S/D","Ninguna","Sin restricción"
2017,4769,7/13/2017,"Jueves",0,7:15:00,"Ruta Provincial 2","0.0",2,"Moto/Ciclomotor,Pickup/Utilitario","Santiago del Estero 6100",2,1,0,0,1,0,0,,"Ruta",2,"MONTE VERA","La Capital","Hormigón","Ripio","I","Dentro","Urbana","Ninguna","No existe","Intersección","Bueno","Buena","Diurna,Con luz artificial","Buen Tiempo","De alcance","S/D","Colisión","S/D","S/D","Línea divisoria pintada","Sin restricción"
2017,4770,7/18/2017,"Martes",0,18:00:00,,"0.0",2,"Moto/Ciclomotor,Bicicleta","Brigadier Estanislao Lopez Y Santa Fe",5,5,0,0,0,0,0,,"Calle",,"MONTE VERA","La Capital","Asfalto","No existe","I","Dentro","Urbana","Ninguna","No existe","Intersección","Bueno","Buena","Atardecer","Buen Tiempo","S/D","Ciclista","Atropello","Ninguna","S/D","S/D","Sin restricción"
2017,4771,3/1/2017,"Miercoles",1,,,"0.0",2,"Peatón,Automóvil"," ",2,1,0,0,1,0,0,,"S/D",,"SANTA FE","La Capital","S/D","S/D","I","S/D","S/D","S/D","S/D","S/D","S/D","S/D","S/D","S/D","S/D","Peatón","Atropello","S/D","S/D","S/D","S/D"
2017,4772,5/7/2017,"Domingo",0,,,"119.5",2,"Automóvil,Moto/Ciclomotor"," ",2,0,1,0,1,0,0,,"S/D",,"COLONIA MASCIAS","Garay","S/D","S/D","VII","S/D","S/D","S/D","S/D","S/D","S/D","S/D","S/D","S/D","S/D","S/D","Colisión","S/D","S/D","S/D","S/D"
2017,4773,7/18/2017,"Martes",0,12:00:00,,"0.0",2,"Automóvil,Moto/Ciclomotor","Galvez Y Av. De La Libertad",2,1,0,0,1,0,0,,"Avenida",,"ROSARIO","Rosario","Asfalto","Pavimento","II","Dentro","Urbana","Ninguna","No existe","Intersección","Bueno,Con baches","Buena","Diurna","Buen Tiempo","Lateral","S/D","Colisión","Ninguna","Faltante","Ninguna","Sin restricción"
2017,4774,5/7/2017,"Domingo",0,,,"0.0",2,"Automóvil,Moto/Ciclomotor","Montevideo Y Iriondo",3,2,0,0,1,0,0,,"Calle",,"ROSARIO","Rosario","S/D","S/D","II","S/D","S/D","S/D","S/D","S/D","S/D","S/D","S/D","S/D","S/D","S/D","Colisión","S/D","S/D","S/D","S/D"
2017,4775,7/15/2017,"Sabado",0,5:00:00,,"0.0",1,"Automóvil"," ",2,2,0,0,0,0,0,,"Calle",,"ARROYO SECO","Rosario","Hormigón","No existe","II","Dentro","Urbana","Ninguna","No existe","Puente","Con baches","Reducida","Nocturna","Lluvia","Contra objeto fijo","S/D","Colisión","Ninguna","Faltante","Ninguna","Sin restricción"
2017,4776,7/6/2017,"Jueves",0,19:30:00,,"0.0",2,"Automóvil,Automóvil","Lisandro de la Torre Y Alvarado",2,1,0,0,1,0,0,,"Calle",,"ARROYO SECO","Rosario","Asfalto","Pavimento","II","Dentro","Urbana","Ninguna","No existe","Intersección","Con baches","S/D","Nocturna","Lluvia","Lateral","S/D","Colisión","Ninguna","Faltante","Ninguna","Sin restricción"
2017,4777,5/10/2017,"Miercoles",0,16:25:00,,"0.0",1,"Moto/Ciclomotor","Francia Y 9 de Julio",1,0,1,0,0,0,0,,"Calle",,"VENADO TUERTO","General López","S/D","S/D","VIII","Dentro","Urbana","S/D","S/D","S/D","S/D","S/D","Diurna","S/D","S/D","S/D","Caída ocupante","S/D","S/D","S/D","S/D"
2017,4778,5/8/2017,"Lunes",0,,"Ruta Nacional 11","0.0",2,"Automóvil,Moto/Ciclomotor","Av Paganini Y España",3,2,0,0,1,0,0,,"Ruta",11,"BARRANCAS","San Jerónimo","S/D","S/D","XV","S/D","S/D","S/D","S/D","S/D","S/D","S/D","S/D","S/D","S/D","S/D","Colisión","S/D","S/D","S/D","S/D"
2017,4779,7/17/2017,"Lunes",0,15:00:00,"Ruta Provincial 18","10.0",2,"Camión c / Semirremolque,Peatón"," ",2,1,0,0,1,0,0,,"Ruta",18,"ÁLVAREZ","Rosario","Asfalto","Natural","II","Dentro","Rural","Ninguna","No existe","Recta","Bueno","Buena","Diurna","Buen Tiempo","S/D","Peatón","Atropello","Ninguna","S/D","Línea divisoria pintada","Sin restricción"
2017,4780,5/8/2017,"Lunes",0,,,"0.0",2,"Moto/Ciclomotor,Automóvil","Espa±a Y Pasteur",2,1,0,0,1,0,0,,"Calle",,"CORONDA","San Jerónimo","S/D","S/D","XV","S/D","S/D","S/D","S/D","S/D","S/D","S/D","S/D","S/D","S/D","S/D","Colisión","S/D","S/D","S/D","S/D"
2017,4781,7/5/2017,"Miercoles",0,12:45:00,"Ruta Provincial 14","28.0",1,"Automóvil"," ",1,1,0,0,0,0,0,,"Ruta",14,"PUEBLO MUÑOZ","Rosario","Asfalto","Natural","II","Dentro","Rural","Marca Vial","No existe","Recta","Bueno","Buena","Diurna","Buen Tiempo","S/D","S/D","Despiste","Material Suelto","Vertical","Línea divisoria pintada","Accidente Previo"
2017,4782,5/6/2017,"Sabado",0,21:00:00,,"0.0",2,"Moto/Ciclomotor,Moto/Ciclomotor","Clemente Albelo Y Eva Peron",4,0,0,2,0,2,0,"-32.726369798183455, -60.7394465804","Calle",,"SAN LORENZO","San Lorenzo","Asfalto","S/D","XVII","Dentro","Urbana","S/D","S/D","Recta","S/D","S/D","Nocturna","S/D","Frontal","S/D","Colisión","S/D","S/D","S/D","S/D"
2017,4783,5/6/2017,"Sabado",0,18:20:00,"Ruta Provincial 1","0.0",2,"Moto/Ciclomotor,Tractor","RP1 ACCESO NORTE ",2,0,0,0,1,1,0,"-31.10322, -60.11693","Ruta",1,"HELVECIA","Garay","Tierra","Natural","VII","Fuera","Urbana","Ninguna","No existe","Intersección","Deteriorada","Reducida","Atardecer","Buen Tiempo","Frontal","S/D","Colisión","Ninguna","Faltante","Ninguna","Sin restricción"
2017,4784,5/7/2017,"Domingo",0,4:10:00,,"0.0",1,"Pickup/Utilitario","Av Almte Brown Y Salvador del Carril",2,1,0,0,0,1,0,"-31.62172, -60.67828","Avenida",,"SANTA FE","La Capital","Asfalto","No existe","I","Dentro","Urbana","Ninguna","Funciona","Recta","Bueno","Buena","Nocturna","Buen Tiempo","Contra objeto fijo","S/D","Colisión","S/D","Faltante","Cordón divisorio,Vegetación","Sin restricción"
2017,4785,7/28/2017,"Viernes",0,19:15:00,"Ruta Secundaria 11-s","0.0",2,"Moto/Ciclomotor,Automóvil","Calle 14-5 ",4,0,1,0,3,0,0,,"Ruta","11-s","ARROYO LEYES","La Capital","Hormigón","Natural","I","Dentro","Urbana","Ninguna","S/D","Recta","Bueno","Buena","Nocturna","Buen Tiempo","Lateral","S/D","Colisión","Ninguna","Horizontal","Línea divisoria pintada","Sin restricción"
2017,4786,7/8/2017,"Sabado",0,2:50:00,"Ruta Provincial 1","0.0",2,"Automóvil,Otros"," ",2,1,0,0,1,0,0,,"Ruta",1,"COLASTINE","La Capital","Asfalto","S/D","I","Dentro","Urbana","Ninguna","S/D","S/D","S/D","Buena","Nocturna","Buen Tiempo","S/D","S/D","Colisión","S/D","Horizontal","Línea divisoria pintada","Sin restricción"
2017,4787,7/8/2017,"Sabado",0,8:20:00,"Ruta Provincial 1","0.0",2,"Pickup/Utilitario,Moto/Ciclomotor"," ",2,1,0,0,1,0,0,,"Ruta",1,"COLASTINE","La Capital","Asfalto","S/D","I","Dentro","Urbana","Ninguna","S/D","Recta","Bueno","S/D","Diurna","Buen Tiempo","Lateral","S/D","Colisión","Ninguna","Horizontal","Línea divisoria pintada","Sin restricción"
2017,4788,7/20/2017,"Jueves",0,20:30:00,,"0.0",2,"Bicicleta,Pickup/Utilitario","9 de Julio Y Heroes de Malvinas",2,1,0,0,1,0,0,,"Calle",,"RECREO","La Capital","Asfalto","No existe","I","Dentro","Urbana","Ninguna","No existe","Intersección","Bueno","Reducida","Nocturna,Con luz artificial","Buen Tiempo","S/D","Ciclista","Atropello","Ninguna","Faltante","Ninguna","Sin restricción"
2017,4789,5/8/2017,"Lunes",0,,,"0.0",1,"Moto/Ciclomotor"," ",2,2,0,0,0,0,0,,"S/D",,"GESSLER","San Jerónimo","S/D","S/D","XV","S/D","S/D","S/D","S/D","S/D","S/D","S/D","S/D","S/D","S/D","S/D","Caída ocupante","S/D","S/D","S/D","S/D"
2017,4790,7/29/2017,"Sabado",0,20:00:00,"Ruta Nacional 11","0.0",2,"Automóvil,Moto/Ciclomotor","Ruta Nacional 1V11- Juan de Garay Y Cervantes",3,1,1,0,1,0,0,,"Ruta",11,"RECREO","La Capital","Asfalto","Natural","I","Dentro","Urbana","Ninguna","No existe","Intersección","Bueno","Buena","Nocturna","Buen Tiempo","Lateral","S/D","Colisión","Ninguna","Horizontal","Línea divisoria pintada","Sin restricción"
2017,4791,7/7/2017,"Viernes",0,17:30:00,"Ruta Nacional 11","0.0",1,"Moto/Ciclomotor","Ruta Nacional 1V11- Juan de Garay Y Artigas",2,1,0,0,1,0,0,,"Ruta",11,"RECREO","La Capital","Asfalto","Natural","I","Dentro","Urbana","Ninguna","No existe","Intersección","Bueno","Buena","Diurna","Buen Tiempo","Lateral","S/D","Colisión","Ninguna","Horizontal","Línea divisoria pintada","Sin restricción"
2017,4792,3/12/2017,"Domingo",0,10:30:00,"Ruta Nacional 11","448.0",2,"Moto/Ciclomotor,Otros","RN 11 Y CURVA CENTURION",2,0,0,0,0,1,1,"-31.76083, -60.83104","Ruta",11,"SAUCE VIEJO","La Capital","Asfalto","Natural","I","Dentro","Urbana","S/D","S/D","Curva","Bueno","S/D","Diurna","S/D","S/D","S/D","S/D","Agua","Horizontal,Vertical","Línea divisoria pintada","S/D"
2017,4793,7/5/2017,"Miercoles",0,18:30:00,"Ruta Nacional 33","0.0",2,"Pickup/Utilitario,Pickup/Utilitario","Av Las Palmeras ",3,1,0,0,2,0,0,,"Ruta",33,"PEREZ","Rosario","Asfalto","Natural","II","Dentro","Urbana","Ninguna","Funciona","Intersección","Bueno","Buena","Atardecer","Buen Tiempo","Lateral","S/D","Colisión","Ninguna","Vertical","Ninguna","Sin restricción"
2017,4794,7/14/2017,"Viernes",0,19:40:00,,"0.0",5,"Pickup/Utilitario,Automóvil,Automóvil,Bicicleta,Automóvil","Rivarola Y Benitez",8,3,0,0,5,0,0,,"Calle",,"ROSARIO","Rosario","Asfalto","No existe","II","Dentro","Urbana","Semáforo","Funciona","Intersección","Bueno","S/D","Nocturna","Buen Tiempo","Múltiple","S/D","Colisión","S/D","Faltante","Ninguna","Sin restricción"
2017,4795,7/14/2017,"Viernes",0,13:40:00,"Ruta Nacional 33","0.0",2,"Moto/Ciclomotor,Automóvil","25 de Mayo ",3,1,0,0,2,0,0,,"Ruta",33,"ZAVALLA","Rosario","Asfalto","Ripio","II","Dentro","Urbana","Ninguna","No existe","Intersección","Bueno","Buena","Nocturna","Buen Tiempo","Lateral","S/D","Colisión","Ninguna","Faltante","Cordón divisorio","Sin restricción"
2017,4796,7/23/2017,"Domingo",0,12:10:00,,"0.0",2,"Moto/Ciclomotor,Automóvil","Av Belgrano 1800",3,1,0,0,2,0,0,,"Calle",,"PEREZ","Rosario","Asfalto","Natural","II","Dentro","Urbana","Marca Vial","No existe","Curva","Bueno","Buena","Diurna","Buen Tiempo","Frontal","S/D","Colisión","Ninguna","Horizontal","Línea divisoria pintada","Sin restricción"
2017,4797,7/14/2017,"Viernes",0,7:40:00,,"0.0",2,"Automóvil,Moto/Ciclomotor","Morelli Y Hipolito Irigoyen",2,1,0,0,1,0,0,,"Calle",,"PEREZ","Rosario","Asfalto","No existe","II","Dentro","Urbana","Ninguna","No existe","Recta","Bueno","Buena","Diurna","Buen Tiempo","Frontal","S/D","Colisión","Ninguna","Horizontal","S/D","Sin restricción"
2017,4798,5/7/2017,"Domingo",0,21:00:00,,"0.0",2,"Peatón,Moto/Ciclomotor","Sarmiento Y Rivadavia",3,2,0,0,0,1,0,"-32.858732014658, -61.149095882203","Calle",,"CARCARAÑÁ","San Lorenzo","Asfalto","No existe","XVII","Dentro","Urbana","Ninguna","No funciona","Intersección","Bueno","Buena","Nocturna,Con luz artificial","Buen Tiempo","S/D","S/D","Atropello","Ninguna","Horizontal","Línea divisoria pintada","Sin restricción"
2017,4799,5/10/2017,"Miercoles",0,20:00:00,"Ruta Nacional 34","137.0",2,"Camión c / Acoplado,Camión c / Acoplado"," ",2,0,0,0,1,1,0,"-31.98936, -61.60978","Ruta",34,"CAÑADA ROSQUÍN","San Martín","Asfalto","Natural","XVIII","Dentro","Urbana","Ninguna","No existe","Recta","Bueno","Buena","Nocturna","Buen Tiempo","Frontal","S/D","Colisión","Ninguna","Horizontal","Ninguna","Sin restricción"
2017,4800,6/8/2017,"Jueves",0,20:30:00,,"0.0",2,"Moto/Ciclomotor,Pickup/Utilitario","Pellegrini Y Udino Galetto",3,1,0,0,2,0,0,,"Calle",,"SAN GENARO","San Jerónimo","Asfalto","No existe","XV","Dentro","Urbana","Ninguna","No existe","Intersección","Bueno","Buena","Nocturna,Con luz artificial","Buen Tiempo","Lateral","S/D","Colisión","Ninguna","Faltante","Ninguna","Sin restricción"
2017,4801,5/11/2017,"Jueves",0,7:00:00,,"0.0",1,"Moto/Ciclomotor","Salvador del Carril Y Necochea",3,0,0,0,2,1,0,"-31.61994, -60.68925","Calle",,"SANTA FE","La Capital","Asfalto","No existe","I","S/D","S/D","Ninguna","No existe","Intersección","Bueno","Buena","Amanecer","Buen Tiempo","Lateral","S/D","Colisión","Ninguna","Faltante","S/D","Sin restricción"
2017,4802,7/4/2017,"Martes",0,6:10:00,,"0.0",2,"Moto/Ciclomotor,Moto/Ciclomotor","Av Mosconi Y Moreno",2,1,0,0,1,0,0,,"Calle",,"SANTA FE","La Capital","Asfalto","No existe","I","Dentro","Urbana","Ninguna","No existe","Intersección","Con baches","Buena","Amanecer","Buen Tiempo","Lateral","S/D","Colisión","Ninguna","Faltante","Ninguna","Sin restricción"
2017,4803,6/3/2017,"Sabado",0,7:25:00,,"0.0",1,"Automóvil","J B Alberdi Y Belgrano",4,3,0,0,1,0,0,,"Calle",,"TEODELINA","General López","Asfalto","S/D","VIII","Dentro","Urbana","Ninguna","No existe","Intersección","Bueno","Buena","Amanecer","Buen Tiempo","Contra objeto fijo","S/D","Colisión","Ninguna","S/D","Cordón divisorio","Sin restricción"
2017,4804,5/13/2017,"Sabado",0,6:50:00,,"0.0",1,"Moto/Ciclomotor","Sarmiento Y Moreno",1,0,0,0,0,1,0,"-32.8593, -61.14583","Avenida",,"CARCARAÑÁ","San Lorenzo","Asfalto","No existe","XVII","Dentro","Urbana","Ninguna","No existe","Intersección","Resbaladiza","Buena","Diurna,Con luz artificial","Otro","Otro","S/D","Caída ocupante","Otro","Vertical","Cordón divisorio","Sin restricción"
2017,4805,5/16/2017,"Martes",0,20:30:00,,"0.0",2,"Peatón,Moto/Ciclomotor","BELGRANO Y CICLOVIA ",2,0,0,0,1,1,0,"-31.619036, -60.693512","Calle",,"SANTA FE","La Capital","Asfalto","No existe","I","Dentro","Urbana","Ninguna","No existe","Intersección","Bueno","Buena","Nocturna","Buen Tiempo","S/D","Peatón","Atropello","Ninguna","S/D","Ninguna","Sin restricción"
2017,4806,7/19/2017,"Miercoles",0,17:10:00,,"0.0",2,"Moto/Ciclomotor,Automóvil","Gdor Freyre Y Regis Martinez",2,1,0,0,1,0,0,,"Calle",,"SANTA FE","La Capital","Asfalto","Pavimento","I","Dentro","Urbana","Ninguna","No existe","Intersección","Bueno","Buena","Diurna","Buen Tiempo","S/D","S/D","Colisión","Ninguna","Faltante","Cordón divisorio","Sin restricción"
2017,4807,6/17/2017,"Sabado",0,12:20:00,"Autopista Nacional Rosario -Cordoba","316.0",1,"Automóvil"," ",1,0,0,0,0,1,0,"-32.922678, -60.917183","Autopista","Rosario -Cordoba","ROLDÁN","San Lorenzo","Asfalto","Natural","XVII","Dentro","Rural","Ninguna","No existe","Recta","Deteriorada","Buena","Diurna","Buen Tiempo","S/D","S/D","Vuelco,Despiste","Ninguna","Vertical","Guardarrail","Sin restricción"
2017,4808,5/17/2017,"Miercoles",0,21:30:00,"Ruta Provincial 18","20.0",4,"Camión c / Acoplado,Camión c / Acoplado,Camión c / Acoplado,Camión c / Semirremolque"," ",4,1,0,0,2,1,0,"-33.17764, -60.73667","Ruta",18,"CORONEL DOMINGUEZ","Rosario","Asfalto","Natural","II","Dentro","Urbana","Marca Vial","No existe","Curva","Bueno","Buena","Nocturna","Buen Tiempo","Contra objeto fijo,Múltiple","S/D","Colisión","Ninguna","Vertical","Línea divisoria pintada","Sin restricción"
2017,4809,7/17/2017,"Lunes",0,13:15:00,,"0.0",2,"Moto/Ciclomotor,Automóvil","Dr Zavalla Y Jujuy",2,1,0,0,1,0,0,,"Calle",,"SANTA FE","La Capital","Asfalto","No existe","I","Dentro","Urbana","Ninguna","No existe","Intersección","Con baches","Buena","Diurna","Buen Tiempo","Lateral","S/D","Colisión","Ninguna","Faltante","Ninguna","Sin restricción"
2017,4810,7/14/2017,"Viernes",0,15:45:00,,"0.0",2,"Moto/Ciclomotor,Automóvil","J J Paso Y Av Urquiza",3,2,0,0,1,0,0,,"Avenida",,"SANTA FE","La Capital","Asfalto","No existe","I","Dentro","Urbana","Ninguna","Funciona","Intersección","Con baches,Deteriorada","Buena","Diurna","Buen Tiempo","Lateral","S/D","Colisión","Ninguna","Faltante","Ninguna","Sin restricción"
2017,4811,5/19/2017,"Viernes",0,17:10:00,"Ruta Nacional 95","912.0",2,"Automóvil,Pickup/Utilitario"," ",3,1,0,0,0,2,0,"-28.2307, -61.42081","Ruta",95,"GREGORIA P. DE DENIS","9 de Julio","Asfalto","Natural","XII","Fuera","Rural","Ninguna","No existe","Recta","Bueno","Buena","Diurna","Buen Tiempo","Frontal","S/D","Colisión","Ninguna","Faltante","Ninguna","Sin restricción"
2017,4812,5/21/2017,"Domingo",0,,"Ruta Nacional 11","419.0",2,"Moto/Ciclomotor,Pickup/Utilitario","Av L de la Torre-Ruta Nac 11 Y Urquiza",5,1,0,0,3,1,0,"-32.00335, -60.93","Ruta",11,"CORONDA","San Jerónimo","Asfalto","Natural","XV","Dentro","Urbana","Ninguna","No existe","Recta","Bueno","Buena","Diurna","Buen Tiempo","Frontal","S/D","Colisión","Ninguna","Horizontal","Ninguna","Sin restricción"
2017,4813,5/23/2017,"Martes",0,19:20:00,,"0.0",2,"Peatón,Moto/Ciclomotor","Av. Uriburu Y Callao",3,2,0,0,0,1,0,"-32.991395473099, -60.672443307726","Calle",,"ROSARIO","Rosario","Asfalto","S/D","II","Dentro","Urbana","S/D","S/D","Recta","Bueno","S/D","Atardecer","S/D","S/D","Peatón","Atropello","Ninguna","Horizontal","S/D","S/D"
2017,4814,5/27/2017,"Sabado",0,8:00:00,,"0.0",2,"Moto/Ciclomotor,Moto/Ciclomotor","Teniente Loza Y Manuel Ruiz",2,0,0,0,0,2,0,"-31.56537, -60.74106","Avenida",,"SANTA FE","La Capital","Asfalto","Natural","I","Dentro","Urbana","Ninguna","No existe","Recta","Bueno","Reducida","Amanecer","Buen Tiempo","Frontal","S/D","Colisión","Ninguna","Faltante","Ninguna","S/D"
2017,4815,5/30/2017,"Martes",0,20:00:00,,"0.0",2,"Pickup/Utilitario,Moto/Ciclomotor","Donado Y Av. Brassey",3,0,0,1,1,1,0,"-32.92294, -60.72764","Calle",,"ROSARIO","Rosario","Asfalto","Pavimento","II","Dentro","Urbana","Ninguna","No existe","Intersección","Bueno","Buena","Nocturna","Buen Tiempo","De alcance","S/D","Colisión","Ninguna","Faltante","Ninguna","Sin restricción"
2017,4816,5/31/2017,"Miercoles",0,13:15:00,"Autovía Nacional 19","36.0",1,"Moto/Ciclomotor"," ",1,0,0,0,0,1,0,"-31.61883, -61.14346","Autovía",19,"SAN JERÓNIMO DEL SAUCE","Las Colonias","Asfalto","Natural","XI","Dentro","S/D","Ninguna","No existe","Curva","Bueno","Buena","Diurna","Buen Tiempo","S/D","S/D","Despiste","Ninguna","Vertical","Guardarrail","Sin restricción"