"anio_acci","nro_acci","fecha","desc_dia","fecha_aprox","hora_aprox","desc_ruta","km","cant_participantes","desc_participante","calle_avenida_km","total","heridos_leves","heridos_graves","heridos_gravisimos","ilesos","fallecidos","sin_datos","posicion_XY","desc_tipo_via","desc_ruta_ori","desc_loc","desc_dpto","desc_tipo_calzada","desc_tipo_banquina","desc_unidad_regional","desc_lugar_calzada","desc_zona","desc_prioridad","desc_estado_semaforo","desc_lugar_via","desc_estado_via","desc_estado_visibilidad","desc_luminosidad","desc_estado_clima","desc_tipo_colision","desc_tipo_atropello","desc_tipo_hecho","desc_pres_calzada","desc_senializacion","desc_separacion_via","desc_restriccion"
2017,4817,7/17/2017,"Lunes",0,13:35:00,,"0.0",2,"Automóvil,Moto/Ciclomotor","Hernandarias Y San Juan",2,1,0,0,1,0,0,,"Calle",,"SANTA FE","La Capital","Asfalto","Pavimento","I","Dentro","Urbana","S/D","S/D","Intersección","Bueno","Buena","Diurna","S/D","S/D","S/D","Colisión","Ninguna","Faltante","S/D","S/D"
2017,4818,7/8/2017,"Sabado",0,14:00:00,,"0.0",2,"Pickup/Utilitario,Moto/Ciclomotor","Diaz y Clucellas Y Guemes",2,1,0,0,1,0,0,,"Calle",,"RECREO","La Capital","Tierra","No existe","I","Dentro","Urbana","Ninguna","No existe","Recta","Con baches","Buena","Diurna","Buen Tiempo","Lateral","S/D","Colisión","Ninguna","Faltante","Ninguna","Sin restricción"
2017,4819,7/27/2017,"Jueves",0,,,"0.0",2,"Automóvil,Moto/Ciclomotor"," ",2,0,1,0,0,0,1,,"S/D",,"RECREO","La Capital","Asfalto","S/D","I","S/D","S/D","S/D","S/D","Recta","Bueno","S/D","S/D","S/D","S/D","S/D","Colisión","S/D","S/D","S/D","S/D"
2017,4820,7/27/2017,"Jueves",0,9:00:00,"Ruta Provincial 70","3.0",3,"Moto/Ciclomotor,Moto/Ciclomotor,Bicicleta"," ",3,2,1,0,0,0,0,,"Ruta",70,"RECREO","La Capital","Asfalto","Natural","I","Dentro","Urbana","Ninguna","No existe","Recta","Con baches","Buena","Diurna","Buen Tiempo","S/D","Ciclista","Atropello","Ninguna","Faltante","Línea divisoria pintada","Sin restricción"
2017,4821,7/16/2017,"Domingo",0,9:20:00,"Ruta Provincial 70","4.0",1,"Pickup/Utilitario"," ",1,1,0,0,0,0,0,,"Ruta",70,"RECREO","La Capital","Asfalto","Natural","I","Fuera","Rural","Ninguna","No existe","Recta","Bueno","Buena","Diurna","Buen Tiempo","S/D","S/D","Despiste","Ninguna","S/D","Línea divisoria pintada","Sin restricción"
2017,4822,7/22/2017,"Sabado",0,12:45:00,,"0.0",2,"Moto/Ciclomotor,Pickup/Utilitario","España ",3,1,0,0,1,0,1,,"Calle",,"RECREO","La Capital","Tierra","No existe","I","Dentro","Urbana","Ninguna","No existe","Intersección","Bueno","Buena","Diurna","Buen Tiempo","Lateral","S/D","Colisión","Ninguna","Faltante","Ninguna","Sin restricción"
2017,4823,7/28/2017,"Viernes",0,21:40:00,,"0.0",2,"Moto/Ciclomotor,Moto/Ciclomotor","Lehman Y Quiroga",2,1,0,0,0,0,1,,"Calle",,"RECREO","La Capital","Tierra","No existe","I","Dentro","Urbana","Ninguna","No existe","Intersección","Bueno","Buena","Nocturna","Buen Tiempo","Lateral","S/D","Colisión","Ninguna","S/D","Ninguna","Sin restricción"
2017,4824,7/28/2017,"Viernes",0,8:40:00,"Ruta Nacional 11","0.0",2,"Automóvil,Camión c / Acoplado","Ruta Nacional 1V11- Juan de Garay ",3,1,0,0,2,0,0,,"Ruta",11,"RECREO","La Capital","Asfalto","Natural","I","Dentro","Urbana","Ninguna","No existe","Recta","Bueno","Buena","Diurna","Buen Tiempo","Lateral","S/D","Colisión","Ninguna","S/D","Ninguna","Sin restricción"
2017,4825,7/25/2017,"Martes",0,17:10:00,"Ruta Provincial 5","0.0",2,"Camión,Automóvil"," ",2,1,0,0,1,0,0,,"Ruta",5,"RECREO","La Capital","Asfalto","Natural","I","Dentro","Urbana","Ninguna","No existe","Recta","Bueno","Buena","Diurna","Buen Tiempo","S/D","S/D","Colisión","Ninguna","S/D","Línea divisoria pintada","Sin restricción"
2017,4826,7/8/2017,"Sabado",0,19:00:00,"Ruta Nacional 11","492.0",2,"Pickup/Utilitario,Moto/Ciclomotor","Ruta Nacional 1V11- Juan de Garay ",7,1,1,0,5,0,0,,"Ruta",11,"RECREO","La Capital","Asfalto","Natural","I","Dentro","Rural","Ninguna","No existe","Recta","Bueno","Reducida","Nocturna","Niebla","Lateral","S/D","Colisión","Ninguna","Faltante","Línea divisoria pintada","Sin restricción"
2017,4827,7/30/2017,"Domingo",0,6:30:00,,"0.0",2,"Taxi/Remis,Bicicleta","Juan Jose Castelli Y Roverano",2,1,0,0,1,0,0,,"Calle",,"SANTO TOMÉ","La Capital","Asfalto","S/D","I","Dentro","Urbana","Ninguna","S/D","Recta","Bueno","S/D","Diurna","Buen Tiempo","S/D","Ciclista","Atropello","Ninguna","Faltante","Ninguna","Sin restricción"
2017,4828,7/20/2017,"Jueves",0,16:45:00,"Ruta Nacional 11","0.0",2,"Moto/Ciclomotor,Moto/Ciclomotor"," ",2,1,0,0,0,0,1,,"Ruta",11,"SANTO TOMÉ","La Capital","Asfalto","Natural","I","Dentro","Urbana","Ninguna","No existe","Curva","Bueno","Buena","Diurna","Buen Tiempo","Lateral","S/D","Colisión","Ninguna","Faltante","Ninguna","Sin restricción"
2017,4829,7/19/2017,"Miercoles",0,20:30:00,"Ruta Nacional 11","0.0",2,"Moto/Ciclomotor,Automóvil","3 de febrero ",2,1,0,0,0,0,1,,"Ruta",11,"SANTO TOMÉ","La Capital","Asfalto,Tierra","Natural","I","Dentro","Urbana","Ninguna","No existe","Intersección","Bueno","Buena","Atardecer","Buen Tiempo","Lateral","S/D","Colisión","Ninguna","Faltante","Ninguna","Sin restricción"
2017,4830,7/1/2017,"Sabado",0,18:30:00,"Ruta Nacional 11","0.0",2,"Automóvil,Moto/Ciclomotor","Las Baleares ",2,1,0,0,0,0,1,,"Ruta",11,"SANTO TOMÉ","La Capital","Asfalto,Tierra","Natural","I","Dentro","Urbana","Ninguna","No existe","Intersección","Bueno","S/D","Diurna","Buen Tiempo","De alcance","S/D","Colisión","S/D","Faltante","Ninguna","Sin restricción"
2017,4831,4/9/2017,"Domingo",0,5:20:00,,"0.0",1,"Pickup/Utilitario","3 de Febrero Y Juan M De Rosas",6,3,2,0,0,1,0,"-32.743864, -60.745671","Calle",,"SAN LORENZO","San Lorenzo","S/D","S/D","XVII","Dentro","Urbana","S/D","S/D","Intersección","Resbaladiza","S/D","Nocturna","Lluvia","S/D","S/D","Vuelco","Agua","S/D","S/D","S/D"
2017,4832,5/1/2017,"Lunes",1,,,"0.0",1,"Automóvil"," ",2,1,0,0,0,1,0,"-32.944337, -60.650062","S/D",,"ROSARIO","Rosario","S/D","S/D","II","S/D","S/D","S/D","S/D","S/D","S/D","S/D","S/D","S/D","S/D","S/D","S/D","S/D","S/D","S/D","S/D"
2017,4833,5/1/2017,"Lunes",0,1:20:00,,"0.0",2,"Moto/Ciclomotor,Automóvil","Sarmiento Y Nuñez y Burges",3,2,0,0,0,1,0,"-30.58175, -59.93328","Calle",,"SAN JAVIER","San Javier","Tierra","No existe","XIV","Dentro","Urbana","S/D","No existe","Intersección","S/D","S/D","Nocturna","S/D","S/D","S/D","Colisión","S/D","Faltante","Ninguna","S/D"
2017,4834,4/11/2017,"Martes",0,23:00:00,,"0.0",2,"Moto/Ciclomotor,Transporte de Pasajeros Urbano (> 8 asientos)","Teniente Loza Y Diagonal Obligado",2,0,0,0,1,1,0,"-31.56365, -60.75162","Calle",,"SANTA FE","La Capital","Asfalto","S/D","I","Dentro","Urbana","S/D","S/D","Intersección","S/D","S/D","Nocturna","S/D","S/D","S/D","Colisión","S/D","S/D","S/D","S/D"
2017,4835,4/10/2017,"Lunes",0,15:30:00,"Ruta Nacional 11","0.0",2,"Tren,Peatón","Av San Lorenzo Y Santa fe",2,0,0,0,1,1,0,"-32.823051, -60.714098","Ruta",11,"CAPITÁN BERMÚDEZ","San Lorenzo","S/D","S/D","XVII","Dentro","Urbana","S/D","S/D","Recta","S/D","S/D","Diurna","S/D","S/D","Peatón","Atropello","S/D","S/D","S/D","S/D"
2017,4836,4/28/2017,"Viernes",0,11:45:00,,"0.0",2,"Moto/Ciclomotor,Moto/Ciclomotor","Calle 44-27 de Abril Y Calle 57-Prof Roberto Roveda",2,0,0,0,1,1,0,"-29.16378, -59.66517","Calle",,"RECONQUISTA","General Obligado","S/D","S/D","IX","Dentro","Urbana","S/D","S/D","Intersección","S/D","S/D","Diurna","S/D","Lateral","S/D","Colisión","S/D","S/D","S/D","S/D"
2017,4837,5/2/2017,"Martes",0,10:30:00,"Ruta Nacional 11","0.0",2,"Moto/Ciclomotor,Camión","Ruta Nacional 11 Y Calle 15",2,0,0,0,1,1,0,"-29.12044, -59.65269","Ruta",11,"AVELLANEDA","General Obligado","Asfalto","No existe","IX","Dentro","Urbana","Semáforo","Funciona","Recta","Bueno","S/D","Diurna","S/D","Lateral","S/D","Colisión","S/D","Horizontal,Vertical","Línea divisoria pintada","S/D"
2017,4838,7/13/2017,"Jueves",0,17:30:00,"Ruta Nacional 11","451.0",2,"Bicicleta,Camión"," ",2,1,0,0,1,0,0,,"Ruta",11,"SAUCE VIEJO","La Capital","Asfalto","Natural","I","Dentro","Urbana","Ninguna","No existe","Recta","Bueno","Buena","Atardecer","Buen Tiempo","S/D","Ciclista","Atropello","Ninguna","Faltante","Ninguna","Sin restricción"
2017,4839,5/2/2017,"Martes",0,18:50:00,"Ruta Nacional 11","791.0",3,"Pickup/Utilitario,Moto/Ciclomotor,Camión c / Semirremolque","Ruta Nacional 11 ",5,1,0,0,3,1,0,"-29.12518, -59.65339","Ruta",11,"AVELLANEDA","General Obligado","Asfalto","No existe","IX","Dentro","Urbana","S/D","No existe","Recta","S/D","S/D","Atardecer","S/D","Múltiple","S/D","Colisión","S/D","Horizontal","Línea divisoria pintada","S/D"
2017,4840,7/22/2017,"Sabado",0,11:45:00,"Ruta Nacional 11","0.0",2,"Moto/Ciclomotor,Automóvil","Calle 12 - Mate ",2,1,0,0,1,0,0,,"Ruta",11,"SAUCE VIEJO","La Capital","S/D","Natural","I","Dentro","Urbana","Ninguna","No existe","Recta","Bueno","Buena","Diurna","Buen Tiempo","Lateral","S/D","Colisión","Ninguna","Faltante","Ninguna","Sin restricción"
2017,4841,7/30/2017,"Domingo",0,7:30:00,"Ruta Nacional 11","0.0",2,"Automóvil,Camión"," ",2,1,0,0,1,0,0,,"Ruta",11,"SAUCE VIEJO","La Capital","Asfalto","No existe","I","Dentro","Urbana","Ninguna","No existe","Recta","Bueno","Reducida","Diurna","Buen Tiempo","Lateral","S/D","Colisión","Ninguna","Faltante","Ninguna","Sin restricción"
2017,4842,7/5/2017,"Miercoles",0,8:20:00,"Ruta Nacional 11","449.0",2,"Moto/Ciclomotor,Automóvil"," ",3,1,0,0,2,0,0,,"Ruta",11,"SAUCE VIEJO","La Capital","Tierra","S/D","I","Dentro","Urbana","Policía de tránsito","No existe","Recta","Bueno","Buena","Diurna","Buen Tiempo","Lateral","S/D","Colisión","Ninguna","Faltante","Línea divisoria pintada","Sin restricción"
2017,4843,7/22/2017,"Sabado",0,23:45:00,"Ruta Nacional 11","0.0",1,"Pickup/Utilitario"," ",3,3,0,0,0,0,0,,"Ruta",11,"SAUCE VIEJO","La Capital","Hormigón","Natural","I","Dentro","Urbana","Ninguna","No existe","Curva","Bueno","Buena","Nocturna","Buen Tiempo","Atropello animal","S/D","Colisión","Ninguna","Faltante","Ninguna","Sin restricción"
2017,4844,7/6/2017,"Jueves",0,19:30:00,"Ruta Nacional 11","0.0",3,"Moto/Ciclomotor,Automóvil,Automóvil","España ",4,3,1,0,0,0,0,,"Ruta",11,"SAUCE VIEJO","La Capital","Asfalto","Ripio","I","Dentro","Urbana","Ninguna","No existe","Recta","Resbaladiza","Reducida","Atardecer,Con luz artificial","Lluvia","De alcance,Múltiple","S/D","Colisión","Agua","Vertical","Ninguna","Sin restricción"
2017,4845,7/29/2017,"Sabado",0,12:35:00,,"0.0",2,"Automóvil,Automóvil","Ituzaingo Y Las Heras",3,1,0,0,2,0,0,,"Calle",,"SANTA FE","La Capital","Asfalto","No existe","I","Dentro","Urbana","Ninguna","No existe","Intersección","Bueno","Buena","Diurna","Buen Tiempo","Lateral","S/D","Colisión","Ninguna","Faltante","Ninguna","Sin restricción"
2017,4846,7/27/2017,"Jueves",0,17:00:00,,"0.0",2,"Automóvil,Peatón","Av Leandro Alem Y Dorrego",2,1,0,0,1,0,0,,"Calle",,"SANTA FE","La Capital","Asfalto","No existe","I","Dentro","Urbana","S/D","S/D","Intersección","Bueno","S/D","Diurna","S/D","Lateral","Peatón","Atropello","Ninguna","Faltante","Ninguna","S/D"
2017,4847,7/27/2017,"Jueves",0,16:30:00,,"0.0",2,"Automóvil,Moto/Ciclomotor","Balcarce Y Candioti",2,1,0,0,1,0,0,,"Calle",,"SANTA FE","La Capital","Asfalto","No existe","I","Dentro","Urbana","S/D","S/D","Intersección","Bueno","S/D","Diurna","S/D","Lateral","S/D","Colisión","Ninguna","S/D","S/D","S/D"
2017,4848,7/26/2017,"Miercoles",0,13:55:00,,"0.0",2,"Automóvil,Automóvil","Candioti ",2,1,0,0,1,0,0,,"Calle",,"SANTA FE","La Capital","Hormigón","Natural","I","Dentro","Urbana","S/D","No existe","Recta","Bueno","Buena","Diurna","S/D","Lateral","S/D","Colisión","Ninguna","S/D","S/D","S/D"
2017,4849,7/1/2017,"Sabado",1,7:40:00,,"0.0",2,"Automóvil,Bicicleta","Junin Y Belgrano",2,1,0,0,1,0,0,,"Calle",,"SANTA FE","La Capital","Asfalto","No existe","I","Dentro","Urbana","S/D","No existe","Intersección","Bueno","Buena","Diurna","S/D","S/D","Ciclista","Atropello","Ninguna","S/D","S/D","S/D"
2017,4850,7/23/2017,"Domingo",0,6:10:00,,"0.0",2,"Peatón,Automóvil","Bv Galvez ",2,1,0,0,0,0,1,,"Calle",,"SANTA FE","La Capital","Asfalto","No existe","I","Dentro","Urbana","S/D","S/D","Intersección","Bueno","Buena","Amanecer","S/D","S/D","Peatón","Atropello","S/D","S/D","S/D","S/D"
2017,4851,7/20/2017,"Jueves",0,18:00:00,,"0.0",2,"Automóvil,Moto/Ciclomotor","Guemes Y Castellanos",2,1,0,0,1,0,0,,"Calle",,"SANTA FE","La Capital","Asfalto","No existe","I","Dentro","Urbana","S/D","No existe","Intersección","Bueno","Buena","Atardecer","S/D","Lateral","S/D","Colisión","S/D","S/D","S/D","Sin restricción"
2017,4852,5/14/2017,"Domingo",0,,"Ruta Provincial 13","0.0",2,"Peatón,Camión","RP 13 CERCA DE EL TREBOL ",2,0,0,0,1,1,0," -32.161107,-61.72084","Ruta",13,"EL TRÉBOL","San Martín","Asfalto","Natural","XVIII","Fuera","S/D","Ninguna","No existe","Recta","S/D","S/D","S/D","S/D","S/D","Peatón","Atropello","S/D","S/D","Ninguna","Sin restricción"
2017,4853,6/26/2017,"Lunes",0,19:30:00,,"0.0",2,"Moto/Ciclomotor,Automóvil","Llerena Y Las Heras",4,3,0,0,1,0,0,,"Calle",,"SANTA FE","La Capital","Asfalto","No existe","I","Dentro","Urbana","Ninguna","No existe","Intersección","Bueno","Buena","Nocturna","Buen Tiempo","Lateral","S/D","Colisión","Ninguna","S/D","Ninguna","Sin restricción"
2017,4854,7/18/2017,"Martes",0,15:00:00,"Ruta Nacional 168","0.0",3,"Pickup/Utilitario,Pickup/Utilitario,Moto/Ciclomotor"," ",3,1,0,0,2,0,0,,"Ruta",168,"SANTA FE","La Capital","Asfalto","No existe","I","Dentro","Urbana","S/D","No existe","Recta","Bueno","Buena","Diurna","S/D","Múltiple","S/D","Colisión","Ninguna","S/D","S/D","Sin restricción"
2017,4855,7/16/2017,"Domingo",0,20:00:00,,"0.0",4,"Automóvil,Automóvil,Automóvil,Automóvil","Bv Galvez ",4,4,0,0,0,0,0,,"Calle",,"SANTA FE","La Capital","Hormigón","No existe","I","Dentro","Urbana","S/D","No existe","Intersección","Bueno","Buena","Nocturna","S/D","Múltiple","S/D","Colisión","S/D","S/D","S/D","S/D"
2017,4856,7/15/2017,"Sabado",0,14:00:00,,"0.0",2,"Automóvil,Automóvil","Pedro Centeno Y Laprida",2,1,0,0,1,0,0,,"Calle",,"SANTA FE","La Capital","Asfalto","No existe","I","Dentro","Urbana","S/D","No existe","Intersección","Bueno","Buena","Diurna","S/D","Lateral","S/D","Colisión","Ninguna","S/D","S/D","S/D"
2017,4857,6/15/2017,"Jueves",0,10:45:00,,"0.0",2,"Moto/Ciclomotor,Automóvil","Agustin Delgado Y Dorrego",4,3,0,0,1,0,0,,"Calle",,"SANTA FE","La Capital","Asfalto","No existe","I","Dentro","Urbana","Ninguna","No existe","Intersección","Bueno","Buena","Diurna","Buen Tiempo","Lateral","S/D","Colisión","Ninguna","S/D","S/D","Sin restricción"
2017,4858,7/14/2017,"Viernes",0,11:00:00,,"0.0",2,"Pickup/Utilitario,Moto/Ciclomotor","Bv Galvez Y Alberdi",2,1,0,0,1,0,0,,"Calle",,"SANTA FE","La Capital","Asfalto","No existe","I","Dentro","Urbana","S/D","No existe","Recta","Bueno","S/D","Diurna","S/D","Lateral","S/D","Colisión","S/D","S/D","S/D","S/D"
2017,4859,6/24/2017,"Sabado",0,20:30:00,"Ruta Provincial 2","0.0",2,"Camión c / Acoplado,Automóvil"," ",4,0,3,0,1,0,0,,"Ruta",2,"HUANQUEROS","San Cristóbal","Asfalto","Natural","XIII","Dentro","Rural","Ninguna","No existe","Recta","Bueno","Buena","Nocturna","Buen Tiempo","Lateral","S/D","Colisión","Ninguna","S/D","S/D","Sin restricción"
2017,4860,7/12/2017,"Miercoles",0,,,"0.0",2,"Pickup/Utilitario,Automóvil"," ",3,2,0,0,1,0,0,,"S/D",,"SANTA FE","La Capital","Hormigón","No existe","I","Dentro","Urbana","S/D","No existe","Recta","Bueno","Buena","Nocturna","S/D","Lateral","S/D","Colisión","S/D","S/D","S/D","S/D"
2017,4861,7/8/2017,"Sabado",0,18:00:00,,"0.0",2,"Automóvil,Moto/Ciclomotor","Bv Galvez Y Mitre",2,1,0,0,1,0,0,,"Calle",,"SANTA FE","La Capital","Asfalto","No existe","I","Dentro","Urbana","S/D","S/D","Intersección","Bueno","S/D","Atardecer","S/D","S/D","S/D","Colisión","S/D","S/D","S/D","S/D"
2017,4862,6/5/2017,"Lunes",0,11:50:00,,"0.0",2,"Moto/Ciclomotor,Automóvil","Azcuenaga Y Cochabamba",3,1,0,0,2,0,0,,"Calle",,"SAN CRISTÓBAL","San Cristóbal","Ripio","Natural","XIII","Dentro","Urbana","Ninguna","No existe","Intersección","Resbaladiza","Buena","Diurna","Buen Tiempo","Lateral","S/D","Colisión","Material Suelto","Faltante","Ninguna","Sin restricción"
2017,4863,7/19/2017,"Miercoles",0,18:30:00,"Ruta Provincial 14","18.0",2,"Automóvil,Automóvil"," ",4,2,1,0,1,0,0,,"Ruta",14,"PIÑERO","Rosario","Asfalto","No existe","II","Dentro","Rural","Otra Señal","No existe","Recta","Bueno","Buena","Atardecer","Buen Tiempo","Lateral","S/D","Colisión","Ninguna","Faltante","Línea divisoria pintada","Sin restricción"
2017,4864,6/4/2017,"Domingo",0,,,"0.0",2,"Automóvil,Automóvil","Italia Y Calle 94 Hno Lino Terford",3,1,0,0,2,0,0,,"Calle",,"ESPERANZA","Las Colonias","Asfalto","No existe","XI","Dentro","Urbana","Ninguna","No existe","Intersección","Bueno","Buena","Diurna","Buen Tiempo","Lateral","S/D","Colisión","Ninguna","Vertical","Ninguna","Sin restricción"
2017,4865,6/12/2017,"Lunes",0,22:55:00,"Autopista Provincial Brigadier E.López","55.5",3,"Camión c / Acoplado,Camión Chasis,Camión c / Acoplado","1ro. de Mayo ",4,2,1,0,1,0,0,,"Autopista","Brigadier E.López","MACIEL","San Jerónimo","Asfalto","Natural","XV","Dentro","Rural","Ninguna","No existe","Recta","Bueno","Buena","Nocturna","Buen Tiempo","De alcance,Múltiple","S/D","Colisión","Ninguna","Horizontal","Ninguna","Sin restricción"
2017,4866,7/3/2017,"Lunes",0,17:00:00,,"0.0",2,"Moto/Ciclomotor,Automóvil","J M Zuviria Y Pedro Diaz Colodrero",2,1,0,0,1,0,0,,"Calle",,"SANTA FE","La Capital","Asfalto","Pavimento","I","Dentro","Urbana","S/D","S/D","Intersección","S/D","Buena","Diurna","S/D","S/D","S/D","Colisión","S/D","S/D","Cordón divisorio","S/D"
2017,4867,7/2/2017,"Domingo",0,6:00:00,,"0.0",2,"Automóvil,Moto/Ciclomotor","Vieytes ",2,1,0,0,0,0,1,,"Calle",,"SANTA FE","La Capital","Ripio","No existe","I","Dentro","Urbana","Ninguna","No existe","Recta","Con baches","Buena","Nocturna","Buen Tiempo","Lateral","S/D","Colisión","Ninguna","Faltante","Ninguna","Sin restricción"
2017,4868,7/5/2017,"Miercoles",0,17:30:00,,"0.0",2,"Otros,Moto/Ciclomotor","Av Peñaloza 7900",2,1,0,0,0,0,1,,"Calle",,"SANTA FE","La Capital","Asfalto","No existe","I","Dentro","Urbana","Ninguna","No existe","Recta","Bueno","S/D","Diurna","Buen Tiempo","S/D","S/D","Colisión","Ninguna","S/D","Ninguna","Sin restricción"
2017,4869,7/4/2017,"Martes",0,16:30:00,,"0.0",2,"Otros,Pickup/Utilitario","Av Blas Parera 7200",2,1,0,0,0,0,1,,"Calle",,"SANTA FE","La Capital","Asfalto","No existe","I","Dentro","Urbana","Ninguna","No existe","Recta","Bueno","Buena","Diurna","Buen Tiempo","Lateral","S/D","Colisión","Ninguna","Faltante","Línea divisoria pintada","Sin restricción"
2017,4870,5/10/2017,"Miercoles",0,8:20:00,,"0.0",1,"Moto/Ciclomotor","Martin Fierro 1300",1,0,0,0,0,1,0,"-32.843033924462, -61.255679090557","Calle",,"CORREA","Iriondo","S/D","S/D","X","Dentro","Urbana","S/D","S/D","S/D","S/D","S/D","Diurna","S/D","S/D","S/D","Caída ocupante","S/D","S/D","S/D","S/D"
2017,4871,5/16/2017,"Martes",0,8:00:00,"Ruta Provincial 5","481.0",1,"Moto/Ciclomotor","Ruta Nacional 1V11- Juan de Garay ",2,0,0,0,1,1,0,"-31.53131, -60.72228","Ruta",5,"RECREO","La Capital","Asfalto","Ripio","I","Dentro","Urbana","S/D","S/D","Recta","Bueno","S/D","Diurna","S/D","S/D","S/D","Colisión","S/D","Horizontal","Línea divisoria pintada","Sin restricción"
2017,4872,5/9/2017,"Martes",0,,,"0.0",1,"Moto/Ciclomotor"," ",1,1,0,0,0,0,0,,"S/D",,"ROSARIO","Rosario","S/D","S/D","II","S/D","S/D","S/D","S/D","Puente","S/D","S/D","S/D","S/D","S/D","S/D","Caída ocupante","S/D","S/D","S/D","S/D"
2017,4873,5/11/2017,"Jueves",0,20:00:00,"Ruta Nacional A012","0.0",2,"Camión c / Semirremolque,Camión"," ",2,1,0,0,1,0,0,,"Ruta","A012","SAN LORENZO","San Lorenzo","S/D","S/D","XVII","S/D","S/D","S/D","S/D","S/D","S/D","S/D","Nocturna","S/D","S/D","S/D","Colisión","S/D","S/D","S/D","S/D"
2017,4874,5/12/2017,"Viernes",0,,,"0.0",2,"Moto/Ciclomotor,Peatón","Av Italia Y Av Brasil",3,3,0,0,0,0,0,,"Avenida",,"RAFAELA","Castellanos","S/D","S/D","V","S/D","S/D","S/D","S/D","S/D","S/D","S/D","S/D","S/D","S/D","Peatón","Atropello","S/D","S/D","S/D","S/D"
2017,4875,5/12/2017,"Viernes",0,,,"0.0",2,"Automóvil,Moto/Ciclomotor"," ",3,1,1,0,1,0,0,,"S/D",,"VENADO TUERTO","General López","S/D","S/D","VIII","S/D","S/D","S/D","S/D","S/D","S/D","S/D","S/D","S/D","S/D","S/D","Colisión","S/D","S/D","S/D","S/D"
2017,4876,5/17/2017,"Miercoles",0,13:00:00,,"0.0",2,"Moto/Ciclomotor,Automóvil","25 de Mayo Y Juan Lavalle",3,1,0,0,0,1,1,"-33.747504882619, -61.970133519942","Calle",,"VENADO TUERTO","General López","Asfalto","No existe","VIII","Dentro","Urbana","Ninguna","No existe","Intersección","Bueno","S/D","Diurna","S/D","Lateral","S/D","Colisión","S/D","Vertical","Ninguna","Sin restricción"
2017,4877,5/20/2017,"Sabado",0,7:00:00,"Ruta Nacional 8","0.0",2,"Automóvil,Camión c / Semirremolque","Ruta Nac 8 Y Vuelta de Obligado",3,0,0,0,1,2,0,"-33.76743, -61.96434","Ruta",8,"VENADO TUERTO","General López","Asfalto","Natural","VIII","Dentro","Urbana","Ninguna","No existe","Recta","Bueno","S/D","Diurna","S/D","Frontal","S/D","Colisión","S/D","Horizontal,Vertical","Línea divisoria pintada","Sin restricción"
2017,4878,5/21/2017,"Domingo",0,1:00:00,"Autopista Provincial Brigadier E.López","13.0",1,"Moto/Ciclomotor"," ",2,0,1,0,0,1,0,"-32.77244, -60.74903","Autopista","Brigadier E.López","SAN LORENZO","San Lorenzo","Asfalto","Natural","XVII","S/D","Rural","Ninguna","No existe","Recta","Bueno","S/D","Nocturna","S/D","S/D","S/D","S/D","S/D","Horizontal,Vertical","Vegetación","Sin restricción"
2017,4879,5/21/2017,"Domingo",0,6:55:00,,"0.0",1,"Moto/Ciclomotor","J J Paso Y Dr Zavalla",1,0,0,0,0,1,0,"-31.66121, -60.7246","Avenida",,"SANTA FE","La Capital","Hormigón","No existe","I","Dentro","Urbana","S/D","No existe","S/D","Deteriorada","S/D","Diurna","S/D","S/D","S/D","Caída ocupante","S/D","Faltante","Ninguna","S/D"
2017,4880,5/29/2017,"Lunes",0,,"Ruta Provincial 93","0.0",2,"Automóvil,Automóvil","RP 93 ENTRE BERABEVU Y CHAÑAR LADEADO ",4,3,0,0,0,1,0," -33.334845,-61.944238","Ruta",93,"BERABEVÚ","Caseros","Asfalto","Natural","IV","Dentro","Rural","Ninguna","No existe","Recta","Bueno","S/D","S/D","S/D","Frontal","S/D","Colisión","S/D","Horizontal","Línea divisoria pintada","S/D"
2017,4881,7/25/2017,"Martes",0,19:10:00,,"0.0",2,"Automóvil,Moto/Ciclomotor","Balcarce ",2,1,0,0,1,0,0,,"Calle",,"VENADO TUERTO","General López","Asfalto","No existe","VIII","Dentro","Urbana","Ninguna","No existe","Intersección","Bueno","Buena","Atardecer","Buen Tiempo","Lateral","S/D","Colisión","Ninguna","Horizontal","Ninguna","Sin restricción"
2017,4882,7/10/2017,"Lunes",0,20:10:00,,"0.0",2,"Otros,Moto/Ciclomotor","Beruti Y Chiclana",2,1,0,0,1,0,0,,"Calle",,"SANTA FE","La Capital","Asfalto","Pavimento","I","Dentro","Urbana","Ninguna","No existe","Recta","Bueno","Buena","Nocturna","Buen Tiempo","S/D","S/D","Colisión","S/D","Faltante","S/D","Sin restricción"
2017,4883,7/29/2017,"Sabado",0,16:30:00,,"0.0",2,"Moto/Ciclomotor,Otros","Av Peñaloza Y Estanislao Zeballos",2,1,0,0,0,0,1,,"Calle",,"SANTA FE","La Capital","Asfalto","No existe","I","Dentro","Urbana","Ninguna","Funciona","Intersección","Bueno","Buena","Diurna","Buen Tiempo","Lateral","S/D","Colisión","Ninguna","Vertical","Ninguna","Sin restricción"
2017,4884,7/26/2017,"Miercoles",0,21:15:00,,"0.0",2,"Otros,Moto/Ciclomotor","French Y Alsina",2,1,0,0,1,0,0,,"Calle",,"SANTA FE","La Capital","Asfalto","No existe","I","Dentro","Urbana","Ninguna","No existe","Curva","Bueno","Buena","Nocturna","Buen Tiempo","S/D","S/D","Colisión","Ninguna","Faltante","Ninguna","Sin restricción"