"anio_acci","nro_acci","fecha","desc_dia","fecha_aprox","hora_aprox","desc_ruta","km","cant_participantes","desc_participante","calle_avenida_km","total","heridos_leves","heridos_graves","heridos_gravisimos","ilesos","fallecidos","sin_datos","posicion_XY","desc_tipo_via","desc_ruta_ori","desc_loc","desc_dpto","desc_tipo_calzada","desc_tipo_banquina","desc_unidad_regional","desc_lugar_calzada","desc_zona","desc_prioridad","desc_estado_semaforo","desc_lugar_via","desc_estado_via","desc_estado_visibilidad","desc_luminosidad","desc_estado_clima","desc_tipo_colision","desc_tipo_atropello","desc_tipo_hecho","desc_pres_calzada","desc_senializacion","desc_separacion_via","desc_restriccion"
2017,4885,7/26/2017,"Miercoles",0,18:45:00,,"0.0",2,"Otros,Moto/Ciclomotor","Av Peñaloza Y J Castelli",2,1,0,0,1,0,0,,"Calle",,"SANTA FE","La Capital","Asfalto","No existe","I","Dentro","Urbana","Semáforo","Funciona","Recta","Bueno","Buena","Diurna","Buen Tiempo","S/D","S/D","Colisión","Ninguna","Vertical","Ninguna","Sin restricción"
2017,4886,7/26/2017,"Miercoles",0,18:00:00,,"0.0",2,"Moto/Ciclomotor,Otros","Gorostiaga Y Av Blas Parera",2,1,0,0,1,0,0,,"Calle",,"SANTA FE","La Capital","Asfalto","No existe","I","Dentro","Urbana","Semáforo","Funciona","Recta","Bueno","Buena","Diurna","Buen Tiempo","S/D","S/D","Colisión","Ninguna","Vertical","Ninguna","Sin restricción"
2017,4887,7/23/2017,"Domingo",0,15:30:00,,"0.0",2,"Otros,Moto/Ciclomotor","Angel Cassanello ",3,1,1,0,0,0,1,,"Calle",,"SANTA FE","La Capital","Asfalto","No existe","I","Dentro","Urbana","Ninguna","No existe","Intersección","Resbaladiza","Buena","Diurna","Buen Tiempo","S/D","S/D","Colisión","S/D","Faltante","Ninguna","Sin restricción"
2017,4888,5/13/2017,"Sabado",0,,,"0.0",1,"Moto/Ciclomotor","Manuel Belgrano Y Moreno",1,1,0,0,0,0,0,,"Calle",,"BARRANCAS","San Jerónimo","S/D","S/D","XV","S/D","S/D","S/D","S/D","S/D","S/D","S/D","S/D","S/D","S/D","S/D","Caída ocupante","S/D","S/D","S/D","S/D"
2017,4889,7/23/2017,"Domingo",0,13:00:00,,"0.0",1,"Transporte de Pasajeros Urbano (> 8 asientos)","Av Blas Parera Y Ayacucho",4,0,0,0,0,0,4,,"Calle",,"SANTA FE","La Capital","Asfalto","No existe","I","Dentro","Urbana","Ninguna","No existe","Curva","Bueno","Buena","Diurna","Buen Tiempo","S/D","S/D","S/D","Ninguna","Horizontal","Ninguna","Sin restricción"
2017,4890,7/1/2017,"Sabado",0,19:30:00,,"0.0",2,"Moto/Ciclomotor,Automóvil","Av Blas Parera Y Boneo",2,1,0,0,1,0,0,,"Avenida",,"SANTA FE","La Capital","Asfalto","No existe","I","Dentro","Urbana","Ninguna","No existe","Intersección","Bueno","Buena","Nocturna","Buen Tiempo","Lateral","S/D","Colisión","Ninguna","Faltante","Ninguna","Sin restricción"
2017,4891,7/8/2017,"Sabado",0,21:00:00,,"0.0",2,"Otros,Moto/Ciclomotor","Av Blas Parera ",2,1,0,0,0,0,1,,"Calle",,"SANTA FE","La Capital","Asfalto","No existe","I","Dentro","Urbana","Ninguna","No existe","Curva","Bueno","Buena","Nocturna","Buen Tiempo","S/D","S/D","Colisión","Ninguna","Faltante","Ninguna","Sin restricción"
2017,4892,7/8/2017,"Sabado",0,0:30:00,,"0.0",1,"Moto/Ciclomotor","Av Blas Parera Y Pedro Espinosa",1,1,0,0,0,0,0,,"Avenida",,"SANTA FE","La Capital","Asfalto","No existe","I","Dentro","Urbana","Ninguna","No existe","Intersección","Bueno","Buena","Nocturna","Buen Tiempo","S/D","S/D","Caída ocupante","Ninguna","Faltante","Ninguna","Sin restricción"
2017,4893,7/8/2017,"Sabado",0,9:20:00,,"0.0",2,"Moto/Ciclomotor,Otros","Estanislao Zeballos Y Aguado",2,1,0,0,1,0,0,,"Calle",,"SANTA FE","La Capital","Asfalto","No existe","I","Dentro","Urbana","Ninguna","No existe","Intersección","Bueno","Buena","Diurna","Buen Tiempo","S/D","S/D","Colisión","Ninguna","Faltante","Ninguna","Sin restricción"
2017,4894,7/9/2017,"Domingo",0,21:40:00,,"0.0",2,"Automóvil,Moto/Ciclomotor","Av Blas Parera Y Teniente Loza",3,2,0,0,1,0,0,,"Avenida",,"SANTA FE","La Capital","Asfalto","No existe","I","Dentro","Urbana","Semáforo","Funciona","Intersección","Bueno","Buena","Nocturna","Buen Tiempo","Lateral","S/D","Colisión","Ninguna","Vertical","Guardarrail","Sin restricción"
2017,4895,7/9/2017,"Domingo",0,16:30:00,,"0.0",2,"Automóvil,Moto/Ciclomotor","Av Peñaloza Y Gorriti",2,2,0,0,0,0,0,,"Calle",,"SANTA FE","La Capital","Asfalto","No existe","I","Dentro","Urbana","Semáforo","Funciona","Intersección","Bueno","Buena","Diurna","Buen Tiempo","S/D","S/D","Atropello","Ninguna","Vertical","Ninguna","Sin restricción"
2017,4896,7/9/2017,"Domingo",0,18:00:00,,"0.0",2,"Otros,Automóvil","Av Blas Parera 6200",2,1,0,0,1,0,0,,"Calle",,"SANTA FE","La Capital","Asfalto","No existe","I","Dentro","Urbana","Ninguna","No existe","Intersección","S/D","Buena","Diurna","S/D","S/D","S/D","Colisión","Ninguna","Faltante","Ninguna","Sin restricción"
2017,4897,5/13/2017,"Sabado",0,0:30:00,,"0.0",1,"Vehículo Oficial","Lisandro De La Torre ",2,1,0,0,1,0,0,,"Calle",,"BARRANCAS","San Jerónimo","S/D","S/D","XV","S/D","S/D","S/D","S/D","S/D","S/D","S/D","Nocturna","S/D","S/D","S/D","Despiste","S/D","S/D","S/D","S/D"
2017,4898,7/17/2017,"Lunes",0,13:45:00,,"0.0",2,"Moto/Ciclomotor,Otros","Azopardo Y Boneo",2,1,0,0,0,0,1,,"Calle",,"SANTA FE","La Capital","Asfalto","No existe","I","Dentro","Urbana","Ninguna","No existe","Intersección","Bueno","Buena","Diurna","Buen Tiempo","Lateral","S/D","Colisión","Ninguna","Faltante","Ninguna","S/D"
2017,4899,7/10/2017,"Lunes",0,21:30:00,,"0.0",2,"Automóvil,Moto/Ciclomotor","J Castelli Y Europa",2,2,0,0,0,0,0,,"Calle",,"SANTA FE","La Capital","Asfalto","Pavimento","I","Dentro","Urbana","Ninguna","No existe","Recta","Bueno","Buena","Nocturna","Buen Tiempo","De alcance","S/D","Colisión","Ninguna","Faltante","Ninguna","Sin restricción"
2017,4900,7/4/2017,"Martes",0,18:15:00,,"0.0",2,"Bicicleta,Automóvil","Gorriti Y Pje Diego de Leiva",2,1,0,0,1,0,0,,"Calle",,"SANTA FE","La Capital","Asfalto","No existe","I","Dentro","Urbana","Ninguna","No existe","Intersección","Bueno","Buena","Atardecer","Buen Tiempo","S/D","Ciclista","Atropello","Ninguna","Faltante","Ninguna","Sin restricción"
2017,4901,7/8/2017,"Sabado",0,7:10:00,,"0.0",2,"Moto/Ciclomotor,Automóvil","Gorriti Y Av Blas Parera",3,2,0,0,1,0,0,,"Avenida",,"SANTA FE","La Capital","Asfalto","No existe","I","Dentro","Urbana","Semáforo","Funciona","Intersección","Bueno","Buena","Diurna","Buen Tiempo","Lateral","S/D","Colisión","Ninguna","Faltante","Ninguna","Sin restricción"
2017,4902,7/10/2017,"Lunes",0,11:55:00,,"0.0",2,"Moto/Ciclomotor,Transporte de Pasajeros Urbano (> 8 asientos)","Av Blas Parera Y Florencio Fernandez",3,2,0,0,1,0,0,,"Avenida",,"SANTA FE","La Capital","Asfalto","No existe","I","Dentro","Urbana","Semáforo","Funciona","Intersección","Bueno","Buena","Diurna","Lluvia","Lateral","S/D","Colisión","Agua","Faltante","Línea divisoria pintada","Sin restricción"
2017,4903,5/22/2017,"Lunes",0,7:20:00,"Ruta Nacional 9","0.0",2,"Moto/Ciclomotor,Automóvil","Ruta Nacional 9 Y Suipacha",2,0,0,0,1,1,0,"-32.92062, -60.81594","Ruta",9,"FUNES","Rosario","Asfalto,Hormigón","Natural","II","Dentro","Urbana","S/D","No existe","Intersección","Bueno","S/D","Diurna","S/D","S/D","S/D","Colisión","S/D","Horizontal","Línea divisoria pintada","Sin restricción"
2017,4904,5/15/2017,"Lunes",0,12:00:00,,"0.0",2,"Moto/Ciclomotor,Pickup/Utilitario","Juan Lavalle Y Cristobal Colon",2,0,0,0,1,1,0,"-33.743128423689, -61.973539986969","Calle",,"VENADO TUERTO","General López","Hormigón","No existe","VIII","Dentro","Urbana","Ninguna","No existe","Intersección","Deteriorada","S/D","Diurna","S/D","S/D","S/D","Colisión","S/D","Faltante","Ninguna","S/D"
2017,4905,5/24/2017,"Miercoles",1,15:00:00,,"0.0",2,"Peatón,Automóvil","Albert Sabin 1300",2,0,0,0,1,1,0,"-32.91319, -60.69158","Calle",,"ROSARIO","Rosario","Hormigón","No existe","II","Dentro","Urbana","Ninguna","No existe","Intersección","Bueno","S/D","Diurna","S/D","S/D","Peatón","Atropello","Ninguna","Horizontal","Cordón divisorio","S/D"
2017,4906,5/28/2017,"Domingo",0,6:50:00,"Ruta Nacional 9","386.0",2,"Automóvil,Pickup/Utilitario"," ",7,3,2,0,1,1,0,"-32.7933166,-61.4930601","Ruta",9,"CAÑADA DE GÓMEZ","Iriondo","Asfalto","Natural","X","Dentro","Rural","Ninguna","No existe","Recta","Bueno","S/D","Diurna","Buen Tiempo","S/D","S/D","Colisión","Ninguna","Horizontal","Línea divisoria pintada","Sin restricción"
2017,4907,5/27/2017,"Sabado",0,,,"0.0",3,"Peatón,Moto/Ciclomotor,Automóvil","Av. Provincias Unidas Y J.J.Paso",5,0,0,0,4,1,0,"-32.920049888432, -60.713715806863","Avenida",,"ROSARIO","Rosario","Hormigón","No existe","II","Dentro","Urbana","S/D","No existe","Rotonda","Bueno","S/D","S/D","S/D","S/D","S/D","Atropello","S/D","Horizontal","Ninguna","Sin restricción"
2017,4908,7/13/2017,"Jueves",0,19:30:00,,"0.0",2,"Moto/Ciclomotor,Automóvil","Av Blas Parera Y Larrea",2,1,0,0,1,0,0,,"Calle",,"SANTA FE","La Capital","Asfalto","Pavimento","I","Dentro","Urbana","Semáforo","Funciona","Intersección","Bueno","Buena","Atardecer","Buen Tiempo","Lateral","S/D","Colisión","S/D","Vertical","Guardarrail","Sin restricción"
2017,4909,7/13/2017,"Jueves",0,20:40:00,,"0.0",2,"Moto/Ciclomotor,Automóvil","Lamadrid Y Pje Publico",2,1,0,0,1,0,0,,"Calle",,"SANTA FE","La Capital","Asfalto","Pavimento","I","Dentro","Urbana","Ninguna","No existe","Intersección","Bueno","Buena","Nocturna","Buen Tiempo","Lateral","S/D","Colisión","Ninguna","Faltante","Cordón divisorio","Sin restricción"
2017,4910,7/20/2017,"Jueves",0,14:00:00,,"0.0",2,"Moto/Ciclomotor,Moto/Ciclomotor","Millan Medina Y Jesus Misericordioso",2,2,0,0,0,0,0,,"Calle",,"SANTA FE","La Capital","Asfalto","Pavimento","I","Dentro","Urbana","Ninguna","No existe","Intersección","Bueno","Buena","Diurna","Buen Tiempo","Lateral","S/D","Colisión","Ninguna","Faltante","Cordón divisorio","Sin restricción"
2017,4911,7/23/2017,"Domingo",0,10:20:00,,"0.0",2,"Moto/Ciclomotor,Pickup/Utilitario","Reg 12 de Infanteria Y Lamadrid",2,1,0,0,1,0,0,,"Calle",,"SANTA FE","La Capital","Asfalto","Pavimento","I","Dentro","Urbana","Ninguna","No existe","Intersección","Bueno","Buena","Diurna","Buen Tiempo","Lateral","S/D","Colisión","Ninguna","Faltante","Cordón divisorio","Sin restricción"
2017,4912,7/21/2017,"Viernes",0,11:10:00,,"0.0",2,"Automóvil,Transporte de Pasajeros Urbano (> 8 asientos)","Gorriti Y Pje Vias",2,1,0,0,1,0,0,,"Calle",,"SANTA FE","La Capital","Asfalto","Pavimento","I","Dentro","Urbana","Ninguna","No existe","Intersección","Bueno","Buena","Diurna","Buen Tiempo","Lateral","S/D","Colisión","Ninguna","Faltante","Guardarrail","Sin restricción"
2017,4913,7/21/2017,"Viernes",0,16:00:00,,"0.0",2,"Moto/Ciclomotor,Automóvil","Av Peñaloza Y French",2,1,0,0,1,0,0,,"Calle",,"SANTA FE","La Capital","Asfalto","Pavimento","I","Dentro","Urbana","Ninguna","No existe","Intersección","Bueno","Buena","Diurna","Buen Tiempo","Lateral","S/D","Colisión","Ninguna","Faltante","Guardarrail","Sin restricción"
2017,4914,7/1/2017,"Sabado",0,19:05:00,,"0.0",2,"Moto/Ciclomotor,Automóvil","Av Gral Paz Y Hernandarias",2,1,0,0,1,0,0,,"Calle",,"SANTA FE","La Capital","Asfalto","No existe","I","Dentro","Urbana","Ninguna","S/D","Intersección","Bueno","Reducida","Nocturna","Buen Tiempo","Lateral","S/D","Colisión","Ninguna","S/D","Ninguna","Sin restricción"
2017,4915,7/2/2017,"Domingo",0,9:00:00,,"0.0",2,"Automóvil,Automóvil","Alvear Y Quintana",3,1,0,0,2,0,0,,"Calle",,"SANTA FE","La Capital","Asfalto","No existe","I","Dentro","Urbana","Ninguna","S/D","Intersección","Bueno","Buena","Diurna","Buen Tiempo","Lateral","S/D","Colisión","Ninguna","S/D","Ninguna","Sin restricción"
2017,4916,7/2/2017,"Domingo",0,,,"0.0",2,"Moto/Ciclomotor,Moto/Ciclomotor","Pje Calcena Y Dorrego",2,2,0,0,0,0,0,,"Calle",,"SANTA FE","La Capital","Asfalto","No existe","I","Dentro","Urbana","Ninguna","S/D","Intersección","Bueno","S/D","S/D","Buen Tiempo","Lateral","S/D","Colisión","Ninguna","S/D","Ninguna","Sin restricción"
2017,4917,7/4/2017,"Martes",0,20:00:00,,"0.0",2,"Moto/Ciclomotor,Moto/Ciclomotor","Av A del Valle Y Gorostiaga",2,2,0,0,0,0,0,,"Calle",,"SANTA FE","La Capital","Asfalto","No existe","I","Dentro","Urbana","Ninguna","S/D","Intersección","Bueno","Reducida","Nocturna","Buen Tiempo","Lateral","S/D","Colisión","Ninguna","S/D","Ninguna","Sin restricción"
2017,4918,7/7/2017,"Viernes",0,17:00:00,,"0.0",2,"Automóvil,Automóvil","Gorostiaga Y Mitre",2,1,0,0,1,0,0,,"Calle",,"SANTA FE","La Capital","Asfalto","No existe","I","Dentro","Urbana","Ninguna","S/D","Intersección","Bueno","Buena","Diurna","Buen Tiempo","Lateral","S/D","Colisión","Ninguna","S/D","Ninguna","Sin restricción"
2017,4919,7/11/2017,"Martes",0,10:30:00,"Ruta Nacional 11","0.0",2,"Moto/Ciclomotor,Camión Chasis","Gorriti Y Av Blas Parera",2,1,0,0,1,0,0,,"Ruta",11,"SANTA FE","La Capital","Asfalto","No existe","I","Dentro","Urbana","Semáforo","Funciona","Intersección","Bueno","Buena","Diurna","Buen Tiempo","Lateral","S/D","Colisión","Ninguna","Faltante","Ninguna","Sin restricción"
2017,4920,7/14/2017,"Viernes",0,18:30:00,"Ruta Nacional 11","0.0",2,"Moto/Ciclomotor,Transporte de Pasajeros Urbano (> 8 asientos)","Av Blas Parera Y Almonacid",3,1,0,0,1,1,0,"-31.581921, -60.726661","Ruta",11,"SANTA FE","La Capital","Asfalto","No existe","I","Dentro","Urbana","Ninguna","No existe","Recta","Bueno","Buena","Atardecer","Buen Tiempo","Lateral","S/D","Colisión","Ninguna","Faltante","Ninguna","Sin restricción"
2017,4921,4/10/2017,"Lunes",0,6:30:00,"Ruta Nacional 33","633.0",2,"Moto/Ciclomotor,Camión","Ruta Nacional 33 Y Liniers Santiago",2,0,0,0,1,1,0,"-33.71244, -61.97831","Ruta",33,"VENADO TUERTO","General López","Asfalto","Natural","VIII","Dentro","Rural","Señal Pare","Intermitente","Intersección","Bueno","S/D","Amanecer","S/D","S/D","S/D","Colisión","S/D","Horizontal,Vertical","Línea divisoria pintada","Sin restricción"
2017,4922,7/20/2017,"Jueves",0,17:20:00,,"0.0",2,"Automóvil,Moto/Ciclomotor","Gorriti Y Gdor Luciano Leiva",4,2,0,0,2,0,0,,"Calle",,"SANTA FE","La Capital","Asfalto","No existe","I","Dentro","Urbana","Ninguna","No existe","Recta","Bueno","Buena","Diurna","Buen Tiempo","Lateral","S/D","Colisión","Ninguna","Faltante","Ninguna","Sin restricción"
2017,4923,5/15/2017,"Lunes",0,,,"0.0",1,"Automóvil"," ",1,1,0,0,0,0,0,,"S/D",,"SANTA FE","La Capital","S/D","S/D","I","S/D","S/D","S/D","S/D","S/D","S/D","S/D","S/D","S/D","S/D","S/D","Vuelco","S/D","S/D","S/D","S/D"
2017,4924,5/16/2017,"Martes",0,,"Ruta Nacional 34","214.0",1,"Moto/Ciclomotor"," ",1,1,0,0,0,0,0,,"Ruta",34,"SUSANA","Castellanos","S/D","S/D","V","S/D","S/D","S/D","S/D","S/D","S/D","S/D","S/D","S/D","S/D","S/D","Caída ocupante","S/D","S/D","S/D","S/D"
2017,4925,7/4/2017,"Martes",0,20:00:00,,"0.0",2,"Moto/Ciclomotor,Automóvil","Reg 12 de Infanteria 4500",2,1,0,0,1,0,0,,"Calle",,"SANTA FE","La Capital","Asfalto","Pavimento","I","Dentro","Urbana","Ninguna","No existe","Recta","Bueno","Buena","Nocturna","Buen Tiempo","Lateral","S/D","Colisión","Ninguna","Faltante","Cordón divisorio","Sin restricción"
2017,4926,5/17/2017,"Miercoles",0,,,"0.0",2,"Automóvil,Moto/Ciclomotor","Camino Interprovincial Y Calle 90",3,2,0,0,1,0,0,,"Calle",,"FRONTERA","Castellanos","S/D","S/D","V","S/D","S/D","S/D","S/D","S/D","S/D","S/D","S/D","S/D","S/D","S/D","Colisión","S/D","S/D","S/D","S/D"
2017,4927,5/1/2017,"Lunes",0,,,"0.0",2,"Moto/Ciclomotor,Automóvil","Velez Sarfield Y Viamonte",2,1,0,0,1,0,0,,"S/D",,"RAFAELA","Castellanos","S/D","S/D","V","S/D","S/D","S/D","S/D","S/D","S/D","S/D","S/D","S/D","S/D","S/D","Colisión","S/D","S/D","S/D","S/D"
2017,4928,7/7/2017,"Viernes",0,21:00:00,,"0.0",2,"Moto/Ciclomotor,Automóvil","Salvador del Carril Y Avellaneda",2,1,0,0,1,0,0,,"Calle",,"SANTA FE","La Capital","Asfalto","No existe","I","Dentro","Urbana","Ninguna","S/D","Intersección","Bueno","Reducida","Nocturna","Buen Tiempo","Lateral","S/D","Colisión","Ninguna","S/D","Ninguna","Sin restricción"
2017,4929,7/10/2017,"Lunes",0,10:30:00,,"0.0",2,"Moto/Ciclomotor,Pickup/Utilitario","Guemes Y Quintana",2,1,0,0,1,0,0,,"Calle",,"SANTA FE","La Capital","Asfalto","No existe","I","Dentro","Urbana","Ninguna","No existe","Intersección","Bueno","Buena","Diurna","Buen Tiempo","Lateral","S/D","Colisión","Ninguna","Faltante","Ninguna","Sin restricción"
2017,4931,7/10/2017,"Lunes",0,16:30:00,,"0.0",2,"Peatón,Automóvil","Laprida Y Pje Guido",2,1,0,0,1,0,0,,"Calle",,"SANTA FE","La Capital","Asfalto","No existe","I","Dentro","Urbana","Ninguna","S/D","Intersección","Bueno","Buena","Diurna","Buen Tiempo","S/D","Peatón","Atropello","Ninguna","Faltante","Ninguna","Sin restricción"
2017,4932,5/17/2017,"Miercoles",0,,,"0.0",2,"Automóvil,Automóvil","pbro d Balbiano Y Hipolito Irigoyen",2,1,0,0,1,0,0,,"S/D",,"GÁLVEZ","San Jerónimo","S/D","S/D","XV","S/D","S/D","S/D","S/D","S/D","S/D","S/D","S/D","S/D","S/D","S/D","Colisión","S/D","S/D","S/D","S/D"
2017,4933,7/10/2017,"Lunes",0,19:10:00,,"0.0",2,"Moto/Ciclomotor,Automóvil","Martin Zapata Y Guemes",2,1,0,0,1,0,0,,"Calle",,"SANTA FE","La Capital","Asfalto","No existe","I","Dentro","Urbana","Ninguna","S/D","Intersección","Bueno","Reducida","Nocturna","Buen Tiempo","Lateral","S/D","Colisión","Ninguna","S/D","Ninguna","Sin restricción"
2017,4934,7/10/2017,"Lunes",0,,,"0.0",2,"Automóvil,Transporte de Pasajeros Urbano (> 8 asientos)","Av A del Valle Y Fray Mamerto Esquiu",2,1,0,0,1,0,0,,"Calle",,"SANTA FE","La Capital","Asfalto","No existe","I","Dentro","Urbana","Ninguna","S/D","Intersección","Bueno","Buena","S/D","Buen Tiempo","Lateral","S/D","Colisión","Ninguna","S/D","Ninguna","Sin restricción"
2017,4935,7/12/2017,"Miercoles",0,19:15:00,,"0.0",2,"Automóvil,Automóvil","Av Gral Paz Y Huergo",2,1,0,0,1,0,0,,"Calle",,"SANTA FE","La Capital","Asfalto","No existe","I","Dentro","Urbana","Ninguna","No existe","Recta","Bueno","Reducida","Nocturna","Buen Tiempo","De alcance","S/D","Colisión","Ninguna","S/D","Ninguna","Sin restricción"
2017,4936,7/14/2017,"Viernes",0,7:30:00,,"0.0",2,"Bicicleta,Pickup/Utilitario","J P Lopez Y Gdor Candioti",2,1,0,0,1,0,0,,"Calle",,"SANTA FE","La Capital","Asfalto","No existe","I","Dentro","Urbana","Ninguna","S/D","Intersección","Bueno","Buena","Diurna","Buen Tiempo","S/D","Ciclista","Atropello","Ninguna","S/D","Ninguna","Sin restricción"
2017,4937,7/5/2017,"Miercoles",0,7:40:00,,"0.0",4,"Automóvil,Moto/Ciclomotor,Vehículo Oficial,Automóvil","Gorriti Y Europa",6,3,1,0,2,0,0,,"Calle",,"SANTA FE","La Capital","S/D","S/D","I","Dentro","Urbana","S/D","S/D","Intersección","S/D","S/D","Diurna","S/D","Múltiple","S/D","Colisión","S/D","S/D","S/D","S/D"
2017,4938,7/4/2017,"Martes",0,16:20:00,,"0.0",2,"Automóvil,Moto/Ciclomotor","Gorriti Y Europa",3,1,0,0,2,0,0,,"Calle",,"SANTA FE","La Capital","S/D","S/D","I","Dentro","Urbana","S/D","S/D","Intersección","S/D","S/D","Diurna","S/D","S/D","S/D","Colisión","S/D","S/D","S/D","S/D"
2017,4939,5/21/2017,"Domingo",0,,,"0.0",2,"Automóvil,Automóvil"," ",2,1,0,0,1,0,0,,"S/D",,"ROSARIO","Rosario","S/D","S/D","II","S/D","S/D","S/D","S/D","S/D","S/D","S/D","S/D","S/D","S/D","S/D","Colisión","S/D","S/D","S/D","S/D"
2017,4940,7/11/2017,"Martes",0,23:15:00,,"0.0",2,"Automóvil,Moto/Ciclomotor","Gorriti Y Azopardo",3,1,0,0,2,0,0,,"Calle",,"SANTA FE","La Capital","S/D","S/D","I","Dentro","Urbana","S/D","S/D","Intersección","S/D","S/D","Nocturna","S/D","S/D","S/D","Colisión","S/D","S/D","S/D","S/D"
2017,4941,7/14/2017,"Viernes",0,18:00:00,,"0.0",2,"Moto/Ciclomotor,Pickup/Utilitario","Florencio Fernandez Y Bernardo de Irigoyen",3,2,0,0,1,0,0,,"Calle",,"SANTA FE","La Capital","Asfalto","S/D","I","Dentro","Urbana","S/D","S/D","Intersección","Bueno","S/D","Diurna","S/D","S/D","S/D","Colisión","S/D","S/D","S/D","S/D"
2017,4942,7/15/2017,"Sabado",0,8:20:00,,"0.0",2,"Moto/Ciclomotor,Transporte de Pasajeros Urbano (> 8 asientos)","Av Gral Paz Y J Castelli",2,1,0,0,1,0,0,,"Calle",,"SANTA FE","La Capital","Asfalto","No existe","I","Dentro","Urbana","Ninguna","No existe","Intersección","Bueno","Buena","Diurna","Buen Tiempo","Lateral","S/D","Colisión","Ninguna","S/D","Ninguna","Sin restricción"
2017,4943,5/21/2017,"Domingo",0,,,"0.0",2,"Automóvil,Moto/Ciclomotor"," ",2,1,0,0,1,0,0,,"S/D",,"ROSARIO","Rosario","S/D","S/D","II","S/D","S/D","S/D","S/D","S/D","S/D","S/D","S/D","S/D","S/D","S/D","Colisión","S/D","S/D","S/D","S/D"
2017,4944,7/18/2017,"Martes",0,18:25:00,,"0.0",2,"Moto/Ciclomotor,Automóvil","Gdor Candioti Y Luciano Torrent",3,1,0,0,2,0,0,,"Calle",,"SANTA FE","La Capital","Asfalto","No existe","I","Dentro","Urbana","Ninguna","S/D","Intersección","Bueno","Buena","Diurna","Buen Tiempo","Lateral","S/D","Colisión","Ninguna","S/D","Ninguna","Sin restricción"
2017,4945,5/21/2017,"Domingo",0,,"Ruta Provincial 92","0.0",1,"Automóvil"," ",1,1,0,0,0,0,0,,"Ruta",92,"ARTEAGA","Caseros","S/D","S/D","IV","S/D","S/D","S/D","S/D","S/D","S/D","S/D","S/D","S/D","S/D","S/D","Vuelco","S/D","S/D","S/D","S/D"
2017,4946,5/21/2017,"Domingo",0,,"Ruta Nacional 11","0.0",2,"Automóvil,Moto/Ciclomotor","Reconquista ",2,1,0,0,1,0,0,,"Ruta",11,"CORONDA","San Jerónimo","S/D","S/D","XV","S/D","S/D","S/D","S/D","S/D","S/D","S/D","S/D","S/D","S/D","S/D","Colisión","S/D","S/D","S/D","S/D"
2017,4947,7/19/2017,"Miercoles",0,19:00:00,,"0.0",2,"Moto/Ciclomotor,Automóvil","Ricardo Aldao 2300",2,1,0,0,1,0,0,,"Calle",,"SANTA FE","La Capital","Asfalto","S/D","I","Dentro","Urbana","Ninguna","S/D","Intersección","Bueno","Buena","Nocturna","Buen Tiempo","Lateral","S/D","Colisión","Ninguna","S/D","Ninguna","Sin restricción"
2017,4948,5/21/2017,"Domingo",0,17:15:00,"Autopista Provincial Brigadier E.López","0.0",1,"Automóvil"," ",2,1,0,0,1,0,0,,"Autopista","Brigadier E.López","SAN LORENZO","San Lorenzo","S/D","S/D","XVII","S/D","S/D","S/D","S/D","S/D","S/D","S/D","Diurna","S/D","S/D","S/D","Vuelco","S/D","S/D","S/D","S/D"
2017,4949,5/21/2017,"Domingo",0,,,"0.0",1,"Moto/Ciclomotor","Av. Carlos Colombres Y Luis Vila",2,2,0,0,0,0,0,,"Calle",,"ROSARIO","Rosario","S/D","S/D","II","S/D","S/D","S/D","S/D","S/D","S/D","S/D","S/D","S/D","S/D","S/D","Caída ocupante","S/D","S/D","S/D","S/D"
2017,4950,4/18/2017,"Martes",0,21:40:00,,"0.0",2,"Moto/Ciclomotor,Camión","Santa Fe Y Pringles",2,0,0,0,1,1,0,"-33.74807, -61.95394","Calle",,"VENADO TUERTO","General López","Asfalto","No existe","VIII","Dentro","Urbana","Semáforo","No existe","Intersección","Bueno","S/D","Nocturna","S/D","S/D","S/D","Colisión","Ninguna","Horizontal,Vertical","Ninguna","S/D"
2017,4951,5/22/2017,"Lunes",0,20:30:00,,"0.0",2,"Automóvil,Moto/Ciclomotor","Av Brasil Y España",3,1,0,0,2,0,0,,"Calle",,"RAFAELA","Castellanos","S/D","S/D","V","S/D","S/D","S/D","S/D","S/D","S/D","S/D","S/D","S/D","S/D","S/D","Colisión","S/D","S/D","S/D","S/D"
2017,4952,5/22/2017,"Lunes",0,,,"0.0",2,"Moto/Ciclomotor,Automóvil","Mariano Moreno Y Lamadrid",3,2,0,0,1,0,0,,"Calle",,"RAFAELA","Castellanos","S/D","S/D","V","S/D","S/D","S/D","S/D","S/D","S/D","S/D","S/D","S/D","S/D","S/D","Colisión","S/D","S/D","S/D","S/D"
2017,4953,5/22/2017,"Lunes",0,19:30:00,"Ruta Provincial 70","64.0",2,"Moto/Ciclomotor,Moto/Ciclomotor"," ",3,3,0,0,0,0,0,,"Ruta",70,"BELLA ITALIA","Castellanos","S/D","S/D","V","S/D","S/D","S/D","S/D","S/D","S/D","S/D","S/D","S/D","S/D","S/D","Colisión","S/D","S/D","S/D","S/D"
2017,4954,5/22/2017,"Lunes",0,,,"0.0",2,"Automóvil,Moto/Ciclomotor"," ",3,2,0,0,1,0,0,,"S/D",,"TEODELINA","General López","S/D","S/D","VIII","S/D","S/D","S/D","S/D","S/D","S/D","S/D","S/D","S/D","S/D","S/D","Colisión","S/D","S/D","S/D","S/D"