"anio_acci","nro_acci","fecha","desc_dia","fecha_aprox","hora_aprox","desc_ruta","km","cant_participantes","desc_participante","calle_avenida_km","total","heridos_leves","heridos_graves","heridos_gravisimos","ilesos","fallecidos","sin_datos","posicion_XY","desc_tipo_via","desc_ruta_ori","desc_loc","desc_dpto","desc_tipo_calzada","desc_tipo_banquina","desc_unidad_regional","desc_lugar_calzada","desc_zona","desc_prioridad","desc_estado_semaforo","desc_lugar_via","desc_estado_via","desc_estado_visibilidad","desc_luminosidad","desc_estado_clima","desc_tipo_colision","desc_tipo_atropello","desc_tipo_hecho","desc_pres_calzada","desc_senializacion","desc_separacion_via","desc_restriccion"
2017,4955,4/15/2017,"Sabado",0,5:45:00,"Autopista Nacional Gral. Juan Jose Valle","284.0",1,"Automóvil"," ",1,0,0,0,0,1,0,"-33.04456, -60.66253","Autopista","Gral. Juan Jose Valle","VILLA GOBERNADOR GÁLVEZ","Rosario","Asfalto","Natural","II","Fuera","Rural","Ninguna","No existe","Curva","Bueno","S/D","Amanecer","S/D","S/D","S/D","Vuelco,Despiste","Ninguna","Horizontal","Vegetación","S/D"
2017,4956,5/22/2017,"Lunes",0,,,"0.0",2,"Automóvil,Moto/Ciclomotor","Lisandro de la Torre Y Rivadavia",4,3,0,0,1,0,0,,"Calle",,"GÁLVEZ","San Jerónimo","S/D","S/D","XV","S/D","S/D","S/D","S/D","S/D","S/D","S/D","S/D","S/D","S/D","S/D","Colisión","S/D","S/D","S/D","S/D"
2017,4957,5/22/2017,"Lunes",0,2:15:00,"Ruta Provincial 13","45.0",1,"Automóvil"," ",4,4,0,0,0,0,0,,"Ruta",13,"CARLOS PELLEGRINI","San Martín","S/D","S/D","XVIII","S/D","S/D","S/D","S/D","S/D","S/D","S/D","Nocturna","S/D","S/D","S/D","Vuelco","S/D","S/D","S/D","S/D"
2017,4958,4/21/2017,"Viernes",0,22:00:00,"Ruta Provincial 93","0.0",2,"Automóvil,Automóvil"," ",4,3,0,0,0,1,0,"    -33.47722, -61.48557","Ruta",93,"PUEBLO MIGUEL TORRES","General López","Asfalto","Natural","VIII","Dentro","Rural","Ninguna","No existe","Recta","Deteriorada,Ahuellamiento","S/D","Nocturna","S/D","S/D","S/D","Colisión","S/D","Horizontal,Vertical","Línea divisoria pintada","S/D"
2017,4959,4/25/2017,"Martes",0,10:40:00,,"0.0",2,"Moto/Ciclomotor,Pickup/Utilitario","9 de Julio Y Nicasio Oroño",2,0,0,0,1,1,0,"-32.81267, -61.38866","Calle",,"CAÑADA DE GÓMEZ","Iriondo","Hormigón","No existe","X","Dentro","Urbana","Ninguna","No existe","Intersección","Bueno","S/D","Diurna","S/D","S/D","S/D","Colisión","S/D","Faltante","Ninguna","S/D"
2017,4960,5/24/2017,"Miercoles",0,,,"0.0",2,"Moto/Ciclomotor,Automóvil","Rivarola Y Av. Provincias Unidas",2,1,0,0,1,0,0,,"Avenida",,"ROSARIO","Rosario","S/D","S/D","II","S/D","S/D","S/D","S/D","S/D","S/D","S/D","S/D","S/D","S/D","S/D","Colisión","S/D","S/D","S/D","S/D"
2017,4961,5/16/2017,"Martes",0,0:30:00,,"0.0",2,"Moto/Ciclomotor,Automóvil","Bv San Martin Y Firmat",2,1,0,0,1,0,0,,"Calle",,"BARRANCAS","San Jerónimo","S/D","S/D","XV","S/D","S/D","S/D","S/D","S/D","S/D","S/D","S/D","S/D","S/D","S/D","Colisión","S/D","S/D","S/D","S/D"
2017,4962,4/30/2017,"Domingo",0,20:00:00,,"0.0",1,"Cuatriciclo","COLECTORA DETR{AS DEL MOTEL NAMUR ",2,1,0,0,0,1,0,"-32.76205, -60.76785","Camino Rural",,"SAN LORENZO","San Lorenzo","S/D","Natural","XVII","Fuera","Urbana","S/D","No existe","Recta","S/D","S/D","Nocturna","S/D","Contra objeto fijo","S/D","Colisión","S/D","Faltante","Ninguna","S/D"
2017,4963,5/24/2017,"Miercoles",0,,"Autopista Provincial Brigadier E.López","62.0",2,"Camión c / Acoplado,Camión c / Acoplado"," ",2,1,0,0,1,0,0,,"Autopista","Brigadier E.López","MONJE","San Jerónimo","S/D","S/D","XV","S/D","S/D","S/D","S/D","S/D","S/D","S/D","S/D","S/D","S/D","S/D","Colisión","S/D","S/D","S/D","S/D"
2017,4964,5/25/2017,"Jueves",0,7:30:00,,"0.0",1,"Moto/Ciclomotor"," ",1,1,0,0,0,0,0,,"S/D",,"SARGENTO CABRAL","Constitución","S/D","S/D","VI","S/D","S/D","S/D","S/D","S/D","S/D","S/D","Diurna","S/D","S/D","S/D","Despiste","S/D","S/D","S/D","S/D"
2017,4965,5/25/2017,"Jueves",0,14:00:00,,"0.0",2,"Automóvil,Bicicleta"," ",2,1,0,0,1,0,0,,"S/D",,"ROSARIO","Rosario","S/D","S/D","II","S/D","S/D","S/D","S/D","S/D","S/D","S/D","Diurna","S/D","S/D","Ciclista","Atropello","S/D","S/D","S/D","S/D"
2017,4966,4/6/2017,"Jueves",0,17:45:00,"Ruta Provincial 40","0.0",2,"Bicicleta,Automóvil","RP 40 (BV PERON 2300) Y CALLE 44/46",2,0,0,0,1,1,0,"-29.15386, -59.66457","Ruta",40,"RECONQUISTA","General Obligado","Asfalto","Natural","IX","Dentro","Urbana","Ninguna","S/D","Recta","Bueno","S/D","Diurna","S/D","S/D","Ciclista","Atropello","S/D","Faltante","Cordón divisorio","S/D"
2017,4967,5/25/2017,"Jueves",0,8:50:00,,"0.0",2,"Automóvil,Moto/Ciclomotor"," ",2,1,0,0,1,0,0,,"S/D",,"CASILDA","Caseros","S/D","S/D","IV","S/D","S/D","S/D","S/D","S/D","S/D","S/D","S/D","S/D","S/D","S/D","Colisión","S/D","S/D","S/D","S/D"
2017,4968,5/26/2017,"Viernes",0,19:00:00,,"0.0",2,"Automóvil,Bicicleta"," ",2,1,0,0,1,0,0,,"S/D",,"GÁLVEZ","San Jerónimo","S/D","S/D","XV","S/D","S/D","S/D","S/D","S/D","S/D","S/D","S/D","S/D","S/D","Ciclista","Atropello","S/D","S/D","S/D","S/D"
2017,4969,4/18/2017,"Martes",0,3:00:00,"Ruta Nacional 177","0.0",2,"Camión,Camión c / Acoplado","RN177 ALTURA AV TTE ALBERTO RAMOS ",2,0,0,0,1,1,0,"-33.247502, -60.340724","Ruta",177,"VILLA CONSTITUCIÓN","Constitución","Asfalto","Natural","VI","Dentro","Urbana","Ninguna","S/D","Recta","Ahuellamiento","S/D","Nocturna","S/D","De alcance","S/D","Colisión","S/D","Horizontal,Vertical","Línea divisoria pintada","Sin restricción"
2017,4970,5/26/2017,"Viernes",0,,,"0.0",2,"Automóvil,Moto/Ciclomotor"," ",3,1,0,0,2,0,0,,"S/D",,"SAN JORGE","San Martín","S/D","S/D","XVIII","S/D","S/D","S/D","S/D","S/D","S/D","S/D","S/D","S/D","S/D","S/D","Colisión","S/D","S/D","S/D","S/D"
2017,4971,6/2/2017,"Viernes",0,10:30:00,,"0.0",2,"Camión c / Acoplado,Bicicleta","25 de Mayo Y Rivadavia",3,0,0,0,2,1,0,"-31.72909, -61.09059","Calle",,"SAN CARLOS CENTRO","Las Colonias","Asfalto","No existe","XI","Dentro","Urbana","Ninguna","No existe","Intersección","Bueno","Buena","Diurna","Buen Tiempo","S/D","Ciclista","Atropello","Ninguna","Horizontal,Vertical","Ninguna","Sin restricción"
2017,4972,6/1/2017,"Jueves",0,23:10:00,"Autovía Nacional A012","45.0",5,"Camión c / Acoplado,Camión c / Acoplado,Camión c / Acoplado,Camión c / Acoplado,Camión c / Acoplado"," ",5,3,0,0,1,1,0,"     -32.90275, -60.89359","Autovía","A012","ROLDÁN","San Lorenzo","Asfalto","Natural","XVII","Dentro","Rural","Ninguna","No existe","Recta","Otro","Reducida","Nocturna","Niebla","Múltiple","S/D","Colisión","Ninguna","Faltante","Ninguna","Sin restricción"
2017,4973,6/2/2017,"Viernes",0,20:30:00,,"0.0",3,"Moto/Ciclomotor,Automóvil,Transporte de Pasajeros Urbano (> 8 asientos)","Beruti Y Cafferata",4,1,0,0,2,1,0,"-31.58279, -60.73225","Calle",,"SANTA FE","La Capital","Asfalto","No existe","I","Dentro","Urbana","Ninguna","No existe","Intersección","Bueno","Buena","Nocturna,Con luz artificial","Buen Tiempo","Múltiple","S/D","Colisión","Ninguna","Faltante","Ninguna","Sin restricción"
2017,4974,5/28/2017,"Domingo",0,,,"0.0",2,"Automóvil,Peatón","J.J.Paso Y Av. Provincias Unidas",2,1,0,0,1,0,0,,"Avenida",,"ROSARIO","Rosario","S/D","S/D","II","S/D","S/D","S/D","S/D","S/D","S/D","S/D","S/D","S/D","S/D","Peatón","Atropello","S/D","S/D","S/D","S/D"
2017,4975,5/28/2017,"Domingo",0,,,"0.0",2,"Moto/Ciclomotor,Automóvil","Mensajero Donna Y B I Iturraspe",2,1,0,0,1,0,0,,"Calle",,"RAFAELA","Castellanos","S/D","S/D","V","S/D","S/D","S/D","S/D","S/D","S/D","S/D","S/D","S/D","S/D","S/D","Colisión","S/D","S/D","S/D","S/D"
2017,4976,5/29/2017,"Lunes",0,13:40:00,,"0.0",2,"Moto/Ciclomotor,Peatón"," ",2,1,0,0,1,0,0,,"S/D",,"ROSARIO","Rosario","S/D","S/D","II","S/D","S/D","S/D","S/D","S/D","S/D","S/D","S/D","S/D","S/D","Peatón","Atropello","S/D","S/D","S/D","S/D"
2017,4977,5/29/2017,"Lunes",0,,,"0.0",2,"Moto/Ciclomotor,Automóvil"," ",2,1,0,0,1,0,0,,"S/D",,"RAFAELA","Castellanos","S/D","S/D","V","S/D","S/D","S/D","S/D","S/D","S/D","S/D","S/D","S/D","S/D","S/D","Colisión","S/D","S/D","S/D","S/D"
2017,4978,5/31/2017,"Miercoles",0,,,"0.0",2,"Moto/Ciclomotor,Automóvil","Garzon Y Bv. Segui",2,1,0,0,1,0,0,,"Calle",,"ROSARIO","Rosario","S/D","S/D","II","S/D","S/D","S/D","S/D","S/D","S/D","S/D","S/D","S/D","S/D","S/D","Colisión","S/D","S/D","S/D","S/D"
2017,4979,5/31/2017,"Miercoles",0,23:30:00,,"0.0",2,"Pickup/Utilitario,Peatón","Callao 1370",2,1,0,0,1,0,0,,"Calle",,"ROSARIO","Rosario","S/D","S/D","II","S/D","S/D","S/D","S/D","S/D","S/D","S/D","Nocturna","S/D","S/D","Peatón","Atropello","S/D","S/D","S/D","S/D"
2017,4980,7/18/2017,"Martes",0,17:30:00,,"0.0",2,"Bicicleta,Automóvil","Salvador del Carril 2100",2,1,0,0,1,0,0,,"Calle",,"SANTA FE","La Capital","Asfalto","No existe","I","Dentro","Urbana","Ninguna","No existe","Recta","S/D","Buena","Diurna","Buen Tiempo","S/D","S/D","Atropello","S/D","S/D","Ninguna","Sin restricción"
2017,4981,7/20/2017,"Jueves",0,18:40:00,,"0.0",2,"Moto/Ciclomotor,Pickup/Utilitario","Av Gral Paz 4400",2,1,0,0,1,0,0,,"Calle",,"SANTA FE","La Capital","Asfalto","No existe","I","Dentro","Urbana","Ninguna","S/D","Recta","Bueno","Buena","Nocturna","Buen Tiempo","De alcance","S/D","Colisión","Ninguna","S/D","Ninguna","Sin restricción"
2017,4982,7/20/2017,"Jueves",0,18:45:00,,"0.0",2,"Bicicleta,Transporte de Pasajeros Urbano (> 8 asientos)","Av A del Valle Y Pedro de Vega",2,1,0,0,1,0,0,,"Calle",,"SANTA FE","La Capital","Asfalto","No existe","I","Dentro","Urbana","Ninguna","No existe","Recta","Bueno","Buena","Atardecer","Buen Tiempo","Lateral","Ciclista","Atropello","Ninguna","S/D","Ninguna","Sin restricción"
2017,4983,7/21/2017,"Viernes",0,17:30:00,,"0.0",2,"Moto/Ciclomotor,Automóvil","Salvador del Carril Y Las Heras",2,1,0,0,1,0,0,,"Calle",,"SANTA FE","La Capital","Asfalto","No existe","I","Dentro","Urbana","Ninguna","S/D","Intersección","Bueno","Buena","Diurna","Buen Tiempo","Lateral","S/D","Colisión","Ninguna","Faltante","Ninguna","Sin restricción"
2017,4984,7/22/2017,"Sabado",0,1:45:00,,"0.0",2,"Moto/Ciclomotor,Automóvil","Av Gral Paz Y Salvador del Carril",2,1,0,0,1,0,0,,"Calle",,"SANTA FE","La Capital","Asfalto","No existe","I","Dentro","Urbana","Ninguna","S/D","Intersección","Bueno","Reducida polvo","Nocturna","Buen Tiempo","Lateral","S/D","Colisión","Ninguna","Faltante","Ninguna","Sin restricción"
2017,4985,7/23/2017,"Domingo",0,5:25:00,,"0.0",2,"Automóvil,Automóvil","Alvear Y Salvador del Carril",6,2,0,0,4,0,0,,"Calle",,"SANTA FE","La Capital","Asfalto","No existe","I","Dentro","Urbana","Ninguna","S/D","Intersección","Bueno","Reducida","Nocturna","Buen Tiempo","Lateral","S/D","Colisión","Ninguna","S/D","Ninguna","Sin restricción"
2017,4986,7/23/2017,"Domingo",0,17:20:00,,"0.0",2,"Moto/Ciclomotor,Automóvil","Quintana Y Guemes",4,3,0,0,1,0,0,,"Calle",,"SANTA FE","La Capital","Asfalto","No existe","I","Dentro","Urbana","Ninguna","S/D","Intersección","Bueno","Buena","Diurna","Buen Tiempo","Lateral","S/D","Colisión","Ninguna","S/D","Ninguna","Sin restricción"
2017,4987,7/24/2017,"Lunes",0,11:50:00,,"0.0",2,"Moto/Ciclomotor,Automóvil","Av Almte Brown Y Pedro de Vega",3,2,0,0,1,0,0,,"Calle",,"SANTA FE","La Capital","Asfalto","No existe","I","Dentro","Urbana","Ninguna","No existe","Recta","Bueno","Buena","Diurna","Buen Tiempo","De alcance","S/D","Colisión","Ninguna","S/D","Ninguna","Sin restricción"
2017,4988,7/25/2017,"Martes",0,19:00:00,,"0.0",2,"Moto/Ciclomotor,Automóvil","Salvador del Carril Y Lavalle",2,1,0,0,1,0,0,,"Calle",,"SANTA FE","La Capital","Asfalto","No existe","I","Dentro","Urbana","Ninguna","S/D","Intersección","Bueno","Reducida","Nocturna","Buen Tiempo","Lateral","S/D","Colisión","Ninguna","S/D","Ninguna","Sin restricción"
2017,4989,7/26/2017,"Miercoles",0,11:50:00,,"0.0",2,"Automóvil,Moto/Ciclomotor","Alvear Y R Godoy",2,1,0,0,1,0,0,,"Calle",,"SANTA FE","La Capital","Asfalto","No existe","I","Dentro","Urbana","Ninguna","No existe","Intersección","Bueno","Buena","Diurna","Buen Tiempo","Lateral","S/D","Colisión","Ninguna","S/D","Ninguna","Sin restricción"
2017,4990,7/27/2017,"Jueves",0,14:30:00,,"0.0",2,"Moto/Ciclomotor,Automóvil","Bv Muttis Y Laprida",4,2,0,0,2,0,0,,"Calle",,"SANTA FE","La Capital","Asfalto","No existe","I","Dentro","Urbana","Ninguna","No existe","Intersección","Bueno","Buena","Diurna","Buen Tiempo","Lateral","S/D","Colisión","Ninguna","S/D","Ninguna","Sin restricción"
2017,4991,7/28/2017,"Viernes",0,18:15:00,,"0.0",2,"Moto/Ciclomotor,Automóvil","Av Gral Paz Y Martin Zapata",2,1,0,0,1,0,0,,"Calle",,"SANTA FE","La Capital","Asfalto","No existe","I","Dentro","Urbana","Ninguna","S/D","Intersección","Bueno","Buena","Diurna","Buen Tiempo","Lateral","S/D","Colisión","Ninguna","S/D","Ninguna","Sin restricción"
2017,4992,7/28/2017,"Viernes",0,18:30:00,,"0.0",2,"Automóvil,Transporte de Pasajeros Urbano (> 8 asientos)","Guemes Y Pje Calcena",2,1,0,0,1,0,0,,"Calle",,"SANTA FE","La Capital","Asfalto","No existe","I","Dentro","Urbana","Ninguna","S/D","Intersección","Bueno","Buena","Diurna","Buen Tiempo","De alcance","S/D","Colisión","Ninguna","S/D","Ninguna","Sin restricción"
2017,4993,7/29/2017,"Sabado",0,11:15:00,,"0.0",2,"Moto/Ciclomotor,Automóvil","Av A del Valle Y Derqui",2,1,0,0,1,0,0,,"Calle",,"SANTA FE","La Capital","Asfalto","No existe","I","Dentro","Urbana","Ninguna","S/D","Intersección","S/D","Buena","Diurna","Buen Tiempo","Lateral","S/D","Colisión","Ninguna","S/D","Ninguna","Sin restricción"
2017,4994,7/31/2017,"Lunes",0,20:50:00,,"0.0",2,"Moto/Ciclomotor,Automóvil","Belgrano Y Av Galicia",2,1,0,0,1,0,0,,"Calle",,"SANTA FE","La Capital","Asfalto","No existe","I","Dentro","Urbana","Ninguna","No existe","Intersección","Bueno","Reducida","Nocturna","Buen Tiempo","Lateral","S/D","Colisión","Ninguna","S/D","Ninguna","Sin restricción"
2017,4995,7/14/2017,"Viernes",0,18:30:00,,"0.0",2,"Moto/Ciclomotor,Automóvil","French 2800",4,3,0,0,1,0,0,,"Calle",,"SANTA FE","La Capital","Asfalto","Natural","I","Dentro","Urbana","S/D","No existe","Recta","Con baches","Reducida","Atardecer,Con luz artificial","Buen Tiempo","S/D","S/D","Colisión","S/D","Faltante","S/D","Sin restricción"
2017,4996,7/3/2017,"Lunes",0,10:30:00,,"0.0",2,"Moto/Ciclomotor,Moto/Ciclomotor","Av A del Valle Y Alfonsina Storni",2,2,0,0,0,0,0,,"Calle",,"SANTA FE","La Capital","Asfalto","Pavimento","I","Dentro","Urbana","S/D","No existe","Intersección","Bueno","Buena","Diurna","S/D","Lateral","S/D","Colisión","Ninguna","Faltante","S/D","S/D"
2017,4997,7/12/2017,"Miercoles",0,18:30:00,,"0.0",2,"Moto/Ciclomotor,Otros","Av A del Valle Y Larrea",2,1,0,0,1,0,0,,"Calle",,"SANTA FE","La Capital","Asfalto","Pavimento","I","Dentro","Urbana","Ninguna","No existe","Intersección","Bueno","Buena","Atardecer,Con luz artificial","Buen Tiempo","Lateral","S/D","Colisión","Ninguna","Faltante","S/D","Sin restricción"
2017,4998,7/15/2017,"Sabado",0,3:00:00,,"0.0",2,"Automóvil,Moto/Ciclomotor","Gorriti Y Dr Zavalla",2,1,0,0,1,0,0,,"Calle",,"SANTA FE","La Capital","Asfalto","Pavimento","I","Dentro","Urbana","S/D","No existe","Intersección","Bueno","Buena","Nocturna,Con luz artificial","Buen Tiempo","Lateral","S/D","Colisión","Ninguna","Faltante","S/D","Sin restricción"
2017,5000,7/18/2017,"Martes",0,12:10:00,,"0.0",2,"Automóvil,Moto/Ciclomotor","1ro de Mayo 8300",2,1,0,0,1,0,0,,"Calle",,"SANTA FE","La Capital","Asfalto","Natural","I","Dentro","Urbana","Ninguna","No existe","Recta","Deteriorada","Buena","Diurna","Buen Tiempo","Lateral","S/D","Colisión","S/D","Faltante","S/D","Sin restricción"
2017,5001,7/20/2017,"Jueves",0,22:00:00,,"0.0",2,"Moto/Ciclomotor,Peatón","Av A del Valle Y French",2,1,0,0,1,0,0,,"Calle",,"SANTA FE","La Capital","Asfalto","Pavimento","I","Dentro","Urbana","S/D","Funciona","Intersección","Bueno","Buena","Nocturna,Con luz artificial","Buen Tiempo","S/D","Peatón","Atropello","Ninguna","Vertical","S/D","Sin restricción"
2017,5002,7/28/2017,"Viernes",0,10:00:00,,"0.0",1,"Moto/Ciclomotor","Gorriti Y Av Facundo Zuviria",1,1,0,0,0,0,0,,"Calle",,"SANTA FE","La Capital","Asfalto","Pavimento","I","Dentro","Urbana","Ninguna","Funciona","Intersección","Bueno","Buena","Diurna","Buen Tiempo","S/D","S/D","Despiste","S/D","Vertical","S/D","Sin restricción"
2017,5003,7/28/2017,"Viernes",0,,,"0.0",2,"Moto/Ciclomotor,Automóvil","Reg 12 de Infanteria Y Las Heras",2,1,0,0,1,0,0,,"Calle",,"SANTA FE","La Capital","Asfalto","No existe","I","Dentro","Urbana","Ninguna","No existe","Intersección","Bueno","Buena","Diurna","Buen Tiempo","De alcance","S/D","Colisión","Ninguna","S/D","Ninguna","Sin restricción"
2017,5004,7/30/2017,"Domingo",0,,,"0.0",2,"Automóvil,Moto/Ciclomotor","Tacuari Y Angel Cassanello",2,1,0,0,1,0,0,,"Calle",,"SANTA FE","La Capital","Asfalto","S/D","I","Dentro","Urbana","Ninguna","No existe","Intersección","Bueno","Buena","Diurna","Buen Tiempo","De alcance","S/D","Colisión","Ninguna","S/D","Ninguna","Sin restricción"
2017,5005,7/6/2017,"Jueves",0,14:40:00,,"0.0",2,"Automóvil,Pickup/Utilitario","Larrea Y Rivadavia",3,1,0,0,2,0,0,,"Calle",,"SANTA FE","La Capital","Asfalto","No existe","I","Dentro","Urbana","Ninguna","No existe","Intersección","Bueno","Buena","Diurna","Buen Tiempo","S/D","S/D","Colisión","Ninguna","Faltante","Ninguna","Sin restricción"
2017,5006,7/6/2017,"Jueves",0,16:45:00,,"0.0",2,"Bicicleta,Automóvil","Alvear Y Alberti",2,1,0,0,1,0,0,,"Calle",,"SANTA FE","La Capital","Asfalto","No existe","I","Dentro","Urbana","Ninguna","No existe","Intersección","Bueno","Buena","Diurna","Buen Tiempo","S/D","Ciclista","Atropello","Ninguna","Faltante","Ninguna","Sin restricción"
2017,5007,7/7/2017,"Viernes",0,17:30:00,,"0.0",2,"Automóvil,Moto/Ciclomotor","Angel Cassanello Y Piedras",3,2,0,0,1,0,0,,"Calle",,"SANTA FE","La Capital","Asfalto","No existe","I","Dentro","Urbana","Ninguna","No existe","Intersección","Bueno","Buena","Diurna","Buen Tiempo","S/D","S/D","Colisión","Ninguna","Faltante","Ninguna","Sin restricción"
2017,5008,7/12/2017,"Miercoles",0,12:30:00,,"0.0",2,"Moto/Ciclomotor,Automóvil","Pavon Y Alvear",2,1,0,0,1,0,0,,"Calle",,"SANTA FE","La Capital","Asfalto","No existe","I","Dentro","Urbana","Ninguna","No existe","Intersección","Bueno","Buena","Diurna","Buen Tiempo","S/D","S/D","Colisión","Ninguna","Faltante","Ninguna","Sin restricción"
2017,5009,7/14/2017,"Viernes",0,22:30:00,,"0.0",2,"Moto/Ciclomotor,Bicicleta","French Y Sarmiento",2,2,0,0,0,0,0,,"Calle",,"SANTA FE","La Capital","Asfalto","S/D","I","Dentro","Urbana","Ninguna","S/D","Intersección","Bueno","Buena","Nocturna","Buen Tiempo","S/D","Ciclista","Atropello","Ninguna","S/D","Ninguna","Sin restricción"
2017,5010,7/17/2017,"Lunes",0,16:40:00,,"0.0",2,"Moto/Ciclomotor,Automóvil","Mitre Y Reg 12 de Infanteria",2,1,0,0,1,0,0,,"Calle",,"SANTA FE","La Capital","Asfalto","No existe","I","Dentro","Urbana","Ninguna","No existe","Intersección","Bueno","Buena","Diurna","Buen Tiempo","S/D","S/D","Colisión","Ninguna","Faltante","Ninguna","Sin restricción"
2017,5011,7/13/2017,"Jueves",0,6:20:00,,"0.0",2,"Bicicleta,Moto/Ciclomotor","Av Peñaloza Y Espora",2,2,0,0,0,0,0,,"Avenida",,"SANTA FE","La Capital","Asfalto","No existe","I","Dentro","Urbana","Ninguna","No existe","Recta","Bueno","Buena","Nocturna","Buen Tiempo","S/D","Ciclista","Atropello","Ninguna","Faltante","Ninguna","Sin restricción"
2017,5012,7/18/2017,"Martes",0,15:30:00,,"0.0",2,"Moto/Ciclomotor,Pickup/Utilitario","Av Galicia Y Lavalle",2,1,0,0,1,0,0,,"Calle",,"SANTA FE","La Capital","Asfalto","No existe","I","Dentro","Urbana","Ninguna","No existe","Intersección","Bueno","Buena","Diurna","Buen Tiempo","S/D","S/D","Colisión","Ninguna","Faltante","Ninguna","Sin restricción"
2017,5013,7/19/2017,"Miercoles",0,18:35:00,,"0.0",2,"Moto/Ciclomotor,Automóvil","Padre Genesio Y Lavalle",2,1,0,0,1,0,0,,"Calle",,"SANTA FE","La Capital","Asfalto","No existe","I","Dentro","Urbana","Ninguna","No existe","Intersección","S/D","Buena","Diurna","Buen Tiempo","S/D","S/D","Colisión","Ninguna","Faltante","Ninguna","Sin restricción"
2017,5015,7/25/2017,"Martes",0,19:00:00,"Ruta Nacional 11","0.0",1,"Automóvil","Av Blas Parera Y Alberti",1,1,0,0,0,0,0,,"Ruta",11,"SANTA FE","La Capital","Asfalto","No existe","I","Dentro","Urbana","Ninguna","No existe","Intersección","Bueno","Buena","Nocturna","Buen Tiempo","Contra objeto fijo","S/D","Colisión","Ninguna","Faltante","Ninguna","Sin restricción"
2017,5016,7/19/2017,"Miercoles",0,20:30:00,,"0.0",2,"Moto/Ciclomotor,Automóvil","Av A del Valle Y Reg 12 de Infanteria",3,1,0,0,2,0,0,,"Calle",,"SANTA FE","La Capital","Asfalto","No existe","I","Dentro","Urbana","Ninguna","Funciona","Intersección","Bueno","Buena","Atardecer","Buen Tiempo","S/D","S/D","Colisión","Ninguna","S/D","Ninguna","Sin restricción"
2017,5017,7/20/2017,"Jueves",0,2:15:00,,"0.0",2,"Automóvil,Moto/Ciclomotor","Boneo Y Piedras",2,1,0,0,1,0,0,,"Calle",,"SANTA FE","La Capital","Asfalto","No existe","I","Dentro","Urbana","Ninguna","No existe","Intersección","Bueno","Buena","Nocturna","Buen Tiempo","S/D","S/D","Colisión","Ninguna","S/D","Ninguna","Sin restricción"
2017,5018,7/21/2017,"Viernes",0,10:30:00,,"0.0",2,"Moto/Ciclomotor,Pickup/Utilitario","Echague 6900",2,1,0,0,1,0,0,,"Calle",,"SANTA FE","La Capital","Asfalto","No existe","I","Dentro","Urbana","Ninguna","No existe","Recta","Bueno","Buena","Diurna","Buen Tiempo","S/D","S/D","Colisión","Ninguna","Faltante","Ninguna","Sin restricción"
2017,5019,7/7/2017,"Viernes",0,18:20:00,,"0.0",2,"Automóvil,Moto/Ciclomotor","Saavedra Y M De Polonia",2,1,0,0,1,0,0,,"Calle",,"SANTA FE","La Capital","Asfalto","Pavimento","I","Dentro","Urbana","Ninguna","No funciona","Intersección","Bueno","Buena","Diurna","Buen Tiempo","Lateral","S/D","Colisión","Ninguna","S/D","Ninguna","Sin restricción"
2017,5020,7/22/2017,"Sabado",0,17:30:00,,"0.0",2,"Automóvil,Bicicleta","Rivadavia Y Alberti",2,1,0,0,1,0,0,,"Calle",,"SANTA FE","La Capital","Asfalto","No existe","I","Dentro","Urbana","Ninguna","No existe","Intersección","Bueno","Buena","Diurna","Buen Tiempo","S/D","Ciclista","Atropello","Ninguna","Faltante","Ninguna","Sin restricción"
2017,5021,7/23/2017,"Domingo",0,17:00:00,,"0.0",2,"Automóvil,Moto/Ciclomotor","Padre Genesio Y Republica de Siria",2,1,0,0,1,0,0,,"Calle",,"SANTA FE","La Capital","Asfalto","No existe","I","Dentro","Urbana","Ninguna","No existe","Intersección","Bueno","Buena","Diurna","Buen Tiempo","S/D","S/D","Colisión","S/D","Faltante","Ninguna","Sin restricción"
2017,5022,7/23/2017,"Domingo",0,22:45:00,,"0.0",2,"Pickup/Utilitario,Moto/Ciclomotor","Gdor Candioti Y Larrea",3,1,0,0,2,0,0,,"Calle",,"SANTA FE","La Capital","Asfalto","No existe","I","Dentro","Urbana","Ninguna","No existe","Intersección","Bueno","Buena","Nocturna","Buen Tiempo","S/D","S/D","Colisión","Ninguna","Faltante","Ninguna","Sin restricción"
2017,5023,7/24/2017,"Lunes",0,12:15:00,,"0.0",2,"Automóvil,Moto/Ciclomotor","Belgrano Y Javier de la Rosa",2,1,0,0,1,0,0,,"Calle",,"SANTA FE","La Capital","Asfalto","No existe","I","Dentro","Urbana","Ninguna","No existe","Intersección","Bueno","Buena","Diurna","Buen Tiempo","S/D","S/D","Colisión","Ninguna","Faltante","Ninguna","Sin restricción"
2017,5024,7/12/2017,"Miercoles",0,17:10:00,,"0.0",2,"Camión c / Acoplado,Moto/Ciclomotor","Pje Gregoria P de Denis Y Estanislao Zeballos",2,1,0,0,1,0,0,,"Calle",,"SANTA FE","La Capital","Asfalto","No existe","I","Dentro","Urbana","Paso Peatonal","No existe","Intersección","Bueno","Buena","Diurna","Buen Tiempo","Lateral","S/D","Colisión","Ninguna","S/D","Ninguna","Sin restricción"