"anio_acci","nro_acci","fecha","desc_dia","fecha_aprox","hora_aprox","desc_ruta","km","cant_participantes","desc_participante","calle_avenida_km","total","heridos_leves","heridos_graves","heridos_gravisimos","ilesos","fallecidos","sin_datos","posicion_XY","desc_tipo_via","desc_ruta_ori","desc_loc","desc_dpto","desc_tipo_calzada","desc_tipo_banquina","desc_unidad_regional","desc_lugar_calzada","desc_zona","desc_prioridad","desc_estado_semaforo","desc_lugar_via","desc_estado_via","desc_estado_visibilidad","desc_luminosidad","desc_estado_clima","desc_tipo_colision","desc_tipo_atropello","desc_tipo_hecho","desc_pres_calzada","desc_senializacion","desc_separacion_via","desc_restriccion"
2017,5025,7/25/2017,"Martes",0,13:20:00,,"0.0",2,"Automóvil,Moto/Ciclomotor","Echague Y Boneo",3,2,0,0,1,0,0,,"Calle",,"SANTA FE","La Capital","Asfalto","No existe","I","Dentro","Urbana","Ninguna","No existe","Intersección","Bueno","Buena","Diurna","Buen Tiempo","S/D","S/D","Colisión","Ninguna","Faltante","Ninguna","Sin restricción"
2017,5026,7/25/2017,"Martes",0,17:00:00,,"0.0",2,"Pickup/Utilitario,Moto/Ciclomotor","Av Gral Paz Y Matheu",2,1,0,0,1,0,0,,"Calle",,"SANTA FE","La Capital","Asfalto","No existe","I","Dentro","Urbana","Ninguna","No existe","Intersección","Bueno","Buena","Diurna","Buen Tiempo","S/D","S/D","Colisión","Ninguna","Faltante","Ninguna","Sin restricción"
2017,5027,7/26/2017,"Miercoles",0,11:20:00,,"0.0",2,"Automóvil,Moto/Ciclomotor","Reg 12 de Infanteria Y Alvear",3,2,0,0,1,0,0,,"Calle",,"SANTA FE","La Capital","Asfalto","No existe","I","Dentro","Urbana","Ninguna","No existe","Intersección","Bueno","Buena","Diurna","Buen Tiempo","S/D","S/D","Colisión","Ninguna","Faltante","Ninguna","Sin restricción"
2017,5028,7/3/2017,"Lunes",0,5:00:00,,"0.0",1,"Moto/Ciclomotor","Av A del Valle Y French",2,1,0,0,1,0,0,,"Calle",,"SANTA FE","La Capital","Asfalto","No existe","I","Dentro","Urbana","Semáforo","Funciona","Intersección","Deteriorada","Reducida","Nocturna,Con luz artificial","S/D","S/D","S/D","Caída ocupante","Material Suelto","Vertical","Ninguna","Obra en Construcción"
2017,5029,7/3/2017,"Lunes",0,17:30:00,,"0.0",2,"Automóvil,Moto/Ciclomotor","Los Pinos 2700",2,1,0,0,1,0,0,,"Calle",,"SANTA FE","La Capital","Tierra","No existe","I","Dentro","Urbana","Ninguna","No existe","Recta","Deteriorada","Reducida polvo","Diurna","Buen Tiempo","Lateral","S/D","Colisión","S/D","Faltante","Ninguna","Sin restricción"
2017,5030,7/4/2017,"Martes",0,10:30:00,,"0.0",2,"Automóvil,Moto/Ciclomotor","Av A del Valle Y French",2,1,0,0,1,0,0,,"Calle",,"SANTA FE","La Capital","Asfalto","No existe","I","Dentro","Urbana","S/D","S/D","Intersección","Deteriorada","S/D","Diurna","S/D","Lateral","S/D","Colisión","S/D","S/D","Ninguna","Obra en Construcción"
2017,5031,7/16/2017,"Domingo",0,19:00:00,,"0.0",2,"Automóvil,Moto/Ciclomotor","Av A del Valle Y Lamothe",2,1,0,0,1,0,0,,"Calle",,"SANTA FE","La Capital","Asfalto","No existe","I","Dentro","Urbana","Ninguna","No existe","Intersección","Con baches","Reducida","Atardecer","S/D","Lateral","S/D","Colisión","Ninguna","Vertical","Ninguna","Sin restricción"
2017,5032,7/22/2017,"Sabado",0,3:45:00,,"0.0",2,"Moto/Ciclomotor,Automóvil","Ayacucho Y Cabildo",2,1,0,0,1,0,0,,"Calle",,"ROSARIO","Rosario","Asfalto","No existe","II","Dentro","Urbana","Ninguna","No existe","Intersección","Bueno","S/D","Nocturna","Buen Tiempo","Lateral","S/D","Colisión","Ninguna","S/D","Barrera de hormigón","Sin restricción"
2017,5033,7/22/2017,"Sabado",0,12:00:00,,"0.0",2,"Moto/Ciclomotor,Automóvil","Hilarion de la Quintana Y F.Malaponte",2,1,0,0,1,0,0,,"Calle",,"ROSARIO","Rosario","Asfalto","No existe","II","Dentro","Urbana","Ninguna","No existe","Intersección","Bueno","Buena","Diurna","Buen Tiempo","Lateral","S/D","Colisión","Ninguna","Faltante","Ninguna","Sin restricción"
2017,5034,7/29/2017,"Sabado",0,11:30:00,,"0.0",2,"Moto/Ciclomotor,Automóvil","Av. Circunvalacion ",2,1,0,0,1,0,0,,"Calle",,"ROSARIO","Rosario","Asfalto","No existe","II","Dentro","Urbana","Ninguna","No existe","Intersección","Bueno","Buena","Diurna","Buen Tiempo","Lateral","S/D","Colisión","Ninguna","Faltante","Guardarrail","Sin restricción"
2017,5035,7/5/2017,"Miercoles",0,20:00:00,,"0.0",2,"Moto/Ciclomotor,Automóvil","Laprida Y Ituzaingo",3,1,0,0,2,0,0,,"Calle",,"ROSARIO","Rosario","Asfalto","No existe","II","Dentro","Urbana","S/D","S/D","Intersección","Bueno","Buena","Nocturna,Con luz artificial","Buen Tiempo","S/D","S/D","Colisión","Ninguna","S/D","S/D","Sin restricción"
2017,5036,7/7/2017,"Viernes",0,9:30:00,,"0.0",2,"Moto/Ciclomotor,Automóvil","Ocampo Y Ayacucho",3,2,0,0,1,0,0,,"Calle",,"ROSARIO","Rosario","Asfalto","No existe","II","Dentro","Urbana","Ninguna","S/D","Intersección","Bueno","Buena","Diurna","Buen Tiempo","S/D","S/D","Colisión","Ninguna","S/D","S/D","Sin restricción"
2017,5037,7/7/2017,"Viernes",0,6:00:00,,"0.0",2,"Automóvil,Moto/Ciclomotor","Bv. 27 De Febrero Y L.N.Alem",2,1,0,0,1,0,0,,"Calle",,"ROSARIO","Rosario","Asfalto","No existe","II","Dentro","Urbana","Semáforo","Intermitente","Intersección","Bueno","Buena","Diurna,Con luz artificial","Buen Tiempo","S/D","S/D","Colisión","Ninguna","Vertical","S/D","Sin restricción"
2017,5038,7/11/2017,"Martes",0,15:50:00,,"0.0",2,"Automóvil,Moto/Ciclomotor","Buenos Aires Y Bv. 27 De Febrero",2,1,0,0,1,0,0,,"Calle",,"ROSARIO","Rosario","Asfalto","No existe","II","Dentro","Urbana","Ninguna","No existe","Intersección","Bueno","Buena","Diurna","Buen Tiempo","S/D","S/D","Colisión","Ninguna","S/D","S/D","Sin restricción"
2017,5039,7/18/2017,"Martes",0,11:40:00,,"0.0",2,"Automóvil,Pickup/Utilitario","Chacabuco Y Bv. 27 De Febrero",2,1,0,0,1,0,0,,"Calle",,"ROSARIO","Rosario","Asfalto","No existe","II","Dentro","Urbana","Ninguna","S/D","Intersección","Bueno","Buena","Diurna","Buen Tiempo","S/D","S/D","Colisión","Ninguna","S/D","S/D","Sin restricción"
2017,5040,7/18/2017,"Martes",0,8:10:00,,"0.0",2,"Taxi/Remis,Bicicleta","J.M.de Rosas Y Ocampo",2,1,0,0,1,0,0,,"Calle",,"ROSARIO","Rosario","Asfalto","No existe","II","Dentro","Urbana","S/D","S/D","Intersección","Bueno","Buena","Diurna","Buen Tiempo","S/D","Ciclista","Atropello","Ninguna","S/D","S/D","Sin restricción"
2017,5041,6/8/2017,"Jueves",0,2:20:00,"Ruta Nacional 11","0.0",2,"Automóvil,Moto/Ciclomotor","La Pampa Y Av San Lorenzo",2,0,0,0,0,1,1,"-32.806977, -60.719058","Ruta",11,"CAPITÁN BERMÚDEZ","San Lorenzo","Asfalto","Pavimento","XVII","Dentro","Urbana","Ninguna","No existe","Recta","Bueno","S/D","Nocturna","S/D","S/D","S/D","Colisión","Ninguna","Horizontal","Línea divisoria pintada","S/D"
2017,5042,6/10/2017,"Sabado",0,6:50:00,"Autopista Provincial Brigadier E.López","9.0",2,"Camión c / Acoplado,Automóvil"," ",2,0,0,0,1,1,0,"-32.764564, -60.752554","Autopista","Brigadier E.López","RICARDONE","San Lorenzo","Asfalto","Natural","XVII","Dentro","Rural","Ninguna","No existe","Recta","Bueno","S/D","Diurna","S/D","De alcance","S/D","Colisión","S/D","Horizontal","Línea divisoria pintada","Sin restricción"
2017,5043,7/23/2017,"Domingo",0,21:45:00,,"0.0",2,"Moto/Ciclomotor,Automóvil","3 De Febrero Y Bv. Oroño",3,1,0,0,2,0,0,,"Calle",,"ROSARIO","Rosario","Asfalto","Pavimento","II","Dentro","Urbana","Semáforo","Funciona","Recta","Bueno","Buena","Nocturna","Buen Tiempo","Lateral","S/D","Colisión","Ninguna","Horizontal,Vertical","Línea divisoria pintada","Sin restricción"
2017,5044,7/17/2017,"Lunes",0,17:10:00,,"0.0",2,"Moto/Ciclomotor,Automóvil","Bv. 27 De Febrero Y Entre Rios",2,1,0,0,1,0,0,,"Calle",,"ROSARIO","Rosario","Asfalto","No existe","II","Dentro","Urbana","Ninguna","Funciona","Intersección","Bueno","Buena","Diurna","Buen Tiempo","Lateral","S/D","Colisión","Ninguna","Vertical","Cordón divisorio","Sin restricción"
2017,5045,7/8/2017,"Sabado",0,21:50:00,,"0.0",2,"Moto/Ciclomotor,Automóvil","Hilarion de la Quintana Y Av. Castro Barros",2,1,0,0,1,0,0,,"Calle",,"ROSARIO","Rosario","Asfalto","No existe","II","Dentro","Urbana","Ninguna","No existe","Intersección","Bueno","Buena","Nocturna","Buen Tiempo","Lateral","S/D","Colisión","Ninguna","Faltante","Ninguna","Sin restricción"
2017,5046,7/16/2017,"Domingo",0,23:50:00,,"0.0",2,"Moto/Ciclomotor,Automóvil","Av. Castro Barros Y Av. Ntra.Sra.del Rosario",2,1,0,0,1,0,0,,"Calle",,"ROSARIO","Rosario","Asfalto","No existe","II","Dentro","Urbana","Ninguna","No existe","Intersección","Bueno","Buena","Nocturna","Buen Tiempo","Lateral","S/D","Colisión","Ninguna","Faltante","Ninguna","Sin restricción"
2017,5047,7/24/2017,"Lunes",0,9:15:00,,"0.0",2,"Moto/Ciclomotor,Taxi/Remis","Cordoba Y Mariano Moreno",2,1,0,0,1,0,0,,"Calle",,"ROSARIO","Rosario","Asfalto","Pavimento","II","Dentro","Urbana","Señal Pare","No existe","Recta","Bueno","Buena","Diurna","Buen Tiempo","Lateral","S/D","Colisión","Ninguna","Vertical","Línea divisoria pintada","Sin restricción"
2017,5048,7/24/2017,"Lunes",0,13:15:00,,"0.0",2,"Moto/Ciclomotor,Transporte de Pasajeros Urbano (> 8 asientos)","9 de Julio Y Mitre",2,1,0,0,1,0,0,,"Calle",,"SANTA FE","La Capital","Asfalto","Pavimento","II","Dentro","Urbana","Señal Ceda el Paso","No existe","Recta","Bueno","Buena","Diurna","Buen Tiempo","Lateral","S/D","Colisión","Ninguna","Vertical","Línea divisoria pintada","Sin restricción"
2017,5049,7/24/2017,"Lunes",0,5:50:00,,"0.0",2,"Automóvil,Automóvil","Mendoza Y Buenos Aires",3,1,0,0,2,0,0,,"Calle",,"ROSARIO","Rosario","Asfalto","Pavimento","II","Dentro","Urbana","Semáforo","Funciona","Recta","Bueno","Buena","Nocturna","Buen Tiempo","Lateral","S/D","Colisión","Ninguna","Horizontal,Vertical","Ninguna","Sin restricción"
2017,5050,7/24/2017,"Lunes",0,17:35:00,,"0.0",2,"Peatón,Automóvil","Jujuy Y Pte.Roca",2,1,0,0,1,0,0,,"Calle",,"ROSARIO","Rosario","Asfalto","Pavimento","II","Dentro","Urbana","Marca Vial","No existe","Recta","Bueno","Buena","Diurna","Buen Tiempo","S/D","Peatón","Atropello","Ninguna","Horizontal","Cordón divisorio","Sin restricción"
2017,5051,7/27/2017,"Jueves",0,13:00:00,,"0.0",2,"Moto/Ciclomotor,Automóvil","Italia Y Santa Fe",2,1,0,0,1,0,0,,"Calle",,"ROSARIO","Rosario","Asfalto","Pavimento","II","Dentro","Urbana","Ninguna","Funciona","Recta","Bueno","Buena","Diurna","Buen Tiempo","Lateral","S/D","Colisión","Ninguna","Vertical","Ninguna","Sin restricción"
2017,5052,7/26/2017,"Miercoles",0,14:50:00,,"0.0",2,"Moto/Ciclomotor,Moto/Ciclomotor","San Lorenzo Y Laprida",2,1,0,0,1,0,0,,"Calle",,"ROSARIO","Rosario","Asfalto","Pavimento","II","Dentro","Urbana","Marca Vial","No existe","Recta","Bueno","Buena","Diurna","Buen Tiempo","Lateral","S/D","Colisión","Ninguna","Horizontal","Línea divisoria pintada","Sin restricción"
2017,5053,7/24/2017,"Lunes",0,15:00:00,,"0.0",2,"Automóvil,Peatón","San Luis Y Pte.Roca",2,1,0,0,1,0,0,,"Calle",,"ROSARIO","Rosario","Asfalto","Pavimento","II","Dentro","Urbana","Marca Vial","No existe","Recta","Bueno","Buena","Diurna","Buen Tiempo","S/D","Peatón","Atropello","Ninguna","Vertical","Línea divisoria pintada","Sin restricción"
2017,5054,7/28/2017,"Viernes",0,2:56:00,,"0.0",2,"Automóvil,Taxi/Remis","Bv. Oroño Y San Luis",2,2,0,0,0,0,0,,"Calle",,"ROSARIO","Rosario","Asfalto","Pavimento","II","Dentro","Urbana","Semáforo","No funciona","Recta","Bueno","Buena","Nocturna","Buen Tiempo","Frontal","S/D","Colisión","Ninguna","Vertical","Cordón divisorio","Sin restricción"
2017,5055,7/4/2017,"Martes",0,20:00:00,,"0.0",2,"Automóvil,Moto/Ciclomotor","San Jose Y J Castelli",2,1,0,0,1,0,0,,"Calle",,"SANTA FE","La Capital","Asfalto","S/D","I","Dentro","Urbana","Ninguna","Funciona","Intersección","Bueno","Buena","Nocturna","Buen Tiempo","Lateral","S/D","Colisión","Ninguna","S/D","Ninguna","Sin restricción"
2017,5056,7/29/2017,"Sabado",0,0:55:00,,"0.0",2,"Bicicleta,Automóvil","Montevideo Y Santiago",3,1,0,0,2,0,0,,"Calle",,"ROSARIO","Rosario","Asfalto","Pavimento","II","Dentro","Urbana","Ninguna","No existe","Recta","Bueno","Buena","Nocturna","Buen Tiempo","S/D","Ciclista","Atropello","Ninguna","Horizontal","Línea divisoria pintada","Sin restricción"
2017,5057,7/8/2017,"Sabado",0,22:20:00,,"0.0",2,"Moto/Ciclomotor,Automóvil","3 De Febrero Y Alvear",3,2,0,0,1,0,0,,"Calle",,"ROSARIO","Rosario","Asfalto","Pavimento","II","Dentro","Urbana","Paso Peatonal","No existe","Recta","Bueno","Buena","Nocturna","Buen Tiempo","Lateral","S/D","Colisión","Ninguna","Horizontal","Ninguna","Sin restricción"
2017,5058,7/8/2017,"Sabado",0,1:50:00,,"0.0",2,"Taxi/Remis,Automóvil","Colon Y E.Zeballos",4,2,0,0,2,0,0,,"Calle",,"ROSARIO","Rosario","Asfalto","S/D","II","Dentro","Urbana","Paso Peatonal","No existe","Recta","Bueno","Reducida","Nocturna,Con luz artificial","Buen Tiempo","Lateral","S/D","Colisión","Ninguna","Horizontal","Ninguna","Sin restricción"
2017,5059,7/9/2017,"Domingo",0,7:40:00,,"0.0",2,"Moto/Ciclomotor,Taxi/Remis","Santa Fe Y Pte.Roca",2,1,0,0,1,0,0,,"Calle",,"ROSARIO","Rosario","Asfalto","Pavimento","II","Dentro","Urbana","Semáforo","Funciona","Recta","Bueno","Buena","Diurna","Buen Tiempo","Lateral","S/D","Colisión","Ninguna","Horizontal","Ninguna","Sin restricción"
2017,5060,7/11/2017,"Martes",0,18:25:00,,"0.0",2,"Peatón,Moto/Ciclomotor","Av. Corrientes 800",2,1,0,0,1,0,0,,"Calle",,"ROSARIO","Rosario","Asfalto","Pavimento","II","Dentro","Urbana","Ninguna","Funciona","Recta","Bueno","Buena","Diurna","Buen Tiempo","S/D","Peatón","Atropello","Ninguna","Horizontal","Línea divisoria pintada","Sin restricción"
2017,5061,7/12/2017,"Miercoles",0,13:50:00,,"0.0",2,"Bicicleta,Automóvil","Entre Rios Y San Luis",2,1,0,0,1,0,0,,"Calle",,"ROSARIO","Rosario","Asfalto","Pavimento","II","Dentro","Urbana","Semáforo","Funciona","Recta","Bueno","Buena","Diurna","Buen Tiempo","S/D","Ciclista","Atropello","Ninguna","Vertical","Cordón divisorio","Sin restricción"
2017,5062,7/13/2017,"Jueves",0,16:40:00,,"0.0",2,"Moto/Ciclomotor,Automóvil","Balcarce Y Salta",3,1,0,0,2,0,0,,"Calle",,"ROSARIO","Rosario","Asfalto","Pavimento","II","Dentro","Urbana","S/D","No existe","Intersección","Bueno","Buena","Diurna","Buen Tiempo","S/D","S/D","Colisión","Ninguna","Horizontal","S/D","Sin restricción"
2017,5063,5/1/2017,"Lunes",0,19:20:00,"Ruta Nacional 9","0.0",2,"Moto/Ciclomotor,Moto/Ciclomotor","Hipolito Irigoyen ",2,1,0,0,1,0,0,,"Ruta",9,"CAÑADA DE GÓMEZ","Iriondo","Asfalto","S/D","X","Dentro","Urbana","S/D","S/D","Intersección","S/D","S/D","Diurna","S/D","S/D","S/D","Colisión","S/D","S/D","S/D","S/D"
2017,5064,5/1/2017,"Lunes",0,,,"0.0",2,"Automóvil,Moto/Ciclomotor","Bv Belgrano Y Ituzaingo",5,1,0,0,4,0,0,,"Calle",,"CALCHAQUÍ","Vera","S/D","S/D","XIX","Dentro","Urbana","S/D","S/D","Intersección","S/D","S/D","S/D","S/D","S/D","S/D","Colisión","S/D","S/D","S/D","S/D"
2017,5065,5/2/2017,"Martes",0,9:05:00,,"0.0",2,"Automóvil,Bicicleta","Calle 10-Ludue±a Y Calle 25-Rivadavia",2,1,0,0,1,0,0,,"Calle",,"RECONQUISTA","General Obligado","Asfalto","No existe","IX","Dentro","Urbana","Otra Señal","No existe","Intersección","Bueno","Buena","Diurna","Buen Tiempo","S/D","Ciclista","Atropello","Ninguna","Vertical","Cordón divisorio,S/D","Sin restricción"
2017,5066,5/2/2017,"Martes",0,,,"0.0",2,"Automóvil,Automóvil","Av. Corrientes Y Av. Uriburu",2,1,0,0,1,0,0,,"Calle",,"ROSARIO","Rosario","S/D","S/D","II","Dentro","Urbana","S/D","S/D","Intersección","S/D","S/D","S/D","S/D","S/D","S/D","Colisión","S/D","S/D","S/D","S/D"
2017,5067,5/2/2017,"Martes",0,12:40:00,,"0.0",1,"Moto/Ciclomotor","Almte. Brown 500",1,1,0,0,0,0,0,,"Calle",,"CAÑADA DE GÓMEZ","Iriondo","S/D","S/D","X","Dentro","Urbana","S/D","S/D","Recta","S/D","S/D","Diurna","S/D","S/D","S/D","Caída ocupante","S/D","S/D","S/D","S/D"
2017,5068,5/2/2017,"Martes",0,19:15:00,,"0.0",2,"Moto/Ciclomotor,Moto/Ciclomotor","Laprida Y Rivadavia",2,1,0,0,1,0,0,,"Calle",,"CAÑADA DE GÓMEZ","Iriondo","S/D","S/D","X","Dentro","Urbana","S/D","S/D","Intersección","S/D","S/D","Atardecer","S/D","S/D","S/D","Colisión","S/D","S/D","S/D","S/D"
2017,5069,5/5/2017,"Viernes",0,,"Ruta Nacional 34","232.0",1,"Automóvil"," ",3,3,0,0,0,0,0,,"Ruta",34,"RAFAELA","Castellanos","Asfalto","S/D","V","Dentro","Rural","S/D","S/D","Recta","S/D","S/D","S/D","S/D","Atropello animal","S/D","Colisión","S/D","S/D","S/D","S/D"
2017,5070,7/15/2017,"Sabado",0,22:35:00,,"0.0",2,"Moto/Ciclomotor,Moto/Ciclomotor","Av. Pellegrini Y Dorrego",2,2,0,0,0,0,0,,"Avenida",,"ROSARIO","Rosario","Asfalto","Pavimento","II","Dentro","Urbana","Semáforo","Funciona","Recta","Bueno","Buena","Nocturna","Buen Tiempo","Lateral","S/D","Colisión","Ninguna","Horizontal","Cordón divisorio","Sin restricción"
2017,5071,7/15/2017,"Sabado",0,4:00:00,,"0.0",2,"Moto/Ciclomotor,Taxi/Remis","E.Zeballos Y Dorrego",4,2,0,0,2,0,0,,"Calle",,"ROSARIO","Rosario","Asfalto","Pavimento","II","Dentro","Urbana","Marca Vial","No existe","Recta","Bueno","Reducida","Nocturna","Niebla","Lateral","S/D","Colisión","Ninguna","Horizontal","Ninguna","Sin restricción"
2017,5072,7/16/2017,"Domingo",0,20:50:00,,"0.0",2,"Moto/Ciclomotor,Automóvil","Mitre Y Pje. Ricardone",3,1,0,0,2,0,0,,"S/D",,"ROSARIO","Rosario","Asfalto","Pavimento","II","S/D","S/D","Paso Peatonal","No existe","Recta","Bueno","Reducida","Nocturna","Buen Tiempo","Lateral","S/D","Colisión","Ninguna","Horizontal","Ninguna","Sin restricción"
2017,5073,5/8/2017,"Lunes",0,4:00:00,"Ruta Nacional 11","0.0",3,"Camión c / Acoplado,Camión c / Acoplado,Camión c / Acoplado","Av Circunvalacion Y Ruta Provincial 70",3,1,0,0,2,0,0,,"Ruta",11,"RECREO","La Capital","S/D","S/D","I","Dentro","Urbana","S/D","S/D","Recta","S/D","S/D","Nocturna","S/D","Múltiple","S/D","Colisión","S/D","S/D","S/D","S/D"
2017,5074,5/9/2017,"Martes",0,17:25:00,"Autopista Provincial Brigadier E.López","5.0",2,"Automóvil,Camión"," ",3,2,0,0,1,0,0,,"Autopista","Brigadier E.López","ROSARIO","Rosario","S/D","S/D","II","Dentro","Rural","S/D","S/D","Recta","S/D","S/D","Diurna","S/D","S/D","S/D","Colisión","S/D","S/D","S/D","S/D"
2017,5075,5/11/2017,"Jueves",0,12:05:00,"Ruta Nacional 34","0.0",2,"Camión,Camión","LOS ARALLANES ",2,1,0,0,1,0,0,,"Ruta",34,"IBARLUCEA","Rosario","S/D","S/D","II","Dentro","Urbana","S/D","S/D","Intersección","S/D","S/D","Diurna","S/D","S/D","S/D","Colisión","S/D","S/D","S/D","S/D"
2017,5076,5/22/2017,"Lunes",0,17:30:00,"Autopista Provincial Brigadier E.López","50.0",1,"Moto/Ciclomotor"," ",2,2,0,0,0,0,0,,"Autopista","Brigadier E.López","SAN LORENZO","San Lorenzo","S/D","S/D","XVII","Dentro","Rural","S/D","S/D","Recta","S/D","S/D","Diurna","S/D","S/D","S/D","Caída ocupante","S/D","S/D","S/D","S/D"
2017,5077,5/25/2017,"Jueves",0,5:50:00,"Ruta Provincial 23","0.0",2,"Pickup/Utilitario,Moto/Ciclomotor"," ",3,2,0,0,1,0,0,,"Ruta",23,"ARRUFÓ","San Cristóbal","S/D","S/D","XIII","Dentro","Rural","S/D","S/D","Recta","S/D","S/D","Nocturna","S/D","S/D","S/D","Colisión","S/D","S/D","S/D","S/D"
2017,5078,5/29/2017,"Lunes",0,7:15:00,"Ruta Provincial 70","84.0",2,"Automóvil,Camión c / Acoplado"," ",2,1,0,0,1,0,0,,"Ruta",70,"RAFAELA","Castellanos","S/D","S/D","V","Dentro","Rural","S/D","S/D","Recta","S/D","S/D","Diurna","S/D","S/D","S/D","Colisión","S/D","S/D","S/D","S/D"
2017,5079,5/5/2017,"Viernes",0,12:25:00,,"0.0",1,"Moto/Ciclomotor","Av Dr Luis Chapuis Y P Jose T Maxwell",1,1,0,0,0,0,0,,"Calle",,"VENADO TUERTO","General López","S/D","S/D","VIII","Dentro","Urbana","S/D","S/D","Recta","S/D","S/D","Diurna","S/D","S/D","S/D","Caída ocupante","S/D","S/D","S/D","S/D"
2017,5080,5/5/2017,"Viernes",0,11:05:00,,"0.0",1,"Moto/Ciclomotor","España Y Maipu",1,1,0,0,0,0,0,,"Calle",,"VENADO TUERTO","General López","S/D","S/D","VIII","Dentro","Urbana","S/D","S/D","Recta","S/D","S/D","Diurna","S/D","Atropello animal","S/D","Colisión","S/D","S/D","S/D","S/D"
2017,5081,5/8/2017,"Lunes",0,19:15:00,,"0.0",2,"Automóvil,Moto/Ciclomotor","Pellegrini Y Ballesteros",2,1,0,0,1,0,0,,"Calle",,"CAÑADA DE GÓMEZ","Iriondo","S/D","S/D","X","Dentro","Urbana","S/D","S/D","Intersección","S/D","S/D","Diurna","S/D","S/D","S/D","Colisión","S/D","S/D","S/D","S/D"
2017,5082,5/10/2017,"Miercoles",0,20:30:00,,"0.0",2,"Automóvil,Moto/Ciclomotor","Laprida Y Necochea",2,1,0,0,1,0,0,,"Calle",,"CAÑADA DE GÓMEZ","Iriondo","S/D","S/D","X","Dentro","Urbana","S/D","S/D","Intersección","S/D","S/D","Nocturna","S/D","S/D","S/D","Colisión","S/D","S/D","S/D","S/D"
2017,5083,5/12/2017,"Viernes",0,19:10:00,,"0.0",2,"Automóvil,Moto/Ciclomotor","Calle 15-Patricio Diez ",2,1,0,0,1,0,0,,"Calle",,"RECONQUISTA","General Obligado","S/D","S/D","IX","Dentro","Urbana","S/D","S/D","Intersección","S/D","S/D","Diurna","S/D","S/D","S/D","Colisión","S/D","S/D","S/D","S/D"
2017,5084,5/12/2017,"Viernes",0,,"Ruta Nacional 11","0.0",1,"Moto/Ciclomotor","Calle 21 ",1,1,0,0,0,0,0,,"Ruta",11,"AVELLANEDA","General Obligado","S/D","S/D","IX","Dentro","Urbana","S/D","S/D","Intersección","S/D","S/D","S/D","S/D","S/D","S/D","Colisión","S/D","S/D","S/D","S/D"
2017,5085,5/14/2017,"Domingo",0,23:25:00,"Ruta Nacional 8","360.0",1,"Automóvil"," ",4,4,0,0,0,0,0,,"Ruta",8,"VENADO TUERTO","General López","S/D","S/D","VII","S/D","S/D","S/D","S/D","Curva","S/D","S/D","Nocturna","S/D","S/D","S/D","Vuelco","S/D","S/D","S/D","S/D"
2017,5086,7/26/2017,"Miercoles",0,20:30:00,,"0.0",2,"Bicicleta,Bicicleta","C Colon 1539",2,2,0,0,0,0,0,,"Calle",,"SUNCHALES","Castellanos","Asfalto","No existe","V","Dentro","Urbana","Ninguna","No existe","Recta","Bueno","Buena","Diurna","Buen Tiempo","S/D","Ciclista","Atropello","Ninguna","Faltante","Ninguna","Sin restricción"
2017,5087,7/20/2017,"Jueves",0,18:30:00,,"0.0",2,"Moto/Ciclomotor,Pickup/Utilitario","Illia Pte 650",3,1,0,0,2,0,0,,"Calle",,"SUNCHALES","Castellanos","Ripio","No existe","V","Dentro","Urbana","Ninguna","No existe","Recta","Bueno","Buena","Diurna","Buen Tiempo","Lateral","S/D","Colisión","Ninguna","Vertical","Ninguna","Sin restricción"
2017,5088,5/15/2017,"Lunes",0,20:45:00,,"0.0",2,"Automóvil,Moto/Ciclomotor","Tomas Alva Edison Y Francia",2,1,0,0,1,0,0,,"Calle",,"VENADO TUERTO","General López","S/D","S/D","VIII","S/D","S/D","S/D","S/D","S/D","S/D","S/D","Nocturna","S/D","S/D","S/D","Colisión","S/D","S/D","S/D","S/D"
2017,5089,5/15/2017,"Lunes",0,21:30:00,,"0.0",2,"Automóvil,Moto/Ciclomotor","Cristobal Colon Y Av Estrugamou",2,1,0,0,1,0,0,,"Avenida",,"VENADO TUERTO","General López","S/D","S/D","VIII","S/D","S/D","S/D","S/D","S/D","S/D","S/D","Nocturna","S/D","S/D","S/D","Colisión","S/D","S/D","S/D","S/D"
2017,5090,5/15/2017,"Lunes",0,6:50:00,,"0.0",1,"Automóvil","Velez Sarsfield 4400",1,1,0,0,0,0,0,,"Calle",,"VENADO TUERTO","General López","S/D","S/D","VIII","S/D","S/D","S/D","S/D","S/D","S/D","S/D","Amanecer","S/D","Contra objeto fijo","S/D","Colisión","S/D","S/D","S/D","S/D"
2017,5091,5/15/2017,"Lunes",0,11:50:00,,"0.0",2,"Automóvil,Moto/Ciclomotor","Av Galicia Y Guemes",2,1,0,0,1,0,0,,"Avenida",,"SANTA FE","La Capital","S/D","S/D","I","S/D","S/D","S/D","S/D","S/D","S/D","S/D","Diurna","S/D","S/D","S/D","Colisión","S/D","S/D","S/D","S/D"
2017,5092,5/15/2017,"Lunes",0,7:30:00,,"0.0",1,"Automóvil","Av Dr Luis Chapuis Y Nora Wade de Basualde",1,1,0,0,0,0,0,,"Avenida",,"VENADO TUERTO","General López","S/D","S/D","VIII","S/D","S/D","S/D","S/D","S/D","S/D","S/D","Amanecer","S/D","Contra objeto fijo","S/D","Colisión","S/D","S/D","S/D","S/D"
2017,5093,7/31/2017,"Lunes",0,16:55:00,,"0.0",2,"Moto/Ciclomotor,Automóvil","Bv Centenario Y San Martin",2,1,0,0,1,0,0,,"Calle",,"ACEBAL","Rosario","Hormigón","No existe","II","Dentro","Urbana","Ninguna","No existe","Intersección","Bueno","Buena","Diurna","Buen Tiempo","Lateral","S/D","Colisión","Ninguna","Horizontal,Vertical","Cordón divisorio","Sin restricción"