"anio_acci","nro_acci","fecha","desc_dia","fecha_aprox","hora_aprox","desc_ruta","km","cant_participantes","desc_participante","calle_avenida_km","total","heridos_leves","heridos_graves","heridos_gravisimos","ilesos","fallecidos","sin_datos","posicion_XY","desc_tipo_via","desc_ruta_ori","desc_loc","desc_dpto","desc_tipo_calzada","desc_tipo_banquina","desc_unidad_regional","desc_lugar_calzada","desc_zona","desc_prioridad","desc_estado_semaforo","desc_lugar_via","desc_estado_via","desc_estado_visibilidad","desc_luminosidad","desc_estado_clima","desc_tipo_colision","desc_tipo_atropello","desc_tipo_hecho","desc_pres_calzada","desc_senializacion","desc_separacion_via","desc_restriccion"
2017,5094,7/4/2017,"Martes",0,18:20:00,,"0.0",2,"Automóvil,Moto/Ciclomotor","Cafferata Y San Luis",2,1,0,0,1,0,0,,"Calle",,"ROSARIO","Rosario","Asfalto","No existe","II","Dentro","Urbana","Ninguna","No existe","Intersección","Bueno","Buena","Diurna","Buen Tiempo","Lateral","S/D","Colisión","Ninguna","Faltante","Ninguna","Sin restricción"
2017,5095,7/2/2017,"Domingo",0,4:00:00,,"0.0",2,"Automóvil,Automóvil","Cordoba Y Iriondo",3,1,0,0,2,0,0,,"Calle",,"ROSARIO","Rosario","Asfalto","No existe","II","Dentro","Urbana","Ninguna","No existe","Intersección","Bueno","Buena","Nocturna","Buen Tiempo","Lateral","S/D","Colisión","Ninguna","Faltante","Ninguna","Sin restricción"
2017,5096,7/14/2017,"Viernes",0,18:10:00,,"0.0",2,"Moto/Ciclomotor,Automóvil","Av. Pellegrini Y Valparaiso",3,1,0,0,2,0,0,,"Calle",,"ROSARIO","Rosario","Asfalto","No existe","II","Dentro","Urbana","Ninguna","No existe","Intersección","Bueno","Buena","Diurna","Buen Tiempo","S/D","S/D","Colisión","Ninguna","Faltante","Ninguna","Sin restricción"
2017,5097,5/15/2017,"Lunes",0,8:30:00,"Ruta Provincial 91","0.0",1,"Camión"," ",1,1,0,0,0,0,0,,"Ruta",91,"CAÑADA DE GÓMEZ","Iriondo","S/D","S/D","X","S/D","S/D","S/D","S/D","S/D","S/D","S/D","Diurna","S/D","S/D","S/D","Vuelco","S/D","S/D","S/D","S/D"
2017,5098,7/4/2017,"Martes",0,13:30:00,,"0.0",2,"Automóvil,Moto/Ciclomotor","San Luis Y San Nicolas",3,2,0,0,1,0,0,,"Calle",,"ROSARIO","Rosario","Asfalto","No existe","II","Dentro","Urbana","Ninguna","No existe","Recta","Bueno","Buena","Diurna","Buen Tiempo","De alcance","S/D","Colisión","Ninguna","Faltante","Ninguna","Sin restricción"
2017,5099,7/27/2017,"Jueves",0,17:45:00,,"0.0",2,"Automóvil,Pickup/Utilitario","San Juan Y Bv. Avellaneda",2,1,0,0,1,0,0,,"Calle",,"ROSARIO","Rosario","Asfalto","No existe","II","Dentro","Urbana","Semáforo","Funciona","Recta","Bueno","Buena","Diurna","Buen Tiempo","De alcance","S/D","Colisión","Ninguna","Vertical","Ninguna","Sin restricción"
2017,5101,7/13/2017,"Jueves",0,5:25:00,,"0.0",2,"Automóvil,Automóvil","Cafferata Y San Juan",4,2,0,0,2,0,0,,"Calle",,"ROSARIO","Rosario","Asfalto","No existe","II","Dentro","Urbana","Ninguna","Funciona","Intersección","Bueno","Buena","Nocturna","Buen Tiempo","Lateral","S/D","Colisión","Ninguna","Vertical","Ninguna","Sin restricción"
2017,5102,5/16/2017,"Martes",0,8:00:00,,"0.0",2,"Automóvil,Bicicleta","Sarmiento Y Rivadavia",2,1,0,0,1,0,0,,"Calle",,"CAÑADA DE GÓMEZ","Iriondo","S/D","S/D","X","S/D","S/D","S/D","S/D","S/D","S/D","S/D","Diurna","S/D","S/D","S/D","Colisión","S/D","S/D","S/D","S/D"
2017,5103,7/7/2017,"Viernes",0,16:20:00,,"0.0",2,"Peatón,Moto/Ciclomotor","San Luis Y Av. Ovidio Lagos",2,1,0,0,1,0,0,,"Calle",,"ROSARIO","Rosario","Asfalto","No existe","II","Dentro","Urbana","Semáforo","Funciona","Intersección","Bueno","Buena","Diurna","Lluvia","S/D","Peatón","Atropello","Agua","Vertical","Ninguna","Sin restricción"
2017,5104,7/22/2017,"Sabado",0,14:00:00,,"0.0",2,"Taxi/Remis,Automóvil","Pueyrredon Y 9 De Julio",2,1,0,0,1,0,0,,"Calle",,"ROSARIO","Rosario","Asfalto","No existe","II","Dentro","Urbana","Ninguna","No existe","Recta","Bueno","Buena","Diurna","Buen Tiempo","De alcance","S/D","Colisión","Ninguna","Faltante","Ninguna","Sin restricción"
2017,5105,7/25/2017,"Martes",0,10:30:00,,"0.0",2,"Automóvil,Moto/Ciclomotor","Bv. Avellaneda Y Marcos Paz",2,1,1,0,0,0,0,,"Calle",,"ROSARIO","Rosario","Asfalto","No existe","II","Dentro","Urbana","Semáforo","Funciona","Recta","Bueno","Buena","Diurna","Buen Tiempo","De alcance","S/D","Colisión","Ninguna","Vertical","Cordón divisorio","Sin restricción"
2017,5106,5/17/2017,"Miercoles",0,11:50:00,,"0.0",1,"Moto/Ciclomotor"," ",1,1,0,0,0,0,0,,"S/D",,"SANTA FE","La Capital","S/D","S/D","I","S/D","S/D","S/D","S/D","S/D","S/D","S/D","Diurna","S/D","S/D","S/D","Despiste","S/D","S/D","S/D","S/D"
2017,5107,7/1/2017,"Sabado",0,9:45:00,,"0.0",2,"Taxi/Remis,Automóvil","Bv. Oroño Y Catamarca",2,2,0,0,0,0,0,,"Calle",,"ROSARIO","Rosario","Asfalto","No existe","II","Dentro","Urbana","Señal Pare","No existe","Intersección","Bueno","Buena","Diurna","Buen Tiempo","Lateral","S/D","Colisión","Ninguna","Vertical","Cordón divisorio","Sin restricción"
2017,5108,7/2/2017,"Domingo",0,5:20:00,,"0.0",2,"Peatón,Automóvil","Balcarce Y Tucuman",2,1,0,0,1,0,0,,"Calle",,"ROSARIO","Rosario","Asfalto","No existe","II","Dentro","Urbana","Señal Pare","No existe","Intersección","Bueno","Buena","Amanecer,Con luz artificial","Buen Tiempo","S/D","Peatón","Atropello","Ninguna","Vertical","Ninguna","Sin restricción"
2017,5109,7/5/2017,"Miercoles",0,11:00:00,,"0.0",2,"Moto/Ciclomotor,Automóvil","Bv. Oroño Y Catamarca",2,1,0,0,1,0,0,,"Calle",,"ROSARIO","Rosario","Asfalto","No existe","II","Dentro","Urbana","Señal Pare","No existe","Intersección","Bueno","Buena","Diurna","Buen Tiempo","Lateral","S/D","Colisión","Ninguna","Vertical","Cordón divisorio","Sin restricción"
2017,5110,5/17/2017,"Miercoles",0,,,"0.0",2,"Moto/Ciclomotor,Automóvil","Calle 27-Gdor Freyre Y Calle 22- 25 de Mayo",3,2,0,0,1,0,0,,"Calle",,"RECONQUISTA","General Obligado","S/D","S/D","IX","Dentro","Urbana","S/D","S/D","Intersección","S/D","S/D","S/D","S/D","S/D","S/D","Colisión","S/D","S/D","S/D","S/D"
2017,5111,5/19/2017,"Viernes",0,19:30:00,"Ruta Provincial 70","3.0",1,"Automóvil"," ",1,1,0,0,0,0,0,,"Ruta",70,"RECREO","La Capital","S/D","S/D","I","Dentro","Rural","S/D","S/D","Recta","S/D","S/D","S/D","S/D","Atropello animal","S/D","Colisión","S/D","S/D","S/D","S/D"
2017,5112,5/19/2017,"Viernes",0,10:40:00,,"0.0",2,"Taxi/Remis,Automóvil","Ituzaingo Y Juan Carlos Alberdi",2,1,0,0,1,0,0,,"Calle",,"VENADO TUERTO","General López","S/D","S/D","VIII","Dentro","Urbana","S/D","S/D","Intersección","S/D","S/D","Diurna","S/D","S/D","S/D","Colisión","S/D","S/D","S/D","S/D"
2017,5113,5/18/2017,"Jueves",0,,"Ruta Nacional 8","0.0",1,"Moto/Ciclomotor","Calle nro 121 ",1,1,0,0,0,0,0,,"Ruta",8,"VENADO TUERTO","General López","S/D","S/D","VIII","Dentro","Urbana","S/D","S/D","Recta","S/D","S/D","Nocturna","S/D","S/D","S/D","Caída ocupante","S/D","S/D","S/D","S/D"
2017,5114,5/19/2017,"Viernes",0,10:20:00,,"0.0",2,"Moto/Ciclomotor,Automóvil","Bv. Balcarce Y Pagani",3,1,0,0,2,0,0,,"Calle",,"CAÑADA DE GÓMEZ","Iriondo","S/D","S/D","X","Dentro","Urbana","S/D","S/D","Recta","S/D","S/D","Diurna","S/D","De alcance","S/D","Colisión","S/D","S/D","S/D","S/D"
2017,5115,5/22/2017,"Lunes",0,9:55:00,,"0.0",1,"Moto/Ciclomotor","Dean Funes Y España",1,1,0,0,0,0,0,,"Calle",,"VENADO TUERTO","General López","S/D","S/D","VIII","Dentro","Urbana","S/D","S/D","Recta","S/D","S/D","Diurna","S/D","S/D","S/D","Caída ocupante","S/D","S/D","S/D","S/D"
2017,5116,5/22/2017,"Lunes",0,9:40:00,,"0.0",2,"Moto/Ciclomotor,Automóvil","Gral Jose de San Martin 700",3,1,0,0,2,0,0,,"Calle",,"VENADO TUERTO","General López","S/D","S/D","VIII","Dentro","Urbana","S/D","S/D","Recta","S/D","S/D","Diurna","S/D","S/D","S/D","Colisión","S/D","S/D","S/D","S/D"
2017,5117,5/21/2017,"Domingo",0,7:35:00,,"0.0",2,"Moto/Ciclomotor,Pickup/Utilitario","Calle 8 Y Calle 21",2,1,0,0,1,0,0,,"Calle",,"LAS TOSCAS","General Obligado","S/D","S/D","IX","Dentro","Urbana","S/D","S/D","Intersección","S/D","S/D","Diurna","S/D","S/D","S/D","Colisión","S/D","S/D","S/D","S/D"
2017,5118,5/20/2017,"Sabado",0,3:30:00,,"0.0",2,"Moto/Ciclomotor,Automóvil","Moreno Y Avenida San Martin",3,2,0,0,1,0,0,,"Calle",,"VILLA OCAMPO","General Obligado","S/D","S/D","IX","Dentro","Urbana","S/D","S/D","Intersección","S/D","S/D","Nocturna","S/D","S/D","S/D","Colisión","S/D","S/D","S/D","S/D"
2017,5119,5/22/2017,"Lunes",0,18:00:00,"Ruta Nacional 11","0.0",2,"Camión,Moto/Ciclomotor","Calle 13-Iturraspe ",4,3,0,0,1,0,0,,"Ruta",11,"RECONQUISTA","General Obligado","S/D","S/D","IX","Dentro","Urbana","S/D","S/D","Intersección","S/D","S/D","Diurna","S/D","S/D","S/D","Colisión","S/D","S/D","S/D","S/D"
2017,5120,5/22/2017,"Lunes",0,17:30:00,,"0.0",2,"Moto/Ciclomotor,Moto/Ciclomotor","Boulevard Centenario Y Ayacucho",2,2,0,0,0,0,0,,"Calle",,"CAÑADA DE GÓMEZ","Iriondo","S/D","S/D","X","Dentro","Urbana","S/D","S/D","Intersección","S/D","S/D","Diurna","S/D","S/D","S/D","Colisión","S/D","S/D","S/D","S/D"
2017,5121,5/23/2017,"Martes",0,12:00:00,,"0.0",2,"Transporte de Pasajeros Urbano (> 8 asientos),Peatón","Alberdi Y J.J.Paso",2,0,0,0,1,1,0,"-32.919319, -60.682262","Calle",,"ROSARIO","Rosario","Asfalto","No existe","II","Dentro","Urbana","Ninguna","Funciona","Recta","Bueno","S/D","Diurna","S/D","S/D","Peatón","Atropello","S/D","Horizontal,Vertical","Ninguna,S/D","Sin restricción"
2017,5122,5/2/2017,"Martes",0,7:30:00,,"0.0",2,"Moto/Ciclomotor,Automóvil","Maipu Y Candioti",2,1,0,0,1,0,0,,"Calle",,"SANTA FE","La Capital","S/D","S/D","I","Dentro","Urbana","S/D","S/D","Intersección","S/D","S/D","Diurna","S/D","S/D","S/D","Colisión","S/D","S/D","S/D","S/D"
2017,5123,5/23/2017,"Martes",0,17:00:00,"Ruta Provincial 40","0.0",2,"Moto/Ciclomotor,Camión","Ruta Nacional 11 ",2,1,0,0,1,0,0,,"Ruta",40,"RECONQUISTA","General Obligado","S/D","S/D","IX","Dentro","Urbana","Semáforo","Funciona","Cruce","S/D","S/D","Diurna","S/D","S/D","S/D","Colisión","S/D","Vertical","S/D","S/D"
2017,5124,5/28/2017,"Domingo",0,17:30:00,"Ruta Nacional 33","0.0",2,"Moto/Ciclomotor,Automóvil","CAMINO AL AERODROMO ",2,1,0,0,1,0,0,,"Ruta",33,"VENADO TUERTO","General López","S/D","S/D","VIII","Dentro","Rural","S/D","S/D","Intersección","S/D","S/D","Diurna","S/D","S/D","S/D","Colisión","S/D","S/D","S/D","S/D"
2017,5125,5/29/2017,"Lunes",0,13:20:00,,"0.0",2,"Moto/Ciclomotor,Automóvil","Gral Jose de San Martin Y Bartolome Mitre",2,1,0,0,1,0,0,,"Calle",,"VENADO TUERTO","General López","S/D","S/D","VIII","Dentro","Urbana","S/D","S/D","Intersección","S/D","S/D","Diurna","S/D","S/D","S/D","Colisión","S/D","S/D","S/D","S/D"
2017,5126,5/29/2017,"Lunes",0,13:30:00,,"0.0",1,"Moto/Ciclomotor","Pavon Y Caparros R",2,2,0,0,0,0,0,,"Calle",,"VENADO TUERTO","General López","S/D","S/D","VIII","Dentro","Urbana","S/D","S/D","Recta","S/D","S/D","Diurna","S/D","Atropello animal","S/D","Colisión","S/D","S/D","S/D","S/D"
2017,5127,5/28/2017,"Domingo",0,11:40:00,"Ruta Nacional 9","386.0",3,"Pickup/Utilitario,Automóvil,Automóvil"," ",4,2,0,0,2,0,0,,"Ruta",9,"CAÑADA DE GÓMEZ","Iriondo","S/D","S/D","X","Dentro","Rural","S/D","S/D","Recta","S/D","S/D","Diurna","S/D","Múltiple","S/D","Colisión","S/D","S/D","S/D","S/D"
2017,5128,5/31/2017,"Miercoles",0,14:40:00,,"0.0",2,"Automóvil,Moto/Ciclomotor","España Y Maipu",3,1,0,0,2,0,0,,"Calle",,"VENADO TUERTO","General López","S/D","S/D","VIII","Dentro","Urbana","S/D","S/D","Intersección","S/D","S/D","Diurna","S/D","S/D","S/D","Colisión","S/D","S/D","S/D","S/D"
2017,5129,5/31/2017,"Miercoles",0,14:49:00,,"0.0",3,"Automóvil,Taxi/Remis,Moto/Ciclomotor","9 de Julio 2000",3,1,0,0,2,0,0,,"Calle",,"VENADO TUERTO","General López","S/D","S/D","VIII","Dentro","Urbana","S/D","S/D","Intersección","S/D","S/D","Diurna","S/D","Múltiple","S/D","Colisión","S/D","S/D","S/D","S/D"
2017,5130,5/31/2017,"Miercoles",0,18:00:00,,"0.0",2,"Moto/Ciclomotor,Automóvil","Ocampo Y España",2,1,0,0,1,0,0,,"Calle",,"CAÑADA DE GÓMEZ","Iriondo","S/D","S/D","X","Dentro","Urbana","S/D","S/D","Intersección","S/D","S/D","Diurna","S/D","S/D","S/D","Colisión","S/D","S/D","S/D","S/D"
2017,5131,7/8/2017,"Sabado",0,14:15:00,,"0.0",2,"Moto/Ciclomotor,Automóvil","Salta Y Dorrego",2,1,0,0,1,0,0,,"Calle",,"ROSARIO","Rosario","Asfalto","No existe","II","Dentro","Urbana","Ninguna","No existe","Intersección","Bueno","Buena","Diurna","Buen Tiempo","De alcance","S/D","Colisión","Ninguna","S/D","Ninguna","Sin restricción"
2017,5132,7/28/2017,"Viernes",0,17:40:00,,"0.0",2,"Moto/Ciclomotor,Automóvil","Urquiza Y Italia",2,1,0,0,1,0,0,,"Calle",,"ROSARIO","Rosario","Asfalto","S/D","II","Dentro","Urbana","Señal Pare","No existe","Intersección","Bueno","S/D","Diurna","Buen Tiempo","Lateral","S/D","Colisión","Ninguna","Vertical","Ninguna","Sin restricción"
2017,5133,7/3/2017,"Lunes",0,4:50:00,,"0.0",2,"Automóvil,Moto/Ciclomotor","Entre Rios Y E.Zeballos",2,1,0,0,1,0,0,,"Calle",,"ROSARIO","Rosario","Asfalto","Pavimento","II","Dentro","Urbana","Señal Ceda el Paso","No existe","Recta","Bueno","S/D","Nocturna","Buen Tiempo","Lateral","S/D","Colisión","Ninguna","Vertical","Línea divisoria pintada","Sin restricción"
2017,5134,7/3/2017,"Lunes",0,12:00:00,,"0.0",2,"Moto/Ciclomotor,Automóvil","Mendoza Y Paraguay",2,1,0,0,1,0,0,,"Calle",,"ROSARIO","Rosario","Asfalto","No existe","II","Dentro","Urbana","Semáforo","Funciona","Recta","Bueno","Buena","Diurna","Buen Tiempo","S/D","Peatón","Atropello","Ninguna","Vertical","Línea divisoria pintada","Sin restricción"
2017,5135,7/3/2017,"Lunes",0,17:20:00,,"0.0",2,"Bicicleta,Transporte de Pasajeros Urbano (> 8 asientos)","San Juan De Luz Y Mitre",2,1,0,0,1,0,0,,"Calle",,"ROSARIO","Rosario","Asfalto","Pavimento","II","Dentro","Urbana","Ninguna","No existe","Recta","Bueno","Buena","Diurna","Buen Tiempo","S/D","Ciclista","Atropello","Ninguna","Vertical","Ninguna","Sin restricción"
2017,5136,7/3/2017,"Lunes",0,20:15:00,,"0.0",2,"Taxi/Remis,Taxi/Remis","1 de Mayo Y 3 De Febrero",3,2,0,0,1,0,0,,"Calle",,"ROSARIO","Rosario","Asfalto","Pavimento","II","Dentro","Urbana","Ninguna","No existe","Recta","Bueno","Reducida","Nocturna","Buen Tiempo","Lateral","S/D","Colisión","Ninguna","Horizontal","Ninguna","Sin restricción"
2017,5137,7/5/2017,"Miercoles",0,16:15:00,,"0.0",2,"Moto/Ciclomotor,Automóvil","L.N.Alem Y 3 De Febrero",2,1,0,0,1,0,0,,"Calle",,"ROSARIO","Rosario","Asfalto","S/D","II","Dentro","Urbana","Ninguna","No existe","Recta","Bueno","Buena","Diurna","Buen Tiempo","Lateral","S/D","Colisión","Ninguna","S/D","Ninguna","Sin restricción"
2017,5138,7/5/2017,"Miercoles",0,17:30:00,,"0.0",2,"Peatón,Automóvil","Sarmiento 400",2,1,0,0,1,0,0,,"Calle",,"ROSARIO","Rosario","Asfalto","Pavimento","II","Dentro","Urbana","Semáforo","Funciona","Recta","Bueno","Buena","Diurna","Buen Tiempo","S/D","Peatón","Atropello","Ninguna","Vertical","Ninguna","Sin restricción"
2017,5139,7/6/2017,"Jueves",0,2:45:00,,"0.0",2,"Automóvil,Pickup/Utilitario","Av. Belgrano 838",3,2,0,0,1,0,0,,"Calle",,"ROSARIO","Rosario","Asfalto","Pavimento","II","Dentro","Urbana","Semáforo","Funciona","Recta","Bueno","Buena","Nocturna,Con luz artificial","Buen Tiempo","Lateral","S/D","Colisión","Ninguna","Vertical","Línea divisoria pintada","Sin restricción"
2017,5140,7/17/2017,"Lunes",0,17:55:00,,"0.0",2,"Camión,Camión","A 2 KM DE LA RUTA 34 ",2,1,1,0,0,0,0,,"Calle",,"SUNCHALES","Castellanos","Tierra","Natural","V","Dentro","Urbana","S/D","No existe","Intersección","S/D","Buena","Atardecer","Buen Tiempo","Lateral","S/D","Colisión","S/D","Faltante","Ninguna","Sin restricción"
2017,5141,7/17/2017,"Lunes",0,23:40:00,,"0.0",2,"Moto/Ciclomotor,Automóvil","Roca Y Tucuman",2,1,0,0,1,0,0,,"Calle",,"SUNCHALES","Castellanos","Asfalto","No existe","V","Dentro","Urbana","Ninguna","No existe","Intersección","Bueno","Reducida","Nocturna","Buen Tiempo","Lateral","S/D","Colisión","Ninguna","S/D","Ninguna","Sin restricción"
2017,5142,7/26/2017,"Miercoles",0,16:45:00,,"0.0",2,"Automóvil,Moto/Ciclomotor","Bv. Avellaneda Y 3 De Febrero",3,2,0,0,1,0,0,,"Calle",,"ROSARIO","Rosario","Asfalto","No existe","II","Dentro","Urbana","Ninguna","Funciona","Intersección","Bueno","Buena","Diurna","Buen Tiempo","Lateral","S/D","Colisión","Ninguna","Vertical","Cordón divisorio","Sin restricción"
2017,5143,7/7/2017,"Viernes",0,22:35:00,,"0.0",2,"Moto/Ciclomotor,Automóvil","Bv. Avellaneda Y Rioja",2,1,0,0,1,0,0,,"Calle",,"ROSARIO","Rosario","Asfalto","No existe","II","Dentro","Urbana","Semáforo","Funciona","Intersección","Bueno","Buena","Diurna","Buen Tiempo","Lateral","S/D","Colisión","Ninguna","Vertical","Barrera de hormigón","Sin restricción"
2017,5144,7/24/2017,"Lunes",0,12:50:00,,"0.0",2,"Pickup/Utilitario,Automóvil","Rio De Janeiro Y Rioja",2,1,0,0,1,0,0,,"Calle",,"ROSARIO","Rosario","Asfalto","No existe","II","Dentro","Urbana","Ninguna","No existe","Intersección","Bueno","Buena","Diurna","Buen Tiempo","Lateral","S/D","Colisión","Ninguna","Faltante","Ninguna","Sin restricción"
2017,5145,7/19/2017,"Miercoles",0,22:19:00,,"0.0",2,"Moto/Ciclomotor,Automóvil","Rodriguez Y 9 De Julio",4,1,0,0,3,0,0,,"Calle",,"ROSARIO","Rosario","Asfalto","No existe","II","Dentro","Urbana","Ninguna","No existe","Intersección","Bueno","Buena","Nocturna","Buen Tiempo","Lateral","S/D","Colisión","Ninguna","Faltante","Ninguna","Sin restricción"
2017,5146,7/10/2017,"Lunes",0,23:30:00,,"0.0",2,"Automóvil,Moto/Ciclomotor","E.Zeballos Y Alsina",5,1,0,0,4,0,0,,"Calle",,"ROSARIO","Rosario","Asfalto","No existe","II","Dentro","Urbana","Ninguna","No existe","Intersección","Bueno","Buena","Nocturna","S/D","Lateral","S/D","Colisión","Ninguna","Faltante","Ninguna","Sin restricción"
2017,5147,7/9/2017,"Domingo",0,12:55:00,,"0.0",2,"Automóvil,Automóvil","9 De Julio Y Santiago",3,1,0,0,2,0,0,,"Calle",,"ROSARIO","Rosario","Asfalto","No existe","II","Dentro","Urbana","Ninguna","No existe","Intersección","Bueno","Buena","Diurna","Buen Tiempo","Lateral","S/D","Colisión","Ninguna","Faltante","Ninguna","Sin restricción"
2017,5148,7/11/2017,"Martes",0,14:30:00,,"0.0",2,"Moto/Ciclomotor,Peatón","Alsina Y 9 De Julio",3,1,0,0,2,0,0,,"Calle",,"ROSARIO","Rosario","Asfalto","No existe","II","Dentro","Urbana","Ninguna","No existe","Intersección","Bueno","Buena","Diurna","Buen Tiempo","S/D","Peatón","Atropello","Ninguna","Faltante","Ninguna","Sin restricción"
2017,5149,7/1/2017,"Sabado",0,12:55:00,,"0.0",2,"Vehículo Oficial,Moto/Ciclomotor","Bv. Avellaneda Y Rioja",3,1,0,0,2,0,0,,"Calle",,"ROSARIO","Rosario","Asfalto","No existe","II","Dentro","Urbana","Ninguna","No existe","Intersección","Bueno","Buena","Diurna","Buen Tiempo","Lateral","S/D","Colisión","Ninguna","Faltante","Ninguna","Sin restricción"
2017,5150,5/31/2017,"Miercoles",0,,,"0.0",2,"Moto/Ciclomotor,Automóvil","Calle 10-Ludue±a Y Calle 27-Gdor Freyre",2,1,0,0,1,0,0,,"Calle",,"RECONQUISTA","General Obligado","S/D","S/D","IX","Dentro","Urbana","S/D","S/D","Intersección","S/D","S/D","S/D","S/D","S/D","S/D","Colisión","S/D","S/D","S/D","S/D"
2017,5151,7/1/2017,"Sabado",0,12:55:00,,"0.0",3,"Vehículo Oficial,Automóvil,Automóvil","Sucre Y Mendoza",3,1,0,0,2,0,0,,"Calle",,"ROSARIO","Rosario","Asfalto","No existe","II","Dentro","Urbana","Ninguna","No existe","Intersección","Bueno","Buena","Diurna","Buen Tiempo","Múltiple","S/D","Colisión","Ninguna","Faltante","Ninguna","Sin restricción"
2017,5152,7/16/2017,"Domingo",0,23:50:00,,"0.0",1,"Moto/Ciclomotor"," ",1,0,1,0,0,0,0,,"Calle",,"MARIA JUANA","Castellanos","Hormigón","No existe","V","Dentro","Urbana","Otra Señal","No existe","Recta","Bueno","Buena","Nocturna,Con luz artificial","Buen Tiempo","S/D","S/D","Caída ocupante","Ninguna","Faltante","S/D","Sin restricción"
2017,5153,7/19/2017,"Miercoles",0,17:30:00,,"0.0",2,"Moto/Ciclomotor,Automóvil","14 de Julio Y B Geuna",2,1,0,0,1,0,0,,"Calle",,"RAFAELA","Castellanos","Hormigón","No existe","V","Dentro","Urbana","Ninguna","No existe","Intersección","Bueno","Buena","Diurna","Buen Tiempo","S/D","S/D","Colisión","Ninguna","Faltante","Ninguna","Sin restricción"
2017,5154,7/4/2017,"Martes",0,19:30:00,"Ruta Nacional 34","172.0",2,"Peatón,Automóvil"," ",2,1,0,0,1,0,0,,"Ruta",34,"SAN VICENTE.","Castellanos","Hormigón","Ripio","V","Dentro","Urbana","Ninguna","No existe","Curva","Bueno","Reducida","Nocturna","Buen Tiempo","S/D","Peatón","Atropello","Ninguna","Horizontal,Vertical","Línea divisoria pintada","Sin restricción"
2017,5155,7/1/2017,"Sabado",0,11:50:00,,"0.0",2,"Moto/Ciclomotor,Camión","Velez Sarfield Y Dante Alighieri",3,1,0,0,2,0,0,,"Calle",,"RAFAELA","Castellanos","Asfalto","No existe","V","Dentro","Urbana","Paso Peatonal","S/D","Intersección","Bueno","Buena","Diurna","Buen Tiempo","Lateral","S/D","Colisión","Ninguna","Horizontal","Cordón divisorio","Sin restricción"
2017,5156,7/2/2017,"Domingo",0,21:00:00,"Ruta Provincial 20","0.0",2,"Pickup/Utilitario,Moto/Ciclomotor"," ",3,2,0,0,1,0,0,,"Ruta",20,"COLONIA ALDAO","Castellanos","Hormigón","No existe","V","Dentro","Rural","Señal Ceda el Paso","No existe","Recta","Bueno","Buena","Nocturna,Con luz artificial","Buen Tiempo","De alcance","S/D","Colisión","Ninguna","Horizontal,Vertical","Cordón divisorio","Sin restricción"
2017,5157,7/31/2017,"Lunes",0,11:00:00,,"0.0",2,"Automóvil,Moto/Ciclomotor","P Pfeiffer Y Ayacucho",2,1,0,0,1,0,0,,"Calle",,"RAFAELA","Castellanos","Hormigón","No existe","V","Dentro","Urbana","Ninguna","No existe","Intersección","S/D","Buena","Diurna","Buen Tiempo","Lateral","S/D","Colisión","S/D","Faltante","Cordón divisorio","Sin restricción"
2017,5158,7/19/2017,"Miercoles",0,18:25:00,,"0.0",2,"Moto/Ciclomotor,Automóvil","Monseñor Zaspe Y L Vernet",2,1,0,0,1,0,0,,"Calle",,"RAFAELA","Castellanos","Hormigón","No existe","V","Dentro","Urbana","Ninguna","No existe","Intersección","Bueno","Buena","Atardecer","Buen Tiempo","Lateral","S/D","Colisión","S/D","S/D","Cordón divisorio","Sin restricción"
2017,5159,7/12/2017,"Miercoles",0,6:45:00,,"0.0",2,"Bicicleta,Automóvil","25 de Mayo Y Colon",2,1,0,0,1,0,0,,"Calle",,"RAFAELA","Castellanos","Hormigón","No existe","V","Dentro","Urbana","Ninguna","No existe","Intersección","Bueno","Buena","Diurna","Buen Tiempo","Lateral","Ciclista","Atropello","Ninguna","Vertical","Ninguna","Sin restricción"
2017,5160,7/29/2017,"Sabado",0,5:30:00,,"0.0",2,"Automóvil,Moto/Ciclomotor","San Martin Y Comisario Valentin Kaiser",3,0,1,0,2,0,0,,"Calle",,"RAFAELA","Castellanos","Hormigón","No existe","V","Dentro","Urbana","Ninguna","No existe","Intersección","Bueno","Buena","Nocturna","Buen Tiempo","Lateral","S/D","Colisión","S/D","Vertical","Ninguna","Sin restricción"
2017,5161,7/7/2017,"Viernes",0,20:00:00,,"0.0",2,"Automóvil,Bicicleta","J Galvez Y Mensajero Donna",2,0,1,0,1,0,0,,"Calle",,"RAFAELA","Castellanos","Hormigón","S/D","V","Dentro","Urbana","S/D","S/D","Intersección","S/D","S/D","Diurna","Buen Tiempo","S/D","Ciclista","Atropello","S/D","S/D","Ninguna","Sin restricción"
2017,5162,7/2/2017,"Domingo",0,15:00:00,,"0.0",2,"Moto/Ciclomotor,Automóvil","Bv G L Lhemann Y Simon Bolivar",4,0,2,0,2,0,0,,"Calle",,"RAFAELA","Castellanos","S/D","S/D","V","Dentro","Urbana","Ninguna","No existe","Intersección","Bueno","Buena","Diurna","Buen Tiempo","Lateral","S/D","Colisión","Ninguna","Faltante","Ninguna","Sin restricción"
2017,5163,7/31/2017,"Lunes",0,11:10:00,"Ruta Nacional 34","244.0",1,"Automóvil"," ",2,1,1,0,0,0,0,,"Ruta",34,"ATALIVA","Castellanos","Asfalto","Natural","V","Dentro","Urbana","Ninguna","No existe","Recta","Bueno","Reducida","Diurna","Lluvia","S/D","S/D","Despiste","Ninguna","Horizontal","Línea divisoria pintada","Sin restricción"