"anio_acci","nro_acci","fecha","desc_dia","fecha_aprox","hora_aprox","desc_ruta","km","cant_participantes","desc_participante","calle_avenida_km","total","heridos_leves","heridos_graves","heridos_gravisimos","ilesos","fallecidos","sin_datos","posicion_XY","desc_tipo_via","desc_ruta_ori","desc_loc","desc_dpto","desc_tipo_calzada","desc_tipo_banquina","desc_unidad_regional","desc_lugar_calzada","desc_zona","desc_prioridad","desc_estado_semaforo","desc_lugar_via","desc_estado_via","desc_estado_visibilidad","desc_luminosidad","desc_estado_clima","desc_tipo_colision","desc_tipo_atropello","desc_tipo_hecho","desc_pres_calzada","desc_senializacion","desc_separacion_via","desc_restriccion"
2017,5164,7/1/2017,"Sabado",0,9:00:00,,"0.0",2,"Automóvil,Moto/Ciclomotor","Benito Juarez 1600",2,1,0,0,1,0,0,,"Calle",,"ROSARIO","Rosario","Asfalto","No existe","II","Dentro","Urbana","Ninguna","No existe","Intersección","Bueno","Buena","Atardecer","Buen Tiempo","Lateral","S/D","Colisión","Ninguna","Faltante","Ninguna","Sin restricción"
2017,5165,7/1/2017,"Sabado",0,20:40:00,,"0.0",2,"Automóvil,Moto/Ciclomotor","Pje. Bolonia Y Av. Uriburu",2,1,0,0,1,0,0,,"Calle",,"ROSARIO","Rosario","Asfalto","No existe","II","Dentro","Urbana","Ninguna","No existe","Intersección","Bueno","Buena","Nocturna","Buen Tiempo","Lateral","S/D","Colisión","Ninguna","Faltante","Ninguna","Sin restricción"
2017,5166,7/7/2017,"Viernes",0,8:40:00,,"0.0",2,"Moto/Ciclomotor,Automóvil","Italia Y Saavedra",2,1,0,0,1,0,0,,"Calle",,"ROSARIO","Rosario","Asfalto","No existe","II","Dentro","Urbana","Ninguna","No existe","Intersección","Bueno","Buena","Diurna","Buen Tiempo","Lateral","S/D","Colisión","Ninguna","Faltante","Ninguna","Sin restricción"
2017,5168,7/9/2017,"Domingo",0,13:00:00,,"0.0",2,"Automóvil,Moto/Ciclomotor","Av. Corrientes Y Ameghino",2,1,0,0,1,0,0,,"Calle",,"ROSARIO","Rosario","Asfalto","No existe","II","Dentro","Urbana","Ninguna","No existe","Intersección","Bueno","Buena","Diurna","Buen Tiempo","Lateral","S/D","Colisión","S/D","Faltante","Ninguna","Sin restricción"
2017,5169,7/27/2017,"Jueves",0,18:40:00,,"0.0",2,"Moto/Ciclomotor,Otros","Falucho Y Jose Marti",2,0,1,0,1,0,0,,"Calle",,"RAFAELA","Castellanos","Hormigón","No existe","V","Dentro","Urbana","Ninguna","No existe","Intersección","Bueno","Buena","Diurna","Buen Tiempo","Lateral","S/D","Colisión","S/D","Vertical","Ninguna","Sin restricción"
2017,5170,6/1/2017,"Jueves",0,,,"0.0",2,"Automóvil,Moto/Ciclomotor"," ",2,1,0,0,1,0,0,,"Calle",,"CASILDA","Caseros","S/D","S/D","IV","Dentro","Urbana","S/D","S/D","Intersección","S/D","S/D","S/D","S/D","S/D","S/D","Colisión","S/D","S/D","S/D","S/D"
2017,5171,5/31/2017,"Miercoles",0,,,"0.0",2,"Bicicleta,Pickup/Utilitario"," ",2,1,0,0,1,0,0,,"Calle",,"CASILDA","Caseros","S/D","S/D","IV","Dentro","Urbana","S/D","S/D","Intersección","S/D","S/D","S/D","S/D","S/D","Ciclista","Atropello","S/D","S/D","S/D","S/D"
2017,5172,6/1/2017,"Jueves",0,,"Ruta Provincial 13","201.0",2,"Pickup/Utilitario,Pickup/Utilitario"," ",6,6,0,0,0,0,0,,"Ruta",13,"HUMBERTO 1°","Castellanos","S/D","S/D","V","Dentro","Rural","S/D","S/D","Recta","S/D","S/D","S/D","S/D","S/D","S/D","Colisión","S/D","S/D","S/D","S/D"
2017,5173,6/1/2017,"Jueves",0,,,"0.0",2,"Automóvil,Moto/Ciclomotor","Rinaldi Y Silvio Arcas",2,1,0,0,1,0,0,,"Calle",,"GÁLVEZ","San Jerónimo","S/D","S/D","XV","Dentro","Urbana","S/D","S/D","Intersección","S/D","S/D","S/D","S/D","S/D","S/D","Colisión","S/D","S/D","S/D","S/D"
2017,5174,6/4/2017,"Domingo",0,3:00:00,,"0.0",2,"Automóvil,Moto/Ciclomotor"," ",2,1,0,0,1,0,0,,"Calle",,"CASILDA","Caseros","S/D","S/D","IV","Dentro","Urbana","S/D","S/D","Intersección","S/D","S/D","Nocturna","S/D","S/D","S/D","Colisión","S/D","S/D","S/D","S/D"
2017,5175,6/5/2017,"Lunes",0,21:50:00,,"0.0",2,"Automóvil,Automóvil","Echeverria Bis Y San Lorenzo",2,1,0,0,1,0,0,,"Calle",,"ROSARIO","Rosario","S/D","S/D","II","Dentro","Urbana","S/D","S/D","Intersección","S/D","S/D","Nocturna","S/D","S/D","S/D","Colisión","S/D","S/D","S/D","S/D"
2017,5176,6/5/2017,"Lunes",0,,,"0.0",1,"Moto/Ciclomotor","CALLE 14 Y CALLE 23",1,1,0,0,0,0,0,,"Calle",,"GODEKEN","Caseros","S/D","S/D","IV","Dentro","Urbana","S/D","S/D","Intersección","S/D","S/D","S/D","S/D","S/D","S/D","Caída ocupante","S/D","S/D","S/D","S/D"
2017,5177,6/5/2017,"Lunes",0,,,"0.0",2,"Moto/Ciclomotor,Moto/Ciclomotor","Camino Interprovincial 2327",2,1,0,0,1,0,0,,"Calle",,"FRONTERA","Castellanos","S/D","S/D","V","Dentro","Urbana","S/D","S/D","Recta","S/D","S/D","S/D","S/D","S/D","S/D","Colisión","S/D","S/D","S/D","S/D"
2017,5178,6/17/2017,"Sabado",0,,,"0.0",2,"Automóvil,Moto/Ciclomotor","Gaboto Y Paraguay",3,1,0,0,2,0,0,,"Calle",,"ROSARIO","Rosario","S/D","S/D","II","S/D","S/D","S/D","S/D","S/D","S/D","S/D","S/D","S/D","S/D","S/D","Colisión","S/D","S/D","S/D","S/D"
2017,5179,6/17/2017,"Sabado",0,,,"0.0",2,"Bicicleta,Automóvil","España Y Lucia Miranda",2,1,0,0,1,0,0,,"Calle",,"TIMBÚES","San Lorenzo","S/D","S/D","XVII","S/D","S/D","S/D","S/D","S/D","S/D","S/D","S/D","S/D","S/D","Ciclista","Atropello","S/D","S/D","S/D","S/D"
2017,5180,6/18/2017,"Domingo",0,,,"0.0",2,"Peatón,Moto/Ciclomotor","J.B.Justo Y Colombia",3,3,0,0,0,0,0,,"Calle",,"ROSARIO","Rosario","S/D","S/D","II","S/D","S/D","S/D","S/D","S/D","S/D","S/D","Nocturna","S/D","S/D","Peatón","Atropello","S/D","S/D","S/D","S/D"
2017,5181,6/6/2017,"Martes",0,,,"0.0",2,"Automóvil,Moto/Ciclomotor","CAMILO ALDAO Y JULIO ROCA",3,1,0,0,2,0,0,,"Calle",,"COLONIA ALDAO","Castellanos","S/D","S/D","V","Dentro","Urbana","S/D","S/D","Intersección","S/D","S/D","S/D","S/D","S/D","S/D","Colisión","S/D","S/D","S/D","S/D"
2017,5182,6/7/2017,"Miercoles",0,,,"0.0",1,"Moto/Ciclomotor"," ",2,2,0,0,0,0,0,,"S/D",,"CASILDA","Caseros","S/D","S/D","IV","S/D","S/D","S/D","S/D","Recta","S/D","S/D","S/D","S/D","S/D","S/D","Caída ocupante","S/D","S/D","S/D","S/D"
2017,5183,6/18/2017,"Domingo",0,,,"0.0",2,"Pickup/Utilitario,Moto/Ciclomotor"," ",2,0,1,0,1,0,0,,"S/D",,"RAFAELA","Castellanos","S/D","S/D","V","S/D","S/D","S/D","S/D","S/D","S/D","S/D","S/D","S/D","S/D","S/D","Colisión","S/D","S/D","S/D","S/D"
2017,5184,6/7/2017,"Miercoles",0,,,"0.0",2,"Moto/Ciclomotor,Automóvil"," ",2,1,0,0,1,0,0,,"S/D",,"CASILDA","Caseros","S/D","S/D","IV","S/D","S/D","S/D","S/D","S/D","S/D","S/D","S/D","S/D","S/D","S/D","Colisión","S/D","S/D","S/D","S/D"
2017,5185,6/7/2017,"Miercoles",0,,,"0.0",2,"Bicicleta,Automóvil"," ",2,1,0,0,1,0,0,,"S/D",,"CASILDA","Caseros","S/D","S/D","IV","S/D","S/D","S/D","S/D","S/D","S/D","S/D","S/D","S/D","S/D","Ciclista","Atropello","S/D","S/D","S/D","S/D"
2017,5186,7/17/2017,"Lunes",0,7:00:00,,"0.0",2,"Peatón,Moto/Ciclomotor","Alvear Y Cordoba",2,1,0,0,1,0,0,,"Calle",,"ROSARIO","Rosario","Asfalto","Pavimento","II","Dentro","Urbana","Semáforo","Funciona","Recta","Bueno","Buena","Diurna","Buen Tiempo","S/D","Peatón","Atropello","Ninguna","Horizontal","Línea divisoria pintada","Sin restricción"
2017,5187,7/19/2017,"Miercoles",0,8:45:00,,"0.0",2,"Peatón,Automóvil","Montevideo Y Paraguay",2,1,0,0,1,0,0,,"Calle",,"ROSARIO","Rosario","Asfalto","Pavimento","II","Dentro","Urbana","Paso Peatonal","No existe","Recta","Bueno","Buena","Diurna","Buen Tiempo","S/D","Peatón","Atropello","Ninguna","Vertical","Línea divisoria pintada","Sin restricción"
2017,5188,7/19/2017,"Miercoles",0,11:20:00,,"0.0",2,"Automóvil,Automóvil","Bv. Oroño Y Guemes",3,1,0,0,2,0,0,,"Calle",,"ROSARIO","Rosario","Asfalto","Pavimento","II","Dentro","Urbana","Semáforo","Funciona","Recta","Bueno","Buena","Diurna","Buen Tiempo","Lateral","S/D","Colisión","Ninguna","Horizontal","Cordón divisorio","Sin restricción"
2017,5189,7/17/2017,"Lunes",0,20:55:00,,"0.0",2,"Peatón,Moto/Ciclomotor","Av. Pellegrini Y Laprida",2,1,0,0,1,0,0,,"Avenida",,"ROSARIO","Rosario","Asfalto","No existe","II","Dentro","Urbana","Semáforo","Funciona","Recta","Bueno","Buena","Nocturna","Buen Tiempo","S/D","Peatón","Atropello","Ninguna","Horizontal,Vertical","Barrera de hormigón","Sin restricción"
2017,5190,8/15/2017,"Martes",0,21:30:00,,"0.0",2,"Moto/Ciclomotor,Bicicleta"," ",2,2,0,0,0,0,0,,"Avenida",,"SANTA FE","La Capital","Asfalto","Pavimento","I","Dentro","Urbana","S/D","No existe","S/D","Bueno","Buena","Nocturna,Con luz artificial","Buen Tiempo","S/D","Ciclista","Atropello","S/D","Faltante","S/D","S/D"
2017,5191,8/18/2017,"Viernes",0,18:00:00,,"0.0",2,"Automóvil,Peatón","9 de Julio Y Pje Chubut",2,1,0,0,1,0,0,,"Calle",,"SANTA FE","La Capital","Tierra,Ripio","Natural","I","Dentro","Urbana","S/D","No existe","Intersección","Deteriorada","Buena","Atardecer,Con luz artificial","Buen Tiempo","S/D","Peatón","Atropello","Material Suelto","Faltante","S/D","S/D"
2017,5192,8/18/2017,"Viernes",0,17:25:00,,"0.0",2,"Automóvil,Moto/Ciclomotor","Av A del Valle Y French",2,1,0,0,1,0,0,,"Avenida",,"SANTA FE","La Capital","Asfalto","Pavimento","I","Dentro","Urbana","Semáforo","Funciona","Intersección","Bueno","Buena","Atardecer,Con luz artificial","Buen Tiempo","Lateral","S/D","Colisión","S/D","Vertical","S/D","S/D"
2017,5193,7/25/2017,"Martes",0,10:45:00,,"0.0",2,"Moto/Ciclomotor,Automóvil","Ayacucho Y Bv. 27 De Febrero",2,1,0,0,1,0,0,,"Avenida",,"ROSARIO","Rosario","Asfalto","No existe","II","Dentro","Urbana","S/D","S/D","Intersección","Bueno","Buena","Diurna","Buen Tiempo","S/D","S/D","Colisión","Ninguna","S/D","S/D","Sin restricción"
2017,5194,7/22/2017,"Sabado",0,13:15:00,,"0.0",2,"Moto/Ciclomotor,Automóvil","J.M.de Rosas Y Ayolas",2,1,0,0,1,0,0,,"Calle",,"ROSARIO","Rosario","Asfalto","No existe","II","S/D","Urbana","Ninguna","No existe","Intersección","Bueno","Buena","Diurna","Buen Tiempo","De alcance","S/D","Colisión","Ninguna","Faltante","Ninguna","Sin restricción"
2017,5195,7/19/2017,"Miercoles",0,19:00:00,,"0.0",2,"Moto/Ciclomotor,Automóvil","9 de Julio Y Pedro Ferre",4,2,0,0,2,0,0,,"Calle",,"SANTA FE","La Capital","Asfalto","Pavimento","I","Dentro","Urbana","S/D","No existe","Intersección","S/D","S/D","S/D","S/D","S/D","S/D","Colisión","S/D","Horizontal,Vertical","Ninguna","S/D"
2017,5196,7/12/2017,"Miercoles",0,17:45:00,,"0.0",1,"Transporte de Pasajeros Urbano (> 8 asientos)","L.N.Alem Y Av. Pellegrini",2,1,0,0,1,0,0,,"Calle",,"ROSARIO","Rosario","Asfalto","No existe","II","Dentro","Urbana","S/D","S/D","Recta","Bueno","S/D","Diurna","Buen Tiempo","S/D","S/D","Caída ocupante","S/D","S/D","Cordón divisorio","S/D"
2017,5197,7/27/2017,"Jueves",0,0:05:00,,"0.0",2,"Automóvil,Moto/Ciclomotor","Biedma Bis 100",2,1,0,0,1,0,0,,"Calle",,"ROSARIO","Rosario","Asfalto","No existe","II","S/D","Urbana","Ninguna","No existe","Recta","Con baches","Reducida p/ objetos","Nocturna","Buen Tiempo","De alcance","S/D","Colisión","Ninguna","Faltante","Ninguna","Sin restricción"
2017,5198,7/28/2017,"Viernes",0,7:00:00,,"0.0",2,"Moto/Ciclomotor,Automóvil","Av. Pellegrini Y Ayacucho",2,1,0,0,1,0,0,,"Calle",,"ROSARIO","Rosario","Asfalto","Pavimento","II","Dentro","Urbana","Ninguna","No existe","Intersección","Bueno","Buena","Diurna","Buen Tiempo","Otro","S/D","Colisión","Ninguna","Faltante","Cordón divisorio","Sin restricción"
2017,5199,7/20/2017,"Jueves",0,18:00:00,,"0.0",3,"Moto/Ciclomotor,Automóvil,Automóvil","Av A del Valle Y Diagonal Martinez",3,1,0,0,2,0,0,,"Avenida",,"SANTA FE","La Capital","Asfalto","Pavimento","I","Dentro","Urbana","Semáforo","Funciona","Intersección","S/D","S/D","Atardecer","S/D","Lateral","S/D","Colisión","S/D","Vertical","Línea divisoria pintada","S/D"
2017,5200,7/27/2017,"Jueves",0,16:15:00,,"0.0",1,"Transporte de Pasajeros Urbano (> 8 asientos)","Laprida Y San Luis",2,1,0,0,1,0,0,,"Calle",,"ROSARIO","Rosario","Asfalto","S/D","II","Dentro","Urbana","S/D","S/D","Recta","Bueno","Buena","Diurna","S/D","S/D","S/D","Caída ocupante","S/D","S/D","Cordón divisorio","S/D"
2017,5201,7/24/2017,"Lunes",0,18:40:00,,"0.0",2,"Moto/Ciclomotor,Camión c / Acoplado","Av. Circunvalacion Y Ayolas",2,1,0,0,1,0,0,,"Avenida",,"ROSARIO","Rosario","Hormigón","Natural","II","S/D","Urbana","Ninguna","No existe","Otro","Bueno","Buena","Atardecer","Buen Tiempo","De alcance","S/D","Colisión","Ninguna","S/D","Guardarrail","Sin restricción"
2017,5202,7/24/2017,"Lunes",0,16:25:00,,"0.0",2,"Automóvil,Automóvil","COLON Y CORTADA VIGIL",2,1,0,0,1,0,0,,"Calle",,"ROSARIO","Rosario","Asfalto","No existe","II","S/D","Urbana","Ninguna","No existe","Intersección","Bueno","Buena","Diurna","Buen Tiempo","De alcance","S/D","Colisión","Ninguna","Faltante","Ninguna","Sin restricción"
2017,5203,7/19/2017,"Miercoles",0,18:00:00,,"0.0",2,"Moto/Ciclomotor,Moto/Ciclomotor","Av Facundo Zuviria Y Pedro Diaz Colodrero",2,1,0,0,1,0,0,,"Avenida",,"SANTA FE","La Capital","Asfalto","Pavimento","I","Dentro","Urbana","S/D","Funciona","Intersección","S/D","S/D","Atardecer","S/D","De alcance","S/D","Colisión","S/D","Horizontal,Vertical","Cordón divisorio","S/D"
2017,5204,7/3/2017,"Lunes",0,11:00:00,,"0.0",2,"Moto/Ciclomotor,Automóvil","Av. De Las Palmeras Y Av. Lugones",2,1,0,0,1,0,0,,"Avenida",,"ROSARIO","Rosario","Asfalto","No existe","II","Dentro","Urbana","Ninguna","No existe","S/D","Bueno","Buena","Diurna","Buen Tiempo","Lateral","S/D","Colisión","Ninguna","Faltante","Ninguna","Sin restricción"
2017,5205,7/20/2017,"Jueves",0,23:30:00,,"0.0",2,"Moto/Ciclomotor,Moto/Ciclomotor","Av Facundo Zuviria Y Alberti",2,1,0,0,0,0,1,,"Avenida",,"SANTA FE","La Capital","S/D","Pavimento","I","Dentro","Urbana","S/D","No existe","Intersección","S/D","S/D","Nocturna","S/D","S/D","S/D","Colisión","S/D","S/D","Cordón divisorio","S/D"
2017,5206,7/5/2017,"Miercoles",0,12:10:00,,"0.0",2,"Moto/Ciclomotor,Automóvil","Av. Corrientes Y Virasoro",2,1,0,0,1,0,0,,"Calle",,"ROSARIO","Rosario","Asfalto","No existe","II","Dentro","Urbana","Ninguna","No existe","Recta","Bueno","Buena","Diurna","Buen Tiempo","Otro","S/D","Colisión","Ninguna","S/D","Ninguna","Sin restricción"
2017,5207,7/19/2017,"Miercoles",0,12:00:00,,"0.0",2,"Moto/Ciclomotor,Pickup/Utilitario","Av A del Valle Y Pedro Centeno",2,1,0,0,1,0,0,,"Avenida",,"SANTA FE","La Capital","Asfalto","Pavimento","I","Dentro","Urbana","Semáforo","Funciona","Intersección","S/D","S/D","Diurna","S/D","Otro","S/D","Colisión","S/D","Horizontal,Vertical","Cordón divisorio","S/D"
2017,5208,6/10/2017,"Sabado",0,7:50:00,"Ruta Provincial 39","0.0",1,"Automóvil","RP 39 Y 100 m antes al cruce con la RN34",2,0,1,0,0,1,0,"-30.227586, -61.732574","Ruta",39,"ARRUFÓ","San Cristóbal","Asfalto","Natural","XIII","Fuera","Urbana","Ninguna","No existe","Recta","Bueno","Buena","Diurna","Buen Tiempo","S/D","S/D","Vuelco","Ninguna","Faltante","Cordón divisorio","Sin restricción"
2017,5209,7/5/2017,"Miercoles",0,8:15:00,,"0.0",2,"Moto/Ciclomotor,Otros","Virasoro Y Balcarce",2,1,0,0,0,0,1,,"Calle",,"ROSARIO","Rosario","Asfalto","No existe","II","Dentro","Urbana","Ninguna","No existe","Intersección","Bueno,Resbaladiza","Buena","Diurna","Lluvia","Lateral","S/D","Colisión","Agua","Faltante","Ninguna","Sin restricción"
2017,5210,7/22/2017,"Sabado",0,19:55:00,,"0.0",2,"Moto/Ciclomotor,Automóvil","Bv. Segui Y Buenos Aires",2,1,0,0,1,0,0,,"S/D",,"ROSARIO","Rosario","Asfalto","No existe","II","S/D","Urbana","Señal Pare","No existe","Intersección","Bueno","Buena","Nocturna","Buen Tiempo","Lateral","S/D","Colisión","Ninguna","Horizontal,Vertical","Vegetación","Sin restricción"
2017,5211,6/12/2017,"Lunes",0,17:20:00,,"0.0",2,"Peatón,Moto/Ciclomotor","Camilo Aldao Y Amenabar",2,0,0,0,1,1,0,"-32.963493144771,-60.695089475849","Calle",,"ROSARIO","Rosario","Asfalto","No existe","II","Dentro","Urbana","Ninguna","No existe","Intersección","Bueno","Buena","Atardecer","S/D","S/D","Peatón","Atropello","Ninguna","Faltante","Barrera de hormigón","Sin restricción"
2017,5212,7/9/2017,"Domingo",0,23:15:00,,"0.0",3,"Moto/Ciclomotor,Moto/Ciclomotor,Automóvil","España Y Bv. 27 De Febrero",3,1,1,0,1,0,0,,"Calle",,"ROSARIO","Rosario","Asfalto","No existe","II","Dentro","Urbana","Semáforo","Funciona","Intersección","Bueno","Buena","Con luz artificial","Buen Tiempo","Lateral","S/D","Colisión","Ninguna","Vertical","Cordón divisorio","Sin restricción"
2017,5213,7/17/2017,"Lunes",0,14:20:00,,"0.0",2,"Automóvil,Moto/Ciclomotor","Amenabar Y Buenos Aires",2,1,0,0,1,0,0,,"Calle",,"ROSARIO","Rosario","Asfalto","No existe","II","S/D","Urbana","Señal Pare","No existe","Intersección","Bueno","Buena","Diurna","Buen Tiempo","De alcance","S/D","Colisión","Ninguna","Horizontal,Vertical","Ninguna","Sin restricción"
2017,5214,6/14/2017,"Miercoles",0,8:15:00,"Ruta Provincial 1","105.0",1,"Pickup/Utilitario"," ",2,1,0,0,0,1,0,"-30.930608, -60.051030","Ruta",1,"SALADERO CABAL","Garay","Asfalto","Natural","VII","Dentro","Rural","Ninguna","No existe","Recta","Bueno","Buena","Amanecer","Buen Tiempo","S/D","S/D","Vuelco","Ninguna","S/D","Ninguna","Sin restricción"
2017,5215,7/13/2017,"Jueves",0,20:20:00,,"0.0",2,"Automóvil,Moto/Ciclomotor","Necochea Y Rueda",3,2,0,0,1,0,0,,"Calle",,"ROSARIO","Rosario","Asfalto","No existe","II","S/D","Urbana","Ninguna","No existe","Intersección","Bueno","Buena","Nocturna","Lluvia","Lateral","S/D","Colisión","S/D","Vertical","Ninguna","Sin restricción"
2017,5216,6/17/2017,"Sabado",0,2:45:00,"Ruta Provincial 13","99.0",3,"Pickup/Utilitario,Pickup/Utilitario,Automóvil"," ",5,2,1,0,0,2,0,"-31.662810, -61.759690","Ruta",13,"MARIA JUANA","Castellanos","Asfalto","Natural","V","Dentro","Rural","Marca Vial","No existe","Recta","Bueno","Buena","Nocturna","Buen Tiempo","Múltiple","S/D","Colisión","Ninguna","Horizontal","Línea divisoria pintada","Sin restricción"
2017,5217,7/12/2017,"Miercoles",0,8:15:00,,"0.0",2,"Moto/Ciclomotor,Automóvil","Amenabar Y Mariano Moreno",2,1,0,0,1,0,0,,"Calle",,"ROSARIO","Rosario","Asfalto","No existe","II","Dentro","Urbana","Ninguna","No existe","Intersección","Bueno","Buena","Diurna","Buen Tiempo","Lateral","S/D","Colisión","Ninguna","Faltante","Ninguna","Sin restricción"
2017,5218,7/10/2017,"Lunes",0,20:00:00,,"0.0",2,"Automóvil,Moto/Ciclomotor","Bv. Segui Y J.M.de Rosas",3,2,0,0,1,0,0,,"Calle",,"ROSARIO","Rosario","Asfalto","No existe","II","S/D","Urbana","Otra Señal","No existe","Intersección","Bueno","Buena","Nocturna","Lluvia","De alcance","S/D","Colisión","Ninguna","Horizontal","Cordón divisorio","Sin restricción"
2017,5219,7/18/2017,"Martes",0,11:00:00,,"0.0",2,"Bicicleta,Automóvil","Viamonte Y Av. Corrientes",2,1,0,0,1,0,0,,"Calle",,"ROSARIO","Rosario","Asfalto","S/D","II","Dentro","Urbana","S/D","S/D","Intersección","Bueno","Buena","Diurna","Buen Tiempo","Lateral","S/D","Colisión","Ninguna","S/D","Ninguna","Sin restricción"
2017,5220,7/16/2017,"Domingo",0,11:00:00,,"0.0",2,"Automóvil,Automóvil","J M Zuviria Y Pedro Centeno",3,1,0,0,2,0,0,,"Avenida",,"SANTA FE","La Capital","Asfalto","Pavimento","I","Dentro","Urbana","Semáforo","Funciona","Intersección","S/D","S/D","Diurna","S/D","S/D","S/D","Colisión","S/D","S/D","Cordón divisorio","S/D"
2017,5221,7/7/2017,"Viernes",0,11:45:00,,"0.0",2,"Automóvil,Moto/Ciclomotor","Ayala Gauna Y Maipu",2,1,0,0,1,0,0,,"Calle",,"ROSARIO","Rosario","Asfalto","Pavimento","II","S/D","Urbana","Ninguna","No existe","Recta","Bueno","Buena","Diurna","Lluvia","De alcance","S/D","Colisión","Ninguna","Horizontal","Ninguna","Sin restricción"
2017,5222,7/4/2017,"Martes",0,16:30:00,,"0.0",2,"Automóvil,Moto/Ciclomotor","1 de Mayo Y Bv. Segui",2,1,0,0,1,0,0,,"Calle",,"ROSARIO","Rosario","Asfalto","S/D","II","S/D","Urbana","S/D","No existe","Intersección","Bueno","Buena","Diurna","Buen Tiempo","Lateral","S/D","Colisión","Ninguna","Horizontal","Cordón divisorio","Sin restricción"
2017,5223,7/16/2017,"Domingo",0,20:00:00,,"0.0",2,"Moto/Ciclomotor,Taxi/Remis","J M Zuviria Y Risso",2,1,0,0,1,0,0,,"Avenida",,"SANTA FE","La Capital","Asfalto","Pavimento","I","Dentro","Urbana","S/D","No existe","Intersección","S/D","S/D","S/D","S/D","S/D","S/D","Colisión","S/D","Horizontal,Vertical","Cordón divisorio","S/D"
2017,5224,6/17/2017,"Sabado",0,14:30:00,"Ruta Provincial 65","63.0",2,"Camión c / Semirremolque,Pickup/Utilitario"," ",3,1,1,0,0,1,0,"-32.4957218,-61.4619563","Ruta",65,"LAS ROSAS","Belgrano","Asfalto","Natural","III","Dentro","Rural","Ninguna","No existe","Curva","Bueno","Buena","Diurna","Buen Tiempo","Lateral","S/D","Colisión","Ninguna","Faltante","Ninguna","Obra en Construcción"
2017,5225,7/23/2017,"Domingo",0,8:30:00,,"0.0",2,"Moto/Ciclomotor,Pickup/Utilitario","Av. Pellegrini Y Callao",2,1,0,0,1,0,0,,"Avenida",,"ROSARIO","Rosario","Asfalto","No existe","II","Dentro","Urbana","Semáforo","Funciona","Intersección","Bueno","Buena","Diurna","Buen Tiempo","Lateral","S/D","Colisión","Ninguna","Vertical","Cordón divisorio","Sin restricción"
2017,5226,7/1/2017,"Sabado",0,16:00:00,,"0.0",2,"Automóvil,Automóvil","Ayolas Y Grandoli",4,2,0,0,2,0,0,,"Calle",,"ROSARIO","Rosario","Asfalto","No existe","II","S/D","Urbana","Semáforo","Funciona","Intersección","Bueno","Buena","Diurna","Buen Tiempo","Lateral","S/D","Colisión","Ninguna","Vertical","Cordón divisorio","Sin restricción"
2017,5227,7/23/2017,"Domingo",0,20:00:00,,"0.0",2,"Moto/Ciclomotor,Automóvil","Iturraspe Y San Jeronimo",3,1,0,0,2,0,0,,"Calle",,"SANTA FE","La Capital","Asfalto","Pavimento","I","Dentro","Urbana","S/D","No existe","Intersección","S/D","S/D","S/D","S/D","S/D","S/D","Colisión","S/D","Vertical","S/D","S/D"
2017,5228,7/24/2017,"Lunes",0,17:00:00,,"0.0",2,"Moto/Ciclomotor,Pickup/Utilitario","Boneo Y 4 de Enero",2,1,0,0,1,0,0,,"Calle",,"SANTA FE","La Capital","Asfalto","Pavimento","I","Dentro","Urbana","Ninguna","No existe","Intersección","S/D","S/D","S/D","S/D","S/D","S/D","Colisión","S/D","S/D","S/D","S/D"
2017,5229,7/21/2017,"Viernes",0,6:20:00,,"0.0",2,"Automóvil,Transporte de Pasajeros Urbano (> 8 asientos)","Entre Rios Y Ocampo",5,0,4,0,1,0,0,,"Calle",,"ROSARIO","Rosario","Asfalto","No existe","II","Dentro","Urbana","S/D","S/D","Intersección","Bueno","Buena","Con luz artificial","Buen Tiempo","Lateral","S/D","Colisión","Ninguna","S/D","Ninguna","Sin restricción"
2017,5230,6/26/2017,"Lunes",0,21:30:00,"Ruta Nacional 33","676.5",2,"Automóvil,Pickup/Utilitario"," ",5,1,2,0,1,1,0,"-33.502555, -61.583943","Ruta",33,"CHOVET","General López","Asfalto","Natural","VIII","Fuera","S/D","Ninguna","No existe","Curva","Bueno","Buena","Nocturna","Buen Tiempo","Frontal","S/D","Colisión","Ninguna","Horizontal","Línea divisoria pintada","Sin restricción"
2017,5231,7/26/2017,"Miercoles",0,15:00:00,,"0.0",2,"Moto/Ciclomotor,Moto/Ciclomotor","1ro de Mayo Y Alberti",3,2,0,0,1,0,0,,"Calle",,"SANTA FE","La Capital","Asfalto","Pavimento","I","Dentro","Urbana","S/D","No existe","Intersección","S/D","S/D","S/D","S/D","S/D","S/D","Colisión","S/D","S/D","S/D","S/D"
2017,5232,7/27/2017,"Jueves",0,,,"0.0",2,"Moto/Ciclomotor,Automóvil","1ro de Mayo Y Hernandarias",2,1,0,0,1,0,0,,"Calle",,"SANTA FE","La Capital","Asfalto","Pavimento","I","Dentro","Urbana","S/D","No existe","Intersección","S/D","S/D","S/D","S/D","S/D","S/D","Colisión","S/D","Vertical","S/D","S/D"
2017,5233,6/18/2017,"Domingo",0,6:30:00,,"0.0",2,"Moto/Ciclomotor,Pickup/Utilitario","Baldaccini Y Cordoba",2,0,0,0,1,1,0,"-31.514311730861685,-60.67595332860","Calle",,"MONTE VERA","La Capital","Hormigón","No existe","I","Dentro","Urbana","Ninguna","No existe","Recta","Bueno","Buena","Amanecer,Con luz artificial","Buen Tiempo","De alcance","S/D","Colisión","Ninguna","S/D","Ninguna","Sin restricción"