"anio_acci","nro_acci","fecha","desc_dia","fecha_aprox","hora_aprox","desc_ruta","km","cant_participantes","desc_participante","calle_avenida_km","total","heridos_leves","heridos_graves","heridos_gravisimos","ilesos","fallecidos","sin_datos","posicion_XY","desc_tipo_via","desc_ruta_ori","desc_loc","desc_dpto","desc_tipo_calzada","desc_tipo_banquina","desc_unidad_regional","desc_lugar_calzada","desc_zona","desc_prioridad","desc_estado_semaforo","desc_lugar_via","desc_estado_via","desc_estado_visibilidad","desc_luminosidad","desc_estado_clima","desc_tipo_colision","desc_tipo_atropello","desc_tipo_hecho","desc_pres_calzada","desc_senializacion","desc_separacion_via","desc_restriccion"
2017,5302,7/27/2017,"Jueves",0,12:00:00,,"0.0",2,"Moto/Ciclomotor,Automóvil","Tucuman Y San Juan",2,1,0,0,1,0,0,,"Calle",,"SANTA FE","La Capital","Asfalto","No existe","I","S/D","Urbana","Semáforo","Funciona","Intersección","Bueno","Buena","Diurna","Buen Tiempo","Otro","S/D","Colisión","Ninguna","Vertical","Ninguna","Sin restricción"
2017,5303,7/25/2017,"Martes",0,18:15:00,,"0.0",2,"Moto/Ciclomotor,Pickup/Utilitario","San Juan Y Mendoza",3,2,0,0,1,0,0,,"Calle",,"SANTA FE","La Capital","Asfalto","No existe","I","S/D","Urbana","Semáforo","Funciona","Intersección","Bueno","Buena","Atardecer","Buen Tiempo","Otro","S/D","Colisión","Ninguna","Vertical","Ninguna","Sin restricción"
2017,5304,7/26/2017,"Miercoles",0,7:05:00,,"0.0",2,"Moto/Ciclomotor,Taxi/Remis","Bv Pellegrini Y Av Freyre",2,1,0,0,1,0,0,,"Calle",,"SANTA FE","La Capital","Asfalto","S/D","I","S/D","Urbana","Semáforo","Funciona","Intersección","Bueno","Buena","Amanecer","Buen Tiempo","Otro","S/D","Colisión","Ninguna","Vertical","Ninguna","Sin restricción"
2017,5305,7/15/2017,"Sabado",0,10:30:00,,"0.0",2,"Bicicleta,Pickup/Utilitario","Primera Junta Y Juan Diaz de Solis",2,1,0,0,1,0,0,,"S/D",,"SANTA FE","La Capital","Asfalto","S/D","I","S/D","S/D","Ninguna","No funciona","Intersección","Bueno","Buena","Diurna","Buen Tiempo","S/D","Ciclista","Atropello","Ninguna","Faltante","Ninguna","Sin restricción"
2017,5306,7/6/2017,"Jueves",0,23:00:00,,"0.0",2,"Automóvil,Moto/Ciclomotor","Ituzaingo Y Velez Sarsfield",2,1,0,0,1,0,0,,"Calle",,"SANTA FE","La Capital","Asfalto","No existe","I","Dentro","Urbana","S/D","No existe","Intersección","Bueno","S/D","Nocturna","S/D","Lateral","S/D","Colisión","S/D","S/D","S/D","S/D"
2017,5307,7/7/2017,"Viernes",0,8:05:00,,"0.0",2,"Automóvil,Bicicleta","Gdor Candioti Y Av Leandro Alem",2,1,0,0,1,0,0,,"Avenida",,"SANTA FE","La Capital","Asfalto","No existe","I","Dentro","Urbana","S/D","Funciona","Intersección","Bueno","S/D","Diurna","S/D","S/D","Ciclista","Atropello","S/D","Vertical","S/D","S/D"
2017,5308,7/5/2017,"Miercoles",0,20:50:00,,"0.0",2,"Automóvil,Bicicleta","Juan Del Campillo ",2,1,0,0,0,0,1,,"Calle",,"SANTA FE","La Capital","Asfalto","No existe","I","Dentro","Urbana","S/D","No existe","Intersección","Bueno","S/D","Nocturna","S/D","S/D","Ciclista","Atropello","S/D","S/D","S/D","S/D"
2017,5309,7/1/2017,"Sabado",0,12:00:00,,"0.0",2,"Pickup/Utilitario,Moto/Ciclomotor","Av Leandro Alem 3200",2,1,0,0,1,0,0,,"Avenida",,"SANTA FE","La Capital","Asfalto","No existe","I","Dentro","Urbana","S/D","No existe","Recta","Bueno","S/D","Diurna","S/D","Lateral","S/D","Colisión","S/D","S/D","S/D","S/D"
2017,5310,7/1/2017,"Sabado",0,17:50:00,,"0.0",2,"Automóvil,Moto/Ciclomotor","Velez Sarsfield Y Pedro Ferre",2,1,0,0,1,0,0,,"Calle",,"SANTA FE","La Capital","Asfalto","No existe","I","Dentro","Urbana","S/D","No existe","Intersección","Bueno","S/D","Diurna","S/D","Lateral","S/D","Colisión","S/D","S/D","S/D","S/D"
2017,5311,7/1/2017,"Sabado",0,13:50:00,,"0.0",2,"Automóvil,Moto/Ciclomotor","Guemes Y Chacabuco",2,1,0,0,1,0,0,,"Calle",,"SANTA FE","La Capital","Asfalto","No existe","I","Dentro","Urbana","S/D","No existe","Intersección","Bueno","S/D","Diurna","S/D","Lateral","S/D","Colisión","S/D","S/D","S/D","S/D"
2017,5312,7/9/2017,"Domingo",0,16:30:00,,"0.0",2,"Moto/Ciclomotor,Automóvil","Gdor Mariano Cabal Y Vera Mujica",2,1,0,0,1,0,0,,"Calle",,"SANTA FE","La Capital","Asfalto","No existe","I","Dentro","Urbana","Ninguna","No existe","Intersección","Bueno","Buena","Diurna","Buen Tiempo","Lateral","S/D","Colisión","Ninguna","S/D","Cordón divisorio","Sin restricción"
2017,5313,8/31/2017,"Jueves",0,11:40:00,,"0.0",1,"Automóvil","Angel Cassanello Y Echague",4,3,0,0,1,0,0,,"Calle",,"SANTA FE","La Capital","Asfalto","No existe","I","S/D","Urbana","Ninguna","No existe","Recta","Bueno","Reducida","Nocturna","Buen Tiempo","Contra objeto fijo","S/D","Colisión","Ninguna","S/D","Ninguna","Sin restricción"
2017,5314,8/25/2017,"Viernes",0,16:00:00,,"0.0",2,"Moto/Ciclomotor,Automóvil","Luciano Torrent Y Necochea",3,2,0,0,1,0,0,,"Calle",,"SANTA FE","La Capital","Asfalto","No existe","I","S/D","Urbana","Ninguna","No existe","Intersección","Bueno","Buena","Diurna","Buen Tiempo","Lateral","S/D","Colisión","Ninguna","S/D","Ninguna","Sin restricción"
2017,5315,8/25/2017,"Viernes",0,18:30:00,,"0.0",2,"Moto/Ciclomotor,Automóvil","Av Gral Paz Y Regis Martinez",4,2,0,0,2,0,0,,"Avenida",,"SANTA FE","La Capital","Asfalto","No existe","I","S/D","Urbana","Ninguna","No existe","Intersección","Bueno","Buena","Diurna","Buen Tiempo","Lateral","S/D","Colisión","Ninguna","S/D","Ninguna","Sin restricción"
2017,5316,8/28/2017,"Lunes",0,13:00:00,,"0.0",2,"Automóvil,Taxi/Remis","Av Galicia Y Mitre",3,1,0,0,2,0,0,,"Avenida",,"SANTA FE","La Capital","Asfalto","No existe","I","S/D","Urbana","Ninguna","No existe","Intersección","Bueno","Buena","Diurna","Buen Tiempo","Lateral","S/D","Colisión","Ninguna","S/D","Ninguna","Sin restricción"
2017,5317,8/19/2017,"Sabado",0,2:30:00,,"0.0",2,"Peatón,Moto/Ciclomotor","Pje Calcena Y Av Almte Brown",3,3,0,0,0,0,0,,"Avenida",,"SANTA FE","La Capital","Asfalto","No existe","I","S/D","Urbana","Paso Peatonal","No existe","Intersección","Bueno","Reducida","Nocturna","Buen Tiempo","S/D","Peatón","Atropello","Ninguna","S/D","Línea divisoria pintada","Sin restricción"
2017,5318,8/24/2017,"Jueves",0,22:20:00,,"0.0",2,"Moto/Ciclomotor,Pickup/Utilitario","Salvador del Carril Y Rivadavia",2,1,0,0,1,0,0,,"Avenida",,"SANTA FE","La Capital","Asfalto","No existe","I","S/D","Urbana","Otra Señal","Funciona","Recta","Bueno","Reducida","Nocturna","Buen Tiempo","De alcance","S/D","Colisión","Ninguna","Horizontal,Vertical","Ninguna","Sin restricción"
2017,5319,8/18/2017,"Viernes",0,17:20:00,,"0.0",2,"Moto/Ciclomotor,Pickup/Utilitario","Salvador del Carril Y Guemes",3,2,0,0,1,0,0,,"Avenida",,"SANTA FE","La Capital","Asfalto","No existe","I","S/D","Urbana","Ninguna","No existe","Intersección","Bueno","Buena","Diurna","Buen Tiempo","Lateral","S/D","Colisión","Ninguna","S/D","Ninguna","Sin restricción"
2017,5320,7/29/2017,"Sabado",0,9:00:00,,"0.0",2,"Bicicleta,Automóvil","Lavaisse Y Mitre",2,1,0,0,1,0,0,,"Calle",,"SANTA FE","La Capital","Asfalto","No existe","I","S/D","Urbana","Ninguna","No existe","Intersección","Bueno","Buena","Diurna","Buen Tiempo","S/D","Ciclista","Atropello","Ninguna","S/D","Ninguna","Sin restricción"
2017,5321,8/11/2017,"Viernes",0,19:40:00,,"0.0",2,"Moto/Ciclomotor,Automóvil","Agustin Delgado ",2,1,0,0,1,0,0,,"Calle",,"SANTA FE","La Capital","Asfalto","No existe","I","S/D","Urbana","Ninguna","No existe","Intersección","Bueno","Reducida","Atardecer","Buen Tiempo","Lateral","S/D","Colisión","Ninguna","S/D","Ninguna","Sin restricción"
2017,5322,8/4/2017,"Viernes",0,8:45:00,,"0.0",2,"Automóvil,Moto/Ciclomotor","Gorriti 3400",2,1,0,0,1,0,0,,"Avenida",,"SANTA FE","La Capital","Asfalto","Pavimento","I","Dentro","Urbana","Ninguna","No existe","Recta","Bueno","Buena","Amanecer","Buen Tiempo","S/D","S/D","Colisión","Ninguna","Faltante","Cordón divisorio","S/D"
2017,5323,8/19/2017,"Sabado",0,21:20:00,,"0.0",2,"Moto/Ciclomotor,Peatón","Av A del Valle Y Hernandarias",3,1,1,0,1,0,0,,"Avenida",,"SANTA FE","La Capital","Asfalto","No existe","I","S/D","Urbana","Semáforo","Funciona","Intersección","Bueno","Reducida","Nocturna","Buen Tiempo","S/D","Peatón","Atropello","Ninguna","Vertical","Ninguna","Sin restricción"
2017,5324,8/14/2017,"Lunes",0,4:15:00,,"0.0",2,"Moto/Ciclomotor,Automóvil","Av Gral Paz Y Hernandarias",2,1,0,0,1,0,0,,"Avenida",,"SANTA FE","La Capital","Asfalto","No existe","I","S/D","Urbana","Ninguna","Funciona","Intersección","Bueno","Reducida","Nocturna","Buen Tiempo","Lateral","S/D","Colisión","Ninguna","Vertical","Ninguna","Sin restricción"
2017,5325,8/16/2017,"Miercoles",0,11:50:00,,"0.0",2,"Bicicleta,Automóvil","Av Almte Brown Y Pje Calcena",2,1,0,0,1,0,0,,"Avenida",,"SANTA FE","La Capital","Asfalto","No existe","I","S/D","Urbana","Ninguna","No existe","Recta","Bueno","Buena","Diurna","Buen Tiempo","S/D","Ciclista","Atropello","Ninguna","S/D","Ninguna","Sin restricción"
2017,5326,8/21/2017,"Lunes",0,16:30:00,,"0.0",2,"Automóvil,Moto/Ciclomotor","Salvador del Carril Y Necochea",4,1,0,0,3,0,0,,"Avenida",,"SANTA FE","La Capital","Asfalto","No existe","I","S/D","Urbana","Ninguna","No existe","Intersección","Bueno","Buena","Diurna","Buen Tiempo","Lateral","S/D","Colisión","Ninguna","S/D","Ninguna","Sin restricción"
2017,5327,8/24/2017,"Jueves",0,15:35:00,,"0.0",2,"Moto/Ciclomotor,Automóvil","Hernandarias Y Rivadavia",2,1,0,0,1,0,0,,"Calle",,"SANTA FE","La Capital","Asfalto","No existe","I","S/D","Urbana","Ninguna","No existe","Intersección","Bueno","Buena","Diurna","Buen Tiempo","Lateral","S/D","Colisión","Ninguna","S/D","Ninguna","Sin restricción"
2017,5328,8/16/2017,"Miercoles",0,14:40:00,,"0.0",2,"Moto/Ciclomotor,Automóvil","Gdor Candioti Y Lavaisse",2,1,0,0,1,0,0,,"Calle",,"SANTA FE","La Capital","Asfalto","No existe","I","S/D","Urbana","Ninguna","No existe","Intersección","Bueno","Buena","Diurna","Buen Tiempo","Lateral","S/D","Colisión","Ninguna","S/D","Ninguna","Sin restricción"
2017,5329,8/17/2017,"Jueves",0,17:30:00,,"0.0",2,"Moto/Ciclomotor,Automóvil","Guemes Y Quintana",3,1,0,0,1,0,1,,"Calle",,"SANTA FE","La Capital","Asfalto","No existe","I","S/D","Urbana","Ninguna","No existe","Intersección","Bueno","Buena","Diurna","Buen Tiempo","Lateral","S/D","Colisión","Ninguna","S/D","Ninguna","Sin restricción"
2017,5330,8/1/2017,"Martes",0,12:30:00,,"0.0",2,"Automóvil,Moto/Ciclomotor","Pedro Diaz Colodrero Y Alvear",3,2,0,0,1,0,0,,"Avenida",,"SANTA FE","La Capital","Asfalto","No existe","I","S/D","Urbana","Ninguna","No existe","Intersección","Resbaladiza","Reducida","Diurna","Lluvia","Lateral","S/D","Colisión","Agua","S/D","Ninguna","Sin restricción"
2017,5331,8/18/2017,"Viernes",0,11:00:00,,"0.0",2,"Bicicleta,Automóvil","Av A del Valle Y J Castelli",2,1,0,0,1,0,0,,"Avenida",,"SANTA FE","La Capital","Asfalto","No existe","I","S/D","Urbana","Ninguna","No existe","Recta","Bueno","Buena","Diurna","Buen Tiempo","S/D","Ciclista","Atropello","Ninguna","S/D","Ninguna","Sin restricción"
2017,5332,8/18/2017,"Viernes",0,12:05:00,,"0.0",2,"Automóvil,Bicicleta","Av Galicia Y Alvear",2,1,0,0,1,0,0,,"Avenida",,"SANTA FE","La Capital","Asfalto","No existe","I","S/D","Urbana","Ninguna","No existe","Recta","Bueno","Buena","Diurna","Buen Tiempo","S/D","Ciclista","Atropello","Ninguna","Faltante","Ninguna","Sin restricción"
2017,5333,8/1/2017,"Martes",0,13:40:00,,"0.0",2,"Automóvil,Automóvil","Belgrano Y Hernandez",2,2,0,0,0,0,0,,"Calle",,"SANTA FE","La Capital","Asfalto","No existe","I","S/D","Urbana","Ninguna","No existe","Intersección","Bueno","Buena","Diurna","Buen Tiempo","Lateral","S/D","Colisión","Ninguna","S/D","Ninguna","Sin restricción"
2017,5334,6/24/2017,"Sabado",0,20:30:00,,"0.0",2,"Moto/Ciclomotor,Peatón","Centeno Y Iriondo",3,1,1,0,0,1,0,"-32.979204, -60.679296","Calle",,"ROSARIO","Rosario","Asfalto","S/D","II","Dentro","Urbana","Ninguna","No existe","Intersección","Bueno","S/D","Nocturna","S/D","S/D","Peatón","Atropello","S/D","S/D","Ninguna","Sin restricción"
2017,5335,8/31/2017,"Jueves",0,18:10:00,,"0.0",2,"Automóvil,Moto/Ciclomotor","Av Lopez y Planes 3900",2,0,0,0,0,0,2,,"Avenida",,"SANTA FE","La Capital","Asfalto,Hormigón","No existe","I","Dentro","Urbana","Otra Señal","No existe","Recta","Bueno","Buena","Diurna","Buen Tiempo","Lateral","S/D","Colisión","S/D","Faltante","Cordón divisorio,Vegetación","Sin restricción"
2017,5336,8/4/2017,"Viernes",0,19:15:00,,"0.0",2,"Moto/Ciclomotor,Automóvil","Ricardo Aldao Y Republica de Siria",3,0,1,0,2,0,0,,"Calle",,"SANTA FE","La Capital","Asfalto","No existe","I","S/D","Urbana","Ninguna","No existe","Intersección","Bueno","Buena","Diurna","Buen Tiempo","Lateral","S/D","Colisión","Ninguna","S/D","Ninguna","Sin restricción"
2017,5337,8/1/2017,"Martes",0,20:15:00,,"0.0",2,"Moto/Ciclomotor,Peatón","Obispo Gelabert Y Av Pte Peron",2,2,0,0,0,0,0,,"Calle",,"SANTA FE","La Capital","Asfalto","Pavimento","I","S/D","Urbana","Ninguna","S/D","Intersección","Bueno","Buena","Nocturna","Buen Tiempo","S/D","Peatón","Atropello","Ninguna","Faltante","Ninguna","Sin restricción"
2017,5338,8/3/2017,"Jueves",0,9:30:00,,"0.0",2,"Automóvil,Moto/Ciclomotor","Av Urquiza Y Hipolito Yrigoyen",2,1,0,0,1,0,0,,"Calle",,"SANTA FE","La Capital","Asfalto","S/D","I","S/D","Urbana","Ninguna","S/D","Intersección","Bueno","Buena","Diurna","Buen Tiempo","Otro","S/D","Colisión","Ninguna","S/D","Ninguna","Sin restricción"
2017,5339,6/17/2017,"Sabado",0,20:20:00,"Ruta Provincial 94","16.0",2,"Automóvil,Pickup/Utilitario"," ",2,0,1,0,0,1,0,"-34.07718, -61.54855","Ruta",94,"TEODELINA","General López","Asfalto","Natural","VIII","Dentro","Rural","Ninguna","No existe","Recta","Con baches","Buena","Nocturna","Buen Tiempo","Frontal","S/D","Colisión","Ninguna","S/D","Línea divisoria pintada","Sin restricción"
2017,5340,8/4/2017,"Viernes",0,19:00:00,,"0.0",2,"Peatón,Moto/Ciclomotor","Av A del Valle Y Angel Cassanello",2,1,0,0,1,0,0,,"Avenida",,"SANTA FE","La Capital","Asfalto","No existe","I","S/D","Urbana","Ninguna","No existe","Intersección","Bueno","Reducida","Atardecer","Buen Tiempo","S/D","Peatón","Atropello","Ninguna","S/D","Ninguna","Sin restricción"
2017,5341,8/5/2017,"Sabado",0,5:30:00,,"0.0",2,"Taxi/Remis,Moto/Ciclomotor","Salta Y Av Mosconi",3,2,0,0,1,0,0,,"Calle",,"SANTA FE","La Capital","Asfalto","No existe","I","S/D","Urbana","Ninguna","No existe","Intersección","Bueno","Buena","Amanecer","Buen Tiempo","Lateral","S/D","Colisión","Ninguna","S/D","Ninguna","Sin restricción"
2017,5342,6/20/2017,"Martes",0,15:00:00,"Ruta Provincial 2","0.0",1,"Pickup/Utilitario"," ",4,3,0,0,0,1,0,"-29.768940, -61.488151","Ruta",2,"ESTEBAN RAMS","9 de Julio","Asfalto","Natural","XII","Dentro","Urbana","Ninguna","No existe","Recta","Bueno","Buena","Diurna","Buen Tiempo","S/D","S/D","Vuelco","Ninguna","Faltante","Ninguna","Sin restricción"
2017,5343,8/5/2017,"Sabado",0,10:15:00,,"0.0",2,"Pickup/Utilitario,Moto/Ciclomotor","Mendoza Y San Juan",2,1,0,0,1,0,0,,"Calle",,"SANTA FE","La Capital","Asfalto","S/D","I","S/D","Urbana","Ninguna","S/D","Intersección","Bueno","Buena","Diurna","Buen Tiempo","Otro","S/D","Colisión","Ninguna","S/D","Ninguna","Sin restricción"
2017,5344,8/30/2017,"Miercoles",0,12:15:00,,"0.0",2,"Automóvil,Moto/Ciclomotor","Guemes Y Pje Calcena",2,1,0,0,1,0,0,,"Calle",,"SANTA FE","La Capital","Asfalto","No existe","I","S/D","Urbana","Ninguna","No existe","Intersección","Bueno","Buena","Diurna","Buen Tiempo","Lateral","S/D","Colisión","Ninguna","S/D","Ninguna","Sin restricción"
2017,5345,8/5/2017,"Sabado",0,13:30:00,,"0.0",2,"Automóvil,Moto/Ciclomotor","Angel Cassanello ",2,1,0,0,1,0,0,,"Calle",,"SANTA FE","La Capital","Asfalto","No existe","I","S/D","Urbana","Ninguna","No existe","Intersección","Bueno","Buena","Diurna","Buen Tiempo","Lateral","S/D","Colisión","Ninguna","S/D","Ninguna","Sin restricción"
2017,5346,8/6/2017,"Domingo",0,9:00:00,,"0.0",2,"Automóvil,Automóvil","Av Urquiza Y Gdor Crespo",2,1,0,0,1,0,0,,"Calle",,"SANTA FE","La Capital","S/D","S/D","I","S/D","Urbana","Semáforo","Funciona","Intersección","Bueno","Buena","Diurna","Buen Tiempo","Otro","S/D","Colisión","Ninguna","Vertical","Ninguna","Sin restricción"
2017,5347,8/8/2017,"Martes",0,20:50:00,,"0.0",3,"Pickup/Utilitario,Automóvil,Pickup/Utilitario","Candido Pujato 3200",3,2,0,0,1,0,0,,"S/D",,"SANTA FE","La Capital","Asfalto","No existe","I","S/D","Urbana","Ninguna","No existe","Recta","Bueno","Buena","Atardecer","Buen Tiempo","Múltiple","S/D","Colisión","Ninguna","Vertical","Ninguna","Sin restricción"
2017,5348,8/23/2017,"Miercoles",0,20:00:00,,"0.0",2,"Moto/Ciclomotor,Bicicleta","J Castelli Y San Jose",2,1,0,0,1,0,0,,"Calle",,"SANTA FE","La Capital","Asfalto","Pavimento","I","S/D","Urbana","Ninguna","No existe","Intersección","Bueno","Buena","Nocturna","Buen Tiempo","S/D","Ciclista","Atropello","Ninguna","Faltante","Ninguna","Sin restricción"
2017,5349,6/2/2017,"Viernes",0,19:30:00,"Ruta Provincial 65","19.0",1,"Automóvil"," ",2,0,0,0,0,1,1,"-32.36577, -61.12877","Ruta",65,"ESTACIÓN DÍAZ","San Jerónimo","Asfalto","Pavimento","XV","Dentro","Rural","S/D","S/D","Recta","Bueno","S/D","Diurna","S/D","S/D","S/D","Vuelco","S/D","Horizontal","Línea divisoria pintada","S/D"
2017,5350,8/6/2017,"Domingo",0,16:10:00,,"0.0",2,"Automóvil,Peatón","Gdor Candioti Y R Godoy",2,1,0,0,1,0,0,,"Calle",,"SANTA FE","La Capital","Asfalto","No existe","I","S/D","Urbana","Ninguna","No existe","Recta","Bueno","Buena","Diurna","Buen Tiempo","S/D","Peatón","Atropello","Ninguna","S/D","Ninguna","Sin restricción"
2017,5351,8/23/2017,"Miercoles",0,12:30:00,,"0.0",2,"Automóvil,Bicicleta","Av Facundo Zuviria 5300",2,1,0,0,1,0,0,,"Avenida",,"SANTA FE","La Capital","Asfalto","Pavimento","I","S/D","Urbana","Semáforo","Funciona","Recta","Bueno","Buena","Diurna","Buen Tiempo","S/D","Ciclista","Atropello","Ninguna","Vertical","Barrera de hormigón","Sin restricción"
2017,5352,8/8/2017,"Martes",0,21:10:00,,"0.0",2,"Automóvil,Moto/Ciclomotor","Av Urquiza 3200",3,1,0,0,2,0,0,,"S/D",,"SANTA FE","La Capital","Asfalto","No existe","I","S/D","Urbana","Semáforo","Funciona","Recta","Bueno","Buena","Nocturna","Buen Tiempo","Lateral","S/D","Colisión","Ninguna","Vertical","Ninguna","Sin restricción"
2017,5353,8/10/2017,"Jueves",0,8:45:00,,"0.0",2,"Automóvil,Moto/Ciclomotor","Quintana Y Guemes",3,1,0,0,2,0,0,,"Calle",,"SANTA FE","La Capital","Asfalto","No existe","I","S/D","Urbana","Ninguna","No existe","Intersección","Bueno","Buena","Diurna","Buen Tiempo","Lateral","S/D","Colisión","Ninguna","S/D","Ninguna","Sin restricción"
2017,5354,8/9/2017,"Miercoles",0,10:00:00,,"0.0",2,"Automóvil,Moto/Ciclomotor","Av Urquiza 3200",2,1,0,0,1,0,0,,"S/D",,"SANTA FE","La Capital","Asfalto","No existe","I","S/D","Urbana","Semáforo","Funciona","Recta","Bueno","Buena","Diurna","Buen Tiempo","Lateral","S/D","Colisión","Ninguna","Vertical","Ninguna","Sin restricción"
2017,5355,6/10/2017,"Sabado",0,10:00:00,"Ruta Nacional 33","0.0",2,"Moto/Ciclomotor,Camión c / Acoplado","Boulevard 25 de Mayo ",2,0,0,0,1,1,0,"-33.0581107735634, -61.166389882564","Ruta",33,"CASILDA","Caseros","Asfalto","S/D","IV","Dentro","Urbana","S/D","S/D","Intersección","Bueno","S/D","Diurna","S/D","Lateral","S/D","Colisión","S/D","S/D","S/D","S/D"
2017,5356,8/20/2017,"Domingo",0,20:00:00,,"0.0",2,"Automóvil,Moto/Ciclomotor","Teniente Loza Y Risso",2,1,0,0,1,0,0,,"S/D",,"SANTA FE","La Capital","S/D","S/D","I","S/D","Urbana","Ninguna","No existe","Intersección","Bueno","Buena","Nocturna","Buen Tiempo","S/D","S/D","Colisión","Ninguna","S/D","Ninguna","Sin restricción"
2017,5357,8/10/2017,"Jueves",0,11:30:00,,"0.0",2,"Pickup/Utilitario,Moto/Ciclomotor","Saavedra Y Gdor Crespo",2,1,0,0,1,0,0,,"S/D",,"SANTA FE","La Capital","Asfalto","No existe","I","S/D","Urbana","Ninguna","No existe","Intersección","Bueno","Buena","Diurna","Buen Tiempo","Lateral","S/D","Colisión","Ninguna","Vertical","Ninguna","Sin restricción"
2017,5358,8/10/2017,"Jueves",0,12:50:00,,"0.0",2,"Moto/Ciclomotor,Automóvil","Pedro Centeno Y Las Heras",3,1,0,0,2,0,0,,"Calle",,"SANTA FE","La Capital","Asfalto","No existe","I","S/D","Urbana","Ninguna","No existe","Intersección","Bueno","Buena","Diurna","Buen Tiempo","Lateral","S/D","Colisión","Ninguna","S/D","Ninguna","Sin restricción"
2017,5359,8/12/2017,"Sabado",0,19:30:00,,"0.0",2,"Automóvil,Moto/Ciclomotor","Av Freyre Y Salta",3,2,0,0,1,0,0,,"Avenida",,"SANTA FE","La Capital","Asfalto","No existe","I","S/D","Urbana","Ninguna","No existe","Intersección","Bueno","Buena","Atardecer","Buen Tiempo","Lateral","S/D","Colisión","Ninguna","Vertical","Ninguna","Sin restricción"
2017,5360,8/1/2017,"Martes",0,3:30:00,,"0.0",2,"Automóvil,Moto/Ciclomotor","Iturraspe Y Saavedra",2,0,0,0,0,0,2,,"Calle",,"SANTA FE","La Capital","Asfalto,Hormigón","No existe","I","Dentro","Urbana","Otra Señal","No existe","Intersección","Bueno","Reducida","Nocturna","Buen Tiempo","Lateral","S/D","Colisión","S/D","Faltante","Cordón divisorio","Sin restricción"
2017,5361,6/11/2017,"Domingo",0,14:00:00,,"0.0",2,"Pickup/Utilitario,Automóvil","Albert Sabin Y Av. Genova",2,0,0,0,1,1,0,"     -32.91532, -60.69093","Calle",,"ROSARIO","Rosario","Asfalto","No existe","II","Dentro","Urbana","Semáforo","Funciona","Intersección","Bueno","Buena","Diurna","S/D","Lateral","S/D","Colisión","S/D","Horizontal,Vertical","Ninguna","Sin restricción"
2017,5362,8/11/2017,"Viernes",0,23:45:00,,"0.0",2,"Automóvil,Moto/Ciclomotor","Vera Y Zavalia",2,1,0,0,1,0,0,,"S/D",,"SANTA FE","La Capital","Asfalto","No existe","I","S/D","Urbana","Ninguna","No existe","Intersección","Bueno","Buena","Nocturna","Buen Tiempo","Lateral","S/D","Colisión","Ninguna","Vertical","Ninguna","Sin restricción"
2017,5363,8/1/2017,"Martes",0,8:45:00,"Autopista Provincial Brigadier E.López","0.0",2,"Automóvil,Moto/Ciclomotor"," ",2,0,0,0,0,0,2,,"Autopista","Brigadier E.López","SANTA FE","La Capital","Asfalto,Hormigón","Ripio","I","S/D","Urbana","Otra Señal","No existe","Otro","Bueno","Buena","Amanecer","Buen Tiempo","Lateral","S/D","Colisión","S/D","Faltante","Guardarrail","Sin restricción"
2017,5364,8/4/2017,"Viernes",0,20:00:00,,"0.0",2,"Pickup/Utilitario,Moto/Ciclomotor","Manuel Belgrano Y Francia",3,1,0,0,2,0,0,,"Calle",,"SANTA ISABEL","General López","Ripio","Natural","III","Dentro","Urbana","Ninguna","No existe","Intersección","Bueno","Buena","Nocturna,Con luz artificial","Buen Tiempo","Otro","S/D","Otro","Ninguna","Vertical","Ninguna","Sin restricción"
2017,5365,6/11/2017,"Domingo",0,1:00:00,,"0.0",2,"Transporte de Pasajeros Urbano (> 8 asientos),Peatón","Gorriti Y Alberdi",2,0,0,0,1,1,0,"-32.92342, -60.67904","Calle",,"ROSARIO","Rosario","Asfalto","No existe","II","Dentro","Urbana","Semáforo","Funciona","Intersección","Bueno","S/D","Nocturna","S/D","S/D","Peatón","Atropello","S/D","Horizontal,Vertical","Ninguna","Sin restricción"
2017,5366,8/19/2017,"Sabado",0,11:30:00,,"0.0",2,"Pickup/Utilitario,Moto/Ciclomotor","Francia Y Saavedra",3,2,0,0,1,0,0,,"S/D",,"SANTA FE","La Capital","Asfalto","No existe","I","S/D","Urbana","Ninguna","No existe","Intersección","Bueno","Buena","Diurna","Buen Tiempo","Lateral","S/D","Colisión","Ninguna","S/D","Ninguna","Sin restricción"
2017,5367,8/4/2017,"Viernes",0,16:30:00,,"0.0",2,"Pickup/Utilitario,Moto/Ciclomotor","Av Pte Peron Y Iturraspe",2,0,0,0,0,0,2,,"Calle",,"SANTA FE","La Capital","Asfalto,Hormigón","No existe","I","Dentro","Urbana","Semáforo","Funciona","Intersección","Bueno","Buena","Diurna","Buen Tiempo","Lateral","S/D","Colisión","S/D","Horizontal,Vertical","Cordón divisorio,Vegetación","Sin restricción"