"anio_acci","nro_acci","fecha","desc_dia","fecha_aprox","hora_aprox","desc_ruta","km","cant_participantes","desc_participante","calle_avenida_km","total","heridos_leves","heridos_graves","heridos_gravisimos","ilesos","fallecidos","sin_datos","posicion_XY","desc_tipo_via","desc_ruta_ori","desc_loc","desc_dpto","desc_tipo_calzada","desc_tipo_banquina","desc_unidad_regional","desc_lugar_calzada","desc_zona","desc_prioridad","desc_estado_semaforo","desc_lugar_via","desc_estado_via","desc_estado_visibilidad","desc_luminosidad","desc_estado_clima","desc_tipo_colision","desc_tipo_atropello","desc_tipo_hecho","desc_pres_calzada","desc_senializacion","desc_separacion_via","desc_restriccion"
2017,5368,9/23/2017,"Sabado",0,9:30:00,,"0.0",2,"Automóvil,Moto/Ciclomotor","Vera Y Zavalia",2,1,0,0,1,0,0,,"S/D",,"SANTA FE","La Capital","Asfalto","No existe","I","S/D","Urbana","Ninguna","No existe","Intersección","Bueno","Buena","Diurna","Buen Tiempo","S/D","S/D","Colisión","Ninguna","Vertical","Ninguna","Sin restricción"
2017,5369,6/11/2017,"Domingo",0,7:30:00,"Ruta Provincial 13","202.0",2,"Moto/Ciclomotor,Tractor"," ",3,1,0,0,1,1,0,"-30.996769, -61.416952","Ruta",13,"HUMBERTO 1°","Castellanos","Asfalto","Natural","V","Dentro","Urbana","S/D","No existe","Recta","Bueno","S/D","Diurna","S/D","S/D","S/D","Colisión","S/D","Horizontal","Línea divisoria pintada","Sin restricción"
2017,5370,8/3/2017,"Jueves",0,14:30:00,,"0.0",2,"Moto/Ciclomotor,Pickup/Utilitario","Teodoro Hertz ",2,0,1,0,1,0,0,,"Calle",,"CERES","San Cristóbal","Asfalto","No existe","III","Dentro","Urbana","Ninguna","No existe","Intersección","Bueno","Buena","Diurna","Buen Tiempo","Lateral","S/D","Colisión","Ninguna","Faltante","Ninguna","Sin restricción"
2017,5371,8/25/2017,"Viernes",0,19:00:00,,"0.0",2,"Pickup/Utilitario,Moto/Ciclomotor","Gdor Crespo Y Av Freyre",2,1,0,0,1,0,0,,"S/D",,"SANTA FE","La Capital","Asfalto","S/D","I","S/D","Urbana","Ninguna","S/D","Intersección","Bueno","S/D","Atardecer","Buen Tiempo","Lateral","S/D","Colisión","Ninguna","Vertical","Ninguna","Sin restricción"
2017,5372,8/8/2017,"Martes",0,11:50:00,"Autopista Provincial Brigadier E.López","0.0",2,"Pickup/Utilitario,Pickup/Utilitario"," ",3,0,0,0,0,0,3,,"Autopista","Brigadier E.López","SANTA FE","La Capital","Asfalto,Hormigón","Pavimento","I","S/D","Urbana","Marca Vial","S/D","Otro","Bueno","Buena","Diurna","Buen Tiempo","Lateral","S/D","Colisión","S/D","Horizontal","Guardarrail","Sin restricción"
2017,5373,8/5/2017,"Sabado",0,20:35:00,,"0.0",2,"Automóvil,Moto/Ciclomotor","Rivadavia Y H Irigoyen",2,1,0,0,1,0,0,,"Calle",,"ARMSTRONG","Belgrano","Asfalto","No existe","III","Dentro","Urbana","Ninguna","No existe","Intersección","Bueno","Buena","Nocturna","Buen Tiempo","Lateral","S/D","Colisión","Ninguna","S/D","Ninguna","Sin restricción"
2017,5374,8/11/2017,"Viernes",0,11:00:00,,"0.0",2,"Automóvil,Moto/Ciclomotor","Jose Ignacio Gorriti Y San Jose",2,1,0,0,1,0,0,,"Calle",,"SANTA FE","La Capital","Asfalto","Pavimento","I","Dentro","Urbana","S/D","No existe","Intersección","Bueno","Buena","Diurna","Buen Tiempo","S/D","S/D","Colisión","S/D","S/D","S/D","S/D"
2017,5375,8/30/2017,"Miercoles",0,11:25:00,,"0.0",2,"Moto/Ciclomotor,Peatón","Santa Fe 700",3,1,1,0,1,0,0,,"Calle",,"TORTUGAS","Belgrano","Asfalto","No existe","III","Dentro","Urbana","Paso Peatonal","No existe","Recta","Bueno","Buena","Diurna","Buen Tiempo","S/D","Peatón","Atropello","Ninguna","Horizontal","Ninguna","Sin restricción"
2017,5376,8/7/2017,"Lunes",0,7:15:00,"Autopista Nacional Rosario -Cordoba","384.0",2,"Camión c / Acoplado,Automóvil"," ",2,1,0,0,1,0,0,,"Autopista","Rosario -Cordoba","ARMSTRONG","Belgrano","Asfalto","Natural","III","Dentro","Rural","Ninguna","No existe","Recta","Bueno","Buena","Diurna","Buen Tiempo","De alcance","S/D","Colisión","Ninguna","Vertical","Ninguna","Sin restricción"
2017,5377,8/11/2017,"Viernes",0,15:40:00,,"0.0",2,"Pickup/Utilitario,Moto/Ciclomotor","Av A del Valle Y Padre Genesio",2,1,0,0,1,0,0,,"Avenida",,"SANTA FE","La Capital","Asfalto","Pavimento","I","Dentro","Urbana","S/D","Funciona","Intersección","Bueno","Buena","Diurna","Buen Tiempo","Lateral","S/D","Colisión","S/D","Horizontal","S/D","S/D"
2017,5378,8/12/2017,"Sabado",0,11:20:00,,"0.0",1,"Moto/Ciclomotor","Jose Ignacio Gorriti Y Dr Zavalla",1,1,0,0,0,0,0,,"Avenida",,"SANTA FE","La Capital","Asfalto","Pavimento","I","Dentro","Urbana","S/D","No existe","Recta","Bueno","Buena","Diurna","Buen Tiempo","S/D","S/D","Despiste","S/D","Faltante","S/D","S/D"
2017,5379,8/12/2017,"Sabado",0,16:00:00,,"0.0",1,"Moto/Ciclomotor","Jose Ignacio Gorriti Y Av Facundo Zuviria",1,1,0,0,0,0,0,,"Avenida",,"SANTA FE","La Capital","Asfalto","Pavimento","I","Dentro","Urbana","S/D","Funciona","Intersección","Bueno","Buena","Diurna","Buen Tiempo","Contra objeto fijo","S/D","Colisión","S/D","Horizontal,Vertical","S/D","S/D"
2017,5381,8/17/2017,"Jueves",0,18:45:00,,"0.0",2,"Pickup/Utilitario,Moto/Ciclomotor","A Castellanos Y Bv Roldan",3,0,1,0,2,0,0,,"Calle",,"ARMSTRONG","Belgrano","Asfalto","No existe","III","Dentro","Urbana","Ninguna","No existe","Intersección","Bueno","Buena","Nocturna","Buen Tiempo","Lateral","S/D","Colisión","Ninguna","Faltante","Ninguna","Sin restricción"
2017,5382,8/6/2017,"Domingo",0,20:55:00,,"0.0",2,"Moto/Ciclomotor,Automóvil","Belgrano Y Chile",3,1,0,0,2,0,0,,"Calle",,"ARMSTRONG","Belgrano","Asfalto","No existe","III","Dentro","Urbana","Ninguna","No existe","Intersección","Bueno","Buena","Nocturna","Buen Tiempo","Lateral","S/D","Colisión","Ninguna","S/D","Ninguna","Sin restricción"
2017,5383,8/19/2017,"Sabado",0,16:30:00,"Ruta Nacional 9","0.0",2,"Moto/Ciclomotor,Automóvil","CRUCIANELLI 900",2,1,0,0,1,0,0,,"Ruta",9,"ARMSTRONG","Belgrano","Asfalto","No existe","III","Dentro","Urbana","Ninguna","No existe","Intersección","Bueno","Buena","Diurna","Buen Tiempo","Lateral","S/D","Colisión","Ninguna","Vertical","Ninguna","Sin restricción"
2017,5384,8/11/2017,"Viernes",0,7:30:00,,"0.0",2,"Bicicleta,Automóvil","Avenida 21 Y Calle 14",2,0,1,0,1,0,0,,"Avenida",,"LAS PAREJAS","Belgrano","Asfalto","No existe","III","Dentro","Urbana","Ninguna","No existe","Intersección","Bueno,Resbaladiza","Reducida","Diurna,Con luz artificial","Otro","S/D","Ciclista","Atropello","Ninguna","S/D","Ninguna","Sin restricción"
2017,5385,8/11/2017,"Viernes",0,12:20:00,,"0.0",2,"Pickup/Utilitario,Moto/Ciclomotor","Avenida 17 Y Calle 12",2,1,0,0,1,0,0,,"Avenida",,"LAS PAREJAS","Belgrano","Asfalto","No existe","III","Dentro","Urbana","Ninguna","No existe","Recta","Bueno,Resbaladiza","Reducida","Diurna","Otro","Otro","S/D","Caída ocupante","Agua","Faltante","Ninguna","Sin restricción"
2017,5386,8/23/2017,"Miercoles",0,16:10:00,,"0.0",2,"Automóvil,Moto/Ciclomotor","Avenida 18 Y Calle 11",3,2,0,0,1,0,0,,"Avenida",,"LAS PAREJAS","Belgrano","Asfalto","No existe","III","Dentro","Urbana","Ninguna","No existe","Intersección","Bueno","Buena","Diurna","Buen Tiempo","Lateral","S/D","Colisión","Ninguna","Faltante","Ninguna","Sin restricción"
2017,5387,8/14/2017,"Lunes",0,8:00:00,,"0.0",2,"Moto/Ciclomotor,Automóvil","Calle 12 434",2,1,0,0,1,0,0,,"Calle",,"LAS PAREJAS","Belgrano","Asfalto","No existe","III","Dentro","Urbana","Ninguna","No existe","Recta","Bueno","Buena","Diurna","Buen Tiempo","Lateral","S/D","Colisión","Ninguna","Faltante","Ninguna","Sin restricción"
2017,5388,8/28/2017,"Lunes",0,11:00:00,,"0.0",2,"Automóvil,Moto/Ciclomotor","Av. Genova Y Ferreyra",3,2,0,0,1,0,0,,"Avenida",,"ROSARIO","Rosario","Asfalto","No existe","II","S/D","Urbana","Ninguna","No existe","Intersección","Bueno","Buena","Diurna","Buen Tiempo","S/D","S/D","Colisión","S/D","Faltante","Ninguna","S/D"
2017,5389,8/6/2017,"Domingo",0,20:05:00,,"0.0",2,"Moto/Ciclomotor,Automóvil","Ramon y Cajal Y Lavalle",3,2,0,0,1,0,0,,"S/D",,"RAFAELA","Castellanos","Asfalto","No existe","II","S/D","Urbana","Ninguna","No existe","Intersección","Bueno","Reducida","Nocturna","Buen Tiempo","Frontal","S/D","Colisión","Ninguna","Faltante","Ninguna","Sin restricción"
2017,5390,8/27/2017,"Domingo",0,20:15:00,"Ruta Nacional 8","0.0",2,"Automóvil,Pickup/Utilitario"," ",4,1,1,0,2,0,0,,"Ruta",8,"CHAPUY","General López","Asfalto","Pavimento","VIII","S/D","S/D","Ninguna","No existe","Intersección","Bueno","Buena","Nocturna","Buen Tiempo","Otro","S/D","Colisión","Ninguna","S/D","Ninguna","Sin restricción"
2017,5391,6/17/2017,"Sabado",0,,,"0.0",1,"Moto/Ciclomotor","Av Lopez y Planes Y Candido Pujato",1,0,0,0,0,1,0,"-31.63155, -60.71398","Calle",,"SANTA FE","La Capital","Asfalto","No existe","I","Dentro","Urbana","Ninguna","No existe","Recta","Bueno","S/D","Nocturna","S/D","S/D","S/D","Caída ocupante","S/D","Vertical","Ninguna","Sin restricción"
2017,5392,8/28/2017,"Lunes",0,20:50:00,,"0.0",2,"Automóvil,Bicicleta","Santa Fe Y Mitre",2,1,0,0,1,0,0,,"Calle",,"SANTA ISABEL","General López","Hormigón","No existe","VIII","Dentro","Urbana","Ninguna","No existe","Intersección","Resbaladiza","Reducida","Nocturna,Con luz artificial","Lluvia","S/D","Ciclista","Atropello","Agua","Vertical","Ninguna","Sin restricción"
2017,5393,8/23/2017,"Miercoles",0,14:30:00,"Ruta Nacional 33","684.0",2,"Moto/Ciclomotor,Camión Chasis"," ",2,1,0,0,1,0,0,,"Ruta",33,"FIRMAT","General López","Asfalto","Ripio","VIII","S/D","Urbana","Ninguna","No existe","Intersección","Bueno","Buena","Diurna","Buen Tiempo","De alcance","S/D","Colisión","Ninguna","S/D","Línea divisoria pintada","Sin restricción"
2017,5394,6/17/2017,"Sabado",0,1:30:00,,"0.0",2,"Automóvil,Moto/Ciclomotor","Av. Francia Bis Y Av. Caseros Bis",3,0,0,0,2,1,0,"-32.92979925870897, -60.66220968961","Calle",,"ROSARIO","Rosario","Asfalto","No existe","II","Dentro","Urbana","Semáforo","Funciona","Intersección","Bueno","Buena","Nocturna","Buen Tiempo","Lateral","S/D","Colisión","Ninguna","Horizontal,Vertical","Ninguna","Sin restricción"
2017,5395,8/25/2017,"Viernes",0,12:40:00,,"0.0",2,"Automóvil,Moto/Ciclomotor","Buenos Aires Y Libertad",2,1,0,0,1,0,0,,"Calle",,"FIRMAT","General López","Asfalto","Pavimento","VIII","S/D","Urbana","S/D","No existe","Recta","Resbaladiza","Buena","Diurna","Lluvia","Otro","S/D","Colisión","Agua","S/D","Cordón divisorio","Accidente Previo"
2017,5396,8/31/2017,"Jueves",0,23:45:00,,"0.0",2,"Moto/Ciclomotor,Automóvil","AVENIDA BELGRANO Y SANTIAGO DEL ESTERO",2,1,0,0,1,0,0,,"Avenida",,"SUNCHALES","Castellanos","Asfalto","No existe","V","S/D","Urbana","Ninguna","No existe","Intersección","Bueno","S/D","Nocturna","Buen Tiempo","Lateral","S/D","Colisión","Ninguna","Horizontal","Cordón divisorio","Sin restricción"
2017,5397,6/23/2017,"Viernes",0,,"Ruta Nacional 34","9.0",2,"Peatón,Pickup/Utilitario"," ",2,0,0,0,1,1,0,"-32.84072, -60.80784","Ruta",34,"IBARLUCEA","Rosario","Asfalto","S/D","II","Dentro","Rural","S/D","S/D","Recta","S/D","S/D","S/D","S/D","S/D","Peatón","Atropello","S/D","S/D","S/D","S/D"
2017,5398,8/31/2017,"Jueves",0,,,"0.0",2,"Pickup/Utilitario,Moto/Ciclomotor","Bv. Colon Y Domingo F. Sarmiento",2,1,0,0,1,0,0,,"Calle",,"FIRMAT","General López","Hormigón","No existe","VIII","S/D","Urbana","Ninguna","No existe","Intersección","Bueno","Buena","Diurna","Buen Tiempo","Lateral","S/D","Colisión","Ninguna","Faltante","Cordón divisorio","Sin restricción"
2017,5399,6/24/2017,"Sabado",0,3:00:00,,"0.0",2,"Automóvil,Moto/Ciclomotor","Mitre Y Uruguay",2,0,0,0,1,1,0,"-32.97654, -60.64728","Calle",,"ROSARIO","Rosario","Asfalto","No existe","II","Dentro","Urbana","Ninguna","No existe","Intersección","Bueno","Buena","Nocturna","Buen Tiempo","Lateral","S/D","Colisión","Ninguna","Faltante","Ninguna","Sin restricción"
2017,5400,8/28/2017,"Lunes",0,19:30:00,,"0.0",2,"Moto/Ciclomotor,Pickup/Utilitario","Estanislao lopez 39",3,2,0,0,1,0,0,,"Avenida",,"SUNCHALES","Castellanos","Asfalto","No existe","V","S/D","Urbana","Ninguna","No existe","Recta","Bueno","Buena","Atardecer","Buen Tiempo","Otro","S/D","Colisión","Ninguna","Faltante","Vegetación","Sin restricción"
2017,5401,8/17/2017,"Jueves",0,16:00:00,,"0.0",2,"Moto/Ciclomotor,Automóvil","27 de setiembre Y Chiaraviglio",2,1,0,0,1,0,0,,"Calle",,"RAFAELA","Castellanos","Asfalto","No existe","V","S/D","Urbana","Ninguna","No existe","Intersección","Bueno","Buena","Diurna","Buen Tiempo","De alcance","S/D","Colisión","Ninguna","Faltante","Ninguna","Sin restricción"
2017,5402,6/24/2017,"Sabado",0,7:00:00,"Ruta Provincial 26","0.0",1,"Automóvil"," ",1,0,0,0,0,1,0,"-32.94633, -61.1734","Ruta",26,"CASILDA","Caseros","Asfalto","S/D","IV","Dentro","Rural","S/D","No existe","Recta","Bueno","S/D","Diurna","S/D","S/D","S/D","Vuelco,Despiste","S/D","S/D","S/D","Sin restricción"
2017,5403,8/6/2017,"Domingo",0,23:20:00,,"0.0",2,"Moto/Ciclomotor,Automóvil","Av Brasil Y Pueyrredon",2,1,0,0,1,0,0,,"Calle",,"RAFAELA","Castellanos","Asfalto","No existe","V","S/D","Urbana","Ninguna","No existe","Intersección","Bueno","Reducida","Nocturna","Buen Tiempo","Lateral","S/D","Colisión","Ninguna","Faltante","Ninguna","Sin restricción"
2017,5404,6/8/2017,"Jueves",0,,,"0.0",2,"Moto/Ciclomotor,Moto/Ciclomotor","ENTRE RIOS Y BOULOGNE SUR MER",3,1,0,0,2,0,0,,"Calle",,"GÁLVEZ","San Jerónimo","S/D","S/D","XV","S/D","S/D","S/D","S/D","S/D","S/D","S/D","S/D","S/D","S/D","S/D","Colisión","S/D","S/D","S/D","S/D"
2017,5405,8/31/2017,"Jueves",0,13:20:00,,"0.0",2,"Bicicleta,Camión Chasis","GENERAL GUEMES Y ALEM",2,1,0,0,1,0,0,,"Calle",,"SUNCHALES","Castellanos","Hormigón","No existe","V","Dentro","Urbana","Ninguna","No existe","Recta","Bueno","Buena","Diurna","Buen Tiempo","S/D","Ciclista","Atropello","Ninguna","Faltante","Ninguna","Sin restricción"
2017,5406,8/11/2017,"Viernes",0,16:15:00,,"0.0",2,"Moto/Ciclomotor,Automóvil","Bv G L Lhemann Y G Mainardi",2,1,0,0,1,0,0,,"Avenida",,"RAFAELA","Castellanos","Asfalto","No existe","V","S/D","Urbana","S/D","No existe","Intersección","Bueno","Buena","Diurna","Buen Tiempo","Otro","S/D","Colisión","Ninguna","Faltante","Ninguna","Sin restricción"
2017,5407,6/25/2017,"Domingo",0,10:15:00,"Ruta Secundaria 89-s","0.0",1,"Automóvil","Ruta Provincial 32 ",5,4,0,0,0,1,0,"-28.49453, -59.46349","Ruta","89-s","VILLA OCAMPO","General Obligado","Asfalto","S/D","IX","Dentro","Rural","S/D","S/D","Cruce","S/D","S/D","Diurna","S/D","S/D","S/D","Vuelco","S/D","S/D","S/D","S/D"
2017,5408,6/8/2017,"Jueves",0,2:30:00,,"0.0",2,"Automóvil,Automóvil"," ",4,2,0,0,2,0,0,,"S/D",,"ROSARIO","Rosario","S/D","S/D","II","S/D","S/D","S/D","S/D","S/D","S/D","S/D","S/D","S/D","S/D","S/D","Colisión","S/D","S/D","S/D","S/D"
2017,5409,8/9/2017,"Miercoles",0,14:05:00,,"0.0",2,"Automóvil,Bicicleta","9 de Julio Y Gdor Cabal",2,1,0,0,1,0,0,,"Avenida",,"SAN JUSTO","San Justo","Asfalto","No existe","XVI","Dentro","Urbana","Señal Pare","No existe","Intersección","Bueno","Buena","Diurna","Buen Tiempo","S/D","Ciclista","Atropello","Ninguna","Vertical","Ninguna","Sin restricción"
2017,5410,8/12/2017,"Sabado",0,20:15:00,,"0.0",2,"Moto/Ciclomotor,Automóvil","Tucuman Y Av Brasil",2,1,0,0,1,0,0,,"Avenida",,"RAFAELA","Castellanos","Asfalto","No existe","V","S/D","Urbana","Ninguna","S/D","Intersección","Bueno","Buena","Nocturna,Con luz artificial","Buen Tiempo","De alcance","S/D","Colisión","Ninguna","Vertical","Ninguna","Sin restricción"
2017,5411,6/8/2017,"Jueves",0,,"Ruta Secundaria 40-s","0.0",1,"Pickup/Utilitario"," ",1,1,0,0,0,0,0,,"Ruta","40-s","FORTÍN OLMOS","Vera","S/D","S/D","XIX","S/D","S/D","S/D","S/D","S/D","S/D","S/D","Nocturna","S/D","S/D","S/D","Vuelco","S/D","S/D","S/D","S/D"
2017,5412,8/25/2017,"Viernes",0,19:25:00,,"0.0",2,"Pickup/Utilitario,Bicicleta","Bv R S Pe±a Y 9 de Julio",2,1,0,0,1,0,0,,"Avenida",,"SAN JUSTO","San Justo","Asfalto","No existe","XVI","Dentro","Urbana","Señal Pare","No existe","Intersección","Bueno","Reducida","Nocturna","Buen Tiempo","S/D","Ciclista","Atropello","Ninguna","Vertical","Vegetación","Sin restricción"
2017,5413,8/18/2017,"Viernes",0,22:00:00,,"0.0",2,"Moto/Ciclomotor,Automóvil","Av Buriasgo ",2,1,0,0,1,0,0,,"Avenida",,"MARIA JUANA","Castellanos","Hormigón","Natural","V","Dentro","Urbana","Ninguna","No existe","Curva","S/D","Buena","Nocturna","Buen Tiempo","Lateral","S/D","Colisión","S/D","S/D","Ninguna","Sin restricción"
2017,5415,8/14/2017,"Lunes",0,11:30:00,,"0.0",2,"Moto/Ciclomotor,Pickup/Utilitario","General Manuel Belgrano Y Balcarce",2,1,0,0,1,0,0,,"Calle",,"SANTO TOMÉ","La Capital","Asfalto","No existe","I","S/D","Urbana","Ninguna","No existe","Intersección","Bueno","Buena","Diurna","Buen Tiempo","De alcance","S/D","Colisión","Ninguna","Faltante","Ninguna","Sin restricción"
2017,5416,6/9/2017,"Viernes",0,,,"0.0",2,"Moto/Ciclomotor,Moto/Ciclomotor"," ",2,2,0,0,0,0,0,,"S/D",,"MELINCUÉ","General López","S/D","S/D","VIII","S/D","S/D","S/D","S/D","S/D","S/D","S/D","S/D","S/D","S/D","S/D","Colisión","S/D","S/D","S/D","S/D"
2017,5417,8/29/2017,"Martes",0,14:05:00,"Ruta Nacional 178","0.0",1,"Moto/Ciclomotor"," ",3,0,1,0,1,1,0,"-33.20034, -61.32232","Ruta",178,"CHABAS","Caseros","Asfalto","Natural","IV","Dentro","Rural","S/D","No existe","Rotonda","Bueno","Buena","Diurna","Buen Tiempo","Lateral","S/D","Colisión","Ninguna","Horizontal","Guardarrail","Sin restricción"
2017,5418,8/16/2017,"Miercoles",0,23:00:00,"Ruta Provincial 2","24.0",1,"Automóvil"," ",1,1,0,0,0,0,0,,"Ruta",2,"ARROYO AGUIAR","La Capital","Asfalto","No existe","I","S/D","Rural","Ninguna","No existe","Curva","Bueno","Reducida","Nocturna","Buen Tiempo","S/D","S/D","Despiste","Ninguna","Horizontal,Vertical","Línea divisoria pintada","Sin restricción"
2017,5419,6/24/2017,"Sabado",0,23:45:00,"Ruta Provincial 4","116.0",2,"Automóvil,Peatón"," ",3,0,0,0,2,1,0,"-30.51393, -61.18861","Ruta",4,"COLONIA LA CLARA","San Cristóbal","Asfalto","Natural","XIII","Dentro","Rural","Ninguna","No existe","Recta","Bueno","Reducida","Nocturna","S/D","S/D","Peatón","Atropello","Ninguna","Horizontal","Línea divisoria pintada","Sin restricción"
2017,5420,8/12/2017,"Sabado",0,4:30:00,,"0.0",2,"Automóvil,Moto/Ciclomotor","Mariano Candioti 4505",2,1,0,0,1,0,0,,"Calle",,"SANTO TOMÉ","La Capital","Asfalto","S/D","I","S/D","Urbana","Ninguna","S/D","Recta","Bueno","Reducida","Nocturna","Otro","Frontal","S/D","Colisión","Agua","Faltante","Ninguna","S/D"
2017,5421,6/10/2017,"Sabado",0,,,"0.0",2,"Moto/Ciclomotor,Automóvil","Paraguay Y Garibaldi",2,1,0,0,1,0,0,,"Calle",,"RAFAELA","Castellanos","S/D","S/D","V","S/D","S/D","S/D","S/D","S/D","S/D","S/D","S/D","S/D","S/D","S/D","Colisión","S/D","S/D","S/D","S/D"
2017,5422,8/4/2017,"Viernes",0,20:00:00,,"0.0",1,"Moto/Ciclomotor","Estanislao López Y 1ro de Mayo",1,0,1,0,0,0,0,,"Calle",,"VILA","Castellanos","Asfalto","No existe","IV","S/D","Urbana","Ninguna","No existe","Recta","Bueno","Buena","Nocturna","Buen Tiempo","Atropello animal","S/D","Atropello","Ninguna","Faltante","Barrera de hormigón","Sin restricción"
2017,5423,8/23/2017,"Miercoles",0,17:15:00,,"0.0",2,"Automóvil,Camión c / Acoplado"," ",2,1,0,0,1,0,0,,"S/D",,"CHABAS","Caseros","Asfalto","Pavimento","IV","S/D","Urbana","Semáforo","Funciona","Intersección","Bueno","Buena","Diurna","Buen Tiempo","Lateral","S/D","Colisión","Ninguna","Horizontal,Vertical","Línea divisoria pintada","Sin restricción"
2017,5424,6/10/2017,"Sabado",0,,,"0.0",2,"Bicicleta,Pickup/Utilitario","España Y Dorrego",2,1,0,0,1,0,0,,"S/D",,"GÁLVEZ","San Jerónimo","S/D","S/D","XV","S/D","S/D","S/D","S/D","S/D","S/D","S/D","S/D","S/D","S/D","S/D","Colisión","S/D","S/D","S/D","S/D"
2017,5425,8/22/2017,"Martes",0,23:09:00,,"0.0",2,"Moto/Ciclomotor,Automóvil"," ",3,0,1,0,2,0,0,,"Camino Rural",,"LEHMANN","Castellanos","Tierra","No existe","V","S/D","Rural","Ninguna","No existe","Recta","Con baches","Reducida","Nocturna","Buen Tiempo","Contra objeto fijo","S/D","Colisión","Ninguna","Faltante","Ninguna","Sin restricción"
2017,5426,8/1/2017,"Martes",1,19:40:00,"Autopista Provincial Brigadier E.López","0.0",2,"Automóvil,Moto/Ciclomotor","ACCESO NORTE Y AUTOPISTA ROSARIO SANTA FE",4,3,0,0,1,0,0,,"Autopista","Brigadier E.López","SANTO TOMÉ","La Capital","Asfalto","No existe","I","S/D","Rural","Ninguna","No existe","Intersección","Bueno","Buena","Atardecer","Buen Tiempo","Lateral","S/D","Colisión","Ninguna","Faltante","Ninguna","Sin restricción"
2017,5427,7/13/2017,"Jueves",0,19:30:00,,"0.0",2,"Bicicleta,Pickup/Utilitario","Av. Battle y Ordoñez Y Bv. Avellaneda",2,0,0,0,1,1,0,"-33.010117, -60.689453","Avenida",,"ROSARIO","Rosario","Asfalto","No existe","II","Dentro","Urbana","Ninguna","No existe","Recta","Bueno","Buena","Atardecer","Buen Tiempo","S/D","Ciclista","Atropello","Ninguna","Faltante","Ninguna","Sin restricción"
2017,5428,8/7/2017,"Lunes",0,7:20:00,"Ruta Provincial 93","0.0",2,"Pickup/Utilitario,Automóvil"," ",3,2,0,0,1,0,0,,"Ruta",93,"LOS QUIRQUINCHOS","Caseros","Asfalto","Natural","IV","Dentro","Rural","Ninguna","No existe","S/D","Bueno","Buena","Amanecer","Buen Tiempo","S/D","S/D","Colisión","Ninguna","Horizontal","Línea divisoria pintada","Sin restricción"
2017,5429,6/10/2017,"Sabado",0,,,"0.0",2,"Automóvil,Moto/Ciclomotor"," ",2,1,0,0,1,0,0,,"S/D",,"CAPITÁN BERMÚDEZ","San Lorenzo","S/D","S/D","XVII","S/D","S/D","S/D","S/D","S/D","S/D","S/D","Nocturna","S/D","S/D","S/D","Colisión","S/D","S/D","S/D","S/D"
2017,5430,6/12/2017,"Lunes",0,20:30:00,"Ruta Nacional 11","617.0",2,"Pickup/Utilitario,Pickup/Utilitario"," ",2,0,0,0,0,2,0,"-30.80151, -60.59612","Ruta",11,"GOBERNADOR CRESPO","San Justo","Asfalto","Natural","XVI","Dentro","Rural","Ninguna","No existe","Recta","Bueno","S/D","Atardecer","S/D","S/D","S/D","Colisión","Ninguna","Horizontal","Línea divisoria pintada","Sin restricción"
2017,5431,8/5/2017,"Sabado",0,18:35:00,,"0.0",2,"Automóvil,Moto/Ciclomotor","ACCESO NORTE ",2,1,0,0,1,0,0,,"Calle",,"SANTO TOMÉ","La Capital","Asfalto","No existe","I","S/D","Rural","Ninguna","No existe","Recta","Bueno","Buena","Atardecer","Buen Tiempo","Frontal","S/D","Colisión","Ninguna","Faltante","Ninguna","Sin restricción"
2017,5432,8/24/2017,"Jueves",0,10:50:00,,"0.0",2,"Peatón,Bicicleta","Almafuerte Y Lamadrid",2,0,1,0,1,0,0,,"Calle",,"RAFAELA","Castellanos","Asfalto","S/D","V","S/D","Urbana","Ninguna","S/D","Intersección","Bueno","S/D","Diurna","Buen Tiempo","S/D","Peatón","Atropello","Ninguna","Faltante","Ninguna","Sin restricción"
2017,5433,6/10/2017,"Sabado",0,,,"0.0",2,"Automóvil,Moto/Ciclomotor","San Luis Y Urquiza",2,1,0,0,1,0,0,,"Calle",,"SAN JORGE","San Martín","S/D","S/D","XVIII","S/D","S/D","S/D","S/D","S/D","S/D","S/D","S/D","S/D","S/D","S/D","Colisión","S/D","S/D","S/D","S/D"
2017,5434,8/1/2017,"Martes",0,8:15:00,,"0.0",2,"Moto/Ciclomotor,Peatón","Casiano Casas Y Esquivel",2,1,1,0,0,0,0,,"Avenida",,"ROSARIO","Rosario","Asfalto","No existe","II","S/D","Urbana","S/D","S/D","Intersección","S/D","S/D","Diurna","S/D","S/D","Peatón","Atropello","S/D","Horizontal,Vertical","Cordón divisorio","S/D"
2017,5435,8/6/2017,"Domingo",0,8:45:00,,"149.0",1,"Moto/Ciclomotor"," ",1,0,0,1,0,0,0,,"S/D",,"SANTO TOMÉ","La Capital","Asfalto","Natural","I","S/D","Rural","Ninguna","No existe","Recta","Bueno","Reducida","Nocturna","Buen Tiempo","S/D","S/D","Otro","Ninguna","Faltante","Ninguna","Sin restricción"
2017,5436,6/19/2017,"Lunes",0,21:00:00,"Ruta Nacional 9","366.0",2,"Automóvil,Automóvil"," ",2,1,0,0,0,1,0,"-32.82861, -61.28781","Ruta",9,"CORREA","Iriondo","Asfalto","S/D","X","Dentro","Urbana","Ninguna","S/D","Recta","S/D","S/D","Nocturna","S/D","S/D","S/D","Colisión","S/D","S/D","Línea divisoria pintada","Sin restricción"