"anio_acci","nro_acci","fecha","desc_dia","fecha_aprox","hora_aprox","desc_ruta","km","cant_participantes","desc_participante","calle_avenida_km","total","heridos_leves","heridos_graves","heridos_gravisimos","ilesos","fallecidos","sin_datos","posicion_XY","desc_tipo_via","desc_ruta_ori","desc_loc","desc_dpto","desc_tipo_calzada","desc_tipo_banquina","desc_unidad_regional","desc_lugar_calzada","desc_zona","desc_prioridad","desc_estado_semaforo","desc_lugar_via","desc_estado_via","desc_estado_visibilidad","desc_luminosidad","desc_estado_clima","desc_tipo_colision","desc_tipo_atropello","desc_tipo_hecho","desc_pres_calzada","desc_senializacion","desc_separacion_via","desc_restriccion"
2017,5437,8/30/2017,"Miercoles",0,12:00:00,,"0.0",2,"Automóvil,Moto/Ciclomotor","Primera Junta 50",3,1,0,0,2,0,0,,"Calle",,"ATALIVA","Castellanos","Hormigón","No existe","V","Dentro","Urbana","Ninguna","No existe","Recta","Bueno","Buena","Diurna","Buen Tiempo","Lateral","S/D","Colisión","Ninguna","Faltante","Ninguna","Sin restricción"
2017,5438,6/11/2017,"Domingo",0,,,"0.0",2,"Automóvil,Moto/Ciclomotor"," ",2,1,0,0,1,0,0,,"Calle",,"AREQUITO","Caseros","S/D","S/D","IV","S/D","S/D","S/D","S/D","S/D","S/D","S/D","S/D","S/D","S/D","S/D","Colisión","S/D","S/D","S/D","S/D"
2017,5439,8/2/2017,"Miercoles",0,15:35:00,,"0.0",2,"Peatón,Pickup/Utilitario","Av 7 de marzo Y Azcuenaga",2,1,0,0,1,0,0,,"Calle",,"SANTO TOMÉ","La Capital","Asfalto","Pavimento","I","Fuera","Urbana","S/D","No existe","Intersección","Bueno","Reducida","Diurna","Buen Tiempo","S/D","Peatón","Atropello","Ninguna","Faltante","Ninguna","Sin restricción"
2017,5440,8/7/2017,"Lunes",0,15:50:00,,"0.0",2,"Moto/Ciclomotor,Pickup/Utilitario","Superi Y Darragueira",3,1,0,0,2,0,0,,"Calle",,"ROSARIO","Rosario","Asfalto","No existe","II","Dentro","Urbana","Otra Señal","No existe","Intersección","Otro","Buena","Atardecer","Buen Tiempo","Otro","S/D","Colisión","Ninguna","Faltante","Ninguna","S/D"
2017,5442,6/11/2017,"Domingo",0,,,"0.0",2,"Moto/Ciclomotor,Pickup/Utilitario","CALLE 01 Y CALLE 00",3,1,1,0,1,0,0,,"Calle",,"FRONTERA","Castellanos","S/D","S/D","V","S/D","S/D","S/D","S/D","S/D","S/D","S/D","Nocturna","S/D","S/D","S/D","Colisión","S/D","S/D","S/D","S/D"
2017,5443,7/4/2017,"Martes",0,7:50:00,"Ruta Nacional 11","494.0",2,"Pickup/Utilitario,Automóvil"," ",2,0,0,0,0,2,0,"-31.4088595,-60.7456844","Ruta",11,"CANDIOTI","La Capital","Asfalto","Natural","I","Dentro","Rural","Marca Vial","No existe","Recta","Bueno","Buena","Diurna","Buen Tiempo","Frontal","S/D","Colisión","Ninguna","Vertical","Línea divisoria pintada","Sin restricción"
2017,5444,6/11/2017,"Domingo",0,,,"0.0",2,"Pickup/Utilitario,Moto/Ciclomotor"," ",2,1,0,0,1,0,0,,"S/D",,"VERA","Vera","S/D","S/D","XIX","S/D","S/D","S/D","S/D","S/D","S/D","S/D","S/D","S/D","S/D","S/D","Colisión","S/D","S/D","S/D","S/D"
2017,5445,8/6/2017,"Domingo",0,21:00:00,,"0.0",2,"Moto/Ciclomotor,Automóvil","Pasaje Almte Guillermo Brown Y General Martin Miguel de Gueme",2,1,0,0,0,0,1,,"Calle",,"SANTO TOMÉ","La Capital","Asfalto","No existe","I","S/D","Urbana","Ninguna","No existe","Recta","Bueno","Buena","Nocturna","Buen Tiempo","Lateral","S/D","Colisión","Ninguna","Faltante","Ninguna","Sin restricción"
2017,5446,8/19/2017,"Sabado",0,3:45:00,"Ruta Nacional 34","189.0",1,"Automóvil"," ",2,2,0,0,0,0,0,,"Ruta",34,"ANGÉLICA","Castellanos","Asfalto","No existe","V","Dentro","Rural","Otra Señal","No existe","Puente","Bueno","Buena","Nocturna,Con luz artificial","Buen Tiempo","S/D","S/D","Vuelco","Ninguna","Horizontal,Vertical","Guardarrail,Línea divisoria pintada","Sin restricción"
2017,5447,8/15/2017,"Martes",0,9:50:00,,"0.0",2,"Automóvil,Moto/Ciclomotor","Rivadavia Y Sarmiento",3,2,0,0,1,0,0,,"Calle",,"LAGUNA PAIVA","La Capital","Asfalto","No existe","I","Dentro","Urbana","Ninguna","No existe","Intersección","Bueno","Buena","Diurna","Buen Tiempo","Lateral","S/D","Colisión","Ninguna","Faltante","Ninguna","Sin restricción"
2017,5448,6/12/2017,"Lunes",0,,,"0.0",1,"Moto/Ciclomotor","Avda. Jorge Newbery 550",1,1,0,0,0,0,0,,"S/D",,"GÁLVEZ","San Jerónimo","S/D","S/D","XV","S/D","S/D","S/D","S/D","S/D","S/D","S/D","S/D","S/D","S/D","S/D","Colisión","S/D","S/D","S/D","S/D"
2017,5449,8/6/2017,"Domingo",0,23:40:00,"Ruta Nacional 11","0.0",2,"Moto/Ciclomotor,Moto/Ciclomotor","Avenida Ejercito Argentino Y Avenida Nuestra Señora del Luj",3,2,0,0,1,0,0,,"Ruta",11,"SANTO TOMÉ","La Capital","Asfalto","Pavimento","I","S/D","Urbana","Semáforo","Funciona","Curva","Bueno","Buena","Nocturna,Con luz artificial","Buen Tiempo","Lateral","S/D","Colisión","Ninguna","Horizontal,Vertical","Cordón divisorio","Sin restricción"
2017,5450,7/5/2017,"Miercoles",0,1:30:00,,"0.0",1,"Automóvil","Bv. Segui Y Vera Mujica",2,1,0,0,0,1,0,"-32.974000, -60.675150","Avenida",,"ROSARIO","Rosario","Asfalto","No existe","II","Dentro","Urbana","Ninguna","No existe","Recta","Bueno","Buena","Nocturna,Con luz artificial","Otro","Contra objeto fijo","S/D","Colisión","Ninguna","Faltante","Cordón divisorio","Sin restricción"
2017,5451,6/13/2017,"Martes",0,,,"0.0",2,"Automóvil,Moto/Ciclomotor"," ",2,1,0,0,1,0,0,,"S/D",,"CASILDA","Caseros","S/D","S/D","IV","S/D","S/D","S/D","S/D","S/D","S/D","S/D","S/D","S/D","S/D","S/D","Colisión","S/D","S/D","S/D","S/D"
2017,5452,8/6/2017,"Domingo",0,23:10:00,,"0.0",2,"Automóvil,Moto/Ciclomotor","Avenida Ejercito Argentino Y Avenida Nuestra Señora del Luj",3,2,0,0,1,0,0,,"Avenida",,"SANTO TOMÉ","La Capital","Asfalto","Pavimento","I","Dentro","Urbana","S/D","Funciona","Intersección","Bueno","Buena","Nocturna,Con luz artificial","Buen Tiempo","Lateral","S/D","Colisión","Ninguna","Horizontal,Vertical","Cordón divisorio","Sin restricción"
2017,5453,8/18/2017,"Viernes",0,20:40:00,,"0.0",3,"Automóvil,Moto/Ciclomotor,Moto/Ciclomotor","Juan B Alberdi Y Av Pte Peron",4,3,0,0,1,0,0,,"Calle",,"LAGUNA PAIVA","La Capital","Asfalto","No existe","I","Dentro","Urbana","Ninguna","No existe","Intersección","Bueno","Buena","Nocturna","Buen Tiempo","De alcance,Múltiple","S/D","Colisión","Ninguna","Faltante","Ninguna","Sin restricción"
2017,5454,8/30/2017,"Miercoles",0,9:40:00,,"0.0",2,"Bicicleta,Automóvil","Bv Pte Roca ",2,1,0,0,1,0,0,,"Calle",,"RAFAELA","Castellanos","Asfalto","S/D","V","S/D","Urbana","Ninguna","No existe","Intersección","Bueno","Buena","Diurna","Buen Tiempo","S/D","Ciclista","Atropello","S/D","S/D","Cordón divisorio","Sin restricción"
2017,5455,6/13/2017,"Martes",0,,,"0.0",2,"Moto/Ciclomotor,Peatón"," ",4,1,0,0,3,0,0,,"S/D",,"FORTÍN OLMOS","Vera","S/D","S/D","XIX","S/D","S/D","S/D","S/D","S/D","S/D","S/D","S/D","S/D","S/D","Peatón","Atropello","S/D","S/D","S/D","S/D"
2017,5456,8/9/2017,"Miercoles",0,19:50:00,,"0.0",2,"Automóvil,Moto/Ciclomotor","Avenida General Bartolome Mitr Y 9 de julio",3,2,0,0,1,0,0,,"Calle",,"SANTO TOMÉ","La Capital","Asfalto","No existe","I","Dentro","Urbana","Ninguna","No existe","Cruce","Bueno","Buena","Atardecer","Buen Tiempo","Lateral","S/D","Colisión","Ninguna","S/D","Cordón divisorio","Sin restricción"
2017,5457,6/14/2017,"Miercoles",0,,,"0.0",2,"Bicicleta,Automóvil"," ",2,1,0,0,1,0,0,,"S/D",,"VENADO TUERTO","General López","S/D","S/D","VIII","S/D","S/D","S/D","S/D","S/D","S/D","S/D","S/D","S/D","S/D","Ciclista","Atropello","S/D","S/D","S/D","S/D"
2017,5458,8/10/2017,"Jueves",0,17:15:00,,"0.0",2,"Bicicleta,Automóvil","Buenos Aires Y Juan Diaz De Solis",2,0,1,0,1,0,0,,"Calle",,"SANTO TOMÉ","La Capital","Asfalto","No existe","I","Dentro","Urbana","Ninguna","No existe","Cruce","Bueno","Buena","Atardecer","Buen Tiempo","S/D","Ciclista","Atropello","Ninguna","Faltante","Ninguna","Sin restricción"
2017,5459,8/17/2017,"Jueves",0,15:00:00,,"0.0",2,"Automóvil,Peatón","Buenos Aires Y Alvear",2,1,0,0,1,0,0,,"Calle",,"SANTO TOMÉ","La Capital","Asfalto","Pavimento","I","S/D","Urbana","Ninguna","No existe","Intersección","Bueno","Buena","Diurna","Buen Tiempo","S/D","Peatón","Atropello","Ninguna","Vertical","Cordón divisorio","Sin restricción"
2017,5460,6/18/2017,"Domingo",0,23:00:00,"Ruta Provincial 1","0.0",2,"Moto/Ciclomotor,Automóvil"," ",3,0,0,0,2,1,0,"-29.94188, -59.83602","Ruta",1,"ALEJANDRA","San Javier","Asfalto","S/D","XIV","Dentro","Rural","S/D","S/D","Recta","S/D","S/D","Nocturna","S/D","Frontal","S/D","Colisión,Incendio","S/D","S/D","S/D","S/D"
2017,5461,8/17/2017,"Jueves",0,10:40:00,,"0.0",2,"Automóvil,Bicicleta","Hernandarias Y Presidente Bernardino Rivadavi",2,1,0,0,1,0,0,,"Calle",,"SANTO TOMÉ","La Capital","S/D","Pavimento","I","Dentro","Urbana","Ninguna","Intermitente","Recta","Bueno","Buena","Diurna","Buen Tiempo","S/D","Ciclista","Atropello","Ninguna","Faltante","Barrera de hormigón","Desvío Provisorio"
2017,5462,6/20/2017,"Martes",0,6:30:00,,"0.0",2,"Otros,Moto/Ciclomotor","Uruguay 467",2,0,0,0,0,1,1,"-31.24603, -61.48484","Calle",,"RAFAELA","Castellanos","Asfalto","No existe","V","Dentro","Urbana","Ninguna","No existe","Recta","Bueno","S/D","Diurna","S/D","S/D","S/D","Colisión","Ninguna","Faltante","Ninguna","Sin restricción"
2017,5463,8/23/2017,"Miercoles",0,7:55:00,,"0.0",2,"Moto/Ciclomotor,Automóvil","Hipolito Irigoyen Y Grl Brig Estanislao Lopez",2,1,0,0,1,0,0,,"Calle",,"SANTO TOMÉ","La Capital","Asfalto","S/D","I","Dentro","Urbana","Ninguna","S/D","Cruce","Bueno","Buena","Diurna","Buen Tiempo","Lateral","S/D","Colisión","S/D","Faltante","Ninguna","Sin restricción"
2017,5464,6/21/2017,"Miercoles",0,6:20:00,"Autovía Nacional A012","0.0",2,"Otros,Moto/Ciclomotor"," ",2,0,0,0,0,1,1,"-32.76268, -60.76872","Autovía","A012","RICARDONE","San Lorenzo","S/D","S/D","XVII","Dentro","Urbana","S/D","S/D","Recta","S/D","S/D","Diurna","S/D","S/D","S/D","Colisión","S/D","S/D","S/D","S/D"
2017,5465,6/15/2017,"Jueves",0,,,"0.0",2,"Moto/Ciclomotor,Automóvil"," ",2,1,0,0,1,0,0,,"S/D",,"CASILDA","Caseros","S/D","S/D","IV","S/D","S/D","S/D","S/D","S/D","S/D","S/D","S/D","S/D","S/D","S/D","Colisión","S/D","S/D","S/D","S/D"
2017,5466,8/16/2017,"Miercoles",0,15:00:00,,"0.0",2,"Automóvil,Moto/Ciclomotor","Azcuenaga Y Grl Brig Estanislao Lopez",2,1,0,0,1,0,0,,"Calle",,"SANTO TOMÉ","La Capital","Asfalto","No existe","I","S/D","Urbana","Ninguna","No existe","Cruce","Bueno","Buena","Diurna","Buen Tiempo","Lateral","S/D","Colisión","Ninguna","Faltante","Ninguna","Sin restricción"
2017,5467,6/26/2017,"Lunes",0,8:40:00,,"0.0",2,"Moto/Ciclomotor,Camión","Rivadavia Y Las Heras",2,0,0,0,0,1,1,"-31.4603, -60.93177","Calle",,"ESPERANZA","Las Colonias","S/D","S/D","XI","Dentro","Urbana","S/D","S/D","Intersección","S/D","S/D","Diurna","S/D","S/D","S/D","Colisión","S/D","S/D","S/D","S/D"
2017,5468,6/5/2017,"Lunes",0,13:20:00,,"0.0",2,"Moto/Ciclomotor,Moto/Ciclomotor","AV. E SALVA Y AVANTHAY",2,1,0,0,1,0,0,,"Avenida",,"RAFAELA","Castellanos","S/D","S/D","V","S/D","S/D","S/D","S/D","S/D","S/D","S/D","Diurna","S/D","S/D","S/D","Colisión","S/D","S/D","S/D","S/D"
2017,5469,8/29/2017,"Martes",0,12:50:00,,"0.0",2,"Automóvil,Peatón","Sebastian Gaboto Y Simon de Iriondo",2,1,0,0,1,0,0,,"Calle",,"SANTO TOMÉ","La Capital","Asfalto","S/D","I","Fuera","Urbana","Ninguna","S/D","Intersección","Deteriorada","S/D","Nocturna","Otro","S/D","Peatón","Atropello","Agua","Vertical","Barrera de hormigón","Sin restricción"
2017,5470,6/30/2017,"Viernes",0,21:45:00,,"0.0",2,"Moto/Ciclomotor,Camión","America Y Pte Hipolito Irigoyen",2,0,0,0,1,1,0," -32.705036, -60.746701","Calle",,"PUERTO SAN MARTÍN","San Lorenzo","Asfalto","No existe","XVII","Dentro","Urbana","Ninguna","No existe","Intersección","Bueno","S/D","Nocturna","S/D","S/D","S/D","Colisión","Ninguna","Faltante","Ninguna","Sin restricción"
2017,5471,8/6/2017,"Domingo",0,13:20:00,,"0.0",2,"Moto/Ciclomotor,Automóvil","1RO DE MAYO Y ROVERANO",2,1,0,0,1,0,0,,"Calle",,"SAUCE VIEJO","La Capital","Ripio","Natural","I","Dentro","Urbana","Ninguna","No existe","Intersección","Bueno","Buena","Diurna","Buen Tiempo","Lateral","S/D","Colisión","Material Suelto","Faltante","Ninguna","Sin restricción"
2017,5472,8/11/2017,"Viernes",0,14:40:00,"Ruta Nacional 11","0.0",2,"Moto/Ciclomotor,Automóvil","Calle 18 ",4,1,0,0,3,0,0,,"Ruta",11,"SAUCE VIEJO","La Capital","Asfalto","Natural","I","Dentro","Urbana","Ninguna","No existe","Recta","Bueno","Buena","Diurna","Buen Tiempo","De alcance","S/D","Colisión","Ninguna","Vertical","Ninguna","Sin restricción"
2017,5473,8/29/2017,"Martes",0,12:00:00,,"0.0",2,"Bicicleta,Automóvil","Calle 27 Y Calle 4",2,1,0,0,1,0,0,,"Calle",,"SAUCE VIEJO","La Capital","Ripio","No existe","I","Dentro","Urbana","Ninguna","No existe","Intersección","Deteriorada","Buena","Diurna","Buen Tiempo","S/D","Ciclista","Atropello","Material Suelto","Faltante","Ninguna","Sin restricción"
2017,5474,8/24/2017,"Jueves",0,13:50:00,,"0.0",2,"Moto/Ciclomotor,Automóvil","Juan Bautista Alberdi Y Cordoba",2,1,0,0,0,0,1,,"Calle",,"SANTO TOMÉ","La Capital","Asfalto","No existe","I","S/D","Urbana","Ninguna","No existe","Intersección","Bueno","Buena","Diurna","Buen Tiempo","De alcance","S/D","Colisión","Ninguna","S/D","Ninguna","Sin restricción"
2017,5475,8/30/2017,"Miercoles",0,18:30:00,,"0.0",2,"Moto/Ciclomotor,Automóvil","Balcarce Y J Macia",3,2,0,0,1,0,0,,"Calle",,"SANTO TOMÉ","La Capital","Asfalto","No existe","I","Dentro","Urbana","Ninguna","No existe","Intersección","Bueno","Buena","Atardecer","Buen Tiempo","De alcance","S/D","Colisión","Ninguna","S/D","Ninguna","Sin restricción"
2017,5476,8/23/2017,"Miercoles",0,21:15:00,,"0.0",2,"Peatón,Automóvil","Aritobulo del Valle 1800",2,1,0,0,1,0,0,,"Calle",,"SANTO TOMÉ","La Capital","Asfalto","No existe","I","Dentro","Urbana","Ninguna","No existe","Recta","Bueno","Reducida","Nocturna","Buen Tiempo","S/D","Peatón","Atropello","Ninguna","S/D","Ninguna","Sin restricción"
2017,5477,8/31/2017,"Jueves",0,8:20:00,,"0.0",2,"Moto/Ciclomotor,Automóvil","Juan Bautista Alberdi Y Buenos Aires",2,1,0,0,1,0,0,,"Calle",,"SANTO TOMÉ","La Capital","Asfalto","No existe","I","Dentro","Urbana","Semáforo","Funciona","Intersección","Bueno","Buena","Diurna","Buen Tiempo","De alcance","S/D","Colisión","Ninguna","Vertical","Ninguna","Sin restricción"
2017,5478,8/18/2017,"Viernes",0,18:10:00,,"0.0",2,"Moto/Ciclomotor,Automóvil","Lisandro de La Torre Y Mariano Moreno",3,2,0,0,1,0,0,,"Calle",,"SANTO TOMÉ","La Capital","Asfalto","No existe","I","S/D","Urbana","Ninguna","No existe","Intersección","Bueno","Buena","Atardecer","Buen Tiempo","De alcance","S/D","Colisión","Ninguna","S/D","Ninguna","Sin restricción"
2017,5479,8/13/2017,"Domingo",0,16:51:00,,"0.0",2,"Automóvil,Automóvil","Herrera Y Darragueira",3,1,0,0,2,0,0,,"Calle",,"ROSARIO","Rosario","Asfalto","No existe","II","Dentro","Urbana","Paso Peatonal","No existe","Intersección","S/D","S/D","Atardecer","S/D","S/D","S/D","Colisión","S/D","Horizontal","Ninguna,S/D","S/D"
2017,5480,8/4/2017,"Viernes",0,18:50:00,"Ruta Provincial 5","0.0",2,"Moto/Ciclomotor,Pickup/Utilitario"," ",2,1,0,0,1,0,0,,"Ruta",5,"RECREO","La Capital","Hormigón","Natural","I","S/D","Rural","Ninguna","No existe","Recta","Bueno","Buena","Atardecer,Con luz artificial","Buen Tiempo","Lateral","S/D","Colisión","Ninguna","S/D","Línea divisoria pintada","Sin restricción"
2017,5481,8/15/2017,"Martes",0,14:30:00,,"0.0",2,"Moto/Ciclomotor,Pickup/Utilitario","Juan Bautista Alberdi Y Mariano Moreno",2,1,0,0,1,0,0,,"Avenida",,"SANTO TOMÉ","La Capital","Asfalto","No existe","I","Dentro","Urbana","Ninguna","No existe","Intersección","Bueno","Buena","Diurna","Buen Tiempo","S/D","S/D","Colisión","Ninguna","Faltante","Ninguna","Sin restricción"
2017,5482,8/6/2017,"Domingo",0,18:30:00,"Ruta Provincial 2","18.0",1,"Moto/Ciclomotor","La Pampa ",4,2,0,0,2,0,0,,"Ruta",2,"MONTE VERA","La Capital","Ripio","No existe","I","S/D","Rural","Ninguna","No existe","Recta","Bueno","Buena","Atardecer,Con luz artificial","Buen Tiempo","S/D","S/D","Caída ocupante","Ninguna","S/D","Ninguna","Sin restricción"
2017,5483,8/23/2017,"Miercoles",0,16:40:00,,"0.0",2,"Automóvil,Moto/Ciclomotor","Los Constituyentes Bis Y Santa Fe",2,1,0,0,1,0,0,,"Calle",,"LAGUNA PAIVA","La Capital","Asfalto","No existe","I","Dentro","Urbana","Ninguna","No existe","Intersección","Bueno","Buena","Diurna","Buen Tiempo","Lateral","S/D","Colisión","Ninguna","Faltante","Ninguna","Sin restricción"
2017,5484,8/24/2017,"Jueves",0,17:00:00,,"0.0",2,"Moto/Ciclomotor,Moto/Ciclomotor","Colono Y 9 de Julio",3,3,0,0,0,0,0,,"Calle",,"LAGUNA PAIVA","La Capital","Ripio","No existe","I","Dentro","Urbana","Ninguna","No existe","Intersección","Bueno","Buena","Diurna","Buen Tiempo","Lateral","S/D","Colisión","Ninguna","Faltante","Ninguna","Sin restricción"
2017,5485,8/24/2017,"Jueves",0,18:20:00,,"0.0",2,"Moto/Ciclomotor,Moto/Ciclomotor","Moreno Y Rivadavia",2,2,0,0,0,0,0,,"Calle",,"LAGUNA PAIVA","La Capital","Asfalto","No existe","I","Dentro","Urbana","Ninguna","No existe","Intersección","Bueno","Buena","Diurna","Buen Tiempo","Lateral","S/D","Colisión","Ninguna","Faltante","Ninguna","Sin restricción"
2017,5486,8/9/2017,"Miercoles",0,21:50:00,,"0.0",2,"Moto/Ciclomotor,Moto/Ciclomotor","Ruta pcial 2 Av San Martin Y Cordoba",2,2,0,0,0,0,0,,"Calle",,"MONTE VERA","La Capital","Hormigón","Natural","I","Dentro","Urbana","Ninguna","No existe","Intersección","Bueno","Buena","Nocturna,Con luz artificial","Buen Tiempo","De alcance","S/D","Colisión","Ninguna","S/D","Línea divisoria pintada","Sin restricción"
2017,5487,8/27/2017,"Domingo",0,22:00:00,,"0.0",2,"Moto/Ciclomotor,Automóvil","Mensajero Donna Y Hugo del Carril",4,2,0,0,2,0,0,,"S/D",,"RAFAELA","Castellanos","Hormigón","No existe","V","S/D","Urbana","Ninguna","No existe","Intersección","Bueno","Buena","Nocturna","Buen Tiempo","Lateral","S/D","Colisión","Ninguna","Faltante","Cordón divisorio","Sin restricción"
2017,5488,8/23/2017,"Miercoles",0,19:30:00,,"0.0",2,"Pickup/Utilitario,Moto/Ciclomotor","Galvez Y Aldao",2,1,1,0,0,0,0,,"Avenida",,"CARRERAS","General López","Asfalto","No existe","VIII","Dentro","Urbana","Ninguna","No existe","Intersección","Bueno","Buena","Nocturna,Con luz artificial","Buen Tiempo","Lateral","S/D","Colisión","Ninguna","Faltante","Ninguna","Sin restricción"
2017,5489,7/31/2017,"Lunes",0,12:00:00,,"0.0",1,"Moto/Ciclomotor","AVENIDA ARISTOBULO DEL VALLE  1100",1,1,0,0,0,0,0,,"Avenida",,"ANGEL GALLARDO","La Capital","Hormigón","Natural","I","Dentro","Urbana","Ninguna","No existe","Recta","Bueno","Buena","Diurna","Buen Tiempo","S/D","S/D","Caída ocupante","Ninguna","S/D","Ninguna","Sin restricción"
2017,5490,8/16/2017,"Miercoles",0,18:00:00,,"0.0",2,"Automóvil,Moto/Ciclomotor","Cordoba Y Pje s/n",2,1,0,0,1,0,0,,"Calle",,"MONTE VERA","La Capital","Ripio","No existe","I","Dentro","Urbana","Ninguna","No existe","Intersección","Bueno","Buena","Diurna","Buen Tiempo","Lateral","S/D","Colisión","Ninguna","Faltante","Ninguna","Sin restricción"
2017,5491,8/23/2017,"Miercoles",0,14:30:00,,"0.0",2,"Moto/Ciclomotor,Automóvil","Bv Jaime Ferre Y España",3,2,0,0,1,0,0,,"Calle",,"RAFAELA","Castellanos","Ripio","Ripio","V","Dentro","Urbana","Ninguna","No existe","Intersección","Bueno","Buena","Diurna","Buen Tiempo","Lateral","S/D","Colisión","Ninguna","Faltante","Ninguna","Sin restricción"
2017,5492,8/26/2017,"Sabado",0,22:45:00,,"0.0",2,"Automóvil,Automóvil","Piedras Y Reg 12 de Infanteria",5,2,0,0,3,0,0,,"Calle",,"SANTA FE","La Capital","Asfalto","No existe","I","S/D","Urbana","Ninguna","No existe","Intersección","Bueno","Buena","Nocturna","Buen Tiempo","S/D","S/D","Colisión","Ninguna","Faltante","Ninguna","Sin restricción"
2017,5493,8/17/2017,"Jueves",0,22:05:00,,"0.0",2,"Automóvil,Moto/Ciclomotor","La Pampa 1600",2,0,1,0,1,0,0,,"Calle",,"MONTE VERA","La Capital","Ripio","No existe","I","Dentro","Urbana","Ninguna","S/D","Recta","Bueno","Buena","Diurna,Con luz artificial","Buen Tiempo","De alcance","S/D","Colisión","Ninguna","S/D","Ninguna","Sin restricción"
2017,5494,8/28/2017,"Lunes",0,19:10:00,,"0.0",2,"Automóvil,Moto/Ciclomotor","Av Cordoba Y H Irigoyen",2,0,1,0,1,0,0,,"Avenida",,"LAGUNA PAIVA","La Capital","Asfalto","No existe","I","Dentro","Urbana","Ninguna","No existe","Intersección","Bueno","Buena","Nocturna","Buen Tiempo","Lateral","S/D","Colisión","Ninguna","Faltante","Ninguna","Sin restricción"
2017,5495,8/28/2017,"Lunes",0,19:05:00,,"0.0",2,"Automóvil,Bicicleta","Avellaneda Y Ayacucho",2,1,0,0,1,0,0,,"Calle",,"SANTA FE","La Capital","Asfalto","No existe","I","S/D","Urbana","Ninguna","No existe","Intersección","Bueno","Buena","Diurna","Buen Tiempo","S/D","Ciclista","Atropello","Ninguna","Faltante","Ninguna","Sin restricción"
2017,5496,8/28/2017,"Lunes",0,20:30:00,,"0.0",2,"Automóvil,Moto/Ciclomotor","Juan B Alberdi Y Av Pte Peron",2,1,0,0,1,0,0,,"Calle",,"LAGUNA PAIVA","La Capital","Asfalto","No existe","I","Dentro","Urbana","Ninguna","No existe","Intersección","Bueno","Buena","Nocturna","Buen Tiempo","Lateral","S/D","Colisión","Ninguna","Faltante","Ninguna","Sin restricción"
2017,5497,8/31/2017,"Jueves",0,18:00:00,,"0.0",2,"Automóvil,Automóvil","AV SAN MARTIN Y LA RIOJA ",2,1,0,0,1,0,0,,"Avenida",,"MONTE VERA","La Capital","Hormigón","S/D","I","Dentro","Urbana","Ninguna","No existe","Intersección","Bueno","Buena","Diurna","Buen Tiempo","Lateral","S/D","Colisión","Ninguna","S/D","Línea divisoria pintada","Sin restricción"
2017,5498,8/29/2017,"Martes",0,18:30:00,,"0.0",2,"Automóvil,Moto/Ciclomotor","Avellaneda Y Reg 12 de Infanteria",2,1,0,0,1,0,0,,"Calle",,"SANTA FE","La Capital","Asfalto","No existe","I","S/D","Urbana","Ninguna","No existe","Intersección","Bueno","Buena","Diurna","Buen Tiempo","S/D","S/D","Colisión","Ninguna","Faltante","Ninguna","Sin restricción"
2017,5499,8/7/2017,"Lunes",0,12:20:00,,"0.0",2,"Moto/Ciclomotor,Automóvil","Av A del Valle Y Leumann",4,3,0,0,1,0,0,,"Avenida",,"SANTA FE","La Capital","Asfalto","No existe","I","Dentro","Urbana","Ninguna","No existe","Intersección","Deteriorada","Buena","Diurna","Otro","Lateral","S/D","Colisión","Ninguna","Vertical","Ninguna","Sin restricción"
2017,5500,8/28/2017,"Lunes",0,23:00:00,"Ruta Provincial 1","8.0",2,"Automóvil,Peatón"," ",2,1,0,0,1,0,0,,"Ruta",1,"SAN JOSÉ DEL RINCÓN","La Capital","Tierra","No existe","I","Dentro","Urbana","Ninguna","No existe","Recta","Resbaladiza","Reducida","Nocturna","Buen Tiempo","S/D","Peatón","Atropello","Material Suelto","Faltante","Ninguna","Sin restricción"
2017,5501,8/26/2017,"Sabado",0,6:40:00,,"0.0",2,"Moto/Ciclomotor,Automóvil","Av A del Valle Y Lamothe",2,1,0,0,1,0,0,,"Avenida",,"SANTA FE","La Capital","Asfalto","No existe","I","Dentro","Urbana","Ninguna","No existe","Intersección","Con baches","Reducida","Nocturna,Con luz artificial","Otro","Lateral","S/D","Colisión","Ninguna","Vertical","Ninguna","Sin restricción"
2017,5502,8/13/2017,"Domingo",0,12:00:00,,"0.0",2,"Taxi/Remis,Moto/Ciclomotor","MISIONES Y PJE 9250",2,1,0,0,1,0,0,,"Calle",,"SANTA FE","La Capital","Asfalto","S/D","I","S/D","Urbana","S/D","S/D","S/D","S/D","S/D","Diurna","S/D","S/D","S/D","S/D","S/D","S/D","S/D","S/D"
2017,5503,8/29/2017,"Martes",0,21:00:00,"Ruta Provincial 2","80.0",2,"Automóvil,Otros"," ",3,1,0,0,1,0,1,,"Ruta",2,"COLASTINE","La Capital","Asfalto","S/D","I","Dentro","Urbana","Semáforo","S/D","Recta","Bueno","Buena","Nocturna","Buen Tiempo","Lateral","S/D","Colisión","Ninguna","Vertical","Línea divisoria pintada","Sin restricción"