"anio_acci","nro_acci","fecha","desc_dia","fecha_aprox","hora_aprox","desc_ruta","km","cant_participantes","desc_participante","calle_avenida_km","total","heridos_leves","heridos_graves","heridos_gravisimos","ilesos","fallecidos","sin_datos","posicion_XY","desc_tipo_via","desc_ruta_ori","desc_loc","desc_dpto","desc_tipo_calzada","desc_tipo_banquina","desc_unidad_regional","desc_lugar_calzada","desc_zona","desc_prioridad","desc_estado_semaforo","desc_lugar_via","desc_estado_via","desc_estado_visibilidad","desc_luminosidad","desc_estado_clima","desc_tipo_colision","desc_tipo_atropello","desc_tipo_hecho","desc_pres_calzada","desc_senializacion","desc_separacion_via","desc_restriccion"
2017,5504,8/9/2017,"Miercoles",0,16:10:00,,"0.0",2,"Automóvil,Moto/Ciclomotor","Gorostiaga Y Av Peñaloza",2,1,0,0,1,0,0,,"S/D",,"SANTA FE","La Capital","Asfalto","S/D","I","S/D","Urbana","S/D","No existe","Curva","Bueno","Buena","S/D","S/D","S/D","S/D","Colisión","Otro","S/D","S/D","Sin restricción"
2017,5505,8/19/2017,"Sabado",0,13:00:00,,"0.0",2,"Pickup/Utilitario,Moto/Ciclomotor","AGUADO Y EX COMBATIENTES DE MALVINAS",2,1,0,0,1,0,0,,"Calle",,"SANTA FE","La Capital","Ripio","S/D","I","S/D","Urbana","S/D","S/D","S/D","S/D","S/D","S/D","S/D","S/D","S/D","S/D","S/D","S/D","S/D","S/D"
2017,5506,8/19/2017,"Sabado",0,19:30:00,,"0.0",2,"Moto/Ciclomotor,Automóvil","Gorriti Y Estrada",2,1,0,0,1,0,0,,"Calle",,"SANTA FE","La Capital","Asfalto","S/D","I","S/D","Urbana","S/D","S/D","S/D","S/D","S/D","Atardecer","S/D","S/D","S/D","S/D","S/D","S/D","S/D","S/D"
2017,5507,8/3/2017,"Jueves",0,17:30:00,,"0.0",2,"Automóvil,Moto/Ciclomotor","French Y Belgrano",3,2,0,0,1,0,0,,"Calle",,"SANTA FE","La Capital","Asfalto","No existe","I","Dentro","Urbana","Ninguna","No existe","Intersección","Bueno","Buena","Diurna","Buen Tiempo","S/D","S/D","Colisión","Ninguna","Faltante","Ninguna","Sin restricción"
2017,5508,8/22/2017,"Martes",0,11:50:00,,"0.0",2,"Automóvil,Moto/Ciclomotor","AGUADO Y EX COMBATIENTES DE MALVINAS",2,1,0,0,1,0,0,,"Calle",,"SANTA FE","La Capital","Ripio","S/D","I","S/D","Urbana","S/D","S/D","S/D","S/D","S/D","S/D","S/D","S/D","S/D","S/D","S/D","S/D","S/D","S/D"
2017,5509,8/9/2017,"Miercoles",0,20:00:00,,"0.0",2,"Moto/Ciclomotor,Automóvil","Estanislao Zeballos Y Castañaduy",3,1,0,0,0,0,2,,"S/D",,"SANTA FE","La Capital","Asfalto","No existe","I","S/D","Urbana","Ninguna","No existe","Curva","Bueno","Buena","Nocturna","Buen Tiempo","De alcance","S/D","Colisión","Ninguna","S/D","Ninguna","Sin restricción"
2017,5510,8/23/2017,"Miercoles",0,12:55:00,,"0.0",2,"Automóvil,Camión","Gorriti Y Europa",2,1,0,0,1,0,0,,"S/D",,"SANTA FE","La Capital","S/D","S/D","I","S/D","Urbana","S/D","S/D","S/D","S/D","S/D","Diurna","S/D","S/D","S/D","S/D","S/D","S/D","S/D","S/D"
2017,5511,8/4/2017,"Viernes",0,18:35:00,,"0.0",2,"Automóvil,Moto/Ciclomotor","Avellaneda Y Reg 12 de Infanteria",2,1,0,0,1,0,0,,"Calle",,"SANTA FE","La Capital","Asfalto","No existe","I","Dentro","Urbana","Ninguna","No existe","Intersección","Bueno","Buena","Atardecer","Buen Tiempo","S/D","S/D","Colisión","Ninguna","Faltante","Ninguna","Sin restricción"
2017,5512,8/24/2017,"Jueves",0,19:30:00,,"0.0",2,"Moto/Ciclomotor,Moto/Ciclomotor","Gorriti 4600",2,1,0,0,1,0,0,,"Avenida",,"SANTA FE","La Capital","S/D","S/D","I","S/D","Urbana","S/D","S/D","S/D","S/D","S/D","S/D","S/D","S/D","S/D","S/D","S/D","S/D","S/D","S/D"
2017,5513,8/20/2017,"Domingo",0,12:50:00,,"0.0",2,"Moto/Ciclomotor,Automóvil","Av Blas Parera Y Boneo",3,2,0,0,0,0,1,,"Avenida",,"SANTA FE","La Capital","Asfalto","No existe","I","S/D","Urbana","S/D","Funciona","Recta","Bueno","Buena","S/D","Buen Tiempo","S/D","S/D","Colisión","Ninguna","Vertical","Cordón divisorio","S/D"
2017,5514,8/6/2017,"Domingo",0,23:00:00,,"0.0",2,"Automóvil,Moto/Ciclomotor","Av A del Valle Y Boneo",3,2,0,0,1,0,0,,"Avenida",,"SANTA FE","La Capital","Asfalto","No existe","I","S/D","Urbana","Ninguna","No existe","Intersección","Bueno","Buena","Nocturna","Buen Tiempo","S/D","S/D","Colisión","Ninguna","S/D","Ninguna","Sin restricción"
2017,5515,8/29/2017,"Martes",0,,,"0.0",2,"Automóvil,Moto/Ciclomotor","Gorriti 4600",4,3,0,0,1,0,0,,"Avenida",,"SANTA FE","La Capital","S/D","S/D","I","S/D","Urbana","S/D","S/D","S/D","S/D","S/D","S/D","S/D","S/D","S/D","Colisión","S/D","S/D","S/D","S/D"
2017,5516,8/20/2017,"Domingo",0,22:30:00,,"0.0",2,"Automóvil,Moto/Ciclomotor","Av Peñaloza Y French",2,1,0,0,0,0,1,,"Avenida",,"SANTA FE","La Capital","Asfalto","S/D","I","S/D","Urbana","Otra Señal","No existe","Intersección","Bueno","Buena","Atardecer","Buen Tiempo","De alcance","S/D","Colisión","Ninguna","S/D","Barrera de hormigón","Sin restricción"
2017,5517,8/7/2017,"Lunes",0,18:45:00,,"0.0",2,"Automóvil,Moto/Ciclomotor","Avellaneda Y Pavon",3,1,0,0,2,0,0,,"Calle",,"SANTA FE","La Capital","Asfalto","No existe","I","S/D","Urbana","Ninguna","No existe","Intersección","Bueno","Buena","Atardecer","Buen Tiempo","S/D","S/D","Colisión","Ninguna","Faltante","Ninguna","Sin restricción"
2017,5518,8/6/2017,"Domingo",0,0:05:00,,"0.0",1,"Moto/Ciclomotor","Av Blas Parera Y Boneo",2,1,0,0,1,0,0,,"Avenida",,"SANTA FE","La Capital","Hormigón","No existe","I","Dentro","Urbana","Ninguna","No existe","Recta","Bueno","Buena","Nocturna","Buen Tiempo","Contra objeto fijo","S/D","Atropello","Ninguna","S/D","Cordón divisorio","Sin restricción"
2017,5519,8/7/2017,"Lunes",0,20:55:00,,"0.0",2,"Moto/Ciclomotor,Automóvil","J Castelli Y Juan Diaz de Solis",2,1,0,0,1,0,0,,"S/D",,"SANTA FE","La Capital","Asfalto","No existe","I","S/D","Urbana","Ninguna","No existe","Intersección","Bueno","Buena","Nocturna","Buen Tiempo","S/D","S/D","Colisión","Ninguna","Faltante","S/D","Sin restricción"
2017,5520,7/9/2017,"Domingo",0,13:05:00,,"0.0",3,"Automóvil,Automóvil,Automóvil","Av. Provincias Unidas Y Av. Sorrento",5,1,0,0,2,2,0,"-32.908048, -60.714280","Avenida",,"ROSARIO","Rosario","Asfalto","Natural","II","Dentro","Urbana","Señal Ceda el Paso","No existe","Rotonda","Resbaladiza","Buena","Diurna","Lluvia","Lateral,Múltiple","S/D","Colisión","Agua","Vertical","Cordón divisorio","Sin restricción"
2017,5521,8/30/2017,"Miercoles",0,18:40:00,,"0.0",2,"Automóvil,Moto/Ciclomotor","Av Blas Parera Y Millan Medina",3,1,0,0,2,0,0,,"S/D",,"SANTA FE","La Capital","Asfalto","S/D","I","S/D","Urbana","Semáforo","Funciona","S/D","Bueno","S/D","S/D","Buen Tiempo","Otro","S/D","Colisión","Ninguna","Horizontal,Vertical","S/D","S/D"
2017,5522,8/8/2017,"Martes",0,,,"0.0",2,"Bicicleta,Moto/Ciclomotor","Av Peñaloza Y Espora",2,1,0,0,1,0,0,,"Avenida",,"SANTA FE","La Capital","Hormigón","No existe","I","Dentro","Urbana","Ninguna","No existe","Intersección","Bueno","Buena","Diurna","Buen Tiempo","S/D","Ciclista","Atropello","Ninguna","Faltante","Guardarrail,Cordón divisorio","Sin restricción"
2017,5523,8/24/2017,"Jueves",0,6:50:00,,"0.0",2,"Moto/Ciclomotor,Automóvil","Av Blas Parera Y Gorostiaga",2,1,0,0,1,0,0,,"Avenida",,"SANTA FE","La Capital","Hormigón","No existe","I","Dentro","Urbana","Semáforo","Funciona","Rotonda","Bueno","Buena","Amanecer","Buen Tiempo","De alcance","S/D","Colisión","Ninguna","Horizontal,Vertical","Cordón divisorio,Vegetación","Sin restricción"
2017,5524,8/14/2017,"Lunes",0,17:10:00,,"0.0",2,"Moto/Ciclomotor,Moto/Ciclomotor","Av Blas Parera Y Estanislao Zeballos",5,4,0,0,1,0,0,,"Avenida",,"SANTA FE","La Capital","Hormigón","No existe","I","Dentro","Urbana","Semáforo","Funciona","Intersección","Bueno","Buena","Diurna","Buen Tiempo","De alcance","S/D","Colisión","Ninguna","Horizontal,Vertical","Cordón divisorio","Sin restricción"
2017,5525,8/14/2017,"Lunes",0,17:30:00,,"0.0",2,"Moto/Ciclomotor,Automóvil","Av Blas Parera Y Larrea",3,2,0,0,1,0,0,,"Avenida",,"SANTA FE","La Capital","Hormigón","No existe","I","Dentro","Urbana","Semáforo","Funciona","Intersección","Bueno","Buena","Diurna","Buen Tiempo","Lateral","S/D","Colisión","Ninguna","Horizontal,Vertical","Cordón divisorio","Sin restricción"
2017,5526,8/24/2017,"Jueves",0,16:30:00,,"0.0",2,"Moto/Ciclomotor,Moto/Ciclomotor","Av Blas Parera Y Estanislao Zeballos",4,3,0,0,0,0,1,,"Avenida",,"SANTA FE","La Capital","Asfalto","Pavimento","I","S/D","Urbana","Semáforo","Funciona","Intersección","Bueno","Buena","Diurna","Buen Tiempo","De alcance","S/D","Colisión","S/D","Vertical","Ninguna","Sin restricción"
2017,5527,8/3/2017,"Jueves",0,20:00:00,,"0.0",2,"Moto/Ciclomotor,Bicicleta","Rio Negro Y Manuel Belgrano",2,1,0,0,1,0,0,,"S/D",,"MONTE VERA","La Capital","Hormigón","S/D","I","S/D","S/D","Ninguna","S/D","Intersección","Bueno","Buena","Nocturna,Con luz artificial","Buen Tiempo","S/D","Ciclista","Atropello","Ninguna","S/D","Ninguna","Sin restricción"
2017,5528,8/26/2017,"Sabado",0,4:00:00,"Ruta Provincial 1","0.0",2,"Automóvil,Moto/Ciclomotor"," ",2,1,0,0,1,0,0,,"Ruta",1,"COLASTINE","La Capital","Asfalto","S/D","I","Dentro","Urbana","Semáforo","Funciona","Recta","Bueno","S/D","Nocturna","Buen Tiempo","Lateral","S/D","Colisión","Ninguna","Horizontal,Vertical","Línea divisoria pintada","Sin restricción"
2017,5529,8/9/2017,"Miercoles",0,18:00:00,,"0.0",2,"Automóvil,Moto/Ciclomotor","Risso Y Alberti",2,1,0,0,1,0,0,,"Calle",,"SANTA FE","La Capital","Asfalto","No existe","I","S/D","Urbana","Ninguna","No existe","Intersección","Bueno","Buena","Atardecer","Buen Tiempo","S/D","S/D","Colisión","Ninguna","Faltante","Ninguna","Sin restricción"
2017,5531,8/8/2017,"Martes",0,16:55:00,,"0.0",2,"Moto/Ciclomotor,Automóvil","Av Blas Parera Y Millan Medina",2,1,0,0,1,0,0,,"Avenida",,"SANTA FE","La Capital","Hormigón","Pavimento","I","Dentro","Urbana","Semáforo","Funciona","Recta","Bueno","Buena","Diurna","Buen Tiempo","Lateral","S/D","Colisión","Ninguna","Vertical","Cordón divisorio","Sin restricción"
2017,5532,8/12/2017,"Sabado",0,21:00:00,,"0.0",2,"Moto/Ciclomotor,Bicicleta","Av A del Valle 8100",2,1,0,0,1,0,0,,"Calle",,"SANTA FE","La Capital","Asfalto","No existe","I","S/D","Urbana","Ninguna","No existe","Recta","Bueno","Buena","Nocturna","Buen Tiempo","S/D","Ciclista","Atropello","Ninguna","Faltante","Ninguna","Sin restricción"
2017,5533,8/14/2017,"Lunes",0,21:15:00,,"0.0",2,"Moto/Ciclomotor,Automóvil","Gorriti 4407",2,1,0,0,1,0,0,,"Avenida",,"SANTA FE","La Capital","Hormigón","Pavimento","I","Dentro","Urbana","Ninguna","No existe","Recta","Bueno","Buena","Nocturna","Buen Tiempo","Lateral","S/D","Colisión","Ninguna","Faltante","Cordón divisorio","Sin restricción"
2017,5534,8/19/2017,"Sabado",0,8:00:00,,"0.0",2,"Automóvil,Moto/Ciclomotor","Av Blas Parera Y Millan Medina",2,1,0,0,0,0,1,,"Avenida",,"SANTA FE","La Capital","Asfalto","No existe","I","S/D","Urbana","S/D","Funciona","Recta","Bueno","Buena","Amanecer","Viento Fuerte","De alcance","S/D","Colisión","Ninguna","S/D","S/D","S/D"
2017,5535,8/15/2017,"Martes",0,7:35:00,,"0.0",2,"Moto/Ciclomotor,Moto/Ciclomotor","Av Blas Parera Y Millan Medina",2,2,0,0,0,0,0,,"Avenida",,"SANTA FE","La Capital","Hormigón","Pavimento","I","Dentro","Urbana","Semáforo","Funciona","Intersección","Bueno","Buena","Diurna","Buen Tiempo","Lateral","S/D","Colisión","Ninguna","Vertical","Cordón divisorio","Sin restricción"
2017,5536,8/12/2017,"Sabado",0,8:50:00,,"0.0",2,"Automóvil,Moto/Ciclomotor","Av Blas Parera 7200",2,1,0,0,0,0,1,,"S/D",,"SANTA FE","La Capital","Asfalto","No existe","I","S/D","Urbana","Ninguna","No existe","Recta","Bueno","Buena","Diurna","Buen Tiempo","De alcance","S/D","Colisión","Ninguna","Faltante","Barrera de hormigón","Sin restricción"
2017,5537,8/23/2017,"Miercoles",0,12:55:00,,"0.0",2,"Moto/Ciclomotor,Pickup/Utilitario","Reg 12 de Infanteria Y Av Peñaloza",2,1,0,0,1,0,0,,"Avenida",,"SANTA FE","La Capital","Hormigón","S/D","I","Dentro","Urbana","Semáforo","Funciona","Intersección","Bueno","Buena","Diurna","Buen Tiempo","Lateral","S/D","Colisión","Ninguna","Vertical","Cordón divisorio","Sin restricción"
2017,5538,8/16/2017,"Miercoles",0,7:55:00,,"0.0",2,"Automóvil,Moto/Ciclomotor","Jose Ignacio Gorriti 5035",2,1,0,0,0,0,1,,"Avenida",,"SANTA FE","La Capital","Asfalto","No existe","I","S/D","Urbana","Ninguna","No existe","Cruce","Bueno","Buena","Diurna","Buen Tiempo","De alcance","S/D","Colisión","Ninguna","S/D","S/D","Sin restricción"
2017,5539,8/25/2017,"Viernes",0,1:40:00,,"0.0",2,"Moto/Ciclomotor,Automóvil","Risso Y San Jose",3,2,0,0,1,0,0,,"Calle",,"SANTA FE","La Capital","Asfalto","No existe","I","Dentro","Urbana","Ninguna","No existe","Intersección","Con baches","Reducida","Nocturna","Buen Tiempo","Lateral","S/D","Colisión","Otro","S/D","Vegetación","Sin restricción"
2017,5540,8/11/2017,"Viernes",0,20:20:00,,"0.0",2,"Otros,Otros","Estanislao Zeballos ",2,1,1,0,0,0,0,,"Calle",,"SANTA FE","La Capital","Asfalto","Natural","I","Dentro","Urbana","Ninguna","No existe","Intersección","Bueno","Buena","Nocturna,Con luz artificial","Buen Tiempo","Lateral","S/D","Colisión","Ninguna","S/D","Ninguna","Sin restricción"
2017,5541,8/16/2017,"Miercoles",0,13:20:00,,"0.0",2,"Automóvil,Bicicleta","Av Galicia Y Mitre",2,1,0,0,1,0,0,,"Avenida",,"SANTA FE","La Capital","Asfalto","No existe","I","S/D","Urbana","Ninguna","No existe","Intersección","Bueno","Buena","Diurna","Buen Tiempo","S/D","Ciclista","Atropello","Ninguna","Faltante","Ninguna","Sin restricción"
2017,5542,8/27/2017,"Domingo",0,18:40:00,,"0.0",2,"Moto/Ciclomotor,Automóvil","Av Blas Parera Y Millan Medina",2,1,0,0,1,0,0,,"Avenida",,"SANTA FE","La Capital","Asfalto","Pavimento","I","Dentro","Urbana","Semáforo","Funciona","Recta","Bueno","Buena","Atardecer","Buen Tiempo","Lateral","S/D","Colisión","Ninguna","Horizontal,Vertical","Barrera de alto impacto","Sin restricción"
2017,5543,8/17/2017,"Jueves",0,12:10:00,,"0.0",2,"Automóvil,Moto/Ciclomotor","French Y Candioti",3,1,0,0,2,0,0,,"Calle",,"SANTA FE","La Capital","Asfalto","No existe","I","S/D","Urbana","Ninguna","No existe","Intersección","Bueno","Buena","Diurna","Buen Tiempo","S/D","S/D","Colisión","Ninguna","Faltante","Ninguna","Sin restricción"
2017,5544,8/18/2017,"Viernes",0,13:45:00,,"0.0",2,"Automóvil,Peatón","Risso 1000",2,1,0,0,1,0,0,,"Calle",,"SANTA FE","La Capital","Asfalto","No existe","I","S/D","Urbana","Ninguna","No existe","Recta","Bueno","Buena","Diurna","Buen Tiempo","S/D","Peatón","Atropello","Ninguna","Faltante","Ninguna","Sin restricción"
2017,5545,8/25/2017,"Viernes",0,8:20:00,,"0.0",2,"Moto/Ciclomotor,Otros","Av Blas Parera Y Pavon",2,1,0,0,0,0,1,,"Avenida",,"SANTA FE","La Capital","Asfalto","Pavimento","I","Dentro","Urbana","Ninguna","No existe","Intersección","Bueno","Buena","Diurna","Buen Tiempo","Lateral","S/D","Colisión","Ninguna","Faltante","Cordón divisorio","Sin restricción"
2017,5546,8/18/2017,"Viernes",0,19:15:00,,"0.0",2,"Automóvil,Pickup/Utilitario","Pujato Crespo ",4,2,0,0,2,0,0,,"Calle",,"SANTA FE","La Capital","Asfalto","No existe","I","S/D","Urbana","Ninguna","No existe","Intersección","Bueno","Buena","Atardecer","Buen Tiempo","S/D","S/D","Colisión","Ninguna","Faltante","Ninguna","Sin restricción"
2017,5547,8/7/2017,"Lunes",0,0:40:00,,"0.0",2,"Automóvil,Moto/Ciclomotor","Hugo Wast Y Reinares",2,1,0,0,1,0,0,,"Calle",,"SANTA FE","La Capital","Asfalto","No existe","I","Dentro","Urbana","Ninguna","No existe","Intersección","Con baches","Reducida","Nocturna","Buen Tiempo","De alcance","S/D","Colisión","Otro","Faltante","Ninguna","Sin restricción"
2017,5548,8/5/2017,"Sabado",0,18:15:00,,"0.0",2,"Automóvil,Moto/Ciclomotor","AV RICHIERI 2700",3,2,0,0,1,0,0,,"Calle",,"SANTO TOMÉ","La Capital","Ripio","No existe","I","Dentro","Urbana","Ninguna","No funciona","Recta","Bueno","Buena","Diurna","Buen Tiempo","Lateral","S/D","Colisión","S/D","Faltante","Ninguna","Sin restricción"
2017,5549,8/17/2017,"Jueves",0,18:30:00,"Ruta Nacional 11","0.0",2,"Pickup/Utilitario,Moto/Ciclomotor","Avenida Nuestra Señora del Luj Y Frutos",3,1,1,0,1,0,0,,"Ruta",11,"SANTO TOMÉ","La Capital","Asfalto","No existe","I","Dentro","Urbana","Ninguna","No existe","Recta","Bueno","Buena","Diurna","Buen Tiempo","Lateral","S/D","Colisión","Ninguna","Vertical","Línea divisoria pintada","Sin restricción"
2017,5550,8/8/2017,"Martes",0,10:20:00,,"0.0",2,"Automóvil,Moto/Ciclomotor","Av Blas Parera ",2,1,0,0,1,0,0,,"Calle",,"SANTA FE","La Capital","Asfalto","No existe","I","Dentro","Urbana","Ninguna","Funciona","Recta","Bueno","Buena","Diurna","Buen Tiempo","De alcance","S/D","Colisión","Ninguna","Faltante","Ninguna","Sin restricción"
2017,5551,8/19/2017,"Sabado",0,9:35:00,,"0.0",2,"Transporte de Pasajeros Urbano (> 8 asientos),Moto/Ciclomotor","Sarmiento 7500",3,2,0,0,1,0,0,,"Calle",,"SANTA FE","La Capital","Asfalto","No existe","I","S/D","Urbana","Ninguna","No existe","Intersección","Bueno","Buena","Diurna","Buen Tiempo","S/D","S/D","Colisión","Ninguna","Faltante","Ninguna","Sin restricción"
2017,5552,8/19/2017,"Sabado",0,19:50:00,"Autopista Provincial Brigadier E.López","128.0",1,"Automóvil"," ",1,1,0,0,0,0,0,,"Autopista","Brigadier E.López","SAUCE VIEJO","La Capital","Ripio","Natural","I","Fuera","Rural","Ninguna","No existe","Recta","Con baches","Buena","Atardecer","Buen Tiempo","S/D","S/D","Despiste","Otro","Faltante","Vegetación","Sin restricción"
2017,5553,8/12/2017,"Sabado",0,15:30:00,,"0.0",2,"Moto/Ciclomotor,Pickup/Utilitario","Av Blas Parera Y Formosa",4,3,0,0,1,0,0,,"Avenida",,"SANTA FE","La Capital","Asfalto","No existe","I","S/D","Urbana","Ninguna","No existe","Recta","Bueno","Buena","Diurna","Buen Tiempo","De alcance","S/D","Colisión","Ninguna","Faltante","Ninguna","Sin restricción"
2017,5554,8/23/2017,"Miercoles",0,7:50:00,,"0.0",2,"Automóvil,Moto/Ciclomotor","Javier de la Rosa Y Guemes",3,2,0,0,1,0,0,,"Calle",,"SANTA FE","La Capital","Asfalto","No existe","I","S/D","Urbana","Ninguna","No existe","Intersección","Bueno","Buena","Amanecer","Buen Tiempo","S/D","S/D","Colisión","Ninguna","Faltante","Ninguna","Sin restricción"
2017,5555,8/16/2017,"Miercoles",0,,,"0.0",2,"Automóvil,Moto/Ciclomotor","Bv Pellegrini Y Gdor Candioti",2,1,0,0,0,0,1,,"Calle",,"SANTA FE","La Capital","Asfalto","No existe","I","Dentro","Urbana","Semáforo","Funciona","Intersección","Bueno","S/D","S/D","S/D","Lateral","S/D","Colisión","S/D","Vertical","S/D","S/D"
2017,5556,8/18/2017,"Viernes",0,15:10:00,,"0.0",2,"Automóvil,Moto/Ciclomotor","Av Leandro Alem Y Alberdi",2,1,0,0,1,0,0,,"Calle",,"SANTA FE","La Capital","Asfalto","No existe","I","Dentro","Urbana","S/D","Funciona","Intersección","Bueno","S/D","Diurna","S/D","Lateral","S/D","Colisión","Agua","Vertical","S/D","S/D"
2017,5557,8/18/2017,"Viernes",0,16:50:00,,"0.0",2,"Automóvil,Moto/Ciclomotor","Maipu Y Las Heras",2,1,0,0,1,0,0,,"Calle",,"SANTA FE","La Capital","Asfalto","No existe","I","Dentro","Urbana","S/D","No existe","Intersección","Bueno","S/D","Diurna","S/D","Lateral","S/D","S/D","S/D","S/D","S/D","S/D"
2017,5558,8/25/2017,"Viernes",0,15:00:00,,"0.0",2,"Automóvil,Moto/Ciclomotor","Bv Galvez Y San Luis",2,1,0,0,1,0,0,,"Calle",,"SANTA FE","La Capital","Asfalto","No existe","I","Dentro","Urbana","S/D","Funciona","Intersección","Bueno","S/D","Diurna","S/D","Lateral","S/D","Colisión","S/D","Vertical","S/D","S/D"
2017,5559,8/30/2017,"Miercoles",0,8:45:00,,"0.0",2,"Moto/Ciclomotor,Taxi/Remis","PRIMERO DE MAYO Y EVA PERON",2,1,0,0,1,0,0,,"Calle",,"SANTA FE","La Capital","Asfalto","No existe","I","Dentro","Urbana","Ninguna","No existe","Intersección","Bueno","Buena","Diurna","Buen Tiempo","Lateral","S/D","Colisión","Ninguna","Horizontal","Ninguna","Sin restricción"
2017,5560,8/30/2017,"Miercoles",0,11:00:00,,"0.0",2,"Automóvil,Moto/Ciclomotor","Sargento Cabral Y Necochea",2,1,0,0,1,0,0,,"Calle",,"SANTA FE","La Capital","Asfalto","No existe","I","Dentro","Urbana","S/D","No existe","Intersección","Bueno","S/D","Diurna","S/D","Lateral","S/D","Colisión","S/D","S/D","S/D","S/D"
2017,5561,8/30/2017,"Miercoles",0,13:20:00,,"0.0",2,"Automóvil,Moto/Ciclomotor","Bv Pellegrini Y San Martin",2,1,0,0,1,0,0,,"S/D",,"SANTA FE","La Capital","Asfalto","No existe","I","S/D","Urbana","Ninguna","Funciona","Intersección","Bueno","Buena","Diurna","Buen Tiempo","Lateral","S/D","Colisión","Ninguna","Horizontal,Vertical","Ninguna","Sin restricción"
2017,5562,8/16/2017,"Miercoles",0,10:30:00,,"0.0",2,"Automóvil,Moto/Ciclomotor","J.R MENDEZ ",2,1,0,0,1,0,0,,"Calle",,"SANTA FE","La Capital","Asfalto","No existe","I","Dentro","Urbana","Ninguna","Funciona","Intersección","Bueno","Buena","Diurna","Buen Tiempo","De alcance","S/D","Colisión","Agua","Faltante","Ninguna","Sin restricción"
2017,5563,8/30/2017,"Miercoles",0,11:45:00,,"0.0",3,"Moto/Ciclomotor,Automóvil,Automóvil","Bv Galvez Y Gdor Candioti",3,1,0,0,2,0,0,,"Calle",,"SANTA FE","La Capital","Asfalto","No existe","I","Dentro","Urbana","S/D","Funciona","Intersección","Bueno","S/D","Diurna","S/D","Múltiple","S/D","Colisión","S/D","Vertical","S/D","S/D"
2017,5564,8/29/2017,"Martes",0,17:50:00,,"0.0",1,"Transporte de Pasajeros Urbano (> 8 asientos)","URUGUAY Y PRIMERO DE MAYO",1,1,0,0,0,0,0,,"Calle",,"SANTA FE","La Capital","Asfalto","No existe","I","S/D","Urbana","Ninguna","No existe","Curva","Bueno","Buena","Diurna","Buen Tiempo","S/D","S/D","Caída ocupante","Ninguna","Horizontal","Ninguna","Sin restricción"
2017,5565,8/20/2017,"Domingo",0,18:10:00,,"0.0",2,"Automóvil,Moto/Ciclomotor","Av Blas Parera Y Florencio Fernandez",2,1,0,0,1,0,0,,"Calle",,"SANTA FE","La Capital","Asfalto","No existe","I","Dentro","Urbana","Ninguna","Funciona","Recta","Bueno","Buena","Atardecer","Buen Tiempo","De alcance","S/D","Colisión","Ninguna","Faltante","Ninguna","Sin restricción"
2017,5566,8/1/2017,"Martes",0,16:10:00,,"0.0",2,"Automóvil,Vehículo Oficial","Dr Zavalla Y Entre Rios",4,2,0,0,2,0,0,,"Calle",,"SANTA FE","La Capital","Asfalto","No existe","I","Dentro","Urbana","Ninguna","No existe","Intersección","Con baches,Deteriorada","Buena","Diurna","Buen Tiempo","Lateral","S/D","Colisión","Ninguna","Faltante","Ninguna","Sin restricción"
2017,5567,8/29/2017,"Martes",0,14:00:00,,"0.0",2,"Moto/Ciclomotor,Automóvil","Belgrano Y Suipacha",2,1,0,0,1,0,0,,"Avenida",,"SANTA FE","La Capital","Asfalto","No existe","I","Dentro","Urbana","Ninguna","Funciona","Intersección","Bueno","Buena","Diurna","Buen Tiempo","Lateral","S/D","Colisión","Ninguna","Horizontal,Vertical","Ninguna","Sin restricción"
2017,5568,8/4/2017,"Viernes",0,17:30:00,,"0.0",2,"Moto/Ciclomotor,Automóvil","Corrientes Y Av Mosconi",2,1,0,0,0,0,1,,"Calle",,"SANTA FE","La Capital","Asfalto","No existe","I","Dentro","Urbana","S/D","No existe","Intersección","Con baches,Deteriorada","S/D","S/D","S/D","S/D","S/D","S/D","Ninguna","S/D","S/D","S/D"
2017,5569,8/7/2017,"Lunes",0,21:50:00,,"0.0",2,"Moto/Ciclomotor,Taxi/Remis","Corrientes 3332",3,2,0,0,1,0,0,,"Calle",,"SANTA FE","La Capital","Asfalto","No existe","I","Dentro","Urbana","Ninguna","No existe","Recta","Bueno","Buena","Nocturna","Buen Tiempo","De alcance","S/D","Colisión","Ninguna","Faltante","Ninguna","Sin restricción"
2017,5570,8/1/2017,"Martes",0,15:25:00,,"0.0",2,"Moto/Ciclomotor,Automóvil","Belgrano Y Gdor Crespo",2,1,0,0,1,0,0,,"Calle",,"SANTA FE","La Capital","Hormigón","No existe","I","Dentro","Urbana","Ninguna","No existe","Intersección","Bueno","Buena","Diurna","Buen Tiempo","Lateral","S/D","Colisión","Ninguna","Horizontal","Ninguna","Sin restricción"
2017,5571,8/1/2017,"Martes",0,,,"0.0",2,"Moto/Ciclomotor,Automóvil","4 de Enero Y Eva Peron",2,1,0,0,1,0,0,,"Calle",,"SANTA FE","La Capital","Asfalto","No existe","I","Dentro","Urbana","Ninguna","No existe","Intersección","Bueno","Buena","Diurna","Buen Tiempo","Lateral","S/D","Colisión","Ninguna","Horizontal","Ninguna","Sin restricción"