"anio_acci","nro_acci","fecha","desc_dia","fecha_aprox","hora_aprox","desc_ruta","km","cant_participantes","desc_participante","calle_avenida_km","total","heridos_leves","heridos_graves","heridos_gravisimos","ilesos","fallecidos","sin_datos","posicion_XY","desc_tipo_via","desc_ruta_ori","desc_loc","desc_dpto","desc_tipo_calzada","desc_tipo_banquina","desc_unidad_regional","desc_lugar_calzada","desc_zona","desc_prioridad","desc_estado_semaforo","desc_lugar_via","desc_estado_via","desc_estado_visibilidad","desc_luminosidad","desc_estado_clima","desc_tipo_colision","desc_tipo_atropello","desc_tipo_hecho","desc_pres_calzada","desc_senializacion","desc_separacion_via","desc_restriccion"
2017,5572,8/31/2017,"Jueves",0,17:30:00,,"0.0",2,"Automóvil,Moto/Ciclomotor","Rivadavia Y Suipacha",2,1,0,0,1,0,0,,"Avenida",,"SANTA FE","La Capital","Asfalto","No existe","I","Dentro","Urbana","Semáforo","Funciona","Intersección","Bueno","Buena","Diurna","Buen Tiempo","Lateral","S/D","Colisión","Ninguna","Horizontal,Vertical","Ninguna","Sin restricción"
2017,5573,8/18/2017,"Viernes",0,13:15:00,,"0.0",2,"Automóvil,Moto/Ciclomotor","Castellanos Y Las Heras",2,1,0,0,1,0,0,,"Calle",,"SANTA FE","La Capital","Asfalto","No existe","I","Dentro","Urbana","S/D","No existe","Intersección","Bueno","S/D","Diurna","S/D","Lateral","S/D","Colisión","S/D","S/D","S/D","S/D"
2017,5574,8/18/2017,"Viernes",0,0:10:00,,"0.0",2,"Automóvil,Moto/Ciclomotor","Florencio Fernandez Y Dr Pio Pandolfo",3,2,0,0,1,0,0,,"Calle",,"SANTA FE","La Capital","Asfalto","No existe","I","S/D","Urbana","Ninguna","No existe","Recta","Con baches","Reducida","Nocturna","Buen Tiempo","De alcance","S/D","Colisión","Material Suelto","Faltante","Ninguna","Sin restricción"
2017,5575,8/24/2017,"Jueves",0,14:50:00,,"0.0",1,"Moto/Ciclomotor","Cafferata 8700",1,1,0,0,0,0,0,,"Calle",,"SANTA FE","La Capital","Asfalto","No existe","I","S/D","Urbana","Ninguna","No existe","Recta","Con baches","Buena","Diurna","Buen Tiempo","Atropello animal","S/D","Colisión","Ninguna","Faltante","Ninguna","Sin restricción"
2017,5576,8/24/2017,"Jueves",0,15:30:00,,"0.0",2,"Automóvil,Moto/Ciclomotor","Av Blas Parera Y Florencio Fernandez",3,2,0,0,1,0,0,,"Avenida",,"SANTA FE","La Capital","Asfalto","No existe","I","S/D","Urbana","Semáforo","Funciona","Recta","Bueno","Buena","Diurna","Buen Tiempo","De alcance","S/D","Colisión","Ninguna","Horizontal,Vertical","Ninguna","Sin restricción"
2017,5577,8/26/2017,"Sabado",0,1:30:00,,"0.0",2,"Automóvil,Moto/Ciclomotor","Av Blas Parera 8500",2,1,0,0,1,0,0,,"Avenida",,"SANTA FE","La Capital","Asfalto","No existe","I","S/D","Urbana","Ninguna","No existe","Recta","Bueno","Buena","Nocturna","Lluvia","Frontal","S/D","Colisión","Agua","S/D","Ninguna","Sin restricción"
2017,5578,8/1/2017,"Martes",0,5:45:00,,"0.0",1,"Moto/Ciclomotor","TENIENTE LOZA Y BLAS PARERA",2,1,0,0,1,0,0,,"Avenida",,"RECREO","La Capital","Asfalto","No existe","I","S/D","Urbana","Semáforo","Funciona","Intersección","Bueno","Buena","Amanecer,Con luz artificial","Buen Tiempo","S/D","S/D","Despiste","Ninguna","Horizontal,Vertical","Guardarrail,Línea divisoria pintada","Sin restricción"
2017,5579,8/28/2017,"Lunes",0,0:30:00,,"0.0",2,"Automóvil,Moto/Ciclomotor","Bv Pellegrini Y San Jeronimo",2,1,0,0,1,0,0,,"Avenida",,"SANTA FE","La Capital","Asfalto","No existe","I","S/D","Urbana","Semáforo","Funciona","Intersección","Bueno","Buena","Nocturna,Con luz artificial","Buen Tiempo","Lateral","S/D","Colisión","Ninguna","Horizontal,Vertical","Ninguna","Sin restricción"
2017,5581,8/10/2017,"Jueves",0,21:45:00,"Ruta Nacional 11","0.0",2,"Automóvil,Moto/Ciclomotor","Ruta Nacional 1V011- Juan de Garay Y Storni A",2,1,0,0,1,0,0,,"Ruta",11,"RECREO","La Capital","Asfalto","Natural","I","Dentro","Urbana","Ninguna","No existe","Recta","Bueno","Buena","Nocturna","Buen Tiempo","Otro","S/D","Colisión","Ninguna","Horizontal","Línea divisoria pintada","Sin restricción"
2017,5582,8/25/2017,"Viernes",0,18:40:00,,"0.0",2,"Automóvil,Moto/Ciclomotor","Bethoven ",2,1,0,0,1,0,0,,"S/D",,"RECREO","La Capital","Asfalto","Natural","I","Dentro","Urbana","Ninguna","No existe","Recta","Bueno","Buena","Atardecer","Buen Tiempo","S/D","S/D","Colisión","Ninguna","Horizontal","Línea divisoria pintada","Sin restricción"
2017,5583,8/28/2017,"Lunes",0,12:00:00,,"0.0",2,"Automóvil,Moto/Ciclomotor","Av Gral Lopez Y San Jeronimo",2,1,0,0,0,0,1,,"Avenida",,"SANTA FE","La Capital","Hormigón","No existe","I","Dentro","Urbana","Semáforo","Funciona","Intersección","Bueno","Buena","Diurna","Buen Tiempo","Lateral","S/D","Colisión","Ninguna","Horizontal,Vertical","Ninguna","Sin restricción"
2017,5584,8/1/2017,"Martes",0,,,"0.0",2,"Moto/Ciclomotor,Automóvil"," ",2,1,0,0,1,0,0,,"S/D",,"RECREO","La Capital","S/D","S/D","I","S/D","S/D","S/D","S/D","S/D","S/D","S/D","S/D","S/D","S/D","S/D","S/D","S/D","S/D","S/D","S/D"
2017,5585,8/27/2017,"Domingo",0,22:45:00,,"0.0",2,"Automóvil,Moto/Ciclomotor","San Jeronimo Y Irigoyen Freyre",2,1,0,0,0,0,1,,"Calle",,"SANTA FE","La Capital","Asfalto","No existe","I","Dentro","Urbana","Ninguna","No existe","Intersección","Bueno","Buena","Nocturna,Con luz artificial","Buen Tiempo","Lateral","S/D","Colisión","Ninguna","Faltante","Ninguna","Sin restricción"
2017,5586,8/1/2017,"Martes",0,,,"0.0",2,"Pickup/Utilitario,Moto/Ciclomotor"," ",2,1,0,0,1,0,0,,"S/D",,"RECREO","La Capital","S/D","S/D","I","S/D","S/D","S/D","S/D","S/D","S/D","S/D","S/D","S/D","S/D","S/D","S/D","S/D","S/D","S/D","S/D"
2017,5587,8/26/2017,"Sabado",0,16:30:00,,"0.0",2,"Automóvil,Moto/Ciclomotor","Av J J Paso Y 4 de Enero",3,1,0,0,2,0,0,,"Avenida",,"SANTA FE","La Capital","Hormigón","No existe","I","Dentro","Urbana","Ninguna","No existe","Intersección","Bueno","Buena","Diurna","Buen Tiempo","Lateral","S/D","Colisión","Ninguna","Faltante","Ninguna","Sin restricción"
2017,5588,8/12/2017,"Sabado",0,13:15:00,,"0.0",2,"Moto/Ciclomotor,Automóvil","Formosa Y Estados Unidos de Mexico",4,3,0,0,1,0,0,,"Calle",,"SANTO TOMÉ","La Capital","Asfalto,Ripio","No existe","I","S/D","Urbana","Ninguna","No existe","Intersección","Con baches","Buena","Diurna","Buen Tiempo","S/D","S/D","Colisión","S/D","Faltante","Ninguna","Sin restricción"
2017,5589,8/23/2017,"Miercoles",0,17:30:00,,"0.0",2,"Bicicleta,Automóvil","9 de Julio Y Hipolito Yrigoyen",2,1,0,0,1,0,0,,"Calle",,"SANTA FE","La Capital","Asfalto","No existe","I","Dentro","Urbana","Ninguna","No existe","Intersección","Bueno","Buena","Diurna","Buen Tiempo","S/D","Ciclista","Atropello","Ninguna","Horizontal","Ninguna","Sin restricción"
2017,5590,8/7/2017,"Lunes",0,19:00:00,"Ruta Nacional 33","703.0",3,"Automóvil,Camión c / Acoplado,Camión c / Acoplado"," ",4,1,1,0,1,1,0,"-33.3225582,-61.422764","Ruta",33,"VILLADA","Caseros","Asfalto","Natural","IV","Dentro","Rural","Ninguna","No existe","Recta","Bueno","Buena","Atardecer","Buen Tiempo","Frontal,Múltiple","S/D","Colisión","Ninguna","Faltante","Ninguna","Sin restricción"
2017,5591,8/18/2017,"Viernes",0,13:30:00,,"0.0",2,"Moto/Ciclomotor,Pickup/Utilitario","Laprade Y 4 de enero",3,2,0,0,1,0,0,,"Calle",,"SANTO TOMÉ","La Capital","Ripio","No existe","I","Dentro","Urbana","Ninguna","No existe","Intersección","Con baches","Buena","Diurna","Buen Tiempo","Lateral","S/D","Colisión","Ninguna","Faltante","Ninguna","Sin restricción"
2017,5592,8/23/2017,"Miercoles",0,10:10:00,,"0.0",2,"Peatón,Automóvil","4 de Enero Y Catamarca",2,1,0,0,1,0,0,,"Calle",,"SANTA FE","La Capital","Hormigón","No existe","I","Dentro","Urbana","Ninguna","No existe","Intersección","Bueno","Buena","Diurna","Buen Tiempo","S/D","Peatón","Atropello","Ninguna","Horizontal","Ninguna","Sin restricción"
2017,5593,8/23/2017,"Miercoles",0,10:15:00,,"0.0",2,"Automóvil,Otros","9 de Julio 3500",2,1,0,0,0,0,1,,"Calle",,"SANTA FE","La Capital","Asfalto","No existe","I","Dentro","Urbana","Semáforo","No existe","Recta","Bueno","Buena","Diurna","Buen Tiempo","Lateral","S/D","Colisión","Ninguna","Vertical","Ninguna","Sin restricción"
2017,5594,8/10/2017,"Jueves",0,17:50:00,"Ruta Nacional 11","0.0",2,"Automóvil,Moto/Ciclomotor","Primera Junta Y Batalla de Maipu",2,1,0,0,0,0,1,,"Ruta",11,"SANTO TOMÉ","La Capital","Asfalto","No existe","I","S/D","S/D","S/D","No existe","Recta","Bueno","Buena","Diurna","Buen Tiempo","S/D","S/D","Colisión","Agua","Vertical","Ninguna","Sin restricción"
2017,5595,8/23/2017,"Miercoles",0,16:00:00,,"0.0",2,"Transporte de Pasajeros Urbano (> 8 asientos),Moto/Ciclomotor","4 de Enero Y Eva Peron",2,1,0,0,1,0,0,,"Calle",,"SANTA FE","La Capital","Asfalto","No existe","I","Dentro","Urbana","Ninguna","No existe","Intersección","Bueno","Buena","Diurna","Buen Tiempo","Lateral","S/D","Colisión","Ninguna","Horizontal","Ninguna","Sin restricción"
2017,5596,7/29/2017,"Sabado",0,17:50:00,"Autopista Nacional Gral. Juan Jose Valle","247.0",2,"Moto/Ciclomotor,Automóvil"," ",2,0,0,0,1,1,0,"-33.281717, -60.386160","Autopista","Gral. Juan Jose Valle","EMPALME VILLA CONSTITUCIÓN","Constitución","Asfalto","Natural","VI","Dentro","Rural","Ninguna","No existe","Recta","Bueno","Buena","Atardecer","Buen Tiempo","De alcance","S/D","Colisión","Ninguna","Horizontal,Vertical","Vegetación","Sin restricción"
2017,5597,8/23/2017,"Miercoles",0,9:15:00,,"0.0",1,"Transporte de Pasajeros Urbano (> 8 asientos)","9 de Julio Y Santiago del Estero",2,1,0,0,1,0,0,,"Calle",,"SANTA FE","La Capital","Asfalto","No existe","I","Dentro","Urbana","Ninguna","Funciona","Recta","Bueno","Buena","Diurna","Buen Tiempo","S/D","S/D","Caída ocupante","Ninguna","Horizontal","Ninguna","Sin restricción"
2017,5598,8/16/2017,"Miercoles",0,10:15:00,,"0.0",1,"Transporte de Pasajeros Urbano (> 8 asientos)","Rivadavia Y Obispo Gelabert",2,1,0,0,1,0,0,,"Avenida",,"SANTA FE","La Capital","Asfalto","No existe","I","Dentro","Urbana","Ninguna","No existe","Curva","Bueno","Buena","Diurna","Buen Tiempo","Contra objeto fijo","S/D","Caída ocupante","Ninguna","Horizontal","Ninguna","Sin restricción"
2017,5599,8/23/2017,"Miercoles",0,11:55:00,,"0.0",2,"Automóvil,Moto/Ciclomotor","Av 27 de Febrero Y Mendoza",2,1,0,0,1,0,0,,"Avenida",,"SANTA FE","La Capital","Asfalto","No existe","I","S/D","Urbana","Semáforo","Funciona","Recta","Bueno","Buena","Diurna","Buen Tiempo","Lateral","S/D","Colisión","Ninguna","Horizontal,Vertical","Ninguna","Sin restricción"
2017,5600,8/16/2017,"Miercoles",0,12:30:00,,"0.0",2,"Automóvil,Bicicleta","San Jeronimo Y Gdor Crespo",2,1,0,0,1,0,0,,"Calle",,"SANTA FE","La Capital","Asfalto","No existe","I","Dentro","Urbana","Ninguna","No existe","Intersección","Bueno","Buena","Diurna","Buen Tiempo","Lateral","Ciclista","Atropello","Ninguna","Horizontal","Ninguna","Sin restricción"
2017,5601,8/6/2017,"Domingo",0,0:45:00,,"0.0",2,"Moto/Ciclomotor,Automóvil","Bv Pellegrini Y Rivadavia",2,1,0,0,1,0,0,,"Avenida",,"SANTA FE","La Capital","Asfalto","No existe","I","Dentro","Urbana","Ninguna","Funciona","Intersección","Bueno","Buena","Nocturna","Buen Tiempo","Lateral","S/D","Colisión","Ninguna","Horizontal,Vertical","Ninguna","Sin restricción"
2017,5602,8/5/2017,"Sabado",0,14:00:00,,"0.0",2,"Peatón,Automóvil","Av 27 de Febrero Y Juan de Garay",2,1,0,0,1,0,0,,"Avenida",,"SANTA FE","La Capital","Hormigón","No existe","I","Dentro","Urbana","Ninguna","Funciona","Intersección","Bueno","Buena","Diurna","Buen Tiempo","S/D","Peatón","Atropello","Ninguna","Horizontal,Vertical","Ninguna","Sin restricción"
2017,5603,8/16/2017,"Miercoles",0,17:30:00,,"0.0",2,"Automóvil,Moto/Ciclomotor","9 de Julio Y Gdor Crespo",2,1,0,0,1,0,0,,"Calle",,"SANTA FE","La Capital","Asfalto","No existe","I","Dentro","Urbana","Ninguna","No existe","Intersección","Bueno","Buena","Diurna","Buen Tiempo","Lateral","S/D","Colisión","Ninguna","Horizontal","Ninguna","Sin restricción"
2017,5604,8/12/2017,"Sabado",0,17:00:00,"Ruta Nacional 178","137.0",1,"Automóvil"," ",2,1,0,0,0,1,0,"-33.022895, -61.431151","Ruta",178,"LOS MOLINOS","Caseros","Asfalto","Natural","IV","Fuera","Rural","Ninguna","No existe","Recta","Con baches","Buena","Diurna","Buen Tiempo","S/D","S/D","Despiste","Ninguna","S/D","Línea divisoria pintada","Sin restricción"
2017,5605,7/29/2017,"Sabado",0,5:30:00,,"0.0",5,"Automóvil,Automóvil,Automóvil,Automóvil,Peatón","Necochea Y Bv. 27 De Febrero",6,2,0,0,3,1,0,"-32.970159943586, -60.629514116451","Avenida",,"ROSARIO","Rosario","Asfalto","No existe","II","Dentro","Urbana","Semáforo","Intermitente","Intersección","Bueno","Buena","Nocturna","Buen Tiempo","Múltiple","S/D","Colisión","Ninguna","Horizontal,Vertical","Cordón divisorio","Sin restricción"
2017,5606,8/4/2017,"Viernes",0,21:15:00,,"0.0",2,"Automóvil,Automóvil","Av Leandro Alem Y Belgrano",2,1,0,0,1,0,0,,"Avenida",,"SANTA FE","La Capital","Hormigón","No existe","I","Dentro","Urbana","Semáforo","Funciona","Intersección","Bueno","Buena","Nocturna","Buen Tiempo","Lateral","S/D","Colisión","Ninguna","Horizontal,Vertical","Ninguna","Sin restricción"
2017,5607,8/14/2017,"Lunes",0,14:05:00,,"0.0",2,"Automóvil,Bicicleta","25 de Mayo Y Hipolito Yrigoyen",2,1,0,0,1,0,0,,"Calle",,"SANTA FE","La Capital","Asfalto","No existe","I","Dentro","Urbana","Ninguna","No existe","Intersección","Bueno","Buena","Diurna","Buen Tiempo","Lateral","Ciclista","Atropello","Ninguna","Horizontal","Ninguna","Sin restricción"
2017,5608,8/22/2017,"Martes",0,12:15:00,,"0.0",2,"Automóvil,Moto/Ciclomotor","9 de Julio 2800",2,1,0,0,1,0,0,,"Calle",,"SANTA FE","La Capital","Asfalto","No existe","I","Dentro","Urbana","Ninguna","No existe","Recta","Bueno","S/D","Diurna","Buen Tiempo","Lateral","S/D","Colisión","Ninguna","Horizontal","Ninguna","Sin restricción"
2017,5609,8/4/2017,"Viernes",0,17:30:00,,"0.0",2,"Automóvil,Bicicleta","San Martin Y Obispo Gelabert",2,1,0,0,1,0,0,,"Calle",,"SANTA FE","La Capital","Asfalto","No existe","I","Dentro","Urbana","Ninguna","No existe","Intersección","Bueno","Buena","Diurna","Buen Tiempo","S/D","Ciclista","Atropello","Ninguna","Horizontal","Ninguna","Sin restricción"
2017,5610,8/11/2017,"Viernes",0,19:03:00,"Ruta Nacional 19","110.5",2,"Pickup/Utilitario,Camión c / Acoplado"," ",2,0,0,0,1,1,0,"-31.453629, -61.886397","Ruta",19,"COLONIA CELLO","Castellanos","Asfalto","Natural","V","Dentro","Rural","Ninguna","No existe","Recta","Bueno","Reducida","Diurna","Lluvia","De alcance","S/D","Colisión","Agua","S/D","Vegetación","Sin restricción"
2017,5611,8/11/2017,"Viernes",0,14:15:00,,"0.0",2,"Automóvil,Moto/Ciclomotor","Primera Junta Y 4 de Enero",2,1,0,0,1,0,0,,"Calle",,"SANTA FE","La Capital","Asfalto","No existe","I","Dentro","Urbana","Ninguna","No existe","Intersección","Bueno","Buena","Diurna","Buen Tiempo","Lateral","S/D","Colisión","Ninguna","Horizontal","Ninguna","Sin restricción"
2017,5612,8/11/2017,"Viernes",0,8:30:00,,"0.0",2,"Taxi/Remis,Moto/Ciclomotor","Primera Junta Y San Jeronimo",2,1,0,0,1,0,0,,"Calle",,"SANTA FE","La Capital","Asfalto","No existe","I","Dentro","Urbana","Ninguna","No existe","Intersección","Bueno","Buena","Diurna","Buen Tiempo","Lateral","S/D","Colisión","Ninguna","Horizontal","Ninguna","Sin restricción"
2017,5613,8/4/2017,"Viernes",0,17:00:00,,"0.0",2,"Automóvil,Moto/Ciclomotor","25 de Mayo 2900",2,1,0,0,1,0,0,,"Calle",,"SANTA FE","La Capital","Asfalto","No existe","I","Dentro","Urbana","Ninguna","No existe","Recta","Bueno","Buena","Diurna","Buen Tiempo","De alcance","S/D","Colisión","Ninguna","Horizontal","Ninguna","Sin restricción"
2017,5614,8/22/2017,"Martes",0,9:30:00,,"0.0",2,"Automóvil,Moto/Ciclomotor","Candido Pujato Y 25 de Mayo",2,1,0,0,1,0,0,,"Calle",,"SANTA FE","La Capital","Asfalto","No existe","I","S/D","Urbana","Semáforo","Funciona","Intersección","Bueno","Buena","Diurna","Buen Tiempo","Lateral","S/D","Colisión","Ninguna","Horizontal,Vertical","Ninguna","Sin restricción"
2017,5615,8/10/2017,"Jueves",0,19:15:00,,"0.0",2,"Automóvil,Moto/Ciclomotor","San Jeronimo Y Bv Pellegrini",2,1,0,0,1,0,0,,"Avenida",,"SANTA FE","La Capital","Asfalto","No existe","I","Dentro","Urbana","Ninguna","No existe","Intersección","Bueno","Buena","Atardecer","Buen Tiempo","Lateral","S/D","Colisión","Ninguna","Horizontal","Ninguna","Sin restricción"
2017,5616,8/13/2017,"Domingo",0,7:40:00,"Ruta Nacional 8","324.0",1,"Pickup/Utilitario"," ",6,2,0,0,2,2,0,"-33.842052,-61.55273","Ruta",8,"HUGHES","General López","Asfalto","Natural","VIII","Dentro","Rural","Ninguna","S/D","Recta","Bueno","Buena","Amanecer","Buen Tiempo","S/D","S/D","Vuelco","Ninguna","Vertical","Línea divisoria pintada","Sin restricción"
2017,5617,8/3/2017,"Jueves",0,20:30:00,,"0.0",2,"Automóvil,Moto/Ciclomotor","San Jeronimo Y Uruguay",2,1,0,0,1,0,0,,"Calle",,"SANTA FE","La Capital","Asfalto","No existe","I","Dentro","Urbana","Ninguna","No existe","Intersección","Bueno","Buena","Nocturna,Con luz artificial","Buen Tiempo","Lateral","S/D","Colisión","S/D","Horizontal","Ninguna","Sin restricción"
2017,5618,8/22/2017,"Martes",0,23:50:00,,"0.0",2,"Automóvil,Moto/Ciclomotor","4 de Enero Y Santiago del Estero",2,1,0,0,1,0,0,,"Calle",,"SANTA FE","La Capital","Asfalto","No existe","I","Dentro","Urbana","Semáforo","Funciona","Intersección","Bueno","Buena","Nocturna,Con luz artificial","Buen Tiempo","Lateral","S/D","Colisión","S/D","Horizontal,Vertical","Ninguna","Sin restricción"
2017,5619,8/10/2017,"Jueves",0,13:00:00,,"0.0",2,"Automóvil,Moto/Ciclomotor","25 de Mayo 2541",2,1,0,0,1,0,0,,"Calle",,"SANTA FE","La Capital","Asfalto","No existe","I","Dentro","Urbana","Ninguna","No existe","Recta","Bueno","Buena","Diurna","Buen Tiempo","Lateral","S/D","Colisión","Ninguna","Horizontal","Ninguna","Sin restricción"
2017,5620,8/1/2017,"Martes",0,11:50:00,,"0.0",2,"Automóvil,Moto/Ciclomotor","Amenabar Y San Martin",2,1,0,0,1,0,0,,"Calle",,"SANTA FE","La Capital","Hormigón","No existe","I","Dentro","Urbana","Ninguna","No existe","Intersección","Bueno","Buena","Diurna","Buen Tiempo","De alcance","S/D","Colisión","Ninguna","Horizontal","Ninguna","Sin restricción"
2017,5621,8/8/2017,"Martes",0,9:50:00,,"0.0",2,"Automóvil,Moto/Ciclomotor","9 de Julio Y Hipolito Yrigoyen",2,1,0,0,1,0,0,,"Calle",,"SANTA FE","La Capital","Asfalto","No existe","I","Dentro","Urbana","Ninguna","No existe","Intersección","Bueno","Buena","Diurna","Buen Tiempo","Lateral","S/D","Colisión","Ninguna","Horizontal","Ninguna","Sin restricción"
2017,5622,8/21/2017,"Lunes",0,20:00:00,"Ruta Nacional 168","2.0",2,"Moto/Ciclomotor,Automóvil"," ",4,2,0,0,2,0,0,,"Ruta",168,"SANTA FE","La Capital","Asfalto","Pavimento","I","S/D","Urbana","Ninguna","No existe","Recta","Bueno","Buena","Atardecer","Buen Tiempo","Lateral","S/D","Colisión","Ninguna","Horizontal","Ninguna","Sin restricción"
2017,5623,8/7/2017,"Lunes",0,12:50:00,,"0.0",2,"Automóvil,Bicicleta","4 de Enero 2770",2,1,0,0,1,0,0,,"Calle",,"SANTA FE","La Capital","Asfalto","No existe","I","Dentro","Urbana","Ninguna","No existe","Recta","Bueno","Buena","Diurna","Buen Tiempo","S/D","Ciclista","Atropello","Ninguna","Horizontal","Ninguna","Sin restricción"
2017,5624,8/14/2017,"Lunes",0,5:00:00,"Ruta Nacional 11","481.0",3,"Automóvil,Automóvil,Peatón","Ruta Nacional 1V11- Juan de Garay ",3,0,0,0,2,1,0,"-31.522356, -60.724125","Ruta",11,"RECREO","La Capital","Asfalto","Natural","I","Dentro","Urbana","Ninguna","No existe","Recta","Bueno","Buena","Nocturna","Buen Tiempo","S/D","Peatón","Atropello","Agua","Faltante","Línea divisoria pintada","Sin restricción"
2017,5625,8/19/2017,"Sabado",0,6:05:00,,"0.0",2,"Automóvil,Automóvil","Av. Alberdi Bis Y Albert Sabin",3,2,0,0,1,0,0,,"Avenida",,"ROSARIO","Rosario","Asfalto","No existe","II","Dentro","Urbana","Semáforo","Intermitente","Recta","Bueno","Buena","Nocturna,Con luz artificial","Buen Tiempo","Frontal","S/D","Colisión","Ninguna","Horizontal,Vertical","Cordón divisorio,Línea divisoria pintada","Sin restricción"
2017,5626,8/18/2017,"Viernes",0,16:20:00,,"0.0",2,"Moto/Ciclomotor,Automóvil","LUIS GIMENEZ DE ASUA Y RECTOR PEDRO MARTINEZ",3,2,0,0,1,0,0,,"Calle",,"SANTA FE","La Capital","Asfalto","No existe","I","Dentro","Urbana","Ninguna","No existe","Intersección","Bueno","Buena","Diurna","Buen Tiempo","Lateral","S/D","Colisión","Ninguna","Faltante","Ninguna","Sin restricción"
2017,5627,8/19/2017,"Sabado",0,6:00:00,,"0.0",2,"Automóvil,Moto/Ciclomotor","Albert Sabin 145B",3,2,0,0,1,0,0,,"Avenida",,"ROSARIO","Rosario","Asfalto","No existe","II","Dentro","Urbana","Semáforo","Intermitente","Recta","Bueno","Buena","Diurna","Lluvia","Lateral","S/D","Colisión","Agua","Vertical","Cordón divisorio","Sin restricción"
2017,5628,8/22/2017,"Martes",0,21:20:00,,"0.0",2,"Automóvil,Otros","San Jeronimo ",2,1,0,0,0,0,1,,"Calle",,"SANTA FE","La Capital","Asfalto","No existe","I","S/D","Urbana","Ninguna","No existe","Recta","Bueno","Buena","Nocturna","Buen Tiempo","Lateral","S/D","Colisión","S/D","Horizontal","Ninguna","Sin restricción"
2017,5629,8/13/2017,"Domingo",0,6:00:00,"Ruta Provincial 2","10.5",1,"Pickup/Utilitario"," ",1,0,0,0,0,1,0,"-31.481300, -60.674447","Ruta",2,"MONTE VERA","La Capital","Hormigón","Natural","I","Fuera","Rural","Ninguna","No existe","Recta","Bueno","Buena","Amanecer,Con luz artificial","Buen Tiempo","S/D","S/D","Despiste","Ninguna","Faltante","Línea divisoria pintada","Sin restricción"
2017,5630,8/25/2017,"Viernes",0,0:30:00,,"0.0",2,"Moto/Ciclomotor,Automóvil","Av Blas Parera Y Estanislao Zeballos",3,2,0,0,0,0,1,,"Avenida",,"SANTA FE","La Capital","Asfalto","No existe","I","S/D","Urbana","Semáforo","Funciona","Intersección","Bueno","Buena","Nocturna","Buen Tiempo","S/D","S/D","Colisión","Ninguna","Vertical","Ninguna","Sin restricción"
2017,5631,8/17/2017,"Jueves",0,21:15:00,,"0.0",2,"Automóvil,Moto/Ciclomotor","Stephenson 300",3,2,0,0,1,0,0,,"Calle",,"ROSARIO","Rosario","Asfalto","No existe","II","Fuera","Urbana","Ninguna","No existe","Recta","Bueno","Buena","Nocturna","Buen Tiempo","Lateral","S/D","Colisión","Ninguna","Faltante","Ninguna","Sin restricción"
2017,5632,8/19/2017,"Sabado",0,19:25:00,,"0.0",2,"Moto/Ciclomotor,Otros","Cruz Roje Argentina Y 3 de Febrero",2,1,0,0,0,0,1,,"Calle",,"SANTA FE","La Capital","Hormigón","No existe","I","S/D","Urbana","Ninguna","No existe","Intersección","Bueno","Buena","Atardecer,Con luz artificial","Buen Tiempo","Lateral","S/D","Colisión","Ninguna","Horizontal","Ninguna","Sin restricción"
2017,5633,8/21/2017,"Lunes",0,17:40:00,,"0.0",2,"Automóvil,Moto/Ciclomotor","Av Blas Parera 6500",2,0,1,0,1,0,0,,"Avenida",,"SANTA FE","La Capital","Asfalto","No existe","I","S/D","Urbana","Ninguna","No existe","Recta","Bueno","Buena","Diurna","Buen Tiempo","S/D","S/D","Colisión","Ninguna","Vertical","Cordón divisorio","Sin restricción"
2017,5634,8/19/2017,"Sabado",0,21:45:00,,"0.0",2,"Automóvil,Moto/Ciclomotor","Rivadavia Y Eva Peron",2,1,0,0,1,0,0,,"Avenida",,"SANTA FE","La Capital","Asfalto","No existe","I","Dentro","Urbana","Semáforo","Funciona","Intersección","Bueno","Buena","Nocturna,Con luz artificial","Buen Tiempo","Lateral","S/D","Colisión","S/D","Horizontal,Vertical","Ninguna","S/D"
2017,5635,8/7/2017,"Lunes",0,21:00:00,,"0.0",2,"Automóvil,Moto/Ciclomotor","Leumann Y Reg 12 de Infanteria",3,1,0,0,2,0,0,,"S/D",,"SANTA FE","La Capital","Ripio","No existe","I","S/D","Urbana","Ninguna","No existe","Intersección","Deteriorada","Buena","Nocturna","Buen Tiempo","S/D","S/D","Colisión","Ninguna","Faltante","Ninguna","Sin restricción"