"anio_acci","nro_acci","fecha","desc_dia","fecha_aprox","hora_aprox","desc_ruta","km","cant_participantes","desc_participante","calle_avenida_km","total","heridos_leves","heridos_graves","heridos_gravisimos","ilesos","fallecidos","sin_datos","posicion_XY","desc_tipo_via","desc_ruta_ori","desc_loc","desc_dpto","desc_tipo_calzada","desc_tipo_banquina","desc_unidad_regional","desc_lugar_calzada","desc_zona","desc_prioridad","desc_estado_semaforo","desc_lugar_via","desc_estado_via","desc_estado_visibilidad","desc_luminosidad","desc_estado_clima","desc_tipo_colision","desc_tipo_atropello","desc_tipo_hecho","desc_pres_calzada","desc_senializacion","desc_separacion_via","desc_restriccion"
2017,5636,8/25/2017,"Viernes",0,19:30:00,,"0.0",2,"Automóvil,Moto/Ciclomotor","Av Blas Parera Y French",3,2,0,0,1,0,0,,"Avenida",,"SANTA FE","La Capital","Asfalto","No existe","I","S/D","Urbana","Semáforo","Funciona","Recta","Bueno","Reducida","Atardecer","Lluvia","S/D","S/D","Colisión","Agua","Vertical","Cordón divisorio","Sin restricción"
2017,5637,8/11/2017,"Viernes",0,20:45:00,"Ruta Provincial 92","0.0",1,"Automóvil"," ",1,0,0,0,0,1,0,"-33.10766, -61.70194","Ruta",92,"SAN JOSÉ DE LA ESQUINA","Caseros","Asfalto","Natural","IV","Dentro","Rural","Ninguna","No existe","Recta","Bueno","Reducida","Nocturna","Lluvia","Contra objeto fijo","S/D","Colisión","Agua","Horizontal,Vertical","Línea divisoria pintada","Sin restricción"
2017,5638,8/21/2017,"Lunes",0,14:00:00,,"0.0",2,"Moto/Ciclomotor,Moto/Ciclomotor","Av Blas Parera Y French",2,1,0,0,1,0,0,,"Avenida",,"SANTA FE","La Capital","Asfalto","No existe","I","S/D","Urbana","Semáforo","Funciona","Intersección","Bueno","Buena","Diurna","Buen Tiempo","S/D","S/D","Colisión","Ninguna","Vertical","Ninguna","Sin restricción"
2017,5639,8/19/2017,"Sabado",0,20:00:00,,"0.0",2,"Moto/Ciclomotor,Automóvil","Av. San Jose De Calasanz Y Av. Provincias Unidas",3,2,0,0,0,0,1,,"Calle",,"ROSARIO","Rosario","Asfalto","Pavimento","II","Dentro","Urbana","S/D","No existe","Puente","Deteriorada","Reducida","Nocturna","S/D","Frontal","S/D","Colisión","Ninguna","S/D","S/D","S/D"
2017,5640,8/14/2017,"Lunes",0,20:30:00,,"0.0",2,"Automóvil,Moto/Ciclomotor","Casiano Casas 1100",2,1,0,0,1,0,0,,"Calle",,"ROSARIO","Rosario","Asfalto","No existe","II","Dentro","Urbana","S/D","S/D","Recta","S/D","S/D","Nocturna","S/D","S/D","S/D","Colisión","S/D","S/D","S/D","S/D"
2017,5641,8/9/2017,"Miercoles",0,17:30:00,,"0.0",2,"Automóvil,Moto/Ciclomotor","Av. Genova Y Dr.Victor Cue Bis",3,1,0,0,2,0,0,,"Avenida",,"ROSARIO","Rosario","Asfalto","No existe","II","Dentro","Urbana","Semáforo","Funciona","Intersección","Bueno","Buena","Atardecer","Buen Tiempo","Contra objeto fijo","S/D","Colisión","Ninguna","Vertical","Ninguna","Sin restricción"
2017,5642,8/19/2017,"Sabado",0,20:45:00,,"0.0",2,"Automóvil,Bicicleta","9 de Julio Y Eva Peron",2,1,0,0,1,0,0,,"Calle",,"SANTA FE","La Capital","Asfalto","No existe","I","Dentro","Urbana","Ninguna","No existe","Intersección","Bueno","Buena","Nocturna,Con luz artificial","Buen Tiempo","S/D","Ciclista","Atropello","Ninguna","Horizontal","Ninguna","Sin restricción"
2017,5643,8/18/2017,"Viernes",0,9:45:00,,"0.0",2,"Transporte de Pasajeros Urbano (> 8 asientos),Peatón","San Jeronimo Y Juan de Garay",2,1,0,0,1,0,0,,"Calle",,"SANTA FE","La Capital","Asfalto","No existe","I","Dentro","Urbana","Ninguna","No existe","Intersección","Bueno","Buena","Diurna","Buen Tiempo","S/D","Peatón","Atropello","Ninguna","Horizontal","Ninguna","Sin restricción"
2017,5644,8/17/2017,"Jueves",0,7:10:00,,"0.0",2,"Pickup/Utilitario,Moto/Ciclomotor","1ro de Mayo Y Tucuman",2,1,0,0,1,0,0,,"Calle",,"SANTA FE","La Capital","Asfalto","No existe","I","Dentro","Urbana","Ninguna","No existe","Intersección","Bueno","Buena","Diurna","Buen Tiempo","Lateral","S/D","Colisión","Ninguna","Horizontal","Ninguna","Sin restricción"
2017,5645,8/30/2017,"Miercoles",0,19:20:00,,"0.0",3,"Peatón,Peatón,Moto/Ciclomotor","J.J.Paso 5600",4,2,0,0,2,0,0,,"Calle",,"ROSARIO","Rosario","Asfalto","No existe","II","Dentro","Urbana","Ninguna","No existe","Recta","Bueno","Buena","Atardecer","Buen Tiempo","S/D","Peatón","Atropello","Ninguna","Faltante","Cordón divisorio","Sin restricción"
2017,5646,8/18/2017,"Viernes",0,22:25:00,,"0.0",2,"Taxi/Remis,Moto/Ciclomotor","J.J.Paso Y De Angelis Bis",2,1,0,0,1,0,0,,"Avenida",,"ROSARIO","Rosario","Asfalto","No existe","II","S/D","Urbana","Ninguna","No existe","Recta","Bueno","Buena","Nocturna","Buen Tiempo","Frontal","S/D","Colisión","Ninguna","Faltante","Ninguna","Sin restricción"
2017,5647,8/17/2017,"Jueves",0,12:30:00,,"0.0",2,"Camión c / Acoplado,Pickup/Utilitario","Av. Circunvalacion Y J.B.Justo",3,2,0,0,1,0,0,,"Avenida",,"ROSARIO","Rosario","Asfalto","No existe","II","Dentro","Urbana","Ninguna","No existe","Recta","Bueno","Buena","Diurna","Buen Tiempo","De alcance","S/D","Colisión","Agua","Vertical","Barrera de hormigón","Sin restricción"
2017,5648,8/8/2017,"Martes",0,16:00:00,,"0.0",2,"Camión c / Acoplado,Moto/Ciclomotor","J.J.Paso Y Tte.Agneta",2,1,0,0,1,0,0,,"Avenida",,"ROSARIO","Rosario","Asfalto","No existe","II","Dentro","Urbana","Semáforo","Funciona","Recta","Bueno","Buena","Diurna","Buen Tiempo","Contra objeto fijo","S/D","Colisión","Ninguna","Horizontal,Vertical","Cordón divisorio","Sin restricción"
2017,5649,8/5/2017,"Sabado",0,6:15:00,,"0.0",2,"Automóvil,Peatón","Av. Provincias Unidas Y J.J.Paso",2,1,0,0,1,0,0,,"Avenida",,"ROSARIO","Rosario","Asfalto","No existe","II","Dentro","Urbana","Paso Peatonal","No existe","Rotonda","Bueno","Buena","Nocturna","Buen Tiempo","S/D","Peatón","Atropello","Ninguna","Horizontal","Cordón divisorio","Sin restricción"
2017,5650,8/4/2017,"Viernes",0,18:30:00,,"0.0",2,"Automóvil,Moto/Ciclomotor","COLECTORA JUAN PABLO II 1300 ",2,1,0,0,1,0,0,,"Avenida",,"ROSARIO","Rosario","Asfalto","Natural","II","Dentro","Urbana","Ninguna","No existe","Curva","Bueno","Buena","Atardecer","Buen Tiempo","Lateral","S/D","Colisión","Ninguna","Faltante","Ninguna","Sin restricción"
2017,5651,8/15/2017,"Martes",0,16:15:00,,"0.0",2,"Automóvil,Moto/Ciclomotor","J.C.Paz Y Baigorria",2,1,0,0,1,0,0,,"Calle",,"ROSARIO","Rosario","Asfalto","No existe","II","Dentro","Urbana","Ninguna","No existe","Intersección","Bueno","Buena","Diurna","S/D","S/D","S/D","Colisión","Ninguna","Faltante","Ninguna","S/D"
2017,5652,8/20/2017,"Domingo",0,22:00:00,,"0.0",2,"Bicicleta,Moto/Ciclomotor","Herrera Y Warnes",2,1,0,0,1,0,0,,"Calle",,"ROSARIO","Rosario","Asfalto","No existe","II","Dentro","Urbana","S/D","S/D","Intersección","S/D","S/D","Nocturna","S/D","S/D","Ciclista","Atropello","S/D","S/D","S/D","S/D"
2017,5653,8/24/2017,"Jueves",0,17:50:00,,"0.0",2,"Moto/Ciclomotor,Moto/Ciclomotor","Junin Y Aguero",2,1,0,0,1,0,0,,"Calle",,"VENADO TUERTO","General López","Asfalto","No existe","VIII","Dentro","Urbana","S/D","No existe","Intersección","Bueno","Buena","Diurna","Buen Tiempo","S/D","S/D","Colisión","Ninguna","S/D","S/D","S/D"
2017,5654,8/5/2017,"Sabado",0,1:10:00,"Ruta Provincial 90","50.0",2,"Pickup/Utilitario,Peatón"," ",2,1,0,0,1,0,0,,"Ruta",90,"SANTA TERESA","Constitución","Asfalto","Natural","VII","Dentro","Rural","Otra Señal","No existe","Recta","Bueno","Buena","Nocturna","Buen Tiempo","S/D","Peatón","Atropello","Ninguna","Horizontal","Ninguna","Reparación de Vía"
2017,5655,8/11/2017,"Viernes",0,17:00:00,"Ruta Provincial 18","49.0",2,"Camión c / Acoplado,Automóvil"," ",3,2,0,0,1,0,0,,"Ruta",18,"SANTA TERESA","Constitución","Asfalto","Pavimento","VII","Dentro","Rural","Semáforo","Intermitente","Cruce","Bueno,Otro","Buena","Diurna","Buen Tiempo","Lateral","S/D","Colisión","Agua","Horizontal,Vertical","Cordón divisorio,Línea divisoria pintada","Sin restricción"
2017,5656,8/13/2017,"Domingo",0,15:15:00,,"0.0",2,"Bicicleta,Moto/Ciclomotor","Av San Martin Y 9 de Julio",2,1,0,0,1,0,0,,"Avenida",,"EMPALME VILLA CONSTITUCIÓN","Constitución","Hormigón","No existe","VI","Dentro","Urbana","Ninguna","No existe","Intersección","Con baches","Buena","Diurna","Buen Tiempo","S/D","Ciclista","Atropello","Ninguna","Horizontal,Vertical","Ninguna","Sin restricción"
2017,5657,8/18/2017,"Viernes",0,20:00:00,,"0.0",1,"Automóvil"," ",5,2,0,0,3,0,0,,"S/D",,"THEOBALD","Constitución","Asfalto","Natural","VI","S/D","S/D","Ninguna","No existe","Recta","Bueno","Buena","Nocturna","Buen Tiempo","Frontal","S/D","Colisión","Ninguna","Faltante","Ninguna","Sin restricción"
2017,5658,8/5/2017,"Sabado",0,21:00:00,,"0.0",2,"Moto/Ciclomotor,Moto/Ciclomotor","Boulevard Villada Y Formosa",2,1,1,0,0,0,0,,"Calle",,"CASILDA","Caseros","Asfalto,Ripio","Natural","IV","S/D","Urbana","Ninguna","No existe","Intersección","Con baches","Buena","Nocturna","Buen Tiempo","Lateral","S/D","Colisión","Ninguna","Vertical","Cordón divisorio","Sin restricción"
2017,5659,8/22/2017,"Martes",0,14:15:00,"Ruta Provincial 21","0.0",2,"Peatón,Automóvil"," ",2,1,0,0,0,0,1,,"Ruta",21,"VILLA CONSTITUCIÓN","Constitución","Asfalto","Natural","VI","Dentro","Urbana","Ninguna","No existe","Recta","Bueno","Buena","Diurna","Buen Tiempo","S/D","Peatón","Atropello","Ninguna","Horizontal","Ninguna","Sin restricción"
2017,5660,8/8/2017,"Martes",0,15:00:00,,"0.0",2,"Bicicleta,Moto/Ciclomotor","General Jose de San Martin Y San Juan",2,1,0,0,1,0,0,,"S/D",,"CASILDA","Caseros","Asfalto","No existe","IV","S/D","Urbana","Ninguna","No existe","Recta","Bueno","Buena","Diurna","Buen Tiempo","S/D","Ciclista","Atropello","Ninguna","Vertical","Cordón divisorio","Sin restricción"
2017,5661,8/3/2017,"Jueves",0,0:40:00,,"0.0",2,"Moto/Ciclomotor,Automóvil","Viamonte Y F.More",2,1,0,0,0,0,1,,"Calle",,"ROSARIO","Rosario","S/D","No existe","II","Dentro","Urbana","Ninguna","No existe","Intersección","Bueno","Buena","Amanecer","Otro","S/D","S/D","Colisión","Ninguna","Faltante","Ninguna","Sin restricción"
2017,5662,8/8/2017,"Martes",0,18:00:00,,"0.0",2,"Bicicleta,Automóvil","Buenos Aires Y Presidente Bernardino Rivadavi",2,1,0,0,1,0,0,,"S/D",,"CASILDA","Caseros","Asfalto","No existe","IV","S/D","Urbana","Ninguna","No existe","Intersección","Bueno","Buena","Diurna","Buen Tiempo","S/D","Ciclista","Atropello","Ninguna","Vertical","Cordón divisorio","Sin restricción"
2017,5663,8/19/2017,"Sabado",0,,,"0.0",2,"Automóvil,Automóvil","1 de Mayo Y  General Martin Miguel de Guem",2,1,0,0,1,0,0,,"Calle",,"CASILDA","Caseros","Asfalto","No existe","IV","S/D","Urbana","Ninguna","No existe","Intersección","Bueno","Buena","Diurna","Buen Tiempo","Lateral","S/D","Colisión","Ninguna","Vertical","Cordón divisorio","Sin restricción"
2017,5664,8/5/2017,"Sabado",0,20:50:00,,"0.0",2,"Moto/Ciclomotor,Pickup/Utilitario","Pje. Lejarza Y Matienzo",6,3,0,0,3,0,0,,"Calle",,"ROSARIO","Rosario","Asfalto","No existe","II","Dentro","Urbana","Ninguna","No existe","Intersección","Otro","Reducida","Nocturna","Otro","Lateral","S/D","Colisión","Ninguna","Faltante","Ninguna","Sin restricción"
2017,5665,8/20/2017,"Domingo",0,18:30:00,,"0.0",2,"Pickup/Utilitario,Moto/Ciclomotor","Buenos Aires Y Washington",3,1,0,0,2,0,0,,"Calle",,"CASILDA","Caseros","Asfalto","No existe","IV","S/D","Urbana","Ninguna","No existe","Intersección","Bueno","Buena","Diurna","Buen Tiempo","Lateral","S/D","Colisión","Ninguna","Vertical","Ninguna","Sin restricción"
2017,5666,8/1/2017,"Martes",0,14:40:00,,"0.0",2,"Moto/Ciclomotor,Automóvil","Herrera Y Godoy Cruz",2,1,0,0,1,0,0,,"Calle",,"ROSARIO","Rosario","Asfalto","No existe","II","Dentro","Urbana","Ninguna","No existe","Intersección","Bueno","Buena","Diurna","Otro","Lateral","S/D","Colisión","Ninguna","Faltante","Ninguna","Sin restricción"
2017,5667,8/23/2017,"Miercoles",0,,,"0.0",2,"Automóvil,Moto/Ciclomotor","Buenos Aires Y Chile",2,1,0,0,1,0,0,,"Calle",,"CASILDA","Caseros","Asfalto","No existe","IV","S/D","Urbana","Marca Vial","No existe","Intersección","Bueno","Buena","Nocturna","Buen Tiempo","Lateral","S/D","Colisión","Ninguna","Horizontal","Barrera de hormigón","Sin restricción"
2017,5668,8/29/2017,"Martes",0,18:20:00,,"0.0",2,"Automóvil,Automóvil","TENIENTE AGNETA Y JEAN JAURES",3,2,0,0,1,0,0,,"Calle",,"ROSARIO","Rosario","Asfalto","No existe","II","Dentro","Urbana","Ninguna","No existe","Intersección","Otro","Reducida","Atardecer","Otro","Lateral","S/D","Colisión","Ninguna","Faltante","Ninguna","Sin restricción"
2017,5669,8/22/2017,"Martes",0,13:00:00,,"0.0",2,"Automóvil,Moto/Ciclomotor","Boulevard Lisandro de la Torre Y Presidente Bernardino Rivadavi",2,1,0,0,1,0,0,,"Calle",,"CASILDA","Caseros","Asfalto","No existe","IV","S/D","Urbana","Marca Vial","No existe","Intersección","Bueno","Buena","Diurna","Buen Tiempo","Lateral","S/D","Colisión","Ninguna","Vertical","Cordón divisorio","Sin restricción"
2017,5670,8/23/2017,"Miercoles",0,23:30:00,,"0.0",2,"Automóvil,Automóvil","Av. Circunvalacion Y Godoy Cruz",3,1,0,0,2,0,0,,"Avenida",,"ROSARIO","Rosario","Asfalto","Pavimento","II","S/D","S/D","Ninguna","S/D","Recta","Bueno","S/D","Nocturna","Buen Tiempo","S/D","S/D","Colisión","Ninguna","Horizontal","Barrera de hormigón","Sin restricción"
2017,5671,8/5/2017,"Sabado",0,20:00:00,,"0.0",2,"Automóvil,Pickup/Utilitario","Av. Provincias Unidas Y Viamonte",4,2,0,0,2,0,0,,"Avenida",,"ROSARIO","Rosario","Asfalto","Pavimento","II","Dentro","Urbana","Ninguna","No existe","Intersección","Bueno","Reducida p/ objetos","Nocturna","Buen Tiempo","Frontal","S/D","Colisión","Ninguna","Faltante","Barrera de hormigón","Sin restricción"
2017,5672,8/14/2017,"Lunes",0,6:15:00,,"0.0",2,"Automóvil,Moto/Ciclomotor","Bv. 27 De Febrero Y Av. Circunvalacion",2,1,0,0,1,0,0,,"Avenida",,"ROSARIO","Rosario","Asfalto","Natural","II","S/D","Urbana","Semáforo","Funciona","Recta","Otro","Reducida p/ objetos","Nocturna","Buen Tiempo","Frontal","S/D","Colisión","S/D","Vertical","Cordón divisorio","Obra en Construcción"
2017,5673,7/31/2017,"Lunes",0,5:50:00,,"0.0",2,"Automóvil,Moto/Ciclomotor","Av. Circunvalacion Y Godoy Cruz",3,1,0,0,2,0,0,,"Avenida",,"ROSARIO","Rosario","Asfalto","Pavimento","II","S/D","Urbana","Semáforo","Funciona","Recta","Bueno","S/D","Nocturna","Buen Tiempo","Frontal","S/D","Colisión","Ninguna","Vertical","Barrera de hormigón","Sin restricción"
2017,5674,8/2/2017,"Miercoles",0,17:35:00,,"0.0",2,"Camión Chasis,Moto/Ciclomotor","Bv. 27 De Febrero Y Av. Provincias Unidas",3,1,0,0,2,0,0,,"Avenida",,"ROSARIO","Rosario","Asfalto","S/D","II","Dentro","Urbana","Semáforo","Funciona","Intersección","Otro","S/D","Diurna","Buen Tiempo","Lateral","S/D","Colisión","Material Suelto","Vertical","Barrera de hormigón","Reparación de Vía"
2017,5675,8/10/2017,"Jueves",0,18:40:00,,"0.0",2,"Automóvil,Moto/Ciclomotor","Ecuador Y Pje. Volta",4,2,0,0,2,0,0,,"Calle",,"ROSARIO","Rosario","Asfalto","No existe","II","S/D","Urbana","Ninguna","No existe","Intersección","Con baches","Buena","Nocturna","Buen Tiempo","S/D","S/D","Colisión","Ninguna","Faltante","Ninguna","Sin restricción"
2017,5676,8/18/2017,"Viernes",0,13:55:00,,"0.0",2,"Pickup/Utilitario,Pickup/Utilitario","Av. Circunvalacion Y Av. Uriburu",3,1,0,0,2,0,0,,"Avenida",,"ROSARIO","Rosario","Asfalto","Pavimento","II","S/D","Urbana","Ninguna","No existe","Intersección","S/D","Buena","Diurna","Buen Tiempo","Frontal","S/D","Colisión","Ninguna","Faltante","Guardarrail","Sin restricción"
2017,5677,8/18/2017,"Viernes",0,7:26:00,"Ruta Provincial 21","0.0",2,"Moto/Ciclomotor,Automóvil"," ",4,2,0,0,0,0,2,,"Ruta",21,"VILLA CONSTITUCIÓN","Constitución","Asfalto","Natural","VI","Dentro","Urbana","Ninguna","No existe","Recta","Bueno","Buena","Diurna","Buen Tiempo","Frontal","S/D","Colisión","Ninguna","S/D","Ninguna","Sin restricción"
2017,5678,8/15/2017,"Martes",0,,,"0.0",2,"Moto/Ciclomotor,Moto/Ciclomotor","Av. Eva Peron Y Solis",2,0,1,0,0,0,1,,"Avenida",,"ROSARIO","Rosario","Asfalto","No existe","II","Dentro","Urbana","Semáforo","Funciona","Intersección","S/D","S/D","Diurna","S/D","Frontal","S/D","Colisión","S/D","Vertical","Ninguna","Sin restricción"
2017,5679,8/10/2017,"Jueves",0,,,"0.0",2,"Moto/Ciclomotor,Automóvil","Mendoza Y Camilo Aldao",2,1,0,0,1,0,0,,"Calle",,"ROSARIO","Rosario","Asfalto","No existe","II","Dentro","Urbana","Ninguna","Funciona","Recta","Bueno","S/D","S/D","S/D","De alcance","S/D","Colisión","S/D","Vertical","Ninguna","Sin restricción"
2017,5680,8/5/2017,"Sabado",0,22:15:00,,"0.0",2,"Moto/Ciclomotor,Automóvil","Matienzo 1500",2,1,0,0,0,0,1,,"Calle",,"ROSARIO","Rosario","Asfalto","No existe","II","Dentro","Urbana","Ninguna","S/D","Recta","S/D","S/D","S/D","S/D","De alcance","S/D","Colisión","S/D","S/D","Ninguna","Sin restricción"
2017,5681,8/30/2017,"Miercoles",0,,,"0.0",2,"Moto/Ciclomotor,Automóvil","Mendoza Y Bolivia",2,1,0,0,1,0,0,,"Calle",,"ROSARIO","Rosario","Asfalto","No existe","II","Dentro","Urbana","Semáforo","Funciona","Intersección","Bueno","S/D","S/D","S/D","S/D","S/D","Colisión","S/D","Vertical","S/D","S/D"
2017,5682,8/9/2017,"Miercoles",0,,,"0.0",2,"Automóvil,Moto/Ciclomotor","Gorriti Y Nicaragua",2,1,0,0,1,0,0,,"Calle",,"ROSARIO","Rosario","Asfalto","No existe","II","S/D","Urbana","Ninguna","No existe","Intersección","Bueno","Buena","Diurna","Buen Tiempo","Lateral","S/D","Colisión","Ninguna","Faltante","Ninguna","Sin restricción"
2017,5683,8/2/2017,"Miercoles",0,13:15:00,,"0.0",2,"Automóvil,Moto/Ciclomotor","Gutenberg Y Pasco",2,1,0,0,1,0,0,,"Calle",,"ROSARIO","Rosario","Asfalto","No existe","II","Dentro","Urbana","Ninguna","No existe","Intersección","Bueno","Buena","Diurna","Buen Tiempo","Lateral","S/D","Colisión","Ninguna","Faltante","Ninguna","Sin restricción"
2017,5684,8/14/2017,"Lunes",0,,,"0.0",2,"Automóvil,Moto/Ciclomotor","Av. Eva Peron Y Av. Circunvalacion",2,1,0,0,1,0,0,,"Avenida",,"ROSARIO","Rosario","Asfalto","No existe","II","Dentro","Urbana","Semáforo","Funciona","Intersección","Bueno","Buena","Diurna","Buen Tiempo","Lateral","S/D","Colisión","Agua","Vertical","Cordón divisorio","Sin restricción"
2017,5685,8/24/2017,"Jueves",0,16:10:00,,"0.0",2,"Moto/Ciclomotor,Automóvil","Bv. Avellaneda Y La Paz",2,1,0,0,1,0,0,,"Avenida",,"ROSARIO","Rosario","Asfalto","No existe","II","Dentro","Urbana","Ninguna","No existe","Intersección","Bueno","Buena","Diurna","Buen Tiempo","Lateral","S/D","Colisión","Ninguna","Faltante","Ninguna","Sin restricción"
2017,5686,8/19/2017,"Sabado",0,,,"0.0",2,"Bicicleta,Pickup/Utilitario","Av. Eva Peron Y Av. Circunvalacion",2,2,0,0,0,0,0,,"Avenida",,"ROSARIO","Rosario","Asfalto","No existe","II","S/D","Urbana","Semáforo","Funciona","Recta","Bueno","Buena","Diurna","Buen Tiempo","S/D","Ciclista","Atropello","Agua","Horizontal,Vertical","Barrera de alto impacto","Sin restricción"
2017,5687,8/8/2017,"Martes",0,11:00:00,,"0.0",2,"Automóvil,Moto/Ciclomotor","Ituzaingo Y San Nicolas",2,1,0,0,1,0,0,,"Calle",,"ROSARIO","Rosario","Asfalto","No existe","II","S/D","Urbana","Ninguna","No existe","Intersección","Bueno","Buena","Diurna","Buen Tiempo","S/D","S/D","Colisión","S/D","Faltante","Ninguna","Sin restricción"
2017,5688,8/17/2017,"Jueves",0,,,"0.0",2,"Automóvil,Automóvil","Ambrosetti Y J.J.Paso",2,1,0,0,1,0,0,,"Avenida",,"ROSARIO","Rosario","Asfalto","Pavimento","II","S/D","Urbana","Semáforo","Funciona","Recta","Bueno","Buena","S/D","Otro","Lateral","S/D","Colisión","Otro","Horizontal,Vertical","Ninguna","Sin restricción"
2017,5689,8/21/2017,"Lunes",0,3:30:00,,"0.0",2,"Moto/Ciclomotor,Automóvil","Gorriti Y Magallanes",2,1,0,0,1,0,0,,"Calle",,"ROSARIO","Rosario","Asfalto","No existe","II","S/D","Urbana","Ninguna","No existe","Intersección","S/D","S/D","Nocturna","Buen Tiempo","Lateral","S/D","Colisión","S/D","Faltante","Ninguna","S/D"
2017,5690,8/9/2017,"Miercoles",0,16:53:00,,"0.0",2,"Taxi/Remis,Automóvil","Bv. Avellaneda Y Galvez",2,1,0,0,1,0,0,,"Avenida",,"ROSARIO","Rosario","Asfalto","S/D","II","Dentro","Urbana","Ninguna","No existe","Recta","Bueno","Buena","Diurna","Buen Tiempo","S/D","S/D","Colisión","Ninguna","Faltante","Cordón divisorio","Sin restricción"
2017,5691,8/23/2017,"Miercoles",0,14:00:00,,"0.0",2,"Peatón,Automóvil","Matienzo Y Campichuelo",2,1,0,0,1,0,0,,"Calle",,"ROSARIO","Rosario","Asfalto","No existe","II","S/D","Urbana","S/D","No existe","Intersección","Bueno","S/D","Diurna","Buen Tiempo","S/D","Peatón","Atropello","Ninguna","Faltante","Ninguna","S/D"
2017,5692,8/7/2017,"Lunes",0,14:50:00,,"0.0",2,"Automóvil,Moto/Ciclomotor","Chacabuco Y San Lorenzo",2,1,0,0,1,0,0,,"Calle",,"IBARLUCEA","Rosario","Tierra","No existe","II","Dentro","Urbana","Ninguna","No existe","Intersección","Bueno","Buena","Diurna","Buen Tiempo","Lateral","S/D","Colisión","Ninguna","Faltante","Ninguna","Sin restricción"
2017,5693,8/30/2017,"Miercoles",0,20:00:00,,"0.0",2,"Automóvil,Moto/Ciclomotor","Peru Y Velez Sarsfield",2,1,0,0,1,0,0,,"Calle",,"ROSARIO","Rosario","Asfalto","No existe","II","S/D","S/D","S/D","No existe","Intersección","S/D","S/D","Nocturna","S/D","Otro","S/D","Colisión","S/D","Faltante","Ninguna","S/D"
2017,5694,8/6/2017,"Domingo",0,13:00:00,,"0.0",2,"Moto/Ciclomotor,Automóvil","Polledo Y Calle 1333",3,1,0,0,2,0,0,,"Calle",,"ROSARIO","Rosario","Asfalto","No existe","II","Dentro","Urbana","Ninguna","No existe","Intersección","Bueno","Buena","Diurna","Buen Tiempo","Lateral","S/D","Colisión","Ninguna","Faltante","Ninguna","Sin restricción"
2017,5695,8/17/2017,"Jueves",0,9:30:00,,"0.0",2,"Moto/Ciclomotor,Automóvil","Camilo Aldao Y J.J.Paso",2,1,0,0,0,0,1,,"Calle",,"ROSARIO","Rosario","Asfalto","No existe","II","S/D","Urbana","S/D","No existe","Intersección","Bueno","S/D","Diurna","S/D","Lateral","S/D","Colisión","S/D","Faltante","Ninguna","S/D"
2017,5696,8/4/2017,"Viernes",0,20:20:00,,"0.0",4,"Automóvil,Automóvil,Automóvil,Pickup/Utilitario","Av. Circunvalacion Y Mendoza",5,2,0,0,3,0,0,,"Calle",,"ROSARIO","Rosario","Asfalto","No existe","II","S/D","Urbana","Semáforo","S/D","S/D","S/D","S/D","Nocturna","S/D","Múltiple","S/D","Colisión","S/D","Horizontal,Vertical","Cordón divisorio","S/D"
2017,5697,8/6/2017,"Domingo",0,17:00:00,,"0.0",3,"Automóvil,Automóvil,Automóvil","Av. Circunvalacion Y Baigorria",7,5,0,0,2,0,0,,"Calle",,"ROSARIO","Rosario","Asfalto","Pavimento","II","Dentro","Urbana","Ninguna","No existe","Recta","Bueno","Buena","Diurna","Buen Tiempo","Otro","S/D","Colisión","Ninguna","Faltante","Línea divisoria pintada","Reparación de Vía"
2017,5698,8/12/2017,"Sabado",0,21:00:00,,"0.0",2,"Moto/Ciclomotor,Pickup/Utilitario","Derqui Y Donado",2,1,0,0,1,0,0,,"Calle",,"ROSARIO","Rosario","Asfalto","No existe","II","S/D","Urbana","Otra Señal","No existe","S/D","S/D","S/D","Nocturna","S/D","S/D","S/D","Colisión","S/D","Vertical","Ninguna","S/D"
2017,5699,8/29/2017,"Martes",0,7:35:00,"Ruta Nacional 11","604.0",2,"Pickup/Utilitario,Camión c / Acoplado"," ",5,0,3,0,1,1,0,"-30.4948683,-60.4455941","Ruta",11,"SILVA","San Justo","Asfalto","Natural","XVI","Dentro","Rural","Ninguna","No existe","Recta","Bueno","Buena","Amanecer","Buen Tiempo","Frontal","S/D","Colisión","Ninguna","Horizontal","Ninguna","Sin restricción"
2017,5700,8/14/2017,"Lunes",0,,,"0.0",2,"Moto/Ciclomotor,Automóvil","Av. Jorge Newbery 9100",2,1,0,0,1,0,0,,"Avenida",,"ROSARIO","Rosario","Asfalto","Pavimento","II","Dentro","Urbana","Ninguna","No existe","Recta","Bueno","S/D","S/D","Buen Tiempo","Lateral","S/D","Colisión","Ninguna","S/D","Línea divisoria pintada","S/D"
2017,5701,8/13/2017,"Domingo",0,11:15:00,,"0.0",2,"Moto/Ciclomotor,Automóvil","Padre R. Giaccone Y Pte.Roca",2,1,0,0,1,0,0,,"Calle",,"ROSARIO","Rosario","Asfalto","No existe","II","Dentro","Urbana","Ninguna","No existe","Intersección","Bueno","Buena","Diurna","Otro","Otro","S/D","Colisión","Ninguna","Horizontal","Ninguna","Sin restricción"