"anio_acci","nro_acci","fecha","desc_dia","fecha_aprox","hora_aprox","desc_ruta","km","cant_participantes","desc_participante","calle_avenida_km","total","heridos_leves","heridos_graves","heridos_gravisimos","ilesos","fallecidos","sin_datos","posicion_XY","desc_tipo_via","desc_ruta_ori","desc_loc","desc_dpto","desc_tipo_calzada","desc_tipo_banquina","desc_unidad_regional","desc_lugar_calzada","desc_zona","desc_prioridad","desc_estado_semaforo","desc_lugar_via","desc_estado_via","desc_estado_visibilidad","desc_luminosidad","desc_estado_clima","desc_tipo_colision","desc_tipo_atropello","desc_tipo_hecho","desc_pres_calzada","desc_senializacion","desc_separacion_via","desc_restriccion"
2017,5702,8/1/2017,"Martes",0,17:45:00,,"0.0",2,"Automóvil,Automóvil","Av. Battle y Ordoñez Y Laprida",2,1,0,0,1,0,0,,"Avenida",,"ROSARIO","Rosario","Asfalto","No existe","II","S/D","Urbana","Semáforo","Funciona","Recta","Bueno","Buena","Atardecer","Buen Tiempo","Frontal","S/D","Colisión","Ninguna","Vertical","S/D","Sin restricción"
2017,5703,8/27/2017,"Domingo",0,7:00:00,"Ruta Provincial 1","8.5",2,"Moto/Ciclomotor,Automóvil"," ",2,1,0,0,0,1,0,"-31.588473, -60.561798","Ruta",1,"RINCÓN POTRERO","La Capital","Asfalto","Natural","I","Dentro","Rural","Ninguna","No existe","Recta","Bueno","Reducida","Amanecer","Buen Tiempo","Lateral","S/D","Colisión","Ninguna","Faltante","Línea divisoria pintada","Sin restricción"
2017,5704,8/2/2017,"Miercoles",0,6:40:00,,"0.0",2,"Moto/Ciclomotor,Automóvil","Melincue Y Rueda Bis",2,1,0,0,0,0,1,,"Calle",,"ROSARIO","Rosario","Asfalto","No existe","II","Dentro","Urbana","Ninguna","No existe","Recta","Bueno","Reducida","Amanecer","Otro","Lateral","S/D","Colisión","Ninguna","Horizontal","Ninguna","Sin restricción"
2017,5705,8/13/2017,"Domingo",0,14:00:00,,"0.0",2,"Bicicleta,Automóvil","San Martin Y Av. Battle y Ordoñez",2,1,0,0,1,0,0,,"Avenida",,"ROSARIO","Rosario","Hormigón","No existe","II","S/D","Urbana","Semáforo","Funciona","Rotonda","Bueno","Buena","Diurna","Buen Tiempo","S/D","Ciclista","Atropello","Ninguna","Vertical","Cordón divisorio","Sin restricción"
2017,5706,8/2/2017,"Miercoles",0,21:35:00,,"0.0",2,"Automóvil,Moto/Ciclomotor","Av. Battle y Ordoñez Y San Martin",2,1,0,0,1,0,0,,"Avenida",,"ROSARIO","Rosario","Asfalto","No existe","II","Dentro","Urbana","Ninguna","Funciona","Intersección","Bueno","Buena","Nocturna","Buen Tiempo","De alcance","S/D","Colisión","Ninguna","Vertical","Ninguna","Sin restricción"
2017,5707,8/19/2017,"Sabado",0,17:25:00,,"0.0",2,"Automóvil,Moto/Ciclomotor","Buenos Aires Y Rui Barbosa",2,1,0,0,1,0,0,,"Calle",,"ROSARIO","Rosario","Asfalto","No existe","II","S/D","Urbana","Ninguna","No existe","Recta","Bueno","Buena","Diurna","Buen Tiempo","S/D","S/D","Colisión","Ninguna","Faltante","Ninguna","S/D"
2017,5708,8/15/2017,"Martes",0,,,"0.0",2,"Moto/Ciclomotor,Automóvil","Av. Jorge Newbery Y Garcia del Cossio Bis",2,1,0,0,1,0,0,,"Calle",,"ROSARIO","Rosario","Asfalto","Pavimento","II","Dentro","Urbana","Ninguna","No existe","Intersección","Bueno","Buena","S/D","Buen Tiempo","Lateral","S/D","Colisión","Ninguna","S/D","Línea divisoria pintada","Sin restricción"
2017,5709,8/5/2017,"Sabado",0,23:00:00,,"0.0",2,"Moto/Ciclomotor,Automóvil","Av. Ovidio Lagos Y Av. Arijon",2,1,0,0,0,0,1,,"Avenida",,"ROSARIO","Rosario","Asfalto","No existe","II","Dentro","Urbana","Ninguna","No funciona","Intersección","Bueno","Buena","Nocturna","Buen Tiempo","Lateral","S/D","Colisión","Ninguna","Horizontal","Cordón divisorio","Sin restricción"
2017,5710,8/26/2017,"Sabado",0,7:15:00,"Ruta Nacional 33","763.0",2,"Camión c / Acoplado,Automóvil"," ",4,1,1,0,1,1,0,"-33.0178527,-60.9545196","Ruta",33,"PUJATO","San Lorenzo","Asfalto","Natural","XVII","Dentro","Rural","Ninguna","No existe","Recta","Bueno","Buena","Amanecer","Lluvia","Frontal","S/D","Colisión","Agua","S/D","Línea divisoria pintada","Sin restricción"
2017,5711,8/9/2017,"Miercoles",0,18:50:00,,"0.0",2,"Peatón,Automóvil","Av. Ovidio Lagos Y Av. Circunvalacion",2,1,0,0,1,0,0,,"Avenida",,"ROSARIO","Rosario","Asfalto","Natural","II","Dentro","Urbana","Semáforo","Funciona","Curva","Bueno","Buena","Diurna","Buen Tiempo","S/D","Peatón","Atropello","S/D","Vertical","Cordón divisorio","Sin restricción"
2017,5712,8/27/2017,"Domingo",0,5:45:00,,"0.0",2,"Automóvil,Moto/Ciclomotor","Av. Battle y Ordoñez Y Melincue",3,1,1,0,1,0,0,,"Calle",,"ROSARIO","Rosario","Asfalto","No existe","II","S/D","Urbana","Ninguna","No existe","Intersección","Bueno","Reducida","Amanecer","Buen Tiempo","De alcance","S/D","Colisión","Ninguna","Horizontal","Ninguna","Sin restricción"
2017,5713,8/21/2017,"Lunes",0,11:00:00,,"0.0",2,"Pickup/Utilitario,Automóvil","Laprida Y La Paz",2,1,0,0,1,0,0,,"Calle",,"ROSARIO","Rosario","Asfalto","No existe","II","Dentro","Urbana","Ninguna","No existe","Intersección","Bueno","Buena","Diurna","Buen Tiempo","De alcance","S/D","Colisión","Ninguna","Faltante","Línea divisoria pintada","Sin restricción"
2017,5714,8/16/2017,"Miercoles",0,10:00:00,,"0.0",2,"Automóvil,Automóvil","Salvat 2700",6,5,0,0,1,0,0,,"Calle",,"ROSARIO","Rosario","Asfalto","No existe","II","Dentro","Urbana","S/D","No existe","Recta","Bueno","Buena","Diurna","Buen Tiempo","Lateral","S/D","Colisión","Ninguna","S/D","Ninguna","Sin restricción"
2017,5715,8/2/2017,"Miercoles",0,21:10:00,,"0.0",2,"Moto/Ciclomotor,Automóvil","Ayala Gauna Y Tarragona",2,1,0,0,1,0,0,,"Calle",,"ROSARIO","Rosario","Asfalto","No existe","II","S/D","Urbana","S/D","No existe","Intersección","S/D","S/D","Nocturna","S/D","S/D","S/D","Colisión","S/D","Faltante","Ninguna","S/D"
2017,5716,8/26/2017,"Sabado",0,8:15:00,,"0.0",1,"Automóvil","España Y H. Brandoni",2,1,1,0,0,0,0,,"Calle",,"ROSARIO","Rosario","Asfalto","No existe","II","S/D","Urbana","Ninguna","No existe","Recta","Bueno","Buena","Diurna","Buen Tiempo","S/D","S/D","Despiste","Ninguna","Faltante","Ninguna","Sin restricción"
2017,5717,8/25/2017,"Viernes",0,6:45:00,"Ruta Nacional 34","196.0",2,"Automóvil,Camión c / Acoplado"," ",3,1,1,0,0,1,0,"-31.469610, -61.527653","Ruta",34,"ANGÉLICA","Castellanos","Asfalto","Natural","V","Dentro","Rural","Ninguna","No existe","Recta","Bueno","Buena","Amanecer","S/D","Lateral","S/D","Colisión","Ninguna","Horizontal","Línea divisoria pintada","Sin restricción"
2017,5718,8/6/2017,"Domingo",0,9:00:00,,"0.0",2,"Pickup/Utilitario,Camión","Av. Arijon Y Mariano Moreno",2,1,0,0,1,0,0,,"Calle",,"ROSARIO","Rosario","Asfalto","No existe","II","Dentro","Urbana","Semáforo","Funciona","Intersección","Bueno","Buena","Diurna","Buen Tiempo","Lateral","S/D","Colisión","Ninguna","Vertical","Cordón divisorio","Sin restricción"
2017,5719,8/3/2017,"Jueves",0,17:10:00,,"0.0",2,"Moto/Ciclomotor,Automóvil","Bv. Wilde Y Av. Jorge Newbery",2,1,0,0,1,0,0,,"Avenida",,"ROSARIO","Rosario","Asfalto","Natural","I","S/D","Urbana","Señal Pare","No existe","S/D","S/D","S/D","Diurna","S/D","S/D","S/D","Colisión","S/D","Vertical","Ninguna","S/D"
2017,5720,8/7/2017,"Lunes",0,11:45:00,,"0.0",2,"Moto/Ciclomotor,Pickup/Utilitario","Av. Ntra.Sra.del Rosario Y Rodriguez",2,1,0,0,1,0,0,,"Avenida",,"ROSARIO","Rosario","Asfalto","No existe","II","Dentro","Urbana","Ninguna","No existe","Intersección","Bueno","Buena","Diurna","Buen Tiempo","Lateral","S/D","Colisión","Ninguna","Faltante","Ninguna","Sin restricción"
2017,5721,8/11/2017,"Viernes",0,14:00:00,,"0.0",2,"Automóvil,Vehículo Oficial","Av. Jorge Newbery Y Tarragona",4,2,0,0,2,0,0,,"Calle",,"ROSARIO","Rosario","Asfalto","Natural","II","S/D","Urbana","S/D","No existe","Intersección","S/D","S/D","Diurna","S/D","S/D","S/D","Colisión","Agua","Faltante","Ninguna","S/D"
2017,5722,8/17/2017,"Jueves",0,22:00:00,,"0.0",2,"Moto/Ciclomotor,Taxi/Remis","Bv. Segui Y Alsina",3,0,1,0,1,1,0,"-32.972150, -60.684650","Calle",,"ROSARIO","Rosario","Asfalto","No existe","II","Dentro","Urbana","Semáforo","Funciona","Recta","Bueno","Buena","Nocturna","Buen Tiempo","S/D","S/D","Colisión","Ninguna","Vertical","Cordón divisorio","Sin restricción"
2017,5723,8/5/2017,"Sabado",0,13:55:00,,"0.0",2,"Peatón,Moto/Ciclomotor","Mariano Moreno Y Khantuta",2,2,0,0,0,0,0,,"Calle",,"ROSARIO","Rosario","Asfalto","No existe","II","Dentro","Urbana","Ninguna","No existe","Recta","Bueno","Buena","Diurna","Buen Tiempo","S/D","Peatón","Atropello","Ninguna","Faltante","Ninguna","Sin restricción"
2017,5724,8/12/2017,"Sabado",0,19:30:00,,"0.0",2,"Moto/Ciclomotor,Automóvil","Donado Y Av. Jorge Newbery",2,1,0,0,1,0,0,,"Calle",,"ROSARIO","Rosario","Asfalto","Natural","II","S/D","Urbana","S/D","No existe","Intersección","S/D","S/D","Atardecer","S/D","S/D","S/D","Colisión","S/D","Faltante","Ninguna","S/D"
2017,5725,8/25/2017,"Viernes",0,13:00:00,,"0.0",2,"Automóvil,Moto/Ciclomotor","J C Orsetti Y Gral Manuel Belgrano",2,1,0,0,1,0,0,,"Calle",,"GRANADERO BAIGORRIA","Rosario","Asfalto","Pavimento","II","Dentro","Urbana","Señal Ceda el Paso","No existe","Intersección","Bueno","Buena","Diurna","Buen Tiempo","Otro","S/D","Colisión","Ninguna","Vertical","Barrera de hormigón","Sin restricción"
2017,5726,8/3/2017,"Jueves",0,17:30:00,,"0.0",2,"Automóvil,Moto/Ciclomotor","Bv. Segui Y G.Carrasco",2,1,0,0,1,0,0,,"Avenida",,"ROSARIO","Rosario","Asfalto","No existe","II","S/D","Urbana","Ninguna","No existe","Intersección","Bueno","Buena","Nocturna,Con luz artificial","Buen Tiempo","Lateral","S/D","Colisión","Ninguna","Faltante","Cordón divisorio","Sin restricción"
2017,5727,8/18/2017,"Viernes",0,8:10:00,,"0.0",2,"Moto/Ciclomotor,Pickup/Utilitario","Bv. Wilde Y Av. Jorge Newbery",2,1,0,0,1,0,0,,"Avenida",,"ROSARIO","Rosario","Asfalto","Natural","II","S/D","Urbana","Señal Pare","No existe","S/D","S/D","S/D","Amanecer","S/D","S/D","S/D","Colisión","S/D","Vertical","Ninguna","S/D"
2017,5728,8/22/2017,"Martes",0,20:00:00,,"0.0",2,"Transporte de Pasajeros Urbano (> 8 asientos),Moto/Ciclomotor","Dr.Rivas Y Vera Mujica",2,1,0,0,1,0,0,,"Calle",,"ROSARIO","Rosario","Asfalto","Natural","II","Dentro","Urbana","Ninguna","No existe","Intersección","Bueno","Buena","Nocturna","Buen Tiempo","Lateral","S/D","Colisión","Ninguna","S/D","Ninguna","Sin restricción"
2017,5729,8/31/2017,"Jueves",0,13:00:00,,"0.0",2,"Moto/Ciclomotor,Bicicleta","Republica de Irak Y Ongamira",2,1,1,0,0,0,0,,"Calle",,"ROSARIO","Rosario","Asfalto","No existe","II","Dentro","Urbana","Ninguna","No existe","Intersección","Bueno","Buena","Diurna","Buen Tiempo","S/D","Ciclista","Atropello","Ninguna","Faltante","Ninguna","Sin restricción"
2017,5730,8/17/2017,"Jueves",0,16:40:00,,"0.0",2,"Automóvil,Taxi/Remis","Av. Francia Y Dr.Rivas",2,2,0,0,0,0,0,,"Avenida",,"ROSARIO","Rosario","Asfalto","S/D","II","S/D","Urbana","Ninguna","No existe","Intersección","Bueno","Buena","Diurna","Buen Tiempo","Frontal","S/D","Colisión","Ninguna","Vertical","Cordón divisorio","Sin restricción"
2017,5731,8/18/2017,"Viernes",0,8:40:00,,"0.0",2,"Automóvil,Transporte de Pasajeros Urbano (> 8 asientos)","Schweitzer Y Donado",8,6,0,0,2,0,0,,"S/D",,"ROSARIO","Rosario","Asfalto","No existe","II","S/D","Urbana","S/D","No existe","Intersección","S/D","S/D","Diurna","S/D","S/D","S/D","Colisión","S/D","Faltante","Ninguna","S/D"
2017,5732,8/2/2017,"Miercoles",0,17:30:00,,"0.0",2,"Automóvil,Automóvil","Dr.Rivas Y Crespo",5,3,0,0,2,0,0,,"Calle",,"ROSARIO","Rosario","Asfalto","No existe","II","S/D","Urbana","Ninguna","No existe","Intersección","Bueno","Buena","Diurna","Buen Tiempo","Lateral","S/D","Colisión","Ninguna","Faltante","Ninguna","Sin restricción"
2017,5733,8/31/2017,"Jueves",0,,,"0.0",2,"Moto/Ciclomotor,Pickup/Utilitario","Superi Y Union",3,2,0,0,1,0,0,,"Calle",,"ROSARIO","Rosario","Asfalto","No existe","II","Dentro","Urbana","Ninguna","No existe","Intersección","Bueno","Buena","Diurna","Buen Tiempo","Lateral","S/D","Colisión","Ninguna","S/D","Ninguna","Sin restricción"
2017,5734,8/23/2017,"Miercoles",0,20:30:00,"Ruta Provincial 80","0.0",1,"Camión c / Semirremolque"," ",1,1,0,0,0,0,0,,"Ruta",80,"PROGRESO","Las Colonias","Hormigón","Natural","XI","Fuera","Rural","Ninguna","No existe","Recta","Bueno","Buena","Nocturna","Buen Tiempo","Otro","S/D","Vuelco","Ninguna","Horizontal","Guardarrail,Vegetación,Línea divisoria pintada","Sin restricción"
2017,5735,8/25/2017,"Viernes",0,23:00:00,,"0.0",2,"Moto/Ciclomotor,Automóvil","Santa Fe Y Dean Funes",3,2,0,0,1,0,0,,"Calle",,"VENADO TUERTO","General López","Asfalto","No existe","VIII","S/D","Urbana","Ninguna","No existe","Intersección","Bueno","Buena","Nocturna","Buen Tiempo","Lateral","S/D","Colisión","Ninguna","Horizontal","Ninguna","Sin restricción"
2017,5736,8/30/2017,"Miercoles",0,11:00:00,,"0.0",2,"Peatón,Pickup/Utilitario","Francia Y Hipolito Irigoyen",2,0,1,0,1,0,0,,"Calle",,"VENADO TUERTO","General López","Asfalto","No existe","II","S/D","Urbana","Ninguna","No existe","Intersección","Bueno","Buena","Diurna","Buen Tiempo","S/D","Peatón","Atropello","Ninguna","Horizontal","Ninguna","Sin restricción"
2017,5737,8/23/2017,"Miercoles",0,19:30:00,,"0.0",2,"Moto/Ciclomotor,Automóvil","Santa Fe Y Roca",2,0,1,0,1,0,0,,"Calle",,"VENADO TUERTO","General López","Asfalto","No existe","VIII","Dentro","Urbana","S/D","No existe","Intersección","Bueno","Buena","Atardecer","Buen Tiempo","Lateral","S/D","Colisión","Ninguna","Horizontal","S/D","S/D"
2017,5738,8/19/2017,"Sabado",0,9:15:00,,"0.0",2,"Moto/Ciclomotor,Automóvil","Jujuy 819",2,1,0,0,1,0,0,,"Calle",,"VENADO TUERTO","General López","Asfalto","No existe","VIII","S/D","Urbana","Ninguna","No existe","Recta","Bueno","Buena","Diurna","Buen Tiempo","S/D","S/D","Colisión","Ninguna","S/D","Ninguna","Sin restricción"
2017,5739,8/18/2017,"Viernes",0,19:45:00,,"0.0",2,"Automóvil,Bicicleta","Gral Jose de San Martin Y Maipu",2,1,0,0,1,0,0,,"Calle",,"VENADO TUERTO","General López","Asfalto","No existe","VIII","S/D","Urbana","Ninguna","No existe","Intersección","Bueno","Buena","Atardecer","Buen Tiempo","S/D","Ciclista","Atropello","Ninguna","Horizontal","Ninguna","Sin restricción"
2017,5740,8/18/2017,"Viernes",0,10:00:00,,"0.0",1,"Automóvil","Cristobal Colon Y Cornelio Saavedra",2,1,0,0,1,0,0,,"Calle",,"VENADO TUERTO","General López","Asfalto","No existe","VIII","Dentro","Urbana","Ninguna","No existe","Intersección","Bueno","Buena","Diurna","Buen Tiempo","Frontal","S/D","Colisión","Ninguna","Horizontal","S/D","Sin restricción"
2017,5741,8/16/2017,"Miercoles",0,,,"0.0",2,"Moto/Ciclomotor,Moto/Ciclomotor","Junin Y Guillermo Brown",2,1,0,0,1,0,0,,"Calle",,"VENADO TUERTO","General López","Asfalto","No existe","VIII","S/D","Urbana","Ninguna","No existe","Intersección","Bueno","Buena","Diurna","Buen Tiempo","Otro","S/D","Colisión","Ninguna","Horizontal","Ninguna","Sin restricción"
2017,5742,8/7/2017,"Lunes",0,23:35:00,,"0.0",2,"Moto/Ciclomotor,Automóvil","Juan Jose Castelli Y P Jose T Maxwell",2,1,0,0,1,0,0,,"Calle",,"VENADO TUERTO","General López","Asfalto","S/D","VIII","Dentro","Urbana","S/D","No existe","Intersección","Bueno","Buena","Nocturna","S/D","S/D","S/D","Colisión","Ninguna","S/D","S/D","S/D"
2017,5743,8/3/2017,"Jueves",0,20:40:00,,"0.0",2,"Moto/Ciclomotor,Automóvil","Felix Goumonde Y Av Dr Luis Chapuis",2,1,0,0,1,0,0,,"Calle",,"VENADO TUERTO","General López","Asfalto","No existe","VIII","S/D","Urbana","Ninguna","No existe","Intersección","Bueno","Buena","Nocturna","Buen Tiempo","Lateral","S/D","Colisión","Ninguna","Horizontal","Ninguna","Sin restricción"
2017,5744,8/3/2017,"Jueves",0,16:50:00,"Ruta Nacional 8","0.0",2,"Moto/Ciclomotor,Automóvil","Roque Saenz Peña ",2,1,0,0,1,0,0,,"Ruta",8,"VENADO TUERTO","General López","Asfalto","S/D","VIII","S/D","Urbana","Ninguna","Funciona","Intersección","Bueno","Buena","Diurna","Buen Tiempo","S/D","S/D","Colisión","Ninguna","Horizontal,Vertical","Línea divisoria pintada","Sin restricción"
2017,5745,8/1/2017,"Martes",0,8:30:00,,"0.0",2,"Moto/Ciclomotor,Automóvil","Maipu Y España",2,0,1,0,1,0,0,,"Calle",,"VENADO TUERTO","General López","Asfalto","S/D","VIII","Dentro","Urbana","S/D","No existe","Intersección","Bueno","Buena","Diurna","Buen Tiempo","S/D","S/D","Colisión","Ninguna","S/D","S/D","S/D"
2017,5746,8/20/2017,"Domingo",0,17:00:00,,"0.0",2,"Moto/Ciclomotor,Automóvil","Av A del Valle Y Regis Martinez",4,1,0,0,2,0,1,,"Avenida",,"SANTA FE","La Capital","Asfalto","Pavimento","I","Dentro","Urbana","S/D","No existe","Intersección","S/D","S/D","Diurna","S/D","S/D","S/D","Colisión","S/D","S/D","Cordón divisorio,Vegetación","S/D"
2017,5747,8/21/2017,"Lunes",0,3:00:00,,"0.0",2,"Moto/Ciclomotor,Automóvil","Estanislao Zeballos Y Av A del Valle",3,2,0,0,1,0,0,,"Avenida",,"SANTA FE","La Capital","Asfalto","Pavimento","I","Dentro","Urbana","S/D","S/D","Intersección","S/D","S/D","Nocturna","S/D","S/D","S/D","Colisión","S/D","S/D","Cordón divisorio","S/D"
2017,5748,8/15/2017,"Martes",0,8:00:00,,"0.0",1,"Transporte de Pasajeros Urbano (> 8 asientos)","Pje Facundo Zuviria Y Cordoba",2,1,0,0,1,0,0,,"Calle",,"SANTA FE","La Capital","Asfalto","Pavimento","I","Dentro","Urbana","S/D","S/D","Otro","S/D","S/D","Diurna","S/D","S/D","S/D","Otro","S/D","S/D","S/D","S/D"
2017,5749,8/16/2017,"Miercoles",0,15:00:00,,"0.0",2,"Moto/Ciclomotor,Automóvil","9 de Julio Y Espora",3,1,1,0,1,0,0,,"Calle",,"SANTA FE","La Capital","Asfalto","Pavimento","I","Dentro","Urbana","S/D","No existe","Intersección","S/D","S/D","Diurna","S/D","S/D","S/D","Colisión","S/D","S/D","S/D","S/D"
2017,5750,8/17/2017,"Jueves",0,9:00:00,,"0.0",2,"Moto/Ciclomotor,Automóvil","Av A del Valle Y Boneo",2,1,0,0,1,0,0,,"Avenida",,"SANTA FE","La Capital","Asfalto","No existe","I","Dentro","Urbana","S/D","S/D","Intersección","S/D","S/D","Diurna","S/D","S/D","S/D","Colisión","S/D","S/D","Cordón divisorio","S/D"
2017,5751,8/18/2017,"Viernes",0,17:00:00,,"0.0",2,"Automóvil,Automóvil","4 de Enero Y Alberti",3,2,0,0,1,0,0,,"Calle",,"SANTA FE","La Capital","Asfalto","Pavimento","I","Dentro","Urbana","S/D","No existe","Intersección","S/D","S/D","Diurna","S/D","S/D","S/D","Colisión","S/D","S/D","S/D","S/D"
2017,5752,8/19/2017,"Sabado",0,10:00:00,,"0.0",2,"Moto/Ciclomotor,Automóvil","Av A del Valle Y Espora",2,1,0,0,1,0,0,,"Avenida",,"SANTA FE","La Capital","Asfalto","Pavimento","I","Dentro","Urbana","S/D","No existe","Intersección","S/D","S/D","Diurna","S/D","S/D","S/D","Colisión","S/D","S/D","Cordón divisorio","S/D"
2017,5753,8/19/2017,"Sabado",0,15:00:00,,"0.0",2,"Moto/Ciclomotor,Automóvil","Pje Facundo Zuviria 7200",2,1,0,0,1,0,0,,"Avenida",,"SANTA FE","La Capital","Asfalto","Pavimento","I","Dentro","Urbana","S/D","No existe","Intersección","S/D","S/D","Diurna","S/D","S/D","S/D","Colisión","S/D","S/D","Cordón divisorio","S/D"
2017,5754,8/22/2017,"Martes",0,20:00:00,,"0.0",2,"Automóvil,Moto/Ciclomotor","Martin Zapata Y Av Facundo Zuviria",2,1,0,0,1,0,0,,"S/D",,"SANTA FE","La Capital","Asfalto","No existe","I","S/D","Urbana","S/D","Funciona","Intersección","Bueno","Buena","Nocturna","Buen Tiempo","S/D","S/D","Colisión","Ninguna","Vertical","Cordón divisorio","Sin restricción"
2017,5755,8/19/2017,"Sabado",0,20:00:00,,"0.0",3,"Automóvil,Automóvil,Moto/Ciclomotor","Av Freyre Y Monseñor Zaspe",3,1,0,0,2,0,0,,"Avenida",,"SANTA FE","La Capital","Asfalto","No existe","I","Dentro","Urbana","Ninguna","No existe","Intersección","Con baches","Buena","Nocturna","Buen Tiempo","De alcance","S/D","Colisión","Ninguna","Faltante","Ninguna","Sin restricción"
2017,5756,8/22/2017,"Martes",0,22:00:00,,"0.0",2,"Automóvil,Moto/Ciclomotor","Estanislao Zeballos Y Gdor Freyre",2,1,0,0,1,0,0,,"Avenida",,"SANTA FE","La Capital","Asfalto","No existe","I","S/D","Urbana","Semáforo","Funciona","Intersección","Bueno","Buena","Nocturna","Buen Tiempo","Otro","S/D","Colisión","Ninguna","Vertical","Ninguna","Sin restricción"
2017,5757,8/17/2017,"Jueves",0,18:00:00,,"0.0",2,"Automóvil,Moto/Ciclomotor","Estanislao Zeballos Y Gdor Freyre",2,1,0,0,1,0,0,,"Avenida",,"SANTA FE","La Capital","Asfalto","Pavimento","I","S/D","Urbana","Ninguna","Funciona","Intersección","Bueno","S/D","Atardecer","Buen Tiempo","S/D","S/D","Colisión","Ninguna","Vertical","Línea divisoria pintada","Sin restricción"
2017,5758,8/22/2017,"Martes",0,16:00:00,,"0.0",2,"Moto/Ciclomotor,Automóvil","Av A del Valle 6100",2,1,0,0,1,0,0,,"Avenida",,"SANTA FE","La Capital","Asfalto","Pavimento","I","Dentro","Urbana","S/D","S/D","Intersección","S/D","S/D","S/D","S/D","S/D","S/D","Colisión","S/D","Horizontal,Vertical","Cordón divisorio","S/D"
2017,5759,8/13/2017,"Domingo",0,13:00:00,,"0.0",2,"Automóvil,Automóvil","Iturraspe Y Av Pte Peron",4,0,0,0,0,0,4,,"Avenida",,"SANTA FE","La Capital","Asfalto,Hormigón","No existe","I","Dentro","Urbana","Semáforo","Funciona","Intersección","Bueno","Buena","Diurna","Buen Tiempo","Lateral","S/D","Colisión","S/D","Horizontal,Vertical","Cordón divisorio","Sin restricción"
2017,5760,8/24/2017,"Jueves",0,14:00:00,,"0.0",2,"Moto/Ciclomotor,Automóvil","Av A del Valle Y Salvador del Carril",3,2,0,0,1,0,0,,"Avenida",,"SANTA FE","La Capital","Asfalto","No existe","I","Dentro","Urbana","Semáforo","Funciona","Intersección","S/D","S/D","Diurna","S/D","S/D","S/D","Colisión","S/D","Horizontal,Vertical","Cordón divisorio","S/D"
2017,5762,8/25/2017,"Viernes",0,11:00:00,,"0.0",2,"Moto/Ciclomotor,Automóvil","Boneo Y Pje Lassaga",2,1,0,0,0,0,1,,"Calle",,"SANTA FE","La Capital","Asfalto","No existe","I","Dentro","Urbana","S/D","No existe","Recta","S/D","S/D","Diurna","S/D","S/D","S/D","Colisión","S/D","Faltante","Ninguna","S/D"
2017,5763,8/16/2017,"Miercoles",0,13:30:00,,"0.0",2,"Moto/Ciclomotor,Moto/Ciclomotor","Av Freyre Y Luciano Torrent",2,0,0,0,0,0,2,,"S/D",,"SANTA FE","La Capital","Asfalto,Hormigón","No existe","I","Dentro","Urbana","Semáforo","Funciona","Intersección","Bueno","Buena","Diurna","Buen Tiempo","Lateral","S/D","Colisión","S/D","Horizontal,Vertical","Ninguna","Sin restricción"
2017,5764,8/25/2017,"Viernes",0,18:00:00,,"0.0",2,"Moto/Ciclomotor,Automóvil","J Castelli Y 9 de Julio",3,2,0,0,1,0,0,,"Calle",,"SANTA FE","La Capital","Asfalto","No existe","I","Dentro","Urbana","S/D","No existe","Intersección","S/D","S/D","Atardecer","S/D","S/D","S/D","Colisión","S/D","Faltante","Ninguna","S/D"
2017,5765,8/30/2017,"Miercoles",0,14:20:00,"Ruta Nacional 33","788.0",2,"Automóvil,Moto/Ciclomotor","Dante Alighieri ",3,0,1,0,1,1,0,"-32.985341, -60.745337","Ruta",33,"PEREZ","Rosario","Asfalto","Pavimento","II","Dentro","Urbana","Marca Vial","No existe","Recta","Bueno","Buena","Diurna","Buen Tiempo","De alcance","S/D","Colisión","Ninguna","Horizontal","Línea divisoria pintada","Sin restricción"
2017,5766,8/26/2017,"Sabado",0,6:00:00,,"0.0",2,"Moto/Ciclomotor,Automóvil","Av A del Valle Y Boneo",2,1,0,0,1,0,0,,"Avenida",,"SANTA FE","La Capital","Asfalto","Pavimento","I","Dentro","Urbana","S/D","S/D","Intersección","S/D","S/D","Nocturna","S/D","S/D","S/D","Colisión","S/D","Vertical","Cordón divisorio","S/D"
2017,5767,8/14/2017,"Lunes",0,7:15:00,"Ruta Nacional 11","0.0",2,"Moto/Ciclomotor,Bicicleta","PUENTE CARRETERO ",2,0,0,0,1,1,0,"-31.6675637,-60.7519374","Ruta",11,"SANTA FE","La Capital","Asfalto","Pavimento","I","Dentro","Urbana","Ninguna","No existe","Puente","Con baches","Buena","Amanecer","Buen Tiempo","S/D","Ciclista","Atropello","Ninguna","Faltante","Ninguna","Sin restricción"
2017,5768,8/30/2017,"Miercoles",0,9:00:00,,"0.0",2,"Moto/Ciclomotor,Pickup/Utilitario","Vieytes Y 1ro de Mayo",2,1,0,0,1,0,0,,"Calle",,"SANTA FE","La Capital","Asfalto","Pavimento","I","Dentro","Urbana","S/D","No existe","Intersección","S/D","S/D","Diurna","S/D","S/D","S/D","Colisión","S/D","S/D","Ninguna","S/D"