"anio_acci","nro_acci","fecha","desc_dia","fecha_aprox","hora_aprox","desc_ruta","km","cant_participantes","desc_participante","calle_avenida_km","total","heridos_leves","heridos_graves","heridos_gravisimos","ilesos","fallecidos","sin_datos","posicion_XY","desc_tipo_via","desc_ruta_ori","desc_loc","desc_dpto","desc_tipo_calzada","desc_tipo_banquina","desc_unidad_regional","desc_lugar_calzada","desc_zona","desc_prioridad","desc_estado_semaforo","desc_lugar_via","desc_estado_via","desc_estado_visibilidad","desc_luminosidad","desc_estado_clima","desc_tipo_colision","desc_tipo_atropello","desc_tipo_hecho","desc_pres_calzada","desc_senializacion","desc_separacion_via","desc_restriccion"
2017,5769,8/17/2017,"Jueves",0,10:00:00,,"0.0",1,"Automóvil","Iturraspe Y Av Urquiza",2,0,0,0,0,0,2,,"Avenida",,"SANTA FE","La Capital","Asfalto","No existe","I","Dentro","Urbana","Otra Señal","No existe","Intersección","Bueno","Buena","Diurna","Buen Tiempo","Lateral","S/D","Colisión","S/D","Faltante","Cordón divisorio","Sin restricción"
2017,5770,8/17/2017,"Jueves",0,6:45:00,,"0.0",2,"Peatón,Pickup/Utilitario","Boulevard Solis Y Gral. Manuel Belgrano",2,0,0,0,1,1,0,"-33.456672, -61.484060","Calle",,"FIRMAT","General López","Asfalto","No existe","VIII","Dentro","Urbana","Ninguna","No existe","Intersección","Bueno","Buena","Diurna","Buen Tiempo","S/D","Peatón","Atropello","Ninguna","S/D","Ninguna","Sin restricción"
2017,5771,8/13/2017,"Domingo",0,21:00:00,,"0.0",2,"Peatón,Automóvil","Domingo Silva Y San Jeronimo",2,1,0,0,1,0,0,,"Calle",,"SANTA FE","La Capital","Asfalto","Pavimento","I","Dentro","Urbana","S/D","No existe","Intersección","S/D","S/D","Nocturna","S/D","S/D","Peatón","Atropello","S/D","Faltante","Ninguna","S/D"
2017,5772,8/19/2017,"Sabado",0,12:00:00,,"0.0",2,"Peatón,Tren","L.del Desierto Y Cafferata",2,0,0,0,1,1,0,"-32.982479, -60.681436","Calle",,"ROSARIO","Rosario","Asfalto","No existe","II","Dentro","Urbana","Ninguna","No existe","Recta","Bueno","Buena","Diurna","Buen Tiempo","S/D","Peatón","Atropello","Ninguna","Faltante","Ninguna","Sin restricción"
2017,5773,8/17/2017,"Jueves",0,21:00:00,,"0.0",2,"Moto/Ciclomotor,Moto/Ciclomotor","RULO DE CILSA ",3,1,0,0,2,0,0,,"Avenida",,"SANTA FE","La Capital","Asfalto","No existe","I","S/D","Urbana","Ninguna","No existe","Curva","Bueno","Buena","Nocturna","Buen Tiempo","Lateral","S/D","Colisión","Ninguna","Faltante","Guardarrail","Sin restricción"
2017,5774,8/8/2017,"Martes",0,8:40:00,,"0.0",1,"Automóvil","Av. Circunvalacion Y Cerrito",1,0,0,0,0,1,0,"-32.953651, -60.721106","Calle",,"ROSARIO","Rosario","Asfalto","No existe","II","Dentro","Urbana","Ninguna","No existe","Recta","Bueno","Buena","Diurna","S/D","Contra objeto fijo","S/D","Colisión","S/D","Faltante","Ninguna","Sin restricción"
2017,5775,8/6/2017,"Domingo",0,10:05:00,,"0.0",2,"Automóvil,Moto/Ciclomotor","Necochea Y Juan Del Campillo",2,1,0,0,1,0,0,,"Calle",,"SANTA FE","La Capital","Asfalto","No existe","I","Dentro","Urbana","S/D","No existe","Intersección","Bueno","S/D","Diurna","S/D","Lateral","S/D","Colisión","S/D","S/D","S/D","S/D"
2017,5776,8/17/2017,"Jueves",0,23:40:00,,"0.0",2,"Moto/Ciclomotor,Pickup/Utilitario","Bolivar Y Vera Mujica",2,1,0,0,1,0,0,,"Calle",,"SANTA FE","La Capital","Asfalto","No existe","I","S/D","Urbana","Ninguna","No existe","Recta","Bueno","Buena","Nocturna","Buen Tiempo","De alcance","S/D","Colisión","Ninguna","Faltante","Ninguna","Sin restricción"
2017,5777,8/6/2017,"Domingo",0,13:00:00,,"0.0",2,"Automóvil,Automóvil","Juan Del Campillo Y Alvear",2,1,0,0,1,0,0,,"Calle",,"SANTA FE","La Capital","Asfalto","No existe","I","Dentro","Urbana","S/D","No existe","Intersección","Bueno","S/D","Diurna","S/D","Lateral","S/D","Colisión","S/D","S/D","S/D","S/D"
2017,5778,8/17/2017,"Jueves",0,14:50:00,,"0.0",2,"Automóvil,Moto/Ciclomotor","Iturraspe Y Av Urquiza",2,0,0,0,0,0,2,,"Avenida",,"SANTA FE","La Capital","Hormigón","No existe","I","Dentro","Urbana","Otra Señal","No existe","Intersección","Bueno","Buena","Diurna","Buen Tiempo","Lateral","S/D","Colisión","Ninguna","Faltante","Ninguna","Sin restricción"
2017,5779,8/13/2017,"Domingo",0,6:40:00,,"0.0",2,"Automóvil,Moto/Ciclomotor","Lamadrid Y Suipacha",3,2,0,0,1,0,0,,"Calle",,"SANTA FE","La Capital","Asfalto","No existe","I","Dentro","Urbana","Ninguna","No existe","Intersección","Bueno","Buena","Amanecer","Buen Tiempo","Lateral","S/D","Colisión","Ninguna","Faltante","Cordón divisorio","Sin restricción"
2017,5780,8/6/2017,"Domingo",0,22:00:00,,"0.0",2,"Automóvil,Moto/Ciclomotor","Ituzaingo Y Belgrano",2,1,0,0,1,0,0,,"Calle",,"SANTA FE","La Capital","Asfalto","No existe","I","Dentro","Urbana","S/D","Funciona","Intersección","Bueno","S/D","Nocturna","S/D","Lateral","S/D","Colisión","S/D","Vertical","S/D","S/D"
2017,5781,8/21/2017,"Lunes",0,22:20:00,,"0.0",2,"Pickup/Utilitario,Moto/Ciclomotor","Av Pte Peron Y Padre Catena",2,0,0,0,0,0,2,,"Avenida",,"SANTA FE","La Capital","Asfalto","No existe","I","Dentro","Urbana","Ninguna","No existe","Intersección","Bueno","Reducida","Nocturna","Buen Tiempo","Lateral","S/D","Colisión","S/D","Faltante","Cordón divisorio","Sin restricción"
2017,5782,8/23/2017,"Miercoles",0,21:30:00,"Ruta Nacional 11","897.0",2,"Automóvil,Pickup/Utilitario"," ",4,0,0,0,3,1,0,"-28.35456, -59.26378","Ruta",11,"LAS TOSCAS","General Obligado","Asfalto","No existe","IX","Dentro","Urbana","Ninguna","No existe","Recta","Bueno","S/D","Nocturna","S/D","S/D","S/D","Colisión","Ninguna","Faltante","Ninguna","Sin restricción"
2017,5783,8/21/2017,"Lunes",0,1:00:00,,"0.0",2,"Taxi/Remis,Moto/Ciclomotor","Av Pte Peron Y Obispo Gelabert",3,2,0,0,1,0,0,,"Avenida",,"SANTA FE","La Capital","Asfalto","No existe","I","Dentro","Urbana","Ninguna","No existe","Intersección","Bueno","Buena","Nocturna,Con luz artificial","Buen Tiempo","Lateral","S/D","Colisión","Ninguna","Faltante","Cordón divisorio","Sin restricción"
2017,5784,8/9/2017,"Miercoles",0,9:45:00,,"0.0",2,"Automóvil,Moto/Ciclomotor","Bv Galvez Y Guemes",2,1,0,0,1,0,0,,"Calle",,"SANTA FE","La Capital","Asfalto","No existe","I","Dentro","Urbana","S/D","No existe","Intersección","Bueno","S/D","Diurna","S/D","Lateral","S/D","Colisión","S/D","S/D","S/D","S/D"
2017,5785,8/9/2017,"Miercoles",0,14:00:00,,"0.0",2,"Pickup/Utilitario,Moto/Ciclomotor","Bv Galvez Y Republica de Siria",2,2,0,0,0,0,0,,"Calle",,"SANTA FE","La Capital","Asfalto","No existe","I","Dentro","Urbana","S/D","Funciona","Intersección","Bueno","S/D","Diurna","S/D","Lateral","S/D","Colisión","S/D","Vertical","S/D","S/D"
2017,5786,8/24/2017,"Jueves",0,18:35:00,,"0.0",2,"Moto/Ciclomotor,Automóvil","Artigas Y La Paz",3,1,0,0,0,0,2,,"Calle",,"SANTA FE","La Capital","Asfalto","No existe","I","Dentro","Urbana","Ninguna","No existe","Intersección","Bueno","Buena","Atardecer","Buen Tiempo","Lateral","S/D","Colisión","S/D","Faltante","Cordón divisorio","Sin restricción"
2017,5787,8/27/2017,"Domingo",0,6:20:00,,"0.0",2,"Taxi/Remis,Moto/Ciclomotor","Naciones Unidas Y Roque Saenz Peña",3,2,0,0,1,0,0,,"Avenida",,"SANTA FE","La Capital","Asfalto","No existe","I","Dentro","Urbana","Ninguna","No existe","Curva","Bueno","Buena","Amanecer","Buen Tiempo","Lateral","S/D","Colisión","Ninguna","Faltante","Cordón divisorio","Sin restricción"
2017,5788,8/11/2017,"Viernes",0,18:25:00,,"0.0",2,"Automóvil,Moto/Ciclomotor","Belgrano Y Junin",2,1,0,0,1,0,0,,"Calle",,"SANTA FE","La Capital","Asfalto","No existe","I","Dentro","Urbana","Semáforo","Funciona","Intersección","Bueno","S/D","Diurna","S/D","Lateral","S/D","Colisión","S/D","Vertical","S/D","S/D"
2017,5789,8/15/2017,"Martes",0,11:45:00,,"0.0",2,"Automóvil,Automóvil","Alberdi Y Iturraspe",2,1,0,0,1,0,0,,"Calle",,"SANTA FE","La Capital","Asfalto","No existe","I","Dentro","Urbana","S/D","No existe","Intersección","Bueno","S/D","Diurna","S/D","Lateral","S/D","Colisión","S/D","S/D","S/D","S/D"
2017,5790,8/11/2017,"Viernes",0,23:40:00,,"0.0",2,"Automóvil,Moto/Ciclomotor","Av Freyre Y Moreno",2,1,0,0,1,0,0,,"Avenida",,"SANTA FE","La Capital","Asfalto","No existe","I","Dentro","Urbana","Semáforo","Funciona","Intersección","Otro","Buena","Nocturna","Buen Tiempo","Lateral","S/D","Colisión","Ninguna","Vertical","Ninguna","Sin restricción"
2017,5791,8/31/2017,"Jueves",0,14:00:00,,"0.0",2,"Automóvil,Moto/Ciclomotor","Av Blas Parera Y Fray C Rodriguez",2,0,0,0,0,0,2,,"Calle",,"SANTA FE","La Capital","Hormigón","No existe","I","Dentro","Urbana","Semáforo","Funciona","Intersección","Bueno","Buena","Diurna","Buen Tiempo","Lateral","S/D","Colisión","Ninguna","Horizontal,Vertical","Cordón divisorio","Sin restricción"
2017,5792,8/15/2017,"Martes",0,15:10:00,,"0.0",2,"Automóvil,Moto/Ciclomotor","Cordoba Y Guemes",2,1,0,0,0,0,1,,"Calle",,"SANTA FE","La Capital","Asfalto","No existe","I","Dentro","Urbana","S/D","No existe","Intersección","Bueno","S/D","Diurna","S/D","Lateral","S/D","Colisión","S/D","S/D","S/D","S/D"
2017,5793,8/13/2017,"Domingo",0,10:10:00,,"0.0",2,"Moto/Ciclomotor,Automóvil","Moreno Y Av Freyre",2,1,0,0,1,0,0,,"Calle",,"SANTA FE","La Capital","Asfalto","No existe","I","Dentro","Urbana","Ninguna","No existe","Intersección","Con baches","Buena","Diurna","Buen Tiempo","De alcance","S/D","Colisión","Ninguna","Faltante","Ninguna","Sin restricción"
2017,5794,8/16/2017,"Miercoles",0,8:15:00,,"0.0",2,"Automóvil,Bicicleta","Domingo Silva Y Las Heras",2,1,0,0,0,0,1,,"Calle",,"SANTA FE","La Capital","Asfalto","No existe","I","Dentro","Urbana","S/D","No existe","Intersección","Bueno","S/D","Diurna","S/D","S/D","Ciclista","Atropello","S/D","S/D","S/D","S/D"
2017,5795,8/16/2017,"Miercoles",0,11:00:00,,"0.0",2,"Automóvil,Moto/Ciclomotor","Balcarce Y Las Heras",2,1,0,0,1,0,0,,"Calle",,"SANTA FE","La Capital","Asfalto","No existe","I","Dentro","Urbana","Semáforo","Funciona","Intersección","Bueno","S/D","Diurna","S/D","Lateral","S/D","Colisión","S/D","Vertical","S/D","S/D"
2017,5796,8/15/2017,"Martes",0,19:30:00,,"0.0",2,"Automóvil,Moto/Ciclomotor","Av Gral Lopez Y Saavedra",3,2,0,0,1,0,0,,"Calle",,"SANTA FE","La Capital","Asfalto","No existe","I","Dentro","Urbana","Ninguna","No existe","Intersección","Bueno","Buena","Atardecer","Buen Tiempo","Lateral","S/D","Colisión","Ninguna","Faltante","Ninguna","Sin restricción"
2017,5797,8/1/2017,"Martes",0,9:00:00,,"0.0",2,"Bicicleta,Automóvil","Ricardo Aldao ",2,1,0,0,1,0,0,,"Calle",,"SANTA FE","La Capital","Asfalto","S/D","I","S/D","Urbana","S/D","No existe","S/D","Bueno","Buena","Diurna","S/D","S/D","S/D","Colisión","Ninguna","S/D","S/D","S/D"
2017,5798,8/5/2017,"Sabado",0,13:00:00,,"0.0",2,"Bicicleta,Automóvil","Angel Cassanello Y San Jeronimo",2,1,0,0,1,0,0,,"Calle",,"SANTA FE","La Capital","Asfalto","Pavimento","I","Dentro","Urbana","S/D","No existe","Intersección","S/D","S/D","Diurna","S/D","S/D","Ciclista","Atropello","S/D","S/D","Ninguna","S/D"
2017,5799,8/16/2017,"Miercoles",0,8:30:00,,"0.0",2,"Moto/Ciclomotor,Automóvil","Corrientes Y Dr Zavalla",3,2,0,0,1,0,0,,"Calle",,"SANTA FE","La Capital","Asfalto","No existe","I","Dentro","Urbana","Ninguna","No existe","Intersección","Con baches,Deteriorada","Buena","Diurna","Otro","Lateral","S/D","Colisión","Ninguna","Faltante","Ninguna","Sin restricción"
2017,5801,8/5/2017,"Sabado",0,15:00:00,,"0.0",3,"Moto/Ciclomotor,Moto/Ciclomotor,Pickup/Utilitario","Av Facundo Zuviria Y Espora",5,3,0,0,2,0,0,,"Avenida",,"SANTA FE","La Capital","Asfalto","Pavimento","I","Dentro","Urbana","S/D","No existe","Intersección","S/D","S/D","Diurna","S/D","Múltiple","S/D","Colisión","S/D","Vertical","Cordón divisorio","S/D"
2017,5802,8/19/2017,"Sabado",0,21:15:00,,"0.0",2,"Moto/Ciclomotor,Moto/Ciclomotor","J J Paso Y Dr Zavalla",3,2,0,0,0,0,1,,"Calle",,"SANTA FE","La Capital","Asfalto","No existe","I","Dentro","Urbana","Ninguna","No existe","Rotonda","Con baches","Buena","Nocturna","Buen Tiempo","Lateral","S/D","Colisión","Ninguna","Faltante","Ninguna","Sin restricción"
2017,5803,8/18/2017,"Viernes",0,8:00:00,,"0.0",2,"Automóvil,Automóvil","Italia Y H. Brandoni",5,0,0,0,4,1,0,"-33.006311, -60.659028","Calle",,"ROSARIO","Rosario","Asfalto","No existe","II","Dentro","Urbana","Ninguna","No existe","Intersección","Bueno","Buena","Diurna","S/D","S/D","S/D","Colisión,Vuelco","Ninguna","Faltante","Ninguna","Sin restricción"
2017,5804,8/7/2017,"Lunes",0,15:00:00,,"0.0",2,"Moto/Ciclomotor,Taxi/Remis","4 de Enero Y Alberti",2,1,0,0,1,0,0,,"Calle",,"SANTA FE","La Capital","Asfalto","Pavimento","I","Dentro","Urbana","S/D","S/D","Intersección","S/D","S/D","Diurna","S/D","S/D","S/D","Colisión","S/D","S/D","Ninguna","S/D"
2017,5805,8/13/2017,"Domingo",0,15:35:00,,"0.0",2,"Bicicleta,Transporte de Pasajeros Urbano (> 8 asientos)","Av Blas Parera ",2,0,0,0,0,0,2,,"S/D",,"SANTA FE","La Capital","Asfalto","No existe","I","S/D","S/D","Otra Señal","No existe","Recta","Bueno","Buena","Diurna","Buen Tiempo","Lateral","S/D","Colisión","S/D","Faltante","Cordón divisorio","Sin restricción"
2017,5806,8/18/2017,"Viernes",0,16:45:00,"Ruta Provincial 91","58.0",2,"Automóvil,Camión c / Acoplado"," ",2,0,0,0,1,1,0,"-32.745871, -61.283671","Ruta",91,"BUSTINZA","Iriondo","Asfalto","Natural","X","Dentro","Rural","Ninguna","No existe","Recta","Bueno","Buena","Diurna","S/D","S/D","S/D","Colisión","Ninguna","Faltante","Línea divisoria pintada","Reparación de Vía"
2017,5807,8/9/2017,"Miercoles",0,10:00:00,,"0.0",2,"Automóvil,Pickup/Utilitario","Cordoba Y San Martin",2,2,0,0,0,0,0,,"Calle",,"SANTA FE","La Capital","Asfalto","Pavimento","I","Dentro","Urbana","S/D","No existe","Intersección","S/D","S/D","Diurna","S/D","S/D","S/D","Colisión,Vuelco","S/D","S/D","Ninguna","S/D"
2017,5808,8/9/2017,"Miercoles",0,12:00:00,,"0.0",2,"Moto/Ciclomotor,Pickup/Utilitario","Padilla Y Pje Ingenieros",2,2,0,0,0,0,0,,"Calle",,"SANTA FE","La Capital","Asfalto","Pavimento","I","Dentro","Urbana","S/D","No existe","Intersección","S/D","S/D","Diurna","S/D","S/D","S/D","Colisión","S/D","S/D","Ninguna","S/D"
2017,5809,8/14/2017,"Lunes",0,9:00:00,"Ruta Nacional 11","0.0",2,"Automóvil,Bicicleta","Av Circunvalación ",2,1,0,0,1,0,0,,"Ruta",11,"SANTA FE","La Capital","Asfalto","No existe","I","S/D","Urbana","Ninguna","No existe","Curva","Bueno","Buena","Diurna","Buen Tiempo","S/D","Ciclista","Atropello","Ninguna","Faltante","Barrera de alto impacto","Sin restricción"
2017,5810,8/31/2017,"Jueves",0,8:30:00,,"0.0",2,"Moto/Ciclomotor,Moto/Ciclomotor","Sargento Cabral Y Candioti",2,1,0,0,1,0,0,,"Calle",,"SANTA FE","La Capital","Asfalto","No existe","I","Dentro","Urbana","Paso Peatonal","No existe","Intersección","Bueno","S/D","Diurna","S/D","Lateral","S/D","Colisión","S/D","Horizontal","Ninguna","S/D"
2017,5811,8/11/2017,"Viernes",0,1:50:00,,"0.0",2,"Pickup/Utilitario,Moto/Ciclomotor","Av A del Valle Y Lavaisse",2,1,0,0,1,0,0,,"Avenida",,"SANTA FE","La Capital","Asfalto","Pavimento","I","Dentro","Urbana","S/D","Funciona","Intersección","S/D","S/D","Nocturna","S/D","S/D","S/D","Colisión","S/D","Vertical","S/D","S/D"
2017,5812,8/31/2017,"Jueves",0,14:25:00,,"0.0",2,"Moto/Ciclomotor,Automóvil","Alvear Y Maipu",2,1,0,0,1,0,0,,"Calle",,"SANTA FE","La Capital","Asfalto","No existe","I","Dentro","Urbana","S/D","No existe","Intersección","Bueno","S/D","Diurna","S/D","Lateral","S/D","Colisión","S/D","S/D","S/D","S/D"
2017,5813,8/12/2017,"Sabado",0,11:00:00,,"0.0",2,"Moto/Ciclomotor,Automóvil","9 de Julio 4300",2,1,0,0,1,0,0,,"Calle",,"SANTA FE","La Capital","Asfalto","Pavimento","I","Dentro","Urbana","S/D","S/D","Intersección","S/D","S/D","Diurna","S/D","S/D","S/D","Colisión","S/D","S/D","S/D","S/D"
2017,5814,8/28/2017,"Lunes",0,20:00:00,,"0.0",3,"Moto/Ciclomotor,Pickup/Utilitario,Moto/Ciclomotor","Calle 19-Habegger Y Calle 28 - San Lorenzo",3,0,0,0,2,1,0,"-29.145704, -59.652492","Calle",,"RECONQUISTA","General Obligado","Asfalto","No existe","IX","Dentro","Urbana","Ninguna","No existe","Intersección","Bueno","Buena","Nocturna","S/D","Múltiple","S/D","Colisión","Ninguna","Faltante","Ninguna","Sin restricción"
2017,5815,8/5/2017,"Sabado",0,19:00:00,,"0.0",2,"Automóvil,Pickup/Utilitario","Av Facundo Zuviria Y J Castelli",2,2,0,0,0,0,0,,"Avenida",,"SANTA FE","La Capital","Asfalto","Pavimento","I","S/D","Urbana","Semáforo","Funciona","Intersección","Bueno","Buena","Atardecer","Buen Tiempo","S/D","S/D","Colisión","S/D","Vertical","Línea divisoria pintada","Sin restricción"
2017,5816,8/4/2017,"Viernes",0,12:45:00,,"0.0",2,"Moto/Ciclomotor,Automóvil","Av Facundo Zuviria 5300",2,1,0,0,1,0,0,,"Calle",,"SANTA FE","La Capital","Asfalto","Pavimento","I","S/D","Urbana","Semáforo","Funciona","S/D","Bueno","Buena","Diurna","Buen Tiempo","S/D","S/D","Colisión","Ninguna","Vertical","Cordón divisorio","Sin restricción"
2017,5817,8/29/2017,"Martes",0,17:00:00,"Ruta Nacional 19","0.0",2,"Pickup/Utilitario,Moto/Ciclomotor","Camino Interprovincial ",2,0,0,0,1,1,0,"-31.42016, -62.0625","Ruta",19,"FRONTERA","Castellanos","Asfalto","Natural","V","Dentro","Urbana","Semáforo","Funciona","Intersección","Bueno","Buena","Diurna","S/D","S/D","S/D","Colisión","Ninguna","Vertical","Línea divisoria pintada","Sin restricción"
2017,5818,8/5/2017,"Sabado",0,8:30:00,,"0.0",2,"Moto/Ciclomotor,Automóvil","Av Lopez y Planes Y Pje Irala",3,2,0,0,1,0,0,,"Avenida",,"SANTA FE","La Capital","Asfalto","Pavimento","I","S/D","Urbana","S/D","No existe","Intersección","Bueno","Buena","Diurna","S/D","S/D","S/D","Colisión","Ninguna","S/D","S/D","Sin restricción"
2017,5819,8/2/2017,"Miercoles",0,23:00:00,,"0.0",2,"Moto/Ciclomotor,Automóvil","Av Peñaloza Y Espora",2,2,0,0,0,0,0,,"Avenida",,"SANTA FE","La Capital","Asfalto","Pavimento","I","S/D","Urbana","Semáforo","Funciona","Intersección","Bueno","Buena","Nocturna","Otro","S/D","S/D","Colisión","Ninguna","Vertical","Cordón divisorio","Sin restricción"
2017,5820,8/30/2017,"Miercoles",0,14:30:00,,"0.0",2,"Moto/Ciclomotor,Camión","Boulevard Lisandro de la Torre Y Chacabuco",3,0,1,0,1,1,0,"-33.05184, -61.17785","Avenida",,"CASILDA","Caseros","Asfalto","No existe","IV","Dentro","Urbana","Ninguna","No existe","Intersección","Bueno","S/D","Diurna","Buen Tiempo","Lateral","S/D","Colisión","Ninguna","Faltante","Ninguna","Sin restricción"
2017,5821,8/9/2017,"Miercoles",0,12:35:00,,"0.0",2,"Automóvil,Automóvil","Av Facundo Zuviria Y Lavaisse",2,1,0,0,1,0,0,,"Avenida",,"SANTA FE","La Capital","Asfalto","Pavimento","I","S/D","Urbana","Semáforo","Funciona","Intersección","Bueno","Buena","Diurna","Buen Tiempo","S/D","S/D","Colisión","Ninguna","Vertical","Cordón divisorio","Sin restricción"
2017,5822,8/10/2017,"Jueves",0,2:30:00,,"0.0",2,"Automóvil,Moto/Ciclomotor","J Castelli Y Gdor Freyre",3,2,0,0,1,0,0,,"Calle",,"SANTA FE","La Capital","Asfalto","Pavimento","I","S/D","Urbana","Ninguna","No existe","Intersección","Bueno","S/D","Nocturna","Buen Tiempo","S/D","S/D","Colisión","S/D","S/D","Ninguna","Sin restricción"
2017,5823,8/10/2017,"Jueves",0,22:30:00,,"0.0",2,"Moto/Ciclomotor,Moto/Ciclomotor","Av Peñaloza Y Risso",3,2,0,0,1,0,0,,"Avenida",,"SANTA FE","La Capital","Asfalto","Ripio","I","S/D","Urbana","Ninguna","No existe","Intersección","Bueno","Buena","Nocturna","Buen Tiempo","S/D","S/D","Colisión","Ninguna","S/D","Ninguna","Sin restricción"
2017,5824,8/16/2017,"Miercoles",0,12:00:00,,"0.0",2,"Pickup/Utilitario,Moto/Ciclomotor","1ro de Mayo Y J M Zuviria",2,1,0,0,1,0,0,,"Calle",,"SANTA FE","La Capital","Asfalto","Pavimento","I","S/D","Urbana","Ninguna","No existe","Intersección","Bueno","Buena","Diurna","Buen Tiempo","Lateral","S/D","Colisión","Ninguna","S/D","Ninguna","Sin restricción"
2017,5825,8/18/2017,"Viernes",0,11:45:00,,"0.0",2,"Automóvil,Moto/Ciclomotor","Saavedra Y Lavaisse",2,1,0,0,1,0,0,,"Calle",,"SANTA FE","La Capital","Asfalto","Pavimento","I","S/D","S/D","S/D","No existe","Intersección","Bueno","Buena","Diurna","S/D","S/D","S/D","Colisión","Ninguna","Horizontal","S/D","S/D"
2017,5826,8/17/2017,"Jueves",0,19:15:00,,"0.0",2,"Moto/Ciclomotor,Moto/Ciclomotor","Av Facundo Zuviria Y Hernandarias",3,3,0,0,0,0,0,,"S/D",,"SANTA FE","La Capital","Asfalto","Pavimento","I","S/D","Urbana","Semáforo","Funciona","Intersección","Bueno","Buena","Atardecer","Buen Tiempo","S/D","S/D","Colisión","Ninguna","Vertical","Cordón divisorio","Sin restricción"
2017,5827,8/19/2017,"Sabado",0,20:10:00,,"0.0",2,"Automóvil,Moto/Ciclomotor","Saavedra Y Ricardo Aldao",3,2,0,0,1,0,0,,"Calle",,"SANTA FE","La Capital","Asfalto","S/D","I","S/D","Urbana","S/D","No existe","Intersección","Bueno","S/D","Nocturna","S/D","S/D","S/D","Colisión","Ninguna","S/D","S/D","S/D"
2017,5828,8/14/2017,"Lunes",0,18:40:00,,"0.0",2,"Moto/Ciclomotor,Moto/Ciclomotor","Avenida 13 ",3,2,0,0,1,0,0,,"Avenida",,"LAS PAREJAS","Belgrano","Asfalto","No existe","III","Dentro","Urbana","Ninguna","Funciona","Recta","Bueno","Buena","Diurna","Buen Tiempo","Lateral","S/D","Colisión","Ninguna","Vertical","Ninguna","Sin restricción"
2017,5829,8/18/2017,"Viernes",0,9:35:00,"Ruta Nacional 178","0.0",1,"Automóvil"," ",1,1,0,0,0,0,0,,"Ruta",178,"LAS ROSAS","Belgrano","Hormigón","Natural","III","Dentro","Urbana","Ninguna","No existe","Recta","Bueno","Buena","Diurna","Buen Tiempo","S/D","S/D","Despiste","Ninguna","Faltante","Ninguna","Sin restricción"
2017,5830,8/18/2017,"Viernes",0,17:45:00,,"0.0",2,"Tractor,Otros","Santa Fe Y Entre Rios",3,1,0,0,1,0,1,,"Calle",,"LAS ROSAS","Belgrano","Asfalto","No existe","III","Dentro","Urbana","Ninguna","No existe","Intersección","Bueno","S/D","Diurna","Buen Tiempo","Lateral","S/D","Colisión","S/D","Faltante","Ninguna","Sin restricción"
2017,5831,8/16/2017,"Miercoles",0,9:00:00,,"0.0",2,"Moto/Ciclomotor,Moto/Ciclomotor","Calle 20 Y Cortada 17 bis",2,1,0,0,1,0,0,,"Avenida",,"LAS PAREJAS","Belgrano","Asfalto","Pavimento","III","S/D","Urbana","Semáforo","Intermitente","Recta","Bueno","Buena","Diurna","Buen Tiempo","Frontal","S/D","Colisión","Ninguna","Vertical","Ninguna","S/D"
2017,5832,8/19/2017,"Sabado",0,0:20:00,,"0.0",2,"Moto/Ciclomotor,Automóvil","San Martin Y Salta",3,2,0,0,1,0,0,,"Calle",,"LAS ROSAS","Belgrano","Asfalto","No existe","III","Dentro","Urbana","Ninguna","No existe","Intersección","Bueno","Buena","Nocturna","Buen Tiempo","Frontal","S/D","Colisión","Ninguna","Faltante","Ninguna","Sin restricción"
2017,5833,8/17/2017,"Jueves",0,16:10:00,"Ruta Nacional 178","177.0",2,"Automóvil,Moto/Ciclomotor"," ",2,0,1,0,1,0,0,,"Ruta",178,"LAS PAREJAS","Belgrano","Asfalto","Ripio","III","S/D","Urbana","Ninguna","Funciona","Recta","Bueno","Buena","Diurna","Buen Tiempo","Lateral","S/D","Colisión","Ninguna","S/D","Ninguna","Sin restricción"
2017,5834,8/19/2017,"Sabado",0,18:00:00,,"0.0",2,"Automóvil,Camión Chasis","San Martin Y Chacabuco",3,2,0,0,1,0,0,,"Calle",,"LAS ROSAS","Belgrano","Asfalto","No existe","III","Dentro","Urbana","Ninguna","No existe","Intersección","Bueno","Buena","Diurna","Buen Tiempo","Frontal","S/D","Colisión","Ninguna","Faltante","Ninguna","Sin restricción"
2017,5835,8/19/2017,"Sabado",0,23:00:00,,"0.0",2,"Moto/Ciclomotor,Moto/Ciclomotor","Calle 13 Y Calle 26",3,1,0,0,1,0,1,,"Avenida",,"LAS PAREJAS","Belgrano","Asfalto","No existe","III","S/D","Urbana","Ninguna","No existe","Intersección","Bueno","Buena","Nocturna,Con luz artificial","Buen Tiempo","Lateral","S/D","Colisión","Ninguna","S/D","Ninguna","Sin restricción"