"anio_acci","nro_acci","fecha","desc_dia","fecha_aprox","hora_aprox","desc_ruta","km","cant_participantes","desc_participante","calle_avenida_km","total","heridos_leves","heridos_graves","heridos_gravisimos","ilesos","fallecidos","sin_datos","posicion_XY","desc_tipo_via","desc_ruta_ori","desc_loc","desc_dpto","desc_tipo_calzada","desc_tipo_banquina","desc_unidad_regional","desc_lugar_calzada","desc_zona","desc_prioridad","desc_estado_semaforo","desc_lugar_via","desc_estado_via","desc_estado_visibilidad","desc_luminosidad","desc_estado_clima","desc_tipo_colision","desc_tipo_atropello","desc_tipo_hecho","desc_pres_calzada","desc_senializacion","desc_separacion_via","desc_restriccion"
2017,5836,8/20/2017,"Domingo",0,8:00:00,,"0.0",2,"Automóvil,Moto/Ciclomotor","Calle 13 Y Calle 20",2,1,0,0,1,0,0,,"Avenida",,"LAS PAREJAS","Belgrano","Asfalto","No existe","III","Dentro","Urbana","Ninguna","No existe","Intersección","Bueno","Buena","Diurna","Buen Tiempo","Lateral","S/D","Colisión","Ninguna","Faltante","Ninguna","Sin restricción"
2017,5837,8/18/2017,"Viernes",0,9:35:00,"Ruta Nacional 178","0.0",3,"Automóvil,Pickup/Utilitario,Automóvil"," ",4,1,0,0,3,0,0,,"Ruta",178,"LAS ROSAS","Belgrano","Hormigón","Natural","III","Dentro","Urbana","Ninguna","No existe","Recta","Bueno","Buena","Diurna","Buen Tiempo","Frontal,Múltiple","S/D","Colisión","Ninguna","Faltante","Ninguna","Sin restricción"
2017,5838,8/21/2017,"Lunes",0,17:50:00,,"0.0",2,"Moto/Ciclomotor,Automóvil","Maipu Y Rivadavia",2,1,0,0,1,0,0,,"Calle",,"LAS ROSAS","Belgrano","Hormigón","No existe","III","Dentro","Urbana","Ninguna","No existe","Intersección","Bueno","Buena","Diurna","Buen Tiempo","Lateral","S/D","Colisión","Ninguna","Vertical","Ninguna","Sin restricción"
2017,5839,8/18/2017,"Viernes",0,11:00:00,,"0.0",2,"Moto/Ciclomotor,Automóvil","Av Freyre Y Lisandro de la Torre",2,1,0,0,0,0,1,,"Avenida",,"SANTA FE","La Capital","Asfalto","No existe","I","Dentro","Urbana","Ninguna","No existe","Intersección","Otro","Buena","Diurna","Buen Tiempo","De alcance","S/D","Colisión","Ninguna","Faltante","Ninguna","Sin restricción"
2017,5840,8/25/2017,"Viernes",0,7:20:00,,"0.0",2,"Automóvil,Moto/Ciclomotor","San Lorenzo Y Av Gral Lopez",2,1,0,0,1,0,0,,"Calle",,"SANTA FE","La Capital","Asfalto","No existe","I","Dentro","Urbana","Ninguna","No existe","Intersección","Con baches","Buena","Amanecer","Buen Tiempo","De alcance","S/D","Colisión","Ninguna","Faltante","Ninguna","Sin restricción"
2017,5841,8/28/2017,"Lunes",0,1:50:00,,"0.0",2,"Moto/Ciclomotor,Automóvil","Av Urquiza Y Juan de Garay",2,1,0,0,1,0,0,,"Calle",,"SANTA FE","La Capital","Asfalto","No existe","I","Dentro","Urbana","Ninguna","Funciona","Intersección","Con baches","Reducida","Nocturna","Buen Tiempo","Contra objeto fijo","S/D","Colisión","Ninguna","Vertical","Ninguna","Sin restricción"
2017,5842,8/22/2017,"Martes",0,20:30:00,,"0.0",2,"Moto/Ciclomotor,Automóvil","Paso de los Andes Y Lavalle",2,1,0,0,1,0,0,,"Calle",,"LAS ROSAS","Belgrano","Asfalto","No existe","III","Dentro","Urbana","Ninguna","No existe","Intersección","Bueno","Buena","Nocturna","Buen Tiempo","Frontal","S/D","Colisión","Ninguna","Faltante","Ninguna","Sin restricción"
2017,5843,8/30/2017,"Miercoles",0,7:50:00,,"0.0",2,"Automóvil,Moto/Ciclomotor","San Lorenzo Y Juan de Garay",3,2,0,0,1,0,0,,"Calle",,"SANTA FE","La Capital","Asfalto","No existe","I","Dentro","Urbana","Ninguna","No existe","Intersección","Con baches","Buena","Diurna","Lluvia","Lateral","S/D","Colisión","Ninguna","Faltante","Ninguna","Sin restricción"
2017,5844,8/31/2017,"Jueves",0,15:45:00,,"0.0",2,"Automóvil,Moto/Ciclomotor","Av Freyre Y Juan de Garay",2,1,0,0,1,0,0,,"Avenida",,"SANTA FE","La Capital","Asfalto","No existe","I","Dentro","Urbana","Ninguna","Funciona","Intersección","Con baches","Buena","Diurna","Buen Tiempo","Otro","S/D","Colisión","Ninguna","Vertical","Ninguna","Sin restricción"
2017,5845,8/17/2017,"Jueves",0,23:30:00,,"0.0",2,"Moto/Ciclomotor,Automóvil","Nicolas Rodriguez Peña Y O'Higgins",2,1,0,0,1,0,0,,"Calle",,"SANTA FE","La Capital","Asfalto","No existe","I","Dentro","Urbana","Ninguna","No existe","Intersección","Bueno","Buena","Nocturna,Con luz artificial","Buen Tiempo","De alcance","S/D","Colisión","Ninguna","Faltante","Ninguna","Sin restricción"
2017,5846,8/28/2017,"Lunes",0,13:00:00,"Ruta Provincial 13","0.0",2,"Peatón,Camión c / Acoplado"," ",3,1,0,0,2,0,0,,"Ruta",13,"LAS ROSAS","Belgrano","Hormigón","Natural","III","Dentro","Rural","Marca Vial","No existe","Recta","Bueno","Buena","Diurna","Buen Tiempo","S/D","Peatón","Atropello","Ninguna","Vertical","Ninguna","Obra en Construcción"
2017,5847,8/25/2017,"Viernes",0,20:30:00,,"0.0",2,"Automóvil,Automóvil","Pietranera Y Vera Mujica",3,1,0,0,2,0,0,,"Calle",,"SANTA FE","La Capital","Asfalto","No existe","I","Dentro","Urbana","Ninguna","No existe","Intersección","Bueno","Buena","Nocturna,Con luz artificial","Buen Tiempo","De alcance","S/D","Colisión","Ninguna","Faltante","Ninguna","Sin restricción"
2017,5848,8/5/2017,"Sabado",0,18:30:00,,"0.0",2,"Automóvil,Automóvil","Nicasio Oroño 500",2,2,0,0,0,0,0,,"Calle",,"SANTA FE","La Capital","Asfalto","No existe","I","Dentro","Urbana","Ninguna","No existe","Recta","Bueno","Buena","Diurna","Buen Tiempo","Otro","S/D","Colisión","Ninguna","Faltante","Ninguna","Sin restricción"
2017,5849,8/14/2017,"Lunes",0,19:40:00,"Ruta Secundaria 50-s","0.0",2,"Moto/Ciclomotor,Automóvil"," ",4,3,0,0,1,0,0,,"Ruta","50-s","FRANCK","Las Colonias","Asfalto","Natural","XI","S/D","Rural","Ninguna","No existe","Recta","Bueno","Reducida","Nocturna","Buen Tiempo","Lateral","S/D","Colisión","Ninguna","Faltante","Línea divisoria pintada","Sin restricción"
2017,5850,8/4/2017,"Viernes",0,7:35:00,,"0.0",2,"Pickup/Utilitario,Peatón","Balcarce Y Alberdi",2,1,0,0,1,0,0,,"Calle",,"SANTA FE","La Capital","Asfalto","No existe","I","Dentro","Urbana","S/D","No existe","Intersección","Bueno","S/D","Amanecer","S/D","S/D","Peatón","Atropello","S/D","S/D","S/D","S/D"
2017,5851,8/24/2017,"Jueves",0,20:15:00,"Ruta Provincial 70","50.0",2,"Automóvil,Pickup/Utilitario"," ",2,1,0,0,0,0,1,,"Ruta",70,"NUEVO TORINO","Las Colonias","Asfalto","Natural","XI","S/D","Rural","Ninguna","No existe","Recta","Bueno","Buena","Nocturna","Buen Tiempo","S/D","S/D","Vuelco,Despiste","Ninguna","Faltante","Línea divisoria pintada","Sin restricción"
2017,5852,8/27/2017,"Domingo",0,17:10:00,,"0.0",2,"Moto/Ciclomotor,Automóvil","Mariano Vera Y Sargento Cabral",2,1,0,0,0,0,1,,"Calle",,"SAN JERÓNIMO NORTE","Las Colonias","Hormigón","No existe","XI","S/D","Urbana","S/D","No existe","Intersección","Bueno","Buena","Diurna","Buen Tiempo","S/D","S/D","Colisión","Ninguna","Vertical","Ninguna","Sin restricción"
2017,5853,8/19/2017,"Sabado",0,14:00:00,,"0.0",2,"Moto/Ciclomotor,Automóvil","Mariano Vera Y Estanislao Lopez",2,0,1,0,1,0,0,,"Calle",,"SAN JERÓNIMO NORTE","Las Colonias","Asfalto","No existe","XI","Dentro","Urbana","Ninguna","No existe","Intersección","Bueno","Buena","Diurna","Buen Tiempo","Lateral","S/D","Colisión","Ninguna","S/D","Línea divisoria pintada","Sin restricción"
2017,5854,8/27/2017,"Domingo",0,23:00:00,"Ruta Provincial 70","48.0",2,"Pickup/Utilitario,Moto/Ciclomotor"," ",3,0,0,1,2,0,0,,"Ruta",70,"NUEVO TORINO","Las Colonias","Asfalto","Natural","XI","Dentro","Rural","Ninguna","No existe","Recta","Bueno","Buena","Nocturna","Buen Tiempo","Lateral","S/D","Colisión","Ninguna","Faltante","Línea divisoria pintada","Sin restricción"
2017,5855,9/18/2017,"Lunes",0,20:13:00,,"0.0",2,"Pickup/Utilitario,Moto/Ciclomotor","Pte.Roca 1450",2,1,0,0,1,0,0,,"Calle",,"ROSARIO","Rosario","Asfalto","No existe","II","S/D","Urbana","S/D","S/D","Recta","S/D","S/D","Nocturna,Con luz artificial","S/D","S/D","S/D","Colisión","S/D","S/D","S/D","S/D"
2017,5856,8/10/2017,"Jueves",0,17:00:00,,"0.0",2,"Pickup/Utilitario,Bicicleta","Sarmiento Y L Novoro",2,0,1,0,1,0,0,,"Calle",,"SAN CARLOS CENTRO","Las Colonias","Asfalto","No existe","XI","Dentro","Urbana","Ninguna","No existe","Intersección","Bueno","Buena","Diurna","Buen Tiempo","S/D","Ciclista","Atropello","Ninguna","Vertical","Ninguna","Sin restricción"
2017,5857,8/5/2017,"Sabado",0,12:30:00,,"0.0",2,"Automóvil,Bicicleta","3 de Febrero Y General Paz",2,1,0,0,1,0,0,,"Calle",,"ESPERANZA","Las Colonias","Asfalto,Hormigón","No existe","XI","Dentro","Urbana","Otra Señal","No existe","Intersección","Bueno","Buena","Diurna","Buen Tiempo","S/D","Ciclista","Atropello","Ninguna","Vertical","Ninguna","Sin restricción"
2017,5858,9/6/2017,"Miercoles",0,9:20:00,,"0.0",2,"Pickup/Utilitario,Moto/Ciclomotor","Montevideo Y Laprida",5,1,1,0,3,0,0,,"Calle",,"ROSARIO","Rosario","Asfalto","No existe","II","S/D","Urbana","Paso Peatonal","No existe","Intersección","S/D","S/D","Diurna","S/D","S/D","S/D","Colisión","S/D","Horizontal","S/D","S/D"
2017,5859,8/5/2017,"Sabado",0,9:35:00,,"0.0",2,"Moto/Ciclomotor,Automóvil","Santa Fe Y Dr G Zimmermann",2,1,0,0,0,0,1,,"Calle",,"ESPERANZA","Las Colonias","Hormigón","No existe","XI","Dentro","Urbana","Otra Señal","No existe","Distribuidor","Bueno","Buena","Diurna","Buen Tiempo","Lateral","S/D","Colisión","Ninguna","Horizontal,Vertical","Línea divisoria pintada","Sin restricción"
2017,5860,8/28/2017,"Lunes",0,20:40:00,"Ruta Secundaria 80-s","0.0",1,"Camión c / Semirremolque"," ",1,1,0,0,0,0,0,,"Ruta","80-s","PROGRESO","Las Colonias","Asfalto","No existe","XI","Fuera","Rural","Policía de tránsito","No existe","Recta","Bueno","Buena","Nocturna","Buen Tiempo","S/D","S/D","Vuelco","Ninguna","Faltante","Ninguna","S/D"
2017,5861,9/5/2017,"Martes",0,11:50:00,,"0.0",2,"Taxi/Remis,Peatón","San Lorenzo Y San Martin",2,1,0,0,1,0,0,,"Calle",,"ROSARIO","Rosario","Asfalto","No existe","II","S/D","Urbana","Señal Pare","No existe","Intersección","S/D","S/D","Diurna","S/D","S/D","Peatón","Atropello","S/D","Horizontal,Vertical","Cordón divisorio","Sin restricción"
2017,5862,8/9/2017,"Miercoles",0,13:50:00,,"0.0",2,"Automóvil,Moto/Ciclomotor","Mariano Moreno Y 25 de Mayo",3,2,0,0,1,0,0,,"Calle",,"ESPERANZA","Las Colonias","Asfalto","No existe","XI","S/D","Urbana","Ninguna","No existe","Intersección","Bueno","Buena","Diurna","Buen Tiempo","Lateral","S/D","Colisión","Ninguna","Vertical","Ninguna","Sin restricción"
2017,5863,9/6/2017,"Miercoles",0,14:25:00,,"0.0",2,"Peatón,Automóvil","3 De Febrero Y Pte.Roca",2,1,0,0,1,0,0,,"Calle",,"ROSARIO","Rosario","Asfalto","No existe","II","S/D","Urbana","Paso Peatonal","No existe","Intersección","S/D","S/D","Diurna","S/D","S/D","Peatón","Atropello","S/D","Horizontal","Ninguna","S/D"
2017,5864,8/24/2017,"Jueves",0,19:30:00,,"0.0",2,"Moto/Ciclomotor,Automóvil","7 Jefes 453",2,1,0,0,1,0,0,,"Calle",,"SA PEREIRA","Las Colonias","Asfalto","Pavimento","XI","Dentro","Urbana","Ninguna","No existe","Recta","Bueno","Buena","Nocturna,Con luz artificial","Buen Tiempo","Lateral","S/D","Colisión","Ninguna","Faltante","Ninguna","Sin restricción"
2017,5865,9/18/2017,"Lunes",0,8:00:00,,"0.0",2,"Automóvil,Automóvil","Dorrego Y Catamarca",2,1,0,0,1,0,0,,"Calle",,"ROSARIO","Rosario","Asfalto","No existe","II","S/D","Urbana","S/D","No existe","Intersección","S/D","S/D","Diurna","S/D","S/D","S/D","Colisión","S/D","Faltante","S/D","S/D"
2017,5866,8/12/2017,"Sabado",0,6:45:00,"Ruta Provincial 6","0.0",1,"Automóvil","Ruta provincial 70 ",2,2,0,0,0,0,0,,"Ruta",6,"ESPERANZA","Las Colonias","Asfalto","Natural","XI","Fuera","Urbana","Ninguna","No existe","Rotonda","Bueno","Buena","Nocturna","Niebla","S/D","S/D","Despiste","Ninguna","Vertical","Ninguna","Sin restricción"
2017,5867,9/9/2017,"Sabado",0,1:30:00,,"0.0",2,"Automóvil,Pickup/Utilitario","Rioja Y 1 de Mayo",2,1,0,0,1,0,0,,"Calle",,"ROSARIO","Rosario","Asfalto","No existe","II","Dentro","Urbana","S/D","S/D","Intersección","Bueno","S/D","Nocturna","S/D","Lateral","S/D","Colisión","S/D","S/D","Cordón divisorio","S/D"
2017,5868,8/13/2017,"Domingo",0,5:10:00,,"0.0",2,"Automóvil,Moto/Ciclomotor","Chacabuco Y 1 de Mayo",2,1,0,0,1,0,0,,"Calle",,"ESPERANZA","Las Colonias","Asfalto","Pavimento","XI","S/D","Urbana","Marca Vial","No existe","Intersección","Bueno","Buena","Nocturna","Buen Tiempo","Lateral","S/D","Colisión","Ninguna","Vertical","Ninguna","Sin restricción"
2017,5869,9/23/2017,"Sabado",0,20:00:00,,"0.0",2,"Moto/Ciclomotor,Automóvil","J.M.de Rosas 1600",2,1,0,0,1,0,0,,"Calle",,"ROSARIO","Rosario","Asfalto","No existe","II","Dentro","Urbana","Paso Peatonal","No existe","Recta","Bueno","Buena","Nocturna","S/D","Otro","S/D","Colisión","S/D","Horizontal","Ninguna","S/D"
2017,5871,8/18/2017,"Viernes",0,6:50:00,,"0.0",1,"Moto/Ciclomotor","Av Cordoba Y R G Videla",2,1,0,0,1,0,0,,"Calle",,"ESPERANZA","Las Colonias","Hormigón","No existe","XI","Dentro","Urbana","Otra Señal","No existe","Intersección","Bueno","Buena","Amanecer","Buen Tiempo","S/D","S/D","Despiste","Ninguna","Vertical","Cordón divisorio","S/D"
2017,5872,8/6/2017,"Domingo",0,17:50:00,"Ruta Provincial 70","0.0",1,"Moto/Ciclomotor"," ",1,1,0,0,0,0,0,,"Ruta",70,"HUMBOLDT","Las Colonias","Asfalto","Natural","XI","Fuera","Rural","Ninguna","No existe","Recta","Bueno","Buena","Atardecer","Buen Tiempo","S/D","S/D","Despiste","Ninguna","Faltante","Línea divisoria pintada","Sin restricción"
2017,5873,8/5/2017,"Sabado",0,18:30:00,,"0.0",2,"Pickup/Utilitario,Moto/Ciclomotor","Av Leandro Alem Y Velez Sarsfield",2,1,0,0,1,0,0,,"Calle",,"SANTA FE","La Capital","Asfalto","No existe","I","Dentro","Urbana","S/D","No existe","Intersección","Bueno","S/D","Diurna","S/D","Lateral","S/D","Colisión","S/D","S/D","S/D","S/D"
2017,5874,8/25/2017,"Viernes",0,7:40:00,,"0.0",1,"Moto/Ciclomotor","Pueyrredon 3166",1,1,0,0,0,0,0,,"Calle",,"ESPERANZA","Las Colonias","Asfalto","Pavimento","XI","Dentro","Urbana","Marca Vial","No existe","Recta","Bueno","Buena","Diurna","Buen Tiempo","Atropello animal","S/D","Colisión","Ninguna","Horizontal","Ninguna","Sin restricción"
2017,5875,8/25/2017,"Viernes",0,18:45:00,,"0.0",1,"Moto/Ciclomotor","Lopez y Planes 550",2,1,0,0,1,0,0,,"Avenida",,"ESPERANZA","Las Colonias","Asfalto","No existe","XI","Dentro","Urbana","Ninguna","No existe","Recta","Bueno","Buena","Atardecer","Buen Tiempo","Atropello animal","S/D","Colisión","Ninguna","Vertical","Ninguna","Sin restricción"
2017,5876,8/28/2017,"Lunes",0,15:00:00,"Ruta Provincial 93","28.0",2,"Camión c / Acoplado,Vehículo Oficial"," ",4,2,0,0,1,1,0,"-33.569352, -61.471734","Ruta",93,"MELINCUÉ","General López","Asfalto","S/D","VIII","Dentro","Urbana","Ninguna","S/D","Recta","S/D","S/D","Diurna","Niebla","De alcance","S/D","Colisión","S/D","S/D","Línea divisoria pintada","Sin restricción"
2017,5877,9/23/2017,"Sabado",0,6:45:00,"Ruta Nacional 11","678.0",1,"Automóvil"," ",1,1,0,0,0,0,0,,"Ruta",11,"CALCHAQUÍ","Vera","Asfalto","Natural","XIX","Fuera","S/D","S/D","No existe","Recta","Bueno","S/D","Amanecer","Buen Tiempo","S/D","S/D","Vuelco","Ninguna","Horizontal","S/D","S/D"
2017,5878,8/27/2017,"Domingo",0,11:40:00,,"0.0",2,"Moto/Ciclomotor,Moto/Ciclomotor","Lavalle Y Jose Terragni",2,1,1,0,0,0,0,,"Calle",,"ESPERANZA","Las Colonias","Asfalto","No existe","XI","S/D","Urbana","Ninguna","No existe","Intersección","Bueno","Buena","Diurna","Buen Tiempo","De alcance","S/D","Colisión","Ninguna","Faltante","Ninguna","Sin restricción"
2017,5879,9/26/2017,"Martes",0,13:05:00,,"0.0",2,"Automóvil,Moto/Ciclomotor"," ",2,1,0,0,1,0,0,,"Camino Rural",,"CALCHAQUÍ","Vera","Tierra","Natural","XIX","S/D","Rural","S/D","No existe","Curva","Bueno","Buena","Diurna","Buen Tiempo","S/D","S/D","Colisión","Ninguna","S/D","S/D","Sin restricción"
2017,5880,8/29/2017,"Martes",0,22:35:00,,"0.0",2,"Moto/Ciclomotor,Automóvil","Domingo Faustino Sarmiento Y Cesar M Pittier",2,1,0,0,0,0,1,,"Calle",,"ESPERANZA","Las Colonias","Ripio","Pavimento","XI","Dentro","Urbana","Marca Vial","No existe","Intersección","Bueno","Buena","Nocturna","Buen Tiempo","Lateral","S/D","Colisión","Ninguna","Horizontal","Ninguna","Sin restricción"
2017,5881,9/24/2017,"Domingo",0,14:30:00,,"0.0",2,"Automóvil,Moto/Ciclomotor","Bv Belgrano Y Juan De Garay",2,1,0,0,1,0,0,,"Avenida",,"CALCHAQUÍ","Vera","Asfalto","Pavimento","XIX","Dentro","Urbana","S/D","No existe","Curva","Bueno","Buena","Diurna","Buen Tiempo","De alcance","S/D","Colisión","Ninguna","S/D","Barrera de hormigón","S/D"
2017,5882,8/30/2017,"Miercoles",0,8:30:00,,"0.0",2,"Moto/Ciclomotor,Pickup/Utilitario","Alberdi Y Av Los Colonizadores",2,0,1,0,0,0,1,,"Calle",,"ESPERANZA","Las Colonias","Hormigón","No existe","XI","Dentro","Urbana","Semáforo","Funciona","Intersección","Bueno","Buena","Diurna","Buen Tiempo","Lateral","S/D","Colisión","Ninguna","Vertical","Cordón divisorio","Sin restricción"
2017,5883,8/5/2017,"Sabado",0,,,"0.0",1,"Vehículo Oficial","Juan B Alberdi ",2,0,0,0,1,1,0,"-31.550008, -60.737595","Calle",,"RECREO","La Capital","Asfalto","S/D","I","Dentro","Rural","S/D","S/D","Intersección","S/D","S/D","S/D","S/D","S/D","S/D","Vuelco","S/D","S/D","S/D","S/D"
2017,5884,8/23/2017,"Miercoles",0,13:50:00,,"0.0",2,"Pickup/Utilitario,Moto/Ciclomotor","Neuquen Y Catamarca",3,0,1,0,2,0,0,,"Calle",,"TOSTADO","9 de Julio","Ripio","No existe","XII","Dentro","Urbana","Ninguna","No existe","Intersección","Bueno","Buena","Diurna","Buen Tiempo","Lateral","S/D","Colisión","Ninguna","Faltante","Ninguna","Sin restricción"
2017,5885,8/31/2017,"Jueves",0,19:30:00,"Ruta Nacional 11","914.5",2,"Automóvil,Pickup/Utilitario"," ",2,0,0,0,1,1,0,"-28.14517, -59.26366","Ruta",11,"FLORENCIA","General Obligado","Asfalto","S/D","IX","Dentro","Rural","S/D","S/D","Recta","S/D","S/D","Diurna","S/D","S/D","S/D","Colisión","S/D","S/D","S/D","Sin restricción"
2017,5886,8/17/2017,"Jueves",0,1:30:00,,"0.0",2,"Automóvil,Moto/Ciclomotor","Los Andes Y 25 de Mayo",2,0,1,0,1,0,0,,"Calle",,"TOSTADO","9 de Julio","Asfalto,Ripio","No existe","XII","Dentro","Urbana","Ninguna","No existe","Intersección","Bueno","Buena","Nocturna","Buen Tiempo","Lateral","S/D","Colisión","Ninguna","Faltante","Ninguna","Sin restricción"
2017,5887,8/5/2017,"Sabado",0,21:30:00,"Ruta Nacional 11","483.8",2,"Moto/Ciclomotor,Automóvil","Ruta Nacional 1V011- Juan de Garay  Y Quiroga",2,0,0,0,1,1,0,"-31.498740669339895, -60.7308445684","Ruta",11,"RECREO","La Capital","Asfalto","S/D","I","Dentro","Urbana","S/D","S/D","Recta","S/D","S/D","Nocturna","S/D","S/D","S/D","Colisión","S/D","S/D","S/D","S/D"
2017,5888,8/12/2017,"Sabado",0,20:00:00,,"0.0",2,"Automóvil,Moto/Ciclomotor","Avenida San Martin Y Santa Fe",3,3,0,0,0,0,0,,"Calle",,"TOSTADO","9 de Julio","Asfalto","S/D","XII","Dentro","Urbana","Ninguna","No existe","Intersección","Bueno","Buena","Nocturna","Buen Tiempo","Lateral","S/D","Colisión","Ninguna","Faltante","Ninguna","Sin restricción"
2017,5889,8/21/2017,"Lunes",0,0:20:00,,"0.0",1,"Moto/Ciclomotor","Gral San Martin ",1,1,0,0,0,0,0,,"Calle",,"VILLA MINETTI","9 de Julio","Tierra","No existe","XI","Fuera","Urbana","Ninguna","No existe","Recta","Ahuellamiento","Reducida","Nocturna","Buen Tiempo","S/D","S/D","Despiste","Material Suelto","Faltante","Ninguna","Sin restricción"
2017,5890,8/14/2017,"Lunes",0,12:15:00,,"0.0",2,"Moto/Ciclomotor,Pickup/Utilitario","Art Ramon Villarreal Y Julio A Roca",2,0,1,0,1,0,0,,"Calle",,"TOSTADO","9 de Julio","Asfalto","No existe","XII","Dentro","Urbana","Ninguna","No existe","Intersección","Bueno","Buena","Diurna","Buen Tiempo","Lateral","S/D","Colisión","Ninguna","Faltante","Ninguna","Sin restricción"
2017,5891,8/19/2017,"Sabado",0,16:20:00,,"0.0",2,"Moto/Ciclomotor,Moto/Ciclomotor","9 de Julio Y 25 de Mayo",3,2,0,0,1,0,0,,"Calle",,"VILLA MINETTI","9 de Julio","Hormigón","No existe","XII","Dentro","Urbana","Ninguna","No existe","Intersección","Bueno","Buena","Diurna","Buen Tiempo","Lateral","S/D","Colisión","Ninguna","Faltante","Ninguna","Sin restricción"
2017,5892,8/20/2017,"Domingo",0,5:35:00,,"0.0",1,"Pickup/Utilitario","MONTESERIN Y CERES Y DIEGO BARRENECHEA",1,1,0,0,0,0,0,,"Calle",,"LOGROÑO","9 de Julio","Ripio","No existe","XII","Dentro","Urbana","Ninguna","No existe","Recta","Bueno","Buena","Amanecer,Con luz artificial","Buen Tiempo","Contra objeto fijo","S/D","Colisión","Ninguna","Faltante","Ninguna","Sin restricción"
2017,5893,8/31/2017,"Jueves",0,17:20:00,,"0.0",2,"Bicicleta,Pickup/Utilitario","SAN ROQUE ZONA RURAL ",2,1,0,0,1,0,0,,"Camino Rural",,"SAN JUSTO","San Justo","Tierra","No existe","XVI","S/D","Rural","Ninguna","No existe","Recta","Bueno","Buena","Diurna","Buen Tiempo","S/D","Ciclista","Atropello","Ninguna","Faltante","Ninguna","Sin restricción"
2017,5894,9/22/2017,"Viernes",0,19:50:00,,"0.0",1,"Moto/Ciclomotor","16 de Agosto ",2,2,0,0,0,0,0,,"Calle",,"MARGARITA","Vera","Asfalto","No existe","XIX","Dentro","Urbana","Ninguna","No existe","Recta","Bueno","Buena","Atardecer","Buen Tiempo","S/D","S/D","Caída ocupante","Ninguna","Faltante","Ninguna","Sin restricción"
2017,5895,9/2/2017,"Sabado",0,20:45:00,"Ruta Provincial 3","0.0",1,"Pickup/Utilitario"," ",1,1,0,0,0,0,0,,"Ruta",3,"INTIYACO","Vera","Asfalto","Natural","XIX","Dentro","Rural","Ninguna","No existe","Recta","Bueno","Buena","Nocturna","Buen Tiempo","Atropello animal","S/D","Colisión","Ninguna","S/D","Línea divisoria pintada","Sin restricción"
2017,5896,9/1/2017,"Viernes",0,22:55:00,,"0.0",2,"Automóvil,Moto/Ciclomotor","25 de Mayo Y Sarmiento D",2,1,0,0,1,0,0,,"Calle",,"VERA","Vera","Asfalto","No existe","XIX","Dentro","Urbana","Ninguna","No existe","Intersección","Bueno","Buena","Nocturna","Buen Tiempo","Frontal","S/D","Colisión","Ninguna","Faltante","Ninguna","Sin restricción"
2017,5897,9/2/2017,"Sabado",0,11:30:00,,"0.0",2,"Bicicleta,Automóvil","Belgrano 1800",2,1,0,0,1,0,0,,"Calle",,"VERA","Vera","Asfalto","No existe","XIX","S/D","Urbana","Ninguna","No existe","Recta","Bueno","Buena","Diurna","Buen Tiempo","Contra objeto fijo","S/D","Colisión","Ninguna","Faltante","Ninguna","Sin restricción"
2017,5898,8/13/2017,"Domingo",0,18:10:00,,"0.0",1,"Moto/Ciclomotor","Dr Santos Viani 2080",2,2,0,0,0,0,0,,"Calle",,"HUMBOLDT","Las Colonias","Hormigón","Natural","XI","Dentro","Urbana","Ninguna","No existe","Recta","Bueno","Buena","Atardecer","Buen Tiempo","S/D","S/D","Caída ocupante","Ninguna","Faltante","Línea divisoria pintada","Sin restricción"
2017,5899,8/19/2017,"Sabado",0,2:00:00,,"0.0",2,"Transporte de Pasajeros (H/ 8 asientos),Moto/Ciclomotor","Dr Santos Viani Y Av Libertad",3,2,0,0,1,0,0,,"Calle",,"HUMBOLDT","Las Colonias","Hormigón","No existe","XI","Dentro","Urbana","Ninguna","No existe","Recta","Bueno","Buena","Nocturna","Buen Tiempo","Frontal","S/D","Colisión","Ninguna","Faltante","Ninguna","Sin restricción"
2017,5900,12/21/2017,"Jueves",0,20:00:00,,"0.0",2,"Automóvil,Moto/Ciclomotor","Moreno 2600",2,1,0,0,1,0,0,,"Calle",,"SANTA FE","La Capital","Asfalto","No existe","I","Dentro","Urbana","Ninguna","No existe","Recta","Bueno","Buena","Nocturna,Con luz artificial","Buen Tiempo","Lateral","S/D","Colisión","Ninguna","Horizontal","Ninguna","Sin restricción"
2017,5901,12/6/2017,"Miercoles",0,9:50:00,,"0.0",2,"Moto/Ciclomotor,Transporte de Pasajeros Urbano (> 8 asientos)","Av Pte Peron Y Bv Pellegrini",2,1,0,0,1,0,0,,"Avenida",,"SANTA FE","La Capital","Asfalto","No existe","I","S/D","Urbana","Ninguna","No existe","Intersección","Bueno","Buena","Diurna","Buen Tiempo","Lateral","S/D","Colisión","Ninguna","Faltante","Ninguna","Sin restricción"
2017,5902,12/22/2017,"Viernes",0,12:30:00,,"0.0",2,"Bicicleta,Automóvil","9 de Julio 3300",2,1,0,0,1,0,0,,"Calle",,"SANTA FE","La Capital","Asfalto","No existe","I","Dentro","Urbana","Ninguna","No existe","Recta","Bueno","Buena","Diurna","Buen Tiempo","S/D","Ciclista","Atropello","Ninguna","Horizontal","Ninguna","Sin restricción"