"anio_acci","nro_acci","fecha","desc_dia","fecha_aprox","hora_aprox","desc_ruta","km","cant_participantes","desc_participante","calle_avenida_km","total","heridos_leves","heridos_graves","heridos_gravisimos","ilesos","fallecidos","sin_datos","posicion_XY","desc_tipo_via","desc_ruta_ori","desc_loc","desc_dpto","desc_tipo_calzada","desc_tipo_banquina","desc_unidad_regional","desc_lugar_calzada","desc_zona","desc_prioridad","desc_estado_semaforo","desc_lugar_via","desc_estado_via","desc_estado_visibilidad","desc_luminosidad","desc_estado_clima","desc_tipo_colision","desc_tipo_atropello","desc_tipo_hecho","desc_pres_calzada","desc_senializacion","desc_separacion_via","desc_restriccion"
2017,5903,12/6/2017,"Miercoles",0,19:30:00,,"0.0",2,"Automóvil,Automóvil","Francia Y Candido Pujato",3,1,0,0,2,0,0,,"S/D",,"SANTA FE","La Capital","Asfalto","No existe","I","S/D","Urbana","Ninguna","No existe","Intersección","Bueno","Buena","Atardecer","Buen Tiempo","Lateral","S/D","Colisión","Agua","Vertical","Ninguna","Sin restricción"
2017,5904,12/25/2017,"Lunes",0,6:45:00,,"0.0",2,"Automóvil,Moto/Ciclomotor","San Jeronimo Y Mendoza",3,2,0,0,1,0,0,,"Calle",,"SANTA FE","La Capital","Asfalto","No existe","I","Dentro","Urbana","Ninguna","No existe","Intersección","Bueno","Buena","Diurna","Buen Tiempo","Lateral","S/D","Colisión","Ninguna","Horizontal","Ninguna","Sin restricción"
2017,5905,12/7/2017,"Jueves",0,12:40:00,,"0.0",2,"Automóvil,Automóvil","Mendoza 3600",2,1,0,0,1,0,0,,"Calle",,"SANTA FE","La Capital","Asfalto","No existe","I","S/D","Urbana","Ninguna","No existe","Recta","Bueno","Buena","Diurna","Buen Tiempo","Lateral","S/D","Colisión","Ninguna","Horizontal","Ninguna","Sin restricción"
2017,5906,12/21/2017,"Jueves",0,9:15:00,,"0.0",2,"Taxi/Remis,Bicicleta","San Jeronimo Y Tucuman",2,1,0,0,1,0,0,,"Calle",,"SANTA FE","La Capital","Asfalto","No existe","I","Dentro","Urbana","Ninguna","No existe","Intersección","Bueno","Buena","Diurna","Buen Tiempo","Lateral","Ciclista","Atropello","Ninguna","Horizontal","Ninguna","Sin restricción"
2017,5907,12/8/2017,"Viernes",0,6:30:00,,"0.0",2,"Automóvil,Moto/Ciclomotor","Bv Pellegrini 3500",3,1,0,0,2,0,0,,"Avenida",,"SANTA FE","La Capital","Asfalto","No existe","I","S/D","Urbana","Ninguna","No existe","Recta","Bueno","Buena","Diurna","Buen Tiempo","Lateral","S/D","Colisión","Ninguna","Vertical","Ninguna","Sin restricción"
2017,5908,12/20/2017,"Miercoles",0,12:30:00,,"0.0",2,"Peatón,Taxi/Remis","Rivadavia Y Hipolito Yrigoyen",2,1,0,0,1,0,0,,"Avenida",,"SANTA FE","La Capital","Asfalto","No existe","I","Dentro","Urbana","Ninguna","Funciona","Intersección","Bueno","Buena","Diurna","Buen Tiempo","S/D","Peatón","Atropello","Ninguna","Horizontal,Vertical","Ninguna","Sin restricción"
2017,5909,12/18/2017,"Lunes",0,14:00:00,,"0.0",1,"Transporte de Pasajeros","9 de Julio Y Junin",2,1,0,0,1,0,0,,"Calle",,"SANTA FE","La Capital","Asfalto","Ripio","I","Dentro","Urbana","Ninguna","No existe","Intersección","Bueno","Buena","Diurna","Buen Tiempo","Contra objeto fijo","Peatón","Caída ocupante,Atropello","Ninguna","Horizontal","Ninguna","Sin restricción"
2017,5910,12/12/2017,"Martes",0,12:10:00,,"0.0",2,"Bicicleta,Automóvil","Primera Junta Y Francia",2,2,0,0,0,0,0,,"Calle",,"SANTA FE","La Capital","Asfalto","No existe","I","S/D","Urbana","Ninguna","No existe","Intersección","Bueno","Buena","Diurna","Buen Tiempo","Lateral","Ciclista","Atropello","Ninguna","Vertical","Ninguna","Sin restricción"
2017,5911,12/18/2017,"Lunes",0,8:50:00,,"0.0",2,"Automóvil,Moto/Ciclomotor"," ",2,1,0,0,1,0,0,,"Calle",,"SANTA FE","La Capital","Asfalto","No existe","I","Dentro","Urbana","Ninguna","No existe","Intersección","Bueno","Buena","Diurna","Buen Tiempo","Lateral","S/D","Colisión","Ninguna","Horizontal","Ninguna","Sin restricción"
2017,5912,12/13/2017,"Miercoles",0,15:00:00,,"0.0",2,"Moto/Ciclomotor,Automóvil"," ",2,1,0,0,1,0,0,,"S/D",,"SANTA FE","La Capital","S/D","S/D","I","S/D","S/D","S/D","S/D","S/D","S/D","S/D","Diurna","S/D","S/D","S/D","S/D","S/D","S/D","S/D","S/D"
2017,5913,12/17/2017,"Domingo",0,16:40:00,,"0.0",2,"Automóvil,Moto/Ciclomotor","Rivadavia Y Irigoyen Freyre",3,1,0,0,2,0,0,,"Avenida",,"SANTA FE","La Capital","Asfalto","No existe","I","Dentro","Urbana","Ninguna","Funciona","Intersección","Bueno","Buena","Diurna","Buen Tiempo","Lateral","S/D","Atropello","Ninguna","Horizontal,Vertical","Ninguna","Sin restricción"
2017,5914,12/13/2017,"Miercoles",0,18:30:00,,"0.0",2,"Moto/Ciclomotor,Automóvil","Saavedra Y Tucuman",3,1,0,0,2,0,0,,"Calle",,"SANTA FE","La Capital","Asfalto","No existe","I","S/D","Urbana","Ninguna","No existe","Intersección","Bueno","Buena","Atardecer","Buen Tiempo","Lateral","S/D","Colisión","Ninguna","Vertical","Ninguna","Sin restricción"
2017,5915,12/16/2017,"Sabado",0,5:55:00,,"0.0",1,"Automóvil","AVENIDA MAR ARGENTINO Y ENTRADA CLUB NAUTICO SUR",2,2,0,0,0,0,0,,"Avenida",,"SANTA FE","La Capital","Hormigón","Natural","I","Dentro","Urbana","Ninguna","No existe","Intersección","Bueno","Buena","Amanecer","Buen Tiempo","S/D","S/D","Vuelco","Ninguna","Horizontal","Vegetación","Sin restricción"
2017,5916,12/16/2017,"Sabado",0,,,"0.0",2,"Moto/Ciclomotor,Automóvil","Primera Junta Y Av Urquiza",2,1,0,0,1,0,0,,"S/D",,"SANTA FE","La Capital","Asfalto","No existe","I","S/D","Urbana","S/D","No existe","Intersección","Bueno","Buena","Diurna","Buen Tiempo","S/D","S/D","S/D","Ninguna","Vertical","Ninguna","S/D"
2017,5917,12/14/2017,"Jueves",0,9:40:00,,"0.0",2,"Automóvil,Automóvil","Santiago del Estero Y San Jeronimo",2,1,0,0,1,0,0,,"Calle",,"SANTA FE","La Capital","Asfalto","No existe","I","Dentro","Urbana","Ninguna","No existe","Intersección","Bueno","Buena","Diurna","Buen Tiempo","Lateral","S/D","Colisión","Ninguna","Horizontal","Ninguna","Sin restricción"
2017,5918,12/18/2017,"Lunes",0,10:45:00,,"0.0",2,"Moto/Ciclomotor,Automóvil","Catamarca Y Saavedra",3,1,0,0,2,0,0,,"Calle",,"SANTA FE","La Capital","Asfalto","S/D","I","S/D","Urbana","S/D","S/D","Intersección","Bueno","S/D","Diurna","Buen Tiempo","Lateral","S/D","Colisión","Ninguna","Vertical","Ninguna","Sin restricción"
2017,5919,12/13/2017,"Miercoles",0,,,"0.0",2,"Bicicleta,Taxi/Remis","Av Leandro Alem Y La Rioja",2,1,0,0,1,0,0,,"Avenida",,"SANTA FE","La Capital","Hormigón","No existe","I","Dentro","Urbana","Ninguna","Funciona","Intersección","Bueno","Buena","Diurna","Buen Tiempo","De alcance","Ciclista","Atropello","Ninguna","Horizontal,Vertical","Ninguna","Sin restricción"
2017,5920,12/12/2017,"Martes",0,11:00:00,,"0.0",2,"Moto/Ciclomotor,Camión","Av 27 de Febrero Y Mendoza",2,1,0,0,1,0,0,,"Avenida",,"SANTA FE","La Capital","Hormigón","No existe","I","Dentro","Urbana","Ninguna","Funciona","Recta","Bueno","Buena","Diurna","Buen Tiempo","S/D","S/D","Colisión","Ninguna","Horizontal,Vertical","Ninguna","Sin restricción"
2017,5921,12/20/2017,"Miercoles",0,11:25:00,,"0.0",2,"Moto/Ciclomotor,Pickup/Utilitario","La Rioja Y Av Freyre",2,1,0,0,1,0,0,,"S/D",,"SANTA FE","La Capital","Asfalto","S/D","I","S/D","Urbana","Ninguna","S/D","Intersección","Bueno","S/D","Diurna","Buen Tiempo","Lateral","S/D","Colisión","Ninguna","Vertical","Ninguna","Sin restricción"
2017,5922,12/11/2017,"Lunes",0,12:30:00,,"0.0",2,"Automóvil,Moto/Ciclomotor","MARIANO COMAS Y PJE RODRIGUEZ",2,1,0,0,1,0,0,,"Calle",,"SANTA FE","La Capital","Asfalto","No existe","I","Dentro","Urbana","Ninguna","No existe","Intersección","Bueno","Buena","Diurna","Buen Tiempo","Lateral","S/D","Colisión","Ninguna","Horizontal","Ninguna","Sin restricción"
2017,5923,12/21/2017,"Jueves",0,11:00:00,,"0.0",2,"Moto/Ciclomotor,Pickup/Utilitario","Francia Y Hipolito Yrigoyen",3,2,0,0,1,0,0,,"S/D",,"SANTA FE","La Capital","Asfalto","No existe","I","S/D","Urbana","Ninguna","No existe","Intersección","Bueno","Buena","Diurna","Buen Tiempo","Lateral","S/D","Colisión","Agua","Vertical","Ninguna","Sin restricción"
2017,5924,12/10/2017,"Domingo",0,14:15:00,,"0.0",2,"Automóvil,Moto/Ciclomotor","4 de Enero Y Mariano Comas",2,1,0,0,1,0,0,,"Calle",,"SANTA FE","La Capital","Asfalto","No existe","I","Dentro","Urbana","Ninguna","No existe","Intersección","Bueno","Buena","Diurna","Buen Tiempo","Lateral","S/D","Colisión","Ninguna","Horizontal","Ninguna","Sin restricción"
2017,5925,12/22/2017,"Viernes",0,18:40:00,,"0.0",2,"Moto/Ciclomotor,Automóvil","Vera Y Santiago de Chile",2,1,0,0,1,0,0,,"S/D",,"SANTA FE","La Capital","Asfalto","No existe","I","S/D","Urbana","Ninguna","No existe","Intersección","Bueno","Buena","Atardecer","Buen Tiempo","Lateral","S/D","Colisión","Ninguna","Vertical","S/D","Sin restricción"
2017,5926,9/9/2017,"Sabado",0,5:25:00,,"0.0",1,"Pickup/Utilitario","17 De Agosto Y Los 7 Jefes",8,2,0,0,6,0,0,,"Calle",,"ARRUFÓ","San Cristóbal","Ripio","Natural","XIII","Fuera","Urbana","Ninguna","No existe","Intersección","Bueno","Reducida","Nocturna","Niebla","S/D","S/D","Vuelco","Ninguna","Faltante","Ninguna","Sin restricción"
2017,5927,9/2/2017,"Sabado",0,14:00:00,,"0.0",2,"Automóvil,Automóvil","Av. Ovidio Lagos Y Montevideo",4,1,0,0,3,0,0,,"S/D",,"ROSARIO","Rosario","Asfalto","No existe","II","Dentro","Urbana","Semáforo","Funciona","Recta","Bueno","Buena","Diurna","Buen Tiempo","De alcance","S/D","Colisión","Ninguna","Horizontal,Vertical","Ninguna","Sin restricción"
2017,5928,9/26/2017,"Martes",0,16:30:00,,"0.0",2,"Automóvil,Bicicleta","Rioja Y Vera Mujica",2,1,0,0,1,0,0,,"Calle",,"ROSARIO","Rosario","Asfalto","No existe","II","Dentro","Urbana","Ninguna","No existe","Intersección","Bueno","Buena","Diurna","Buen Tiempo","S/D","Ciclista","Atropello","Ninguna","Faltante","Ninguna","Sin restricción"
2017,5929,9/22/2017,"Viernes",0,18:30:00,,"0.0",3,"Peatón,Peatón,Automóvil","San Juan Y Callao",3,1,0,0,2,0,0,,"Calle",,"ROSARIO","Rosario","Asfalto","No existe","II","Dentro","Urbana","Semáforo","Funciona","Intersección","Bueno","Buena","Atardecer","Buen Tiempo","S/D","Peatón","Atropello","Ninguna","Faltante","Ninguna","Sin restricción"
2017,5930,9/22/2017,"Viernes",0,18:20:00,,"0.0",2,"Moto/Ciclomotor,Automóvil","Av. Pellegrini Y Gutenberg",2,1,0,0,1,0,0,,"Calle",,"ROSARIO","Rosario","Asfalto","No existe","II","Dentro","Urbana","Ninguna","Funciona","Intersección","Bueno","Buena","Diurna","Buen Tiempo","De alcance","S/D","Colisión","Ninguna","Vertical","Ninguna","Sin restricción"
2017,5931,9/15/2017,"Viernes",0,16:00:00,,"0.0",2,"Automóvil,Moto/Ciclomotor","Thompson Y B de Astrada",2,1,0,0,1,0,0,,"Calle",,"SAN LORENZO","San Lorenzo","Asfalto","No existe","XVII","Dentro","Urbana","Ninguna","No existe","Intersección","Bueno","Buena","Diurna","Buen Tiempo","Lateral","S/D","Colisión","Ninguna","Faltante","Ninguna","Sin restricción"
2017,5932,9/22/2017,"Viernes",0,10:55:00,,"0.0",2,"Automóvil,Automóvil","Montevideo Y Rodriguez",4,2,0,0,1,0,1,,"Calle",,"ROSARIO","Rosario","Asfalto","No existe","II","Dentro","Urbana","Ninguna","No existe","Intersección","Bueno","Buena","Diurna","Buen Tiempo","De alcance","S/D","Colisión","Ninguna","Faltante","Ninguna","Obra en Construcción"
2017,5933,9/14/2017,"Jueves",0,18:50:00,,"0.0",2,"Automóvil,Moto/Ciclomotor","San Luis Y Av. Ovidio Lagos",2,1,0,0,1,0,0,,"Calle",,"ROSARIO","Rosario","Asfalto","No existe","II","Dentro","Urbana","Ninguna","Funciona","Intersección","Bueno","Buena","Diurna","Buen Tiempo","De alcance","S/D","Colisión","Ninguna","Vertical","Ninguna","Sin restricción"
2017,5934,9/18/2017,"Lunes",0,13:30:00,,"0.0",2,"Bicicleta,Automóvil","E.Zeballos Y Bv. Avellaneda",2,1,0,0,1,0,0,,"Avenida",,"ROSARIO","Rosario","Asfalto","No existe","II","Fuera","Urbana","Semáforo","Funciona","Recta","Bueno","Buena","Diurna","Buen Tiempo","S/D","Ciclista","Atropello","Ninguna","Faltante","Ninguna","Sin restricción"
2017,5935,9/1/2017,"Viernes",0,22:45:00,,"0.0",2,"Moto/Ciclomotor,Automóvil","Av. Pellegrini Y Iriondo",2,1,0,0,0,0,1,,"Calle",,"ROSARIO","Rosario","Asfalto","No existe","II","Dentro","Urbana","Ninguna","No existe","Recta","Bueno","Buena","Nocturna","Buen Tiempo","De alcance","S/D","Colisión","Ninguna","Faltante","Barrera de hormigón","Sin restricción"
2017,5936,9/5/2017,"Martes",0,5:35:00,,"0.0",2,"Automóvil,Automóvil","Av. Francia Y Mendoza",2,2,0,0,0,0,0,,"Avenida",,"ROSARIO","Rosario","Asfalto","No existe","II","Dentro","Urbana","Semáforo","Funciona","Intersección","Bueno","Buena","Nocturna","Buen Tiempo","De alcance","S/D","Colisión","Ninguna","Faltante","Ninguna","Sin restricción"
2017,5937,9/8/2017,"Viernes",0,8:00:00,,"0.0",2,"Automóvil,Automóvil","Ituzaingo Y Cochabamba",4,0,1,0,3,0,0,,"Calle",,"SAN CRISTÓBAL","San Cristóbal","Hormigón","No existe","XIII","Dentro","Urbana","Otra Señal","No existe","Intersección","Resbaladiza","Buena","Diurna","Lluvia","Lateral","S/D","Colisión","Agua","Vertical","Cordón divisorio","Sin restricción"
2017,5938,9/9/2017,"Sabado",0,20:35:00,,"0.0",2,"Moto/Ciclomotor,Automóvil","Iriondo Y Montevideo",3,1,0,0,2,0,0,,"Calle",,"ROSARIO","Rosario","Asfalto","No existe","II","Fuera","Urbana","Ninguna","No existe","Intersección","Bueno","Buena","Nocturna","Buen Tiempo","De alcance","S/D","Colisión","Ninguna","Faltante","Ninguna","Sin restricción"
2017,5939,9/8/2017,"Viernes",0,11:10:00,,"0.0",2,"Automóvil,Moto/Ciclomotor","9 de Julio Y Cordoba",3,0,1,0,2,0,0,,"Calle",,"SUARDI","San Cristóbal","Asfalto","Pavimento","XIII","Dentro","Urbana","Ninguna","No existe","Intersección","Bueno","Buena","Diurna","Otro","Lateral","S/D","Colisión","Ninguna","S/D","Ninguna","Sin restricción"
2017,5941,9/6/2017,"Miercoles",0,16:30:00,,"0.0",2,"Automóvil,Automóvil","Pueyrredon Y 9 De Julio",2,1,0,0,1,0,0,,"Calle",,"ROSARIO","Rosario","Asfalto","No existe","II","Dentro","Urbana","Ninguna","No existe","Intersección","Bueno","Buena","Diurna","Buen Tiempo","Lateral","S/D","Colisión","Ninguna","Faltante","Ninguna","Sin restricción"
2017,5942,9/17/2017,"Domingo",0,21:35:00,,"0.0",2,"Automóvil,Bicicleta","Montevideo 4496",2,1,0,0,1,0,0,,"Calle",,"ROSARIO","Rosario","Asfalto","Pavimento","II","Dentro","Urbana","Ninguna","No existe","Recta","Bueno","Buena","Nocturna","Buen Tiempo","S/D","Ciclista","Atropello","Ninguna","Faltante","Ninguna","Sin restricción"
2017,5943,9/5/2017,"Martes",0,13:00:00,,"0.0",2,"Pickup/Utilitario,Pickup/Utilitario","Gral Belgrano Y Gral Paz",2,1,0,0,1,0,0,,"S/D",,"SAN CRISTÓBAL","San Cristóbal","Asfalto","No existe","XIII","S/D","Urbana","Ninguna","No existe","Intersección","Bueno","Buena","Diurna","Buen Tiempo","Lateral","S/D","Colisión","Ninguna","Faltante","Ninguna","Sin restricción"
2017,5944,9/23/2017,"Sabado",0,17:30:00,,"0.0",2,"Moto/Ciclomotor,Taxi/Remis","Av. Francia Y Santa Fe",3,2,0,0,1,0,0,,"Calle",,"ROSARIO","Rosario","Asfalto","No existe","II","Dentro","Urbana","Semáforo","Funciona","Intersección","Bueno","Buena","Diurna","Buen Tiempo","Lateral","S/D","Colisión","S/D","Vertical","S/D","Sin restricción"
2017,5945,9/2/2017,"Sabado",0,8:40:00,,"0.0",2,"Moto/Ciclomotor,Automóvil","Alsina Y E.Zeballos",2,1,0,0,1,0,0,,"Calle",,"ROSARIO","Rosario","Asfalto","S/D","II","Fuera","Urbana","Ninguna","No existe","Intersección","Bueno","Buena","Diurna","Buen Tiempo","De alcance","S/D","Colisión","Ninguna","Faltante","Ninguna","Sin restricción"
2017,5946,9/2/2017,"Sabado",0,12:30:00,,"0.0",2,"Automóvil,Automóvil","Guemes Y Tucuman",6,5,0,0,1,0,0,,"Calle",,"SAN GUILLERMO","San Cristóbal","Arena","No existe","XIII","Dentro","Urbana","Ninguna","No existe","Intersección","Deteriorada","Buena","Diurna","Buen Tiempo","Lateral","S/D","Colisión","Material Suelto","Faltante","Ninguna","Sin restricción"
2017,5947,9/20/2017,"Miercoles",0,7:20:00,,"0.0",2,"Moto/Ciclomotor,Automóvil","Montevideo Y Servando Bayo",2,0,1,0,0,0,1,,"Calle",,"ROSARIO","Rosario","Asfalto","No existe","II","Dentro","Urbana","Ninguna","No existe","Intersección","Bueno","Buena","Amanecer","Buen Tiempo","Frontal","S/D","Colisión","Ninguna","Faltante","Ninguna","Sin restricción"
2017,5948,9/20/2017,"Miercoles",0,17:00:00,,"0.0",2,"Automóvil,Moto/Ciclomotor","Carriego Y Marcos Paz",2,1,0,0,1,0,0,,"Calle",,"ROSARIO","Rosario","Asfalto","No existe","II","S/D","Urbana","Ninguna","No existe","Intersección","Bueno","Buena","Diurna","Buen Tiempo","Frontal","S/D","Colisión","Ninguna","Faltante","Ninguna","Sin restricción"
2017,5949,9/4/2017,"Lunes",0,14:30:00,,"0.0",2,"Automóvil,Moto/Ciclomotor","9 De Julio Y Cafferata",2,1,0,0,1,0,0,,"Calle",,"ROSARIO","Rosario","Asfalto","No existe","II","Dentro","Urbana","Semáforo","Funciona","Recta","Bueno","Buena","Diurna","Buen Tiempo","Lateral","S/D","Colisión","Ninguna","Horizontal","S/D","S/D"
2017,5951,9/18/2017,"Lunes",0,11:30:00,"Ruta Provincial 4","126.0",2,"Automóvil,Moto/Ciclomotor"," ",5,2,2,0,1,0,0,,"Ruta",4,"SAN CRISTÓBAL","San Cristóbal","Asfalto","Natural","XIII","Dentro","Rural","Ninguna","S/D","Recta","Bueno","Buena","Diurna","Buen Tiempo","De alcance","S/D","Colisión","Ninguna","Vertical","Ninguna","Sin restricción"
2017,5952,9/15/2017,"Viernes",0,21:45:00,,"0.0",2,"Bicicleta,Taxi/Remis","Santiago Y Montevideo",2,1,0,0,1,0,0,,"Calle",,"ROSARIO","Rosario","Asfalto","No existe","II","Dentro","Urbana","Ninguna","No existe","Recta","Bueno","Buena","Con luz artificial","Buen Tiempo","S/D","Ciclista","Atropello","Ninguna","Faltante","Ninguna","S/D"
2017,5953,9/15/2017,"Viernes",0,14:30:00,,"0.0",2,"Pickup/Utilitario,Automóvil","3 De Febrero Y Lavalle",2,2,0,0,0,0,0,,"Calle",,"ROSARIO","Rosario","Asfalto","No existe","II","Dentro","Urbana","Ninguna","No existe","Intersección","Bueno","Buena","Diurna","Buen Tiempo","Lateral","S/D","Colisión","Ninguna","Faltante","Ninguna","Sin restricción"
2017,5954,9/17/2017,"Domingo",0,,,"0.0",2,"Automóvil,Automóvil","San Luis Y Rodriguez",7,2,0,0,5,0,0,,"Calle",,"ROSARIO","Rosario","Asfalto","No existe","II","Dentro","Urbana","Ninguna","No existe","Intersección","Bueno","Buena","Amanecer","Buen Tiempo","Frontal","S/D","Colisión","Ninguna","Faltante","Ninguna","Sin restricción"
2017,5955,8/23/2017,"Miercoles",0,22:40:00,,"0.0",2,"Bicicleta,Automóvil","Hipolito Irigoyen Y Iturraspe",2,1,0,0,1,0,0,,"S/D",,"SAN CRISTÓBAL","San Cristóbal","Asfalto","No existe","XIII","S/D","Urbana","Ninguna","No existe","Intersección","Bueno","Buena","Nocturna","Buen Tiempo","S/D","Ciclista","Atropello","Ninguna","Faltante","Ninguna","Sin restricción"
2017,5956,9/15/2017,"Viernes",0,18:05:00,,"0.0",3,"Moto/Ciclomotor,Peatón,Moto/Ciclomotor","Bv. Avellaneda Y Santa Fe",4,1,1,0,2,0,0,,"Avenida",,"ROSARIO","Rosario","Asfalto","No existe","II","Dentro","Urbana","Ninguna","No existe","Intersección","Bueno","Buena","Diurna","Buen Tiempo","Múltiple","S/D","Colisión","Ninguna","Faltante","Ninguna","Sin restricción"
2017,5957,9/2/2017,"Sabado",0,4:20:00,"Ruta Nacional 11","754.0",2,"Moto/Ciclomotor,Pickup/Utilitario"," ",4,0,0,0,3,1,0,"-29.3325178,-59.9165417","Ruta",11,"MALABRIGO","General Obligado","Asfalto","Natural","IX","Fuera","S/D","Ninguna","No existe","Recta","Bueno","Buena","Nocturna","Buen Tiempo","S/D","S/D","Colisión","Ninguna","S/D","Ninguna","S/D"
2017,5958,8/6/2017,"Domingo",0,20:25:00,"Ruta Secundaria 50-s","76.0",2,"Moto/Ciclomotor,Automóvil"," ",2,0,0,0,1,1,0,"-31.56635, -60.994","Ruta","50-s","LAS TUNAS","Las Colonias","Asfalto","S/D","XI","Dentro","Rural","S/D","S/D","Recta","S/D","S/D","Nocturna","S/D","S/D","S/D","Colisión","S/D","S/D","S/D","S/D"
2017,5959,9/5/2017,"Martes",0,18:50:00,,"0.0",2,"Moto/Ciclomotor,Automóvil","Av. Francia Y San Luis",2,1,0,0,1,0,0,,"Avenida",,"ROSARIO","Rosario","Asfalto","No existe","II","Dentro","Urbana","Semáforo","Funciona","Recta","Bueno","Buena","Diurna","Buen Tiempo","Lateral","S/D","Colisión","Ninguna","Vertical","Ninguna","Sin restricción"
2017,5960,9/1/2017,"Viernes",0,14:15:00,,"0.0",2,"Moto/Ciclomotor,Pickup/Utilitario","Av. de los Trabaj. Ferroviario Y Hipolito Irigoyen",2,1,0,0,1,0,0,,"Calle",,"SAN CRISTÓBAL","San Cristóbal","Asfalto","No existe","XIII","Dentro","Urbana","Ninguna","No existe","Intersección","Bueno","Buena","Diurna","Buen Tiempo","Lateral","S/D","Colisión","Ninguna","Faltante","Ninguna","Sin restricción"
2017,5961,9/20/2017,"Miercoles",0,11:30:00,,"0.0",2,"Moto/Ciclomotor,Automóvil","San Juan Y Lima",3,2,0,0,1,0,0,,"Calle",,"ROSARIO","Rosario","Asfalto","No existe","II","S/D","Urbana","Semáforo","Funciona","Intersección","Bueno","Buena","Diurna","Buen Tiempo","Lateral","S/D","Colisión","Ninguna","Vertical","Ninguna","Sin restricción"
2017,5962,9/2/2017,"Sabado",0,15:15:00,"Ruta Provincial 4","0.0",2,"Ambulancia,Bicicleta"," ",3,1,0,0,2,0,0,,"Ruta",4,"ÑANDUCITA","San Cristóbal","Ripio","Natural","XIII","S/D","Rural","Ninguna","No existe","Recta","Bueno","Buena","Diurna","Buen Tiempo","S/D","Ciclista","Atropello","Ninguna","Faltante","Ninguna","Sin restricción"
2017,5963,9/1/2017,"Viernes",0,8:20:00,,"0.0",2,"Moto/Ciclomotor,Automóvil","San Luis Y Santiago",3,2,0,0,1,0,0,,"Calle",,"ROSARIO","Rosario","Asfalto","No existe","II","Dentro","Urbana","Ninguna","No existe","Intersección","Bueno","Buena","Diurna","Buen Tiempo","S/D","S/D","Colisión","Ninguna","S/D","Ninguna","Sin restricción"
2017,5964,9/20/2017,"Miercoles",0,19:50:00,,"0.0",2,"Automóvil,Automóvil","Constitucion Y Montevideo",2,1,0,0,1,0,0,,"Calle",,"ROSARIO","Rosario","Asfalto","No existe","II","S/D","Urbana","Ninguna","No existe","Intersección","Bueno","Buena","Atardecer","Buen Tiempo","Frontal","S/D","Colisión","Ninguna","Faltante","Ninguna","Sin restricción"
2017,5965,9/2/2017,"Sabado",0,4:45:00,"Ruta Provincial 39","0.0",2,"Moto/Ciclomotor,Moto/Ciclomotor"," ",2,0,2,0,0,0,0,,"Ruta",39,"SAN CRISTÓBAL","San Cristóbal","Asfalto","Natural","XIII","Dentro","S/D","Ninguna","No existe","Recta","Bueno","Reducida","Nocturna","Buen Tiempo","Frontal","S/D","Colisión","Ninguna","S/D","Línea divisoria pintada","S/D"
2017,5966,9/2/2017,"Sabado",0,5:20:00,"Ruta Nacional 11","0.0",1,"Moto/Ciclomotor","Ruta Nacional 1V011- Juan de Garay Y Saavedra Lamas",2,1,0,0,0,1,0,"-31.50561, -60.72765","Ruta",11,"RECREO","La Capital","Asfalto","Natural","I","Dentro","Urbana","Ninguna","No existe","Recta","Bueno","Buena","Nocturna","Buen Tiempo","S/D","S/D","Despiste","Ninguna","S/D","Línea divisoria pintada","Sin restricción"
2017,5968,9/19/2017,"Martes",0,7:45:00,,"0.0",1,"Moto/Ciclomotor","Bv. Avellaneda Y Montevideo",1,1,0,0,0,0,0,,"Avenida",,"ROSARIO","Rosario","Asfalto","No existe","II","S/D","Urbana","Semáforo","Funciona","Intersección","Bueno","Buena","Diurna","Buen Tiempo","S/D","S/D","Caída ocupante","Ninguna","Vertical","S/D","Sin restricción"
2017,5969,9/29/2017,"Viernes",0,16:15:00,,"0.0",2,"Moto/Ciclomotor,Automóvil","Av. Pellegrini 1300",2,1,0,0,1,0,0,,"Avenida",,"ROSARIO","Rosario","Asfalto","S/D","II","S/D","Urbana","Semáforo","Funciona","Recta","S/D","S/D","Diurna","S/D","Frontal","S/D","Colisión","S/D","S/D","S/D","S/D"
2017,5970,9/27/2017,"Miercoles",0,8:40:00,,"0.0",2,"Peatón,Moto/Ciclomotor","Rioja 1900",2,1,0,0,1,0,0,,"Calle",,"ROSARIO","Rosario","S/D","S/D","II","S/D","Urbana","S/D","S/D","Recta","S/D","S/D","Diurna","S/D","S/D","Peatón","Atropello","S/D","S/D","S/D","S/D"
2017,5971,9/1/2017,"Viernes",0,19:10:00,,"0.0",2,"Bicicleta,Automóvil","3 De Febrero Y Castellanos",3,0,1,0,2,0,0,,"Calle",,"ROSARIO","Rosario","Asfalto","No existe","II","S/D","Urbana","Ninguna","No existe","Intersección","Bueno","Buena","Atardecer","Buen Tiempo","S/D","Ciclista","Atropello","Ninguna","S/D","Ninguna","Sin restricción"