"anio_acci","nro_acci","fecha","desc_dia","fecha_aprox","hora_aprox","desc_ruta","km","cant_participantes","desc_participante","calle_avenida_km","total","heridos_leves","heridos_graves","heridos_gravisimos","ilesos","fallecidos","sin_datos","posicion_XY","desc_tipo_via","desc_ruta_ori","desc_loc","desc_dpto","desc_tipo_calzada","desc_tipo_banquina","desc_unidad_regional","desc_lugar_calzada","desc_zona","desc_prioridad","desc_estado_semaforo","desc_lugar_via","desc_estado_via","desc_estado_visibilidad","desc_luminosidad","desc_estado_clima","desc_tipo_colision","desc_tipo_atropello","desc_tipo_hecho","desc_pres_calzada","desc_senializacion","desc_separacion_via","desc_restriccion"
2017,5972,9/29/2017,"Viernes",0,21:25:00,,"0.0",2,"Taxi/Remis,Vehículo Oficial","Av. Pellegrini Y Mitre",2,1,1,0,0,0,0,,"Avenida",,"ROSARIO","Rosario","Asfalto","S/D","II","S/D","Urbana","Semáforo","Funciona","Recta","S/D","S/D","Con luz artificial","S/D","Frontal","S/D","Colisión","S/D","S/D","S/D","S/D"
2017,5973,9/29/2017,"Viernes",0,12:25:00,,"0.0",1,"Otros","Tucuman Y Italia",1,1,0,0,0,0,0,,"Calle",,"ROSARIO","Rosario","Asfalto","S/D","II","S/D","Urbana","S/D","S/D","Intersección","S/D","S/D","Diurna","S/D","S/D","S/D","S/D","S/D","S/D","S/D","S/D"
2017,5974,9/8/2017,"Viernes",0,13:30:00,,"0.0",2,"Peatón,Automóvil","Mariano Moreno Y Santa Fe",2,1,0,0,1,0,0,,"Calle",,"ROSARIO","Rosario","Asfalto","No existe","II","Dentro","Urbana","Ninguna","No existe","Recta","Bueno","Buena","Diurna","Buen Tiempo","S/D","Peatón","Atropello","Ninguna","Faltante","Ninguna","Sin restricción"
2017,5975,9/27/2017,"Miercoles",0,12:25:00,,"0.0",2,"Automóvil,Moto/Ciclomotor","L.N.Alem 1400",3,1,0,0,2,0,0,,"Calle",,"ROSARIO","Rosario","Asfalto","S/D","II","S/D","Urbana","S/D","S/D","Recta","S/D","S/D","Diurna","S/D","Lateral","S/D","Colisión","S/D","S/D","S/D","S/D"
2017,5976,9/23/2017,"Sabado",0,19:45:00,,"0.0",2,"Automóvil,Peatón","Pte.Roca Y San Luis",2,1,0,0,1,0,0,,"Calle",,"ROSARIO","Rosario","Asfalto","S/D","II","S/D","Urbana","S/D","No existe","Intersección","S/D","S/D","Atardecer,Con luz artificial","S/D","S/D","Peatón","Atropello","S/D","S/D","S/D","S/D"
2017,5977,9/15/2017,"Viernes",0,7:50:00,,"0.0",2,"Moto/Ciclomotor,Automóvil","Av. Belgrano 860",2,1,0,0,1,0,0,,"Avenida",,"ROSARIO","Rosario","Asfalto","No existe","II","Dentro","Urbana","Ninguna","No existe","Recta","Bueno","Buena","Diurna,Con luz artificial","Buen Tiempo","De alcance","S/D","Colisión","Ninguna","Faltante","Ninguna","Sin restricción"
2017,5978,9/2/2017,"Sabado",0,21:55:00,"Ruta Nacional 34","291.0",2,"Camión c / Semirremolque,Automóvil"," ",4,1,0,0,0,3,0,"-30.63399, -61.62359","Ruta",34,"LAS PALMERAS","San Cristóbal","Asfalto","Natural","XIII","Dentro","S/D","Ninguna","No existe","Recta","Bueno","Buena","Nocturna","Buen Tiempo","Frontal","S/D","Colisión","Ninguna","Faltante","Línea divisoria pintada","Sin restricción"
2017,5979,9/24/2017,"Domingo",0,14:15:00,,"0.0",2,"Automóvil,Moto/Ciclomotor","L.N.Alem Y 3 De Febrero",2,1,0,0,1,0,0,,"Calle",,"ROSARIO","Rosario","Asfalto","S/D","II","S/D","Urbana","S/D","No existe","Intersección","S/D","S/D","Diurna","S/D","S/D","S/D","Colisión","S/D","S/D","S/D","S/D"
2017,5980,9/27/2017,"Miercoles",0,14:30:00,,"0.0",2,"Pickup/Utilitario,Bicicleta","Galvez Y Buenos Aires",2,1,0,0,1,0,0,,"Calle",,"ROSARIO","Rosario","Asfalto","S/D","II","S/D","Urbana","S/D","S/D","Intersección","S/D","S/D","Diurna","S/D","S/D","Ciclista","Atropello","S/D","S/D","S/D","S/D"
2017,5981,9/15/2017,"Viernes",0,13:30:00,,"0.0",2,"Bicicleta,Automóvil","Av. E.Lopez Y Bv. Oroño",2,1,0,0,1,0,0,,"Avenida",,"ROSARIO","Rosario","Asfalto","No existe","II","Dentro","Urbana","Señal Pare","No existe","Intersección","Bueno","Buena","Diurna","Buen Tiempo","S/D","Ciclista","Atropello","Ninguna","Vertical","Ninguna","Sin restricción"
2017,5982,9/24/2017,"Domingo",0,13:00:00,,"0.0",2,"Vehículo Oficial,Automóvil","Rioja Y Bv. Oroño",2,1,0,0,1,0,0,,"Avenida",,"ROSARIO","Rosario","Asfalto","S/D","II","S/D","Urbana","Semáforo","Funciona","Recta","Bueno","Buena","Diurna","S/D","S/D","S/D","Colisión","S/D","S/D","S/D","S/D"
2017,5983,9/19/2017,"Martes",0,18:00:00,,"0.0",2,"Bicicleta,Automóvil","Pte.Roca Y Jujuy",2,1,0,0,1,0,0,,"Calle",,"ROSARIO","Rosario","Asfalto","No existe","II","Dentro","Urbana","Ninguna","No existe","Recta","Bueno","Buena","Diurna","Buen Tiempo","S/D","Ciclista","Atropello","Ninguna","Faltante","Ninguna","Sin restricción"
2017,5984,9/28/2017,"Jueves",0,10:50:00,,"0.0",2,"Moto/Ciclomotor,Camión Chasis","Bv. 27 De Febrero Y Necochea",3,0,1,0,2,0,0,,"Avenida",,"ROSARIO","Rosario","Asfalto","S/D","II","S/D","Urbana","S/D","S/D","Recta","S/D","S/D","Diurna","S/D","S/D","S/D","Colisión","S/D","S/D","S/D","S/D"
2017,5985,9/25/2017,"Lunes",0,11:10:00,,"0.0",2,"Automóvil,Transporte de Pasajeros Urbano (> 8 asientos)","San Lorenzo Y Dorrego",3,1,0,0,2,0,0,,"Calle",,"ROSARIO","Rosario","Asfalto","S/D","II","S/D","Urbana","S/D","S/D","Intersección","S/D","S/D","Diurna","S/D","S/D","S/D","Colisión","S/D","S/D","S/D","S/D"
2017,5986,9/25/2017,"Lunes",0,12:15:00,,"0.0",2,"Automóvil,Moto/Ciclomotor","Bv. Oroño Y Tucuman",2,1,0,0,1,0,0,,"Avenida",,"ROSARIO","Rosario","Asfalto","S/D","II","S/D","Urbana","S/D","S/D","Recta","S/D","S/D","Diurna","S/D","S/D","S/D","Colisión","S/D","S/D","S/D","S/D"
2017,5987,9/4/2017,"Lunes",0,21:25:00,,"0.0",2,"Peatón,Otros","AV. CIRCUNVALACION  Y RULO CILSA",2,0,0,0,0,1,1,"-31.66509, -60.73117","Avenida",,"SANTA FE","La Capital","Asfalto","Pavimento","I","Dentro","Urbana","Ninguna","No existe","Puente","Bueno","Reducida","Nocturna","Buen Tiempo","Otro","Peatón","Atropello","Ninguna","S/D","Guardarrail","Sin restricción"
2017,5988,9/25/2017,"Lunes",0,17:50:00,,"0.0",2,"Automóvil,Peatón","L.N.Alem Y 9 De Julio",3,1,0,0,2,0,0,,"Calle",,"ROSARIO","Rosario","Asfalto","S/D","II","S/D","Urbana","Ninguna","No existe","Intersección","S/D","S/D","Diurna","S/D","S/D","Peatón","Atropello","S/D","S/D","Ninguna","S/D"
2017,5989,9/30/2017,"Sabado",0,17:00:00,,"0.0",2,"Automóvil,Vehículo Oficial","Rioja Y Italia",3,1,0,0,2,0,0,,"Calle",,"ROSARIO","Rosario","Asfalto","No existe","II","S/D","Urbana","Ninguna","No existe","Intersección","S/D","S/D","Diurna","S/D","S/D","S/D","Colisión","S/D","S/D","Ninguna","S/D"
2017,5990,9/21/2017,"Jueves",0,5:05:00,,"0.0",2,"Transporte de Pasajeros Urbano (> 8 asientos),Moto/Ciclomotor","Av. Pellegrini Y Entre Rios",2,1,0,0,1,0,0,,"Avenida",,"ROSARIO","Rosario","Asfalto","No existe","II","S/D","Urbana","Semáforo","Intermitente","Intersección","S/D","Reducida","Nocturna,Con luz artificial","Lluvia","S/D","S/D","Colisión","Agua","Vertical","S/D","S/D"
2017,5991,9/7/2017,"Jueves",0,,,"0.0",2,"Pickup/Utilitario,Pickup/Utilitario"," ",2,0,0,0,1,1,0,"-33.060212, -60.806001","Camino Rural",,"SOLDINI","Rosario","S/D","S/D","II","S/D","Rural","S/D","S/D","S/D","S/D","S/D","S/D","S/D","S/D","S/D","Colisión","S/D","S/D","S/D","S/D"
2017,5992,9/8/2017,"Viernes",0,19:10:00,,"0.0",2,"Automóvil,Peatón","Italia Y Brown",2,1,0,0,1,0,0,,"Calle",,"ROSARIO","Rosario","Asfalto","No existe","II","S/D","Urbana","Paso Peatonal","No existe","Intersección","S/D","S/D","Diurna","S/D","S/D","Peatón","Atropello","S/D","Faltante","Ninguna","S/D"
2017,5993,9/26/2017,"Martes",0,11:40:00,,"0.0",2,"Taxi/Remis,Bicicleta","9 De Julio 1500",3,1,0,0,2,0,0,,"Calle",,"ROSARIO","Rosario","Asfalto","No existe","II","S/D","Urbana","S/D","No existe","Recta","S/D","S/D","Diurna","S/D","S/D","Ciclista","Atropello","S/D","Faltante","Ninguna","S/D"
2017,5994,9/17/2017,"Domingo",0,19:00:00,,"0.0",2,"Moto/Ciclomotor,Automóvil","Mitre Y Av. Pellegrini",2,0,1,0,1,0,0,,"Avenida",,"ROSARIO","Rosario","Asfalto","No existe","II","S/D","Urbana","Semáforo","Funciona","Intersección","S/D","S/D","Diurna","S/D","S/D","S/D","Colisión","S/D","Vertical","S/D","S/D"
2017,5995,9/6/2017,"Miercoles",0,22:20:00,"Ruta Nacional 33","745.0",5,"Moto/Ciclomotor,Automóvil,Camión,Camión,Camión"," ",7,2,2,1,0,2,0,"-33.042115, -61.137470","Ruta",33,"CASILDA","Caseros","Asfalto","S/D","IV","S/D","Rural","S/D","S/D","Puente","Bueno","S/D","Nocturna","Buen Tiempo","Múltiple","S/D","Colisión","Ninguna","Horizontal","Vegetación,Línea divisoria pintada","Sin restricción"
2017,5996,9/17/2017,"Domingo",0,5:30:00,,"0.0",2,"Pickup/Utilitario,Automóvil","Av. Pellegrini Y Entre Rios",2,1,0,0,1,0,0,,"Avenida",,"ROSARIO","Rosario","Asfalto","No existe","II","S/D","Urbana","Semáforo","S/D","Intersección","S/D","S/D","Nocturna","S/D","S/D","S/D","Colisión","S/D","Vertical","S/D","S/D"
2017,5997,9/16/2017,"Sabado",0,16:00:00,,"0.0",3,"Automóvil,Moto/Ciclomotor,Automóvil","Cordoba 1600",4,1,0,0,3,0,0,,"Calle",,"ROSARIO","Rosario","Asfalto","No existe","II","S/D","Urbana","Semáforo","S/D","Recta","S/D","S/D","Diurna","S/D","Múltiple","S/D","Colisión","S/D","Vertical","Ninguna","S/D"
2017,5998,9/19/2017,"Martes",0,17:43:00,,"0.0",2,"Otros,Transporte de Pasajeros Urbano (> 8 asientos)","Cordoba Y Balcarce",2,1,0,0,1,0,0,,"Calle",,"ROSARIO","Rosario","Asfalto","S/D","II","S/D","Urbana","Semáforo","S/D","Recta","S/D","S/D","Diurna","S/D","S/D","S/D","Colisión","S/D","Vertical","Ninguna","S/D"
2017,5999,9/8/2017,"Viernes",0,17:30:00,,"0.0",2,"Moto/Ciclomotor,Pickup/Utilitario","Av. Belgrano Y Rioja",2,1,0,0,1,0,0,,"Avenida",,"ROSARIO","Rosario","Asfalto","No existe","II","S/D","Urbana","S/D","S/D","Recta","S/D","S/D","Diurna","S/D","S/D","S/D","Colisión","S/D","S/D","S/D","S/D"
2017,6000,9/16/2017,"Sabado",0,14:15:00,,"0.0",2,"Taxi/Remis,Bicicleta","San Luis Y Balcarce",2,1,0,0,1,0,0,,"Calle",,"ROSARIO","Rosario","Asfalto","No existe","I","S/D","Urbana","S/D","No existe","Intersección","S/D","S/D","Diurna","S/D","S/D","Ciclista","Atropello","S/D","Faltante","Ninguna","S/D"
2017,6001,9/19/2017,"Martes",0,12:50:00,,"0.0",2,"Peatón,Automóvil","Mendoza Y Mariano Moreno",2,1,0,0,1,0,0,,"Calle",,"ROSARIO","Rosario","Asfalto","No existe","II","S/D","Urbana","S/D","No existe","Intersección","S/D","S/D","Diurna","S/D","S/D","Peatón","Atropello","S/D","Faltante","S/D","S/D"
2017,6002,9/21/2017,"Jueves",0,15:20:00,,"0.0",2,"Automóvil,Automóvil","Bv. Oroño Y Urquiza",3,1,0,0,2,0,0,,"Calle",,"ROSARIO","Rosario","Asfalto","No existe","II","S/D","Urbana","S/D","S/D","Intersección","S/D","S/D","Diurna","S/D","S/D","S/D","Colisión","S/D","S/D","S/D","S/D"
2017,6003,12/25/2017,"Lunes",0,15:55:00,,"0.0",2,"Automóvil,Automóvil","Av Freyre Y Obispo Gelabert",2,1,0,0,1,0,0,,"S/D",,"SANTA FE","La Capital","Asfalto","No existe","I","S/D","Urbana","Ninguna","No existe","Intersección","Bueno","Buena","Diurna","Buen Tiempo","Lateral","S/D","Colisión","Ninguna","Vertical","Ninguna","Sin restricción"
2017,6004,12/9/2017,"Sabado",0,13:43:00,,"0.0",2,"Automóvil,Automóvil","Rivadavia Y Hipolito Yrigoyen",3,2,0,0,1,0,0,,"Avenida",,"SANTA FE","La Capital","Asfalto","No existe","I","Dentro","Urbana","Ninguna","Funciona","Intersección","Bueno","Buena","Diurna","Buen Tiempo","Lateral","S/D","Colisión","Ninguna","Horizontal,Vertical","Ninguna","Sin restricción"
2017,6005,12/26/2017,"Martes",0,8:40:00,,"0.0",2,"Pickup/Utilitario,Moto/Ciclomotor","Bv Pellegrini Y Gdor Freyre",2,1,0,0,1,0,0,,"S/D",,"SANTA FE","La Capital","Asfalto","No existe","I","S/D","Urbana","Ninguna","No existe","Intersección","Otro","Buena","Diurna","Buen Tiempo","Lateral","S/D","Colisión","Ninguna","Vertical","Ninguna","Sin restricción"
2017,6006,12/8/2017,"Viernes",0,12:10:00,,"0.0",2,"Moto/Ciclomotor,Automóvil","San Jeronimo Y Obispo Gelabert",3,2,0,0,1,0,0,,"Calle",,"SANTA FE","La Capital","Asfalto","No existe","I","Dentro","Urbana","Ninguna","No existe","Intersección","Bueno","Buena","Diurna","Buen Tiempo","Lateral","S/D","Colisión","Ninguna","Horizontal","Ninguna","Sin restricción"
2017,6007,12/27/2017,"Miercoles",0,8:30:00,,"0.0",2,"Moto/Ciclomotor,Moto/Ciclomotor","La Rioja Y San Juan",2,1,0,0,1,0,0,,"S/D",,"SANTA FE","La Capital","Asfalto","No existe","I","S/D","Urbana","Ninguna","No existe","Intersección","Bueno","Buena","Diurna","Buen Tiempo","Lateral","S/D","Colisión","Ninguna","Vertical","Ninguna","Sin restricción"
2017,6008,12/4/2017,"Lunes",0,13:10:00,,"0.0",2,"Automóvil,Peatón","Gdor Crespo 2300",2,1,0,0,1,0,0,,"Calle",,"SANTA FE","La Capital","Asfalto","No existe","I","Dentro","Urbana","Ninguna","No existe","Intersección","Bueno","Buena","Diurna","Buen Tiempo","Lateral","Peatón","Atropello","Ninguna","Horizontal","Ninguna","Sin restricción"
2017,6009,12/28/2017,"Jueves",0,9:15:00,,"0.0",2,"Bicicleta,Transporte de Pasajeros Urbano (> 8 asientos)","San Jeronimo 2700",2,1,0,0,1,0,0,,"Calle",,"SANTA FE","La Capital","Asfalto","No existe","I","Dentro","Urbana","Ninguna","No existe","Recta","Bueno","Buena","Diurna","Buen Tiempo","Lateral","Ciclista","Atropello","Ninguna","Horizontal","Ninguna","Sin restricción"
2017,6010,12/30/2017,"Sabado",0,13:00:00,,"0.0",2,"Moto/Ciclomotor,Automóvil","Av Freyre Y Obispo Gelabert",2,1,0,0,1,0,0,,"S/D",,"SANTA FE","La Capital","Asfalto","No existe","I","S/D","Urbana","Ninguna","No existe","Intersección","Bueno","Buena","Diurna","Buen Tiempo","Lateral","S/D","Colisión","Ninguna","Vertical","Ninguna","Sin restricción"
2017,6011,12/21/2017,"Jueves",0,1:15:00,,"0.0",2,"Moto/Ciclomotor,Taxi/Remis","Salta Y Av Freyre",2,1,0,0,1,0,0,,"S/D",,"SANTA FE","La Capital","Asfalto","No existe","I","S/D","Urbana","Ninguna","No existe","Intersección","Bueno","Buena","Nocturna","Buen Tiempo","Lateral","S/D","Colisión","Ninguna","Vertical","Ninguna","Sin restricción"
2017,6012,12/17/2017,"Domingo",0,5:05:00,,"0.0",1,"Automóvil","Av Leandro Alem Y San Luis",2,1,0,0,0,0,1,,"Avenida",,"SANTA FE","La Capital","Asfalto","No existe","I","Dentro","Urbana","Ninguna","No existe","Recta","Bueno","Buena","Amanecer","Buen Tiempo","Contra objeto fijo","S/D","Vuelco,Atropello","Ninguna","Vertical","Ninguna","Sin restricción"
2017,6013,12/11/2017,"Lunes",0,1:30:00,,"0.0",2,"Taxi/Remis,Moto/Ciclomotor","Av Santa Fe Y Av Urquiza",2,1,0,0,1,0,0,,"Avenida",,"SANTA FE","La Capital","Asfalto","S/D","I","S/D","Urbana","Ninguna","S/D","Recta","Bueno","S/D","Nocturna","Buen Tiempo","Lateral","S/D","Colisión","Ninguna","Vertical","Ninguna","Sin restricción"
2017,6014,12/14/2017,"Jueves",0,12:45:00,,"0.0",2,"Automóvil,Automóvil","27 DE FEBRERO Y TUCUMAN",4,1,0,0,3,0,0,,"Calle",,"SANTA FE","La Capital","Asfalto","No existe","I","Dentro","Urbana","Ninguna","No existe","Recta","Bueno","Buena","Diurna","Buen Tiempo","Frontal","S/D","Colisión","Ninguna","Vertical","Ninguna","Sin restricción"
2017,6015,12/2/2017,"Sabado",0,14:30:00,,"0.0",2,"Automóvil,Moto/Ciclomotor","Av Blas Parera Y Agustin Delgado",2,1,0,0,0,0,1,,"Avenida",,"SANTA FE","La Capital","Asfalto,Hormigón","S/D","I","Dentro","Urbana","Otra Señal","No existe","Intersección","Ahuellamiento","Buena","Diurna","Buen Tiempo","Lateral","S/D","Colisión","S/D","Faltante","Cordón divisorio,Vegetación","Sin restricción"
2017,6016,12/4/2017,"Lunes",0,9:35:00,,"0.0",2,"Automóvil,Moto/Ciclomotor","Av Pte Peron Y Pedro Centeno",2,0,0,0,0,0,2,,"Calle",,"SANTA FE","La Capital","Asfalto,Hormigón","No existe","I","Dentro","Urbana","Otra Señal","No existe","Intersección","Bueno","Buena","Diurna","Buen Tiempo","Lateral","S/D","Colisión","S/D","Faltante","Cordón divisorio,Línea divisoria pintada","Sin restricción"
2017,6017,12/20/2017,"Miercoles",0,10:30:00,,"0.0",2,"Automóvil,Moto/Ciclomotor","Primera Junta 2650",2,1,0,0,1,0,0,,"Calle",,"SANTA FE","La Capital","Asfalto","S/D","I","Dentro","Urbana","Ninguna","S/D","Intersección","Bueno","S/D","S/D","Buen Tiempo","Frontal","S/D","Colisión","Ninguna","Vertical","Ninguna","Sin restricción"
2017,6018,12/6/2017,"Miercoles",0,9:30:00,,"0.0",2,"Automóvil,Automóvil","Juan Del Campillo Y Saavedra",4,0,0,0,0,0,4,,"Calle",,"SANTA FE","La Capital","Asfalto","No existe","I","Dentro","Urbana","Otra Señal","No existe","Intersección","Bueno","Buena","Diurna","Buen Tiempo","Lateral","S/D","Colisión","S/D","Faltante","Cordón divisorio,Vegetación","Sin restricción"
2017,6019,12/5/2017,"Martes",0,5:00:00,,"0.0",2,"Automóvil,Moto/Ciclomotor","Tucuman Y San Jeronimo",2,0,1,0,1,0,0,,"Calle",,"SANTA FE","La Capital","Asfalto","No existe","I","Dentro","Urbana","Ninguna","No existe","Recta","Bueno","Buena","Diurna","Buen Tiempo","Frontal","S/D","Colisión","Ninguna","Vertical","Ninguna","Sin restricción"
2017,6020,12/6/2017,"Miercoles",0,,,"0.0",2,"Automóvil,Moto/Ciclomotor","Belgrano Y Gdor Crespo",2,1,0,0,1,0,0,,"Calle",,"SANTA FE","La Capital","Asfalto","No existe","I","Dentro","Urbana","Ninguna","No existe","Recta","Bueno","Buena","Diurna","Buen Tiempo","Frontal","S/D","Colisión","Ninguna","Vertical","Ninguna","Sin restricción"
2017,6021,12/9/2017,"Sabado",0,2:40:00,,"0.0",2,"Automóvil,Moto/Ciclomotor","Av. Pte. Perón Y Pje. Leiva",2,0,0,0,0,0,2,,"Avenida",,"SANTA FE","La Capital","Asfalto,Hormigón","No existe","I","Dentro","Urbana","Otra Señal","No existe","Intersección","Ahuellamiento","Reducida","Nocturna","Buen Tiempo","Lateral","S/D","Colisión","S/D","Faltante","Cordón divisorio","Sin restricción"
2017,6022,12/25/2017,"Lunes",0,3:05:00,,"0.0",1,"Moto/Ciclomotor","San Jeronimo Y Mendoza",2,1,0,0,1,0,0,,"Calle",,"SANTA FE","La Capital","Asfalto","No existe","I","Dentro","Urbana","Ninguna","No existe","Intersección","Bueno","Buena","Nocturna","Buen Tiempo","Frontal","S/D","Colisión","Ninguna","Horizontal,Vertical","Ninguna","Sin restricción"
2017,6023,12/11/2017,"Lunes",0,17:25:00,,"0.0",2,"Taxi/Remis,Moto/Ciclomotor","San Lorenzo Y Pedro Ferre",2,0,0,0,0,0,2,,"Calle",,"SANTA FE","La Capital","Asfalto,Hormigón","No existe","I","Dentro","Urbana","Otra Señal","No existe","Intersección","Bueno","Buena","Nocturna","Buen Tiempo","Lateral","S/D","Colisión","S/D","Faltante","Cordón divisorio","Sin restricción"
2017,6024,12/1/2017,"Viernes",0,14:05:00,,"0.0",2,"Automóvil,Peatón","av 27 de Febrero Y CORTADA FALUCHO",2,1,0,0,1,0,0,,"Avenida",,"SANTA FE","La Capital","Asfalto","No existe","I","Dentro","Urbana","Ninguna","No existe","Recta","Bueno","Buena","Diurna","Buen Tiempo","Otro","Peatón","Atropello","Ninguna","Vertical","Ninguna","Sin restricción"
2017,6025,12/1/2017,"Viernes",1,,,"0.0",2,"Automóvil,Moto/Ciclomotor","AVENIDA MAR ARGENTINO Y JUAN DE GARAY",2,1,0,0,1,0,0,,"Avenida",,"SANTA FE","La Capital","Asfalto","No existe","I","Dentro","Urbana","Ninguna","Funciona","Recta","Bueno","Buena","Diurna","Buen Tiempo","Frontal","S/D","Colisión","Ninguna","Vertical","Ninguna","Sin restricción"
2017,6026,12/12/2017,"Martes",0,11:00:00,,"0.0",2,"Automóvil,Moto/Ciclomotor","Av Lopez y Planes Y Cordoba",4,2,0,0,0,0,2,,"Avenida",,"SANTA FE","La Capital","Asfalto,Hormigón","No existe","I","Dentro","Urbana","Semáforo","Funciona","Intersección","Bueno","Buena","Diurna","Buen Tiempo","Lateral","S/D","Colisión","S/D","Vertical","Cordón divisorio,Línea divisoria pintada","Sin restricción"
2017,6027,12/7/2017,"Jueves",0,17:50:00,,"0.0",2,"Moto/Ciclomotor,Automóvil","Av Gral Lopez Y 4 de Enero",2,1,0,0,1,0,0,,"Avenida",,"SANTA FE","La Capital","Asfalto","No existe","I","Dentro","Urbana","Ninguna","No existe","Intersección","Bueno","Buena","Diurna","Buen Tiempo","Frontal","S/D","Colisión","Ninguna","Vertical","Ninguna","Sin restricción"
2017,6028,12/16/2017,"Sabado",0,14:10:00,,"0.0",2,"Automóvil,Moto/Ciclomotor","Cochabamba Y Artigas",3,0,0,0,0,0,3,,"S/D",,"SANTA FE","La Capital","Asfalto,Hormigón","No existe","I","Dentro","Urbana","Otra Señal","No existe","Intersección","Bueno","Buena","Diurna","Buen Tiempo","Lateral","S/D","Colisión","S/D","Faltante","Cordón divisorio","Sin restricción"
2017,6029,12/21/2017,"Jueves",0,,,"0.0",2,"Moto/Ciclomotor,Automóvil","1ro de Mayo Y Corrientes",2,1,0,0,1,0,0,,"Calle",,"SANTA FE","La Capital","Asfalto","No existe","I","Dentro","Urbana","Ninguna","No existe","Recta","Bueno","Buena","Diurna","Buen Tiempo","Frontal","S/D","Colisión","Ninguna","Vertical","Ninguna","Sin restricción"
2017,6030,12/16/2017,"Sabado",0,20:20:00,,"0.0",2,"Pickup/Utilitario,Moto/Ciclomotor"," ",2,0,0,0,0,0,2,,"Avenida",,"SANTA FE","La Capital","Asfalto,Hormigón","No existe","I","Dentro","Urbana","Otra Señal","No existe","Intersección","Ahuellamiento","Reducida","Nocturna","Buen Tiempo","Lateral","S/D","Colisión","S/D","Faltante","Vegetación","Sin restricción"
2017,6031,12/29/2017,"Viernes",0,14:15:00,,"0.0",2,"Moto/Ciclomotor,Automóvil","Mendoza Y 1ro de Mayo",2,1,0,0,1,0,0,,"Calle",,"SANTA FE","La Capital","Asfalto","No existe","I","Dentro","Urbana","Ninguna","No existe","Recta","Bueno","Buena","Diurna","Buen Tiempo","Frontal","S/D","Colisión","Ninguna","Vertical","Ninguna","Sin restricción"
2017,6032,12/20/2017,"Miercoles",0,10:40:00,,"0.0",2,"Moto/Ciclomotor,Bicicleta","Av Blas Parera 6108",2,0,1,0,0,0,1,,"Avenida",,"SANTA FE","La Capital","Asfalto","No existe","I","Dentro","Urbana","Semáforo","Funciona","Recta","Bueno","Buena","Diurna","Buen Tiempo","Lateral","S/D","Colisión","S/D","Horizontal,Vertical","Cordón divisorio,Línea divisoria pintada","Sin restricción"
2017,6033,12/21/2017,"Jueves",0,13:40:00,,"0.0",2,"Moto/Ciclomotor,Automóvil","MANZANA 1 ",3,1,0,0,2,0,0,,"Calle",,"ALTO VERDE","La Capital","Asfalto","No existe","I","S/D","Urbana","Ninguna","No existe","Recta","Bueno","Buena","Diurna","Buen Tiempo","Lateral","S/D","Atropello","Ninguna","Faltante","Ninguna","Sin restricción"
2017,6034,12/21/2017,"Jueves",0,23:00:00,,"0.0",2,"Taxi/Remis,Moto/Ciclomotor","Domingo Silva Y 4 de Enero",2,0,0,0,0,0,2,,"Calle",,"SANTA FE","La Capital","Asfalto,Hormigón","No existe","I","Dentro","Urbana","Otra Señal","No existe","Intersección","Bueno","Reducida","Nocturna","Buen Tiempo","Lateral","S/D","Colisión","S/D","Faltante","Cordón divisorio","Sin restricción"
2017,6035,12/26/2017,"Martes",0,15:30:00,,"0.0",2,"Automóvil,Otros","Av Lopez y Planes Y Iturraspe",2,1,0,0,0,0,1,,"Avenida",,"SANTA FE","La Capital","Asfalto,Hormigón","No existe","I","S/D","Urbana","Semáforo","Funciona","Intersección","Bueno","Buena","Diurna","Buen Tiempo","De alcance","S/D","Colisión","Ninguna","Horizontal,Vertical","Cordón divisorio,Vegetación","Sin restricción"
2017,6036,12/21/2017,"Jueves",0,18:00:00,,"0.0",2,"Automóvil,Moto/Ciclomotor","Av Gral Paz Y Cordoba",2,1,0,0,1,0,0,,"Calle",,"SANTA FE","La Capital","Asfalto","No existe","I","Dentro","Urbana","S/D","No existe","Intersección","Bueno","S/D","Atardecer","S/D","Lateral","S/D","Colisión","S/D","S/D","S/D","S/D"
2017,6037,12/27/2017,"Miercoles",0,,,"0.0",2,"Automóvil,Moto/Ciclomotor","Cordoba Y Av Urquiza",2,1,0,0,0,0,1,,"Calle",,"SANTA FE","La Capital","Asfalto","No existe","I","Dentro","Urbana","Otra Señal","No existe","Intersección","Bueno","Reducida","Nocturna","Buen Tiempo","Lateral","S/D","Colisión","S/D","S/D","Cordón divisorio","Sin restricción"
2017,6038,12/21/2017,"Jueves",0,7:55:00,,"0.0",2,"Automóvil,Moto/Ciclomotor","Guemes Y Balcarce",2,0,1,0,0,0,1,,"Calle",,"SANTA FE","La Capital","Asfalto","No existe","I","Dentro","Urbana","S/D","No existe","Intersección","Bueno","S/D","Amanecer","S/D","Lateral","S/D","Colisión","S/D","S/D","S/D","S/D"
2017,6039,12/29/2017,"Viernes",0,3:20:00,,"0.0",2,"Automóvil,Moto/Ciclomotor","Av Pte Peron Y Artigas",2,1,0,0,0,0,1,,"S/D",,"SANTA FE","La Capital","Asfalto,Hormigón","No existe","I","S/D","Urbana","Otra Señal","No existe","Intersección","Bueno","Reducida","Nocturna","Buen Tiempo","Lateral","S/D","Colisión","S/D","Faltante","Cordón divisorio","Sin restricción"