"anio_acci","nro_acci","fecha","desc_dia","fecha_aprox","hora_aprox","desc_ruta","km","cant_participantes","desc_participante","calle_avenida_km","total","heridos_leves","heridos_graves","heridos_gravisimos","ilesos","fallecidos","sin_datos","posicion_XY","desc_tipo_via","desc_ruta_ori","desc_loc","desc_dpto","desc_tipo_calzada","desc_tipo_banquina","desc_unidad_regional","desc_lugar_calzada","desc_zona","desc_prioridad","desc_estado_semaforo","desc_lugar_via","desc_estado_via","desc_estado_visibilidad","desc_luminosidad","desc_estado_clima","desc_tipo_colision","desc_tipo_atropello","desc_tipo_hecho","desc_pres_calzada","desc_senializacion","desc_separacion_via","desc_restriccion"
2017,6040,12/2/2017,"Sabado",0,21:50:00,,"0.0",2,"Moto/Ciclomotor,Taxi/Remis","Av Facundo Zuviria Y Espora",2,1,0,0,1,0,0,,"Avenida",,"SANTA FE","La Capital","Asfalto","Pavimento","I","Dentro","Urbana","S/D","No existe","Intersección","S/D","S/D","Nocturna","S/D","S/D","S/D","Colisión","S/D","Vertical","Cordón divisorio","S/D"
2017,6041,12/22/2017,"Viernes",0,14:40:00,,"0.0",2,"Moto/Ciclomotor,Moto/Ciclomotor"," ",2,2,0,0,0,0,0,,"Calle",,"ALTO VERDE","La Capital","Asfalto","No existe","I","Dentro","Urbana","Ninguna","No existe","Recta","Bueno","Buena","Diurna","Buen Tiempo","De alcance","S/D","Colisión","Ninguna","Faltante","Ninguna","Sin restricción"
2017,6042,12/4/2017,"Lunes",0,10:00:00,,"0.0",2,"Moto/Ciclomotor,Automóvil","Av A del Valle Y Agustin Delgado",3,2,0,0,1,0,0,,"Avenida",,"SANTA FE","La Capital","Asfalto","Pavimento","I","Dentro","Urbana","S/D","No existe","Intersección","S/D","S/D","Diurna","S/D","S/D","S/D","Colisión","S/D","Vertical","Cordón divisorio,Vegetación","S/D"
2017,6043,12/4/2017,"Lunes",0,18:20:00,,"0.0",2,"Moto/Ciclomotor,Automóvil","Av A del Valle Y Domingo Silva",3,1,0,0,2,0,0,,"Avenida",,"SANTA FE","La Capital","Asfalto","Pavimento","I","Dentro","Urbana","S/D","No existe","Intersección","S/D","S/D","Diurna","S/D","S/D","S/D","Colisión","S/D","Vertical","Cordón divisorio,Vegetación","S/D"
2017,6044,12/18/2017,"Lunes",0,9:40:00,,"0.0",2,"Moto/Ciclomotor,Automóvil","Bv Galvez 2200",2,1,0,0,1,0,0,,"Avenida",,"SANTA FE","La Capital","Asfalto","No existe","I","Dentro","Urbana","S/D","Funciona","Recta","Bueno","S/D","Diurna","S/D","Lateral","S/D","Colisión","S/D","S/D","S/D","S/D"
2017,6045,12/5/2017,"Martes",0,21:00:00,,"0.0",2,"Moto/Ciclomotor,Automóvil","Av Facundo Zuviria Y Domingo Silva",2,1,0,0,1,0,0,,"Avenida",,"SANTA FE","La Capital","Asfalto","Pavimento","I","Dentro","Urbana","S/D","S/D","Intersección","S/D","S/D","S/D","S/D","S/D","S/D","Colisión","S/D","Horizontal,Vertical","Cordón divisorio","S/D"
2017,6046,12/7/2017,"Jueves",0,17:45:00,,"0.0",2,"Automóvil,Automóvil","9 de Julio Y Gutierrez",2,1,0,0,1,0,0,,"Calle",,"SANTA FE","La Capital","Asfalto","Pavimento","I","Dentro","Urbana","S/D","No existe","Intersección","S/D","S/D","Diurna","S/D","S/D","S/D","Colisión","S/D","Horizontal","S/D","S/D"
2017,6047,12/13/2017,"Miercoles",0,13:30:00,,"0.0",2,"Transporte de Pasajeros Urbano (> 8 asientos),Bicicleta","JIMENEZ DE AZUA Y LUIS F ULOZ",2,1,0,0,1,0,0,,"Calle",,"SANTA FE","La Capital","Asfalto","Pavimento","I","Dentro","Urbana","Ninguna","No existe","Intersección","Bueno","Buena","Diurna","Buen Tiempo","Frontal","Ciclista","Atropello","Ninguna","Faltante","Ninguna","Sin restricción"
2017,6048,9/22/2017,"Viernes",0,12:30:00,,"0.0",1,"Automóvil","Dorrego 634",1,1,0,0,0,0,0,,"Calle",,"SAN LORENZO","San Lorenzo","Asfalto","S/D","XVII","S/D","Urbana","Ninguna","S/D","Recta","S/D","S/D","S/D","Otro","S/D","S/D","Vuelco","S/D","S/D","Ninguna","S/D"
2017,6049,9/9/2017,"Sabado",0,9:00:00,,"0.0",2,"Camión Chasis,Moto/Ciclomotor","3 De Febrero Y Balcarce",2,1,0,0,1,0,0,,"Calle",,"ROSARIO","Rosario","Asfalto","S/D","II","S/D","Urbana","S/D","S/D","Intersección","S/D","S/D","S/D","S/D","S/D","S/D","Colisión","S/D","S/D","S/D","S/D"
2017,6050,9/19/2017,"Martes",0,8:30:00,,"0.0",2,"Moto/Ciclomotor,Automóvil","Av. Belgrano Y Santa Fe",2,1,0,0,1,0,0,,"Avenida",,"ROSARIO","Rosario","Asfalto","S/D","II","S/D","Urbana","S/D","S/D","Intersección","S/D","S/D","Diurna","S/D","Contra objeto fijo","S/D","Colisión","S/D","S/D","S/D","S/D"
2017,6051,9/23/2017,"Sabado",0,13:15:00,,"0.0",2,"Moto/Ciclomotor,Automóvil","Sargento Cabral ",2,1,0,0,1,0,0,,"S/D",,"SAN LORENZO","San Lorenzo","S/D","S/D","XVII","S/D","Urbana","Ninguna","S/D","Recta","Otro","S/D","S/D","S/D","S/D","S/D","Colisión","Ninguna","Vertical","Ninguna","S/D"
2017,6052,9/7/2017,"Jueves",0,10:50:00,,"0.0",2,"Pickup/Utilitario,Peatón","Pte.Roca 652",2,1,0,0,1,0,0,,"Calle",,"ROSARIO","Rosario","Asfalto","No existe","II","S/D","Urbana","Paso Peatonal","No existe","Recta","S/D","S/D","Diurna","S/D","S/D","Peatón","Atropello","S/D","S/D","Ninguna","S/D"
2017,6053,9/4/2017,"Lunes",0,21:20:00,,"0.0",2,"Automóvil,Tren","San Martin Y Av Gral Lopez",2,0,1,0,1,0,0,,"S/D",,"CAPITÁN BERMÚDEZ","San Lorenzo","Asfalto","S/D","VII","S/D","Urbana","S/D","No existe","Intersección","S/D","S/D","Nocturna","S/D","S/D","S/D","Colisión","S/D","Vertical","S/D","S/D"
2017,6054,9/10/2017,"Domingo",0,16:45:00,,"0.0",2,"Automóvil,Automóvil","Bv. Oroño Y 3 De Febrero",4,1,0,0,3,0,0,,"Avenida",,"ROSARIO","Rosario","Asfalto","No existe","II","S/D","Urbana","Semáforo","Funciona","Recta","S/D","S/D","Diurna","S/D","Contra objeto fijo","S/D","Colisión","S/D","Horizontal,Vertical","Vegetación","S/D"
2017,6055,9/13/2017,"Miercoles",0,14:00:00,"Ruta Nacional 11","0.0",2,"Moto/Ciclomotor,Automóvil","Av San Lorenzo Y Porvenir",3,1,1,0,1,0,0,,"Ruta",11,"CAPITÁN BERMÚDEZ","San Lorenzo","S/D","S/D","VII","S/D","Urbana","S/D","No existe","Intersección","S/D","Buena","Diurna","Buen Tiempo","Lateral","S/D","Colisión","S/D","Vertical","S/D","Sin restricción"
2017,6056,9/23/2017,"Sabado",0,18:00:00,,"0.0",2,"Moto/Ciclomotor,Bicicleta","Av San Martin Y Av Gral Savio",2,1,0,0,1,0,0,,"Avenida",,"FRAY LUIS BELTRÁN","San Lorenzo","S/D","S/D","XVII","S/D","Urbana","Otra Señal","S/D","Intersección","Otro","S/D","S/D","Otro","S/D","Ciclista","Atropello","Ninguna","Vertical","Ninguna","S/D"
2017,6057,9/22/2017,"Viernes",0,13:15:00,,"0.0",2,"Automóvil,Automóvil","Av. Belgrano 2017",3,3,0,0,0,0,0,,"Calle",,"ROSARIO","Rosario","Asfalto","No existe","II","S/D","Urbana","Señal Ceda el Paso","No existe","Recta","S/D","S/D","Diurna","S/D","S/D","S/D","Colisión","S/D","Horizontal","Cordón divisorio,Línea divisoria pintada","S/D"
2017,6058,6/15/2017,"Jueves",0,10:45:00,,"0.0",2,"Automóvil,Moto/Ciclomotor","Calle 23-Gral lopez Y Calle 10-Ludue±a",3,2,0,0,1,0,0,,"Calle",,"RECONQUISTA","General Obligado","Asfalto","No existe","IX","Dentro","Urbana","S/D","S/D","Intersección","Bueno","S/D","S/D","S/D","Lateral","S/D","Colisión","Ninguna","Faltante","S/D","Sin restricción"
2017,6059,6/15/2017,"Jueves",0,,,"0.0",2,"Bicicleta,Automóvil","Bme Mitre 1000",2,1,0,0,1,0,0,,"Calle",,"GÁLVEZ","San Jerónimo","Asfalto","S/D","XV","Dentro","Urbana","S/D","S/D","Intersección","S/D","S/D","S/D","S/D","S/D","Ciclista","Atropello","S/D","S/D","S/D","S/D"
2017,6060,9/14/2017,"Jueves",0,9:00:00,"Ruta Nacional 11","0.0",2,"Moto/Ciclomotor,Automóvil","Pte Peron Y Av San Lorenzo",2,1,0,0,1,0,0,,"Ruta",11,"CAPITÁN BERMÚDEZ","San Lorenzo","Asfalto","No existe","VII","S/D","Urbana","S/D","No existe","Intersección","S/D","Buena","S/D","S/D","Lateral","S/D","Colisión","S/D","S/D","S/D","S/D"
2017,6061,9/23/2017,"Sabado",0,0:10:00,,"0.0",2,"Automóvil,Peatón","Baron De Maua Y San Juan",3,1,0,0,2,0,0,,"Calle",,"ROSARIO","Rosario","Asfalto","No existe","II","S/D","Urbana","Paso Peatonal","No existe","Recta","S/D","S/D","Nocturna,Con luz artificial","S/D","S/D","Peatón","Atropello","S/D","Horizontal","Ninguna","S/D"
2017,6062,6/12/2017,"Lunes",0,,,"0.0",2,"Automóvil,Bicicleta","Avda 25 de Mayo ",2,1,0,0,1,0,0,,"Calle",,"GÁLVEZ","San Jerónimo","Asfalto","S/D","XV","Dentro","Urbana","S/D","S/D","Recta","S/D","S/D","S/D","S/D","S/D","Ciclista","Atropello","S/D","S/D","S/D","S/D"
2017,6063,9/26/2017,"Martes",0,15:25:00,,"0.0",2,"Automóvil,Automóvil","Falucho Y Fray Peña",3,1,0,0,2,0,0,,"Calle",,"SAN LORENZO","San Lorenzo","S/D","S/D","XVII","S/D","Urbana","Ninguna","No existe","Intersección","Otro","Buena","S/D","Otro","Otro","S/D","Otro","Ninguna","Vertical","Ninguna","S/D"
2017,6064,9/20/2017,"Miercoles",0,18:00:00,,"0.0",2,"Bicicleta,Automóvil","Entre Rios Y Montevideo",2,1,0,0,1,0,0,,"Calle",,"ROSARIO","Rosario","Asfalto","No existe","II","S/D","Urbana","Semáforo","Funciona","Intersección","S/D","Buena","Diurna","S/D","S/D","Ciclista","Atropello","S/D","Horizontal,Vertical","Línea divisoria pintada","S/D"
2017,6065,9/21/2017,"Jueves",0,,"Ruta Nacional 11","0.0",2,"Moto/Ciclomotor,Automóvil","Juan de Garay Y Av San Lorenzo",3,1,0,0,2,0,0,,"Ruta",11,"CAPITÁN BERMÚDEZ","San Lorenzo","Asfalto","Pavimento","VII","S/D","Urbana","S/D","No existe","Recta","S/D","S/D","Diurna","S/D","S/D","S/D","S/D","S/D","Faltante","S/D","S/D"
2017,6066,6/13/2017,"Martes",0,,,"0.0",2,"Pickup/Utilitario,Moto/Ciclomotor","Jose de San Martin Y Dr Hector Lopez",2,1,0,0,1,0,0,,"Calle",,"CORONDA","San Jerónimo","Asfalto","S/D","XV","Dentro","Urbana","S/D","S/D","Intersección","S/D","S/D","S/D","S/D","S/D","S/D","Colisión","S/D","S/D","S/D","S/D"
2017,6067,9/17/2017,"Domingo",0,22:50:00,,"0.0",2,"Automóvil,Moto/Ciclomotor","Cordoba Y Alvear",3,1,0,0,2,0,0,,"Calle",,"ROSARIO","Rosario","Asfalto","No existe","II","S/D","Urbana","Semáforo","Funciona","Intersección","S/D","S/D","Diurna,Con luz artificial","S/D","S/D","S/D","Colisión","S/D","Horizontal,Vertical","Línea divisoria pintada","S/D"
2017,6068,9/27/2017,"Miercoles",0,19:10:00,"Ruta Nacional 11","0.0",2,"Moto/Ciclomotor,Automóvil","Av San Martin Y D Gurel",4,2,0,0,2,0,0,,"Ruta",11,"SAN LORENZO","San Lorenzo","S/D","S/D","XVII","S/D","Urbana","Ninguna","S/D","Intersección","Otro","S/D","S/D","Otro","S/D","S/D","Otro","Ninguna","Vertical","Ninguna","S/D"
2017,6069,9/18/2017,"Lunes",0,12:00:00,,"0.0",4,"Automóvil,Pickup/Utilitario,Automóvil,Automóvil","Av. Illia Y Italia",4,1,0,0,3,0,0,,"Calle",,"ROSARIO","Rosario","Asfalto","No existe","II","S/D","Urbana","Semáforo","S/D","Intersección","S/D","S/D","Diurna","S/D","Múltiple","S/D","Colisión","S/D","Horizontal,Vertical","Cordón divisorio,Vegetación,Línea divisoria pintada","S/D"
2017,6070,9/24/2017,"Domingo",0,19:00:00,"Ruta Nacional 11","0.0",2,"Automóvil,Automóvil","General Richieri Y Av San Martin",2,1,0,0,1,0,0,,"Ruta",11,"FRAY LUIS BELTRÁN","San Lorenzo","Asfalto","Ripio","XVII","Dentro","Urbana","Ninguna","Funciona","Recta","Bueno","Buena","Nocturna","Buen Tiempo","Frontal","S/D","Colisión","Ninguna","Vertical","Ninguna","Sin restricción"
2017,6071,6/16/2017,"Viernes",0,,,"0.0",2,"Automóvil,Moto/Ciclomotor","España Y Mendoza",2,1,0,0,1,0,0,,"Calle",,"ROSARIO","Rosario","S/D","S/D","II","Dentro","Urbana","S/D","S/D","Intersección","S/D","S/D","Diurna","S/D","S/D","S/D","Colisión","S/D","S/D","S/D","S/D"
2017,6072,9/14/2017,"Jueves",0,17:00:00,,"0.0",2,"Automóvil,Moto/Ciclomotor","Avellaneda Y Laprida",2,1,0,0,1,0,0,,"Calle",,"FRAY LUIS BELTRÁN","San Lorenzo","Hormigón","No existe","XVII","S/D","Urbana","Ninguna","No existe","Intersección","Bueno","Buena","Diurna","Buen Tiempo","Lateral","S/D","Colisión","Ninguna","Faltante","Ninguna","Sin restricción"
2017,6073,9/22/2017,"Viernes",0,11:00:00,"Ruta Nacional 11","0.0",2,"Automóvil,Moto/Ciclomotor","Av San Lorenzo Y Parana",2,1,0,0,1,0,0,,"Ruta",11,"CAPITÁN BERMÚDEZ","San Lorenzo","Asfalto","S/D","VII","Dentro","Urbana","S/D","S/D","Recta","Con baches","S/D","S/D","S/D","S/D","S/D","S/D","Ninguna","Vertical","S/D","S/D"
2017,6074,9/8/2017,"Viernes",0,22:30:00,"Ruta Nacional 33","597.5",2,"Automóvil,Moto/Ciclomotor"," ",3,0,0,0,2,1,0,"-33.917905, -62.244237","Ruta",33,"SANCTI SPÍRITU","General López","Asfalto","Natural","VIII","S/D","Rural","Ninguna","No existe","Recta","Bueno","Reducida","Nocturna","Otro","Frontal","S/D","Colisión","Ninguna","Horizontal","Línea divisoria pintada","Sin restricción"
2017,6075,9/6/2017,"Miercoles",0,19:45:00,"Ruta Provincial 10","0.0",1,"Pickup/Utilitario"," ",1,1,0,0,0,0,0,,"Ruta",10,"ALDAO","San Lorenzo","Asfalto","Natural","XVII","Fuera","Rural","Ninguna","No existe","Recta","Bueno","Buena","Nocturna","Buen Tiempo","S/D","S/D","Vuelco","Ninguna","Faltante","Línea divisoria pintada","Sin restricción"
2017,6076,7/19/2017,"Miercoles",0,14:30:00,"Ruta Nacional 11","0.0",2,"Automóvil,Peatón","Av San Martin Y Maestra Barragan - Ex Bs.As.",2,1,0,0,1,0,0,,"Ruta",11,"FRAY LUIS BELTRÁN","San Lorenzo","Asfalto","Ripio","XVII","Dentro","Urbana","Ninguna","No existe","Recta","Bueno","Buena","Diurna","Buen Tiempo","S/D","Peatón","Atropello","Ninguna","Faltante","Ninguna","Sin restricción"
2017,6077,9/18/2017,"Lunes",0,19:30:00,"Ruta Nacional A012","0.0",3,"Camión c / Acoplado,Moto/Ciclomotor,Camión c / Acoplado","Z Martinez ",4,1,0,0,3,0,0,,"Ruta","A012","SAN LORENZO","San Lorenzo","Asfalto,Ripio","No existe","XVII","Dentro","Urbana","Ninguna","No existe","Intersección","Otro","Buena","Diurna","Otro","Múltiple","S/D","Colisión","Ninguna","Faltante","Ninguna","Sin restricción"
2017,6078,6/19/2017,"Lunes",0,,"Ruta Nacional 19","0.0",1,"Moto/Ciclomotor","Azcuenaga Y Avenida Ejercito Argentino",2,1,0,0,0,1,0,"-31.67193, -60.77404","Ruta",19,"SANTO TOMÉ","La Capital","S/D","S/D","I","Dentro","Rural","S/D","S/D","Intersección","S/D","S/D","S/D","S/D","S/D","S/D","Caída ocupante","S/D","S/D","S/D","S/D"
2017,6079,9/13/2017,"Miercoles",0,8:00:00,"Ruta Nacional 11","0.0",2,"Pickup/Utilitario,Moto/Ciclomotor","Av San Martin Y Maestra Barragan - Ex Bs.As.",2,1,0,0,1,0,0,,"Ruta",11,"FRAY LUIS BELTRÁN","San Lorenzo","Asfalto","Pavimento","XVII","S/D","Urbana","Ninguna","No existe","Intersección","Bueno","Buena","Diurna","Buen Tiempo","Lateral","S/D","Colisión","Ninguna","Faltante","Ninguna","Sin restricción"
2017,6080,9/14/2017,"Jueves",0,10:30:00,"Ruta Secundaria 18-s","0.0",2,"Automóvil,Moto/Ciclomotor"," ",2,1,0,0,1,0,0,,"Ruta","18-s","ALDAO","San Lorenzo","Asfalto","Natural","XVII","Dentro","Urbana","Ninguna","No existe","Recta","Bueno","Buena","Diurna","Buen Tiempo","Otro","S/D","Colisión","Ninguna","Faltante","Línea divisoria pintada","Sin restricción"
2017,6081,6/19/2017,"Lunes",0,,,"0.0",2,"Automóvil,Automóvil","Mitre Y Riobamba",6,5,0,0,1,0,0,,"Calle",,"ROSARIO","Rosario","Asfalto","S/D","II","Dentro","Urbana","S/D","S/D","Intersección","Bueno","S/D","S/D","S/D","S/D","S/D","Colisión","S/D","S/D","S/D","S/D"
2017,6082,9/6/2017,"Miercoles",0,21:00:00,,"0.0",2,"Automóvil,Moto/Ciclomotor","Pte Peron Y Sarmiento",2,0,1,0,1,0,0,,"S/D",,"FRAY LUIS BELTRÁN","San Lorenzo","Asfalto","No existe","XVII","S/D","Urbana","Ninguna","No existe","Intersección","Bueno","Buena","Nocturna","Buen Tiempo","Lateral","S/D","Colisión","Agua","S/D","Ninguna","Sin restricción"
2017,6083,9/1/2017,"Viernes",0,7:25:00,"Ruta Nacional 11","0.0",2,"Pickup/Utilitario,Pickup/Utilitario","Bv Oroño Y General Lopez",4,1,0,0,3,0,0,,"Ruta",11,"SAN LORENZO","San Lorenzo","Hormigón","S/D","XVII","S/D","Urbana","S/D","S/D","Intersección","Bueno","S/D","Diurna","S/D","S/D","S/D","Colisión","S/D","S/D","S/D","S/D"
2017,6084,9/18/2017,"Lunes",0,17:30:00,,"0.0",2,"Automóvil,Moto/Ciclomotor","GNRET Y RUTA NACIONAL 11",3,1,0,0,2,0,0,,"Calle",,"SAN LORENZO","San Lorenzo","Asfalto","No existe","XVII","Dentro","Urbana","Otra Señal","No existe","Intersección","Bueno","Buena","Diurna","Otro","Otro","S/D","Colisión","Ninguna","Faltante","Ninguna","Sin restricción"
2017,6085,9/5/2017,"Martes",0,14:30:00,,"0.0",2,"Automóvil,Moto/Ciclomotor","Mitre ",2,1,0,0,1,0,0,,"Calle",,"TIMBÚES","San Lorenzo","Arena","Natural","XVII","Dentro","Rural","Ninguna","No existe","Intersección","Deteriorada","Buena","Diurna","Buen Tiempo","Lateral","S/D","Colisión","Material Suelto","Faltante","Ninguna","Sin restricción"
2017,6086,9/6/2017,"Miercoles",0,16:15:00,,"0.0",2,"Bicicleta,Moto/Ciclomotor","Monteagudo Y Alvear",2,0,1,0,1,0,0,,"Calle",,"FRAY LUIS BELTRÁN","San Lorenzo","Hormigón","No existe","XVII","S/D","Urbana","Ninguna","No existe","Intersección","Con baches","Buena","Diurna","Buen Tiempo","S/D","Ciclista","Atropello","S/D","Faltante","Ninguna","Sin restricción"
2017,6087,9/9/2017,"Sabado",0,1:45:00,,"0.0",2,"Moto/Ciclomotor,Moto/Ciclomotor","Av Peñaloza Y Estanislao Zeballos",2,0,0,0,0,1,1,"-31.601543, -60.712778","Avenida",,"SANTA FE","La Capital","Asfalto","S/D","I","S/D","Urbana","S/D","Intermitente","Intersección","Bueno","Buena","Nocturna","Buen Tiempo","De alcance","S/D","Colisión","Ninguna","S/D","S/D","S/D"
2017,6088,9/20/2017,"Miercoles",0,18:00:00,,"0.0",2,"Moto/Ciclomotor,Automóvil","Irigoyen Y Belgrano",2,1,0,0,1,0,0,,"Calle",,"SAN LORENZO","San Lorenzo","Asfalto","No existe","XVII","S/D","Urbana","Otra Señal","No existe","Intersección","Bueno","S/D","Atardecer","Otro","S/D","S/D","Colisión","Ninguna","Vertical","Ninguna","S/D"
2017,6089,9/4/2017,"Lunes",0,17:05:00,,"0.0",2,"Moto/Ciclomotor,Moto/Ciclomotor","Bv B Mitre Y Clemente Albelo",2,1,0,0,1,0,0,,"Avenida",,"SAN LORENZO","San Lorenzo","Hormigón","No existe","XVII","S/D","Urbana","S/D","No existe","Recta","Bueno","Buena","Diurna","S/D","S/D","S/D","Colisión","S/D","S/D","S/D","S/D"
2017,6090,9/4/2017,"Lunes",0,16:00:00,,"0.0",2,"Moto/Ciclomotor,Pickup/Utilitario","Juan de Garay Y Mitre",3,1,0,0,2,0,0,,"Calle",,"FRAY LUIS BELTRÁN","San Lorenzo","Hormigón","No existe","XVII","S/D","Urbana","Ninguna","No existe","Intersección","Bueno","Buena","Diurna","Buen Tiempo","Lateral","S/D","Colisión","Ninguna","Faltante","Ninguna","Sin restricción"
2017,6091,9/20/2017,"Miercoles",0,22:30:00,,"0.0",2,"Otros,Moto/Ciclomotor","San Carlos Y Entre Rios",2,1,0,0,0,0,1,,"Calle",,"SAN LORENZO","San Lorenzo","Asfalto","No existe","XVII","S/D","Urbana","Otra Señal","No existe","Recta","S/D","S/D","Nocturna","Otro","S/D","S/D","Colisión","S/D","Vertical","Ninguna","S/D"
2017,6092,9/14/2017,"Jueves",0,22:00:00,,"0.0",2,"Moto/Ciclomotor,Taxi/Remis","Av San Martin Y Granadero Baigorria",2,1,0,0,1,0,0,,"Avenida",,"SAN LORENZO","San Lorenzo","S/D","S/D","XVI","S/D","Urbana","S/D","S/D","S/D","S/D","S/D","Nocturna","S/D","S/D","S/D","Colisión","S/D","S/D","S/D","S/D"
2017,6093,6/19/2017,"Lunes",0,11:05:00,,"0.0",1,"Moto/Ciclomotor","Capitan Bermudez 500",1,1,0,0,0,0,0,,"Calle",,"GÁLVEZ","San Jerónimo","S/D","S/D","XV","Dentro","Urbana","S/D","S/D","Recta","S/D","S/D","Diurna","S/D","S/D","S/D","Caída ocupante","S/D","S/D","S/D","S/D"
2017,6094,9/21/2017,"Jueves",0,16:30:00,,"0.0",2,"Automóvil,Pickup/Utilitario","Irigoyen Y Urquiza",2,1,0,0,0,0,1,,"Calle",,"SAN LORENZO","San Lorenzo","Asfalto","No existe","XVII","Dentro","Urbana","Otra Señal","No existe","Intersección","Bueno","S/D","Diurna","Otro","S/D","S/D","Colisión","Ninguna","Vertical","Ninguna","S/D"
2017,6095,9/1/2017,"Viernes",0,18:41:00,"Ruta Nacional 11","0.0",2,"Bicicleta,Moto/Ciclomotor","Av San Martin Y D Gurel",2,1,0,0,1,0,0,,"Ruta",11,"SAN LORENZO","San Lorenzo","Asfalto","S/D","XVII","Dentro","Urbana","Semáforo","Funciona","Intersección","Con baches","Buena","Diurna","Otro","S/D","Ciclista","Atropello","Ninguna","Vertical","Ninguna","S/D"
2017,6096,9/9/2017,"Sabado",0,7:30:00,,"0.0",2,"Automóvil,Automóvil","Av San Martin Y Bv B Mitre",4,3,0,0,1,0,0,,"Avenida",,"SAN LORENZO","San Lorenzo","S/D","S/D","XVII","S/D","Urbana","S/D","S/D","Intersección","S/D","S/D","Diurna","S/D","S/D","S/D","Colisión","S/D","S/D","S/D","S/D"
2017,6097,9/22/2017,"Viernes",0,10:00:00,,"0.0",2,"Pickup/Utilitario,Bicicleta","Sargento Cabral Y Richieri",2,1,0,0,1,0,0,,"Calle",,"SAN LORENZO","San Lorenzo","S/D","S/D","XVII","S/D","Urbana","S/D","S/D","Intersección","S/D","S/D","S/D","S/D","S/D","Ciclista","Atropello","S/D","S/D","Ninguna","S/D"
2017,6098,9/10/2017,"Domingo",0,2:30:00,,"0.0",1,"Moto/Ciclomotor","3 de Febrero 3600",1,0,0,0,0,1,0,"-31.655851900577566, -60.7238522171","Calle",,"SANTA FE","La Capital","Asfalto","No existe","I","Dentro","Urbana","Ninguna","No existe","Recta","Deteriorada","Buena","Nocturna","Buen Tiempo","S/D","S/D","Caída ocupante","Ninguna","Faltante","Ninguna","Sin restricción"
2017,6099,9/29/2017,"Viernes",0,11:00:00,,"0.0",2,"Moto/Ciclomotor,Pickup/Utilitario","Parana Y Santa Joaquina",2,1,0,0,1,0,0,,"S/D",,"CARCARAÑÁ","San Lorenzo","Asfalto","Pavimento","XVII","S/D","Urbana","S/D","No existe","Intersección","Bueno","Buena","Diurna","Otro","Otro","S/D","Colisión","Ninguna","S/D","Ninguna","S/D"
2017,6100,6/19/2017,"Lunes",0,20:25:00,,"0.0",2,"Moto/Ciclomotor,Moto/Ciclomotor","Gro Baigorria ",2,2,0,0,0,0,0,,"Calle",,"GÁLVEZ","San Jerónimo","Asfalto","S/D","XV","Dentro","Urbana","S/D","S/D","Recta","S/D","S/D","S/D","S/D","S/D","S/D","Colisión","S/D","S/D","S/D","S/D"
2017,6101,9/2/2017,"Sabado",0,14:40:00,,"0.0",2,"Automóvil,Moto/Ciclomotor","General Lopez Y 3 de Febrero",2,1,0,0,1,0,0,,"Calle",,"SAN LORENZO","San Lorenzo","Asfalto","S/D","XVII","Dentro","Urbana","S/D","S/D","Intersección","Bueno","Buena","Diurna","S/D","Lateral","S/D","Colisión","S/D","S/D","Ninguna","S/D"
2017,6102,9/17/2017,"Domingo",0,20:50:00,,"0.0",2,"Moto/Ciclomotor,Automóvil","Av San Martin Y Mateo Galvez",3,2,0,0,1,0,0,,"Avenida",,"SAN LORENZO","San Lorenzo","Hormigón","No existe","XVII","S/D","Urbana","S/D","No existe","Rotonda","Bueno","S/D","Nocturna","S/D","S/D","S/D","Colisión","S/D","S/D","S/D","S/D"
2017,6103,6/19/2017,"Lunes",0,5:25:00,,"0.0",1,"Moto/Ciclomotor","25 de Mayo Y Alberdi",1,1,0,0,0,0,0,,"Calle",,"CORONDA","San Jerónimo","Asfalto","No existe","XV","Dentro","Urbana","S/D","S/D","Intersección","S/D","S/D","Nocturna","S/D","S/D","S/D","Caída ocupante","S/D","S/D","S/D","Sin restricción"
2017,6104,9/5/2017,"Martes",0,11:00:00,,"0.0",2,"Moto/Ciclomotor,Automóvil","20 de Junio Y Lujan",2,1,0,0,1,0,0,,"Calle",,"CARCARAÑÁ","San Lorenzo","Asfalto","Natural","XVII","S/D","Urbana","Ninguna","No existe","Intersección","Bueno","Buena","Diurna","Buen Tiempo","S/D","S/D","Colisión","Ninguna","Faltante","S/D","S/D"
2017,6105,9/11/2017,"Lunes",0,20:00:00,"Ruta Provincial 93","0.0",2,"Pickup/Utilitario,Camión c / Acoplado"," ",2,0,0,0,1,1,0,"-33.40815380215645, -61.61645784974","Ruta",93,"CAÑADA DEL UCLE","General López","Asfalto","Natural","VIII","S/D","S/D","S/D","S/D","Recta","Bueno","S/D","Nocturna","Buen Tiempo","Frontal,Lateral","S/D","Colisión","S/D","S/D","S/D","S/D"
2017,6106,9/23/2017,"Sabado",0,22:30:00,,"0.0",2,"Automóvil,Moto/Ciclomotor","M Diaz Velez Y Del Bajo",3,1,1,0,1,0,0,,"Calle",,"SAN LORENZO","San Lorenzo","Hormigón","S/D","XVII","S/D","Urbana","S/D","S/D","Intersección","S/D","S/D","Nocturna","S/D","S/D","S/D","Colisión","S/D","S/D","S/D","S/D"
2017,6107,6/20/2017,"Martes",0,,,"0.0",1,"Moto/Ciclomotor"," ",2,2,0,0,0,0,0,,"S/D",,"FORTÍN OLMOS","Vera","S/D","S/D","XIX","S/D","S/D","S/D","S/D","S/D","S/D","S/D","S/D","S/D","Atropello animal","S/D","Colisión","S/D","S/D","S/D","S/D"
2017,6108,9/4/2017,"Lunes",0,22:10:00,,"0.0",3,"Automóvil,Automóvil,Moto/Ciclomotor","Salta Y General Lopez",3,1,0,0,2,0,0,,"Calle",,"SAN LORENZO","San Lorenzo","Asfalto","No existe","XVII","Dentro","Urbana","S/D","No existe","Intersección","Bueno","Buena","Diurna","S/D","S/D","S/D","Colisión","Ninguna","Faltante","Ninguna","S/D"