"anio_acci","nro_acci","fecha","desc_dia","fecha_aprox","hora_aprox","desc_ruta","km","cant_participantes","desc_participante","calle_avenida_km","total","heridos_leves","heridos_graves","heridos_gravisimos","ilesos","fallecidos","sin_datos","posicion_XY","desc_tipo_via","desc_ruta_ori","desc_loc","desc_dpto","desc_tipo_calzada","desc_tipo_banquina","desc_unidad_regional","desc_lugar_calzada","desc_zona","desc_prioridad","desc_estado_semaforo","desc_lugar_via","desc_estado_via","desc_estado_visibilidad","desc_luminosidad","desc_estado_clima","desc_tipo_colision","desc_tipo_atropello","desc_tipo_hecho","desc_pres_calzada","desc_senializacion","desc_separacion_via","desc_restriccion"
2017,6109,9/6/2017,"Miercoles",0,1:30:00,,"0.0",2,"Moto/Ciclomotor,Bicicleta","Belgrano 1305",2,1,0,0,1,0,0,,"Avenida",,"CARCARAÑÁ","San Lorenzo","Asfalto","Pavimento","XVII","S/D","Urbana","Semáforo","Funciona","Recta","Bueno","Buena","Nocturna","Buen Tiempo","S/D","Ciclista","Colisión,Atropello","Ninguna","S/D","S/D","S/D"
2017,6110,9/25/2017,"Lunes",0,16:00:00,"Ruta Nacional 11","0.0",1,"Automóvil","Ruta Nac 11 Y Genaro Roldan",5,1,0,0,4,0,0,,"Ruta",11,"SAN LORENZO","San Lorenzo","Asfalto","Pavimento","XVII","S/D","Urbana","S/D","S/D","Cruce","S/D","S/D","Diurna","S/D","S/D","S/D","Despiste","S/D","S/D","S/D","S/D"
2017,6111,9/24/2017,"Domingo",0,16:00:00,"Ruta Nacional 11","0.0",2,"Bicicleta,Automóvil","Yapeyu Y Ruta Nac 11",2,1,0,0,1,0,0,,"Ruta",11,"PUERTO SAN MARTÍN","San Lorenzo","Asfalto","Ripio","XVII","Dentro","Urbana","Ninguna","No existe","Intersección","Bueno","Buena","Diurna","Buen Tiempo","S/D","Ciclista","Atropello","Ninguna","Faltante","Ninguna","Sin restricción"
2017,6112,9/25/2017,"Lunes",0,19:50:00,,"0.0",2,"Automóvil,Moto/Ciclomotor","La Plata Y Tala",2,1,0,0,1,0,0,,"Calle",,"CARCARAÑÁ","San Lorenzo","Ripio","Pavimento","XVII","S/D","Urbana","S/D","No existe","Intersección","Bueno","Buena","Diurna","Buen Tiempo","S/D","S/D","Colisión","Ninguna","S/D","Ninguna","S/D"
2017,6113,9/5/2017,"Martes",0,12:05:00,"Ruta Nacional 11","0.0",2,"Moto/Ciclomotor,Peatón","Av San Martin Y Santiago del Estero",2,2,0,0,0,0,0,,"Ruta",11,"SAN LORENZO","San Lorenzo","Asfalto","No existe","XVII","Dentro","Urbana","Ninguna","No existe","Intersección","Bueno","Buena","Diurna","Buen Tiempo","Otro","Peatón","Atropello","S/D","Faltante","Ninguna","Sin restricción"
2017,6114,9/28/2017,"Jueves",0,13:45:00,"Ruta Nacional 9","0.0",2,"Camión c / Acoplado,Automóvil","Acceso 012 Y Ruta Nacional 9",5,3,0,0,2,0,0,,"Ruta",9,"ROLDÁN","San Lorenzo","Asfalto","Ripio","XVII","Dentro","Urbana","Semáforo","Intermitente","Intersección","Bueno","Buena","Diurna","Buen Tiempo","Lateral","S/D","Colisión","Ninguna","Vertical","Guardarrail","Sin restricción"
2017,6115,9/15/2017,"Viernes",0,14:30:00,,"0.0",2,"Moto/Ciclomotor,Automóvil","A Gaminara Y San Martin",2,0,1,0,1,0,0,,"Calle",,"SAN CARLOS CENTRO","Las Colonias","Asfalto","No existe","XI","Dentro","Urbana","Ninguna","No existe","Intersección","Bueno","Buena","Diurna","Buen Tiempo","Lateral","S/D","Colisión","Ninguna","Horizontal","Ninguna","Sin restricción"
2017,6116,9/2/2017,"Sabado",0,11:00:00,,"0.0",2,"Bicicleta,Pickup/Utilitario","Sarmiento Y A Gaminara",2,1,0,0,1,0,0,,"Calle",,"SAN CARLOS CENTRO","Las Colonias","Asfalto","No existe","XI","S/D","Urbana","Ninguna","No existe","Intersección","Bueno","Buena","Diurna","Buen Tiempo","S/D","Ciclista","Atropello","Ninguna","Vertical","Ninguna","Sin restricción"
2017,6117,9/5/2017,"Martes",0,21:00:00,,"0.0",2,"Automóvil,Pickup/Utilitario","Urquiza Y General Lopez",3,1,0,0,2,0,0,,"Calle",,"SAN LORENZO","San Lorenzo","Asfalto","No existe","XVII","Dentro","Urbana","Ninguna","Intermitente","Intersección","S/D","S/D","Nocturna","Buen Tiempo","Otro","S/D","Colisión","S/D","Vertical","Ninguna","Sin restricción"
2017,6118,9/21/2017,"Jueves",0,9:10:00,"Autopista Provincial Brigadier E.López","103.0",2,"Automóvil,Camión c / Acoplado"," ",5,2,0,0,3,0,0,,"Autopista","Brigadier E.López","CORONDA","San Jerónimo","Asfalto","Natural","XV","Dentro","Rural","Ninguna","No existe","Recta","Bueno","Reducida","Diurna","Lluvia","S/D","S/D","Colisión","Agua","Faltante","Línea divisoria pintada","Sin restricción"
2017,6119,9/24/2017,"Domingo",0,21:00:00,"Ruta Nacional 9","0.0",2,"Automóvil,Moto/Ciclomotor","Ruta Nacional 9 Y Buenos Aires",2,1,0,0,1,0,0,,"Ruta",9,"ROLDÁN","San Lorenzo","Asfalto","No existe","XVII","Dentro","Urbana","Ninguna","No existe","Intersección","Bueno","Buena","Nocturna,Con luz artificial","Buen Tiempo","Lateral","S/D","Colisión","Ninguna","Faltante","Ninguna","Sin restricción"
2017,6120,9/14/2017,"Jueves",0,19:30:00,,"0.0",2,"Moto/Ciclomotor,Automóvil","Mendoza Y San Martin",2,1,0,0,1,0,0,,"Calle",,"SAN CARLOS CENTRO","Las Colonias","Asfalto","No existe","XI","Dentro","Urbana","Ninguna","No existe","Intersección","Bueno","Buena","Nocturna,Con luz artificial","Buen Tiempo","De alcance","S/D","Colisión","Ninguna","Vertical","Ninguna","Sin restricción"
2017,6121,9/9/2017,"Sabado",0,15:30:00,"Ruta Nacional 11","418.0",2,"Automóvil,Moto/Ciclomotor"," ",3,2,1,0,0,0,0,,"Ruta",11,"CORONDA","San Jerónimo","Asfalto","Ripio","XV","S/D","Rural","Ninguna","No existe","Recta","Bueno","Buena","Diurna","Buen Tiempo","Lateral","S/D","Colisión","Ninguna","Faltante","Ninguna","Sin restricción"
2017,6122,9/22/2017,"Viernes",0,3:30:00,"Ruta Nacional 9","0.0",1,"Automóvil","Ruta Nacional 9 Y Puerto Rico",1,0,1,0,0,0,0,,"Ruta",9,"ROLDÁN","San Lorenzo","Asfalto,Tierra","Ripio","XVII","Fuera","Urbana","Ninguna","No existe","Intersección","Bueno","Buena","Nocturna,Con luz artificial","Buen Tiempo","Contra objeto fijo","S/D","Colisión","Ninguna","Faltante","Ninguna","Sin restricción"
2017,6123,9/6/2017,"Miercoles",0,14:15:00,,"0.0",2,"Pickup/Utilitario,Moto/Ciclomotor","Irigoyen Y Salta",2,1,0,0,1,0,0,,"Calle",,"SAN LORENZO","San Lorenzo","Asfalto","No existe","XVII","Dentro","Urbana","Ninguna","No existe","Intersección","S/D","Buena","Diurna","Buen Tiempo","Lateral","S/D","Colisión","S/D","S/D","Ninguna","Sin restricción"
2017,6124,9/11/2017,"Lunes",0,21:00:00,,"0.0",2,"Automóvil,Bicicleta","Cordoba Y Galvez",3,2,0,0,0,0,1,,"Calle",,"ROLDÁN","San Lorenzo","Asfalto","No existe","XVII","Dentro","Urbana","Ninguna","No existe","Intersección","Bueno","Buena","Nocturna,Con luz artificial","Buen Tiempo","S/D","Ciclista","Atropello","Ninguna","Faltante","Ninguna","Sin restricción"
2017,6125,9/23/2017,"Sabado",0,3:40:00,"Ruta Provincial 6","70.0",2,"Automóvil,Transporte de Pasajeros Larga Distancia (Doble Piso)"," ",4,1,1,0,2,0,0,,"Ruta",6,"ESPERANZA","Las Colonias","Asfalto","Natural","XI","Dentro","Rural","Ninguna","No existe","Recta","Bueno","Reducida humo","Nocturna","Niebla","De alcance","S/D","Colisión","Ninguna","Horizontal","Línea divisoria pintada","Sin restricción"
2017,6126,9/2/2017,"Sabado",0,19:50:00,"Autopista Provincial Brigadier E.López","0.0",2,"Automóvil,Moto/Ciclomotor"," ",2,0,1,0,1,0,0,,"Autopista","Brigadier E.López","CORONDA","San Jerónimo","Asfalto","Natural","XV","S/D","Urbana","Ninguna","No existe","Recta","Bueno","Buena","Nocturna","Buen Tiempo","Frontal","S/D","Colisión","Ninguna","S/D","Vegetación","Sin restricción"
2017,6127,9/6/2017,"Miercoles",0,,"Ruta Nacional 11","0.0",2,"Automóvil,Moto/Ciclomotor","Av San Martin Y D Porteau",2,1,0,0,1,0,0,,"Ruta",11,"SAN LORENZO","San Lorenzo","S/D","S/D","XVII","S/D","S/D","S/D","S/D","S/D","S/D","S/D","S/D","S/D","S/D","S/D","S/D","S/D","S/D","S/D","S/D"
2017,6128,9/9/2017,"Sabado",0,10:40:00,"Autopista Nacional Rosario -Cordoba","0.0",1,"Automóvil"," ",3,3,0,0,0,0,0,,"Autopista","Rosario -Cordoba","ROLDÁN","San Lorenzo","Asfalto","Natural","XVII","Dentro","Rural","Ninguna","No existe","Recta","Con baches","Reducida","Diurna","Lluvia","S/D","S/D","Vuelco","Agua","S/D","Guardarrail,Vegetación","Sin restricción"
2017,6129,9/7/2017,"Jueves",0,14:00:00,,"0.0",2,"Moto/Ciclomotor,Bicicleta","Bv Estanislao Lopez Y Cordoba",2,2,0,0,0,0,0,,"Calle",,"ROLDÁN","San Lorenzo","Asfalto","No existe","XVII","Dentro","Urbana","Ninguna","No existe","Intersección","Bueno","Buena","Diurna","Buen Tiempo","S/D","Ciclista","Atropello","Ninguna","Faltante","Ninguna","Sin restricción"
2017,6130,9/15/2017,"Viernes",0,17:45:00,,"0.0",2,"Moto/Ciclomotor,Automóvil","Belgrano Manuel Y Weihmuller",2,0,1,0,1,0,0,,"Calle",,"SAN CARLOS CENTRO","Las Colonias","Asfalto","No existe","XI","Dentro","Urbana","Ninguna","No existe","Intersección","Bueno","Buena","Diurna","Buen Tiempo","Lateral","S/D","Colisión","Ninguna","Horizontal","Ninguna","Sin restricción"
2017,6131,9/12/2017,"Martes",0,10:00:00,,"0.0",2,"Moto/Ciclomotor,Peatón"," ",2,1,0,0,1,0,0,,"Calle",,"SANTA FE","La Capital","Asfalto","No existe","I","S/D","Urbana","Semáforo","Funciona","Recta","Bueno","Buena","Diurna","Buen Tiempo","S/D","Peatón","Atropello","Ninguna","Horizontal,Vertical","Línea divisoria pintada","Sin restricción"
2017,6132,9/4/2017,"Lunes",0,19:40:00,,"0.0",2,"Automóvil,Moto/Ciclomotor","Catamarca Y Rivadavia",2,1,0,0,1,0,0,,"Calle",,"ROLDÁN","San Lorenzo","Asfalto","Ripio","XVII","Dentro","Urbana","S/D","No existe","Intersección","Bueno","Buena","Atardecer,Con luz artificial","Buen Tiempo","Lateral","S/D","Colisión","Ninguna","S/D","Ninguna","Sin restricción"
2017,6133,9/19/2017,"Martes",0,21:45:00,,"0.0",2,"Bicicleta,Pickup/Utilitario","Saavedra Y San Luis",3,1,0,0,2,0,0,,"Calle",,"SAN CARLOS CENTRO","Las Colonias","Ripio","S/D","XI","Dentro","Urbana","Ninguna","No existe","Intersección","Bueno","Buena","Nocturna","Buen Tiempo","S/D","Ciclista","Atropello","Ninguna","Faltante","Ninguna","Sin restricción"
2017,6134,9/6/2017,"Miercoles",0,9:30:00,,"0.0",2,"Automóvil,Bicicleta","B de Astrada Y Brown",2,1,0,0,1,0,0,,"Calle",,"SAN LORENZO","San Lorenzo","Asfalto","No existe","XVII","Dentro","Urbana","Ninguna","No existe","Intersección","Bueno","Buena","Diurna","Viento Fuerte","Lateral","Ciclista","Atropello","S/D","Faltante","Ninguna","S/D"
2017,6135,9/21/2017,"Jueves",0,14:20:00,,"0.0",2,"Automóvil,Moto/Ciclomotor","Lamadrid Y Corrientes",2,2,0,0,0,0,0,,"Calle",,"SANTA FE","La Capital","Hormigón","No existe","I","S/D","Urbana","S/D","No existe","Intersección","Bueno","Buena","Diurna","S/D","S/D","S/D","Colisión","Ninguna","Faltante","S/D","S/D"
2017,6136,9/1/2017,"Viernes",0,20:00:00,,"0.0",2,"Automóvil,Moto/Ciclomotor","Rosario Y Moreau de Justo",2,1,0,0,1,0,0,,"Calle",,"PUERTO SAN MARTÍN","San Lorenzo","Asfalto","S/D","XVII","Dentro","Urbana","Ninguna","No existe","Intersección","Bueno","Buena","Nocturna","Buen Tiempo","Lateral","S/D","Colisión","Ninguna","Faltante","Ninguna","Sin restricción"
2017,6137,9/8/2017,"Viernes",0,0:10:00,,"0.0",2,"Pickup/Utilitario,Moto/Ciclomotor","Sgto Cabral Y Buenos Aires",2,1,0,0,1,0,0,,"Calle",,"PUERTO SAN MARTÍN","San Lorenzo","Asfalto","S/D","XVII","Dentro","Urbana","Ninguna","No existe","Intersección","Bueno","Buena","Nocturna","Buen Tiempo","Lateral","S/D","Colisión","Ninguna","Faltante","Ninguna","Sin restricción"
2017,6138,9/9/2017,"Sabado",0,18:00:00,,"0.0",2,"Automóvil,Moto/Ciclomotor","Cordoba Y 9 de Julio",2,1,0,0,1,0,0,,"Calle",,"PUERTO SAN MARTÍN","San Lorenzo","Asfalto","S/D","XVII","Dentro","Urbana","Ninguna","No existe","Intersección","Bueno","Buena","Diurna","Buen Tiempo","De alcance","S/D","Colisión","Ninguna","Faltante","Ninguna","Sin restricción"
2017,6139,9/11/2017,"Lunes",0,15:30:00,,"0.0",2,"Bicicleta,Moto/Ciclomotor","Av San Martin Y Tucuman",3,3,0,0,0,0,0,,"Calle",,"PUERTO SAN MARTÍN","San Lorenzo","Asfalto","S/D","XVII","Dentro","Urbana","Ninguna","No existe","Intersección","Bueno","Buena","Diurna","Buen Tiempo","S/D","Ciclista","Atropello","Ninguna","Faltante","Ninguna","Sin restricción"
2017,6140,9/13/2017,"Miercoles",0,13:00:00,"Ruta Nacional 11","0.0",2,"Automóvil,Moto/Ciclomotor","Ruta Nac 11 Y Cordoba",4,3,0,0,1,0,0,,"Ruta",11,"PUERTO SAN MARTÍN","San Lorenzo","Asfalto","Ripio","XVII","Dentro","Urbana","Policía de tránsito","No existe","Intersección","Bueno","Buena","Diurna","Buen Tiempo","Lateral","S/D","Colisión","Ninguna","Faltante","Ninguna","Sin restricción"
2017,6141,9/15/2017,"Viernes",0,,,"0.0",3,"Pickup/Utilitario,Bicicleta,Moto/Ciclomotor","Av San Martin 150",5,4,0,0,1,0,0,,"Calle",,"PUERTO SAN MARTÍN","San Lorenzo","Asfalto","S/D","XVII","Dentro","Urbana","Policía de tránsito","No existe","Recta","Bueno","Buena","Diurna","Buen Tiempo","Múltiple","S/D","Colisión","Ninguna","Faltante","Ninguna","Sin restricción"
2017,6142,9/17/2017,"Domingo",0,16:30:00,,"0.0",2,"Moto/Ciclomotor,Vehículo Oficial","Av San Martin Y Mendoza",5,2,0,0,3,0,0,,"Avenida",,"PUERTO SAN MARTÍN","San Lorenzo","Asfalto","No existe","XVII","Dentro","Urbana","Ninguna","No existe","Intersección","Bueno","Buena","Diurna","Buen Tiempo","Lateral","S/D","Colisión","Ninguna","Horizontal","Ninguna","Sin restricción"
2017,6143,9/19/2017,"Martes",0,19:30:00,"Ruta Nacional 11","0.0",2,"Bicicleta,Automóvil","Ruta Nac 11 Y Ruta 18 S",2,1,0,0,1,0,0,,"Ruta",11,"PUERTO SAN MARTÍN","San Lorenzo","Asfalto","No existe","XVII","Dentro","Rural","Ninguna","S/D","Intersección","Deteriorada","Buena","Atardecer","Buen Tiempo","S/D","Ciclista","Atropello","Ninguna","Horizontal","Ninguna","Sin restricción"
2017,6144,9/20/2017,"Miercoles",0,16:15:00,,"0.0",2,"Moto/Ciclomotor,Transporte de Pasajeros (H/ 8 asientos)","Cordoba 840",3,1,0,0,2,0,0,,"Avenida",,"PUERTO SAN MARTÍN","San Lorenzo","Asfalto","No existe","XVII","Dentro","Urbana","Ninguna","No existe","Recta","Bueno","Buena","Diurna","Buen Tiempo","Frontal","S/D","Colisión","Ninguna","Horizontal","Ninguna","Sin restricción"
2017,6145,3/1/2017,"Miercoles",1,,,"0.0",1,"Otros"," ",1,0,0,0,0,1,0,"-32.943698, -60.649043","S/D",,"ROSARIO","Rosario","S/D","S/D","II","S/D","S/D","S/D","S/D","S/D","S/D","S/D","S/D","S/D","S/D","S/D","S/D","S/D","S/D","S/D","S/D"
2017,6146,9/28/2017,"Jueves",0,11:50:00,"Ruta Nacional 11","0.0",2,"Moto/Ciclomotor,Automóvil","Cervantes ",4,3,0,0,1,0,0,,"Ruta",11,"CORONDA","San Jerónimo","Asfalto","Natural","XV","S/D","Urbana","Ninguna","No existe","Cruce","Bueno","Buena","Diurna","Buen Tiempo","Lateral","S/D","Colisión","Ninguna","Faltante","Ninguna","Sin restricción"
2017,6147,9/9/2017,"Sabado",0,21:00:00,,"0.0",2,"Pickup/Utilitario,Moto/Ciclomotor","25 de Mayo Y San Juan",2,1,0,0,1,0,0,,"Calle",,"SAN LORENZO","San Lorenzo","Ripio","No existe","XVII","Dentro","Urbana","Ninguna","No existe","Intersección","Deteriorada","Reducida","Nocturna","Otro","Otro","S/D","Colisión","S/D","Faltante","Ninguna","Sin restricción"
2017,6148,9/13/2017,"Miercoles",0,22:30:00,,"0.0",2,"Pickup/Utilitario,Bicicleta","Juan B Alberdi Y Tierra del Fuego",2,0,0,0,0,1,1,"-31.518002450466177, -60.7270064949","Calle",,"RECREO","La Capital","Tierra","No existe","I","S/D","Urbana","Ninguna","No existe","Intersección","Bueno","Reducida","Nocturna","Buen Tiempo","S/D","Ciclista","Atropello","Ninguna","Faltante","Vegetación","Sin restricción"
2017,6149,9/9/2017,"Sabado",0,6:00:00,"Ruta Nacional 11","0.0",1,"Moto/Ciclomotor","Buenos aires Y Av San Martin",2,1,1,0,0,0,0,,"Ruta",11,"SAN LORENZO","San Lorenzo","Asfalto","No existe","XVII","Dentro","Urbana","S/D","No existe","S/D","S/D","S/D","Nocturna","S/D","S/D","S/D","S/D","S/D","Faltante","S/D","S/D"
2017,6150,9/9/2017,"Sabado",0,20:20:00,"Ruta Nacional 11","0.0",2,"Moto/Ciclomotor,Automóvil","Av San Martin Y 9 de Julio",3,1,0,0,2,0,0,,"Ruta",11,"SAN LORENZO","San Lorenzo","Asfalto","No existe","XVII","Dentro","Urbana","Ninguna","No existe","Intersección","Bueno","S/D","Nocturna","Otro","Otro","S/D","Colisión","S/D","Vertical","Ninguna","Sin restricción"
2017,6151,9/9/2017,"Sabado",0,20:20:00,"Ruta Nacional 11","0.0",2,"Moto/Ciclomotor,Moto/Ciclomotor","Av San Martin Y Amado Cittadini",2,1,1,0,0,0,0,,"Ruta",11,"SAN LORENZO","San Lorenzo","Asfalto","No existe","XVII","Dentro","Urbana","Ninguna","No existe","Intersección","Bueno","S/D","Nocturna","Otro","Otro","S/D","Colisión","S/D","Faltante","Ninguna","Sin restricción"
2017,6152,9/10/2017,"Domingo",0,5:00:00,"Ruta Nacional 11","0.0",2,"Peatón,Automóvil","Av San Martin Y Belgrano",4,1,0,0,3,0,0,,"Ruta",11,"SAN LORENZO","San Lorenzo","Asfalto","No existe","XVII","Dentro","Urbana","S/D","Intermitente","Intersección","Bueno","S/D","Nocturna","S/D","S/D","Peatón","Atropello","S/D","Vertical","Ninguna","S/D"
2017,6153,9/14/2017,"Jueves",0,7:10:00,"Ruta Provincial 10","0.0",1,"Automóvil"," ",1,0,0,0,0,1,0,"-32.707580, -60.813184","Ruta",10,"ALDAO","San Lorenzo","Asfalto","Natural","XVII","S/D","Rural","Ninguna","No existe","Recta","Bueno","Buena","Diurna","Buen Tiempo","S/D","S/D","Vuelco","Ninguna","Faltante","Línea divisoria pintada","Sin restricción"
2017,6154,9/14/2017,"Jueves",0,10:00:00,,"0.0",1,"Moto/Ciclomotor","Uriburu Y Santiago del Estero",1,1,0,0,0,0,0,,"Calle",,"SAN LORENZO","San Lorenzo","Asfalto","No existe","XVII","Dentro","Urbana","Ninguna","No existe","Intersección","Bueno","Buena","Diurna","Otro","S/D","S/D","Caída ocupante","S/D","Faltante","Ninguna","Sin restricción"
2017,6155,12/11/2017,"Lunes",0,13:00:00,,"0.0",2,"Moto/Ciclomotor,Automóvil","9 de Julio Y Padilla",2,1,0,0,1,0,0,,"Calle",,"SANTA FE","La Capital","Asfalto","Pavimento","I","Dentro","Urbana","S/D","S/D","Recta","S/D","S/D","Diurna","S/D","S/D","S/D","Colisión","S/D","S/D","Ninguna","S/D"
2017,6157,12/16/2017,"Sabado",0,5:00:00,,"0.0",2,"Moto/Ciclomotor,Pickup/Utilitario","Av Facundo Zuviria Y Iturraspe",2,1,0,0,1,0,0,,"Avenida",,"SANTA FE","La Capital","Asfalto","Pavimento","I","Dentro","Urbana","S/D","Intermitente","Intersección","S/D","S/D","Amanecer","S/D","S/D","S/D","Colisión","S/D","Horizontal,Vertical","Cordón divisorio","S/D"
2017,6158,12/15/2017,"Viernes",0,13:50:00,,"0.0",2,"Moto/Ciclomotor,Automóvil","Bv Galvez Y Guemes",2,1,0,0,1,0,0,,"Calle",,"SANTA FE","La Capital","Asfalto","No existe","I","Dentro","Urbana","S/D","Funciona","Intersección","Bueno","S/D","Diurna","S/D","Lateral","S/D","Colisión","S/D","S/D","S/D","S/D"
2017,6159,12/16/2017,"Sabado",0,10:45:00,,"0.0",2,"Moto/Ciclomotor,Automóvil","Av Facundo Zuviria Y Iturraspe",2,1,0,0,1,0,0,,"Avenida",,"SANTA FE","La Capital","Asfalto","Pavimento","I","S/D","Urbana","S/D","Funciona","Intersección","S/D","S/D","Diurna","S/D","S/D","S/D","Colisión","S/D","Horizontal,Vertical","Cordón divisorio","S/D"
2017,6160,12/15/2017,"Viernes",0,12:00:00,,"0.0",2,"Moto/Ciclomotor,Automóvil","Bv Galvez 2400",2,1,0,0,1,0,0,,"Avenida",,"SANTA FE","La Capital","Asfalto","No existe","I","Dentro","Urbana","S/D","Funciona","Recta","Bueno","S/D","Diurna","S/D","Lateral","S/D","Colisión","S/D","S/D","S/D","S/D"
2017,6161,12/17/2017,"Domingo",0,1:30:00,,"0.0",2,"Moto/Ciclomotor,Automóvil","1ro de Mayo Y J Castelli",2,1,0,0,1,0,0,,"Calle",,"SANTA FE","La Capital","Asfalto","Pavimento","I","Dentro","Urbana","S/D","No existe","Intersección","S/D","S/D","Nocturna,Con luz artificial","S/D","S/D","S/D","Colisión","S/D","Vertical","Ninguna","S/D"
2017,6162,12/14/2017,"Jueves",0,20:45:00,,"0.0",2,"Moto/Ciclomotor,Automóvil","MARCIAL CANDIOTI Y MAIPU",2,1,0,0,1,0,0,,"Calle",,"SANTA FE","La Capital","Asfalto","No existe","I","Dentro","Urbana","S/D","No existe","Intersección","Bueno","S/D","Nocturna","S/D","Lateral","S/D","Colisión","S/D","S/D","S/D","S/D"
2017,6163,12/23/2017,"Sabado",0,6:30:00,,"0.0",2,"Moto/Ciclomotor,Automóvil","Av Facundo Zuviria Y Pedro Diaz Colodrero",2,1,0,0,0,0,1,,"S/D",,"SANTA FE","La Capital","Asfalto","Pavimento","I","Dentro","Urbana","S/D","S/D","Recta","S/D","S/D","Amanecer","S/D","De alcance","S/D","Colisión","S/D","S/D","Cordón divisorio","S/D"
2017,6164,12/14/2017,"Jueves",0,1:50:00,,"0.0",2,"Moto/Ciclomotor,Peatón","Bv Galvez Y Velez Sarsfield",2,1,0,0,1,0,0,,"Calle",,"SANTA FE","La Capital","Asfalto","No existe","I","Dentro","Urbana","S/D","No existe","Recta","Bueno","S/D","Nocturna","S/D","Lateral","Peatón","Atropello","S/D","S/D","S/D","S/D"
2017,6165,12/23/2017,"Sabado",0,19:50:00,,"0.0",2,"Moto/Ciclomotor,Automóvil","San Jeronimo Y Pedro Centeno",2,1,0,0,1,0,0,,"Calle",,"SANTA FE","La Capital","Asfalto","Pavimento","I","Dentro","Urbana","S/D","No existe","Intersección","S/D","S/D","Atardecer","S/D","S/D","S/D","Colisión","S/D","Vertical","Ninguna","S/D"
2017,6166,12/13/2017,"Miercoles",0,19:15:00,,"0.0",2,"Automóvil,Pickup/Utilitario","Balcarce Y San Luis",2,1,0,0,1,0,0,,"Calle",,"SANTA FE","La Capital","Asfalto","No existe","I","Dentro","Urbana","S/D","No existe","Intersección","Bueno","S/D","Diurna","S/D","Lateral","S/D","Colisión","S/D","S/D","S/D","S/D"
2017,6167,12/24/2017,"Domingo",0,17:30:00,,"0.0",2,"Moto/Ciclomotor,Moto/Ciclomotor","Av A del Valle Y Pedro Diaz Colodrero",4,2,0,0,2,0,0,,"Avenida",,"SANTA FE","La Capital","Asfalto","Pavimento","I","Dentro","Urbana","S/D","Funciona","Intersección","S/D","S/D","Diurna","S/D","S/D","S/D","Colisión","S/D","Horizontal,Vertical","Cordón divisorio","S/D"
2017,6168,12/24/2017,"Domingo",0,22:30:00,,"0.0",2,"Moto/Ciclomotor,Automóvil","Av A del Valle Y Espora",2,1,0,0,1,0,0,,"Avenida",,"SANTA FE","La Capital","Asfalto","Pavimento","I","Dentro","Urbana","S/D","No existe","Intersección","S/D","S/D","Nocturna,Con luz artificial","S/D","S/D","S/D","Colisión","S/D","Vertical","Cordón divisorio,Vegetación","S/D"
2017,6169,12/12/2017,"Martes",0,13:15:00,,"0.0",2,"Automóvil,Bicicleta","Av Leandro Alem Y Guemes",2,1,0,0,1,0,0,,"Avenida",,"SANTA FE","La Capital","Asfalto","No existe","I","Dentro","Urbana","S/D","No existe","Intersección","Bueno","S/D","Diurna","S/D","Lateral","S/D","Colisión","S/D","S/D","S/D","S/D"
2017,6170,12/26/2017,"Martes",0,20:35:00,,"0.0",2,"Moto/Ciclomotor,Automóvil","4 de Enero Y Espora",2,1,0,0,1,0,0,,"Calle",,"SANTA FE","La Capital","Asfalto","Pavimento","I","Dentro","Urbana","S/D","No existe","Intersección","S/D","S/D","Atardecer","S/D","S/D","S/D","Colisión","S/D","Faltante","Ninguna","S/D"
2017,6171,12/11/2017,"Lunes",0,23:55:00,,"0.0",2,"Automóvil,Moto/Ciclomotor","AVENIDA ALMIRANTE BROWN  Y PUENTE COLGANTE",2,1,0,0,1,0,0,,"Avenida",,"SANTA FE","La Capital","Asfalto","No existe","I","Dentro","Urbana","S/D","No existe","Intersección","Bueno","S/D","Nocturna","S/D","Lateral","S/D","Colisión","S/D","S/D","S/D","S/D"
2017,6172,12/20/2017,"Miercoles",0,23:00:00,,"0.0",2,"Automóvil,Camión Chasis","Av A del Valle Y J M Zuviria",2,1,0,0,1,0,0,,"S/D",,"SANTA FE","La Capital","Asfalto","Pavimento","I","Dentro","Urbana","S/D","Funciona","Intersección","S/D","S/D","Nocturna,Con luz artificial","S/D","S/D","S/D","Colisión","S/D","Vertical","Cordón divisorio,Vegetación","S/D"
2017,6173,12/11/2017,"Lunes",0,20:50:00,,"0.0",2,"Automóvil,Bicicleta","Av Leandro Alem Y Las Heras",2,1,0,0,1,0,0,,"Avenida",,"SANTA FE","La Capital","Asfalto","No existe","I","Dentro","Urbana","S/D","Funciona","Intersección","Bueno","S/D","Nocturna","S/D","Lateral","S/D","Colisión","S/D","S/D","S/D","S/D"
2017,6174,12/4/2017,"Lunes",0,17:05:00,,"0.0",2,"Automóvil,Moto/Ciclomotor","San Jose Y Av Gral Lopez",4,4,0,0,0,0,0,,"Avenida",,"SANTA FE","La Capital","Asfalto","No existe","I","S/D","Urbana","Otra Señal","No existe","Intersección","Bueno","Buena","Diurna","Buen Tiempo","S/D","S/D","Colisión","S/D","Vertical","Ninguna","Sin restricción"
2017,6175,12/8/2017,"Viernes",0,21:40:00,,"0.0",2,"Moto/Ciclomotor,Automóvil","BV GALVEZ Y LAVALLE",2,1,0,0,1,0,0,,"Avenida",,"SANTA FE","La Capital","Asfalto","No existe","I","Dentro","Urbana","S/D","Funciona","Intersección","Bueno","S/D","Nocturna","S/D","Lateral","S/D","Colisión","S/D","S/D","S/D","S/D"