"anio_acci","nro_acci","fecha","desc_dia","fecha_aprox","hora_aprox","desc_ruta","km","cant_participantes","desc_participante","calle_avenida_km","total","heridos_leves","heridos_graves","heridos_gravisimos","ilesos","fallecidos","sin_datos","posicion_XY","desc_tipo_via","desc_ruta_ori","desc_loc","desc_dpto","desc_tipo_calzada","desc_tipo_banquina","desc_unidad_regional","desc_lugar_calzada","desc_zona","desc_prioridad","desc_estado_semaforo","desc_lugar_via","desc_estado_via","desc_estado_visibilidad","desc_luminosidad","desc_estado_clima","desc_tipo_colision","desc_tipo_atropello","desc_tipo_hecho","desc_pres_calzada","desc_senializacion","desc_separacion_via","desc_restriccion"
2017,6176,12/11/2017,"Lunes",0,21:00:00,,"0.0",2,"Automóvil,Peatón","Vera Mujica 600",2,1,0,0,1,0,0,,"Calle",,"SANTA FE","La Capital","Asfalto","Pavimento","I","Dentro","Urbana","Ninguna","No existe","Recta","Bueno","Buena","Nocturna","Buen Tiempo","Otro","S/D","Atropello","Ninguna","Faltante","Ninguna","S/D"
2017,6177,12/6/2017,"Miercoles",0,17:30:00,,"0.0",2,"Bicicleta,Automóvil","Av 7 Jefes Y Pedro Centeno",2,1,0,0,0,0,1,,"Avenida",,"SANTA FE","La Capital","Asfalto","No existe","I","Dentro","Urbana","S/D","No existe","Intersección","Bueno","S/D","Diurna","S/D","S/D","Ciclista","Atropello","S/D","S/D","S/D","S/D"
2017,6178,12/12/2017,"Martes",0,,,"0.0",2,"Automóvil,Moto/Ciclomotor","Vera Mujica Y O'Higgins",2,1,0,0,1,0,0,,"Calle",,"SANTA FE","La Capital","Asfalto","Pavimento","I","Dentro","Urbana","Ninguna","No existe","Curva","Bueno","Buena","Diurna","Buen Tiempo","Frontal","S/D","Colisión","Ninguna","Faltante","Ninguna","S/D"
2017,6179,12/2/2017,"Sabado",0,18:20:00,,"0.0",2,"Pickup/Utilitario,Peatón","Bv Galvez Y Mitre",2,1,0,0,1,0,0,,"Calle",,"SANTA FE","La Capital","Asfalto","No existe","I","Dentro","Urbana","S/D","No existe","Recta","Bueno","S/D","Diurna","S/D","S/D","Peatón","Atropello","S/D","S/D","S/D","S/D"
2017,6180,12/13/2017,"Miercoles",0,19:30:00,,"0.0",2,"Bicicleta,Automóvil","Nicolas Rodriguez Peña Y Aras General Belgrano",2,1,0,0,1,0,0,,"Avenida",,"SANTA FE","La Capital","Asfalto","Pavimento","I","Dentro","Urbana","Ninguna","No existe","Curva","Bueno","Buena","Atardecer","Buen Tiempo","Otro","S/D","Colisión","Ninguna","Faltante","Ninguna","S/D"
2017,6181,12/1/2017,"Viernes",0,,,"0.0",2,"Moto/Ciclomotor,Pickup/Utilitario","AV LEANDRO ALEM Y MARCIAL CANDIOTI",2,1,0,0,1,0,0,,"Avenida",,"SANTA FE","La Capital","Asfalto","No existe","I","Dentro","Urbana","S/D","Funciona","Intersección","Bueno","S/D","S/D","S/D","Lateral","S/D","Colisión","S/D","S/D","S/D","S/D"
2017,6182,12/16/2017,"Sabado",0,,,"0.0",2,"Automóvil,Moto/Ciclomotor","J J Paso Y Av Freyre",2,1,0,0,1,0,0,,"Avenida",,"SANTA FE","La Capital","Asfalto","Pavimento","I","Dentro","Urbana","Ninguna","No existe","Curva","Bueno","Buena","S/D","Buen Tiempo","Frontal","S/D","Colisión","Ninguna","Faltante","Ninguna","S/D"
2017,6183,12/26/2017,"Martes",0,18:30:00,,"0.0",2,"Automóvil,Moto/Ciclomotor","Zavalia Y Gdor Mariano Cabal",2,1,0,0,1,0,0,,"Calle",,"SANTA FE","La Capital","Asfalto","Pavimento","I","Dentro","Urbana","Ninguna","No existe","Cruce","Bueno","Buena","Diurna","Buen Tiempo","Frontal","S/D","Colisión","Ninguna","Faltante","Ninguna","S/D"
2017,6184,12/24/2017,"Domingo",0,1:40:00,,"0.0",2,"Moto/Ciclomotor,Automóvil","Salvador del Carril Y Av Gral Paz",3,2,0,0,1,0,0,,"Avenida",,"SANTA FE","La Capital","Asfalto","No existe","I","S/D","Urbana","Ninguna","Intermitente","Intersección","Bueno","Buena","Diurna,Con luz artificial","Buen Tiempo","Lateral","S/D","Colisión","Ninguna","S/D","Ninguna","Sin restricción"
2017,6185,12/25/2017,"Lunes",0,23:00:00,,"0.0",2,"Automóvil,Automóvil","Guemes Y Hernandarias",2,1,0,0,0,0,1,,"Calle",,"SANTA FE","La Capital","Asfalto","No existe","I","S/D","Urbana","Ninguna","No existe","Intersección","Bueno","Buena","Nocturna,Con luz artificial","Buen Tiempo","Lateral","S/D","Colisión","Ninguna","S/D","Ninguna","Sin restricción"
2017,6186,12/26/2017,"Martes",0,13:45:00,,"0.0",2,"Moto/Ciclomotor,Bicicleta","Av Gral Paz Y Quintana",2,1,1,0,0,0,0,,"Avenida",,"SANTA FE","La Capital","Asfalto","No existe","I","S/D","Urbana","Ninguna","No existe","Intersección","Bueno","Buena","Diurna","Buen Tiempo","S/D","S/D","Colisión","Ninguna","S/D","Ninguna","Sin restricción"
2017,6187,12/26/2017,"Martes",0,21:50:00,,"0.0",2,"Automóvil,Automóvil","Av A del Valle Y Pedro de Vega",3,1,0,0,2,0,0,,"Avenida",,"SANTA FE","La Capital","Asfalto","No existe","I","S/D","Urbana","Semáforo","Funciona","Intersección","Bueno","S/D","Diurna","Buen Tiempo","Lateral","S/D","Colisión","Ninguna","S/D","Ninguna","Sin restricción"
2017,6188,12/28/2017,"Jueves",0,12:00:00,,"0.0",1,"Moto/Ciclomotor","PARQUE FEDERAL ",1,0,1,0,0,0,0,,"Calle",,"SANTA FE","La Capital","Hormigón","No existe","I","S/D","Urbana","Ninguna","No existe","Recta","Bueno","Buena","Diurna","Buen Tiempo","S/D","S/D","Caída ocupante","Ninguna","S/D","Ninguna","Sin restricción"
2017,6189,12/28/2017,"Jueves",0,15:00:00,,"0.0",2,"Moto/Ciclomotor,Automóvil","Las Heras Y Ricardo Aldao",2,1,0,0,1,0,0,,"Calle",,"SANTA FE","La Capital","Asfalto","No existe","I","S/D","Urbana","Ninguna","No existe","Intersección","Bueno","Buena","Diurna","Buen Tiempo","Lateral","S/D","Colisión","Ninguna","S/D","S/D","Sin restricción"
2017,6190,12/31/2017,"Domingo",0,2:30:00,,"0.0",2,"Moto/Ciclomotor,Automóvil","Av. Galicia Y M. Candioti",3,1,1,0,1,0,0,,"Avenida",,"SANTA FE","La Capital","Asfalto","No existe","I","S/D","Urbana","Ninguna","No existe","Intersección","Bueno","Buena","Nocturna,Con luz artificial","Buen Tiempo","Lateral","S/D","Colisión","Ninguna","S/D","Ninguna","Sin restricción"
2017,6191,12/1/2017,"Viernes",0,12:45:00,,"0.0",2,"Automóvil,Automóvil","M. CANDIOTI Y QUINTANA",3,1,0,0,2,0,0,,"Calle",,"SANTA FE","La Capital","Asfalto","No existe","I","S/D","Urbana","Ninguna","No existe","Intersección","Bueno","Buena","Diurna","Buen Tiempo","Lateral","S/D","Colisión","Ninguna","S/D","Ninguna","Sin restricción"
2017,6192,12/2/2017,"Sabado",0,2:40:00,,"0.0",2,"Moto/Ciclomotor,Automóvil","Av Galicia 1600",2,1,0,0,1,0,0,,"Avenida",,"SANTA FE","La Capital","Asfalto","No existe","I","S/D","Urbana","Ninguna","No existe","Recta","Bueno","Buena","Nocturna,Con luz artificial","Buen Tiempo","S/D","S/D","Colisión","Ninguna","S/D","Ninguna","Sin restricción"
2017,6193,9/29/2017,"Viernes",0,5:30:00,,"0.0",1,"Moto/Ciclomotor","Pje Jose Galisteo Y Salvador Caputo",1,1,0,0,0,0,0,,"Calle",,"SANTA FE","La Capital","Hormigón","No existe","I","S/D","Urbana","Ninguna","No existe","Recta","Bueno","Buena","Diurna","Buen Tiempo","Otro","S/D","Caída ocupante","Ninguna","Faltante","Ninguna","Sin restricción"
2017,6194,9/15/2017,"Viernes",0,10:20:00,,"0.0",2,"Bicicleta,Automóvil","Buenos Aires Y Mariano Moreno",3,1,0,0,2,0,0,,"Calle",,"CASILDA","Caseros","Asfalto","No existe","IV","S/D","Urbana","Ninguna","No existe","Intersección","Bueno","Buena","Diurna","Buen Tiempo","S/D","Ciclista","Atropello","Ninguna","Vertical","Cordón divisorio","Sin restricción"
2017,6195,9/29/2017,"Viernes",0,15:45:00,,"0.0",2,"Bicicleta,Automóvil","Juan Diaz de Solis Y Gdor Crespo",2,1,0,0,1,0,0,,"Calle",,"SANTA FE","La Capital","Asfalto","Pavimento","I","Dentro","Urbana","Ninguna","No existe","Intersección","Bueno","S/D","Nocturna","Buen Tiempo","S/D","Ciclista","Atropello","Ninguna","Faltante","Ninguna","S/D"
2017,6196,9/4/2017,"Lunes",0,18:45:00,,"0.0",2,"Moto/Ciclomotor,Automóvil","Dante Alighieri Y General Bartolome Mitre",2,1,0,0,1,0,0,,"Calle",,"CASILDA","Caseros","Asfalto","No existe","IV","Dentro","Urbana","Ninguna","No existe","Intersección","Bueno","Buena","Diurna","Buen Tiempo","Lateral","S/D","Colisión","Ninguna","Vertical","Cordón divisorio","Sin restricción"
2017,6197,9/15/2017,"Viernes",0,21:00:00,,"0.0",1,"Moto/Ciclomotor","Boulevard Villada Y Diaz Velez",2,2,0,0,0,0,0,,"Avenida",,"CASILDA","Caseros","Asfalto","No existe","IV","S/D","Urbana","Ninguna","No existe","Intersección","Bueno","Buena","Nocturna","Buen Tiempo","Atropello animal","S/D","Colisión,Vuelco","S/D","Vertical","Cordón divisorio","Sin restricción"
2017,6198,9/6/2017,"Miercoles",0,18:15:00,,"0.0",2,"Automóvil,Moto/Ciclomotor","Pje Paraguay Y Gdor Crespo",3,1,0,0,2,0,0,,"Calle",,"SANTA FE","La Capital","Asfalto","Pavimento","I","Fuera","Urbana","Ninguna","No existe","Intersección","Bueno","Buena","Diurna","Buen Tiempo","Otro","S/D","Colisión","Ninguna","Faltante","Ninguna","Sin restricción"
2017,6199,9/17/2017,"Domingo",0,8:35:00,,"0.0",2,"Automóvil,Automóvil","Boulevard 9 de julio Y San Luis",2,1,1,0,0,0,0,,"Avenida",,"CASILDA","Caseros","Asfalto","Natural","IV","S/D","Urbana","Ninguna","No existe","Intersección","Bueno","Buena","Diurna","Buen Tiempo","Lateral","S/D","Colisión","Ninguna","Vertical","Cordón divisorio","Sin restricción"
2017,6200,9/26/2017,"Martes",0,8:28:00,"Ruta Nacional 33","746.0",1,"Pickup/Utilitario"," ",1,0,1,0,0,0,0,,"Ruta",33,"CASILDA","Caseros","Asfalto","Natural","IV","S/D","Rural","Ninguna","No existe","Recta","Bueno","Buena","Diurna","Buen Tiempo","S/D","S/D","Despiste","Ninguna","Horizontal","Ninguna","Sin restricción"
2017,6201,9/18/2017,"Lunes",0,13:10:00,,"0.0",2,"Bicicleta,Automóvil","Hipolito Yrigoyen Y Vicente Lopez",2,1,0,0,1,0,0,,"Calle",,"CASILDA","Caseros","Asfalto","No existe","IV","S/D","Urbana","Ninguna","No existe","Intersección","Bueno","S/D","Diurna","Buen Tiempo","S/D","Ciclista","Atropello","Ninguna","Vertical","Cordón divisorio","Sin restricción"
2017,6202,9/26/2017,"Martes",0,16:30:00,,"0.0",2,"Bicicleta,Automóvil","Boulevard Lisandro de la Torre Y Boulevard 25 de Mayo",2,1,0,0,1,0,0,,"Avenida",,"CASILDA","Caseros","Asfalto","No existe","IV","S/D","Urbana","Ninguna","No existe","Intersección","Bueno","Buena","Diurna","Buen Tiempo","S/D","Ciclista","Atropello","Ninguna","Vertical","Cordón divisorio","Sin restricción"
2017,6203,9/1/2017,"Viernes",0,11:10:00,,"0.0",2,"Moto/Ciclomotor,Pickup/Utilitario","Albert Sabin 150",2,1,0,0,1,0,0,,"Avenida",,"ROSARIO","Rosario","Asfalto","No existe","II","S/D","Urbana","Otra Señal","No existe","Recta","Bueno","S/D","Diurna","Buen Tiempo","Contra objeto fijo","S/D","Colisión","Ninguna","Horizontal","Cordón divisorio","Sin restricción"
2017,6204,9/19/2017,"Martes",0,17:30:00,,"0.0",2,"Automóvil,Moto/Ciclomotor","Doctor Estanislao Zeballos Sev Y Boulevard Ovidio Lagos",2,1,0,0,1,0,0,,"Avenida",,"CASILDA","Caseros","Asfalto","No existe","IV","S/D","Urbana","Ninguna","No existe","Intersección","Bueno","Buena","Diurna","Buen Tiempo","Lateral","S/D","Colisión","Ninguna","Vertical","Cordón divisorio","Sin restricción"
2017,6205,9/2/2017,"Sabado",0,16:00:00,"Autopista Provincial Brigadier E.López","327.0",1,"Pickup/Utilitario"," ",2,1,0,0,1,0,0,,"Autopista","Brigadier E.López","SAN JERÓNIMO SUR","San Lorenzo","Asfalto","Natural","XVII","Fuera","Rural","Ninguna","No existe","Recta","Bueno","Buena","Diurna","Buen Tiempo","Lateral","S/D","Vuelco","Ninguna","Horizontal,Vertical","Ninguna","Sin restricción"
2017,6206,9/19/2017,"Martes",0,19:20:00,,"0.0",3,"Moto/Ciclomotor,Pickup/Utilitario,Automóvil","Boulevard Lisandro de la Torre Y Casado",4,2,0,0,2,0,0,,"S/D",,"CASILDA","Caseros","Asfalto","No existe","IV","S/D","Urbana","Ninguna","No existe","Intersección","Bueno","Buena","Nocturna","Buen Tiempo","De alcance","S/D","Colisión","Ninguna","Vertical","Cordón divisorio","Sin restricción"
2017,6207,9/5/2017,"Martes",0,13:10:00,"Autopista Provincial Brigadier E.López","328.0",1,"Pickup/Utilitario"," ",1,1,0,0,0,0,0,,"Autopista","Brigadier E.López","SAN JERÓNIMO SUR","San Lorenzo","Asfalto","Ripio","XVII","Fuera","Rural","Ninguna","No existe","Recta","Bueno","Buena","Diurna","Buen Tiempo","S/D","S/D","Vuelco","Ninguna","Horizontal,Vertical","Ninguna","Sin restricción"
2017,6208,9/28/2017,"Jueves",0,13:30:00,,"0.0",2,"Automóvil,Bicicleta","La Rioja Y España",2,1,0,0,1,0,0,,"Calle",,"CASILDA","Caseros","Asfalto","No existe","IV","S/D","Urbana","Otra Señal","No existe","Intersección","Resbaladiza","Reducida","Diurna","Lluvia","S/D","Ciclista","Atropello","Agua","Vertical","Ninguna","Sin restricción"
2017,6209,9/27/2017,"Miercoles",0,0:20:00,"Autopista Nacional Rosario -Cordoba","330.0",1,"Camión c / Semirremolque"," ",1,1,0,0,0,0,0,,"Autopista","Rosario -Cordoba","SAN JERÓNIMO SUR","San Lorenzo","Asfalto","Natural","XVII","Fuera","Rural","Ninguna","No existe","Recta","Bueno","Reducida","Nocturna","Lluvia","S/D","S/D","Vuelco","Agua","Horizontal,Vertical","Ninguna","Sin restricción"
2017,6210,9/20/2017,"Miercoles",0,11:00:00,,"0.0",2,"Moto/Ciclomotor,Automóvil","Boulevard Lisandro de la Torre Y Cornelio Saavedra",2,1,0,0,1,0,0,,"Avenida",,"CASILDA","Caseros","Asfalto","No existe","IV","S/D","Urbana","Ninguna","No existe","Intersección","Bueno","Buena","Diurna","Buen Tiempo","Lateral","S/D","Colisión","Ninguna","Vertical","Cordón divisorio","Sin restricción"
2017,6211,9/20/2017,"Miercoles",0,22:00:00,,"0.0",2,"Moto/Ciclomotor,Automóvil","Boulevard Lisandro de la Torre Y Mariano Moreno",4,0,1,0,3,0,0,,"Avenida",,"CASILDA","Caseros","Asfalto","No existe","IV","S/D","Urbana","Ninguna","No existe","Recta","Bueno","Buena","Nocturna,Con luz artificial","Buen Tiempo","Lateral","S/D","Colisión","Ninguna","Vertical","Cordón divisorio","Sin restricción"
2017,6212,9/24/2017,"Domingo",0,6:40:00,"Ruta Nacional A012","0.0",2,"Automóvil,Peatón","Gdor Saavedra - Ruta 12 Y C Pelegrini",2,1,0,0,0,0,1,,"Ruta","A012","SAN LORENZO","San Lorenzo","Asfalto,Tierra","Natural","XVII","S/D","Urbana","Ninguna","S/D","Intersección","Otro","Buena","Amanecer","Otro","S/D","Peatón","Atropello","Ninguna","Vertical","Ninguna","S/D"
2017,6213,9/30/2017,"Sabado",0,22:10:00,"Ruta Nacional 11","418.0",2,"Moto/Ciclomotor,Moto/Ciclomotor"," ",2,1,1,0,0,0,0,,"Ruta",11,"CORONDA","San Jerónimo","Asfalto","Natural","XV","Dentro","Rural","Ninguna","No existe","Recta","Bueno","Buena","Nocturna","Buen Tiempo","Otro","S/D","Colisión","S/D","Horizontal","Línea divisoria pintada","Sin restricción"
2017,6214,9/30/2017,"Sabado",0,19:20:00,,"0.0",2,"Automóvil,Automóvil","San Juan Y Vicente Lopez",3,1,0,0,2,0,0,,"Calle",,"CASILDA","Caseros","Asfalto","No existe","IV","S/D","Urbana","Ninguna","No existe","Intersección","Bueno","Buena","Diurna","Buen Tiempo","Lateral","S/D","Colisión","Ninguna","Vertical","Ninguna","Sin restricción"
2017,6215,9/20/2017,"Miercoles",0,23:55:00,,"0.0",2,"Pickup/Utilitario,Moto/Ciclomotor","Boulevard Lisandro de la Torre Y España",2,1,0,0,1,0,0,,"Avenida",,"CASILDA","Caseros","Asfalto","No existe","IV","S/D","Urbana","Ninguna","No existe","Intersección","Bueno","Buena","Nocturna","Buen Tiempo","Lateral","S/D","Colisión","Ninguna","Vertical","Cordón divisorio","Sin restricción"
2017,6216,9/24/2017,"Domingo",0,18:10:00,,"0.0",2,"Peatón,Moto/Ciclomotor","Guemes Y French y Berutti",2,1,0,0,1,0,0,,"Calle",,"CORONDA","San Jerónimo","Tierra","No existe","XV","Dentro","Urbana","Ninguna","No existe","Intersección","Bueno","Buena","Diurna","Buen Tiempo","S/D","Peatón","Atropello","Ninguna","Faltante","Ninguna","Sin restricción"
2017,6217,9/22/2017,"Viernes",0,13:10:00,,"0.0",2,"Bicicleta,Automóvil","Boulevard Lisandro de la Torre Y General Justo Jose De Urquiza",2,1,0,0,1,0,0,,"Avenida",,"CASILDA","Caseros","Asfalto","No existe","IV","S/D","Urbana","Ninguna","No existe","Intersección","Bueno","Buena","Diurna","Buen Tiempo","S/D","Ciclista","Atropello","Ninguna","Vertical","Cordón divisorio","Sin restricción"
2017,6218,9/8/2017,"Viernes",0,11:50:00,,"0.0",1,"Moto/Ciclomotor","Cordoba Y Gregorio de Lamadrid",1,0,1,0,0,0,0,,"Calle",,"FIRMAT","General López","Asfalto","No existe","VIII","Dentro","Urbana","Ninguna","S/D","Recta","Bueno","Buena","Diurna","Buen Tiempo","Atropello animal","S/D","Colisión","Otro","S/D","S/D","Sin restricción"
2017,6219,9/30/2017,"Sabado",0,,,"0.0",2,"Automóvil,Bicicleta","Boulevard Lisandro de la Torre Y Presidente General Julio Argen",3,1,0,0,2,0,0,,"Avenida",,"CASILDA","Caseros","Asfalto","S/D","IV","S/D","Urbana","Ninguna","S/D","Intersección","Bueno","S/D","S/D","Buen Tiempo","S/D","Ciclista","Atropello","Ninguna","Faltante","Cordón divisorio","Sin restricción"
2017,6220,9/8/2017,"Viernes",0,21:50:00,,"0.0",2,"Automóvil,Moto/Ciclomotor","Iturraspe Y Lisandro de la Torre",2,1,0,0,1,0,0,,"Calle",,"VENADO TUERTO","General López","Asfalto","No existe","VIII","Dentro","Urbana","Ninguna","No existe","Intersección","Bueno","Buena","Diurna","Buen Tiempo","S/D","S/D","Colisión","Ninguna","Horizontal","Ninguna","Sin restricción"
2017,6221,9/22/2017,"Viernes",0,16:00:00,,"0.0",2,"Pickup/Utilitario,Moto/Ciclomotor"," General Juan Las Heras Y  Remedios de Escalada de San M",3,2,0,0,1,0,0,,"Calle",,"CASILDA","Caseros","Asfalto","No existe","IV","S/D","Urbana","Ninguna","No existe","Intersección","Bueno","Buena","Diurna","Buen Tiempo","Lateral","S/D","Colisión","Ninguna","Vertical","Cordón divisorio","Sin restricción"
2017,6222,9/2/2017,"Sabado",0,9:10:00,,"0.0",2,"Moto/Ciclomotor,Moto/Ciclomotor","Mariano Moreno Y Velez Sarsfield",2,1,0,0,1,0,0,,"Calle",,"VENADO TUERTO","General López","Asfalto","No existe","VIII","S/D","Urbana","Otra Señal","No existe","Intersección","Bueno","Buena","Diurna","Buen Tiempo","Lateral","S/D","Colisión","Ninguna","Horizontal","Ninguna","Sin restricción"
2017,6223,9/22/2017,"Viernes",0,18:40:00,,"0.0",2,"Bicicleta,Automóvil","Boulevard Lisandro de la Torre Y Ayacucho",3,1,0,0,2,0,0,,"Avenida",,"CASILDA","Caseros","Asfalto","No existe","IV","S/D","Urbana","Ninguna","No existe","Intersección","Bueno","Buena","Diurna","Buen Tiempo","S/D","Ciclista","Atropello","Ninguna","S/D","Cordón divisorio","Sin restricción"
2017,6224,9/29/2017,"Viernes",0,6:20:00,"Ruta Provincial 3","6.0",1,"Moto/Ciclomotor"," ",1,1,0,0,0,0,0,,"Ruta",3,"LOS AMORES","Vera","Tierra","Natural","XIX","Dentro","Rural","Ninguna","No existe","Recta","Bueno","Reducida","Amanecer","Buen Tiempo","Otro","S/D","Despiste","Ninguna","S/D","Vegetación","Sin restricción"
2017,6225,9/22/2017,"Viernes",0,0:30:00,,"0.0",2,"Automóvil,Moto/Ciclomotor","Vicente Lopez Y San Juan",2,1,0,0,1,0,0,,"Calle",,"CASILDA","Caseros","Asfalto","No existe","IV","S/D","Urbana","Ninguna","No existe","Intersección","Bueno","Reducida","Nocturna","Buen Tiempo","Lateral","S/D","Colisión","Ninguna","Vertical","Cordón divisorio","Sin restricción"
2017,6226,9/17/2017,"Domingo",0,,,"0.0",1,"Automóvil"," ",1,1,0,0,0,0,0,,"Camino Rural",,"LOS CARDOS","San Martín","Tierra","Natural","XVIII","S/D","Rural","Ninguna","No existe","Recta","Bueno","Buena","Atardecer","Buen Tiempo","S/D","S/D","Vuelco","Ninguna","Faltante","Ninguna","Sin restricción"
2017,6227,9/22/2017,"Viernes",0,20:40:00,"Ruta Secundaria 20-s","0.0",1,"Moto/Ciclomotor"," ",1,1,0,0,0,0,0,,"Ruta","20-s","LANDETA","San Martín","Asfalto","Natural","XVIII","Fuera","Rural","Ninguna","No existe","Recta","Bueno","Buena","Nocturna","Buen Tiempo","S/D","S/D","Caída ocupante","Ninguna","S/D","Ninguna","Sin restricción"
2017,6228,9/15/2017,"Viernes",0,16:30:00,"Autopista Provincial Brigadier E.López","86.0",1,"Automóvil"," ",2,1,1,0,0,0,0,,"Autopista","Brigadier E.López","SAN FABIÁN","San Jerónimo","Asfalto","Natural","XV","Dentro","Rural","Ninguna","No existe","Recta","Bueno","Buena","Diurna","Buen Tiempo","S/D","S/D","Despiste","S/D","Vertical","Vegetación","Sin restricción"
2017,6229,9/21/2017,"Jueves",0,19:50:00,,"0.0",2,"Bicicleta,Pickup/Utilitario","Hipolito Irigoyen Y Chacabuco",2,1,0,0,1,0,0,,"Calle",,"SAN CRISTÓBAL","San Cristóbal","Asfalto","No existe","XIII","Dentro","Urbana","Ninguna","No existe","Intersección","Bueno","Reducida","Nocturna","Buen Tiempo","S/D","Ciclista","Atropello","Agua","Faltante","Ninguna","Sin restricción"
2017,6230,9/26/2017,"Martes",0,21:45:00,,"0.0",1,"Moto/Ciclomotor","Av. de los Trabaj. Ferroviario 1400",1,1,0,0,0,0,0,,"Avenida",,"SAN CRISTÓBAL","San Cristóbal","Asfalto","No existe","XIII","Dentro","Urbana","Ninguna","No existe","Recta","Bueno","Buena","Nocturna","Lluvia","Atropello animal","S/D","Colisión","S/D","S/D","Cordón divisorio","S/D"
2017,6231,9/26/2017,"Martes",0,18:30:00,,"0.0",1,"Moto/Ciclomotor","Mendoza 365",1,1,0,0,0,0,0,,"Calle",,"MACIEL","San Jerónimo","Asfalto","No existe","XV","Fuera","Urbana","Ninguna","No existe","Recta","Bueno","Buena","Diurna","Buen Tiempo","Contra objeto fijo","S/D","Colisión","Ninguna","Vertical","S/D","S/D"
2017,6232,9/6/2017,"Miercoles",0,14:30:00,,"0.0",2,"Automóvil,Moto/Ciclomotor","Belgrano Y San Martin",3,2,0,0,1,0,0,,"Calle",,"CAÑADA ROSQUÍN","San Martín","Asfalto","No existe","XVIII","Dentro","Urbana","Ninguna","No existe","Recta","Bueno","Buena","Diurna","Buen Tiempo","De alcance","S/D","Colisión","Ninguna","Faltante","Ninguna","Sin restricción"
2017,6233,9/28/2017,"Jueves",0,21:00:00,,"0.0",2,"Automóvil,Bicicleta","Saavedra Y Cochabamba",2,1,0,0,0,0,1,,"Calle",,"SAN CRISTÓBAL","San Cristóbal","Asfalto","No existe","XIII","Dentro","Urbana","Ninguna","No existe","Intersección","Resbaladiza","Reducida","Nocturna","Lluvia","S/D","Ciclista","Atropello","Agua","S/D","S/D","S/D"
2017,6234,9/17/2017,"Domingo",0,14:00:00,,"0.0",2,"Moto/Ciclomotor,Automóvil","CAMINO RURAL ",3,2,0,0,1,0,0,,"Camino Rural",,"AROCENA","San Jerónimo","Tierra","No existe","XV","Dentro","Rural","Ninguna","No existe","Recta","Deteriorada","Reducida polvo","Diurna","Buen Tiempo","Otro","S/D","Colisión","Ninguna","Faltante","Ninguna","Sin restricción"
2017,6235,9/29/2017,"Viernes",0,12:00:00,,"0.0",2,"Moto/Ciclomotor,Automóvil","Ituzaingo 300",2,1,0,0,1,0,0,,"Calle",,"SAN CRISTÓBAL","San Cristóbal","Asfalto","No existe","XIII","Dentro","Urbana","Ninguna","No existe","Recta","Bueno","Buena","Diurna","Buen Tiempo","De alcance","S/D","Colisión","S/D","Faltante","Ninguna","Sin restricción"
2017,6236,9/30/2017,"Sabado",0,23:20:00,,"0.0",2,"Moto/Ciclomotor,Automóvil","Isabel La Catolica Y Pedro Leal",3,1,0,0,2,0,0,,"Calle",,"CAYASTA","Garay","Arena","S/D","XVII","Dentro","Urbana","Ninguna","No existe","Intersección","Bueno","Buena","Nocturna","Buen Tiempo","Lateral","S/D","Colisión","Ninguna","Faltante","Ninguna","Sin restricción"
2017,6237,9/30/2017,"Sabado",0,20:00:00,"Ruta Provincial 6","0.0",1,"Moto/Ciclomotor"," ",1,1,0,0,0,0,0,,"Ruta",6,"GESSLER","San Jerónimo","Asfalto","Natural","XV","Dentro","Urbana","Ninguna","No existe","Distribuidor","Bueno","S/D","Nocturna","Buen Tiempo","Atropello animal","S/D","Colisión","Ninguna","Vertical","Línea divisoria pintada","Sin restricción"
2017,6238,9/30/2017,"Sabado",0,7:00:00,,"0.0",2,"Pickup/Utilitario,Moto/Ciclomotor","Hipolito Irigoyen Y Gral Belgrano",2,1,0,0,1,0,0,,"Calle",,"SAN CRISTÓBAL","San Cristóbal","Hormigón","Pavimento","XIII","Dentro","Urbana","Ninguna","No existe","Intersección","Con baches","Buena","Diurna","Otro","Lateral","S/D","Colisión","Ninguna","Vertical","Cordón divisorio","Sin restricción"
2017,6239,9/3/2017,"Domingo",0,20:45:00,"Autopista Provincial Brigadier E.López","79.0",2,"Camión c / Acoplado,Camión c / Acoplado"," ",3,0,1,0,2,0,0,,"Autopista","Brigadier E.López","BARRANCAS","San Jerónimo","Asfalto","Natural","XV","S/D","Rural","S/D","No existe","Recta","Resbaladiza","Reducida","Nocturna","Lluvia","Otro","S/D","Colisión","Agua","S/D","Línea divisoria pintada","S/D"