"anio_acci","nro_acci","fecha","desc_dia","fecha_aprox","hora_aprox","desc_ruta","km","cant_participantes","desc_participante","calle_avenida_km","total","heridos_leves","heridos_graves","heridos_gravisimos","ilesos","fallecidos","sin_datos","posicion_XY","desc_tipo_via","desc_ruta_ori","desc_loc","desc_dpto","desc_tipo_calzada","desc_tipo_banquina","desc_unidad_regional","desc_lugar_calzada","desc_zona","desc_prioridad","desc_estado_semaforo","desc_lugar_via","desc_estado_via","desc_estado_visibilidad","desc_luminosidad","desc_estado_clima","desc_tipo_colision","desc_tipo_atropello","desc_tipo_hecho","desc_pres_calzada","desc_senializacion","desc_separacion_via","desc_restriccion"
2017,6240,9/12/2017,"Martes",0,16:25:00,"Ruta Provincial 1","55.0",2,"Automóvil,Pickup/Utilitario"," ",3,3,0,0,0,0,0,,"Ruta",1,"SANTA ROSA DE CALCHINES","Garay","Asfalto","Natural","VII","Dentro","Rural","Ninguna","No existe","Recta","Bueno","Buena","Diurna","Buen Tiempo","Frontal","S/D","Colisión","Ninguna","Faltante","Ninguna","Sin restricción"
2017,6241,9/23/2017,"Sabado",0,,,"0.0",2,"Moto/Ciclomotor,Automóvil","Mitre Y Maritano",3,2,0,0,1,0,0,,"Calle",,"SAN GENARO","San Jerónimo","Hormigón","No existe","XV","Dentro","Urbana","Ninguna","No existe","Intersección","Bueno","Buena","Diurna","Buen Tiempo","Lateral","S/D","Colisión","Ninguna","Faltante","Ninguna","Sin restricción"
2017,6242,9/18/2017,"Lunes",0,19:30:00,"Ruta Provincial 13","0.0",1,"Moto/Ciclomotor","J B Justo Y Enlace ruta 13-2",3,3,0,0,0,0,0,,"Ruta",13,"SAN CRISTÓBAL","San Cristóbal","Asfalto","Natural","XIII","S/D","Urbana","Ninguna","No existe","Intersección","Bueno","S/D","Atardecer","Buen Tiempo","Lateral","S/D","Colisión","Ninguna","Faltante","Ninguna","Sin restricción"
2017,6243,9/16/2017,"Sabado",0,,"Ruta Provincial 65","0.0",2,"Automóvil,Moto/Ciclomotor","Juan B Justo Y Ruta Prov 65",3,2,0,0,1,0,0,,"Ruta",65,"SAN GENARO","San Jerónimo","Asfalto","No existe","XV","Dentro","Urbana","Ninguna","No existe","Recta","Bueno","Buena","Diurna","Buen Tiempo","Lateral","S/D","Colisión","Ninguna","S/D","S/D","Sin restricción"
2017,6244,9/3/2017,"Domingo",0,21:40:00,"Autopista Provincial Brigadier E.López","83.0",2,"Automóvil,Camión c / Acoplado"," ",6,2,0,0,4,0,0,,"Autopista","Brigadier E.López","SAN FABIÁN","San Jerónimo","Asfalto","Natural","XV","Dentro","Rural","Ninguna","No existe","Recta","Bueno","Reducida","Nocturna","Lluvia","De alcance","S/D","Colisión","Agua","Faltante","Vegetación","Accidente Previo"
2017,6245,9/14/2017,"Jueves",0,17:40:00,,"0.0",2,"Pickup/Utilitario,Moto/Ciclomotor","Avenida de Mayo Y Avenida Echague",4,1,2,0,1,0,0,,"Avenida",,"CERES","San Cristóbal","Asfalto","No existe","XIII","Dentro","Urbana","Señal Ceda el Paso","No existe","Recta","Bueno","Buena","Diurna","Buen Tiempo","Lateral","S/D","Colisión","Ninguna","Vertical","Cordón divisorio","Sin restricción"
2017,6246,9/15/2017,"Viernes",0,10:15:00,"Ruta Provincial 65","0.0",2,"Moto/Ciclomotor,Automóvil","Ruta Prov 65 Y Av Roque Saenz Peña",2,1,0,0,1,0,0,,"Ruta",65,"SAN GENARO","San Jerónimo","Asfalto","No existe","XV","S/D","Urbana","Semáforo","Funciona","Intersección","Bueno","Buena","Diurna","Buen Tiempo","Lateral","S/D","Colisión","Ninguna","Vertical","Ninguna","Sin restricción"
2017,6247,9/14/2017,"Jueves",0,10:45:00,,"0.0",2,"Pickup/Utilitario,Moto/Ciclomotor","Juan D Peron Y Hipolito Irigoyen",2,0,1,0,1,0,0,,"Calle",,"SAN CRISTÓBAL","San Cristóbal","Ripio","Natural","XIII","Fuera","Urbana","Ninguna","No existe","Intersección","Bueno,Con baches","Reducida","Diurna","Buen Tiempo","Frontal,Lateral","S/D","Colisión","Ninguna","Faltante","Vegetación","Sin restricción"
2017,6248,9/25/2017,"Lunes",0,19:30:00,"Autopista Provincial Brigadier E.López","94.0",1,"Pickup/Utilitario"," ",1,1,0,0,0,0,0,,"Autopista","Brigadier E.López","AROCENA","San Jerónimo","Asfalto","Natural","XV","Fuera","Rural","Ninguna","No existe","Recta","Deteriorada","Buena","Nocturna","Buen Tiempo","S/D","S/D","Vuelco","Ninguna","Horizontal","Vegetación","Sin restricción"
2017,6249,9/22/2017,"Viernes",0,17:30:00,"Ruta Nacional 11","0.0",2,"Automóvil,Moto/Ciclomotor","Av Paganini Y Moreno",2,2,0,0,0,0,0,,"Ruta",11,"BARRANCAS","San Jerónimo","Asfalto","No existe","XV","Dentro","Urbana","Ninguna","No existe","Intersección","Bueno","Buena","Atardecer","Buen Tiempo","Lateral","S/D","Colisión","Ninguna","Vertical","Ninguna","Sin restricción"
2017,6250,9/14/2017,"Jueves",0,19:30:00,,"0.0",2,"Automóvil,Moto/Ciclomotor","Caseros Y Saavedra",2,1,0,0,1,0,0,,"Calle",,"SAN CRISTÓBAL","San Cristóbal","Hormigón","Pavimento","XIII","Dentro","Urbana","Ninguna","No existe","Intersección","Bueno,Resbaladiza","Buena","Nocturna,Con luz artificial","Buen Tiempo","Frontal","S/D","Colisión","Agua","Horizontal","Cordón divisorio","Sin restricción"
2017,6251,9/22/2017,"Viernes",0,22:10:00,"Autopista Provincial Brigadier E.López","82.0",2,"Camión Chasis,Automóvil"," ",2,1,0,0,1,0,0,,"Autopista","Brigadier E.López","BARRANCAS","San Jerónimo","Asfalto","Natural","XV","Dentro","Rural","Ninguna","No existe","Recta","Bueno","Buena","Nocturna","Buen Tiempo","De alcance","S/D","Colisión","Ninguna","Faltante","Ninguna","Sin restricción"
2017,6252,9/16/2017,"Sabado",0,14:40:00,"Ruta Nacional 11","435.0",2,"Moto/Ciclomotor,Moto/Ciclomotor"," ",3,2,0,0,1,0,0,,"Ruta",11,"DESVÍO ARIJÓN","San Jerónimo","Asfalto","Natural","XV","Dentro","Urbana","Ninguna","No existe","Recta","Bueno","Buena","Diurna","Buen Tiempo","De alcance","S/D","Colisión","Ninguna","Horizontal","Línea divisoria pintada","S/D"
2017,6253,9/22/2017,"Viernes",0,8:10:00,,"0.0",2,"Moto/Ciclomotor,Automóvil","Iturraspe Y Lisandro de la Torre",2,0,1,0,1,0,0,,"Calle",,"VENADO TUERTO","General López","Asfalto","No existe","VIII","S/D","Urbana","Ninguna","No existe","Intersección","Bueno","Buena","Diurna","Buen Tiempo","Lateral","S/D","Colisión","Ninguna","S/D","Ninguna","Sin restricción"
2017,6254,9/12/2017,"Martes",0,19:05:00,,"0.0",2,"Pickup/Utilitario,Moto/Ciclomotor","Belgrano Y Gobernador Aldao",2,0,1,0,1,0,0,,"Avenida",,"CERES","San Cristóbal","Asfalto","S/D","XIII","Dentro","Urbana","Ninguna","S/D","Intersección","Bueno","S/D","S/D","Buen Tiempo","Lateral","S/D","Colisión","Ninguna","Faltante","Ninguna","Sin restricción"
2017,6255,9/13/2017,"Miercoles",0,11:30:00,,"0.0",3,"Peatón,Automóvil,Pickup/Utilitario","L de la Torre Y Enlace ruta 13-2",3,0,1,0,2,0,0,,"Calle",,"SAN CRISTÓBAL","San Cristóbal","Asfalto,Ripio","Pavimento","XIII","Fuera","Urbana","Ninguna","No existe","Intersección","Bueno","Buena","Diurna","Buen Tiempo","Lateral","Peatón","Colisión,Atropello","Ninguna","Faltante","Línea divisoria pintada","Sin restricción"
2017,6256,9/26/2017,"Martes",0,17:30:00,"Ruta Nacional 11","518.0",3,"Moto/Ciclomotor,Moto/Ciclomotor,Moto/Ciclomotor"," ",3,2,0,0,1,0,0,,"Ruta",11,"PUERTO SAN MARTÍN","San Lorenzo","Asfalto","Ripio","XVII","Dentro","Urbana","Policía de tránsito","No existe","Intersección","Bueno","Buena","Diurna","Otro","Múltiple","S/D","Colisión","Ninguna","Faltante","Ninguna","S/D"
2017,6257,9/26/2017,"Martes",0,8:25:00,"Ruta Nacional 11","0.0",2,"Automóvil,Bicicleta","Cordoba Y Bv Domingo F Sarmiento",2,1,0,0,0,0,1,,"Ruta",11,"MACIEL","San Jerónimo","Asfalto","Pavimento","XV","Dentro","Urbana","Otra Señal","No existe","Intersección","Bueno","Buena","Diurna","Buen Tiempo","S/D","Ciclista","Atropello","Ninguna","Vertical","S/D","S/D"
2017,6258,12/6/2017,"Miercoles",0,12:30:00,,"0.0",2,"Pickup/Utilitario,Bicicleta","Av Gral Paz Y J M Zuviria",2,1,0,0,1,0,0,,"Avenida",,"SANTA FE","La Capital","Asfalto","No existe","I","S/D","Urbana","Ninguna","S/D","Intersección","Bueno","S/D","S/D","Buen Tiempo","Lateral","S/D","Colisión","S/D","S/D","Ninguna","Sin restricción"
2017,6259,12/21/2017,"Jueves",0,13:20:00,"Ruta Nacional 11","0.0",2,"Automóvil,Moto/Ciclomotor","Avenida Del Trabajo Y Avenida Nuestra Señora del Luj",3,1,0,0,2,0,0,,"Ruta",11,"SANTO TOMÉ","La Capital","Hormigón","Pavimento","I","Dentro","Urbana","Semáforo","Funciona","Intersección","Bueno","Buena","Diurna","Buen Tiempo","Lateral","S/D","Colisión","Ninguna","Horizontal,Vertical","Línea divisoria pintada","Sin restricción"
2017,6260,12/1/2017,"Viernes",0,11:20:00,,"0.0",2,"Moto/Ciclomotor,Automóvil","Nicolas Avellaneda Y Libertad",2,0,1,0,1,0,0,,"Calle",,"SANTO TOMÉ","La Capital","Asfalto","No existe","I","Dentro","Urbana","Ninguna","No existe","Intersección","Bueno","Buena","Diurna","Buen Tiempo","Lateral","S/D","Colisión","Ninguna","Faltante","Ninguna","Sin restricción"
2017,6261,12/6/2017,"Miercoles",0,13:00:00,,"0.0",2,"Pickup/Utilitario,Moto/Ciclomotor","Sarmiento Y Angel Cassanello",2,1,0,0,1,0,0,,"Calle",,"SANTA FE","La Capital","Asfalto","No existe","I","S/D","Urbana","Ninguna","No existe","Intersección","Bueno","Buena","Diurna","Buen Tiempo","Frontal","S/D","Colisión","Ninguna","S/D","Ninguna","Sin restricción"
2017,6262,12/7/2017,"Jueves",0,9:20:00,,"0.0",2,"Camión c / Acoplado,Moto/Ciclomotor","SARMIENTO Y CASTELLI",2,1,0,0,1,0,0,,"S/D",,"SANTA FE","La Capital","Asfalto","No existe","I","S/D","S/D","Ninguna","No existe","Intersección","Bueno","Buena","Diurna","Buen Tiempo","Lateral","S/D","Colisión","Ninguna","S/D","S/D","Sin restricción"
2017,6264,12/7/2017,"Jueves",0,12:50:00,,"0.0",2,"Automóvil,Moto/Ciclomotor","Republica de Siria Y Salvador del Carril",2,1,0,0,1,0,0,,"Calle",,"SANTA FE","La Capital","Asfalto","No existe","I","S/D","Urbana","Ninguna","No existe","Intersección","Bueno","Buena","Diurna","Buen Tiempo","Lateral","S/D","Colisión","Ninguna","S/D","Ninguna","Sin restricción"
2017,6265,12/8/2017,"Viernes",0,16:30:00,,"0.0",2,"Pickup/Utilitario,Moto/Ciclomotor","Ricardo Aldao Y Echague",3,2,0,0,1,0,0,,"Calle",,"SANTA FE","La Capital","Asfalto","No existe","I","S/D","Urbana","Ninguna","No existe","Curva","Bueno","Buena","Diurna","Buen Tiempo","Lateral","S/D","Colisión","Ninguna","S/D","Ninguna","Sin restricción"
2017,6266,12/9/2017,"Sabado",0,12:20:00,,"0.0",2,"Automóvil,Pickup/Utilitario","Avenida General Bartolome Mitr Y Cristobal Colon",3,2,0,0,1,0,0,,"Avenida",,"SANTO TOMÉ","La Capital","Asfalto","No existe","I","S/D","Urbana","Ninguna","No existe","Intersección","Bueno","Buena","Diurna","Buen Tiempo","De alcance","S/D","Colisión","Ninguna","Vertical","Cordón divisorio","Sin restricción"
2017,6267,12/10/2017,"Domingo",0,17:50:00,,"0.0",2,"Moto/Ciclomotor,Automóvil","Av Gral Paz Y R Godoy",2,1,0,0,0,0,1,,"Avenida",,"SANTA FE","La Capital","Asfalto","No existe","I","S/D","Urbana","Ninguna","No existe","Intersección","Bueno","Buena","Diurna","Buen Tiempo","Lateral","S/D","Colisión","Ninguna","S/D","Ninguna","Sin restricción"
2017,6268,12/12/2017,"Martes",0,,"Ruta Nacional 11","0.0",2,"Moto/Ciclomotor,Automóvil","Avenida Nuestra Señora del Luj Y San Luis",2,1,0,0,1,0,0,,"Ruta",11,"SANTO TOMÉ","La Capital","Hormigón","Pavimento","I","Dentro","Urbana","Semáforo","Funciona","Intersección","Bueno","Buena","Diurna","Buen Tiempo","Frontal","S/D","Colisión","Ninguna","Horizontal,Vertical","Línea divisoria pintada","Sin restricción"
2017,6269,12/12/2017,"Martes",0,18:40:00,,"0.0",2,"Moto/Ciclomotor,Taxi/Remis","Simon De Iriondo Y San Martin",3,2,0,0,1,0,0,,"Calle",,"SANTA FE","La Capital","Asfalto","No existe","I","Dentro","Urbana","Ninguna","No existe","Intersección","Bueno","Buena","Diurna","Buen Tiempo","Lateral","S/D","Colisión","Ninguna","Faltante","Ninguna","Sin restricción"
2017,6270,12/11/2017,"Lunes",0,1:50:00,,"0.0",1,"Moto/Ciclomotor","Quintana Y Pedro Alejandro Vittori",1,1,0,0,0,0,0,,"Calle",,"SANTA FE","La Capital","Asfalto","No existe","I","S/D","Urbana","Ninguna","No existe","Intersección","Bueno","Buena","Nocturna,Con luz artificial","Buen Tiempo","S/D","S/D","Caída ocupante","S/D","S/D","Ninguna","Sin restricción"
2017,6271,12/21/2017,"Jueves",0,9:00:00,,"0.0",2,"Automóvil,Automóvil","Mitre Y 9 de Julio",3,0,1,0,2,0,0,,"Avenida",,"SANTA FE","La Capital","Asfalto","No existe","I","Dentro","Urbana","Ninguna","No existe","Intersección","Bueno","Buena","Diurna","Buen Tiempo","Lateral","S/D","Colisión","Ninguna","Faltante","Vegetación","Sin restricción"
2017,6272,12/11/2017,"Lunes",0,10:30:00,,"0.0",2,"Pickup/Utilitario,Moto/Ciclomotor","J P Lopez Y Alberdi",2,1,0,0,1,0,0,,"S/D",,"SANTA FE","La Capital","Asfalto","No existe","I","S/D","S/D","Ninguna","No existe","Intersección","Bueno","S/D","S/D","Buen Tiempo","Lateral","S/D","Colisión","Ninguna","S/D","Ninguna","Sin restricción"
2017,6273,12/12/2017,"Martes",0,8:30:00,,"0.0",2,"Moto/Ciclomotor,Automóvil","Av Galicia Y Alvear",2,0,1,0,1,0,0,,"Avenida",,"SANTA FE","La Capital","Asfalto","No existe","I","S/D","Urbana","Ninguna","No existe","Intersección","Bueno","Buena","Diurna","Buen Tiempo","Lateral","S/D","Colisión","Ninguna","S/D","Ninguna","Sin restricción"
2017,6275,12/5/2017,"Martes",0,10:30:00,"Ruta Nacional 19","0.0",2,"Automóvil,Moto/Ciclomotor"," ",4,3,0,0,1,0,0,"-31.671722222222,-60.775166666667","Ruta",19,"SANTO TOMÉ","La Capital","Hormigón","Natural","I","Dentro","Urbana","Semáforo","Funciona","Intersección","Bueno","Buena","Diurna","Buen Tiempo","Frontal","S/D","Colisión","Ninguna","Horizontal,Vertical","Vegetación","Sin restricción"
2017,6276,12/13/2017,"Miercoles",0,22:50:00,,"0.0",2,"Automóvil,Bicicleta","Av Almte Brown Y Derqui",2,1,0,0,0,0,1,"-31.620194444444,-60.677694444444","Calle",,"SANTA FE","La Capital","Asfalto","No existe","I","S/D","Urbana","Ninguna","No existe","Intersección","Bueno","Buena","Nocturna,Con luz artificial","Buen Tiempo","S/D","S/D","Colisión","Ninguna","S/D","Ninguna","Sin restricción"
2017,6277,12/1/2017,"Viernes",0,12:10:00,,"0.0",2,"Moto/Ciclomotor,Pickup/Utilitario","Balcarce Y Entre Rios",2,1,0,0,1,0,0,,"Calle",,"SANTO TOMÉ","La Capital","Asfalto","No existe","I","Dentro","Urbana","Ninguna","No existe","Intersección","Bueno","Buena","Diurna","Buen Tiempo","Lateral","S/D","Colisión","Ninguna","Faltante","Ninguna","Sin restricción"
2017,6278,12/13/2017,"Miercoles",0,15:50:00,,"0.0",2,"Bicicleta,Automóvil","Pje Calcena Y Guemes",2,1,0,0,1,0,0,"-31.625166666667,-60.685138888889","Calle",,"SANTA FE","La Capital","Asfalto","No existe","I","S/D","Urbana","Ninguna","No existe","Intersección","Bueno","Buena","Diurna","Buen Tiempo","Lateral","S/D","Colisión","Ninguna","S/D","Ninguna","Sin restricción"
2017,6279,12/4/2017,"Lunes",0,13:30:00,,"0.0",2,"Moto/Ciclomotor,Automóvil","Presidente Bernardino Rivadavi Y Jose De San Martin",5,3,0,0,2,0,0,,"Calle",,"SANTO TOMÉ","La Capital","Asfalto","No existe","I","S/D","Urbana","Ninguna","No existe","Intersección","Bueno","Buena","Diurna","Buen Tiempo","Lateral","S/D","Colisión","Ninguna","Faltante","Ninguna","Sin restricción"
2017,6280,12/13/2017,"Miercoles",0,12:40:00,,"0.0",2,"Moto/Ciclomotor,Automóvil","Republica de Siria Y Salvador del Carril",2,1,0,0,1,0,0,"-31.619,-60.694638888889","Calle",,"SANTA FE","La Capital","Asfalto","No existe","I","S/D","Urbana","Ninguna","No existe","Intersección","Bueno","Buena","Diurna","Buen Tiempo","Lateral","S/D","Colisión","Ninguna","S/D","Ninguna","Sin restricción"
2017,6281,12/14/2017,"Jueves",0,20:30:00,,"0.0",2,"Moto/Ciclomotor,Automóvil","Avellaneda Y Larrea",2,1,0,0,1,0,0,"-31.616944444444,-60.681611111111","S/D",,"SANTA FE","La Capital","Asfalto","No existe","I","S/D","Urbana","Ninguna","No existe","Intersección","Bueno","Buena","Nocturna,Con luz artificial","Buen Tiempo","Lateral","S/D","Colisión","Ninguna","S/D","Ninguna","Sin restricción"
2017,6282,12/9/2017,"Sabado",0,11:30:00,,"0.0",2,"Taxi/Remis,Automóvil","Grl Enrique Mosconi Y Obispo Gelabert",4,1,0,0,1,0,2,,"Calle",,"SANTO TOMÉ","La Capital","Asfalto","No existe","I","Dentro","Urbana","S/D","No existe","Intersección","Bueno","Buena","S/D","S/D","S/D","S/D","S/D","Ninguna","Faltante","S/D","S/D"
2017,6283,12/15/2017,"Viernes",0,11:30:00,,"0.0",1,"Moto/Ciclomotor","R Godoy Y Alvear",1,1,0,0,0,0,0,"-31.616916666667,-60.690611111111","Calle",,"SANTA FE","La Capital","Asfalto","No existe","I","S/D","Urbana","Ninguna","No existe","Intersección","Bueno","Buena","Diurna","Buen Tiempo","S/D","S/D","Caída ocupante","Ninguna","S/D","Ninguna","Sin restricción"
2017,6284,12/17/2017,"Domingo",0,19:00:00,,"0.0",2,"Moto/Ciclomotor,Automóvil","Av Galicia Y Guemes",4,1,0,0,3,0,0,"-31.607666666667,-60.680027777778","S/D",,"SANTA FE","La Capital","Asfalto","No existe","I","S/D","S/D","Ninguna","No existe","Intersección","Bueno","Buena","Diurna","Buen Tiempo","Lateral","S/D","Colisión","Ninguna","S/D","Ninguna","Sin restricción"
2017,6285,12/20/2017,"Miercoles",0,21:00:00,,"0.0",2,"Automóvil,Moto/Ciclomotor","Hernandarias Y Alvear",2,1,0,0,1,0,0,"-31.608722222222,-60.688222222222","Calle",,"SANTA FE","La Capital","Asfalto","No existe","I","S/D","Urbana","Ninguna","No existe","Intersección","Bueno","Buena","Nocturna,Con luz artificial","Buen Tiempo","Lateral","S/D","Colisión","Ninguna","S/D","Ninguna","Sin restricción"
2017,6286,12/12/2017,"Martes",0,12:00:00,,"0.0",2,"Moto/Ciclomotor,Pickup/Utilitario","4 de Enero Y Tucuman",3,1,0,0,1,0,1,,"Calle",,"SANTA FE","La Capital","Asfalto","S/D","I","S/D","Urbana","Ninguna","No existe","Intersección","Bueno","Buena","Diurna","Buen Tiempo","Lateral","S/D","Colisión","Ninguna","Faltante","S/D","Sin restricción"
2017,6287,12/21/2017,"Jueves",0,10:00:00,,"0.0",2,"Moto/Ciclomotor,Automóvil","Av A del Valle Y Larrea",3,2,0,0,1,0,0,"-31.613777777778,-60.696166666667","Avenida",,"SANTA FE","La Capital","Asfalto","No existe","I","S/D","Urbana","Ninguna","Funciona","Intersección","Bueno","Buena","Diurna","Buen Tiempo","Lateral","S/D","Colisión","Ninguna","S/D","Cordón divisorio","Sin restricción"
2017,6288,12/21/2017,"Jueves",0,11:30:00,,"0.0",2,"Moto/Ciclomotor,Automóvil","Angel Cassanello 2300",2,1,0,0,1,0,0,"-31.609861111111,-60.691972222222","Calle",,"SANTA FE","La Capital","Asfalto","No existe","I","S/D","Urbana","Ninguna","No existe","Intersección","Bueno","Buena","Diurna","Buen Tiempo","Lateral","S/D","Colisión","Ninguna","S/D","Ninguna","Sin restricción"
2017,6289,12/16/2017,"Sabado",0,,,"0.0",2,"Moto/Ciclomotor,Automóvil","Pje. 20 Y 4 de enero",2,1,0,0,1,0,0,,"S/D",,"SANTO TOMÉ","La Capital","Ripio","No existe","I","S/D","Urbana","Ninguna","No existe","Intersección","Bueno","S/D","S/D","Buen Tiempo","Lateral","S/D","Colisión","Ninguna","S/D","Ninguna","Sin restricción"
2017,6290,12/22/2017,"Viernes",0,12:30:00,,"0.0",2,"Moto/Ciclomotor,Transporte de Pasajeros Urbano (> 8 asientos)","CASTELI Y NECOCHEA",2,1,0,0,1,0,0,"-31.60825,-60.685861111111","Calle",,"SANTA FE","La Capital","Asfalto","No existe","I","S/D","Urbana","Ninguna","No existe","Intersección","Bueno","Buena","Diurna","Buen Tiempo","Lateral","S/D","Colisión","Ninguna","S/D","Ninguna","Sin restricción"
2017,6291,12/23/2017,"Sabado",0,12:35:00,,"0.0",2,"Moto/Ciclomotor,Moto/Ciclomotor","Salvador del Carril Y Rivadavia",3,1,0,0,2,0,0,"-31.61875,-60.696027777778","Calle",,"SANTA FE","La Capital","Asfalto","No existe","I","S/D","Urbana","Ninguna","No existe","Intersección","Bueno","Buena","Diurna","Buen Tiempo","Lateral","S/D","Colisión","Ninguna","S/D","Cordón divisorio","Sin restricción"
2017,6292,12/29/2017,"Viernes",0,23:45:00,,"0.0",2,"Taxi/Remis,Automóvil","SARMIENTO 3526",2,1,0,0,1,0,0,,"Calle",,"SANTO TOMÉ","La Capital","Asfalto","No existe","I","S/D","Urbana","Ninguna","No existe","Recta","Bueno","Buena","Nocturna","Buen Tiempo","Otro","S/D","Colisión","Ninguna","Faltante","S/D","Sin restricción"
2017,6293,12/24/2017,"Domingo",0,0:15:00,,"0.0",2,"Automóvil,Automóvil","ARISTOBULO DEL VALLE Y CASTELLI",5,2,0,0,3,0,0,"-31.60675,-60.693027777778","Avenida",,"SANTA FE","La Capital","Asfalto","No existe","I","S/D","Urbana","Ninguna","Intermitente","Intersección","Bueno","Buena","Nocturna,Con luz artificial","Buen Tiempo","Lateral","S/D","Colisión","Ninguna","S/D","Ninguna","Sin restricción"
2017,6294,12/25/2017,"Lunes",0,1:00:00,,"0.0",2,"Moto/Ciclomotor,Moto/Ciclomotor","Las Heras Y Derqui",2,1,0,0,0,1,0,"-31.617583333333,-60.691972222222","Calle",,"SANTA FE","La Capital","Asfalto","No existe","I","S/D","Urbana","Ninguna","No existe","Intersección","Bueno","Buena","Nocturna,Con luz artificial","Buen Tiempo","Lateral","S/D","Colisión","Ninguna","S/D","Ninguna","Sin restricción"
2017,6295,9/18/2017,"Lunes",0,3:00:00,,"0.0",1,"Moto/Ciclomotor","ZONA RURAL 12 KM AL SURESTE DE COLONIA ROSA Y 4 KM AL OESTE DE SAN GUILLERMO",1,0,1,0,0,0,0,,"Camino Rural",,"COLONIA ROSA","San Cristóbal","Tierra","No existe","XIII","S/D","Rural","Ninguna","No existe","Otro","Otro","Reducida polvo","Nocturna","Buen Tiempo","Contra objeto fijo","S/D","Colisión","Ninguna","Faltante","Vegetación","Sin restricción"
2017,6296,9/5/2017,"Martes",0,21:10:00,,"0.0",2,"Automóvil,Moto/Ciclomotor","J.J.Paso Y F.More",3,2,0,0,1,0,0,,"Avenida",,"ROSARIO","Rosario","Asfalto","No existe","II","Dentro","Urbana","Ninguna","No existe","Intersección","Con baches","Buena","Nocturna","Buen Tiempo","Lateral","S/D","Colisión","Ninguna","Faltante","Ninguna","Sin restricción"
2017,6297,9/17/2017,"Domingo",0,20:25:00,,"0.0",1,"Moto/Ciclomotor","CAMINO RURAL INTERCODULA II A 6 KM DE RUTA 39 ",1,1,0,0,0,0,0,,"Camino Rural",,"VILLA TRINIDAD","San Cristóbal","Tierra","No existe","XIII","S/D","Rural","Ninguna","No existe","Recta","Bueno","Reducida","Nocturna","Buen Tiempo","S/D","S/D","Caída ocupante","Ninguna","Faltante","Ninguna","Sin restricción"
2017,6298,9/8/2017,"Viernes",0,21:00:00,,"0.0",2,"Peatón,Taxi/Remis","Pje. Pirayu Bis 1250",2,1,0,0,1,0,0,,"Calle",,"ROSARIO","Rosario","Tierra","No existe","II","Dentro","Urbana","Ninguna","No existe","Recta","Otro","Buena","Nocturna","Buen Tiempo","S/D","Peatón","Atropello","Ninguna","Faltante","Ninguna","Sin restricción"
2017,6299,8/18/2017,"Viernes",0,9:35:00,,"0.0",2,"Automóvil,Pickup/Utilitario","Francia Y Tucuman",2,1,0,0,1,0,0,,"Calle",,"SANTA FE","La Capital","Asfalto","No existe","I","Dentro","Urbana","Ninguna","No existe","Intersección","Bueno","Buena","Diurna","Buen Tiempo","Lateral","S/D","Colisión","Ninguna","Faltante","Ninguna","Sin restricción"
2017,6300,9/13/2017,"Miercoles",0,20:20:00,,"0.0",1,"Moto/Ciclomotor","Santiago del Estero ",2,0,1,0,1,0,0,,"Calle",,"SAN GUILLERMO","San Cristóbal","Asfalto","No existe","XIII","Dentro","Urbana","Ninguna","No existe","Recta","Deteriorada","Buena","Nocturna","Buen Tiempo","Atropello animal","S/D","Colisión","Ninguna","S/D","S/D","S/D"
2017,6301,9/7/2017,"Jueves",0,19:55:00,,"0.0",2,"Moto/Ciclomotor,Moto/Ciclomotor","Av. Genova Y Victor Mercante",2,1,0,0,1,0,0,,"Avenida",,"ROSARIO","Rosario","Asfalto","Pavimento","II","Dentro","Urbana","S/D","No existe","Intersección","S/D","S/D","Nocturna","S/D","S/D","S/D","Colisión","S/D","S/D","Ninguna","S/D"
2017,6302,9/12/2017,"Martes",0,2:25:00,,"0.0",1,"Moto/Ciclomotor","Rivadavia 1600",2,2,0,0,0,0,0,,"Avenida",,"VILLA TRINIDAD","San Cristóbal","Asfalto","No existe","XIII","Dentro","Urbana","Ninguna","No existe","Recta","Bueno","Buena","Nocturna","Buen Tiempo","S/D","S/D","Caída ocupante","Ninguna","Vertical","Ninguna","Sin restricción"
2017,6303,9/15/2017,"Viernes",0,6:05:00,,"0.0",2,"Moto/Ciclomotor,Automóvil","Dr Zavalla 1100",3,2,0,0,0,0,1,,"Calle",,"SANTA FE","La Capital","Asfalto","No existe","I","Dentro","Urbana","Ninguna","No existe","Recta","Bueno","Buena","Amanecer","Buen Tiempo","De alcance","S/D","Colisión","Ninguna","Faltante","Ninguna","Sin restricción"