"anio_acci","nro_acci","fecha","desc_dia","fecha_aprox","hora_aprox","desc_ruta","km","cant_participantes","desc_participante","calle_avenida_km","total","heridos_leves","heridos_graves","heridos_gravisimos","ilesos","fallecidos","sin_datos","posicion_XY","desc_tipo_via","desc_ruta_ori","desc_loc","desc_dpto","desc_tipo_calzada","desc_tipo_banquina","desc_unidad_regional","desc_lugar_calzada","desc_zona","desc_prioridad","desc_estado_semaforo","desc_lugar_via","desc_estado_via","desc_estado_visibilidad","desc_luminosidad","desc_estado_clima","desc_tipo_colision","desc_tipo_atropello","desc_tipo_hecho","desc_pres_calzada","desc_senializacion","desc_separacion_via","desc_restriccion"
2017,6304,9/1/2017,"Viernes",0,12:30:00,"Ruta Nacional 33","702.0",2,"Camión c / Acoplado,Camión c / Acoplado"," ",3,2,1,0,0,0,0,,"Ruta",33,"VILLADA","Caseros","Asfalto","Natural","IV","S/D","Rural","Ninguna","No existe","Recta","Bueno","Buena","Diurna","Buen Tiempo","Frontal","S/D","Colisión","Ninguna","Horizontal","Línea divisoria pintada","Sin restricción"
2017,6305,9/11/2017,"Lunes",0,17:20:00,,"0.0",2,"Camión Chasis,Moto/Ciclomotor","Nicaragua Y J.J.Paso",3,1,0,0,2,0,0,,"Calle",,"ROSARIO","Rosario","Asfalto","No existe","II","Dentro","Urbana","Señal Pare","No existe","Intersección","Bueno","Buena","Diurna","Buen Tiempo","Contra objeto fijo","S/D","Colisión","Ninguna","Vertical","Cordón divisorio","Sin restricción"
2017,6306,9/14/2017,"Jueves",0,17:45:00,,"0.0",2,"Moto/Ciclomotor,Pickup/Utilitario","Juan de Garay Y Roque Saenz Peña",2,1,0,0,1,0,0,,"Calle",,"SANTA FE","La Capital","Asfalto","No existe","I","Dentro","Urbana","Ninguna","No existe","Intersección","Con baches","Buena","Diurna","Buen Tiempo","Lateral","S/D","Colisión","Ninguna","Faltante","Ninguna","Sin restricción"
2017,6307,9/13/2017,"Miercoles",0,10:00:00,"Ruta Nacional 34","361.0",4,"Automóvil,Camión c / Acoplado,Camión c / Acoplado,Camión c / Semirremolque"," ",7,3,0,0,3,1,0,"-30.0771809,-61.8055374","Ruta",34,"LA RUBIA","San Cristóbal","Asfalto","Natural","XIII","S/D","S/D","S/D","No existe","Recta","Bueno","Buena","Diurna","Buen Tiempo","Múltiple","S/D","Colisión","Ninguna","S/D","S/D","Sin restricción"
2017,6308,9/11/2017,"Lunes",0,20:05:00,,"0.0",2,"Automóvil,Moto/Ciclomotor","J.J.Paso Y Nicaragua",3,2,0,0,1,0,0,,"Avenida",,"ROSARIO","Rosario","Asfalto","No existe","II","Dentro","Urbana","Señal Pare","No existe","Intersección","Bueno","Buena","Nocturna","Buen Tiempo","Otro","S/D","Colisión","Ninguna","Vertical","Ninguna","Sin restricción"
2017,6309,6/22/2017,"Jueves",0,,,"0.0",2,"Moto/Ciclomotor,Moto/Ciclomotor","Moreno Y Bme Mitre",2,2,0,0,0,0,0,,"Calle",,"GÁLVEZ","San Jerónimo","S/D","S/D","XV","Dentro","Urbana","S/D","S/D","Intersección","S/D","S/D","S/D","S/D","S/D","S/D","Colisión","S/D","S/D","S/D","S/D"
2017,6310,9/13/2017,"Miercoles",1,16:30:00,"Ruta Provincial 92","12.0",1,"Automóvil"," ",5,3,1,0,1,0,0,,"Ruta",92,"LOS MOLINOS","Caseros","Asfalto","Natural","IV","Fuera","Rural","Ninguna","No existe","Recta","Bueno","Buena","Diurna","Buen Tiempo","S/D","S/D","Despiste","Ninguna","Vertical","Ninguna","Sin restricción"
2017,6311,9/13/2017,"Miercoles",0,21:00:00,,"0.0",2,"Automóvil,Bicicleta","Intendente Manuel Irigoyen Y Roque Saenz Peña",3,2,0,0,1,0,0,,"Calle",,"SANTA FE","La Capital","Asfalto","No existe","I","Dentro","Urbana","Ninguna","No existe","Intersección","Con baches","Buena","Nocturna","Buen Tiempo","S/D","Ciclista","Atropello","Ninguna","Faltante","Ninguna","Sin restricción"
2017,6312,6/23/2017,"Viernes",0,,,"0.0",2,"Automóvil,Moto/Ciclomotor","Sarmiento Y Olegario V.Andrade",2,1,0,0,1,0,0,,"Calle",,"ROSARIO","Rosario","S/D","S/D","II","Dentro","Urbana","S/D","S/D","Intersección","S/D","S/D","S/D","S/D","S/D","S/D","Colisión","S/D","S/D","S/D","S/D"
2017,6313,6/23/2017,"Viernes",0,,,"0.0",2,"Automóvil,Automóvil","Tabares Y Cazadores",3,1,0,0,2,0,0,,"Calle",,"ROSARIO","Rosario","S/D","S/D","II","Dentro","Urbana","S/D","S/D","Intersección","S/D","S/D","S/D","S/D","S/D","S/D","Colisión","S/D","S/D","S/D","S/D"
2017,6314,9/7/2017,"Jueves",0,12:00:00,,"0.0",2,"Moto/Ciclomotor,Pickup/Utilitario","Rivadavia Y Alvear",2,1,0,0,1,0,0,,"Calle",,"VERA","Vera","Asfalto","No existe","XIX","Dentro","Urbana","Ninguna","No existe","Intersección","Bueno","Buena","Diurna","Buen Tiempo","Frontal","S/D","Colisión","Ninguna","Faltante","Ninguna","Sin restricción"
2017,6315,9/13/2017,"Miercoles",0,12:50:00,,"0.0",2,"Automóvil,Automóvil","Jujuy Y Dr Zavalla",4,1,0,0,2,0,1,,"Calle",,"SANTA FE","La Capital","Asfalto","No existe","I","Dentro","Urbana","Otra Señal","No existe","Rotonda","Deteriorada","Buena","Atardecer","Buen Tiempo","Contra objeto fijo","S/D","Colisión","Ninguna","Vertical","Ninguna","Sin restricción"
2017,6316,9/15/2017,"Viernes",0,10:00:00,,"0.0",2,"Peatón,Moto/Ciclomotor","J.J.Paso Y Ottone Bis",2,1,0,0,1,0,0,,"Avenida",,"ROSARIO","Rosario","Asfalto","No existe","II","Dentro","Urbana","Ninguna","No existe","Recta","Bueno","Buena","Diurna","Buen Tiempo","S/D","Peatón","Atropello","Ninguna","Faltante","Cordón divisorio","Sin restricción"
2017,6317,6/23/2017,"Viernes",0,,,"0.0",2,"Moto/Ciclomotor,Moto/Ciclomotor"," ",2,2,0,0,0,0,0,,"Calle",,"CASILDA","Caseros","S/D","S/D","IV","Dentro","Urbana","S/D","S/D","S/D","S/D","S/D","S/D","S/D","S/D","S/D","Colisión","S/D","S/D","S/D","S/D"
2017,6318,9/16/2017,"Sabado",0,17:00:00,,"0.0",2,"Moto/Ciclomotor,Automóvil","Av Pte Peron Y Pje Diego de Leiva",2,0,0,0,1,1,0,"-31.628041, -60.718633","Avenida",,"SANTA FE","La Capital","Asfalto","No existe","I","Dentro","Urbana","Marca Vial","No existe","Intersección","Bueno","Buena","Diurna","Otro","De alcance","S/D","Colisión","Material Suelto,Fluidos,Otro","Horizontal,Vertical","Guardarrail","Sin restricción"
2017,6319,9/15/2017,"Viernes",0,17:30:00,,"0.0",2,"Moto/Ciclomotor,Peatón","Olavarria Bis Y Pje. Franklin",3,2,0,0,1,0,0,,"Calle",,"ROSARIO","Rosario","Asfalto","No existe","II","Dentro","Urbana","Ninguna","No existe","Intersección","Bueno","Buena","Diurna","Buen Tiempo","S/D","Peatón","Atropello","Ninguna","S/D","Ninguna","Sin restricción"
2017,6320,9/2/2017,"Sabado",0,17:10:00,"Ruta Provincial 1","85.0",1,"Automóvil"," ",3,3,0,0,0,0,0,,"Ruta",1,"HELVECIA","Garay","Asfalto","Natural","VII","Fuera","Rural","Ninguna","No existe","Curva","Bueno","Buena","Diurna","Buen Tiempo","S/D","S/D","Vuelco","Ninguna","Faltante","Ninguna","Sin restricción"
2017,6321,6/23/2017,"Viernes",0,,,"0.0",2,"Moto/Ciclomotor,Automóvil","Bme Mitre Y Nazareno C Rossi",2,1,0,0,1,0,0,,"Calle",,"GÁLVEZ","San Jerónimo","S/D","S/D","XV","Dentro","Urbana","S/D","S/D","Intersección","S/D","S/D","Diurna","S/D","S/D","S/D","Colisión","S/D","S/D","S/D","S/D"
2017,6322,6/23/2017,"Viernes",0,22:00:00,,"0.0",2,"Moto/Ciclomotor,Automóvil","Bv 25 de mayo 1200",2,1,0,0,1,0,0,,"Calle",,"SAN JORGE","San Martín","S/D","S/D","XVIII","Dentro","Urbana","S/D","S/D","Recta","S/D","S/D","Nocturna","S/D","S/D","S/D","Colisión","S/D","S/D","S/D","S/D"
2017,6323,9/15/2017,"Viernes",0,19:00:00,,"0.0",2,"Pickup/Utilitario,Moto/Ciclomotor","Av. Circunvalacion Y Av. Sorrento",2,1,0,0,1,0,0,,"Avenida",,"ROSARIO","Rosario","Asfalto","Natural","II","Dentro","Urbana","Ninguna","No existe","Intersección","Bueno","Buena","Nocturna","Buen Tiempo","Otro","S/D","Colisión","Ninguna","Faltante","Barrera de hormigón","Sin restricción"
2017,6324,6/23/2017,"Viernes",0,,,"0.0",1,"Moto/Ciclomotor","Brown Y Alberdi",1,1,0,0,0,0,0,,"Calle",,"LA GALLARETA","Vera","S/D","S/D","XIX","Dentro","Urbana","S/D","S/D","Recta","S/D","S/D","S/D","S/D","S/D","S/D","Caída ocupante","S/D","S/D","S/D","S/D"
2017,6325,9/13/2017,"Miercoles",0,19:10:00,,"0.0",2,"Moto/Ciclomotor,Automóvil","Av J J Paso Y Gdor Freyre",2,1,0,0,0,0,1,,"Avenida",,"SANTA FE","La Capital","Asfalto","No existe","I","Dentro","Urbana","Ninguna","No existe","Intersección","Bueno","Buena","Atardecer","Buen Tiempo","Lateral","S/D","Colisión","Ninguna","Faltante","Ninguna","Sin restricción"
2017,6326,9/16/2017,"Sabado",0,17:35:00,"Ruta Nacional 34","390.0",2,"Automóvil,Automóvil"," ",7,1,3,0,0,3,0,"-29.864129, -61.958462","Ruta",34,"CERES","San Cristóbal","Asfalto","Ripio","XIII","Dentro","Urbana","Ninguna","No existe","Curva","Bueno","Buena","Diurna","Buen Tiempo","Frontal","S/D","Colisión","Ninguna","Vertical","Ninguna","Sin restricción"
2017,6327,9/16/2017,"Sabado",0,6:20:00,"Ruta Provincial 1","68.0",1,"Moto/Ciclomotor"," ",2,1,1,0,0,0,0,,"Ruta",1,"HELVECIA","Garay","Asfalto","Natural","VII","Fuera","Rural","Ninguna","No existe","Recta","Bueno","Reducida","Amanecer","Buen Tiempo","Otro","S/D","Despiste","Ninguna","Faltante","Ninguna","Sin restricción"
2017,6328,6/25/2017,"Domingo",0,,,"0.0",2,"Moto/Ciclomotor,Automóvil"," ",2,1,0,0,1,0,0,,"S/D",,"CASILDA","Caseros","S/D","S/D","IV","S/D","S/D","S/D","S/D","S/D","S/D","S/D","S/D","S/D","S/D","S/D","Colisión","S/D","S/D","S/D","S/D"
2017,6329,9/23/2017,"Sabado",0,18:00:00,,"0.0",2,"Automóvil,Moto/Ciclomotor","La Republica Y Cullen",2,1,0,0,1,0,0,,"Calle",,"ROSARIO","Rosario","Asfalto","No existe","II","S/D","Urbana","Ninguna","No existe","Intersección","Bueno","Buena","Atardecer","Buen Tiempo","Otro","S/D","Colisión","Ninguna","Faltante","Ninguna","Sin restricción"
2017,6330,9/24/2017,"Domingo",0,6:55:00,,"0.0",1,"Automóvil","Carcamo 300",1,1,0,0,0,0,0,,"Calle",,"SAN JOSÉ DE LA ESQUINA","Caseros","Asfalto","No existe","IV","Dentro","Urbana","Ninguna","No existe","Recta","Bueno","Buena","Diurna","Buen Tiempo","Contra objeto fijo","S/D","Colisión","Ninguna","Horizontal","Ninguna","Sin restricción"
2017,6331,9/13/2017,"Miercoles",0,9:15:00,,"0.0",2,"Automóvil,Automóvil","Amenabar 3400",2,1,0,0,1,0,0,,"Calle",,"SANTA FE","La Capital","Asfalto","No existe","I","Dentro","Urbana","Ninguna","No existe","Recta","Bueno","Buena","Diurna","Buen Tiempo","Lateral","S/D","Colisión","Ninguna","Faltante","Ninguna","Sin restricción"
2017,6332,6/25/2017,"Domingo",0,,,"0.0",2,"Moto/Ciclomotor,Automóvil","J M Estrada Y Intendente Gimenez",2,1,0,0,1,0,0,,"Calle",,"RAFAELA","Castellanos","S/D","S/D","V","Dentro","Urbana","S/D","S/D","Intersección","S/D","S/D","S/D","S/D","S/D","S/D","Colisión","S/D","S/D","S/D","S/D"
2017,6333,9/20/2017,"Miercoles",0,11:50:00,,"0.0",2,"Moto/Ciclomotor,Camión c / Acoplado","Santa Clara Y Laprida",3,1,0,0,2,0,0,,"Calle",,"SAN JOSÉ DE LA ESQUINA","Caseros","Asfalto","No existe","IV","S/D","Urbana","Ninguna","No existe","Intersección","Bueno","Buena","Diurna","Buen Tiempo","Contra objeto fijo","S/D","Colisión","Ninguna","Horizontal","Ninguna","Sin restricción"
2017,6334,9/29/2017,"Viernes",0,19:55:00,,"0.0",2,"Pickup/Utilitario,Moto/Ciclomotor","J.J.Paso Y Pje. Cafayate Bis",2,1,0,0,1,0,0,,"Avenida",,"ROSARIO","Rosario","Asfalto","No existe","II","Dentro","Urbana","Ninguna","No existe","Intersección","Bueno","Buena","Nocturna","Buen Tiempo","Lateral","S/D","Colisión","Ninguna","Faltante","Ninguna","Sin restricción"
2017,6335,6/25/2017,"Domingo",0,13:45:00,,"0.0",2,"Moto/Ciclomotor,Automóvil","Av Luis Fanti Y M Oliber",3,0,1,0,2,0,0,,"Calle",,"RAFAELA","Castellanos","S/D","S/D","V","Dentro","Urbana","S/D","S/D","Intersección","S/D","S/D","Diurna","S/D","S/D","S/D","Colisión","S/D","S/D","S/D","S/D"
2017,6336,9/29/2017,"Viernes",0,20:15:00,"Ruta Provincial 92","56.0",2,"Pickup/Utilitario,Moto/Ciclomotor"," ",2,2,0,0,0,0,0,,"Ruta",92,"ARTEAGA","Caseros","Asfalto","Natural","IV","S/D","Rural","Ninguna","No existe","Recta","Bueno","Reducida","Nocturna","Otro","Frontal","S/D","Colisión","Ninguna","Vertical","Ninguna","Accidente Previo"
2017,6337,9/12/2017,"Martes",0,22:55:00,,"0.0",2,"Moto/Ciclomotor,Pickup/Utilitario","Av Freyre Y Corrientes",4,2,1,0,1,0,0,,"Calle",,"SANTA FE","La Capital","Asfalto","No existe","I","Dentro","Urbana","Ninguna","No existe","Intersección","Bueno","Buena","Diurna","Buen Tiempo","De alcance","S/D","Colisión","Ninguna","Faltante","Ninguna","Sin restricción"
2017,6338,9/29/2017,"Viernes",0,15:00:00,,"0.0",2,"Camión Chasis,Automóvil","J.J.Paso Y Nicaragua",4,3,0,0,1,0,0,,"Avenida",,"ROSARIO","Rosario","Asfalto","No existe","II","Dentro","Urbana","Ninguna","No existe","Intersección","Bueno","Buena","Diurna","Buen Tiempo","Otro","S/D","Colisión","Ninguna","Faltante","Ninguna","Sin restricción"
2017,6339,6/25/2017,"Domingo",0,,,"0.0",2,"Camión,Moto/Ciclomotor","Francia Y Nicolas Avellaneda",2,1,0,0,1,0,0,,"Calle",,"VENADO TUERTO","General López","S/D","S/D","VIII","Dentro","Urbana","S/D","S/D","Intersección","S/D","S/D","S/D","S/D","S/D","S/D","Colisión","S/D","S/D","S/D","S/D"
2017,6340,9/29/2017,"Viernes",0,4:15:00,,"0.0",2,"Bicicleta,Moto/Ciclomotor","25 DE MAYO Y GALVEZ",3,2,0,0,0,0,1,,"Calle",,"SAN VICENTE.","Castellanos","Hormigón","No existe","V","Dentro","Urbana","Ninguna","No existe","Recta","Resbaladiza","Reducida","Nocturna","Lluvia","S/D","Ciclista","Atropello","Agua","S/D","Ninguna","Sin restricción"
2017,6341,6/26/2017,"Lunes",0,,,"0.0",2,"Automóvil,Automóvil"," ",3,1,0,0,2,0,0,,"Calle",,"CASILDA","Caseros","S/D","S/D","IV","Dentro","Urbana","S/D","S/D","Intersección","S/D","S/D","S/D","S/D","S/D","S/D","Colisión","S/D","S/D","S/D","S/D"
2017,6342,9/23/2017,"Sabado",0,5:40:00,,"0.0",2,"Automóvil,Moto/Ciclomotor","Catamarca Y Constitucion",2,0,1,0,0,0,1,,"Calle",,"ROSARIO","Rosario","Asfalto","No existe","II","S/D","Urbana","Ninguna","No existe","Recta","Otro","Buena","Amanecer","Buen Tiempo","Otro","S/D","Colisión","Ninguna","Faltante","Ninguna","Sin restricción"
2017,6343,9/12/2017,"Martes",0,18:15:00,,"0.0",1,"Moto/Ciclomotor","Francia 1600",1,1,0,0,0,0,0,,"S/D",,"SANTA FE","La Capital","Asfalto","No existe","I","S/D","Urbana","Ninguna","No existe","Recta","Bueno","Buena","Diurna","Buen Tiempo","S/D","S/D","Despiste","Ninguna","Faltante","Ninguna","Sin restricción"
2017,6344,9/25/2017,"Lunes",0,6:00:00,,"0.0",2,"Bicicleta,Automóvil","San Lorenzo Y Av Gral Lopez",2,1,0,0,1,0,0,,"Calle",,"SANTA FE","La Capital","Asfalto,Hormigón","No existe","I","Dentro","Urbana","Ninguna","No existe","Intersección","Deteriorada","Buena","Amanecer","Buen Tiempo","S/D","Ciclista","Atropello","Ninguna","Faltante","Ninguna","Sin restricción"
2017,6345,9/18/2017,"Lunes",0,10:20:00,,"0.0",2,"Moto/Ciclomotor,Automóvil","Salta Y Av. Ovidio Lagos",2,1,0,0,1,0,0,,"Avenida",,"ROSARIO","Rosario","S/D","No existe","II","S/D","Urbana","Semáforo","Funciona","Recta","Otro","Buena","Diurna","Buen Tiempo","Otro","S/D","Colisión","Ninguna","Horizontal","Ninguna","Sin restricción"
2017,6346,9/13/2017,"Miercoles",0,7:30:00,,"0.0",2,"Pickup/Utilitario,Automóvil","CAMINO RURAL ",3,2,0,0,1,0,0,,"Camino Rural",,"COLONIA RAQUEL","Castellanos","Tierra","No existe","V","Dentro","Rural","Ninguna","No existe","Cruce","Bueno","Buena","Diurna","Buen Tiempo","Lateral","S/D","Colisión","Ninguna","Faltante","Ninguna","Sin restricción"
2017,6347,9/22/2017,"Viernes",0,10:00:00,,"0.0",2,"Moto/Ciclomotor,Transporte de Pasajeros Urbano (> 8 asientos)","Juan de Garay Y Santiago de Chile",2,1,0,0,1,0,0,,"Calle",,"SANTA FE","La Capital","Asfalto","No existe","I","Dentro","Urbana","Ninguna","No existe","Intersección","Deteriorada","Buena","Diurna","Otro","Lateral","S/D","Colisión","Agua","Faltante","Ninguna","Sin restricción"
2017,6348,9/5/2017,"Martes",0,9:00:00,,"0.0",2,"Automóvil,Automóvil","Tucuman Y Av. Ovidio Lagos",2,1,0,0,1,0,0,,"Avenida",,"ROSARIO","Rosario","S/D","No existe","II","S/D","Urbana","Semáforo","Funciona","Recta","Otro","Buena","Diurna","Buen Tiempo","Otro","S/D","Colisión","Ninguna","Vertical","Ninguna","Sin restricción"
2017,6349,9/21/2017,"Jueves",0,8:00:00,,"0.0",2,"Moto/Ciclomotor,Automóvil","Av J J Paso Y Av Urquiza",2,0,1,0,1,0,0,,"Avenida",,"SANTA FE","La Capital","Asfalto","No existe","I","Dentro","Urbana","Semáforo","Funciona","Intersección","Resbaladiza","Buena","Diurna","Lluvia","Lateral","S/D","Colisión","Agua","Vertical","Ninguna","Sin restricción"
2017,6350,9/16/2017,"Sabado",0,20:40:00,,"0.0",2,"Moto/Ciclomotor,Bicicleta","Hector Estela ",2,1,0,0,0,1,0,"-29.24259334802629, -61.77867382764","Camino Rural",,"TOSTADO","9 de Julio","Ripio","No existe","XII","Dentro","Rural","Ninguna","No existe","Recta","Bueno","Reducida","Nocturna","Buen Tiempo","S/D","Ciclista","Atropello","Ninguna","S/D","Ninguna","Sin restricción"
2017,6351,9/25/2017,"Lunes",0,19:10:00,,"0.0",2,"Moto/Ciclomotor,Bicicleta","San Martin Y Belgrano",2,0,1,0,1,0,0,,"Avenida",,"MARIA JUANA","Castellanos","Asfalto","No existe","V","Dentro","Urbana","Ninguna","No existe","Intersección","Bueno","Buena","Nocturna","Buen Tiempo","S/D","Ciclista","Atropello","Ninguna","Faltante","Ninguna","Sin restricción"
2017,6352,9/9/2017,"Sabado",0,16:45:00,,"0.0",2,"Moto/Ciclomotor,Automóvil","Av Mosconi Y Juan de Garay",2,1,0,0,1,0,0,,"Calle",,"SANTA FE","La Capital","Asfalto","No existe","I","Dentro","Urbana","Ninguna","No existe","Intersección","Con baches","Buena","Diurna","Buen Tiempo","S/D","S/D","Colisión","Ninguna","Faltante","Ninguna","Sin restricción"
2017,6353,9/19/2017,"Martes",0,6:30:00,"Ruta Nacional 11","0.0",2,"Bicicleta,Moto/Ciclomotor"," ",2,2,0,0,0,0,0,,"Ruta",11,"SANTA FE","La Capital","Asfalto,Hormigón","No existe","I","S/D","S/D","Ninguna","No existe","Puente","Deteriorada","Buena","Amanecer","Buen Tiempo","S/D","Ciclista","Atropello","Ninguna","Faltante","Ninguna","Sin restricción"
2017,6354,9/2/2017,"Sabado",0,8:30:00,,"0.0",2,"Automóvil,Automóvil","Tucuman Y San Nicolas",2,1,0,0,1,0,0,,"Calle",,"ROSARIO","Rosario","Asfalto","No existe","II","S/D","Urbana","Ninguna","No existe","Recta","Otro","Buena","Diurna","Buen Tiempo","Otro","S/D","Colisión","Ninguna","Faltante","Ninguna","Sin restricción"
2017,6355,9/18/2017,"Lunes",0,15:26:00,"Ruta Provincial 32","0.0",1,"Automóvil"," ",1,0,0,0,0,1,0,"-28.6895, -61.43042","Ruta",32,"SAN BERNARDO","9 de Julio","Tierra","Natural","XII","Dentro","Rural","Ninguna","No existe","Recta","S/D","Buena","Diurna","Buen Tiempo","S/D","S/D","Vuelco","Ninguna","Faltante","S/D","Sin restricción"
2017,6356,9/5/2017,"Martes",0,7:15:00,,"0.0",2,"Moto/Ciclomotor,Automóvil","Rivadavia 2600",2,1,0,0,1,0,0,,"Calle",,"ROSARIO","Rosario","S/D","No existe","II","S/D","Urbana","Ninguna","No existe","Recta","Otro","Buena","Diurna","Buen Tiempo","Otro","S/D","Colisión","Ninguna","Faltante","Ninguna","Sin restricción"
2017,6357,9/16/2017,"Sabado",0,,,"0.0",2,"Bicicleta,Otros","Liniers Y Ituzaingo",2,1,0,0,1,0,0,,"Calle",,"RAFAELA","Castellanos","Hormigón","No existe","V","S/D","Urbana","Ninguna","No existe","Intersección","Bueno","Buena","Diurna","Buen Tiempo","S/D","Ciclista","Atropello","S/D","S/D","Ninguna","Sin restricción"
2017,6358,9/16/2017,"Sabado",0,14:10:00,,"0.0",2,"Moto/Ciclomotor,Automóvil","San Lorenzo Y Corrientes",2,1,0,0,1,0,0,,"Calle",,"SANTA FE","La Capital","Asfalto","No existe","I","Dentro","Urbana","Ninguna","No existe","Intersección","Deteriorada","Buena","Diurna","Otro","S/D","S/D","Colisión","Agua","Faltante","Ninguna","Sin restricción"
2017,6359,9/9/2017,"Sabado",0,17:30:00,,"0.0",2,"Moto/Ciclomotor,Automóvil","Av Freyre 1735",2,1,0,0,1,0,0,,"Avenida",,"SANTA FE","La Capital","S/D","S/D","I","Dentro","Urbana","S/D","S/D","S/D","S/D","S/D","S/D","S/D","S/D","S/D","S/D","S/D","S/D","S/D","S/D"
2017,6360,9/12/2017,"Martes",0,15:00:00,,"0.0",2,"Moto/Ciclomotor,Pickup/Utilitario","25 de Mayo Y Av San Martin",3,1,0,0,2,0,0,,"Avenida",,"EMPALME VILLA CONSTITUCIÓN","Constitución","Asfalto","No existe","VI","S/D","Urbana","Ninguna","No existe","Recta","Bueno","Buena","Diurna","Buen Tiempo","Otro","S/D","Colisión","Ninguna","Faltante","S/D","Sin restricción"
2017,6361,9/18/2017,"Lunes",0,12:20:00,,"0.0",2,"Automóvil,Moto/Ciclomotor","Vera Y San Jose",2,1,0,0,1,0,0,,"Calle",,"SANTA FE","La Capital","S/D","No existe","I","S/D","Urbana","Ninguna","No existe","Intersección","Bueno","Buena","Diurna","Buen Tiempo","Lateral","S/D","Colisión","Ninguna","Vertical","Ninguna","Sin restricción"
2017,6362,9/19/2017,"Martes",0,12:15:00,,"0.0",2,"Bicicleta,Pickup/Utilitario","Av Lopez y Planes 3600",2,1,0,0,1,0,0,,"Avenida",,"SANTA FE","La Capital","Asfalto","S/D","I","S/D","Urbana","Ninguna","S/D","Recta","Bueno","S/D","Diurna","Buen Tiempo","S/D","Ciclista","Atropello","Ninguna","Vertical","Ninguna","Sin restricción"
2017,6363,9/8/2017,"Viernes",0,8:10:00,,"0.0",2,"Automóvil,Moto/Ciclomotor","Av Freyre Y Amenabar",2,1,0,0,1,0,0,,"Avenida",,"SANTA FE","La Capital","Asfalto","No existe","I","Dentro","Urbana","Ninguna","No existe","Intersección","Con baches","Buena","Diurna","Buen Tiempo","De alcance","S/D","Colisión","Ninguna","Faltante","Ninguna","Sin restricción"
2017,6364,9/30/2017,"Sabado",0,18:20:00,,"0.0",2,"Moto/Ciclomotor,Automóvil","Bv G L Lhemann 600",2,1,0,0,1,0,0,,"Avenida",,"RAFAELA","Castellanos","Hormigón","No existe","V","S/D","Urbana","Ninguna","No existe","Recta","Bueno","Buena","Atardecer","Buen Tiempo","Lateral","S/D","Colisión","Ninguna","Faltante","Cordón divisorio,Vegetación","Sin restricción"
2017,6365,9/2/2017,"Sabado",0,15:40:00,,"0.0",1,"Moto/Ciclomotor","Av San Martin Y Salta",2,2,0,0,0,0,0,,"Avenida",,"EMPALME VILLA CONSTITUCIÓN","Constitución","Asfalto","Natural","VI","S/D","Urbana","Ninguna","Funciona","Recta","Bueno","Buena","Diurna","Buen Tiempo","Otro","S/D","Otro","Ninguna","S/D","Ninguna","Sin restricción"
2017,6366,9/22/2017,"Viernes",0,11:50:00,,"0.0",2,"Automóvil,Moto/Ciclomotor","Suipacha Y Saavedra",2,1,0,0,1,0,0,,"Calle",,"SANTA FE","La Capital","Asfalto","No existe","I","S/D","Urbana","Ninguna","No existe","Intersección","Bueno","Buena","Diurna","Buen Tiempo","Lateral","S/D","Colisión","Ninguna","Vertical","Ninguna","Sin restricción"
2017,6367,9/22/2017,"Viernes",0,18:30:00,,"0.0",2,"Moto/Ciclomotor,Automóvil","Mendoza Y Pje Esteban Echeverria",4,1,0,0,3,0,0,,"Calle",,"SANTA FE","La Capital","Asfalto","No existe","I","S/D","Urbana","Ninguna","No existe","Intersección","Bueno","Buena","Atardecer","Buen Tiempo","Lateral","S/D","Colisión","Ninguna","Vertical","Ninguna","Sin restricción"
2017,6368,9/29/2017,"Viernes",0,,,"0.0",2,"Automóvil,Moto/Ciclomotor","Jose Marti 100",2,1,0,0,0,0,1,,"Calle",,"RAFAELA","Castellanos","Hormigón","No existe","V","Dentro","Urbana","Ninguna","No existe","Recta","Bueno","Buena","Nocturna","Buen Tiempo","Lateral","S/D","Colisión","Ninguna","Faltante","Cordón divisorio","Accidente Previo"
2017,6369,9/2/2017,"Sabado",0,17:30:00,,"0.0",2,"Moto/Ciclomotor,Automóvil","Francia Y Primera Junta",2,1,0,0,1,0,0,,"Calle",,"SANTA FE","La Capital","Asfalto","No existe","I","Dentro","Urbana","Ninguna","No existe","Intersección","Bueno","Buena","Atardecer","Buen Tiempo","Otro","S/D","Colisión","Ninguna","Faltante","Ninguna","Sin restricción"
2017,6370,9/24/2017,"Domingo",0,8:00:00,,"0.0",3,"Automóvil,Automóvil,Pickup/Utilitario","Salta Y Av San Martin",9,2,0,0,7,0,0,,"Avenida",,"EMPALME VILLA CONSTITUCIÓN","Constitución","Asfalto,Hormigón","Pavimento","VI","Dentro","Urbana","Semáforo","Funciona","Intersección","Deteriorada","Buena","Diurna","Buen Tiempo","De alcance","S/D","Colisión","Ninguna","Vertical","Línea divisoria pintada","Sin restricción"
2017,6371,9/19/2017,"Martes",0,19:40:00,,"0.0",1,"Automóvil"," ",2,0,1,0,0,1,0,"-29.99352, -61.81041","Camino Rural",,"HERSILIA","San Cristóbal","Ripio","Natural","XIII","Fuera","Rural","Ninguna","No existe","Recta","Bueno","Reducida","Diurna","Buen Tiempo","S/D","S/D","Vuelco","Ninguna","S/D","Ninguna","Sin restricción"