"anio_acci","nro_acci","fecha","desc_dia","fecha_aprox","hora_aprox","desc_ruta","km","cant_participantes","desc_participante","calle_avenida_km","total","heridos_leves","heridos_graves","heridos_gravisimos","ilesos","fallecidos","sin_datos","posicion_XY","desc_tipo_via","desc_ruta_ori","desc_loc","desc_dpto","desc_tipo_calzada","desc_tipo_banquina","desc_unidad_regional","desc_lugar_calzada","desc_zona","desc_prioridad","desc_estado_semaforo","desc_lugar_via","desc_estado_via","desc_estado_visibilidad","desc_luminosidad","desc_estado_clima","desc_tipo_colision","desc_tipo_atropello","desc_tipo_hecho","desc_pres_calzada","desc_senializacion","desc_separacion_via","desc_restriccion"
2017,6372,9/22/2017,"Viernes",0,21:40:00,,"0.0",2,"Moto/Ciclomotor,Automóvil","San Lorenzo 2300",2,1,0,0,1,0,0,,"Calle",,"SANTA FE","La Capital","Asfalto","S/D","I","S/D","Urbana","Ninguna","S/D","Recta","Bueno","S/D","Nocturna","Buen Tiempo","Lateral","S/D","Colisión","Ninguna","Vertical","Ninguna","Sin restricción"
2017,6373,9/28/2017,"Jueves",0,13:10:00,,"0.0",1,"Moto/Ciclomotor","Av Italia Y Chaco",1,1,0,0,0,0,0,,"Avenida",,"RAFAELA","Castellanos","Hormigón","No existe","V","Dentro","Urbana","Ninguna","No existe","Recta","Bueno","Buena","Diurna","Buen Tiempo","Otro","S/D","Despiste","Ninguna","Faltante","Ninguna","Sin restricción"
2017,6374,9/22/2017,"Viernes",0,20:50:00,,"0.0",2,"Moto/Ciclomotor,Automóvil","Mendoza 4200",3,1,0,0,2,0,0,,"Calle",,"SANTA FE","La Capital","Asfalto","No existe","I","S/D","Urbana","Ninguna","No existe","Recta","Bueno","Buena","Nocturna","Buen Tiempo","Lateral","S/D","Colisión","Ninguna","Vertical","Ninguna","Sin restricción"
2017,6375,9/10/2017,"Domingo",0,12:00:00,,"0.0",1,"Moto/Ciclomotor","CAMINO RURAL ",1,1,0,0,0,0,0,,"Camino Rural",,"SUNCHALES","Castellanos","Tierra","No existe","V","S/D","Rural","Ninguna","No existe","Recta","Otro","Buena","Diurna","Buen Tiempo","Otro","S/D","Caída ocupante","Ninguna","Faltante","Vegetación","Sin restricción"
2017,6376,9/23/2017,"Sabado",0,10:05:00,,"0.0",2,"Moto/Ciclomotor,Automóvil","Francia Y Salta",2,1,0,0,1,0,0,,"Calle",,"SANTA FE","La Capital","Asfalto","No existe","I","S/D","Urbana","Ninguna","No existe","Intersección","Bueno","Buena","Diurna","Buen Tiempo","Lateral","S/D","Colisión","Ninguna","Vertical","Ninguna","Sin restricción"
2017,6377,9/23/2017,"Sabado",0,15:10:00,"Ruta Provincial 10","0.0",1,"Moto/Ciclomotor"," ",2,1,0,0,0,1,0,"-31.767331, -61.309902","Ruta",10,"SANTA CLARA DE BUENA VISTA","Las Colonias","Asfalto","Natural","XI","Dentro","S/D","Ninguna","No existe","Curva","Bueno","Buena","Diurna","Buen Tiempo","S/D","S/D","Caída ocupante","Ninguna","S/D","Línea divisoria pintada","Sin restricción"
2017,6378,9/5/2017,"Martes",0,8:30:00,,"0.0",2,"Moto/Ciclomotor,Automóvil","Av Freyre Y Primera Junta",2,1,0,0,1,0,0,,"Avenida",,"SANTA FE","La Capital","Asfalto","No existe","I","Dentro","Urbana","Ninguna","Funciona","Recta","Bueno","Buena","Diurna","Buen Tiempo","Otro","S/D","Colisión","Ninguna","Vertical","Ninguna","Sin restricción"
2017,6379,9/23/2017,"Sabado",0,19:00:00,,"0.0",2,"Moto/Ciclomotor,Automóvil","Av Freyre 2423",2,1,0,0,1,0,0,,"Avenida",,"SANTA FE","La Capital","Asfalto","No existe","I","S/D","Urbana","Ninguna","No existe","Recta","Bueno","Buena","Atardecer","Buen Tiempo","Lateral","S/D","Colisión","Ninguna","Vertical","Ninguna","Sin restricción"
2017,6380,9/12/2017,"Martes",0,10:50:00,,"0.0",2,"Peatón,Moto/Ciclomotor","Av Independencia Y Carlos Pellegrini",2,1,0,0,1,0,0,,"Avenida",,"SUNCHALES","Castellanos","Asfalto","No existe","V","S/D","Urbana","Ninguna","No existe","Intersección","Bueno","Buena","Diurna","Buen Tiempo","S/D","Peatón","Atropello","Ninguna","Faltante","Vegetación","Sin restricción"
2017,6381,9/6/2017,"Miercoles",0,9:30:00,,"0.0",2,"Automóvil,Peatón","Washington Y Buenos Aires",2,1,0,0,1,0,0,,"Calle",,"CASILDA","Caseros","Asfalto","No existe","IV","S/D","Urbana","Ninguna","No existe","Intersección","Bueno","Buena","Diurna","Lluvia","S/D","Peatón","Atropello","Ninguna","Vertical","Cordón divisorio","Sin restricción"
2017,6382,9/27/2017,"Miercoles",0,12:50:00,,"0.0",2,"Moto/Ciclomotor,Pickup/Utilitario","Av Freyre Y Salta",2,1,0,0,1,0,0,,"Calle",,"SANTA FE","La Capital","Asfalto","No existe","I","S/D","Urbana","Ninguna","No existe","Intersección","Bueno","Buena","Diurna","Buen Tiempo","Lateral","S/D","Colisión","Ninguna","Vertical","Ninguna","Sin restricción"
2017,6383,9/14/2017,"Jueves",0,7:30:00,,"0.0",2,"Moto/Ciclomotor,Bicicleta","Almafuerte Y 9 de julio",2,1,0,0,1,0,0,,"Calle",,"LEHMANN","Castellanos","Asfalto","No existe","V","Dentro","Urbana","Ninguna","No existe","Intersección","Bueno","Buena","Amanecer","Buen Tiempo","S/D","Ciclista","Atropello","Ninguna","Faltante","Ninguna","Sin restricción"
2017,6384,9/8/2017,"Viernes",0,20:30:00,,"0.0",2,"Moto/Ciclomotor,Pickup/Utilitario","Av Freyre Y Obispo Gelabert",3,2,0,0,1,0,0,,"Avenida",,"SANTA FE","La Capital","Asfalto","No existe","I","Dentro","Urbana","S/D","Funciona","Intersección","Bueno","Buena","Nocturna","S/D","S/D","S/D","S/D","Ninguna","Vertical","S/D","S/D"
2017,6385,9/27/2017,"Miercoles",0,14:15:00,,"0.0",2,"Automóvil,Moto/Ciclomotor","Av Freyre 2258",2,1,0,0,1,0,0,,"Avenida",,"SANTA FE","La Capital","S/D","No existe","I","S/D","Urbana","Ninguna","No existe","Recta","Bueno","Buena","Diurna","Buen Tiempo","Lateral","S/D","Colisión","Ninguna","Vertical","Ninguna","Sin restricción"
2017,6386,9/8/2017,"Viernes",0,21:00:00,,"0.0",2,"Bicicleta,Automóvil","Boulevard Ovidio Lagos Y La Rioja",2,1,0,0,1,0,0,,"Avenida",,"CASILDA","Caseros","Asfalto","No existe","IV","S/D","Urbana","Ninguna","No existe","Intersección","Bueno","Buena","Nocturna","Buen Tiempo","S/D","Ciclista","Atropello","Ninguna","Vertical","Cordón divisorio","Sin restricción"
2017,6387,9/5/2017,"Martes",0,20:00:00,,"0.0",2,"Bicicleta,Automóvil","SARGENTO CABRAL Y BV. 9 DE JULIO",2,1,0,0,1,0,0,,"Calle",,"SAN VICENTE.","Castellanos","Asfalto","No existe","V","Dentro","Urbana","Ninguna","No existe","Intersección","Bueno","Buena","Nocturna,Con luz artificial","Buen Tiempo","S/D","Ciclista","Atropello","Ninguna","Faltante","Ninguna","Sin restricción"
2017,6388,6/27/2017,"Martes",0,,,"0.0",2,"Moto/Ciclomotor,Automóvil","Av Doctor E Salva Y Arenales",2,1,0,0,1,0,0,,"Calle",,"RAFAELA","Castellanos","S/D","S/D","V","Dentro","Urbana","S/D","S/D","Intersección","S/D","S/D","S/D","S/D","S/D","S/D","Colisión","S/D","S/D","S/D","S/D"
2017,6389,9/28/2017,"Jueves",0,8:30:00,,"0.0",2,"Camión c / Semirremolque,Moto/Ciclomotor","Vera Y Santiago de Chile",2,1,0,0,1,0,0,,"Calle",,"SANTA FE","La Capital","Asfalto","No existe","I","S/D","Urbana","Ninguna","No existe","Recta","Bueno","Buena","Diurna","Buen Tiempo","Lateral","S/D","Colisión","Ninguna","Vertical","Ninguna","Sin restricción"
2017,6390,6/26/2017,"Lunes",0,10:00:00,,"0.0",2,"Pickup/Utilitario,Moto/Ciclomotor","Avenida Belgrano Y Dentesano",2,0,0,0,1,1,0,"-30.942255, -61.561541","Calle",,"SUNCHALES","Castellanos","S/D","S/D","V","Dentro","Urbana","S/D","S/D","Intersección","S/D","S/D","Diurna","S/D","S/D","S/D","Colisión","S/D","S/D","S/D","S/D"
2017,6391,6/26/2017,"Lunes",0,13:10:00,,"0.0",1,"Moto/Ciclomotor","San Lorenzo Y Ituzaingo",1,1,0,0,0,0,0,,"Calle",,"SAN CRISTÓBAL","San Cristóbal","S/D","S/D","XIII","Dentro","Urbana","S/D","S/D","Recta","S/D","S/D","Diurna","S/D","S/D","S/D","Caída ocupante","S/D","S/D","S/D","S/D"
2017,6392,9/6/2017,"Miercoles",0,14:00:00,,"0.0",2,"Automóvil,Moto/Ciclomotor","Bv H Irigoyen Y Av Luis Fanti",3,2,0,0,1,0,0,,"Avenida",,"RAFAELA","Castellanos","Hormigón","No existe","V","Dentro","Urbana","Semáforo","Funciona","Intersección","Bueno","Buena","Diurna","Buen Tiempo","Lateral","S/D","Colisión","Ninguna","Vertical","Cordón divisorio","Accidente Previo"
2017,6393,9/9/2017,"Sabado",0,22:40:00,,"0.0",2,"Automóvil,Automóvil","Boulevard Lisandro de la Torre Y General Juan Lavalle",2,1,0,0,1,0,0,,"Calle",,"CASILDA","Caseros","Asfalto","No existe","IV","S/D","Urbana","Ninguna","No existe","Intersección","Bueno","Buena","Nocturna","Buen Tiempo","Lateral","S/D","Colisión","Ninguna","S/D","Cordón divisorio","Sin restricción"
2017,6394,6/27/2017,"Martes",0,,"Ruta Nacional 11","0.0",2,"Automóvil,Automóvil"," ",2,1,0,0,1,0,0,,"Ruta",11,"CORONDA","San Jerónimo","S/D","S/D","XV","Dentro","Urbana","S/D","S/D","Recta","S/D","S/D","Diurna","S/D","S/D","S/D","Colisión","S/D","S/D","S/D","S/D"
2017,6395,9/28/2017,"Jueves",0,19:00:00,,"0.0",2,"Moto/Ciclomotor,Automóvil","Av Lopez y Planes Y Candido Pujato",2,1,0,0,1,0,0,,"Avenida",,"SANTA FE","La Capital","S/D","No existe","I","S/D","Urbana","Ninguna","No existe","Intersección","Bueno","Buena","Atardecer","Buen Tiempo","Lateral","S/D","Colisión","Ninguna","Vertical","Ninguna","Sin restricción"
2017,6396,9/5/2017,"Martes",0,17:00:00,,"0.0",2,"Moto/Ciclomotor,Automóvil","San Juan Y Primera Junta",2,1,0,0,1,0,0,,"Calle",,"SANTA FE","La Capital","Asfalto","No existe","I","Dentro","Urbana","Ninguna","Funciona","Intersección","Bueno","Buena","Atardecer","Buen Tiempo","Lateral","S/D","Colisión","Ninguna","Faltante","Ninguna","Sin restricción"
2017,6397,9/13/2017,"Miercoles",0,6:55:00,,"0.0",2,"Moto/Ciclomotor,Moto/Ciclomotor","Mariano Cabal Bis Y Av. San Jose De Calasanz",3,1,0,0,2,0,0,,"Calle",,"ROSARIO","Rosario","Asfalto","No existe","II","Dentro","Urbana","Ninguna","No existe","Intersección","Bueno","Buena","Amanecer","Buen Tiempo","S/D","S/D","Colisión","Ninguna","Faltante","Ninguna","Sin restricción"
2017,6398,6/27/2017,"Martes",0,13:10:00,"Ruta Nacional 11","332.0",1,"Automóvil"," ",1,1,0,0,0,0,0,,"Ruta",11,"SAN LORENZO","San Lorenzo","S/D","S/D","XVII","Dentro","Urbana","S/D","S/D","Recta","S/D","S/D","Diurna","S/D","Contra objeto fijo","S/D","Colisión","S/D","S/D","S/D","S/D"
2017,6399,9/2/2017,"Sabado",0,10:00:00,,"0.0",2,"Moto/Ciclomotor,Automóvil","San Martin Y Alberti",2,1,0,0,1,0,0,,"Calle",,"SANTA FE","La Capital","S/D","S/D","I","Dentro","Urbana","S/D","S/D","Intersección","S/D","S/D","Diurna","S/D","S/D","S/D","Colisión","S/D","S/D","S/D","S/D"
2017,6401,9/2/2017,"Sabado",0,22:00:00,,"0.0",2,"Moto/Ciclomotor,Automóvil","Av Facundo Zuviria Y Estanislao Zeballos",2,1,0,0,1,0,0,,"Avenida",,"SANTA FE","La Capital","Asfalto","Pavimento","I","Dentro","Urbana","Semáforo","Funciona","Intersección","S/D","S/D","Nocturna","S/D","S/D","S/D","Colisión","S/D","Vertical","S/D","S/D"
2017,6402,9/4/2017,"Lunes",0,1:00:00,,"0.0",2,"Moto/Ciclomotor,Automóvil","Alberti Y 1ro de Mayo",2,1,0,0,1,0,0,,"Avenida",,"SANTA FE","La Capital","Asfalto","Pavimento","I","Dentro","Urbana","S/D","S/D","Intersección","S/D","S/D","Nocturna","S/D","S/D","S/D","Colisión","S/D","S/D","S/D","S/D"
2017,6403,6/29/2017,"Jueves",0,,,"0.0",2,"Moto/Ciclomotor,Automóvil","Necochea Y Paraguay",2,1,0,0,1,0,0,,"Calle",,"RAFAELA","Castellanos","S/D","S/D","V","Dentro","Urbana","S/D","S/D","Intersección","S/D","S/D","S/D","S/D","S/D","S/D","Colisión","S/D","S/D","S/D","S/D"
2017,6404,6/29/2017,"Jueves",0,,"Ruta Provincial 70","0.0",2,"Moto/Ciclomotor,Automóvil","España ",2,1,0,0,1,0,0,,"Ruta",70,"RAFAELA","Castellanos","Asfalto","No existe","V","Dentro","Urbana","Ninguna","No existe","Intersección","Bueno","S/D","S/D","S/D","S/D","S/D","Colisión","Ninguna","Faltante","Ninguna","Sin restricción"
2017,6405,9/4/2017,"Lunes",0,9:00:00,,"0.0",2,"Moto/Ciclomotor,Automóvil","Av A del Valle Y Pje Larramendi",3,1,0,0,2,0,0,,"Avenida",,"SANTA FE","La Capital","Asfalto","Pavimento","I","Dentro","Urbana","S/D","No existe","Intersección","S/D","S/D","Diurna","S/D","S/D","S/D","Colisión","S/D","S/D","S/D","S/D"
2017,6406,9/7/2017,"Jueves",0,7:00:00,,"0.0",2,"Moto/Ciclomotor,Automóvil","Av A del Valle Y J Castelli",3,1,0,0,2,0,0,,"Avenida",,"SANTA FE","La Capital","Asfalto","Pavimento","I","Dentro","Urbana","Semáforo","Funciona","Intersección","S/D","S/D","Amanecer","S/D","Otro","S/D","Colisión","S/D","Vertical","S/D","S/D"
2017,6407,9/7/2017,"Jueves",0,22:00:00,,"0.0",2,"Peatón,Moto/Ciclomotor","Av A del Valle Y Derqui",3,1,0,0,2,0,0,,"Avenida",,"SANTA FE","La Capital","Asfalto","Pavimento","I","Dentro","Urbana","S/D","S/D","Intersección","S/D","S/D","Nocturna","S/D","S/D","Peatón","Atropello","S/D","S/D","S/D","S/D"
2017,6408,9/8/2017,"Viernes",0,23:00:00,,"0.0",2,"Moto/Ciclomotor,Pickup/Utilitario","Iturraspe Y 9 de Julio",2,1,0,0,1,0,0,,"Calle",,"SANTA FE","La Capital","Asfalto","Pavimento","I","Dentro","Urbana","S/D","No existe","Intersección","S/D","S/D","Nocturna","S/D","S/D","S/D","Colisión","S/D","S/D","S/D","S/D"
2017,6409,6/30/2017,"Viernes",0,,,"0.0",2,"Moto/Ciclomotor,Bicicleta","Bv. Avellaneda Y Pte.Quintana",2,1,0,0,1,0,0,,"Calle",,"ROSARIO","Rosario","Asfalto","S/D","II","Dentro","Urbana","S/D","S/D","Intersección","S/D","S/D","S/D","S/D","S/D","Ciclista","Atropello","S/D","S/D","S/D","S/D"
2017,6410,6/30/2017,"Viernes",0,2:25:00,,"0.0",2,"Moto/Ciclomotor,Automóvil","Av. Provincias Unidas Y Av. Pellegrini",3,2,0,0,1,0,0,,"Calle",,"ROSARIO","Rosario","Asfalto","S/D","II","Dentro","Urbana","S/D","S/D","Intersección","S/D","S/D","Nocturna","S/D","S/D","S/D","Colisión","S/D","S/D","S/D","S/D"
2017,6411,6/9/2017,"Viernes",0,20:00:00,"Autopista Provincial Brigadier E.López","50.0",2,"Camión c / Acoplado,Automóvil"," ",3,2,0,0,1,0,0,,"Autopista","Brigadier E.López","OLIVEROS","Iriondo","Asfalto","S/D","X","Dentro","Rural","S/D","S/D","Recta","S/D","S/D","Atardecer","S/D","De alcance","S/D","Colisión","S/D","S/D","S/D","S/D"
2017,6412,9/24/2017,"Domingo",0,12:15:00,,"0.0",2,"Pickup/Utilitario,Moto/Ciclomotor","G.Carrasco Y Pje. Ariel Bis",3,1,0,0,2,0,0,,"Calle",,"ROSARIO","Rosario","Asfalto","No existe","II","S/D","Urbana","Ninguna","No existe","Intersección","Bueno","Buena","Diurna","Buen Tiempo","De alcance","S/D","Colisión","Ninguna","Faltante","Ninguna","Sin restricción"
2017,6413,6/9/2017,"Viernes",0,,,"0.0",2,"Moto/Ciclomotor,Pickup/Utilitario","Hermana Fortunata Y Comisario Valentin Kaiser",2,0,1,0,1,0,0,,"Calle",,"RAFAELA","Castellanos","S/D","S/D","V","Dentro","Urbana","S/D","S/D","Intersección","S/D","S/D","S/D","S/D","S/D","S/D","Colisión","S/D","S/D","S/D","S/D"
2017,6414,9/6/2017,"Miercoles",0,13:30:00,,"0.0",2,"Automóvil,Moto/Ciclomotor","Ruta Prov 21 Y Cochero",2,1,0,0,1,0,0,,"Calle",,"VILLA CONSTITUCIÓN","Constitución","Asfalto","No existe","VI","Dentro","Urbana","Ninguna","S/D","Intersección","Otro","S/D","Diurna","Buen Tiempo","Frontal","S/D","Colisión","S/D","S/D","Ninguna","Sin restricción"
2017,6415,6/2/2017,"Viernes",0,10:10:00,,"0.0",3,"Automóvil,Automóvil,Automóvil","Iturraspe Y Sebastian Gaboto",4,1,0,0,3,0,0,,"Calle",,"SANTA FE","La Capital","S/D","S/D","I","Dentro","Urbana","S/D","S/D","Intersección","S/D","S/D","Diurna","S/D","Múltiple","S/D","Colisión","S/D","S/D","S/D","S/D"
2017,6416,9/7/2017,"Jueves",0,17:15:00,,"0.0",2,"Moto/Ciclomotor,Automóvil","Av Urquiza Y Lisandro de la Torre",2,1,0,0,1,0,0,,"Calle",,"SANTA FE","La Capital","Asfalto","No existe","I","S/D","Urbana","Semáforo","Funciona","Intersección","Bueno","Buena","Diurna","Buen Tiempo","Otro","S/D","Colisión","Ninguna","Vertical","Ninguna","Sin restricción"
2017,6417,9/9/2017,"Sabado",0,11:20:00,,"0.0",2,"Pickup/Utilitario,Bicicleta","Av Freyre Y Santiago del Estero",2,2,0,0,0,0,0,,"Calle",,"SANTA FE","La Capital","Asfalto","No existe","I","S/D","Urbana","Ninguna","Funciona","Intersección","Bueno","Buena","Diurna","Buen Tiempo","S/D","Ciclista","Atropello","Ninguna","Vertical","Ninguna","Sin restricción"
2017,6418,9/12/2017,"Martes",0,14:00:00,,"0.0",2,"Moto/Ciclomotor,Automóvil","Bv Pellegrini 3400",2,1,0,0,1,0,0,,"Avenida",,"SANTA FE","La Capital","Asfalto","No existe","I","S/D","Urbana","Ninguna","No existe","Intersección","Bueno","Buena","Diurna","Buen Tiempo","Otro","S/D","Colisión","Ninguna","Faltante","Ninguna","Sin restricción"
2017,6419,9/12/2017,"Martes",0,22:55:00,,"0.0",2,"Peatón,Otros","Av Lopez y Planes Y Mariano Comas",2,1,0,0,1,0,0,,"Avenida",,"SANTA FE","La Capital","Asfalto","No existe","I","S/D","Urbana","Ninguna","Funciona","Intersección","Bueno","Buena","Nocturna","Buen Tiempo","S/D","Peatón","Atropello","Ninguna","Vertical","Ninguna","Sin restricción"
2017,6420,9/13/2017,"Miercoles",0,17:00:00,,"0.0",2,"Automóvil,Moto/Ciclomotor","Bv Pellegrini 3500",2,1,0,0,1,0,0,,"Calle",,"SANTA FE","La Capital","Asfalto","No existe","I","S/D","Urbana","Semáforo","Funciona","Recta","Bueno","Buena","Diurna","Buen Tiempo","Otro","S/D","Colisión","Ninguna","Vertical","Ninguna","Sin restricción"
2017,6421,9/16/2017,"Sabado",0,8:00:00,,"0.0",2,"Moto/Ciclomotor,Automóvil","Salta Y San Jose",2,1,0,0,1,0,0,,"Calle",,"SANTA FE","La Capital","Asfalto","No existe","I","S/D","Urbana","Ninguna","Funciona","Intersección","Bueno","Buena","Diurna","Buen Tiempo","Otro","S/D","Colisión","Ninguna","Vertical","Ninguna","Sin restricción"
2017,6422,9/16/2017,"Sabado",0,8:45:00,,"0.0",2,"Automóvil,Moto/Ciclomotor","Santiago de Chile Y La Rioja",3,2,0,0,1,0,0,,"Calle",,"SANTA FE","La Capital","Asfalto","No existe","I","S/D","Urbana","Ninguna","Funciona","Intersección","Bueno","Buena","Diurna","Buen Tiempo","Otro","S/D","Colisión","Ninguna","Vertical","Ninguna","Sin restricción"
2017,6423,12/10/2017,"Domingo",0,22:30:00,,"0.0",1,"Moto/Ciclomotor","PJE PUBLICO Y PJE MIGUES",2,2,0,0,0,0,0,,"Calle",,"SANTA FE","La Capital","Tierra","No existe","I","Dentro","Urbana","Ninguna","No existe","Intersección","Deteriorada","Reducida","Nocturna","Otro","S/D","S/D","Caída ocupante","Ninguna","Faltante","Ninguna","Sin restricción"
2017,6424,12/9/2017,"Sabado",0,19:35:00,"Ruta Nacional 11","0.0",2,"Moto/Ciclomotor,Automóvil","Ruta Nac 11 Av Grl Lopez 2165",2,1,0,0,1,0,0,,"Ruta",11,"SAUCE VIEJO","La Capital","Ripio","Ripio","I","Fuera","Urbana","Ninguna","No existe","Recta","Bueno","Buena","Atardecer","Buen Tiempo","Contra objeto fijo","S/D","Colisión","Ninguna","Faltante","Ninguna","Sin restricción"
2017,6425,12/16/2017,"Sabado",0,21:30:00,,"0.0",1,"Peatón","Alberdi 8300",2,1,0,0,1,0,0,,"Calle",,"SANTA FE","La Capital","Ripio","No existe","I","Dentro","Urbana","Ninguna","No existe","Recta","Deteriorada","Reducida","Nocturna","Otro","S/D","Peatón","Atropello","Ninguna","Faltante","Ninguna","Sin restricción"
2017,6426,12/11/2017,"Lunes",0,8:30:00,"Ruta Nacional 11","0.0",2,"Moto/Ciclomotor,Automóvil","Ruta Nac 11 Y Cordoba",2,1,0,0,1,0,0,,"Ruta",11,"SAUCE VIEJO","La Capital","Asfalto","Natural","I","S/D","Urbana","Ninguna","No existe","Recta","Bueno","Buena","Diurna","Buen Tiempo","Frontal","S/D","Colisión","Ninguna","Faltante","Línea divisoria pintada","Sin restricción"
2017,6427,12/18/2017,"Lunes",0,21:15:00,,"0.0",1,"Moto/Ciclomotor","Republica de Siria Y Gorriti",2,1,0,0,1,0,0,"-31.592027777778,-60.68625","Calle",,"SANTA FE","La Capital","Asfalto","No existe","I","Dentro","Urbana","Ninguna","No existe","Intersección","Bueno","Reducida","Nocturna","Otro","Lateral","S/D","Colisión","Ninguna","Faltante","Ninguna","Sin restricción"
2017,6428,12/22/2017,"Viernes",0,9:30:00,,"0.0",2,"Moto/Ciclomotor,Automóvil","Av A del Valle 8400",2,1,0,0,1,0,0,"-31.59075,-60.692055555556","Avenida",,"SANTA FE","La Capital","Asfalto","No existe","I","Dentro","Urbana","Ninguna","Intermitente","Recta","Deteriorada","Reducida","Diurna","Otro","Lateral","S/D","Colisión","Ninguna","Vertical","Cordón divisorio","Sin restricción"
2017,6429,12/18/2017,"Lunes",0,9:20:00,"Ruta Nacional 11","0.0",2,"Pickup/Utilitario,Moto/Ciclomotor","Ruta Nac 11 452",3,1,0,0,2,0,0,,"Ruta",11,"SAUCE VIEJO","La Capital","Ripio","Ripio","I","Fuera","Urbana","Ninguna","No existe","Recta","Bueno","Buena","Diurna","Buen Tiempo","De alcance","S/D","Colisión","Ninguna","Faltante","Línea divisoria pintada","Sin restricción"
2017,6430,12/2/2017,"Sabado",0,18:00:00,,"0.0",2,"Automóvil,Moto/Ciclomotor","ARISTOBULO DEL VALLE Y 12 DE INFANTERIA",3,2,0,0,1,0,0,,"Avenida",,"SANTA FE","La Capital","Asfalto","Pavimento","I","Dentro","Urbana","S/D","No existe","Intersección","Bueno","Buena","Atardecer","Buen Tiempo","Lateral","S/D","Colisión","Ninguna","Faltante","S/D","S/D"
2017,6431,12/22/2017,"Viernes",0,3:30:00,"Ruta Nacional 11","0.0",2,"Automóvil,Automóvil","Ruta Nac 11 Y Aromos",2,1,0,0,1,0,0,,"Ruta",11,"SAUCE VIEJO","La Capital","Asfalto","Ripio","I","Dentro","Urbana","Ninguna","No existe","Recta","Bueno","Buena","Nocturna","Buen Tiempo","De alcance","S/D","Colisión,Despiste","Ninguna","Faltante","Línea divisoria pintada","Sin restricción"
2017,6432,12/2/2017,"Sabado",0,19:30:00,,"0.0",2,"Automóvil,Moto/Ciclomotor","Av A del Valle Y Almonacid",2,1,0,0,1,0,0,,"Avenida",,"SANTA FE","La Capital","Asfalto","Pavimento","I","Dentro","Urbana","S/D","No existe","Intersección","Bueno","Buena","Atardecer,Con luz artificial","Buen Tiempo","Lateral","S/D","Colisión","Ninguna","Faltante","S/D","S/D"
2017,6433,12/31/2017,"Domingo",0,1:30:00,,"0.0",2,"Automóvil,Moto/Ciclomotor","ROVERANO Y J.J PASO",2,1,0,0,1,0,0,,"Calle",,"SAUCE VIEJO","La Capital","Asfalto","No existe","I","Dentro","Urbana","Ninguna","No existe","Intersección","Bueno","Buena","Con luz artificial","Buen Tiempo","Lateral","S/D","Colisión","Material Suelto","Horizontal","Ninguna","Sin restricción"
2017,6434,12/7/2017,"Jueves",0,13:45:00,,"0.0",2,"Automóvil,Moto/Ciclomotor","Gorriti 2700",2,1,0,0,1,0,0,"-31.582972222222,-60.689916666667","Avenida",,"SANTA FE","La Capital","Asfalto","Pavimento","I","Dentro","Urbana","S/D","No existe","Recta","Bueno","Buena","Diurna","Buen Tiempo","Lateral","S/D","Colisión","S/D","Faltante","S/D","S/D"
2017,6435,12/20/2017,"Miercoles",0,21:00:00,,"0.0",2,"Moto/Ciclomotor,Moto/Ciclomotor","CALLE N° 23 Y CALLE N° 6",2,2,0,0,0,0,0,,"Calle",,"SANTA FE","La Capital","Ripio","No existe","I","Dentro","Urbana","Ninguna","No existe","Intersección","Resbaladiza","Reducida","Nocturna,Con luz artificial","Buen Tiempo","Lateral","S/D","Colisión","Material Suelto","Faltante","Ninguna","Sin restricción"
2017,6436,12/10/2017,"Domingo",0,14:00:00,,"0.0",2,"Automóvil,Moto/Ciclomotor","French Y San Lorenzo",2,1,0,0,1,0,0,"-31.590388888889,-60.701222222222","Avenida",,"SANTA FE","La Capital","Tierra,Ripio","Natural","I","Dentro","Urbana","S/D","No existe","Intersección","Deteriorada,Ahuellamiento","Buena","Diurna","Buen Tiempo","Lateral","S/D","Colisión","Material Suelto","Faltante","S/D","S/D"
2017,6437,12/5/2017,"Martes",0,13:30:00,"Ruta Nacional 11","0.0",2,"Pickup/Utilitario,Automóvil","Ruta Nac 11 Y Juan Diaz De Solis",4,4,0,0,0,0,0,,"Ruta",11,"SAUCE VIEJO","La Capital","Asfalto","Ripio","I","Dentro","Urbana","Ninguna","No existe","Recta","Bueno","Buena","Diurna","Buen Tiempo","Lateral","S/D","Colisión","Ninguna","Horizontal","Ninguna","Sin restricción"
2017,6438,12/7/2017,"Jueves",0,18:25:00,,"0.0",2,"Moto/Ciclomotor,Bicicleta","Av A del Valle Y Pavon",2,1,0,0,0,0,1,"-31.596388888889,-60.691666666667","Avenida",,"SANTA FE","La Capital","Asfalto","Pavimento","I","Dentro","Urbana","S/D","No existe","Intersección","Bueno","Buena","Atardecer,Con luz artificial","Buen Tiempo","Lateral","Ciclista","Atropello","S/D","Faltante","S/D","S/D"
2017,6439,12/29/2017,"Viernes",0,1:40:00,"Ruta Nacional 11","0.0",2,"Automóvil,Moto/Ciclomotor","Ruta Nac 11 Y Juan Diaz De Solis",2,1,0,0,1,0,0,,"Ruta",11,"SAUCE VIEJO","La Capital","Asfalto","Natural","I","Dentro","Urbana","Ninguna","No existe","Intersección","Bueno","Reducida","Con luz artificial","Buen Tiempo","De alcance","S/D","Colisión","Ninguna","Horizontal","Ninguna","Sin restricción"