"anio_acci","nro_acci","fecha","desc_dia","fecha_aprox","hora_aprox","desc_ruta","km","cant_participantes","desc_participante","calle_avenida_km","total","heridos_leves","heridos_graves","heridos_gravisimos","ilesos","fallecidos","sin_datos","posicion_XY","desc_tipo_via","desc_ruta_ori","desc_loc","desc_dpto","desc_tipo_calzada","desc_tipo_banquina","desc_unidad_regional","desc_lugar_calzada","desc_zona","desc_prioridad","desc_estado_semaforo","desc_lugar_via","desc_estado_via","desc_estado_visibilidad","desc_luminosidad","desc_estado_clima","desc_tipo_colision","desc_tipo_atropello","desc_tipo_hecho","desc_pres_calzada","desc_senializacion","desc_separacion_via","desc_restriccion"
2017,6440,12/14/2017,"Jueves",0,9:00:00,,"0.0",2,"Bicicleta,Automóvil","Av A del Valle 9000",2,0,0,0,0,0,2,"-31.585805555556,-60.690944444444","Avenida",,"SANTA FE","La Capital","Asfalto","Pavimento","I","Dentro","Urbana","S/D","No existe","Recta","Bueno","Buena","Diurna","Buen Tiempo","Lateral","Ciclista","Atropello","S/D","Faltante","Ninguna","S/D"
2017,6441,12/17/2017,"Domingo",0,16:00:00,,"0.0",2,"Moto/Ciclomotor,Peatón"," ",2,1,0,0,0,0,1,,"S/D",,"SANTA FE","La Capital","S/D","S/D","I","Dentro","Urbana","S/D","S/D","S/D","S/D","S/D","S/D","S/D","S/D","Peatón","Atropello","S/D","S/D","S/D","S/D"
2017,6442,12/29/2017,"Viernes",0,21:20:00,,"0.0",2,"Automóvil,Moto/Ciclomotor","Roverano Y J J Paso",4,1,0,0,3,0,0,,"Calle",,"SAUCE VIEJO","La Capital","Asfalto","No existe","I","S/D","Urbana","Ninguna","No existe","Intersección","Resbaladiza","Buena","Con luz artificial","Buen Tiempo","Lateral","S/D","Colisión","Material Suelto","Horizontal","Ninguna","Sin restricción"
2017,6443,12/20/2017,"Miercoles",0,0:30:00,,"0.0",2,"Automóvil,Moto/Ciclomotor","Gorriti Y Av A del Valle",2,1,0,0,1,0,0,"-31.590527777778,-60.692277777778","Avenida",,"SANTA FE","La Capital","Asfalto","Pavimento","I","Dentro","Urbana","S/D","Intermitente","Intersección","Bueno","Buena","Nocturna,Con luz artificial","Buen Tiempo","Lateral","S/D","Colisión","S/D","Vertical","S/D","S/D"
2017,6444,12/31/2017,"Domingo",0,20:30:00,"Ruta Nacional 11","0.0",2,"Automóvil,Moto/Ciclomotor","Ruta 11 Avenida Richieri Y 13 de diciembre",3,2,0,0,1,0,0,,"Ruta",11,"SANTO TOMÉ","La Capital","Asfalto","Natural","I","Dentro","Urbana","Semáforo","Funciona","Intersección","Bueno","Buena","Nocturna,Con luz artificial","Buen Tiempo","Lateral","S/D","Colisión","Ninguna","S/D","S/D","Sin restricción"
2017,6445,12/24/2017,"Domingo",0,16:50:00,,"0.0",2,"Automóvil,Moto/Ciclomotor","Alfonsina Storni Y 9 de Julio",2,1,0,0,1,0,0,"-31.583888888889,-60.691611111111","Calle",,"SANTA FE","La Capital","Asfalto,Ripio","Natural","I","Dentro","Urbana","S/D","No existe","Intersección","Deteriorada","Buena","Diurna","Buen Tiempo","Lateral","S/D","Colisión","S/D","Faltante","Ninguna","S/D"
2017,6446,12/2/2017,"Sabado",0,4:20:00,"Ruta Nacional 11","0.0",2,"Automóvil,Automóvil","Avenida Nuestra Señora del Luj Y Juan Bautista Alberdi",3,1,2,0,0,0,0,,"Ruta",11,"SANTO TOMÉ","La Capital","Asfalto","S/D","I","Dentro","Urbana","Semáforo","Intermitente","Intersección","Bueno","Buena","Nocturna,Con luz artificial","Buen Tiempo","Frontal","S/D","Colisión","Ninguna","S/D","S/D","Sin restricción"
2017,6447,12/28/2017,"Jueves",0,11:00:00,,"0.0",2,"Pickup/Utilitario,Moto/Ciclomotor","Santiago de Chile Y Gorriti",2,1,0,0,1,0,0,"-31.587138888889,-60.70725","Avenida",,"SANTA FE","La Capital","Asfalto","Pavimento","I","Dentro","Urbana","S/D","S/D","Intersección","Bueno","Buena","Diurna","S/D","S/D","S/D","S/D","S/D","Faltante","S/D","S/D"
2017,6448,12/1/2017,"Viernes",0,11:00:00,"Ruta Nacional 11","0.0",2,"Moto/Ciclomotor,Automóvil","Ruta 11 Avenida Richieri Y 13 de diciembre",3,2,0,0,1,0,0,,"Ruta",11,"SANTO TOMÉ","La Capital","Asfalto","Natural","I","Dentro","Urbana","Semáforo","Funciona","Intersección","Bueno","Buena","Diurna","Buen Tiempo","Lateral","S/D","Colisión","Ninguna","S/D","Ninguna","Sin restricción"
2017,6449,12/7/2017,"Jueves",0,21:30:00,"Ruta Nacional 11","0.0",2,"Moto/Ciclomotor,Automóvil","Avenida Nuestra Señora del Luj Y Ruta 11 Avenida Richieri",2,1,0,0,1,0,0,,"Ruta",11,"SANTO TOMÉ","La Capital","Asfalto","S/D","I","S/D","Urbana","Ninguna","No existe","Curva","Bueno","Buena","Nocturna,Con luz artificial","Buen Tiempo","Lateral","S/D","Colisión","Ninguna","S/D","S/D","Sin restricción"
2017,6450,12/31/2017,"Domingo",0,17:50:00,,"0.0",2,"Moto/Ciclomotor,Moto/Ciclomotor","Roverano Y Hipolito Irigoyen",2,1,0,0,0,0,1,,"Calle",,"SANTO TOMÉ","La Capital","Ripio","No existe","I","Dentro","Urbana","Ninguna","No existe","Intersección","Con baches","Buena","Diurna","Buen Tiempo","De alcance","S/D","Colisión","Material Suelto","Faltante","Ninguna","Sin restricción"
2017,6451,12/11/2017,"Lunes",0,20:00:00,,"0.0",2,"Bicicleta,Moto/Ciclomotor","Roverano Y J Macia",2,1,0,0,1,0,0,,"S/D",,"SANTO TOMÉ","La Capital","Ripio","No existe","I","S/D","Urbana","Ninguna","No existe","Intersección","Con baches","Buena","Con luz artificial","Buen Tiempo","De alcance","S/D","Colisión","Material Suelto","S/D","Ninguna","Sin restricción"
2017,6452,12/29/2017,"Viernes",0,20:30:00,,"0.0",2,"Automóvil,Moto/Ciclomotor","Defensa Y Azcuenaga",3,3,0,0,0,0,0,,"Calle",,"SANTA FE","La Capital","S/D","Pavimento","I","S/D","Urbana","Ninguna","No existe","Intersección","Otro","Reducida","Con luz artificial","Otro","Otro","S/D","Colisión","Otro","Faltante","Ninguna","Sin restricción"
2017,6453,12/13/2017,"Miercoles",0,14:30:00,,"0.0",2,"Moto/Ciclomotor,Pickup/Utilitario","General Manuel Belgrano Y Santiago Del Estero",2,1,0,0,1,0,0,,"Calle",,"SANTO TOMÉ","La Capital","Asfalto","No existe","I","S/D","Urbana","Paso Peatonal","No existe","Intersección","Bueno","S/D","S/D","Buen Tiempo","S/D","S/D","Colisión","Ninguna","S/D","S/D","Sin restricción"
2017,6454,12/29/2017,"Viernes",0,14:00:00,,"0.0",2,"Moto/Ciclomotor,Automóvil","Av A del Valle Y Azcuenaga",2,2,0,0,0,0,0,"-31.594472222222,-60.691805555556","Calle",,"SANTA FE","La Capital","S/D","No existe","I","S/D","Urbana","Otra Señal","No existe","Intersección","Otro","Reducida","Diurna","Otro","Otro","S/D","Colisión","Otro","Faltante","Ninguna","Sin restricción"
2017,6455,12/4/2017,"Lunes",0,17:00:00,"Ruta Nacional 11","0.0",2,"Automóvil,Moto/Ciclomotor","La Rioja Y Avenida Nuestra Señora del Luj",2,0,1,0,1,0,0,,"Ruta",11,"SANTO TOMÉ","La Capital","Asfalto","No existe","I","S/D","Urbana","Ninguna","Funciona","Intersección","Bueno","Buena","Diurna","Buen Tiempo","Otro","S/D","Colisión","Ninguna","S/D","Ninguna","Sin restricción"
2017,6456,12/29/2017,"Viernes",0,10:11:00,,"0.0",2,"Bicicleta,Automóvil","Rivadavia Y Ayacucho",2,2,0,0,0,0,0,"-31.59775,-60.689861111111","Calle",,"SANTA FE","La Capital","Asfalto","No existe","I","S/D","Urbana","Ninguna","No existe","Intersección","Bueno","Reducida","Diurna","Otro","Otro","Ciclista","Atropello","Otro","Faltante","Ninguna","Sin restricción"
2017,6457,11/6/2017,"Lunes",0,12:20:00,,"0.0",2,"Automóvil,Automóvil","Mariano Moreno Y Balcarce",4,1,0,0,3,0,0,,"Calle",,"SANTO TOMÉ","La Capital","Asfalto","No existe","I","S/D","Urbana","Ninguna","No existe","Intersección","Bueno","Buena","Diurna","Buen Tiempo","De alcance","S/D","Colisión","Ninguna","S/D","Ninguna","Sin restricción"
2017,6458,12/28/2017,"Jueves",0,11:00:00,,"0.0",1,"Moto/Ciclomotor","French 600",1,1,0,0,0,0,0,"-31.59725,-60.669361111111","Calle",,"SANTA FE","La Capital","Asfalto","Pavimento","I","S/D","Urbana","S/D","Funciona","Recta","Bueno","Reducida","Diurna","S/D","S/D","S/D","S/D","Otro","Faltante","S/D","S/D"
2017,6459,12/26/2017,"Martes",0,20:00:00,,"0.0",2,"Automóvil,Bicicleta","French Y Necochea",2,2,0,0,0,0,0,"-31.594583333333,-60.681805555556","Calle",,"SANTA FE","La Capital","Asfalto","No existe","I","S/D","Urbana","Ninguna","No existe","Intersección","Otro","Reducida p/ objetos","Con luz artificial","Otro","Otro","Ciclista","Atropello","Otro","Faltante","Barrera de hormigón","Sin restricción"
2017,6460,12/26/2017,"Martes",0,13:30:00,,"0.0",2,"Pickup/Utilitario,Moto/Ciclomotor","Javier de la Rosa Y Echague",2,2,0,0,0,0,0,"-31.604083333333,-60.670083333333","Calle",,"SANTA FE","La Capital","Asfalto","No existe","I","S/D","Urbana","Ninguna","No existe","Intersección","Otro","Reducida","Diurna","Otro","Otro","S/D","Colisión","Otro","S/D","Cordón divisorio","Sin restricción"
2017,6461,12/21/2017,"Jueves",0,18:15:00,,"0.0",2,"Pickup/Utilitario,Vehículo Oficial","Mariano Candioti Y 12 de septiembre",3,2,0,0,1,0,0,,"Calle",,"SANTO TOMÉ","La Capital","Asfalto","Natural","I","Dentro","Urbana","Ninguna","No existe","Intersección","Bueno","Buena","Diurna","Buen Tiempo","Lateral","S/D","Colisión","Agua","Faltante","Ninguna","Sin restricción"
2017,6462,12/25/2017,"Lunes",0,18:20:00,,"0.0",1,"Moto/Ciclomotor","French 2400",1,1,0,0,0,0,0,"-31.593194444444,-60.6885","Calle",,"SANTA FE","La Capital","Ripio,Arena","S/D","I","S/D","Urbana","Ninguna","S/D","Recta","Deteriorada","S/D","S/D","Otro","Otro","S/D","Despiste","Otro","S/D","Ninguna","Reparación de Vía"
2017,6463,12/27/2017,"Miercoles",0,6:30:00,,"0.0",1,"Moto/Ciclomotor","Juan Bautista Alberdi Y Centenario",1,1,0,0,0,0,0,,"Calle",,"SANTO TOMÉ","La Capital","Asfalto","No existe","I","S/D","Urbana","Ninguna","No existe","Recta","Bueno","Buena","Diurna","Buen Tiempo","Otro","S/D","Otro","Ninguna","S/D","Ninguna","Sin restricción"
2017,6464,12/25/2017,"Lunes",0,19:20:00,,"0.0",2,"Automóvil,Moto/Ciclomotor","Av Almte Brown Y J P Lopez",2,2,0,0,0,0,0,"-31.613611111111,-60.670083333333","Calle",,"SANTA FE","La Capital","S/D","Pavimento","I","S/D","Urbana","Ninguna","No existe","Intersección","Otro","Reducida","Con luz artificial","Otro","Otro","S/D","Colisión","Ninguna","Faltante","Ninguna","Sin restricción"
2017,6465,12/2/2017,"Sabado",0,18:00:00,,"0.0",2,"Moto/Ciclomotor,Automóvil","Ruta 11 Avenida Richieri Y Hipolito Irigoyen",2,1,0,0,1,0,0,,"Avenida",,"SANTO TOMÉ","La Capital","Ripio","Natural","I","S/D","Urbana","Ninguna","No existe","Intersección","Bueno","Buena","Diurna","Buen Tiempo","Lateral","S/D","Colisión","Ninguna","S/D","Ninguna","Sin restricción"
2017,6466,9/30/2017,"Sabado",0,15:50:00,,"0.0",1,"Moto/Ciclomotor","Independencia ",1,1,0,0,0,0,0,,"Calle",,"PROGRESO","Las Colonias","Hormigón","No existe","XI","Dentro","Urbana","Ninguna","No existe","Otro","Bueno","Buena","Diurna","Buen Tiempo","S/D","S/D","Caída ocupante","Ninguna","S/D","Ninguna","Sin restricción"
2017,6467,9/17/2017,"Domingo",0,8:20:00,,"0.0",3,"Pickup/Utilitario,Automóvil,Automóvil","Av Freyre 3051",3,2,0,0,1,0,0,,"Avenida",,"SANTA FE","La Capital","Asfalto","No existe","I","S/D","Urbana","Ninguna","No existe","Recta","Bueno","Buena","Diurna","Buen Tiempo","De alcance","S/D","Colisión","Ninguna","Vertical","Ninguna","Sin restricción"
2017,6468,9/23/2017,"Sabado",0,19:40:00,"Autovía Nacional 19","60.0",1,"Moto/Ciclomotor"," ",1,1,0,0,0,0,0,,"Autovía",19,"SA PEREIRA","Las Colonias","Asfalto","Natural","XI","Fuera","Rural","Marca Vial","No existe","Curva","Bueno","Buena","Diurna","Buen Tiempo","S/D","S/D","Caída ocupante","Ninguna","Faltante","Guardarrail","Sin restricción"
2017,6469,9/1/2017,"Viernes",0,22:55:00,,"0.0",2,"Moto/Ciclomotor,Automóvil","Tucuman Y Dr Zavalla",2,1,0,0,1,0,0,,"Calle",,"SANTA FE","La Capital","Asfalto","No existe","I","S/D","Urbana","Ninguna","No existe","Intersección","Bueno","Buena","Nocturna","Buen Tiempo","Otro","S/D","Colisión","Ninguna","Faltante","Ninguna","Sin restricción"
2017,6470,9/26/2017,"Martes",0,20:10:00,"Ruta Provincial 10","0.0",2,"Camión c / Acoplado,Camión c / Acoplado"," ",5,0,2,0,3,0,0,,"Ruta",10,"PILAR","Las Colonias","Asfalto","Natural","XI","Dentro","Rural","Ninguna","No existe","Puente","Resbaladiza","Reducida","Nocturna","Lluvia","Lateral","S/D","Colisión","Agua","S/D","Ninguna","Sin restricción"
2017,6471,9/7/2017,"Jueves",0,15:05:00,,"0.0",2,"Automóvil,Moto/Ciclomotor","Lamadrid Y Alfonso Duran",2,1,0,0,1,0,0,,"Calle",,"SANTA FE","La Capital","Asfalto","No existe","I","S/D","Urbana","S/D","Funciona","Intersección","Bueno","Buena","Atardecer","S/D","S/D","S/D","S/D","Ninguna","Faltante","S/D","S/D"
2017,6472,9/30/2017,"Sabado",0,12:05:00,,"0.0",2,"Automóvil,Bicicleta","Mariano Moreno Y Cullen",2,0,1,0,1,0,0,,"Calle",,"ESPERANZA","Las Colonias","Asfalto","No existe","XI","Dentro","Rural","Ninguna","No existe","Intersección","Bueno","Buena","Diurna","Buen Tiempo","S/D","Ciclista","Atropello","Ninguna","Vertical","Ninguna","Sin restricción"
2017,6473,9/3/2017,"Domingo",0,1:30:00,,"0.0",2,"Moto/Ciclomotor,Automóvil","San Martin 1600",2,0,1,0,1,0,0,,"Calle",,"FRANCK","Las Colonias","Asfalto","No existe","XI","Dentro","Urbana","Ninguna","No existe","Recta","Bueno","Buena","Nocturna,Con luz artificial","Buen Tiempo","Lateral","S/D","Colisión","Ninguna","Horizontal","Ninguna","Sin restricción"
2017,6474,9/9/2017,"Sabado",0,10:30:00,,"0.0",2,"Moto/Ciclomotor,Automóvil","San Martin Y Irigoyen",2,1,0,0,1,0,0,,"Calle",,"FRANCK","Las Colonias","Asfalto","No existe","XI","Dentro","Urbana","Ninguna","No existe","Recta","Bueno","Buena","Diurna","Buen Tiempo","Lateral","S/D","Colisión","Ninguna","Horizontal","Ninguna","Sin restricción"
2017,6475,9/12/2017,"Martes",0,16:30:00,,"0.0",1,"Moto/Ciclomotor","12 de Octubre Y Colon",1,1,0,0,0,0,0,,"Calle",,"RAFAELA","Castellanos","Hormigón","S/D","V","S/D","Urbana","Ninguna","No existe","Intersección","Bueno","Buena","Diurna","Buen Tiempo","Atropello animal","S/D","Colisión","S/D","S/D","S/D","Sin restricción"
2017,6476,9/23/2017,"Sabado",0,20:00:00,,"0.0",2,"Moto/Ciclomotor,Moto/Ciclomotor","Maipu Y Las Heras",2,0,1,0,1,0,0,,"Calle",,"LAS ROSAS","Belgrano","Hormigón","Pavimento","III","Dentro","Urbana","Ninguna","No existe","Recta","Bueno","Buena","Nocturna","Buen Tiempo","De alcance","S/D","Colisión","Ninguna","Faltante","Ninguna","Sin restricción"
2017,6477,9/12/2017,"Martes",0,7:20:00,,"0.0",2,"Automóvil,Camión Chasis","Rivadavia Y M Josefa Durrer",2,1,0,0,1,0,0,,"Avenida",,"SAN JERÓNIMO NORTE","Las Colonias","Asfalto","No existe","XI","Dentro","Urbana","Ninguna","No existe","Intersección","Bueno","Buena","Diurna","Buen Tiempo","Lateral","S/D","Colisión","Ninguna","Faltante","Ninguna","S/D"
2017,6478,9/30/2017,"Sabado",0,19:35:00,,"0.0",2,"Automóvil,Moto/Ciclomotor","Mariano Moreno Y Aristobulo del Valle",6,1,0,0,5,0,0,,"Calle",,"ESPERANZA","Las Colonias","Asfalto","No existe","XI","Dentro","Urbana","Ninguna","No existe","Intersección","Bueno","S/D","Atardecer","Buen Tiempo","Lateral","S/D","Colisión","Ninguna","Faltante","Ninguna","Sin restricción"
2017,6479,6/11/2017,"Domingo",0,20:30:00,"Ruta Provincial 18","6.0",2,"Automóvil,Automóvil"," ",5,3,0,0,2,0,0,,"Ruta",18,"ALVEAR","Rosario","S/D","S/D","II","Dentro","Rural","S/D","S/D","Recta","S/D","S/D","Diurna","S/D","S/D","S/D","Colisión","S/D","S/D","S/D","S/D"
2017,6480,9/17/2017,"Domingo",0,21:55:00,"Ruta Provincial 90","0.0",2,"Automóvil,Peatón"," ",4,0,1,0,3,0,0,,"Ruta",90,"CHAPUY","General López","Asfalto","Natural","VIII","S/D","Urbana","Ninguna","No existe","Recta","Bueno","Reducida","Nocturna","Buen Tiempo","S/D","Peatón","Atropello","Ninguna","S/D","Ninguna","Sin restricción"
2017,6481,9/30/2017,"Sabado",0,11:40:00,,"0.0",3,"Pickup/Utilitario,Automóvil,Moto/Ciclomotor","Av Los Colonizadores 39",5,2,0,0,3,0,0,,"Avenida",,"ESPERANZA","Las Colonias","Asfalto","No existe","XI","Dentro","Urbana","Semáforo","Funciona","Recta","Bueno","Buena","Diurna","Buen Tiempo","Múltiple","S/D","Colisión","Ninguna","Vertical","Ninguna","Sin restricción"
2017,6482,6/14/2017,"Miercoles",0,13:15:00,"Ruta Nacional 34","105.0",2,"Camión c / Semirremolque,Camión"," ",2,2,0,0,0,0,0,,"Ruta",34,"SAN GENARO","San Jerónimo","Asfalto","S/D","XV","Dentro","Rural","S/D","S/D","Recta","S/D","S/D","Diurna","S/D","S/D","S/D","Colisión","S/D","S/D","S/D","S/D"
2017,6483,9/3/2017,"Domingo",0,7:40:00,,"0.0",2,"Moto/Ciclomotor,Moto/Ciclomotor","Pte Juan D Peron Y Bolivia",2,0,1,0,0,0,1,,"Calle",,"TOSTADO","9 de Julio","Asfalto","No existe","XII","Dentro","Urbana","Ninguna","No existe","Recta","Bueno","Buena","Diurna","Buen Tiempo","S/D","S/D","Colisión","Ninguna","Faltante","Ninguna","Sin restricción"
2017,6484,9/11/2017,"Lunes",0,21:02:00,,"336.0",2,"Moto/Ciclomotor,Automóvil","Galvez 450",2,1,0,0,1,0,0,,"Calle",,"SANTA TERESA","Constitución","Asfalto","No existe","VI","S/D","Urbana","Ninguna","No existe","Recta","Bueno","Reducida","Nocturna,Con luz artificial","Buen Tiempo","Lateral","S/D","Colisión","Ninguna","S/D","Ninguna","Sin restricción"
2017,6485,9/6/2017,"Miercoles",0,15:30:00,,"0.0",2,"Moto/Ciclomotor,Automóvil","3 de Febrero Y General Manuel Belgrano",2,1,0,0,1,0,0,,"S/D",,"ESPERANZA","Las Colonias","Asfalto","No existe","XI","S/D","Urbana","Ninguna","No existe","Intersección","Bueno","Buena","Diurna","Buen Tiempo","De alcance","S/D","Colisión","Ninguna","Vertical","Ninguna","Sin restricción"
2017,6486,9/17/2017,"Domingo",0,6:10:00,,"0.0",1,"Moto/Ciclomotor","25 de Mayo Y Saavedra",1,0,1,0,0,0,0,,"Calle",,"TOSTADO","9 de Julio","Asfalto","No existe","XII","Dentro","Urbana","Ninguna","No existe","Recta","Bueno","Buena","Amanecer","Buen Tiempo","S/D","S/D","Caída ocupante","Ninguna","S/D","Vegetación","Sin restricción"
2017,6487,6/22/2017,"Jueves",0,1:00:00,"Autopista Provincial Brigadier E.López","135.0",1,"Automóvil"," ",2,2,0,0,0,0,0,,"Autopista","Brigadier E.López","SAUCE VIEJO","La Capital","Asfalto","S/D","I","Dentro","Rural","S/D","S/D","Recta","S/D","S/D","Nocturna","S/D","S/D","S/D","Vuelco","S/D","S/D","S/D","S/D"
2017,6488,9/24/2017,"Domingo",0,17:15:00,"Ruta Provincial 90","44.0",1,"Automóvil"," ",1,1,0,0,0,0,0,,"Ruta",90,"SANTA TERESA","Constitución","Asfalto","Natural","VI","S/D","Rural","Ninguna","No existe","Recta","Deteriorada","Buena","Diurna","Buen Tiempo","S/D","S/D","Despiste","Ninguna","Faltante","Ninguna","Sin restricción"
2017,6489,9/3/2017,"Domingo",0,6:00:00,,"0.0",2,"Automóvil,Moto/Ciclomotor","Avenida San Martin ",2,1,0,0,1,0,0,,"Avenida",,"TOSTADO","9 de Julio","Asfalto","S/D","XII","S/D","Urbana","Policía de tránsito","S/D","Recta","Bueno","S/D","S/D","Buen Tiempo","Lateral","S/D","Colisión","Ninguna","Faltante","S/D","Sin restricción"
2017,6490,9/4/2017,"Lunes",0,12:00:00,,"0.0",2,"Pickup/Utilitario,Moto/Ciclomotor","Domingo Faustino Sarmiento Y G Lehmann",2,1,0,0,1,0,0,,"Calle",,"ESPERANZA","Las Colonias","Asfalto","No existe","XI","Dentro","Urbana","Ninguna","No existe","Intersección","Bueno","Buena","Diurna","Buen Tiempo","Lateral","S/D","Colisión","Ninguna","Vertical","Ninguna","Sin restricción"
2017,6491,9/15/2017,"Viernes",0,23:00:00,,"0.0",2,"Moto/Ciclomotor,Automóvil","1ro de Mayo Y Risso",2,1,0,0,1,0,0,,"Calle",,"SANTA FE","La Capital","Asfalto","Pavimento","I","Dentro","Urbana","S/D","No existe","Intersección","S/D","S/D","Nocturna","S/D","S/D","S/D","Colisión","S/D","S/D","Ninguna","S/D"
2017,6492,6/25/2017,"Domingo",0,19:30:00,,"0.0",2,"Automóvil,Bicicleta"," ",5,1,0,0,4,0,0,,"S/D",,"COLONIA TERESA","San Javier","S/D","S/D","XIV","S/D","S/D","S/D","S/D","Recta","S/D","S/D","Diurna","S/D","S/D","S/D","Colisión","S/D","S/D","S/D","S/D"
2017,6493,9/23/2017,"Sabado",0,1:00:00,,"0.0",2,"Moto/Ciclomotor,Automóvil","Galvez Y Solis",2,1,0,0,1,0,0,,"Calle",,"ROSARIO","Rosario","Asfalto","No existe","II","Dentro","Urbana","Ninguna","No existe","Intersección","Bueno","Buena","Nocturna","Buen Tiempo","Lateral","S/D","Colisión","Ninguna","Faltante","Ninguna","Sin restricción"
2017,6494,9/20/2017,"Miercoles",0,18:00:00,,"0.0",2,"Moto/Ciclomotor,Automóvil","Av A del Valle Y Gutierrez",2,1,0,0,1,0,0,,"Avenida",,"SANTA FE","La Capital","Asfalto","Pavimento","I","Dentro","Urbana","Semáforo","Funciona","Intersección","S/D","S/D","Diurna","S/D","S/D","S/D","Colisión","S/D","S/D","Cordón divisorio","S/D"
2017,6495,9/19/2017,"Martes",0,,,"0.0",2,"Moto/Ciclomotor,Automóvil","Avenida Rivadavia ",2,1,0,0,0,0,1,,"Calle",,"TOSTADO","9 de Julio","Asfalto","S/D","XII","S/D","Urbana","Policía de tránsito","S/D","Recta","Bueno","S/D","S/D","Buen Tiempo","S/D","S/D","S/D","Ninguna","S/D","Barrera de hormigón","Sin restricción"
2017,6496,9/23/2017,"Sabado",0,4:00:00,,"0.0",2,"Moto/Ciclomotor,Taxi/Remis","Cordoba Y San Jeronimo",3,0,1,0,2,0,0,,"Calle",,"SANTA FE","La Capital","Asfalto","Pavimento","I","Dentro","Urbana","S/D","No existe","Intersección","S/D","S/D","S/D","S/D","S/D","S/D","Colisión","S/D","S/D","Ninguna","S/D"
2017,6497,9/20/2017,"Miercoles",0,17:30:00,,"0.0",2,"Moto/Ciclomotor,Automóvil","Av. Uriburu Y Pte.Roca",4,2,0,0,2,0,0,,"Calle",,"ROSARIO","Rosario","Asfalto","No existe","II","Dentro","Urbana","Ninguna","No existe","Intersección","Bueno","Buena","Diurna","Buen Tiempo","Lateral","S/D","Colisión","Ninguna","Faltante","Ninguna","Sin restricción"
2017,6498,6/25/2017,"Domingo",0,14:00:00,"Ruta Nacional 11","0.0",1,"Moto/Ciclomotor"," ",2,2,0,0,0,0,0,,"Ruta",11,"SANTA FE","La Capital","Asfalto","S/D","I","Dentro","Rural","S/D","S/D","Recta","S/D","S/D","Diurna","S/D","S/D","S/D","Caída ocupante","S/D","S/D","S/D","S/D"
2017,6499,9/24/2017,"Domingo",0,0:00:00,,"0.0",2,"Moto/Ciclomotor,Automóvil","Iturraspe Y Av Facundo Zuviria",3,1,0,0,2,0,0,,"Avenida",,"SANTA FE","La Capital","Asfalto","Pavimento","I","Dentro","Urbana","Semáforo","Funciona","Intersección","S/D","S/D","Nocturna","S/D","S/D","S/D","Colisión","S/D","S/D","Cordón divisorio","S/D"
2017,6500,9/24/2017,"Domingo",0,13:50:00,,"0.0",2,"Automóvil,Moto/Ciclomotor","San Martin Y 24 De Setiembre",2,1,0,0,1,0,0,,"Calle",,"ROSARIO","Rosario","Asfalto","No existe","II","Dentro","Urbana","Ninguna","No existe","Intersección","Bueno","Buena","Diurna","Buen Tiempo","Lateral","S/D","Colisión","Ninguna","Faltante","Ninguna","Sin restricción"
2017,6501,6/21/2017,"Miercoles",0,0:50:00,"Ruta Nacional 95","825.0",1,"Camión c / Semirremolque"," ",1,0,1,0,0,0,0,,"Ruta",95,"POZO BORRADO","9 de Julio","Asfalto","Natural","XII","Fuera","Rural","Ninguna","No existe","Recta","Bueno","Reducida","Nocturna","Lluvia","S/D","S/D","Vuelco","Otro","Faltante","Ninguna","Sin restricción"
2017,6502,9/19/2017,"Martes",0,11:10:00,,"0.0",2,"Automóvil,Bicicleta","Av. Corrientes Y Sanchez de Bustamante",2,1,0,0,1,0,0,,"Calle",,"ROSARIO","Rosario","Asfalto","No existe","II","Dentro","Urbana","Ninguna","No existe","Intersección","Bueno","Buena","Diurna","Buen Tiempo","S/D","Ciclista","Atropello","Ninguna","Faltante","Ninguna","Sin restricción"
2017,6503,9/25/2017,"Lunes",0,21:00:00,,"0.0",2,"Taxi/Remis,Automóvil","Av A del Valle Y Gutierrez",2,2,0,0,0,0,0,,"Avenida",,"SANTA FE","La Capital","Asfalto","Pavimento","I","Dentro","Urbana","S/D","Funciona","Intersección","S/D","S/D","Nocturna","S/D","S/D","S/D","Colisión","S/D","S/D","Cordón divisorio","S/D"
2017,6504,9/19/2017,"Martes",0,10:30:00,,"0.0",1,"Moto/Ciclomotor","Bv. Segui Y Mitre",2,1,0,0,1,0,0,,"Calle",,"ROSARIO","Rosario","Asfalto","No existe","II","Dentro","Urbana","Ninguna","No existe","Intersección","Bueno","Buena","Diurna","Buen Tiempo","Lateral","S/D","Colisión","Ninguna","Faltante","Ninguna","Sin restricción"
2017,6505,9/26/2017,"Martes",0,11:00:00,,"0.0",2,"Moto/Ciclomotor,Automóvil","Agustin Delgado Y San Jeronimo",2,1,0,0,1,0,0,,"Calle",,"SANTA FE","La Capital","Asfalto","Pavimento","I","Dentro","Urbana","S/D","No existe","Intersección","S/D","S/D","Diurna","S/D","S/D","S/D","Colisión","S/D","S/D","S/D","S/D"