"anio_acci","nro_acci","fecha","desc_dia","fecha_aprox","hora_aprox","desc_ruta","km","cant_participantes","desc_participante","calle_avenida_km","total","heridos_leves","heridos_graves","heridos_gravisimos","ilesos","fallecidos","sin_datos","posicion_XY","desc_tipo_via","desc_ruta_ori","desc_loc","desc_dpto","desc_tipo_calzada","desc_tipo_banquina","desc_unidad_regional","desc_lugar_calzada","desc_zona","desc_prioridad","desc_estado_semaforo","desc_lugar_via","desc_estado_via","desc_estado_visibilidad","desc_luminosidad","desc_estado_clima","desc_tipo_colision","desc_tipo_atropello","desc_tipo_hecho","desc_pres_calzada","desc_senializacion","desc_separacion_via","desc_restriccion"
2017,6506,9/11/2017,"Lunes",0,19:10:00,"Ruta Provincial 6","0.0",2,"Pickup/Utilitario,Moto/Ciclomotor","Peru ",2,1,0,0,1,0,0,,"Ruta",6,"ESPERANZA","Las Colonias","Asfalto","Natural","XI","Dentro","Urbana","Ninguna","No existe","Rotonda","Bueno","Buena","Atardecer","Buen Tiempo","Lateral","S/D","Colisión","Ninguna","Vertical","S/D","Sin restricción"
2017,6507,9/18/2017,"Lunes",0,17:30:00,,"0.0",2,"Automóvil,Peatón","San Martin Y Hilarion de la Quintana",2,1,0,0,1,0,0,,"Calle",,"ROSARIO","Rosario","Asfalto","No existe","II","Dentro","Urbana","Ninguna","No existe","Intersección","Bueno","Buena","Atardecer","Buen Tiempo","S/D","Peatón","Atropello","Ninguna","Faltante","Ninguna","Sin restricción"
2017,6508,9/2/2017,"Sabado",0,16:00:00,,"0.0",2,"Automóvil,Moto/Ciclomotor","Gdor Mariano Cabal Y Francisco Tarragona",3,1,1,0,1,0,0,,"Calle",,"SANTA FE","La Capital","Asfalto","No existe","I","Dentro","Urbana","Ninguna","S/D","Intersección","Con baches","S/D","Diurna","Buen Tiempo","De alcance","S/D","Colisión","Ninguna","Faltante","Ninguna","Sin restricción"
2017,6509,9/14/2017,"Jueves",0,15:45:00,"Ruta Provincial 6","0.0",2,"Automóvil,Moto/Ciclomotor","Peru ",2,0,1,0,1,0,0,,"Ruta",6,"ESPERANZA","Las Colonias","Asfalto","Natural","XI","Dentro","Urbana","Ninguna","No existe","Intersección","Bueno","Buena","Diurna","Buen Tiempo","De alcance","S/D","Colisión","Ninguna","Vertical","Línea divisoria pintada","Sin restricción"
2017,6510,9/15/2017,"Viernes",0,10:00:00,,"0.0",2,"Moto/Ciclomotor,Automóvil","10 de Junio ",2,1,0,0,1,0,0,,"Calle",,"SANTA FE","La Capital","Asfalto","No existe","I","Dentro","Urbana","Ninguna","No existe","Recta","Bueno","Buena","Diurna","Buen Tiempo","Lateral","S/D","Colisión","Ninguna","Faltante","Ninguna","Sin restricción"
2017,6511,9/18/2017,"Lunes",0,18:15:00,"Ruta Provincial 6","0.0",2,"Automóvil,Moto/Ciclomotor","Peru ",2,1,0,0,1,0,0,,"Ruta",6,"ESPERANZA","Las Colonias","Asfalto","Pavimento","XI","Dentro","Urbana","Señal Pare","No existe","Rotonda","Bueno","Buena","Diurna","Buen Tiempo","Lateral","S/D","Colisión","Ninguna","Vertical","Línea divisoria pintada","Sin restricción"
2017,6512,9/25/2017,"Lunes",0,11:00:00,,"0.0",2,"Pickup/Utilitario,Peatón","Independencia Y Saavedra",2,0,1,0,1,0,0,,"Calle",,"TOSTADO","9 de Julio","Asfalto","Pavimento","XII","Dentro","Urbana","Ninguna","No existe","Recta","Bueno","Buena","Diurna","Buen Tiempo","S/D","Peatón","Atropello","Ninguna","Faltante","Ninguna","Sin restricción"
2017,6513,9/21/2017,"Jueves",0,21:30:00,,"0.0",2,"Bicicleta,Moto/Ciclomotor","Vera Mujica Y Cristobal Colon",2,1,0,0,1,0,0,,"Calle",,"SANTA FE","La Capital","Asfalto","No existe","I","Dentro","Urbana","Ninguna","S/D","Intersección","Con baches","Buena","Nocturna","Lluvia","S/D","Ciclista","Atropello","Ninguna","S/D","Ninguna","Sin restricción"
2017,6514,9/16/2017,"Sabado",0,20:30:00,"Ruta Secundaria 62-s","2.0",1,"Moto/Ciclomotor"," ",1,0,1,0,0,0,0,,"Ruta","62-s","MARÍA LUISA","Las Colonias","Asfalto","Pavimento","XI","S/D","Rural","Ninguna","No existe","Recta","Con baches","Buena","Nocturna","Buen Tiempo","Contra objeto fijo","S/D","Colisión","Otro","Faltante","Línea divisoria pintada","Sin restricción"
2017,6515,9/18/2017,"Lunes",0,20:20:00,,"0.0",2,"Taxi/Remis,Moto/Ciclomotor","Callao Y Pje. De La Cierva",2,1,0,0,1,0,0,,"Calle",,"ROSARIO","Rosario","Asfalto","No existe","II","Dentro","Urbana","Ninguna","No existe","Intersección","Bueno","Buena","Atardecer","Buen Tiempo","Lateral","S/D","Colisión","Ninguna","Faltante","Ninguna","Sin restricción"
2017,6516,9/19/2017,"Martes",0,13:25:00,,"0.0",2,"Automóvil,Moto/Ciclomotor","Nicolas Rodriguez Peña Y Belgrano",2,1,0,0,1,0,0,,"Calle",,"SANTA FE","La Capital","Asfalto","Pavimento","I","Dentro","Urbana","Ninguna","S/D","Intersección","Bueno","Buena","Diurna","Buen Tiempo","De alcance","S/D","Colisión","Ninguna","S/D","Ninguna","Sin restricción"
2017,6517,9/10/2017,"Domingo",0,15:15:00,"Ruta Provincial 70","51.0",1,"Moto/Ciclomotor"," ",1,1,0,0,0,0,0,,"Ruta",70,"NUEVO TORINO","Las Colonias","Asfalto","Natural","XI","Dentro","Rural","Ninguna","No existe","Recta","Bueno","S/D","Diurna","Viento Fuerte","S/D","S/D","Caída ocupante","Ninguna","Faltante","Ninguna","Sin restricción"
2017,6518,9/20/2017,"Miercoles",0,13:10:00,"Ruta Provincial 10","0.0",1,"Automóvil"," ",1,1,0,0,0,0,0,,"Ruta",10,"NUEVO TORINO","Las Colonias","Asfalto","Natural","XI","S/D","Rural","Ninguna","No existe","Curva","Deteriorada","Buena","Diurna","Buen Tiempo","S/D","S/D","Vuelco,Despiste","Ninguna","Faltante","S/D","Sin restricción"
2017,6519,9/16/2017,"Sabado",0,10:30:00,,"0.0",2,"Automóvil,Automóvil","Bv. Segui Y Rodriguez",4,2,0,0,1,0,1,,"Avenida",,"ROSARIO","Rosario","Asfalto","No existe","II","Dentro","Urbana","Ninguna","No existe","Intersección","Bueno","Buena","Diurna","Buen Tiempo","Lateral","S/D","Colisión","Material Suelto","Faltante","Ninguna","Sin restricción"
2017,6520,9/28/2017,"Jueves",0,5:30:00,"Ruta Provincial 17","21.0",2,"Pickup/Utilitario,Automóvil"," ",3,1,0,0,2,0,0,,"Ruta",17,"ESTEBAN RAMS","9 de Julio","Asfalto","Natural","XII","Dentro","Rural","Ninguna","No existe","Recta","Bueno","Buena","Nocturna","Lluvia","Lateral","S/D","Colisión","Ninguna","Faltante","Ninguna","Accidente Previo"
2017,6521,9/21/2017,"Jueves",0,20:30:00,,"0.0",2,"Automóvil,Moto/Ciclomotor","Vera Mujica Y O'Higgins",2,1,0,0,1,0,0,,"Calle",,"SANTA FE","La Capital","Asfalto","No existe","I","Dentro","Urbana","Ninguna","S/D","Intersección","Bueno","S/D","Nocturna","Buen Tiempo","De alcance","S/D","Colisión","Ninguna","S/D","Ninguna","Sin restricción"
2017,6522,9/28/2017,"Jueves",0,14:10:00,,"0.0",1,"Moto/Ciclomotor","Congreso Y Lavalle",1,1,0,0,0,0,0,,"Calle",,"SAN LORENZO","San Lorenzo","S/D","S/D","XVII","S/D","Urbana","Ninguna","S/D","Intersección","Otro","S/D","Diurna","Otro","S/D","S/D","Despiste","Otro","Vertical","Ninguna","S/D"
2017,6523,9/23/2017,"Sabado",0,17:15:00,,"0.0",2,"Bicicleta,Automóvil","San Lorenzo Y J J Paso",2,1,0,0,1,0,0,,"Calle",,"SANTA FE","La Capital","Asfalto","No existe","I","Dentro","Urbana","Semáforo","Funciona","Recta","Deteriorada","Buena","Diurna","Buen Tiempo","S/D","Ciclista","Atropello","Ninguna","Faltante","Ninguna","Sin restricción"
2017,6524,9/13/2017,"Miercoles",0,15:00:00,,"0.0",2,"Automóvil,Ambulancia","Av. Corrientes Y Hilarion de la Quintana",3,2,0,0,1,0,0,,"Calle",,"ROSARIO","Rosario","Asfalto","No existe","II","Dentro","Urbana","Ninguna","No existe","Intersección","Bueno","Buena","Diurna","Buen Tiempo","Lateral","S/D","Colisión","Ninguna","Faltante","Ninguna","Sin restricción"
2017,6525,9/28/2017,"Jueves",0,14:50:00,"Ruta Nacional 11","0.0",2,"Automóvil,Moto/Ciclomotor","Av San Martin Y Belgrano",2,1,0,0,1,0,0,,"Ruta",11,"SAN LORENZO","San Lorenzo","Hormigón","S/D","XVII","S/D","Urbana","Ninguna","S/D","Intersección","Otro","S/D","Diurna","Otro","Otro","S/D","Colisión","Ninguna","Vertical","Ninguna","S/D"
2017,6526,6/1/2017,"Jueves",0,1:40:00,,"0.0",2,"Camión,Pickup/Utilitario"," ",3,2,0,0,1,0,0,,"S/D",,"ALEJANDRA","San Javier","S/D","S/D","XIV","Dentro","Rural","S/D","S/D","S/D","S/D","S/D","Nocturna","S/D","S/D","S/D","Colisión","S/D","S/D","S/D","S/D"
2017,6527,9/1/2017,"Viernes",0,16:00:00,"Ruta Nacional 33","0.0",2,"Pickup/Utilitario,Moto/Ciclomotor","Carlos Casado ",3,0,1,0,2,0,0,,"Ruta",33,"SANFORD","Caseros","Asfalto","Pavimento","IV","S/D","Urbana","S/D","No existe","Intersección","Bueno","Buena","Diurna","Buen Tiempo","De alcance","S/D","Colisión","Ninguna","Horizontal","Cordón divisorio","Sin restricción"
2017,6528,9/23/2017,"Sabado",0,8:20:00,,"0.0",1,"Camión c / Acoplado"," ",1,1,0,0,0,0,0,,"S/D",,"VILLA MINETTI","9 de Julio","S/D","S/D","XII","S/D","Urbana","S/D","S/D","S/D","S/D","Buena","Diurna","S/D","Contra objeto fijo","S/D","Colisión","Ninguna","S/D","Ninguna","S/D"
2017,6529,9/13/2017,"Miercoles",0,7:10:00,,"0.0",2,"Bicicleta,Pickup/Utilitario","Av. Uriburu Y Dorrego",2,1,0,0,1,0,0,,"Calle",,"ROSARIO","Rosario","Asfalto","No existe","II","Dentro","Urbana","Ninguna","No existe","Intersección","Bueno","Buena","Diurna","Buen Tiempo","S/D","Ciclista","Atropello","Ninguna","Faltante","Ninguna","Sin restricción"
2017,6530,9/30/2017,"Sabado",0,1:10:00,"Ruta Nacional 11","0.0",2,"Moto/Ciclomotor,Automóvil","Av San Martin Y San Juan",2,1,0,0,0,0,1,,"Ruta",11,"SAN LORENZO","San Lorenzo","S/D","S/D","XVII","S/D","Urbana","Ninguna","S/D","Intersección","Otro","S/D","Nocturna","Otro","S/D","S/D","Colisión","Ninguna","Vertical","Ninguna","S/D"
2017,6531,6/1/2017,"Jueves",0,7:30:00,"Autopista Provincial Brigadier E.López","14.0",2,"Automóvil,Transporte de Pasajeros Urbano (> 8 asientos)"," ",2,1,0,0,1,0,0,,"Autopista","Brigadier E.López","SAN LORENZO","San Lorenzo","S/D","S/D","XVII","Dentro","Rural","S/D","S/D","Recta","S/D","Reducida","Diurna","Niebla","S/D","S/D","Colisión","S/D","S/D","S/D","S/D"
2017,6532,9/13/2017,"Miercoles",0,22:10:00,,"0.0",2,"Automóvil,Moto/Ciclomotor","Estado de Israel Y Pje. Piano",2,1,0,0,1,0,0,,"Calle",,"ROSARIO","Rosario","Asfalto","No existe","II","Dentro","Urbana","Ninguna","No existe","Intersección","Bueno","Buena","Nocturna","Buen Tiempo","Lateral","S/D","Colisión","Ninguna","Faltante","Ninguna","Sin restricción"
2017,6533,9/20/2017,"Miercoles",0,9:45:00,,"0.0",2,"Moto/Ciclomotor,Automóvil","Juan de Garay Y Justo Jose de Urquiza",3,1,0,0,2,0,0,,"Calle",,"VILLA MINETTI","9 de Julio","Tierra","No existe","XII","Dentro","Rural","Ninguna","No existe","Intersección","Bueno","Buena","Diurna","Buen Tiempo","Lateral","S/D","Colisión","Ninguna","Faltante","Ninguna","Sin restricción"
2017,6534,9/30/2017,"Sabado",0,13:45:00,,"0.0",2,"Moto/Ciclomotor,Automóvil","Bv Oroño Y Fray Peña",2,1,0,0,1,0,0,,"Avenida",,"SAN LORENZO","San Lorenzo","S/D","S/D","XVII","S/D","Urbana","S/D","S/D","Otro","Otro","S/D","Diurna","S/D","S/D","S/D","Colisión","Ninguna","Vertical","S/D","S/D"
2017,6535,9/26/2017,"Martes",0,18:35:00,,"0.0",2,"Pickup/Utilitario,Moto/Ciclomotor","Francia Y 3 de Febrero",2,1,0,0,1,0,0,,"Calle",,"SANTA FE","La Capital","Asfalto","No existe","I","Dentro","Urbana","Ninguna","No existe","Intersección","Con baches","Buena","Diurna","Buen Tiempo","Lateral","S/D","Colisión","Ninguna","Faltante","Ninguna","Sin restricción"
2017,6536,9/7/2017,"Jueves",0,3:00:00,,"0.0",1,"Pickup/Utilitario","Guillermo Benitez Y Cordoba",1,1,0,0,0,0,0,,"Calle",,"LAS ROSAS","Belgrano","Asfalto","Pavimento","III","Dentro","Urbana","Ninguna","No existe","Recta","Bueno","Reducida","Nocturna,Con luz artificial","Buen Tiempo","Contra objeto fijo","S/D","Colisión","Ninguna","Faltante","Ninguna","Sin restricción"
2017,6537,9/30/2017,"Sabado",0,16:30:00,,"0.0",2,"Automóvil,Moto/Ciclomotor","Dr Ghio Y General Lopez",2,1,0,0,1,0,0,,"Calle",,"SAN LORENZO","San Lorenzo","S/D","S/D","XVII","S/D","S/D","S/D","S/D","Otro","Otro","S/D","Diurna","Otro","S/D","S/D","Colisión","Ninguna","Vertical","Ninguna","S/D"
2017,6539,9/8/2017,"Viernes",0,17:00:00,,"0.0",1,"Moto/Ciclomotor","R S Pe±a 1000",2,2,0,0,0,0,0,,"Calle",,"VERA","Vera","Ripio","No existe","XIX","Dentro","Urbana","Ninguna","No existe","Recta","Bueno","Buena","Diurna","Buen Tiempo","Atropello animal","S/D","Colisión","Ninguna","Faltante","Ninguna","Sin restricción"
2017,6540,9/26/2017,"Martes",0,11:15:00,,"0.0",2,"Automóvil,Moto/Ciclomotor","San Lorenzo Y Jujuy",2,1,0,0,1,0,0,,"Calle",,"SANTA FE","La Capital","Asfalto","No existe","I","Dentro","Urbana","Ninguna","No existe","Intersección","Con baches","Buena","Diurna","Buen Tiempo","Lateral","S/D","Colisión","Ninguna","Faltante","Ninguna","Sin restricción"
2017,6541,5/5/2017,"Viernes",0,,,"0.0",1,"Otros"," ",1,0,0,0,0,1,0,"-32.943410, -60.650373","S/D",,"ROSARIO","Rosario","S/D","S/D","II","S/D","Urbana","S/D","S/D","S/D","S/D","S/D","S/D","S/D","S/D","S/D","S/D","S/D","S/D","S/D","S/D"
2017,6542,9/24/2017,"Domingo",0,19:40:00,"Ruta Nacional 11","0.0",2,"Moto/Ciclomotor,Automóvil","Ruta Nac 11 594",2,1,0,0,1,0,0,,"Ruta",11,"MARCELINO ESCALADA","San Justo","Asfalto","Ripio","XVI","Dentro","Urbana","Ninguna","No existe","Curva","Bueno","Reducida","Atardecer","Buen Tiempo","Lateral","S/D","Colisión","Ninguna","Faltante","Ninguna","Sin restricción"
2017,6543,9/26/2017,"Martes",0,10:05:00,,"0.0",2,"Moto/Ciclomotor,Pickup/Utilitario","Roque Saenz Peña Y Hipolito Yrigoyen",2,1,0,0,0,0,1,,"Calle",,"SANTA FE","La Capital","Asfalto","No existe","I","Dentro","Urbana","Ninguna","No existe","Intersección","Deteriorada","Buena","Diurna","Buen Tiempo","Lateral","S/D","Colisión","Ninguna","Faltante","Ninguna","Sin restricción"
2017,6544,9/15/2017,"Viernes",0,18:15:00,,"0.0",2,"Moto/Ciclomotor,Peatón","Belgrano Y Presbitero Jose Houriet",3,3,0,0,0,0,0,,"Calle",,"VERA","Vera","Asfalto","No existe","XIX","Dentro","Urbana","Ninguna","No existe","Intersección","Bueno","Buena","Diurna","Buen Tiempo","S/D","Peatón","Atropello","Ninguna","Faltante","Ninguna","Sin restricción"
2017,6545,5/22/2017,"Lunes",0,1:00:00,"Autopista Provincial Brigadier E.López","13.0",2,"Moto/Ciclomotor,Otros"," ",3,1,0,0,0,1,1,"-32.77244, -60.74903","Autopista","Brigadier E.López","FRAY LUIS BELTRÁN","San Lorenzo","Asfalto","S/D","XVII","Dentro","Rural","S/D","S/D","S/D","S/D","S/D","Nocturna","S/D","S/D","S/D","Colisión","S/D","S/D","S/D","S/D"
2017,6546,9/6/2017,"Miercoles",0,18:50:00,,"0.0",2,"Automóvil,Moto/Ciclomotor","Independencia Y Av Gral San Martin",2,1,0,0,1,0,0,,"Avenida",,"GOBERNADOR CRESPO","San Justo","Asfalto","Pavimento","XVI","S/D","Urbana","Ninguna","No existe","Intersección","Bueno","Buena","Atardecer,Con luz artificial","Buen Tiempo","Lateral","S/D","Colisión","Ninguna","S/D","S/D","Sin restricción"
2017,6547,9/5/2017,"Martes",0,20:30:00,,"0.0",2,"Automóvil,Moto/Ciclomotor","Pte.Roca Y Biedma",2,1,0,0,1,0,0,,"Calle",,"ROSARIO","Rosario","Asfalto","No existe","II","Dentro","Urbana","Ninguna","No existe","Intersección","Bueno","Buena","Nocturna","Buen Tiempo","Lateral","S/D","Colisión","Ninguna","Faltante","Ninguna","Sin restricción"
2017,6548,9/15/2017,"Viernes",0,18:10:00,,"0.0",2,"Moto/Ciclomotor,Automóvil","Presbitero Jose Houriet Y Mitre B",2,1,0,0,1,0,0,,"Calle",,"VERA","Vera","Asfalto","No existe","XIX","Dentro","Urbana","Ninguna","No existe","Intersección","Bueno","Buena","Diurna","Buen Tiempo","Frontal","S/D","Colisión","Ninguna","Faltante","Ninguna","Sin restricción"
2017,6549,9/2/2017,"Sabado",0,17:25:00,,"0.0",2,"Bicicleta,Automóvil","Sarmiento Y Dr.Rivas",2,1,0,0,1,0,0,,"Calle",,"ROSARIO","Rosario","Asfalto","No existe","II","Dentro","Urbana","Ninguna","No existe","Intersección","Bueno","Buena","Atardecer","Buen Tiempo","S/D","Ciclista","Atropello","Ninguna","Faltante","Ninguna","Sin restricción"
2017,6550,9/1/2017,"Viernes",0,9:25:00,"Ruta Nacional 11","617.0",1,"Automóvil"," ",1,1,0,0,0,0,0,,"Ruta",11,"GOBERNADOR CRESPO","San Justo","Asfalto","Natural","XVI","Dentro","Rural","Ninguna","No existe","Recta","Bueno","Buena","Diurna","Buen Tiempo","Otro","S/D","Despiste","Ninguna","Horizontal","Ninguna","Sin restricción"
2017,6551,9/1/2017,"Viernes",0,18:20:00,,"0.0",2,"Moto/Ciclomotor,Automóvil","Av. Corrientes 5500",3,2,0,0,1,0,0,,"Calle",,"ROSARIO","Rosario","Asfalto","No existe","II","Dentro","Urbana","Ninguna","S/D","Intersección","Bueno","Buena","Atardecer","Buen Tiempo","Lateral","S/D","Colisión","Ninguna","S/D","Ninguna","Sin restricción"
2017,6552,9/4/2017,"Lunes",0,19:30:00,,"0.0",2,"Moto/Ciclomotor,Peatón","Elmo Perezlindo ",2,1,0,0,1,0,0,,"Calle",,"TOSTADO","9 de Julio","Ripio","No existe","XII","Dentro","Urbana","Ninguna","No existe","Recta","Bueno","Reducida","Nocturna","Buen Tiempo","S/D","Peatón","Atropello","Ninguna","S/D","Ninguna","Sin restricción"
2017,6553,9/16/2017,"Sabado",0,8:05:00,,"0.0",1,"Automóvil"," ",2,2,0,0,0,0,0,,"Calle",,"VERA","Vera","Asfalto","Natural","XIX","Dentro","Rural","S/D","No existe","Intersección","Bueno","Buena","Diurna","Buen Tiempo","S/D","S/D","Vuelco","Ninguna","Faltante","Ninguna","Sin restricción"
2017,6554,9/11/2017,"Lunes",0,18:45:00,,"0.0",2,"Moto/Ciclomotor,Pickup/Utilitario","B Giuliani Y S J Puig",2,0,1,0,1,0,0,,"Calle",,"GOBERNADOR CRESPO","San Justo","Ripio","Natural","XVI","Dentro","Urbana","Ninguna","No existe","Intersección","Ahuellamiento","Buena","Atardecer","Buen Tiempo","S/D","S/D","Colisión","Ninguna","Faltante","Ninguna","Sin restricción"
2017,6555,9/20/2017,"Miercoles",0,7:40:00,,"0.0",2,"Pickup/Utilitario,Moto/Ciclomotor","Presbitero Jose Houriet Y Mitre B",2,0,1,0,1,0,0,,"Calle",,"VERA","Vera","Asfalto","No existe","XIX","Dentro","Urbana","Ninguna","No existe","Intersección","Bueno","Buena","Diurna","Buen Tiempo","Frontal","S/D","Colisión","Ninguna","Faltante","Ninguna","Sin restricción"
2017,6556,9/21/2017,"Jueves",0,6:00:00,"Ruta Provincial 15","999.9",2,"Moto/Ciclomotor,Bicicleta","Flotron ",2,1,0,0,1,0,0,,"Ruta",15,"ARMSTRONG","Belgrano","Asfalto","No existe","III","Dentro","Urbana","Ninguna","S/D","Intersección","Bueno","Reducida","Nocturna","Lluvia","S/D","Ciclista","Atropello","Agua","Vertical","Ninguna","Sin restricción"
2017,6557,6/1/2017,"Jueves",0,,,"0.0",2,"Moto/Ciclomotor,Automóvil","San Juan Y Pasteur",2,1,0,0,1,0,0,,"Calle",,"SUNCHALES","Castellanos","S/D","S/D","V","Dentro","Urbana","S/D","S/D","Intersección","S/D","S/D","S/D","S/D","S/D","S/D","Colisión","S/D","S/D","S/D","S/D"
2017,6558,9/17/2017,"Domingo",0,7:20:00,"Ruta Nacional 178","0.0",2,"Automóvil,Moto/Ciclomotor"," ",2,1,0,0,1,0,0,,"Ruta",178,"LAS PAREJAS","Belgrano","Asfalto","Natural","III","Dentro","Urbana","Ninguna","No existe","Recta","Bueno","Buena","Diurna","Niebla","Lateral","S/D","Colisión","Ninguna","Faltante","Ninguna","Sin restricción"
2017,6559,9/23/2017,"Sabado",0,15:10:00,"Ruta Nacional 178","170.0",1,"Pickup/Utilitario"," ",2,1,0,0,1,0,0,,"Ruta",178,"LAS PAREJAS","Belgrano","Asfalto","Natural","III","Dentro","Rural","Ninguna","No existe","Recta","Bueno","Buena","Diurna","Buen Tiempo","S/D","S/D","Vuelco","Ninguna","Faltante","Ninguna","Sin restricción"
2017,6560,9/20/2017,"Miercoles",0,14:15:00,,"0.0",2,"Automóvil,Moto/Ciclomotor","Calle 11 Y Calle 28",2,1,0,0,1,0,0,,"Calle",,"LAS PAREJAS","Belgrano","Hormigón","No existe","III","Dentro","Urbana","Ninguna","No existe","Intersección","Bueno","Buena","Diurna","Buen Tiempo","Lateral","S/D","Colisión","Ninguna","Faltante","Ninguna","Sin restricción"
2017,6561,9/15/2017,"Viernes",0,18:00:00,"Ruta Nacional 178","171.0",1,"Automóvil"," ",1,1,0,0,0,0,0,,"Ruta",178,"LAS PAREJAS","Belgrano","Asfalto","Natural","III","Fuera","Rural","Ninguna","No existe","Recta","Bueno","Buena","Diurna","Buen Tiempo","S/D","S/D","Vuelco","Ninguna","Horizontal","Línea divisoria pintada","Sin restricción"
2017,6562,9/12/2017,"Martes",0,9:50:00,"Ruta Nacional 178","0.0",2,"Automóvil,Moto/Ciclomotor","Calle 23 Y Ruta 178",2,1,0,0,1,0,0,,"Ruta",178,"LAS PAREJAS","Belgrano","Asfalto","Natural","III","Dentro","Urbana","Ninguna","No existe","Intersección","Ahuellamiento","Buena","Diurna","Buen Tiempo","Lateral","S/D","Colisión","Ninguna","Faltante","Línea divisoria pintada","Sin restricción"
2017,6563,9/12/2017,"Martes",0,13:30:00,,"0.0",2,"Moto/Ciclomotor,Moto/Ciclomotor","Avenida 21 Y Calle 12",2,1,0,0,1,0,0,,"Avenida",,"LAS PAREJAS","Belgrano","Hormigón","No existe","III","Dentro","Urbana","Ninguna","No existe","Intersección","Bueno","Buena","Diurna","Buen Tiempo","Lateral","S/D","Colisión","Ninguna","Faltante","Ninguna","Sin restricción"
2017,6564,9/9/2017,"Sabado",0,3:20:00,,"0.0",1,"Moto/Ciclomotor","Rivadavia Y Buenos Aires",1,0,0,1,0,0,0,"-32.47369, -61.57425","Calle",,"LAS ROSAS","Belgrano","Asfalto","No existe","III","Fuera","Urbana","Ninguna","No existe","Recta","Bueno","Buena","Nocturna","Buen Tiempo","Contra objeto fijo","S/D","Colisión","Agua","S/D","Ninguna","Sin restricción"
2017,6565,9/18/2017,"Lunes",0,23:20:00,,"0.0",1,"Moto/Ciclomotor","H Irigoyen 1200",1,1,0,0,0,0,0,,"Calle",,"VERA","Vera","Tierra","No existe","XIX","Dentro","Urbana","Ninguna","No existe","Recta","Bueno","Buena","Nocturna","Buen Tiempo","Contra objeto fijo","S/D","Colisión","Ninguna","Faltante","Ninguna","Sin restricción"
2017,6566,9/17/2017,"Domingo",0,18:05:00,,"0.0",2,"Moto/Ciclomotor,Automóvil","Belgrano Y Buenos Aires",3,1,0,0,1,0,1,,"Calle",,"VERA","Vera","Asfalto","No existe","XIX","Dentro","Urbana","Ninguna","No existe","Intersección","Bueno","Buena","Diurna","Buen Tiempo","Frontal","S/D","Colisión","Ninguna","Faltante","Ninguna","Sin restricción"
2017,6567,9/20/2017,"Miercoles",0,10:40:00,"Ruta Nacional 11","714.0",2,"Camión c / Acoplado,Automóvil"," ",3,2,0,0,1,0,0,,"Ruta",11,"VERA","Vera","Asfalto","Natural","XIX","Dentro","Rural","Ninguna","No existe","Curva","Bueno","Buena","Diurna","Buen Tiempo","Frontal","S/D","Colisión","Ninguna","Faltante","Ninguna","Sin restricción"
2017,6568,9/24/2017,"Domingo",0,0:25:00,,"0.0",2,"Automóvil,Moto/Ciclomotor","Rivadavia Y Alvear",3,1,0,0,2,0,0,,"Calle",,"VERA","Vera","Asfalto","No existe","XIX","Dentro","Urbana","Ninguna","No existe","Intersección","Bueno","Buena","Nocturna","Buen Tiempo","Frontal","S/D","Colisión","Ninguna","Faltante","Ninguna","Sin restricción"
2017,6569,9/10/2017,"Domingo",0,23:00:00,"Ruta Secundaria 91-s","0.0",2,"Automóvil,Automóvil"," ",4,3,0,0,1,0,0,,"Ruta","91-s","SANTA MARGARITA","9 de Julio","Ripio","No existe","XII","Dentro","Rural","Ninguna","No existe","Intersección","Bueno","Reducida","Nocturna","Buen Tiempo","Lateral","S/D","Colisión","Ninguna","Faltante","Ninguna","Sin restricción"
2017,6570,9/27/2017,"Miercoles",0,7:15:00,,"0.0",2,"Moto/Ciclomotor,Automóvil","Carriego Y Urquiza",2,1,0,0,0,0,1,,"Calle",,"ROSARIO","Rosario","Asfalto","No existe","II","S/D","Urbana","S/D","S/D","Intersección","Bueno","S/D","Amanecer","S/D","Lateral","S/D","Colisión","S/D","S/D","S/D","S/D"
2017,6571,9/19/2017,"Martes",0,8:00:00,,"0.0",2,"Transporte de Pasajeros Urbano (> 8 asientos),Moto/Ciclomotor","Pago de los Arroyos Y Calle 503",2,0,1,0,1,0,0,,"Calle",,"ROSARIO","Rosario","Asfalto","No existe","II","Dentro","Urbana","Ninguna","No existe","Intersección","Con baches","Buena","Diurna","Buen Tiempo","De alcance","S/D","Colisión","Ninguna","Faltante","Ninguna","Sin restricción"
2017,6572,9/6/2017,"Miercoles",0,8:20:00,,"0.0",2,"Automóvil,Bicicleta","Av. Arijon Y Laprida",2,1,0,0,1,0,0,,"Avenida",,"ROSARIO","Rosario","Asfalto","No existe","II","Dentro","Urbana","Ninguna","No existe","Intersección","Bueno","Buena","Diurna","Buen Tiempo","S/D","Ciclista","Atropello","Ninguna","Faltante","Cordón divisorio","Sin restricción"