"anio_acci","nro_acci","fecha","desc_dia","fecha_aprox","hora_aprox","desc_ruta","km","cant_participantes","desc_participante","calle_avenida_km","total","heridos_leves","heridos_graves","heridos_gravisimos","ilesos","fallecidos","sin_datos","posicion_XY","desc_tipo_via","desc_ruta_ori","desc_loc","desc_dpto","desc_tipo_calzada","desc_tipo_banquina","desc_unidad_regional","desc_lugar_calzada","desc_zona","desc_prioridad","desc_estado_semaforo","desc_lugar_via","desc_estado_via","desc_estado_visibilidad","desc_luminosidad","desc_estado_clima","desc_tipo_colision","desc_tipo_atropello","desc_tipo_hecho","desc_pres_calzada","desc_senializacion","desc_separacion_via","desc_restriccion"
2017,6573,12/2/2017,"Sabado",0,3:00:00,"Ruta Nacional 11","0.0",2,"Automóvil,Moto/Ciclomotor","Avenida Nuestra Señora del Luj Y Vicente Lopez y Planes",2,1,0,0,1,0,0,,"Ruta",11,"SANTO TOMÉ","La Capital","Asfalto","Pavimento","I","Dentro","Urbana","Semáforo","Intermitente","Recta","Bueno","Buena","Nocturna","Buen Tiempo","Lateral","S/D","Colisión","Ninguna","S/D","Línea divisoria pintada","Accidente Previo"
2017,6574,12/30/2017,"Sabado",0,19:50:00,,"0.0",2,"Automóvil,Otros","Av A del Valle Y Risso",2,2,0,0,0,0,0,"-31.601222222222,-60.691722222222","Calle",,"SANTA FE","La Capital","Asfalto","No existe","I","S/D","Urbana","S/D","No existe","Intersección","Otro","Reducida","Con luz artificial","S/D","S/D","S/D","S/D","Otro","Faltante","S/D","S/D"
2017,6575,12/25/2017,"Lunes",0,17:15:00,,"0.0",2,"Moto/Ciclomotor,Otros","Javier de la Rosa Y Avellaneda",2,0,0,0,0,0,2,"-31.602333333333,-60.677333333333","Calle",,"SANTA FE","La Capital","Asfalto","Pavimento","I","S/D","Urbana","Ninguna","No existe","Intersección","Otro","Reducida","Diurna","Otro","Otro","S/D","Colisión","Otro","S/D","Ninguna","Sin restricción"
2017,6576,12/24/2017,"Domingo",0,10:00:00,,"0.0",2,"Automóvil,Moto/Ciclomotor","Coronel Manuel Dorrego Y Gregorio Gamboa",2,1,0,0,1,0,0,,"S/D",,"SAN JOSÉ DEL RINCÓN","La Capital","Asfalto","No existe","I","S/D","S/D","Ninguna","No existe","Intersección","Bueno","Buena","Diurna","Buen Tiempo","Lateral","S/D","Colisión","Ninguna","Faltante","Ninguna","Sin restricción"
2017,6577,12/24/2017,"Domingo",0,13:00:00,,"0.0",2,"Moto/Ciclomotor,Automóvil","French 2300",2,2,0,0,0,0,0,"-31.5935,-60.687138888889","Calle",,"SANTA FE","La Capital","Ripio","Ripio","I","S/D","Urbana","S/D","No existe","Intersección","Deteriorada,Ahuellamiento,Otro","Reducida","Diurna","S/D","S/D","S/D","S/D","Agua,Material Suelto,Fluidos","Faltante","S/D","S/D"
2017,6578,12/16/2017,"Sabado",0,9:00:00,"Ruta Provincial 1","5.0",2,"Automóvil,Pickup/Utilitario"," ",2,2,0,0,0,0,0,,"Ruta",1,"SAN JOSÉ DEL RINCÓN","La Capital","Asfalto","Natural","I","Dentro","Urbana","Ninguna","Funciona","Cruce","Bueno","Buena","Diurna","Buen Tiempo","Lateral","S/D","Colisión","Ninguna","Vertical","Cordón divisorio","Sin restricción"
2017,6579,12/24/2017,"Domingo",0,12:20:00,,"0.0",2,"Moto/Ciclomotor,Peatón","Av A del Valle Y Ayacucho",2,0,0,0,0,0,2,"-31.597361111111,-60.691611111111","Calle",,"SANTA FE","La Capital","Asfalto","Pavimento","I","S/D","Urbana","Otra Señal","No existe","Intersección","Otro","Reducida","Diurna","Otro","Otro","S/D","Colisión","Ninguna","S/D","Cordón divisorio","Sin restricción"
2017,6580,12/15/2017,"Viernes",0,22:00:00,"Ruta Provincial 1","6.0",2,"Bicicleta,Moto/Ciclomotor","Ruta Provincial 1 Y Hernando Arias de Saavedra",2,1,0,0,1,0,0,,"Ruta",1,"SAN JOSÉ DEL RINCÓN","La Capital","Asfalto,Arena","Natural","I","Dentro","Urbana","Ninguna","No existe","Intersección","Bueno","Reducida","Nocturna","Buen Tiempo","Lateral","S/D","Atropello","Ninguna","Faltante","Ninguna","Sin restricción"
2017,6581,12/23/2017,"Sabado",0,17:50:00,,"0.0",2,"Otros,Otros","Alberdi Y Risso",2,2,0,0,0,0,0,"-31.603277777778,-60.682138888889","Calle",,"SANTA FE","La Capital","Hormigón","Pavimento","I","S/D","Urbana","Otra Señal","No existe","Intersección","Otro","Reducida","Nocturna","Otro","Otro","S/D","Colisión","Otro","S/D","Cordón divisorio","Sin restricción"
2017,6582,12/2/2017,"Sabado",0,11:20:00,,"0.0",2,"Peatón,Automóvil","Juan de Garay Y Hernando Arias de Saavedra",2,1,0,0,0,0,1,,"Calle",,"SAN JOSÉ DEL RINCÓN","La Capital","Asfalto","No existe","I","Dentro","Urbana","Ninguna","No existe","Recta","Bueno","Buena","Diurna","Buen Tiempo","S/D","Peatón","Atropello","Ninguna","Faltante","Ninguna","Sin restricción"
2017,6583,12/22/2017,"Viernes",0,22:10:00,,"0.0",2,"Moto/Ciclomotor,Moto/Ciclomotor","Rivadavia Y Larrea",2,2,0,0,0,0,0,"-31.595944444444,-60.689305555556","Calle",,"SANTA FE","La Capital","Asfalto","Pavimento","I","S/D","Urbana","S/D","No existe","Intersección","Bueno","Reducida","Con luz artificial","S/D","S/D","S/D","S/D","Otro","Faltante","Cordón divisorio","S/D"
2017,6585,12/1/2017,"Viernes",0,19:10:00,"Ruta Provincial 1","2.0",2,"Moto/Ciclomotor,Moto/Ciclomotor"," ",2,1,0,0,1,0,0,,"Ruta",1,"COLASTINE","La Capital","Asfalto","S/D","I","S/D","Urbana","Ninguna","No existe","Recta","Bueno","Buena","Nocturna","Buen Tiempo","Lateral","S/D","Colisión","Ninguna","Horizontal","Línea divisoria pintada","Sin restricción"
2017,6586,12/22/2017,"Viernes",0,1:40:00,,"0.0",2,"Automóvil,Automóvil","Av Galicia Y Republica de Siria",4,4,0,0,0,0,0,"-31.60575,-60.690777777778","Avenida",,"SANTA FE","La Capital","Asfalto","Pavimento","I","S/D","Urbana","Ninguna","No existe","Intersección","Deteriorada","Reducida","Nocturna,Con luz artificial","Buen Tiempo","Otro","S/D","Colisión","Otro","S/D","Cordón divisorio","Sin restricción"
2017,6587,12/1/2017,"Viernes",0,19:20:00,"Ruta Provincial 1","3.5",1,"Moto/Ciclomotor"," ",1,1,0,0,0,0,0,,"Ruta",1,"COLASTINE","La Capital","Asfalto","Natural","I","S/D","Urbana","Ninguna","No existe","Recta","Bueno","Buena","S/D","Buen Tiempo","Otro","S/D","Colisión","Ninguna","Horizontal","Línea divisoria pintada","Sin restricción"
2017,6588,12/17/2017,"Domingo",0,20:20:00,,"0.0",2,"Automóvil,Moto/Ciclomotor","Angel Cassanello Y Velez Sarsfield",2,2,0,0,0,0,0,"-31.612833333333,-60.678055555556","Calle",,"SANTA FE","La Capital","Asfalto","Pavimento","I","S/D","Urbana","Ninguna","No existe","Intersección","Otro","Reducida","Nocturna","Otro","Otro","S/D","Colisión","Otro","S/D","Ninguna","Sin restricción"
2017,6589,12/15/2017,"Viernes",0,8:45:00,"Ruta Provincial 1","3.0",2,"Automóvil,Pickup/Utilitario"," ",3,2,0,0,1,0,0,,"Ruta",1,"COLASTINE","La Capital","Asfalto","Natural","I","S/D","Urbana","Ninguna","No existe","Recta","Bueno","Buena","Diurna","Buen Tiempo","Lateral","S/D","Colisión","Ninguna","Horizontal","Línea divisoria pintada","Sin restricción"
2017,6590,12/16/2017,"Sabado",0,7:10:00,,"0.0",2,"Automóvil,Otros","Javier de la Rosa Y Mitre",2,0,0,0,0,0,2,"-31.601666666667,-60.680555555556","Calle",,"SANTA FE","La Capital","S/D","S/D","I","S/D","Urbana","S/D","S/D","Intersección","Otro","S/D","S/D","S/D","S/D","S/D","S/D","Otro","S/D","S/D","S/D"
2017,6591,12/9/2017,"Sabado",0,23:00:00,"Ruta Provincial 1","0.0",2,"Moto/Ciclomotor,Automóvil"," ",2,1,0,0,1,0,0,,"Ruta",1,"COLASTINE","La Capital","Asfalto","Natural","I","S/D","Urbana","Ninguna","No existe","Recta","Bueno","Buena","Nocturna","Buen Tiempo","Lateral","S/D","Colisión","Ninguna","Horizontal","Línea divisoria pintada","Sin restricción"
2017,6592,12/15/2017,"Viernes",0,22:40:00,,"0.0",2,"Automóvil,Moto/Ciclomotor","Av Galicia Y Alberdi",3,3,0,0,0,0,0,"-31.607111111111,-60.68325","Calle",,"SANTA FE","La Capital","Asfalto","No existe","I","S/D","Urbana","Ninguna","S/D","Intersección","Otro","S/D","Nocturna","Otro","Otro","S/D","Colisión","Otro","S/D","Ninguna","Sin restricción"
2017,6593,12/2/2017,"Sabado",0,0:30:00,,"0.0",2,"Moto/Ciclomotor,Peatón","Las Heras 2664",2,1,0,0,1,0,0,,"Calle",,"LAGUNA PAIVA","La Capital","Ripio","No existe","I","Dentro","Urbana","Ninguna","No existe","Recta","Bueno","Buena","Nocturna","Buen Tiempo","S/D","Peatón","Atropello","Ninguna","Faltante","Ninguna","Sin restricción"
2017,6594,12/15/2017,"Viernes",0,15:20:00,,"0.0",2,"Otros,Moto/Ciclomotor","Defensa Y Reg 12 de Infanteria",2,2,0,0,0,0,0,,"Calle",,"SANTA FE","La Capital","S/D","No existe","I","S/D","Urbana","Ninguna","No existe","Intersección","Otro","S/D","S/D","Otro","Otro","S/D","Colisión","Otro","S/D","Ninguna","Sin restricción"
2017,6595,12/5/2017,"Martes",0,23:00:00,,"0.0",2,"Moto/Ciclomotor,Moto/Ciclomotor","Sarmiento Y Alte G Brown",3,3,0,0,0,0,0,,"Calle",,"LAGUNA PAIVA","La Capital","Ripio","No existe","I","Dentro","Urbana","Ninguna","No existe","Intersección","Bueno","Buena","Nocturna","Buen Tiempo","Lateral","S/D","Colisión","Ninguna","Faltante","Ninguna","Sin restricción"
2017,6596,12/14/2017,"Jueves",0,9:00:00,,"0.0",2,"Automóvil,Moto/Ciclomotor","Av A del Valle Y Pavon",2,0,0,0,0,0,2,"-31.596388888889,-60.691666666667","Calle",,"SANTA FE","La Capital","S/D","S/D","I","S/D","Urbana","S/D","S/D","Intersección","Otro","S/D","S/D","S/D","S/D","S/D","S/D","Otro","S/D","S/D","S/D"
2017,6597,12/13/2017,"Miercoles",0,20:30:00,,"0.0",2,"Automóvil,Moto/Ciclomotor","Av L de la Torre Y San Luis",2,1,0,0,1,0,0,,"Calle",,"LAGUNA PAIVA","La Capital","Asfalto","No existe","I","Dentro","Urbana","Ninguna","No existe","Intersección","Bueno","Buena","Nocturna","Buen Tiempo","Lateral","S/D","Colisión","Ninguna","Faltante","Ninguna","Sin restricción"
2017,6598,12/13/2017,"Miercoles",0,16:40:00,,"0.0",2,"Automóvil,Moto/Ciclomotor","25 de Mayo Y Larrea",3,3,0,0,0,0,0,"-31.595638888889,-60.690777777778","Calle",,"SANTA FE","La Capital","Asfalto","No existe","I","S/D","Urbana","Ninguna","No existe","Intersección","Otro","Reducida p/ objetos","Diurna","Otro","Otro","S/D","Colisión","Ninguna","Faltante","S/D","Sin restricción"
2017,6599,12/18/2017,"Lunes",0,0:50:00,,"0.0",2,"Automóvil,Moto/Ciclomotor","Pastor Barrios Y Obrero",2,1,0,0,1,0,0,,"Calle",,"LAGUNA PAIVA","La Capital","Asfalto","No existe","I","Dentro","Urbana","Ninguna","No existe","Intersección","Bueno","Buena","Nocturna","Buen Tiempo","Lateral","S/D","Colisión","Ninguna","Faltante","Ninguna","Sin restricción"
2017,6600,12/13/2017,"Miercoles",0,10:20:00,,"0.0",2,"Moto/Ciclomotor,Automóvil","Av Galicia Y Lavalle",2,0,0,0,0,0,2,,"Calle",,"SANTA FE","La Capital","S/D","S/D","I","S/D","Urbana","S/D","S/D","Intersección","S/D","S/D","S/D","S/D","S/D","S/D","S/D","S/D","S/D","S/D","S/D"
2017,6601,12/11/2017,"Lunes",0,17:00:00,,"0.0",2,"Moto/Ciclomotor,Moto/Ciclomotor","Ruta pcial 2 Av San Martin Y Entre Rios",2,2,0,0,0,0,0,,"Avenida",,"MONTE VERA","La Capital","Hormigón","Ripio","I","Dentro","Urbana","Ninguna","No existe","Recta","Bueno","Buena","Diurna","Buen Tiempo","Lateral","S/D","Colisión","Ninguna","S/D","Línea divisoria pintada","Sin restricción"
2017,6602,12/17/2017,"Domingo",0,1:15:00,"Ruta Provincial 5","0.0",2,"Automóvil,Moto/Ciclomotor","Ruta pcial 2 Av San Martin Y Rio Negro",2,1,0,0,1,0,0,,"Ruta",5,"MONTE VERA","La Capital","Hormigón","S/D","I","Dentro","Rural","Ninguna","No existe","Cruce","Bueno","Buena","Nocturna,Con luz artificial","Lluvia","Lateral","S/D","Colisión","Ninguna","S/D","Línea divisoria pintada","Sin restricción"
2017,6603,12/11/2017,"Lunes",0,20:20:00,,"0.0",2,"Automóvil,Bicicleta","Javier de la Rosa Y Defensa",2,0,0,0,0,0,2,,"Calle",,"SANTA FE","La Capital","S/D","S/D","I","S/D","Urbana","Otra Señal","No existe","Intersección","Otro","Reducida","Con luz artificial","Otro","Otro","Ciclista","Atropello","Otro","Faltante","Ninguna","Sin restricción"
2017,6604,12/21/2017,"Jueves",0,15:50:00,,"0.0",2,"Moto/Ciclomotor,Moto/Ciclomotor","BELGRANO Y LOS INMIGRANTES",2,2,0,0,0,0,0,,"Calle",,"ANGEL GALLARDO","La Capital","Ripio","Natural","I","Dentro","Urbana","Ninguna","No existe","Intersección","Bueno","Reducida","Diurna","Lluvia","Lateral","S/D","Colisión","Agua","S/D","Ninguna","Sin restricción"
2017,6605,12/11/2017,"Lunes",0,14:05:00,,"0.0",1,"Otros","Padre Genesio Y Alvear",1,0,0,0,0,0,1,,"Calle",,"SANTA FE","La Capital","Arena","Natural","I","S/D","Urbana","S/D","No existe","Intersección","Otro","S/D","S/D","Otro","Otro","S/D","Colisión","Otro","Faltante","S/D","Sin restricción"
2017,6606,12/9/2017,"Sabado",0,19:50:00,,"0.0",1,"Moto/Ciclomotor","Reg 12 de Infanteria Y Tacuari",1,1,0,0,0,0,0,,"Calle",,"SANTA FE","La Capital","S/D","S/D","I","S/D","Urbana","Otra Señal","No existe","Intersección","Otro","S/D","S/D","Otro","Otro","S/D","Otro","S/D","S/D","Ninguna","Sin restricción"
2017,6607,12/21/2017,"Jueves",0,18:50:00,"Ruta Provincial 5","0.0",2,"Peatón,Pickup/Utilitario","Ruta pcial 2 Av San Martin ",2,1,0,0,1,0,0,,"Ruta",5,"MONTE VERA","La Capital","Hormigón","S/D","I","S/D","Rural","S/D","S/D","Otro","S/D","S/D","S/D","Buen Tiempo","S/D","Peatón","Atropello","S/D","S/D","S/D","S/D"
2017,6608,12/10/2017,"Domingo",0,17:15:00,,"0.0",2,"Pickup/Utilitario,Automóvil","Reg 12 de Infanteria Y Tacuari",4,4,0,0,0,0,0,"-31.602305555556,-60.674083333333","Calle",,"SANTA FE","La Capital","S/D","No existe","I","S/D","Urbana","Ninguna","No existe","Intersección","Otro","Reducida","Nocturna","Otro","Otro","S/D","Colisión","Otro","Faltante","Ninguna","Sin restricción"
2017,6609,12/25/2017,"Lunes",0,7:10:00,"Ruta Provincial 5","0.0",2,"Automóvil,Automóvil","Ruta pcial 2 Av San Martin ",2,2,0,0,0,0,0,,"Ruta",5,"MONTE VERA","La Capital","Hormigón","No existe","I","Fuera","Rural","Ninguna","No existe","Recta","Bueno","Buena","Amanecer,Con luz artificial","Buen Tiempo","De alcance","S/D","Colisión","Ninguna","S/D","Línea divisoria pintada","Sin restricción"
2017,6610,12/1/2017,"Viernes",0,14:00:00,,"0.0",2,"Automóvil,Moto/Ciclomotor","Mitre Y Pje Koch",2,2,0,0,0,0,0,"-31.604777777778,-60.681416666667","Calle",,"SANTA FE","La Capital","S/D","Pavimento","I","S/D","Urbana","Ninguna","No existe","Intersección","Otro","Reducida","Diurna","Otro","Otro","S/D","Colisión","Otro","Faltante","Ninguna","Sin restricción"
2017,6611,12/2/2017,"Sabado",0,12:30:00,"Ruta Provincial 2","23.0",1,"Pickup/Utilitario"," ",1,0,1,0,0,0,0,,"Ruta",2,"ARROYO AGUIAR","La Capital","Hormigón","Natural","I","S/D","Rural","Ninguna","No existe","Recta","Resbaladiza","Buena","Diurna","Lluvia","Otro","S/D","Despiste","Agua,Fluidos","Faltante","Línea divisoria pintada","Sin restricción"
2017,6612,12/1/2017,"Viernes",0,21:40:00,,"0.0",2,"Moto/Ciclomotor,Automóvil","Angel Cassanello Y Tacuari",2,2,0,0,0,0,0,"-31.613055555556,-60.677","S/D",,"SANTA FE","La Capital","S/D","No existe","I","S/D","S/D","Otra Señal","No existe","Intersección","Otro","Buena","Diurna","Otro","Otro","S/D","Colisión","Otro","Faltante","Ninguna","Sin restricción"
2017,6613,12/15/2017,"Viernes",0,16:20:00,"Ruta Nacional 11","0.0",2,"Camión c / Acoplado,Pickup/Utilitario","Ruta Nac 11 Y Aromos",5,1,0,0,4,0,0,,"Ruta",11,"SAUCE VIEJO","La Capital","Ripio","Ripio","I","S/D","Urbana","Ninguna","No existe","Intersección","Bueno","Buena","Diurna","Buen Tiempo","Lateral","S/D","Colisión","Ninguna","Faltante","Línea divisoria pintada","Accidente Previo"
2017,6614,12/5/2017,"Martes",0,6:50:00,,"0.0",2,"Automóvil,Automóvil","Av Gral Paz Y Pavon",2,2,0,0,0,0,0,"-31.600388888889,-60.674083333333","Calle",,"SANTA FE","La Capital","Asfalto","No existe","I","S/D","Urbana","Ninguna","No existe","Intersección","Otro","Reducida","Con luz artificial","Otro","Otro","S/D","Colisión","Otro","Faltante","Ninguna","Sin restricción"
2017,6615,12/8/2017,"Viernes",0,19:00:00,,"0.0",2,"Moto/Ciclomotor,Automóvil","Las Heras Y Pavon",3,3,0,0,0,0,0,"-31.597583333333,-60.686111111111","Calle",,"SANTA FE","La Capital","S/D","Pavimento","I","S/D","Urbana","Ninguna","No existe","Intersección","Otro","Buena","Con luz artificial","Otro","Otro","S/D","Colisión","Otro","Faltante","Ninguna","Sin restricción"
2017,6616,12/12/2017,"Martes",0,19:30:00,,"0.0",2,"Automóvil,Bicicleta","Obispo Principe ",2,2,0,0,0,0,0,,"Calle",,"SANTA FE","La Capital","S/D","No existe","I","S/D","Urbana","Otra Señal","No existe","Intersección","Otro","Reducida","Diurna","Otro","Otro","Ciclista","Atropello","Otro","Faltante","Ninguna","Sin restricción"
2017,6617,12/1/2017,"Viernes",1,7:00:00,"Ruta Nacional 11","494.0",1,"Moto/Ciclomotor","Ruta Nacional 11 ",2,1,1,0,0,0,0,,"Ruta",11,"CANDIOTI","La Capital","Asfalto","Ripio","I","Dentro","Urbana","Ninguna","No existe","Curva","Bueno","Buena","Diurna","Buen Tiempo","Contra objeto fijo","S/D","Caída ocupante","Ninguna","Horizontal,Vertical","Línea divisoria pintada","Sin restricción"
2017,6618,12/1/2017,"Viernes",0,19:10:00,"Ruta Provincial 1","4.0",2,"Automóvil,Peatón"," ",2,1,0,0,1,0,0,,"Ruta",1,"COLASTINE","La Capital","Asfalto","Natural","I","Dentro","Urbana","Semáforo","Funciona","Recta","Bueno","Buena","Nocturna","Buen Tiempo","Otro","Peatón","Atropello","S/D","Horizontal","Línea divisoria pintada","Sin restricción"
2017,6619,12/1/2017,"Viernes",1,,,"0.0",2,"Camión c / Acoplado,Automóvil"," ",2,1,0,0,1,0,0,,"S/D",,"NELSON","La Capital","S/D","S/D","I","S/D","S/D","S/D","S/D","S/D","S/D","S/D","S/D","S/D","S/D","S/D","S/D","S/D","S/D","S/D","S/D"
2017,6620,12/4/2017,"Lunes",0,14:35:00,"Ruta Provincial 1","0.0",2,"Transporte Escolar,Otros"," ",4,2,0,0,1,0,1,,"Ruta",1,"COLASTINE","La Capital","Asfalto","S/D","I","S/D","Urbana","Ninguna","No existe","Recta","Bueno","Buena","Diurna","Buen Tiempo","Lateral","S/D","Colisión","Ninguna","Horizontal","Línea divisoria pintada","Sin restricción"
2017,6621,9/23/2017,"Sabado",0,22:00:00,,"0.0",2,"Moto/Ciclomotor,Automóvil","Av. Battle y Ordoñez Y Buenos Aires",3,2,0,0,1,0,0,,"Avenida",,"ROSARIO","Rosario","Asfalto","No existe","II","Dentro","Urbana","Ninguna","No existe","Intersección","Bueno","Buena","Nocturna,Con luz artificial","Buen Tiempo","De alcance","S/D","Colisión","Ninguna","Faltante","Ninguna","Sin restricción"
2017,6622,9/23/2017,"Sabado",0,19:30:00,,"0.0",2,"Moto/Ciclomotor,Automóvil","Bv. Oroño Y Av. Circunvalacion",2,1,0,0,1,0,0,,"Calle",,"ROSARIO","Rosario","Asfalto","No existe","II","Dentro","Urbana","Ninguna","No existe","Intersección","Bueno","Buena","Atardecer","Buen Tiempo","Lateral","S/D","Colisión","Ninguna","Faltante","Ninguna","Sin restricción"
2017,6623,9/3/2017,"Domingo",0,6:50:00,,"0.0",1,"Taxi/Remis","L.N.Alem Y Centeno",3,1,2,0,0,0,0,,"S/D",,"ROSARIO","Rosario","Asfalto","No existe","II","S/D","Urbana","Ninguna","No existe","Recta","Bueno","Buena","Amanecer","Buen Tiempo","Contra objeto fijo","S/D","Colisión","Ninguna","Faltante","Ninguna","Sin restricción"
2017,6624,8/31/2017,"Jueves",0,23:00:00,,"0.0",2,"Automóvil,Moto/Ciclomotor","Av. Battle y Ordoñez Y Buenos Aires",3,1,1,0,1,0,0,,"Avenida",,"ROSARIO","Rosario","Asfalto","No existe","II","Dentro","Urbana","Ninguna","No existe","Intersección","Bueno","Buena","Nocturna","Buen Tiempo","Lateral","S/D","Colisión","Ninguna","Faltante","Barrera de hormigón","Sin restricción"
2017,6625,9/12/2017,"Martes",0,20:00:00,,"0.0",2,"Moto/Ciclomotor,Automóvil","1 de Mayo Y Ocampo",2,1,0,0,1,0,0,,"Calle",,"ROSARIO","Rosario","Asfalto","No existe","II","Dentro","Urbana","S/D","No existe","Intersección","Bueno","Buena","Nocturna,Con luz artificial","Buen Tiempo","Lateral","S/D","Colisión","Ninguna","Faltante","Ninguna","Sin restricción"
2017,6626,9/28/2017,"Jueves",0,14:10:00,,"0.0",2,"Automóvil,Peatón","Av. Arijon Y Entre Rios",2,1,0,0,1,0,0,,"Avenida",,"ROSARIO","Rosario","Asfalto","No existe","II","Dentro","Urbana","Semáforo","Funciona","Intersección","Bueno","Buena","Diurna","Lluvia","S/D","Peatón","Atropello","Ninguna","Faltante","Ninguna","Sin restricción"
2017,6627,9/20/2017,"Miercoles",0,10:45:00,,"0.0",2,"Moto/Ciclomotor,Transporte de Pasajeros Urbano (> 8 asientos)","Cereseto Y Av. Circunvalacion",2,1,0,0,1,0,0,,"Calle",,"ROSARIO","Rosario","Asfalto","No existe","II","Dentro","Urbana","Ninguna","No existe","Intersección","Bueno","Buena","Diurna","Buen Tiempo","Lateral","S/D","Colisión","Ninguna","S/D","Ninguna","Sin restricción"
2017,6628,9/22/2017,"Viernes",0,22:00:00,,"0.0",2,"Automóvil,Moto/Ciclomotor","Mitre Y Av. Arijon",2,1,0,0,1,0,0,,"Avenida",,"ROSARIO","Rosario","Asfalto","No existe","II","Dentro","Urbana","Ninguna","No existe","Intersección","Bueno","Buena","Nocturna","Buen Tiempo","Lateral","S/D","Colisión","Ninguna","Faltante","Ninguna","Sin restricción"
2017,6629,9/19/2017,"Martes",0,14:30:00,,"0.0",3,"Automóvil,Automóvil,Automóvil","Buenos Aires Y Cerrito",4,1,0,0,3,0,0,,"Calle",,"ROSARIO","Rosario","Asfalto","No existe","II","Dentro","Urbana","Semáforo","S/D","Intersección","Bueno","Buena","Diurna","Buen Tiempo","Múltiple","S/D","Colisión","Ninguna","Horizontal,Vertical","Línea divisoria pintada","Sin restricción"
2017,6630,9/3/2017,"Domingo",0,16:00:00,,"0.0",2,"Moto/Ciclomotor,Automóvil","Bv. Oroño Y Sanchez de Bustamante",3,2,0,0,1,0,0,,"Avenida",,"ROSARIO","Rosario","Asfalto","No existe","II","Dentro","Urbana","Semáforo","Funciona","Recta","Bueno","Buena","Diurna","Buen Tiempo","Lateral","S/D","Colisión","Ninguna","Vertical","Cordón divisorio","Sin restricción"
2017,6631,8/31/2017,"Jueves",0,15:15:00,,"0.0",2,"Moto/Ciclomotor,Automóvil","Buenos Aires Y Alzugaray",2,1,0,0,1,0,0,,"Calle",,"ROSARIO","Rosario","Asfalto","S/D","II","Dentro","Urbana","Ninguna","No existe","Intersección","Bueno","Buena","Diurna","Otro","Otro","S/D","Colisión","Ninguna","Horizontal","Ninguna","Sin restricción"
2017,6632,9/4/2017,"Lunes",0,9:00:00,,"0.0",2,"Moto/Ciclomotor,Automóvil","Av. Corrientes Y Viamonte",2,1,0,0,1,0,0,,"Calle",,"ROSARIO","Rosario","Asfalto","No existe","II","Dentro","Urbana","Señal Pare","No existe","Intersección","Bueno","Buena","Diurna","Buen Tiempo","Lateral","S/D","Colisión","Ninguna","Vertical","Ninguna","Sin restricción"
2017,6633,9/3/2017,"Domingo",0,11:35:00,,"0.0",2,"Moto/Ciclomotor,Automóvil","Av. Battle y Ordoñez 900",4,1,0,0,3,0,0,,"Avenida",,"ROSARIO","Rosario","Asfalto","No existe","II","Dentro","Urbana","Ninguna","Funciona","Recta","Bueno","Buena","Diurna","Otro","Otro","S/D","Colisión","Ninguna","Vertical","Línea divisoria pintada","Sin restricción"
2017,6634,9/4/2017,"Lunes",0,21:10:00,,"0.0",2,"Moto/Ciclomotor,Automóvil","Av. Ovidio Lagos Y Rueda",2,1,0,0,1,0,0,,"Avenida",,"ROSARIO","Rosario","Asfalto","No existe","II","Dentro","Urbana","Semáforo","Funciona","Intersección","Bueno","Buena","Nocturna,Con luz artificial","Buen Tiempo","Lateral","S/D","Colisión","Ninguna","Vertical","Cordón divisorio","Sin restricción"
2017,6635,9/5/2017,"Martes",0,13:30:00,,"0.0",2,"Automóvil,Automóvil","Rodriguez Y Av. Ntra.Sra.del Rosario",2,1,0,0,1,0,0,,"Calle",,"ROSARIO","Rosario","Asfalto","No existe","II","Dentro","Urbana","Ninguna","No existe","Distribuidor","Bueno","Buena","Diurna","Buen Tiempo","Lateral","S/D","Colisión","Ninguna","Faltante","Ninguna","Sin restricción"
2017,6636,9/9/2017,"Sabado",0,0:20:00,,"0.0",2,"Automóvil,Automóvil","San Martin Y Av. Circunvalacion",2,1,0,0,1,0,0,,"Avenida",,"ROSARIO","Rosario","Asfalto","No existe","II","Dentro","Urbana","Semáforo","Intermitente","Recta","Bueno","Reducida","Nocturna","Otro","S/D","S/D","Colisión","Ninguna","Vertical","Ninguna","Sin restricción"
2017,6637,9/7/2017,"Jueves",0,11:35:00,,"0.0",2,"Moto/Ciclomotor,Automóvil","Bv. Oroño Y Av. Lugones",2,1,0,0,1,0,0,,"Avenida",,"ROSARIO","Rosario","Asfalto","No existe","II","Dentro","Urbana","Ninguna","No existe","Intersección","Bueno","Buena","Diurna","Buen Tiempo","Lateral","S/D","Colisión","Ninguna","Faltante","S/D","Sin restricción"