"anio_acci","nro_acci","fecha","desc_dia","fecha_aprox","hora_aprox","desc_ruta","km","cant_participantes","desc_participante","calle_avenida_km","total","heridos_leves","heridos_graves","heridos_gravisimos","ilesos","fallecidos","sin_datos","posicion_XY","desc_tipo_via","desc_ruta_ori","desc_loc","desc_dpto","desc_tipo_calzada","desc_tipo_banquina","desc_unidad_regional","desc_lugar_calzada","desc_zona","desc_prioridad","desc_estado_semaforo","desc_lugar_via","desc_estado_via","desc_estado_visibilidad","desc_luminosidad","desc_estado_clima","desc_tipo_colision","desc_tipo_atropello","desc_tipo_hecho","desc_pres_calzada","desc_senializacion","desc_separacion_via","desc_restriccion"
2017,6638,9/24/2017,"Domingo",0,20:20:00,,"0.0",3,"Moto/Ciclomotor,Pickup/Utilitario,Automóvil","San Martin Y Av. Circunvalacion",4,2,0,0,2,0,0,,"Avenida",,"ROSARIO","Rosario","Asfalto","No existe","II","Dentro","Urbana","Semáforo","Funciona","Recta","Bueno","Buena","Nocturna","Otro","Otro","S/D","Colisión","Ninguna","Vertical","Línea divisoria pintada","Sin restricción"
2017,6639,9/7/2017,"Jueves",0,12:25:00,,"0.0",2,"Moto/Ciclomotor,Pickup/Utilitario","Mitre Y La Paz",2,1,0,0,1,0,0,,"Calle",,"ROSARIO","Rosario","Asfalto","No existe","II","Dentro","Urbana","Ninguna","No existe","Intersección","Bueno","Buena","Diurna","Buen Tiempo","Lateral","S/D","Colisión","Ninguna","Faltante","Ninguna","Sin restricción"
2017,6640,7/24/2017,"Lunes",0,0:05:00,"Autopista Provincial Brigadier E.López","115.0",2,"Camión c / Acoplado,Camión c / Acoplado"," ",4,0,0,0,3,1,0,"-32.224349,-60.9958926","Autopista","Brigadier E.López","CORONDA","San Jerónimo","Asfalto","Pavimento","XV","Dentro","Rural","S/D","No existe","Recta","Bueno","S/D","Nocturna","S/D","S/D","S/D","Colisión","Ninguna","S/D","S/D","Sin restricción"
2017,6641,9/3/2017,"Domingo",0,7:00:00,,"0.0",1,"Moto/Ciclomotor","Reg.11 de Infanteria 2400",2,2,0,0,0,0,0,,"Calle",,"ROSARIO","Rosario","Asfalto","No existe","II","Dentro","Urbana","Ninguna","No existe","Recta","Bueno","Buena","Diurna","Buen Tiempo","S/D","S/D","Caída ocupante","S/D","Faltante","Ninguna","Sin restricción"
2017,6642,8/15/2017,"Martes",0,13:05:00,,"0.0",2,"Moto/Ciclomotor,Automóvil","San Martin Y Ocampo",2,0,1,0,1,0,0,,"Avenida",,"ROSARIO","Rosario","Asfalto","No existe","II","Dentro","Urbana","Ninguna","No existe","Intersección","Bueno","Buena","Diurna","Buen Tiempo","Lateral","S/D","Colisión","Ninguna","Faltante","Ninguna","Sin restricción"
2017,6643,9/9/2017,"Sabado",0,23:45:00,,"0.0",1,"Moto/Ciclomotor","España Y Pje. Peatonal",2,1,0,0,1,0,0,,"Calle",,"ROSARIO","Rosario","Asfalto","No existe","II","Fuera","Urbana","Ninguna","No existe","Recta","Con baches","Reducida","Nocturna,Con luz artificial","Lluvia","Contra objeto fijo","S/D","Colisión","Fluidos","Faltante","Ninguna","Sin restricción"
2017,6644,9/8/2017,"Viernes",0,9:10:00,,"0.0",2,"Moto/Ciclomotor,Automóvil","Av. Pellegrini 1800",2,1,0,0,1,0,0,,"Avenida",,"ROSARIO","Rosario","Asfalto","No existe","II","S/D","Urbana","Semáforo","Funciona","Recta","Bueno","Buena","Diurna","Lluvia","De alcance","S/D","Colisión","Agua","Horizontal,Vertical","Cordón divisorio","Sin restricción"
2017,6645,9/10/2017,"Domingo",0,6:00:00,,"0.0",2,"Automóvil,Otros","España 6700",2,1,0,0,1,0,0,,"Calle",,"ROSARIO","Rosario","Asfalto","No existe","II","Dentro","Urbana","Ninguna","No existe","Intersección","Con baches","Reducida","Amanecer","Lluvia","Lateral","S/D","Colisión","Material Suelto","Faltante","Ninguna","Obra en Construcción,Reparación de Vía"
2017,6646,9/11/2017,"Lunes",0,11:00:00,,"0.0",2,"Peatón,Automóvil","Virasoro 1100",2,1,0,0,1,0,0,,"Calle",,"ROSARIO","Rosario","Asfalto","No existe","II","Dentro","Urbana","S/D","S/D","Recta","Bueno","Buena","Diurna","Buen Tiempo","S/D","Peatón","Atropello","Ninguna","S/D","Ninguna","Sin restricción"
2017,6648,9/11/2017,"Lunes",0,13:10:00,,"0.0",2,"Moto/Ciclomotor,Automóvil","Hilarion de la Quintana Y Pavon",2,1,0,0,1,0,0,,"Calle",,"ROSARIO","Rosario","Asfalto","No existe","II","Dentro","Urbana","Ninguna","No existe","Intersección","Bueno","Buena","Diurna","Buen Tiempo","Lateral","S/D","Colisión","Ninguna","Faltante","Ninguna","Sin restricción"
2017,6649,9/12/2017,"Martes",0,15:20:00,,"0.0",2,"Transporte de Pasajeros Urbano (> 8 asientos),Transporte de Pasajeros Urbano (> 8 asientos)","Pasco Y Sarmiento",8,3,3,0,2,0,0,,"Calle",,"ROSARIO","Rosario","Asfalto","No existe","II","Dentro","Urbana","S/D","S/D","Recta","Bueno","Buena","Diurna","Buen Tiempo","De alcance","S/D","Colisión","Ninguna","S/D","Ninguna","S/D"
2017,6650,9/22/2017,"Viernes",0,8:00:00,,"0.0",2,"Moto/Ciclomotor,Automóvil","España 6700",2,1,0,0,1,0,0,,"Calle",,"ROSARIO","Rosario","Asfalto,Hormigón","Natural","II","Dentro","Urbana","Ninguna","No existe","Intersección","Con baches","Buena","Diurna","Buen Tiempo","Frontal,Lateral","S/D","Colisión","Material Suelto","Faltante","Ninguna","Sin restricción"
2017,6651,7/27/2017,"Jueves",0,1:15:00,"Ruta Nacional 33","755.0",2,"Camión c / Acoplado,Bicicleta","Pres Domingo F Sarmiento ",2,0,0,0,1,1,0,"-33.017105,-61.0382335","Ruta",33,"PUJATO","San Lorenzo","Asfalto","Natural","XVII","Dentro","Urbana","Marca Vial","No existe","Intersección","Bueno","Reducida","Nocturna","Niebla","S/D","Ciclista","Atropello","Ninguna","Faltante","Ninguna","Sin restricción"
2017,6652,9/22/2017,"Viernes",0,16:30:00,,"0.0",2,"Camión Chasis,Moto/Ciclomotor","Av. Circunvalacion Y Bv. Oroño",2,1,0,0,1,0,0,,"Avenida",,"ROSARIO","Rosario","Asfalto","Pavimento","II","S/D","Urbana","Marca Vial","No existe","Recta","Bueno","Buena","Diurna","Buen Tiempo","De alcance","S/D","Colisión","Ninguna","Horizontal,Vertical","Guardarrail","Sin restricción"
2017,6653,9/21/2017,"Jueves",0,20:30:00,,"0.0",2,"Bicicleta,Automóvil","Av. Arijon Y Serrano",2,1,0,0,1,0,0,,"Calle",,"ROSARIO","Rosario","Asfalto","Pavimento","II","S/D","Urbana","Ninguna","No existe","Intersección","S/D","Buena","Nocturna","Buen Tiempo","S/D","Ciclista","Atropello","S/D","Faltante","Ninguna","Sin restricción"
2017,6654,9/14/2017,"Jueves",0,8:15:00,,"0.0",2,"Moto/Ciclomotor,Automóvil","Italia Y Riobamba",2,1,0,0,1,0,0,,"Calle",,"ROSARIO","Rosario","Asfalto","No existe","II","Dentro","Urbana","Señal Pare","No existe","Intersección","Bueno","Buena","Diurna","Buen Tiempo","Lateral","S/D","Colisión","Ninguna","Vertical","Ninguna","Sin restricción"
2017,6655,7/28/2017,"Viernes",0,7:40:00,"Autopista Provincial Brigadier E.López","116.0",2,"Camión c / Acoplado,Pickup/Utilitario"," ",2,0,0,0,1,1,0,"-32.215283, -60.995197","Autopista","Brigadier E.López","CORONDA","San Jerónimo","Asfalto","Pavimento","XV","Dentro","Rural","Ninguna","No existe","Recta","Bueno","Buena","Diurna","Buen Tiempo","S/D","S/D","Colisión","Ninguna","S/D","Vegetación","Sin restricción"
2017,6656,9/2/2017,"Sabado",0,5:50:00,,"0.0",2,"Moto/Ciclomotor,Automóvil","Av. Ovidio Lagos Y Av. Battle y Ordoñez",3,2,0,0,1,0,0,,"Avenida",,"ROSARIO","Rosario","Asfalto","No existe","II","Dentro","Urbana","Semáforo","No funciona","Curva","Bueno","Buena","Nocturna,Con luz artificial","Buen Tiempo","Lateral","S/D","Colisión","Ninguna","Vertical","Cordón divisorio","Sin restricción"
2017,6657,9/16/2017,"Sabado",0,12:45:00,,"0.0",2,"Moto/Ciclomotor,Automóvil","Sarmiento Y Cerrito",3,2,0,0,1,0,0,,"Calle",,"ROSARIO","Rosario","Asfalto","No existe","II","Dentro","Urbana","Ninguna","No existe","Intersección","Bueno","Buena","Diurna","Buen Tiempo","Lateral","S/D","Colisión","Ninguna","Faltante","Ninguna","Sin restricción"
2017,6658,9/2/2017,"Sabado",0,5:45:00,,"0.0",2,"Moto/Ciclomotor,Automóvil","Bv. Avellaneda Y Av. Circunvalacion",2,1,0,0,1,0,0,,"Avenida",,"ROSARIO","Rosario","Asfalto","No existe","II","Dentro","Urbana","Ninguna","No existe","Recta","Bueno","Buena","Nocturna,Con luz artificial","Buen Tiempo","De alcance","S/D","Colisión","Ninguna","Faltante","Guardarrail","Sin restricción"
2017,6659,9/26/2017,"Martes",0,,,"0.0",2,"Automóvil,Moto/Ciclomotor","Colon Y Rueda",3,2,0,0,1,0,0,,"S/D",,"ROSARIO","Rosario","Asfalto","No existe","II","S/D","Urbana","Ninguna","No existe","Intersección","Con baches","Buena","S/D","Buen Tiempo","Lateral","S/D","Colisión","Ninguna","Faltante","Ninguna","Sin restricción"
2017,6661,9/16/2017,"Sabado",0,15:20:00,,"0.0",2,"Moto/Ciclomotor,Automóvil","Av. Corrientes Y Riobamba",2,1,0,0,1,0,0,,"Calle",,"ROSARIO","Rosario","Asfalto","No existe","II","Dentro","Urbana","Señal Pare","No existe","Intersección","Bueno","Buena","Diurna","Buen Tiempo","Lateral","S/D","Colisión","Ninguna","Vertical","Ninguna","Sin restricción"
2017,6662,7/1/2017,"Sabado",0,,,"0.0",2,"Automóvil,Bicicleta","Schweitzer Y Sanchez de Loria",2,0,0,0,1,1,0,"-32.91369158774614, -60.73288556188","Calle",,"ROSARIO","Rosario","Asfalto","No existe","II","Dentro","Urbana","Ninguna","No existe","Intersección","Bueno","S/D","S/D","S/D","S/D","Ciclista","Atropello","Ninguna","Faltante","Ninguna","Sin restricción"
2017,6663,9/11/2017,"Lunes",0,16:00:00,,"0.0",2,"Automóvil,Camión Chasis","Av. Arijon Y Av. Francia",2,1,0,0,1,0,0,,"Avenida",,"ROSARIO","Rosario","Asfalto","No existe","II","Dentro","Urbana","Ninguna","No existe","Intersección","Bueno","Buena","Diurna","Buen Tiempo","Lateral","S/D","Colisión","Ninguna","Horizontal","Cordón divisorio","Sin restricción"
2017,6664,9/17/2017,"Domingo",0,13:05:00,,"0.0",2,"Moto/Ciclomotor,Pickup/Utilitario","España Y Riobamba",2,1,0,0,1,0,0,,"Calle",,"ROSARIO","Rosario","Asfalto","No existe","II","Dentro","Urbana","Ninguna","No existe","Intersección","Bueno","Buena","Diurna","Buen Tiempo","Lateral","S/D","Colisión","Ninguna","Faltante","Ninguna","Sin restricción"
2017,6665,9/18/2017,"Lunes",0,22:05:00,,"0.0",2,"Automóvil,Automóvil","Paraguay Y Galvez",2,1,0,0,1,0,0,,"Calle",,"ROSARIO","Rosario","Asfalto","No existe","II","Dentro","Urbana","S/D","S/D","Intersección","Bueno","Buena","Nocturna,Con luz artificial","Buen Tiempo","Lateral","S/D","Colisión","Ninguna","S/D","Ninguna","Sin restricción"
2017,6666,9/20/2017,"Miercoles",0,11:15:00,,"0.0",2,"Moto/Ciclomotor,Automóvil","Mariano Moreno Y Pasco",3,1,0,0,2,0,0,,"Calle",,"ROSARIO","Rosario","Asfalto","No existe","II","Dentro","Urbana","S/D","No existe","Recta","Bueno","Buena","Diurna","Buen Tiempo","De alcance","S/D","Colisión","S/D","S/D","Ninguna","Sin restricción"
2017,6667,9/20/2017,"Miercoles",0,16:30:00,,"0.0",2,"Bicicleta,Pickup/Utilitario","Av. Ovidio Lagos Y J.M.de Rosas",2,1,0,0,1,0,0,,"Avenida",,"ROSARIO","Rosario","Asfalto","No existe","II","Dentro","Urbana","Semáforo","Funciona","Curva","Deteriorada","Buena","Diurna","Buen Tiempo","S/D","Ciclista","Atropello","Ninguna","Vertical","Guardarrail","Sin restricción"
2017,6668,7/1/2017,"Sabado",0,5:40:00,,"0.0",2,"Moto/Ciclomotor,Pickup/Utilitario","Calle 2 457",2,0,0,0,1,1,0,"-29.116317, -59.664761","Calle",,"AVELLANEDA","General Obligado","Asfalto","No existe","IX","Dentro","Urbana","Ninguna","S/D","Intersección","Bueno","S/D","Amanecer","S/D","S/D","S/D","Colisión","Ninguna","S/D","Ninguna","Sin restricción"
2017,6669,9/20/2017,"Miercoles",0,19:15:00,,"0.0",2,"Moto/Ciclomotor,Taxi/Remis","9 de Julio Y Hipolito Yrigoyen",3,2,0,0,1,0,0,,"Calle",,"SANTA FE","La Capital","Asfalto","No existe","I","S/D","Urbana","Ninguna","No existe","Intersección","Bueno","Buena","Atardecer","Buen Tiempo","Frontal","S/D","Colisión","Ninguna","Vertical","Ninguna","Sin restricción"
2017,6670,9/28/2017,"Jueves",0,20:00:00,,"0.0",2,"Automóvil,Automóvil","Av. Ovidio Lagos Y Camino F.Ruiz",2,1,0,0,1,0,0,"-33.013805555556,-60.678305555556","Avenida",,"ROSARIO","Rosario","Asfalto","Pavimento","II","Dentro","Urbana","Marca Vial","No existe","Intersección","Bueno","Buena","Nocturna,Con luz artificial","Buen Tiempo","De alcance","S/D","Colisión","Ninguna","Horizontal","Cordón divisorio","Sin restricción"
2017,6671,9/24/2017,"Domingo",0,10:00:00,,"0.0",2,"Bicicleta,Automóvil","Bv. Segui Y Pje. Spiro Bis",2,1,0,0,1,0,0,,"S/D",,"ROSARIO","Rosario","Asfalto","No existe","II","S/D","Urbana","Ninguna","No existe","Recta","Otro","Buena","Diurna","Buen Tiempo","S/D","Ciclista","Atropello","S/D","Faltante","Ninguna","Sin restricción"
2017,6672,9/22/2017,"Viernes",0,19:30:00,,"0.0",2,"Moto/Ciclomotor,Automóvil","Bv. Oroño Y Cochabamba",2,1,0,0,1,0,0,,"Avenida",,"ROSARIO","Rosario","Asfalto","No existe","II","Dentro","Urbana","Señal Pare","No existe","Recta","Bueno","Buena","Atardecer,Con luz artificial","Buen Tiempo","Lateral","S/D","Colisión","Ninguna","Vertical","Cordón divisorio","Sin restricción"
2017,6673,9/26/2017,"Martes",0,17:20:00,,"0.0",2,"Pickup/Utilitario,Pickup/Utilitario","San Martin ",2,1,0,0,1,0,0,,"Calle",,"SANTA FE","La Capital","Asfalto","No existe","I","S/D","Urbana","Ninguna","Funciona","Recta","Bueno","Buena","Diurna","Buen Tiempo","S/D","Ciclista","Atropello","Ninguna","Vertical","Ninguna","Sin restricción"
2017,6674,9/18/2017,"Lunes",0,11:00:00,,"0.0",2,"Moto/Ciclomotor,Moto/Ciclomotor","Bv. Avellaneda Y Constitucion",2,2,0,0,0,0,0,,"Avenida",,"ROSARIO","Rosario","Asfalto","No existe","II","S/D","Urbana","Ninguna","No existe","Recta","Bueno","Buena","Diurna","Buen Tiempo","Lateral","S/D","Colisión","Ninguna","Horizontal","Cordón divisorio","Sin restricción"
2017,6675,9/19/2017,"Martes",0,14:10:00,,"0.0",1,"Moto/Ciclomotor","Av. Genova Y Calle 710 Bis",1,1,0,0,0,0,0,,"Calle",,"ROSARIO","Rosario","Asfalto","Pavimento","II","Dentro","Urbana","Ninguna","No existe","Intersección","Bueno","Buena","Diurna","Buen Tiempo","Atropello animal","S/D","Colisión","Ninguna","Faltante","Ninguna","Sin restricción"
2017,6676,9/23/2017,"Sabado",0,13:40:00,,"0.0",2,"Automóvil,Moto/Ciclomotor","Av 27 de Febrero Y Mendoza",2,1,0,0,1,0,0,,"S/D",,"SANTA FE","La Capital","Asfalto","No existe","I","S/D","S/D","Ninguna","Funciona","Intersección","Bueno","Buena","Diurna","Buen Tiempo","Frontal","S/D","Colisión","Ninguna","Vertical","Ninguna","Sin restricción"
2017,6677,9/18/2017,"Lunes",0,8:45:00,,"0.0",2,"Camión c / Acoplado,Moto/Ciclomotor","Av. Ovidio Lagos Y Mr.Ross",2,1,0,0,1,0,0,,"Avenida",,"ROSARIO","Rosario","Asfalto","No existe","II","Dentro","Urbana","Semáforo","Funciona","Intersección","Bueno","Buena","Diurna","Buen Tiempo","S/D","S/D","Colisión","Ninguna","Horizontal","Cordón divisorio","Sin restricción"
2017,6678,9/8/2017,"Viernes",0,10:55:00,,"0.0",2,"Moto/Ciclomotor,Moto/Ciclomotor","Albert Sabin Y Av. Genova",2,2,0,0,0,0,0,,"Avenida",,"ROSARIO","Rosario","Asfalto","No existe","II","Dentro","Urbana","Semáforo","Funciona","Intersección","Bueno","Buena","Diurna","Buen Tiempo","Lateral","S/D","Colisión","Ninguna","Vertical","Cordón divisorio","S/D"
2017,6679,9/28/2017,"Jueves",0,12:47:00,,"0.0",2,"Bicicleta,Automóvil","Tucuman Y 4 de Enero",2,1,0,0,1,0,0,,"Calle",,"SANTA FE","La Capital","Asfalto","No existe","I","S/D","Urbana","Ninguna","No existe","Intersección","Bueno","Buena","Diurna","Buen Tiempo","S/D","Ciclista","Atropello","Ninguna","Vertical","Ninguna","Sin restricción"
2017,6680,9/28/2017,"Jueves",0,17:20:00,,"0.0",2,"Moto/Ciclomotor,Automóvil","Obispo Gelabert Y 1ro de Mayo",2,1,0,0,1,0,0,,"Calle",,"SANTA FE","La Capital","Asfalto","No existe","I","Dentro","Urbana","Ninguna","No existe","Intersección","Bueno","Buena","Diurna","Buen Tiempo","Frontal","S/D","Colisión","Ninguna","Vertical","Ninguna","Sin restricción"
2017,6681,9/18/2017,"Lunes",0,11:30:00,,"0.0",2,"Automóvil,Moto/Ciclomotor","Ayacucho Y Centeno",2,1,0,0,1,0,0,,"Calle",,"ROSARIO","Rosario","Asfalto","No existe","II","S/D","Urbana","Ninguna","No existe","Intersección","Bueno","Buena","Diurna","Buen Tiempo","Lateral","S/D","Colisión","Ninguna","Faltante","Ninguna","Sin restricción"
2017,6682,9/28/2017,"Jueves",0,8:20:00,,"0.0",2,"Automóvil,Moto/Ciclomotor","Mitre Y Bv. Segui",2,1,0,0,1,0,0,,"Calle",,"ROSARIO","Rosario","Asfalto","No existe","II","Dentro","Urbana","Ninguna","No existe","Intersección","Bueno","Buena","Amanecer","Buen Tiempo","Lateral","S/D","Colisión","Ninguna","Faltante","Cordón divisorio","Sin restricción"
2017,6683,9/25/2017,"Lunes",0,23:15:00,,"0.0",2,"Moto/Ciclomotor,Taxi/Remis","9 de Julio Y La Rioja",2,1,0,0,1,0,0,,"Calle",,"SANTA FE","La Capital","Asfalto","No existe","I","S/D","Urbana","Ninguna","No existe","Intersección","Bueno","Buena","Nocturna,Con luz artificial","Buen Tiempo","Frontal","S/D","Colisión","Ninguna","Vertical","Ninguna","Sin restricción"
2017,6684,9/12/2017,"Martes",0,9:10:00,,"0.0",2,"Moto/Ciclomotor,Pickup/Utilitario","Av. Francia Y Bv. Segui",2,1,0,0,1,0,0,,"Avenida",,"ROSARIO","Rosario","Asfalto","No existe","II","Fuera","Urbana","Semáforo","Funciona","Recta","Bueno","Buena","Diurna","Buen Tiempo","Lateral","S/D","Colisión","Ninguna","Horizontal,Vertical","Cordón divisorio","Sin restricción"
2017,6685,9/26/2017,"Martes",0,12:00:00,,"0.0",2,"Pickup/Utilitario,Moto/Ciclomotor","Centeno Y España",2,1,0,0,1,0,0,,"Calle",,"ROSARIO","Rosario","Asfalto","No existe","II","Dentro","Urbana","Ninguna","No existe","Intersección","Bueno","Buena","Diurna","Buen Tiempo","Lateral","S/D","Colisión","S/D","Faltante","Ninguna","Sin restricción"
2017,6686,9/29/2017,"Viernes",0,21:20:00,,"0.0",2,"Bicicleta,Taxi/Remis","25 de Mayo Y Obispo Gelabert",2,1,0,0,1,0,0,,"Avenida",,"SANTA FE","La Capital","Asfalto","No existe","I","Dentro","Urbana","Ninguna","No existe","Intersección","Bueno","Buena","Nocturna,Con luz artificial","Otro","S/D","Ciclista","Atropello","Ninguna","Vertical","Ninguna","Sin restricción"
2017,6687,9/17/2017,"Domingo",0,,,"0.0",2,"Automóvil,Moto/Ciclomotor","L.N.Alem Y Dean Funes",4,2,0,0,2,0,0,,"Calle",,"ROSARIO","Rosario","Asfalto","No existe","II","S/D","Urbana","Ninguna","No existe","Intersección","Bueno","Buena","Diurna","Buen Tiempo","De alcance","S/D","Colisión","Ninguna","Faltante","Ninguna","Sin restricción"
2017,6688,9/21/2017,"Jueves",0,19:45:00,,"0.0",1,"Moto/Ciclomotor","Gaboto Y Callao",1,1,0,0,0,0,0,,"Calle",,"ROSARIO","Rosario","Asfalto","No existe","II","Dentro","Urbana","Ninguna","No existe","Intersección","Bueno","Buena","Atardecer","Buen Tiempo","Contra objeto fijo","S/D","Atropello","S/D","Faltante","S/D","Sin restricción"
2017,6689,9/15/2017,"Viernes",0,19:50:00,,"0.0",3,"Automóvil,Transporte de Pasajeros Urbano (> 8 asientos),Moto/Ciclomotor","Av. Francia Y Av. Uriburu",3,1,0,0,2,0,0,,"Avenida",,"ROSARIO","Rosario","Asfalto","No existe","II","Dentro","Urbana","Semáforo","Funciona","Recta","Bueno","Buena","Nocturna","Buen Tiempo","Lateral","S/D","Colisión","Ninguna","Vertical","Vegetación","Sin restricción"
2017,6690,9/29/2017,"Viernes",0,14:00:00,,"0.0",3,"Peatón,Peatón,Automóvil","9 de Julio Y Moreno",3,1,0,0,2,0,0,,"Calle",,"SANTA FE","La Capital","Asfalto","No existe","I","Dentro","Urbana","Ninguna","No existe","Intersección","Bueno","Buena","Diurna","Buen Tiempo","S/D","Peatón","Atropello","Ninguna","Vertical","Ninguna","Sin restricción"
2017,6691,9/25/2017,"Lunes",0,22:00:00,,"0.0",2,"Moto/Ciclomotor,Bicicleta","San Jeronimo Y Bv Galvez",2,1,0,0,1,0,0,,"Calle",,"SANTA FE","La Capital","Asfalto","No existe","I","S/D","Urbana","Ninguna","Funciona","Intersección","Bueno","Buena","Nocturna","Otro","S/D","Ciclista","Atropello","Ninguna","Vertical","Ninguna","Sin restricción"
2017,6692,9/7/2017,"Jueves",0,10:30:00,,"0.0",2,"Bicicleta,Automóvil","Moreno Y San Jose",2,1,0,0,1,0,0,,"Calle",,"SANTA FE","La Capital","Asfalto","No existe","I","Dentro","Urbana","Ninguna","No existe","Intersección","Con baches","Buena","Diurna","Buen Tiempo","Contra objeto fijo","S/D","Colisión","Ninguna","Faltante","Ninguna","Sin restricción"
2017,6693,9/7/2017,"Jueves",0,20:30:00,,"0.0",2,"Bicicleta,Moto/Ciclomotor","Saavedra Y Constitucion",2,1,1,0,0,0,0,,"Calle",,"ROSARIO","Rosario","Asfalto","No existe","II","S/D","Urbana","Ninguna","No existe","Intersección","Bueno","Buena","Nocturna","Buen Tiempo","S/D","Ciclista","Atropello","Ninguna","Faltante","Ninguna","Sin restricción"
2017,6694,9/4/2017,"Lunes",0,10:15:00,,"0.0",2,"Moto/Ciclomotor,Automóvil","Entre Rios Y San Jose",3,1,0,0,2,0,0,,"Calle",,"SANTA FE","La Capital","Asfalto","No existe","I","Dentro","Urbana","Ninguna","No existe","Intersección","Otro","Buena","Diurna","Buen Tiempo","Lateral","S/D","Colisión","Ninguna","Faltante","Ninguna","Sin restricción"
2017,6695,9/15/2017,"Viernes",0,13:10:00,,"0.0",1,"Transporte de Pasajeros Urbano (> 8 asientos)","San Jeronimo Y Entre Rios",3,1,0,0,2,0,0,,"Calle",,"SANTA FE","La Capital","Asfalto","No existe","I","S/D","Urbana","Ninguna","No existe","Intersección","Bueno","Buena","Diurna","Buen Tiempo","S/D","S/D","Caída ocupante","Ninguna","Vertical","Ninguna","Sin restricción"
2017,6696,9/4/2017,"Lunes",0,20:00:00,,"0.0",2,"Bicicleta,Pickup/Utilitario","Bv. Avellaneda 4900",2,1,0,0,1,0,0,,"Avenida",,"ROSARIO","Rosario","Asfalto","No existe","II","S/D","Urbana","Ninguna","No existe","Recta","Bueno","Buena","Con luz artificial","Buen Tiempo","S/D","Ciclista","Atropello","Ninguna","S/D","Ninguna","Sin restricción"
2017,6697,9/5/2017,"Martes",0,15:10:00,,"0.0",2,"Moto/Ciclomotor,Otros","Dr Zavalla Y Entre Rios",2,1,0,0,0,0,1,,"Calle",,"SANTA FE","La Capital","Asfalto","No existe","I","Dentro","Urbana","Ninguna","No existe","Intersección","Con baches","Buena","Diurna","Buen Tiempo","De alcance","S/D","Colisión","Ninguna","Faltante","Ninguna","Sin restricción"
2017,6698,9/22/2017,"Viernes",0,12:50:00,,"0.0",2,"Moto/Ciclomotor,Camión Chasis","Belgrano Y Av Leandro Alem",2,1,0,0,0,0,1,,"Avenida",,"SANTA FE","La Capital","Asfalto","No existe","I","Dentro","Urbana","Ninguna","Funciona","Intersección","Bueno","Buena","Diurna","Buen Tiempo","Frontal","S/D","Colisión","Ninguna","Vertical","Ninguna","Sin restricción"
2017,6699,9/4/2017,"Lunes",0,21:20:00,,"0.0",2,"Automóvil,Automóvil","Lisandro de la Torre Y Av Freyre",2,1,0,0,1,0,0,,"Calle",,"SANTA FE","La Capital","Asfalto","No existe","I","Dentro","Urbana","Ninguna","Funciona","Intersección","Con baches","Buena","Nocturna","Buen Tiempo","Lateral","S/D","Colisión","Ninguna","Faltante","Ninguna","Sin restricción"
2017,6700,9/14/2017,"Jueves",0,20:20:00,,"0.0",2,"Automóvil,Moto/Ciclomotor","Buenos Aires 3200",2,1,0,0,1,0,0,,"Calle",,"ROSARIO","Rosario","Asfalto","No existe","II","S/D","Urbana","Ninguna","No existe","Intersección","Bueno","Buena","Nocturna","Lluvia","Lateral","S/D","Colisión","Ninguna","Faltante","Ninguna","Sin restricción"
2017,6701,9/7/2017,"Jueves",0,8:15:00,,"0.0",2,"Automóvil,Moto/Ciclomotor","Bv. Avellaneda Y Garay",3,1,1,0,1,0,0,,"Avenida",,"ROSARIO","Rosario","Asfalto","No existe","II","Dentro","Urbana","Ninguna","No existe","Intersección","Bueno","Buena","Diurna","Buen Tiempo","Lateral","S/D","Colisión","Ninguna","Faltante","Cordón divisorio","Sin restricción"
2017,6702,9/15/2017,"Viernes",0,22:00:00,,"0.0",2,"Automóvil,Moto/Ciclomotor","25 de Mayo ",3,2,0,0,1,0,0,,"Avenida",,"SANTA FE","La Capital","Asfalto","No existe","I","S/D","Urbana","Ninguna","Funciona","Intersección","Bueno","Buena","Nocturna","Buen Tiempo","Frontal","S/D","Colisión","Ninguna","Vertical","Ninguna","Sin restricción"
2017,6703,9/2/2017,"Sabado",0,21:20:00,,"0.0",2,"Automóvil,Bicicleta","Juan de Garay Y Av Freyre",2,1,0,0,1,0,0,,"Calle",,"SANTA FE","La Capital","Asfalto","No existe","I","Dentro","Urbana","Ninguna","No existe","Intersección","Otro","Buena","Diurna","Buen Tiempo","S/D","Ciclista","Atropello","Ninguna","Faltante","Ninguna","Sin restricción"