"anio_acci","nro_acci","fecha","desc_dia","fecha_aprox","hora_aprox","desc_ruta","km","cant_participantes","desc_participante","calle_avenida_km","total","heridos_leves","heridos_graves","heridos_gravisimos","ilesos","fallecidos","sin_datos","posicion_XY","desc_tipo_via","desc_ruta_ori","desc_loc","desc_dpto","desc_tipo_calzada","desc_tipo_banquina","desc_unidad_regional","desc_lugar_calzada","desc_zona","desc_prioridad","desc_estado_semaforo","desc_lugar_via","desc_estado_via","desc_estado_visibilidad","desc_luminosidad","desc_estado_clima","desc_tipo_colision","desc_tipo_atropello","desc_tipo_hecho","desc_pres_calzada","desc_senializacion","desc_separacion_via","desc_restriccion"
2017,6704,9/4/2017,"Lunes",0,13:00:00,,"0.0",2,"Moto/Ciclomotor,Moto/Ciclomotor","Av. Ovidio Lagos Y Garibaldi",2,1,0,0,1,0,0,,"Avenida",,"ROSARIO","Rosario","Asfalto","No existe","II","Dentro","Urbana","Ninguna","No existe","Intersección","Bueno","Buena","Diurna","Buen Tiempo","Frontal","S/D","Colisión","Ninguna","Horizontal","Ninguna","Sin restricción"
2017,6705,9/25/2017,"Lunes",0,19:00:00,,"0.0",2,"Moto/Ciclomotor,Automóvil","9 de Julio Y Amenabar",3,1,0,0,2,0,0,,"Calle",,"SANTA FE","La Capital","Asfalto","No existe","I","S/D","Urbana","Ninguna","No existe","Intersección","Bueno","Buena","Atardecer","Buen Tiempo","Frontal","S/D","Colisión","Ninguna","Vertical","Ninguna","Sin restricción"
2017,6706,9/1/2017,"Viernes",0,20:50:00,,"0.0",2,"Moto/Ciclomotor,Automóvil","Saavedra Y Av Gral Lopez",2,1,0,0,1,0,0,,"Avenida",,"SANTA FE","La Capital","Asfalto","No existe","I","Dentro","Urbana","Ninguna","No existe","Intersección","Bueno","Buena","Nocturna","Buen Tiempo","Lateral","S/D","Colisión","Ninguna","Faltante","Ninguna","Sin restricción"
2017,6707,9/11/2017,"Lunes",0,17:30:00,,"0.0",2,"Automóvil,Bicicleta","Gaboto Y Laprida",2,1,0,0,1,0,0,,"Calle",,"ROSARIO","Rosario","Asfalto","No existe","II","Dentro","Urbana","Señal Pare","No existe","Intersección","Bueno","Buena","Diurna","Buen Tiempo","S/D","Ciclista","Atropello","S/D","Horizontal","Ninguna","Sin restricción"
2017,6708,9/4/2017,"Lunes",0,19:15:00,,"0.0",2,"Pickup/Utilitario,Peatón","Pje. Santa Maria 4100",2,1,0,0,1,0,0,,"Calle",,"ROSARIO","Rosario","Asfalto","No existe","II","Fuera","Urbana","Ninguna","No existe","Recta","Bueno","Buena","Nocturna","Buen Tiempo","S/D","Peatón","Atropello","Ninguna","Faltante","S/D","Sin restricción"
2017,6709,9/4/2017,"Lunes",0,17:30:00,,"0.0",2,"Peatón,Pickup/Utilitario","Rivadavia Y Suipacha",2,1,0,0,1,0,0,,"Avenida",,"SANTA FE","La Capital","Asfalto","No existe","I","Dentro","Urbana","Semáforo","Funciona","Intersección","Bueno","Buena","Diurna","Buen Tiempo","S/D","Peatón","Atropello","Ninguna","Horizontal,Vertical","Ninguna","Sin restricción"
2017,6710,9/24/2017,"Domingo",0,1:00:00,,"0.0",2,"Automóvil,Automóvil","Bv. Avellaneda Y Centeno",2,1,0,0,1,0,0,,"Avenida",,"ROSARIO","Rosario","Asfalto","No existe","II","Dentro","Urbana","Ninguna","No existe","Intersección","Bueno","Buena","Con luz artificial","Buen Tiempo","Lateral","S/D","Colisión","Ninguna","S/D","Cordón divisorio","Sin restricción"
2017,6711,9/2/2017,"Sabado",0,16:30:00,,"0.0",2,"Automóvil,Moto/Ciclomotor","Av Urquiza Y Av J J Paso",2,1,0,0,1,0,0,,"Avenida",,"SANTA FE","La Capital","Asfalto","No existe","I","Dentro","Urbana","Ninguna","Funciona","Intersección","Bueno","Buena","Diurna","Buen Tiempo","Lateral","S/D","Colisión","Ninguna","Horizontal,Vertical","Ninguna","Sin restricción"
2017,6712,9/10/2017,"Domingo",0,15:00:00,,"0.0",2,"Moto/Ciclomotor,Transporte de Pasajeros Urbano (> 8 asientos)","Bv. Segui Y 1 de Mayo",3,2,0,0,1,0,0,,"Calle",,"ROSARIO","Rosario","Asfalto","S/D","II","Dentro","Urbana","Ninguna","No existe","Intersección","Bueno","Buena","Diurna","Lluvia","De alcance","S/D","Colisión","S/D","S/D","Cordón divisorio","Sin restricción"
2017,6713,9/23/2017,"Sabado",0,8:50:00,,"0.0",2,"Automóvil,Automóvil","Av. Francia Y Biedma",3,1,0,0,2,0,0,,"Avenida",,"ROSARIO","Rosario","Asfalto","No existe","II","Dentro","Urbana","Ninguna","No existe","Intersección","Deteriorada","Buena","Amanecer","Buen Tiempo","Lateral","S/D","Colisión","Ninguna","Faltante","Cordón divisorio","Reparación de Vía"
2017,6714,9/4/2017,"Lunes",0,20:43:00,,"0.0",2,"Automóvil,Moto/Ciclomotor","1ro de Mayo ",2,1,0,0,1,0,0,,"Avenida",,"SANTA FE","La Capital","Hormigón","No existe","I","Dentro","Urbana","Ninguna","No existe","Intersección","Bueno","Buena","Nocturna","Buen Tiempo","Lateral","S/D","Colisión","Ninguna","Horizontal","Ninguna","Sin restricción"
2017,6715,9/19/2017,"Martes",0,20:40:00,,"0.0",2,"Automóvil,Moto/Ciclomotor","Cafferata Y Dr.Rivas",3,1,1,0,1,0,0,,"Calle",,"ROSARIO","Rosario","Asfalto","No existe","II","Dentro","Urbana","S/D","No existe","Intersección","Bueno","Buena","Nocturna","Buen Tiempo","Lateral","S/D","Colisión","Ninguna","Faltante","Ninguna","Sin restricción"
2017,6716,9/10/2017,"Domingo",0,22:30:00,,"0.0",2,"Automóvil,Moto/Ciclomotor","San Jeronimo Y Lisandro de la Torre",2,1,0,0,1,0,0,,"Calle",,"SANTA FE","La Capital","Asfalto","No existe","I","Dentro","Urbana","Ninguna","No existe","Intersección","Bueno","Buena","Nocturna,Con luz artificial","Buen Tiempo","Lateral","S/D","Colisión","Ninguna","Horizontal","Ninguna","Sin restricción"
2017,6717,9/11/2017,"Lunes",0,12:10:00,,"0.0",2,"Automóvil,Moto/Ciclomotor","Obispo Gelabert Y 25 de Mayo",2,1,0,0,1,0,0,,"Calle",,"SANTA FE","La Capital","Asfalto","No existe","I","Dentro","Urbana","Ninguna","Funciona","Intersección","Bueno","Buena","Diurna","Buen Tiempo","Lateral","S/D","Colisión","Ninguna","Horizontal,Vertical","Ninguna","Sin restricción"
2017,6718,9/11/2017,"Lunes",0,21:34:00,,"0.0",2,"Camión Chasis,Pickup/Utilitario","Av 27 de Febrero Y Lisandro de la Torre",3,1,0,0,2,0,0,,"Avenida",,"SANTA FE","La Capital","Hormigón","No existe","I","Dentro","Urbana","Ninguna","Funciona","Intersección","Bueno","Buena","Nocturna,Con luz artificial","Buen Tiempo","Lateral","S/D","Colisión","Ninguna","Horizontal,Vertical","Ninguna","Sin restricción"
2017,6719,9/14/2017,"Jueves",0,12:50:00,,"0.0",2,"Moto/Ciclomotor,Peatón","Rivadavia Y Pje Falucho",2,1,0,0,1,0,0,,"Avenida",,"SANTA FE","La Capital","Asfalto","No existe","I","S/D","Urbana","Ninguna","No existe","Intersección","Bueno","Buena","Diurna","Buen Tiempo","S/D","Peatón","Atropello","Ninguna","Horizontal","Ninguna","Sin restricción"
2017,6720,9/10/2017,"Domingo",0,,,"0.0",2,"Moto/Ciclomotor,Pickup/Utilitario","Necochea Y 24 De Setiembre",2,1,0,0,1,0,0,,"Calle",,"ROSARIO","Rosario","Asfalto","Ripio","II","S/D","Urbana","Ninguna","No existe","Intersección","Con baches","S/D","S/D","Lluvia","Lateral","S/D","Colisión","Ninguna","S/D","Ninguna","Sin restricción"
2017,6721,7/8/2017,"Sabado",0,,,"0.0",2,"Vehículo Oficial,Vehículo Oficial","Aguero Y Mariano Moreno",4,0,0,0,3,1,0,"-33.739384, -61.975041","Calle",,"VENADO TUERTO","General López","Asfalto","No existe","VIII","Dentro","Urbana","Ninguna","No existe","Intersección","Bueno","S/D","S/D","S/D","S/D","S/D","Colisión","Ninguna","Faltante","Ninguna","Sin restricción"
2017,6722,9/4/2017,"Lunes",0,19:30:00,,"0.0",2,"Pickup/Utilitario,Moto/Ciclomotor","Colon Y Rueda",2,1,0,0,1,0,0,,"Calle",,"ROSARIO","Rosario","Asfalto","No existe","II","S/D","Urbana","Ninguna","No existe","Intersección","Bueno","Buena","Atardecer","Buen Tiempo","Lateral","S/D","Colisión","Ninguna","Horizontal","Ninguna","Sin restricción"
2017,6723,9/26/2017,"Martes",0,12:50:00,,"0.0",2,"Automóvil,Moto/Ciclomotor","San Martin Y 24 De Setiembre",3,2,0,0,1,0,0,,"Calle",,"ROSARIO","Rosario","Asfalto","No existe","II","Dentro","Urbana","Ninguna","No existe","Intersección","Bueno","Buena","Diurna","Buen Tiempo","Lateral","S/D","Colisión","Ninguna","Faltante","Ninguna","Sin restricción"
2017,6724,7/14/2017,"Viernes",0,11:00:00,,"0.0",1,"Automóvil","Bv G L Lhemann 1300",1,0,0,0,0,1,0,"-31.239954, -61.488742","Calle",,"RAFAELA","Castellanos","Asfalto","S/D","V","Dentro","Urbana","S/D","S/D","Recta","S/D","S/D","Diurna","S/D","Contra objeto fijo","S/D","Colisión","S/D","S/D","S/D","S/D"
2017,6725,9/28/2017,"Jueves",0,17:45:00,,"0.0",2,"Automóvil,Moto/Ciclomotor","Saavedra Y Balcarce",3,2,0,0,1,0,0,,"Calle",,"ROSARIO","Rosario","Asfalto","No existe","II","Dentro","Urbana","Ninguna","No existe","Intersección","Bueno","Buena","Diurna","Buen Tiempo","Lateral","S/D","Colisión","Ninguna","Faltante","Ninguna","Sin restricción"
2017,6726,7/15/2017,"Sabado",0,2:50:00,"Ruta Nacional 34","4.0",2,"Bicicleta,Camión","AV CAMINO DE LOS INCAS ",2,0,0,0,1,1,0,"-32.8715132,-60.7565465","Ruta",34,"IBARLUCEA","Rosario","Asfalto,Tierra","Natural","I","Dentro","Rural","Ninguna","No existe","Recta","Bueno","S/D","Nocturna","S/D","S/D","Ciclista","Atropello","Ninguna","Faltante","Ninguna","Sin restricción"
2017,6727,9/17/2017,"Domingo",0,13:05:00,,"0.0",2,"Automóvil,Automóvil","Av. Corrientes Y Cochabamba",4,1,0,0,3,0,0,,"S/D",,"ROSARIO","Rosario","Asfalto","No existe","II","S/D","S/D","Señal Pare","No existe","Intersección","Bueno","Buena","Diurna","Buen Tiempo","Lateral","S/D","Colisión","Ninguna","Vertical","Ninguna","Sin restricción"
2017,6728,7/20/2017,"Jueves",0,19:20:00,,"0.0",2,"Moto/Ciclomotor,Moto/Ciclomotor","Chacabuco Y G Washington",2,0,0,0,1,1,0,"-31.251618, -61.510418","Calle",,"RAFAELA","Castellanos","Asfalto","No existe","V","Dentro","Urbana","Ninguna","No existe","Intersección","Bueno","S/D","Diurna","S/D","S/D","S/D","Colisión","Ninguna","Faltante","Ninguna","Sin restricción"
2017,6729,9/11/2017,"Lunes",0,13:00:00,,"0.0",2,"Moto/Ciclomotor,Peatón","Salta 2900",2,1,0,0,1,0,0,,"Calle",,"SANTA FE","La Capital","Asfalto","No existe","I","Dentro","Urbana","Ninguna","No existe","Recta","Bueno","Buena","Diurna","Buen Tiempo","S/D","Peatón","Atropello","Ninguna","Horizontal","Ninguna","Sin restricción"
2017,6730,9/12/2017,"Martes",0,12:30:00,,"0.0",1,"Transporte de Pasajeros Urbano (> 8 asientos)","Gdor Crespo Y San Luis",2,1,0,0,1,0,0,,"Calle",,"SANTA FE","La Capital","Asfalto","No existe","I","Dentro","Urbana","Ninguna","No existe","Intersección","Bueno","Buena","Diurna","Buen Tiempo","S/D","S/D","Caída ocupante","Ninguna","Horizontal","Ninguna","Sin restricción"
2017,6731,9/13/2017,"Miercoles",0,11:40:00,,"0.0",2,"Pickup/Utilitario,Peatón","Av 27 de Febrero Y Tucuman",2,1,0,0,1,0,0,,"Avenida",,"SANTA FE","La Capital","Hormigón","No existe","I","Dentro","Urbana","Ninguna","No existe","Otro","Bueno","Buena","Diurna","Buen Tiempo","S/D","Peatón","Atropello","Ninguna","Horizontal","Ninguna","Sin restricción"
2017,6732,9/13/2017,"Miercoles",0,12:10:00,,"0.0",1,"Transporte de Pasajeros Urbano (> 8 asientos)","9 de Julio Y La Rioja",2,1,0,0,1,0,0,,"Calle",,"SANTA FE","La Capital","Asfalto","No existe","I","Dentro","Urbana","Ninguna","No existe","Intersección","Bueno","Buena","Diurna","Buen Tiempo","Otro","S/D","Caída ocupante","Ninguna","Horizontal","Ninguna","Sin restricción"
2017,6733,9/16/2017,"Sabado",0,22:55:00,,"0.0",2,"Automóvil,Peatón","Suipacha Y Rivadavia",2,1,0,0,1,0,0,,"Avenida",,"SANTA FE","La Capital","Asfalto","No existe","I","Dentro","Urbana","Ninguna","Funciona","Intersección","Bueno","Buena","Nocturna","Buen Tiempo","S/D","Peatón","Atropello","Ninguna","Horizontal,Vertical","Ninguna","Sin restricción"
2017,6734,9/29/2017,"Viernes",0,19:30:00,,"0.0",2,"Moto/Ciclomotor,Automóvil","Primera Junta Y 4 de Enero",3,1,0,0,2,0,0,,"Calle",,"SANTA FE","La Capital","Asfalto","No existe","I","Dentro","Urbana","Ninguna","No existe","Intersección","Bueno","S/D","Atardecer","Buen Tiempo","Lateral","S/D","Colisión","Ninguna","Horizontal","Ninguna","Sin restricción"
2017,6735,9/16/2017,"Sabado",0,6:00:00,,"0.0",2,"Moto/Ciclomotor,Automóvil","Av Gral Lopez Y Av Urquiza",3,1,1,0,1,0,0,,"Avenida",,"SANTA FE","La Capital","Asfalto","No existe","I","Dentro","Urbana","Ninguna","Funciona","Intersección","Bueno","Buena","Nocturna","Buen Tiempo","Lateral","S/D","Colisión","Ninguna","Horizontal,Vertical","Ninguna","Sin restricción"
2017,6736,11/15/2017,"Miercoles",0,21:30:00,,"0.0",2,"Moto/Ciclomotor,Automóvil","Lamadrid Y J Castelli",3,1,0,0,2,0,0,,"Calle",,"SANTA FE","La Capital","Hormigón","No existe","I","Dentro","Urbana","Ninguna","S/D","Intersección","Bueno","Buena","Nocturna","Buen Tiempo","De alcance","S/D","Atropello","Ninguna","Faltante","Cordón divisorio","Sin restricción"
2017,6737,12/18/2017,"Lunes",0,11:55:00,,"0.0",2,"Bicicleta,Otros","Av Blas Parera Y Don Guanella",3,2,0,0,0,0,1,,"Avenida",,"SANTA FE","La Capital","Hormigón","No existe","I","Dentro","Urbana","Semáforo","Funciona","Intersección","Bueno","Buena","Diurna","Buen Tiempo","Lateral","S/D","Atropello","Ninguna","Faltante","Cordón divisorio","Sin restricción"
2017,6738,12/24/2017,"Domingo",0,14:50:00,"Ruta Provincial 4","15.0",2,"Automóvil,Automóvil","PARAJE MANUCHO, NELSON ",6,4,0,0,1,1,0,"-31.2662217,-60.8262047","Ruta",4,"NELSON","La Capital","Asfalto","Natural","I","Dentro","Rural","Ninguna","No existe","Recta","Bueno","Buena","Diurna","Buen Tiempo","Frontal","S/D","Colisión","Ninguna","Horizontal,Vertical","Línea divisoria pintada","S/D"
2017,6739,12/24/2017,"Domingo",0,17:55:00,,"0.0",1,"Transporte de Pasajeros Urbano (> 8 asientos)","Av Blas Parera Y Estado de Israel",2,1,0,0,1,0,0,,"S/D",,"SANTA FE","La Capital","Hormigón","No existe","I","Dentro","Urbana","Ninguna","No existe","Recta","Bueno","Buena","Diurna","Buen Tiempo","Otro","S/D","Despiste","Ninguna","Faltante","Cordón divisorio","Sin restricción"
2017,6740,12/28/2017,"Jueves",0,5:55:00,,"0.0",2,"Automóvil,Automóvil","Estanislao Zeballos Y Av Peñaloza",4,3,0,0,1,0,0,,"Avenida",,"SANTA FE","La Capital","Asfalto","No existe","I","Dentro","Urbana","Semáforo","Intermitente","Intersección","Bueno","Buena","Amanecer","Buen Tiempo","Lateral","S/D","Colisión","Material Suelto","Faltante","Cordón divisorio","Sin restricción"
2017,6741,12/22/2017,"Viernes",0,18:00:00,"Ruta Provincial 4","0.0",1,"Pickup/Utilitario"," ",2,1,0,0,1,0,0,,"Ruta",4,"NELSON","La Capital","Tierra","Natural","I","S/D","Rural","Ninguna","No existe","Recta","Bueno","S/D","Diurna","Buen Tiempo","Atropello animal,Frontal","S/D","Atropello","Ninguna","S/D","Cordón divisorio,Línea divisoria pintada","Sin restricción"
2017,6742,12/21/2017,"Jueves",0,15:20:00,,"0.0",2,"Otros,Moto/Ciclomotor","Av Blas Parera 6539",2,1,0,0,1,0,0,,"Avenida",,"SANTA FE","La Capital","Asfalto","No existe","I","Dentro","Urbana","Ninguna","Funciona","Recta","Bueno","Reducida","Diurna","Lluvia","Otro","S/D","Colisión","Agua","Faltante","Cordón divisorio","Sin restricción"
2017,6743,12/2/2017,"Sabado",0,3:40:00,"Ruta Nacional 11","508.0",1,"Automóvil"," ",4,3,0,0,1,0,0,"-31.289791,-60.757889","Ruta",11,"NELSON","La Capital","S/D","Natural","I","Fuera","Urbana","Ninguna","No existe","Curva","Bueno","Buena","Nocturna","Buen Tiempo","S/D","S/D","Despiste","Ninguna","Horizontal","Línea divisoria pintada","Sin restricción"
2017,6744,12/21/2017,"Jueves",0,12:20:00,,"0.0",2,"Peatón,Moto/Ciclomotor","Gorriti Y Gdor Luciano Leiva",2,2,0,0,0,0,0,,"Avenida",,"SANTA FE","La Capital","Asfalto","No existe","I","Dentro","Urbana","Ninguna","No existe","Intersección","Resbaladiza","Buena","Diurna","Buen Tiempo","Otro","Peatón","Atropello","Material Suelto","Faltante","Cordón divisorio","Sin restricción"
2017,6745,12/29/2017,"Viernes",0,7:00:00,"Ruta Provincial 70","1.0",2,"Moto/Ciclomotor,Camión Chasis"," ",2,1,0,0,1,0,0,"-31.502995,-60.728122","Ruta",70,"RECREO","La Capital","Asfalto","Natural","I","Dentro","Urbana","Ninguna","No existe","Recta","Bueno","Buena","Diurna","Buen Tiempo","Lateral","S/D","Colisión","Ninguna","S/D","Línea divisoria pintada","Sin restricción"
2017,6746,12/20/2017,"Miercoles",0,12:30:00,,"0.0",2,"Moto/Ciclomotor,Automóvil","French Y Chiclana",4,1,0,0,0,0,3,,"Calle",,"SANTA FE","La Capital","Asfalto,Hormigón","No existe","I","S/D","Urbana","Ninguna","No existe","Intersección","Bueno","Buena","Diurna","Buen Tiempo","Múltiple","S/D","Colisión","Ninguna","Vertical","Ninguna","Sin restricción"
2017,6747,12/5/2017,"Martes",0,16:00:00,,"0.0",2,"Moto/Ciclomotor,Automóvil","Av Mitre Y Belgrano",2,1,0,0,1,0,0,"-31.491016,-60.737840","Avenida",,"RECREO","La Capital","Ripio","No existe","I","Dentro","Urbana","Ninguna","No existe","Intersección","Bueno","Buena","Atardecer","Buen Tiempo","Lateral","S/D","Colisión","Ninguna","Faltante","Ninguna","Sin restricción"
2017,6748,12/5/2017,"Martes",0,17:30:00,,"0.0",2,"Moto/Ciclomotor,Moto/Ciclomotor","Av Peñaloza Y Estanislao Zeballos",2,2,0,0,0,0,0,,"Avenida",,"SANTA FE","La Capital","Hormigón","No existe","I","Dentro","Urbana","Semáforo","Funciona","Intersección","Bueno","Buena","Diurna","Buen Tiempo","Lateral","S/D","Colisión","Ninguna","Horizontal,Vertical","Cordón divisorio,Vegetación","Sin restricción"
2017,6749,12/1/2017,"Viernes",0,19:10:00,"Ruta Nacional 11","0.0",2,"Moto/Ciclomotor,Automóvil","Ruta Nacional 1V011- Juan de Garay  Y Diaz y Clucellas",3,2,0,0,1,0,0,,"Ruta",11,"RECREO","La Capital","Asfalto","Ripio","I","S/D","Urbana","Ninguna","No existe","Intersección","Bueno","Buena","Atardecer","Buen Tiempo","Lateral","S/D","Colisión","Ninguna","Horizontal","Línea divisoria pintada","Sin restricción"
2017,6750,12/23/2017,"Sabado",1,13:00:00,,"0.0",2,"Automóvil,Moto/Ciclomotor","J Castelli Y Lamadrid",2,1,0,0,1,0,0,,"Calle",,"SANTA FE","La Capital","Asfalto","No existe","I","S/D","Urbana","Ninguna","No existe","Intersección","Bueno","Buena","Diurna","Buen Tiempo","Otro","S/D","Colisión","Ninguna","Faltante","Ninguna","Sin restricción"
2017,6751,12/14/2017,"Jueves",0,7:00:00,,"0.0",2,"Moto/Ciclomotor,Bicicleta","Av Peñaloza Y Estanislao Zeballos",2,2,0,0,0,0,0,,"S/D",,"SANTA FE","La Capital","Asfalto","Pavimento","I","S/D","Urbana","Semáforo","Funciona","Recta","Bueno","Buena","Diurna","Buen Tiempo","S/D","Ciclista","Atropello","Ninguna","Horizontal","Barrera de hormigón","Sin restricción"
2017,6752,12/4/2017,"Lunes",0,19:30:00,"Ruta Nacional 11","0.0",2,"Moto/Ciclomotor,Automóvil","Ruta Nacional 1V011- Juan de Garay  Y Lehman",2,1,0,0,1,0,0,"-31.490544,-60.729529","Ruta",11,"RECREO","La Capital","Asfalto","Ripio","I","S/D","Urbana","Ninguna","No existe","Curva","Bueno","Buena","Atardecer","Buen Tiempo","Lateral","S/D","Colisión","Ninguna","Horizontal","Línea divisoria pintada","Sin restricción"
2017,6753,12/10/2017,"Domingo",0,18:50:00,,"0.0",2,"Moto/Ciclomotor,Automóvil","J Castelli Y Av Peñaloza",2,1,0,0,0,0,1,,"Avenida",,"SANTA FE","La Capital","Asfalto","Pavimento","I","S/D","Urbana","Semáforo","Funciona","Recta","Bueno","Buena","Diurna","Buen Tiempo","S/D","S/D","Colisión","Ninguna","S/D","Barrera de hormigón","Sin restricción"
2017,6754,12/19/2017,"Martes",0,21:30:00,,"0.0",2,"Moto/Ciclomotor,Automóvil","J Castelli Y Av Peñaloza",2,1,0,0,0,0,1,,"Avenida",,"SANTA FE","La Capital","Asfalto","S/D","I","S/D","Urbana","Semáforo","S/D","Recta","Bueno","S/D","S/D","Buen Tiempo","S/D","S/D","Despiste","Ninguna","Horizontal","S/D","Sin restricción"
2017,6755,12/6/2017,"Miercoles",0,12:40:00,,"0.0",2,"Moto/Ciclomotor,Moto/Ciclomotor","9 DE JULIO Y HEROES DE MALVINAS",3,2,0,0,1,0,0,,"Calle",,"SANTA FE","La Capital","Ripio","No existe","I","Dentro","Urbana","Ninguna","No existe","Recta","Bueno","Buena","Diurna","Buen Tiempo","Lateral","S/D","Colisión","Ninguna","Faltante","Ninguna","Sin restricción"
2017,6756,12/13/2017,"Miercoles",0,12:10:00,,"0.0",2,"Automóvil,Moto/Ciclomotor","Av Blas Parera Y French",5,2,0,0,2,0,1,,"Avenida",,"SANTA FE","La Capital","Hormigón","No existe","I","Dentro","Urbana","Semáforo","Funciona","Intersección","Bueno","Buena","Diurna","Buen Tiempo","Lateral","S/D","Colisión","Ninguna","Horizontal,Vertical","Ninguna","Sin restricción"
2017,6757,12/1/2017,"Viernes",0,,,"0.0",2,"Bicicleta,Pickup/Utilitario","Castañaduy Y Vieytes",2,1,0,0,1,0,0,,"Calle",,"SANTA FE","La Capital","Asfalto","No existe","I","S/D","Urbana","Ninguna","No existe","Recta","Resbaladiza","S/D","Diurna","Buen Tiempo","Otro","Ciclista","Atropello","Material Suelto","Faltante","Cordón divisorio","Sin restricción"
2017,6758,12/16/2017,"Sabado",0,7:10:00,,"0.0",2,"Pickup/Utilitario,Moto/Ciclomotor","Los Aromos Y Heroes de Malvinas",2,1,0,0,1,0,0,"-31.525994,-60.724057","Calle",,"RECREO","La Capital","Tierra","No existe","I","Dentro","Urbana","Ninguna","No existe","Intersección","Deteriorada","Reducida polvo","Amanecer","Buen Tiempo","Lateral","S/D","Colisión","Ninguna","Faltante","Ninguna","Sin restricción"
2017,6759,12/19/2017,"Martes",0,8:30:00,,"0.0",2,"Moto/Ciclomotor,Pickup/Utilitario","J Castelli Y Estrada",2,1,0,0,1,0,0,,"S/D",,"SANTA FE","La Capital","Asfalto","No existe","I","S/D","Urbana","Ninguna","No existe","Recta","Con baches","Buena","Amanecer","Buen Tiempo","Lateral","S/D","Colisión","Material Suelto","Faltante","Cordón divisorio","Sin restricción"
2017,6760,12/22/2017,"Viernes",0,15:50:00,,"0.0",2,"Pickup/Utilitario,Moto/Ciclomotor","Simon de Iriondo Y Santa Fe",2,1,0,0,1,0,0,,"S/D",,"RECREO","La Capital","Ripio","Natural","I","S/D","S/D","Ninguna","No existe","Intersección","Deteriorada","Reducida polvo","Atardecer","Buen Tiempo","Lateral","S/D","Colisión","Ninguna","Faltante","Ninguna","Sin restricción"
2017,6761,12/12/2017,"Martes",0,14:00:00,,"0.0",2,"Moto/Ciclomotor,Automóvil","Hernandarias Y Estrada",3,1,0,0,2,0,0,,"S/D",,"SANTA FE","La Capital","Ripio","No existe","I","S/D","Urbana","Ninguna","No existe","Intersección","Con baches","Buena","Diurna","Buen Tiempo","Lateral","S/D","Colisión","Ninguna","Faltante","Ninguna","Sin restricción"
2017,6762,12/28/2017,"Jueves",0,9:45:00,,"0.0",2,"Automóvil,Moto/Ciclomotor","Av. Francia Y Rueda",2,1,0,0,1,0,0,"-32.966166666667,-60.671611111111","Avenida",,"ROSARIO","Rosario","Asfalto","No existe","II","Dentro","Urbana","Ninguna","No existe","Intersección","Bueno","Buena","Diurna","Buen Tiempo","Frontal","S/D","Colisión","Ninguna","Faltante","Cordón divisorio","Sin restricción"
2017,6763,11/29/2017,"Miercoles",0,12:00:00,,"0.0",2,"Automóvil,Peatón","Av Blas Parera Y Larrea",2,1,0,0,1,0,0,,"Avenida",,"SANTA FE","La Capital","Asfalto","Pavimento","I","S/D","Urbana","Semáforo","Funciona","Recta","Bueno","Buena","Diurna","Buen Tiempo","Otro","Peatón","Aplastamiento,Atropello","Ninguna","Faltante","Ninguna","Sin restricción"
2017,6764,12/22/2017,"Viernes",0,18:35:00,,"0.0",2,"Automóvil,Moto/Ciclomotor","Av. Pte.Peron Y Lima",2,1,0,0,1,0,0,"-32.95825,-60.688277777778","S/D",,"ROSARIO","Rosario","Asfalto","No existe","II","Dentro","Urbana","Ninguna","No existe","Intersección","Bueno","Buena","Atardecer","Buen Tiempo","Lateral","S/D","Colisión","Ninguna","Faltante","Cordón divisorio","Sin restricción"
2017,6765,12/1/2017,"Viernes",0,,,"0.0",1,"Moto/Ciclomotor"," ",1,1,0,0,0,0,0,,"S/D",,"SANTA FE","La Capital","S/D","S/D","I","S/D","S/D","S/D","S/D","S/D","S/D","S/D","S/D","S/D","S/D","S/D","S/D","S/D","S/D","S/D","S/D"
2017,6766,12/1/2017,"Viernes",0,,,"0.0",2,"Automóvil,Moto/Ciclomotor"," ",2,1,0,0,1,0,0,,"S/D",,"SANTA FE","La Capital","S/D","S/D","I","S/D","S/D","S/D","S/D","S/D","S/D","S/D","S/D","S/D","S/D","S/D","S/D","S/D","S/D","S/D","S/D"
2017,6767,12/12/2017,"Martes",0,18:45:00,,"0.0",2,"Moto/Ciclomotor,Automóvil","San Nicolas Y Viamonte",3,2,0,0,1,0,0,"-32.959194444444,-60.677111111111","Calle",,"ROSARIO","Rosario","Asfalto","No existe","II","Dentro","Urbana","Ninguna","No existe","Intersección","Bueno","Buena","Atardecer","Buen Tiempo","Lateral","S/D","Colisión","Ninguna","Faltante","Cordón divisorio","Sin restricción"