"anio_acci","nro_acci","fecha","desc_dia","fecha_aprox","hora_aprox","desc_ruta","km","cant_participantes","desc_participante","calle_avenida_km","total","heridos_leves","heridos_graves","heridos_gravisimos","ilesos","fallecidos","sin_datos","posicion_XY","desc_tipo_via","desc_ruta_ori","desc_loc","desc_dpto","desc_tipo_calzada","desc_tipo_banquina","desc_unidad_regional","desc_lugar_calzada","desc_zona","desc_prioridad","desc_estado_semaforo","desc_lugar_via","desc_estado_via","desc_estado_visibilidad","desc_luminosidad","desc_estado_clima","desc_tipo_colision","desc_tipo_atropello","desc_tipo_hecho","desc_pres_calzada","desc_senializacion","desc_separacion_via","desc_restriccion"
2017,6768,12/1/2017,"Viernes",1,,,"0.0",2,"Moto/Ciclomotor,Automóvil"," ",2,1,0,0,1,0,0,,"S/D",,"SANTA FE","La Capital","S/D","S/D","I","S/D","S/D","S/D","S/D","S/D","S/D","S/D","S/D","S/D","S/D","S/D","S/D","S/D","S/D","S/D","S/D"
2017,6769,12/1/2017,"Viernes",0,9:15:00,,"0.0",2,"Automóvil,Bicicleta","Av Blas Parera Y Espora",2,1,0,0,0,0,1,,"Avenida",,"SANTA FE","La Capital","Asfalto","S/D","I","S/D","Urbana","Ninguna","No existe","Curva","Bueno","Buena","Diurna","Buen Tiempo","De alcance","S/D","Atropello","Ninguna","S/D","Cordón divisorio","Sin restricción"
2017,6770,12/5/2017,"Martes",0,19:00:00,,"0.0",3,"Automóvil,Automóvil,Automóvil","COALUEZ Y AV AVELLANEDA",6,1,0,0,2,0,3,,"S/D",,"ROSARIO","Rosario","Asfalto","No existe","II","Dentro","Urbana","Semáforo","Funciona","Recta","Bueno","Buena","Atardecer","Buen Tiempo","Múltiple","S/D","Colisión","Ninguna","Vertical","Cordón divisorio","Sin restricción"
2017,6771,12/15/2017,"Viernes",0,12:10:00,,"0.0",2,"Moto/Ciclomotor,Moto/Ciclomotor","Av Peñaloza Y Pedro de Vega",2,1,0,0,0,0,1,,"Avenida",,"SANTA FE","La Capital","Hormigón","No existe","I","Dentro","Urbana","Ninguna","No existe","Intersección","Bueno","Buena","Diurna","Buen Tiempo","Lateral","S/D","Colisión","Ninguna","Vertical","Cordón divisorio","Sin restricción"
2017,6772,12/17/2017,"Domingo",0,4:30:00,,"0.0",2,"Automóvil,Moto/Ciclomotor","Av Blas Parera Y Monseñor Rodriguez",3,2,0,0,1,0,0,,"Avenida",,"SANTA FE","La Capital","Asfalto","Natural","I","S/D","Urbana","Semáforo","Intermitente","Intersección","Bueno","Buena","Nocturna","Buen Tiempo","S/D","S/D","Colisión","Otro","Vertical","Guardarrail","Sin restricción"
2017,6773,12/17/2017,"Domingo",0,12:15:00,,"0.0",2,"Moto/Ciclomotor,Automóvil","Bv. Segui Y F.More",2,1,0,0,1,0,0,"-32.970527777778,-60.692611111111","Calle",,"ROSARIO","Rosario","Asfalto","No existe","II","Dentro","Urbana","Semáforo","Funciona","Intersección","Otro","Buena","Diurna","Buen Tiempo","Lateral","S/D","Colisión","Ninguna","Vertical","Ninguna","Sin restricción"
2017,6774,12/1/2017,"Viernes",0,15:20:00,,"0.0",1,"Moto/Ciclomotor","Pedro Espinosa Y Carlos Eduardo Carranza",1,1,0,0,0,0,0,,"Calle",,"SANTA FE","La Capital","Tierra","Natural","I","S/D","Urbana","Ninguna","No existe","Recta","Ahuellamiento","Buena","Diurna","Buen Tiempo","Otro","S/D","Caída ocupante","Otro","Faltante","Ninguna","Sin restricción"
2017,6775,12/24/2017,"Domingo",0,12:35:00,,"0.0",2,"Automóvil,Moto/Ciclomotor","Tte.Agneta Y Amenabar",2,1,0,0,1,0,0,"-32.963611111111,-60.698944444444","Calle",,"ROSARIO","Rosario","Asfalto","No existe","II","S/D","Urbana","S/D","No existe","Recta","Bueno","S/D","Diurna","Buen Tiempo","S/D","S/D","Colisión","S/D","S/D","S/D","Sin restricción"
2017,6776,9/19/2017,"Martes",0,16:45:00,,"0.0",2,"Moto/Ciclomotor,Automóvil","San Jeronimo Y Salta",2,1,0,0,1,0,0,,"Calle",,"SANTA FE","La Capital","Asfalto","No existe","I","S/D","Urbana","Ninguna","No existe","Intersección","Bueno","Buena","Diurna","Buen Tiempo","Frontal","S/D","Colisión","Ninguna","Vertical","Ninguna","Sin restricción"
2017,6778,9/23/2017,"Sabado",0,19:15:00,,"0.0",2,"Moto/Ciclomotor,Pickup/Utilitario","Rivadavia Y Hipolito Yrigoyen",2,1,0,0,1,0,0,,"Calle",,"SANTA FE","La Capital","Asfalto","No existe","I","S/D","Urbana","Ninguna","Funciona","Intersección","Bueno","Buena","Atardecer,Con luz artificial","Buen Tiempo","Frontal","S/D","Colisión","Ninguna","Vertical","Ninguna","Sin restricción"
2017,6779,9/3/2017,"Domingo",0,18:25:00,"Ruta Provincial 18","7.0",2,"Moto/Ciclomotor,Automóvil"," ",4,1,0,0,3,0,0,,"Ruta",18,"PIÑERO","Rosario","Asfalto","Natural","II","Dentro","Rural","Ninguna","No existe","Recta","Bueno","Buena","Atardecer","Buen Tiempo","Lateral","S/D","Colisión","Ninguna","S/D","Ninguna","Sin restricción"
2017,6780,9/21/2017,"Jueves",0,12:30:00,,"0.0",2,"Automóvil,Moto/Ciclomotor","Obispo Gelabert Y 4 de Enero",2,1,0,0,1,0,0,,"Calle",,"SANTA FE","La Capital","Asfalto","No existe","I","S/D","Urbana","Ninguna","No existe","Intersección","Bueno","Buena","Diurna","Buen Tiempo","Frontal","S/D","Colisión","Ninguna","Horizontal","Ninguna","Sin restricción"
2017,6781,9/11/2017,"Lunes",0,2:00:00,,"0.0",2,"Automóvil,Moto/Ciclomotor","Salvador del Carril Y Las Heras",3,2,0,0,1,0,0,,"Avenida",,"SANTA FE","La Capital","Asfalto","No existe","I","S/D","Urbana","Ninguna","No existe","Intersección","Bueno","Reducida","Nocturna","Buen Tiempo","Lateral","S/D","Colisión","Ninguna","S/D","Ninguna","Sin restricción"
2017,6782,9/11/2017,"Lunes",0,19:20:00,,"0.0",2,"Moto/Ciclomotor,Automóvil","Regis Martinez Y Alvear",2,1,0,0,1,0,0,,"Calle",,"SANTA FE","La Capital","Asfalto","No existe","I","S/D","Urbana","Ninguna","No existe","Intersección","Bueno","Reducida","Atardecer","Buen Tiempo","Lateral","S/D","Colisión","Ninguna","S/D","Ninguna","Sin restricción"
2017,6783,9/15/2017,"Viernes",0,12:00:00,,"0.0",2,"Moto/Ciclomotor,Automóvil","Ricardo Aldao Y Sarmiento",2,1,0,0,1,0,0,,"Calle",,"SANTA FE","La Capital","Asfalto","No existe","I","S/D","Urbana","Ninguna","No existe","Intersección","Bueno","Buena","Diurna","Buen Tiempo","Lateral","S/D","Colisión","Ninguna","S/D","Ninguna","Sin restricción"
2017,6784,9/6/2017,"Miercoles",0,6:00:00,,"0.0",2,"Transporte de Pasajeros Urbano (> 8 asientos),Moto/Ciclomotor"," ",2,1,0,0,1,0,0,,"Calle",,"ALTO VERDE","La Capital","Arena","No existe","I","S/D","Urbana","Ninguna","No existe","Recta","Con baches","Reducida","Amanecer","Buen Tiempo","De alcance","S/D","Colisión","Ninguna","Faltante","Ninguna","Sin restricción"
2017,6785,9/16/2017,"Sabado",0,19:00:00,,"0.0",2,"Moto/Ciclomotor,Automóvil","Gdor Candioti 6700",2,1,0,0,1,0,0,,"Calle",,"SANTA FE","La Capital","Asfalto","No existe","I","S/D","Urbana","Ninguna","No existe","Intersección","Bueno","Buena","Atardecer","Buen Tiempo","Lateral","S/D","Colisión","Ninguna","S/D","Ninguna","Sin restricción"
2017,6786,9/6/2017,"Miercoles",0,18:35:00,"Ruta Provincial 18","6.0",1,"Automóvil"," ",2,2,0,0,0,0,0,,"Ruta",18,"PIÑERO","Rosario","Asfalto","Ripio","II","Fuera","Rural","S/D","No existe","Recta","Bueno","Buena","Atardecer","S/D","S/D","S/D","Despiste","Ninguna","S/D","Ninguna","Sin restricción"
2017,6787,9/18/2017,"Lunes",0,15:30:00,,"0.0",1,"Transporte de Pasajeros Urbano (> 8 asientos)","Guemes Y Ricardo Aldao",2,1,0,0,1,0,0,,"Calle",,"SANTA FE","La Capital","Asfalto","No existe","I","S/D","Urbana","Ninguna","No existe","Intersección","Bueno","Buena","Diurna","Buen Tiempo","S/D","S/D","Caída ocupante","Ninguna","S/D","Ninguna","Sin restricción"
2017,6788,9/22/2017,"Viernes",0,21:40:00,,"0.0",1,"Moto/Ciclomotor","DEMETRIO GOMEZ ",3,3,0,0,0,0,0,,"Calle",,"SANTA FE","La Capital","Asfalto","No existe","I","Dentro","Urbana","Ninguna","No existe","Recta","Bueno","Buena","Nocturna","Buen Tiempo","S/D","S/D","Despiste","Ninguna","Faltante","Ninguna","Sin restricción"
2017,6789,9/22/2017,"Viernes",0,12:25:00,,"0.0",2,"Peatón,Moto/Ciclomotor","Av Gral Lopez 5179",2,2,0,0,0,0,0,,"Avenida",,"SANTA FE","La Capital","Asfalto","No existe","I","S/D","Urbana","Ninguna","No existe","Recta","Bueno","Buena","Diurna","Buen Tiempo","S/D","Peatón","Atropello","Ninguna","Horizontal","Línea divisoria pintada","Sin restricción"
2017,6790,9/28/2017,"Jueves",0,19:30:00,,"0.0",2,"Moto/Ciclomotor,Automóvil","DEMETRIO GOMEZ ",2,1,0,0,1,0,0,,"Calle",,"ALTO VERDE","La Capital","Asfalto","No existe","I","S/D","Urbana","Ninguna","No existe","Curva","Bueno","Buena","Nocturna","Buen Tiempo","Frontal","S/D","Colisión","Ninguna","Faltante","Ninguna","Sin restricción"
2017,6791,9/13/2017,"Miercoles",0,20:00:00,"Ruta Provincial 18","0.0",1,"Moto/Ciclomotor"," ",2,2,0,0,0,0,0,,"Ruta",18,"PIÑERO","Rosario","Asfalto","Natural","II","Fuera","Rural","Señal Pare","Intermitente","Cruce","Bueno","Buena","Nocturna","S/D","S/D","S/D","Caída ocupante","Ninguna","Horizontal,Vertical","Cordón divisorio,Línea divisoria pintada","Sin restricción"
2017,6792,9/22/2017,"Viernes",0,14:00:00,,"0.0",2,"Moto/Ciclomotor,Automóvil","Avellaneda Y J Castelli",2,1,0,0,1,0,0,,"Calle",,"SANTA FE","La Capital","Asfalto","No existe","I","S/D","Urbana","Ninguna","No existe","Intersección","Bueno","Buena","Diurna","Buen Tiempo","Lateral","S/D","Colisión","Ninguna","S/D","Ninguna","Sin restricción"
2017,6793,9/6/2017,"Miercoles",0,20:30:00,,"0.0",2,"Automóvil,Automóvil","Las Heras Y Angel Cassanello",2,1,0,0,1,0,0,,"Calle",,"SANTA FE","La Capital","Asfalto","No existe","I","S/D","Urbana","Ninguna","No existe","Intersección","Bueno","Reducida","Nocturna","Buen Tiempo","Lateral","S/D","Colisión","Ninguna","S/D","Ninguna","Sin restricción"
2017,6794,9/17/2017,"Domingo",0,23:15:00,,"0.0",1,"Moto/Ciclomotor","Av. Pte.Peron Y Av. Circunvalacion",4,2,1,0,0,0,1,,"Avenida",,"ROSARIO","Rosario","Asfalto","S/D","II","S/D","Urbana","S/D","S/D","Recta","Bueno","S/D","Nocturna","S/D","De alcance","S/D","Colisión","S/D","S/D","S/D","S/D"
2017,6795,9/22/2017,"Viernes",0,23:50:00,,"0.0",2,"Moto/Ciclomotor,Moto/Ciclomotor","Guemes Y Derqui",2,2,0,0,0,0,0,,"Calle",,"SANTA FE","La Capital","Asfalto","No existe","I","S/D","Urbana","Ninguna","No existe","Intersección","Bueno","Buena","Nocturna","Buen Tiempo","Lateral","S/D","Colisión","Ninguna","S/D","Ninguna","Sin restricción"
2017,6796,9/24/2017,"Domingo",0,5:15:00,,"0.0",2,"Pickup/Utilitario,Automóvil","Laprida Y Bv Muttis",6,3,0,0,3,0,0,,"Avenida",,"SANTA FE","La Capital","Asfalto","No existe","I","S/D","Urbana","Ninguna","No existe","Recta","Bueno","Reducida","Nocturna","Buen Tiempo","De alcance","S/D","Colisión","Ninguna","Horizontal","Línea divisoria pintada","Sin restricción"
2017,6797,9/16/2017,"Sabado",0,11:30:00,"Ruta Nacional A012","0.0",2,"Automóvil,Automóvil","Ruta Provincial 14 ",3,1,0,0,2,0,0,,"Ruta","A012","PIÑERO","Rosario","Asfalto","Ripio","II","Dentro","Rural","Señal Pare","No existe","Cruce","S/D","Buena","Diurna","Buen Tiempo","Lateral","S/D","Colisión","Ninguna","Vertical","Línea divisoria pintada","Sin restricción"
2017,6798,9/9/2017,"Sabado",0,1:30:00,,"0.0",2,"Camión Chasis,Automóvil","Bv. 27 De Febrero Y Av. Circunvalacion",3,1,0,0,1,0,1,,"Avenida",,"ROSARIO","Rosario","Asfalto","S/D","II","S/D","Urbana","Semáforo","Funciona","Intersección","S/D","S/D","Nocturna","Buen Tiempo","S/D","S/D","S/D","S/D","S/D","Cordón divisorio","S/D"
2017,6799,9/27/2017,"Miercoles",0,14:30:00,,"0.0",2,"Moto/Ciclomotor,Automóvil","Las Heras Y J Castelli",2,1,0,0,1,0,0,,"Calle",,"SANTA FE","La Capital","Asfalto","No existe","I","S/D","Urbana","Ninguna","No existe","Intersección","Bueno","Buena","Diurna","Buen Tiempo","Lateral","S/D","Colisión","Ninguna","S/D","Ninguna","Sin restricción"
2017,6800,9/29/2017,"Viernes",0,11:00:00,,"0.0",2,"Moto/Ciclomotor,Automóvil","Salvador del Carril Y Belgrano",2,1,0,0,1,0,0,,"Avenida",,"SANTA FE","La Capital","Asfalto","No existe","I","S/D","Urbana","Ninguna","No existe","Intersección","Bueno","Reducida","Amanecer","Buen Tiempo","Lateral","S/D","Colisión","Ninguna","S/D","Ninguna","Sin restricción"
2017,6801,9/6/2017,"Miercoles",0,19:40:00,,"0.0",2,"Moto/Ciclomotor,Moto/Ciclomotor","Bertole Y Calle 1724",2,1,1,0,0,0,0,,"Calle",,"ROSARIO","Rosario","Asfalto","S/D","II","Dentro","Urbana","Ninguna","No existe","Recta","Bueno","S/D","Diurna","S/D","S/D","S/D","S/D","S/D","S/D","Ninguna","S/D"
2017,6802,9/30/2017,"Sabado",0,3:45:00,,"0.0",1,"Automóvil","Av Almte Brown Y Pje Calcena",3,2,0,0,1,0,0,,"Avenida",,"SANTA FE","La Capital","Asfalto","No existe","I","S/D","Urbana","Ninguna","No existe","Intersección","Bueno","Reducida","Nocturna","Buen Tiempo","Lateral","S/D","Colisión","Ninguna","S/D","Ninguna","Sin restricción"
2017,6803,9/25/2017,"Lunes",0,5:40:00,"Ruta Provincial 18","4.0",1,"Bicicleta"," ",1,0,1,0,0,0,0,,"Ruta",18,"PIÑERO","Rosario","Asfalto","Natural","II","Dentro","Rural","S/D","No existe","Recta","Bueno","Buena","Amanecer,Con luz artificial","S/D","S/D","S/D","Caída ocupante","Ninguna","S/D","Línea divisoria pintada","Sin restricción"
2017,6804,9/11/2017,"Lunes",0,18:00:00,,"0.0",2,"Automóvil,Moto/Ciclomotor","Av A del Valle Y Risso",2,1,0,0,1,0,0,,"Avenida",,"SANTA FE","La Capital","Asfalto","No existe","I","Dentro","Urbana","S/D","No existe","Intersección","Bueno","Buena","Atardecer","Buen Tiempo","Lateral","S/D","Colisión","Ninguna","Faltante","S/D","S/D"
2017,6805,9/13/2017,"Miercoles",0,21:10:00,,"0.0",1,"Moto/Ciclomotor","Bv. 27 De Febrero Y Fraga",2,2,0,0,0,0,0,,"Avenida",,"ROSARIO","Rosario","Asfalto","Pavimento","II","Dentro","Urbana","S/D","No existe","Recta","Bueno","S/D","Nocturna","S/D","S/D","S/D","S/D","S/D","Faltante","Cordón divisorio","S/D"
2017,6806,9/12/2017,"Martes",0,19:00:00,,"0.0",2,"Automóvil,Moto/Ciclomotor","Av A del Valle Y Javier de la Rosa",2,1,0,0,1,0,0,,"Avenida",,"SANTA FE","La Capital","Asfalto","No existe","I","Dentro","Urbana","S/D","Funciona","Intersección","Bueno","Buena","Atardecer,Con luz artificial","Buen Tiempo","Lateral","S/D","Colisión","S/D","Vertical","S/D","S/D"
2017,6807,9/4/2017,"Lunes",0,23:20:00,,"0.0",2,"Automóvil,Moto/Ciclomotor","Godoy Cruz Y Av. Circunvalacion",3,2,0,0,1,0,0,,"Avenida",,"ROSARIO","Rosario","Asfalto","S/D","II","S/D","Urbana","S/D","S/D","Recta","Bueno","S/D","Nocturna","S/D","S/D","S/D","Colisión","S/D","S/D","S/D","S/D"
2017,6808,9/14/2017,"Jueves",0,13:50:00,,"0.0",1,"Automóvil","J M Zuviria Y Padre Genesio",2,1,0,0,1,0,0,,"Avenida",,"SANTA FE","La Capital","Asfalto","No existe","I","Dentro","Urbana","S/D","No existe","Intersección","Bueno","Buena","Diurna","Buen Tiempo","Lateral","S/D","Colisión","S/D","Faltante","S/D","S/D"
2017,6809,9/18/2017,"Lunes",0,19:00:00,,"0.0",2,"Automóvil,Moto/Ciclomotor","Av A del Valle Y Callejón El Sable",2,1,0,0,1,0,0,,"Avenida",,"SANTA FE","La Capital","Asfalto","No existe","I","Dentro","Urbana","S/D","No existe","Curva","Deteriorada","Buena","Atardecer,Con luz artificial","Buen Tiempo","S/D","S/D","Colisión","S/D","Faltante","S/D","S/D"
2017,6810,9/2/2017,"Sabado",0,22:30:00,,"0.0",2,"Moto/Ciclomotor,Automóvil","Camilo Aldao Y Bv. Segui",2,1,0,0,1,0,0,,"Calle",,"ROSARIO","Rosario","Asfalto","No existe","II","Dentro","Urbana","Ninguna","No existe","Intersección","Bueno","Buena","Nocturna","Buen Tiempo","Lateral","S/D","Colisión","Ninguna","Faltante","Ninguna","Sin restricción"
2017,6811,9/7/2017,"Jueves",0,15:15:00,,"0.0",2,"Pickup/Utilitario,Automóvil","El Chaja Y Hipolito Irigoyen",2,1,0,0,1,0,0,,"Calle",,"PEREZ","Rosario","Tierra","No existe","II","Fuera","Urbana","Ninguna","No existe","Intersección","Deteriorada","Buena","Diurna","Buen Tiempo","Lateral","S/D","Colisión","Ninguna","Faltante","Ninguna","Sin restricción"
2017,6812,9/14/2017,"Jueves",1,20:10:00,,"0.0",2,"Automóvil,Bicicleta","Av Galicia Y Candioti",2,1,0,0,0,0,1,"-31.606555555556,-60.686472222222","Avenida",,"SANTA FE","La Capital","Asfalto","No existe","I","S/D","Urbana","S/D","No existe","Intersección","Deteriorada","S/D","Nocturna","S/D","S/D","Ciclista","Atropello","Otro","Faltante","Ninguna","S/D"
2017,6813,9/20/2017,"Miercoles",0,20:10:00,,"0.0",2,"Automóvil,Otros","Av Facundo Zuviria Y Azcuenaga",2,1,0,0,1,0,0,,"Avenida",,"SANTA FE","La Capital","Asfalto","No existe","I","Dentro","Urbana","S/D","No existe","Intersección","Bueno","Buena","Nocturna,Con luz artificial","Buen Tiempo","Lateral","S/D","Colisión","S/D","Faltante","S/D","S/D"
2017,6814,9/20/2017,"Miercoles",0,10:30:00,,"0.0",2,"Automóvil,Automóvil","Alberti Y Alvear",3,3,0,0,0,0,0,,"Calle",,"SANTA FE","La Capital","Asfalto","No existe","I","S/D","Urbana","Ninguna","No existe","Recta","Otro","Reducida","Diurna","Buen Tiempo","Otro","S/D","Colisión","Ninguna","S/D","Ninguna","Sin restricción"
2017,6815,9/21/2017,"Jueves",0,13:00:00,,"0.0",1,"Moto/Ciclomotor","Gorriti Y San Juan",1,1,0,0,0,0,0,,"Avenida",,"SANTA FE","La Capital","Asfalto,Tierra","S/D","I","Dentro","Urbana","S/D","No existe","Intersección","Resbaladiza","Buena","Diurna","Lluvia","S/D","S/D","Caída ocupante","Agua","Faltante","S/D","S/D"
2017,6816,9/21/2017,"Jueves",0,19:45:00,,"0.0",2,"Automóvil,Moto/Ciclomotor","P.L.Funes Y Pje. Lejarza",2,1,0,0,1,0,0,,"Calle",,"ROSARIO","Rosario","Asfalto","No existe","II","Dentro","Urbana","Ninguna","No existe","Intersección","Bueno","Buena","Atardecer","Otro","Lateral","S/D","Colisión","Ninguna","Faltante","Ninguna","Sin restricción"
2017,6817,9/21/2017,"Jueves",0,16:00:00,,"0.0",2,"Pickup/Utilitario,Automóvil","Mitre Y Alberti",6,6,0,0,0,0,0,,"Calle",,"SANTA FE","La Capital","Asfalto","No existe","I","Dentro","Urbana","Ninguna","No existe","Intersección","Deteriorada","Reducida","Diurna","Otro","Múltiple","S/D","Colisión","Ninguna","Faltante","Ninguna","Sin restricción"
2017,6818,9/3/2017,"Domingo",0,18:30:00,,"0.0",2,"Automóvil,Automóvil","Av A del Valle 1000",2,1,0,0,1,0,0,,"Avenida",,"SANTA FE","La Capital","Asfalto","No existe","I","S/D","Urbana","Ninguna","No existe","Recta","Bueno","Buena","Atardecer","Otro","Contra objeto fijo","S/D","Colisión","Ninguna","Vertical","Ninguna","Sin restricción"
2017,6819,9/18/2017,"Lunes",0,15:30:00,,"0.0",2,"Automóvil,Bicicleta","Solis Y Uruguay",2,1,0,0,0,0,1,,"Calle",,"ROSARIO","Rosario","Asfalto","No existe","II","S/D","Urbana","Ninguna","No existe","Recta","Bueno","Buena","Diurna","Otro","S/D","Ciclista","Atropello","S/D","Faltante","Ninguna","Sin restricción"
2017,6820,7/22/2017,"Sabado",0,12:10:00,,"0.0",1,"Automóvil","Lavalle Y Plumerillo",1,0,0,0,0,1,0,"-31.879206, -61.860027","Calle",,"SAN JORGE","San Martín","Asfalto","No existe","XVIII","Dentro","Urbana","S/D","No existe","Recta","Bueno","S/D","Diurna","S/D","Contra objeto fijo","S/D","Colisión","Ninguna","Faltante","Ninguna","Sin restricción"
2017,6821,9/5/2017,"Martes",0,20:40:00,,"0.0",2,"Pickup/Utilitario,Moto/Ciclomotor","Pellegrini Y Bv Centenario",2,1,0,0,1,0,0,,"Calle",,"ACEBAL","Rosario","Hormigón","No existe","II","Dentro","Urbana","Ninguna","No existe","Intersección","Bueno","Buena","Nocturna,Con luz artificial","Buen Tiempo","Lateral","S/D","Colisión","Ninguna","Faltante","Ninguna","Sin restricción"
2017,6822,9/13/2017,"Miercoles",0,11:20:00,,"0.0",2,"Automóvil,Bicicleta","Garzon Y Amenabar",3,2,0,0,1,0,0,,"Calle",,"ROSARIO","Rosario","Asfalto","S/D","II","S/D","Urbana","S/D","No existe","Recta","S/D","S/D","Diurna","S/D","S/D","Ciclista","Atropello","S/D","Faltante","S/D","S/D"
2017,6823,9/20/2017,"Miercoles",0,17:20:00,,"0.0",2,"Moto/Ciclomotor,Automóvil","Mitre Y Javier de la Rosa",2,1,0,0,0,0,1,,"Calle",,"SANTA FE","La Capital","Asfalto","No existe","I","S/D","Urbana","Ninguna","No existe","Otro","Deteriorada","Buena","Diurna","Buen Tiempo","S/D","S/D","Colisión","Otro","Faltante","Ninguna","Sin restricción"
2017,6824,9/16/2017,"Sabado",0,19:15:00,,"0.0",2,"Automóvil,Moto/Ciclomotor","French Y Alvear",2,1,0,0,1,0,0,,"Calle",,"SANTA FE","La Capital","Asfalto","No existe","I","S/D","Urbana","Ninguna","No existe","Intersección","Con baches","Reducida","Atardecer","Otro","Lateral","S/D","Colisión","Ninguna","Faltante","Ninguna","Sin restricción"
2017,6825,9/17/2017,"Domingo",0,12:00:00,,"0.0",2,"Moto/Ciclomotor,Automóvil","Av. Pellegrini Y Barra",2,1,0,0,1,0,0,,"Avenida",,"ROSARIO","Rosario","Asfalto","No existe","II","Dentro","Urbana","S/D","No existe","Intersección","S/D","S/D","Diurna","S/D","S/D","S/D","Colisión","S/D","Horizontal","Cordón divisorio","S/D"
2017,6826,9/20/2017,"Miercoles",0,13:10:00,,"0.0",2,"Peatón,Automóvil","Azcuenaga 1650",2,1,0,0,1,0,0,,"Calle",,"SANTA FE","La Capital","Asfalto","No existe","I","S/D","Urbana","Ninguna","No existe","Recta","Bueno","Reducida","Diurna","Otro","S/D","Peatón","Atropello","Ninguna","S/D","Ninguna","Sin restricción"
2017,6827,7/23/2017,"Domingo",0,1:15:00,"Ruta Provincial 21","0.0",1,"Transporte de Pasajeros Urbano (> 8 asientos)","Esperanza ",2,0,0,0,1,1,0,"-33.038762, -60.613242","Ruta",21,"VILLA GOBERNADOR GÁLVEZ","Rosario","Asfalto","Natural","II","Dentro","Urbana","Ninguna","No existe","Recta","Bueno","S/D","Nocturna","S/D","S/D","S/D","Caída ocupante","Ninguna","Faltante","Ninguna,S/D","Sin restricción"
2017,6828,9/28/2017,"Jueves",0,,,"0.0",2,"Automóvil,Bicicleta","San Martin Y Colombia",2,1,0,0,1,0,0,,"Calle",,"SOLDINI","Rosario","S/D","S/D","II","Dentro","Urbana","S/D","S/D","Intersección","Bueno","Buena","Diurna","S/D","S/D","Ciclista","Atropello","S/D","S/D","S/D","S/D"
2017,6829,9/1/2017,"Viernes",0,9:30:00,,"0.0",2,"Bicicleta,Automóvil","Gdor Candioti Y Pedro Diaz Colodrero",2,1,0,0,1,0,0,,"Calle",,"SANTA FE","La Capital","Asfalto","No existe","I","S/D","Urbana","Ninguna","No existe","Recta","Bueno","Buena","Diurna","Buen Tiempo","S/D","Ciclista","Atropello","Ninguna","S/D","Ninguna","Sin restricción"
2017,6830,9/16/2017,"Sabado",0,19:15:00,,"0.0",2,"Moto/Ciclomotor,Automóvil","French Y Sarmiento",3,2,0,0,1,0,0,,"Calle",,"SANTA FE","La Capital","Tierra","No existe","I","Dentro","Urbana","Ninguna","No existe","S/D","S/D","S/D","Atardecer","S/D","S/D","S/D","Colisión","S/D","Faltante","Cordón divisorio","S/D"
2017,6831,9/14/2017,"Jueves",0,8:30:00,,"0.0",2,"Moto/Ciclomotor,Automóvil","Av. Eva Peron Y Solis",2,1,0,0,1,0,0,,"Avenida",,"ROSARIO","Rosario","Asfalto","No existe","II","Dentro","Urbana","Semáforo","Funciona","Intersección","S/D","S/D","Diurna","S/D","De alcance","S/D","Colisión","S/D","Vertical","Ninguna","Sin restricción"
2017,6832,9/1/2017,"Viernes",0,15:50:00,,"0.0",2,"Automóvil,Taxi/Remis","Quintana Y Lavalle",3,1,0,0,2,0,0,,"Calle",,"SANTA FE","La Capital","Asfalto","No existe","I","S/D","Urbana","Ninguna","No existe","Intersección","Bueno","Buena","Diurna","Buen Tiempo","Lateral","S/D","Colisión","Ninguna","S/D","Ninguna","Sin restricción"
2017,6833,9/18/2017,"Lunes",0,15:00:00,,"0.0",2,"Moto/Ciclomotor,Camión c / Acoplado","Av A del Valle 8400",2,1,0,0,1,0,0,,"Avenida",,"SANTA FE","La Capital","Asfalto","No existe","I","Dentro","Urbana","Ninguna","No existe","Recta","Bueno","Reducida","Diurna","Otro","Lateral","S/D","Colisión","Ninguna","S/D","Ninguna","Sin restricción"
2017,6834,9/1/2017,"Viernes",0,16:00:00,,"0.0",2,"Moto/Ciclomotor,Automóvil","Matienzo ",3,2,0,0,1,0,0,,"Calle",,"ROSARIO","Rosario","Asfalto","No existe","II","Dentro","Urbana","Ninguna","No existe","Intersección","S/D","S/D","Diurna","S/D","De alcance","S/D","Colisión","S/D","S/D","Ninguna","Sin restricción"
2017,6835,9/26/2017,"Martes",0,22:35:00,,"0.0",2,"Moto/Ciclomotor,Automóvil","Callejon Roca 2500",3,2,0,0,1,0,0,,"Calle",,"SANTA FE","La Capital","Asfalto","No existe","I","Dentro","Urbana","Ninguna","S/D","Recta","Bueno","Reducida","Nocturna,Con luz artificial","Otro","De alcance","S/D","Colisión","Ninguna","Faltante","Ninguna","Sin restricción"