"anio_acci","nro_acci","fecha","desc_dia","fecha_aprox","hora_aprox","desc_ruta","km","cant_participantes","desc_participante","calle_avenida_km","total","heridos_leves","heridos_graves","heridos_gravisimos","ilesos","fallecidos","sin_datos","posicion_XY","desc_tipo_via","desc_ruta_ori","desc_loc","desc_dpto","desc_tipo_calzada","desc_tipo_banquina","desc_unidad_regional","desc_lugar_calzada","desc_zona","desc_prioridad","desc_estado_semaforo","desc_lugar_via","desc_estado_via","desc_estado_visibilidad","desc_luminosidad","desc_estado_clima","desc_tipo_colision","desc_tipo_atropello","desc_tipo_hecho","desc_pres_calzada","desc_senializacion","desc_separacion_via","desc_restriccion"
2017,6836,7/29/2017,"Sabado",0,3:45:00,"Ruta Provincial 40","0.0",1,"Moto/Ciclomotor","Calle 38-Corrientes ",2,1,0,0,0,1,0,"-29.15425211191179, -59.65997010469","Ruta",40,"RECONQUISTA","General Obligado","Asfalto,Tierra","Natural","IX","Dentro","Urbana","Ninguna","No existe","Intersección","Bueno","Buena","Nocturna","S/D","S/D","S/D","Caída ocupante","Ninguna","Faltante","Ninguna","Sin restricción"
2017,6837,9/5/2017,"Martes",0,,,"0.0",1,"Moto/Ciclomotor","Larrea Y Av A del Valle",2,2,0,0,0,0,0,,"Avenida",,"SANTA FE","La Capital","Asfalto","No existe","I","Dentro","Urbana","Ninguna","No existe","Intersección","Deteriorada","Reducida polvo","Diurna","Buen Tiempo","Atropello animal","S/D","Caída ocupante","Otro","Faltante","Cordón divisorio","S/D"
2017,6838,9/5/2017,"Martes",0,14:00:00,"Ruta Nacional 168","0.0",2,"Moto/Ciclomotor,Automóvil"," ",3,1,0,0,2,0,0,,"Ruta",168,"SANTA FE","La Capital","Asfalto","Natural","I","S/D","Urbana","Ninguna","No existe","Recta","Bueno","Buena","Diurna","Buen Tiempo","De alcance","S/D","Colisión","Ninguna","Horizontal","Línea divisoria pintada","Sin restricción"
2017,6839,9/2/2017,"Sabado",0,12:30:00,,"0.0",2,"Automóvil,Automóvil","Ocampo Y Vera Mujica",2,1,0,0,1,0,0,,"Calle",,"ROSARIO","Rosario","Asfalto","S/D","II","Dentro","Urbana","Ninguna","No existe","Intersección","Bueno","Buena","Diurna","Buen Tiempo","Lateral","S/D","Colisión","Ninguna","Faltante","Ninguna","Sin restricción"
2017,6840,9/14/2017,"Jueves",0,18:45:00,,"0.0",2,"Automóvil,Moto/Ciclomotor","Jauretche Y Gorriti",3,2,0,0,1,0,0,,"Calle",,"SANTA FE","La Capital","Tierra","Natural","I","S/D","Urbana","Ninguna","No existe","Intersección","Con baches","Buena","Diurna","Lluvia","Otro","S/D","Colisión","Otro","Faltante","Ninguna","Sin restricción"
2017,6841,9/12/2017,"Martes",0,18:05:00,,"0.0",2,"Automóvil,Moto/Ciclomotor","Tacuari Y Angel Cassanello",3,3,0,0,0,0,0,,"Calle",,"SANTA FE","La Capital","Asfalto","No existe","I","S/D","Urbana","Paso Peatonal","No existe","Intersección","Deteriorada","Buena","Diurna","Otro","Otro","S/D","Colisión","Otro","Faltante","Línea divisoria pintada","Sin restricción"
2017,6842,9/4/2017,"Lunes",0,11:40:00,,"0.0",2,"Moto/Ciclomotor,Bicicleta","Galvez Y Bv. Avellaneda",2,1,0,0,1,0,0,,"Calle",,"ROSARIO","Rosario","Asfalto","Pavimento","II","Dentro","Urbana","Ninguna","No existe","Intersección","S/D","Buena","Diurna","Buen Tiempo","S/D","Ciclista","Atropello","Ninguna","Faltante","Ninguna","Sin restricción"
2017,6843,9/7/2017,"Jueves",0,10:50:00,,"0.0",2,"Moto/Ciclomotor,Automóvil","Av Gral Paz Y Padilla",2,1,0,0,1,0,0,,"Calle",,"SANTA FE","La Capital","Asfalto","No existe","I","S/D","Urbana","Ninguna","No existe","Intersección","Bueno","Buena","Diurna","Buen Tiempo","Lateral","S/D","Colisión","Ninguna","S/D","Ninguna","Sin restricción"
2017,6844,7/9/2017,"Domingo",0,5:45:00,"Ruta Nacional 34","64.0",2,"Camión c / Acoplado,Automóvil"," ",3,0,0,0,2,1,0,"-32.5363653,-61.2317124","Ruta",34,"TOTORAS","Iriondo","Asfalto","Natural","X","Dentro","Rural","Ninguna","No existe","Recta","Bueno","S/D","Amanecer","S/D","De alcance","S/D","Colisión","Ninguna","Faltante","Línea divisoria pintada","Sin restricción"
2017,6845,9/8/2017,"Viernes",0,11:50:00,,"0.0",2,"Pickup/Utilitario,Moto/Ciclomotor","Angel Cassanello Y Necochea",2,1,0,0,1,0,0,,"Calle",,"SANTA FE","La Capital","Asfalto","No existe","I","S/D","Urbana","Ninguna","No existe","Intersección","Bueno","Buena","Diurna","Buen Tiempo","Lateral","S/D","Colisión","Ninguna","S/D","Ninguna","Sin restricción"
2017,6846,9/12/2017,"Martes",0,20:30:00,,"0.0",2,"Moto/Ciclomotor,Automóvil","Padre Genesio Y Las Heras",2,1,0,0,1,0,0,,"Calle",,"SANTA FE","La Capital","Asfalto","Pavimento","I","Dentro","Urbana","Ninguna","No existe","Intersección","Deteriorada","Reducida","Nocturna","Otro","S/D","S/D","Colisión","Otro","Faltante","Línea divisoria pintada","Sin restricción"
2017,6847,9/10/2017,"Domingo",0,15:15:00,,"0.0",2,"Automóvil,Automóvil","Bv. 27 De Febrero Y Bv. Avellaneda",3,2,0,0,0,0,1,,"Avenida",,"ROSARIO","Rosario","Asfalto","Pavimento","II","S/D","Urbana","Ninguna","No funciona","Intersección","Bueno","Reducida","Diurna","Lluvia","Lateral","S/D","Colisión","Agua","Faltante","Ninguna","Sin restricción"
2017,6848,9/15/2017,"Viernes",0,20:20:00,,"0.0",1,"Moto/Ciclomotor","Pedro Espinosa Y Av Blas Parera",3,1,0,0,2,0,0,,"Avenida",,"SANTA FE","La Capital","Asfalto","No existe","I","Dentro","Urbana","Ninguna","No existe","Intersección","S/D","S/D","Nocturna","Buen Tiempo","Otro","S/D","Colisión","S/D","Faltante","Ninguna","S/D"
2017,6849,9/11/2017,"Lunes",0,14:45:00,,"0.0",2,"Automóvil,Moto/Ciclomotor","J P Lopez Y Tacuari",2,0,0,0,0,0,2,,"Calle",,"SANTA FE","La Capital","Asfalto","No existe","I","S/D","Urbana","Ninguna","No existe","S/D","S/D","Buena","Diurna","Otro","Otro","S/D","Colisión","S/D","Faltante","Ninguna","Sin restricción"
2017,6850,9/29/2017,"Viernes",0,16:45:00,,"0.0",2,"Moto/Ciclomotor,Taxi/Remis","Av. Pte.Peron Y Alsina",2,1,0,0,1,0,0,,"Avenida",,"ROSARIO","Rosario","Asfalto","Pavimento","II","S/D","Urbana","Ninguna","Funciona","Recta","Bueno","Buena","Diurna","Buen Tiempo","Lateral","S/D","Colisión","Ninguna","Horizontal,Vertical","Cordón divisorio","Sin restricción"
2017,6851,9/10/2017,"Domingo",0,4:30:00,,"0.0",1,"Moto/Ciclomotor","Av A del Valle Y Ricardo Aldao",2,1,1,0,0,0,0,,"Avenida",,"SANTA FE","La Capital","Asfalto","No existe","I","S/D","Urbana","Ninguna","Intermitente","Intersección","Bueno","Reducida","Nocturna","Buen Tiempo","S/D","S/D","Caída ocupante","Ninguna","Vertical","Ninguna","Sin restricción"
2017,6852,9/13/2017,"Miercoles",0,21:00:00,,"0.0",2,"Moto/Ciclomotor,Automóvil","Rivadavia Y Padre Genesio",2,1,0,0,0,0,1,,"Calle",,"SANTA FE","La Capital","Asfalto","No existe","I","S/D","Urbana","Ninguna","No existe","Intersección","Deteriorada","Reducida","Nocturna,Con luz artificial","Otro","Otro","S/D","Colisión","Otro","Faltante","Ninguna","Sin restricción"
2017,6853,7/23/2017,"Domingo",0,6:30:00,"Ruta Nacional 34","230.5",2,"Camión,Peatón"," ",2,0,0,0,1,1,0,"-31.154895,-61.4808163","Ruta",34,"LEHMANN","Castellanos","Asfalto","Natural","V","Dentro","Rural","Ninguna","No existe","Recta","Bueno","S/D","Diurna","S/D","S/D","Peatón","Atropello","Ninguna","S/D","Línea divisoria pintada","Sin restricción"
2017,6854,9/19/2017,"Martes",0,22:30:00,,"0.0",2,"Moto/Ciclomotor,Automóvil","Bv. Avellaneda Y Pasco",2,1,0,0,1,0,0,,"Avenida",,"ROSARIO","Rosario","Asfalto","No existe","II","S/D","Urbana","Ninguna","No existe","Recta","Bueno","Buena","Nocturna","Buen Tiempo","Lateral","S/D","Colisión","Ninguna","Horizontal","Ninguna","Sin restricción"
2017,6855,9/8/2017,"Viernes",0,21:00:00,,"0.0",2,"Automóvil,Moto/Ciclomotor","Gdor Servando Bayo Y Almonacid",2,1,0,0,1,0,0,,"Calle",,"SANTA FE","La Capital","Ripio","No existe","I","S/D","Urbana","Ninguna","No existe","Intersección","Deteriorada","Reducida","Nocturna","Buen Tiempo","De alcance","S/D","Colisión","Material Suelto","Faltante","Ninguna","Sin restricción"
2017,6856,9/14/2017,"Jueves",0,16:30:00,,"0.0",2,"Peatón,Automóvil","French Y Necochea",2,2,0,0,0,0,0,,"Avenida",,"SANTA FE","La Capital","Asfalto","No existe","I","Dentro","Urbana","Ninguna","No existe","Intersección","Bueno","Buena","Diurna","Buen Tiempo","S/D","Peatón","Atropello","Otro","Faltante","S/D","Sin restricción"
2017,6857,9/6/2017,"Miercoles",0,12:30:00,,"0.0",2,"Moto/Ciclomotor,Automóvil","Facundo Quiroga ",2,1,0,0,0,0,1,,"Calle",,"SANTA FE","La Capital","Tierra","S/D","I","Dentro","Urbana","Ninguna","No existe","Intersección","Con baches","Reducida polvo","Diurna","Buen Tiempo","Lateral","S/D","Colisión","Material Suelto","S/D","Ninguna","Sin restricción"
2017,6858,9/2/2017,"Sabado",0,10:15:00,,"0.0",2,"Automóvil,Moto/Ciclomotor","Av. Provincias Unidas Y Ferrocarril Mitre",2,1,0,0,1,0,0,,"Avenida",,"ROSARIO","Rosario","Asfalto","No existe","II","Dentro","Urbana","Ninguna","No existe","Paso a Nivel FFCC","S/D","S/D","Diurna","S/D","De alcance","S/D","Colisión","S/D","S/D","Ninguna","Sin restricción"
2017,6859,9/8/2017,"Viernes",0,21:10:00,,"0.0",2,"Automóvil,Moto/Ciclomotor","Cafferata 8700",2,1,0,0,1,0,0,,"Calle",,"SANTA FE","La Capital","Asfalto","No existe","I","S/D","Urbana","Ninguna","No existe","Recta","Con baches","Reducida","Nocturna","Buen Tiempo","De alcance","S/D","Colisión","Ninguna","Faltante","Ninguna","Sin restricción"
2017,6860,7/23/2017,"Domingo",0,,"Ruta Provincial 70","0.0",3,"Moto/Ciclomotor,Moto/Ciclomotor,Moto/Ciclomotor","Bv Santa Fe Y Alvear",6,0,0,0,0,1,5,"-31.252935, -61.489586","Ruta",70,"RAFAELA","Castellanos","Asfalto","No existe","V","Dentro","Urbana","Ninguna","No existe","Intersección","Bueno","S/D","S/D","S/D","Múltiple","S/D","Colisión","Ninguna","Horizontal","Cordón divisorio","Sin restricción"
2017,6861,9/27/2017,"Miercoles",0,20:00:00,,"0.0",2,"Automóvil,Bicicleta","Cafferata 8300",2,1,0,0,1,0,0,,"Calle",,"SANTA FE","La Capital","Asfalto","No existe","I","S/D","Urbana","Ninguna","No existe","Recta","Resbaladiza","Reducida","Nocturna","Lluvia","S/D","Ciclista","Atropello","Agua","Faltante","Ninguna","Sin restricción"
2017,6862,9/14/2017,"Jueves",0,8:15:00,,"0.0",2,"Moto/Ciclomotor,Moto/Ciclomotor","Reg 12 de Infanteria Y Piedras",2,2,0,0,0,0,0,,"Calle",,"SANTA FE","La Capital","Asfalto","No existe","I","Dentro","Urbana","Ninguna","No existe","Intersección","Deteriorada","Buena","Diurna","Buen Tiempo","S/D","S/D","S/D","Otro","Faltante","Ninguna","Sin restricción"
2017,6863,9/14/2017,"Jueves",0,14:35:00,,"0.0",2,"Moto/Ciclomotor,Moto/Ciclomotor","Alberdi 7600",2,2,0,0,0,0,0,,"Calle",,"SANTA FE","La Capital","Asfalto","No existe","I","S/D","Urbana","Ninguna","No existe","Recta","Deteriorada","Reducida","Diurna","Otro","Otro","S/D","Colisión","Otro","Faltante","Ninguna","Sin restricción"
2017,6864,9/18/2017,"Lunes",0,19:00:00,,"0.0",2,"Automóvil,Moto/Ciclomotor","Risso Y Alvear",2,2,0,0,0,0,0,,"Calle",,"SANTA FE","La Capital","Asfalto","No existe","I","S/D","Urbana","Ninguna","No existe","Recta","Otro","Reducida","Atardecer,Con luz artificial","Otro","Otro","S/D","Colisión","Ninguna","Faltante","Ninguna","Sin restricción"
2017,6865,9/25/2017,"Lunes",0,20:30:00,,"0.0",2,"Automóvil,Moto/Ciclomotor","Av Blas Parera Y Misiones",3,2,0,0,1,0,0,,"Avenida",,"SANTA FE","La Capital","Asfalto","No existe","I","S/D","Urbana","Marca Vial","No existe","Intersección","Bueno","Buena","Nocturna","Buen Tiempo","Frontal","S/D","Colisión","Ninguna","Horizontal","Ninguna","Sin restricción"
2017,6866,9/17/2017,"Domingo",0,8:30:00,,"0.0",2,"Automóvil,Moto/Ciclomotor","Javier de la Rosa Y Italia",2,2,0,0,0,0,0,,"Calle",,"SANTA FE","La Capital","Asfalto","No existe","I","S/D","Urbana","Ninguna","No existe","Recta","Deteriorada","Reducida","Diurna","Otro","Otro","S/D","Colisión","Ninguna","Faltante","Ninguna","Sin restricción"
2017,6867,9/24/2017,"Domingo",0,5:45:00,,"0.0",2,"Moto/Ciclomotor,Automóvil","Av Blas Parera Y Diez de Andino",2,0,2,0,0,0,0,,"Avenida",,"SANTA FE","La Capital","Asfalto,Hormigón","Natural","I","S/D","Urbana","Ninguna","No existe","Intersección","Bueno","S/D","Amanecer","Buen Tiempo","De alcance","S/D","Colisión","Otro","Horizontal,Vertical","Ninguna","Sin restricción"
2017,6868,9/23/2017,"Sabado",0,,,"0.0",2,"Moto/Ciclomotor,Moto/Ciclomotor","Roldan Y Pje Publico",3,2,0,0,0,0,1,,"Calle",,"SANTA FE","La Capital","Tierra","S/D","I","S/D","Urbana","Ninguna","S/D","Intersección","Con baches","S/D","S/D","Buen Tiempo","S/D","S/D","Colisión","Otro","Faltante","Ninguna","Sin restricción"
2017,6869,7/27/2017,"Jueves",0,17:00:00,,"0.0",1,"Moto/Ciclomotor","Av Italia 2700",1,0,0,0,0,1,0,"-31.234014, -61.473274","Calle",,"RAFAELA","Castellanos","Asfalto","No existe","V","Dentro","Urbana","Ninguna","No existe","Recta","Bueno","S/D","Diurna","S/D","S/D","S/D","Caída ocupante","Ninguna","Faltante","Ninguna","Sin restricción"
2017,6870,9/27/2017,"Miercoles",0,22:35:00,,"0.0",2,"Automóvil,Moto/Ciclomotor","Republica de Siria Y Padre Genesio",3,3,0,0,0,0,0,,"Calle",,"SANTA FE","La Capital","S/D","No existe","I","S/D","Urbana","Ninguna","No existe","Intersección","Deteriorada","Reducida","Diurna","Otro","Otro","S/D","Colisión","Ninguna","Faltante","Ninguna","Sin restricción"
2017,6871,9/23/2017,"Sabado",0,22:00:00,,"0.0",2,"Moto/Ciclomotor,Moto/Ciclomotor","Guemes Y Pavon",3,1,0,0,1,0,1,,"Calle",,"SANTA FE","La Capital","S/D","No existe","I","S/D","Urbana","Ninguna","No existe","Intersección","Deteriorada","Reducida","Nocturna,Con luz artificial","Otro","Otro","S/D","Colisión","Ninguna","Faltante","Ninguna","Sin restricción"
2017,6872,7/7/2017,"Viernes",0,0:00:00,,"0.0",2,"Moto/Ciclomotor,Automóvil","Roca Pte Y Calle 33-Pueyrredon",6,0,1,0,4,1,0,"-29.154176, -59.645002","Calle",,"RECONQUISTA","General Obligado","Asfalto","No existe","IX","Dentro","Urbana","Ninguna","No existe","Intersección","Bueno","S/D","Nocturna","S/D","S/D","S/D","Colisión","Ninguna","Faltante","Ninguna","Sin restricción"
2017,6873,9/24/2017,"Domingo",0,20:35:00,,"0.0",2,"Moto/Ciclomotor,Automóvil","Risso Y Guemes",3,1,0,0,1,0,1,,"Calle",,"SANTA FE","La Capital","Asfalto","No existe","I","Dentro","Urbana","Ninguna","No existe","Intersección","Deteriorada","Reducida","Nocturna,Con luz artificial","Otro","Otro","S/D","Colisión","Ninguna","S/D","Ninguna","Sin restricción"
2017,6874,9/28/2017,"Jueves",0,11:45:00,,"0.0",2,"Automóvil,Automóvil","Rivadavia Y Javier de la Rosa",3,3,0,0,0,0,0,,"Calle",,"SANTA FE","La Capital","Asfalto","No existe","I","S/D","Urbana","Ninguna","No existe","Intersección","Bueno","Reducida","Diurna","Otro","Otro","S/D","Colisión","Ninguna","Faltante","Ninguna","Sin restricción"
2017,6875,7/6/2017,"Jueves",0,20:15:00,,"0.0",2,"Moto/Ciclomotor,Automóvil","Pte Peron Y San Martin",2,0,0,0,0,1,1,"-33.59739437699318, -61.60500481724","Calle",,"CHOVET","General López","S/D","S/D","VIII","Dentro","Urbana","S/D","S/D","Intersección","S/D","S/D","Atardecer","S/D","S/D","S/D","Colisión","S/D","S/D","S/D","S/D"
2017,6876,9/27/2017,"Miercoles",0,16:00:00,,"0.0",2,"Moto/Ciclomotor,Automóvil","Av A del Valle Y Matheu",2,2,0,0,0,0,0,,"Calle",,"SANTA FE","La Capital","Asfalto","No existe","I","Dentro","Urbana","Ninguna","No existe","Intersección","Deteriorada","Reducida","Diurna","Otro","Otro","S/D","Colisión","Ninguna","Faltante","Ninguna","Sin restricción"
2017,6877,7/7/2017,"Viernes",0,15:15:00,"Ruta Nacional 11","0.0",1,"Moto/Ciclomotor","Av Circunvalación ",1,0,0,0,0,1,0,"-31.641651, -60.740730","Ruta",11,"SANTA FE","La Capital","S/D","S/D","I","Dentro","Urbana","S/D","S/D","Recta","S/D","S/D","Diurna","S/D","S/D","S/D","Caída ocupante","S/D","S/D","S/D","S/D"
2017,6878,9/28/2017,"Jueves",0,21:20:00,,"0.0",2,"Automóvil,Moto/Ciclomotor","Alberdi Y Vieytes",2,2,0,0,0,0,0,,"S/D",,"SANTA FE","La Capital","Asfalto","No existe","I","S/D","Urbana","Ninguna","No existe","Intersección","Deteriorada","Reducida","S/D","Otro","Otro","S/D","Colisión","Ninguna","Faltante","Ninguna","Sin restricción"
2017,6879,9/28/2017,"Jueves",0,18:20:00,,"0.0",2,"Pickup/Utilitario,Moto/Ciclomotor","Larrea Y Belgrano",3,2,0,0,1,0,0,,"Calle",,"SANTA FE","La Capital","Asfalto","No existe","I","Dentro","Urbana","Otra Señal","No existe","Intersección","Deteriorada","Reducida","Diurna","Buen Tiempo","Otro","S/D","Colisión","Ninguna","S/D","Ninguna","Sin restricción"
2017,6880,9/17/2017,"Domingo",0,20:20:00,,"0.0",2,"Moto/Ciclomotor,Automóvil","Reg 12 de Infanteria Y Italia",5,1,0,0,2,0,2,,"Calle",,"SANTA FE","La Capital","Asfalto","No existe","I","S/D","Urbana","Ninguna","No existe","Curva","Deteriorada","Reducida","Nocturna,Con luz artificial","Otro","Otro","S/D","Colisión","Otro","Faltante","Ninguna","Sin restricción"
2017,6881,9/17/2017,"Domingo",0,13:45:00,,"0.0",2,"Automóvil,Moto/Ciclomotor","Av Blas Parera 6400",3,1,0,0,2,0,0,,"Avenida",,"SANTA FE","La Capital","Asfalto","No existe","I","Dentro","Urbana","S/D","Funciona","Curva","Bueno","Buena","Diurna","Buen Tiempo","Lateral","S/D","Colisión","Ninguna","Horizontal,Vertical","Cordón divisorio,Línea divisoria pintada","Sin restricción"
2017,6882,9/2/2017,"Sabado",0,18:45:00,,"0.0",2,"Moto/Ciclomotor,Moto/Ciclomotor","Gorriti Y Europa",3,3,0,0,0,0,0,,"S/D",,"SANTA FE","La Capital","Asfalto","No existe","I","S/D","Urbana","Ninguna","No existe","Recta","Bueno","Buena","Diurna","Buen Tiempo","De alcance","S/D","Colisión","Ninguna","Faltante","Vegetación","Sin restricción"
2017,6883,12/23/2017,"Sabado",0,12:00:00,,"0.0",2,"Moto/Ciclomotor,Pickup/Utilitario","Jose Ignacio Gorriti 5300",3,2,0,0,1,0,0,,"Avenida",,"SANTA FE","La Capital","Asfalto","No existe","I","S/D","Urbana","Semáforo","Funciona","Recta","Bueno","Buena","Diurna","Lluvia","De alcance","S/D","Colisión","Ninguna","Faltante","Ninguna","Sin restricción"
2017,6884,12/22/2017,"Viernes",0,17:20:00,,"0.0",2,"Peatón,Automóvil","Beruti Y Edmundo Rosas",2,1,0,0,1,0,0,,"Calle",,"SANTA FE","La Capital","Asfalto","No existe","I","S/D","Urbana","Otra Señal","No existe","Recta","Bueno","Buena","Diurna","Buen Tiempo","S/D","Peatón","Atropello","Ninguna","Faltante","Ninguna","Sin restricción"
2017,6885,11/6/2017,"Lunes",0,8:40:00,,"0.0",2,"Moto/Ciclomotor,Automóvil","uriburu Y circunvalacion",2,1,0,0,1,0,0,,"Avenida",,"ROSARIO","Rosario","Asfalto","Natural","II","Dentro","Urbana","Señal Pare","No existe","Intersección","Bueno","Buena","Diurna","Buen Tiempo","Lateral","S/D","Colisión","Ninguna","S/D","Cordón divisorio","Sin restricción"
2017,6886,12/18/2017,"Lunes",0,17:00:00,,"0.0",2,"Automóvil,Moto/Ciclomotor","Av. Blas Parera Y JR Mendez",4,2,0,0,2,0,0,,"Avenida",,"SANTA FE","La Capital","Asfalto","No existe","I","S/D","Urbana","Semáforo","Funciona","Recta","Bueno","Buena","Diurna","Buen Tiempo","De alcance","S/D","Colisión","Ninguna","Faltante","Ninguna","Sin restricción"
2017,6887,11/7/2017,"Martes",0,8:00:00,,"0.0",2,"Moto/Ciclomotor,Automóvil","Av. Circunvalacion 2500",2,1,0,0,1,0,0,"-33.012138888889,-60.668472222222","Avenida",,"ROSARIO","Rosario","Asfalto","Pavimento","II","Dentro","Urbana","Ninguna","No existe","Recta","Bueno","Buena","Diurna","Buen Tiempo","Otro","S/D","Colisión","Ninguna","Faltante","Guardarrail","Sin restricción"
2017,6888,12/13/2017,"Miercoles",0,7:40:00,,"0.0",2,"Automóvil,Moto/Ciclomotor","Av Blas Parera 8400",2,1,0,0,1,0,0,,"Calle",,"SANTA FE","La Capital","Asfalto","No existe","I","S/D","Urbana","Ninguna","No existe","Recta","Bueno","Buena","Diurna","Buen Tiempo","Frontal","S/D","Colisión","Ninguna","Faltante","Ninguna","Sin restricción"
2017,6889,11/1/2017,"Miercoles",0,18:30:00,,"0.0",2,"Moto/Ciclomotor,Pickup/Utilitario","AV GODOY 7600",3,1,0,0,2,0,0,"-32.9730604,-60.72149790","Avenida",,"ROSARIO","Rosario","Asfalto","No existe","II","Dentro","Urbana","Semáforo","Funciona","Recta","Bueno","Buena","Diurna","Buen Tiempo","Otro","S/D","Colisión","Ninguna","Vertical","Cordón divisorio","Sin restricción"
2017,6890,12/30/2017,"Sabado",0,13:30:00,,"0.0",2,"Moto/Ciclomotor,Moto/Ciclomotor","Javier de la Rosa Y San Jose",4,4,0,0,0,0,0,,"Calle",,"SANTA FE","La Capital","Tierra","No existe","I","S/D","Urbana","Ninguna","No existe","Recta","Bueno","Buena","Diurna","Buen Tiempo","Otro","S/D","Colisión","Ninguna","Faltante","Ninguna","Sin restricción"
2017,6891,11/19/2017,"Domingo",0,23:50:00,,"0.0",2,"Automóvil,Moto/Ciclomotor","RIVAROLA 7900",3,2,0,0,1,0,0,"-32.9362993,-60.72729290","Avenida",,"SANTA FE","La Capital","Asfalto","No existe","II","Dentro","Urbana","Ninguna","No existe","Recta","Bueno","Buena","Con luz artificial","Buen Tiempo","Otro","S/D","Colisión","Ninguna","Faltante","Cordón divisorio","Sin restricción"
2017,6892,12/27/2017,"Miercoles",0,17:35:00,,"0.0",2,"Moto/Ciclomotor,Moto/Ciclomotor","Av Peñaloza Y Javier de la Rosa",2,1,0,0,1,0,0,,"S/D",,"SANTA FE","La Capital","Asfalto","No existe","I","S/D","Urbana","Ninguna","No existe","Intersección","Bueno","Buena","Diurna","Buen Tiempo","Otro","S/D","Colisión","Ninguna","Faltante","Ninguna","Sin restricción"
2017,6893,11/12/2017,"Domingo",0,11:10:00,,"0.0",2,"Peatón,Moto/Ciclomotor","Av. Avellaneda B 2200",3,2,1,0,0,0,0,"-32.9557635,-60.68365619","Avenida",,"ROSARIO","Rosario","Asfalto","No existe","II","Dentro","Urbana","Ninguna","No existe","Recta","Bueno","Buena","Diurna","Buen Tiempo","Otro","S/D","Colisión","Ninguna","Faltante","Cordón divisorio","Sin restricción"
2017,6894,12/26/2017,"Martes",0,1:15:00,,"0.0",2,"Automóvil,Moto/Ciclomotor","Millan Medina Y Jesus Misericordioso",2,1,0,0,1,0,0,,"S/D",,"SANTA FE","La Capital","Tierra","No existe","I","S/D","Urbana","Ninguna","No existe","Recta","Bueno","Buena","Nocturna","Buen Tiempo","Otro","S/D","Colisión","Ninguna","Faltante","Ninguna","Sin restricción"
2017,6895,12/22/2017,"Viernes",0,18:20:00,,"0.0",2,"Automóvil,Moto/Ciclomotor","Av Peñaloza Y Larrea",2,1,0,0,1,0,0,,"S/D",,"SANTA FE","La Capital","Asfalto","No existe","I","S/D","Urbana","Ninguna","No existe","Intersección","Bueno","Buena","Diurna","Buen Tiempo","Otro","S/D","Colisión","Ninguna","Faltante","Ninguna","Sin restricción"
2017,6896,12/18/2017,"Lunes",0,17:20:00,,"0.0",2,"Automóvil,Automóvil","Av Peñaloza Y Reg 12 de Infanteria",2,1,0,0,1,0,0,,"S/D",,"SANTA FE","La Capital","Asfalto","Pavimento","I","S/D","Urbana","Ninguna","Funciona","Intersección","Bueno","Buena","Diurna","Buen Tiempo","Otro","S/D","Colisión","Ninguna","Faltante","Ninguna","Sin restricción"
2017,6897,11/20/2017,"Lunes",0,15:50:00,,"0.0",2,"Automóvil,Automóvil","Av. Avellaneda B Y Ocampo",4,2,0,0,2,0,0,"-32.9591253,-60.68424119","Avenida",,"ROSARIO","Rosario","Asfalto","Pavimento","II","S/D","Urbana","Ninguna","No existe","Intersección","Bueno","Buena","Diurna","Buen Tiempo","Frontal","S/D","Colisión","Ninguna","Faltante","Barrera de hormigón","Sin restricción"
2017,6898,12/18/2017,"Lunes",0,17:00:00,,"0.0",4,"Automóvil,Moto/Ciclomotor,Moto/Ciclomotor,Automóvil","Av Peñaloza Y Javier de la Rosa",4,2,0,0,2,0,0,,"Avenida",,"SANTA FE","La Capital","Asfalto","Pavimento","I","S/D","Urbana","Ninguna","No existe","Intersección","Bueno","Buena","Diurna","Buen Tiempo","Otro","S/D","Colisión","Ninguna","Faltante","Cordón divisorio","Sin restricción"
2017,6899,11/8/2017,"Miercoles",0,19:50:00,,"0.0",1,"Transporte de Pasajeros (H/ 8 asientos)","AV PROVINCIAS UNIDAS Y AV 27 FEBRERO",3,1,0,0,2,0,0,"-32.9553228,-60.71187300","Avenida",,"ROSARIO","Rosario","Asfalto","No existe","II","Dentro","Urbana","Semáforo","Funciona","Recta","Bueno","Buena","Diurna","Buen Tiempo","Otro","S/D","Caída ocupante","Ninguna","Faltante","Cordón divisorio","Sin restricción"
2017,6900,12/16/2017,"Sabado",0,13:25:00,,"0.0",2,"Moto/Ciclomotor,Automóvil","Av Blas Parera Y Millan Medina",4,2,0,0,2,0,0,,"Calle",,"SANTA FE","La Capital","Asfalto","Pavimento","I","S/D","Urbana","Ninguna","No existe","Intersección","Bueno","Buena","Diurna","Buen Tiempo","Otro","S/D","Colisión","Ninguna","Faltante","Cordón divisorio","Sin restricción"