"anio_acci","nro_acci","fecha","desc_dia","fecha_aprox","hora_aprox","desc_ruta","km","cant_participantes","desc_participante","calle_avenida_km","total","heridos_leves","heridos_graves","heridos_gravisimos","ilesos","fallecidos","sin_datos","posicion_XY","desc_tipo_via","desc_ruta_ori","desc_loc","desc_dpto","desc_tipo_calzada","desc_tipo_banquina","desc_unidad_regional","desc_lugar_calzada","desc_zona","desc_prioridad","desc_estado_semaforo","desc_lugar_via","desc_estado_via","desc_estado_visibilidad","desc_luminosidad","desc_estado_clima","desc_tipo_colision","desc_tipo_atropello","desc_tipo_hecho","desc_pres_calzada","desc_senializacion","desc_separacion_via","desc_restriccion"
2017,6901,11/30/2017,"Jueves",0,17:00:00,,"0.0",2,"Automóvil,Moto/Ciclomotor","Av. Pellegrini 3900",2,1,0,0,1,0,0,"-32.950498,-60.97916249","Calle",,"ROSARIO","Rosario","Asfalto","No existe","II","Dentro","Urbana","Semáforo","Funciona","Intersección","Bueno","Buena","Diurna","Buen Tiempo","S/D","S/D","Colisión","S/D","Horizontal,Vertical","Cordón divisorio","Sin restricción"
2017,6902,12/15/2017,"Viernes",0,11:20:00,,"0.0",2,"Moto/Ciclomotor,Automóvil","Santiago de Chile ",3,2,0,0,1,0,0,,"Calle",,"SANTA FE","La Capital","Ripio","No existe","I","S/D","Urbana","Ninguna","No existe","Recta","Bueno","Buena","Diurna","Buen Tiempo","Otro","S/D","Colisión","Ninguna","Faltante","Ninguna","Sin restricción"
2017,6903,12/21/2017,"Jueves",0,15:20:00,,"0.0",2,"Moto/Ciclomotor,Automóvil","Guatemala Y Pje. Volta",3,2,0,0,1,0,0,"-32.958818,-60.71648740","Calle",,"ROSARIO","Rosario","Asfalto","No existe","II","Dentro","Urbana","Ninguna","No existe","Intersección","Bueno","Buena","Diurna","Buen Tiempo","S/D","S/D","Colisión","Ninguna","Faltante","Ninguna","Sin restricción"
2017,6904,12/14/2017,"Jueves",0,13:15:00,,"0.0",2,"Moto/Ciclomotor,Automóvil","Jose Ignacio Gorriti Y Estrada",2,1,0,0,1,0,0,,"Calle",,"SANTA FE","La Capital","Tierra","No existe","I","Dentro","Urbana","Ninguna","No existe","Recta","Bueno","Buena","Diurna","Buen Tiempo","S/D","S/D","Colisión","Ninguna","Faltante","Ninguna","Sin restricción"
2017,6905,12/7/2017,"Jueves",0,16:55:00,,"0.0",1,"Moto/Ciclomotor","AV URIBURU Y 25 DE MAYO",2,2,0,0,0,0,0,"-32.989782,-60.621459","Calle",,"ROSARIO","Rosario","Asfalto","Natural","II","Dentro","Urbana","S/D","No existe","Intersección","Bueno","Buena","Diurna","Buen Tiempo","S/D","S/D","S/D","Ninguna","Horizontal","Ninguna","S/D"
2017,6906,12/4/2017,"Lunes",0,19:30:00,,"0.0",1,"Moto/Ciclomotor","Bernardo de Irigoyen 9300",2,2,0,0,0,0,0,,"Calle",,"SANTA FE","La Capital","Tierra","Pavimento","I","Dentro","Urbana","Ninguna","S/D","Recta","Bueno","Buena","Diurna,Con luz artificial","Buen Tiempo","Otro","S/D","Colisión","Otro","Faltante","S/D","Sin restricción"
2017,6907,12/1/2017,"Viernes",0,5:20:00,,"0.0",2,"Bicicleta,Automóvil","NIAMONTE Y COLECTORA (EEUU)",2,1,0,0,0,0,1,"-32.965791,-60.6402597","Calle",,"ROSARIO","Rosario","Asfalto","S/D","II","Dentro","Urbana","S/D","S/D","Intersección","Bueno","S/D","S/D","S/D","S/D","S/D","S/D","Ninguna","S/D","S/D","S/D"
2017,6908,12/16/2017,"Sabado",0,20:50:00,,"0.0",2,"Moto/Ciclomotor,Automóvil","Combatientes de Malvinas Y Pje. Aguiar",3,2,0,0,1,0,0,,"Calle",,"SANTA FE","La Capital","Tierra","No existe","I","Dentro","Urbana","Ninguna","No existe","Intersección","Bueno","Buena","Nocturna","Buen Tiempo","Contra objeto fijo","S/D","Colisión","Ninguna","Faltante","Ninguna","Sin restricción"
2017,6909,12/11/2017,"Lunes",0,17:30:00,,"0.0",2,"Automóvil,Bicicleta","Av. Pte.Peron Y Lavalle",2,1,0,0,1,0,0,"-32.9574793,-60.68235360","S/D",,"ROSARIO","Rosario","Asfalto","No existe","II","S/D","S/D","Semáforo","Funciona","Intersección","Bueno","Buena","Diurna","Buen Tiempo","Lateral","Ciclista","Atropello","Ninguna","Horizontal,Vertical","Línea divisoria pintada","Sin restricción"
2017,6910,12/16/2017,"Sabado",0,21:15:00,,"0.0",1,"Moto/Ciclomotor","Combatientes de Malvinas Y Aguado",1,1,0,0,0,0,0,,"Calle",,"SANTA FE","La Capital","Tierra","No existe","I","Dentro","Urbana","Ninguna","No existe","Recta","Bueno","Buena","Nocturna","Buen Tiempo","Contra objeto fijo","S/D","Colisión","Ninguna","Faltante","Ninguna","Sin restricción"
2017,6911,12/16/2017,"Sabado",0,,,"0.0",2,"Moto/Ciclomotor,Automóvil","Aguado 9800",3,1,0,0,1,0,1,,"Calle",,"SANTA FE","La Capital","S/D","Ripio","I","Dentro","Urbana","Ninguna","No existe","Recta","Bueno","Buena","Diurna","Otro","Contra objeto fijo","S/D","Colisión","Ninguna","Faltante","Ninguna","Sin restricción"
2017,6912,12/11/2017,"Lunes",0,16:20:00,,"0.0",2,"Moto/Ciclomotor,Camión Chasis","Amenabar Y R.Lagos",2,1,0,0,1,0,0,"-32.96407300,-60.71537290","Calle",,"ROSARIO","Rosario","Asfalto","Natural","II","Dentro","Urbana","Ninguna","No existe","Recta","Bueno","Buena","Diurna","Buen Tiempo","S/D","S/D","Colisión","Ninguna","Vertical","Ninguna","Sin restricción"
2017,6913,12/21/2017,"Jueves",0,22:45:00,,"0.0",2,"Moto/Ciclomotor,Automóvil","Aguado Y Callejon Funes",2,1,0,0,1,0,0,,"Calle",,"SANTA FE","La Capital","S/D","Ripio","I","Dentro","Urbana","Ninguna","No existe","Recta","Bueno","Buena","Nocturna","Buen Tiempo","Contra objeto fijo","S/D","Colisión","Ninguna","Faltante","Ninguna","Sin restricción"
2017,6914,12/9/2017,"Sabado",0,,,"0.0",2,"Pickup/Utilitario,Pickup/Utilitario","LAS PALMERAS 4215",3,1,0,0,2,0,0,"-32.9739785,-60.73446530","S/D",,"ROSARIO","Rosario","Asfalto","Natural","II","S/D","S/D","Otra Señal","No existe","Recta","Con baches","Reducida","Nocturna","Buen Tiempo","S/D","S/D","Atropello","Ninguna","Faltante","Ninguna","Sin restricción"
2017,6915,12/23/2017,"Sabado",0,13:10:00,,"0.0",2,"Moto/Ciclomotor,Automóvil","Jose Ignacio Gorriti Y Estrada",2,1,0,0,1,0,0,,"Calle",,"SANTA FE","La Capital","S/D","Pavimento","I","Dentro","Urbana","Ninguna","No existe","Recta","Bueno","Buena","Diurna","Buen Tiempo","Contra objeto fijo","S/D","Colisión","Ninguna","Faltante","Cordón divisorio","Sin restricción"
2017,6916,12/9/2017,"Sabado",0,16:00:00,,"0.0",2,"Automóvil,Moto/Ciclomotor","LAS PALMERAS Y JAURETCHE",2,1,0,0,0,0,1,"-32.968612,-60.733478","Calle",,"ROSARIO","Rosario","Asfalto","No existe","II","Dentro","Urbana","Ninguna","No existe","Intersección","Bueno","Buena","Diurna","Buen Tiempo","S/D","S/D","Colisión","Ninguna","Faltante","Ninguna","Sin restricción"
2017,6917,12/3/2017,"Domingo",0,17:55:00,,"0.0",2,"Moto/Ciclomotor,Peatón","Cagancha Y San Nicolas",2,1,0,0,1,0,0,,"Calle",,"ROSARIO","Rosario","Tierra","No existe","II","Dentro","Urbana","Ninguna","No existe","Recta","Con baches","Buena","Atardecer","Buen Tiempo","Otro","Peatón","Atropello","Ninguna","S/D","Ninguna","Sin restricción"
2017,6918,12/17/2017,"Domingo",0,,,"0.0",2,"Moto/Ciclomotor,Pickup/Utilitario","Urquiza Y Ecuador",2,1,0,0,0,0,1,"-32.933472222222,-60.715333333333","Calle",,"ROSARIO","Rosario","Asfalto","No existe","II","Dentro","Urbana","Ninguna","No existe","Intersección","Bueno","S/D","S/D","Buen Tiempo","De alcance","S/D","Colisión","S/D","S/D","Ninguna","Sin restricción"
2017,6919,12/4/2017,"Lunes",0,7:45:00,,"0.0",2,"Automóvil,Moto/Ciclomotor","San Nicolas Y Lamadrid",2,1,0,0,1,0,0,,"Calle",,"ROSARIO","Rosario","Asfalto","No existe","II","Dentro","Urbana","Ninguna","No existe","Intersección","Bueno","Buena","Diurna","Buen Tiempo","De alcance","S/D","Colisión","Ninguna","Faltante","Ninguna","Sin restricción"
2017,6920,12/18/2017,"Lunes",0,,,"0.0",2,"Moto/Ciclomotor,Automóvil","P L FUNES 1300",2,1,0,0,1,0,0,"-32.943166666667,-60.701111111111","Calle",,"ROSARIO","Rosario","Asfalto","No existe","II","Dentro","Urbana","Ninguna","No existe","Recta","Bueno","S/D","S/D","Buen Tiempo","De alcance","S/D","Colisión","S/D","S/D","Ninguna","Sin restricción"
2017,6921,12/4/2017,"Lunes",0,12:15:00,,"0.0",2,"Pickup/Utilitario,Moto/Ciclomotor","Av. Francia Y Bv. Segui",2,1,0,0,1,0,0,,"Avenida",,"ROSARIO","Rosario","Asfalto","No existe","II","Dentro","Urbana","Semáforo","Funciona","Intersección","Bueno","Buena","Diurna","Buen Tiempo","S/D","S/D","Colisión","Ninguna","Horizontal,Vertical","Cordón divisorio","Reparación de Vía"
2017,6922,12/19/2017,"Martes",0,,,"0.0",2,"Moto/Ciclomotor,Pickup/Utilitario","Solis Y Mendoza",2,1,0,0,1,0,0,"-32.939944444444,-60.703361111111","Calle",,"ROSARIO","Rosario","Asfalto","No existe","II","Dentro","Urbana","Ninguna","Funciona","Intersección","Bueno","S/D","S/D","Buen Tiempo","De alcance","S/D","Colisión","S/D","S/D","Ninguna","Sin restricción"
2017,6923,12/15/2017,"Viernes",0,16:00:00,,"0.0",2,"Moto/Ciclomotor,Pickup/Utilitario","Av. Pte.Peron Y F.More",2,1,0,0,1,0,0,"-32.958862,-60.693030","Calle",,"ROSARIO","Rosario","Asfalto","No existe","II","Dentro","Urbana","Semáforo","Funciona","Intersección","Bueno","Buena","Diurna","Buen Tiempo","Lateral","S/D","Colisión","Ninguna","Vertical","Ninguna","Sin restricción"
2017,6924,12/5/2017,"Martes",0,13:00:00,,"0.0",2,"Automóvil,Moto/Ciclomotor","Av. Francia Y Dean Funes",3,2,0,0,1,0,0,,"Avenida",,"ROSARIO","Rosario","Asfalto","No existe","II","S/D","Urbana","Ninguna","No existe","Intersección","Bueno","Buena","Diurna","Buen Tiempo","S/D","S/D","Colisión","Ninguna","S/D","Cordón divisorio","Sin restricción"
2017,6925,12/14/2017,"Jueves",0,7:15:00,,"0.0",2,"Automóvil,Moto/Ciclomotor","Roullon Y Galvez",2,1,0,0,1,0,0,"-32.960084,-60.701488","Calle",,"ROSARIO","Rosario","Asfalto","No existe","II","Dentro","Urbana","Ninguna","No existe","Intersección","Otro","Buena","Diurna","Otro","Lateral","S/D","Colisión","Ninguna","Faltante","Ninguna","Sin restricción"
2017,6926,12/6/2017,"Miercoles",0,15:00:00,,"0.0",2,"Bicicleta,Otros","Cafferata Y Dean Funes",2,1,0,0,1,0,0,,"Calle",,"ROSARIO","Rosario","Asfalto","No existe","II","Dentro","Urbana","Ninguna","No existe","Intersección","Bueno","Buena","Atardecer","Buen Tiempo","Otro","S/D","Atropello","Ninguna","Faltante","Ninguna","Sin restricción"
2017,6927,12/18/2017,"Lunes",0,6:45:00,,"0.0",2,"Transporte de Pasajeros Urbano (> 8 asientos),Automóvil","17 DE OCTUBRE Y GRAL LOPEZ",2,1,0,0,1,0,0,"-33.016638888889,-60.609166666667","Calle",,"VILLA GOBERNADOR GÁLVEZ","Rosario","Asfalto","No existe","II","Dentro","Urbana","Ninguna","No existe","Recta","Bueno","Buena","Diurna","Buen Tiempo","Frontal","S/D","Colisión","Ninguna","Faltante","Ninguna","Sin restricción"
2017,6928,12/8/2017,"Viernes",0,8:00:00,,"0.0",2,"Moto/Ciclomotor,Moto/Ciclomotor","Dean Funes Y San Nicolas",2,1,0,0,0,0,1,,"Calle",,"ROSARIO","Rosario","Asfalto","No existe","II","Dentro","Urbana","Ninguna","No existe","Intersección","Bueno","Buena","Diurna","Buen Tiempo","De alcance","S/D","Colisión","Ninguna","Faltante","Ninguna","Sin restricción"
2017,6929,12/1/2017,"Viernes",0,15:15:00,,"0.0",2,"Moto/Ciclomotor,Automóvil","3 de Febrero 346",2,1,0,0,1,0,0,"-32.954527777778,-60.629166666667","Calle",,"VILLA GOBERNADOR GÁLVEZ","Rosario","Asfalto","No existe","II","Dentro","Urbana","Ninguna","No existe","Recta","Bueno","Buena","Diurna","Buen Tiempo","S/D","S/D","Colisión","Ninguna","Faltante","Ninguna","Sin restricción"
2017,6930,12/14/2017,"Jueves",0,11:30:00,,"0.0",2,"Moto/Ciclomotor,Pickup/Utilitario","RIVADAVIA Y 25 DE DICIEMBRE",2,1,0,0,0,0,1,,"Calle",,"PUEBLO ESTHER","Rosario","S/D","S/D","II","S/D","Urbana","S/D","S/D","S/D","S/D","S/D","S/D","S/D","S/D","S/D","S/D","S/D","S/D","S/D","S/D"
2017,6931,12/12/2017,"Martes",0,16:30:00,,"0.0",2,"Automóvil,Moto/Ciclomotor","SIMON BOLIVAR Y RUTA PROVINCIAL 21",3,2,0,0,1,0,0,,"S/D",,"PUEBLO ESTHER","Rosario","Ripio","No existe","II","S/D","Rural","S/D","No existe","S/D","S/D","Buena","Diurna","Buen Tiempo","S/D","S/D","S/D","Ninguna","Faltante","S/D","S/D"
2017,6932,9/5/2017,"Martes",0,9:40:00,,"0.0",2,"Moto/Ciclomotor,Pickup/Utilitario","Beruti Y Cafferata",2,1,0,0,1,0,0,,"Calle",,"SANTA FE","La Capital","Asfalto","No existe","I","Dentro","Urbana","Ninguna","No existe","Intersección","Bueno","Buena","Diurna","Buen Tiempo","Lateral","S/D","Colisión","Ninguna","Faltante","Ninguna","Sin restricción"
2017,6933,9/16/2017,"Sabado",0,23:00:00,"Ruta Nacional 11","483.0",1,"Moto/Ciclomotor"," ",1,1,0,0,0,0,0,,"Ruta",11,"SANTA FE","La Capital","Asfalto","Natural","I","S/D","Urbana","Otra Señal","No existe","Curva","Bueno","S/D","Nocturna","Buen Tiempo","Otro","S/D","Caída ocupante","Ninguna","Horizontal,Vertical","Ninguna","Sin restricción"
2017,6934,9/26/2017,"Martes",0,16:15:00,,"0.0",2,"Automóvil,Moto/Ciclomotor","Av Peñaloza Y Alberti",2,1,1,0,0,0,0,,"Avenida",,"SANTA FE","La Capital","Asfalto","No existe","I","Dentro","Urbana","Ninguna","No existe","Intersección","Bueno","Buena","Diurna","Buen Tiempo","Lateral","S/D","Colisión","Ninguna","Faltante","Cordón divisorio","Sin restricción"
2017,6935,9/16/2017,"Sabado",0,14:00:00,,"0.0",2,"Ambulancia,Moto/Ciclomotor","Tomas Furno Y Caferata",2,1,0,0,1,0,0,,"Calle",,"RECREO","La Capital","Tierra","No existe","I","S/D","Urbana","Ninguna","S/D","Intersección","Ahuellamiento","Buena","Diurna","Buen Tiempo","Otro","S/D","Colisión","Ninguna","Faltante","Ninguna","Sin restricción"
2017,6936,9/12/2017,"Martes",0,19:50:00,"Ruta Provincial 14","7.0",2,"Moto/Ciclomotor,Otros"," ",3,1,0,0,1,0,1,,"Ruta",14,"SOLDINI","Rosario","Asfalto","Natural","II","S/D","Rural","Ninguna","No existe","Recta","Bueno","Buena","Nocturna","Buen Tiempo","Lateral","S/D","Colisión","Ninguna","S/D","Ninguna","Sin restricción"
2017,6937,9/21/2017,"Jueves",0,7:55:00,,"0.0",2,"Camión Chasis,Automóvil","Av Blas Parera Y Estado de Israel",2,1,0,0,0,0,1,,"Avenida",,"SANTA FE","La Capital","Asfalto","No existe","I","Dentro","Urbana","Semáforo","Funciona","Intersección","Resbaladiza","Buena","Diurna","Lluvia","Lateral","S/D","Colisión","Agua","Horizontal,Vertical","Cordón divisorio","Sin restricción"
2017,6938,9/19/2017,"Martes",0,20:00:00,"Ruta Nacional 11","0.0",1,"Moto/Ciclomotor","Ruta Nacional 1V011- Juan de Garay Y Juan Diaz de Solis",2,2,0,0,0,0,0,,"Ruta",11,"RECREO","La Capital","Asfalto","Natural","I","Dentro","Urbana","Ninguna","No existe","Recta","Bueno","S/D","Nocturna","Buen Tiempo","S/D","S/D","Despiste","Ninguna","Horizontal,Vertical","S/D","Sin restricción"
2017,6939,9/24/2017,"Domingo",0,23:00:00,"Ruta Nacional 11","0.0",2,"Automóvil,Moto/Ciclomotor","Ruta Nacional 1V011- Juan de Garay Y Rosario",3,0,2,0,0,0,1,,"Ruta",11,"RECREO","La Capital","Asfalto","Pavimento","I","S/D","Urbana","Ninguna","No existe","Intersección","Resbaladiza","Buena","Nocturna","Buen Tiempo","Lateral","S/D","Colisión","Ninguna","Horizontal","Línea divisoria pintada","Accidente Previo"
2017,6940,9/21/2017,"Jueves",0,21:00:00,,"0.0",1,"Moto/Ciclomotor","Av Peñaloza 7300",1,1,0,0,0,0,0,,"Avenida",,"SANTA FE","La Capital","Asfalto","Pavimento","I","S/D","Urbana","S/D","No existe","Intersección","Bueno","Buena","Nocturna","Buen Tiempo","S/D","S/D","Despiste","Ninguna","Faltante","Cordón divisorio","Sin restricción"
2017,6941,9/22/2017,"Viernes",0,5:50:00,,"0.0",2,"Moto/Ciclomotor,Automóvil","Av Peñaloza Y Estanislao Zeballos",3,0,1,0,2,0,0,,"Avenida",,"SANTA FE","La Capital","Asfalto","Pavimento","I","Dentro","Urbana","Semáforo","Funciona","Intersección","Bueno","Buena","Con luz artificial","Buen Tiempo","S/D","S/D","Colisión","Ninguna","Vertical","Cordón divisorio","Sin restricción"
2017,6943,9/24/2017,"Domingo",0,10:45:00,,"0.0",2,"Moto/Ciclomotor,Automóvil","Av Blas Parera Y Larrea",3,1,0,0,2,0,0,,"Avenida",,"SANTA FE","La Capital","Asfalto","Pavimento","I","S/D","Urbana","Semáforo","Funciona","Intersección","Bueno","Buena","Diurna","Buen Tiempo","S/D","S/D","Colisión","Ninguna","Horizontal,Vertical","Cordón divisorio","Sin restricción"
2017,6944,9/15/2017,"Viernes",0,19:15:00,"Ruta Nacional A012","29.0",2,"Camión c / Acoplado,Camión Chasis"," ",3,2,0,0,1,0,0,,"Ruta","A012","ZAVALLA","Rosario","Asfalto","Natural","II","Dentro","Rural","Ninguna","No existe","Cruce","Bueno","Buena","Atardecer","Buen Tiempo","Lateral","S/D","Colisión","Ninguna","S/D","Línea divisoria pintada","Sin restricción"
2017,6945,9/29/2017,"Viernes",0,22:45:00,"Ruta Nacional 11","524.0",2,"Automóvil,Camión c / Acoplado"," ",4,2,0,0,2,0,0,,"Ruta",11,"LLAMBI CAMPBELL","La Capital","Asfalto","Natural","I","Dentro","Rural","Marca Vial","No existe","Recta","Bueno","Buena","Nocturna","Buen Tiempo","Frontal","S/D","Colisión","Ninguna","Horizontal","Línea divisoria pintada","Sin restricción"
2017,6946,9/28/2017,"Jueves",0,14:00:00,,"0.0",2,"Moto/Ciclomotor,Automóvil","Av Peñaloza 6449",2,1,0,0,1,0,0,,"Avenida",,"SANTA FE","La Capital","Asfalto","No existe","I","S/D","Urbana","Ninguna","No existe","Recta","Bueno","Buena","Diurna","Buen Tiempo","Otro","S/D","Colisión","Material Suelto","Faltante","Cordón divisorio","Sin restricción"
2017,6947,9/3/2017,"Domingo",0,16:00:00,"Ruta Nacional 11","0.0",2,"Moto/Ciclomotor,Pickup/Utilitario","Ruta Nacional 1V11- Juan de Garay Y Pje Echeverria",3,1,0,0,2,0,0,,"Ruta",11,"RECREO","La Capital","Asfalto","Natural","I","Dentro","Urbana","S/D","No existe","Intersección","Bueno","Buena","Diurna","Buen Tiempo","Lateral","S/D","Colisión","Ninguna","Horizontal","Línea divisoria pintada","Sin restricción"
2017,6948,9/1/2017,"Viernes",0,12:10:00,,"0.0",2,"Automóvil,Moto/Ciclomotor","Av Peñaloza Y French",2,1,0,0,1,0,0,,"Avenida",,"SANTA FE","La Capital","Asfalto","No existe","I","S/D","Urbana","Ninguna","No existe","Recta","Bueno","Buena","Diurna","Buen Tiempo","S/D","S/D","Colisión","Material Suelto","Faltante","Cordón divisorio","Sin restricción"
2017,6949,9/29/2017,"Viernes",0,23:40:00,"Ruta Nacional A012","32.0",2,"Camión c / Semirremolque,Automóvil"," ",2,1,0,0,1,0,0,,"Ruta","A012","ZAVALLA","Rosario","Asfalto","Natural","II","S/D","Rural","Ninguna","No existe","Recta","Resbaladiza","Reducida","Nocturna","Lluvia","De alcance","S/D","Colisión","Agua","S/D","Línea divisoria pintada","Sin restricción"
2017,6950,9/18/2017,"Lunes",0,12:15:00,"Ruta Nacional 11","0.0",2,"Pickup/Utilitario,Moto/Ciclomotor","Ruta Nacional 1V11- Juan de Garay 5200",2,0,1,0,1,0,0,,"Ruta",11,"RECREO","La Capital","Asfalto","Natural","I","Dentro","Urbana","Ninguna","No existe","Recta","Bueno","Buena","Diurna","Buen Tiempo","Lateral","S/D","Colisión","Ninguna","Horizontal","Línea divisoria pintada","Sin restricción"
2017,6951,9/2/2017,"Sabado",0,18:30:00,"Ruta Provincial 2","19.0",1,"Moto/Ciclomotor"," ",1,1,0,0,0,0,0,,"Ruta",2,"MONTE VERA","La Capital","Ripio","No existe","I","Dentro","Rural","Ninguna","No existe","Recta","Bueno","Buena","Diurna","Buen Tiempo","S/D","S/D","Caída ocupante","Ninguna","Faltante","Ninguna","Sin restricción"
2017,6952,9/27/2017,"Miercoles",0,17:30:00,,"0.0",2,"Automóvil,Moto/Ciclomotor","Dorrego Y Saavedra",3,2,0,0,1,0,0,,"Calle",,"ZAVALLA","Rosario","Asfalto","No existe","II","Dentro","Urbana","Ninguna","No existe","Intersección","Bueno","Buena","Atardecer","Buen Tiempo","Lateral","S/D","Colisión","Ninguna","Faltante","Ninguna","Sin restricción"
2017,6953,9/1/2017,"Viernes",0,18:10:00,,"0.0",2,"Automóvil,Moto/Ciclomotor","Av Blas Parera 8700",2,1,0,0,1,0,0,,"Avenida",,"SANTA FE","La Capital","Asfalto","No existe","I","S/D","Urbana","Semáforo","Funciona","Recta","Bueno","Buena","Atardecer","Buen Tiempo","De alcance","S/D","Colisión","Ninguna","Horizontal,Vertical","Ninguna","Sin restricción"
2017,6954,9/4/2017,"Lunes",0,16:55:00,"Ruta Provincial 2","0.0",2,"Moto/Ciclomotor,Automóvil","AVENIDA ARISTOBULO DEL VALLE ",2,1,0,0,1,0,0,,"Ruta",2,"ANGEL GALLARDO","La Capital","Hormigón","Ripio","I","Dentro","Rural","Ninguna","No existe","Recta","Bueno","Buena","Diurna","Buen Tiempo","De alcance","S/D","Colisión","Ninguna","S/D","Ninguna","Sin restricción"
2017,6955,9/22/2017,"Viernes",0,1:20:00,"Ruta Nacional 11","0.0",2,"Automóvil,Automóvil","Ruta 11 Avenida Richieri 4200",2,2,0,0,0,0,0,,"Ruta",11,"SANTO TOMÉ","La Capital","Asfalto","No existe","I","S/D","Urbana","Ninguna","No existe","Recta","Bueno","Buena","Nocturna","Lluvia","Frontal","S/D","Colisión","Agua","Faltante","Ninguna","Sin restricción"
2017,6956,9/13/2017,"Miercoles",0,9:25:00,,"0.0",1,"Automóvil","Entre Rios 3900",1,1,0,0,0,0,0,,"Calle",,"MONTE VERA","La Capital","Ripio","No existe","I","Fuera","Urbana","Ninguna","No existe","Recta","Resbaladiza","Buena","Diurna","Buen Tiempo","S/D","S/D","Vuelco","Ninguna","Faltante","Ninguna","Sin restricción"
2017,6957,9/17/2017,"Domingo",0,16:10:00,"Ruta Nacional 11","445.0",2,"Pickup/Utilitario,Moto/Ciclomotor"," ",3,0,2,0,1,0,0,,"Ruta",11,"SAUCE VIEJO","La Capital","Asfalto","Natural","I","S/D","Urbana","Ninguna","No existe","Recta","Bueno","Buena","Atardecer","Buen Tiempo","Frontal","S/D","Colisión","Ninguna","Horizontal","Línea divisoria pintada","Sin restricción"
2017,6958,9/16/2017,"Sabado",0,20:00:00,,"0.0",1,"Moto/Ciclomotor","Morelli ",2,1,0,0,1,0,0,,"Calle",,"PEREZ","Rosario","Asfalto","No existe","II","Dentro","Urbana","Ninguna","No existe","Paso a Nivel FFCC","Bueno","Buena","Nocturna,Con luz artificial","Buen Tiempo","S/D","S/D","Caída ocupante","Ninguna","Vertical","Ninguna","Sin restricción"
2017,6959,9/14/2017,"Jueves",0,9:10:00,,"0.0",2,"Pickup/Utilitario,Moto/Ciclomotor","La Pampa Y Sarmiento",3,2,0,0,1,0,0,,"Calle",,"MONTE VERA","La Capital","Ripio","No existe","I","Dentro","Urbana","Ninguna","No existe","Intersección","Bueno","Buena","Diurna","Buen Tiempo","Lateral","S/D","Colisión","Ninguna","Faltante","Ninguna","Sin restricción"
2017,6960,9/10/2017,"Domingo",0,6:30:00,"Ruta Nacional 11","449.0",1,"Automóvil"," ",4,2,0,0,2,0,0,,"Ruta",11,"SAUCE VIEJO","La Capital","Asfalto","Natural","I","S/D","Rural","Ninguna","No existe","Recta","Bueno","Reducida","Nocturna","Buen Tiempo","Otro","S/D","Vuelco","Ninguna","Horizontal,Vertical","Línea divisoria pintada","Sin restricción"
2017,6961,9/1/2017,"Viernes",0,22:50:00,,"0.0",1,"Moto/Ciclomotor","Gral.Mosconi 3400",1,0,0,0,0,1,0,"-32.983778, -60.681794","Calle",,"ROSARIO","Rosario","S/D","S/D","II","S/D","S/D","S/D","S/D","S/D","S/D","S/D","Nocturna","S/D","Contra objeto fijo","S/D","Colisión","S/D","S/D","S/D","S/D"
2017,6962,9/20/2017,"Miercoles",0,20:30:00,,"0.0",2,"Automóvil,Moto/Ciclomotor"," ",2,0,1,0,1,0,0,,"S/D",,"PEREZ","Rosario","Asfalto","Natural","II","Dentro","Urbana","Ninguna","No existe","Recta","Bueno","Buena","Nocturna,Con luz artificial","Buen Tiempo","Frontal","S/D","Colisión","Ninguna","Horizontal","Línea divisoria pintada","Sin restricción"
2017,6963,9/2/2017,"Sabado",0,3:20:00,"Ruta Nacional 11","446.0",2,"Moto/Ciclomotor,Automóvil"," ",2,1,0,0,1,0,0,,"Ruta",11,"SAUCE VIEJO","La Capital","Asfalto","Ripio","I","S/D","Urbana","Ninguna","No existe","Recta","Bueno","Buena","Amanecer","Buen Tiempo","Frontal","S/D","Colisión","Ninguna","Horizontal,Vertical","Línea divisoria pintada","Sin restricción"
2017,6964,9/16/2017,"Sabado",0,18:45:00,,"0.0",2,"Moto/Ciclomotor,Automóvil","DR ZAVALLA 10600",2,1,0,0,1,0,0,,"Calle",,"MONTE VERA","La Capital","Tierra","No existe","I","Dentro","Rural","Ninguna","No existe","Recta","Bueno","Buena","Diurna","Buen Tiempo","Lateral","S/D","Colisión","Ninguna","Faltante","Ninguna","Sin restricción"
2017,6965,9/1/2017,"Viernes",0,11:00:00,"Ruta Provincial 18","6.5",1,"Pickup/Utilitario"," ",1,0,0,0,0,1,0,"-33.065459, -60.692784","Ruta",18,"PIÑERO","Rosario","S/D","S/D","II","S/D","S/D","S/D","S/D","S/D","S/D","S/D","Diurna","S/D","S/D","S/D","Despiste","S/D","S/D","S/D","S/D"