"anio_acci","nro_acci","fecha","desc_dia","fecha_aprox","hora_aprox","desc_ruta","km","cant_participantes","desc_participante","calle_avenida_km","total","heridos_leves","heridos_graves","heridos_gravisimos","ilesos","fallecidos","sin_datos","posicion_XY","desc_tipo_via","desc_ruta_ori","desc_loc","desc_dpto","desc_tipo_calzada","desc_tipo_banquina","desc_unidad_regional","desc_lugar_calzada","desc_zona","desc_prioridad","desc_estado_semaforo","desc_lugar_via","desc_estado_via","desc_estado_visibilidad","desc_luminosidad","desc_estado_clima","desc_tipo_colision","desc_tipo_atropello","desc_tipo_hecho","desc_pres_calzada","desc_senializacion","desc_separacion_via","desc_restriccion"
2017,6966,9/25/2017,"Lunes",0,22:05:00,"Ruta Provincial 2","12.0",1,"Moto/Ciclomotor"," ",1,1,0,0,0,0,0,,"Ruta",2,"MONTE VERA","La Capital","Hormigón","Natural","I","Dentro","Rural","Ninguna","No existe","Recta","Bueno","Buena","Nocturna,Con luz artificial","Buen Tiempo","Atropello animal","S/D","Colisión","Ninguna","S/D","Línea divisoria pintada","Sin restricción"
2017,6967,9/3/2017,"Domingo",0,23:55:00,,"0.0",2,"Moto/Ciclomotor,Automóvil","Jose De San Martin Y Genaro Almaraz",2,1,0,0,1,0,0,,"Calle",,"SANTO TOMÉ","La Capital","Tierra","No existe","I","S/D","Urbana","Ninguna","No existe","Intersección","Deteriorada","Buena","Nocturna","Buen Tiempo","Lateral","S/D","Colisión","Ninguna","Faltante","Ninguna","Sin restricción"
2017,6968,9/27/2017,"Miercoles",0,18:45:00,"Ruta Provincial 2","0.0",2,"Moto/Ciclomotor,Automóvil","AVENIDA ARISTOBULO DEL VALLE 10900",2,1,0,0,1,0,0,,"Ruta",2,"MONTE VERA","La Capital","Hormigón","Natural","I","S/D","S/D","Ninguna","No existe","Recta","Resbaladiza","Buena","Diurna","Buen Tiempo","De alcance","S/D","Colisión","Agua","S/D","Línea divisoria pintada","Sin restricción"
2017,6969,9/21/2017,"Jueves",0,10:45:00,,"0.0",1,"Moto/Ciclomotor","Ruta Nac 33 Y Dante Alighieri",2,2,0,0,0,0,0,,"Avenida",,"PEREZ","Rosario","Asfalto","Natural","II","Dentro","Urbana","Marca Vial","No existe","Intersección","Resbaladiza","Reducida","Diurna","Lluvia","S/D","S/D","Caída ocupante","Agua","Horizontal","Línea divisoria pintada","Sin restricción"
2017,6970,9/1/2017,"Viernes",0,12:00:00,,"0.0",2,"Peatón,Automóvil","Obispo Gelabert Y Fidela Valdez",2,1,0,0,1,0,0,,"Calle",,"SANTO TOMÉ","La Capital","Asfalto","No existe","I","Dentro","Urbana","Ninguna","No existe","Intersección","Bueno","Buena","Diurna","Buen Tiempo","S/D","Peatón","Atropello","Ninguna","Faltante","Ninguna","Sin restricción"
2017,6971,9/12/2017,"Martes",0,22:00:00,,"0.0",2,"Moto/Ciclomotor,Automóvil","Sabroso Hilario Y Roque Saenz Peña",3,1,0,0,2,0,0,,"Calle",,"SANTO TOMÉ","La Capital","Ripio","No existe","I","S/D","Urbana","Ninguna","No existe","Intersección","Bueno","Buena","Nocturna","Buen Tiempo","Lateral","S/D","Colisión","Ninguna","Faltante","Ninguna","Sin restricción"
2017,6972,9/2/2017,"Sabado",0,20:40:00,,"0.0",2,"Automóvil,Moto/Ciclomotor","Colono Y Rivadavia",3,1,0,0,2,0,0,,"Calle",,"LAGUNA PAIVA","La Capital","Ripio","No existe","I","Dentro","Urbana","Ninguna","No existe","Intersección","Deteriorada","Buena","Nocturna","Buen Tiempo","Lateral","S/D","Colisión","Ninguna","Faltante","Ninguna","Sin restricción"
2017,6973,9/23/2017,"Sabado",0,20:40:00,,"0.0",2,"Automóvil,Bicicleta","Italia Y 1 de Mayo",2,1,0,0,1,0,0,,"Calle",,"PEREZ","Rosario","Asfalto","No existe","II","S/D","Urbana","Ninguna","No existe","Intersección","Bueno","Buena","Nocturna,Con luz artificial","Buen Tiempo","S/D","S/D","Atropello","Ninguna","Horizontal","Ninguna","Sin restricción"
2017,6974,9/7/2017,"Jueves",0,20:00:00,,"0.0",2,"Pickup/Utilitario,Pickup/Utilitario","Santa Fe Y Los Constituyentes Bis",2,1,0,0,1,0,0,,"Calle",,"LAGUNA PAIVA","La Capital","Asfalto","No existe","I","Dentro","Urbana","Ninguna","No existe","Intersección","Bueno","Buena","Nocturna","Buen Tiempo","Lateral","S/D","Colisión","Ninguna","Faltante","Ninguna","Sin restricción"
2017,6975,9/2/2017,"Sabado",0,23:45:00,"Ruta Nacional 11","0.0",2,"Moto/Ciclomotor,Moto/Ciclomotor"," ",3,2,0,0,0,1,0,"-28.367222, -59.263709","Ruta",11,"LAS TOSCAS","General Obligado","S/D","S/D","IX","S/D","S/D","S/D","S/D","S/D","S/D","S/D","Nocturna","S/D","S/D","S/D","Colisión","S/D","S/D","S/D","S/D"
2017,6976,9/2/2017,"Sabado",0,11:30:00,,"0.0",3,"Peatón,Peatón,Pickup/Utilitario"," ",3,1,0,0,2,0,0,,"S/D",,"SANTA FE","La Capital","Asfalto","No existe","II","S/D","S/D","Ninguna","No existe","Recta","Bueno","Buena","Diurna","Buen Tiempo","S/D","Peatón","Atropello","Ninguna","Faltante","Ninguna","Sin restricción"
2017,6977,9/30/2017,"Sabado",0,2:40:00,,"0.0",2,"Automóvil,Moto/Ciclomotor","Moreno Y 9 de Julio",3,1,1,0,1,0,0,,"Calle",,"LAGUNA PAIVA","La Capital","Asfalto","No existe","I","Dentro","Urbana","Ninguna","No existe","Intersección","Bueno","Buena","Nocturna","Buen Tiempo","Lateral","S/D","Colisión","Ninguna","Faltante","Ninguna","Sin restricción"
2017,6978,9/1/2017,"Viernes",0,6:00:00,"Ruta Secundaria 21-s","17.0",2,"Moto/Ciclomotor,Moto/Ciclomotor"," ",2,2,0,0,0,0,0,,"Ruta","21-s","ARROYO SECO","Rosario","Asfalto","Ripio","II","S/D","Urbana","Ninguna","No existe","Recta","S/D","Reducida","Nocturna,Con luz artificial","Lluvia","Frontal","S/D","Colisión","Agua","Faltante","Línea divisoria pintada","Sin restricción"
2017,6979,9/14/2017,"Jueves",0,21:00:00,"Ruta Provincial 1","3.0",2,"Taxi/Remis,Moto/Ciclomotor"," ",3,0,2,0,1,0,0,,"Ruta",1,"COLASTINE","La Capital","Asfalto","Pavimento","I","Dentro","Urbana","Semáforo","Funciona","Recta","Bueno","Buena","Nocturna","Buen Tiempo","Lateral","S/D","Colisión","Ninguna","Horizontal,Vertical","Barrera de hormigón","Sin restricción"
2017,6980,9/4/2017,"Lunes",0,10:30:00,,"0.0",2,"Moto/Ciclomotor,Automóvil","Libertad ",2,1,0,0,1,0,0,,"Calle",,"ARROYO SECO","Rosario","Asfalto","S/D","II","Dentro","Urbana","Ninguna","S/D","Recta","Bueno","S/D","Diurna","Buen Tiempo","S/D","S/D","Colisión","Ninguna","Faltante","Ninguna","Sin restricción"
2017,6981,9/14/2017,"Jueves",0,19:45:00,,"0.0",2,"Automóvil,Moto/Ciclomotor","Republica de Chile Y 1 de mayo",2,1,0,0,1,0,0,,"Calle",,"SANTO TOMÉ","La Capital","S/D","No existe","I","Dentro","Urbana","Ninguna","No existe","Recta","Bueno","Buena","Atardecer","Buen Tiempo","Lateral","S/D","Colisión","Ninguna","Faltante","Ninguna","Sin restricción"
2017,6982,9/7/2017,"Jueves",0,10:45:00,,"0.0",2,"Moto/Ciclomotor,Automóvil","Reg 12 de Infanteria Y San Jose",2,1,0,0,1,0,0,,"Calle",,"SANTA FE","La Capital","Asfalto","Pavimento","I","Dentro","Urbana","Ninguna","No existe","Intersección","Bueno","Buena","Diurna","Buen Tiempo","Lateral","S/D","Colisión","Ninguna","Faltante","Cordón divisorio","Sin restricción"
2017,6983,9/28/2017,"Jueves",0,10:40:00,,"0.0",2,"Transporte de Pasajeros Urbano (> 8 asientos),Moto/Ciclomotor","Montevideo Y Brasil",2,1,0,0,1,0,0,,"Calle",,"ROSARIO","Rosario","Asfalto","Pavimento","II","Dentro","Urbana","S/D","S/D","Otro","Bueno","S/D","Diurna","S/D","Otro","S/D","Colisión","S/D","S/D","Ninguna","S/D"
2017,6984,9/11/2017,"Lunes",0,23:30:00,,"0.0",2,"Moto/Ciclomotor,Automóvil","Reg 12 de Infanteria Y Aguado",2,1,0,0,1,0,0,,"Calle",,"SANTA FE","La Capital","Asfalto","Pavimento","I","Dentro","Urbana","Ninguna","No existe","Recta","Bueno","Buena","Nocturna","Buen Tiempo","Frontal","S/D","Colisión","Ninguna","Faltante","Cordón divisorio","Sin restricción"
2017,6985,9/18/2017,"Lunes",0,19:05:00,,"0.0",2,"Moto/Ciclomotor,Moto/Ciclomotor","Obispo Gelabert Y Grl Enrique Mosconi",2,2,0,0,0,0,0,,"Calle",,"SANTO TOMÉ","La Capital","Tierra","No existe","I","Dentro","Urbana","Ninguna","No existe","Intersección","Con baches","Buena","Atardecer","Buen Tiempo","Lateral","S/D","Colisión","Ninguna","Faltante","Ninguna","Sin restricción"
2017,6986,9/21/2017,"Jueves",0,22:40:00,,"0.0",2,"Moto/Ciclomotor,Automóvil","Av. Circunvalacion Y Av. Pellegrini",3,2,0,0,0,0,1,,"Avenida",,"ROSARIO","Rosario","Asfalto","No existe","II","Dentro","Urbana","S/D","No existe","Recta","Bueno","S/D","Nocturna,Con luz artificial","S/D","Lateral","S/D","Colisión","S/D","S/D","Barrera de hormigón","S/D"
2017,6987,9/15/2017,"Viernes",0,12:40:00,,"0.0",2,"Moto/Ciclomotor,Moto/Ciclomotor","Reg 12 de Infanteria Y Aguado",4,2,0,0,0,0,2,,"Calle",,"SANTA FE","La Capital","Asfalto","Pavimento","I","Dentro","Urbana","Ninguna","No existe","Intersección","Bueno","Buena","Diurna","Buen Tiempo","Frontal","S/D","Colisión","Ninguna","Faltante","Cordón divisorio","Sin restricción"
2017,6988,9/25/2017,"Lunes",0,12:00:00,,"0.0",2,"Automóvil,Automóvil","Roque Saenz Peña Y 4 de enero",2,2,0,0,0,0,0,,"Calle",,"SANTO TOMÉ","La Capital","Asfalto","No existe","I","Dentro","Urbana","Ninguna","No existe","Intersección","Bueno","Buena","Diurna","Buen Tiempo","Lateral","S/D","Colisión","Ninguna","Faltante","Ninguna","Sin restricción"
2017,6989,9/5/2017,"Martes",0,8:45:00,"Autopista Nacional Rosario -Cordoba","0.0",2,"Automóvil,Automóvil","Autopista Rosario Cordoba ",2,1,0,0,1,0,0,,"Autopista","Rosario -Cordoba","ROSARIO","Rosario","Asfalto","Ripio","II","Dentro","Urbana","Marca Vial","No existe","Pendiente","Bueno","S/D","Diurna","S/D","Otro","S/D","Colisión","S/D","S/D","Ninguna","S/D"
2017,6990,9/15/2017,"Viernes",0,20:25:00,"Ruta Nacional 11","0.0",2,"Bicicleta,Moto/Ciclomotor","Ruta Nac 11 Y Calle 18",2,1,1,0,0,0,0,,"Ruta",11,"SAUCE VIEJO","La Capital","Asfalto,Ripio","Natural","I","Dentro","Urbana","Ninguna","No existe","Intersección","Bueno","Buena","Nocturna","Buen Tiempo","Lateral","S/D","Colisión","Ninguna","S/D","Ninguna","Sin restricción"
2017,6991,9/15/2017,"Viernes",0,,"Autopista Nacional Gral. Juan Jose Valle","257.0",1,"Automóvil","Alvarado ",1,1,0,0,0,0,0,,"Autopista","Gral. Juan Jose Valle","FIGHIERA","Rosario","Asfalto","Natural","II","Dentro","Rural","S/D","No existe","Recta","Bueno","S/D","S/D","S/D","S/D","S/D","S/D","Ninguna","S/D","Vegetación","Sin restricción"
2017,6992,9/19/2017,"Martes",0,11:25:00,,"0.0",2,"Automóvil,Moto/Ciclomotor","Av Blas Parera Y Larrea",3,1,0,0,1,0,1,,"Avenida",,"SANTA FE","La Capital","Asfalto","Pavimento","I","Dentro","Urbana","Semáforo","Funciona","Intersección","Bueno","Buena","Diurna","Buen Tiempo","Lateral","S/D","Colisión","Ninguna","Vertical","Barrera de hormigón","Sin restricción"
2017,6993,9/1/2017,"Viernes",0,21:00:00,,"0.0",2,"Automóvil,Moto/Ciclomotor","Angel Carranza Y Pje. Prusia",2,1,0,0,1,0,0,,"Calle",,"ROSARIO","Rosario","Asfalto","No existe","II","Dentro","Urbana","Ninguna","No existe","Otro","Bueno","S/D","Nocturna,Con luz artificial","Otro","Frontal","S/D","Colisión","Ninguna","S/D","Ninguna","S/D"
2017,6994,9/15/2017,"Viernes",0,8:10:00,,"0.0",2,"Automóvil,Moto/Ciclomotor","Roverano Y 1 de mayo",3,2,0,0,1,0,0,,"Calle",,"SANTO TOMÉ","La Capital","Ripio","Natural","I","Dentro","Urbana","Ninguna","No existe","Intersección","Bueno","Buena","Diurna","Buen Tiempo","Lateral","S/D","Colisión","Ninguna","Faltante","Ninguna","Sin restricción"
2017,6995,9/30/2017,"Sabado",0,11:30:00,,"0.0",2,"Moto/Ciclomotor,Automóvil","Av Peñaloza Y Reg 12 de Infanteria",2,1,0,0,1,0,0,,"Avenida",,"SANTA FE","La Capital","Asfalto","Pavimento","I","Dentro","Urbana","Semáforo","Funciona","Recta","Bueno","Buena","Diurna","Buen Tiempo","De alcance","S/D","Colisión","Ninguna","Vertical","Guardarrail","Sin restricción"
2017,6996,9/4/2017,"Lunes",0,,,"0.0",2,"Pickup/Utilitario,Transporte de Pasajeros Urbano (> 8 asientos)","Av. Eva Peron Y Av. Provincias Unidas",2,1,0,0,0,0,1,,"Avenida",,"ROSARIO","Rosario","Asfalto","Pavimento","II","S/D","Urbana","Semáforo","Funciona","Recta","Bueno","Buena","S/D","Otro","Lateral","S/D","Colisión","Otro","Horizontal,Vertical","Barrera de hormigón","Sin restricción"
2017,6997,9/25/2017,"Lunes",0,21:15:00,"Ruta Nacional 11","0.0",2,"Cuatriciclo,Bicicleta","Ruta 11 Avenida Richieri Y 1 de mayo",2,1,1,0,0,0,0,,"Ruta",11,"SANTO TOMÉ","La Capital","Asfalto","No existe","I","Dentro","Urbana","Ninguna","No existe","Intersección","Bueno","Reducida","Diurna","Buen Tiempo","S/D","Ciclista","Atropello","Ninguna","Faltante","Cordón divisorio","Sin restricción"
2017,6998,9/7/2017,"Jueves",0,7:50:00,,"0.0",1,"Moto/Ciclomotor","Av. Circunvalacion Y Cerrito",1,0,0,0,0,1,0,"-32.953628, -60.721741","Avenida",,"ROSARIO","Rosario","S/D","S/D","II","S/D","S/D","S/D","S/D","S/D","S/D","S/D","Diurna","S/D","S/D","S/D","S/D","S/D","S/D","S/D","S/D"
2017,6999,9/6/2017,"Miercoles",0,,,"0.0",2,"Automóvil,Pickup/Utilitario","Av. Provincias Unidas Y Gorriti",2,1,0,0,0,0,1,,"Avenida",,"ROSARIO","Rosario","Asfalto","S/D","II","Dentro","Urbana","Otra Señal","S/D","Recta","Bueno","Buena","S/D","Otro","S/D","S/D","Colisión","Otro","Horizontal","Ninguna","Sin restricción"
2017,7000,9/2/2017,"Sabado",0,12:00:00,,"0.0",2,"Automóvil,Moto/Ciclomotor","Chaco Y Bernardo de Irigoyen",2,1,0,0,1,0,0,,"Calle",,"SANTA FE","La Capital","S/D","S/D","I","S/D","Urbana","S/D","S/D","S/D","S/D","S/D","Diurna","S/D","S/D","S/D","Colisión","S/D","S/D","S/D","S/D"
2017,7001,9/1/2017,"Viernes",0,7:30:00,,"0.0",2,"Bicicleta,Automóvil","Libertad Y Pasaje Almte Guillermo Brown",2,1,0,0,1,0,0,,"Calle",,"SANTO TOMÉ","La Capital","Asfalto","No existe","I","S/D","Urbana","Ninguna","No existe","Intersección","Bueno","Buena","Diurna","Buen Tiempo","S/D","Ciclista","Atropello","Ninguna","Horizontal","Ninguna","Sin restricción"
2017,7002,9/24/2017,"Domingo",0,12:30:00,"Ruta Nacional 33","0.0",2,"Moto/Ciclomotor,Automóvil"," ",2,0,1,0,1,0,0,,"Ruta",33,"PEREZ","Rosario","Asfalto","Natural","II","Dentro","Urbana","Marca Vial","No existe","Intersección","Bueno","Buena","Diurna","Buen Tiempo","Frontal","S/D","Colisión","Ninguna","Horizontal","Línea divisoria pintada","Sin restricción"
2017,7003,9/1/2017,"Viernes",0,19:40:00,,"0.0",2,"Automóvil,Moto/Ciclomotor","Paula Albarracin de Sarmiento Y Mariano Moreno",2,1,0,0,1,0,0,,"Calle",,"SANTO TOMÉ","La Capital","Asfalto","No existe","I","S/D","Urbana","Ninguna","Funciona","Intersección","Bueno","Buena","Atardecer","Buen Tiempo","S/D","S/D","Colisión","Ninguna","Vertical","Ninguna","Sin restricción"
2017,7004,9/5/2017,"Martes",0,13:00:00,,"0.0",2,"Moto/Ciclomotor,Automóvil","Gorriti Y Europa",3,1,0,0,0,0,2,,"Calle",,"SANTA FE","La Capital","Asfalto","Pavimento","I","S/D","Urbana","S/D","No existe","S/D","S/D","S/D","Diurna","S/D","S/D","S/D","Colisión","S/D","Faltante","S/D","S/D"
2017,7005,9/4/2017,"Lunes",0,11:40:00,,"0.0",2,"Moto/Ciclomotor,Automóvil","Av 7 de marzo Y Cordoba",3,2,0,0,1,0,0,,"Calle",,"SANTO TOMÉ","La Capital","Asfalto","No existe","I","S/D","Urbana","Ninguna","Funciona","Intersección","Bueno","Buena","Diurna","Buen Tiempo","S/D","S/D","Colisión","Ninguna","Vertical","Ninguna","Sin restricción"
2017,7006,9/13/2017,"Miercoles",0,,,"0.0",2,"Pickup/Utilitario,Moto/Ciclomotor","Av. Circunvalacion Y Av. Brassey",2,1,0,0,1,0,0,,"Avenida",,"ROSARIO","Rosario","Asfalto","S/D","II","Dentro","Urbana","Ninguna","No existe","Recta","Bueno","S/D","S/D","Otro","Lateral","S/D","Colisión","Otro","S/D","Barrera de alto impacto","Sin restricción"
2017,7007,9/14/2017,"Jueves",0,17:05:00,,"0.0",2,"Moto/Ciclomotor,Automóvil","Piedrabuena 9250",3,2,0,0,1,0,0,,"Calle",,"SANTA FE","La Capital","S/D","S/D","I","S/D","Urbana","S/D","S/D","S/D","S/D","S/D","Diurna","S/D","S/D","S/D","Colisión","S/D","S/D","S/D","S/D"
2017,7008,9/6/2017,"Miercoles",0,14:15:00,"Ruta Nacional 19","1.0",2,"Moto/Ciclomotor,Pickup/Utilitario"," ",2,1,0,0,1,0,0,,"Ruta",19,"SANTO TOMÉ","La Capital","Asfalto","No existe","I","Dentro","Urbana","Ninguna","Funciona","Recta","Bueno","Buena","Diurna","Buen Tiempo","Lateral","S/D","Colisión","S/D","Horizontal,Vertical","Línea divisoria pintada","Sin restricción"
2017,7009,9/15/2017,"Viernes",0,,,"0.0",2,"Automóvil,Moto/Ciclomotor","Gonzalez del Solar Y Av. Brassey",3,1,0,0,0,0,2,,"Calle",,"ROSARIO","Rosario","Asfalto","Pavimento","II","Dentro","S/D","Ninguna","No existe","Recta","Otro","Buena","S/D","Otro","Lateral","S/D","Colisión","Otro","Vertical","Ninguna","Sin restricción"
2017,7010,9/14/2017,"Jueves",0,20:40:00,,"0.0",2,"Automóvil,Moto/Ciclomotor","Gorriti Y Azopardo",2,1,0,0,1,0,0,,"Calle",,"SANTA FE","La Capital","Asfalto","S/D","I","S/D","Urbana","S/D","No existe","S/D","S/D","S/D","Nocturna","S/D","S/D","S/D","Colisión","S/D","Faltante","Cordón divisorio","S/D"
2017,7011,9/8/2017,"Viernes",0,6:25:00,"Ruta Nacional 11","0.0",2,"Bicicleta,Automóvil","Av 7 de marzo Y Avenida General Bartolome Mitr",2,1,0,0,1,0,0,,"Ruta",11,"SANTO TOMÉ","La Capital","Asfalto","No existe","I","Dentro","Urbana","Ninguna","No existe","Intersección","Bueno","Buena","Diurna","Buen Tiempo","S/D","Ciclista","Atropello","Ninguna","S/D","Cordón divisorio","Sin restricción"
2017,7012,9/25/2017,"Lunes",0,20:50:00,,"0.0",1,"Moto/Ciclomotor","Castañaduy Y Hernandarias",2,0,1,0,1,0,0,,"Calle",,"SANTA FE","La Capital","Asfalto","No existe","I","S/D","Urbana","Ninguna","No existe","Cruce","Con baches","Buena","Nocturna","Lluvia","S/D","S/D","Despiste","Material Suelto","Faltante","Ninguna","Sin restricción"
2017,7013,9/18/2017,"Lunes",0,,,"0.0",2,"Automóvil,Otros","Av. Brassey Y Sarratea Bis",2,0,1,0,1,0,0,,"Calle",,"ROSARIO","Rosario","Asfalto","Pavimento","II","Dentro","Urbana","Ninguna","S/D","Recta","Otro","S/D","S/D","Otro","Lateral","S/D","Colisión","Otro","S/D","Línea divisoria pintada","Sin restricción"
2017,7014,9/9/2017,"Sabado",0,15:00:00,,"0.0",2,"Automóvil,Moto/Ciclomotor","Alvear Y Gdor Crespo",2,1,0,0,1,0,0,,"Calle",,"SANTA FE","La Capital","Asfalto","No existe","I","Dentro","Urbana","Ninguna","No existe","Recta","Bueno","Buena","Diurna","Buen Tiempo","S/D","S/D","Colisión","S/D","Horizontal","Ninguna","Sin restricción"
2017,7015,9/14/2017,"Jueves",0,10:25:00,,"0.0",2,"Camión,Bicicleta","CAlle 37-Bvard. lovato Y Calle 24 - Olessio",2,0,0,0,1,1,0,"-29.155306, -59.651577","Calle",,"RECONQUISTA","General Obligado","S/D","S/D","IX","S/D","S/D","S/D","S/D","S/D","S/D","S/D","Diurna","S/D","S/D","Ciclista","Atropello","S/D","S/D","S/D","S/D"
2017,7016,9/1/2017,"Viernes",0,11:55:00,,"0.0",2,"Peatón,Moto/Ciclomotor","J.B.Justo Y Fraga Bis",2,1,0,0,1,0,0,,"Calle",,"ROSARIO","Rosario","Asfalto","No existe","II","Dentro","Urbana","Ninguna","No existe","Intersección","Bueno","Buena","Diurna","Buen Tiempo","S/D","Peatón","Atropello","Ninguna","Faltante","Ninguna","Sin restricción"
2017,7017,9/22/2017,"Viernes",0,,"Autopista Nacional A008","0.0",2,"Automóvil,Moto/Ciclomotor","Av. Circunvalacion Y Cordoba",2,1,0,0,0,0,1,,"Autopista","A008","ROSARIO","Rosario","Asfalto","Pavimento","II","S/D","Urbana","Ninguna","No existe","Recta","Bueno","S/D","S/D","Otro","Lateral","S/D","Colisión","Otro","S/D","Barrera de alto impacto","Sin restricción"
2017,7018,9/23/2017,"Sabado",0,23:15:00,,"0.0",3,"Automóvil,Moto/Ciclomotor,Automóvil","1 de Mayo ",3,1,0,0,2,0,0,,"Calle",,"PEREZ","Rosario","Asfalto","No existe","II","Dentro","Urbana","Ninguna","No existe","Recta","Bueno","Buena","Nocturna,Con luz artificial","Buen Tiempo","Frontal","S/D","Colisión","Ninguna","Horizontal","Ninguna","Sin restricción"
2017,7019,9/23/2017,"Sabado",0,,"Autopista Nacional A008","0.0",2,"Moto/Ciclomotor,Moto/Ciclomotor","Av. Circunvalacion Y Velez Sarsfield",3,1,0,0,0,0,2,,"Autopista","A008","ROSARIO","Rosario","Asfalto","S/D","II","Dentro","Urbana","Ninguna","S/D","Recta","Otro","S/D","S/D","Otro","De alcance","S/D","Colisión","Otro","S/D","Barrera de alto impacto","Sin restricción"
2017,7020,9/23/2017,"Sabado",0,,,"0.0",2,"Bicicleta,Vehículo Oficial","Av. Provincias Unidas Y Navarro",3,2,0,0,1,0,0,,"Avenida",,"ROSARIO","Rosario","Asfalto","Pavimento","II","S/D","Urbana","Ninguna","No existe","Intersección","Otro","S/D","S/D","Otro","S/D","Ciclista","Atropello","Otro","S/D","Barrera de hormigón","Sin restricción"
2017,7021,9/27/2017,"Miercoles",0,,,"0.0",2,"Pickup/Utilitario,Moto/Ciclomotor","Bv. Argentino Y Tarragona",2,1,0,0,1,0,0,,"Calle",,"ROSARIO","Rosario","Asfalto","Pavimento","II","Dentro","Urbana","Ninguna","No existe","Intersección","Otro","S/D","S/D","Buen Tiempo","Lateral","S/D","Colisión","Otro","S/D","Cordón divisorio","Sin restricción"
2017,7022,9/22/2017,"Viernes",0,,,"0.0",2,"Bicicleta,Automóvil","Tte.Agneta Y Velez Sarsfield",3,2,0,0,1,0,0,,"Calle",,"ROSARIO","Rosario","S/D","S/D","II","S/D","Urbana","S/D","S/D","Intersección","Bueno","S/D","S/D","S/D","S/D","S/D","Colisión","S/D","S/D","S/D","S/D"
2017,7023,9/26/2017,"Martes",0,18:30:00,,"0.0",2,"Bicicleta,Automóvil","Urquiza Y Guatemala",2,1,0,0,1,0,0,,"Calle",,"ROSARIO","Rosario","S/D","S/D","II","S/D","Urbana","S/D","S/D","Intersección","S/D","S/D","Diurna","S/D","S/D","Ciclista","Atropello","S/D","S/D","S/D","S/D"
2017,7024,9/14/2017,"Jueves",0,13:30:00,,"0.0",2,"Moto/Ciclomotor,Pickup/Utilitario","Gobernador Crespo Y Pasaje Almte Guillermo Brown",3,2,0,0,1,0,0,,"Calle",,"SANTO TOMÉ","La Capital","Asfalto","No existe","I","Dentro","Urbana","S/D","No existe","Intersección","Bueno","Buena","Diurna","Buen Tiempo","Lateral","S/D","Colisión","Ninguna","Faltante","S/D","S/D"
2017,7025,9/5/2017,"Martes",0,,,"0.0",2,"Moto/Ciclomotor,Automóvil","Mariano Candioti Y Juan Antonio Alvarez de Arenal",3,1,0,0,2,0,0,,"Avenida",,"SANTO TOMÉ","La Capital","Asfalto","No existe","I","S/D","Urbana","Marca Vial","No existe","Intersección","Bueno","S/D","S/D","Buen Tiempo","De alcance","S/D","Colisión","Ninguna","S/D","S/D","Sin restricción"
2017,7026,9/20/2017,"Miercoles",0,23:00:00,,"0.0",2,"Moto/Ciclomotor,Automóvil","General Manuel Belgrano Y Aritobulo del Valle",2,1,0,0,1,0,0,,"Calle",,"SANTO TOMÉ","La Capital","Asfalto","No existe","I","Dentro","Urbana","S/D","No existe","Intersección","Bueno","Reducida","Nocturna,Con luz artificial","Buen Tiempo","Frontal","S/D","Colisión","Ninguna","S/D","Ninguna","Sin restricción"
2017,7027,9/17/2017,"Domingo",0,22:50:00,"Ruta Nacional 33","709.0",2,"Moto/Ciclomotor,Automóvil"," ",6,0,0,0,5,1,0,"-33.278649, -61.387286","Ruta",33,"CHABAS","Caseros","S/D","S/D","IV","S/D","S/D","S/D","S/D","S/D","S/D","S/D","Nocturna","S/D","S/D","S/D","Colisión","S/D","S/D","S/D","S/D"
2017,7028,9/19/2017,"Martes",0,17:30:00,,"0.0",2,"Moto/Ciclomotor,Automóvil","Mariano Candioti ",2,1,0,0,1,0,0,,"Calle",,"SANTO TOMÉ","La Capital","Asfalto","No existe","I","Dentro","Urbana","Ninguna","S/D","Intersección","Bueno","Buena","Atardecer","Buen Tiempo","De alcance","S/D","Colisión","Ninguna","Faltante","Ninguna","Sin restricción"
2017,7029,9/6/2017,"Miercoles",0,23:30:00,,"0.0",2,"Moto/Ciclomotor,Automóvil","Juan Bautista Alberdi Y Juan Jose Castelli",2,1,0,0,1,0,0,,"Avenida",,"SANTO TOMÉ","La Capital","Asfalto","No existe","I","Dentro","Urbana","Ninguna","No existe","Recta","Bueno","Buena","Nocturna,Con luz artificial","Otro","De alcance","S/D","Colisión","Ninguna","S/D","Ninguna","Sin restricción"
2017,7030,9/15/2017,"Viernes",0,22:00:00,,"0.0",2,"Moto/Ciclomotor,Automóvil","Juan Jose Castelli Y Juan Bautista Alberdi",2,1,0,0,1,0,0,,"Calle",,"SANTO TOMÉ","La Capital","Asfalto","No existe","I","Dentro","Urbana","Semáforo","Funciona","Intersección","Bueno","Buena","Nocturna,Con luz artificial","Buen Tiempo","De alcance","S/D","Colisión","Agua","Vertical","Ninguna","Sin restricción"
2017,7031,9/10/2017,"Domingo",0,7:00:00,"Autopista Provincial Brigadier E.López","7.0",1,"Automóvil"," ",1,0,0,0,0,1,0,"-32.830149, -60.740793","Autopista","Brigadier E.López","CAPITÁN BERMÚDEZ","San Lorenzo","S/D","S/D","XVII","S/D","Rural","S/D","S/D","S/D","S/D","S/D","Amanecer","S/D","Contra objeto fijo","S/D","Colisión","S/D","S/D","S/D","S/D"