"anio_acci","nro_acci","fecha","desc_dia","fecha_aprox","hora_aprox","desc_ruta","km","cant_participantes","desc_participante","calle_avenida_km","total","heridos_leves","heridos_graves","heridos_gravisimos","ilesos","fallecidos","sin_datos","posicion_XY","desc_tipo_via","desc_ruta_ori","desc_loc","desc_dpto","desc_tipo_calzada","desc_tipo_banquina","desc_unidad_regional","desc_lugar_calzada","desc_zona","desc_prioridad","desc_estado_semaforo","desc_lugar_via","desc_estado_via","desc_estado_visibilidad","desc_luminosidad","desc_estado_clima","desc_tipo_colision","desc_tipo_atropello","desc_tipo_hecho","desc_pres_calzada","desc_senializacion","desc_separacion_via","desc_restriccion"
2017,7032,9/19/2017,"Martes",0,16:30:00,,"0.0",2,"Bicicleta,Automóvil","Juan Bautista Alberdi Y Presidente Bernardino Rivadavi",2,1,0,0,1,0,0,,"Calle",,"SANTO TOMÉ","La Capital","Asfalto","No existe","I","Dentro","Urbana","Ninguna","No existe","Intersección","Bueno","Buena","Diurna","Buen Tiempo","S/D","Ciclista","Atropello","Agua","Faltante","Ninguna","Sin restricción"
2017,7033,9/20/2017,"Miercoles",0,16:00:00,,"0.0",2,"Moto/Ciclomotor,Automóvil","General Manuel Belgrano Y Aritobulo del Valle",3,2,0,0,1,0,0,,"Calle",,"SANTO TOMÉ","La Capital","Asfalto","No existe","I","Dentro","Urbana","Ninguna","No existe","Intersección","Bueno","Buena","Diurna","Buen Tiempo","De alcance","S/D","Colisión","Ninguna","S/D","Ninguna","Sin restricción"
2017,7034,9/6/2017,"Miercoles",0,18:00:00,,"0.0",2,"Moto/Ciclomotor,Automóvil","Ruta 11 Avenida Richieri Y Hipolito Irigoyen",2,1,0,0,1,0,0,,"Avenida",,"SANTO TOMÉ","La Capital","Ripio","Ripio","I","S/D","Urbana","Ninguna","No existe","Intersección","Con baches","Buena","Atardecer","Buen Tiempo","De alcance","S/D","Colisión","Ninguna","S/D","Ninguna","Sin restricción"
2017,7035,9/2/2017,"Sabado",0,8:00:00,,"0.0",2,"Moto/Ciclomotor,Automóvil","Hernandarias Y Juan Jose Castelli",2,1,0,0,1,0,0,,"Calle",,"SANTO TOMÉ","La Capital","Asfalto","No existe","I","S/D","Urbana","Ninguna","No existe","Intersección","Bueno","Buena","Diurna","Buen Tiempo","De alcance","S/D","Colisión","Ninguna","Faltante","Ninguna","Sin restricción"
2017,7036,12/8/2017,"Viernes",0,17:50:00,,"0.0",2,"Automóvil,Moto/Ciclomotor","Av. Uriburu Y Av. Francia",2,1,0,0,1,0,0,,"Avenida",,"ROSARIO","Rosario","Asfalto","No existe","II","Dentro","Urbana","Semáforo","Funciona","Intersección","Bueno","Buena","Atardecer","Buen Tiempo","S/D","S/D","Colisión","Ninguna","Horizontal,Vertical","Cordón divisorio","Sin restricción"
2017,7037,12/8/2017,"Viernes",0,11:50:00,,"0.0",2,"Automóvil,Moto/Ciclomotor","Av. Ovidio Lagos Y Uruguay",2,1,0,0,1,0,0,,"Avenida",,"ROSARIO","Rosario","Asfalto","No existe","II","S/D","Urbana","Señal Ceda el Paso","No existe","Intersección","Bueno","Buena","Diurna","Buen Tiempo","S/D","S/D","Colisión","Ninguna","Vertical","Cordón divisorio","Sin restricción"
2017,7039,12/18/2017,"Lunes",0,18:20:00,,"0.0",2,"Automóvil,Bicicleta","Biedma Y Lavalle",2,1,0,0,1,0,0,,"Calle",,"ROSARIO","Rosario","Asfalto","No existe","II","Dentro","Urbana","Ninguna","No existe","Intersección","Bueno","Buena","Atardecer","Buen Tiempo","Lateral","S/D","S/D","S/D","Faltante","Ninguna","Sin restricción"
2017,7040,12/6/2017,"Miercoles",0,5:50:00,"Ruta Provincial 21","7.0",2,"Moto/Ciclomotor,Automóvil"," ",2,1,0,0,1,0,0,"-33.062646,-60.5911454","Ruta",21,"ALVEAR","Rosario","Asfalto","No existe","II","Dentro","Urbana","Ninguna","No existe","Recta","Bueno","Buena","Amanecer","Buen Tiempo","Lateral","S/D","Colisión","Ninguna","S/D","Ninguna","S/D"
2017,7041,12/23/2017,"Sabado",0,9:30:00,,"0.0",2,"Moto/Ciclomotor,Taxi/Remis","Amenabar Y Av. Francia",2,1,0,0,1,0,0,,"Avenida",,"ROSARIO","Rosario","Asfalto","No existe","II","S/D","Urbana","Ninguna","No existe","Intersección","Bueno","Buena","Diurna","Buen Tiempo","De alcance","S/D","Colisión","Ninguna","S/D","Cordón divisorio","Sin restricción"
2017,7042,12/22/2017,"Viernes",0,18:00:00,,"0.0",3,"Pickup/Utilitario,Automóvil,Automóvil","Av. Circunvalacion Y Av. Uriburu",6,2,0,0,4,0,0,,"Avenida",,"ROSARIO","Rosario","Asfalto","No existe","II","S/D","Urbana","Ninguna","No existe","Recta","Bueno","Buena","Atardecer","Buen Tiempo","Múltiple","S/D","Colisión","Ninguna","S/D","Guardarrail","Sin restricción"
2017,7043,12/14/2017,"Jueves",0,17:30:00,"Ruta Provincial 21","291.0",2,"Bicicleta,Automóvil"," ",2,1,0,0,0,0,1,"-33.05124,-60.60311","Ruta",21,"ALVEAR","Rosario","Asfalto","Natural","II","Dentro","Rural","Ninguna","No existe","Recta","Bueno","Buena","Diurna","Buen Tiempo","Lateral","Ciclista","Atropello","Ninguna","S/D","Línea divisoria pintada","S/D"
2017,7044,12/3/2017,"Domingo",0,12:30:00,,"0.0",2,"Bicicleta,Automóvil","MOSCONI Y BUENOS AIRES",2,1,0,0,1,0,0,,"Calle",,"VILLA GOBERNADOR GÁLVEZ","Rosario","Asfalto","No existe","II","Dentro","Urbana","Ninguna","No existe","Intersección","Bueno","Buena","Diurna","Buen Tiempo","S/D","Ciclista","Atropello","Ninguna","Faltante","Ninguna","Sin restricción"
2017,7045,12/23/2017,"Sabado",0,5:00:00,,"0.0",2,"Automóvil,Moto/Ciclomotor","Av. Ovidio Lagos Y Dr.Rivas",3,2,1,0,0,0,0,,"Avenida",,"ROSARIO","Rosario","Asfalto","No existe","II","S/D","Urbana","Marca Vial","No existe","Intersección","Bueno","Buena","Amanecer","Buen Tiempo","S/D","S/D","S/D","Ninguna","Horizontal","Cordón divisorio","Sin restricción"
2017,7046,12/23/2017,"Sabado",0,11:40:00,,"0.0",2,"Moto/Ciclomotor,Automóvil","Fray Justo Santa Maria de Oro Y Avellaneda",2,1,0,0,1,0,0,"-33.022416666667,-60.630472222222","Calle",,"VILLA GOBERNADOR GÁLVEZ","Rosario","Asfalto","No existe","II","Dentro","Urbana","Ninguna","No existe","Intersección","Bueno","Buena","Diurna","Buen Tiempo","S/D","S/D","Colisión","Ninguna","Faltante","Ninguna","Sin restricción"
2017,7047,12/24/2017,"Domingo",0,11:50:00,,"0.0",2,"Automóvil,Moto/Ciclomotor","Lamadrid Y Suipacha",3,2,0,0,1,0,0,,"Calle",,"ROSARIO","Rosario","Asfalto","No existe","II","Dentro","Urbana","Ninguna","No existe","Intersección","Deteriorada","Buena","Diurna","Buen Tiempo","S/D","S/D","Colisión","Ninguna","Faltante","Ninguna","Sin restricción"
2017,7048,12/10/2017,"Domingo",0,13:10:00,,"0.0",2,"Automóvil,Moto/Ciclomotor","Pasteur Y Belgrano",3,2,0,0,1,0,0,,"Calle",,"VILLA GOBERNADOR GÁLVEZ","Rosario","Asfalto","Pavimento","II","S/D","Urbana","Ninguna","No existe","Intersección","Bueno","Buena","Diurna","Buen Tiempo","Otro","S/D","Colisión","Ninguna","Faltante","Ninguna","Sin restricción"
2017,7049,12/4/2017,"Lunes",0,17:00:00,,"0.0",2,"Moto/Ciclomotor,Automóvil","Independencia Y J A Roca",2,1,0,0,1,0,0,"-33.022472222222,-60.617722222222","Calle",,"VILLA GOBERNADOR GÁLVEZ","Rosario","Asfalto","No existe","II","Dentro","Urbana","Ninguna","No existe","Intersección","Bueno","Buena","Diurna","Buen Tiempo","Lateral","S/D","Colisión","Ninguna","Faltante","Ninguna","Sin restricción"
2017,7050,12/26/2017,"Martes",0,16:40:00,,"0.0",2,"Moto/Ciclomotor,Automóvil","Saavedra Y Alsina",3,2,0,0,0,0,1,,"Calle",,"ROSARIO","Rosario","Asfalto","No existe","II","Dentro","Urbana","Ninguna","No existe","Intersección","Bueno","Buena","Atardecer","Buen Tiempo","Lateral","S/D","Colisión","Ninguna","Faltante","Ninguna","Sin restricción"
2017,7051,12/19/2017,"Martes",0,12:30:00,,"0.0",2,"Moto/Ciclomotor,Automóvil","Av. Ntra.Sra.del Rosario Y Mariano Moreno",3,0,0,0,1,0,2,,"Calle",,"ROSARIO","Rosario","Asfalto","No existe","II","Dentro","Urbana","Ninguna","No existe","Intersección","Bueno","Buena","Diurna","Buen Tiempo","Lateral","S/D","Colisión","Ninguna","Faltante","Ninguna","Sin restricción"
2017,7052,12/5/2017,"Martes",0,5:30:00,,"0.0",2,"Moto/Ciclomotor,Automóvil","EMILIO ZOLA Y SAN MARTIN",4,3,0,0,0,0,1,"-33.028833333333,-60.620833333333","Calle",,"VILLA GOBERNADOR GÁLVEZ","Rosario","Asfalto","No existe","II","Dentro","Urbana","Ninguna","No existe","Intersección","Bueno","Buena","Nocturna,Con luz artificial","Buen Tiempo","Lateral","S/D","Colisión","Ninguna","Faltante","Ninguna","Sin restricción"
2017,7053,12/1/2017,"Viernes",0,9:00:00,,"0.0",2,"Moto/Ciclomotor,Pickup/Utilitario","Mariano Moreno Y H. Quiroga",2,1,0,0,0,0,1,,"Calle",,"ROSARIO","Rosario","Asfalto","No existe","II","S/D","Urbana","Ninguna","No existe","Intersección","Bueno","Buena","Diurna","Buen Tiempo","Lateral","S/D","Colisión","Ninguna","Faltante","Ninguna","Sin restricción"
2017,7054,12/9/2017,"Sabado",0,9:30:00,,"0.0",2,"Automóvil,Automóvil","chile 2118",2,1,0,0,1,0,0,"-33.024833333333,-60.617583333333","Calle",,"VILLA GOBERNADOR GÁLVEZ","Rosario","Asfalto","No existe","II","Dentro","Urbana","Ninguna","No existe","Recta","Bueno","Buena","Diurna","Buen Tiempo","Lateral","S/D","Colisión","Ninguna","Faltante","Ninguna","Sin restricción"
2017,7055,12/23/2017,"Sabado",0,12:50:00,,"0.0",2,"Moto/Ciclomotor,Automóvil","Av. Arijon 2400",3,1,0,0,2,0,0,,"Avenida",,"ROSARIO","Rosario","Asfalto","No existe","II","Dentro","Urbana","Ninguna","No existe","Intersección","Bueno","Buena","Diurna","Buen Tiempo","Lateral","S/D","Colisión","Ninguna","Faltante","Línea divisoria pintada","Sin restricción"
2017,7056,12/11/2017,"Lunes",0,6:55:00,,"0.0",2,"Transporte de Pasajeros Urbano (> 8 asientos),Moto/Ciclomotor","Av Gral San Martin Y Chubut",2,0,1,0,1,0,0,"-33.033277777778,-60.617416666667","Calle",,"VILLA GOBERNADOR GÁLVEZ","Rosario","Asfalto","S/D","II","Dentro","Urbana","Semáforo","Funciona","Intersección","Bueno","Buena","Diurna","Buen Tiempo","Lateral","S/D","Colisión","Ninguna","Faltante","Cordón divisorio","Sin restricción"
2017,7057,12/26/2017,"Martes",0,10:30:00,,"0.0",2,"Moto/Ciclomotor,Automóvil","Sanchez de Bustamante Y Dorrego",3,2,0,0,1,0,0,,"Calle",,"ROSARIO","Rosario","Asfalto","No existe","II","Dentro","Urbana","Ninguna","No existe","Intersección","Bueno","Buena","Diurna","Buen Tiempo","Lateral","S/D","Colisión","Ninguna","Faltante","Ninguna","Sin restricción"
2017,7058,12/13/2017,"Miercoles",0,12:15:00,,"0.0",2,"Moto/Ciclomotor,Pickup/Utilitario","Callao Y Av. Ntra.Sra.del Rosario",2,1,0,0,1,0,0,,"S/D",,"ROSARIO","Rosario","Asfalto","No existe","II","Dentro","Urbana","Ninguna","No existe","Intersección","Bueno","Buena","Diurna","Buen Tiempo","Lateral","S/D","Colisión","Ninguna","Faltante","Ninguna","Sin restricción"
2017,7059,12/11/2017,"Lunes",0,22:40:00,,"0.0",2,"Bicicleta,Pickup/Utilitario","Av Leandro Alem Y San Luis",2,1,0,0,1,0,0,"-33.027583333333,-60.604166666667","Calle",,"VILLA GOBERNADOR GÁLVEZ","Rosario","Asfalto","No existe","II","Dentro","Urbana","Ninguna","No existe","Intersección","Con baches","Reducida","Nocturna,Con luz artificial","Buen Tiempo","De alcance","Ciclista","Atropello","Ninguna","Faltante","Ninguna","Sin restricción"
2017,7060,12/9/2017,"Sabado",0,3:45:00,,"0.0",2,"Moto/Ciclomotor,Automóvil","Bv. Oroño Y Lamadrid",2,1,0,0,1,0,0,,"Avenida",,"ROSARIO","Rosario","Asfalto","No existe","II","Dentro","Urbana","Semáforo","Funciona","Intersección","Bueno","Buena","Con luz artificial","Buen Tiempo","Lateral","S/D","Colisión","Ninguna","Vertical","Cordón divisorio","Sin restricción"
2017,7061,12/13/2017,"Miercoles",0,17:30:00,,"0.0",2,"Bicicleta,Automóvil","12 de Octubre Y 20 de Junio",2,1,0,0,1,0,0,"-33.024583333333,-60.615694444444","Calle",,"VILLA GOBERNADOR GÁLVEZ","Rosario","Tierra","No existe","II","Dentro","Urbana","Ninguna","No existe","Intersección","Con baches","Buena","Diurna","Buen Tiempo","De alcance","Ciclista","Atropello","Ninguna","Faltante","Ninguna","Sin restricción"
2017,7062,12/5/2017,"Martes",0,14:00:00,,"0.0",2,"Tracción animal / Carro,Camión Chasis","Av. Ovidio Lagos Y Camino Viejo Soldini",2,1,0,0,1,0,0,"-33.025916666667,-60.681138888889","Avenida",,"ROSARIO","Rosario","Asfalto","No existe","II","Dentro","Urbana","Semáforo","Funciona","Recta","Bueno","Buena","Diurna","Buen Tiempo","De alcance","S/D","Colisión","Ninguna","Vertical","Cordón divisorio","Sin restricción"
2017,7063,12/13/2017,"Miercoles",0,11:00:00,,"0.0",2,"Moto/Ciclomotor,Automóvil","COLECTORA Y circunvalacion",3,2,0,0,1,0,0,,"Calle",,"VILLA GOBERNADOR GÁLVEZ","Rosario","Asfalto","No existe","II","Dentro","Urbana","Ninguna","Funciona","Intersección","Bueno","Buena","Diurna","Buen Tiempo","Lateral","S/D","Colisión","Ninguna","Vertical","Ninguna","Sin restricción"
2017,7064,12/21/2017,"Jueves",0,5:00:00,,"0.0",2,"Automóvil,Bicicleta","Iriondo Y Av. Arijon",2,1,0,0,1,0,0,"-33.004,-60.681916666667","Calle",,"ROSARIO","Rosario","Asfalto","No existe","II","Dentro","Urbana","Ninguna","No existe","Recta","Bueno","Buena","Nocturna","Buen Tiempo","De alcance","Ciclista","Atropello","Ninguna","Faltante","Línea divisoria pintada","Sin restricción"
2017,7065,12/13/2017,"Miercoles",0,20:15:00,,"0.0",2,"Moto/Ciclomotor,Automóvil","J A Roca Y 12 de Octubre",2,1,0,0,1,0,0,"-33.022444444444,-60.615805555556","Calle",,"VILLA GOBERNADOR GÁLVEZ","Rosario","Asfalto","No existe","II","Dentro","Urbana","Ninguna","No existe","Intersección","Bueno","S/D","S/D","Buen Tiempo","De alcance","S/D","Atropello","Ninguna","Faltante","Ninguna","Sin restricción"
2017,7066,11/29/2017,"Miercoles",0,16:45:00,,"0.0",2,"Automóvil,Otros","Av. Circunvalacion Y España",2,1,0,0,0,0,1,,"Avenida",,"ROSARIO","Rosario","Asfalto","Natural","II","S/D","Urbana","Ninguna","No existe","Recta","Bueno","Buena","Diurna","Buen Tiempo","Lateral","S/D","Colisión","Ninguna","Vertical","Guardarrail","Sin restricción"
2017,7067,12/15/2017,"Viernes",0,23:00:00,,"0.0",2,"Moto/Ciclomotor,Pickup/Utilitario","Bv San diego 500",2,1,0,0,1,0,0,"-33.018666666667,-60.613666666667","Calle",,"VILLA GOBERNADOR GÁLVEZ","Rosario","Asfalto","No existe","II","Dentro","Urbana","Ninguna","No existe","Recta","Bueno","Reducida","Nocturna,Con luz artificial","Buen Tiempo","Lateral","S/D","Colisión","Ninguna","Faltante","Ninguna","Sin restricción"
2017,7068,12/22/2017,"Viernes",0,18:05:00,,"0.0",2,"Moto/Ciclomotor,Bicicleta","Marcos Paz Y A F Temporelli",2,1,0,0,1,0,0,,"Calle",,"VILLA GOBERNADOR GÁLVEZ","Rosario","Asfalto","Natural","II","Dentro","Urbana","Ninguna","No existe","Intersección","Deteriorada","Reducida","Diurna","Lluvia","Lateral","S/D","Colisión","Agua","Faltante","Ninguna","Sin restricción"
2017,7069,12/19/2017,"Martes",0,18:15:00,,"0.0",3,"Automóvil,Automóvil,Automóvil","SAN MARTIN Y COLECTORA",4,1,0,0,3,0,0,,"Calle",,"VILLA GOBERNADOR GÁLVEZ","Rosario","Asfalto","No existe","II","Dentro","Urbana","Semáforo","Funciona","Intersección","Bueno","Buena","Atardecer","Buen Tiempo","Múltiple","S/D","Colisión","Ninguna","Horizontal","Ninguna","Sin restricción"
2017,7070,12/23/2017,"Sabado",0,21:15:00,"Ruta Provincial 22","0.0",2,"Automóvil,Moto/Ciclomotor","Ruta Prov 22 S Y Bordabhere",3,1,0,0,2,0,0,,"Ruta",22,"VILLA GOBERNADOR GÁLVEZ","Rosario","Asfalto","Natural","II","S/D","Urbana","Ninguna","No existe","Curva","Bueno","Reducida","Nocturna","Buen Tiempo","Lateral","S/D","Colisión","Ninguna","Horizontal,Vertical","Guardarrail,Línea divisoria pintada","Sin restricción"
2017,7071,12/20/2017,"Miercoles",0,20:50:00,,"0.0",2,"Moto/Ciclomotor,Automóvil","SAN MARTIN Y SAN DIEGO",2,1,0,0,1,0,0,,"Calle",,"VILLA GOBERNADOR GÁLVEZ","Rosario","Asfalto","No existe","II","Dentro","Urbana","Semáforo","Funciona","Intersección","Bueno","Buena","Nocturna,Con luz artificial","Buen Tiempo","Lateral","S/D","Colisión","Ninguna","Horizontal","Ninguna","Sin restricción"
2017,7072,12/25/2017,"Lunes",0,9:00:00,,"0.0",1,"Automóvil","Ruta Provincial N° 22 Y Simon Bolivar",2,2,0,0,0,0,0,,"Calle",,"VILLA GOBERNADOR GÁLVEZ","Rosario","Asfalto,Tierra","Ripio","II","S/D","Urbana","Ninguna","No existe","Intersección","Bueno","Buena","Diurna","Buen Tiempo","S/D","S/D","Vuelco","Ninguna","Horizontal,Vertical","Línea divisoria pintada","Sin restricción"
2017,7073,12/28/2017,"Jueves",0,0:10:00,,"0.0",2,"Automóvil,Moto/Ciclomotor","Av Juan Domingo Peron Y Av Argentina",2,1,0,0,1,0,0,,"Avenida",,"VILLA GOBERNADOR GÁLVEZ","Rosario","Hormigón","No existe","II","Dentro","Urbana","Ninguna","No existe","Recta","Bueno","Buena","Con luz artificial","Buen Tiempo","Frontal","S/D","Colisión","Ninguna","Faltante","Ninguna","Sin restricción"
2017,7074,12/30/2017,"Sabado",0,14:45:00,"Autopista Nacional Gral. Juan Jose Valle","285.0",2,"Automóvil,Automóvil","Autopista Rosario Bs As 285",3,1,0,0,2,0,0,,"Autopista","Gral. Juan Jose Valle","VILLA GOBERNADOR GÁLVEZ","Rosario","Asfalto","Ripio","II","Dentro","S/D","Ninguna","No existe","Recta","Bueno","S/D","Diurna","Buen Tiempo","Lateral","S/D","Colisión","Ninguna","Horizontal,Vertical","Guardarrail,Vegetación","Sin restricción"
2017,7075,12/24/2017,"Domingo",0,18:00:00,,"0.0",2,"Moto/Ciclomotor,Peatón","J.J.Paso Y Venezuela",2,1,0,0,1,0,0,,"Avenida",,"ROSARIO","Rosario","Asfalto","Pavimento","II","Dentro","Urbana","Ninguna","S/D","Recta","Bueno","Buena","Atardecer","Otro","Lateral","Peatón","Atropello","Otro","Horizontal","Ninguna","Sin restricción"
2017,7076,9/4/2017,"Lunes",0,23:45:00,,"0.0",2,"Automóvil,Moto/Ciclomotor","Av. Circunvalacion Y Av. Sorrento",3,1,0,0,2,0,0,,"Avenida",,"ROSARIO","Rosario","Asfalto","No existe","II","Dentro","Urbana","Semáforo","Intermitente","Recta","Bueno","Buena","Nocturna","Buen Tiempo","Lateral","S/D","Colisión","Ninguna","Vertical","Ninguna","Sin restricción"
2017,7077,9/18/2017,"Lunes",0,14:00:00,,"0.0",2,"Automóvil,Peatón","Pje Santa Fe ",2,0,1,0,1,0,0,,"Calle",,"SANTA FE","La Capital","Asfalto,Ripio","No existe","I","Dentro","Rural","Ninguna","S/D","Recta","Con baches","S/D","Diurna","Buen Tiempo","S/D","Peatón","Atropello","Ninguna","Faltante","Ninguna","Sin restricción"
2017,7078,9/12/2017,"Martes",0,19:40:00,,"0.0",2,"Taxi/Remis,Automóvil","Mitre Y Dr.Rivas",3,1,0,0,2,0,0,,"Calle",,"ROSARIO","Rosario","Asfalto","No existe","II","Dentro","Urbana","Ninguna","No existe","Intersección","Bueno","Buena","Atardecer","Buen Tiempo","Lateral","S/D","Colisión","Ninguna","Faltante","Ninguna","Sin restricción"
2017,7079,9/9/2017,"Sabado",0,5:50:00,,"0.0",2,"Automóvil,Camión c / Acoplado","Bv. Oroño Y 24 De Setiembre",4,1,0,0,3,0,0,,"Calle",,"ROSARIO","Rosario","Asfalto","No existe","II","Dentro","Urbana","Ninguna","No existe","Recta","Bueno","Buena","Nocturna","Buen Tiempo","Lateral","S/D","Colisión","Ninguna","Horizontal","Ninguna","Sin restricción"
2017,7080,9/14/2017,"Jueves",0,21:20:00,,"0.0",2,"Moto/Ciclomotor,Moto/Ciclomotor","Eva Peron Y Av Lopez y Planes",2,2,0,0,0,0,0,,"Calle",,"SANTA FE","La Capital","Asfalto,Hormigón","No existe","I","Dentro","Urbana","Semáforo","Funciona","Intersección","Bueno","Reducida","Nocturna","Buen Tiempo","De alcance","S/D","Colisión","Material Suelto","Horizontal,Vertical","Cordón divisorio","Sin restricción"
2017,7081,9/1/2017,"Viernes",0,21:45:00,,"0.0",2,"Otros,Otros","Domingo Silva Y Mitre",2,0,0,0,0,0,2,,"Calle",,"SANTA FE","La Capital","Asfalto","No existe","I","Dentro","Urbana","S/D","No existe","Intersección","Bueno","S/D","Nocturna","S/D","Lateral","S/D","Colisión","S/D","Faltante","Ninguna","S/D"
2017,7082,9/13/2017,"Miercoles",0,12:25:00,,"0.0",2,"Transporte de Pasajeros Larga Distancia (> 8 asientos),Moto/Ciclomotor","Av Blas Parera 5452",2,1,0,0,1,0,0,,"Calle",,"SANTA FE","La Capital","Asfalto,Hormigón","No existe","I","Dentro","Urbana","Ninguna","Funciona","Intersección","Con baches,Resbaladiza","Buena","Diurna","Buen Tiempo","De alcance","S/D","Colisión","Material Suelto,Fluidos","Horizontal,Vertical","Cordón divisorio,Vegetación","Sin restricción"
2017,7083,9/20/2017,"Miercoles",0,11:05:00,,"0.0",2,"Automóvil,Transporte de Pasajeros Urbano (> 8 asientos)","Bv. Oroño Y Av. Uriburu",4,3,0,0,1,0,0,,"Avenida",,"ROSARIO","Rosario","Asfalto","No existe","II","Dentro","Urbana","Semáforo","Funciona","Intersección","Bueno","Buena","Diurna","Buen Tiempo","Lateral","S/D","Colisión","Ninguna","Horizontal,Vertical","Ninguna","Sin restricción"
2017,7084,9/13/2017,"Miercoles",0,17:45:00,,"0.0",2,"Transporte de Pasajeros Urbano (> 8 asientos),Moto/Ciclomotor","Av Blas Parera Y Martin Zapata",2,1,0,0,1,0,0,,"Calle",,"SANTA FE","La Capital","Asfalto,Ripio","No existe","I","Dentro","Urbana","Semáforo","Funciona","Intersección","Con baches,Resbaladiza,Deteriorada","Buena","Diurna","Buen Tiempo","De alcance","S/D","Colisión","Otro","Horizontal,Vertical","Cordón divisorio,Vegetación,Línea divisoria pintada","Sin restricción"
2017,7086,9/14/2017,"Jueves",0,11:00:00,,"0.0",2,"Automóvil,Bicicleta","San Martin Y Berutti",2,1,0,0,1,0,0,,"Calle",,"ESPERANZA","Las Colonias","Asfalto","No existe","XI","Dentro","Urbana","Ninguna","No existe","Intersección","Bueno","Buena","Diurna","Buen Tiempo","S/D","Ciclista","Atropello","Ninguna","Horizontal,Vertical","Ninguna","Sin restricción"
2017,7087,9/13/2017,"Miercoles",0,7:30:00,,"0.0",2,"Moto/Ciclomotor,Moto/Ciclomotor","Padre Catena Y Av Pte Peron",2,2,0,0,0,0,0,,"Avenida",,"SANTA FE","La Capital","Asfalto,Hormigón","No existe","I","Dentro","Urbana","Ninguna","No existe","Intersección","Con baches,Resbaladiza","Buena","Diurna","Buen Tiempo","De alcance","S/D","Colisión","Material Suelto,Fluidos","Faltante","Ninguna","Sin restricción"
2017,7088,9/6/2017,"Miercoles",0,19:15:00,,"0.0",2,"Automóvil,Moto/Ciclomotor","Rivadavia Y Gregorio Donnet",2,1,0,0,1,0,0,,"Calle",,"ESPERANZA","Las Colonias","Asfalto","No existe","XI","Dentro","Urbana","Ninguna","No existe","Intersección","Bueno","Buena","Con luz artificial","Buen Tiempo","Lateral","S/D","Colisión","Ninguna","Faltante","Ninguna","Sin restricción"
2017,7089,9/11/2017,"Lunes",0,21:30:00,,"0.0",2,"Pickup/Utilitario,Moto/Ciclomotor","Av Pte Peron Y Iturraspe",2,1,0,0,1,0,0,,"Avenida",,"SANTA FE","La Capital","Asfalto,Hormigón","No existe","I","Dentro","Urbana","Ninguna","Intermitente","Intersección","Con baches,Resbaladiza","Reducida","Nocturna","Buen Tiempo","De alcance","S/D","Colisión","Agua,Material Suelto","Horizontal,Vertical","Barrera de hormigón,Cordón divisorio,Línea divisoria pintada","Sin restricción"
2017,7090,9/18/2017,"Lunes",0,18:30:00,,"0.0",2,"Automóvil,Automóvil","Av. Frondizi A Y J.B.Cordiviola",2,1,0,0,1,0,0,,"Avenida",,"ROSARIO","Rosario","Asfalto","S/D","II","Dentro","Urbana","S/D","S/D","Intersección","Bueno","S/D","S/D","Buen Tiempo","Lateral","S/D","Colisión","Ninguna","S/D","Ninguna","Sin restricción"
2017,7091,9/11/2017,"Lunes",0,13:30:00,,"0.0",2,"Moto/Ciclomotor,Peatón","Av Lopez y Planes Y Pedro Diaz Colodrero",2,1,0,0,1,0,0,,"Avenida",,"SANTA FE","La Capital","Asfalto","No existe","I","Dentro","Urbana","Ninguna","No existe","Recta","Bueno","Buena","Diurna","Buen Tiempo","S/D","Peatón","Atropello","Ninguna","Horizontal,Vertical","Barrera de hormigón","Sin restricción"
2017,7092,7/20/2017,"Jueves",0,9:45:00,,"0.0",2,"Otros,Moto/Ciclomotor","Bv. Rondeau Y Marull",2,0,0,0,0,1,1,"-32.906194, -60.688652","Calle",,"ROSARIO","Rosario","Asfalto","No existe","II","Dentro","Urbana","Ninguna","No existe","Intersección","Bueno","S/D","Diurna","S/D","S/D","S/D","Colisión","Ninguna","Faltante","Cordón divisorio","Sin restricción"
2017,7093,9/24/2017,"Domingo",0,20:10:00,"Ruta Nacional 11","0.0",1,"Automóvil","Ruta Nacional 11 ",2,1,0,0,1,0,0,,"Ruta",11,"VERA","Vera","Asfalto","Pavimento","XIX","S/D","Urbana","Ninguna","No existe","Cruce","Bueno","Reducida","Nocturna","Buen Tiempo","S/D","S/D","Despiste","Ninguna","Horizontal,Vertical","Ninguna","Sin restricción"