"anio_acci","nro_acci","fecha","desc_dia","fecha_aprox","hora_aprox","desc_ruta","km","cant_participantes","desc_participante","calle_avenida_km","total","heridos_leves","heridos_graves","heridos_gravisimos","ilesos","fallecidos","sin_datos","posicion_XY","desc_tipo_via","desc_ruta_ori","desc_loc","desc_dpto","desc_tipo_calzada","desc_tipo_banquina","desc_unidad_regional","desc_lugar_calzada","desc_zona","desc_prioridad","desc_estado_semaforo","desc_lugar_via","desc_estado_via","desc_estado_visibilidad","desc_luminosidad","desc_estado_clima","desc_tipo_colision","desc_tipo_atropello","desc_tipo_hecho","desc_pres_calzada","desc_senializacion","desc_separacion_via","desc_restriccion"
2017,7094,9/23/2017,"Sabado",0,10:00:00,,"0.0",2,"Automóvil,Moto/Ciclomotor","Alberdi Y J.J.Paso",3,2,0,0,1,0,0,,"Avenida",,"ROSARIO","Rosario","Asfalto","No existe","II","Dentro","Urbana","Semáforo","Funciona","Recta","Bueno","Buena","Diurna","Buen Tiempo","S/D","S/D","Colisión","S/D","Vertical","Ninguna","Sin restricción"
2017,7095,9/4/2017,"Lunes",0,8:10:00,,"0.0",2,"Automóvil,Moto/Ciclomotor","Av Peñaloza Y Huergo",2,1,0,0,1,0,0,,"Avenida",,"SANTA FE","La Capital","Asfalto","Pavimento","I","S/D","Urbana","Ninguna","No existe","Recta","Con baches","Buena","Diurna","Buen Tiempo","Lateral","S/D","Colisión","Material Suelto","Horizontal,Vertical","Cordón divisorio","Sin restricción"
2017,7096,9/24/2017,"Domingo",0,20:25:00,,"0.0",2,"Automóvil,Moto/Ciclomotor","Soldado Gomez Y 25 de Mayo",2,1,0,0,1,0,0,,"Calle",,"VERA","Vera","Ripio","No existe","XIX","Dentro","Urbana","Ninguna","No existe","Intersección","Bueno","Buena","Nocturna","Buen Tiempo","Frontal","S/D","Colisión","Ninguna","Faltante","Ninguna","Sin restricción"
2017,7097,9/1/2017,"Viernes",0,23:05:00,"Autopista Provincial Brigadier E.López","155.0",2,"Automóvil,Automóvil"," ",2,1,0,0,1,0,0,,"Autopista","Brigadier E.López","SANTA FE","La Capital","Asfalto","Ripio","I","Dentro","Rural","Ninguna","No existe","Recta","Bueno","Buena","Diurna","Buen Tiempo","De alcance","S/D","Colisión","Ninguna","Faltante","Vegetación","Sin restricción"
2017,7098,9/29/2017,"Viernes",0,21:00:00,,"0.0",2,"Moto/Ciclomotor,Automóvil","Pedro Ferre Y Gdor Freyre",2,1,0,0,1,0,0,,"Calle",,"SANTA FE","La Capital","Asfalto,Tierra","No existe","I","Dentro","Urbana","Ninguna","No existe","Intersección","Resbaladiza,Deteriorada","Reducida","Nocturna","Otro","De alcance","S/D","Colisión","Otro","Horizontal,Vertical","Cordón divisorio","Sin restricción"
2017,7100,9/20/2017,"Miercoles",0,8:00:00,,"0.0",2,"Automóvil,Moto/Ciclomotor","Jose Ingenieros 1600",2,1,0,0,1,0,0,,"Calle",,"ROSARIO","Rosario","Asfalto","No existe","II","Dentro","Urbana","Ninguna","No existe","Recta","Bueno","Buena","Diurna","Buen Tiempo","S/D","S/D","Colisión","Ninguna","Faltante","Ninguna","Sin restricción"
2017,7101,9/2/2017,"Sabado",0,12:00:00,,"0.0",2,"Automóvil,Moto/Ciclomotor","Av Pte Peron Y Iturraspe",2,1,0,0,1,0,0,,"Avenida",,"SANTA FE","La Capital","Asfalto","Pavimento","I","Dentro","Urbana","Semáforo","Funciona","Recta","Resbaladiza,Deteriorada","Buena","Diurna","Buen Tiempo","De alcance","S/D","Colisión","Agua,Material Suelto,Fluidos","Horizontal,Vertical","Cordón divisorio","Sin restricción"
2017,7102,9/25/2017,"Lunes",0,14:30:00,,"0.0",2,"Moto/Ciclomotor,Automóvil","Gdor Freyre Y Luciano Torrent",2,1,0,0,1,0,0,,"Calle",,"SANTA FE","La Capital","Asfalto,Hormigón","Pavimento","I","Dentro","Urbana","Ninguna","No funciona","Intersección","Con baches,Resbaladiza","Buena","Diurna","Buen Tiempo","De alcance","S/D","Colisión","Fluidos,Otro","Horizontal,Vertical","Cordón divisorio","Sin restricción"
2017,7103,9/7/2017,"Jueves",0,1:40:00,,"0.0",2,"Automóvil,Moto/Ciclomotor","Artigas Y Cochabamba",2,1,0,0,1,0,0,,"Calle",,"SANTA FE","La Capital","Asfalto","No existe","I","Dentro","Urbana","Ninguna","Funciona","Recta","Con baches","Reducida","Nocturna","Buen Tiempo","De alcance","S/D","Colisión","Agua,Material Suelto","Horizontal,Vertical","Ninguna","Sin restricción"
2017,7104,9/25/2017,"Lunes",0,11:20:00,,"0.0",2,"Moto/Ciclomotor,Automóvil","Av Urquiza Y Iturraspe",2,1,0,0,1,0,0,,"Avenida",,"SANTA FE","La Capital","Asfalto,Hormigón","Pavimento","I","Dentro","Urbana","Semáforo","No funciona","Intersección","Con baches,Deteriorada","Buena","Diurna","Buen Tiempo","De alcance","S/D","Colisión","Material Suelto,Fluidos","Horizontal,Vertical","Barrera de hormigón,Cordón divisorio","Sin restricción"
2017,7105,9/30/2017,"Sabado",0,11:30:00,,"0.0",2,"Automóvil,Peatón","Alberdi Y Av. Genova",4,0,0,1,3,0,0,,"Avenida",,"ROSARIO","Rosario","Asfalto","No existe","II","Dentro","Urbana","Semáforo","Funciona","Recta","Bueno","Buena","Diurna","Buen Tiempo","S/D","Peatón","Atropello","Ninguna","Vertical","Cordón divisorio","Sin restricción"
2017,7106,6/8/2017,"Jueves",0,11:10:00,,"0.0",2,"Automóvil,Moto/Ciclomotor","Cornelio Saavedra Y Lopez",3,1,0,0,2,0,0,,"Calle",,"VENADO TUERTO","General López","Asfalto","No existe","VIII","Dentro","Urbana","Ninguna","No existe","Intersección","Bueno","S/D","Diurna","S/D","S/D","S/D","Colisión","Ninguna","Faltante","Ninguna","Sin restricción"
2017,7107,9/7/2017,"Jueves",0,7:45:00,,"0.0",2,"Automóvil,Moto/Ciclomotor","Saavedra Y Juan Del Campillo",3,3,0,0,0,0,0,,"Calle",,"SANTA FE","La Capital","Asfalto,Tierra","No existe","I","Dentro","Urbana","Ninguna","No existe","Intersección","Bueno,Resbaladiza","Buena","Diurna","Buen Tiempo","De alcance","S/D","Colisión","Agua,Fluidos","Faltante","Ninguna","Sin restricción"
2017,7108,6/8/2017,"Jueves",0,12:05:00,,"0.0",2,"Pickup/Utilitario,Moto/Ciclomotor","Alsina V Y Caseros",2,1,0,0,1,0,0,,"Calle",,"VENADO TUERTO","General López","Asfalto","No existe","VIII","Dentro","Urbana","S/D","No existe","Intersección","Bueno","S/D","Diurna","S/D","S/D","S/D","Colisión","Ninguna","Faltante","S/D","Sin restricción"
2017,7109,9/22/2017,"Viernes",0,13:30:00,,"0.0",2,"Moto/Ciclomotor,Bicicleta","Av Lopez y Planes Y Pedro Ferre",2,1,0,0,1,0,0,,"Avenida",,"SANTA FE","La Capital","Asfalto,Hormigón","No existe","I","Dentro","Urbana","Ninguna","No existe","Intersección","Bueno,Con baches","Buena","Diurna","Buen Tiempo","De alcance","S/D","Colisión","Material Suelto,Fluidos","Horizontal,Vertical","Barrera de hormigón,Cordón divisorio","Sin restricción"
2017,7110,9/7/2017,"Jueves",0,9:25:00,,"0.0",1,"Camión c / Acoplado","Av Blas Parera Y M De Polonia",2,1,0,0,1,0,0,,"Avenida",,"SANTA FE","La Capital","Asfalto","Natural","I","Dentro","Urbana","Ninguna","No existe","Curva","Bueno","Buena","Diurna","Buen Tiempo","De alcance","S/D","Colisión","Fluidos","Horizontal,Vertical","Barrera de hormigón","Sin restricción"
2017,7111,9/11/2017,"Lunes",0,8:35:00,,"0.0",2,"Automóvil,Moto/Ciclomotor","Juan Del Campillo Y Francia",3,2,0,0,0,0,1,,"Calle",,"SANTA FE","La Capital","Asfalto","No existe","I","Dentro","Urbana","Marca Vial","No existe","Intersección","Bueno,Resbaladiza","Buena","Diurna","Buen Tiempo","De alcance","S/D","Colisión","Agua,Fluidos","Horizontal,Vertical","Barrera de hormigón","Sin restricción"
2017,7112,9/21/2017,"Jueves",0,20:30:00,,"0.0",2,"Automóvil,Moto/Ciclomotor","Luciano Molinas Y Av Pte Peron",2,1,0,0,1,0,0,,"Avenida",,"SANTA FE","La Capital","Asfalto","Pavimento","I","Dentro","Urbana","Ninguna","No existe","Recta","Con baches,Resbaladiza","Reducida","Nocturna","Buen Tiempo","De alcance","S/D","Colisión","Agua,Fluidos","Horizontal,Vertical","Barrera de hormigón","Sin restricción"
2017,7113,6/8/2017,"Jueves",0,,"Ruta Nacional 9","244.0",1,"Camión c / Acoplado"," ",1,1,0,0,0,0,0,,"Ruta",9,"CAÑADA DE GÓMEZ","Iriondo","Asfalto","S/D","X","Dentro","Rural","S/D","S/D","Recta","Bueno","S/D","S/D","S/D","S/D","S/D","Vuelco","Ninguna","S/D","S/D","S/D"
2017,7114,9/5/2017,"Martes",0,19:10:00,,"0.0",2,"Automóvil,Automóvil","Ruta Nac 34 ",3,1,0,0,2,0,0,,"Calle",,"IBARLUCEA","Rosario","Asfalto","No existe","II","Dentro","Urbana","Semáforo","Funciona","Rotonda","Bueno","Buena","Atardecer","Buen Tiempo","Frontal","S/D","Colisión","Ninguna","Vertical","Cordón divisorio","Sin restricción"
2017,7115,6/10/2017,"Sabado",0,1:30:00,"Ruta Provincial 14","0.0",1,"Automóvil"," ",4,4,0,0,0,0,0,,"Ruta",14,"MARÍA TERESA","General López","Asfalto","S/D","VIII","Dentro","Rural","S/D","S/D","Recta","S/D","S/D","Nocturna","S/D","S/D","S/D","Vuelco","S/D","S/D","S/D","S/D"
2017,7117,6/11/2017,"Domingo",0,8:05:00,,"0.0",1,"Automóvil","Almafuerte Y Lopez",1,1,0,0,0,0,0,,"Calle",,"VENADO TUERTO","General López","Asfalto","No existe","VIII","Dentro","Urbana","Ninguna","No existe","Intersección","Bueno","S/D","Diurna","S/D","Contra objeto fijo","S/D","Colisión","Ninguna","Faltante","Ninguna","Sin restricción"
2017,7118,9/30/2017,"Sabado",0,7:00:00,,"0.0",2,"Transporte de Pasajeros Urbano (> 8 asientos),Moto/Ciclomotor","Belgrano Y Juan Del Campillo",2,1,0,0,1,0,0,,"Calle",,"SANTA FE","La Capital","Asfalto","No existe","I","Dentro","Urbana","S/D","No existe","Intersección","Bueno","S/D","Diurna","S/D","Lateral","S/D","Colisión","S/D","S/D","S/D","S/D"
2017,7119,6/11/2017,"Domingo",0,8:10:00,,"0.0",1,"Moto/Ciclomotor","Piacenza Y Cornelio Saavedra",1,1,0,0,0,0,0,,"Calle",,"VENADO TUERTO","General López","Tierra","No existe","VIII","Dentro","Urbana","Ninguna","No existe","Intersección","Bueno","S/D","Diurna","S/D","Contra objeto fijo","S/D","Colisión","Ninguna","Faltante","Ninguna","Sin restricción"
2017,7120,9/19/2017,"Martes",0,18:50:00,,"0.0",2,"Automóvil,Moto/Ciclomotor","Roque Saenz Peña Y Llerena",2,1,0,0,1,0,0,,"Calle",,"SANTA FE","La Capital","Hormigón,Tierra","S/D","I","Dentro","Urbana","Ninguna","No existe","Intersección","Con baches,Resbaladiza","S/D","Atardecer","Buen Tiempo","De alcance","S/D","Colisión","Material Suelto,Otro","Faltante","S/D","Sin restricción"
2017,7121,6/11/2017,"Domingo",0,13:20:00,,"0.0",1,"Moto/Ciclomotor","TUNER Y EVA PERON ",1,1,0,0,0,0,0,,"Calle",,"VENADO TUERTO","General López","Asfalto,Tierra","No existe","VIII","Dentro","Urbana","Ninguna","No existe","Intersección","Bueno","S/D","Diurna","S/D","S/D","S/D","Caída ocupante","Ninguna","Faltante","Ninguna","Sin restricción"
2017,7122,9/16/2017,"Sabado",0,13:50:00,,"0.0",2,"Bicicleta,Pickup/Utilitario","Av. Genova ",2,1,0,0,1,0,0,,"Calle",,"ROSARIO","Rosario","Asfalto","No existe","II","Dentro","Urbana","Ninguna","No existe","Intersección","Bueno","Buena","Atardecer","Buen Tiempo","S/D","Ciclista","Atropello","Ninguna","Faltante","Ninguna","Sin restricción"
2017,7123,9/28/2017,"Jueves",0,13:10:00,,"0.0",2,"Moto/Ciclomotor,Automóvil","Guemes Y Domingo Silva",2,1,0,0,1,0,0,,"Calle",,"SANTA FE","La Capital","Asfalto","No existe","I","Dentro","Urbana","S/D","No existe","Intersección","Bueno","S/D","Diurna","S/D","Lateral","S/D","Colisión","S/D","S/D","Línea divisoria pintada","S/D"
2017,7124,9/16/2017,"Sabado",0,21:35:00,,"0.0",2,"Moto/Ciclomotor,Automóvil","Cristobal Colon 3263",3,1,0,0,2,0,0,,"Calle",,"GRANADERO BAIGORRIA","Rosario","Asfalto","No existe","II","S/D","Urbana","S/D","No existe","Recta","S/D","S/D","Nocturna","S/D","S/D","S/D","Colisión","S/D","Faltante","Ninguna","S/D"
2017,7125,9/4/2017,"Lunes",0,5:40:00,,"0.0",2,"Moto/Ciclomotor,Bicicleta","CAMINO MONTE FLORES ",2,1,0,0,0,0,1,,"Calle",,"ALVEAR","Rosario","Tierra","No existe","II","Dentro","Rural","Ninguna","No existe","Recta","Con baches","Reducida","Nocturna","Otro","S/D","Ciclista","Atropello","Agua","Faltante","Ninguna","S/D"
2017,7126,6/15/2017,"Jueves",0,7:35:00,,"0.0",1,"Bicicleta","AV EVA PERON Y MATHEU",1,1,0,0,0,0,0,,"Calle",,"VENADO TUERTO","General López","Asfalto","No existe","VIII","Dentro","Urbana","Ninguna","No existe","Recta","Bueno","S/D","Diurna","S/D","S/D","S/D","Caída ocupante","Ninguna","Faltante","Ninguna","Sin restricción"
2017,7127,9/30/2017,"Sabado",0,7:30:00,,"0.0",2,"Pickup/Utilitario,Automóvil","Las Verbenas Y 1ro de Enero",3,1,0,0,2,0,0,,"Calle",,"GRANADERO BAIGORRIA","Rosario","Asfalto,Tierra","No existe","II","S/D","Urbana","S/D","No existe","Intersección","S/D","S/D","Diurna","S/D","S/D","S/D","Colisión","S/D","Vertical","Ninguna","S/D"
2017,7128,9/1/2017,"Viernes",1,12:10:00,,"0.0",2,"Moto/Ciclomotor,Peatón","Bv Galvez Y Velez Sarsfield",2,1,0,0,1,0,0,,"Calle",,"SANTA FE","La Capital","Asfalto","No existe","I","Dentro","Urbana","Semáforo","Funciona","Intersección","Bueno","S/D","Diurna","S/D","S/D","Peatón","Atropello","S/D","Horizontal,Vertical","Cordón divisorio,Vegetación","S/D"
2017,7129,6/15/2017,"Jueves",0,9:45:00,,"0.0",1,"Moto/Ciclomotor","Roque Saenz Peña Y Tomas Alva Edison",1,1,0,0,0,0,0,,"Calle",,"VENADO TUERTO","General López","Asfalto","No existe","VIII","Dentro","Urbana","Ninguna","No existe","Recta","Bueno","S/D","Diurna","S/D","Contra objeto fijo","S/D","Colisión","Ninguna","Faltante","Ninguna","Sin restricción"
2017,7130,6/11/2017,"Domingo",0,11:15:00,,"0.0",2,"Automóvil,Moto/Ciclomotor","Av Estrugamou Y 9 de Julio",4,3,0,0,1,0,0,,"Calle",,"VENADO TUERTO","General López","Asfalto","No existe","VIII","Dentro","Urbana","Semáforo","Funciona","Intersección","Bueno","S/D","Diurna","S/D","S/D","S/D","Colisión","Ninguna","Vertical","Ninguna","Sin restricción"
2017,7131,9/10/2017,"Domingo",0,6:00:00,"Ruta Provincial 21","6.0",2,"Moto/Ciclomotor,Automóvil"," ",2,1,0,0,1,0,0,,"Ruta",21,"ALVEAR","Rosario","Asfalto","Natural","II","Dentro","Rural","Ninguna","No existe","Recta","Bueno","Buena","Nocturna","Buen Tiempo","Frontal","S/D","Colisión","Ninguna","S/D","Línea divisoria pintada","S/D"
2017,7132,9/1/2017,"Viernes",0,,,"0.0",2,"Moto/Ciclomotor,Moto/Ciclomotor","Pellegrini Y Richieri",3,2,0,0,1,0,0,,"Calle",,"VILLA GOBERNADOR GÁLVEZ","Rosario","Asfalto","No existe","II","S/D","Urbana","Ninguna","No existe","Intersección","Deteriorada","Buena","S/D","Buen Tiempo","Lateral","S/D","Colisión","Material Suelto","Faltante","Ninguna","Sin restricción"
2017,7133,6/15/2017,"Jueves",0,12:30:00,,"0.0",1,"Moto/Ciclomotor","Gral Jose de San Martin Y Bernardino Rivadavia",1,1,0,0,0,0,0,,"Calle",,"VENADO TUERTO","General López","Asfalto","No existe","VIII","Dentro","Urbana","Otra Señal","No existe","Recta","Bueno","S/D","Diurna","S/D","S/D","S/D","Caída ocupante","Ninguna","Vertical","Ninguna","Sin restricción"
2017,7134,9/3/2017,"Domingo",0,21:00:00,,"0.0",2,"Moto/Ciclomotor,Automóvil","Soldado Aguirre Y Richieri",6,4,0,0,2,0,0,,"Calle",,"VILLA GOBERNADOR GÁLVEZ","Rosario","Asfalto","No existe","II","S/D","Urbana","Ninguna","No existe","Intersección","Deteriorada","Buena","Nocturna","Buen Tiempo","Lateral","S/D","Colisión","Material Suelto","Faltante","Cordón divisorio","Sin restricción"
2017,7135,6/16/2017,"Viernes",0,15:55:00,,"0.0",2,"Pickup/Utilitario,Bicicleta","Bernardino Rivadavia Y Casey",2,1,0,0,1,0,0,,"Calle",,"VENADO TUERTO","General López","Asfalto","No existe","VIII","Dentro","Urbana","Semáforo","Funciona","Intersección","Bueno","S/D","Diurna","S/D","S/D","Ciclista","Atropello","Ninguna","Vertical","Ninguna","Sin restricción"
2017,7136,9/23/2017,"Sabado",0,1:50:00,"Ruta Provincial 16","4.0",1,"Automóvil"," ",2,2,0,0,0,0,0,,"Ruta",16,"ALVEAR","Rosario","Asfalto","Natural","II","S/D","S/D","Ninguna","No existe","Recta","Bueno","Buena","Nocturna","Buen Tiempo","Otro","S/D","Vuelco","Ninguna","S/D","Línea divisoria pintada","S/D"
2017,7137,9/17/2017,"Domingo",0,6:30:00,,"0.0",2,"Moto/Ciclomotor,Automóvil","20 de Junio Y Jujuy",2,1,0,0,1,0,0,,"Calle",,"VILLA GOBERNADOR GÁLVEZ","Rosario","Asfalto","No existe","II","Dentro","Urbana","Ninguna","No existe","Intersección","Bueno","Buena","Amanecer","Buen Tiempo","Lateral","S/D","Colisión","Ninguna","Faltante","Ninguna","Sin restricción"
2017,7138,9/21/2017,"Jueves",0,19:20:00,,"0.0",2,"Automóvil,Moto/Ciclomotor","A F Temporelli ",4,2,0,0,2,0,0,,"Calle",,"VILLA GOBERNADOR GÁLVEZ","Rosario","Asfalto","No existe","II","Dentro","Urbana","Ninguna","No existe","Intersección","Deteriorada","Buena","Atardecer","Buen Tiempo","Lateral","S/D","Colisión","Material Suelto","Faltante","Ninguna","Sin restricción"
2017,7139,9/26/2017,"Martes",0,9:20:00,,"0.0",2,"Moto/Ciclomotor,Pickup/Utilitario","Matheu Y Luzurriaga",4,1,0,0,3,0,0,,"Calle",,"ROSARIO","Rosario","Asfalto","No existe","II","Dentro","Urbana","Ninguna","No existe","Intersección","Bueno","Buena","Diurna","Buen Tiempo","Frontal","S/D","Colisión","Ninguna","Faltante","Ninguna","Sin restricción"
2017,7140,6/16/2017,"Viernes",0,10:30:00,"Ruta Nacional 33","621.0",2,"Camión,Automóvil"," ",5,4,0,0,1,0,0,,"Ruta",33,"VENADO TUERTO","General López","Asfalto","S/D","VIII","Dentro","Urbana","S/D","S/D","Recta","S/D","S/D","S/D","S/D","S/D","S/D","Colisión","S/D","S/D","S/D","S/D"
2017,7141,9/24/2017,"Domingo",0,2:45:00,,"0.0",2,"Moto/Ciclomotor,Moto/Ciclomotor","Bv Galvez 1000",2,1,0,0,0,0,1,,"Avenida",,"SANTA FE","La Capital","Asfalto","No existe","I","Dentro","Urbana","Semáforo","Funciona","Recta","Bueno","S/D","Nocturna","S/D","S/D","S/D","Otro","S/D","Vertical","S/D","S/D"
2017,7142,9/19/2017,"Martes",0,15:10:00,,"0.0",2,"Automóvil,Bicicleta","20 de Junio Y Jujuy",2,1,0,0,1,0,0,,"Calle",,"VILLA GOBERNADOR GÁLVEZ","Rosario","Asfalto","No existe","II","Dentro","Urbana","Ninguna","No existe","Intersección","Bueno","Buena","Diurna","Buen Tiempo","S/D","Ciclista","Atropello","Ninguna","Faltante","Ninguna","Sin restricción"
2017,7143,9/27/2017,"Miercoles",0,18:55:00,,"0.0",2,"Moto/Ciclomotor,Automóvil","Soldado Aguirre Y Ruta Prov 22 S",2,1,0,0,1,0,0,,"Calle",,"VILLA GOBERNADOR GÁLVEZ","Rosario","Asfalto","No existe","II","Dentro","Urbana","Ninguna","No existe","Intersección","Bueno","Buena","Atardecer","Buen Tiempo","Lateral","S/D","Colisión","Material Suelto","Faltante","Ninguna","Sin restricción"
2017,7144,9/23/2017,"Sabado",0,21:07:00,,"0.0",2,"Automóvil,Moto/Ciclomotor","Sarmiento Y Av Leandro Alem",2,1,0,0,0,0,1,,"Calle",,"SANTA FE","La Capital","Asfalto","No existe","I","Dentro","Urbana","Semáforo","Funciona","Intersección","Bueno","S/D","Nocturna","S/D","Lateral","S/D","Colisión","S/D","Vertical","S/D","S/D"
2017,7145,6/19/2017,"Lunes",0,12:44:00,,"0.0",2,"Moto/Ciclomotor,Moto/Ciclomotor","Lisandro de la Torre Y Mariano Lopez",2,2,0,0,0,0,0,,"Calle",,"VENADO TUERTO","General López","Asfalto,Tierra","No existe","VIII","Dentro","Urbana","Ninguna","No existe","Intersección","Bueno","S/D","Diurna","S/D","S/D","S/D","Colisión","Ninguna","Faltante","Ninguna","Sin restricción"
2017,7146,9/25/2017,"Lunes",0,16:00:00,,"0.0",2,"Moto/Ciclomotor,Automóvil","Soldado Aguirre Y Liniers",3,1,0,0,2,0,0,,"Calle",,"VILLA GOBERNADOR GÁLVEZ","Rosario","Asfalto","No existe","II","S/D","Urbana","Ninguna","No existe","Recta","Deteriorada","S/D","Diurna","Buen Tiempo","Lateral","S/D","Colisión","Material Suelto","Faltante","Cordón divisorio","Sin restricción"
2017,7147,9/21/2017,"Jueves",0,17:25:00,,"0.0",2,"Moto/Ciclomotor,Automóvil","Av Gral San Martin Y Balcarce",4,2,0,0,2,0,0,,"Calle",,"VILLA GOBERNADOR GÁLVEZ","Rosario","Asfalto","No existe","II","Dentro","Urbana","Ninguna","No existe","Intersección","Bueno","Buena","Diurna","Buen Tiempo","Lateral","S/D","Colisión","Ninguna","Faltante","Ninguna","Sin restricción"
2017,7148,6/19/2017,"Lunes",0,19:35:00,"Ruta Nacional 11","0.0",2,"Moto/Ciclomotor,Automóvil","Calle 15-Patricio Diez ",2,1,0,0,1,0,0,,"Ruta",11,"RECONQUISTA","General Obligado","Asfalto","No existe","IX","Dentro","Urbana","Semáforo","Funciona","Intersección","Bueno","S/D","Diurna","S/D","Lateral","S/D","Colisión","Ninguna","Vertical","Ninguna","Sin restricción"
2017,7149,9/23/2017,"Sabado",0,10:50:00,,"0.0",2,"Automóvil,Pickup/Utilitario","Las Heras 3640",3,1,0,0,1,0,1,,"Calle",,"SANTA FE","La Capital","Asfalto","No existe","I","Dentro","Urbana","S/D","No existe","Recta","Bueno","S/D","Diurna","S/D","Lateral","S/D","Colisión","S/D","S/D","S/D","S/D"
2017,7150,9/25/2017,"Lunes",0,21:50:00,,"0.0",2,"Moto/Ciclomotor,Automóvil","MAESTRO ALMARA  Y PEDRO ULLOA",2,1,0,0,1,0,0,,"Calle",,"IBARLUCEA","Rosario","Ripio","No existe","II","Dentro","Urbana","Ninguna","No existe","Recta","Bueno","Buena","Nocturna,Con luz artificial","Buen Tiempo","Otro","S/D","Colisión","Ninguna","Faltante","Ninguna","Sin restricción"
2017,7151,9/28/2017,"Jueves",0,20:00:00,,"0.0",2,"Bicicleta,Moto/Ciclomotor","Pellegrini 2300",2,1,1,0,0,0,0,"-33.031861111111,-60.643805555556","Calle",,"VILLA GOBERNADOR GÁLVEZ","Rosario","Asfalto","No existe","II","Fuera","Urbana","Ninguna","No existe","Recta","Bueno","Buena","Nocturna","Lluvia","S/D","Ciclista","Atropello","Agua","Faltante","Ninguna","Sin restricción"
2017,7152,9/15/2017,"Viernes",0,0:05:00,,"0.0",2,"Moto/Ciclomotor,Moto/Ciclomotor","Castellanos Y Alvear",2,1,0,0,0,0,1,,"Calle",,"SANTA FE","La Capital","Asfalto","No existe","I","Dentro","Urbana","S/D","No existe","Intersección","Bueno","S/D","Nocturna","S/D","Lateral","S/D","Colisión","S/D","S/D","S/D","S/D"
2017,7153,9/22/2017,"Viernes",0,17:15:00,,"0.0",2,"Moto/Ciclomotor,Automóvil","Av Gral San Martin Y Eva Peron",3,2,0,0,0,0,1,,"Avenida",,"VILLA GOBERNADOR GÁLVEZ","Rosario","Asfalto","No existe","II","Dentro","Urbana","Ninguna","Funciona","Intersección","Bueno","Buena","Diurna","Buen Tiempo","Lateral","S/D","Colisión","Ninguna","Vertical","Ninguna","Sin restricción"
2017,7154,9/22/2017,"Viernes",0,21:00:00,,"0.0",1,"Moto/Ciclomotor","JUAN DOMINGO PERON 2800",2,2,0,0,0,0,0,,"Calle",,"PUEBLO ESTHER","Rosario","Ripio","No existe","II","S/D","Urbana","S/D","No existe","S/D","S/D","S/D","Nocturna","S/D","Atropello animal","S/D","Colisión","S/D","S/D","S/D","S/D"
2017,7155,9/12/2017,"Martes",0,8:30:00,,"0.0",2,"Automóvil,Moto/Ciclomotor","Nicasio Oroño ",2,1,0,0,1,0,0,,"Calle",,"SANTA FE","La Capital","Hormigón","No existe","I","Dentro","Urbana","S/D","No existe","Recta","Bueno","S/D","Diurna","S/D","Lateral","S/D","Colisión","S/D","S/D","S/D","S/D"
2017,7156,9/7/2017,"Jueves",0,10:30:00,,"0.0",2,"Pickup/Utilitario,Moto/Ciclomotor","Bv Galvez Y Velez Sarsfield",2,1,0,0,0,0,1,,"Avenida",,"SANTA FE","La Capital","Asfalto","No existe","I","Dentro","Urbana","S/D","Funciona","Intersección","Bueno","S/D","Diurna","S/D","Lateral","S/D","Colisión","S/D","Vertical","S/D","S/D"
2017,7157,9/9/2017,"Sabado",0,11:50:00,,"0.0",2,"Taxi/Remis,Automóvil"," ",2,1,0,0,1,0,0,,"Avenida",,"ROSARIO","Rosario","Asfalto","No existe","II","Dentro","Urbana","Semáforo","Funciona","Intersección","Bueno","Buena","Diurna","Buen Tiempo","Lateral","S/D","Colisión","Ninguna","Vertical","Línea divisoria pintada","Sin restricción"
2017,7158,9/23/2017,"Sabado",0,18:40:00,,"0.0",2,"Moto/Ciclomotor,Automóvil","Bv San diego Y Andreu",2,1,0,0,1,0,0,,"Calle",,"VILLA GOBERNADOR GÁLVEZ","Rosario","Asfalto","No existe","II","Dentro","Urbana","Ninguna","No existe","Intersección","Bueno","Buena","Atardecer,Con luz artificial","Buen Tiempo","Lateral","S/D","Colisión","Ninguna","Faltante","Ninguna","Sin restricción"
2017,7159,9/15/2017,"Viernes",0,18:10:00,"Ruta Provincial 21","0.0",3,"Automóvil,Automóvil,Automóvil"," ",3,1,0,0,2,0,0,,"Ruta",21,"PUEBLO ESTHER","Rosario","S/D","S/D","II","S/D","Rural","S/D","Funciona","Cruce","S/D","S/D","Atardecer","S/D","De alcance","S/D","Colisión","S/D","Vertical","S/D","S/D"
2017,7160,9/5/2017,"Martes",0,17:00:00,,"0.0",2,"Automóvil,Moto/Ciclomotor","Av Leandro Alem Y Alberdi",2,1,0,0,1,0,0,,"Avenida",,"SANTA FE","La Capital","Asfalto","No existe","I","Dentro","Urbana","S/D","Funciona","Intersección","Bueno","S/D","Diurna","S/D","Lateral","S/D","Colisión","S/D","Vertical","S/D","S/D"