"anio_acci","nro_acci","fecha","desc_dia","fecha_aprox","hora_aprox","desc_ruta","km","cant_participantes","desc_participante","calle_avenida_km","total","heridos_leves","heridos_graves","heridos_gravisimos","ilesos","fallecidos","sin_datos","posicion_XY","desc_tipo_via","desc_ruta_ori","desc_loc","desc_dpto","desc_tipo_calzada","desc_tipo_banquina","desc_unidad_regional","desc_lugar_calzada","desc_zona","desc_prioridad","desc_estado_semaforo","desc_lugar_via","desc_estado_via","desc_estado_visibilidad","desc_luminosidad","desc_estado_clima","desc_tipo_colision","desc_tipo_atropello","desc_tipo_hecho","desc_pres_calzada","desc_senializacion","desc_separacion_via","desc_restriccion"
2017,7161,9/23/2017,"Sabado",0,16:10:00,,"0.0",2,"Moto/Ciclomotor,Automóvil","Av Gral San Martin Y Velez Sarfield",3,2,0,0,1,0,0,,"Avenida",,"VILLA GOBERNADOR GÁLVEZ","Rosario","Asfalto","No existe","II","Dentro","Urbana","Semáforo","Funciona","Intersección","Bueno","Buena","Diurna","Buen Tiempo","Lateral","S/D","Colisión","Ninguna","Vertical","Ninguna","Sin restricción"
2017,7162,9/4/2017,"Lunes",0,12:00:00,,"0.0",2,"Pickup/Utilitario,Moto/Ciclomotor","Bv Galvez Y Belgrano",2,1,0,0,1,0,0,,"Calle",,"SANTA FE","La Capital","Asfalto","No existe","I","Dentro","Urbana","S/D","Funciona","Intersección","Bueno","S/D","Diurna","S/D","Lateral","S/D","Colisión","S/D","Vertical","S/D","S/D"
2017,7163,9/12/2017,"Martes",0,20:00:00,,"0.0",2,"Moto/Ciclomotor,Automóvil","Palliere Y J.M.de Rosas",2,1,0,0,1,0,0,,"Avenida",,"ROSARIO","Rosario","Asfalto","No existe","II","Dentro","Urbana","Semáforo","Funciona","Intersección","Bueno","Buena","Nocturna","Buen Tiempo","Lateral","S/D","Colisión","Ninguna","Vertical","Línea divisoria pintada","Sin restricción"
2017,7164,9/7/2017,"Jueves",0,18:20:00,,"0.0",2,"Automóvil,Automóvil","Av Juan Domingo Peron Y Iglesias",2,1,0,0,1,0,0,,"Calle",,"VILLA GOBERNADOR GÁLVEZ","Rosario","Asfalto","No existe","II","Dentro","Urbana","Ninguna","No existe","Intersección","Bueno","Buena","Atardecer,Con luz artificial","Buen Tiempo","Lateral","S/D","Colisión","Ninguna","Faltante","Ninguna","Sin restricción"
2017,7165,9/3/2017,"Domingo",0,23:45:00,,"0.0",2,"Automóvil,Automóvil","Alvear Y Sargento Cabral",4,2,0,0,2,0,0,,"Calle",,"SANTA FE","La Capital","Asfalto","No existe","I","Dentro","Urbana","S/D","No existe","Intersección","Bueno","S/D","Nocturna","S/D","Lateral","S/D","Colisión","S/D","S/D","S/D","S/D"
2017,7166,9/25/2017,"Lunes",0,19:55:00,,"0.0",2,"Automóvil,Automóvil","Bv San diego Y Alvear",3,1,0,0,2,0,0,,"Calle",,"VILLA GOBERNADOR GÁLVEZ","Rosario","Asfalto","No existe","II","Dentro","Urbana","Ninguna","No existe","Intersección","Bueno","Buena","Atardecer,Con luz artificial","Buen Tiempo","Lateral","S/D","Colisión","Ninguna","Faltante","Ninguna","Sin restricción"
2017,7167,6/19/2017,"Lunes",0,11:20:00,,"0.0",2,"Automóvil,Moto/Ciclomotor","Calle 25-Rivadavia Y Calle 12 San Martin",3,2,0,0,1,0,0,,"Calle",,"RECONQUISTA","General Obligado","Asfalto","No existe","IX","Dentro","Urbana","Ninguna","No existe","Intersección","Bueno","S/D","Diurna","S/D","S/D","S/D","Colisión","Ninguna","Faltante","Ninguna","Sin restricción"
2017,7168,9/7/2017,"Jueves",0,19:20:00,,"0.0",2,"Automóvil,Automóvil","Chubut Y Av Gral San Martin",3,1,0,0,2,0,0,,"Avenida",,"VILLA GOBERNADOR GÁLVEZ","Rosario","Asfalto","No existe","II","S/D","Urbana","Semáforo","Funciona","Intersección","Bueno","Buena","Atardecer,Con luz artificial","Buen Tiempo","Lateral","S/D","Colisión","Ninguna","Vertical","Ninguna","Sin restricción"
2017,7169,9/2/2017,"Sabado",0,18:50:00,,"0.0",2,"Automóvil,Pickup/Utilitario","Sarmiento Y Juan Del Campillo",2,1,0,0,0,0,1,,"Calle",,"SANTA FE","La Capital","Asfalto","No existe","I","Dentro","Urbana","S/D","No existe","Intersección","Bueno","S/D","Diurna","Otro","Lateral","S/D","Colisión","S/D","S/D","S/D","S/D"
2017,7170,9/1/2017,"Viernes",0,21:45:00,,"0.0",2,"Moto/Ciclomotor,Automóvil","Domingo Silva Y Mitre",2,1,0,0,1,0,0,"-31.6335,-60.689833333333","Calle",,"SANTA FE","La Capital","Asfalto","S/D","I","Dentro","Urbana","S/D","S/D","Intersección","Bueno","S/D","Diurna","S/D","Lateral","S/D","Colisión","S/D","S/D","S/D","S/D"
2017,7171,9/11/2017,"Lunes",0,12:30:00,,"0.0",2,"Moto/Ciclomotor,Automóvil","Av Gral San Martin 2500",2,1,0,0,1,0,0,,"Avenida",,"VILLA GOBERNADOR GÁLVEZ","Rosario","Asfalto","No existe","II","Dentro","Urbana","Ninguna","No existe","Recta","Bueno","Buena","Diurna","Buen Tiempo","Lateral","S/D","Colisión","Ninguna","Faltante","Ninguna","Sin restricción"
2017,7172,9/2/2017,"Sabado",0,17:40:00,,"0.0",2,"Moto/Ciclomotor,Taxi/Remis","Av Juan Domingo Peron Y Piazza",4,3,0,0,1,0,0,,"Calle",,"VILLA GOBERNADOR GÁLVEZ","Rosario","Asfalto","No existe","II","Dentro","Urbana","Ninguna","No existe","Intersección","Bueno","Buena","Diurna","Buen Tiempo","Lateral","S/D","Colisión","Ninguna","Faltante","Ninguna","Sin restricción"
2017,7173,9/1/2017,"Viernes",1,14:25:00,,"0.0",2,"Moto/Ciclomotor,Pickup/Utilitario","Alvear Y Maipu",2,1,0,0,1,0,0,,"Calle",,"SANTA FE","La Capital","Asfalto","No existe","I","Dentro","Urbana","S/D","No existe","Intersección","Bueno","S/D","Diurna","S/D","Lateral","S/D","Colisión","S/D","S/D","S/D","S/D"
2017,7174,9/1/2017,"Viernes",0,14:00:00,,"0.0",2,"Pickup/Utilitario,Moto/Ciclomotor","Bv San diego Y Av Filipini",2,2,0,0,0,0,0,,"Calle",,"VILLA GOBERNADOR GÁLVEZ","Rosario","Asfalto","Pavimento","II","Dentro","Urbana","Semáforo","Funciona","Intersección","Bueno","Buena","Diurna","Buen Tiempo","S/D","S/D","Colisión","Ninguna","Vertical","Ninguna","Sin restricción"
2017,7175,9/14/2017,"Jueves",0,8:40:00,,"0.0",2,"Moto/Ciclomotor,Automóvil","Eva Peron Y Garay",2,1,0,0,1,0,0,,"Calle",,"VILLA GOBERNADOR GÁLVEZ","Rosario","Asfalto","No existe","II","Dentro","Urbana","Ninguna","No existe","Intersección","Con baches","Buena","Diurna","Buen Tiempo","Lateral","S/D","Colisión","Agua","Faltante","Ninguna","Sin restricción"
2017,7176,9/6/2017,"Miercoles",0,20:10:00,,"0.0",2,"Automóvil,Bicicleta","Mitre Y Avellaneda",3,2,0,0,1,0,0,,"Calle",,"VILLA GOBERNADOR GÁLVEZ","Rosario","Asfalto","No existe","II","Dentro","Urbana","Ninguna","No existe","Intersección","Bueno","Buena","Nocturna","Buen Tiempo","S/D","Ciclista","Atropello","Ninguna","Faltante","Ninguna","Sin restricción"
2017,7177,9/24/2017,"Domingo",0,4:30:00,,"0.0",2,"Moto/Ciclomotor,Automóvil","Soldado Aguirre Y Buenos Aires",2,1,0,0,1,0,0,,"Calle",,"VILLA GOBERNADOR GÁLVEZ","Rosario","Tierra","No existe","II","Dentro","Urbana","Ninguna","No existe","Intersección","Deteriorada","Reducida","Nocturna","Buen Tiempo","S/D","S/D","Colisión","Ninguna","Faltante","Ninguna","Sin restricción"
2017,7178,9/20/2017,"Miercoles",0,17:00:00,,"0.0",2,"Tren,Automóvil","Corrientes Y Av Juan Domingo Peron",3,1,0,0,2,0,0,,"Calle",,"VILLA GOBERNADOR GÁLVEZ","Rosario","S/D","No existe","II","S/D","Urbana","Ninguna","No existe","Intersección","Otro","Buena","Diurna","Buen Tiempo","De alcance","S/D","Colisión","Otro","Faltante","Ninguna","Sin restricción"
2017,7179,9/22/2017,"Viernes",0,13:20:00,,"0.0",2,"Moto/Ciclomotor,Automóvil","Mitre Y Falucho",2,1,0,0,1,0,0,,"Calle",,"VILLA GOBERNADOR GÁLVEZ","Rosario","Asfalto","No existe","II","S/D","Urbana","Ninguna","No existe","Intersección","Bueno","Buena","Diurna","Buen Tiempo","S/D","S/D","Colisión","Ninguna","Faltante","Ninguna","Sin restricción"
2017,7181,9/7/2017,"Jueves",0,20:40:00,,"0.0",2,"Moto/Ciclomotor,Automóvil","Cervantes Y Corrientes",3,1,0,0,2,0,0,,"Calle",,"VILLA GOBERNADOR GÁLVEZ","Rosario","Asfalto","No existe","II","Dentro","Urbana","Ninguna","No existe","Intersección","Bueno","Buena","Nocturna,Con luz artificial","Buen Tiempo","De alcance","S/D","Colisión","Ninguna","Faltante","Ninguna","Sin restricción"
2017,7182,9/3/2017,"Domingo",0,19:20:00,,"0.0",2,"Moto/Ciclomotor,Automóvil","Maipu Y Alvear",2,0,1,0,1,0,0,,"Calle",,"VILLA GOBERNADOR GÁLVEZ","Rosario","Asfalto","No existe","II","Dentro","Urbana","Ninguna","No existe","Recta","Deteriorada","Buena","Nocturna,Con luz artificial","Otro","Frontal","S/D","Colisión","Ninguna","Faltante","Ninguna","Sin restricción"
2017,7183,10/2/2017,"Lunes",0,9:30:00,,"0.0",2,"Moto/Ciclomotor,Moto/Ciclomotor","San Lorenzo Y Gorriti",2,2,0,0,0,0,0,,"Avenida",,"SANTA FE","La Capital","Asfalto","Pavimento","I","Dentro","Urbana","S/D","No existe","Intersección","Bueno","Buena","Diurna","Buen Tiempo","Lateral","S/D","Colisión","S/D","Faltante","S/D","S/D"
2017,7184,9/11/2017,"Lunes",0,21:00:00,,"0.0",2,"Automóvil,Peatón","Av. Circunvalacion Y Av. Jorge Newbery",3,0,0,0,2,1,0,"-32.908547, -60.724044","Avenida",,"ROSARIO","Rosario","Asfalto","Pavimento","II","S/D","S/D","S/D","S/D","Intersección","S/D","S/D","Nocturna","S/D","S/D","Peatón","Atropello","S/D","S/D","S/D","S/D"
2017,7185,10/6/2017,"Viernes",0,14:00:00,,"0.0",1,"Automóvil","Av A del Valle Y Alfonsina Storni",3,1,0,0,1,0,1,,"Avenida",,"SANTA FE","La Capital","Asfalto","Pavimento","I","S/D","Urbana","S/D","No existe","Cruce","Bueno","Buena","Diurna","Buen Tiempo","Lateral","S/D","Colisión","S/D","Faltante","S/D","S/D"
2017,7186,10/13/2017,"Viernes",0,18:00:00,,"0.0",2,"Automóvil,Moto/Ciclomotor","1ro de Mayo Y Azcuenaga",2,1,0,0,1,0,0,,"Calle",,"SANTA FE","La Capital","Asfalto,Ripio","Natural","I","S/D","Urbana","S/D","S/D","Intersección","Deteriorada","Buena","Atardecer","Buen Tiempo","Lateral","S/D","Colisión","Material Suelto","Faltante","S/D","S/D"
2017,7187,10/21/2017,"Sabado",0,10:40:00,,"0.0",2,"Automóvil,Moto/Ciclomotor","Risso Y Av Urquiza",2,1,0,0,1,0,0,,"Calle",,"SANTA FE","La Capital","Asfalto,Tierra","Natural","I","Dentro","Urbana","S/D","No existe","Intersección","Deteriorada","Buena","Diurna","Buen Tiempo","Lateral","S/D","Colisión","Material Suelto","Faltante","S/D","S/D"
2017,7188,10/22/2017,"Domingo",0,15:00:00,,"0.0",2,"Pickup/Utilitario,Moto/Ciclomotor","La Pampa Y 9 de Julio",2,1,0,0,1,0,0,,"Calle",,"SANTA FE","La Capital","Asfalto,Ripio","Natural","I","Dentro","Urbana","S/D","No existe","Intersección","Deteriorada","Buena","Diurna","Buen Tiempo","Frontal","S/D","Colisión","Material Suelto","Faltante","S/D","S/D"
2017,7189,10/25/2017,"Miercoles",0,21:40:00,,"0.0",2,"Automóvil,Moto/Ciclomotor","Av A del Valle 8300",2,1,0,0,1,0,0,,"Avenida",,"SANTA FE","La Capital","Asfalto","Pavimento","I","Dentro","Urbana","S/D","Funciona","Intersección","Bueno","Buena","Nocturna,Con luz artificial","Buen Tiempo","Lateral","S/D","Colisión","S/D","Vertical","S/D","S/D"
2017,7190,9/25/2017,"Lunes",0,12:00:00,"Ruta Nacional 33","558.0",3,"Camión,Automóvil,Automóvil"," ",7,2,0,0,2,3,0,"-34.1741216,-62.5007327","Ruta",33,"TARRAGONA","General López","S/D","S/D","VIII","S/D","S/D","S/D","S/D","S/D","S/D","S/D","Diurna","S/D","Múltiple","S/D","Colisión","S/D","S/D","S/D","S/D"
2017,7191,10/26/2017,"Jueves",0,7:50:00,,"0.0",2,"Moto/Ciclomotor,Automóvil","Av Leandro Alem Y Nicasio Oroño",2,1,0,0,1,0,0,,"Calle",,"SANTA FE","La Capital","Asfalto","No existe","I","Dentro","Urbana","S/D","No existe","Intersección","Bueno","S/D","Diurna","S/D","Lateral","S/D","Colisión","S/D","S/D","S/D","S/D"
2017,7192,10/20/2017,"Viernes",0,13:30:00,,"0.0",2,"Moto/Ciclomotor,Automóvil","Alvear Y Balcarce",2,1,0,0,1,0,0,,"Calle",,"SANTA FE","La Capital","Asfalto","No existe","I","Dentro","Urbana","S/D","No existe","Intersección","Bueno","S/D","Diurna","S/D","Lateral","S/D","Colisión","S/D","S/D","S/D","S/D"
2017,7193,10/18/2017,"Miercoles",0,16:30:00,,"0.0",2,"Automóvil,Moto/Ciclomotor","Gdor Candioti Y Luciano Molinas",4,3,0,0,1,0,0,,"Calle",,"SANTA FE","La Capital","Asfalto","No existe","I","Dentro","Urbana","S/D","No existe","Intersección","Bueno","S/D","Diurna","S/D","Lateral","S/D","Colisión","S/D","S/D","S/D","S/D"
2017,7194,10/16/2017,"Lunes",0,18:00:00,"Ruta Nacional 168","0.0",2,"Transporte de Pasajeros Urbano (> 8 asientos),Camión","Ruta Nac 168 ",2,0,0,0,1,0,1,,"Ruta",168,"SANTA FE","La Capital","Asfalto,Hormigón","No existe","I","S/D","S/D","S/D","No existe","Recta","Bueno","S/D","Diurna","S/D","Lateral","S/D","Colisión","S/D","S/D","S/D","S/D"
2017,7195,10/13/2017,"Viernes",0,8:05:00,,"0.0",2,"Pickup/Utilitario,Bicicleta","Bv Galvez Y Dorrego",2,1,0,0,1,0,0,,"Calle",,"SANTA FE","La Capital","Asfalto","No existe","I","Dentro","Urbana","S/D","Funciona","Intersección","Bueno","S/D","Diurna","S/D","Lateral","S/D","Colisión","S/D","Vertical","S/D","S/D"
2017,7196,9/26/2017,"Martes",0,21:30:00,"Ruta Provincial 32","0.0",2,"Moto/Ciclomotor,Otros"," ",2,0,0,0,1,1,0,"-28.491491, -59.381671","Ruta",32,"VILLA OCAMPO","General Obligado","Asfalto","S/D","IX","S/D","S/D","S/D","S/D","S/D","S/D","S/D","Nocturna","S/D","S/D","S/D","Colisión","S/D","S/D","S/D","S/D"
2017,7197,10/12/2017,"Jueves",0,9:05:00,,"0.0",4,"Automóvil,Automóvil,Automóvil,Camión","Av Leandro Alem Y Calchines",5,4,0,0,1,0,0,,"Avenida",,"SANTA FE","La Capital","Asfalto","No existe","I","Dentro","Urbana","Semáforo","Funciona","Intersección","Bueno","S/D","Diurna","S/D","Múltiple","S/D","Colisión","S/D","Vertical","S/D","S/D"
2017,7198,9/29/2017,"Viernes",0,9:15:00,"Ruta Provincial 40","57.0",1,"Pickup/Utilitario"," ",1,0,0,0,0,1,0,"-29.095198, -60.220468","Ruta",40,"FORTÍN OLMOS","Vera","S/D","S/D","XVIII","S/D","S/D","S/D","S/D","S/D","S/D","S/D","Diurna","S/D","S/D","S/D","Despiste","S/D","S/D","S/D","S/D"
2017,7199,10/11/2017,"Miercoles",0,18:00:00,,"0.0",2,"Moto/Ciclomotor,Automóvil","Av Leandro Alem Y Sarmiento",3,2,0,0,1,0,0,,"Avenida",,"SANTA FE","La Capital","Asfalto","No existe","I","Dentro","Urbana","S/D","Funciona","Intersección","Bueno","S/D","Diurna","S/D","Lateral","S/D","Colisión","S/D","Vertical","S/D","S/D"
2017,7200,10/10/2017,"Martes",0,17:00:00,,"0.0",2,"Moto/Ciclomotor,Automóvil","Av Leandro Alem Y Cafferata",2,1,0,0,1,0,0,,"Avenida",,"SANTA FE","La Capital","Asfalto","No existe","I","Dentro","Urbana","S/D","No existe","Cruce","Bueno","S/D","Diurna","S/D","Lateral","S/D","Colisión","S/D","S/D","S/D","S/D"
2017,7201,10/10/2017,"Martes",0,14:40:00,,"0.0",2,"Automóvil,Moto/Ciclomotor","Av Leandro Alem Y Calchines",2,1,0,0,1,0,0,,"Avenida",,"SANTA FE","La Capital","Asfalto","No existe","I","Dentro","Urbana","Semáforo","Funciona","Intersección","Bueno","S/D","Diurna","S/D","Lateral","S/D","Colisión","S/D","Vertical","S/D","S/D"
2017,7202,12/30/2017,"Sabado",0,10:00:00,,"0.0",2,"Tren,Pickup/Utilitario","Humberto I 2000",3,1,0,0,2,0,0,,"Calle",,"ROSARIO","Rosario","Asfalto","S/D","II","S/D","Urbana","S/D","S/D","Cruce","Bueno","S/D","S/D","Buen Tiempo","S/D","S/D","S/D","S/D","S/D","S/D","S/D"
2017,7203,12/15/2017,"Viernes",0,9:35:00,,"0.0",2,"Automóvil,Moto/Ciclomotor","Casilda Y Barra",2,1,0,0,1,0,0,,"Calle",,"ROSARIO","Rosario","Asfalto","S/D","II","S/D","Urbana","S/D","S/D","Intersección","Bueno","S/D","S/D","Buen Tiempo","Lateral","S/D","Colisión","S/D","S/D","S/D","S/D"
2017,7204,12/5/2017,"Martes",0,9:00:00,,"0.0",2,"Moto/Ciclomotor,Pickup/Utilitario","San Lorenzo Y Gutenberg",2,1,0,0,1,0,0,,"Calle",,"ROSARIO","Rosario","Asfalto","S/D","II","S/D","Urbana","S/D","S/D","Intersección","Bueno","Buena","Diurna","S/D","Lateral","S/D","Colisión","S/D","S/D","Cordón divisorio","S/D"
2017,7205,12/16/2017,"Sabado",0,18:20:00,,"0.0",2,"Automóvil,Moto/Ciclomotor","Santa Fe Y Rio De Janeiro",3,1,0,0,2,0,0,,"S/D",,"ROSARIO","Rosario","Asfalto","S/D","II","S/D","Urbana","S/D","S/D","Intersección","S/D","Buena","S/D","Buen Tiempo","Lateral","S/D","Colisión","S/D","S/D","Cordón divisorio","S/D"
2017,7206,12/14/2017,"Jueves",0,18:00:00,,"0.0",2,"Moto/Ciclomotor,Automóvil","J.B.Justo Y Sarratea Bis",2,2,0,0,0,0,0,"-32.915666666667,-60.741555555556","Calle",,"ROSARIO","Rosario","Asfalto","Pavimento","II","S/D","Urbana","Ninguna","S/D","Recta","Bueno","Buena","S/D","Buen Tiempo","Lateral","S/D","Colisión","Ninguna","Vertical","Ninguna","Sin restricción"
2017,7207,12/9/2017,"Sabado",0,15:00:00,,"0.0",3,"Cuatriciclo,Automóvil,Automóvil","Ruta Nacional 9 Y Galindo",4,2,0,0,2,0,0,,"Calle",,"FUNES","Rosario","Asfalto","Ripio","II","Dentro","Urbana","Ninguna","No existe","Recta","Bueno","Buena","Diurna","Buen Tiempo","Lateral","S/D","Colisión","Ninguna","Horizontal,Vertical","Línea divisoria pintada","Sin restricción"
2017,7208,12/17/2017,"Domingo",0,19:45:00,,"0.0",2,"Automóvil,Bicicleta","CHOZARRETA Y COLECTORA CIRCUNVALACION",3,2,0,0,1,0,0,,"Calle",,"ROSARIO","Rosario","Asfalto","S/D","II","S/D","Urbana","Ninguna","S/D","Recta","Bueno","Buena","Atardecer","Otro","De alcance","S/D","Atropello","Ninguna","S/D","Ninguna","Sin restricción"
2017,7209,12/12/2017,"Martes",0,15:00:00,,"0.0",2,"Automóvil,Otros","Independencia Y Monteagudo",2,1,0,0,1,0,0,,"Calle",,"FUNES","Rosario","Asfalto","No existe","II","Dentro","Urbana","Ninguna","No existe","Intersección","Bueno","Buena","Diurna","Buen Tiempo","S/D","S/D","Colisión","Ninguna","Faltante","Ninguna","Sin restricción"
2017,7210,12/17/2017,"Domingo",0,13:40:00,,"0.0",2,"Automóvil,Moto/Ciclomotor","Av. Eva Peron Y Alvarez Condarco",4,2,0,0,2,0,0,,"Avenida",,"ROSARIO","Rosario","Asfalto","S/D","II","S/D","Urbana","S/D","S/D","Intersección","Otro","Buena","S/D","Otro","Otro","S/D","Colisión","Otro","S/D","Ninguna","Sin restricción"
2017,7211,12/6/2017,"Miercoles",0,9:10:00,"Ruta Nacional 9","0.0",2,"Automóvil,Automóvil","Ruta Nacional 9 Y Gral Guido",5,1,0,0,4,0,0,,"Ruta",9,"FUNES","Rosario","Asfalto","Natural","II","S/D","Urbana","Ninguna","Funciona","Intersección","Bueno","Buena","Diurna","Buen Tiempo","De alcance","S/D","Colisión","Ninguna","Faltante","Línea divisoria pintada","Sin restricción"
2017,7212,12/2/2017,"Sabado",0,2:00:00,"Autopista Nacional Rosario -Cordoba","304.0",1,"Moto/Ciclomotor"," ",2,2,0,0,0,0,0,,"Autopista","Rosario -Cordoba","FUNES","Rosario","Asfalto","Natural","II","Dentro","Rural","Ninguna","No existe","Recta","Bueno","Buena","Nocturna","Buen Tiempo","Contra objeto fijo","S/D","Caída ocupante","Material Suelto","Horizontal","S/D","Sin restricción"
2017,7213,12/6/2017,"Miercoles",0,8:45:00,"Ruta Nacional 9","0.0",3,"Automóvil,Automóvil,Automóvil","Ruta Nacional 9 Y San Sebastian",3,1,0,0,2,0,0,,"Ruta",9,"FUNES","Rosario","Asfalto","Ripio","II","Dentro","Urbana","Semáforo","Funciona","Recta","Bueno","Buena","Diurna","Buen Tiempo","De alcance","S/D","Colisión","Ninguna","Horizontal","Línea divisoria pintada","Sin restricción"
2017,7214,12/18/2017,"Lunes",0,13:00:00,,"0.0",2,"Automóvil,Moto/Ciclomotor","Sarmiento Y Elorza",3,2,0,0,1,0,0,,"Calle",,"FUNES","Rosario","Hormigón","Pavimento","II","Dentro","Urbana","Ninguna","No existe","Intersección","Bueno","Buena","Diurna","Buen Tiempo","Lateral","S/D","Colisión","Ninguna","Faltante","Ninguna","Sin restricción"
2017,7215,12/23/2017,"Sabado",0,1:00:00,,"0.0",3,"Moto/Ciclomotor,Automóvil,Bicicleta","Av Cordoba - Colectora Y Jorge Newbery",3,2,0,0,0,0,1,,"Avenida",,"FUNES","Rosario","Asfalto","Natural","II","Dentro","Urbana","Ninguna","No existe","Recta","Bueno","Buena","Nocturna,Con luz artificial","Lluvia","De alcance","S/D","Colisión","Agua","S/D","Cordón divisorio","Sin restricción"
2017,7216,12/13/2017,"Miercoles",0,17:00:00,,"0.0",2,"Moto/Ciclomotor,Pickup/Utilitario","Av. Jorge Newbery Y Av. Circunvalacion",2,0,0,0,1,0,1,"-32.908333333333,-60.725361111111","S/D",,"ROSARIO","Rosario","Asfalto","S/D","II","S/D","Urbana","S/D","S/D","Intersección","S/D","S/D","S/D","S/D","S/D","S/D","S/D","S/D","S/D","S/D","S/D"
2017,7217,11/1/2017,"Miercoles",0,12:50:00,,"0.0",2,"Automóvil,Bicicleta","Independencia Y San Jose",2,1,0,0,1,0,0,,"Calle",,"FUNES","Rosario","Asfalto","No existe","II","Dentro","Urbana","Ninguna","No existe","Intersección","Bueno","Buena","Diurna","Buen Tiempo","Lateral","S/D","Colisión","Ninguna","S/D","Ninguna","Sin restricción"
2017,7218,12/15/2017,"Viernes",0,19:15:00,,"0.0",2,"Moto/Ciclomotor,Moto/Ciclomotor","BV WILDE Y KANNER",2,1,0,0,1,0,0,,"S/D",,"ROSARIO","Rosario","Asfalto","S/D","II","S/D","Urbana","S/D","S/D","Intersección","S/D","S/D","S/D","S/D","S/D","S/D","S/D","S/D","S/D","S/D","S/D"
2017,7219,12/13/2017,"Miercoles",0,8:30:00,,"0.0",2,"Moto/Ciclomotor,Automóvil","Candelaria Y Velez Sarfield",2,1,0,0,1,0,0,,"Calle",,"FUNES","Rosario","Ripio","S/D","II","Dentro","Urbana","Ninguna","No existe","Intersección","Con baches","Buena","Diurna","Buen Tiempo","Lateral","S/D","Colisión","Ninguna","Faltante","Ninguna","Sin restricción"
2017,7220,12/1/2017,"Viernes",0,12:10:00,"Ruta Nacional 9","0.0",2,"Automóvil,Automóvil"," ",2,1,0,0,1,0,0,,"Ruta",9,"FUNES","Rosario","Asfalto","Pavimento","II","S/D","Urbana","Semáforo","Funciona","Recta","Bueno","Buena","Diurna","Buen Tiempo","Frontal","S/D","Colisión","Ninguna","Horizontal","Línea divisoria pintada","Sin restricción"
2017,7221,12/26/2017,"Martes",0,3:45:00,,"0.0",2,"Moto/Ciclomotor,Otros","Av. Carlos Colombres Y J.B.Justo",2,1,0,0,0,0,1,,"Calle",,"ROSARIO","Rosario","Asfalto","S/D","II","S/D","Urbana","S/D","S/D","Intersección","Bueno","S/D","S/D","S/D","S/D","S/D","S/D","Ninguna","S/D","S/D","S/D"
2017,7222,12/14/2017,"Jueves",0,11:45:00,"Ruta Nacional 9","0.0",2,"Automóvil,Moto/Ciclomotor"," ",2,1,0,0,1,0,0,,"Ruta",9,"FUNES","Rosario","Asfalto","Ripio","II","Dentro","Urbana","Ninguna","No existe","Recta","S/D","Buena","Diurna","Buen Tiempo","De alcance","S/D","Colisión","Ninguna","Faltante","Ninguna","Sin restricción"
2017,7223,12/4/2017,"Lunes",0,14:00:00,,"0.0",2,"Automóvil,Moto/Ciclomotor","Brasil Y Forest",3,2,0,0,1,0,0,"-32.943694444444,-60.719416666667","Calle",,"ROSARIO","Rosario","Asfalto","Pavimento","II","Dentro","Urbana","S/D","S/D","Recta","Bueno","Buena","Diurna","S/D","De alcance","S/D","Colisión","S/D","S/D","Ninguna","S/D"
2017,7224,12/23/2017,"Sabado",0,14:00:00,"Ruta Nacional 9","0.0",2,"Automóvil,Automóvil"," ",3,1,0,0,2,0,0,,"Ruta",9,"FUNES","Rosario","Asfalto","Ripio","II","Dentro","Urbana","Ninguna","Funciona","Recta","Bueno","Buena","Diurna","Buen Tiempo","De alcance","S/D","Colisión","Ninguna","Vertical","Ninguna","Sin restricción"
2017,7225,12/23/2017,"Sabado",0,18:20:00,,"0.0",1,"Automóvil","Velez Sarfield Y Tucuman",1,1,0,0,0,0,0,,"Calle",,"FUNES","Rosario","Tierra","Natural","II","Dentro","Urbana","Ninguna","No existe","Otro","Ahuellamiento","Buena","Atardecer","Buen Tiempo","Contra objeto fijo","S/D","Colisión","Ninguna","Faltante","Ninguna","Sin restricción"
2017,7226,12/5/2017,"Martes",0,19:40:00,,"0.0",2,"Moto/Ciclomotor,Automóvil","Tucuman Y Tarragona",2,2,0,0,0,0,0,"-32.933138888889,-60.734333333333","Calle",,"ROSARIO","Rosario","Asfalto","No existe","II","Dentro","Urbana","S/D","No existe","Recta","Bueno","Buena","Diurna","S/D","Otro","S/D","Colisión","S/D","Faltante","Ninguna","S/D"
2017,7227,12/25/2017,"Lunes",0,21:00:00,,"0.0",1,"Bicicleta","Ruta Nacional 9 Y Candelaria",1,1,0,0,0,0,0,,"Avenida",,"FUNES","Rosario","Asfalto","Pavimento","II","Dentro","Urbana","Ninguna","No existe","Recta","Bueno","Buena","Nocturna","Buen Tiempo","S/D","S/D","Caída ocupante","Ninguna","Vertical","Ninguna","Sin restricción"
2017,7228,12/23/2017,"Sabado",0,16:00:00,,"0.0",2,"Moto/Ciclomotor,Pickup/Utilitario","Fontana Y Sanchez Granel",2,1,0,0,1,0,0,,"Calle",,"ROSARIO","Rosario","Asfalto","S/D","II","S/D","Urbana","S/D","S/D","Recta","Bueno","Buena","Diurna","Otro","Frontal","S/D","Colisión","S/D","S/D","S/D","S/D"