"anio_acci","nro_acci","fecha","desc_dia","fecha_aprox","hora_aprox","desc_ruta","km","cant_participantes","desc_participante","calle_avenida_km","total","heridos_leves","heridos_graves","heridos_gravisimos","ilesos","fallecidos","sin_datos","posicion_XY","desc_tipo_via","desc_ruta_ori","desc_loc","desc_dpto","desc_tipo_calzada","desc_tipo_banquina","desc_unidad_regional","desc_lugar_calzada","desc_zona","desc_prioridad","desc_estado_semaforo","desc_lugar_via","desc_estado_via","desc_estado_visibilidad","desc_luminosidad","desc_estado_clima","desc_tipo_colision","desc_tipo_atropello","desc_tipo_hecho","desc_pres_calzada","desc_senializacion","desc_separacion_via","desc_restriccion"
2017,7229,12/7/2017,"Jueves",0,14:40:00,,"0.0",2,"Automóvil,Moto/Ciclomotor","Av. Circunvalacion Y Derqui",2,1,0,0,1,0,0,"-32.938277777778,-60.722138888889","Avenida",,"ROSARIO","Rosario","Asfalto","Pavimento","II","S/D","Urbana","S/D","No existe","Recta","Bueno","Buena","S/D","S/D","Lateral","S/D","Colisión","S/D","S/D","Ninguna","S/D"
2017,7230,12/27/2017,"Miercoles",0,17:34:00,,"0.0",2,"Automóvil,Moto/Ciclomotor","J. Newery Y Malabia",4,2,0,0,2,0,0,,"Calle",,"ROSARIO","Rosario","Asfalto","S/D","II","S/D","Urbana","S/D","S/D","Recta","S/D","Buena","Diurna","Buen Tiempo","Frontal","S/D","Colisión","S/D","S/D","S/D","S/D"
2017,7231,12/10/2017,"Domingo",0,19:20:00,,"0.0",2,"Automóvil,Bicicleta","Cerrito Y Nicaragua",4,1,0,0,3,0,0,"-32.953527777778,-60.720138888889","Calle",,"ROSARIO","Rosario","Asfalto","No existe","II","S/D","Urbana","S/D","No existe","Cruce","Bueno","Buena","Diurna","S/D","Frontal","S/D","Colisión","Ninguna","Faltante","Ninguna","S/D"
2017,7232,12/25/2017,"Lunes",0,7:45:00,"Ruta Nacional 11","0.0",2,"Automóvil,Moto/Ciclomotor","Av. San Martin Y Orsetti",2,0,1,0,1,0,0,,"Ruta",11,"GRANADERO BAIGORRIA","Rosario","Asfalto","S/D","II","S/D","Urbana","Semáforo","Funciona","Intersección","Bueno","Buena","Diurna","Buen Tiempo","Contra objeto fijo","S/D","Colisión","Ninguna","Vertical","Ninguna","Sin restricción"
2017,7233,12/27/2017,"Miercoles",0,23:00:00,"Ruta Nacional 34","0.0",2,"Automóvil,Automóvil","Ruta Nac 34 Y Ruta Pcial Sec 34",2,1,0,0,1,0,0,,"Ruta",34,"IBARLUCEA","Rosario","Asfalto","Natural","II","Dentro","Urbana","Señal Pare","No existe","Intersección","Bueno","Buena","Atardecer","Buen Tiempo","Lateral","S/D","Colisión","Ninguna","S/D","Ninguna","Sin restricción"
2017,7234,12/15/2017,"Viernes",0,17:15:00,,"0.0",2,"Automóvil,Moto/Ciclomotor","Gianneo Y Av. Kennedy",2,1,0,0,1,0,0,,"S/D",,"ROSARIO","Rosario","Asfalto","No existe","II","S/D","Urbana","Ninguna","No existe","Intersección","Bueno","Buena","Diurna","Buen Tiempo","Lateral","S/D","Colisión","Ninguna","Faltante","Cordón divisorio","Sin restricción"
2017,7235,12/20/2017,"Miercoles",0,10:20:00,,"0.0",2,"Moto/Ciclomotor,Pickup/Utilitario","Mendoza Y Bv. Wilde",3,1,0,0,2,0,0,"-32.940194444444,-60.7385","Calle",,"ROSARIO","Rosario","Asfalto","S/D","II","S/D","Urbana","S/D","No existe","Otro","Otro","S/D","Diurna","S/D","Otro","S/D","Colisión","S/D","S/D","S/D","S/D"
2017,7236,11/27/2017,"Lunes",0,10:30:00,,"0.0",2,"Automóvil,Moto/Ciclomotor","Juan B Justo Bis Y Galvez",2,1,0,0,1,0,0,,"Calle",,"ARROYO SECO","Rosario","Hormigón","No existe","II","S/D","Urbana","Ninguna","No existe","Intersección","Bueno,Con baches","Buena","Diurna","Buen Tiempo","Lateral","S/D","Colisión","Ninguna","Faltante","Ninguna","Sin restricción"
2017,7237,12/23/2017,"Sabado",0,14:00:00,,"0.0",2,"Moto/Ciclomotor,Automóvil","Mendoza Y Amuchastegui",3,1,0,0,2,0,0,"-32.940222222222,-60.732472222222","Calle",,"ROSARIO","Rosario","Asfalto","Pavimento","II","Dentro","Urbana","S/D","No existe","Recta","Bueno","Buena","S/D","S/D","Otro","S/D","Colisión","S/D","S/D","Cordón divisorio","S/D"
2017,7238,12/29/2017,"Viernes",0,22:00:00,,"0.0",2,"Automóvil,Bicicleta","Gral Manuel Belgrano Y 9 de Julio",2,1,0,0,0,0,1,,"Calle",,"ARROYO SECO","Rosario","Asfalto","No existe","II","Dentro","Urbana","Ninguna","S/D","Intersección","Bueno,Con baches","Reducida","Nocturna,Con luz artificial","Buen Tiempo","Lateral","S/D","Colisión","S/D","Faltante","Ninguna","Sin restricción"
2017,7239,12/25/2017,"Lunes",0,2:00:00,,"0.0",2,"Automóvil,Moto/Ciclomotor","Brasil 1675",2,1,0,0,0,0,1,"-32.947638888889,-60.719277777778","Calle",,"ROSARIO","Rosario","Asfalto","Pavimento","II","Dentro","Urbana","S/D","S/D","Recta","Bueno","S/D","Nocturna,Con luz artificial","S/D","Otro","S/D","Colisión","S/D","S/D","Ninguna","S/D"
2017,7240,12/4/2017,"Lunes",0,,,"0.0",2,"Moto/Ciclomotor,Pickup/Utilitario","Morelli Y Richieri",2,1,0,0,1,0,0,,"Calle",,"PEREZ","Rosario","Ripio","No existe","II","S/D","Urbana","Ninguna","No existe","Recta","Bueno","Buena","Diurna","Buen Tiempo","Lateral","S/D","Colisión","Ninguna","Faltante","Ninguna","Sin restricción"
2017,7241,12/26/2017,"Martes",0,20:40:00,,"0.0",2,"Pickup/Utilitario,Moto/Ciclomotor","Sanchez de Loria Y Santa Fe",3,2,0,0,1,0,0,"-32.936222222222,-60.731888888889","Calle",,"ROSARIO","Rosario","Asfalto","No existe","II","Dentro","Urbana","S/D","No existe","Recta","Bueno","Buena","Nocturna,Con luz artificial","S/D","Lateral","S/D","Colisión","S/D","S/D","Ninguna","S/D"
2017,7242,12/6/2017,"Miercoles",0,12:15:00,,"0.0",2,"Bicicleta,Automóvil","Planta Industrial ",2,1,0,0,1,0,0,,"S/D",,"PEREZ","Rosario","Asfalto","No existe","II","S/D","Urbana","Ninguna","No existe","Recta","Bueno","Buena","Diurna","Buen Tiempo","S/D","Ciclista","Atropello","Ninguna","Faltante","Ninguna","Sin restricción"
2017,7243,12/12/2017,"Martes",0,20:30:00,,"0.0",2,"Moto/Ciclomotor,Automóvil","Emiliano Rearte Y Av de las Americas",1,1,0,0,0,0,0,,"Calle",,"PEREZ","Rosario","Asfalto","No existe","II","S/D","Urbana","Ninguna","No existe","Recta","Bueno","Buena","Nocturna","Buen Tiempo","Contra objeto fijo","S/D","Colisión","Ninguna","Faltante","Ninguna","Sin restricción"
2017,7244,12/16/2017,"Sabado",0,18:00:00,,"0.0",2,"Automóvil,Moto/Ciclomotor","Baigorria Y Molina",2,1,0,0,1,0,0,"-32.89375,-60.704722222222","Calle",,"ROSARIO","Rosario","Asfalto","No existe","II","Dentro","Urbana","Ninguna","No existe","Intersección","Bueno","Buena","Diurna","Buen Tiempo","S/D","S/D","Colisión","Ninguna","Faltante","Ninguna","Sin restricción"
2017,7245,12/7/2017,"Jueves",0,19:00:00,,"0.0",2,"Moto/Ciclomotor,Taxi/Remis","IRALA Y CALLE 1399",4,1,0,0,3,0,0,,"Calle",,"ROSARIO","Rosario","Asfalto","S/D","II","S/D","Urbana","S/D","S/D","Recta","Bueno","Buena","Diurna","Buen Tiempo","Frontal","S/D","S/D","S/D","S/D","S/D","S/D"
2017,7246,10/6/2017,"Viernes",0,18:35:00,,"0.0",2,"Automóvil,Automóvil","Bv Galvez Y Necochea",2,1,0,0,1,0,0,,"Calle",,"SANTA FE","La Capital","Asfalto","No existe","I","Dentro","Urbana","Semáforo","Funciona","Intersección","Bueno","S/D","Diurna","S/D","Lateral","S/D","Colisión","S/D","Horizontal,Vertical","S/D","S/D"
2017,7247,10/20/2017,"Viernes",0,8:50:00,,"0.0",2,"Automóvil,Pickup/Utilitario","Juan Del Campillo Y Las Heras",2,1,0,0,1,0,0,,"Calle",,"SANTA FE","La Capital","Asfalto","No existe","I","Dentro","Urbana","S/D","No existe","Intersección","Bueno","S/D","Diurna","S/D","Lateral","S/D","Colisión","S/D","Faltante","S/D","S/D"
2017,7248,6/20/2017,"Martes",0,6:15:00,,"0.0",1,"Automóvil","MARCONI 200",1,1,0,0,0,0,0,,"Calle",,"VENADO TUERTO","General López","Asfalto","No existe","VIII","Dentro","Urbana","Ninguna","S/D","Recta","Bueno","S/D","Diurna","S/D","Contra objeto fijo","S/D","Colisión","Ninguna","Faltante","Ninguna","S/D"
2017,7249,10/5/2017,"Jueves",0,14:35:00,,"0.0",2,"Bicicleta,Pickup/Utilitario","Av 7 Jefes 3600",2,1,0,0,1,0,0,,"Avenida",,"SANTA FE","La Capital","Asfalto","No existe","I","Dentro","Urbana","S/D","No existe","Recta","Bueno","S/D","Diurna","S/D","S/D","Ciclista","Atropello","S/D","Faltante","S/D","S/D"
2017,7250,10/5/2017,"Jueves",0,8:40:00,,"0.0",2,"Automóvil,Moto/Ciclomotor","Las Heras Y Bv Galvez",2,1,0,0,1,0,0,,"Calle",,"SANTA FE","La Capital","Asfalto","No existe","I","Dentro","Urbana","Semáforo","Funciona","Intersección","Bueno","S/D","Diurna","S/D","Lateral","S/D","Colisión","S/D","Horizontal,Vertical","S/D","S/D"
2017,7251,10/17/2017,"Martes",0,15:10:00,,"0.0",2,"Pickup/Utilitario,Moto/Ciclomotor","Pedro Centeno Y Alvear",2,1,0,0,1,0,0,,"Calle",,"SANTA FE","La Capital","Asfalto","No existe","I","Dentro","Urbana","Ninguna","No existe","Intersección","Bueno","Buena","Diurna","Buen Tiempo","S/D","S/D","Colisión","Ninguna","Faltante","Ninguna","Sin restricción"
2017,7252,6/21/2017,"Miercoles",0,22:30:00,,"0.0",2,"Automóvil,Moto/Ciclomotor","9 de Julio Y Sarmiento",2,1,0,0,1,0,0,,"Calle",,"CAÑADA DE GÓMEZ","Iriondo","Asfalto","No existe","X","Dentro","Urbana","Ninguna","No existe","Intersección","Bueno","S/D","Nocturna","S/D","S/D","S/D","Colisión","Ninguna","Faltante","Ninguna","Sin restricción"
2017,7253,10/4/2017,"Miercoles",0,14:55:00,,"0.0",2,"Pickup/Utilitario,Moto/Ciclomotor","Las Heras Y Luciano Molinas",2,1,0,0,1,0,0,,"Calle",,"SANTA FE","La Capital","Asfalto","No existe","I","Dentro","Urbana","S/D","No existe","Intersección","Bueno","S/D","Diurna","S/D","Lateral","S/D","Colisión","S/D","Faltante","S/D","S/D"
2017,7254,10/7/2017,"Sabado",0,18:50:00,,"0.0",2,"Automóvil,Moto/Ciclomotor","Ituzaingo Y Las Heras",2,0,0,0,1,0,1,,"Calle",,"SANTA FE","La Capital","Asfalto","No existe","I","Dentro","Urbana","S/D","No existe","Intersección","Bueno","S/D","Diurna","S/D","Lateral","S/D","Colisión","S/D","Faltante","S/D","S/D"
2017,7255,6/21/2017,"Miercoles",0,14:00:00,"Ruta Nacional 178","0.0",1,"Moto/Ciclomotor","RUTA 9 ",1,1,0,0,0,0,0,,"Ruta",178,"ARMSTRONG","Belgrano","Asfalto","Natural","III","Dentro","Urbana","Ninguna","No existe","Cruce","S/D","S/D","Diurna","S/D","S/D","S/D","Caída ocupante","Ninguna","Faltante","Ninguna","Sin restricción"
2017,7256,10/19/2017,"Jueves",0,12:50:00,,"0.0",2,"Automóvil,Peatón","Avellaneda 1200",2,1,0,0,1,0,0,,"Calle",,"SANTA FE","La Capital","Asfalto","No existe","I","S/D","Urbana","Ninguna","No existe","Intersección","Bueno","Buena","Diurna","Buen Tiempo","S/D","Peatón","Atropello","Ninguna","Faltante","Ninguna","Sin restricción"
2017,7257,9/2/2017,"Sabado",0,11:30:00,,"0.0",2,"Moto/Ciclomotor,Automóvil","Alberdi Y Segui",2,1,0,0,1,0,0,"-31.643416666667,-60.693916666667","Calle",,"SANTA FE","La Capital","Asfalto","No existe","I","Dentro","Urbana","S/D","No existe","Intersección","Bueno","S/D","Diurna","S/D","Lateral","S/D","Colisión","S/D","Faltante","Ninguna","S/D"
2017,7258,6/22/2017,"Jueves",0,17:10:00,,"0.0",2,"Moto/Ciclomotor,Automóvil","9 de Julio Y General Guemes",3,2,0,0,1,0,0,,"Calle",,"VILLA OCAMPO","General Obligado","Asfalto","No existe","IX","Dentro","Urbana","S/D","S/D","Intersección","S/D","S/D","Diurna","S/D","S/D","S/D","Colisión","S/D","S/D","S/D","S/D"
2017,7259,10/2/2017,"Lunes",0,8:45:00,,"0.0",2,"Moto/Ciclomotor,Moto/Ciclomotor","Riobamba Y Padre Genesio",3,1,0,0,2,0,0,,"Calle",,"SANTA FE","La Capital","Asfalto","No existe","I","Dentro","Urbana","S/D","No existe","Intersección","Deteriorada","S/D","Diurna","Buen Tiempo","S/D","S/D","Colisión","Ninguna","Faltante","Ninguna","Sin restricción"
2017,7260,10/20/2017,"Viernes",0,18:45:00,,"0.0",2,"Automóvil,Bicicleta","Av A del Valle Y Pavon",2,1,0,0,1,0,0,,"Calle",,"SANTA FE","La Capital","Asfalto","No existe","I","Dentro","Urbana","Ninguna","No existe","Intersección","Bueno","Buena","Atardecer","Buen Tiempo","S/D","Ciclista","Atropello","Ninguna","Faltante","Ninguna","Sin restricción"
2017,7261,6/21/2017,"Miercoles",0,14:00:00,,"0.0",2,"Pickup/Utilitario,Peatón","Calle 56 2473",2,1,0,0,1,0,0,,"Calle",,"RECONQUISTA","General Obligado","S/D","S/D","IX","Dentro","Urbana","S/D","S/D","Recta","S/D","S/D","Diurna","S/D","S/D","Peatón","Atropello","S/D","S/D","S/D","S/D"
2017,7262,10/5/2017,"Jueves",0,17:00:00,,"0.0",2,"Pickup/Utilitario,Moto/Ciclomotor","Av Gral Paz Y Pje Koch",3,1,0,0,2,0,0,,"Avenida",,"SANTA FE","La Capital","Asfalto","No existe","I","S/D","Urbana","S/D","No existe","Intersección","S/D","S/D","Diurna","S/D","S/D","S/D","Colisión","S/D","Faltante","S/D","S/D"
2017,7263,10/23/2017,"Lunes",0,16:25:00,,"0.0",2,"Automóvil,Bicicleta","Av A del Valle 7700",3,2,0,0,1,0,0,,"Calle",,"SANTA FE","La Capital","Asfalto","No existe","I","Dentro","Urbana","Ninguna","No existe","Intersección","Bueno","Buena","Diurna","Buen Tiempo","S/D","Ciclista","Atropello","Ninguna","Faltante","Ninguna","Sin restricción"
2017,7264,10/8/2017,"Domingo",0,18:45:00,,"0.0",2,"Automóvil,Automóvil","De La Salle Y Matheu",2,0,0,0,0,0,2,,"Calle",,"SANTA FE","La Capital","Tierra","No existe","I","Dentro","Urbana","S/D","No existe","Intersección","Deteriorada","Buena","Con luz artificial","Otro","Otro","S/D","Colisión","S/D","Faltante","Ninguna","S/D"
2017,7265,10/24/2017,"Martes",0,12:10:00,,"0.0",2,"Automóvil,Moto/Ciclomotor","French Y 25 de Mayo",2,1,0,0,1,0,0,,"Calle",,"SANTA FE","La Capital","Asfalto","No existe","I","Dentro","Urbana","Ninguna","No existe","Intersección","Deteriorada","Buena","Diurna","Buen Tiempo","Lateral","S/D","Colisión","Material Suelto","Faltante","Ninguna","Sin restricción"
2017,7266,10/11/2017,"Miercoles",0,13:35:00,,"0.0",2,"Pickup/Utilitario,Moto/Ciclomotor","Matheu Y Pje Cullen",2,1,0,0,1,0,0,,"Calle",,"SANTA FE","La Capital","Asfalto","No existe","I","S/D","Urbana","Ninguna","No existe","Intersección","Bueno","Reducida","Diurna","Otro","S/D","S/D","Colisión","Otro","Faltante","Ninguna","Sin restricción"
2017,7267,10/11/2017,"Miercoles",0,14:35:00,,"0.0",2,"Automóvil,Moto/Ciclomotor","Mitre Y Risso",3,2,0,0,1,0,0,,"Calle",,"SANTA FE","La Capital","Asfalto","No existe","I","S/D","Urbana","Ninguna","No existe","Intersección","Deteriorada","Reducida","Diurna","Buen Tiempo","S/D","S/D","Colisión","Otro","Faltante","Ninguna","Sin restricción"
2017,7268,10/26/2017,"Jueves",0,7:45:00,,"0.0",2,"Automóvil,Moto/Ciclomotor","Guemes Y Pje Koch",2,1,0,0,1,0,0,,"Calle",,"SANTA FE","La Capital","Asfalto","No existe","I","Dentro","Urbana","Ninguna","No existe","Intersección","Bueno","Buena","Diurna","Buen Tiempo","Lateral","S/D","Colisión","Ninguna","Faltante","Ninguna","Sin restricción"
2017,7269,10/11/2017,"Miercoles",0,20:30:00,,"0.0",2,"Moto/Ciclomotor,Automóvil","Av Gral Paz Y Alberti",3,1,0,0,2,0,0,,"Avenida",,"SANTA FE","La Capital","Asfalto","No existe","I","S/D","Urbana","S/D","No existe","Intersección","Otro","Reducida","Nocturna,Con luz artificial","S/D","Otro","S/D","Colisión","Ninguna","Faltante","Línea divisoria pintada","Sin restricción"
2017,7270,10/26/2017,"Jueves",0,8:30:00,,"0.0",2,"Automóvil,Pickup/Utilitario","Av A del Valle Y Padre Genesio",2,1,0,0,1,0,0,,"Calle",,"SANTA FE","La Capital","Asfalto","No existe","I","Dentro","Urbana","Semáforo","Funciona","Intersección","Bueno","Buena","Diurna","Buen Tiempo","Lateral","S/D","Colisión","Ninguna","Vertical","Cordón divisorio","Sin restricción"
2017,7271,6/22/2017,"Jueves",0,23:00:00,,"0.0",2,"Moto/Ciclomotor,Pickup/Utilitario","Cuba Y Bolivia",2,1,0,0,1,0,0,,"Calle",,"CAÑADA DE GÓMEZ","Iriondo","S/D","S/D","X","Dentro","Urbana","S/D","S/D","Intersección","S/D","S/D","Nocturna","S/D","S/D","S/D","Colisión","S/D","S/D","S/D","S/D"
2017,7272,10/2/2017,"Lunes",0,21:25:00,,"0.0",2,"Pickup/Utilitario,Moto/Ciclomotor","Av Galicia Y Lavalle",2,2,0,0,0,0,0,,"Avenida",,"SANTA FE","La Capital","Asfalto","No existe","I","Dentro","Urbana","Ninguna","No existe","Intersección","Otro","Reducida","Nocturna,Con luz artificial","Otro","Otro","S/D","Colisión","Otro","Faltante","Cordón divisorio","Sin restricción"
2017,7273,6/22/2017,"Jueves",0,12:00:00,,"0.0",2,"Moto/Ciclomotor,Automóvil","Boulevard Centenario Y Sarmiento",2,1,0,0,1,0,0,,"Calle",,"CAÑADA DE GÓMEZ","Iriondo","Asfalto","No existe","X","Dentro","Urbana","Ninguna","No existe","Intersección","Bueno","S/D","Diurna","S/D","S/D","S/D","Colisión","Ninguna","Faltante","Cordón divisorio","Sin restricción"
2017,7274,10/26/2017,"Jueves",0,16:05:00,,"0.0",2,"Automóvil,Moto/Ciclomotor","Rivadavia Y Alberti",2,1,0,0,1,0,0,,"Calle",,"SANTA FE","La Capital","Asfalto","No existe","I","Dentro","Urbana","Ninguna","No existe","Intersección","Bueno","Buena","Diurna","Buen Tiempo","Lateral","S/D","Colisión","Ninguna","Faltante","Ninguna","Sin restricción"
2017,7275,10/19/2017,"Jueves",0,11:15:00,,"0.0",2,"Bicicleta,Automóvil","4 de Enero Y Juan de Garay",2,1,0,0,1,0,0,,"Calle",,"SANTA FE","La Capital","Asfalto","No existe","I","Dentro","Urbana","Ninguna","No existe","Intersección","Bueno","Buena","Diurna","Buen Tiempo","S/D","Ciclista","Atropello","Ninguna","Horizontal","Ninguna","Sin restricción"
2017,7276,10/13/2017,"Viernes",0,15:40:00,,"0.0",2,"Moto/Ciclomotor,Automóvil","Av Galicia Y Necochea",2,2,0,0,0,0,0,,"Avenida",,"SANTA FE","La Capital","Asfalto","No existe","I","S/D","Urbana","Ninguna","No existe","Intersección","Deteriorada","Reducida","Diurna","Otro","Otro","S/D","Colisión","Ninguna","Faltante","Cordón divisorio","Sin restricción"
2017,7277,10/22/2017,"Domingo",0,13:50:00,,"0.0",2,"Peatón,Automóvil","25 de Mayo Y Gdor Crespo",2,1,0,0,1,0,0,,"Avenida",,"SANTA FE","La Capital","Asfalto","No existe","I","Dentro","Urbana","Ninguna","No existe","Recta","Bueno","Buena","Diurna","Buen Tiempo","S/D","Peatón","Atropello","Ninguna","Horizontal","Ninguna","Sin restricción"
2017,7278,10/13/2017,"Viernes",0,16:40:00,,"0.0",2,"Automóvil,Moto/Ciclomotor","Av Galicia Y Alberdi",3,3,0,0,0,0,0,,"Avenida",,"SANTA FE","La Capital","Asfalto","No existe","I","S/D","Urbana","Ninguna","No existe","Intersección","Deteriorada","Reducida","Diurna","Buen Tiempo","Otro","S/D","Colisión","Otro","Faltante","Cordón divisorio","Sin restricción"
2017,7279,10/21/2017,"Sabado",0,7:11:00,,"0.0",2,"Pickup/Utilitario,Peatón","Av Urquiza Y Mendoza",3,2,0,0,1,0,0,,"Avenida",,"SANTA FE","La Capital","Asfalto","No existe","I","Dentro","Urbana","Ninguna","No existe","Intersección","Bueno","Buena","Diurna","Buen Tiempo","S/D","Peatón","Atropello","Ninguna","Horizontal","Ninguna","Sin restricción"
2017,7280,10/28/2017,"Sabado",0,17:30:00,,"0.0",2,"Automóvil,Moto/Ciclomotor","Risso Y Las Heras",2,1,0,0,1,0,0,,"Calle",,"SANTA FE","La Capital","Asfalto","No existe","I","Dentro","Urbana","Ninguna","No existe","Intersección","Bueno","Buena","Diurna","Buen Tiempo","Lateral","S/D","Colisión","Ninguna","Faltante","Ninguna","Sin restricción"
2017,7281,10/15/2017,"Domingo",0,1:00:00,,"0.0",2,"Moto/Ciclomotor,Automóvil","Talcahuano Y Boneo",3,3,0,0,0,0,0,,"Calle",,"SANTA FE","La Capital","Hormigón","No existe","I","S/D","Urbana","Ninguna","No existe","Intersección","Deteriorada","Reducida","Nocturna,Con luz artificial","Otro","Otro","S/D","Colisión","Ninguna","Faltante","Ninguna","Sin restricción"
2017,7282,10/29/2017,"Domingo",0,19:15:00,,"0.0",2,"Automóvil,Moto/Ciclomotor","Av Galicia Y Rivadavia",2,1,0,0,1,0,0,,"Calle",,"SANTA FE","La Capital","Asfalto","No existe","I","Dentro","Urbana","Ninguna","No existe","Intersección","Bueno","Buena","Atardecer","Buen Tiempo","Lateral","S/D","Colisión","Ninguna","Faltante","Cordón divisorio","Sin restricción"
2017,7283,10/15/2017,"Domingo",0,6:40:00,,"0.0",2,"Automóvil,Moto/Ciclomotor","Av A del Valle Y Javier de la Rosa",2,2,0,0,0,0,0,,"Calle",,"SANTA FE","La Capital","Asfalto","No existe","I","S/D","Urbana","Ninguna","No existe","Intersección","Bueno","Buena","Amanecer","Buen Tiempo","S/D","S/D","Colisión","Ninguna","Faltante","Ninguna","Sin restricción"
2017,7284,10/23/2017,"Lunes",0,10:00:00,,"0.0",2,"Automóvil,Moto/Ciclomotor","1ro de Mayo Y Irigoyen Freyre",3,2,0,0,1,0,0,,"Calle",,"SANTA FE","La Capital","Hormigón","No existe","I","Dentro","Urbana","Ninguna","No existe","Recta","Bueno","Buena","Diurna","Buen Tiempo","De alcance","S/D","Colisión","Ninguna","Horizontal","Ninguna","Sin restricción"
2017,7285,10/15/2017,"Domingo",0,20:45:00,,"0.0",2,"Automóvil,Moto/Ciclomotor","Estanislao Zeballos Y Talcahuano",2,1,0,0,1,0,0,,"Calle",,"SANTA FE","La Capital","Asfalto","No existe","I","S/D","Urbana","Ninguna","No existe","Intersección","Deteriorada","Reducida","Nocturna","Otro","Otro","S/D","Colisión","Ninguna","Faltante","Ninguna","Sin restricción"
2017,7286,10/24/2017,"Martes",0,12:10:00,,"0.0",2,"Automóvil,Peatón","4 de Enero 3200",2,1,0,0,1,0,0,,"Calle",,"SANTA FE","La Capital","Asfalto","No existe","I","Dentro","Urbana","Ninguna","No existe","Recta","Bueno","Buena","Diurna","Buen Tiempo","S/D","Peatón","Atropello","Ninguna","Horizontal","Ninguna","Sin restricción"
2017,7287,10/23/2017,"Lunes",0,19:30:00,,"0.0",2,"Moto/Ciclomotor,Automóvil","1ro de Mayo Y Mariano Comas",3,1,0,0,2,0,0,,"Calle",,"SANTA FE","La Capital","Asfalto","No existe","I","Dentro","Urbana","Ninguna","No existe","Intersección","Bueno","Buena","Atardecer,Con luz artificial","Buen Tiempo","Lateral","S/D","Colisión","Ninguna","Horizontal","Ninguna","Sin restricción"
2017,7288,10/8/2017,"Domingo",0,12:30:00,"Ruta Nacional 168","0.0",2,"Moto/Ciclomotor,Automóvil","Ruta Nac 168 ",3,2,0,0,0,0,1,,"Ruta",168,"SANTA FE","La Capital","Asfalto","Natural","I","Dentro","Urbana","S/D","No existe","Recta","Bueno","S/D","Diurna","S/D","Lateral","S/D","Colisión","S/D","Faltante","Cordón divisorio","S/D"
2017,7289,10/29/2017,"Domingo",0,18:30:00,,"0.0",2,"Automóvil,Moto/Ciclomotor","Necochea Y Vieytes",5,1,0,0,4,0,0,,"Calle",,"SANTA FE","La Capital","Asfalto","No existe","I","Dentro","Urbana","Ninguna","No existe","Intersección","Bueno","Buena","Amanecer","Buen Tiempo","Lateral","S/D","Colisión","Ninguna","Faltante","Ninguna","Sin restricción"
2017,7290,10/21/2017,"Sabado",0,7:20:00,,"0.0",2,"Automóvil,Automóvil","Eva Peron Y 9 de Julio",4,4,0,0,0,0,0,,"Calle",,"SANTA FE","La Capital","Asfalto","No existe","I","Dentro","Urbana","Ninguna","No existe","Intersección","Bueno","Buena","Diurna","Buen Tiempo","Lateral","S/D","Colisión","Ninguna","Horizontal","Ninguna","Sin restricción"
2017,7291,10/23/2017,"Lunes",0,14:40:00,,"0.0",2,"Moto/Ciclomotor,Moto/Ciclomotor","25 de Mayo Y Mariano Comas",2,1,1,0,0,0,0,,"Calle",,"SANTA FE","La Capital","Asfalto","No existe","I","Dentro","Urbana","Semáforo","Funciona","Intersección","Bueno","Buena","Diurna","Buen Tiempo","Frontal","S/D","Colisión","Ninguna","Vertical","Ninguna","Sin restricción"
2017,7292,10/26/2017,"Jueves",0,12:00:00,,"0.0",2,"Automóvil,Moto/Ciclomotor","3 de Febrero Y Av 27 de Febrero",2,1,0,0,1,0,0,,"Calle",,"SANTA FE","La Capital","Hormigón","No existe","I","Dentro","Urbana","Ninguna","No existe","Recta","Bueno","Buena","Diurna","Buen Tiempo","Lateral","S/D","Colisión","Ninguna","Horizontal","Ninguna","Sin restricción"
2017,7293,10/19/2017,"Jueves",0,19:00:00,,"0.0",2,"Taxi/Remis,Moto/Ciclomotor","Rivadavia Y Bv Galvez",2,1,0,0,1,0,0,,"Avenida",,"SANTA FE","La Capital","Asfalto","No existe","I","Dentro","Urbana","Semáforo","Funciona","Intersección","Bueno","Buena","Diurna","Buen Tiempo","Frontal","S/D","Colisión","Ninguna","Horizontal,Vertical","Ninguna","Sin restricción"
2017,7294,10/29/2017,"Domingo",0,20:30:00,,"0.0",2,"Automóvil,Moto/Ciclomotor","Alberti Y Rivadavia",2,1,0,0,1,0,0,,"Calle",,"SANTA FE","La Capital","Asfalto","No existe","I","Dentro","Urbana","Ninguna","No existe","Intersección","Bueno","Buena","Nocturna","Buen Tiempo","Lateral","S/D","Colisión","Ninguna","Faltante","Ninguna","Sin restricción"
2017,7295,10/30/2017,"Lunes",0,20:40:00,,"0.0",2,"Automóvil,Bicicleta","Av Urquiza Y Tucuman",2,1,0,0,1,0,0,,"Avenida",,"SANTA FE","La Capital","Asfalto","No existe","I","Dentro","Urbana","Semáforo","Funciona","Intersección","Bueno","Buena","Nocturna,Con luz artificial","Buen Tiempo","S/D","Ciclista","Atropello","Ninguna","Horizontal,Vertical","Ninguna","Sin restricción"