"anio_acci","nro_acci","fecha","desc_dia","fecha_aprox","hora_aprox","desc_ruta","km","cant_participantes","desc_participante","calle_avenida_km","total","heridos_leves","heridos_graves","heridos_gravisimos","ilesos","fallecidos","sin_datos","posicion_XY","desc_tipo_via","desc_ruta_ori","desc_loc","desc_dpto","desc_tipo_calzada","desc_tipo_banquina","desc_unidad_regional","desc_lugar_calzada","desc_zona","desc_prioridad","desc_estado_semaforo","desc_lugar_via","desc_estado_via","desc_estado_visibilidad","desc_luminosidad","desc_estado_clima","desc_tipo_colision","desc_tipo_atropello","desc_tipo_hecho","desc_pres_calzada","desc_senializacion","desc_separacion_via","desc_restriccion"
2017,7296,10/20/2017,"Viernes",0,16:00:00,,"0.0",2,"Taxi/Remis,Automóvil","San Jeronimo Y Eva Peron",3,1,0,0,2,0,0,,"Calle",,"SANTA FE","La Capital","Asfalto","No existe","I","Dentro","Urbana","Ninguna","No existe","Intersección","Bueno","Buena","Diurna","Buen Tiempo","Frontal","S/D","Colisión","Ninguna","Horizontal","Ninguna","Sin restricción"
2017,7297,10/28/2017,"Sabado",0,11:05:00,,"0.0",2,"Automóvil,Moto/Ciclomotor","Moreno Y 4 de Enero",2,1,0,0,1,0,0,,"Calle",,"SANTA FE","La Capital","Asfalto","No existe","I","Dentro","Urbana","Ninguna","No existe","Intersección","Bueno","Buena","Diurna","Buen Tiempo","Lateral","S/D","Colisión","Ninguna","Horizontal","Ninguna","Sin restricción"
2017,7298,10/1/2017,"Domingo",0,6:00:00,,"0.0",2,"Automóvil,Automóvil","Av Leandro Alem Y Belgrano",2,1,0,0,1,0,0,,"Avenida",,"SANTA FE","La Capital","Hormigón","No existe","I","Dentro","Urbana","Semáforo","Funciona","Recta","Bueno","Buena","Diurna","Buen Tiempo","De alcance","S/D","Colisión","Ninguna","Horizontal,Vertical","Ninguna","Sin restricción"
2017,7299,10/30/2017,"Lunes",0,11:10:00,,"0.0",2,"Automóvil,Moto/Ciclomotor","Mitre 7100",3,2,0,0,1,0,0,,"Calle",,"SANTA FE","La Capital","Asfalto","No existe","I","Dentro","Urbana","Ninguna","No existe","Intersección","Bueno","Buena","Diurna","Buen Tiempo","Lateral","S/D","Colisión","Ninguna","Faltante","Ninguna","Sin restricción"
2017,7300,10/20/2017,"Viernes",0,21:30:00,,"0.0",2,"Automóvil,Automóvil","25 de Mayo Y Bv Pellegrini",3,1,0,0,2,0,0,,"Avenida",,"SANTA FE","La Capital","Asfalto","No existe","I","Dentro","Urbana","Semáforo","Funciona","Recta","Bueno","Buena","Nocturna","Buen Tiempo","Frontal","S/D","Colisión","Ninguna","Horizontal,Vertical","Ninguna","Sin restricción"
2017,7301,10/6/2017,"Viernes",0,6:50:00,,"0.0",2,"Moto/Ciclomotor,Taxi/Remis","Av Urquiza Y Catamarca",3,1,0,0,2,0,0,,"Calle",,"SANTA FE","La Capital","Asfalto","No existe","I","Dentro","Urbana","Semáforo","Funciona","Intersección","Bueno","Buena","Diurna","Buen Tiempo","Frontal","S/D","Colisión","Ninguna","Vertical","Ninguna","Sin restricción"
2017,7302,10/20/2017,"Viernes",0,18:00:00,,"0.0",2,"Bicicleta,Transporte de Pasajeros Urbano (> 8 asientos)","San Jeronimo Y Obispo Gelabert",2,1,0,0,1,0,0,,"Calle",,"SANTA FE","La Capital","Asfalto","No existe","I","S/D","Urbana","Ninguna","No existe","Recta","Bueno","Buena","Atardecer","Buen Tiempo","S/D","Ciclista","Atropello","Ninguna","Horizontal","Ninguna","Sin restricción"
2017,7303,10/31/2017,"Martes",0,14:30:00,,"0.0",2,"Automóvil,Moto/Ciclomotor","Padre Genesio Y Alberdi",2,1,0,0,1,0,0,,"Calle",,"SANTA FE","La Capital","Asfalto","No existe","I","Dentro","Urbana","Ninguna","No existe","Intersección","Bueno","Buena","Diurna","Buen Tiempo","Lateral","S/D","Colisión","Ninguna","Faltante","Ninguna","Sin restricción"
2017,7304,10/23/2017,"Lunes",0,11:15:00,,"0.0",1,"Transporte de Pasajeros Urbano (> 8 asientos)","San Jeronimo Y Suipacha",4,1,0,0,2,0,1,,"Calle",,"SANTA FE","La Capital","Asfalto","No existe","I","S/D","Urbana","Ninguna","Funciona","Intersección","Bueno","Buena","Diurna","Buen Tiempo","Frontal","S/D","Colisión","Ninguna","Vertical","Ninguna","Sin restricción"
2017,7305,10/9/2017,"Lunes",0,7:45:00,,"0.0",2,"Automóvil,Moto/Ciclomotor","J J Paso Y Av Urquiza",2,1,0,0,1,0,0,,"Avenida",,"SANTA FE","La Capital","Asfalto","No existe","I","Dentro","Urbana","Semáforo","Funciona","Intersección","Bueno,Con baches","Buena","Diurna","Buen Tiempo","Frontal","S/D","Colisión","Ninguna","Horizontal,Vertical","Cordón divisorio","Sin restricción"
2017,7306,10/31/2017,"Martes",0,19:30:00,,"0.0",1,"Moto/Ciclomotor","Av Gral Lopez Y Azcuenaga",1,1,0,0,0,0,0,,"Calle",,"SANTA FE","La Capital","Asfalto","No existe","I","Dentro","Urbana","Ninguna","No existe","Intersección","Bueno","Buena","Atardecer","Buen Tiempo","S/D","S/D","Caída ocupante","Ninguna","Faltante","Ninguna","Sin restricción"
2017,7307,10/26/2017,"Jueves",0,6:30:00,,"0.0",2,"Peatón,Automóvil","San Jeronimo Y Corrientes",2,1,0,0,1,0,0,,"Calle",,"SANTA FE","La Capital","Asfalto","No existe","I","Dentro","Urbana","Ninguna","No existe","Intersección","Bueno","Buena","Diurna","Buen Tiempo","S/D","Peatón","Atropello","Ninguna","Vertical","Ninguna","Sin restricción"
2017,7308,10/23/2017,"Lunes",0,11:40:00,,"0.0",2,"Automóvil,Moto/Ciclomotor","1ro de Mayo Y Junin",3,1,0,0,2,0,0,,"Calle",,"SANTA FE","La Capital","Asfalto","No existe","I","Dentro","Urbana","Semáforo","Funciona","Intersección","Bueno","Buena","Diurna","Buen Tiempo","Frontal","S/D","Colisión","Ninguna","Horizontal,Vertical","Ninguna","Sin restricción"
2017,7309,10/12/2017,"Jueves",0,,,"0.0",2,"Moto/Ciclomotor,Automóvil","4 de Enero Y Obispo Gelabert",2,1,0,0,1,0,0,,"Calle",,"SANTA FE","La Capital","Asfalto","No existe","I","Dentro","Urbana","Ninguna","No existe","Intersección","Bueno","Buena","Atardecer","Lluvia","Frontal","S/D","Colisión","Agua","Vertical","Ninguna","Sin restricción"
2017,7310,10/13/2017,"Viernes",0,17:20:00,,"0.0",2,"Moto/Ciclomotor,Camión Chasis","4 de Enero 2200",2,1,0,0,1,0,0,,"Calle",,"SANTA FE","La Capital","Asfalto","No existe","I","Dentro","Urbana","Paso Peatonal","No existe","Recta","Bueno","Buena","Atardecer","Buen Tiempo","Frontal","S/D","Colisión","Ninguna","Horizontal","Ninguna","Sin restricción"
2017,7311,10/20/2017,"Viernes",0,17:45:00,,"0.0",2,"Automóvil,Moto/Ciclomotor","Irigoyen Freyre Y Rivadavia",2,1,0,0,0,0,1,,"Calle",,"SANTA FE","La Capital","Asfalto","No existe","I","Dentro","Urbana","Ninguna","Funciona","Intersección","Bueno","Buena","Diurna","Buen Tiempo","Lateral","S/D","Colisión","Ninguna","Vertical","Ninguna","Sin restricción"
2017,7312,10/9/2017,"Lunes",0,9:30:00,,"0.0",2,"Moto/Ciclomotor,Automóvil","Bv Pellegrini Y 4 de Enero",3,2,0,0,1,0,0,,"Calle",,"SANTA FE","La Capital","Asfalto","No existe","I","Dentro","Urbana","Ninguna","No existe","Intersección","Bueno","Buena","Diurna","Buen Tiempo","Frontal","S/D","Colisión","Ninguna","Vertical","Ninguna","Sin restricción"
2017,7313,10/16/2017,"Lunes",0,,,"0.0",2,"Moto/Ciclomotor,Moto/Ciclomotor","9 de Julio Y Moreno",2,2,0,0,0,0,0,,"Calle",,"SANTA FE","La Capital","Asfalto","No existe","I","Dentro","Urbana","Paso Peatonal","No existe","Intersección","Bueno","Buena","Nocturna","Buen Tiempo","Frontal","S/D","Colisión","Ninguna","Horizontal","Ninguna","Sin restricción"
2017,7314,10/13/2017,"Viernes",0,18:15:00,,"0.0",2,"Automóvil,Moto/Ciclomotor","Rivadavia ",2,1,0,0,1,0,0,,"Calle",,"SANTA FE","La Capital","Asfalto","No existe","I","Dentro","Urbana","Ninguna","Funciona","Intersección","Bueno","Buena","Atardecer","Buen Tiempo","Frontal","S/D","Colisión","Ninguna","Vertical","Ninguna","Sin restricción"
2017,7315,10/6/2017,"Viernes",0,11:30:00,,"0.0",2,"Automóvil,Automóvil","Av 27 de Febrero Y Belgrano",2,1,0,0,1,0,0,,"Avenida",,"SANTA FE","La Capital","Asfalto","No existe","I","Dentro","Urbana","Semáforo","Funciona","Recta","Bueno","Buena","Diurna","Buen Tiempo","De alcance","S/D","Colisión","Ninguna","Horizontal,Vertical","Ninguna","Sin restricción"
2017,7316,10/3/2017,"Martes",0,12:30:00,,"0.0",2,"Moto/Ciclomotor,Camión Chasis","J J Paso Y 4 de Enero",2,1,0,0,1,0,0,,"Calle",,"SANTA FE","La Capital","Asfalto","No existe","I","S/D","Urbana","Ninguna","No existe","Intersección","Bueno","Buena","Diurna","Buen Tiempo","Frontal","S/D","Colisión","Ninguna","Vertical","Ninguna","Sin restricción"
2017,7317,10/6/2017,"Viernes",0,10:50:00,,"0.0",2,"Pickup/Utilitario,Moto/Ciclomotor","Corrientes Y San Jeronimo",2,1,0,0,1,0,0,,"Calle",,"SANTA FE","La Capital","Asfalto","No existe","I","Dentro","Urbana","Ninguna","No existe","Intersección","Bueno","Buena","Diurna","Buen Tiempo","Frontal","S/D","Colisión","Ninguna","Faltante","Ninguna","Sin restricción"
2017,7318,10/2/2017,"Lunes",0,13:15:00,,"0.0",2,"Automóvil,Automóvil","San Jeronimo Y Monseñor Zaspe",4,1,0,0,3,0,0,,"Calle",,"SANTA FE","La Capital","Asfalto","No existe","I","S/D","Urbana","Ninguna","No existe","Intersección","Bueno","Buena","Diurna","Buen Tiempo","Frontal","S/D","Colisión","Ninguna","Vertical","Ninguna","Sin restricción"
2017,7319,10/23/2017,"Lunes",0,14:10:00,"Ruta Nacional 11","0.0",2,"Automóvil,Automóvil","Av Circunvalación ",2,2,0,0,0,0,0,,"Ruta",11,"SANTA FE","La Capital","Asfalto","No existe","I","Dentro","Urbana","Ninguna","No existe","Recta","Bueno","Buena","Diurna","Buen Tiempo","De alcance","S/D","Colisión","Ninguna","Horizontal","Ninguna","Sin restricción"
2017,7320,10/4/2017,"Miercoles",0,8:00:00,,"0.0",2,"Automóvil,Moto/Ciclomotor","Rivadavia Y Obispo Gelabert",2,1,0,0,1,0,0,,"Calle",,"SANTA FE","La Capital","Asfalto","No existe","I","S/D","Urbana","Semáforo","Funciona","Intersección","Bueno","Buena","Diurna","Buen Tiempo","Frontal","S/D","Colisión","Ninguna","Vertical","Ninguna","Sin restricción"
2017,7322,10/4/2017,"Miercoles",0,16:40:00,,"0.0",2,"Pickup/Utilitario,Moto/Ciclomotor","San Jeronimo Y Juan de Garay",2,1,0,0,1,0,0,,"Calle",,"SANTA FE","La Capital","Asfalto","No existe","I","S/D","Urbana","Ninguna","No existe","Recta","Bueno","Buena","Diurna","Buen Tiempo","Lateral","S/D","Colisión","Ninguna","Vertical","Ninguna","Sin restricción"
2017,7323,10/6/2017,"Viernes",0,0:20:00,,"0.0",2,"Taxi/Remis,Moto/Ciclomotor","9 de Julio ",3,1,0,0,2,0,0,,"Calle",,"SANTA FE","La Capital","Asfalto","No existe","I","Dentro","Urbana","Ninguna","Funciona","Intersección","Bueno","Reducida","Diurna","Buen Tiempo","Lateral","S/D","Colisión","Ninguna","Vertical","Ninguna","Sin restricción"
2017,7324,10/4/2017,"Miercoles",0,18:30:00,,"0.0",2,"Moto/Ciclomotor,Automóvil","San Jeronimo Y Primera Junta",2,1,0,0,1,0,0,,"Calle",,"SANTA FE","La Capital","Asfalto","No existe","I","S/D","Urbana","Ninguna","No existe","Intersección","Bueno","Buena","Atardecer","Buen Tiempo","Frontal","S/D","Colisión","Ninguna","Vertical","Ninguna","Sin restricción"
2017,7325,10/14/2017,"Sabado",0,6:50:00,,"0.0",2,"Moto/Ciclomotor,Taxi/Remis","25 de Mayo Y Obispo Gelabert",2,1,0,0,1,0,0,,"Calle",,"SANTA FE","La Capital","Asfalto","No existe","I","S/D","Urbana","Ninguna","Funciona","Intersección","Bueno","Buena","Diurna","Buen Tiempo","Frontal","S/D","Colisión","Ninguna","Vertical","Ninguna","Sin restricción"
2017,7326,10/12/2017,"Jueves",0,18:15:00,,"0.0",2,"Automóvil,Taxi/Remis","4 de Enero Y Jujuy",2,2,0,0,0,0,0,,"Calle",,"SANTA FE","La Capital","Asfalto","No existe","I","S/D","Urbana","Ninguna","No existe","Intersección","Resbaladiza","Buena","Diurna","Lluvia","Lateral","S/D","Colisión","Agua","Faltante","Ninguna","Sin restricción"
2017,7327,10/2/2017,"Lunes",0,14:30:00,,"0.0",1,"Moto/Ciclomotor","Av 27 de Febrero Y Juan de Garay",2,2,0,0,0,0,0,,"Avenida",,"SANTA FE","La Capital","Asfalto","S/D","I","S/D","Urbana","Ninguna","S/D","Recta","Bueno","S/D","S/D","Buen Tiempo","S/D","S/D","Despiste","Ninguna","Vertical","Guardarrail","Sin restricción"
2017,7328,10/25/2017,"Miercoles",0,15:30:00,,"0.0",2,"Moto/Ciclomotor,Bicicleta","Rivadavia 3800",2,1,0,0,1,0,0,,"Calle",,"SANTA FE","La Capital","Asfalto","No existe","I","Dentro","Urbana","Ninguna","No existe","Recta","Bueno","Buena","Diurna","Buen Tiempo","S/D","Ciclista","Atropello","Ninguna","Vertical","Ninguna","Sin restricción"
2017,7329,10/22/2017,"Domingo",0,2:08:00,,"0.0",2,"Automóvil,Moto/Ciclomotor","Rivadavia Y Obispo Gelabert",2,0,1,0,1,0,0,,"Calle",,"SANTA FE","La Capital","Asfalto","No existe","I","S/D","Urbana","Semáforo","Funciona","Intersección","Bueno","Buena","Nocturna","Buen Tiempo","Lateral","S/D","Colisión","Ninguna","Vertical","Ninguna","Sin restricción"
2017,7330,10/23/2017,"Lunes",0,9:50:00,,"0.0",2,"Peatón,Moto/Ciclomotor"," ",2,1,0,0,1,0,0,,"Calle",,"ALTO VERDE","La Capital","Asfalto","No existe","I","S/D","Urbana","Ninguna","No existe","Recta","Bueno","Buena","Diurna","Buen Tiempo","S/D","Peatón","Atropello","Ninguna","Faltante","Ninguna","Sin restricción"
2017,7331,10/11/2017,"Miercoles",0,10:20:00,,"0.0",1,"Transporte de Pasajeros (H/ 8 asientos)","MJO 4 Y PJE 9",2,1,0,0,1,0,0,,"Calle",,"ALTO VERDE","La Capital","Asfalto","No existe","I","S/D","Urbana","Ninguna","No existe","Recta","Bueno","Buena","Diurna","Buen Tiempo","S/D","S/D","Caída ocupante","Ninguna","Faltante","Ninguna","Sin restricción"
2017,7332,10/26/2017,"Jueves",0,14:05:00,,"0.0",2,"Bicicleta,Automóvil","Francia Y La Rioja",2,1,0,0,1,0,0,,"Calle",,"SANTA FE","La Capital","Asfalto","No existe","I","S/D","Urbana","Semáforo","Funciona","Intersección","Bueno","Buena","Atardecer","Buen Tiempo","S/D","Ciclista","Atropello","Ninguna","Vertical","Ninguna","Sin restricción"
2017,7333,10/26/2017,"Jueves",0,9:15:00,,"0.0",2,"Moto/Ciclomotor,Automóvil","Mendoza Y Francia",3,2,0,0,1,0,0,,"Calle",,"SANTA FE","La Capital","Asfalto","No existe","I","S/D","Urbana","Ninguna","Funciona","Intersección","Bueno","Buena","Diurna","Buen Tiempo","Otro","S/D","Colisión","Ninguna","Vertical","Ninguna","Sin restricción"
2017,7334,10/21/2017,"Sabado",0,7:50:00,,"0.0",2,"Moto/Ciclomotor,Automóvil","Av Lopez y Planes Y Pje Irala",2,1,0,0,1,0,0,,"Calle",,"SANTA FE","La Capital","Asfalto","No existe","I","S/D","Urbana","Ninguna","Funciona","Intersección","Bueno","Buena","Amanecer","Buen Tiempo","Otro","S/D","Colisión","Ninguna","Vertical","Ninguna","Sin restricción"
2017,7335,10/19/2017,"Jueves",0,10:20:00,,"0.0",2,"Bicicleta,Automóvil","Francia Y La Rioja",2,1,0,0,1,0,0,,"Calle",,"SANTA FE","La Capital","Asfalto","No existe","I","S/D","Urbana","Semáforo","Funciona","Intersección","Bueno","Buena","Diurna","Buen Tiempo","S/D","Ciclista","Atropello","Ninguna","Vertical","Ninguna","Sin restricción"
2017,7336,10/18/2017,"Miercoles",0,18:30:00,,"0.0",2,"Moto/Ciclomotor,Automóvil","San Lorenzo Y Vera",2,1,0,0,1,0,0,,"Calle",,"SANTA FE","La Capital","Asfalto","No existe","I","S/D","Urbana","Ninguna","Funciona","Intersección","Bueno","Buena","Atardecer","Buen Tiempo","Otro","S/D","Colisión","Ninguna","Vertical","Ninguna","Sin restricción"
2017,7337,10/18/2017,"Miercoles",0,14:45:00,,"0.0",2,"Moto/Ciclomotor,Automóvil","Av Lopez y Planes Y Candido Pujato",2,1,0,0,1,0,0,,"Calle",,"SANTA FE","La Capital","Asfalto","No existe","I","S/D","Urbana","Ninguna","Funciona","Intersección","Bueno","Buena","Atardecer","Buen Tiempo","Otro","S/D","Colisión","Ninguna","Vertical","Ninguna","Sin restricción"
2017,7338,10/18/2017,"Miercoles",0,8:20:00,,"0.0",2,"Moto/Ciclomotor,Automóvil","Dr Zavalla Y Gdor Crespo",2,1,0,0,1,0,0,,"Calle",,"SANTA FE","La Capital","Asfalto","No existe","I","S/D","Urbana","Ninguna","Funciona","Intersección","Bueno","Buena","Diurna","Buen Tiempo","Otro","S/D","Colisión","Ninguna","Vertical","Ninguna","Sin restricción"
2017,7339,10/18/2017,"Miercoles",0,7:30:00,,"0.0",2,"Moto/Ciclomotor,Automóvil","Av Pte Peron Y Salvador Caputo",2,1,0,0,1,0,0,,"Calle",,"SANTA FE","La Capital","Asfalto","No existe","I","S/D","Urbana","Ninguna","Funciona","Intersección","Bueno","Buena","Amanecer","Buen Tiempo","Otro","S/D","Colisión","Ninguna","S/D","Ninguna","Sin restricción"
2017,7340,10/11/2017,"Miercoles",0,14:40:00,,"0.0",2,"Moto/Ciclomotor,Automóvil","Av Freyre Y Tucuman",2,1,0,0,1,0,0,,"Avenida",,"SANTA FE","La Capital","Asfalto","No existe","I","S/D","Urbana","Semáforo","Funciona","Intersección","Bueno","Buena","Diurna","Otro","Otro","S/D","Colisión","Ninguna","Vertical","Ninguna","Sin restricción"
2017,7341,12/18/2017,"Lunes",0,,,"0.0",2,"Automóvil,Moto/Ciclomotor","Morelli 1100",2,1,0,0,1,0,0,,"Calle",,"PEREZ","Rosario","Asfalto","No existe","II","S/D","Urbana","Ninguna","No existe","Recta","Bueno","Buena","Diurna","Buen Tiempo","Lateral","S/D","Colisión","Ninguna","Faltante","Ninguna","Sin restricción"
2017,7342,12/4/2017,"Lunes",0,18:10:00,,"0.0",1,"Moto/Ciclomotor","Laprida Y San Martin",1,1,0,0,0,0,0,,"Calle",,"ZAVALLA","Rosario","Asfalto","No existe","II","Dentro","Urbana","Ninguna","S/D","Recta","Bueno","Buena","Nocturna","Buen Tiempo","Contra objeto fijo","S/D","Caída ocupante","Ninguna","Faltante","Ninguna","Sin restricción"
2017,7343,12/22/2017,"Viernes",0,20:45:00,"Ruta Nacional A012","0.0",2,"Pickup/Utilitario,Automóvil","Ruta Nac 33 ",3,3,0,0,0,0,0,,"Ruta","A012","ZAVALLA","Rosario","Asfalto","Natural","II","S/D","Urbana","Ninguna","No existe","Recta","Bueno","Reducida","Nocturna","Lluvia","Lateral","S/D","Colisión","Agua","Horizontal,Vertical","Línea divisoria pintada","Sin restricción"
2017,7344,12/24/2017,"Domingo",0,13:45:00,,"0.0",2,"Automóvil,Moto/Ciclomotor","Comodoro Rivadavia Y Pueyrredon",2,0,1,0,1,0,0,,"S/D",,"ROSARIO","Rosario","Asfalto","No existe","II","S/D","Urbana","Ninguna","No existe","Recta","Bueno","Buena","Diurna","Buen Tiempo","Frontal","S/D","Colisión","Ninguna","Faltante","Barrera de hormigón","Sin restricción"
2017,7345,12/23/2017,"Sabado",0,,,"0.0",2,"Automóvil,Automóvil","Juan Canals Y Paraguay",3,1,0,0,2,0,0,"-32.988388888889,-60.654555555556","Calle",,"ROSARIO","Rosario","Asfalto","No existe","II","Dentro","Urbana","S/D","No existe","Recta","Bueno","Buena","Atardecer","S/D","Lateral","S/D","S/D","S/D","S/D","S/D","S/D"
2017,7346,12/25/2017,"Lunes",0,2:55:00,,"0.0",2,"Automóvil,Moto/Ciclomotor","Sastre Bv Y 25 de Mayo",3,1,0,0,2,0,0,,"S/D",,"ZAVALLA","Rosario","Asfalto","Ripio","II","Dentro","Urbana","Ninguna","No existe","Recta","Bueno","Buena","Nocturna","Buen Tiempo","Lateral","S/D","Colisión","Ninguna","Faltante","Línea divisoria pintada","Sin restricción"
2017,7347,12/22/2017,"Viernes",0,19:25:00,,"0.0",2,"Moto/Ciclomotor,Automóvil","Entre Rios Y Bv. Segui",3,1,0,0,2,0,0,"-32.978666666667,-60.649194444444","Calle",,"ROSARIO","Rosario","Asfalto","No existe","II","Dentro","Urbana","Ninguna","No existe","Intersección","Bueno","Buena","Atardecer","Buen Tiempo","Lateral","S/D","Colisión","Ninguna","Faltante","Ninguna","Sin restricción"
2017,7348,12/3/2017,"Domingo",0,7:30:00,,"0.0",2,"Automóvil,Pickup/Utilitario","Maria S P de Acebal Y Ignacio Asurmendi",4,1,0,0,3,0,0,,"Calle",,"ACEBAL","Rosario","Hormigón","No existe","II","Dentro","Urbana","Ninguna","No existe","Intersección","Bueno","Buena","Diurna","Buen Tiempo","Lateral","S/D","Colisión","Ninguna","Faltante","Ninguna","Sin restricción"
2017,7349,12/2/2017,"Sabado",0,14:55:00,,"0.0",1,"Moto/Ciclomotor","Tucuman Y Rivadavia",1,0,0,1,0,0,0,,"Calle",,"ÁLVAREZ","Rosario","Asfalto","S/D","II","Dentro","Urbana","Ninguna","No existe","Recta","Bueno","Buena","Diurna","Buen Tiempo","Atropello animal","S/D","Colisión","Ninguna","S/D","Ninguna","Sin restricción"
2017,7350,12/22/2017,"Viernes",0,0:55:00,,"0.0",2,"Automóvil,Moto/Ciclomotor","Entre Rios 4200",2,1,0,0,1,0,0,"-32.985777777778,-60.651","Calle",,"ROSARIO","Rosario","Asfalto","No existe","II","Dentro","Urbana","Ninguna","No existe","Recta","Bueno","Buena","Nocturna","Buen Tiempo","De alcance","S/D","Colisión","Ninguna","Faltante","Barrera de hormigón","Sin restricción"
2017,7351,12/4/2017,"Lunes",0,9:00:00,"Ruta Nacional A012","0.0",2,"Automóvil,Pickup/Utilitario","Ruta Nacional A012 Y Ruta Provincial 14",3,1,0,0,2,0,0,,"Ruta","A012","PIÑERO","Rosario","Asfalto","Natural","II","Dentro","Rural","Señal Ceda el Paso","No existe","Intersección","Bueno","Buena","Amanecer","Buen Tiempo","Lateral","S/D","Colisión","Ninguna","Horizontal,Vertical","Cordón divisorio,Línea divisoria pintada","Sin restricción"
2017,7352,12/22/2017,"Viernes",0,0:15:00,,"0.0",2,"Moto/Ciclomotor,Automóvil","Av. Uriburu Y Paraguay",2,1,0,0,1,0,0,"-32.991055555556,-60.655222222222","Avenida",,"ROSARIO","Rosario","Asfalto","No existe","II","S/D","Urbana","Ninguna","No existe","Recta","Bueno","Buena","Nocturna","Buen Tiempo","Frontal","S/D","Colisión","Ninguna","Horizontal","Cordón divisorio","Sin restricción"
2017,7353,12/22/2017,"Viernes",0,12:45:00,"Ruta Provincial 18","5.0",3,"Automóvil,Pickup/Utilitario,Automóvil"," ",5,2,0,0,2,0,1,,"Ruta",18,"PIÑERO","Rosario","S/D","S/D","II","Dentro","Rural","S/D","S/D","S/D","S/D","S/D","S/D","S/D","S/D","S/D","S/D","S/D","S/D","S/D","S/D"
2017,7354,12/21/2017,"Jueves",0,21:45:00,,"0.0",2,"Automóvil,Peatón","Bv. Segui Y Rodriguez",2,1,0,0,1,0,0,"-32.975361111111,-60.666972222222","Avenida",,"ROSARIO","Rosario","Asfalto","No existe","II","Dentro","Urbana","Ninguna","No existe","Intersección","Bueno","Buena","Nocturna","Buen Tiempo","S/D","Peatón","Atropello","Ninguna","Faltante","Ninguna","Sin restricción"
2017,7355,12/21/2017,"Jueves",0,16:20:00,,"0.0",2,"Moto/Ciclomotor,Automóvil","Benito Juarez Y Pje. Del Campo",3,2,0,0,1,0,0,"-32.993083333333,-60.654388888889","Calle",,"ROSARIO","Rosario","Asfalto","No existe","II","Dentro","Urbana","Ninguna","No existe","Intersección","Bueno","Buena","Diurna","Buen Tiempo","Lateral","S/D","Colisión","Ninguna","Faltante","Ninguna","Sin restricción"
2017,7356,11/3/2017,"Viernes",0,16:00:00,,"0.0",2,"Moto/Ciclomotor,Automóvil","Bv. 27 De Febrero Y Crespo",2,1,0,0,1,0,0,"-32.962166666667,-60.673583333333","Avenida",,"ROSARIO","Rosario","Asfalto","No existe","II","Dentro","Urbana","Ninguna","No existe","Intersección","Con baches","Buena","Diurna","Buen Tiempo","Lateral","S/D","Colisión","Ninguna","Faltante","Cordón divisorio","Sin restricción"
2017,7357,11/3/2017,"Viernes",0,17:45:00,,"0.0",2,"Automóvil,Moto/Ciclomotor","Bv. 27 De Febrero 7300",2,1,0,0,1,0,0,"-32.959444444444,-60.718361111111","S/D",,"ROSARIO","Rosario","Asfalto","No existe","II","S/D","Urbana","Ninguna","No existe","Recta","Bueno","Buena","Diurna","Buen Tiempo","Otro","S/D","Colisión","Ninguna","Faltante","Cordón divisorio","Sin restricción"
2017,7358,12/21/2017,"Jueves",0,8:30:00,,"0.0",2,"Automóvil,Moto/Ciclomotor","Mitre Y Bv. Segui",2,1,0,0,1,0,0,"-32.978777777778,-60.64775","Avenida",,"ROSARIO","Rosario","Asfalto","No existe","II","Dentro","Urbana","Ninguna","No existe","Intersección","Bueno","Buena","Diurna","Buen Tiempo","Lateral","S/D","Colisión","Ninguna","Faltante","Ninguna","Sin restricción"
2017,7359,12/16/2017,"Sabado",0,22:40:00,,"0.0",2,"Moto/Ciclomotor,Automóvil","Batten Cottages 4251",3,0,1,0,2,0,0,,"S/D",,"ROSARIO","Rosario","Asfalto","S/D","II","S/D","Urbana","S/D","S/D","Recta","Bueno","Buena","Nocturna","Buen Tiempo","Frontal","S/D","Colisión","S/D","S/D","S/D","S/D"
2017,7360,12/20/2017,"Miercoles",0,16:00:00,,"0.0",2,"Automóvil,Automóvil","Bv. Segui 1700",2,1,0,0,1,0,0,"-32.977527777778,-60.654722222222","Avenida",,"ROSARIO","Rosario","Asfalto","No existe","II","Dentro","Urbana","Ninguna","No existe","Intersección","Bueno","Buena","Diurna","Buen Tiempo","Lateral","S/D","Colisión","Ninguna","Faltante","Ninguna","Sin restricción"