"anio_acci","nro_acci","fecha","desc_dia","fecha_aprox","hora_aprox","desc_ruta","km","cant_participantes","desc_participante","calle_avenida_km","total","heridos_leves","heridos_graves","heridos_gravisimos","ilesos","fallecidos","sin_datos","posicion_XY","desc_tipo_via","desc_ruta_ori","desc_loc","desc_dpto","desc_tipo_calzada","desc_tipo_banquina","desc_unidad_regional","desc_lugar_calzada","desc_zona","desc_prioridad","desc_estado_semaforo","desc_lugar_via","desc_estado_via","desc_estado_visibilidad","desc_luminosidad","desc_estado_clima","desc_tipo_colision","desc_tipo_atropello","desc_tipo_hecho","desc_pres_calzada","desc_senializacion","desc_separacion_via","desc_restriccion"
2017,7361,12/21/2017,"Jueves",0,11:35:00,,"0.0",2,"Automóvil,Moto/Ciclomotor","Levi 3500",2,1,0,0,1,0,0,,"Calle",,"ROSARIO","Rosario","Asfalto","S/D","II","S/D","Urbana","S/D","S/D","Recta","Bueno","Buena","Diurna","Buen Tiempo","Frontal","S/D","Colisión","S/D","S/D","S/D","S/D"
2017,7362,12/14/2017,"Jueves",0,22:50:00,,"0.0",2,"Moto/Ciclomotor,Automóvil","Estado de Israel Y Pte.Roca",2,1,0,0,1,0,0,"-32.992055555556,-60.656638888889","Calle",,"ROSARIO","Rosario","Asfalto","No existe","II","S/D","Urbana","Ninguna","No existe","Recta","Deteriorada","Reducida","Nocturna","Otro","De alcance","S/D","Colisión","Ninguna","Faltante","Ninguna","Sin restricción"
2017,7363,12/18/2017,"Lunes",0,15:50:00,,"0.0",2,"Moto/Ciclomotor,Automóvil","Bv. Oroño Y Av. Jorge Cura",3,2,0,0,1,0,0,"-32.971111111111,-60.660166666667","Avenida",,"ROSARIO","Rosario","S/D","S/D","II","Dentro","Urbana","Ninguna","S/D","S/D","S/D","S/D","S/D","Buen Tiempo","De alcance","S/D","Colisión","S/D","S/D","Cordón divisorio","Sin restricción"
2017,7364,12/14/2017,"Jueves",0,16:20:00,,"0.0",2,"Moto/Ciclomotor,Automóvil","Bv. 27 De Febrero Y Maipu",2,1,0,0,1,0,0,,"Avenida",,"ROSARIO","Rosario","Asfalto","No existe","II","Dentro","Urbana","Semáforo","Funciona","Intersección","Bueno","Buena","Diurna","Buen Tiempo","Lateral","S/D","Colisión","Ninguna","Horizontal,Vertical","Ninguna","Sin restricción"
2017,7365,12/20/2017,"Miercoles",0,14:45:00,,"0.0",2,"Automóvil,Taxi/Remis","Bv. 27 De Febrero Y San Martin",2,1,0,0,1,0,0,,"Avenida",,"ROSARIO","Rosario","Asfalto","No existe","II","Dentro","Urbana","Ninguna","Funciona","Recta","Bueno","Buena","Diurna","Buen Tiempo","Lateral","S/D","Colisión","Ninguna","Horizontal,Vertical","Ninguna","Sin restricción"
2017,7366,12/15/2017,"Viernes",0,19:20:00,,"0.0",2,"Automóvil,Moto/Ciclomotor","Av. Corrientes Y 24 De Setiembre",4,3,0,0,1,0,0,"-32.979472222222,-60.650888888889","Calle",,"ROSARIO","Rosario","Asfalto","No existe","II","Dentro","Urbana","Ninguna","No existe","Intersección","Bueno","Buena","Atardecer","Buen Tiempo","Lateral","S/D","Colisión","Ninguna","Faltante","Ninguna","Sin restricción"
2017,7367,12/4/2017,"Lunes",0,18:10:00,,"0.0",2,"Moto/Ciclomotor,Moto/Ciclomotor","Av. Uriburu Y Necochea",2,1,0,0,1,0,0,,"Calle",,"ROSARIO","Rosario","Asfalto","No existe","II","Dentro","Urbana","Ninguna","S/D","Intersección","Bueno","Buena","Diurna","Buen Tiempo","Lateral","S/D","Colisión","Ninguna","Faltante","Ninguna","Sin restricción"
2017,7368,12/14/2017,"Jueves",0,18:30:00,,"0.0",2,"Moto/Ciclomotor,Automóvil","Av. Ovidio Lagos Y Amenabar",2,1,0,0,1,0,0,"-32.968083333333,-60.667555555556","Avenida",,"ROSARIO","Rosario","Asfalto","No existe","II","Dentro","Urbana","Ninguna","S/D","Intersección","Bueno","Buena","Atardecer","Buen Tiempo","Lateral","S/D","Colisión","Ninguna","Faltante","Ninguna","Sin restricción"
2017,7369,12/12/2017,"Martes",0,23:30:00,,"0.0",2,"Peatón,Automóvil","Av. Battle y Ordoñez Y Ayacucho",2,1,0,0,1,0,0,,"Calle",,"ROSARIO","Rosario","Asfalto","No existe","II","Dentro","Urbana","Ninguna","No existe","Intersección","Bueno","Reducida","Nocturna","Buen Tiempo","S/D","Peatón","Atropello","Ninguna","Faltante","Ninguna","Sin restricción"
2017,7370,12/26/2017,"Martes",0,17:20:00,,"0.0",2,"Moto/Ciclomotor,Automóvil","Ayacucho Y Marco Polo",2,1,0,0,1,0,0,,"Calle",,"ROSARIO","Rosario","Asfalto","Pavimento","II","Dentro","Urbana","Ninguna","No existe","Intersección","Bueno","Buena","Diurna","Buen Tiempo","Lateral","S/D","Colisión","Ninguna","Faltante","Ninguna","Sin restricción"
2017,7371,12/14/2017,"Jueves",0,12:10:00,,"0.0",2,"Moto/Ciclomotor,Automóvil","Mr.Ross Y Pte.Roca",2,1,0,0,1,0,0,"-32.987,-60.655666666667","Calle",,"ROSARIO","Rosario","Asfalto","No existe","II","Dentro","Urbana","Ninguna","No existe","Intersección","Bueno","Buena","Diurna","Buen Tiempo","Lateral","S/D","Colisión","Ninguna","Faltante","Ninguna","Sin restricción"
2017,7372,12/26/2017,"Martes",0,9:00:00,,"0.0",2,"Automóvil,Moto/Ciclomotor","Bv. Segui Y Buenos Aires",2,1,0,0,1,0,0,,"Calle",,"ROSARIO","Rosario","Asfalto","No existe","II","S/D","Urbana","Ninguna","No existe","Intersección","Bueno","Buena","Diurna","Buen Tiempo","Lateral","S/D","Colisión","Ninguna","Horizontal","Cordón divisorio","Sin restricción"
2017,7373,12/13/2017,"Miercoles",0,9:45:00,,"0.0",2,"Moto/Ciclomotor,Automóvil","Rodriguez Y Pte.Quintana",2,1,0,0,1,0,0,"-32.978833333333,-60.667861111111","Calle",,"ROSARIO","Rosario","Asfalto","No existe","II","Dentro","Urbana","Ninguna","No existe","Intersección","Bueno","Buena","Diurna","Buen Tiempo","Lateral","S/D","Colisión","Ninguna","Faltante","Ninguna","Sin restricción"
2017,7374,12/24/2017,"Domingo",0,15:00:00,,"0.0",2,"Pickup/Utilitario,Moto/Ciclomotor","Laprida Y Bv. Segui",2,1,0,0,1,0,0,"-32.979888888889,-60.642472222222","S/D",,"ROSARIO","Rosario","Asfalto","No existe","II","S/D","Urbana","Ninguna","No existe","Intersección","Bueno","Buena","Diurna","Buen Tiempo","Lateral","S/D","Colisión","Ninguna","Horizontal","Cordón divisorio","Sin restricción"
2017,7375,12/2/2017,"Sabado",0,14:05:00,,"0.0",2,"Automóvil,Moto/Ciclomotor","Garay Y Necochea",2,1,0,0,1,0,0,,"S/D",,"ROSARIO","Rosario","Asfalto","No existe","II","S/D","Urbana","Ninguna","No existe","Intersección","Bueno","Buena","Diurna","Buen Tiempo","Otro","S/D","Atropello","Ninguna","Faltante","Ninguna","Sin restricción"
2017,7376,12/13/2017,"Miercoles",0,13:20:00,,"0.0",2,"Pickup/Utilitario,Moto/Ciclomotor","Av. Arijon Y Rvdo.J.Margis",3,2,0,0,1,0,0,"-33.003166666667,-60.654222222222","Avenida",,"ROSARIO","Rosario","Asfalto","No existe","II","Dentro","Urbana","Ninguna","No existe","Intersección","Bueno","Buena","Diurna","Buen Tiempo","Lateral","S/D","Colisión","Ninguna","Faltante","Ninguna","Sin restricción"
2017,7377,12/3/2017,"Domingo",0,5:45:00,,"0.0",2,"Automóvil,Moto/Ciclomotor","Laprida Y Amenabar",2,1,0,0,1,0,0,,"Calle",,"ROSARIO","Rosario","Asfalto","No existe","II","Dentro","Urbana","Paso Peatonal","No existe","Intersección","Bueno","Buena","Amanecer","Buen Tiempo","Lateral","S/D","Colisión","Ninguna","Horizontal","Ninguna","Sin restricción"
2017,7378,12/6/2017,"Miercoles",0,19:30:00,,"0.0",2,"Moto/Ciclomotor,Automóvil","Av. Battle y Ordoñez Y Sadi Carnot",2,1,0,0,1,0,0,"-33.008944444444,-60.6485","S/D",,"ROSARIO","Rosario","Asfalto","No existe","II","S/D","S/D","Ninguna","No existe","Recta","Bueno","Buena","Atardecer","Buen Tiempo","Lateral","S/D","Despiste","Ninguna","Faltante","Ninguna","Sin restricción"
2017,7379,12/9/2017,"Sabado",0,22:00:00,,"0.0",2,"Bicicleta,Automóvil","Grandoli Y Ayolas",2,1,0,0,1,0,0,,"Calle",,"ROSARIO","Rosario","Asfalto","No existe","II","S/D","Urbana","Ninguna","No existe","Intersección","Bueno","Buena","Nocturna,Con luz artificial","Buen Tiempo","De alcance","S/D","Colisión","Ninguna","Faltante","Ninguna","Sin restricción"
2017,7380,12/11/2017,"Lunes",0,0:10:00,,"0.0",2,"Moto/Ciclomotor,Automóvil","Dean Funes Y Necochea",2,1,0,0,1,0,0,,"Calle",,"ROSARIO","Rosario","Asfalto","No existe","II","S/D","Urbana","Ninguna","No existe","Intersección","Bueno","Buena","Nocturna","Buen Tiempo","De alcance","S/D","Colisión","Ninguna","Faltante","Ninguna","Sin restricción"
2017,7381,12/7/2017,"Jueves",0,19:15:00,,"0.0",2,"Taxi/Remis,Moto/Ciclomotor","San Martin Y Anchorena",2,1,0,0,1,0,0,"-32.99775,-60.648166666667","Avenida",,"ROSARIO","Rosario","Asfalto","No existe","II","Dentro","Urbana","Ninguna","No existe","Intersección","Bueno","Buena","Atardecer","Buen Tiempo","Lateral","S/D","Colisión","Ninguna","Faltante","Ninguna","Sin restricción"
2017,7382,12/21/2017,"Jueves",0,16:50:00,,"0.0",2,"Pickup/Utilitario,Bicicleta","Necochea Y Amenabar",2,1,0,0,1,0,0,,"Calle",,"ROSARIO","Rosario","Asfalto","No existe","II","S/D","Urbana","Ninguna","No existe","Intersección","Bueno","Buena","Diurna","Buen Tiempo","Lateral","S/D","Atropello","Ninguna","Vertical","Ninguna","Sin restricción"
2017,7383,12/7/2017,"Jueves",0,18:30:00,,"0.0",2,"Moto/Ciclomotor,Camión Chasis","San Martin Y Av. Circunvalacion",2,1,0,0,1,0,0,"-33.015638888889,-60.652","Avenida",,"ROSARIO","Rosario","Asfalto","No existe","II","S/D","Urbana","Ninguna","No existe","Intersección","Bueno","Buena","Atardecer","Buen Tiempo","Lateral","S/D","Colisión","S/D","Faltante","Ninguna","Sin restricción"
2017,7385,12/8/2017,"Viernes",0,17:20:00,,"0.0",2,"Automóvil,Moto/Ciclomotor","Mitre Y Pje. Valdes",2,1,0,0,1,0,0,"-32.978222222222,-60.647611111111","Calle",,"ROSARIO","Rosario","Asfalto","No existe","II","Dentro","Urbana","Ninguna","No existe","Intersección","Bueno","Buena","Atardecer","Buen Tiempo","Lateral","S/D","Colisión","Ninguna","Faltante","Ninguna","Sin restricción"
2017,7386,12/20/2017,"Miercoles",0,20:10:00,,"0.0",1,"Moto/Ciclomotor","L.N.Alem Y 24 De Setiembre",2,2,0,0,0,0,0,"-32.981972222222,-60.636805555556","S/D",,"ROSARIO","Rosario","Asfalto","No existe","II","S/D","Urbana","Ninguna","No existe","Recta","Bueno","Buena","Nocturna","Buen Tiempo","S/D","S/D","Vuelco","Ninguna","Faltante","Ninguna","Sin restricción"
2017,7387,12/19/2017,"Martes",0,10:00:00,,"0.0",2,"Automóvil,Automóvil","Bv. Segui Y Buenos Aires",2,1,0,0,1,0,0,,"Calle",,"ROSARIO","Rosario","Asfalto","No existe","II","S/D","Urbana","Ninguna","No existe","Intersección","Bueno","Buena","Diurna","Buen Tiempo","Lateral","S/D","Colisión","Ninguna","Faltante","Ninguna","Sin restricción"
2017,7388,12/12/2017,"Martes",0,19:15:00,,"0.0",2,"Automóvil,Moto/Ciclomotor","Milan Y Santiago",2,1,0,0,1,0,0,"-32.987333333333,-60.667138888889","Calle",,"ROSARIO","Rosario","Asfalto","No existe","II","Dentro","Urbana","Ninguna","No existe","Intersección","Bueno","Buena","Atardecer","Buen Tiempo","Lateral","S/D","Colisión","Ninguna","Faltante","Ninguna","Sin restricción"
2017,7389,12/17/2017,"Domingo",0,16:40:00,,"0.0",2,"Automóvil,Moto/Ciclomotor","Colon Y Rueda",2,1,0,0,1,0,0,,"Calle",,"ROSARIO","Rosario","Asfalto","No existe","II","S/D","Urbana","Ninguna","No existe","Intersección","Bueno","Buena","Diurna","Buen Tiempo","Lateral","S/D","Colisión","Ninguna","Horizontal","Ninguna","Sin restricción"
2017,7390,12/11/2017,"Lunes",0,8:45:00,,"0.0",2,"Moto/Ciclomotor,Automóvil","Dean Funes 1800",2,1,0,0,1,0,0,"-32.973888888889,-60.655222222222","S/D",,"ROSARIO","Rosario","Asfalto","No existe","II","S/D","Urbana","Ninguna","No existe","Recta","Bueno","Buena","Diurna","Otro","De alcance","S/D","Colisión","Ninguna","Faltante","Ninguna","S/D"
2017,7391,12/17/2017,"Domingo",0,6:30:00,,"0.0",2,"Taxi/Remis,Automóvil","J.M.de Rosas Y Bv. Segui",2,1,0,0,1,0,0,,"Calle",,"ROSARIO","Rosario","Asfalto","No existe","II","S/D","Urbana","Ninguna","No existe","Intersección","Bueno","Buena","Amanecer","Buen Tiempo","Lateral","S/D","Colisión","Ninguna","Horizontal","Ninguna","Sin restricción"
2017,7392,12/14/2017,"Jueves",0,13:45:00,,"0.0",2,"Peatón,Pickup/Utilitario","Ayolas Bis 200",2,1,0,0,1,0,0,,"Calle",,"ROSARIO","Rosario","Asfalto","No existe","II","S/D","Urbana","Ninguna","No existe","Recta","Bueno","Buena","Diurna","Buen Tiempo","S/D","Peatón","Atropello","Ninguna","Faltante","Ninguna","Sin restricción"
2017,7393,12/7/2017,"Jueves",0,15:00:00,,"0.0",2,"Automóvil,Moto/Ciclomotor","Dorrego Y Milan",4,1,0,0,3,0,0,"-32.988555555556,-60.660333333333","Calle",,"ROSARIO","Rosario","Asfalto","S/D","II","S/D","Urbana","Ninguna","S/D","Intersección","Bueno","Buena","Atardecer","Buen Tiempo","Frontal","S/D","Colisión","Ninguna","Faltante","Ninguna","Sin restricción"
2017,7394,10/26/2017,"Jueves",0,17:30:00,,"0.0",2,"Moto/Ciclomotor,Automóvil","Av Freyre Y Juan de Garay",2,1,0,0,1,0,0,,"Avenida",,"SANTA FE","La Capital","Asfalto","No existe","I","Dentro","Urbana","Ninguna","No existe","Intersección","Bueno","Buena","Diurna","Buen Tiempo","Lateral","S/D","Colisión","Ninguna","Faltante","Cordón divisorio","Sin restricción"
2017,7395,10/11/2017,"Miercoles",0,9:10:00,,"0.0",2,"Automóvil,Moto/Ciclomotor","Av Freyre Y Bv Pellegrini",2,1,0,0,1,0,0,,"Avenida",,"SANTA FE","La Capital","Asfalto","No existe","I","S/D","Urbana","Ninguna","No existe","Intersección","Bueno","Buena","Diurna","Buen Tiempo","Otro","S/D","Colisión","Ninguna","Faltante","Cordón divisorio","Sin restricción"
2017,7396,10/26/2017,"Jueves",0,12:15:00,,"0.0",2,"Bicicleta,Automóvil","Juan Diaz de Solis Y Corrientes",2,1,0,0,1,0,0,,"Calle",,"SANTA FE","La Capital","Asfalto","No existe","I","S/D","Urbana","S/D","No existe","Intersección","Con baches,Deteriorada","Buena","Diurna","Buen Tiempo","S/D","Ciclista","Atropello","Ninguna","Faltante","Ninguna","Sin restricción"
2017,7397,10/6/2017,"Viernes",0,13:00:00,,"0.0",2,"Automóvil,Moto/Ciclomotor","La Rioja Y Dr Zavalla",3,2,0,0,1,0,0,,"Calle",,"SANTA FE","La Capital","Asfalto","No existe","I","S/D","Urbana","Ninguna","No existe","Intersección","Bueno","Buena","Diurna","Buen Tiempo","Otro","S/D","Colisión","Ninguna","Faltante","Ninguna","Sin restricción"
2017,7398,10/30/2017,"Lunes",0,17:45:00,,"0.0",2,"Moto/Ciclomotor,Pickup/Utilitario","San Jose 1700",2,1,0,0,1,0,0,,"Calle",,"SANTA FE","La Capital","Asfalto","No existe","I","Dentro","Urbana","Ninguna","No existe","Recta","Bueno","Buena","Diurna","Lluvia","De alcance","S/D","Colisión","Agua","Faltante","Ninguna","Sin restricción"
2017,7399,10/5/2017,"Jueves",0,18:45:00,,"0.0",2,"Pickup/Utilitario,Moto/Ciclomotor","Av Freyre Y Salta",2,1,0,0,1,0,0,,"Avenida",,"SANTA FE","La Capital","Asfalto","No existe","I","S/D","Urbana","Ninguna","No existe","Intersección","Bueno","Buena","Atardecer","Buen Tiempo","Otro","S/D","Colisión","Ninguna","Faltante","Cordón divisorio","Sin restricción"
2017,7400,10/5/2017,"Jueves",0,12:40:00,,"0.0",2,"Automóvil,Moto/Ciclomotor","Salta Y Santiago de Chile",2,1,0,0,1,0,0,,"Calle",,"SANTA FE","La Capital","Asfalto","No existe","I","S/D","Urbana","Ninguna","No existe","Intersección","Bueno","Buena","Diurna","Buen Tiempo","Otro","S/D","Colisión","Ninguna","Faltante","Ninguna","Sin restricción"
2017,7401,10/31/2017,"Martes",0,8:40:00,,"0.0",2,"Moto/Ciclomotor,Automóvil","Juan de Garay Y Saavedra",2,1,0,0,1,0,0,,"Calle",,"SANTA FE","La Capital","Asfalto","No existe","I","Dentro","Urbana","Ninguna","No existe","Intersección","Bueno","Buena","Diurna","Buen Tiempo","Lateral","S/D","Colisión","Ninguna","Faltante","Ninguna","Sin restricción"
2017,7402,10/9/2017,"Lunes",0,6:30:00,,"0.0",2,"Moto/Ciclomotor,Transporte de Pasajeros Larga Distancia (> 8 asientos)","Av Leandro Alem Y Belgrano",2,1,0,0,1,0,0,,"Avenida",,"SANTA FE","La Capital","Hormigón","No existe","I","Dentro","Urbana","Ninguna","No existe","Intersección","Bueno","Buena","Diurna","Buen Tiempo","Lateral","S/D","Colisión","Ninguna","Horizontal,Vertical","Ninguna","Sin restricción"
2017,7403,10/12/2017,"Jueves",0,7:20:00,,"0.0",2,"Automóvil,Moto/Ciclomotor","Mendoza Y San Jeronimo",2,1,0,0,1,0,0,,"Calle",,"SANTA FE","La Capital","Asfalto","No existe","I","Dentro","Urbana","Ninguna","No existe","Intersección","Bueno","Buena","Diurna","Buen Tiempo","Lateral","S/D","Colisión","Ninguna","Horizontal","Ninguna","Sin restricción"
2017,7404,10/3/2017,"Martes",0,7:35:00,,"0.0",2,"Automóvil,Moto/Ciclomotor","Av Lopez y Planes Y Candido Pujato",2,1,0,0,1,0,0,,"Avenida",,"SANTA FE","La Capital","Asfalto","No existe","I","S/D","Urbana","Ninguna","No existe","Intersección","Bueno","Buena","Diurna","Buen Tiempo","Otro","S/D","Colisión","Ninguna","Faltante","Cordón divisorio","Sin restricción"
2017,7405,10/31/2017,"Martes",0,12:30:00,"Ruta Nacional 11","0.0",2,"Moto/Ciclomotor,Automóvil","Intendente Manuel Irigoyen Y Terraplen Este",3,1,0,0,2,0,0,,"Ruta",11,"SANTA FE","La Capital","Asfalto","Pavimento","I","S/D","S/D","Ninguna","No existe","Recta","Deteriorada","Buena","Diurna","Buen Tiempo","De alcance","S/D","Colisión","Ninguna","Faltante","Ninguna","Sin restricción"
2017,7406,10/3/2017,"Martes",0,22:20:00,,"0.0",1,"Moto/Ciclomotor","1ro de Mayo Y Raul Alberto Tacca",2,2,0,0,0,0,0,,"Calle",,"SANTA FE","La Capital","Hormigón","No existe","I","Dentro","Urbana","Ninguna","No existe","Intersección","Bueno","Buena","Nocturna,Con luz artificial","Buen Tiempo","Contra objeto fijo","S/D","Colisión","Ninguna","Horizontal","Ninguna","Sin restricción"
2017,7407,10/2/2017,"Lunes",0,18:45:00,,"0.0",2,"Pickup/Utilitario,Moto/Ciclomotor","Tucuman Y San Juan",2,1,0,0,1,0,0,,"Calle",,"SANTA FE","La Capital","Asfalto","No existe","I","S/D","Urbana","Ninguna","No existe","Intersección","Bueno","Buena","Atardecer","Buen Tiempo","Otro","S/D","Colisión","Ninguna","Faltante","Ninguna","Sin restricción"
2017,7408,10/13/2017,"Viernes",0,9:00:00,,"0.0",2,"Moto/Ciclomotor,Pickup/Utilitario","25 de Mayo Y Santiago del Estero",2,1,0,0,1,0,0,,"Avenida",,"SANTA FE","La Capital","Asfalto","No existe","I","Dentro","Urbana","Ninguna","Funciona","Intersección","Bueno","Buena","Diurna","Buen Tiempo","Lateral","S/D","Colisión","Ninguna","Horizontal,Vertical","Ninguna","Sin restricción"
2017,7409,10/2/2017,"Lunes",0,14:30:00,,"0.0",2,"Automóvil,Moto/Ciclomotor","Salta Y Av Urquiza",2,1,0,0,1,0,0,,"Avenida",,"SANTA FE","La Capital","Asfalto","No existe","I","S/D","Urbana","Semáforo","Funciona","Intersección","Bueno","Buena","Diurna","Buen Tiempo","Otro","S/D","Colisión","Ninguna","Horizontal,Vertical","Ninguna","Sin restricción"
2017,7410,10/31/2017,"Martes",0,13:45:00,,"0.0",2,"Automóvil,Moto/Ciclomotor","Francia Y Corrientes",2,0,1,0,1,0,0,,"Calle",,"SANTA FE","La Capital","Asfalto","No existe","I","Dentro","Urbana","Ninguna","No existe","Intersección","Bueno","Buena","Diurna","Buen Tiempo","Lateral","S/D","Colisión","Ninguna","Faltante","Ninguna","Sin restricción"
2017,7411,10/2/2017,"Lunes",0,10:05:00,,"0.0",2,"Moto/Ciclomotor,Pickup/Utilitario","Av Freyre Y Gdor Crespo",2,1,0,0,1,0,0,,"Avenida",,"SANTA FE","La Capital","Asfalto","No existe","I","S/D","Urbana","Ninguna","No existe","Intersección","Bueno","Buena","Diurna","Buen Tiempo","Otro","S/D","Colisión","Ninguna","Faltante","Cordón divisorio","Sin restricción"
2017,7412,10/10/2017,"Martes",0,22:00:00,,"0.0",2,"Peatón,Moto/Ciclomotor","9 de Julio Y Mariano Comas",2,1,0,0,1,0,0,,"Calle",,"SANTA FE","La Capital","Hormigón","No existe","I","Dentro","Urbana","Ninguna","No existe","Intersección","Bueno","Buena","Nocturna,Con luz artificial","Buen Tiempo","S/D","Peatón","Atropello","Ninguna","Horizontal,Vertical","Ninguna","Sin restricción"
2017,7413,10/1/2017,"Domingo",0,23:40:00,,"0.0",2,"Automóvil,Moto/Ciclomotor","Mendoza Y Dr Zavalla",3,2,0,0,1,0,0,,"Calle",,"SANTA FE","La Capital","Asfalto","No existe","I","S/D","Urbana","Ninguna","No existe","Intersección","Bueno","Buena","Nocturna","Buen Tiempo","Otro","S/D","Colisión","Ninguna","Faltante","Ninguna","Sin restricción"
2017,7414,10/2/2017,"Lunes",0,8:40:00,,"0.0",1,"Transporte de Pasajeros Urbano (> 8 asientos)","25 de Mayo Y Santiago del Estero",2,1,0,0,0,0,1,,"Avenida",,"SANTA FE","La Capital","Asfalto","No existe","I","Dentro","Urbana","Ninguna","Funciona","Intersección","Bueno","Buena","Diurna","Buen Tiempo","S/D","S/D","Caída ocupante","Ninguna","Horizontal,Vertical","Ninguna","Sin restricción"
2017,7415,10/19/2017,"Jueves",0,11:04:00,,"0.0",2,"Moto/Ciclomotor,Automóvil","Mariano Comas Y San Jeronimo",2,0,1,0,1,0,0,,"Calle",,"SANTA FE","La Capital","Asfalto","No existe","I","Dentro","Urbana","Ninguna","No existe","Intersección","Bueno","Buena","Diurna","Buen Tiempo","Lateral","S/D","Colisión","Ninguna","Horizontal","Ninguna","Sin restricción"
2017,7416,10/3/2017,"Martes",0,0:30:00,,"0.0",2,"Moto/Ciclomotor,Automóvil","Alvear Y J P Lopez",3,2,0,0,1,0,0,,"Calle",,"SANTA FE","La Capital","Asfalto","No existe","I","S/D","Urbana","Ninguna","No existe","Intersección","Bueno","Reducida","Nocturna","Buen Tiempo","Lateral","S/D","Colisión","Ninguna","Faltante","Ninguna","Sin restricción"
2017,7417,10/9/2017,"Lunes",0,19:00:00,,"0.0",2,"Moto/Ciclomotor,Automóvil","San Lorenzo Y Maipu",2,1,0,0,1,0,0,,"Calle",,"SANTA FE","La Capital","Asfalto","No existe","I","S/D","Urbana","Ninguna","No existe","Intersección","Bueno","Buena","Atardecer","Buen Tiempo","S/D","S/D","Colisión","Ninguna","Faltante","Ninguna","Sin restricción"
2017,7418,10/3/2017,"Martes",0,16:10:00,,"0.0",2,"Pickup/Utilitario,Bicicleta","Av Leandro Alem Y Belgrano",2,1,0,0,1,0,0,,"Avenida",,"SANTA FE","La Capital","Hormigón","No existe","I","Dentro","Urbana","Semáforo","Funciona","Intersección","Bueno","Buena","Diurna","Buen Tiempo","S/D","Ciclista","Atropello","Ninguna","Horizontal,Vertical","Ninguna","Sin restricción"
2017,7419,10/16/2017,"Lunes",0,21:45:00,,"0.0",2,"Moto/Ciclomotor,Pickup/Utilitario","Av Freyre Y Salta",2,1,0,0,1,0,0,,"Avenida",,"SANTA FE","La Capital","Asfalto","No existe","I","S/D","Urbana","Ninguna","No existe","Intersección","Bueno","Buena","Nocturna","Buen Tiempo","Otro","S/D","Colisión","Ninguna","Faltante","Cordón divisorio","Sin restricción"
2017,7420,10/3/2017,"Martes",0,15:00:00,,"0.0",3,"Pickup/Utilitario,Automóvil,Automóvil","Salvador del Carril Y Avellaneda",5,3,0,0,2,0,0,,"Avenida",,"SANTA FE","La Capital","Asfalto","No existe","I","S/D","Urbana","Ninguna","No existe","Intersección","Bueno","Buena","Diurna","Buen Tiempo","Múltiple","S/D","Colisión","Ninguna","Horizontal","Línea divisoria pintada","Sin restricción"
2017,7421,10/19/2017,"Jueves",0,20:15:00,,"0.0",2,"Bicicleta,Automóvil","Obispo Gelabert Y Dr Zavalla",2,1,0,0,1,0,0,,"Calle",,"SANTA FE","La Capital","Asfalto","No existe","I","S/D","Urbana","Ninguna","No existe","Curva","Bueno","Buena","Nocturna","Buen Tiempo","S/D","Ciclista","Atropello","Ninguna","Faltante","Ninguna","Sin restricción"
2017,7422,10/19/2017,"Jueves",0,18:30:00,,"0.0",2,"Moto/Ciclomotor,Automóvil","Republica de Siria Y Lavaisse",3,2,0,0,1,0,0,,"Calle",,"SANTA FE","La Capital","Asfalto","No existe","I","S/D","Urbana","Ninguna","No existe","Intersección","Bueno","Buena","Diurna","Buen Tiempo","Lateral","S/D","Colisión","Ninguna","Faltante","Ninguna","Sin restricción"
2017,7423,10/19/2017,"Jueves",0,22:40:00,,"0.0",2,"Moto/Ciclomotor,Automóvil","Catamarca Y San Jose",3,2,0,0,1,0,0,,"Calle",,"SANTA FE","La Capital","Asfalto","No existe","I","S/D","Urbana","Ninguna","No existe","Intersección","Bueno","Buena","Nocturna","Buen Tiempo","Otro","S/D","Colisión","Ninguna","Faltante","Ninguna","Sin restricción"
2017,7424,10/5/2017,"Jueves",0,17:15:00,,"0.0",2,"Automóvil,Vehículo Oficial","Alvear Y J M Zuviria",3,1,0,0,2,0,0,,"Calle",,"SANTA FE","La Capital","Asfalto","No existe","I","S/D","Urbana","Ninguna","No existe","Intersección","Bueno","S/D","Diurna","Buen Tiempo","Lateral","S/D","Colisión","Ninguna","Faltante","Ninguna","Sin restricción"