"anio_acci","nro_acci","fecha","desc_dia","fecha_aprox","hora_aprox","desc_ruta","km","cant_participantes","desc_participante","calle_avenida_km","total","heridos_leves","heridos_graves","heridos_gravisimos","ilesos","fallecidos","sin_datos","posicion_XY","desc_tipo_via","desc_ruta_ori","desc_loc","desc_dpto","desc_tipo_calzada","desc_tipo_banquina","desc_unidad_regional","desc_lugar_calzada","desc_zona","desc_prioridad","desc_estado_semaforo","desc_lugar_via","desc_estado_via","desc_estado_visibilidad","desc_luminosidad","desc_estado_clima","desc_tipo_colision","desc_tipo_atropello","desc_tipo_hecho","desc_pres_calzada","desc_senializacion","desc_separacion_via","desc_restriccion"
2017,7425,10/20/2017,"Viernes",0,19:30:00,,"0.0",2,"Moto/Ciclomotor,Automóvil","Alfonso Duran Y Juan Diaz de Solis",3,2,0,0,1,0,0,,"Calle",,"SANTA FE","La Capital","Asfalto","No existe","I","S/D","Urbana","Ninguna","No existe","Intersección","Bueno","Buena","Atardecer","Buen Tiempo","S/D","S/D","Colisión","Ninguna","Faltante","Ninguna","Sin restricción"
2017,7426,10/8/2017,"Domingo",0,19:45:00,,"0.0",2,"Taxi/Remis,Moto/Ciclomotor","Av Galicia Y Las Heras",3,2,0,0,1,0,0,,"Avenida",,"SANTA FE","La Capital","Asfalto","No existe","I","S/D","Urbana","Ninguna","No existe","Intersección","Bueno","Buena","Nocturna,Con luz artificial","Buen Tiempo","Lateral","S/D","Colisión","Ninguna","S/D","Ninguna","Sin restricción"
2017,7427,10/4/2017,"Miercoles",0,11:45:00,"Ruta Nacional 11","0.0",2,"Automóvil,Moto/Ciclomotor","Av Circunvalación Y Moreno",2,1,0,0,0,0,1,,"Ruta",11,"SANTA FE","La Capital","Hormigón","Natural","I","Dentro","Urbana","Otra Señal","No existe","Recta","Bueno","Buena","Diurna","Buen Tiempo","Lateral","S/D","Colisión","Ninguna","Horizontal","Guardarrail","Sin restricción"
2017,7428,10/9/2017,"Lunes",0,12:50:00,,"0.0",2,"Moto/Ciclomotor,Automóvil","Salvador del Carril Y Avellaneda",2,1,0,0,1,0,0,,"Calle",,"SANTA FE","La Capital","Asfalto","No existe","I","Dentro","Urbana","Ninguna","No existe","Intersección","Bueno","Buena","Diurna","Buen Tiempo","Lateral","S/D","Colisión","Ninguna","Horizontal","Ninguna","Sin restricción"
2017,7429,10/24/2017,"Martes",0,3:05:00,,"0.0",2,"Moto/Ciclomotor,Moto/Ciclomotor","Av Freyre Y Gdor Crespo",2,2,0,0,0,0,0,,"Avenida",,"SANTA FE","La Capital","Asfalto","No existe","I","S/D","Urbana","Ninguna","No existe","Intersección","Bueno","Buena","Nocturna","Buen Tiempo","Otro","S/D","Colisión","Ninguna","Faltante","Cordón divisorio","Sin restricción"
2017,7430,10/10/2017,"Martes",0,23:45:00,,"0.0",2,"Otros,Moto/Ciclomotor","Huergo Y Alvear",2,1,0,0,0,0,1,,"Calle",,"SANTA FE","La Capital","Asfalto","No existe","I","S/D","Urbana","Ninguna","No existe","Intersección","Bueno","Reducida","Nocturna,Con luz artificial","Buen Tiempo","Lateral","S/D","Colisión","Ninguna","Faltante","Línea divisoria pintada","Sin restricción"
2017,7431,10/16/2017,"Lunes",0,22:30:00,,"0.0",2,"Bicicleta,Moto/Ciclomotor","3 de Febrero ",2,1,0,0,0,0,1,,"Calle",,"SANTA FE","La Capital","Asfalto","No existe","I","S/D","Urbana","S/D","S/D","Intersección","S/D","S/D","Nocturna","S/D","S/D","Ciclista","Atropello","S/D","S/D","Ninguna","S/D"
2017,7432,10/5/2017,"Jueves",0,20:45:00,,"0.0",2,"Automóvil,Moto/Ciclomotor","Rivadavia ",2,1,0,0,1,0,0,,"Avenida",,"SANTA FE","La Capital","Asfalto","No existe","I","Dentro","Urbana","Ninguna","No existe","Recta","Bueno","Buena","Nocturna,Con luz artificial","Buen Tiempo","De alcance","S/D","Colisión","Ninguna","Horizontal","Ninguna","Sin restricción"
2017,7433,10/11/2017,"Miercoles",0,0:10:00,,"0.0",2,"Automóvil,Moto/Ciclomotor","J Castelli Y Republica de Siria",2,1,0,0,1,0,0,,"Calle",,"SANTA FE","La Capital","Asfalto","No existe","I","S/D","Urbana","Ninguna","No existe","Intersección","Bueno","Reducida","Nocturna,Con luz artificial","Buen Tiempo","S/D","S/D","Colisión","Ninguna","Faltante","Ninguna","Sin restricción"
2017,7434,10/11/2017,"Miercoles",0,13:25:00,,"0.0",2,"Moto/Ciclomotor,Automóvil","Amenabar Y Roque Saenz Peña",2,0,0,0,0,0,2,,"Calle",,"SANTA FE","La Capital","Asfalto,Tierra","No existe","I","S/D","Urbana","S/D","No existe","Curva","S/D","S/D","Diurna","S/D","S/D","S/D","Colisión","S/D","Faltante","Ninguna","S/D"
2017,7435,10/1/2017,"Domingo",0,20:30:00,,"0.0",1,"Moto/Ciclomotor","Av Pte Peron Y Bv Pellegrini",1,1,0,0,0,0,0,,"Avenida",,"SANTA FE","La Capital","Asfalto","No existe","I","Dentro","Urbana","Semáforo","Funciona","Intersección","Bueno","Buena","Nocturna,Con luz artificial","Buen Tiempo","S/D","S/D","Despiste","Ninguna","Horizontal,Vertical","Cordón divisorio","Sin restricción"
2017,7436,10/4/2017,"Miercoles",0,19:10:00,"Ruta Nacional 11","0.0",1,"Automóvil","Av Circunvalación ",3,2,0,0,1,0,0,,"Ruta",11,"SANTA FE","La Capital","Asfalto","Natural","I","Fuera","Urbana","Ninguna","No existe","Puente","Bueno","Buena","Nocturna","Buen Tiempo","S/D","S/D","Vuelco","Ninguna","Faltante","Guardarrail","Sin restricción"
2017,7437,10/8/2017,"Domingo",0,19:00:00,,"0.0",1,"Moto/Ciclomotor","Lamadrid Y Suipacha",1,1,0,0,0,0,0,,"Calle",,"SANTA FE","La Capital","Asfalto","No existe","I","Dentro","Urbana","Ninguna","No existe","Intersección","Bueno","Buena","Atardecer","Buen Tiempo","S/D","S/D","Otro","Ninguna","Faltante","Cordón divisorio","Sin restricción"
2017,7438,10/2/2017,"Lunes",0,8:00:00,,"0.0",2,"Moto/Ciclomotor,Automóvil","San Jeronimo Y Regis Martinez",2,1,0,0,1,0,0,,"Calle",,"SANTA FE","La Capital","Asfalto","No existe","I","Dentro","Urbana","S/D","No existe","Intersección","S/D","S/D","Diurna","S/D","S/D","S/D","Colisión","S/D","Vertical","Ninguna,S/D","S/D"
2017,7439,10/11/2017,"Miercoles",0,9:30:00,,"0.0",3,"Automóvil,Automóvil,Automóvil","Av A del Valle Y J P Lopez",3,1,0,0,2,0,0,,"Avenida",,"SANTA FE","La Capital","Hormigón","No existe","I","S/D","Urbana","Ninguna","No existe","Intersección","Bueno","Buena","Diurna","Buen Tiempo","Múltiple","S/D","Colisión","Ninguna","Horizontal","Ninguna","Sin restricción"
2017,7440,10/5/2017,"Jueves",0,9:15:00,,"0.0",2,"Automóvil,Bicicleta","San Jeronimo 2200",2,1,0,0,1,0,0,,"Calle",,"SANTA FE","La Capital","Asfalto","No existe","I","Dentro","Urbana","Ninguna","No existe","Recta","Bueno","Buena","Diurna","Buen Tiempo","S/D","Ciclista","Atropello","Ninguna","Horizontal","Ninguna","Sin restricción"
2017,7441,6/23/2017,"Viernes",0,3:30:00,"Autopista Nacional Rosario -Cordoba","386.0",2,"Camión,Camión"," ",2,1,0,0,1,0,0,,"Autopista","Rosario -Cordoba","ARMSTRONG","Belgrano","Asfalto","S/D","III","Dentro","Rural","S/D","S/D","Recta","Bueno","S/D","Nocturna","S/D","S/D","S/D","Colisión","S/D","S/D","S/D","S/D"
2017,7442,10/2/2017,"Lunes",0,13:00:00,,"0.0",2,"Moto/Ciclomotor,Taxi/Remis","J P Lopez Y 1ro de Mayo",2,1,0,0,1,0,0,,"Calle",,"SANTA FE","La Capital","Asfalto","No existe","I","Dentro","Urbana","S/D","No existe","Intersección","S/D","S/D","Diurna","S/D","S/D","S/D","Colisión","S/D","Faltante","Ninguna","S/D"
2017,7443,10/13/2017,"Viernes",0,10:50:00,,"0.0",2,"Moto/Ciclomotor,Moto/Ciclomotor","Roque Saenz Peña Y Islas Malvinas",3,3,0,0,0,0,0,,"Calle",,"SANTA FE","La Capital","Asfalto","No existe","I","S/D","Urbana","Ninguna","No existe","Intersección","Bueno","Buena","Diurna","Buen Tiempo","De alcance","S/D","Colisión","Ninguna","Faltante","Ninguna","Sin restricción"
2017,7444,10/2/2017,"Lunes",0,14:00:00,,"0.0",2,"Moto/Ciclomotor,Pickup/Utilitario","San Jeronimo Y Espora",3,1,0,0,2,0,0,,"Calle",,"SANTA FE","La Capital","Asfalto","No existe","I","Dentro","Urbana","Ninguna","No existe","Intersección","S/D","S/D","Diurna","S/D","S/D","S/D","Colisión","S/D","Faltante","S/D","S/D"
2017,7445,10/11/2017,"Miercoles",0,18:00:00,,"0.0",2,"Moto/Ciclomotor,Automóvil","Tacuari Y Laprida",2,1,0,0,1,0,0,,"Calle",,"SANTA FE","La Capital","Asfalto","No existe","I","S/D","Urbana","Ninguna","No existe","Intersección","Bueno","Buena","Diurna","Buen Tiempo","Lateral","S/D","Colisión","Ninguna","Horizontal","Ninguna","Sin restricción"
2017,7447,10/6/2017,"Viernes",0,16:20:00,,"0.0",2,"Moto/Ciclomotor,Automóvil","9 de Julio Y Eva Peron",2,1,0,0,1,0,0,,"Calle",,"SANTA FE","La Capital","Asfalto","No existe","I","Dentro","Urbana","Ninguna","No existe","Intersección","Bueno","Buena","Diurna","Buen Tiempo","Lateral","S/D","Colisión","Ninguna","Faltante","Ninguna","Sin restricción"
2017,7448,6/24/2017,"Sabado",0,,"Ruta Provincial 70","0.0",2,"Moto/Ciclomotor,Pickup/Utilitario","SAN LORENZO  ",3,2,0,0,1,0,0,,"Ruta",70,"RAFAELA","Castellanos","Asfalto","No existe","V","Dentro","Urbana","Ninguna","No existe","Intersección","Bueno","S/D","S/D","S/D","S/D","S/D","Colisión","Ninguna","Horizontal","Ninguna","Sin restricción"
2017,7449,10/2/2017,"Lunes",0,18:00:00,,"0.0",2,"Moto/Ciclomotor,Pickup/Utilitario","Estanislao Zeballos Y 9 de Julio",2,1,0,0,1,0,0,,"Calle",,"SANTA FE","La Capital","Asfalto","No existe","I","Dentro","Urbana","Ninguna","No existe","Intersección","S/D","S/D","Diurna","S/D","S/D","S/D","Colisión","S/D","Faltante","Ninguna","S/D"
2017,7451,10/28/2017,"Sabado",0,9:55:00,,"0.0",2,"Moto/Ciclomotor,Taxi/Remis","Terraplen Este ",3,2,0,0,1,0,0,,"Camino Rural",,"SANTA FE","La Capital","Tierra","No existe","I","Dentro","Urbana","Ninguna","No existe","Recta","Con baches","Buena","Diurna","Buen Tiempo","De alcance","S/D","Colisión","Ninguna","Faltante","Ninguna","Sin restricción"
2017,7452,9/1/2017,"Viernes",0,11:00:00,,"0.0",2,"Pickup/Utilitario,Automóvil","9 de Julio Y Juan Del Campillo",2,1,0,0,1,0,0,,"Calle",,"SANTA FE","La Capital","Asfalto","No existe","I","Dentro","Urbana","S/D","No existe","Intersección","S/D","S/D","Diurna","S/D","S/D","S/D","Colisión","S/D","Faltante","Ninguna","S/D"
2017,7453,10/13/2017,"Viernes",0,10:00:00,,"0.0",2,"Pickup/Utilitario,Moto/Ciclomotor","Av Gral Paz Y Gorostiaga",4,2,1,0,1,0,0,,"Avenida",,"SANTA FE","La Capital","Asfalto","No existe","I","S/D","Urbana","Ninguna","No existe","Intersección","Bueno","Buena","Diurna","Buen Tiempo","Lateral","S/D","Colisión","Ninguna","Horizontal","Ninguna","Sin restricción"
2017,7454,10/3/2017,"Martes",0,13:25:00,,"0.0",2,"Automóvil,Moto/Ciclomotor","Amenabar Y Saavedra",3,1,0,0,2,0,0,,"Calle",,"SANTA FE","La Capital","Asfalto","No existe","I","Dentro","Urbana","Paso Peatonal","No existe","Intersección","Con baches","Buena","Diurna","Buen Tiempo","Lateral","S/D","Colisión","Ninguna","Horizontal","Ninguna","Sin restricción"
2017,7455,10/5/2017,"Jueves",0,21:00:00,,"0.0",2,"Bicicleta,Taxi/Remis","Pedro Alejandro Vittori Y Domingo Silva",2,1,0,0,1,0,0,,"Calle",,"SANTA FE","La Capital","Asfalto","No existe","I","Dentro","Urbana","S/D","No existe","Intersección","S/D","S/D","Nocturna","S/D","S/D","Ciclista","Atropello","S/D","Vertical","Ninguna","S/D"
2017,7456,10/15/2017,"Domingo",0,17:30:00,,"0.0",2,"Automóvil,Automóvil","Pedro de Vega Y Republica de Siria",3,2,0,0,1,0,0,,"Calle",,"SANTA FE","La Capital","Asfalto","No existe","I","S/D","Urbana","Ninguna","No existe","Intersección","Bueno","Buena","Diurna","Buen Tiempo","Lateral","S/D","Colisión","Ninguna","Faltante","Ninguna","Sin restricción"
2017,7457,10/6/2017,"Viernes",0,9:30:00,,"0.0",2,"Moto/Ciclomotor,Moto/Ciclomotor","Av Urquiza Y Tucuman",2,1,0,0,1,0,0,,"Calle",,"SANTA FE","La Capital","Asfalto","No existe","I","Dentro","Urbana","Semáforo","Funciona","Intersección","Bueno","Buena","Diurna","Buen Tiempo","Lateral","S/D","Colisión","Ninguna","Horizontal,Vertical","Ninguna","Sin restricción"
2017,7458,10/6/2017,"Viernes",0,14:00:00,,"0.0",2,"Moto/Ciclomotor,Moto/Ciclomotor","9 de Julio Y Vieytes",2,2,0,0,0,0,0,,"Calle",,"SANTA FE","La Capital","Asfalto","No existe","I","Dentro","Urbana","S/D","No existe","Intersección","S/D","S/D","Diurna","S/D","S/D","S/D","Colisión","S/D","Faltante","Ninguna","S/D"
2017,7459,10/3/2017,"Martes",0,17:25:00,,"0.0",2,"Automóvil,Moto/Ciclomotor","Av Mosconi Y Lisandro de la Torre",2,1,0,0,1,0,0,,"Avenida",,"SANTA FE","La Capital","Asfalto,Hormigón","No existe","I","Dentro","Urbana","Ninguna","No existe","Intersección","Deteriorada","Buena","Diurna","Buen Tiempo","De alcance","S/D","Colisión","Ninguna","Faltante","Ninguna","Sin restricción"
2017,7460,6/24/2017,"Sabado",0,7:20:00,"Ruta Nacional A009","0.0",1,"Moto/Ciclomotor"," ",1,1,0,0,0,0,0,,"Ruta","A009","PUERTO RECONQUISTA","General Obligado","Asfalto","No existe","IX","Dentro","Rural","Ninguna","No existe","Puente","Bueno","S/D","Diurna","S/D","Atropello animal","S/D","Colisión","Ninguna","Faltante","Línea divisoria pintada","Sin restricción"
2017,7461,10/5/2017,"Jueves",0,16:50:00,,"0.0",2,"Moto/Ciclomotor,Taxi/Remis","Jujuy Y San Jose",2,1,0,0,1,0,0,,"Calle",,"SANTA FE","La Capital","Asfalto","No existe","I","Dentro","Urbana","Ninguna","No existe","Intersección","Deteriorada","Buena","Diurna","Buen Tiempo","Lateral","S/D","Colisión","Ninguna","Faltante","Ninguna","Sin restricción"
2017,7462,10/9/2017,"Lunes",0,19:00:00,,"0.0",2,"Moto/Ciclomotor,Pickup/Utilitario","Av Facundo Zuviria Y Vieytes",2,1,0,0,1,0,0,,"Avenida",,"SANTA FE","La Capital","Asfalto","No existe","I","Dentro","Urbana","S/D","No existe","Intersección","S/D","S/D","Atardecer","S/D","S/D","S/D","Colisión","S/D","Faltante","Cordón divisorio","S/D"
2017,7463,10/17/2017,"Martes",0,17:20:00,,"0.0",2,"Automóvil,Bicicleta","Salvador del Carril Y Guemes",2,1,0,0,1,0,0,,"Calle",,"SANTA FE","La Capital","Asfalto","No existe","I","S/D","Urbana","Ninguna","No existe","Intersección","Bueno","Buena","Diurna","Buen Tiempo","Lateral","S/D","Colisión","Ninguna","Faltante","Ninguna","Sin restricción"
2017,7464,10/6/2017,"Viernes",0,8:05:00,,"0.0",2,"Peatón,Automóvil","Entre Rios Y Gdor Freyre",2,1,0,0,0,0,1,,"Calle",,"SANTA FE","La Capital","Asfalto","No existe","I","Dentro","Urbana","Ninguna","No existe","Intersección","Deteriorada","Buena","Diurna","Buen Tiempo","S/D","Peatón","Atropello","Ninguna","Faltante","Ninguna","Sin restricción"
2017,7465,10/20/2017,"Viernes",0,13:00:00,,"0.0",2,"Moto/Ciclomotor,Taxi/Remis","Av Gral Paz Y Quintana",2,1,0,0,1,0,0,,"Avenida",,"SANTA FE","La Capital","Asfalto","No existe","I","S/D","Urbana","Paso Peatonal","No existe","Intersección","Bueno","Buena","Diurna","Buen Tiempo","Otro","S/D","Colisión","Agua","Horizontal","Línea divisoria pintada","Sin restricción"
2017,7466,10/12/2017,"Jueves",0,14:00:00,,"0.0",2,"Moto/Ciclomotor,Automóvil","4 de Enero Y Boneo",3,1,0,0,2,0,0,,"Calle",,"SANTA FE","La Capital","Asfalto","No existe","I","Dentro","Urbana","S/D","No existe","Intersección","S/D","S/D","Diurna","S/D","S/D","S/D","Colisión","S/D","Faltante","Ninguna","Sin restricción"
2017,7467,10/6/2017,"Viernes",0,21:10:00,,"0.0",2,"Peatón,Pickup/Utilitario","Av Freyre Y Monseñor Zaspe",2,1,0,0,0,0,1,,"Avenida",,"SANTA FE","La Capital","Asfalto,Hormigón","No existe","I","Dentro","Urbana","Ninguna","No existe","Intersección","Bueno","Reducida","Nocturna","Buen Tiempo","S/D","Peatón","Atropello","Ninguna","Faltante","Cordón divisorio","Sin restricción"
2017,7468,10/22/2017,"Domingo",0,13:30:00,,"0.0",2,"Automóvil,Moto/Ciclomotor","Republica de Siria Y Llerena",2,0,0,0,0,0,2,,"Calle",,"SANTA FE","La Capital","Asfalto","No existe","I","S/D","Urbana","Ninguna","No existe","Intersección","Bueno","Buena","Diurna","Buen Tiempo","Lateral","S/D","Colisión","Ninguna","Faltante","Ninguna","Sin restricción"
2017,7469,10/12/2017,"Jueves",0,20:00:00,,"0.0",2,"Automóvil,Automóvil","Domingo Silva Y San Martin",2,2,0,0,0,0,0,,"Calle",,"SANTA FE","La Capital","Asfalto","No existe","I","Dentro","Urbana","S/D","No existe","Intersección","S/D","S/D","Nocturna,Con luz artificial","S/D","S/D","S/D","Colisión","S/D","Faltante","Ninguna","S/D"
2017,7470,10/13/2017,"Viernes",0,10:20:00,,"0.0",2,"Automóvil,Moto/Ciclomotor","Juan de Garay Y Av Freyre",2,1,0,0,1,0,0,,"Avenida",,"SANTA FE","La Capital","Asfalto","No existe","I","Dentro","Urbana","Ninguna","No existe","Intersección","Bueno","Buena","Diurna","Buen Tiempo","De alcance","S/D","Colisión","Ninguna","Faltante","Cordón divisorio","Sin restricción"
2017,7471,6/26/2017,"Lunes",0,,,"0.0",2,"Automóvil,Moto/Ciclomotor","EMILIO SENOR Y BV SARMIENTO",2,1,0,0,1,0,0,,"Calle",,"SAN VICENTE.","Castellanos","S/D","S/D","V","Dentro","Urbana","S/D","S/D","Intersección","S/D","S/D","S/D","S/D","S/D","S/D","Colisión","S/D","S/D","S/D","S/D"
2017,7472,10/12/2017,"Jueves",0,21:00:00,,"0.0",2,"Moto/Ciclomotor,Automóvil","Estanislao Zeballos Y 9 de Julio",3,2,0,0,1,0,0,,"Avenida",,"SANTA FE","La Capital","Asfalto","No existe","I","Dentro","Urbana","S/D","No existe","Intersección","S/D","S/D","Nocturna,Con luz artificial","S/D","S/D","S/D","Colisión","S/D","Horizontal,Vertical","Ninguna","S/D"
2017,7473,10/23/2017,"Lunes",0,5:00:00,,"0.0",2,"Pickup/Utilitario,Moto/Ciclomotor","Necochea Y Huergo",5,2,0,0,2,0,1,,"Calle",,"SANTA FE","La Capital","Asfalto","No existe","I","S/D","Urbana","Ninguna","No existe","Intersección","Bueno","Buena","Nocturna,Con luz artificial","Buen Tiempo","Lateral","S/D","Colisión","Ninguna","Faltante","S/D","Sin restricción"
2017,7474,10/13/2017,"Viernes",0,19:45:00,,"0.0",2,"Automóvil,Moto/Ciclomotor","Dr Zavalla Y Corrientes",2,1,0,0,1,0,0,,"Calle",,"SANTA FE","La Capital","Asfalto","No existe","I","Dentro","Urbana","Ninguna","No existe","Intersección","Deteriorada","Buena","Atardecer","Buen Tiempo","De alcance","S/D","Colisión","Ninguna","Faltante","Ninguna","Sin restricción"
2017,7475,10/22/2017,"Domingo",0,18:30:00,"Ruta Nacional 11","0.0",2,"Automóvil,Moto/Ciclomotor"," ",3,2,0,0,1,0,0,,"Ruta",11,"SANTA FE","La Capital","Asfalto","Pavimento","I","Dentro","Urbana","Ninguna","No existe","Puente","Bueno","Buena","Diurna","Buen Tiempo","Lateral","S/D","Colisión","Ninguna","Faltante","Línea divisoria pintada","Sin restricción"
2017,7476,6/25/2017,"Domingo",0,8:00:00,"Ruta Provincial 90","0.0",1,"Automóvil"," ",1,1,0,0,0,0,0,,"Ruta",90,"MELINCUÉ","General López","Asfalto","S/D","VIII","Dentro","Urbana","S/D","S/D","Recta","S/D","S/D","Diurna","S/D","S/D","S/D","Despiste","S/D","S/D","S/D","S/D"
2017,7477,10/19/2017,"Jueves",0,2:10:00,,"0.0",2,"Automóvil,Peatón","Av Gral Paz Y Hernandarias",2,1,0,0,1,0,0,,"Avenida",,"SANTA FE","La Capital","Asfalto","No existe","I","S/D","Urbana","Ninguna","No existe","Intersección","Bueno","Buena","Nocturna,Con luz artificial","Buen Tiempo","S/D","Peatón","Atropello","Ninguna","S/D","Ninguna","Sin restricción"
2017,7478,10/20/2017,"Viernes",0,8:00:00,,"0.0",2,"Moto/Ciclomotor,Automóvil","Av Facundo Zuviria Y Quintana",2,1,0,0,1,0,0,,"Avenida",,"SANTA FE","La Capital","Asfalto","No existe","I","Dentro","Urbana","S/D","Funciona","Intersección","S/D","S/D","Diurna","S/D","S/D","S/D","Colisión","S/D","Horizontal,Vertical","Cordón divisorio","S/D"
2017,7479,10/31/2017,"Martes",1,,,"0.0",2,"Moto/Ciclomotor,Automóvil","Pedro de Vega Y Candioti",2,1,0,0,1,0,0,,"Calle",,"SANTA FE","La Capital","Asfalto","No existe","I","S/D","Urbana","Ninguna","No existe","Intersección","Deteriorada","S/D","S/D","S/D","S/D","S/D","Colisión","S/D","Faltante","Ninguna","S/D"
2017,7480,10/14/2017,"Sabado",0,12:30:00,,"0.0",2,"Automóvil,Moto/Ciclomotor","Moreno Y Maipu",2,1,0,0,1,0,0,,"Calle",,"LAGUNA PAIVA","La Capital","Asfalto","No existe","I","Dentro","Urbana","Ninguna","No existe","Intersección","Bueno","Buena","Diurna","Buen Tiempo","Lateral","S/D","Colisión","Ninguna","Faltante","Ninguna","Sin restricción"
2017,7481,10/15/2017,"Domingo",0,16:00:00,,"0.0",2,"Moto/Ciclomotor,Automóvil","Av Facundo Zuviria Y Iturraspe",3,2,0,0,1,0,0,,"Avenida",,"SANTA FE","La Capital","Asfalto","No existe","I","Dentro","Urbana","Semáforo","Funciona","Intersección","S/D","S/D","Diurna","S/D","S/D","S/D","Colisión","S/D","Vertical","Cordón divisorio","Sin restricción"
2017,7482,10/6/2017,"Viernes",0,19:20:00,,"0.0",1,"Moto/Ciclomotor","Callejon Roca Y Av Gral Paz",2,1,0,0,1,0,0,,"Calle",,"SANTA FE","La Capital","Tierra","No existe","I","Dentro","Urbana","Ninguna","No existe","Intersección","Con baches","Reducida","Atardecer","Otro","S/D","S/D","Caída ocupante","Ninguna","Faltante","Ninguna","Sin restricción"
2017,7483,10/1/2017,"Domingo",0,1:20:00,,"0.0",2,"Automóvil,Moto/Ciclomotor","LISANDRO DE LA TORRE Y SAN LUIS",2,1,0,0,1,0,0,,"Calle",,"LAGUNA PAIVA","La Capital","Asfalto","No existe","I","Dentro","Urbana","Ninguna","No existe","Intersección","Bueno","Buena","Nocturna","Buen Tiempo","Lateral","S/D","Colisión","Ninguna","Faltante","Ninguna","Sin restricción"
2017,7484,10/21/2017,"Sabado",0,16:00:00,,"0.0",2,"Moto/Ciclomotor,Automóvil","San Martin Y Boneo",2,1,0,0,1,0,0,,"Calle",,"SANTA FE","La Capital","S/D","No existe","I","Dentro","Urbana","S/D","No existe","Intersección","S/D","S/D","Diurna","S/D","S/D","S/D","Colisión","S/D","Vertical","Ninguna","S/D"
2017,7485,10/12/2017,"Jueves",0,15:40:00,,"0.0",2,"Pickup/Utilitario,Moto/Ciclomotor","Republica de Siria Y Gorriti",2,1,0,0,0,0,1,,"Calle",,"SANTA FE","La Capital","Asfalto","No existe","I","Dentro","Urbana","Ninguna","No existe","Intersección","Deteriorada","Reducida","Diurna","Otro","Lateral","S/D","Colisión","Ninguna","Faltante","Ninguna","Sin restricción"
2017,7486,6/26/2017,"Lunes",0,6:00:00,,"0.0",2,"Automóvil,Automóvil","Av Peñaloza Y Estanislao Zeballos",2,1,0,0,1,0,0,,"Calle",,"SANTA FE","La Capital","Asfalto","No existe","I","Dentro","Urbana","Ninguna","Funciona","Intersección","Bueno","S/D","Diurna","S/D","S/D","S/D","Colisión","Ninguna","Vertical","Ninguna","Sin restricción"
2017,7487,10/1/2017,"Domingo",0,5:45:00,"Ruta Provincial 2","29.0",1,"Automóvil"," ",5,2,0,0,3,0,0,,"Ruta",2,"ARROYO AGUIAR","La Capital","Asfalto","S/D","I","S/D","Rural","Otra Señal","No existe","Cruce","Con baches","Reducida","Nocturna","Lluvia","S/D","S/D","Despiste","Agua","Vertical","Línea divisoria pintada","S/D"
2017,7488,6/26/2017,"Lunes",0,0:25:00,,"0.0",2,"Automóvil,Moto/Ciclomotor","Alberdi Y Lavalle",2,1,0,0,1,0,0,,"Calle",,"CAÑADA DE GÓMEZ","Iriondo","Asfalto","No existe","X","Dentro","Urbana","Ninguna","No existe","Intersección","Bueno","S/D","Nocturna","S/D","S/D","S/D","Colisión","Ninguna","Faltante","Ninguna","Sin restricción"
2017,7489,10/18/2017,"Miercoles",0,16:20:00,,"0.0",2,"Moto/Ciclomotor,Transporte de Pasajeros Urbano (> 8 asientos)","Av A del Valle Y Almonacid",2,1,0,0,1,0,0,,"Avenida",,"SANTA FE","La Capital","Asfalto","No existe","I","Dentro","Urbana","Ninguna","No existe","Intersección","Bueno","Buena","Diurna","Otro","Lateral","S/D","Colisión","Ninguna","Vertical","Ninguna","Sin restricción"
2017,7490,10/21/2017,"Sabado",0,16:00:00,,"0.0",2,"Bicicleta,Automóvil","Av A del Valle Y Ricardo Aldao",2,1,0,0,1,0,0,,"Avenida",,"SANTA FE","La Capital","Asfalto","No existe","I","Dentro","Urbana","Semáforo","Funciona","Intersección","S/D","S/D","Diurna","S/D","S/D","Ciclista","Atropello","S/D","Vertical","Línea divisoria pintada","S/D"
2017,7491,10/19/2017,"Jueves",0,10:30:00,,"0.0",2,"Moto/Ciclomotor,Automóvil","Av A del Valle Y Neuquen",2,1,0,0,1,0,0,,"Avenida",,"SANTA FE","La Capital","Asfalto","No existe","I","Dentro","Urbana","Ninguna","No existe","Intersección","Bueno","Buena","Diurna","Otro","Lateral","S/D","Colisión","Ninguna","Vertical","Ninguna","Sin restricción"
2017,7492,6/23/2017,"Viernes",0,18:30:00,,"0.0",2,"Moto/Ciclomotor,Peatón","Libertad Y Salta",2,1,0,0,1,0,0,,"Calle",,"FIRMAT","General López","S/D","S/D","VIII","Dentro","Urbana","S/D","S/D","Intersección","S/D","S/D","Diurna","S/D","S/D","Peatón","Atropello","S/D","S/D","S/D","S/D"