"anio_acci","nro_acci","fecha","desc_dia","fecha_aprox","hora_aprox","desc_ruta","km","cant_participantes","desc_participante","calle_avenida_km","total","heridos_leves","heridos_graves","heridos_gravisimos","ilesos","fallecidos","sin_datos","posicion_XY","desc_tipo_via","desc_ruta_ori","desc_loc","desc_dpto","desc_tipo_calzada","desc_tipo_banquina","desc_unidad_regional","desc_lugar_calzada","desc_zona","desc_prioridad","desc_estado_semaforo","desc_lugar_via","desc_estado_via","desc_estado_visibilidad","desc_luminosidad","desc_estado_clima","desc_tipo_colision","desc_tipo_atropello","desc_tipo_hecho","desc_pres_calzada","desc_senializacion","desc_separacion_via","desc_restriccion"
2017,7493,10/2/2017,"Lunes",0,15:00:00,,"0.0",2,"Automóvil,Moto/Ciclomotor","1º de Mayo Y Maipu",2,1,0,0,1,0,0,,"Calle",,"LAGUNA PAIVA","La Capital","Ripio","No existe","I","Dentro","Urbana","Ninguna","No existe","Intersección","Bueno","Buena","Diurna","Buen Tiempo","Lateral","S/D","Colisión","Ninguna","Faltante","Ninguna","Sin restricción"
2017,7494,10/22/2017,"Domingo",0,17:00:00,"Ruta Provincial 1","999.9",2,"Automóvil,Moto/Ciclomotor"," ",2,1,0,0,1,0,0,,"Ruta",1,"COLASTINE","La Capital","Asfalto","Natural","I","Dentro","Urbana","Semáforo","Funciona","Recta","Bueno","Buena","Diurna","Buen Tiempo","Lateral","S/D","Colisión","Ninguna","Vertical","Línea divisoria pintada","Sin restricción"
2017,7495,10/22/2017,"Domingo",0,0:30:00,,"0.0",2,"Moto/Ciclomotor,Automóvil","Iturraspe Y Av Facundo Zuviria",2,1,0,0,1,0,0,,"Avenida",,"SANTA FE","La Capital","Asfalto","No existe","I","Dentro","Urbana","Semáforo","Funciona","Intersección","S/D","S/D","Nocturna,Con luz artificial","S/D","S/D","S/D","Colisión","S/D","Vertical","Cordón divisorio","S/D"
2017,7496,10/20/2017,"Viernes",0,8:15:00,,"0.0",2,"Peatón,Camión Chasis","Av A del Valle 9300",2,1,0,0,1,0,0,,"Avenida",,"SANTA FE","La Capital","Asfalto","No existe","I","Dentro","Urbana","Ninguna","No existe","Intersección","Bueno","Buena","Diurna","Otro","S/D","Peatón","Atropello","Ninguna","Faltante","Ninguna","Sin restricción"
2017,7497,10/22/2017,"Domingo",0,19:00:00,,"0.0",2,"Moto/Ciclomotor,Pickup/Utilitario","Av A del Valle Y Espora",5,4,0,0,1,0,0,,"Avenida",,"SANTA FE","La Capital","Asfalto","No existe","I","Dentro","Urbana","S/D","No existe","Intersección","S/D","S/D","Atardecer","S/D","S/D","S/D","Colisión","S/D","Faltante","Cordón divisorio,Vegetación","S/D"
2017,7498,10/28/2017,"Sabado",0,8:00:00,,"0.0",2,"Moto/Ciclomotor,Automóvil","Av A del Valle Y Leumann",2,1,0,0,1,0,0,,"Avenida",,"SANTA FE","La Capital","Asfalto","No existe","I","Dentro","Urbana","Ninguna","No existe","Intersección","Bueno","Buena","Diurna","Otro","Lateral","S/D","Colisión","Ninguna","Vertical","Ninguna","Sin restricción"
2017,7499,10/12/2017,"Jueves",0,12:50:00,,"0.0",2,"Automóvil,Automóvil","Maipu Y Moreno",5,4,0,0,1,0,0,,"Calle",,"LAGUNA PAIVA","La Capital","Asfalto","No existe","I","Dentro","Urbana","Ninguna","No existe","Intersección","Bueno","Buena","Diurna","Buen Tiempo","Lateral","S/D","Colisión","Ninguna","Faltante","Ninguna","Sin restricción"
2017,7500,10/24/2017,"Martes",0,13:00:00,,"0.0",3,"Moto/Ciclomotor,Taxi/Remis,Automóvil","Av Facundo Zuviria Y Pedro Centeno",4,1,0,0,3,0,0,,"Avenida",,"SANTA FE","La Capital","Asfalto","No existe","I","Dentro","Urbana","Semáforo","Funciona","Intersección","S/D","S/D","Diurna","S/D","Múltiple","S/D","Colisión","S/D","Vertical","Cordón divisorio","S/D"
2017,7501,10/26/2017,"Jueves",0,14:00:00,,"0.0",2,"Moto/Ciclomotor,Pickup/Utilitario","San Martin Y Vieytes",2,1,0,0,1,0,0,,"Calle",,"SANTA FE","La Capital","Asfalto","No existe","I","Dentro","Urbana","S/D","No existe","Intersección","S/D","S/D","Diurna","S/D","S/D","S/D","Colisión","S/D","Faltante","Ninguna","S/D"
2017,7502,10/27/2017,"Viernes",0,17:00:00,,"0.0",2,"Automóvil,Automóvil","Av A del Valle Y Espora",4,3,0,0,1,0,0,,"Avenida",,"SANTA FE","La Capital","Asfalto","No existe","I","Dentro","Urbana","S/D","No existe","Intersección","S/D","S/D","Diurna","S/D","S/D","S/D","Colisión","S/D","Faltante","Cordón divisorio,Vegetación","S/D"
2017,7503,10/29/2017,"Domingo",0,7:00:00,,"0.0",1,"Automóvil","J Castelli 2800",3,3,0,0,0,0,0,,"Calle",,"SANTA FE","La Capital","Asfalto","No existe","I","Dentro","Urbana","S/D","No existe","Recta","S/D","S/D","Amanecer","S/D","Contra objeto fijo","S/D","Colisión","S/D","Faltante","Ninguna","S/D"
2017,7504,10/30/2017,"Lunes",0,19:00:00,,"0.0",2,"Moto/Ciclomotor,Automóvil","Av A del Valle Y J Castelli",2,1,0,0,1,0,0,,"Avenida",,"SANTA FE","La Capital","Asfalto","No existe","I","Dentro","Urbana","Semáforo","Funciona","Intersección","S/D","S/D","Diurna","S/D","De alcance","S/D","Colisión","S/D","Horizontal,Vertical","Línea divisoria pintada","S/D"
2017,7505,10/29/2017,"Domingo",0,18:00:00,,"0.0",2,"Moto/Ciclomotor,Automóvil","Av Freyre Y La Rioja",2,1,0,0,1,0,0,,"Calle",,"SANTA FE","La Capital","Asfalto","No existe","I","Dentro","Urbana","Semáforo","Funciona","Intersección","Bueno","Buena","Atardecer","Buen Tiempo","Otro","S/D","Colisión","Ninguna","Vertical","Ninguna","Sin restricción"
2017,7506,10/25/2017,"Miercoles",0,16:45:00,,"0.0",2,"Moto/Ciclomotor,Automóvil","Av Freyre 3069",3,2,0,0,1,0,0,,"Avenida",,"SANTA FE","La Capital","Asfalto","No existe","I","S/D","Urbana","Ninguna","Funciona","Recta","Bueno","Buena","Diurna","Buen Tiempo","Otro","S/D","Colisión","Ninguna","Vertical","Ninguna","Sin restricción"
2017,7507,10/1/2017,"Domingo",0,6:20:00,,"0.0",1,"Moto/Ciclomotor","GRAL PAZ ",1,1,0,0,0,0,0,,"Calle",,"ANGEL GALLARDO","La Capital","Ripio","No existe","I","Dentro","Rural","Ninguna","No existe","Recta","Otro","Buena","Nocturna,Con luz artificial","Otro","S/D","S/D","Caída ocupante","Agua","S/D","Ninguna","Sin restricción"
2017,7508,10/2/2017,"Lunes",0,13:50:00,"Ruta Provincial 2","0.0",2,"Bicicleta,Pickup/Utilitario"," ",2,1,0,0,1,0,0,,"Ruta",2,"ANGEL GALLARDO","La Capital","Hormigón","Natural","I","Dentro","Rural","Señal Ceda el Paso","No existe","Intersección","Otro","Buena","Diurna","Buen Tiempo","S/D","Ciclista","Atropello","Agua","S/D","S/D","Sin restricción"
2017,7509,10/3/2017,"Martes",0,18:45:00,"Ruta Provincial 5","0.0",2,"Moto/Ciclomotor,Automóvil","Ruta pcial 2 Av San Martin ",4,1,0,0,3,0,0,,"Ruta",5,"MONTE VERA","La Capital","Hormigón","Natural","I","Dentro","Rural","Señal Ceda el Paso","No existe","Cruce","Bueno","Buena","Diurna","Buen Tiempo","De alcance","S/D","Colisión","Ninguna","S/D","S/D","Sin restricción"
2017,7510,10/3/2017,"Martes",0,20:25:00,"Ruta Provincial 2","18.0",1,"Automóvil"," ",1,1,0,0,0,0,0,,"Ruta",2,"MONTE VERA","La Capital","Hormigón","S/D","I","Fuera","Rural","S/D","S/D","Recta","Bueno","Buena","Nocturna","S/D","S/D","S/D","Vuelco","Ninguna","S/D","S/D","Sin restricción"
2017,7511,10/5/2017,"Jueves",0,18:40:00,"Ruta Provincial 2","0.0",1,"Moto/Ciclomotor","LOS QUINTEROS ",1,1,0,0,0,0,0,,"Ruta",2,"ANGEL GALLARDO","La Capital","Hormigón","Natural","I","Dentro","Rural","Señal Ceda el Paso","No existe","Cruce","Bueno","Buena","Atardecer","Buen Tiempo","S/D","S/D","Caída ocupante","Ninguna","S/D","Ninguna","Sin restricción"
2017,7512,6/28/2017,"Miercoles",0,6:00:00,,"0.0",2,"Automóvil,Moto/Ciclomotor","San Martin Y Necochea",2,1,0,0,1,0,0,,"Calle",,"CAÑADA DE GÓMEZ","Iriondo","Asfalto","No existe","X","Dentro","Urbana","Ninguna","No existe","Intersección","Bueno","S/D","Amanecer","S/D","S/D","S/D","Colisión","Ninguna","Faltante","Ninguna","Sin restricción"
2017,7513,10/21/2017,"Sabado",0,14:30:00,,"0.0",2,"Moto/Ciclomotor,Automóvil","Ruta pcial 2 Av San Martin ",3,1,0,0,2,0,0,,"Camino Rural",,"MONTE VERA","La Capital","Ripio","No existe","I","Dentro","Rural","Ninguna","No existe","Recta","Bueno","Buena","Diurna","Buen Tiempo","Lateral","S/D","Colisión","Ninguna","S/D","Ninguna","Sin restricción"
2017,7514,6/28/2017,"Miercoles",0,11:00:00,,"0.0",2,"Moto/Ciclomotor,Moto/Ciclomotor","Ocampo Y Moreno",2,1,0,0,1,0,0,,"Calle",,"CAÑADA DE GÓMEZ","Iriondo","Asfalto","No existe","X","Dentro","Urbana","Ninguna","No existe","Intersección","Bueno","S/D","Diurna","S/D","S/D","S/D","Colisión","Ninguna","Faltante","Ninguna","Sin restricción"
2017,7515,10/22/2017,"Domingo",0,21:50:00,"Ruta Provincial 2","18.0",2,"Pickup/Utilitario,Automóvil"," ",3,1,0,0,2,0,0,,"Ruta",2,"MONTE VERA","La Capital","Hormigón","Ripio","I","Dentro","Rural","Ninguna","No existe","Intersección","Bueno","Buena","Nocturna,Con luz artificial","Buen Tiempo","De alcance","S/D","Colisión","Ninguna","S/D","Línea divisoria pintada","Sin restricción"
2017,7516,10/27/2017,"Viernes",0,21:00:00,,"0.0",2,"Automóvil,Moto/Ciclomotor","AV. LOS QUINTEROS Y GRAL PAZ",2,1,0,0,1,0,0,,"Avenida",,"ANGEL GALLARDO","La Capital","S/D","No existe","I","Dentro","Rural","Ninguna","No existe","Intersección","Bueno","Buena","Nocturna,Con luz artificial","Buen Tiempo","De alcance","S/D","Colisión","Ninguna","S/D","Ninguna","Sin restricción"
2017,7517,12/13/2017,"Miercoles",0,15:15:00,,"0.0",2,"Taxi/Remis,Moto/Ciclomotor","Necochea Y 24 De Setiembre",2,1,0,0,1,0,0,,"Calle",,"ROSARIO","Rosario","Asfalto","No existe","II","S/D","Urbana","Ninguna","No existe","Intersección","Bueno","Buena","Diurna","Buen Tiempo","Lateral","S/D","Colisión","Ninguna","Faltante","Ninguna","Sin restricción"
2017,7518,12/13/2017,"Miercoles",0,9:15:00,,"0.0",2,"Automóvil,Moto/Ciclomotor","1 de Mayo Y Bv. Segui",3,2,0,0,1,0,0,,"Calle",,"ROSARIO","Rosario","Asfalto","No existe","II","S/D","Urbana","Paso Peatonal","No existe","Intersección","Bueno","Buena","Diurna","Buen Tiempo","Lateral","S/D","Colisión","Ninguna","Horizontal","Cordón divisorio","Sin restricción"
2017,7519,12/6/2017,"Miercoles",0,19:10:00,,"0.0",2,"Moto/Ciclomotor,Automóvil","Av. Battle y Ordoñez 920",2,1,1,0,0,0,0,"-33.008944444444,-60.648833333333","Avenida",,"ROSARIO","Rosario","Asfalto","No existe","II","S/D","Urbana","Ninguna","Funciona","Recta","Bueno","Buena","Atardecer","Otro","Lateral","S/D","Colisión","Ninguna","Horizontal,Vertical","Ninguna","Sin restricción"
2017,7520,12/11/2017,"Lunes",0,15:30:00,,"0.0",2,"Moto/Ciclomotor,Automóvil","Buenos Aires Y Rueda",3,2,0,0,1,0,0,,"Calle",,"ROSARIO","Rosario","Asfalto","No existe","II","S/D","Urbana","Ninguna","No existe","Intersección","Bueno","Buena","Diurna","Buen Tiempo","S/D","S/D","Colisión","S/D","Horizontal","Ninguna","Sin restricción"
2017,7521,12/6/2017,"Miercoles",0,20:15:00,,"0.0",2,"Moto/Ciclomotor,Peatón","San Martin Y Av. Battle y Ordoñez",2,1,0,0,1,0,0,"-33.008888888889,-60.650666666667","Avenida",,"ROSARIO","Rosario","Asfalto","No existe","II","Dentro","Urbana","Ninguna","Funciona","Intersección","Bueno","Buena","Nocturna","Buen Tiempo","S/D","Peatón","Atropello","Ninguna","Horizontal,Vertical","S/D","Sin restricción"
2017,7522,12/2/2017,"Sabado",0,16:00:00,,"0.0",2,"Automóvil,Moto/Ciclomotor","Rodriguez Y Juan Canals",4,3,0,0,1,0,0,,"Calle",,"ROSARIO","Rosario","Asfalto","No existe","II","Dentro","Urbana","Ninguna","No existe","Intersección","Bueno","Buena","Diurna","Buen Tiempo","Lateral","S/D","Colisión","Ninguna","Faltante","Ninguna","Sin restricción"
2017,7523,12/1/2017,"Viernes",0,9:00:00,,"0.0",2,"Moto/Ciclomotor,Automóvil","Cullen Y Av. Sorrento",2,0,1,0,1,0,0,,"Avenida",,"ROSARIO","Rosario","Asfalto","Natural","II","Dentro","Urbana","Ninguna","No existe","Recta","Bueno","Buena","Diurna","Buen Tiempo","Otro","S/D","Atropello","Ninguna","Faltante","Ninguna","Sin restricción"
2017,7524,11/2/2017,"Jueves",0,12:35:00,,"0.0",3,"Automóvil,Automóvil,Automóvil","Av. Provincias Unidas Y Colectora Juan Pablo II",5,2,1,0,2,0,0,,"Avenida",,"ROSARIO","Rosario","Asfalto","No existe","II","S/D","Urbana","Semáforo","Funciona","Curva","Bueno","Buena","Diurna","Buen Tiempo","Contra objeto fijo,Múltiple","S/D","Atropello","Ninguna","Vertical","Guardarrail","Sin restricción"
2017,7525,12/3/2017,"Domingo",0,13:10:00,,"0.0",2,"Automóvil,Moto/Ciclomotor","Entre Rios Y Hilarion de la Quintana",2,1,0,0,1,0,0,"-33.001,-60.651888888889","Calle",,"ROSARIO","Rosario","Asfalto","No existe","II","Dentro","Urbana","Ninguna","No existe","Intersección","Bueno","Buena","Diurna","Buen Tiempo","Lateral","S/D","Colisión","Ninguna","Faltante","Ninguna","Sin restricción"
2017,7526,12/3/2017,"Domingo",0,10:20:00,,"0.0",2,"Moto/Ciclomotor,Automóvil","Madre Cabrini Y Pte.Roca",2,1,0,0,1,0,0,"-33.005222222222,-60.656083333333","S/D",,"ROSARIO","Rosario","Asfalto","No existe","II","S/D","Urbana","Ninguna","No existe","Recta","Bueno","Buena","Diurna","Buen Tiempo","De alcance","S/D","Colisión","Ninguna","Faltante","Ninguna","Sin restricción"
2017,7527,11/2/2017,"Jueves",0,21:30:00,,"0.0",2,"Taxi/Remis,Moto/Ciclomotor","J.J.Paso Y Pje. Banco Nacion",2,1,0,0,1,0,0,,"S/D",,"ROSARIO","Rosario","Asfalto","No existe","II","S/D","Urbana","Ninguna","No existe","Intersección","Bueno","Buena","Nocturna","Buen Tiempo","Otro","S/D","Atropello","Ninguna","Faltante","Ninguna","Sin restricción"
2017,7528,12/1/2017,"Viernes",0,11:00:00,,"0.0",2,"Pickup/Utilitario,Moto/Ciclomotor","Estado de Israel 5976",3,1,0,0,2,0,0,,"Calle",,"ROSARIO","Rosario","Asfalto","No existe","II","Dentro","Urbana","Ninguna","No existe","Recta","Deteriorada","Buena","Diurna","Buen Tiempo","De alcance","S/D","Colisión","Ninguna","Faltante","Ninguna","Sin restricción"
2017,7529,12/3/2017,"Domingo",0,,,"0.0",2,"Moto/Ciclomotor,Automóvil","Av. Genova Y Ottone Bis",3,1,0,0,2,0,0,,"Avenida",,"ROSARIO","Rosario","Asfalto","No existe","II","Dentro","Urbana","Semáforo","No funciona","Recta","Bueno","Buena","Nocturna","Buen Tiempo","De alcance","S/D","Atropello","Ninguna","Vertical","Barrera de hormigón","Sin restricción"
2017,7530,12/7/2017,"Jueves",0,22:00:00,,"0.0",2,"Peatón,Automóvil","Jose Ingenieros  Y Pje. Jaske",2,1,0,0,1,0,0,,"Calle",,"ROSARIO","Rosario","Asfalto","No existe","II","Dentro","Urbana","Ninguna","No existe","Recta","Bueno","Buena","Nocturna","Buen Tiempo","S/D","Peatón","Atropello","Ninguna","Faltante","Ninguna","Sin restricción"
2017,7531,12/10/2017,"Domingo",0,23:10:00,,"0.0",2,"Moto/Ciclomotor,Moto/Ciclomotor","J.J.Paso Y Mariano Cabal Bis",3,3,0,0,0,0,0,,"S/D",,"ROSARIO","Rosario","Asfalto","S/D","II","S/D","S/D","S/D","S/D","Recta","S/D","S/D","S/D","S/D","S/D","S/D","S/D","S/D","S/D","S/D","S/D"
2017,7532,12/5/2017,"Martes",0,23:33:00,,"0.0",1,"Automóvil","AV MOUGFELD Y FRANCIA",5,4,0,0,1,0,0,,"Avenida",,"ROSARIO","Rosario","Asfalto","No existe","II","Dentro","Urbana","Ninguna","No existe","Curva","Bueno","Buena","Nocturna","Buen Tiempo","Contra objeto fijo","S/D","Colisión","Ninguna","Faltante","Ninguna","Sin restricción"
2017,7533,12/11/2017,"Lunes",0,12:50:00,,"0.0",2,"Moto/Ciclomotor,Automóvil","J.J.Paso Y Liniers",2,1,0,0,1,0,0,,"Calle",,"ROSARIO","Rosario","Asfalto","No existe","II","Dentro","Urbana","Ninguna","No existe","Recta","Bueno","Buena","Diurna","Buen Tiempo","Otro","S/D","Colisión","Ninguna","Faltante","Línea divisoria pintada","Sin restricción"
2017,7534,12/10/2017,"Domingo",0,20:30:00,,"0.0",2,"Automóvil,Moto/Ciclomotor","J.J.Paso Y Garzon",2,1,0,0,1,0,0,,"Calle",,"ROSARIO","Rosario","Asfalto","No existe","II","S/D","Urbana","Ninguna","No existe","Recta","Bueno","S/D","Nocturna","Buen Tiempo","Otro","S/D","Atropello","Ninguna","Faltante","Cordón divisorio","Sin restricción"
2017,7535,12/6/2017,"Miercoles",0,17:20:00,,"0.0",2,"Automóvil,Moto/Ciclomotor","Velez Sarsfield Y Bahia Blanca Bis",2,1,0,0,0,0,1,"-32.925138888889,-60.686472222222","Calle",,"ROSARIO","Rosario","Asfalto","No existe","II","Dentro","Urbana","Señal Pare","No existe","Intersección","Bueno","Buena","Diurna","Buen Tiempo","Lateral","S/D","Colisión","Ninguna","Vertical","Ninguna","S/D"
2017,7536,12/18/2017,"Lunes",0,16:30:00,,"0.0",2,"Moto/Ciclomotor,Moto/Ciclomotor","Cullen Y La Republica",2,2,0,0,0,0,0,,"S/D",,"ROSARIO","Rosario","Asfalto","No existe","II","S/D","S/D","Ninguna","No existe","Recta","Bueno","Buena","Diurna","Buen Tiempo","Otro","S/D","Atropello","Ninguna","Faltante","Cordón divisorio","Sin restricción"
2017,7537,12/8/2017,"Viernes",0,21:15:00,,"0.0",2,"Pickup/Utilitario,Bicicleta","Florida Y Cabildo",3,2,0,0,1,0,0,,"Calle",,"ROSARIO","Rosario","Asfalto","No existe","II","Dentro","Urbana","Ninguna","No existe","Recta","Bueno","Buena","Nocturna","Buen Tiempo","Contra objeto fijo","Ciclista","Atropello","Ninguna","Faltante","Ninguna","Sin restricción"
2017,7538,12/20/2017,"Miercoles",0,12:35:00,,"0.0",2,"Automóvil,Automóvil","Av. Provincias Unidas Y Colectora Circunvalacion ",2,1,0,0,1,0,0,,"Calle",,"ROSARIO","Rosario","Asfalto","No existe","II","Dentro","Urbana","Señal Ceda el Paso","No existe","Distribuidor","Bueno","Buena","Diurna","Buen Tiempo","Frontal","S/D","Atropello","Ninguna","Vertical","Barrera de hormigón","Sin restricción"
2017,7539,12/23/2017,"Sabado",0,,,"0.0",2,"Pickup/Utilitario,Moto/Ciclomotor","J.J.Paso Y Garzon",2,1,0,0,1,0,0,,"Calle",,"ROSARIO","Rosario","S/D","S/D","II","S/D","Urbana","S/D","S/D","S/D","S/D","S/D","S/D","S/D","S/D","S/D","S/D","S/D","S/D","S/D","S/D"
2017,7540,12/10/2017,"Domingo",0,,,"0.0",1,"Moto/Ciclomotor","Casilda Y Benzuley",3,0,1,1,1,0,0,"-32.928388888889,-60.686694444444","Calle",,"ROSARIO","Rosario","Asfalto","No existe","II","Dentro","Urbana","Ninguna","No existe","Recta","Bueno","Buena","S/D","Buen Tiempo","Contra objeto fijo","S/D","Otro","Ninguna","Faltante","Ninguna","Sin restricción"
2017,7541,12/22/2017,"Viernes",0,17:30:00,,"0.0",2,"Automóvil,Peatón","J.J.Paso 2400",2,1,0,0,1,0,0,,"S/D",,"ROSARIO","Rosario","S/D","S/D","II","S/D","Urbana","S/D","S/D","S/D","S/D","S/D","S/D","S/D","S/D","S/D","S/D","S/D","S/D","S/D","S/D"
2017,7542,12/13/2017,"Miercoles",0,8:30:00,,"0.0",2,"Automóvil,Moto/Ciclomotor","Albert Sabin 243",2,1,0,0,1,0,0,"-32.926166666667,-60.680722222222","Avenida",,"ROSARIO","Rosario","Asfalto","No existe","II","Dentro","Urbana","Ninguna","Funciona","Recta","Bueno","Buena","Diurna","Buen Tiempo","Contra objeto fijo","S/D","Colisión","Ninguna","Horizontal","Ninguna","Sin restricción"
2017,7543,12/24/2017,"Domingo",0,14:05:00,,"0.0",2,"Moto/Ciclomotor,Automóvil","Jose Ingenieros Y Av. Provincias Unidas",2,1,0,0,1,0,0,,"Calle",,"ROSARIO","Rosario","Asfalto","No existe","II","Dentro","Urbana","Ninguna","No existe","Recta","Bueno","Buena","Diurna","Buen Tiempo","Otro","S/D","Atropello","Ninguna","Faltante","Ninguna","Sin restricción"
2017,7544,12/13/2017,"Miercoles",0,17:15:00,,"0.0",1,"Moto/Ciclomotor","Velez Sarsfield Y Iguazu",1,0,1,0,0,0,0,,"Calle",,"ROSARIO","Rosario","Asfalto","No existe","II","Dentro","Urbana","Semáforo","Funciona","Recta","Bueno","Buena","Diurna","Lluvia","Otro","S/D","Vuelco","Agua","Horizontal","Ninguna","Sin restricción"
2017,7545,11/28/2017,"Martes",0,16:05:00,,"0.0",2,"Moto/Ciclomotor,Pickup/Utilitario","J.J.Paso Y De Angelis Bis",2,1,0,0,1,0,0,,"Calle",,"ROSARIO","Rosario","Asfalto","No existe","II","S/D","Urbana","Ninguna","No existe","Recta","Bueno","Buena","Diurna","Buen Tiempo","S/D","S/D","Atropello","Ninguna","Faltante","Ninguna","Sin restricción"
2017,7546,12/13/2017,"Miercoles",0,15:20:00,,"0.0",1,"Automóvil","Iguazu Bis Y Gorriti",2,1,0,0,1,0,0,"-32.923583333333,-60.686555555556","Calle",,"ROSARIO","Rosario","Asfalto","No existe","II","Dentro","Urbana","Señal Pare","No existe","Recta","Bueno","Buena","Diurna","Buen Tiempo","Frontal","S/D","Colisión","Ninguna","Horizontal","Ninguna","Sin restricción"
2017,7547,12/31/2017,"Domingo",0,8:00:00,,"0.0",2,"Pickup/Utilitario,Moto/Ciclomotor","Av. Genova Y Dr.Victor Cue Bis",2,1,0,0,1,0,0,,"Calle",,"ROSARIO","Rosario","Asfalto","No existe","II","S/D","Urbana","Ninguna","No existe","Recta","Bueno","Buena","Diurna","Buen Tiempo","Otro","S/D","Colisión","Ninguna","Faltante","Línea divisoria pintada","Sin restricción"
2017,7548,12/4/2017,"Lunes",0,15:35:00,,"0.0",2,"Bicicleta,Automóvil","Pueyrredon 1080",2,1,0,0,1,0,0,,"Calle",,"ROSARIO","Rosario","Asfalto","S/D","II","S/D","Urbana","S/D","S/D","Recta","S/D","Buena","S/D","S/D","S/D","S/D","S/D","S/D","S/D","S/D","S/D"
2017,7549,12/14/2017,"Jueves",0,,,"0.0",2,"Moto/Ciclomotor,Transporte de Pasajeros Urbano (> 8 asientos)","Av. Alberdi Bis Y Junin",3,0,1,0,0,0,2,"-32.926611111111,-60.676722222222","Avenida",,"ROSARIO","Rosario","Asfalto","Pavimento","II","S/D","Urbana","Semáforo","Funciona","Intersección","Bueno","Buena","Diurna","Buen Tiempo","Frontal","S/D","Colisión","Ninguna","Vertical","S/D","Sin restricción"
2017,7550,12/4/2017,"Lunes",0,20:30:00,,"0.0",2,"Taxi/Remis,Automóvil","San Juan Y Santiago",4,2,0,0,2,0,0,,"Calle",,"ROSARIO","Rosario","Asfalto","Pavimento","II","Dentro","Urbana","S/D","S/D","Intersección","Bueno","S/D","Diurna","S/D","S/D","S/D","Colisión","S/D","S/D","S/D","S/D"
2017,7551,12/17/2017,"Domingo",0,,,"0.0",2,"Pickup/Utilitario,Moto/Ciclomotor","Alberdi Y Albert Sabin",2,1,0,0,1,0,0,"-32.930083333333,-60.673944444444","Avenida",,"ROSARIO","Rosario","Asfalto","No existe","II","Dentro","Urbana","Semáforo","Funciona","Recta","Bueno","Buena","Diurna","Buen Tiempo","Frontal","S/D","Colisión","Ninguna","Horizontal","Ninguna","Sin restricción"
2017,7552,12/24/2017,"Domingo",0,13:35:00,,"0.0",3,"Peatón,Automóvil,Peatón","Av. Pellegrini Y Lima",3,3,0,0,0,0,0,,"Avenida",,"ROSARIO","Rosario","Asfalto","Pavimento","II","Dentro","Urbana","S/D","Funciona","Recta","Bueno","Buena","Diurna","Buen Tiempo","S/D","S/D","Atropello","Ninguna","S/D","S/D","S/D"
2017,7553,12/28/2017,"Jueves",0,9:15:00,,"0.0",2,"Automóvil,Moto/Ciclomotor","Junin Y Suiza",3,1,0,0,2,0,0,"-32.926888888889,-60.687611111111","Calle",,"ROSARIO","Rosario","Hormigón","No existe","II","S/D","Urbana","Ninguna","No existe","Recta","Bueno","Buena","Diurna","Buen Tiempo","Otro","S/D","Colisión","Ninguna","Horizontal","Ninguna","Sin restricción"
2017,7554,12/21/2017,"Jueves",0,12:00:00,,"0.0",2,"Moto/Ciclomotor,Moto/Ciclomotor","Av. Avellaneda B Y 3 De Febrero",3,3,0,0,0,0,0,,"Avenida",,"ROSARIO","Rosario","Asfalto","No existe","II","Dentro","Urbana","S/D","Funciona","Recta","Bueno","S/D","Diurna","S/D","S/D","S/D","Colisión","Ninguna","S/D","S/D","S/D"
2017,7555,12/1/2017,"Viernes",0,12:30:00,,"0.0",2,"Moto/Ciclomotor,Moto/Ciclomotor","Av. Irigoyen 900",2,2,0,0,0,0,0,"-32.884527777778,-60.697027777778","Avenida",,"ROSARIO","Rosario","Asfalto","S/D","II","S/D","Urbana","S/D","S/D","Intersección","S/D","Buena","Diurna","Buen Tiempo","S/D","Ciclista","Atropello","S/D","S/D","Ninguna","S/D"
2017,7556,12/28/2017,"Jueves",0,3:05:00,,"0.0",2,"Automóvil,Taxi/Remis","San Nicolas Y San Juan",2,0,1,0,0,0,1,,"Calle",,"ROSARIO","Rosario","Asfalto","Pavimento","II","Dentro","Urbana","S/D","No existe","Intersección","Bueno","Buena","Nocturna","Buen Tiempo","Otro","S/D","Atropello","Ninguna","S/D","S/D","Sin restricción"
2017,7557,12/1/2017,"Viernes",1,,,"0.0",2,"Automóvil,Otros","Bv. Rondeau Y Bv. Bouchard",5,5,0,0,0,0,0,,"Calle",,"ROSARIO","Rosario","Asfalto","Pavimento","II","S/D","Urbana","S/D","S/D","Intersección","S/D","S/D","S/D","S/D","S/D","S/D","S/D","S/D","S/D","S/D","S/D"
2017,7558,12/10/2017,"Domingo",0,5:20:00,,"0.0",2,"Automóvil,Automóvil","Montevideo Y Ricchieri",6,2,0,0,4,0,0,,"S/D",,"ROSARIO","Rosario","Asfalto","No existe","II","S/D","Urbana","Ninguna","S/D","Curva","Bueno","Buena","Amanecer","Buen Tiempo","De alcance","S/D","Colisión","Ninguna","S/D","Ninguna","S/D"
2017,7559,12/4/2017,"Lunes",0,9:20:00,,"0.0",2,"Bicicleta,Moto/Ciclomotor","Bv. Rondeau 3600",3,1,0,0,2,0,0,,"Avenida",,"ROSARIO","Rosario","Asfalto","S/D","II","Dentro","S/D","S/D","S/D","Recta","S/D","Buena","Diurna","S/D","S/D","Ciclista","Atropello","S/D","S/D","S/D","S/D"