"anio_acci","nro_acci","fecha","desc_dia","fecha_aprox","hora_aprox","desc_ruta","km","cant_participantes","desc_participante","calle_avenida_km","total","heridos_leves","heridos_graves","heridos_gravisimos","ilesos","fallecidos","sin_datos","posicion_XY","desc_tipo_via","desc_ruta_ori","desc_loc","desc_dpto","desc_tipo_calzada","desc_tipo_banquina","desc_unidad_regional","desc_lugar_calzada","desc_zona","desc_prioridad","desc_estado_semaforo","desc_lugar_via","desc_estado_via","desc_estado_visibilidad","desc_luminosidad","desc_estado_clima","desc_tipo_colision","desc_tipo_atropello","desc_tipo_hecho","desc_pres_calzada","desc_senializacion","desc_separacion_via","desc_restriccion"
2017,7560,12/2/2017,"Sabado",0,15:35:00,,"0.0",2,"Automóvil,Moto/Ciclomotor","Lima Y E.Zeballos",3,1,0,0,2,0,0,,"Calle",,"ROSARIO","Rosario","Asfalto","No existe","II","S/D","Urbana","Ninguna","No existe","Recta","Bueno","Buena","Diurna","Buen Tiempo","De alcance","S/D","Colisión","Ninguna","S/D","Ninguna","Sin restricción"
2017,7561,12/13/2017,"Miercoles",0,10:15:00,"Ruta Nacional 11","0.0",2,"Pickup/Utilitario,Pickup/Utilitario","RUTA NAC 11 Y COLECTORA CIRCUNVALACION",3,1,0,0,2,0,0,"-32.873047,-60.699036","Ruta",11,"ROSARIO","Rosario","Asfalto","Natural","II","S/D","Urbana","S/D","S/D","Pendiente","S/D","S/D","Diurna","S/D","S/D","S/D","S/D","S/D","S/D","S/D","S/D"
2017,7562,10/21/2017,"Sabado",0,14:10:00,,"0.0",2,"Transporte de Pasajeros Urbano (> 8 asientos),Moto/Ciclomotor","Suipacha Y Lamadrid",3,1,0,0,2,0,0,,"Calle",,"SANTA FE","La Capital","Asfalto","No existe","I","Dentro","Urbana","Ninguna","No existe","Intersección","Resbaladiza","Buena","Diurna","Lluvia","Lateral","S/D","Colisión","Agua","Faltante","Cordón divisorio","Sin restricción"
2017,7563,10/5/2017,"Jueves",0,9:35:00,,"0.0",2,"Peatón,Taxi/Remis","Cordoba Y Alvear",2,1,0,0,1,0,0,,"S/D",,"ROSARIO","Rosario","Asfalto","No existe","II","S/D","Urbana","Semáforo","Funciona","Intersección","S/D","S/D","Diurna","S/D","S/D","Peatón","Atropello","S/D","S/D","Ninguna","S/D"
2017,7564,10/25/2017,"Miercoles",0,14:15:00,,"0.0",2,"Automóvil,Moto/Ciclomotor","Salta Y Italia",3,2,0,0,1,0,0,,"Calle",,"ROSARIO","Rosario","Asfalto","No existe","II","Dentro","Urbana","Señal Pare","No existe","Intersección","Bueno","Buena","Diurna","Buen Tiempo","Lateral","S/D","Colisión","Ninguna","Vertical","Ninguna","Sin restricción"
2017,7565,10/7/2017,"Sabado",0,0:15:00,,"0.0",2,"Peatón,Moto/Ciclomotor","Entre Rios Y San Juan",2,1,0,0,1,0,0,,"S/D",,"ROSARIO","Rosario","Asfalto","S/D","II","S/D","Urbana","S/D","S/D","Intersección","S/D","S/D","S/D","S/D","S/D","Peatón","Atropello","S/D","S/D","S/D","S/D"
2017,7566,10/20/2017,"Viernes",0,11:20:00,,"0.0",2,"Taxi/Remis,Moto/Ciclomotor","Suipacha Y Roque Saenz Peña",3,2,0,0,1,0,0,,"Calle",,"SANTA FE","La Capital","Asfalto","No existe","I","Dentro","Urbana","Ninguna","No existe","Intersección","Bueno","Buena","Diurna","Buen Tiempo","Lateral","S/D","Colisión","Ninguna","Faltante","Cordón divisorio,Vegetación","Sin restricción"
2017,7567,10/9/2017,"Lunes",0,8:55:00,,"0.0",1,"Transporte de Pasajeros Urbano (> 8 asientos)","Av. Corrientes 400",2,1,0,0,1,0,0,,"Calle",,"ROSARIO","Rosario","Asfalto","No existe","II","Dentro","Urbana","Semáforo","No existe","Recta","Bueno","Buena","Diurna","Buen Tiempo","S/D","S/D","Caída ocupante","Ninguna","Horizontal,Vertical","Ninguna","Sin restricción"
2017,7568,10/8/2017,"Domingo",0,6:40:00,,"0.0",2,"Moto/Ciclomotor,Automóvil","L.N.Alem Y 3 De Febrero",2,0,1,0,1,0,0,,"Calle",,"ROSARIO","Rosario","Asfalto","No existe","II","S/D","Urbana","S/D","No existe","Intersección","S/D","S/D","Amanecer","S/D","S/D","S/D","Colisión","S/D","Horizontal","Ninguna","S/D"
2017,7569,10/10/2017,"Martes",0,18:20:00,,"0.0",2,"Automóvil,Moto/Ciclomotor","Lamadrid Y Suipacha",3,2,0,0,1,0,0,,"Calle",,"SANTA FE","La Capital","Asfalto","No existe","I","S/D","Urbana","Ninguna","No existe","Intersección","Bueno","Buena","Diurna","Buen Tiempo","Lateral","S/D","Colisión","Ninguna","Faltante","Cordón divisorio","Sin restricción"
2017,7570,10/12/2017,"Jueves",0,8:30:00,,"0.0",2,"Moto/Ciclomotor,Automóvil","Av. Wheelwright Y Dorrego",2,1,0,0,1,0,0,,"Calle",,"ROSARIO","Rosario","Asfalto","No existe","II","Dentro","Urbana","Semáforo","Funciona","Intersección","Bueno","Buena","Diurna","Buen Tiempo","Lateral","S/D","Colisión","Ninguna","Vertical","Ninguna","Sin restricción"
2017,7571,10/23/2017,"Lunes",0,18:00:00,,"0.0",2,"Bicicleta,Pickup/Utilitario","Baron Hirsch Y San Martin",3,2,0,0,1,0,0,,"Calle",,"MOISÉS VILLE","San Cristóbal","Asfalto","No existe","XIII","Dentro","Urbana","Ninguna","No existe","Intersección","Bueno","Buena","Diurna","Buen Tiempo","Lateral","Ciclista","Atropello","S/D","S/D","Ninguna","Sin restricción"
2017,7572,10/17/2017,"Martes",0,15:50:00,,"0.0",2,"Automóvil,Peatón","9 De Julio Y Paraguay",2,1,0,0,1,0,0,,"Calle",,"ROSARIO","Rosario","Asfalto","No existe","II","S/D","Urbana","S/D","No existe","Intersección","S/D","S/D","Diurna","S/D","S/D","Peatón","Atropello","S/D","Horizontal","Ninguna","S/D"
2017,7573,10/1/2017,"Domingo",0,20:15:00,,"0.0",1,"Moto/Ciclomotor","Lamadrid Y Suipacha",1,1,0,0,0,0,0,,"Calle",,"SANTA FE","La Capital","Asfalto","No existe","I","Dentro","Urbana","Ninguna","No existe","Intersección","Bueno","Buena","Nocturna","Buen Tiempo","S/D","S/D","Despiste","Ninguna","Faltante","Cordón divisorio","Sin restricción"
2017,7574,10/28/2017,"Sabado",0,5:15:00,,"0.0",2,"Moto/Ciclomotor,Automóvil","Tucuman Y Santiago",2,1,0,0,1,0,0,,"Calle",,"ROSARIO","Rosario","Asfalto","No existe","II","Dentro","Urbana","Señal Pare","No existe","Intersección","Bueno","Buena","Diurna","Buen Tiempo","Lateral","S/D","Colisión","Ninguna","Vertical","Ninguna","Sin restricción"
2017,7575,10/15/2017,"Domingo",0,10:40:00,,"0.0",1,"Automóvil","Beruti Y Ituzaingo",3,1,1,0,1,0,0,,"Calle",,"ROSARIO","Rosario","Asfalto","No existe","II","S/D","Urbana","Ninguna","No existe","Intersección","S/D","S/D","Diurna","S/D","Contra objeto fijo","S/D","Colisión","S/D","Faltante","Ninguna","S/D"
2017,7576,10/15/2017,"Domingo",0,7:30:00,"Ruta Provincial 92","0.0",1,"Automóvil"," ",1,1,0,0,0,0,0,,"Ruta",92,"ARTEAGA","Caseros","Asfalto","Natural","IV","Fuera","Rural","Ninguna","No existe","Recta","Bueno","Buena","Diurna","Buen Tiempo","S/D","S/D","Despiste","Ninguna","Faltante","Ninguna","Sin restricción"
2017,7577,10/12/2017,"Jueves",0,10:50:00,,"0.0",2,"Automóvil,Automóvil","Belgrano Y Angel Cassanello",2,1,0,0,0,0,1,,"Calle",,"SANTA FE","La Capital","Asfalto","No existe","I","S/D","Rural","Ninguna","No existe","Intersección","Bueno","Buena","Diurna","Buen Tiempo","Lateral","S/D","Colisión","Ninguna","Horizontal","Ninguna","Sin restricción"
2017,7578,10/12/2017,"Jueves",0,16:45:00,"Ruta Provincial 90","4.0",1,"Automóvil"," ",2,2,0,0,0,0,0,,"Ruta",90,"EMPALME VILLA CONSTITUCIÓN","Constitución","Hormigón","Natural","VI","Fuera","Rural","Ninguna","No existe","Recta","Con baches","Buena","Diurna","Buen Tiempo","S/D","S/D","Vuelco","Ninguna","Horizontal,Vertical","Línea divisoria pintada","Sin restricción"
2017,7579,10/30/2017,"Lunes",0,4:00:00,,"0.0",2,"Automóvil,Transporte de Pasajeros Urbano (> 8 asientos)","Av. Francia Y San Juan",2,1,0,0,1,0,0,,"Avenida",,"ROSARIO","Rosario","Asfalto","No existe","II","S/D","Urbana","Semáforo","Funciona","Intersección","Bueno","Buena","Nocturna","Buen Tiempo","De alcance","S/D","Colisión","S/D","Horizontal,Vertical","Ninguna","Sin restricción"
2017,7580,10/15/2017,"Domingo",0,11:10:00,,"0.0",2,"Moto/Ciclomotor,Pickup/Utilitario","Teodoro Hertzl 400",2,1,0,0,1,0,0,,"Calle",,"MOISÉS VILLE","San Cristóbal","Asfalto","S/D","XIII","Dentro","Urbana","Ninguna","No existe","Recta","Bueno","Buena","Diurna","Buen Tiempo","Lateral","S/D","Colisión","Ninguna","Faltante","Ninguna","Sin restricción"
2017,7581,10/30/2017,"Lunes",0,4:55:00,,"0.0",2,"Automóvil,Peatón","Av Rosario Y Bv Velez Sarsfield",2,1,0,0,1,0,0,,"Avenida",,"EMPALME VILLA CONSTITUCIÓN","Constitución","Asfalto","Natural","VI","Dentro","Urbana","Ninguna","Funciona","Curva","Bueno","Buena","Nocturna","Buen Tiempo","S/D","Peatón","Atropello","Ninguna","Horizontal,Vertical","Línea divisoria pintada","Sin restricción"
2017,7582,10/17/2017,"Martes",0,11:50:00,,"0.0",2,"Bicicleta,Automóvil","Av. Pellegrini Y San Nicolas",2,1,0,0,1,0,0,,"Calle",,"ROSARIO","Rosario","Asfalto","No existe","II","Fuera","Urbana","Semáforo","Funciona","Intersección","Bueno","Buena","Diurna","Buen Tiempo","S/D","Ciclista","Atropello","Ninguna","Horizontal,Vertical","Cordón divisorio,Vegetación","Sin restricción"
2017,7583,10/16/2017,"Lunes",0,18:40:00,,"0.0",2,"Automóvil,Moto/Ciclomotor","Sarmiento Y Rivadavia",4,4,0,0,0,0,0,,"Calle",,"LAGUNA PAIVA","La Capital","Asfalto","No existe","I","Dentro","Urbana","Ninguna","No existe","Intersección","Bueno","Buena","Diurna","Buen Tiempo","Lateral","S/D","Colisión","Ninguna","Faltante","Ninguna","Sin restricción"
2017,7584,10/26/2017,"Jueves",0,7:40:00,,"0.0",2,"Automóvil,Automóvil","9 De Julio Y Pueyrredon",2,1,0,0,1,0,0,,"Calle",,"ROSARIO","Rosario","Asfalto","No existe","II","S/D","Urbana","Ninguna","No existe","Recta","Bueno","Buena","Diurna","Buen Tiempo","De alcance","S/D","Colisión","Ninguna","Faltante","Ninguna","Sin restricción"
2017,7585,10/26/2017,"Jueves",0,9:15:00,,"0.0",2,"Automóvil,Moto/Ciclomotor","Chubut Y Juan Jose de Urquiza",3,2,0,0,1,0,0,,"Calle",,"VILLA CONSTITUCIÓN","Constitución","Asfalto","No existe","VI","Dentro","Urbana","Ninguna","No existe","Intersección","Bueno","Buena","Diurna","Buen Tiempo","Frontal","S/D","Colisión","Ninguna","Faltante","Ninguna","Sin restricción"
2017,7586,10/21/2017,"Sabado",0,6:55:00,,"0.0",2,"Pickup/Utilitario,Moto/Ciclomotor","Lisandro de la Torre Y Corrientes",3,1,1,0,1,0,0,,"Calle",,"SANTA FE","La Capital","Asfalto","No existe","I","Dentro","Urbana","Ninguna","No existe","Intersección","Bueno","Buena","Diurna","Buen Tiempo","Lateral","S/D","Colisión","Ninguna","Faltante","Ninguna","Sin restricción"
2017,7587,10/15/2017,"Domingo",0,19:25:00,"Ruta Secundaria 69-s","0.0",1,"Moto/Ciclomotor"," ",2,2,0,0,0,0,0,,"Ruta","69-s","PALACIOS","San Cristóbal","Ripio","No existe","XIII","Dentro","Rural","Ninguna","No existe","Recta","Otro","Buena","Atardecer","Buen Tiempo","S/D","S/D","Caída ocupante","Material Suelto","Faltante","Ninguna","Sin restricción"
2017,7588,10/25/2017,"Miercoles",0,20:10:00,,"0.0",2,"Bicicleta,Automóvil","Suipacha Y Rioja",2,1,0,0,0,0,1,,"Calle",,"ROSARIO","Rosario","Asfalto","No existe","II","S/D","Urbana","Ninguna","No existe","Intersección","Bueno","S/D","Nocturna","Buen Tiempo","S/D","Ciclista","Atropello","Ninguna","Faltante","Ninguna","Sin restricción"
2017,7589,10/3/2017,"Martes",0,21:50:00,,"0.0",2,"Moto/Ciclomotor,Moto/Ciclomotor","Pbro D Segundo Y Chubut",3,2,0,0,1,0,0,,"Calle",,"VILLA CONSTITUCIÓN","Constitución","Asfalto","No existe","VI","Dentro","Urbana","Ninguna","No existe","Intersección","Bueno","Buena","Nocturna","S/D","Frontal","S/D","Colisión","S/D","Faltante","Ninguna","S/D"
2017,7590,10/7/2017,"Sabado",0,0:00:00,"Ruta Provincial 1","999.9",2,"Automóvil,Moto/Ciclomotor"," ",2,0,1,0,1,0,0,,"Ruta",1,"COLASTINE","La Capital","Asfalto","Natural","I","Dentro","Urbana","Semáforo","Intermitente","Recta","Bueno","Buena","Nocturna","Buen Tiempo","Lateral","S/D","Colisión","Ninguna","Horizontal,Vertical","Línea divisoria pintada","Sin restricción"
2017,7591,10/16/2017,"Lunes",0,20:10:00,,"0.0",2,"Bicicleta,Automóvil","Guillermo Brown Y Neuquen",2,1,0,0,1,0,0,,"Calle",,"VILLA CONSTITUCIÓN","Constitución","Asfalto","No existe","VI","Dentro","Urbana","Ninguna","No existe","Intersección","Bueno","Buena","Nocturna","Buen Tiempo","S/D","Ciclista","Atropello","Ninguna","Faltante","Ninguna","Sin restricción"
2017,7592,10/23/2017,"Lunes",0,5:25:00,,"0.0",2,"Automóvil,Moto/Ciclomotor","Montevideo Y Av. Ovidio Lagos",2,1,0,0,1,0,0,,"Calle",,"ROSARIO","Rosario","Asfalto","No existe","II","S/D","Urbana","Ninguna","Funciona","Intersección","Bueno","Buena","Nocturna","Buen Tiempo","De alcance","S/D","Colisión","Ninguna","Horizontal,Vertical","Ninguna","Sin restricción"
2017,7593,10/16/2017,"Lunes",0,1:00:00,"Ruta Provincial 1","999.9",2,"Pickup/Utilitario,Automóvil"," ",2,1,0,0,1,0,0,,"Ruta",1,"COLASTINE","La Capital","Asfalto","Natural","I","Dentro","Urbana","Semáforo","Funciona","Recta","Bueno","Buena","Nocturna","Buen Tiempo","Lateral","S/D","Colisión","Ninguna","Vertical","Línea divisoria pintada","Sin restricción"
2017,7594,10/21/2017,"Sabado",0,18:30:00,,"0.0",2,"Moto/Ciclomotor,Automóvil","Moreno Y Jose Ingenieros",2,1,0,0,1,0,0,,"Calle",,"VILLA CONSTITUCIÓN","Constitución","Asfalto","No existe","VI","Dentro","Urbana","Ninguna","No existe","Intersección","Bueno","Buena","Diurna","Buen Tiempo","De alcance","S/D","Colisión","Ninguna","Faltante","Ninguna","Sin restricción"
2017,7595,10/29/2017,"Domingo",0,6:20:00,"Ruta Provincial 4","0.0",1,"Automóvil"," ",1,0,1,0,0,0,0,,"Ruta",4,"SAN CRISTÓBAL","San Cristóbal","Asfalto","Natural","XIII","Fuera","Rural","S/D","No existe","Puente","Bueno","Buena","Amanecer","Buen Tiempo","S/D","S/D","Vuelco","S/D","S/D","Barrera de alto impacto","Sin restricción"
2017,7596,10/11/2017,"Miercoles",0,7:30:00,,"0.0",2,"Automóvil,Taxi/Remis","San Luis Y Crespo",2,1,0,0,1,0,0,,"Calle",,"ROSARIO","Rosario","Asfalto","No existe","II","S/D","Urbana","Ninguna","No existe","Recta","Bueno","Buena","Diurna","Buen Tiempo","De alcance","S/D","Colisión","Ninguna","Faltante","Ninguna","Sin restricción"
2017,7597,10/16/2017,"Lunes",0,19:45:00,"Ruta Provincial 1","2.0",2,"Automóvil,Moto/Ciclomotor"," ",2,1,0,0,1,0,0,,"Ruta",1,"COLASTINE","La Capital","Asfalto","Natural","I","Dentro","Urbana","Ninguna","No existe","Recta","Bueno","S/D","Nocturna","Buen Tiempo","Lateral","S/D","Colisión","Ninguna","Horizontal","Línea divisoria pintada","Sin restricción"
2017,7598,10/9/2017,"Lunes",0,,"Ruta Nacional 34","216.0",2,"Automóvil,Automóvil"," ",3,1,0,0,2,0,0,,"Ruta",34,"RAFAELA","Castellanos","Asfalto","Natural","V","S/D","S/D","S/D","S/D","Recta","Bueno","Reducida","Nocturna","Buen Tiempo","De alcance","S/D","Colisión","S/D","S/D","S/D","Sin restricción"
2017,7599,10/25/2017,"Miercoles",0,3:10:00,"Ruta Provincial 1","17.0",1,"Automóvil"," ",1,1,0,0,0,0,0,,"Ruta",1,"ARROYO LEYES","La Capital","Asfalto","Natural","I","Fuera","Rural","Marca Vial","No existe","Recta","Bueno","Buena","Nocturna","Buen Tiempo","S/D","S/D","Vuelco,Despiste","Ninguna","Horizontal","Línea divisoria pintada","Sin restricción"
2017,7600,10/11/2017,"Miercoles",0,10:20:00,,"0.0",2,"Moto/Ciclomotor,Pickup/Utilitario","LISANDRO DE LA TORRE  Y PUEYRREDÓN",2,1,0,0,1,0,0,,"Calle",,"SAN CRISTÓBAL","San Cristóbal","Asfalto","No existe","XIII","Dentro","Urbana","Otra Señal","No existe","Intersección","Bueno","Buena","Diurna","Buen Tiempo","Lateral","S/D","Colisión","Ninguna","Vertical","Ninguna","Sin restricción"
2017,7601,10/19/2017,"Jueves",0,14:25:00,,"0.0",2,"Automóvil,Moto/Ciclomotor","San Luis Y Av. Ovidio Lagos",2,1,0,0,1,0,0,,"Calle",,"ROSARIO","Rosario","Asfalto","No existe","II","S/D","Urbana","Semáforo","Funciona","Recta","Bueno","Buena","Diurna","Buen Tiempo","De alcance","S/D","Colisión","Ninguna","Horizontal,Vertical","Ninguna","Sin restricción"
2017,7602,10/2/2017,"Lunes",0,16:30:00,,"0.0",2,"Moto/Ciclomotor,Automóvil","Capitan Martin Anton Y Jose de San Martin",3,1,0,0,2,0,0,,"Calle",,"SAN JOSÉ DEL RINCÓN","La Capital","Asfalto","No existe","I","S/D","Urbana","Ninguna","No existe","Intersección","Bueno","Buena","Diurna","Buen Tiempo","Lateral","S/D","Colisión","Ninguna","Faltante","Ninguna","Sin restricción"
2017,7603,10/29/2017,"Domingo",0,12:00:00,,"0.0",2,"Automóvil,Moto/Ciclomotor","25 de Mayo Y Mariano Moreno",3,1,0,0,2,0,0,,"Calle",,"RAFAELA","Castellanos","Hormigón","No existe","V","S/D","Urbana","Ninguna","No existe","Intersección","Resbaladiza","Reducida","Diurna","Lluvia","Lateral","S/D","Colisión","Agua","Faltante","Cordón divisorio","Accidente Previo"
2017,7604,10/20/2017,"Viernes",0,12:30:00,,"0.0",2,"Peatón,Moto/Ciclomotor","Av. Francia Y Cordoba",2,1,0,0,1,0,0,,"Calle",,"ROSARIO","Rosario","Asfalto","No existe","II","S/D","Urbana","Ninguna","Funciona","Intersección","Bueno","S/D","Diurna","Buen Tiempo","De alcance","S/D","Colisión","Ninguna","Horizontal,Vertical","Cordón divisorio","Sin restricción"
2017,7605,10/15/2017,"Domingo",0,1:20:00,,"0.0",2,"Moto/Ciclomotor,Moto/Ciclomotor","Laprida 700",3,3,0,0,0,0,0,,"Calle",,"SAN CRISTÓBAL","San Cristóbal","Ripio","No existe","XIII","Fuera","Urbana","Ninguna","No existe","Recta","Bueno","Reducida","Nocturna","Buen Tiempo","Frontal","S/D","Colisión","Ninguna","Faltante","Ninguna","Sin restricción"
2017,7606,10/17/2017,"Martes",0,19:25:00,,"0.0",2,"Moto/Ciclomotor,Moto/Ciclomotor","Lima 1410",2,1,0,0,1,0,0,,"Calle",,"ROSARIO","Rosario","Asfalto","No existe","II","Dentro","Urbana","Ninguna","No existe","Recta","Bueno","Buena","Nocturna","Buen Tiempo","Otro","S/D","Colisión","Ninguna","Faltante","Ninguna","Sin restricción"
2017,7607,10/6/2017,"Viernes",0,5:30:00,"Autopista Provincial Brigadier E.López","140.0",1,"Pickup/Utilitario"," ",3,1,0,0,2,0,0,,"Autopista","Brigadier E.López","SAUCE VIEJO","La Capital","Asfalto","Natural","I","S/D","Rural","S/D","No existe","Recta","Bueno","Buena","Amanecer","Buen Tiempo","Contra objeto fijo","S/D","Colisión","Ninguna","S/D","Vegetación","S/D"
2017,7608,10/25/2017,"Miercoles",0,22:30:00,"Ruta Provincial 13","0.0",1,"Moto/Ciclomotor"," ",2,2,0,0,0,0,0,,"Ruta",13,"ATALIVA","Castellanos","Asfalto","Natural","V","Dentro","Rural","Ninguna","No existe","Recta","Con baches,Deteriorada","Buena","Nocturna","Buen Tiempo","S/D","S/D","Caída ocupante","Ninguna","Faltante","Ninguna","Sin restricción"
2017,7609,10/9/2017,"Lunes",0,13:00:00,,"0.0",2,"Moto/Ciclomotor,Automóvil","Lavalle Y 3 De Febrero",2,1,0,0,1,0,0,,"Calle",,"ROSARIO","Rosario","Asfalto","No existe","II","Dentro","Urbana","Ninguna","No existe","Intersección","Bueno","Buena","Diurna","Buen Tiempo","De alcance","S/D","Colisión","Ninguna","Faltante","Ninguna","Sin restricción"
2017,7610,10/16/2017,"Lunes",0,11:40:00,,"0.0",2,"Moto/Ciclomotor,Automóvil","Bartolome Mitre Y Clemente Zavaleta",3,0,2,0,1,0,0,,"Calle",,"SUARDI","San Cristóbal","Hormigón","No existe","XIII","Dentro","Urbana","Ninguna","No existe","Intersección","Bueno","Buena","Diurna","Buen Tiempo","Frontal","S/D","Colisión","Ninguna","Vertical","Ninguna","Sin restricción"
2017,7611,10/28/2017,"Sabado",0,8:15:00,"Ruta Nacional 11","0.0",2,"Automóvil,Moto/Ciclomotor","Avenida Nuestra Señora del Luj Y Martin Zavalla",2,1,0,0,0,0,1,,"Ruta",11,"SANTO TOMÉ","La Capital","Asfalto","No existe","I","Dentro","Urbana","Ninguna","No existe","Recta","Bueno","Buena","Diurna","Buen Tiempo","Lateral","S/D","Colisión","Ninguna","Faltante","Ninguna","Sin restricción"
2017,7612,10/2/2017,"Lunes",0,18:00:00,,"0.0",2,"Moto/Ciclomotor,Pickup/Utilitario","Bv H Irigoyen Y Chacabuco",2,1,0,0,1,0,0,,"Calle",,"RAFAELA","Castellanos","S/D","No existe","V","S/D","Urbana","Ninguna","No existe","Intersección","Bueno","Buena","Diurna","Buen Tiempo","Lateral","S/D","Colisión","S/D","Faltante","S/D","Sin restricción"
2017,7613,10/5/2017,"Jueves",0,20:00:00,,"0.0",2,"Moto/Ciclomotor,Automóvil","Castellanos Y 3 De Febrero",2,1,0,0,1,0,0,,"Calle",,"ROSARIO","Rosario","Asfalto","No existe","II","Dentro","Urbana","Ninguna","No existe","Intersección","Bueno","Buena","Nocturna","Buen Tiempo","De alcance","S/D","Colisión","Ninguna","Faltante","Ninguna","Sin restricción"
2017,7614,10/12/2017,"Jueves",0,21:20:00,,"0.0",2,"Automóvil,Moto/Ciclomotor","12 de septiembre Y 3 de febrero",2,1,0,0,0,0,1,,"Calle",,"SANTO TOMÉ","La Capital","Asfalto,Tierra","No existe","I","Dentro","Urbana","Ninguna","No existe","Intersección","Bueno","Buena","Nocturna","Lluvia","Lateral","S/D","Colisión","Agua","Faltante","Ninguna","Sin restricción"
2017,7615,10/4/2017,"Miercoles",0,18:15:00,,"0.0",2,"Moto/Ciclomotor,Automóvil","Av Italia Y Domingo Silva",2,0,1,0,1,0,0,,"Avenida",,"RAFAELA","Castellanos","Asfalto","No existe","V","Dentro","Urbana","Ninguna","No existe","Recta","Bueno","Buena","Diurna","Buen Tiempo","S/D","S/D","Colisión","Ninguna","Faltante","Ninguna","Sin restricción"
2017,7616,10/12/2017,"Jueves",0,18:30:00,,"0.0",2,"Moto/Ciclomotor,Automóvil","E.Zeballos Y Santiago",3,2,0,0,1,0,0,,"Calle",,"ROSARIO","Rosario","Asfalto","No existe","II","Dentro","Urbana","Ninguna","No existe","Intersección","Bueno","Buena","Diurna","Buen Tiempo","De alcance","S/D","Colisión","Ninguna","Faltante","Ninguna","Sin restricción"
2017,7617,10/14/2017,"Sabado",0,10:20:00,"Ruta Nacional 34","386.0",2,"Pickup/Utilitario,Camión c / Semirremolque"," ",3,1,0,0,2,0,0,,"Ruta",34,"CERES","San Cristóbal","Asfalto","Ripio","XIII","S/D","S/D","Ninguna","No existe","Intersección","Bueno","Buena","Diurna","Buen Tiempo","Lateral","S/D","Colisión","Ninguna","Vertical","Línea divisoria pintada","Sin restricción"
2017,7618,10/6/2017,"Viernes",0,8:30:00,,"0.0",2,"Moto/Ciclomotor,Automóvil","Lamadrid Y P Pfeiffer",2,1,0,0,1,0,0,,"Calle",,"RAFAELA","Castellanos","Asfalto","No existe","V","Dentro","Urbana","Ninguna","No existe","Intersección","Bueno","Buena","Diurna","Buen Tiempo","S/D","S/D","Colisión","S/D","Faltante","Ninguna","Sin restricción"
2017,7619,10/12/2017,"Jueves",0,16:00:00,,"0.0",2,"Automóvil,Moto/Ciclomotor","3 De Febrero Y Santiago",3,1,0,0,2,0,0,,"Calle",,"ROSARIO","Rosario","Asfalto","No existe","II","Dentro","Urbana","Ninguna","No existe","Intersección","Bueno","Buena","Diurna","Buen Tiempo","De alcance","S/D","Colisión","Ninguna","Faltante","Ninguna","Sin restricción"
2017,7620,10/22/2017,"Domingo",0,,,"0.0",2,"Automóvil,Moto/Ciclomotor","MONASTERIO Y ALBERDI",2,2,0,0,0,0,0,,"Calle",,"SANTA FE","La Capital","Tierra","No existe","I","S/D","Urbana","Ninguna","No existe","Intersección","Con baches","Reducida","Nocturna","Buen Tiempo","Frontal","S/D","Colisión","Material Suelto","Faltante","Ninguna","Sin restricción"
2017,7621,10/22/2017,"Domingo",0,21:15:00,,"0.0",2,"Automóvil,Moto/Ciclomotor","Martin Zavalla Y 13 de diciembre",2,2,0,0,0,0,0,,"Calle",,"SANTO TOMÉ","La Capital","Asfalto,Tierra","No existe","I","Dentro","Urbana","Ninguna","No existe","Intersección","Bueno,Otro","Reducida","Diurna","Buen Tiempo","Frontal","S/D","Colisión","Material Suelto","Faltante","Ninguna","Sin restricción"
2017,7622,10/19/2017,"Jueves",0,,"Ruta Nacional 11","0.0",2,"Otros,Otros","Avenida Nuestra Señora del Luj Y Martin Zavalla",2,2,0,0,0,0,0,,"Ruta",11,"SANTO TOMÉ","La Capital","Asfalto,Ripio","No existe","I","S/D","Urbana","Otra Señal","Funciona","Intersección","Con baches","Buena","Amanecer","Buen Tiempo","De alcance","S/D","Colisión","Ninguna","Vertical","Línea divisoria pintada","Sin restricción"
2017,7623,10/10/2017,"Martes",0,17:55:00,,"0.0",2,"Moto/Ciclomotor,Automóvil","Clemente Zavaleta Y Estanislao Lopez",3,0,1,0,2,0,0,,"Calle",,"SUARDI","San Cristóbal","Hormigón","No existe","XIII","Dentro","Urbana","Ninguna","No existe","Intersección","Bueno","Buena","Diurna","Buen Tiempo","Lateral","S/D","Colisión","Ninguna","Vertical","Ninguna","Sin restricción"