"anio_acci","nro_acci","fecha","desc_dia","fecha_aprox","hora_aprox","desc_ruta","km","cant_participantes","desc_participante","calle_avenida_km","total","heridos_leves","heridos_graves","heridos_gravisimos","ilesos","fallecidos","sin_datos","posicion_XY","desc_tipo_via","desc_ruta_ori","desc_loc","desc_dpto","desc_tipo_calzada","desc_tipo_banquina","desc_unidad_regional","desc_lugar_calzada","desc_zona","desc_prioridad","desc_estado_semaforo","desc_lugar_via","desc_estado_via","desc_estado_visibilidad","desc_luminosidad","desc_estado_clima","desc_tipo_colision","desc_tipo_atropello","desc_tipo_hecho","desc_pres_calzada","desc_senializacion","desc_separacion_via","desc_restriccion"
2017,7624,10/17/2017,"Martes",0,6:50:00,"Ruta Nacional 11","0.0",1,"Moto/Ciclomotor","Pasaje España Y Ruta 11 Avenida Richieri",1,1,0,0,0,0,0,,"Ruta",11,"SANTO TOMÉ","La Capital","Asfalto","Ripio","I","S/D","Urbana","Semáforo","Funciona","Recta","S/D","Reducida","Amanecer","Lluvia","S/D","S/D","Caída ocupante","Material Suelto","Horizontal,Vertical","Ninguna","Accidente Previo"
2017,7625,10/3/2017,"Martes",0,17:00:00,,"0.0",2,"Pickup/Utilitario,Moto/Ciclomotor","CATAMARCA Y LISANDRO DE LA TORRE",2,1,0,0,1,0,0,,"Calle",,"SAN VICENTE.","Castellanos","Hormigón","No existe","V","Dentro","Urbana","Ninguna","No existe","Intersección","Bueno","Buena","Atardecer","Buen Tiempo","Lateral","S/D","Colisión","Ninguna","Faltante","Ninguna","Sin restricción"
2017,7626,10/7/2017,"Sabado",0,13:30:00,"Ruta Nacional 11","0.0",1,"Otros","Ruta 11 Avenida Richieri ",1,1,0,0,0,0,0,,"Ruta",11,"SANTO TOMÉ","La Capital","Asfalto","Natural","I","S/D","Urbana","Otra Señal","No existe","Curva","Bueno","Buena","Diurna","Buen Tiempo","De alcance","S/D","Colisión","Material Suelto","Horizontal","Ninguna","Accidente Previo"
2017,7627,10/9/2017,"Lunes",0,7:40:00,,"0.0",1,"Moto/Ciclomotor","CAMINO RURAL ",1,0,1,0,0,0,0,,"Camino Rural",,"VILLA TRINIDAD","San Cristóbal","Ripio","Natural","XIII","Dentro","Rural","Ninguna","No existe","Recta","Otro","Buena","Diurna","Buen Tiempo","S/D","S/D","Caída ocupante","Ninguna","Faltante","Ninguna","Sin restricción"
2017,7628,10/13/2017,"Viernes",0,18:30:00,,"0.0",2,"Pickup/Utilitario,Moto/Ciclomotor","Avenida Sargento Cabral Y Avenida Mitre",2,1,0,0,1,0,0,,"Avenida",,"CERES","San Cristóbal","Hormigón","No existe","XIII","Dentro","Urbana","Otra Señal","No existe","Recta","Bueno","Buena","Atardecer","Buen Tiempo","Frontal","S/D","Colisión","Ninguna","Vertical","Vegetación","Sin restricción"
2017,7629,10/8/2017,"Domingo",0,21:00:00,,"0.0",2,"Moto/Ciclomotor,Moto/Ciclomotor","B Mitre Y Rivadavia",3,2,1,0,0,0,0,,"Calle",,"HERSILIA","San Cristóbal","Hormigón","No existe","XIII","Dentro","Urbana","Ninguna","No existe","Intersección","Bueno","Buena","Nocturna,Con luz artificial","Buen Tiempo","Lateral","S/D","Colisión","Ninguna","Vertical","Ninguna","Sin restricción"
2017,7630,10/28/2017,"Sabado",0,21:00:00,,"0.0",1,"Moto/Ciclomotor","Centenario Y Roverano",2,1,0,0,1,0,0,,"Calle",,"SANTO TOMÉ","La Capital","Tierra","No existe","I","S/D","Urbana","Ninguna","No existe","Recta","Resbaladiza","Buena","Nocturna","Buen Tiempo","S/D","S/D","Despiste","Agua","Faltante","Ninguna","S/D"
2017,7631,10/18/2017,"Miercoles",0,0:50:00,"Ruta Nacional 178","0.0",1,"Moto/Ciclomotor"," ",1,1,0,0,0,0,0,,"Ruta",178,"CHABAS","Caseros","Asfalto","Natural","I","Dentro","Rural","Ninguna","No existe","Recta","Bueno","Buena","Nocturna","Buen Tiempo","S/D","S/D","Caída ocupante","Ninguna","S/D","Ninguna","Sin restricción"
2017,7632,10/15/2017,"Domingo",0,6:10:00,,"0.0",2,"Automóvil,Moto/Ciclomotor","Sarmiento Y Rosario",3,1,0,0,2,0,0,,"Calle",,"CHABAS","Caseros","Asfalto","No existe","IV","Dentro","Urbana","Otra Señal","No existe","Intersección","Bueno","Buena","Diurna","Buen Tiempo","S/D","S/D","Colisión","Ninguna","Vertical","Ninguna","Sin restricción"
2017,7633,10/8/2017,"Domingo",0,19:00:00,"Ruta Nacional 34","397.0",2,"Transporte de Pasajeros Larga Distancia (Doble Piso),Moto/Ciclomotor"," ",3,2,0,0,1,0,0,,"Ruta",34,"CERES","San Cristóbal","Asfalto","S/D","XIII","Dentro","Rural","Ninguna","No existe","Recta","Bueno","Buena","Atardecer","Buen Tiempo","Lateral","S/D","Colisión","Ninguna","Horizontal","Línea divisoria pintada","Sin restricción"
2017,7634,10/12/2017,"Jueves",0,14:44:00,,"0.0",1,"Moto/Ciclomotor","Juan Jose Castelli 4555",2,1,0,0,1,0,0,,"Calle",,"SANTO TOMÉ","La Capital","Tierra","No existe","I","Dentro","Urbana","Ninguna","No existe","Recta","Ahuellamiento","Buena","Diurna","Buen Tiempo","S/D","S/D","Caída ocupante","Material Suelto","Faltante","Ninguna","Sin restricción"
2017,7635,10/13/2017,"Viernes",0,20:20:00,,"0.0",2,"Automóvil,Moto/Ciclomotor","Av Milano Y Juan de Garay",3,2,0,0,1,0,0,,"Avenida",,"CERES","San Cristóbal","Asfalto","No existe","XIII","Dentro","Urbana","Ninguna","No existe","Intersección","Bueno","Buena","Nocturna,Con luz artificial","Buen Tiempo","Lateral","S/D","Colisión","Material Suelto","S/D","S/D","Sin restricción"
2017,7636,10/1/2017,"Domingo",0,22:15:00,,"0.0",2,"Moto/Ciclomotor,Automóvil","Pres Domingo Faustino Sarmient Y Grl Enrique Mosconi",3,2,0,0,1,0,0,,"Calle",,"SANTO TOMÉ","La Capital","Asfalto","No existe","I","Dentro","Urbana","Ninguna","No existe","Intersección","Bueno","Buena","Nocturna","Buen Tiempo","Lateral","S/D","Colisión","Ninguna","Faltante","Ninguna","Sin restricción"
2017,7637,10/18/2017,"Miercoles",0,9:00:00,,"0.0",2,"Automóvil,Automóvil","Av Angela de las Casa 1400",2,1,0,0,1,0,0,,"Avenida",,"RAFAELA","Castellanos","Asfalto","No existe","V","Dentro","Urbana","Policía de tránsito","Funciona","Recta","Resbaladiza","S/D","Diurna","Lluvia","S/D","S/D","Colisión","Agua","Horizontal","Cordón divisorio","Accidente Previo"
2017,7638,10/5/2017,"Jueves",0,20:20:00,"Ruta Provincial 13","0.0",2,"Moto/Ciclomotor,Moto/Ciclomotor"," ",2,1,1,0,0,0,0,,"Ruta",13,"CAPIVARA","San Cristóbal","Asfalto","Natural","XIII","S/D","Rural","Otra Señal","No existe","Recta","Bueno","Buena","Nocturna","Buen Tiempo","De alcance","S/D","Colisión","Ninguna","S/D","Línea divisoria pintada","Sin restricción"
2017,7639,10/14/2017,"Sabado",0,18:15:00,"Autopista Provincial Brigadier E.López","0.0",2,"Moto/Ciclomotor,Automóvil","Rosario Y Autopista Santa Fe_Rosario",2,1,0,0,1,0,0,,"Autopista","Brigadier E.López","SANTO TOMÉ","La Capital","Asfalto","Natural","I","S/D","Rural","Ninguna","No existe","Recta","Bueno","Buena","Atardecer","Buen Tiempo","Frontal","S/D","Colisión","Ninguna","Faltante","Guardarrail","Sin restricción"
2017,7640,10/24/2017,"Martes",0,15:15:00,,"0.0",2,"Automóvil,Moto/Ciclomotor","Alsina Y E.Zeballos",2,1,0,0,1,0,0,,"Calle",,"ROSARIO","Rosario","Asfalto","No existe","II","Dentro","Urbana","Ninguna","No existe","Intersección","Bueno","Buena","Diurna","Buen Tiempo","De alcance","S/D","Colisión","Ninguna","Faltante","Ninguna","Sin restricción"
2017,7641,10/5/2017,"Jueves",0,21:00:00,,"0.0",1,"Automóvil","CAMINO COMUNAL ",1,1,0,0,0,0,0,,"Camino Rural",,"MONTE OSCURIDAD","San Cristóbal","Tierra","Natural","XIII","S/D","Rural","Ninguna","S/D","Recta","S/D","Buena","Nocturna","Buen Tiempo","S/D","S/D","Despiste","S/D","S/D","S/D","S/D"
2017,7642,10/15/2017,"Domingo",0,19:55:00,,"0.0",2,"Automóvil,Moto/Ciclomotor","Corrientes Y Tucuman",2,1,0,0,1,0,0,,"Calle",,"SANTO TOMÉ","La Capital","Ripio","No existe","I","S/D","Urbana","Ninguna","No existe","Intersección","Bueno","Buena","Atardecer","Buen Tiempo","Frontal","S/D","Colisión","Ninguna","Faltante","Ninguna","Sin restricción"
2017,7643,10/4/2017,"Miercoles",0,19:30:00,,"0.0",1,"Moto/Ciclomotor","Avenida Italia 650",1,1,0,0,0,0,0,,"Avenida",,"CERES","San Cristóbal","Ripio","No existe","XIII","Dentro","Urbana","S/D","No existe","Recta","Bueno","Buena","Atardecer","Buen Tiempo","S/D","S/D","Caída ocupante","S/D","S/D","Vegetación","Sin restricción"
2017,7644,10/24/2017,"Martes",0,16:30:00,,"0.0",2,"Automóvil,Moto/Ciclomotor","Gutenberg Y Pje. Angeloni",2,0,1,0,1,0,0,,"Calle",,"ROSARIO","Rosario","Asfalto","No existe","II","Dentro","Urbana","Ninguna","No existe","Intersección","Bueno","Buena","Diurna","Buen Tiempo","De alcance","S/D","Colisión","Ninguna","Faltante","Ninguna","Sin restricción"
2017,7646,10/30/2017,"Lunes",0,23:50:00,,"0.0",2,"Moto/Ciclomotor,Automóvil","Maipu Y Hipolito Yrigoyen",5,2,0,0,3,0,0,,"Calle",,"CASILDA","Caseros","Asfalto","No existe","IV","S/D","Urbana","Ninguna","No existe","Intersección","Bueno","Buena","Nocturna","Buen Tiempo","Lateral","S/D","Colisión","Ninguna","Vertical","Cordón divisorio","Sin restricción"
2017,7647,10/19/2017,"Jueves",0,9:30:00,"Autopista Provincial Brigadier E.López","0.0",2,"Automóvil,Moto/Ciclomotor","Autopista Santa Fe_Rosario ",2,1,0,0,1,0,0,,"Autopista","Brigadier E.López","SANTO TOMÉ","La Capital","Asfalto","Natural","I","S/D","Rural","Ninguna","No existe","Recta","Bueno","Buena","Diurna","Buen Tiempo","Frontal","S/D","Colisión","S/D","Faltante","Ninguna","Sin restricción"
2017,7648,10/6/2017,"Viernes",0,18:00:00,,"0.0",2,"Moto/Ciclomotor,Taxi/Remis","Bv. Avellaneda Y Montevideo",2,1,0,0,1,0,0,,"Calle",,"ROSARIO","Rosario","Asfalto","No existe","II","Dentro","Urbana","Semáforo","Funciona","Intersección","Bueno","Buena","Diurna","S/D","Lateral","S/D","Colisión","Ninguna","Horizontal,Vertical","Cordón divisorio,Línea divisoria pintada","Sin restricción"
2017,7649,10/21/2017,"Sabado",0,12:30:00,,"0.0",2,"Moto/Ciclomotor,Automóvil","Santa Fe ",2,1,0,0,1,0,0,,"Calle",,"SANTO TOMÉ","La Capital","Asfalto","No existe","I","Dentro","Urbana","S/D","No existe","Intersección","Bueno","Buena","Diurna","S/D","S/D","S/D","Colisión","Ninguna","Faltante","Ninguna","S/D"
2017,7650,10/13/2017,"Viernes",0,10:30:00,,"0.0",2,"Pickup/Utilitario,Moto/Ciclomotor","Pueyrredon Y Ituzaingo",2,1,0,0,1,0,0,,"Calle",,"SAN CRISTÓBAL","San Cristóbal","Asfalto","No existe","XIII","Dentro","Urbana","Ninguna","No existe","Intersección","Bueno","Buena","Diurna","Lluvia","Lateral","S/D","Colisión","Agua","Faltante","Ninguna","Sin restricción"
2017,7651,10/30/2017,"Lunes",0,16:45:00,,"0.0",2,"Moto/Ciclomotor,Pickup/Utilitario","Boulevard Lisandro de la Torre Y Boulevard Ovidio Lagos",3,2,0,0,1,0,0,,"Calle",,"CASILDA","Caseros","Asfalto","No existe","IV","S/D","Urbana","Ninguna","No existe","Intersección","Bueno","Buena","Diurna","Buen Tiempo","Lateral","S/D","Colisión","Ninguna","Vertical","Cordón divisorio","Sin restricción"
2017,7652,10/28/2017,"Sabado",0,14:40:00,,"0.0",2,"Moto/Ciclomotor,Automóvil","Martin de Pueyrredon Y Cibils Jose",2,1,0,0,1,0,0,,"Calle",,"SANTO TOMÉ","La Capital","Tierra","No existe","I","S/D","Urbana","Ninguna","No existe","Intersección","Bueno","Buena","Diurna","Buen Tiempo","Frontal","S/D","Colisión","Ninguna","Faltante","Ninguna","Sin restricción"
2017,7653,10/10/2017,"Martes",0,12:50:00,,"0.0",2,"Moto/Ciclomotor,Automóvil","Mendoza Y Castellanos",3,1,0,0,2,0,0,,"Calle",,"ROSARIO","Rosario","Asfalto","No existe","II","Dentro","Urbana","Ninguna","No existe","Recta","Bueno","Buena","Diurna","Buen Tiempo","S/D","S/D","Colisión","Ninguna","Faltante","Ninguna","Sin restricción"
2017,7654,10/30/2017,"Lunes",0,11:00:00,,"0.0",2,"Pickup/Utilitario,Bicicleta","Boulevard Villada Y Boulevard Ovidio Lagos",2,1,0,0,1,0,0,,"Avenida",,"CASILDA","Caseros","Asfalto","No existe","IV","S/D","Urbana","Ninguna","No existe","Intersección","Bueno","Buena","Diurna","Buen Tiempo","S/D","Ciclista","Atropello","Ninguna","Vertical","Cordón divisorio","Sin restricción"
2017,7655,10/18/2017,"Miercoles",0,11:00:00,,"0.0",2,"Moto/Ciclomotor,Automóvil","Hipolito Yrigoyen 2000",2,1,0,0,1,0,0,,"Calle",,"CASILDA","Caseros","Asfalto","No existe","IV","S/D","Urbana","Otra Señal","No existe","Recta","Bueno","Buena","Diurna","Buen Tiempo","Contra objeto fijo","S/D","Colisión","Ninguna","Vertical","Cordón divisorio","Sin restricción"
2017,7656,10/11/2017,"Miercoles",0,13:00:00,,"0.0",3,"Bicicleta,Bicicleta,Pickup/Utilitario","Ferrocarril Belgrano 259",3,2,0,0,1,0,0,,"Calle",,"MARCELINO ESCALADA","San Justo","Ripio","No existe","XVI","Dentro","Urbana","Ninguna","No existe","Recta","Bueno","Buena","Diurna","Buen Tiempo","S/D","Ciclista","Atropello","Ninguna","Faltante","Ninguna","Sin restricción"
2017,7657,10/28/2017,"Sabado",0,12:30:00,,"0.0",1,"Bicicleta","General Juan Lavalle Y General Justo Jose De Urquiza",1,0,1,0,0,0,0,,"Calle",,"CASILDA","Caseros","Asfalto","No existe","IV","S/D","Urbana","Paso Peatonal","No existe","Intersección","Bueno","Buena","Diurna","Buen Tiempo","S/D","S/D","Caída ocupante","Otro","Horizontal","Cordón divisorio","Sin restricción"
2017,7658,10/17/2017,"Martes",0,14:50:00,"Ruta Nacional 33","738.0",2,"Pickup/Utilitario,Camión c / Acoplado"," ",2,1,0,0,1,0,0,,"Ruta",33,"CASILDA","Caseros","Asfalto","Natural","IV","S/D","Rural","Ninguna","No existe","Curva","Bueno","Reducida polvo","Diurna","Buen Tiempo","Lateral","S/D","Colisión","Ninguna","Vertical","Cordón divisorio","Sin restricción"
2017,7659,10/12/2017,"Jueves",0,13:20:00,,"0.0",2,"Moto/Ciclomotor,Pickup/Utilitario","Boulevard Ovidio Lagos Y Tucuman",4,1,0,0,3,0,0,,"Avenida",,"CASILDA","Caseros","Asfalto","No existe","IV","Dentro","Urbana","Ninguna","No existe","Intersección","Bueno","Buena","Diurna","Lluvia","De alcance","S/D","Colisión","Ninguna","Vertical","Cordón divisorio","Sin restricción"
2017,7660,10/21/2017,"Sabado",0,6:00:00,,"0.0",1,"Moto/Ciclomotor","Boulevard Ovidio Lagos Y La Rioja",1,1,0,0,0,0,0,,"Avenida",,"CASILDA","Caseros","Asfalto","No existe","IV","S/D","Urbana","Ninguna","No existe","Recta","Bueno","Buena","Amanecer","Buen Tiempo","Contra objeto fijo","S/D","Colisión","Ninguna","Faltante","Cordón divisorio","Sin restricción"
2017,7661,10/16/2017,"Lunes",0,21:00:00,"Ruta Provincial 3","85.0",1,"Moto/Ciclomotor"," ",2,2,0,0,0,0,0,,"Ruta",3,"INTIYACO","Vera","Asfalto","Natural","XIX","Dentro","Rural","Ninguna","No existe","Recta","Bueno","Buena","Nocturna","Buen Tiempo","S/D","S/D","Caída ocupante","Ninguna","Horizontal","Línea divisoria pintada","Sin restricción"
2017,7662,10/22/2017,"Domingo",0,18:00:00,,"0.0",2,"Moto/Ciclomotor,Automóvil","Dante Alighieri Y Boulevard Ovidio Lagos",3,1,0,0,2,0,0,,"Avenida",,"CASILDA","Caseros","Asfalto","No existe","IV","Dentro","Urbana","Ninguna","No existe","Intersección","Bueno","Buena","Diurna","Buen Tiempo","Lateral","S/D","Colisión","Ninguna","Vertical","Cordón divisorio","Sin restricción"
2017,7663,10/15/2017,"Domingo",0,17:00:00,,"0.0",2,"Moto/Ciclomotor,Automóvil","Doctor Estanislao Zeballos Sev Y General Jose de San Martin",2,1,0,0,1,0,0,,"Calle",,"CASILDA","Caseros","Asfalto","No existe","IV","S/D","Urbana","Ninguna","No existe","Intersección","Bueno","Buena","Diurna","Buen Tiempo","Lateral","S/D","Colisión","Ninguna","Faltante","Ninguna","Sin restricción"
2017,7664,10/28/2017,"Sabado",0,11:20:00,,"0.0",2,"Moto/Ciclomotor,Automóvil","Brigadier Lopez Y Hernandarias",2,1,0,0,1,0,0,,"Calle",,"MARGARITA","Vera","Ripio","No existe","XIX","Dentro","Urbana","Ninguna","No existe","Intersección","Bueno","Buena","Diurna","Buen Tiempo","Lateral","S/D","Colisión","Ninguna","Faltante","Ninguna","Sin restricción"
2017,7665,10/14/2017,"Sabado",0,11:50:00,,"0.0",2,"Moto/Ciclomotor,Automóvil","Boulevard Lisandro de la Torre Y General Justo Jose De Urquiza",2,1,0,0,1,0,0,,"Calle",,"CASILDA","Caseros","Asfalto","No existe","IV","S/D","Urbana","Ninguna","No existe","Intersección","Bueno","Buena","Diurna","Buen Tiempo","Lateral","S/D","Colisión","Ninguna","Faltante","Cordón divisorio,Vegetación","Sin restricción"
2017,7666,10/31/2017,"Martes",0,20:20:00,,"0.0",2,"Moto/Ciclomotor,Automóvil","Urquiza ",2,0,1,0,1,0,0,,"Calle",,"MARGARITA","Vera","Asfalto","No existe","XIX","Dentro","Urbana","Ninguna","No existe","Recta","Bueno","Buena","Nocturna","Buen Tiempo","Lateral","S/D","Colisión","Ninguna","S/D","Ninguna","Sin restricción"
2017,7667,10/28/2017,"Sabado",0,11:00:00,,"0.0",1,"Bicicleta","9 de Julio Y J Milessi",1,1,0,0,0,0,0,,"Calle",,"SAN JUSTO","San Justo","Hormigón","No existe","XVI","Dentro","Urbana","Ninguna","No existe","Recta","Bueno","Buena","Diurna","Buen Tiempo","Contra objeto fijo","S/D","Colisión","Ninguna","Faltante","Ninguna","Sin restricción"
2017,7668,10/15/2017,"Domingo",0,18:50:00,"Ruta Nacional 33","847.0",2,"Transporte de Pasajeros,Automóvil","Ruta Nac 33 Y Ruta Prov 14",3,1,1,0,1,0,0,,"Ruta",33,"PEREZ","Rosario","Asfalto","Ripio","II","S/D","Rural","Ninguna","No existe","Recta","Bueno","Buena","Diurna","Buen Tiempo","Frontal","S/D","Colisión","Ninguna","Faltante","Ninguna","Sin restricción"
2017,7669,10/22/2017,"Domingo",0,22:40:00,"Ruta Nacional 11","594.0",1,"Automóvil"," ",3,0,1,0,2,0,0,,"Ruta",11,"MARCELINO ESCALADA","San Justo","Asfalto","Ripio","XVI","Fuera","Urbana","Ninguna","No existe","Curva","Bueno","Reducida","Nocturna","Buen Tiempo","S/D","S/D","Vuelco","Ninguna","Horizontal","Línea divisoria pintada","Sin restricción"
2017,7670,10/22/2017,"Domingo",0,14:30:00,,"0.0",1,"Moto/Ciclomotor","PADRE BOSSIO Y RICARDO GUTIERREZ",1,1,0,0,0,0,0,,"Calle",,"MARGARITA","Vera","Asfalto","S/D","XIX","Fuera","Urbana","Ninguna","No existe","Intersección","Bueno","Buena","Diurna","Buen Tiempo","Contra objeto fijo","S/D","Colisión","Ninguna","Faltante","Ninguna","Sin restricción"
2017,7671,10/13/2017,"Viernes",0,15:00:00,,"0.0",2,"Moto/Ciclomotor,Automóvil","Maipu Y Buenos Aires",2,1,0,0,1,0,0,,"Calle",,"CASILDA","Caseros","Asfalto","No existe","IV","S/D","Urbana","Ninguna","No existe","Intersección","Bueno","Buena","Diurna","Buen Tiempo","Lateral","S/D","Colisión","Ninguna","Faltante","Cordón divisorio","Sin restricción"
2017,7672,10/18/2017,"Miercoles",0,13:40:00,,"0.0",1,"Moto/Ciclomotor","Ruta Nac 33 Y Dr Borzone",1,1,0,0,0,0,0,,"Calle",,"PEREZ","Rosario","Asfalto","Pavimento","II","Fuera","Urbana","Ninguna","No existe","Recta","Bueno","Buena","Diurna","Buen Tiempo","S/D","S/D","Caída ocupante","Ninguna","Faltante","Línea divisoria pintada","Sin restricción"
2017,7673,10/31/2017,"Martes",0,20:15:00,,"0.0",1,"Moto/Ciclomotor","Uruguay 170",1,0,1,0,0,0,0,,"Calle",,"GÁLVEZ","San Jerónimo","Asfalto","S/D","XV","Dentro","Urbana","Ninguna","No existe","Recta","Bueno","Buena","Nocturna","Buen Tiempo","S/D","S/D","Caída ocupante","Ninguna","S/D","Ninguna","Sin restricción"
2017,7674,12/1/2017,"Viernes",0,12:00:00,,"0.0",2,"Moto/Ciclomotor,Peatón","Av. Pellegrini Y Alsina",2,1,0,0,1,0,0,"-32.950472222222,-60.679138888889","Calle",,"ROSARIO","Rosario","Asfalto","No existe","II","S/D","Urbana","Ninguna","S/D","Recta","Bueno","Buena","Diurna","Buen Tiempo","S/D","Peatón","Atropello","Ninguna","S/D","Ninguna","Sin restricción"
2017,7675,12/1/2017,"Viernes",0,12:25:00,,"0.0",2,"Camión c / Semirremolque,Taxi/Remis","Cordoba Y Bv. Avellaneda",3,1,0,0,2,0,0,"-32.939111111111,-60.679","Avenida",,"ROSARIO","Rosario","Asfalto","No existe","II","S/D","Urbana","Semáforo","Funciona","Recta","Bueno","Buena","Diurna","Buen Tiempo","De alcance","S/D","Colisión","Ninguna","S/D","Ninguna","Sin restricción"
2017,7676,12/12/2017,"Martes",0,11:55:00,,"0.0",2,"Otros,Camión c / Acoplado","Alvarez Thomas 3200",4,1,0,0,3,0,0,"-32.884972222222,-60.6895","Calle",,"ROSARIO","Rosario","Asfalto","S/D","II","Dentro","Urbana","S/D","No existe","Intersección","Otro","S/D","Diurna","Otro","S/D","Peatón","Atropello,Otro","Ninguna","S/D","S/D","S/D"
2017,7677,12/14/2017,"Jueves",0,18:15:00,,"0.0",2,"Automóvil,Moto/Ciclomotor","Montevideo Y Santiago",3,0,1,0,2,0,0,"-32.952944444444,-60.658472222222","Calle",,"ROSARIO","Rosario","Asfalto","No existe","II","S/D","Urbana","Ninguna","No existe","Recta","Bueno","Buena","Diurna","Buen Tiempo","De alcance","S/D","Colisión","Ninguna","S/D","Ninguna","Sin restricción"
2017,7678,12/9/2017,"Sabado",0,1:15:00,,"0.0",2,"Automóvil,Automóvil","Av. Francia Y 3 De Febrero",4,2,0,0,2,0,0,"-32.947916666667,-60.667","Avenida",,"ROSARIO","Rosario","Asfalto","No existe","II","S/D","Urbana","Semáforo","Funciona","Intersección","Bueno","Buena","Nocturna","Buen Tiempo","De alcance","S/D","Colisión","Ninguna","S/D","Ninguna","Sin restricción"
2017,7679,12/1/2017,"Viernes",0,19:00:00,,"0.0",2,"Automóvil,Moto/Ciclomotor","9 De Julio Y Necochea",2,1,0,0,1,0,0,"-32.956305555556,-60.626055555556","Calle",,"ROSARIO","Rosario","Asfalto","S/D","II","S/D","Urbana","S/D","S/D","Recta","Bueno","Buena","Atardecer","S/D","S/D","S/D","S/D","S/D","S/D","S/D","S/D"
2017,7680,12/6/2017,"Miercoles",0,14:00:00,,"0.0",2,"Automóvil,Bicicleta","San Juan Y Gutenberg",2,1,0,0,1,0,0,"-32.941333333333,-60.688222222222","Calle",,"ROSARIO","Rosario","Asfalto","No existe","II","S/D","Urbana","Ninguna","No existe","Intersección","Bueno","Buena","Diurna","Buen Tiempo","De alcance","Ciclista","Atropello","Ninguna","S/D","Ninguna","Sin restricción"
2017,7681,12/2/2017,"Sabado",0,16:30:00,,"0.0",2,"Bicicleta,Pickup/Utilitario","San Lorenzo Y Mitre",2,1,0,0,1,0,0,"-32.943861111111,-60.639","S/D",,"ROSARIO","Rosario","Asfalto","No existe","II","S/D","Urbana","Ninguna","No existe","Intersección","Bueno","Buena","Diurna","Buen Tiempo","S/D","Ciclista","Atropello","Ninguna","Faltante","Ninguna","Sin restricción"
2017,7682,12/1/2017,"Viernes",0,10:30:00,,"0.0",2,"Peatón,Automóvil","Buenos Aires Y Cordoba",2,1,0,0,1,0,0,"-32.947555555556,-60.63275","Calle",,"ROSARIO","Rosario","Asfalto","S/D","II","Dentro","Urbana","Paso Peatonal","S/D","Recta","Bueno","Buena","Diurna","S/D","S/D","Peatón","Atropello","S/D","S/D","Cordón divisorio","S/D"
2017,7683,12/18/2017,"Lunes",0,7:45:00,,"0.0",2,"Moto/Ciclomotor,Automóvil","L.N.Alem 1500",2,1,0,0,1,0,0,"-32.956944444444,-60.630527777778","Calle",,"ROSARIO","Rosario","Asfalto","S/D","II","Dentro","Urbana","S/D","S/D","Recta","Bueno","Buena","Diurna","S/D","Otro","S/D","Colisión","S/D","S/D","Cordón divisorio","S/D"
2017,7684,12/4/2017,"Lunes",0,17:30:00,,"0.0",2,"Moto/Ciclomotor,Automóvil","Urquiza Y Entre Rios",2,1,0,0,1,0,0,"-32.942444444444,-60.640111111111","Calle",,"ROSARIO","Rosario","Asfalto","No existe","II","Dentro","Urbana","Ninguna","No existe","Intersección","Bueno","Buena","Diurna","Buen Tiempo","De alcance","S/D","Colisión","Ninguna","Faltante","Ninguna","Sin restricción"
2017,7685,12/14/2017,"Jueves",0,13:35:00,,"0.0",1,"Moto/Ciclomotor","3 De Febrero 700",3,1,0,0,2,0,0,"-32.953722222222,-60.634305555556","Calle",,"ROSARIO","Rosario","Asfalto","S/D","II","Dentro","Urbana","S/D","S/D","Recta","Bueno","Buena","Diurna","S/D","Lateral","S/D","Colisión","S/D","S/D","Cordón divisorio","S/D"
2017,7686,11/23/2017,"Jueves",0,10:10:00,,"0.0",1,"Transporte de Pasajeros Urbano (> 8 asientos)","San Luis Y Laprida",2,1,0,0,1,0,0,"-32.949777777778,-60.634611111111","Calle",,"ROSARIO","Rosario","Asfalto","S/D","II","Dentro","Urbana","S/D","S/D","Intersección","Bueno","S/D","Diurna","S/D","S/D","S/D","Caída ocupante","S/D","S/D","Cordón divisorio","S/D"
2017,7687,12/28/2017,"Jueves",0,7:45:00,,"0.0",2,"Moto/Ciclomotor,Automóvil","Av. Belgrano Y Buenos Aires",2,1,0,0,1,0,0,"-32.945555555556,-60.632194444444","Calle",,"ROSARIO","Rosario","Asfalto","No existe","II","Dentro","Urbana","Ninguna","No existe","Intersección","Bueno","Buena","Diurna","Buen Tiempo","Contra objeto fijo","S/D","Colisión","Ninguna","Faltante","Ninguna","Sin restricción"
2017,7688,12/30/2017,"Sabado",0,13:25:00,,"0.0",2,"Moto/Ciclomotor,Automóvil","Laprida 1300",2,1,0,0,1,0,0,"-32.953472222222,-60.635694444444","Calle",,"ROSARIO","Rosario","Asfalto","S/D","II","S/D","Urbana","S/D","S/D","Recta","Bueno","Buena","Diurna","S/D","S/D","S/D","Colisión","S/D","S/D","S/D","S/D"