"anio_acci","nro_acci","fecha","desc_dia","fecha_aprox","hora_aprox","desc_ruta","km","cant_participantes","desc_participante","calle_avenida_km","total","heridos_leves","heridos_graves","heridos_gravisimos","ilesos","fallecidos","sin_datos","posicion_XY","desc_tipo_via","desc_ruta_ori","desc_loc","desc_dpto","desc_tipo_calzada","desc_tipo_banquina","desc_unidad_regional","desc_lugar_calzada","desc_zona","desc_prioridad","desc_estado_semaforo","desc_lugar_via","desc_estado_via","desc_estado_visibilidad","desc_luminosidad","desc_estado_clima","desc_tipo_colision","desc_tipo_atropello","desc_tipo_hecho","desc_pres_calzada","desc_senializacion","desc_separacion_via","desc_restriccion"
2017,7689,12/29/2017,"Viernes",0,21:30:00,,"0.0",1,"Automóvil","Alvear Y Montevideo",2,1,0,0,1,0,0,"-32.953166666667,-60.657111111111","Calle",,"ROSARIO","Rosario","Asfalto","S/D","II","S/D","Urbana","S/D","S/D","Recta","Bueno","Buena","Nocturna","S/D","S/D","Ciclista","Atropello","S/D","S/D","S/D","S/D"
2017,7690,12/29/2017,"Viernes",0,22:00:00,,"0.0",2,"Automóvil,Taxi/Remis","Mendoza Y Laprida",4,1,0,0,3,0,0,,"Calle",,"ROSARIO","Rosario","Asfalto","S/D","II","S/D","Urbana","S/D","S/D","Recta","Bueno","Buena","Nocturna","Buen Tiempo","S/D","S/D","Colisión","S/D","S/D","S/D","S/D"
2017,7691,12/28/2017,"Jueves",0,16:00:00,,"0.0",2,"Automóvil,Peatón","Rioja Y Entre Rios",2,1,0,0,1,0,0,"-32.947083333333,-60.64125","Calle",,"ROSARIO","Rosario","Asfalto","S/D","II","S/D","Urbana","S/D","S/D","Recta","Bueno","S/D","Diurna","S/D","Otro","Peatón","Atropello","S/D","S/D","S/D","S/D"
2017,7692,12/26/2017,"Martes",0,22:05:00,,"0.0",2,"Moto/Ciclomotor,Bicicleta","San Luis Y Cafferata",2,2,0,0,0,0,0,"-32.943166666667,-60.671638888889","Calle",,"ROSARIO","Rosario","Asfalto","No existe","II","Dentro","Urbana","Ninguna","No existe","Intersección","Bueno","Buena","Nocturna","Buen Tiempo","De alcance","Ciclista","Atropello","Ninguna","Faltante","Ninguna","Sin restricción"
2017,7693,12/27/2017,"Miercoles",0,23:10:00,,"0.0",2,"Automóvil,Moto/Ciclomotor","Mariano Moreno Y Av. Wheelwright",3,1,1,0,1,0,0,,"Calle",,"ROSARIO","Rosario","Asfalto","S/D","II","S/D","Urbana","S/D","S/D","Recta","Bueno","Buena","Nocturna","S/D","S/D","S/D","Colisión","S/D","S/D","S/D","S/D"
2017,7694,12/26/2017,"Martes",0,21:45:00,,"0.0",2,"Peatón,Moto/Ciclomotor","Av. Pellegrini Y Lavalle",3,3,0,0,0,0,0,"-32.950222222222,-60.680527777778","Calle",,"ROSARIO","Rosario","Asfalto","No existe","II","Dentro","Urbana","Ninguna","Funciona","Intersección","Bueno","Buena","Nocturna","Buen Tiempo","Lateral","S/D","Colisión","Ninguna","Faltante","Ninguna","Sin restricción"
2017,7695,12/29/2017,"Viernes",0,9:30:00,,"0.0",2,"Moto/Ciclomotor,Automóvil","Paraguay Y Urquiza",2,1,0,0,1,0,0,,"Calle",,"ROSARIO","Rosario","Asfalto","S/D","II","S/D","Urbana","S/D","No existe","Recta","Bueno","Buena","Diurna","S/D","S/D","S/D","Colisión","S/D","S/D","S/D","S/D"
2017,7696,12/19/2017,"Martes",0,10:40:00,,"0.0",2,"Automóvil,Moto/Ciclomotor","San Luis 4300",2,1,0,0,1,0,0,"-32.941194444444,-60.6825","Calle",,"ROSARIO","Rosario","Asfalto","No existe","II","Dentro","Urbana","Ninguna","S/D","Recta","Bueno","Buena","Diurna","Buen Tiempo","De alcance","S/D","Atropello","Ninguna","Faltante","Ninguna","Sin restricción"
2017,7697,12/26/2017,"Martes",0,14:00:00,,"0.0",2,"Taxi/Remis,Otros","Pte.Roca Y San Juan",3,1,0,0,1,0,1,"-32.948888888889,-60.646083333333","Calle",,"ROSARIO","Rosario","Asfalto","S/D","II","S/D","Urbana","S/D","S/D","Recta","Bueno","Buena","Diurna","Buen Tiempo","S/D","S/D","Colisión","S/D","S/D","S/D","S/D"
2017,7698,12/7/2017,"Jueves",0,16:45:00,,"0.0",2,"Automóvil,Moto/Ciclomotor","Ricchieri Y 3 De Febrero",2,1,0,0,1,0,0,"-32.948361111111,-60.664444444444","Calle",,"ROSARIO","Rosario","Asfalto","No existe","II","Dentro","Urbana","Ninguna","No existe","Intersección","Bueno","Buena","Diurna","Buen Tiempo","De alcance","S/D","Colisión","Ninguna","Faltante","Ninguna","Sin restricción"
2017,7699,12/16/2017,"Sabado",0,15:40:00,,"0.0",2,"Automóvil,Automóvil","San Martin Y Montevideo",3,3,0,0,0,0,0,"-32.956388888889,-60.639138888889","Calle",,"ROSARIO","Rosario","Asfalto","S/D","II","S/D","Urbana","S/D","No existe","Recta","Bueno","Buena","Diurna","Buen Tiempo","Otro","S/D","Colisión","S/D","S/D","S/D","S/D"
2017,7700,12/15/2017,"Viernes",0,9:25:00,,"0.0",2,"Automóvil,Moto/Ciclomotor","Av. Pellegrini Y Alsina",2,1,0,0,1,0,0,"-32.950472222222,-60.679138888889","Avenida",,"ROSARIO","Rosario","Asfalto","No existe","II","Dentro","Urbana","Ninguna","S/D","Intersección","Bueno","Buena","Diurna","Buen Tiempo","De alcance","S/D","Colisión","Ninguna","Faltante","Ninguna","Sin restricción"
2017,7701,12/24/2017,"Domingo",0,9:00:00,,"0.0",2,"Automóvil,Moto/Ciclomotor","España Y Jujuy",3,2,0,0,1,0,0,"-32.93675,-60.644444444444","Calle",,"ROSARIO","Rosario","Asfalto","S/D","II","S/D","Urbana","S/D","S/D","Recta","Bueno","Buena","Diurna","Buen Tiempo","S/D","S/D","Colisión","S/D","S/D","S/D","S/D"
2017,7702,12/3/2017,"Domingo",0,14:25:00,,"0.0",2,"Moto/Ciclomotor,Automóvil","Cordoba Y Callao",2,1,0,0,1,0,0,"-32.9425,-60.660083333333","Calle",,"ROSARIO","Rosario","Asfalto","No existe","II","Dentro","Urbana","Ninguna","Funciona","Intersección","Bueno","Buena","Diurna","Buen Tiempo","Lateral","S/D","Colisión","Ninguna","Horizontal,Vertical","Ninguna","Sin restricción"
2017,7703,12/24/2017,"Domingo",0,1:00:00,,"0.0",2,"Automóvil,Automóvil","1 de Mayo Y Montevideo",5,1,0,0,4,0,0,"-32.957638888889,-60.632166666667","Calle",,"ROSARIO","Rosario","Asfalto","S/D","II","S/D","Urbana","S/D","S/D","Recta","Bueno","S/D","Nocturna","S/D","S/D","S/D","Colisión","S/D","S/D","S/D","S/D"
2017,7704,12/23/2017,"Sabado",0,14:15:00,,"0.0",2,"Automóvil,Moto/Ciclomotor","Marcos Paz Y Crespo",2,1,0,0,1,0,0,"-32.945472222222,-60.669388888889","Calle",,"ROSARIO","Rosario","Asfalto","No existe","II","Dentro","Urbana","Ninguna","No existe","Intersección","Bueno","Buena","Diurna","Buen Tiempo","De alcance","S/D","Colisión","Ninguna","Faltante","Ninguna","Sin restricción"
2017,7705,12/23/2017,"Sabado",0,10:00:00,,"0.0",2,"Bicicleta,Taxi/Remis","Pte.Roca Y 9 De Julio",2,1,0,0,1,0,0,,"Calle",,"ROSARIO","Rosario","Asfalto","S/D","II","S/D","Urbana","S/D","S/D","Recta","Bueno","S/D","S/D","S/D","S/D","Ciclista","Atropello","S/D","S/D","S/D","S/D"
2017,7706,12/22/2017,"Viernes",0,9:30:00,,"0.0",2,"Automóvil,Bicicleta","Italia Y Rioja",2,1,0,0,1,0,0,,"Calle",,"ROSARIO","Rosario","Asfalto","S/D","II","S/D","Urbana","S/D","S/D","Recta","Bueno","Buena","Diurna","S/D","S/D","Ciclista","Atropello","S/D","S/D","S/D","S/D"
2017,7707,12/22/2017,"Viernes",0,21:45:00,,"0.0",2,"Moto/Ciclomotor,Automóvil","Av. Ntra.Sra.del Rosario Bis ",3,1,0,0,2,0,0,"-32.944861111111,-60.662111111111","Avenida",,"ROSARIO","Rosario","Asfalto","No existe","II","Dentro","Urbana","Ninguna","No existe","Recta","Resbaladiza","Reducida","Nocturna","Lluvia","De alcance","S/D","Colisión","Agua","Faltante","Ninguna","Sin restricción"
2017,7708,12/22/2017,"Viernes",0,17:00:00,,"0.0",2,"Peatón,Moto/Ciclomotor","Boulevard Lisandro de la Torre ",2,1,0,0,1,0,0,,"Calle",,"CASILDA","Caseros","Asfalto","S/D","II","S/D","Urbana","S/D","S/D","Recta","Bueno","S/D","Diurna","S/D","S/D","Peatón","Atropello","S/D","S/D","S/D","S/D"
2017,7709,12/23/2017,"Sabado",0,6:45:00,,"0.0",2,"Automóvil,Automóvil","Rodriguez Y E.Zeballos",4,2,0,0,2,0,0,"-32.951333333333,-60.660916666667","Calle",,"ROSARIO","Rosario","Asfalto","No existe","II","Dentro","Urbana","Ninguna","No existe","Intersección","Bueno","Buena","Amanecer","Buen Tiempo","Frontal","S/D","Colisión","Ninguna","Faltante","Ninguna","Sin restricción"
2017,7710,12/21/2017,"Jueves",0,22:05:00,,"0.0",2,"Moto/Ciclomotor,Automóvil","La Paz Y San Martin",2,1,0,0,1,0,0,,"Calle",,"ROSARIO","Rosario","Asfalto","S/D","II","S/D","Urbana","Señal Pare","S/D","Recta","Otro","S/D","Nocturna","Otro","S/D","S/D","Colisión","S/D","S/D","S/D","S/D"
2017,7711,12/21/2017,"Jueves",0,15:00:00,,"0.0",2,"Automóvil,Moto/Ciclomotor","San Luis Y Entre Rios",3,1,0,0,2,0,0,,"Calle",,"ROSARIO","Rosario","Asfalto","S/D","II","S/D","Urbana","S/D","Funciona","Recta","Bueno","Buena","Diurna","S/D","S/D","S/D","Colisión","S/D","Vertical","S/D","S/D"
2017,7712,12/26/2017,"Martes",0,16:30:00,,"0.0",3,"Automóvil,Automóvil,Automóvil","Bv. Avellaneda Y 9 De Julio",3,1,0,0,0,0,2,"-32.9465,-60.680888888889","Avenida",,"ROSARIO","Rosario","Asfalto","No existe","II","Dentro","Urbana","Ninguna","S/D","Recta","Bueno","Buena","Diurna","Buen Tiempo","De alcance","S/D","Atropello","Ninguna","Faltante","Ninguna","Sin restricción"
2017,7713,12/20/2017,"Miercoles",0,17:51:00,,"0.0",2,"Automóvil,Automóvil","9 De Julio Y Italia",3,2,0,0,0,0,1,"-32.952083333333,-60.649722222222","Calle",,"ROSARIO","Rosario","Asfalto","S/D","II","S/D","Urbana","S/D","S/D","Recta","Bueno","Buena","Diurna","Buen Tiempo","S/D","S/D","S/D","S/D","S/D","S/D","S/D"
2017,7714,12/20/2017,"Miercoles",0,18:30:00,,"0.0",2,"Taxi/Remis,Taxi/Remis","Av. Corrientes Y Cordoba",2,1,0,0,1,0,0,"-32.945666666667,-60.642361111111","Calle",,"ROSARIO","Rosario","Asfalto","S/D","II","S/D","Urbana","S/D","Funciona","Recta","Bueno","Buena","Diurna","S/D","S/D","S/D","Otro","S/D","Vertical","S/D","S/D"
2017,7716,12/20/2017,"Miercoles",0,17:45:00,,"0.0",2,"Automóvil,Taxi/Remis","Pasco Y Ayacucho",6,1,0,0,1,0,4,,"Calle",,"ROSARIO","Rosario","Asfalto","S/D","II","S/D","Urbana","S/D","S/D","Recta","Bueno","S/D","S/D","S/D","S/D","S/D","Colisión","S/D","S/D","S/D","S/D"
2017,7717,10/28/2017,"Sabado",0,20:00:00,,"0.0",2,"Automóvil,Bicicleta","Avda 25 de Mayo Y Sarmiento",5,2,0,0,3,0,0,,"Avenida",,"GÁLVEZ","San Jerónimo","Asfalto","No existe","XV","Dentro","Urbana","Ninguna","No existe","Intersección","Bueno","Buena","Nocturna","Buen Tiempo","S/D","Ciclista","Atropello","Ninguna","S/D","Ninguna","Sin restricción"
2017,7718,10/25/2017,"Miercoles",0,18:45:00,,"0.0",2,"Automóvil,Peatón","Av. Francia Y Pje. Arenales",2,1,0,0,1,0,0,,"Calle",,"ROSARIO","Rosario","Asfalto","Pavimento","II","Dentro","Urbana","Ninguna","No existe","Recta","Bueno","Reducida p/ objetos","Atardecer","Buen Tiempo","Otro","Peatón","Atropello","Ninguna","Faltante","Ninguna","Sin restricción"
2017,7719,10/31/2017,"Martes",0,11:30:00,,"0.0",2,"Automóvil,Moto/Ciclomotor","Gral Alvear Y Caseros",2,1,0,0,1,0,0,,"Calle",,"SAN CRISTÓBAL","San Cristóbal","Asfalto","No existe","XIII","Dentro","Urbana","Ninguna","No existe","Intersección","Bueno","Buena","Diurna","Buen Tiempo","S/D","S/D","Colisión","Ninguna","Horizontal","Ninguna","Sin restricción"
2017,7720,10/30/2017,"Lunes",0,11:45:00,,"0.0",2,"Moto/Ciclomotor,Automóvil","Belgrano Y 9 de Julio",2,1,0,0,1,0,0,,"Calle",,"VERA","Vera","Asfalto","No existe","XIX","Dentro","Urbana","Ninguna","No existe","Intersección","Bueno","Buena","Diurna","Buen Tiempo","Frontal","S/D","Colisión","Ninguna","Faltante","Ninguna","Sin restricción"
2017,7721,10/30/2017,"Lunes",0,12:30:00,,"0.0",2,"Moto/Ciclomotor,Automóvil","Junin Y Stephenson",2,1,0,0,1,0,0,,"Calle",,"ROSARIO","Rosario","Asfalto","No existe","II","Dentro","Urbana","Ninguna","No existe","Intersección","Con baches","Buena","Diurna","Buen Tiempo","Otro","S/D","Colisión","Ninguna","Faltante","Ninguna","Sin restricción"
2017,7722,10/30/2017,"Lunes",0,18:35:00,,"0.0",2,"Moto/Ciclomotor,Pickup/Utilitario","25 de Mayo Y Urquiza",2,1,0,0,1,0,0,,"Calle",,"VERA","Vera","Ripio","No existe","XIX","Dentro","Urbana","Ninguna","No existe","Intersección","Bueno","Buena","Diurna","Buen Tiempo","Frontal","S/D","Colisión","Ninguna","Faltante","Ninguna","Sin restricción"
2017,7723,10/28/2017,"Sabado",0,9:30:00,,"0.0",2,"Moto/Ciclomotor,Automóvil","L de la Torre Y Belgrano",2,1,0,0,1,0,0,,"Calle",,"VERA","Vera","Asfalto","No existe","XIX","Dentro","Urbana","Ninguna","No existe","Intersección","Bueno","Buena","Diurna","Buen Tiempo","Frontal","S/D","Colisión","Ninguna","Faltante","Ninguna","Sin restricción"
2017,7724,10/30/2017,"Lunes",0,16:45:00,,"0.0",2,"Automóvil,Moto/Ciclomotor","Francia F Y Echeverria Bis",2,0,1,0,1,0,0,,"Avenida",,"ROSARIO","Rosario","Asfalto","No existe","II","Fuera","Urbana","Ninguna","No existe","Curva","Bueno","Buena","Diurna","Buen Tiempo","Otro","S/D","Colisión","Ninguna","Faltante","Ninguna","Sin restricción"
2017,7725,10/30/2017,"Lunes",0,8:40:00,,"0.0",2,"Automóvil,Automóvil","Rawson Bis Y Gorriti",2,1,0,0,1,0,0,,"Calle",,"ROSARIO","Rosario","Asfalto","No existe","II","Dentro","Urbana","Ninguna","No existe","Intersección","Bueno","Buena","Diurna","Buen Tiempo","Otro","S/D","Colisión","Ninguna","Faltante","Ninguna","Sin restricción"
2017,7726,10/22/2017,"Domingo",0,18:30:00,,"0.0",2,"Automóvil,Moto/Ciclomotor","Espa±a Y San Martin",3,2,0,0,1,0,0,,"Calle",,"VERA","Vera","Asfalto","No existe","XIX","Dentro","Urbana","Ninguna","No existe","Intersección","Bueno","Buena","Diurna","Buen Tiempo","Frontal","S/D","Colisión","Ninguna","Faltante","Ninguna","Sin restricción"
2017,7727,10/19/2017,"Jueves",0,7:00:00,,"0.0",2,"Pickup/Utilitario,Peatón","Mendoza Y Solis",2,0,1,0,1,0,0,"-32.939944444444,-60.703361111111","Calle",,"ROSARIO","Rosario","Asfalto","S/D","II","Dentro","Urbana","Ninguna","No existe","Intersección","Bueno","Buena","Diurna","Buen Tiempo","S/D","Peatón","Atropello","Ninguna","Faltante","Ninguna","Sin restricción"
2017,7728,10/19/2017,"Jueves",0,14:25:00,"Ruta Nacional 11","0.0",2,"Bicicleta,Automóvil","Ruta Nacional 11 ",2,1,0,0,1,0,0,,"Ruta",11,"VERA","Vera","Asfalto","Natural","XIX","Dentro","Urbana","Ninguna","No existe","Cruce","Bueno","Buena","Diurna","Buen Tiempo","S/D","Ciclista","Atropello","Ninguna","Faltante","Ninguna","Sin restricción"
2017,7729,10/14/2017,"Sabado",0,19:15:00,,"0.0",2,"Bicicleta,Peatón","Salta 2520",2,1,0,0,0,0,1,,"Calle",,"ROSARIO","Rosario","Asfalto","No existe","II","S/D","Urbana","Semáforo","Funciona","Recta","Bueno","S/D","Diurna","Buen Tiempo","S/D","Peatón","Atropello","Ninguna","Horizontal,Vertical","Ninguna","Sin restricción"
2017,7730,10/21/2017,"Sabado",0,10:40:00,,"0.0",2,"Moto/Ciclomotor,Bicicleta","Magallanes Y Chubut",2,1,0,0,1,0,0,,"Calle",,"ROSARIO","Rosario","Asfalto","No existe","II","Dentro","Urbana","Ninguna","No existe","Intersección","Bueno","Buena","Diurna","Otro","S/D","Ciclista","Atropello","Ninguna","Faltante","Ninguna","Sin restricción"
2017,7731,10/18/2017,"Miercoles",0,22:05:00,,"0.0",2,"Moto/Ciclomotor,Pickup/Utilitario","Alvear Y Belgrano",3,2,0,0,1,0,0,,"Calle",,"VERA","Vera","Asfalto","No existe","XIX","Dentro","Urbana","Ninguna","No existe","Intersección","Bueno","Buena","Nocturna","Buen Tiempo","Frontal","S/D","Colisión","Ninguna","Faltante","Ninguna","Sin restricción"
2017,7732,10/26/2017,"Jueves",0,11:30:00,,"0.0",2,"Pickup/Utilitario,Moto/Ciclomotor","Catamarca 3100",2,1,0,0,1,0,0,,"Calle",,"ROSARIO","Rosario","Asfalto","No existe","II","Dentro","Urbana","Semáforo","Funciona","Recta","Bueno","S/D","Diurna","S/D","De alcance","S/D","Colisión","S/D","Vertical","Ninguna","S/D"
2017,7733,10/17/2017,"Martes",0,7:55:00,,"0.0",2,"Moto/Ciclomotor,Pickup/Utilitario","Belgrano Y 25 de Mayo",3,2,0,0,1,0,0,,"Calle",,"VERA","Vera","Asfalto","No existe","XIX","Dentro","Urbana","Ninguna","No existe","Intersección","Bueno","Buena","Diurna","Buen Tiempo","Frontal","S/D","Colisión","Ninguna","Faltante","Ninguna","Sin restricción"
2017,7734,10/6/2017,"Viernes",0,,,"0.0",2,"Moto/Ciclomotor,Automóvil","Cochabamba Y Campbell",2,1,0,0,1,0,0,,"Calle",,"ROSARIO","Rosario","Asfalto","No existe","II","Dentro","Urbana","Ninguna","No existe","Intersección","Bueno","Reducida","Diurna","S/D","Lateral","S/D","Colisión","Ninguna","Faltante","Ninguna","Sin restricción"
2017,7735,10/25/2017,"Miercoles",0,,,"0.0",2,"Moto/Ciclomotor,Automóvil","Av. Provincias Unidas Y White",2,1,0,0,1,0,0,,"Calle",,"ROSARIO","Rosario","Asfalto","No existe","II","Dentro","Urbana","Ninguna","Funciona","Intersección","Bueno","Buena","Diurna","Buen Tiempo","Lateral","S/D","Colisión","S/D","Vertical","Cordón divisorio","Sin restricción"
2017,7736,10/14/2017,"Sabado",0,19:15:00,,"0.0",1,"Automóvil","Catamarca 3500",1,0,0,0,0,0,1,,"Calle",,"ROSARIO","Rosario","Asfalto","No existe","II","S/D","Urbana","Semáforo","Funciona","Recta","Otro","S/D","Diurna","S/D","S/D","S/D","Otro","Ninguna","Horizontal,Vertical","Ninguna","S/D"
2017,7737,9/2/2017,"Sabado",0,6:00:00,,"0.0",2,"Moto/Ciclomotor,Pickup/Utilitario","Paraguay Y Belgrano",2,0,0,0,1,1,0,"-31.255286, -61.481461","Calle",,"RAFAELA","Castellanos","Asfalto","S/D","V","S/D","S/D","S/D","No existe","Intersección","Bueno","S/D","Diurna","S/D","S/D","S/D","Colisión","S/D","S/D","S/D","S/D"
2017,7738,10/16/2017,"Lunes",0,3:10:00,,"0.0",1,"Moto/Ciclomotor","Jujuy 2400",2,1,1,0,0,0,0,,"Calle",,"VERA","Vera","Tierra","No existe","XIX","Dentro","Urbana","Ninguna","No existe","Recta","Bueno","Reducida","Nocturna","Buen Tiempo","Contra objeto fijo","S/D","Colisión","Material Suelto","Faltante","Ninguna","Sin restricción"
2017,7739,10/15/2017,"Domingo",0,18:50:00,,"0.0",2,"Pickup/Utilitario,Moto/Ciclomotor","L de la Torre Y Belgrano",2,1,0,0,1,0,0,,"Calle",,"VERA","Vera","Asfalto","No existe","XIX","Dentro","Urbana","Ninguna","No existe","Intersección","Bueno","Buena","Diurna","Buen Tiempo","Frontal","S/D","Colisión","Ninguna","Faltante","Ninguna","Sin restricción"
2017,7740,10/28/2017,"Sabado",0,17:15:00,,"0.0",2,"Moto/Ciclomotor,Automóvil","Pje. Mamboreta Bis Y J.B.Justo",2,1,1,0,0,0,0,,"Calle",,"ROSARIO","Rosario","Asfalto","No existe","II","S/D","Urbana","Ninguna","No existe","Recta","Bueno","Buena","Diurna","Buen Tiempo","De alcance","S/D","Colisión","Ninguna","Faltante","Ninguna","Sin restricción"
2017,7741,10/2/2017,"Lunes",0,9:30:00,,"0.0",2,"Moto/Ciclomotor,Automóvil","Ocampo Y Garzon",3,2,0,0,1,0,0,,"Calle",,"ROSARIO","Rosario","Asfalto","No existe","II","Dentro","Urbana","Ninguna","No existe","Intersección","Bueno","Buena","Diurna","Otro","Lateral","S/D","Colisión","Ninguna","Faltante","Ninguna","Sin restricción"
2017,7742,10/1/2017,"Domingo",0,6:30:00,,"0.0",2,"Moto/Ciclomotor,Automóvil","Buenos Aires Y San Martin",3,2,0,0,0,0,1,,"Calle",,"VERA","Vera","Asfalto","No existe","XIX","Dentro","Urbana","Ninguna","No existe","Intersección","Bueno","Buena","Diurna","Buen Tiempo","De alcance","S/D","Colisión","Ninguna","Faltante","Ninguna","Sin restricción"
2017,7743,10/18/2017,"Miercoles",0,7:45:00,,"0.0",2,"Automóvil,Automóvil","Av. Pellegrini 7000",5,3,0,0,2,0,0,,"Avenida",,"ROSARIO","Rosario","Asfalto","No existe","II","Dentro","Urbana","Ninguna","No existe","Recta","Bueno","S/D","Diurna","S/D","S/D","S/D","Colisión","S/D","Faltante","Ninguna","Sin restricción"
2017,7744,10/5/2017,"Jueves",0,20:00:00,,"0.0",2,"Moto/Ciclomotor,Pickup/Utilitario","R S Pe±a Y 9 de Julio",2,1,0,0,1,0,0,,"Calle",,"VERA","Vera","Ripio","No existe","XIX","Dentro","Urbana","Ninguna","No existe","Intersección","Bueno","Buena","Nocturna","Buen Tiempo","Frontal","S/D","Colisión","Ninguna","Faltante","Ninguna","Sin restricción"
2017,7745,10/3/2017,"Martes",0,22:40:00,,"0.0",2,"Pickup/Utilitario,Moto/Ciclomotor","Tte.Agneta Y Dean Funes",2,1,0,0,1,0,0,,"Calle",,"ROSARIO","Rosario","Asfalto,Hormigón","No existe","II","Dentro","Urbana","Ninguna","No existe","Intersección","Bueno","Buena","Nocturna","Buen Tiempo","Lateral","S/D","Colisión","Ninguna","Faltante","Ninguna","Sin restricción"
2017,7746,10/28/2017,"Sabado",0,20:45:00,,"0.0",2,"Pickup/Utilitario,Moto/Ciclomotor","Velez Sarfield Y Avda. Bernardino Rivadavia",3,1,0,0,2,0,0,,"Calle",,"FIRMAT","General López","Asfalto","No existe","VIII","S/D","Urbana","Otra Señal","No existe","Intersección","Bueno","Buena","Nocturna","Buen Tiempo","Lateral","S/D","Colisión","Ninguna","Vertical","Ninguna","Sin restricción"
2017,7747,10/11/2017,"Miercoles",0,19:45:00,,"0.0",2,"Moto/Ciclomotor,Bicicleta","Belgrano 2100",2,2,0,0,0,0,0,,"Calle",,"VERA","Vera","Asfalto","No existe","XIX","Dentro","Urbana","Ninguna","No existe","Recta","Bueno","Buena","Nocturna","Buen Tiempo","S/D","Ciclista","Atropello","Ninguna","Faltante","Ninguna","Sin restricción"
2017,7748,10/20/2017,"Viernes",0,10:55:00,,"0.0",2,"Pickup/Utilitario,Pickup/Utilitario","Cordoba Y Colectora",3,1,0,0,2,0,0,,"Calle",,"FIRMAT","General López","Tierra","No existe","VIII","S/D","Urbana","Ninguna","No existe","Intersección","Bueno","Buena","Diurna","Buen Tiempo","Lateral","S/D","Colisión","Ninguna","S/D","Ninguna","Sin restricción"
2017,7749,9/1/2017,"Viernes",1,,,"0.0",3,"Automóvil,Automóvil,Moto/Ciclomotor"," ",3,1,0,0,0,0,2,,"S/D",,"SANTA FE","La Capital","S/D","S/D","I","S/D","S/D","S/D","S/D","S/D","S/D","S/D","S/D","S/D","Múltiple","S/D","Colisión","S/D","S/D","S/D","S/D"
2017,7750,10/19/2017,"Jueves",0,11:50:00,,"0.0",2,"Automóvil,Pickup/Utilitario","Gral. Manuel Belgrano Y Cordoba",2,1,0,0,1,0,0,,"Calle",,"FIRMAT","General López","Asfalto","No existe","VIII","Dentro","Urbana","Ninguna","No existe","Intersección","Bueno","Buena","Diurna","Buen Tiempo","Lateral","S/D","Colisión","Ninguna","Vertical","Ninguna","Sin restricción"
2017,7751,10/10/2017,"Martes",0,12:20:00,,"0.0",2,"Moto/Ciclomotor,Automóvil","Gral. Jose de San Martin Y Buenos Aires",2,1,0,0,1,0,0,,"Calle",,"FIRMAT","General López","Asfalto","No existe","VIII","Dentro","Urbana","Ninguna","No existe","Recta","Bueno","Buena","Diurna","Buen Tiempo","De alcance","S/D","Colisión","Ninguna","Vertical","Ninguna","Sin restricción"
2017,7752,9/1/2017,"Viernes",1,,,"0.0",2,"Moto/Ciclomotor,Automóvil"," ",3,2,0,0,1,0,0,,"S/D",,"RINCÓN POTRERO","La Capital","S/D","S/D","I","S/D","S/D","S/D","S/D","S/D","S/D","S/D","S/D","S/D","S/D","S/D","S/D","S/D","S/D","S/D","S/D"
2017,7754,10/1/2017,"Domingo",1,,,"0.0",2,"Moto/Ciclomotor,Automóvil"," ",2,2,0,0,0,0,0,,"S/D",,"SANTO TOMÉ","La Capital","S/D","S/D","I","S/D","S/D","S/D","S/D","S/D","S/D","S/D","S/D","S/D","S/D","S/D","Colisión","S/D","S/D","S/D","S/D"
2017,7755,10/5/2017,"Jueves",0,17:00:00,,"0.0",2,"Moto/Ciclomotor,Camión Chasis","Roullon Y Av. Argentina",5,4,0,0,1,0,0,,"Calle",,"ROSARIO","Rosario","Asfalto","No existe","II","Dentro","Urbana","Ninguna","No existe","Intersección","Bueno","Buena","Atardecer","Buen Tiempo","Lateral","S/D","Colisión","Ninguna","Faltante","Ninguna","Sin restricción"
2017,7756,11/1/2017,"Miercoles",0,0:05:00,"Ruta Nacional 11","0.0",2,"Moto/Ciclomotor,Otros","Ruta 11 Avenida Richieri Y 13 de diciembre",2,0,1,0,1,0,0,,"Ruta",11,"SANTO TOMÉ","La Capital","Asfalto","Natural","I","Dentro","Urbana","Semáforo","Funciona","Intersección","Bueno","Buena","Nocturna,Con luz artificial","Buen Tiempo","De alcance","S/D","Colisión","Otro","Vertical","Línea divisoria pintada","Accidente Previo"
2017,7757,10/2/2017,"Lunes",0,12:15:00,"Ruta Provincial 94","0.0",2,"Camión c / Semirremolque,Pickup/Utilitario","Ruta prov 94 Y Ruta prov 94",4,0,1,0,3,0,0,,"Ruta",94,"SANTA ISABEL","General López","Asfalto","S/D","VIII","Dentro","Rural","Señal Pare","No existe","Rotonda","Bueno","S/D","Diurna","Buen Tiempo","Lateral","S/D","Colisión","Ninguna","Horizontal,Vertical","Cordón divisorio","S/D"
2017,7758,10/1/2017,"Domingo",0,7:30:00,"Ruta Provincial 21","0.0",2,"Automóvil,Automóvil"," ",4,2,0,0,2,0,0,,"Ruta",21,"FIGHIERA","Rosario","Asfalto","S/D","II","S/D","Rural","S/D","No existe","Puente","S/D","S/D","Diurna","S/D","S/D","S/D","Colisión","S/D","S/D","S/D","S/D"