"anio_acci","nro_acci","fecha","desc_dia","fecha_aprox","hora_aprox","desc_ruta","km","cant_participantes","desc_participante","calle_avenida_km","total","heridos_leves","heridos_graves","heridos_gravisimos","ilesos","fallecidos","sin_datos","posicion_XY","desc_tipo_via","desc_ruta_ori","desc_loc","desc_dpto","desc_tipo_calzada","desc_tipo_banquina","desc_unidad_regional","desc_lugar_calzada","desc_zona","desc_prioridad","desc_estado_semaforo","desc_lugar_via","desc_estado_via","desc_estado_visibilidad","desc_luminosidad","desc_estado_clima","desc_tipo_colision","desc_tipo_atropello","desc_tipo_hecho","desc_pres_calzada","desc_senializacion","desc_separacion_via","desc_restriccion"
2017,7759,8/7/2017,"Lunes",0,3:50:00,"Ruta Provincial 70","0.0",2,"Moto/Ciclomotor,Automóvil","Bv Santa Fe Y Paraguay",2,0,0,0,1,1,0,"-31.25449, -61.48118","Ruta",70,"RAFAELA","Castellanos","S/D","S/D","V","S/D","Urbana","S/D","S/D","S/D","S/D","S/D","Nocturna","S/D","S/D","S/D","Colisión","S/D","S/D","S/D","S/D"
2017,7761,10/18/2017,"Miercoles",0,16:15:00,"Ruta Nacional 33","547.0",2,"Automóvil,Moto/Ciclomotor","Ruta Nac 33 ",2,1,0,0,1,0,0,,"Ruta",33,"MURPHY","General López","Asfalto,Ripio","Ripio","VIII","Dentro","Urbana","Paso Peatonal","No existe","Intersección","Resbaladiza","Reducida polvo","Diurna","Viento Fuerte","Lateral","S/D","Colisión","Agua,Otro","Horizontal","Ninguna","S/D"
2017,7762,10/29/2017,"Domingo",0,,,"0.0",2,"Moto/Ciclomotor,Automóvil","Cullen Y Ugarte Y Irala",2,0,1,0,1,0,0,,"Calle",,"ROSARIO","Rosario","Asfalto","S/D","II","S/D","Urbana","S/D","S/D","S/D","Bueno","Buena","S/D","Buen Tiempo","Frontal","S/D","Colisión","S/D","S/D","S/D","S/D"
2017,7763,10/31/2017,"Martes",0,14:00:00,,"0.0",2,"Moto/Ciclomotor,Automóvil","Carlos Pellegrini Y Almafuerte",2,1,0,0,1,0,0,,"Calle",,"VENADO TUERTO","General López","Asfalto","No existe","VIII","S/D","Urbana","Ninguna","No existe","Intersección","Bueno","Buena","Diurna","Buen Tiempo","Lateral","S/D","Colisión","Ninguna","S/D","Ninguna","Sin restricción"
2017,7765,10/2/2017,"Lunes",0,19:30:00,,"0.0",2,"Moto/Ciclomotor,Automóvil","Polledo Y Calle 1333",2,0,1,0,1,0,0,,"Calle",,"ROSARIO","Rosario","Asfalto","Pavimento","II","S/D","Urbana","S/D","No existe","Intersección","Bueno","Buena","Nocturna","Buen Tiempo","Frontal","S/D","Colisión","S/D","S/D","S/D","S/D"
2017,7766,10/2/2017,"Lunes",0,19:01:00,,"0.0",2,"Automóvil,Moto/Ciclomotor","Magdalena de De Lorenzi Y Carlos Pellegrini",3,1,1,0,1,0,0,,"Calle",,"RAFAELA","Castellanos","Asfalto","No existe","V","S/D","Urbana","Ninguna","No existe","Intersección","Bueno","Buena","Atardecer","Buen Tiempo","Lateral","S/D","Colisión","S/D","Faltante","Ninguna","S/D"
2017,7767,10/15/2017,"Domingo",0,23:15:00,,"0.0",2,"Moto/Ciclomotor,Automóvil","Virasoro Y Camilo Aldao",2,1,0,0,1,0,0,,"Calle",,"ROSARIO","Rosario","Asfalto","No existe","II","Dentro","Urbana","Ninguna","No existe","Intersección","Bueno","Buena","Nocturna","Buen Tiempo","Lateral","S/D","Colisión","Ninguna","Faltante","Ninguna","Sin restricción"
2017,7768,10/31/2017,"Martes",0,13:25:00,,"0.0",2,"Moto/Ciclomotor,Automóvil","Lisandro de la Torre Y 25 de Mayo",2,1,0,0,1,0,0,,"Calle",,"VENADO TUERTO","General López","Asfalto","No existe","VIII","Dentro","Urbana","Ninguna","No existe","Recta","Bueno","Buena","Diurna","Buen Tiempo","Frontal","S/D","Colisión","Ninguna","S/D","Ninguna","Sin restricción"
2017,7769,10/8/2017,"Domingo",0,,,"0.0",2,"Automóvil,Automóvil","Av. Jorge Newbery 1200",3,1,1,0,0,0,1,,"Avenida",,"ROSARIO","Rosario","Asfalto","Pavimento","II","S/D","Urbana","S/D","No existe","S/D","Bueno","Buena","Diurna","Buen Tiempo","Frontal","S/D","Colisión","S/D","Faltante","S/D","S/D"
2017,7770,10/19/2017,"Jueves",0,16:30:00,,"0.0",2,"Moto/Ciclomotor,Automóvil","Guillermo Brown Y Miguel de Azcuenaga",2,1,0,0,1,0,0,,"Calle",,"VENADO TUERTO","General López","Asfalto","No existe","VIII","Dentro","Urbana","Ninguna","No existe","Intersección","Bueno","Buena","Diurna","Buen Tiempo","Frontal","S/D","Colisión","Ninguna","S/D","Ninguna","Sin restricción"
2017,7771,10/1/2017,"Domingo",0,18:00:00,,"0.0",2,"Moto/Ciclomotor,Pickup/Utilitario","Peru Y Carlos Pellegrini",3,1,0,0,2,0,0,,"Calle",,"RAFAELA","Castellanos","Hormigón","No existe","V","S/D","Urbana","Paso Peatonal","No existe","Intersección","Bueno","Buena","Diurna","Buen Tiempo","Lateral","S/D","Colisión","S/D","Horizontal,Vertical","Ninguna","Sin restricción"
2017,7772,10/28/2017,"Sabado",0,8:45:00,,"0.0",2,"Automóvil,Moto/Ciclomotor","Bv. 27 De Febrero Y Larrea",2,1,0,0,1,0,0,,"Calle",,"ROSARIO","Rosario","Asfalto","No existe","II","Dentro","Urbana","Ninguna","No existe","Intersección","Bueno","Buena","Diurna","Buen Tiempo","Lateral","S/D","Colisión","Ninguna","Faltante","Ninguna","Sin restricción"
2017,7773,10/13/2017,"Viernes",0,18:00:00,"Ruta Provincial 92","14.0",2,"Moto/Ciclomotor,Automóvil","Constitucion ",4,0,0,0,3,1,0,"-33.100017, -61.320717","Ruta",92,"LOS MOLINOS","Caseros","Asfalto","Pavimento","IV","Dentro","Rural","Señal Ceda el Paso","No existe","Intersección","Bueno","Buena","Diurna","Buen Tiempo","Lateral","S/D","Colisión","Ninguna","Vertical","Ninguna","Sin restricción"
2017,7774,10/18/2017,"Miercoles",0,,,"0.0",2,"Moto/Ciclomotor,Automóvil","J.J.Perez Y Somoza",3,0,2,0,1,0,0,,"Calle",,"ROSARIO","Rosario","Asfalto","No existe","II","S/D","Urbana","S/D","S/D","S/D","Bueno","Buena","Diurna","Buen Tiempo","Frontal","S/D","Colisión","S/D","S/D","S/D","S/D"
2017,7775,10/19/2017,"Jueves",0,16:44:00,,"0.0",2,"Moto/Ciclomotor,Automóvil","Italia Y Lopez",2,0,1,0,1,0,0,,"Calle",,"VENADO TUERTO","General López","Asfalto","No existe","VIII","Dentro","Urbana","Ninguna","No existe","Intersección","Bueno","Buena","Diurna","Buen Tiempo","Frontal","S/D","Colisión","Ninguna","S/D","Ninguna","Sin restricción"
2017,7776,10/30/2017,"Lunes",0,18:20:00,,"0.0",2,"Automóvil,Moto/Ciclomotor","Bme Mitre Y Colon",2,1,0,0,1,0,0,,"Calle",,"GÁLVEZ","San Jerónimo","Asfalto","No existe","XV","S/D","Urbana","Ninguna","No existe","Intersección","Bueno","Buena","Atardecer","Otro","Otro","S/D","Colisión","Ninguna","Faltante","Ninguna","Sin restricción"
2017,7777,10/20/2017,"Viernes",0,,,"0.0",2,"Moto/Ciclomotor,Peatón","RAUL ALFONSIN 2800",2,1,0,0,0,0,1,,"Calle",,"ROSARIO","Rosario","Asfalto","S/D","II","S/D","Urbana","S/D","S/D","S/D","Bueno","S/D","Nocturna","Buen Tiempo","S/D","Peatón","Atropello","S/D","S/D","S/D","S/D"
2017,7778,6/29/2017,"Jueves",0,9:00:00,,"0.0",2,"Pickup/Utilitario,Moto/Ciclomotor","Prisciano Lascala 800",2,1,0,0,1,0,0,,"Calle",,"VENADO TUERTO","General López","Tierra","No existe","VIII","Dentro","Urbana","Ninguna","No existe","Recta","S/D","S/D","Diurna","S/D","S/D","S/D","Colisión","Ninguna","Faltante","Ninguna","Sin restricción"
2017,7779,10/17/2017,"Martes",0,8:05:00,,"0.0",2,"Pickup/Utilitario,Moto/Ciclomotor","Ruta Nac 33 ",3,1,1,0,1,0,0,,"Calle",,"VENADO TUERTO","General López","Asfalto","No existe","VIII","S/D","Urbana","Ninguna","No existe","Intersección","Bueno","Reducida","Diurna","Niebla","S/D","S/D","Colisión","Ninguna","S/D","Ninguna","Sin restricción"
2017,7780,10/30/2017,"Lunes",0,23:30:00,,"0.0",2,"Pickup/Utilitario,Moto/Ciclomotor","Avda. Jorge Newbery Y Av Republica",2,1,0,0,1,0,0,,"Avenida",,"GÁLVEZ","San Jerónimo","S/D","No existe","XV","Dentro","Urbana","Ninguna","No existe","Rotonda","Bueno","Buena","Nocturna","Otro","Otro","S/D","Colisión","Ninguna","Faltante","Ninguna","Sin restricción"
2017,7781,10/26/2017,"Jueves",0,,,"0.0",2,"Automóvil,Moto/Ciclomotor","J.J.Perez Y Somoza",2,1,0,0,1,0,0,,"Calle",,"ROSARIO","Rosario","Asfalto","No existe","II","S/D","Urbana","S/D","S/D","S/D","Bueno","Buena","Diurna","Buen Tiempo","Frontal","S/D","Colisión","S/D","S/D","S/D","S/D"
2017,7782,10/24/2017,"Martes",0,15:20:00,"Ruta Nacional A012","0.0",2,"Automóvil,Camión c / Acoplado","RP18 ",3,1,0,0,2,0,0,,"Ruta","A012","PIÑERO","Rosario","Asfalto","Natural","II","Dentro","Urbana","Semáforo","Intermitente","Intersección","Bueno","Buena","Diurna","S/D","Lateral","S/D","Colisión","Ninguna","Horizontal,Vertical","Línea divisoria pintada","Sin restricción"
2017,7783,10/11/2017,"Miercoles",0,12:50:00,,"0.0",2,"Moto/Ciclomotor,Moto/Ciclomotor","6 de Caballeria Y Belgrano",3,2,0,0,0,0,1,,"Calle",,"TOSTADO","9 de Julio","Asfalto","No existe","XII","S/D","Urbana","Ninguna","No existe","Intersección","Bueno","Buena","Diurna","Buen Tiempo","Lateral","S/D","Colisión","Ninguna","Faltante","S/D","Sin restricción"
2017,7784,10/26/2017,"Jueves",0,,,"0.0",3,"Transporte de Pasajeros Urbano (> 8 asientos),Moto/Ciclomotor,Moto/Ciclomotor","RAUL ALFONSIN Y FONTANA",5,2,2,0,1,0,0,,"Calle",,"ROSARIO","Rosario","Asfalto","S/D","II","S/D","Urbana","S/D","S/D","S/D","Bueno","Buena","Nocturna","Buen Tiempo","Múltiple","S/D","Colisión","S/D","S/D","S/D","S/D"
2017,7785,10/8/2017,"Domingo",0,23:40:00,,"0.0",2,"Moto/Ciclomotor,Automóvil","Buenos Aires 1500",2,1,0,0,1,0,0,,"Calle",,"SAN GENARO","San Jerónimo","Hormigón","Pavimento","XV","Dentro","Urbana","Ninguna","No existe","Intersección","Con baches","Buena","Nocturna,Con luz artificial","Buen Tiempo","Lateral","S/D","Colisión","Ninguna","Faltante","Ninguna","Sin restricción"
2017,7786,10/28/2017,"Sabado",0,2:00:00,,"0.0",2,"Automóvil,Moto/Ciclomotor","Comandante Razzetti Y Art Ramon Villarreal",2,0,1,0,1,0,0,,"Calle",,"TOSTADO","9 de Julio","Asfalto","No existe","XII","S/D","Urbana","Ninguna","No existe","Recta","Bueno","Buena","Nocturna","Buen Tiempo","Lateral","S/D","Colisión","Ninguna","S/D","Ninguna","S/D"
2017,7787,10/9/2017,"Lunes",0,20:05:00,,"0.0",2,"Moto/Ciclomotor,Moto/Ciclomotor","LISANDRO DE LA TORRE Y RICARDO BALBIN",4,4,0,0,0,0,0,,"Calle",,"SAN GENARO","San Jerónimo","Asfalto","No existe","XV","Dentro","Urbana","Ninguna","No existe","Intersección","Deteriorada","Buena","Nocturna,Con luz artificial","Buen Tiempo","Lateral","S/D","Colisión","Ninguna","Faltante","Ninguna","Sin restricción"
2017,7788,10/25/2017,"Miercoles",0,12:45:00,,"0.0",2,"Pickup/Utilitario,Moto/Ciclomotor","Avenida San Martin Y Alvear",2,0,1,0,1,0,0,,"Calle",,"TOSTADO","9 de Julio","Asfalto","No existe","XII","Dentro","Urbana","Ninguna","No existe","Intersección","Bueno","Buena","Diurna","Buen Tiempo","Lateral","S/D","Colisión","Ninguna","Faltante","Ninguna","Sin restricción"
2017,7789,10/3/2017,"Martes",0,0:45:00,"Ruta Nacional 11","802.0",3,"Camión c / Semirremolque,Camión c / Acoplado,Camión c / Semirremolque"," ",3,1,0,0,1,1,0,"-29.043180, -59.607163","Ruta",11,"AVELLANEDA","General Obligado","Asfalto","Natural","IX","Dentro","Rural","Ninguna","No existe","Curva","Bueno","Buena","Nocturna","Buen Tiempo","Múltiple","S/D","Colisión,Incendio","Ninguna","S/D","Línea divisoria pintada","Sin restricción"
2017,7790,10/19/2017,"Jueves",0,13:55:00,"Ruta Nacional 95","831.0",2,"Camión Chasis,Camión c / Acoplado"," ",3,3,0,0,0,0,0,,"Ruta",95,"VILLA MINETTI","9 de Julio","Asfalto","Natural","XII","Dentro","Rural","Ninguna","No existe","Recta","Otro","Buena","Diurna","Buen Tiempo","Frontal","S/D","Colisión","Ninguna","Vertical","Ninguna","Obra en Construcción"
2017,7791,10/26/2017,"Jueves",0,,,"0.0",2,"Automóvil,Moto/Ciclomotor","RAUL ALFONSIN Y FONTANA",2,0,1,0,1,0,0,,"Calle",,"ROSARIO","Rosario","Asfalto","No existe","II","S/D","Urbana","S/D","S/D","S/D","Bueno","Buena","Nocturna","Buen Tiempo","Frontal","S/D","Colisión","S/D","S/D","S/D","S/D"
2017,7792,10/13/2017,"Viernes",0,20:00:00,,"0.0",2,"Automóvil,Automóvil","Lisandro de la Torre Y Ruta Nac 33",3,2,1,0,0,0,0,,"Calle",,"VENADO TUERTO","General López","Asfalto","Pavimento","VIII","S/D","Urbana","Ninguna","No existe","Intersección","Bueno","Buena","Nocturna","Buen Tiempo","S/D","S/D","Colisión","Ninguna","S/D","Ninguna","Sin restricción"
2017,7793,10/14/2017,"Sabado",0,20:00:00,,"0.0",2,"Moto/Ciclomotor,Automóvil","1ro de Mayo Y Belgrano",3,2,0,0,1,0,0,,"Calle",,"GÁLVEZ","San Jerónimo","Asfalto","No existe","XV","S/D","Urbana","Ninguna","No existe","Intersección","Bueno","Buena","Nocturna","Buen Tiempo","Lateral","S/D","Colisión","Ninguna","Faltante","Ninguna","Sin restricción"
2017,7794,10/28/2017,"Sabado",0,,,"0.0",2,"Automóvil,Moto/Ciclomotor","Av. Circunvalacion ",3,1,0,0,2,0,0,,"Avenida",,"ROSARIO","Rosario","Asfalto","S/D","II","S/D","Urbana","S/D","S/D","S/D","Bueno","S/D","Diurna","Buen Tiempo","Frontal","S/D","Colisión","S/D","S/D","S/D","S/D"
2017,7795,9/9/2017,"Sabado",0,,,"0.0",1,"Automóvil","Comisario Valentin Kaiser Y Simon de Iriondo",1,0,0,0,0,1,0,"-31.24816, -61.50997","Calle",,"RAFAELA","Castellanos","S/D","S/D","V","S/D","Urbana","S/D","S/D","S/D","S/D","S/D","Nocturna","S/D","Contra objeto fijo","S/D","Colisión","S/D","S/D","S/D","S/D"
2017,7796,10/26/2017,"Jueves",0,8:40:00,"Ruta Nacional A012","10.0",2,"Moto/Ciclomotor,Pickup/Utilitario"," ",2,0,0,1,1,0,0,,"Ruta","A012","PIÑERO","Rosario","Asfalto","Ripio","II","Dentro","Urbana","Ninguna","No existe","Recta","Bueno","Buena","Diurna","Buen Tiempo","De alcance","S/D","Colisión","Ninguna","Horizontal,Vertical","Línea divisoria pintada","Sin restricción"
2017,7797,10/9/2017,"Lunes",0,18:01:00,,"0.0",2,"Automóvil,Moto/Ciclomotor","Santa Fe Y 9 de Julio",2,0,1,0,1,0,0,,"Calle",,"VENADO TUERTO","General López","Asfalto","No existe","VIII","S/D","Urbana","Ninguna","No existe","Intersección","Bueno","Buena","Atardecer","Buen Tiempo","S/D","S/D","Colisión","Ninguna","S/D","Ninguna","Sin restricción"
2017,7798,10/14/2017,"Sabado",0,18:00:00,,"0.0",2,"Automóvil,Moto/Ciclomotor","Primera Junta Y Balcarce",2,1,0,0,1,0,0,,"Calle",,"GÁLVEZ","San Jerónimo","Asfalto","No existe","XV","S/D","Urbana","Ninguna","No existe","Intersección","Bueno","Buena","Con luz artificial","Buen Tiempo","Lateral","S/D","Colisión","Ninguna","Faltante","Ninguna","Sin restricción"
2017,7799,10/1/2017,"Domingo",0,19:00:00,,"0.0",2,"Moto/Ciclomotor,Automóvil","Berrini Y Manuel De Falla",3,2,0,0,0,0,1,,"Calle",,"ROSARIO","Rosario","Asfalto","No existe","II","Dentro","Urbana","Ninguna","No existe","Intersección","Bueno","Buena","Atardecer","Buen Tiempo","S/D","S/D","Colisión","Ninguna","Faltante","Ninguna","Sin restricción"
2017,7800,10/22/2017,"Domingo",0,11:30:00,"Ruta Provincial 17","0.0",1,"Automóvil"," ",2,2,0,0,0,0,0,,"Ruta",17,"LOGROÑO","9 de Julio","Asfalto","Natural","XII","Fuera","S/D","Ninguna","No existe","Recta","Bueno","Buena","Diurna","Buen Tiempo","Otro","S/D","Vuelco","Ninguna","Horizontal","Línea divisoria pintada","Sin restricción"
2017,7801,10/8/2017,"Domingo",0,13:30:00,,"0.0",2,"Moto/Ciclomotor,Automóvil","Corrientes Y Gral Urquiza",2,1,0,0,1,0,0,,"Calle",,"GÁLVEZ","San Jerónimo","Asfalto","No existe","XV","S/D","Urbana","Ninguna","No existe","Intersección","Bueno","Buena","Diurna","Otro","Lateral","S/D","Colisión","Ninguna","Faltante","Ninguna","Sin restricción"
2017,7802,10/20/2017,"Viernes",0,13:00:00,,"0.0",1,"Automóvil","Suipacha 235",1,1,0,0,0,0,0,,"Calle",,"GÁLVEZ","San Jerónimo","S/D","No existe","XV","S/D","Urbana","Ninguna","No existe","Recta","Bueno","Buena","Diurna","Otro","Contra objeto fijo","S/D","Colisión","Ninguna","Faltante","Ninguna","Sin restricción"
2017,7803,10/25/2017,"Miercoles",0,10:56:00,"Ruta Nacional 95","927.0",2,"Camión c / Acoplado,Bicicleta"," ",2,0,0,1,1,0,0,,"Ruta",95,"GATO COLORADO","9 de Julio","Asfalto","Natural","XII","S/D","Rural","Ninguna","No existe","Recta","Bueno","Buena","Diurna","Buen Tiempo","S/D","Ciclista","Atropello","Ninguna","Horizontal","Ninguna","Sin restricción"
2017,7804,10/24/2017,"Martes",0,8:00:00,,"0.0",2,"Automóvil,Moto/Ciclomotor","Gral Jose de San Martin Y Cardozo",2,1,0,0,1,0,0,,"Calle",,"ARROYO SECO","Rosario","Asfalto","S/D","II","Dentro","Urbana","Ninguna","S/D","Intersección","Deteriorada","S/D","S/D","Buen Tiempo","Lateral","S/D","Colisión","Ninguna","Faltante","Ninguna","Sin restricción"
2017,7805,10/9/2017,"Lunes",0,20:00:00,,"0.0",2,"Bicicleta,Transporte de Pasajeros Urbano (> 8 asientos)","Camino de los Granaderos Y Palestina",2,1,0,0,1,0,0,,"Calle",,"ROSARIO","Rosario","Asfalto","No existe","II","Dentro","Urbana","Semáforo","Funciona","Intersección","Bueno","Buena","Nocturna","Buen Tiempo","S/D","Ciclista","Atropello","Ninguna","Horizontal,Vertical","Cordón divisorio","Sin restricción"
2017,7806,10/1/2017,"Domingo",0,14:30:00,,"0.0",2,"Moto/Ciclomotor,Moto/Ciclomotor","Bme Mitre 950",4,3,0,0,1,0,0,,"Calle",,"GÁLVEZ","San Jerónimo","Asfalto","No existe","XV","Dentro","Urbana","Ninguna","No existe","Recta","Bueno","Buena","Diurna","Buen Tiempo","Lateral","S/D","Colisión","Material Suelto","Faltante","Ninguna","Sin restricción"
2017,7807,10/15/2017,"Domingo",0,9:30:00,,"0.0",2,"Moto/Ciclomotor,Moto/Ciclomotor","RAUL ACOSTA Y CLEMENTE CHAZARRETA",3,2,0,0,0,0,1,,"S/D",,"GATO COLORADO","9 de Julio","Ripio","No existe","XII","S/D","Urbana","Ninguna","No existe","Intersección","S/D","Buena","Diurna","Buen Tiempo","Lateral","S/D","Colisión","S/D","S/D","S/D","Sin restricción"
2017,7808,10/13/2017,"Viernes",0,18:30:00,,"0.0",2,"Moto/Ciclomotor,Automóvil","Palestina Y Los Cocos",3,1,0,0,1,0,1,,"Calle",,"ROSARIO","Rosario","Asfalto","No existe","II","Dentro","Urbana","Ninguna","No existe","Intersección","Bueno","Buena","Diurna","Buen Tiempo","S/D","S/D","Colisión","Ninguna","Faltante","Ninguna","Sin restricción"
2017,7809,10/7/2017,"Sabado",0,11:00:00,"Autopista Nacional Rosario -Cordoba","316.0",1,"Automóvil"," ",4,3,0,0,0,1,0,"-32.922775, -60.916659","Autopista","Rosario -Cordoba","ROLDÁN","San Lorenzo","Asfalto","Natural","XVII","Dentro","Rural","Ninguna","No existe","Curva","Con baches","Buena","Diurna","Buen Tiempo","S/D","S/D","Vuelco","Ninguna","Faltante","Vegetación","Sin restricción"
2017,7810,10/16/2017,"Lunes",0,10:00:00,,"0.0",2,"Moto/Ciclomotor,Automóvil","Av. Irigoyen 1500",2,1,0,0,1,0,0,,"Avenida",,"ROSARIO","Rosario","Asfalto","No existe","II","S/D","Urbana","Ninguna","No existe","Intersección","Bueno","Buena","Diurna","Buen Tiempo","Lateral","S/D","Colisión","Ninguna","Faltante","Ninguna","Sin restricción"
2017,7811,10/27/2017,"Viernes",0,12:15:00,,"0.0",2,"Moto/Ciclomotor,Moto/Ciclomotor","CAMINO DE LOS LADRILLEROS 3800",3,2,0,0,1,0,0,,"Calle",,"ROSARIO","Rosario","Asfalto","No existe","II","Dentro","Urbana","Ninguna","No existe","Recta","Bueno","Buena","Diurna","Buen Tiempo","S/D","S/D","Colisión","Ninguna","Faltante","Ninguna","Sin restricción"
2017,7812,10/6/2017,"Viernes",0,17:10:00,,"0.0",2,"Pickup/Utilitario,Automóvil","Cazadores Y Santiago",2,1,0,0,1,0,0,,"Calle",,"ROSARIO","Rosario","Asfalto","No existe","II","Dentro","Urbana","Ninguna","No existe","Intersección","Bueno","Buena","Diurna","Buen Tiempo","Lateral","S/D","Colisión","Ninguna","Faltante","Ninguna","Sin restricción"
2017,7813,10/17/2017,"Martes",0,10:50:00,,"0.0",2,"Moto/Ciclomotor,Automóvil","Av. Battle y Ordoñez Y Italia",2,1,0,0,1,0,0,,"Avenida",,"ROSARIO","Rosario","Asfalto","No existe","II","Dentro","Urbana","Ninguna","No existe","Intersección","Bueno","Buena","Diurna","Buen Tiempo","Lateral","S/D","Colisión","Ninguna","Horizontal","Cordón divisorio","Sin restricción"
2017,7814,10/21/2017,"Sabado",0,20:30:00,,"0.0",2,"Moto/Ciclomotor,Automóvil","Pueyrredon Y Esteban de Luca",2,1,0,0,1,0,0,,"Calle",,"ROSARIO","Rosario","Asfalto","No existe","II","Dentro","Urbana","Ninguna","No existe","Intersección","Bueno","Buena","Nocturna,Con luz artificial","Buen Tiempo","Lateral","S/D","Colisión","Ninguna","Faltante","Ninguna","Sin restricción"
2017,7815,10/12/2017,"Jueves",0,18:30:00,,"0.0",2,"Automóvil,Automóvil","Cereseto Y Av. Ntra.Sra.del Rosario",2,1,0,0,1,0,0,,"Calle",,"ROSARIO","Rosario","Asfalto","No existe","II","Dentro","Urbana","Ninguna","No existe","Intersección","Bueno","Buena","Atardecer","Buen Tiempo","Lateral","S/D","Colisión","Ninguna","Faltante","Ninguna","Sin restricción"
2017,7816,10/7/2017,"Sabado",0,23:20:00,,"0.0",2,"Moto/Ciclomotor,Taxi/Remis","Balcarce Y Av. Battle y Ordoñez",3,1,0,0,2,0,0,,"Avenida",,"ROSARIO","Rosario","Asfalto","No existe","II","S/D","Urbana","Semáforo","Funciona","Intersección","Bueno","Buena","Nocturna,Con luz artificial","Buen Tiempo","Lateral","S/D","Colisión","Ninguna","Horizontal,Vertical","Cordón divisorio","Sin restricción"
2017,7817,10/20/2017,"Viernes",0,11:10:00,,"0.0",3,"Peatón,Peatón,Automóvil","Bv. Avellaneda Y Uruguay",3,1,0,0,2,0,0,,"Avenida",,"ROSARIO","Rosario","Asfalto","No existe","II","Dentro","Urbana","Semáforo","Funciona","Intersección","Bueno","Buena","Diurna","Buen Tiempo","S/D","Peatón","Atropello","Ninguna","Horizontal,Vertical","Cordón divisorio","Sin restricción"
2017,7818,10/9/2017,"Lunes",0,16:10:00,,"0.0",2,"Moto/Ciclomotor,Automóvil","Av. Ovidio Lagos Y Garibaldi",2,1,0,0,1,0,0,,"Avenida",,"ROSARIO","Rosario","Asfalto","No existe","II","Dentro","Urbana","Otra Señal","No existe","Recta","Deteriorada","Buena","Diurna","Buen Tiempo","Frontal","S/D","Colisión","Ninguna","Faltante","Cordón divisorio","Sin restricción"
2017,7819,10/18/2017,"Miercoles",0,20:20:00,,"0.0",2,"Automóvil,Moto/Ciclomotor","Bv. Segui Y Pje. Santa Matilde",2,1,0,0,1,0,0,,"Avenida",,"ROSARIO","Rosario","Asfalto","No existe","II","Dentro","Urbana","Ninguna","No existe","Intersección","Bueno","Buena","Nocturna","Buen Tiempo","Lateral","S/D","Colisión","Ninguna","Faltante","Cordón divisorio","Sin restricción"
2017,7820,10/15/2017,"Domingo",0,17:45:00,,"0.0",2,"Bicicleta,Automóvil","Nahuel Huapi 3800",2,1,0,0,1,0,0,,"Calle",,"ROSARIO","Rosario","Asfalto","No existe","II","Dentro","Urbana","Ninguna","No existe","Recta","Bueno","Buena","Diurna","Buen Tiempo","S/D","Ciclista","Atropello","Ninguna","Horizontal","Ninguna","Sin restricción"
2017,7821,10/19/2017,"Jueves",0,20:05:00,,"0.0",2,"Moto/Ciclomotor,Automóvil","Bvard 20 de Junio Y Avda. Jorge Newbery",2,1,0,0,1,0,0,,"Avenida",,"GÁLVEZ","San Jerónimo","Asfalto","No existe","XV","Dentro","Urbana","Ninguna","No existe","Intersección","Bueno","Buena","Nocturna","Buen Tiempo","S/D","S/D","Colisión","Ninguna","S/D","Ninguna","Sin restricción"
2017,7822,10/25/2017,"Miercoles",0,11:20:00,,"0.0",2,"Pickup/Utilitario,Moto/Ciclomotor","Capitan Bermudez Y Sarmiento",2,1,0,0,1,0,0,,"Calle",,"GÁLVEZ","San Jerónimo","Asfalto","No existe","XV","Dentro","Urbana","Ninguna","No existe","Intersección","Bueno","Buena","Diurna","Buen Tiempo","Lateral","S/D","Colisión","Ninguna","S/D","Vegetación","Sin restricción"
2017,7823,10/3/2017,"Martes",0,12:30:00,,"0.0",2,"Moto/Ciclomotor,Automóvil","Las Casuarinas Y El Jilguero",2,1,0,0,1,0,0,,"Calle",,"PEREZ","Rosario","Asfalto","No existe","II","S/D","Urbana","S/D","No existe","Intersección","Bueno","Buena","Diurna","Buen Tiempo","S/D","S/D","Colisión","S/D","Faltante","Ninguna","Sin restricción"
2017,7824,12/22/2017,"Viernes",0,7:00:00,,"0.0",2,"Transporte de Pasajeros Urbano (> 8 asientos),Pickup/Utilitario","9 De Julio Y Sucre",4,3,0,0,1,0,0,"-32.944527777778,-60.691888888889","Calle",,"ROSARIO","Rosario","Asfalto","No existe","II","S/D","Urbana","Ninguna","No existe","Recta","Bueno","Buena","Diurna","Buen Tiempo","De alcance","S/D","Colisión","Ninguna","S/D","Ninguna","Sin restricción"
2017,7825,12/27/2017,"Miercoles",0,,,"0.0",2,"Automóvil,Moto/Ciclomotor","Ricchieri Y Santa Fe",3,2,0,0,0,0,1,"-32.940666666667,-60.662472222222","Calle",,"ROSARIO","Rosario","Asfalto","S/D","II","S/D","Urbana","S/D","S/D","Recta","Con baches","S/D","S/D","Buen Tiempo","S/D","S/D","Colisión","S/D","S/D","S/D","S/D"