"anio_acci","nro_acci","fecha","desc_dia","fecha_aprox","hora_aprox","desc_ruta","km","cant_participantes","desc_participante","calle_avenida_km","total","heridos_leves","heridos_graves","heridos_gravisimos","ilesos","fallecidos","sin_datos","posicion_XY","desc_tipo_via","desc_ruta_ori","desc_loc","desc_dpto","desc_tipo_calzada","desc_tipo_banquina","desc_unidad_regional","desc_lugar_calzada","desc_zona","desc_prioridad","desc_estado_semaforo","desc_lugar_via","desc_estado_via","desc_estado_visibilidad","desc_luminosidad","desc_estado_clima","desc_tipo_colision","desc_tipo_atropello","desc_tipo_hecho","desc_pres_calzada","desc_senializacion","desc_separacion_via","desc_restriccion"
2017,7826,12/19/2017,"Martes",0,8:40:00,,"0.0",4,"Automóvil,Automóvil,Peatón,Automóvil","L.N.Alem Y Pasco",4,1,0,0,2,0,1,"-32.961333333333,-60.631611111111","Calle",,"ROSARIO","Rosario","Asfalto","S/D","II","S/D","Urbana","S/D","S/D","Recta","Bueno","S/D","Diurna","S/D","S/D","Peatón","Colisión,Atropello","S/D","S/D","S/D","S/D"
2017,7827,12/18/2017,"Lunes",0,22:00:00,,"0.0",2,"Taxi/Remis,Bicicleta","Sarmiento Y San Lorenzo",2,1,0,0,1,0,0,"-32.944194444444,-60.637638888889","Calle",,"ROSARIO","Rosario","Asfalto","S/D","II","S/D","Urbana","S/D","S/D","Recta","Bueno","S/D","Nocturna","S/D","S/D","Ciclista","Atropello","S/D","S/D","S/D","S/D"
2017,7828,12/28/2017,"Jueves",0,16:20:00,,"0.0",2,"Automóvil,Pickup/Utilitario","Crespo Y San Lorenzo",2,1,0,0,0,0,1,"-32.93875,-60.667666666667","Calle",,"ROSARIO","Rosario","Asfalto","S/D","II","S/D","Urbana","S/D","S/D","Intersección","S/D","S/D","S/D","S/D","S/D","S/D","S/D","S/D","S/D","S/D","S/D"
2017,7829,12/11/2017,"Lunes",0,1:30:00,,"0.0",2,"Automóvil,Moto/Ciclomotor","Mitre Y Urquiza",2,1,0,0,0,0,1,"-32.942722222222,-60.638694444444","Calle",,"ROSARIO","Rosario","Asfalto","S/D","II","S/D","Urbana","S/D","No existe","Recta","S/D","Buena","Nocturna","S/D","S/D","S/D","Colisión","S/D","S/D","S/D","S/D"
2017,7830,12/22/2017,"Viernes",0,12:30:00,,"0.0",2,"Pickup/Utilitario,Pickup/Utilitario","Catamarca Y Constitucion",3,2,0,0,0,0,1,"-32.934222222222,-60.67225","Calle",,"ROSARIO","Rosario","Asfalto","S/D","II","S/D","Urbana","S/D","S/D","Intersección","Bueno","S/D","S/D","S/D","S/D","S/D","S/D","S/D","S/D","S/D","S/D"
2017,7831,12/11/2017,"Lunes",0,22:25:00,,"0.0",2,"Vehículo Oficial,Moto/Ciclomotor","San Juan Y Crespo",4,1,0,0,3,0,0,"-32.944777777778,-60.669222222222","Calle",,"SANTA FE","La Capital","Asfalto","S/D","II","S/D","Urbana","S/D","S/D","Recta","Bueno","S/D","Nocturna","S/D","S/D","S/D","Colisión","S/D","S/D","S/D","S/D"
2017,7832,12/23/2017,"Sabado",0,12:20:00,,"0.0",2,"Moto/Ciclomotor,Automóvil","Amenabar Y Santiago",2,1,0,0,1,0,0,"-32.968972222222,-60.662555555556","Calle",,"ROSARIO","Rosario","Asfalto","No existe","II","Dentro","Urbana","Ninguna","No existe","Intersección","Bueno","Buena","Diurna","Buen Tiempo","Lateral","S/D","Colisión","Ninguna","Faltante","Ninguna","Sin restricción"
2017,7833,12/20/2017,"Miercoles",0,10:20:00,,"0.0",2,"Moto/Ciclomotor,Automóvil","Bv. 27 De Febrero Y Italia",2,1,0,0,1,0,0,"-32.966,-60.65325","Avenida",,"ROSARIO","Rosario","Asfalto","No existe","II","Dentro","Urbana","Semáforo","Funciona","Intersección","Bueno","Buena","Diurna","Buen Tiempo","Lateral","S/D","Colisión","Ninguna","Vertical","Cordón divisorio","Sin restricción"
2017,7834,12/16/2017,"Sabado",0,9:27:00,,"0.0",2,"Peatón,Automóvil","Dorrego Y Montevideo",2,1,0,0,0,0,1,"-32.954138888889,-60.651666666667","Calle",,"ROSARIO","Rosario","Asfalto","S/D","II","S/D","Urbana","S/D","S/D","Recta","Bueno","S/D","Diurna","Buen Tiempo","S/D","Peatón","Atropello","S/D","S/D","S/D","S/D"
2017,7835,12/15/2017,"Viernes",0,3:40:00,,"0.0",2,"Automóvil,Automóvil","Tucuman ",4,2,0,0,2,0,0,,"Calle",,"ROSARIO","Rosario","Asfalto","S/D","II","S/D","Urbana","S/D","S/D","Recta","Bueno","S/D","Nocturna","Otro","Contra objeto fijo","S/D","Colisión","S/D","S/D","S/D","S/D"
2017,7836,12/20/2017,"Miercoles",0,7:50:00,,"0.0",2,"Bicicleta,Automóvil","Bv. Oroño Y Av. Dante Alighieri",2,1,0,0,1,0,0,"-32.961638888889,-60.657805555556","Avenida",,"ROSARIO","Rosario","Asfalto","No existe","II","Dentro","Urbana","Ninguna","No existe","Intersección","Bueno","Buena","Diurna","Buen Tiempo","Lateral","Ciclista","Atropello","Ninguna","Faltante","S/D","Sin restricción"
2017,7837,12/14/2017,"Jueves",0,8:20:00,,"0.0",2,"Automóvil,Moto/Ciclomotor","9 De Julio Y Pte.Roca",2,1,0,0,1,0,0,"-32.952583333333,-60.646972222222","Calle",,"ROSARIO","Rosario","Asfalto","S/D","II","S/D","Urbana","S/D","S/D","Recta","Bueno","Buena","Diurna","S/D","S/D","S/D","Colisión","S/D","S/D","S/D","S/D"
2017,7838,12/19/2017,"Martes",0,20:55:00,,"0.0",2,"Moto/Ciclomotor,Automóvil","Sarmiento Y Galvez",4,2,0,0,2,0,0,"-32.968777777778,-60.643777777778","Calle",,"ROSARIO","Rosario","Asfalto","No existe","II","Dentro","Urbana","Ninguna","No existe","Intersección","Bueno","Buena","Atardecer,Con luz artificial","Buen Tiempo","Lateral","S/D","Colisión","Ninguna","S/D","Ninguna","Sin restricción"
2017,7839,12/11/2017,"Lunes",0,12:00:00,,"0.0",1,"Transporte de Pasajeros Urbano (> 8 asientos)","Paraguay Y E.Zeballos",2,1,0,0,1,0,0,"-32.954,-60.645888888889","Calle",,"ROSARIO","Rosario","Asfalto","S/D","II","S/D","Urbana","S/D","No existe","Recta","Bueno","Buena","Diurna","Buen Tiempo","Otro","S/D","S/D","S/D","S/D","S/D","S/D"
2017,7840,12/14/2017,"Jueves",0,19:10:00,,"0.0",2,"Moto/Ciclomotor,Moto/Ciclomotor","Av. Ovidio Lagos Y Av. Pte.Peron",2,1,0,0,1,0,0,"-32.955527777778,-60.66475","Avenida",,"ROSARIO","Rosario","Asfalto","No existe","II","Dentro","Urbana","Semáforo","Funciona","Intersección","Bueno","Buena","Diurna","Buen Tiempo","Lateral","S/D","Colisión","Ninguna","Vertical","Cordón divisorio","Sin restricción"
2017,7841,12/12/2017,"Martes",0,21:20:00,,"0.0",2,"Transporte de Pasajeros Urbano (> 8 asientos),Automóvil","Av. Corrientes Y San Luis",2,1,0,0,1,0,0,"-32.948277777778,-60.643","Calle",,"ROSARIO","Rosario","Asfalto","S/D","II","S/D","Urbana","S/D","Funciona","Recta","Bueno","Buena","Nocturna","S/D","S/D","S/D","S/D","S/D","S/D","S/D","S/D"
2017,7842,12/14/2017,"Jueves",0,16:20:00,,"0.0",2,"Moto/Ciclomotor,Automóvil","Av. Corrientes Y La Paz",4,1,0,0,3,0,0,"-32.963416666667,-60.646833333333","Avenida",,"ROSARIO","Rosario","Asfalto","No existe","II","Dentro","Urbana","S/D","S/D","Recta","Bueno","Buena","Diurna","Buen Tiempo","Lateral","S/D","Colisión","Ninguna","S/D","Ninguna","Sin restricción"
2017,7843,12/12/2017,"Martes",0,14:00:00,,"0.0",2,"Moto/Ciclomotor,Automóvil","Rivadavia 2321",2,1,0,0,1,0,0,"-32.931777777778,-60.652027777778","Calle",,"ROSARIO","Rosario","Asfalto","S/D","II","S/D","Urbana","S/D","S/D","Recta","Bueno","Buena","Diurna","S/D","S/D","S/D","S/D","S/D","S/D","S/D","S/D"
2017,7844,12/7/2017,"Jueves",0,23:30:00,,"0.0",2,"Moto/Ciclomotor,Automóvil","Entre Rios Y 3 De Febrero",2,1,0,0,1,0,0,"-32.95225,-60.642555555556","Calle",,"ROSARIO","Rosario","Asfalto","S/D","II","S/D","Urbana","S/D","No funciona","Recta","Otro","S/D","S/D","Otro","Otro","S/D","Colisión","S/D","S/D","S/D","S/D"
2017,7845,12/9/2017,"Sabado",0,15:40:00,,"0.0",2,"Moto/Ciclomotor,Automóvil","Bv. Oroño Y Av. Lugones",3,1,0,0,2,0,0,"-32.958166666667,-60.656944444444","Avenida",,"ROSARIO","Rosario","Asfalto","No existe","II","Dentro","Urbana","Señal Ceda el Paso","No existe","Intersección","Bueno","Buena","Diurna","Buen Tiempo","Lateral","S/D","Colisión","Ninguna","Vertical","Ninguna","Sin restricción"
2017,7846,12/10/2017,"Domingo",0,9:35:00,,"0.0",2,"Peatón,Automóvil","Mendoza Y Av. Corrientes",2,1,0,0,1,0,0,"-32.95075,-60.643638888889","Calle",,"ROSARIO","Rosario","Asfalto","S/D","II","S/D","Urbana","S/D","Funciona","Recta","Bueno","S/D","Diurna","S/D","S/D","Peatón","Atropello","S/D","S/D","S/D","S/D"
2017,7847,12/6/2017,"Miercoles",0,12:45:00,,"0.0",2,"Moto/Ciclomotor,Automóvil","Mitre Y Viamonte",2,1,0,0,1,0,0,"-32.965055555556,-60.644305555556","Calle",,"ROSARIO","Rosario","Asfalto","No existe","II","Dentro","Urbana","Ninguna","No existe","Intersección","Bueno","Buena","Diurna","Buen Tiempo","Lateral","S/D","Colisión","Ninguna","Faltante","Ninguna","Sin restricción"
2017,7848,12/11/2017,"Lunes",0,12:40:00,,"0.0",2,"Moto/Ciclomotor,Taxi/Remis","Bv. 27 De Febrero Y Maipu",2,1,0,0,1,0,0,"-32.968,-60.640722222222","Calle",,"ROSARIO","Rosario","Asfalto","S/D","II","S/D","Urbana","S/D","S/D","Recta","Bueno","Buena","Diurna","S/D","S/D","S/D","Colisión","S/D","S/D","S/D","S/D"
2017,7849,12/11/2017,"Lunes",0,14:20:00,,"0.0",2,"Bicicleta,Transporte de Pasajeros Urbano (> 8 asientos)","Entre Rios Y Mendoza",2,1,0,0,1,0,0,"-32.951,-60.642222222222","Calle",,"ROSARIO","Rosario","Asfalto","S/D","II","S/D","Urbana","S/D","S/D","Recta","Bueno","Buena","Diurna","Buen Tiempo","Otro","Ciclista","Atropello","S/D","S/D","S/D","S/D"
2017,7850,12/5/2017,"Martes",0,11:40:00,,"0.0",2,"Automóvil,Transporte de Pasajeros Urbano (> 8 asientos)","Italia Y Rueda",7,6,0,0,1,0,0,"-32.969305555556,-60.654027777778","Calle",,"ROSARIO","Rosario","Asfalto","No existe","II","Dentro","Urbana","Ninguna","No existe","Intersección","Bueno","Buena","Diurna","Buen Tiempo","Lateral","S/D","Colisión","Ninguna","Faltante","Ninguna","Sin restricción"
2017,7851,12/10/2017,"Domingo",0,22:10:00,,"0.0",2,"Automóvil,Bicicleta","Av. Wheelwright Y Pte.Roca",2,1,0,0,1,0,0,"-32.935888888889,-60.642833333333","Calle",,"ROSARIO","Rosario","Asfalto","S/D","II","S/D","Urbana","S/D","S/D","Recta","Bueno","S/D","Nocturna","S/D","Otro","Ciclista","Atropello","S/D","S/D","S/D","S/D"
2017,7852,12/7/2017,"Jueves",0,19:25:00,,"0.0",2,"Automóvil,Moto/Ciclomotor","Bv. Oroño Y E.Zeballos",2,1,0,0,1,0,0,"-32.952277777778,-60.655583333333","Calle",,"ROSARIO","Rosario","Asfalto","S/D","II","S/D","Urbana","S/D","S/D","Recta","Bueno","Buena","Nocturna","S/D","S/D","S/D","Colisión","S/D","S/D","S/D","S/D"
2017,7853,12/28/2017,"Jueves",0,11:20:00,,"0.0",2,"Moto/Ciclomotor,Automóvil","Bv. Oroño Y Av. Dante Alighieri",2,1,0,0,1,0,0,"-32.961638888889,-60.657805555556","Avenida",,"ROSARIO","Rosario","Asfalto","No existe","II","Dentro","Urbana","Ninguna","No existe","Intersección","Bueno","Buena","Diurna","Buen Tiempo","Frontal","S/D","Colisión","S/D","S/D","Ninguna","Sin restricción"
2017,7854,12/6/2017,"Miercoles",0,0:45:00,,"0.0",2,"Moto/Ciclomotor,Automóvil","Guemes Y Bv. Oroño",3,2,0,0,1,0,0,,"Calle",,"ROSARIO","Rosario","Asfalto","S/D","II","S/D","Urbana","S/D","S/D","Recta","Otro","Buena","Nocturna","S/D","S/D","S/D","Colisión","S/D","S/D","S/D","S/D"
2017,7855,11/30/2017,"Jueves",0,17:00:00,,"0.0",2,"Pickup/Utilitario,Automóvil","Galvez Y Mariano Moreno",2,1,0,0,1,0,0,"-32.966527777778,-60.656194444444","Calle",,"ROSARIO","Rosario","Asfalto","No existe","II","Dentro","Urbana","Ninguna","No existe","Intersección","Resbaladiza","Buena","Diurna","Lluvia","Lateral","S/D","Colisión","Agua","Faltante","Ninguna","Sin restricción"
2017,7856,12/6/2017,"Miercoles",0,14:45:00,,"0.0",2,"Moto/Ciclomotor,Automóvil","Paraguay 800",2,1,0,0,1,0,0,"-32.945416666667,-60.643722222222","Calle",,"ROSARIO","Rosario","Asfalto","S/D","II","S/D","Urbana","S/D","S/D","Recta","Bueno","Buena","Diurna","Buen Tiempo","Otro","S/D","Otro","S/D","S/D","S/D","S/D"
2017,7857,12/1/2017,"Viernes",0,22:00:00,,"0.0",2,"Peatón,Moto/Ciclomotor","Av. Corrientes Y Amenabar",2,2,0,0,0,0,0,"-32.971416666667,-60.648861111111","Calle",,"ROSARIO","Rosario","Asfalto","S/D","II","Dentro","Urbana","S/D","No existe","Intersección","Bueno","Buena","Con luz artificial","Buen Tiempo","S/D","Peatón","Atropello","S/D","S/D","Ninguna","Sin restricción"
2017,7858,12/6/2017,"Miercoles",0,18:50:00,,"0.0",2,"Automóvil,Peatón","Italia Y Salta",2,1,0,0,1,0,0,"-32.937694444444,-60.646138888889","Calle",,"ROSARIO","Rosario","Asfalto","S/D","II","S/D","Urbana","S/D","No existe","Recta","Bueno","Buena","Atardecer","S/D","S/D","Peatón","Atropello","S/D","S/D","S/D","S/D"
2017,7859,12/6/2017,"Miercoles",0,18:15:00,,"0.0",2,"Taxi/Remis,Peatón","San Lorenzo Y Entre Rios",2,1,0,0,1,0,0,"-32.943611111111,-60.640388888889","Calle",,"ROSARIO","Rosario","Asfalto","S/D","II","S/D","Urbana","S/D","No existe","Recta","Bueno","Buena","Atardecer","Buen Tiempo","Otro","S/D","Otro","S/D","S/D","S/D","S/D"
2017,7860,12/6/2017,"Miercoles",0,12:55:00,,"0.0",2,"Taxi/Remis,Moto/Ciclomotor","Santa Fe 1780",3,1,0,0,2,0,0,"-32.943361111111,-60.64725","Calle",,"ROSARIO","Rosario","Asfalto","S/D","II","S/D","Urbana","S/D","S/D","Recta","Bueno","Buena","Diurna","Buen Tiempo","S/D","S/D","S/D","S/D","S/D","S/D","S/D"
2017,7861,12/3/2017,"Domingo",0,1:30:00,"Ruta Nacional 34","142.0",1,"Moto/Ciclomotor"," ",2,2,0,0,0,0,0,"-32.048490015871, -61.591524754662","Ruta",34,"CAÑADA ROSQUÍN","San Martín","Asfalto","Natural","XVIII","Dentro","Rural","Ninguna","No existe","Recta","Bueno","Reducida","Nocturna","Niebla","S/D","S/D","Caída ocupante","Ninguna","Faltante","Ninguna","Sin restricción"
2017,7862,12/4/2017,"Lunes",0,,,"0.0",1,"Transporte de Pasajeros Urbano (> 8 asientos)","San Luis Y San Martin",3,1,0,0,2,0,0,"-32.949277777778,-60.637333333333","Calle",,"ROSARIO","Rosario","Asfalto","S/D","II","S/D","Urbana","S/D","No existe","Recta","Bueno","Buena","Nocturna","Buen Tiempo","Otro","S/D","Otro","S/D","S/D","S/D","S/D"
2017,7863,12/2/2017,"Sabado",0,1:00:00,,"0.0",2,"Automóvil,Moto/Ciclomotor","San Lorenzo Y Paraguay",3,0,1,0,2,0,0,,"Calle",,"ROSARIO","Rosario","Asfalto","S/D","II","S/D","Urbana","S/D","S/D","Recta","Bueno","Buena","Nocturna","S/D","S/D","S/D","Colisión","S/D","S/D","S/D","S/D"
2017,7864,12/24/2017,"Domingo",0,2:20:00,"Ruta Provincial 20","0.0",2,"Pickup/Utilitario,Moto/Ciclomotor","Av Julian Bustinza Y Mitre",2,0,1,0,1,0,0,"-32.144628763567, -61.979789346451","Ruta",20,"PIAMONTE","San Martín","Asfalto","Pavimento","XVIII","Dentro","Urbana","Ninguna","No existe","Intersección","Bueno","Buena","Nocturna","Buen Tiempo","Lateral","S/D","Colisión","Ninguna","Horizontal,Vertical","Cordón divisorio","Sin restricción"
2017,7865,12/2/2017,"Sabado",0,10:15:00,,"0.0",2,"Automóvil,Bicicleta","Pte.Roca Y Mendoza",2,1,0,0,1,0,0,"-32.950277777778,-60.646388888889","Calle",,"ROSARIO","Rosario","Asfalto","S/D","II","S/D","Urbana","S/D","S/D","Recta","Bueno","Buena","Diurna","Buen Tiempo","Contra objeto fijo","S/D","Colisión","S/D","S/D","S/D","S/D"
2017,7866,12/9/2017,"Sabado",0,7:01:00,"Ruta Provincial 20","0.0",1,"Automóvil","Ruta Provincial 20 20",3,1,1,0,1,0,0,"-31.813187862453, -62.104828784765","Ruta",20,"LAS PETACAS","San Martín","Ripio","Natural","XVIII","Dentro","Rural","Ninguna","No existe","Recta","Resbaladiza","Buena","Diurna","Buen Tiempo","Múltiple","S/D","Vuelco,Despiste","Material Suelto","Faltante","Ninguna","Sin restricción"
2017,7867,12/2/2017,"Sabado",0,11:30:00,,"0.0",2,"Transporte de Pasajeros Urbano (> 8 asientos),Moto/Ciclomotor","3 De Febrero Y Maipu",2,0,1,0,1,0,0,"-32.953277777778,-60.636916666667","Calle",,"ROSARIO","Rosario","Asfalto","S/D","II","S/D","Urbana","S/D","S/D","Recta","Bueno","Buena","Diurna","S/D","S/D","S/D","Colisión","S/D","S/D","S/D","S/D"
2017,7868,12/23/2017,"Sabado",0,0:20:00,"Ruta Provincial 66","0.0",1,"Moto/Ciclomotor","RUTA PROV 66 Y BRASIL",1,1,0,0,0,0,0,"-32.007854,-62.062467","Ruta",66,"LANDETA","San Martín","Asfalto","Natural","XVIII","S/D","Urbana","Ninguna","No existe","Recta","Bueno","Buena","Con luz artificial","Buen Tiempo","De alcance","S/D","Colisión","Ninguna","Horizontal","Ninguna","Sin restricción"
2017,7869,10/13/2017,"Viernes",0,21:00:00,,"0.0",2,"Automóvil,Moto/Ciclomotor","Chacabuco Y Moreno",2,1,0,0,1,0,0,,"Calle",,"ÁLVAREZ","Rosario","Asfalto","No existe","II","S/D","Urbana","Ninguna","No existe","Intersección","Bueno","Reducida p/ objetos","Nocturna","Buen Tiempo","Lateral","S/D","Colisión","Ninguna","Faltante","Ninguna","Sin restricción"
2017,7870,10/22/2017,"Domingo",0,16:00:00,,"0.0",1,"Automóvil","E Wuthrich ",2,2,0,0,0,0,0,,"Camino Rural",,"SAN CARLOS CENTRO","Las Colonias","Ripio","No existe","XI","Fuera","Rural","Ninguna","No existe","Recta","Bueno","Buena","Diurna","Buen Tiempo","S/D","S/D","Vuelco","Ninguna","Faltante","Ninguna","Sin restricción"
2017,7871,10/4/2017,"Miercoles",0,20:30:00,,"0.0",1,"Moto/Ciclomotor","Bv San Martin Y Piacenza",1,1,0,0,0,0,0,,"Calle",,"ÁLVAREZ","Rosario","Tierra","No existe","II","Dentro","Urbana","Ninguna","No existe","Recta","Bueno","Buena","Nocturna,Con luz artificial","Buen Tiempo","Contra objeto fijo","S/D","Colisión","Ninguna","Faltante","Ninguna","Sin restricción"
2017,7872,10/22/2017,"Domingo",0,17:30:00,,"0.0",2,"Moto/Ciclomotor,Automóvil","San Lorenzo Y Mitre",2,1,0,0,0,0,1,,"Calle",,"SAN CARLOS CENTRO","Las Colonias","Asfalto,Ripio","No existe","XI","Dentro","Urbana","Ninguna","No existe","Intersección","Bueno","Buena","Atardecer","Buen Tiempo","S/D","S/D","Colisión","Ninguna","Faltante","Ninguna","Sin restricción"
2017,7873,10/7/2017,"Sabado",0,12:10:00,,"0.0",2,"Automóvil,Automóvil","Ruta Nac 33 Y Simon de Iriondo",2,1,0,0,1,0,0,,"Calle",,"ZAVALLA","Rosario","Asfalto","Ripio","II","Dentro","Urbana","Ninguna","No existe","Intersección","Bueno","Buena","Diurna","Buen Tiempo","Frontal","S/D","Colisión","Ninguna","Horizontal","Línea divisoria pintada","Sin restricción"
2017,7874,10/27/2017,"Viernes",0,20:30:00,,"0.0",2,"Moto/Ciclomotor,Moto/Ciclomotor","25 de Mayo Y Santa Fe",2,1,1,0,0,0,0,,"Calle",,"CAÑADA ROSQUÍN","San Martín","Asfalto","No existe","XVIII","Dentro","Urbana","Ninguna","No existe","Intersección","Bueno","Buena","Nocturna","Buen Tiempo","Lateral","S/D","Colisión","Ninguna","Faltante","Ninguna","Sin restricción"
2017,7876,10/8/2017,"Domingo",0,4:20:00,,"0.0",2,"Automóvil,Transporte de Pasajeros Larga Distancia (> 8 asientos)","25 de Mayo Y Morelli",3,2,0,0,1,0,0,,"Calle",,"PEREZ","Rosario","Asfalto","No existe","II","S/D","Urbana","Ninguna","No existe","Recta","Bueno","Buena","Nocturna,Con luz artificial","Buen Tiempo","Lateral","S/D","Colisión","Ninguna","Faltante","Ninguna","Sin restricción"
2017,7877,10/18/2017,"Miercoles",0,19:30:00,"Ruta Nacional 11","0.0",2,"Moto/Ciclomotor,Automóvil","Av San Martin Y L N Alem",3,1,0,0,2,0,0,,"Ruta",11,"SAN LORENZO","San Lorenzo","S/D","S/D","XVII","Dentro","Urbana","Ninguna","S/D","Intersección","Otro","S/D","S/D","Otro","Lateral","S/D","Colisión","Ninguna","Vertical","Ninguna","S/D"
2017,7878,10/27/2017,"Viernes",0,17:10:00,"Ruta Nacional 11","421.0",2,"Peatón,Automóvil"," ",2,1,0,0,1,0,0,,"Ruta",11,"CORONDA","San Jerónimo","Asfalto","Natural","XV","Dentro","Urbana","Ninguna","No existe","Recta","Bueno","Buena","Diurna","Buen Tiempo","S/D","Peatón","Atropello","Ninguna","Vertical","Ninguna","Sin restricción"
2017,7879,10/21/2017,"Sabado",0,9:30:00,"Autopista Provincial Brigadier E.López","114.0",2,"Moto/Ciclomotor,Camión Chasis"," ",4,0,1,0,3,0,0,,"Autopista","Brigadier E.López","CORONDA","San Jerónimo","Asfalto","Natural","XV","Dentro","Rural","Ninguna","No existe","Recta","Bueno","Reducida","Diurna","Lluvia","Otro","S/D","Colisión","Agua","Faltante","Ninguna","Sin restricción"
2017,7880,10/18/2017,"Miercoles",0,18:00:00,,"0.0",2,"Automóvil,Moto/Ciclomotor","Dorrego Y R Richieri",3,2,0,0,1,0,0,,"Avenida",,"SAN LORENZO","San Lorenzo","Asfalto","No existe","XVII","Dentro","Urbana","S/D","No existe","Intersección","Bueno","S/D","Diurna","Otro","Lateral","S/D","Colisión","Ninguna","Faltante","Ninguna","S/D"
2017,7881,10/3/2017,"Martes",0,21:25:00,,"0.0",2,"Moto/Ciclomotor,Automóvil","Sargento Cabral Y San Luis",2,1,0,0,1,0,0,,"Avenida",,"SAN LORENZO","San Lorenzo","Asfalto","No existe","XVII","S/D","Urbana","Ninguna","No existe","Intersección","Otro","S/D","Nocturna","Otro","S/D","S/D","Colisión","Ninguna","Faltante","Cordón divisorio","S/D"
2017,7882,10/12/2017,"Jueves",0,3:45:00,"Ruta Nacional 34","322.0",3,"Camión c / Acoplado,Transporte de Pasajeros Larga Distancia (Doble Piso),Camión c / Semirremolque"," ",4,1,0,0,0,3,0,"-30.3989436,-61.6477393","Ruta",34,"CURUPAITY","San Cristóbal","Asfalto","Natural","XIII","Dentro","Rural","Ninguna","No existe","Recta","Resbaladiza","Reducida","Nocturna","Lluvia","De alcance,Frontal,Múltiple","S/D","Colisión","Agua","Horizontal,Vertical","Línea divisoria pintada","Sin restricción"
2017,7883,10/9/2017,"Lunes",0,10:00:00,"Ruta Nacional 33","0.0",2,"Moto/Ciclomotor,Pickup/Utilitario","Ruta Nac 33 Y Italia",2,1,0,0,1,0,0,,"Ruta",33,"PEREZ","Rosario","Asfalto","Natural","II","Dentro","Urbana","Ninguna","No existe","Recta","Bueno","Buena","Diurna","Buen Tiempo","De alcance","S/D","Colisión","Ninguna","Horizontal","Línea divisoria pintada","Sin restricción"
2017,7884,10/4/2017,"Miercoles",0,8:45:00,"Ruta Nacional 11","0.0",2,"Automóvil,Automóvil","Bv Oroño Y Ruta Nac 11",2,1,0,0,1,0,0,,"Ruta",11,"SAN LORENZO","San Lorenzo","Asfalto","No existe","XVII","S/D","Urbana","S/D","No existe","Cruce","Otro","S/D","Diurna","Otro","S/D","S/D","Colisión","Ninguna","Horizontal,Vertical","Ninguna","S/D"
2017,7885,10/1/2017,"Domingo",1,,,"0.0",2,"Otros,Otros","Ayohuma Y Jose Marquez",2,1,0,0,0,0,1,,"Calle",,"SAN LORENZO","San Lorenzo","Asfalto","No existe","XVII","Dentro","Urbana","Ninguna","No existe","Intersección","Bueno","S/D","S/D","S/D","Lateral","S/D","Colisión","Ninguna","Faltante","Ninguna","Sin restricción"
2017,7886,10/14/2017,"Sabado",0,,,"0.0",2,"Moto/Ciclomotor,Pickup/Utilitario","Yapeyu Y Dr Chiavarini",2,1,0,0,1,0,0,,"Calle",,"PEREZ","Rosario","Asfalto","No existe","II","Dentro","Urbana","Ninguna","No existe","Intersección","Bueno","Reducida","Nocturna","Buen Tiempo","Lateral","S/D","Colisión","Ninguna","Faltante","Ninguna","Sin restricción"
2017,7887,10/4/2017,"Miercoles",0,23:50:00,,"0.0",3,"Moto/Ciclomotor,Taxi/Remis,Moto/Ciclomotor","Sargento Cabral Y Moreno",4,1,0,0,1,0,2,,"Calle",,"SAN LORENZO","San Lorenzo","Asfalto","No existe","XVII","S/D","Urbana","Ninguna","No existe","Otro","Otro","S/D","Nocturna","Otro","Múltiple","S/D","Colisión","Ninguna","Faltante","Cordón divisorio","S/D"
2017,7888,10/26/2017,"Jueves",0,18:00:00,"Ruta Nacional 33","849.0",2,"Moto/Ciclomotor,Automóvil"," ",2,1,0,0,1,0,0,,"Ruta",33,"PEREZ","Rosario","Asfalto","Ripio","II","S/D","Urbana","Ninguna","No existe","Recta","Bueno","Buena","Diurna","Buen Tiempo","Lateral","S/D","Colisión","Ninguna","Horizontal","Línea divisoria pintada","Sin restricción"
2017,7889,10/5/2017,"Jueves",0,20:25:00,,"0.0",2,"Moto/Ciclomotor,Automóvil","Entre Rios Y Irigoyen",2,1,0,0,1,0,0,,"Calle",,"SAN LORENZO","San Lorenzo","Asfalto","No existe","XVII","S/D","Urbana","S/D","No existe","Intersección","Otro","S/D","Nocturna","Otro","S/D","S/D","Colisión","Ninguna","Faltante","Ninguna","S/D"
2017,7890,10/22/2017,"Domingo",0,18:10:00,"Ruta Nacional 11","0.0",2,"Pickup/Utilitario,Moto/Ciclomotor","Av San Martin Y B de Astrada",3,1,0,0,2,0,0,,"Ruta",11,"SAN LORENZO","San Lorenzo","Asfalto","S/D","XVII","Dentro","Urbana","Ninguna","S/D","Intersección","Otro","S/D","Diurna","S/D","Lateral","S/D","Colisión","Ninguna","Faltante","Cordón divisorio","S/D"
2017,7891,10/31/2017,"Martes",0,7:15:00,,"0.0",2,"Pickup/Utilitario,Pickup/Utilitario","Italia Y Av San Sebastian",2,2,0,0,0,0,0,,"S/D",,"PEREZ","Rosario","Asfalto","No existe","II","S/D","Urbana","Otra Señal","No existe","Recta","Bueno","S/D","Atardecer","Buen Tiempo","Lateral","S/D","Colisión","Ninguna","Vertical","Ninguna","Sin restricción"