"anio_acci","nro_acci","fecha","desc_dia","fecha_aprox","hora_aprox","desc_ruta","km","cant_participantes","desc_participante","calle_avenida_km","total","heridos_leves","heridos_graves","heridos_gravisimos","ilesos","fallecidos","sin_datos","posicion_XY","desc_tipo_via","desc_ruta_ori","desc_loc","desc_dpto","desc_tipo_calzada","desc_tipo_banquina","desc_unidad_regional","desc_lugar_calzada","desc_zona","desc_prioridad","desc_estado_semaforo","desc_lugar_via","desc_estado_via","desc_estado_visibilidad","desc_luminosidad","desc_estado_clima","desc_tipo_colision","desc_tipo_atropello","desc_tipo_hecho","desc_pres_calzada","desc_senializacion","desc_separacion_via","desc_restriccion"
2017,7892,10/7/2017,"Sabado",0,20:45:00,,"0.0",2,"Moto/Ciclomotor,Automóvil","Urquiza Y Juan M De Rosas",2,1,0,0,1,0,0,,"Avenida",,"SAN LORENZO","San Lorenzo","Asfalto","No existe","XVII","S/D","Urbana","Otra Señal","No existe","Intersección","Otro","S/D","Nocturna,Con luz artificial","Otro","S/D","S/D","Colisión","Otro","Vertical","Ninguna","S/D"
2017,7893,10/7/2017,"Sabado",0,13:15:00,,"0.0",2,"Moto/Ciclomotor,Automóvil","Dorrego Y Moreno",2,1,0,0,1,0,0,,"Calle",,"SAN LORENZO","San Lorenzo","Asfalto","No existe","XVII","S/D","Urbana","S/D","No existe","Intersección","Otro","S/D","Diurna","Otro","Otro","S/D","Colisión","Otro","Faltante","Ninguna","S/D"
2017,7894,10/10/2017,"Martes",0,14:00:00,,"0.0",2,"Moto/Ciclomotor,Automóvil","Mendoza 7200",2,1,0,0,1,0,0,,"Calle",,"ROSARIO","Rosario","Asfalto","No existe","II","Dentro","Urbana","Paso Peatonal","No existe","Recta","Bueno","S/D","Diurna","S/D","De alcance","S/D","Colisión","S/D","Horizontal","Cordón divisorio","S/D"
2017,7895,10/8/2017,"Domingo",0,19:30:00,"Autopista Provincial Brigadier E.López","14.0",2,"Automóvil,Moto/Ciclomotor"," ",2,1,0,0,1,0,0,,"Autopista","Brigadier E.López","SAN LORENZO","San Lorenzo","Asfalto","S/D","XVII","S/D","Urbana","S/D","S/D","Recta","Otro","S/D","Nocturna","Otro","Otro","S/D","Colisión","Ninguna","Vertical","Ninguna","S/D"
2017,7896,10/11/2017,"Miercoles",0,22:45:00,,"0.0",2,"Moto/Ciclomotor,Automóvil","Chubut 7600",2,0,1,0,1,0,0,,"Calle",,"ROSARIO","Rosario","Asfalto","No existe","II","Dentro","Urbana","Ninguna","No existe","Recta","Con baches,Deteriorada","S/D","Nocturna","S/D","Lateral","S/D","Colisión","S/D","Faltante","Ninguna","S/D"
2017,7897,10/10/2017,"Martes",0,12:15:00,,"0.0",2,"Peatón,Tren","Bv. Avellaneda 4500",2,0,0,0,1,1,0,"-32.983519, -60.688572","Avenida",,"ROSARIO","Rosario","Asfalto","No existe","II","Dentro","Urbana","Marca Vial","No existe","Recta","Deteriorada","Buena","Diurna","Buen Tiempo","S/D","Peatón","Atropello","Ninguna","Faltante","Ninguna","Sin restricción"
2017,7898,10/22/2017,"Domingo",0,15:15:00,,"0.0",1,"Moto/Ciclomotor","B de Astrada Y Brown",1,1,0,0,0,0,0,,"Calle",,"SAN LORENZO","San Lorenzo","Asfalto","No existe","XVII","Dentro","Urbana","Ninguna","No existe","Intersección","Bueno","Buena","Diurna","Buen Tiempo","S/D","S/D","Caída ocupante","S/D","Faltante","Ninguna","Sin restricción"
2017,7899,10/9/2017,"Lunes",0,11:32:00,,"0.0",2,"Pickup/Utilitario,Moto/Ciclomotor","San Juan Y Cochabamba",2,1,0,0,1,0,0,,"Calle",,"SAN LORENZO","San Lorenzo","Asfalto,Ripio","Natural","XVII","S/D","Urbana","Ninguna","No existe","Intersección","Otro","S/D","Diurna","Otro","Otro","S/D","Colisión","Otro","Faltante","Ninguna","S/D"
2017,7900,10/13/2017,"Viernes",0,19:50:00,,"0.0",2,"Bicicleta,Automóvil","Derqui 7400",3,2,0,0,1,0,0,,"Calle",,"ROSARIO","Rosario","Asfalto","Pavimento","II","Dentro","Urbana","Ninguna","No existe","Intersección","Bueno","S/D","Diurna","S/D","Otro","Ciclista","Atropello","S/D","Faltante","Ninguna","S/D"
2017,7901,10/23/2017,"Lunes",0,6:55:00,"Ruta Nacional A012","64.0",2,"Moto/Ciclomotor,Bicicleta"," ",2,2,0,0,0,0,0,,"Ruta","A012","SAN LORENZO","San Lorenzo","Asfalto","Natural","XVII","Dentro","Urbana","Ninguna","No existe","Recta","Bueno","Buena","Diurna","Otro","S/D","Ciclista","Atropello","Ninguna","Vertical","Ninguna","S/D"
2017,7902,10/10/2017,"Martes",0,15:50:00,,"0.0",2,"Automóvil,Moto/Ciclomotor","Urquiza Y Thompson",2,1,0,0,1,0,0,,"Calle",,"SAN LORENZO","San Lorenzo","Asfalto,Tierra","No existe","XVII","S/D","Urbana","S/D","No existe","Intersección","Otro","S/D","Diurna","Otro","Otro","S/D","Colisión","Ninguna","Faltante","Ninguna","S/D"
2017,7903,10/16/2017,"Lunes",0,15:20:00,,"0.0",2,"Bicicleta,Automóvil","Av. Circunvalacion Y Gustavo Cochet",2,0,1,0,1,0,0,,"Avenida",,"ROSARIO","Rosario","Asfalto","S/D","II","Dentro","Urbana","S/D","S/D","Recta","Bueno","S/D","Diurna","S/D","S/D","Ciclista","Atropello","S/D","S/D","S/D","S/D"
2017,7904,10/11/2017,"Miercoles",0,,"Ruta Nacional 11","0.0",2,"Moto/Ciclomotor,Peatón","Av San Martin Y San Luis",2,2,0,0,0,0,0,,"Ruta",11,"SAN LORENZO","San Lorenzo","Asfalto","No existe","XVII","S/D","Urbana","Ninguna","No existe","Intersección","Otro","S/D","S/D","Otro","S/D","Peatón","Atropello","Ninguna","Faltante","Ninguna","S/D"
2017,7905,10/30/2017,"Lunes",0,10:00:00,,"0.0",2,"Bicicleta,Automóvil","Derqui Y Carbia",2,1,0,0,1,0,0,,"Calle",,"ROSARIO","Rosario","Asfalto","No existe","II","Dentro","Urbana","Ninguna","No existe","Recta","Bueno","S/D","Diurna","S/D","S/D","Ciclista","Atropello","S/D","Faltante","Ninguna","S/D"
2017,7906,10/11/2017,"Miercoles",0,14:30:00,"Ruta Nacional 11","0.0",2,"Moto/Ciclomotor,Automóvil","Silverio Cordoba Y Ruta Nac 11",2,1,0,0,0,0,1,,"Ruta",11,"SAN LORENZO","San Lorenzo","Asfalto","No existe","XVII","S/D","Urbana","Ninguna","No existe","Intersección","Otro","S/D","Diurna","Otro","S/D","S/D","Colisión","Ninguna","Faltante","Ninguna","S/D"
2017,7907,10/12/2017,"Jueves",0,18:05:00,,"0.0",2,"Automóvil,Camión c / Acoplado","Av. Jorge Newbery Y Av. Circunvalacion",2,1,0,0,1,0,0,,"Calle",,"ROSARIO","Rosario","Asfalto","No existe","II","S/D","Urbana","Semáforo","Funciona","Intersección","Bueno","S/D","Diurna","S/D","Frontal","S/D","Colisión","S/D","Vertical","S/D","S/D"
2017,7908,10/28/2017,"Sabado",0,5:35:00,,"0.0",1,"Moto/Ciclomotor","ARTURO FRONDIZI  Y SUIPACHA ",1,1,0,0,0,0,0,,"Calle",,"SAN LORENZO","San Lorenzo","Asfalto","No existe","XVII","Dentro","Urbana","Ninguna","No existe","Intersección","Bueno","S/D","Amanecer","Otro","S/D","S/D","Caída ocupante","Ninguna","S/D","Ninguna","Sin restricción"
2017,7909,10/22/2017,"Domingo",0,23:00:00,,"0.0",2,"Automóvil,Moto/Ciclomotor","Martinez Estrada Y Pje. 1404 Bis",2,1,0,0,1,0,0,,"Calle",,"ROSARIO","Rosario","Asfalto","No existe","II","S/D","Urbana","Ninguna","No existe","Intersección","Deteriorada","S/D","Nocturna","S/D","De alcance","S/D","Colisión","S/D","S/D","Ninguna","S/D"
2017,7910,10/12/2017,"Jueves",0,19:00:00,"Ruta Nacional A012","0.0",2,"Automóvil,Moto/Ciclomotor","Oscar Mandolini ",4,1,0,0,3,0,0,,"Ruta","A012","SAN LORENZO","San Lorenzo","Asfalto","S/D","XVII","S/D","Urbana","Ninguna","No existe","Recta","Otro","S/D","Nocturna","Otro","Otro","S/D","Colisión","Ninguna","S/D","Ninguna","S/D"
2017,7911,10/2/2017,"Lunes",0,13:00:00,,"0.0",2,"Moto/Ciclomotor,Moto/Ciclomotor","La Plata Y Meyer",2,2,0,0,0,0,0,,"Calle",,"CARCARAÑÁ","San Lorenzo","Asfalto","No existe","XVII","S/D","Urbana","S/D","No existe","Intersección","Bueno","Buena","Diurna","Buen Tiempo","S/D","S/D","Colisión","Ninguna","S/D","S/D","S/D"
2017,7912,10/12/2017,"Jueves",0,9:00:00,,"0.0",2,"Automóvil,Bicicleta","Venezuela Y Martinez Estrada",2,1,0,0,1,0,0,,"S/D",,"ROSARIO","Rosario","Asfalto","No existe","II","S/D","Urbana","Ninguna","No existe","Intersección","Deteriorada","S/D","Diurna","S/D","S/D","Ciclista","Atropello","S/D","Faltante","Ninguna","S/D"
2017,7913,10/19/2017,"Jueves",0,8:00:00,"Ruta Nacional 11","0.0",2,"Automóvil,Moto/Ciclomotor","Av San Martin Y Guayaquil",2,1,0,0,1,0,0,,"Ruta",11,"FRAY LUIS BELTRÁN","San Lorenzo","Asfalto","Pavimento","XVII","Dentro","S/D","Ninguna","No existe","Intersección","Bueno","S/D","Diurna","Buen Tiempo","Lateral","S/D","Colisión","Ninguna","Faltante","Línea divisoria pintada","Sin restricción"
2017,7914,10/13/2017,"Viernes",0,19:10:00,,"0.0",2,"Bicicleta,Pickup/Utilitario","Bateria Independencia 1152",3,1,0,0,1,0,1,,"Calle",,"SAN LORENZO","San Lorenzo","Ripio","No existe","XVII","S/D","Urbana","Ninguna","No existe","Recta","Otro","S/D","Nocturna","Otro","S/D","Ciclista","Atropello","Ninguna","Faltante","Ninguna","S/D"
2017,7915,10/14/2017,"Sabado",0,19:00:00,,"0.0",2,"Automóvil,Automóvil","J.B.Justo Y Bv. Wilde",3,1,0,0,2,0,0,,"Calle",,"ROSARIO","Rosario","Asfalto","No existe","II","S/D","Urbana","Ninguna","No existe","Intersección","Deteriorada","S/D","Atardecer","S/D","S/D","S/D","Colisión","S/D","Faltante","Ninguna","S/D"
2017,7916,10/28/2017,"Sabado",0,11:00:00,,"0.0",2,"Automóvil,Moto/Ciclomotor","Brown Y Belgrano",2,1,0,0,1,0,0,,"Calle",,"SAN LORENZO","San Lorenzo","Asfalto","No existe","XVII","Dentro","Urbana","Ninguna","S/D","Intersección","Bueno","Buena","Diurna","Buen Tiempo","Lateral","S/D","Colisión","Ninguna","Vertical","Ninguna","Sin restricción"
2017,7917,10/18/2017,"Miercoles",0,15:30:00,"Ruta Nacional 11","0.0",2,"Automóvil,Pickup/Utilitario","Av San Martin Y General Richieri",2,2,0,0,0,0,0,,"Ruta",11,"FRAY LUIS BELTRÁN","San Lorenzo","Asfalto","Pavimento","XVII","S/D","Urbana","Semáforo","Funciona","Recta","Bueno","Buena","Diurna","Buen Tiempo","Frontal","S/D","Colisión","Agua","Vertical","Línea divisoria pintada","Sin restricción"
2017,7918,10/17/2017,"Martes",0,19:22:00,"Ruta Nacional 11","0.0",2,"Pickup/Utilitario,Moto/Ciclomotor","Av San Martin Y San Juan",2,1,0,0,1,0,0,,"Ruta",11,"SAN LORENZO","San Lorenzo","Asfalto","No existe","XVII","S/D","Urbana","Ninguna","No existe","Intersección","Otro","S/D","Nocturna","Otro","Otro","S/D","Colisión","Ninguna","Faltante","Cordón divisorio","S/D"
2017,7919,10/13/2017,"Viernes",0,19:50:00,"Ruta Nacional 11","0.0",2,"Automóvil,Moto/Ciclomotor","Av San Martin Y Teniente Agneta",2,1,0,0,1,0,0,,"Ruta",11,"FRAY LUIS BELTRÁN","San Lorenzo","Asfalto","Pavimento","XVII","Dentro","Urbana","Ninguna","No existe","Recta","Bueno","Buena","Atardecer","Buen Tiempo","Lateral","S/D","Colisión","Ninguna","Faltante","Línea divisoria pintada","Sin restricción"
2017,7920,10/5/2017,"Jueves",0,18:00:00,"Ruta Nacional 9","0.0",3,"Pickup/Utilitario,Automóvil,Automóvil"," ",4,1,0,0,3,0,0,,"Ruta",9,"FUNES","Rosario","Asfalto","Ripio","II","S/D","Rural","Semáforo","Funciona","Recta","Bueno","Buena","Diurna","Buen Tiempo","Múltiple","S/D","Colisión","Ninguna","Horizontal,Vertical","Línea divisoria pintada","S/D"
2017,7921,10/18/2017,"Miercoles",0,6:20:00,,"0.0",2,"Moto/Ciclomotor,Automóvil","N Peña Y Suipacha",2,1,0,0,0,0,1,,"Calle",,"SAN LORENZO","San Lorenzo","Ripio","No existe","XVII","S/D","Urbana","Ninguna","No existe","Intersección","Otro","S/D","Amanecer","Otro","Otro","S/D","Colisión","S/D","Faltante","Ninguna","S/D"
2017,7922,10/13/2017,"Viernes",0,18:50:00,,"0.0",2,"Automóvil,Moto/Ciclomotor","Guido Spano Y Caseros",2,1,0,0,1,0,0,,"Calle",,"FRAY LUIS BELTRÁN","San Lorenzo","Hormigón","No existe","XVII","Dentro","Urbana","Ninguna","No existe","Intersección","Bueno","Buena","Diurna","Buen Tiempo","Lateral","S/D","Colisión","Ninguna","Faltante","Ninguna","Sin restricción"
2017,7923,10/28/2017,"Sabado",0,19:50:00,,"0.0",2,"Automóvil,Bicicleta","JUJUY  Y JUANA DE ARCO",3,1,0,0,2,0,0,,"Calle",,"SAN LORENZO","San Lorenzo","Asfalto","No existe","XVII","Dentro","Urbana","Ninguna","No existe","Intersección","Bueno","Buena","Atardecer","Buen Tiempo","S/D","Ciclista","Atropello","Ninguna","Faltante","Ninguna","Sin restricción"
2017,7924,10/17/2017,"Martes",0,7:30:00,"Ruta Nacional 9","0.0",2,"Moto/Ciclomotor,Automóvil","Ruta Nacional 9 Y Cochet",2,1,0,0,1,0,0,,"Ruta",9,"FUNES","Rosario","Asfalto","Pavimento","II","Dentro","Urbana","Ninguna","No existe","Recta","Bueno","Buena","Diurna","Buen Tiempo","Lateral","S/D","Colisión","Ninguna","Horizontal","Línea divisoria pintada","Sin restricción"
2017,7925,10/13/2017,"Viernes",0,9:00:00,,"0.0",2,"Automóvil,Moto/Ciclomotor","Falucho Y Brown",2,1,0,0,1,0,0,,"Calle",,"FRAY LUIS BELTRÁN","San Lorenzo","Asfalto","No existe","XVII","Dentro","Urbana","Ninguna","No existe","Intersección","Bueno","Buena","Diurna","Buen Tiempo","Lateral","S/D","Colisión","S/D","S/D","Ninguna","Sin restricción"
2017,7926,10/4/2017,"Miercoles",0,10:30:00,,"0.0",2,"Automóvil,Moto/Ciclomotor","Av San Martin Y Ledesma",2,1,0,0,1,0,0,,"Avenida",,"SAN LORENZO","San Lorenzo","Hormigón","No existe","XVII","S/D","Urbana","Ninguna","No existe","Intersección","Bueno","Buena","Diurna","S/D","Lateral","S/D","Colisión","Ninguna","Faltante","Ninguna","S/D"
2017,7927,10/19/2017,"Jueves",0,10:30:00,"Ruta Nacional 9","0.0",2,"Automóvil,Automóvil","Ruta Nacional 9 Y El Resero",2,1,0,0,1,0,0,,"Ruta",9,"FUNES","Rosario","Hormigón","Natural","II","Dentro","Urbana","Marca Vial","No existe","Recta","Bueno","Buena","Diurna","Buen Tiempo","De alcance","S/D","Colisión","Ninguna","Horizontal","Ninguna","Sin restricción"
2017,7928,10/3/2017,"Martes",0,0:50:00,"Ruta Nacional 9","0.0",2,"Automóvil,Moto/Ciclomotor","Ruta Nacional 9 Y Nicasio Oroño",2,1,0,0,1,0,0,,"Ruta",9,"ROLDÁN","San Lorenzo","Asfalto,Ripio","Ripio","XVII","S/D","Urbana","Ninguna","No existe","Intersección","Bueno","Buena","Nocturna,Con luz artificial","Buen Tiempo","Lateral","S/D","Colisión","Ninguna","Faltante","Línea divisoria pintada","Sin restricción"
2017,7929,10/31/2017,"Martes",0,9:30:00,,"0.0",2,"Automóvil,Moto/Ciclomotor","Urquiza Y Irigoyen",2,1,0,0,1,0,0,,"Calle",,"SAN LORENZO","San Lorenzo","Asfalto","No existe","XVII","Dentro","Urbana","Ninguna","No existe","Intersección","Bueno","Buena","Diurna","Buen Tiempo","Lateral","S/D","Colisión","Ninguna","Faltante","Ninguna","Sin restricción"
2017,7930,10/12/2017,"Jueves",0,20:20:00,"Ruta Nacional 11","0.0",3,"Moto/Ciclomotor,Peatón,Peatón","Av San Martin Y Maestra Barragan - Ex Bs.As.",3,2,1,0,0,0,0,,"Ruta",11,"FRAY LUIS BELTRÁN","San Lorenzo","Asfalto","Pavimento","XVII","Dentro","Urbana","Ninguna","No existe","Intersección","Bueno","Reducida","Nocturna","Buen Tiempo","S/D","Peatón","Atropello","Ninguna","S/D","Línea divisoria pintada","Sin restricción"
2017,7931,10/20/2017,"Viernes",0,21:40:00,,"0.0",2,"Automóvil,Moto/Ciclomotor","Hernandez ",2,1,0,0,1,0,0,,"Avenida",,"FUNES","Rosario","Asfalto","Natural","II","Dentro","Urbana","Ninguna","No existe","Recta","Bueno","Buena","Nocturna,Con luz artificial","Buen Tiempo","De alcance","S/D","Colisión","S/D","Faltante","Ninguna","Sin restricción"
2017,7932,10/12/2017,"Jueves",0,19:45:00,"Ruta Nacional 11","0.0",2,"Moto/Ciclomotor,Automóvil","Av San Martin Y Teniente Agneta",2,1,0,0,1,0,0,,"Ruta",11,"FRAY LUIS BELTRÁN","San Lorenzo","Asfalto","Pavimento","XVII","Dentro","Urbana","Ninguna","No existe","Intersección","S/D","Buena","Atardecer","Buen Tiempo","Lateral","S/D","Colisión","Ninguna","Faltante","Línea divisoria pintada","Sin restricción"
2017,7933,10/28/2017,"Sabado",0,,,"0.0",2,"Moto/Ciclomotor,Automóvil","Santiago del Estero ",2,1,0,0,0,0,1,,"Calle",,"SAN LORENZO","San Lorenzo","Asfalto","No existe","XVII","Dentro","Urbana","S/D","No existe","S/D","Bueno","S/D","S/D","Buen Tiempo","S/D","S/D","Colisión","S/D","S/D","Ninguna","Sin restricción"
2017,7934,10/31/2017,"Martes",0,,,"0.0",2,"Automóvil,Moto/Ciclomotor","J.J.Paso Y Av. Brassey",2,1,0,0,1,0,0,,"Calle",,"ROSARIO","Rosario","Asfalto","No existe","II","S/D","Urbana","Semáforo","Funciona","Recta","Bueno","Buena","S/D","Otro","Lateral","S/D","Colisión","Otro","Vertical","Ninguna","Sin restricción"
2017,7935,10/10/2017,"Martes",0,12:00:00,,"0.0",2,"Moto/Ciclomotor,Automóvil","Quiroga Y Gorriti",2,1,0,0,1,0,0,,"Calle",,"FRAY LUIS BELTRÁN","San Lorenzo","Ripio","No existe","XVII","S/D","Urbana","Ninguna","No existe","Intersección","Con baches","Buena","Diurna","Buen Tiempo","Lateral","S/D","Colisión","Ninguna","Faltante","Ninguna","Sin restricción"
2017,7936,10/6/2017,"Viernes",0,21:30:00,"Ruta Nacional A012","0.0",2,"Automóvil,Automóvil","AVENIDA DE LAS LIBERTADES ",2,2,0,0,0,0,0,,"Ruta","A012","ROLDÁN","San Lorenzo","Asfalto,Ripio","Ripio","XVII","Dentro","Rural","Ninguna","No existe","Intersección","Bueno","Buena","Nocturna,Con luz artificial","Buen Tiempo","Lateral","S/D","Colisión","Ninguna","Faltante","Línea divisoria pintada","Sin restricción"
2017,7937,10/25/2017,"Miercoles",0,8:30:00,,"0.0",2,"Automóvil,Moto/Ciclomotor","Rawson Bis Y Acevedo Bis",2,1,0,0,1,0,0,,"Avenida",,"ROSARIO","Rosario","Asfalto","No existe","II","S/D","Urbana","Ninguna","S/D","Recta","S/D","Reducida polvo","Diurna","Otro","Lateral","S/D","Colisión","Otro","Vertical","Ninguna","Sin restricción"
2017,7938,10/31/2017,"Martes",0,6:35:00,"Ruta Nacional 11","0.0",2,"Automóvil,Moto/Ciclomotor","Av San Martin Y F S M de Oro",2,1,0,0,1,0,0,,"Ruta",11,"FRAY LUIS BELTRÁN","San Lorenzo","Asfalto","Pavimento","XVII","Dentro","Urbana","Ninguna","No existe","Recta","Bueno","Buena","Amanecer","Buen Tiempo","Frontal","S/D","Colisión","Ninguna","Faltante","Ninguna","Sin restricción"
2017,7939,10/9/2017,"Lunes",0,14:00:00,,"0.0",2,"Automóvil,Pickup/Utilitario","Av. Brassey Y Donado",2,1,0,0,1,0,0,,"Calle",,"ROSARIO","Rosario","Asfalto","No existe","II","Dentro","Urbana","Otra Señal","No existe","Recta","Bueno","S/D","Diurna","Otro","Lateral","S/D","Colisión","Otro","Vertical","Ninguna","Sin restricción"
2017,7940,10/7/2017,"Sabado",0,19:30:00,"Ruta Nacional A012","0.0",2,"Pickup/Utilitario,Moto/Ciclomotor","Galvez ",3,2,0,0,0,0,1,,"Ruta","A012","ROLDÁN","San Lorenzo","Asfalto,Ripio","Ripio","XVII","Dentro","Urbana","Ninguna","No existe","Intersección","Bueno","Buena","Nocturna,Con luz artificial","Buen Tiempo","Lateral","S/D","Colisión","Ninguna","Faltante","Línea divisoria pintada","Sin restricción"
2017,7941,10/23/2017,"Lunes",0,20:10:00,,"0.0",1,"Transporte de Pasajeros Urbano (> 8 asientos)"," ",2,1,0,0,0,0,1,,"Calle",,"SAN LORENZO","San Lorenzo","Asfalto","No existe","XVIII","Dentro","Urbana","Ninguna","No existe","Recta","Bueno","Buena","Nocturna","Buen Tiempo","S/D","S/D","Caída ocupante","Ninguna","S/D","Ninguna","Sin restricción"
2017,7942,10/12/2017,"Jueves",0,16:15:00,,"0.0",2,"Automóvil,Moto/Ciclomotor","J.J.Paso Y Gonzalez del Solar",3,1,0,0,2,0,0,,"Calle",,"ROSARIO","Rosario","Asfalto","No existe","II","Dentro","Urbana","Semáforo","Funciona","Recta","Bueno","S/D","Diurna","Otro","Lateral","S/D","Colisión","Otro","Vertical","Ninguna","Sin restricción"
2017,7943,10/5/2017,"Jueves",0,10:55:00,,"0.0",2,"Moto/Ciclomotor,Automóvil","Cayetano Nerbutti Y Avenida San Martin bis",2,1,0,0,1,0,0,,"Calle",,"PUERTO SAN MARTÍN","San Lorenzo","Asfalto","No existe","XVII","Dentro","Urbana","Ninguna","No existe","Intersección","Bueno","Buena","Diurna","Buen Tiempo","Lateral","S/D","Colisión","Ninguna","Horizontal","Ninguna","Sin restricción"
2017,7944,10/14/2017,"Sabado",0,10:50:00,,"0.0",2,"Pickup/Utilitario,Moto/Ciclomotor","Av. Eva Peron Y Sanchez de Loria",2,1,0,0,1,0,0,,"Avenida",,"ROSARIO","Rosario","Asfalto","Pavimento","II","Dentro","Urbana","Semáforo","Funciona","Recta","Bueno","Buena","Diurna","Otro","Lateral","S/D","Colisión","Otro","Vertical","Barrera de hormigón","Sin restricción"
2017,7945,10/1/2017,"Domingo",1,,,"0.0",2,"Moto/Ciclomotor,Automóvil"," ",3,1,0,0,2,0,0,,"S/D",,"SAN LORENZO","San Lorenzo","S/D","S/D","XVII","S/D","S/D","S/D","S/D","S/D","S/D","S/D","S/D","S/D","S/D","S/D","Colisión","S/D","S/D","S/D","S/D"
2017,7946,10/17/2017,"Martes",0,15:30:00,,"0.0",2,"Moto/Ciclomotor,Moto/Ciclomotor","J.J.Paso Y Donado",2,1,0,0,1,0,0,,"Calle",,"ROSARIO","Rosario","Asfalto","No existe","II","S/D","Urbana","Semáforo","Funciona","Recta","Resbaladiza","Buena","Diurna","Lluvia","Lateral","S/D","Colisión","Agua","Vertical","Ninguna","Sin restricción"
2017,7947,10/7/2017,"Sabado",0,19:30:00,"Ruta Nacional 175","0.0",2,"Pickup/Utilitario,Moto/Ciclomotor","Cordoba Y Sgto Cabral",2,1,0,0,1,0,0,,"Ruta",175,"PUERTO SAN MARTÍN","San Lorenzo","Asfalto","No existe","XVII","Dentro","Urbana","Ninguna","No existe","Intersección","Bueno","Buena","Atardecer","Buen Tiempo","Lateral","S/D","Colisión","Ninguna","Horizontal","Ninguna","Sin restricción"
2017,7948,10/1/2017,"Domingo",1,,,"0.0",1,"Moto/Ciclomotor"," ",1,1,0,0,0,0,0,,"S/D",,"SAN LORENZO","San Lorenzo","S/D","S/D","XVII","S/D","S/D","S/D","S/D","S/D","S/D","S/D","S/D","S/D","S/D","S/D","Caída ocupante","S/D","S/D","S/D","S/D"
2017,7949,10/8/2017,"Domingo",0,18:40:00,"Ruta Nacional 175","0.0",2,"Moto/Ciclomotor,Automóvil","Cordoba Y Av San Martin",3,1,0,0,2,0,0,,"Ruta",175,"PUERTO SAN MARTÍN","San Lorenzo","Asfalto","No existe","XVII","Dentro","Urbana","Ninguna","No existe","Intersección","Bueno","Buena","Diurna","Buen Tiempo","Lateral","S/D","Colisión","Ninguna","Horizontal","Ninguna","Sin restricción"
2017,7950,10/23/2017,"Lunes",0,2:20:00,,"0.0",2,"Moto/Ciclomotor,Automóvil","San Lorenzo Y Parana",2,1,0,0,1,0,0,,"Calle",,"ROSARIO","Rosario","Asfalto","No existe","II","Dentro","Urbana","Ninguna","No existe","Intersección","Bueno","Reducida","Nocturna","Buen Tiempo","Lateral","S/D","Colisión","Ninguna","Faltante","Ninguna","S/D"
2017,7951,10/17/2017,"Martes",0,,,"0.0",2,"Otros,Otros","Dorrego Y Santiago del Estero",2,1,0,0,0,0,1,,"Calle",,"SAN LORENZO","San Lorenzo","Asfalto","No existe","XVII","S/D","Urbana","Ninguna","Funciona","Intersección","Otro","S/D","S/D","Otro","Otro","S/D","Colisión","Ninguna","Vertical","Ninguna","S/D"
2017,7952,10/1/2017,"Domingo",1,,,"0.0",2,"Moto/Ciclomotor,Pickup/Utilitario"," ",3,2,0,0,1,0,0,,"S/D",,"SAN LORENZO","San Lorenzo","S/D","S/D","XVII","S/D","S/D","S/D","S/D","S/D","S/D","S/D","S/D","S/D","S/D","S/D","S/D","S/D","S/D","S/D","S/D"
2017,7953,10/11/2017,"Miercoles",0,13:15:00,,"0.0",2,"Peatón,Moto/Ciclomotor","Belgrano Y Chile",2,1,0,0,0,0,1,,"S/D",,"PUERTO SAN MARTÍN","San Lorenzo","Asfalto","No existe","XVII","S/D","Urbana","Ninguna","S/D","Intersección","Bueno","Buena","Diurna","Buen Tiempo","S/D","Peatón","Atropello","Ninguna","Faltante","Ninguna","Sin restricción"
2017,7954,10/17/2017,"Martes",0,21:10:00,"Ruta Nacional 11","0.0",1,"Moto/Ciclomotor","Av San Martin Y Sargento Cabral",1,1,0,0,0,0,0,,"Ruta",11,"SAN LORENZO","San Lorenzo","Asfalto","No existe","XVII","S/D","Urbana","Ninguna","No existe","Rotonda","Otro","S/D","Nocturna","Otro","S/D","S/D","Caída ocupante","Ninguna","Vertical","Ninguna","S/D"
2017,7955,10/21/2017,"Sabado",0,12:45:00,,"0.0",2,"Moto/Ciclomotor,Moto/Ciclomotor","Islas Malvinas Y Cayetano Silva",2,1,1,0,0,0,0,,"Calle",,"SAN LORENZO","San Lorenzo","Asfalto","No existe","XVII","S/D","Urbana","S/D","No existe","Intersección","S/D","S/D","Diurna","S/D","S/D","S/D","Colisión","S/D","Faltante","Ninguna","S/D"
2017,7956,10/17/2017,"Martes",0,21:30:00,"Ruta Nacional 11","0.0",2,"Automóvil,Moto/Ciclomotor","Ruta Nac 11 Y Yapeyu",3,2,0,0,1,0,0,,"Ruta",11,"PUERTO SAN MARTÍN","San Lorenzo","Asfalto","Ripio","XVII","Dentro","Urbana","Ninguna","No existe","Intersección","Bueno","Buena","Nocturna","Buen Tiempo","Lateral","S/D","Colisión","Ninguna","Faltante","Ninguna","Sin restricción"
2017,7957,10/14/2017,"Sabado",0,13:00:00,"Ruta Nacional 11","0.0",2,"Automóvil,Peatón","Av San Martin 2827",2,1,0,0,1,0,0,,"Ruta",11,"SAN LORENZO","San Lorenzo","Asfalto","No existe","XVII","S/D","Urbana","S/D","No existe","Recta","Bueno","Buena","Diurna","S/D","S/D","Peatón","Atropello","Ninguna","Faltante","Cordón divisorio","S/D"