"anio_acci","nro_acci","fecha","desc_dia","fecha_aprox","hora_aprox","desc_ruta","km","cant_participantes","desc_participante","calle_avenida_km","total","heridos_leves","heridos_graves","heridos_gravisimos","ilesos","fallecidos","sin_datos","posicion_XY","desc_tipo_via","desc_ruta_ori","desc_loc","desc_dpto","desc_tipo_calzada","desc_tipo_banquina","desc_unidad_regional","desc_lugar_calzada","desc_zona","desc_prioridad","desc_estado_semaforo","desc_lugar_via","desc_estado_via","desc_estado_visibilidad","desc_luminosidad","desc_estado_clima","desc_tipo_colision","desc_tipo_atropello","desc_tipo_hecho","desc_pres_calzada","desc_senializacion","desc_separacion_via","desc_restriccion"
2017,7958,10/20/2017,"Viernes",0,10:40:00,,"0.0",2,"Moto/Ciclomotor,Pickup/Utilitario","Belgrano Y Sarmiento",3,2,0,0,1,0,0,,"Calle",,"PUERTO SAN MARTÍN","San Lorenzo","Asfalto","No existe","XVII","Dentro","Urbana","Ninguna","No existe","Recta","Bueno","Buena","Diurna","Buen Tiempo","De alcance","S/D","Colisión","Ninguna","Horizontal","Ninguna","Sin restricción"
2017,7959,10/21/2017,"Sabado",0,19:15:00,"Ruta Nacional 11","0.0",2,"Moto/Ciclomotor,Transporte de Pasajeros Larga Distancia (> 8 asientos)","Ruta 18 S Y Ruta Nac 11",2,0,1,0,1,0,0,,"Ruta",11,"PUERTO SAN MARTÍN","San Lorenzo","Asfalto","Natural","XVII","S/D","Rural","Ninguna","No existe","Intersección","Ahuellamiento","Buena","Atardecer","Buen Tiempo","Lateral","S/D","Colisión","Ninguna","Faltante","Ninguna","Sin restricción"
2017,7960,10/26/2017,"Jueves",0,21:30:00,,"0.0",2,"Moto/Ciclomotor,Automóvil","Piton Y Junin",2,1,0,0,1,0,0,,"Calle",,"PUERTO SAN MARTÍN","San Lorenzo","Asfalto","No existe","XVII","Dentro","Urbana","Ninguna","No existe","Intersección","Bueno","Buena","Nocturna","Buen Tiempo","Lateral","S/D","Colisión","Ninguna","S/D","Ninguna","Sin restricción"
2017,7961,10/28/2017,"Sabado",0,18:10:00,"Ruta Nacional 175","0.0",2,"Moto/Ciclomotor,Moto/Ciclomotor","Reconquista Y Cordoba",2,2,0,0,0,0,0,,"Ruta",175,"PUERTO SAN MARTÍN","San Lorenzo","Asfalto","No existe","XVII","Dentro","Urbana","Ninguna","No existe","Intersección","Bueno","Buena","Diurna","Buen Tiempo","Lateral","S/D","Colisión","Ninguna","Horizontal","Ninguna","Sin restricción"
2017,7962,10/28/2017,"Sabado",0,21:50:00,"Ruta Nacional 11","0.0",2,"Moto/Ciclomotor,Moto/Ciclomotor","Ruta Nac 11 Y Misiones",3,2,0,0,1,0,0,,"Ruta",11,"PUERTO SAN MARTÍN","San Lorenzo","Asfalto","Natural","XVII","S/D","Rural","Ninguna","No existe","Intersección","Deteriorada","Reducida","Nocturna","S/D","Otro","S/D","Colisión","Ninguna","S/D","Ninguna","Sin restricción"
2017,7963,10/29/2017,"Domingo",0,1:30:00,"Ruta Nacional 11","0.0",2,"Moto/Ciclomotor,Automóvil","Ruta Nac 11 Y La Paz",2,0,1,0,1,0,0,,"Ruta",11,"PUERTO SAN MARTÍN","San Lorenzo","Asfalto","Natural","XVII","Dentro","Rural","Ninguna","No existe","Intersección","Deteriorada","Reducida","Nocturna","S/D","Lateral","S/D","Colisión","Ninguna","Faltante","Línea divisoria pintada","Sin restricción"
2017,7964,10/15/2017,"Domingo",0,7:00:00,"Ruta Nacional 11","483.8",2,"Moto/Ciclomotor,Transporte de Pasajeros Larga Distancia (Doble Piso)","Ruta Nacional 1V011- Juan de Garay Y Jose Pedroni",3,0,0,1,1,1,0,"-31.49833, -60.7322","Ruta",11,"RECREO","La Capital","Asfalto","Ripio","I","Dentro","Urbana","Marca Vial","No existe","Curva","Deteriorada","Reducida","Diurna","Buen Tiempo","Frontal","S/D","Colisión","Ninguna","Vertical","Línea divisoria pintada","Sin restricción"
2017,7965,10/31/2017,"Martes",0,4:25:00,"Ruta Nacional A012","0.0",2,"Camión Chasis,Camión Chasis","LAS TARDES ",2,1,0,0,1,0,0,,"Ruta","A012","ROLDÁN","San Lorenzo","Asfalto","Natural","XVII","Dentro","Rural","Ninguna","No existe","Intersección","Bueno","Buena","Nocturna","Buen Tiempo","De alcance","S/D","Colisión","Ninguna","Faltante","Ninguna","Sin restricción"
2017,7966,10/27/2017,"Viernes",0,13:00:00,,"0.0",2,"Bicicleta,Pickup/Utilitario","Bv San Martin Y Antartida Argentina",2,1,0,0,1,0,0,,"Calle",,"ROLDÁN","San Lorenzo","Asfalto","No existe","XVII","Dentro","Urbana","Ninguna","No existe","Intersección","Bueno","Buena","Diurna","Buen Tiempo","S/D","Ciclista","Atropello","Ninguna","Faltante","Cordón divisorio,Vegetación","Sin restricción"
2017,7967,10/25/2017,"Miercoles",0,20:55:00,,"0.0",2,"Automóvil,Moto/Ciclomotor","Rio Parana Y Rio Cuarto",2,1,0,0,1,0,0,,"Calle",,"ROLDÁN","San Lorenzo","Tierra","No existe","XVII","Dentro","Rural","Ninguna","No existe","Intersección","Otro","Buena","Nocturna,Con luz artificial","Buen Tiempo","Lateral","S/D","Colisión","Ninguna","Faltante","Ninguna","Sin restricción"
2017,7968,10/17/2017,"Martes",0,6:15:00,"Ruta Nacional 9","0.0",1,"Moto/Ciclomotor","Catamarca Y Buenos Aires",2,1,0,0,1,0,0,,"Ruta",9,"ROLDÁN","San Lorenzo","Asfalto","Ripio","XVII","Dentro","Urbana","Ninguna","No existe","Intersección","Bueno","Buena","Nocturna,Con luz artificial","Buen Tiempo","S/D","S/D","Despiste","Ninguna","Vertical","Ninguna","Sin restricción"
2017,7969,10/20/2017,"Viernes",0,21:50:00,"Autopista Nacional Rosario -Cordoba","311.0",2,"Automóvil,Automóvil"," ",2,1,0,0,1,0,0,,"Autopista","Rosario -Cordoba","ROLDÁN","San Lorenzo","Asfalto","Natural","XVII","Dentro","Rural","Ninguna","No existe","Recta","Con baches","Reducida","Nocturna","Buen Tiempo","Lateral","S/D","Colisión","Ninguna","Faltante","Línea divisoria pintada","Obra en Construcción"
2017,7970,10/22/2017,"Domingo",0,23:30:00,,"0.0",2,"Moto/Ciclomotor,Bicicleta","Urquiza 300",3,1,0,0,0,0,2,,"Calle",,"ROLDÁN","San Lorenzo","Asfalto","No existe","XVII","Dentro","Urbana","Ninguna","No existe","Recta","Bueno","Buena","Nocturna,Con luz artificial","Buen Tiempo","S/D","Ciclista","Atropello","Ninguna","Faltante","Ninguna","Sin restricción"
2017,7971,10/18/2017,"Miercoles",0,19:25:00,,"0.0",2,"Peatón,Moto/Ciclomotor","Juan Jose Paso Y Laprida",2,1,0,0,1,0,0,,"Calle",,"ROLDÁN","San Lorenzo","Tierra","No existe","XVII","Dentro","Rural","Ninguna","No existe","Intersección","Bueno","Buena","Atardecer,Con luz artificial","Buen Tiempo","S/D","Peatón","Atropello","Ninguna","Faltante","Ninguna","Sin restricción"
2017,7972,10/17/2017,"Martes",0,10:00:00,"Ruta Nacional A012","0.0",2,"Automóvil,Camión Chasis","CAMINO REIGALES ",2,1,0,0,1,0,0,,"Ruta","A012","ROLDÁN","San Lorenzo","Asfalto","Ripio","XVII","Dentro","Rural","Ninguna","No existe","Intersección","Bueno","Buena","Diurna","Buen Tiempo","Lateral","S/D","Colisión","Ninguna","Faltante","Ninguna","Sin restricción"
2017,7973,10/15/2017,"Domingo",0,7:55:00,"Ruta Nacional A012","0.0",1,"Automóvil","AV DE LAS LIBERTADES ",1,1,0,0,0,0,0,,"Ruta","A012","ROLDÁN","San Lorenzo","Asfalto","Ripio","XVII","Dentro","Rural","Ninguna","No existe","Intersección","Bueno","Buena","Diurna","Buen Tiempo","S/D","S/D","Vuelco","Ninguna","Vertical","Ninguna","Sin restricción"
2017,7974,10/11/2017,"Miercoles",0,13:00:00,"Ruta Nacional 11","0.0",2,"Automóvil,Moto/Ciclomotor","Ruta Nac 11 Y Granadero Baigorria",2,1,0,0,1,0,0,,"Ruta",11,"SAN LORENZO","San Lorenzo","Asfalto","Natural","XVII","S/D","Urbana","S/D","No existe","Recta","Bueno","Buena","Diurna","Buen Tiempo","De alcance","S/D","Colisión","Ninguna","Faltante","Ninguna","S/D"
2017,7975,10/10/2017,"Martes",0,14:00:00,,"0.0",2,"Automóvil,Moto/Ciclomotor","Irigoyen Y Sarmiento",3,1,1,0,1,0,0,,"Calle",,"SAN LORENZO","San Lorenzo","Hormigón","No existe","XVII","S/D","Urbana","Ninguna","No existe","Intersección","Bueno","Buena","Diurna","Otro","Lateral","S/D","Colisión","S/D","Faltante","Ninguna","S/D"
2017,7976,12/4/2017,"Lunes",0,12:40:00,,"0.0",2,"Peatón,Automóvil","Paraguay Y 3 De Febrero",3,2,0,0,0,0,1,,"Calle",,"ROSARIO","Rosario","Asfalto","S/D","II","S/D","Urbana","S/D","S/D","Recta","Bueno","Buena","Diurna","Buen Tiempo","S/D","Peatón","Atropello","S/D","S/D","S/D","S/D"
2017,7977,12/4/2017,"Lunes",0,9:10:00,,"0.0",2,"Automóvil,Moto/Ciclomotor","Paraguay Y 9 De Julio",2,1,0,0,1,0,0,"-32.952833333333,-60.645583333333","Calle",,"ROSARIO","Rosario","Asfalto","S/D","II","S/D","Urbana","S/D","No existe","Recta","Bueno","S/D","Diurna","Buen Tiempo","S/D","S/D","Colisión","S/D","S/D","S/D","S/D"
2017,7978,12/2/2017,"Sabado",0,8:00:00,"Ruta Nacional 178","198.0",1,"Automóvil","Av A y L Dickinson ruta 178 ",1,1,0,0,0,0,0,"-32.481333333333,-61.590194444444","Ruta",178,"LAS ROSAS","Belgrano","Asfalto","Natural","III","Fuera","Rural","Ninguna","No existe","Recta","Bueno","Buena","Diurna","Buen Tiempo","S/D","S/D","Despiste","Ninguna","S/D","Vegetación","Sin restricción"
2017,7979,12/4/2017,"Lunes",0,,,"0.0",1,"Transporte de Pasajeros Urbano (> 8 asientos)","J.M.de Rosas Y E.Zeballos",2,1,0,0,1,0,0,"-32.956361111111,-60.633416666667","Calle",,"ROSARIO","Rosario","Asfalto","S/D","II","S/D","Urbana","S/D","S/D","Recta","Bueno","Buena","Nocturna","Buen Tiempo","Otro","S/D","Otro","S/D","S/D","S/D","S/D"
2017,7980,12/17/2017,"Domingo",0,2:50:00,"Ruta Nacional 178","201.0",2,"Transporte de Pasajeros Larga Distancia (> 8 asientos),Automóvil","Av A y L Dickinson ruta 178 ",5,2,0,0,3,0,0,"-32.481305555556,-61.590194444444","Ruta",178,"LAS ROSAS","Belgrano","S/D","Natural","III","S/D","Rural","Marca Vial","No existe","Curva","Deteriorada","Reducida","Nocturna","Lluvia","De alcance","S/D","Colisión","Agua","Faltante","Ninguna","Sin restricción"
2017,7981,12/4/2017,"Lunes",0,13:00:00,,"0.0",1,"Transporte de Pasajeros Urbano (> 8 asientos)","Maipu Y E.Zeballos",4,3,0,0,1,0,0,"-32.9555,-60.637527777778","Calle",,"ROSARIO","Rosario","Asfalto","S/D","II","S/D","Urbana","S/D","Funciona","Recta","Bueno","S/D","Diurna","Buen Tiempo","Otro","S/D","S/D","S/D","S/D","S/D","S/D"
2017,7982,12/28/2017,"Jueves",0,18:20:00,,"0.0",2,"Moto/Ciclomotor,Pickup/Utilitario","Italia Y Ituzaingo",3,2,0,0,1,0,0,"-32.475611111111,-61.583027777778","Calle",,"LAS ROSAS","Belgrano","Asfalto","No existe","III","Dentro","Urbana","Ninguna","No existe","Intersección","Bueno","Buena","Diurna","Buen Tiempo","De alcance","S/D","Colisión","Ninguna","Faltante","Ninguna","Sin restricción"
2017,7983,12/3/2017,"Domingo",0,5:45:00,,"0.0",2,"Moto/Ciclomotor,Automóvil","25 de Mayo Y Guemes",4,2,2,0,0,0,0,"-31.97225,-60.92325","Calle",,"CORONDA","San Jerónimo","Asfalto","No existe","XV","Dentro","Urbana","Ninguna","No existe","Intersección","Bueno","Buena","Diurna","Buen Tiempo","De alcance","S/D","Colisión","Ninguna","Faltante","Ninguna","Sin restricción"
2017,7984,12/23/2017,"Sabado",0,2:20:00,,"0.0",3,"Bicicleta,Bicicleta,Pickup/Utilitario","Italia Y Sarmiento",3,1,1,0,0,0,1,"-32.476833333333,-61.576361111111","Calle",,"LAS ROSAS","Belgrano","Asfalto","No existe","III","Dentro","Urbana","Ninguna","No existe","Recta","Bueno","Buena","Nocturna","Lluvia","De alcance","Ciclista","Atropello","Agua","Faltante","Ninguna","Sin restricción"
2017,7985,12/2/2017,"Sabado",0,1:30:00,,"0.0",2,"Automóvil,Moto/Ciclomotor","Rivadavia Y Cnel Rodriguez",3,1,0,0,2,0,0,"-31.970222222222,-60.917638888889","Calle",,"CORONDA","San Jerónimo","Hormigón","No existe","XV","Dentro","Urbana","Ninguna","No existe","Intersección","Bueno","Buena","Con luz artificial","Buen Tiempo","Lateral","S/D","Colisión","Ninguna","Faltante","Ninguna","Sin restricción"
2017,7986,12/22/2017,"Viernes",0,20:30:00,,"0.0",2,"Moto/Ciclomotor,Pickup/Utilitario","Sarmiento Y San Martin",3,1,0,0,2,0,0,"-32.475694444444,-61.576083333333","Calle",,"LAS ROSAS","Belgrano","Asfalto","No existe","III","Dentro","Urbana","Ninguna","Funciona","Intersección","Bueno","Buena","Nocturna","Buen Tiempo","De alcance","S/D","Colisión","Ninguna","Faltante","Ninguna","Sin restricción"
2017,7987,12/9/2017,"Sabado",0,20:00:00,,"0.0",2,"Automóvil,Moto/Ciclomotor","Camino Rural ",2,1,0,0,1,0,0,,"Calle",,"CORONDA","San Jerónimo","Tierra","No existe","II","S/D","Rural","Ninguna","No existe","Recta","Bueno","Buena","Atardecer","Buen Tiempo","Lateral","S/D","Colisión","Ninguna","Faltante","Ninguna","Sin restricción"
2017,7988,12/22/2017,"Viernes",0,23:30:00,,"0.0",1,"Automóvil","Rio de Janeiro Y Santa Fe",1,1,0,0,0,0,0,"-32.484277777778,-61.574111111111","Calle",,"LAS ROSAS","Belgrano","Asfalto","No existe","III","Dentro","Urbana","Ninguna","No existe","Recta","Bueno","Buena","Nocturna","Lluvia","Lateral","S/D","Despiste","Agua","Faltante","Ninguna","Sin restricción"
2017,7989,12/13/2017,"Miercoles",0,16:00:00,,"0.0",2,"Moto/Ciclomotor,Automóvil","Paso de los Andes Y Moreno",2,1,0,0,1,0,0,"-32.471583333333,-61.579138888889","Calle",,"LAS ROSAS","Belgrano","Asfalto","No existe","III","Dentro","Urbana","Ninguna","No existe","Intersección","Bueno","Buena","Diurna","Buen Tiempo","De alcance","S/D","Colisión","Ninguna","Faltante","Ninguna","Sin restricción"
2017,7990,12/4/2017,"Lunes",0,22:00:00,,"0.0",1,"Pickup/Utilitario","Bvard Argentino Y Mexico",3,2,1,0,0,0,0,"-32.039916666667,-61.23325","Calle",,"GÁLVEZ","San Jerónimo","Tierra","No existe","XV","Dentro","Urbana","Ninguna","No existe","Intersección","Bueno","Buena","Nocturna","Buen Tiempo","Otro","S/D","Despiste","Ninguna","Faltante","Ninguna","Sin restricción"
2017,7991,12/10/2017,"Domingo",0,13:30:00,,"0.0",2,"Moto/Ciclomotor,Pickup/Utilitario","Rivadavia Y Buenos Aires",4,1,0,0,3,0,0,"-32.473722222222,-61.574138888889","Calle",,"LAS ROSAS","Belgrano","Asfalto","No existe","III","Dentro","Urbana","Ninguna","No existe","Intersección","Bueno","Buena","Diurna","Buen Tiempo","Lateral","S/D","Colisión","Ninguna","Vertical","Cordón divisorio","Sin restricción"
2017,7992,12/1/2017,"Viernes",0,11:45:00,,"0.0",2,"Moto/Ciclomotor,Automóvil","Dorrego Y J B Alberdi",3,2,0,0,1,0,0,"-32.025111111111,-61.2205","Calle",,"GÁLVEZ","San Jerónimo","Asfalto","S/D","XV","Dentro","Urbana","Ninguna","No existe","Intersección","Bueno","Buena","Diurna","Buen Tiempo","Lateral","S/D","Colisión","Ninguna","Faltante","Ninguna","Sin restricción"
2017,7993,12/14/2017,"Jueves",0,20:15:00,,"0.0",2,"Bicicleta,Moto/Ciclomotor","San Luis Y San Jose",2,1,0,0,1,0,0,"-32.038083333333,-61.220305555556","Calle",,"GÁLVEZ","San Jerónimo","Ripio","S/D","XV","Dentro","Urbana","Ninguna","No existe","Intersección","Con baches","Buena","Nocturna","Buen Tiempo","Lateral","Ciclista","Atropello","Material Suelto","S/D","Ninguna","Sin restricción"
2017,7994,12/29/2017,"Viernes",0,9:15:00,,"0.0",2,"Bicicleta,Pickup/Utilitario","Tucuman Y Chacabuco",2,1,0,0,1,0,0,"-32.478083333333,-61.582305555556","Calle",,"LAS ROSAS","Belgrano","Asfalto","No existe","III","Dentro","Urbana","Ninguna","No existe","Intersección","Bueno","Buena","Diurna","Buen Tiempo","Frontal","S/D","Atropello","Ninguna","Vertical","Cordón divisorio","Sin restricción"
2017,7995,12/14/2017,"Jueves",0,21:00:00,,"0.0",2,"Automóvil,Moto/Ciclomotor","España 650",3,0,0,0,1,0,2,"-32.027861111111,-61.223138888889","Calle",,"GÁLVEZ","San Jerónimo","Asfalto","S/D","XV","Dentro","Urbana","Ninguna","No existe","Recta","Bueno","Buena","Nocturna","Buen Tiempo","S/D","S/D","Colisión","Ninguna","Faltante","Ninguna","Sin restricción"
2017,7996,12/29/2017,"Viernes",0,13:30:00,,"0.0",2,"Moto/Ciclomotor,Moto/Ciclomotor","Ciudad de Coronda Y Salta",3,2,0,0,0,0,1,"-32.464944444444,-61.583055555556","Calle",,"LAS ROSAS","Belgrano","Asfalto","No existe","III","Dentro","Urbana","Ninguna","No existe","Intersección","Bueno","Buena","Diurna","Buen Tiempo","Lateral","S/D","Colisión","Ninguna","Faltante","Cordón divisorio","Sin restricción"
2017,7997,12/15/2017,"Viernes",0,17:50:00,,"0.0",2,"Automóvil,Moto/Ciclomotor","Capitan Bermudez Y Sarmiento",2,1,0,0,1,0,0,"-32.024361111111,-61.224833333333","Calle",,"GÁLVEZ","San Jerónimo","Asfalto","S/D","XV","S/D","Urbana","Ninguna","No existe","Intersección","Bueno","Buena","Diurna","Buen Tiempo","Lateral","S/D","Colisión","Ninguna","Faltante","Ninguna","Sin restricción"
2017,7998,12/16/2017,"Sabado",0,2:00:00,"Ruta Nacional 178","0.0",2,"Camión c / Acoplado,Tren","Av A y L Dickinson ruta 178 ",3,1,0,0,2,0,0,"-32.462513,-61.585330","Ruta",178,"LAS ROSAS","Belgrano","Asfalto","Natural","III","Dentro","Urbana","Señal Pare","No existe","Paso a Nivel FFCC","Bueno","Buena","Nocturna","Buen Tiempo","Lateral","S/D","Colisión","Ninguna","Vertical","Línea divisoria pintada","Sin restricción"
2017,7999,12/19/2017,"Martes",0,9:45:00,,"0.0",2,"Automóvil,Moto/Ciclomotor","Mexico Y Cordoba",3,1,0,0,2,0,0,"-32.037333333333,-61.233083333333","Calle",,"GÁLVEZ","San Jerónimo","Tierra","S/D","XV","Dentro","Urbana","Ninguna","No existe","Intersección","Ahuellamiento","Buena","Diurna","Buen Tiempo","S/D","S/D","Colisión","Material Suelto","Faltante","Ninguna","Sin restricción"
2017,8000,12/20/2017,"Miercoles",0,12:00:00,,"0.0",2,"Moto/Ciclomotor,Automóvil","pbro d Balbiano Y 1ro de Mayo",2,1,0,0,1,0,0,"-32.035416666667,-61.22425","Calle",,"GÁLVEZ","San Jerónimo","Asfalto","S/D","XV","Dentro","Urbana","Ninguna","No existe","Intersección","Bueno","Buena","Diurna","Buen Tiempo","Lateral","S/D","Colisión","Ninguna","S/D","Cordón divisorio","Sin restricción"
2017,8001,12/4/2017,"Lunes",0,22:10:00,,"0.0",1,"Moto/Ciclomotor","Guillermo Benitez 220",2,1,0,0,1,0,0,"-32.474777777778,-61.574694444444","Calle",,"LAS ROSAS","Belgrano","Asfalto","No existe","III","S/D","Urbana","Ninguna","No existe","Recta","Otro","Buena","Nocturna","Buen Tiempo","Otro","S/D","Caída ocupante","Ninguna","Horizontal","Ninguna","Sin restricción"
2017,8002,12/21/2017,"Jueves",0,11:55:00,,"0.0",2,"Moto/Ciclomotor,Peatón","Avda. Jorge Newbery Y San Lorenzo",2,1,0,0,1,0,0,"-32.035694444444,-61.216777777778","Calle",,"GÁLVEZ","San Jerónimo","Asfalto","S/D","XV","S/D","Urbana","Ninguna","No existe","Intersección","Resbaladiza","Buena","Diurna","Lluvia","De alcance","Peatón","Atropello","Agua","S/D","Cordón divisorio","Sin restricción"
2017,8003,12/23/2017,"Sabado",0,19:50:00,,"0.0",2,"Moto/Ciclomotor,Moto/Ciclomotor","Calle 23 Y Calle 14",2,1,1,0,0,0,0,"-32.679202,-61.523802","Calle",,"LAS PAREJAS","Belgrano","Asfalto","No existe","III","Dentro","Urbana","Ninguna","No existe","Intersección","Bueno","Buena","Diurna","Buen Tiempo","Lateral","S/D","Colisión","Ninguna","Vertical","Ninguna","Sin restricción"
2017,8004,12/30/2017,"Sabado",0,12:10:00,,"0.0",1,"Moto/Ciclomotor","Bvard Pasteur Y Hipolito Irigoyen",2,2,0,0,0,0,0,"-32.031944444444,-61.225305555556","Avenida",,"GÁLVEZ","San Jerónimo","Asfalto","Pavimento","XV","Dentro","Urbana","Semáforo","Intermitente","Intersección","Bueno","Buena","Diurna","Buen Tiempo","S/D","S/D","Vuelco","Ninguna","S/D","Vegetación","Sin restricción"
2017,8005,12/27/2017,"Miercoles",0,12:45:00,,"0.0",2,"Automóvil,Moto/Ciclomotor","Calle 12 Y Avenida 21",2,1,0,0,1,0,0,"-32.689629,-61.524487","Avenida",,"LAS PAREJAS","Belgrano","Asfalto","No existe","III","S/D","Urbana","Ninguna","No existe","Intersección","Bueno","Buena","Diurna","Buen Tiempo","Lateral","S/D","Colisión","Ninguna","Horizontal","Ninguna","Accidente Previo"
2017,8006,12/16/2017,"Sabado",0,16:30:00,,"0.0",2,"Automóvil,Moto/Ciclomotor","NARDI Y SAVINO",3,2,0,0,1,0,0,,"Calle",,"GESSLER","San Jerónimo","Asfalto","Pavimento","XV","Dentro","Urbana","Ninguna","No existe","Intersección","Bueno","Buena","Diurna","Buen Tiempo","Lateral","S/D","Colisión","Ninguna","Faltante","Ninguna","Sin restricción"
2017,8007,12/14/2017,"Jueves",0,12:10:00,"Ruta Provincial 80","0.0",2,"Moto/Ciclomotor,Camión c / Acoplado","Ruta 80 Y Autopista B. Estanislao Lopez",2,1,0,0,1,0,0,,"Ruta",80,"AROCENA","San Jerónimo","Asfalto","Ripio","XV","S/D","Rural","Ninguna","No existe","Intersección","Bueno","Buena","Diurna","Buen Tiempo","Frontal","S/D","Colisión","Ninguna","Horizontal","Cordón divisorio","Sin restricción"
2017,8008,12/13/2017,"Miercoles",0,12:10:00,,"0.0",2,"Automóvil,Moto/Ciclomotor","Avenida 21 Y Avenida 18",2,1,0,0,1,0,0,"-32.679050,-61.520301","Avenida",,"LAS PAREJAS","Belgrano","Asfalto","No existe","III","Dentro","Urbana","Ninguna","No existe","Intersección","Bueno","Buena","Diurna","Buen Tiempo","Lateral","S/D","Colisión","Ninguna","Horizontal","Ninguna","Sin restricción"
2017,8009,12/16/2017,"Sabado",0,14:35:00,,"0.0",2,"Pickup/Utilitario,Moto/Ciclomotor","Mariano Moreno Y Alte. Brown",2,0,1,0,1,0,0,,"Calle",,"DESVÍO ARIJÓN","San Jerónimo","Tierra","Natural","XV","S/D","Urbana","Ninguna","No existe","Intersección","Bueno","Buena","Diurna","Buen Tiempo","Lateral","S/D","Colisión","S/D","S/D","Ninguna","Sin restricción"
2017,8010,12/2/2017,"Sabado",0,6:00:00,"Autopista Provincial Brigadier E.López","84.0",2,"Automóvil,Camión c / Semirremolque"," ",3,2,0,0,1,0,0,,"Autopista","Brigadier E.López","SAN FABIÁN","San Jerónimo","Asfalto","Natural","XV","Dentro","S/D","Ninguna","S/D","Recta","Bueno","Buena","Diurna","Buen Tiempo","De alcance","S/D","Colisión","Ninguna","S/D","Vegetación","Sin restricción"
2017,8011,12/7/2017,"Jueves",0,12:30:00,,"0.0",2,"Moto/Ciclomotor,Pickup/Utilitario","Bv Tortugas Y Camino 14",2,0,1,0,1,0,0,,"Camino Rural",,"ARMSTRONG","Belgrano","Ripio","Natural","III","Dentro","Rural","Ninguna","No existe","Intersección","Bueno","Buena","Diurna","Buen Tiempo","Lateral","S/D","Colisión","Ninguna","Faltante","Ninguna","Sin restricción"
2017,8012,11/3/2017,"Viernes",0,2:15:00,"Ruta Nacional 19","38.0",2,"Camión c / Acoplado,Camión c / Acoplado"," ",3,1,0,0,2,0,0,,"Ruta",19,"SAN JERÓNIMO DEL SAUCE","Las Colonias","Asfalto","Pavimento","XI","Dentro","S/D","Ninguna","No existe","Recta","Bueno","Reducida","Nocturna","Niebla","De alcance","S/D","Colisión","Ninguna","S/D","Guardarrail,Vegetación","Sin restricción"
2017,8013,12/15/2017,"Viernes",0,19:50:00,"Ruta Provincial 15","28.0",1,"Pickup/Utilitario"," ",1,0,1,0,0,0,0,"-32.790530,-61.618749","Ruta",15,"ARMSTRONG","Belgrano","Asfalto","Natural","III","Fuera","Rural","Ninguna","No existe","Recta","Bueno","Buena","Atardecer","Buen Tiempo","S/D","S/D","Vuelco","Ninguna","Faltante","Ninguna","Sin restricción"
2017,8014,12/13/2017,"Miercoles",0,9:30:00,,"0.0",2,"Automóvil,Camión Chasis","Calle lindante al sur del Cementerio local Y Calle lindante al oeste del CER N°8",3,0,2,0,1,0,0,,"Camino Rural",,"GRUTLY SUR","Las Colonias","Tierra","Natural","XI","Dentro","Rural","Ninguna","No existe","Intersección","Bueno","Buena","Diurna","Buen Tiempo","Lateral","S/D","Colisión","Ninguna","S/D","Ninguna","Sin restricción"
2017,8015,12/8/2017,"Viernes",0,20:00:00,"Ruta Nacional 9","396.0",2,"Moto/Ciclomotor,Automóvil"," ",2,1,0,0,1,0,0,"-32.774821,-61.600415","Ruta",9,"ARMSTRONG","Belgrano","Asfalto","Natural","III","Dentro","Urbana","Ninguna","No existe","Recta","Bueno","Buena","Atardecer","Buen Tiempo","Lateral","S/D","Colisión","Ninguna","Horizontal","Ninguna","Sin restricción"
2017,8016,12/12/2017,"Martes",0,21:40:00,,"0.0",2,"Moto/Ciclomotor,Automóvil","9 de Julio Y San Martin",4,1,1,0,2,0,0,,"Calle",,"PROGRESO","Las Colonias","Asfalto","No existe","XI","Dentro","Urbana","Ninguna","No existe","Intersección","Bueno","Buena","Con luz artificial","Buen Tiempo","Frontal","S/D","Colisión","Ninguna","Faltante","Ninguna","Accidente Previo"
2017,8017,12/2/2017,"Sabado",0,3:00:00,,"0.0",2,"Moto/Ciclomotor,Pickup/Utilitario","F Quiroga Y Dr Ricardo Fischer",3,1,0,0,2,0,0,,"Calle",,"ARMSTRONG","Belgrano","Asfalto","No existe","III","Dentro","Urbana","Ninguna","No existe","Intersección","Bueno","Buena","Nocturna","Buen Tiempo","Lateral","S/D","Colisión","Ninguna","Horizontal,Vertical","Ninguna","Sin restricción"
2017,8018,12/6/2017,"Miercoles",0,12:30:00,"Ruta Nacional 9","395.0",1,"Pickup/Utilitario"," ",1,1,0,0,0,0,0,"-32.737308,-61.812841","Ruta",9,"TORTUGAS","Belgrano","Asfalto","Pavimento","III","Dentro","Rural","Marca Vial","No existe","Recta","Bueno","S/D","Diurna","Buen Tiempo","S/D","S/D","Otro","Ninguna","Horizontal","Vegetación","Sin restricción"