"anio_acci","nro_acci","fecha","desc_dia","fecha_aprox","hora_aprox","desc_ruta","km","cant_participantes","desc_participante","calle_avenida_km","total","heridos_leves","heridos_graves","heridos_gravisimos","ilesos","fallecidos","sin_datos","posicion_XY","desc_tipo_via","desc_ruta_ori","desc_loc","desc_dpto","desc_tipo_calzada","desc_tipo_banquina","desc_unidad_regional","desc_lugar_calzada","desc_zona","desc_prioridad","desc_estado_semaforo","desc_lugar_via","desc_estado_via","desc_estado_visibilidad","desc_luminosidad","desc_estado_clima","desc_tipo_colision","desc_tipo_atropello","desc_tipo_hecho","desc_pres_calzada","desc_senializacion","desc_separacion_via","desc_restriccion"
2017,8019,10/31/2017,"Martes",0,11:00:00,,"0.0",2,"Automóvil,Moto/Ciclomotor","Parana Y Guemes",3,2,0,0,1,0,0,,"Calle",,"CARCARAÑÁ","San Lorenzo","Asfalto","No existe","XVII","S/D","Urbana","Ninguna","No existe","Intersección","Bueno","S/D","Diurna","Buen Tiempo","S/D","S/D","Colisión","Ninguna","Faltante","S/D","S/D"
2017,8020,10/23/2017,"Lunes",0,8:45:00,"Autopista Nacional Rosario -Cordoba","398.0",1,"Camión c / Acoplado"," ",1,1,0,0,0,0,0,,"Autopista","Rosario -Cordoba","TORTUGAS","Belgrano","Hormigón","Pavimento","III","Dentro","Rural","Marca Vial","No existe","Recta","Bueno","Buena","Diurna","Buen Tiempo","S/D","S/D","Vuelco","Ninguna","Horizontal","Vegetación","Sin restricción"
2017,8021,10/8/2017,"Domingo",0,13:15:00,"Ruta Secundaria 28-s","0.0",1,"Pickup/Utilitario"," ",1,1,0,0,0,0,0,,"Ruta","28-s","LAS PAREJAS","Belgrano","Asfalto","Natural","III","Fuera","Rural","Ninguna","No existe","Recta","Bueno","Buena","Diurna","Buen Tiempo","S/D","S/D","Vuelco","Ninguna","Faltante","Ninguna","Sin restricción"
2017,8022,10/28/2017,"Sabado",0,19:30:00,"Ruta Nacional 11","0.0",2,"Automóvil,Moto/Ciclomotor","Av San Martin Y Lavalle",4,2,0,0,0,0,2,,"Ruta",11,"SAN LORENZO","San Lorenzo","Asfalto,Tierra","No existe","XVII","S/D","Urbana","Ninguna","No existe","Intersección","Bueno","S/D","Atardecer","Otro","S/D","S/D","Colisión","Ninguna","Horizontal","Barrera de hormigón,Cordón divisorio,Línea divisoria pintada","S/D"
2017,8023,10/17/2017,"Martes",0,18:35:00,,"0.0",2,"Automóvil,Moto/Ciclomotor","Av. Ovidio Lagos Y Garay",2,0,1,0,1,0,0,,"Avenida",,"ROSARIO","Rosario","Asfalto","No existe","II","Dentro","Urbana","Ninguna","No existe","Intersección","Bueno","Buena","Atardecer","Buen Tiempo","Lateral","S/D","Colisión","Ninguna","Faltante","Cordón divisorio","Sin restricción"
2017,8024,10/10/2017,"Martes",0,17:30:00,,"0.0",2,"Automóvil,Bicicleta","Avenida 17 Y Calle 24",2,1,0,0,1,0,0,,"Calle",,"LAS PAREJAS","Belgrano","Asfalto","No existe","III","Dentro","Urbana","Ninguna","No existe","Intersección","Bueno","Buena","Diurna","Buen Tiempo","S/D","Ciclista","Atropello","Ninguna","Faltante","Ninguna","Sin restricción"
2017,8025,10/28/2017,"Sabado",0,17:00:00,,"0.0",2,"Automóvil,Moto/Ciclomotor","San Juan Y 25 de Mayo",3,2,0,0,1,0,0,,"Calle",,"SAN LORENZO","San Lorenzo","Asfalto","No existe","XVII","S/D","Urbana","Ninguna","No existe","Intersección","Otro","S/D","Diurna","Otro","S/D","S/D","Colisión","Ninguna","Vertical","Ninguna","S/D"
2017,8026,10/20/2017,"Viernes",0,11:40:00,,"0.0",2,"Automóvil,Bicicleta","Bv. Oroño Y Fragata Sarmiento",2,1,0,0,1,0,0,,"Avenida",,"ROSARIO","Rosario","Asfalto","No existe","II","Dentro","Urbana","Ninguna","No existe","Recta","Bueno","Buena","Diurna","Buen Tiempo","S/D","Ciclista","Atropello","Ninguna","Horizontal","Ninguna","Sin restricción"
2017,8027,10/14/2017,"Sabado",0,13:00:00,,"0.0",2,"Moto/Ciclomotor,Pickup/Utilitario","Calle 27 Y Cortada 6 bis B",2,1,0,0,1,0,0,,"Calle",,"LAS PAREJAS","Belgrano","Ripio","No existe","III","Dentro","Urbana","Ninguna","No existe","Intersección","Bueno","Buena","Diurna","Buen Tiempo","Lateral","S/D","Colisión","Ninguna","Faltante","Ninguna","Sin restricción"
2017,8028,10/26/2017,"Jueves",0,16:10:00,,"0.0",2,"Pickup/Utilitario,Moto/Ciclomotor","Republica del Libano Y Misiones",2,1,0,0,0,0,1,,"Calle",,"SAN LORENZO","San Lorenzo","Hormigón","No existe","XVII","S/D","Urbana","Ninguna","No existe","Intersección","Otro","S/D","Diurna","Otro","S/D","S/D","Colisión","S/D","Faltante","Ninguna","S/D"
2017,8029,10/25/2017,"Miercoles",0,12:40:00,,"0.0",2,"Automóvil,Moto/Ciclomotor","Entre Rios Y Ameghino",2,1,0,0,1,0,0,,"Calle",,"ROSARIO","Rosario","Asfalto","No existe","II","Dentro","Urbana","Ninguna","No existe","Intersección","Bueno","Buena","Diurna","Buen Tiempo","Lateral","S/D","Colisión","Ninguna","Faltante","Ninguna","Sin restricción"
2017,8030,10/11/2017,"Miercoles",0,7:00:00,"Ruta Nacional 19","36.0",1,"Automóvil"," ",5,4,1,0,0,0,0,,"Ruta",19,"SAN JERÓNIMO DEL SAUCE","Las Colonias","Asfalto","Pavimento","XI","Fuera","Urbana","Marca Vial","No existe","Rotonda","Bueno","Buena","Diurna","Buen Tiempo","S/D","S/D","Despiste","Otro","Horizontal","Línea divisoria pintada","Sin restricción"
2017,8031,10/28/2017,"Sabado",0,16:00:00,"Ruta Nacional A012","0.0",2,"Taxi/Remis,Moto/Ciclomotor"," ",3,2,0,0,0,0,1,,"Ruta","A012","SAN LORENZO","San Lorenzo","S/D","S/D","XVII","S/D","Urbana","S/D","S/D","Intersección","Otro","S/D","Diurna","Otro","Otro","S/D","Colisión","Ninguna","Faltante","Ninguna","S/D"
2017,8032,10/27/2017,"Viernes",0,12:30:00,,"0.0",2,"Automóvil,Moto/Ciclomotor","Mariano Moreno Y Bv. Segui",2,1,0,0,1,0,0,,"Avenida",,"ROSARIO","Rosario","Asfalto","No existe","II","Dentro","Urbana","Ninguna","No existe","Intersección","Bueno","Buena","Diurna","Buen Tiempo","Lateral","S/D","Colisión","Ninguna","Faltante","Ninguna","Sin restricción"
2017,8033,10/16/2017,"Lunes",0,14:50:00,"Ruta Nacional 19","34.0",1,"Automóvil"," ",2,2,0,0,0,0,0,,"Ruta",19,"SAN JERÓNIMO DEL SAUCE","Las Colonias","Asfalto","Pavimento","XI","Fuera","Urbana","Marca Vial","No existe","Recta","Bueno","Buena","Diurna","Buen Tiempo","S/D","S/D","Despiste","Otro","Horizontal","Línea divisoria pintada","Sin restricción"
2017,8034,10/28/2017,"Sabado",0,12:35:00,,"0.0",2,"Moto/Ciclomotor,Moto/Ciclomotor","San Jose 1200",2,2,0,0,0,0,0,,"Calle",,"SAN LORENZO","San Lorenzo","S/D","No existe","XVII","S/D","Urbana","Otra Señal","No existe","Intersección","Otro","S/D","Diurna","Otro","Otro","S/D","Colisión","Ninguna","Vertical","Ninguna","S/D"
2017,8035,10/12/2017,"Jueves",0,9:00:00,"Ruta Provincial 4","47.0",1,"Camión c / Acoplado"," ",1,1,0,0,0,0,0,,"Ruta",4,"SANTO DOMINGO","Las Colonias","Asfalto","Natural","XI","Dentro","Rural","Ninguna","No existe","Curva","Bueno","Buena","Diurna","Lluvia","S/D","S/D","Vuelco","Agua","Faltante","S/D","Sin restricción"
2017,8036,10/28/2017,"Sabado",0,20:10:00,,"0.0",2,"Moto/Ciclomotor,Automóvil","Pte.Quintana Y Bv. Oroño",2,2,0,0,0,0,0,,"Calle",,"ROSARIO","Rosario","S/D","S/D","II","Dentro","Urbana","S/D","S/D","S/D","S/D","S/D","S/D","S/D","S/D","S/D","S/D","S/D","S/D","S/D","S/D"
2017,8037,10/5/2017,"Jueves",0,16:40:00,,"0.0",2,"Moto/Ciclomotor,Pickup/Utilitario","Av. Circunvalacion Y Cerrito",5,0,1,0,4,0,0,,"Avenida",,"ROSARIO","Rosario","Asfalto","No existe","II","Fuera","Urbana","S/D","No existe","Recta","Bueno","S/D","Diurna","S/D","Lateral","S/D","Colisión","S/D","Horizontal","Barrera de alto impacto","S/D"
2017,8038,10/21/2017,"Sabado",0,0:32:00,,"0.0",2,"Moto/Ciclomotor,Automóvil","Bv. Segui Y Mariano Moreno",3,1,0,0,1,0,1,,"Avenida",,"ROSARIO","Rosario","Asfalto","No existe","II","Dentro","Urbana","Ninguna","No existe","Intersección","Bueno","Buena","Nocturna","Buen Tiempo","Lateral","S/D","Colisión","Ninguna","Faltante","Ninguna","Sin restricción"
2017,8039,9/27/2017,"Miercoles",0,11:00:00,,"0.0",2,"Moto/Ciclomotor,Peatón","M Diaz Velez Y Av Costanera",2,0,1,0,1,0,0,,"Calle",,"SAN LORENZO","San Lorenzo","Hormigón","No existe","XVII","S/D","Urbana","S/D","No existe","Recta","S/D","Buena","Diurna","Buen Tiempo","S/D","Peatón","Atropello","S/D","S/D","S/D","S/D"
2017,8040,10/21/2017,"Sabado",0,18:20:00,,"0.0",2,"Moto/Ciclomotor,Pickup/Utilitario","Av Beck-Herzog Y Sarmiento",2,0,1,0,1,0,0,,"Avenida",,"HUMBOLDT","Las Colonias","Hormigón","Natural","XI","Dentro","Urbana","Ninguna","No existe","Intersección","Bueno","Buena","Atardecer","Buen Tiempo","Frontal,Lateral","S/D","Colisión","Ninguna","Vertical","Cordón divisorio","Sin restricción"
2017,8041,10/2/2017,"Lunes",0,15:00:00,,"0.0",2,"Moto/Ciclomotor,Pickup/Utilitario","Av Carlos A Poucel Y Bv Oroño",3,2,0,0,1,0,0,,"Calle",,"SAN LORENZO","San Lorenzo","Hormigón","No existe","XVII","S/D","Urbana","S/D","No existe","Intersección","Bueno","Buena","Diurna","Buen Tiempo","Lateral","S/D","Colisión","Ninguna","S/D","S/D","S/D"
2017,8042,10/13/2017,"Viernes",0,14:45:00,,"0.0",2,"Automóvil,Moto/Ciclomotor","Belgrano 2248",2,1,0,0,1,0,0,,"Calle",,"HUMBOLDT","Las Colonias","Asfalto","No existe","XI","Dentro","Urbana","Ninguna","No existe","Recta","Bueno","Buena","Diurna","Buen Tiempo","Lateral","S/D","Colisión","Ninguna","S/D","Ninguna","Sin restricción"
2017,8043,10/15/2017,"Domingo",0,5:45:00,,"0.0",1,"Automóvil","P Gianchino Y Richieri",1,0,1,0,0,0,0,,"Calle",,"SAN LORENZO","San Lorenzo","Ripio","No existe","XVII","S/D","Urbana","Ninguna","No existe","Recta","Otro","Reducida","Amanecer","Buen Tiempo","Otro","S/D","Vuelco","Ninguna","Faltante","Ninguna","Sin restricción"
2017,8044,10/23/2017,"Lunes",0,21:30:00,,"0.0",2,"Automóvil,Bicicleta","Bv. Segui Y Av. Corrientes",2,1,0,0,1,0,0,,"Avenida",,"ROSARIO","Rosario","Asfalto","No existe","II","Dentro","Urbana","Ninguna","Funciona","Intersección","Bueno","Buena","Nocturna,Con luz artificial","Buen Tiempo","S/D","Ciclista","Atropello","Ninguna","Vertical","Ninguna","Sin restricción"
2017,8045,10/25/2017,"Miercoles",0,20:15:00,,"0.0",2,"Pickup/Utilitario,Moto/Ciclomotor","Moreno 2063",2,1,0,0,1,0,0,,"Calle",,"HUMBOLDT","Las Colonias","Asfalto","No existe","XI","Dentro","Urbana","S/D","No existe","Recta","S/D","S/D","Nocturna","Buen Tiempo","Lateral","S/D","Colisión","Ninguna","S/D","Ninguna","Sin restricción"
2017,8046,10/7/2017,"Sabado",0,6:45:00,"Ruta Nacional A012","50.0",1,"Automóvil"," ",1,1,0,0,0,0,0,,"Ruta","A012","SAN LORENZO","San Lorenzo","Asfalto","Natural","XVII","Fuera","Rural","Ninguna","No existe","Recta","Bueno","Reducida","Nocturna","Buen Tiempo","Otro","S/D","Vuelco","Ninguna","Horizontal","Guardarrail,Línea divisoria pintada","Sin restricción"
2017,8047,10/8/2017,"Domingo",0,2:25:00,"Ruta Provincial 6","0.0",1,"Moto/Ciclomotor","Ruta Prov 6 Y Maestro J Rial",1,1,0,0,0,0,0,,"Ruta",6,"FRANCK","Las Colonias","Asfalto,Ripio","Natural","XI","S/D","Urbana","Ninguna","No existe","Recta","Con baches","Buena","Nocturna,Con luz artificial","Buen Tiempo","S/D","S/D","Caída ocupante","Ninguna","Faltante","Línea divisoria pintada","Sin restricción"
2017,8048,10/31/2017,"Martes",0,6:40:00,"Autopista Provincial Brigadier E.López","9.0",1,"Moto/Ciclomotor"," ",1,1,0,0,0,0,0,,"Autopista","Brigadier E.López","RICARDONE","San Lorenzo","Asfalto","Natural","XVII","Dentro","Rural","Otra Señal","No existe","Recta","Bueno","Buena","Diurna","Buen Tiempo","S/D","S/D","Despiste","Ninguna","Vertical","Vegetación","Sin restricción"
2017,8049,10/14/2017,"Sabado",0,14:30:00,,"0.0",2,"Automóvil,Bicicleta","Jujuy Y 9 de Julio",3,2,0,0,0,0,1,,"Calle",,"CAPITÁN BERMÚDEZ","San Lorenzo","Asfalto","No existe","XVII","S/D","Urbana","Ninguna","No existe","Recta","Bueno","Buena","Diurna","Buen Tiempo","S/D","Ciclista","Atropello","Ninguna","S/D","Ninguna","S/D"
2017,8050,10/26/2017,"Jueves",0,,,"0.0",2,"Automóvil,Camión c / Semirremolque"," ",3,2,0,0,1,0,0,,"Camino Rural",,"LA PELADA","Las Colonias","Tierra","No existe","XI","S/D","Rural","Ninguna","No existe","Recta","Bueno","Reducida polvo","Diurna","Buen Tiempo","De alcance","S/D","Colisión","Otro","Faltante","Ninguna","Sin restricción"
2017,8051,10/24/2017,"Martes",0,7:30:00,,"0.0",2,"Automóvil,Automóvil","Entre Rios Y Juan Canals",2,1,0,0,1,0,0,,"Calle",,"ROSARIO","Rosario","Asfalto","No existe","II","Dentro","Urbana","Ninguna","No existe","Intersección","Bueno","Buena","Diurna","Buen Tiempo","Lateral","S/D","Colisión","Ninguna","Faltante","Ninguna","Sin restricción"
2017,8052,10/18/2017,"Miercoles",0,17:45:00,"Ruta Nacional 11","0.0",2,"Moto/Ciclomotor,Moto/Ciclomotor","Av San Lorenzo Y Avda Francia",2,1,0,0,1,0,0,,"Ruta",11,"CAPITÁN BERMÚDEZ","San Lorenzo","Asfalto","No existe","XVII","S/D","Urbana","Ninguna","No existe","Recta","Con baches","Buena","Diurna","Buen Tiempo","S/D","S/D","Colisión","S/D","Horizontal","Ninguna","S/D"
2017,8053,10/12/2017,"Jueves",0,20:15:00,,"0.0",2,"Automóvil,Peatón","Juan de Garay Y Fray Mamerto Esquiu",2,0,1,0,1,0,0,,"Calle",,"SAN JERÓNIMO NORTE","Las Colonias","Hormigón","No existe","XI","S/D","Urbana","Ninguna","No existe","Intersección","Bueno","Reducida","Nocturna","Lluvia","S/D","Peatón","Atropello","Agua","Vertical","Ninguna","Sin restricción"
2017,8054,10/24/2017,"Martes",0,8:20:00,,"0.0",2,"Automóvil,Bicicleta","Uruguay Y Av. Corrientes",3,2,0,0,1,0,0,,"Calle",,"ROSARIO","Rosario","Asfalto","No existe","II","Dentro","Urbana","Ninguna","No existe","Intersección","Bueno","Buena","Diurna","Buen Tiempo","S/D","Ciclista","Atropello","Ninguna","Faltante","Ninguna","Sin restricción"
2017,8055,10/14/2017,"Sabado",0,4:15:00,"Ruta Nacional 11","0.0",2,"Automóvil,Moto/Ciclomotor","Av San Lorenzo Y 9 de Julio",4,3,0,0,1,0,0,,"Ruta",11,"CAPITÁN BERMÚDEZ","San Lorenzo","Asfalto","No existe","XVII","S/D","Urbana","S/D","No existe","Recta","Resbaladiza","Buena","Nocturna","Lluvia","S/D","S/D","Colisión","Agua","S/D","Ninguna","Sin restricción"
2017,8056,10/28/2017,"Sabado",0,21:05:00,,"0.0",2,"Bicicleta,Moto/Ciclomotor","Sargento Cabral Y Doctor Teisaire",2,1,1,0,0,0,0,,"Calle",,"SAN JERÓNIMO NORTE","Las Colonias","Asfalto","No existe","XI","Dentro","Urbana","Ninguna","No existe","Intersección","Bueno","Buena","Nocturna,Con luz artificial","Buen Tiempo","S/D","Ciclista","Atropello","Ninguna","Faltante","Ninguna","Sin restricción"
2017,8057,10/20/2017,"Viernes",0,14:20:00,,"0.0",2,"Pickup/Utilitario,Moto/Ciclomotor","Caupolican Y Melincue",2,1,0,0,1,0,0,,"Calle",,"ROSARIO","Rosario","Asfalto","No existe","II","Dentro","Urbana","Ninguna","No existe","Intersección","Bueno","Buena","Diurna","Buen Tiempo","Lateral","S/D","Colisión","Ninguna","Faltante","Ninguna","Sin restricción"
2017,8058,10/14/2017,"Sabado",0,19:50:00,"Ruta Secundaria 67-s","0.0",2,"Bicicleta,Pickup/Utilitario"," ",2,1,0,0,0,0,1,,"Ruta","67-s","SAN JERÓNIMO NORTE","Las Colonias","Asfalto","Natural","XI","Dentro","S/D","Ninguna","No existe","Recta","Bueno","Reducida","Nocturna","Buen Tiempo","S/D","S/D","Atropello","Ninguna","Faltante","Línea divisoria pintada","Sin restricción"
2017,8059,10/13/2017,"Viernes",0,0:05:00,,"0.0",1,"Automóvil","Simon Bolivar 30",1,0,1,0,0,0,0,,"Calle",,"CAPITÁN BERMÚDEZ","San Lorenzo","Ripio","No existe","XVII","Dentro","Urbana","Ninguna","No existe","Recta","Con baches","Reducida polvo","Nocturna","Buen Tiempo","Contra objeto fijo","S/D","Colisión","Ninguna","Faltante","Ninguna","Sin restricción"
2017,8060,10/29/2017,"Domingo",0,10:00:00,,"0.0",2,"Camión Chasis,Moto/Ciclomotor","Mariano Vera Y 1 de Mayo",3,1,0,0,2,0,0,,"Calle",,"SAN JERÓNIMO NORTE","Las Colonias","Asfalto","Natural","XI","Dentro","Urbana","Ninguna","No existe","Intersección","Bueno","Buena","Diurna","Buen Tiempo","Lateral","S/D","Colisión","Ninguna","Faltante","Ninguna","Sin restricción"
2017,8061,10/12/2017,"Jueves",0,20:15:00,,"0.0",2,"Automóvil,Moto/Ciclomotor","COLON Y ROBERTO FERRARI",3,1,0,0,1,0,1,,"Calle",,"CAPITÁN BERMÚDEZ","San Lorenzo","Asfalto","No existe","XVII","S/D","Urbana","Ninguna","No existe","Recta","S/D","Buena","Nocturna","Buen Tiempo","S/D","S/D","Colisión","Ninguna","Faltante","Ninguna","Sin restricción"
2017,8062,10/18/2017,"Miercoles",0,19:30:00,,"0.0",2,"Pickup/Utilitario,Moto/Ciclomotor"," ",2,1,0,0,1,0,0,,"Calle",,"ROSARIO","Rosario","Asfalto","No existe","II","Dentro","Urbana","Ninguna","No existe","Intersección","Bueno","Buena","Atardecer","Buen Tiempo","Lateral","S/D","Colisión","Ninguna","Faltante","Ninguna","Sin restricción"
2017,8063,10/3/2017,"Martes",0,11:30:00,,"0.0",2,"Automóvil,Moto/Ciclomotor","1ro de Mayo Y Belgrano Manuel",2,1,0,0,1,0,0,,"Calle",,"SAN CARLOS CENTRO","Las Colonias","Asfalto","No existe","XI","Dentro","Urbana","Ninguna","No existe","Intersección","Bueno","Buena","Diurna","Buen Tiempo","Lateral","S/D","Colisión","Ninguna","Vertical","Cordón divisorio","Sin restricción"
2017,8064,10/17/2017,"Martes",0,22:15:00,,"0.0",2,"Moto/Ciclomotor,Camión Chasis","Lamadrid 22:15",2,1,0,0,1,0,0,,"Calle",,"ROSARIO","Rosario","Asfalto","No existe","II","S/D","Urbana","Ninguna","No existe","Intersección","Bueno","Buena","Nocturna","Buen Tiempo","S/D","S/D","Colisión","Ninguna","Faltante","Barrera de hormigón","Sin restricción"
2017,8065,10/6/2017,"Viernes",0,11:10:00,,"0.0",2,"Moto/Ciclomotor,Automóvil","3 de Febrero Y General Manuel Belgrano",2,1,0,0,1,0,0,,"Calle",,"ESPERANZA","Las Colonias","Asfalto","No existe","XI","Dentro","Urbana","Ninguna","No existe","Intersección","Bueno","Buena","Diurna","Buen Tiempo","De alcance","S/D","Colisión","Ninguna","Horizontal","Ninguna","Sin restricción"
2017,8066,10/11/2017,"Miercoles",0,6:25:00,"Ruta Nacional 11","0.0",2,"Moto/Ciclomotor,Automóvil","Av San Lorenzo Y Florida",2,1,0,0,1,0,0,,"Ruta",11,"CAPITÁN BERMÚDEZ","San Lorenzo","Asfalto","No existe","XVII","S/D","Urbana","Ninguna","No existe","Recta","Bueno","Buena","Diurna","Buen Tiempo","De alcance","S/D","Colisión","Ninguna","Faltante","Ninguna","S/D"
2017,8067,10/10/2017,"Martes",0,10:50:00,,"0.0",1,"Moto/Ciclomotor","Av. Arijon ",2,1,0,0,1,0,0,,"Avenida",,"ROSARIO","Rosario","Asfalto","No existe","II","S/D","Urbana","Ninguna","S/D","Intersección","Bueno","Buena","Diurna","Buen Tiempo","S/D","S/D","Colisión","Ninguna","Faltante","Barrera de hormigón","Sin restricción"
2017,8068,10/6/2017,"Viernes",0,16:40:00,,"0.0",1,"Pickup/Utilitario","1 de Mayo Y Leandro N Alem",2,2,0,0,0,0,0,,"Camino Rural",,"ESPERANZA","Las Colonias","Tierra","No existe","XI","Fuera","Rural","Ninguna","No existe","Recta","S/D","Buena","Diurna","Buen Tiempo","S/D","S/D","Vuelco","Ninguna","Faltante","Ninguna","Sin restricción"
2017,8069,10/11/2017,"Miercoles",0,13:00:00,,"0.0",2,"Automóvil,Moto/Ciclomotor","San Roque Y Av Gral Lopez",2,1,0,0,1,0,0,,"Calle",,"CAPITÁN BERMÚDEZ","San Lorenzo","Asfalto","No existe","XVII","Dentro","Urbana","Ninguna","No existe","Curva","Bueno","Buena","Diurna","S/D","S/D","S/D","Colisión","Ninguna","Faltante","Ninguna","Sin restricción"
2017,8070,10/6/2017,"Viernes",0,18:10:00,"Ruta Provincial 70","22.0",2,"Automóvil,Automóvil","Ruta provincial 70 ",3,0,1,0,2,0,0,,"Ruta",70,"ESPERANZA","Las Colonias","Asfalto","Natural","XI","Dentro","Rural","Marca Vial","No existe","Recta","Otro","Buena","Atardecer","Buen Tiempo","De alcance","S/D","Colisión","S/D","Horizontal","Línea divisoria pintada","Obra en Construcción"
2017,8071,10/9/2017,"Lunes",0,14:30:00,,"0.0",2,"Automóvil,Moto/Ciclomotor","Eva Peron ",2,1,0,0,0,0,1,,"S/D",,"CAPITÁN BERMÚDEZ","San Lorenzo","Asfalto","No existe","XVII","S/D","Urbana","Ninguna","No existe","Curva","Bueno","Buena","Diurna","Buen Tiempo","De alcance","S/D","Colisión","Ninguna","Faltante","Ninguna","Sin restricción"
2017,8072,10/9/2017,"Lunes",0,18:10:00,,"0.0",2,"Moto/Ciclomotor,Automóvil","J.M.Gutierrez Y Av. Belgrano",2,1,0,0,1,0,0,,"Calle",,"ROSARIO","Rosario","Asfalto","No existe","II","Dentro","Urbana","Ninguna","No existe","Intersección","Bueno","Buena","Diurna","Buen Tiempo","S/D","S/D","Colisión","Ninguna","Faltante","Barrera de hormigón","Sin restricción"
2017,8073,10/5/2017,"Jueves",0,6:45:00,"Autopista Provincial Brigadier E.López","0.0",1,"Moto/Ciclomotor","Aconcagua ",1,1,0,0,0,0,0,,"Autopista","Brigadier E.López","CAPITÁN BERMÚDEZ","San Lorenzo","Asfalto","Natural","XVII","Fuera","S/D","S/D","No existe","Recta","Bueno","Buena","Nocturna","Buen Tiempo","S/D","S/D","Vuelco","S/D","S/D","Ninguna","S/D"
2017,8074,10/9/2017,"Lunes",0,16:35:00,"Ruta Provincial 70","0.0",2,"Moto/Ciclomotor,Automóvil","A Aufranc Y Mariano Moreno",5,1,0,0,4,0,0,,"Ruta",70,"ESPERANZA","Las Colonias","Asfalto","No existe","XI","S/D","Urbana","Semáforo","Funciona","Recta","Bueno","Buena","Diurna","Buen Tiempo","Lateral","S/D","Colisión","Ninguna","Vertical","Ninguna","Sin restricción"
2017,8075,10/1/2017,"Domingo",0,20:10:00,,"0.0",2,"Moto/Ciclomotor,Automóvil","Bv. 27 De Febrero Y Pueyrredon",4,2,0,0,2,0,0,,"Calle",,"ROSARIO","Rosario","Asfalto","No existe","II","Dentro","Urbana","Ninguna","No existe","Recta","Bueno","Buena","Nocturna,Con luz artificial","Buen Tiempo","De alcance","S/D","Colisión","Ninguna","Faltante","Cordón divisorio","Sin restricción"
2017,8076,10/1/2017,"Domingo",0,20:00:00,"Ruta Nacional 11","0.0",2,"Automóvil,Moto/Ciclomotor","Av San Lorenzo Y Misiones",5,4,0,0,0,0,1,,"Ruta",11,"CAPITÁN BERMÚDEZ","San Lorenzo","Asfalto","No existe","XVII","Dentro","Urbana","Ninguna","No existe","Intersección","Bueno","Buena","Nocturna","S/D","S/D","S/D","Colisión","S/D","Horizontal","Línea divisoria pintada","S/D"
2017,8077,10/7/2017,"Sabado",0,21:40:00,,"0.0",2,"Automóvil,Moto/Ciclomotor","Av. Arijon Y España",3,1,0,0,2,0,0,,"Calle",,"ROSARIO","Rosario","Asfalto","No existe","II","Dentro","Urbana","Semáforo","Funciona","Intersección","Bueno","Buena","Nocturna","Buen Tiempo","Lateral","S/D","Colisión","Ninguna","Vertical","Línea divisoria pintada","Sin restricción"
2017,8078,10/3/2017,"Martes",0,15:15:00,,"0.0",2,"Otros,Automóvil","Bv. 27 De Febrero Y Paraguay",2,1,0,0,1,0,0,,"Avenida",,"ROSARIO","Rosario","Asfalto","No existe","II","Dentro","Urbana","Semáforo","Funciona","Recta","Bueno","Buena","Diurna","Buen Tiempo","De alcance","S/D","Colisión","Ninguna","Horizontal,Vertical","Cordón divisorio","Sin restricción"
2017,8079,10/24/2017,"Martes",0,10:10:00,,"0.0",2,"Pickup/Utilitario,Moto/Ciclomotor","Domingo Faustino Sarmiento Y Almafuerte",2,1,0,0,1,0,0,,"Calle",,"ESPERANZA","Las Colonias","Asfalto","No existe","XI","Dentro","Urbana","Ninguna","No existe","Intersección","Bueno","Buena","Diurna","Buen Tiempo","Lateral","S/D","Colisión","Ninguna","Horizontal","Ninguna","Sin restricción"
2017,8081,10/3/2017,"Martes",0,12:10:00,,"0.0",2,"Bicicleta,Automóvil","Av. Ovidio Lagos Y Ocampo",2,1,0,0,1,0,0,,"Avenida",,"ROSARIO","Rosario","Asfalto","No existe","II","S/D","Urbana","Ninguna","No existe","Intersección","Bueno","Buena","Diurna","Buen Tiempo","S/D","Ciclista","Atropello","Ninguna","Faltante","S/D","Sin restricción"
2017,8082,10/8/2017,"Domingo",0,13:15:00,"Ruta Provincial 1","67.0",1,"Pickup/Utilitario","Ruta Prov 1 ",1,1,0,0,0,0,0,,"Ruta",1,"CAYASTA","Garay","Asfalto","Natural","VII","Fuera","Rural","Ninguna","No existe","Curva","Bueno","Buena","Diurna","Buen Tiempo","Contra objeto fijo","S/D","Colisión","Ninguna","Faltante","Línea divisoria pintada","Sin restricción"
2017,8083,10/19/2017,"Jueves",0,20:40:00,"Autopista Nacional Rosario -Cordoba","0.0",2,"Automóvil,Camión c / Semirremolque"," ",2,1,0,0,1,0,0,,"Autopista","Rosario -Cordoba","SAN JERÓNIMO SUR","San Lorenzo","Asfalto","Pavimento","XVII","Dentro","Rural","Señal Pare","No existe","Intersección","Bueno","Buena","Nocturna","Buen Tiempo","Lateral","S/D","Colisión","Ninguna","Horizontal,Vertical","Ninguna","Sin restricción"