"anio_acci","nro_acci","fecha","desc_dia","fecha_aprox","hora_aprox","desc_ruta","km","cant_participantes","desc_participante","calle_avenida_km","total","heridos_leves","heridos_graves","heridos_gravisimos","ilesos","fallecidos","sin_datos","posicion_XY","desc_tipo_via","desc_ruta_ori","desc_loc","desc_dpto","desc_tipo_calzada","desc_tipo_banquina","desc_unidad_regional","desc_lugar_calzada","desc_zona","desc_prioridad","desc_estado_semaforo","desc_lugar_via","desc_estado_via","desc_estado_visibilidad","desc_luminosidad","desc_estado_clima","desc_tipo_colision","desc_tipo_atropello","desc_tipo_hecho","desc_pres_calzada","desc_senializacion","desc_separacion_via","desc_restriccion"
2017,8084,10/2/2017,"Lunes",0,16:40:00,,"0.0",2,"Automóvil,Moto/Ciclomotor","Av. Jorge Cura Y Pueyrredon",4,0,0,3,1,0,0,,"Calle",,"ROSARIO","Rosario","Asfalto","No existe","II","Dentro","Urbana","Ninguna","No existe","Intersección","Bueno","Buena","Diurna","Buen Tiempo","Lateral","S/D","Colisión","Ninguna","Faltante","Ninguna","Sin restricción"
2017,8085,10/4/2017,"Miercoles",0,21:15:00,,"0.0",2,"Moto/Ciclomotor,Moto/Ciclomotor","Av. Ovidio Lagos Y Rueda",3,2,1,0,0,0,0,,"Avenida",,"ROSARIO","Rosario","Asfalto","No existe","II","Dentro","Urbana","Ninguna","No existe","Intersección","Bueno","Buena","Nocturna,Con luz artificial","Buen Tiempo","Lateral","S/D","Colisión","Ninguna","Faltante","Cordón divisorio","Sin restricción"
2017,8086,10/1/2017,"Domingo",0,19:40:00,,"0.0",2,"Automóvil,Moto/Ciclomotor","Santa Fe Y Uruguay",2,0,1,0,1,0,0,,"Calle",,"SANTA ROSA DE CALCHINES","Garay","Asfalto","No existe","VII","Dentro","Urbana","Ninguna","No existe","Intersección","Bueno","Buena","Atardecer","Buen Tiempo","S/D","S/D","Colisión","Ninguna","Faltante","Ninguna","Sin restricción"
2017,8087,10/26/2017,"Jueves",0,10:10:00,"Autopista Nacional Rosario -Cordoba","326.0",1,"Pickup/Utilitario"," ",1,1,0,0,0,0,0,,"Autopista","Rosario -Cordoba","SAN JERÓNIMO SUR","San Lorenzo","Hormigón","Pavimento","XVII","Dentro","Rural","Ninguna","No existe","Recta","Bueno","Buena","Diurna","Buen Tiempo","S/D","S/D","Vuelco","Ninguna","Horizontal,Vertical","Vegetación","Sin restricción"
2017,8088,10/5/2017,"Jueves",0,16:50:00,,"0.0",2,"Moto/Ciclomotor,Pickup/Utilitario","Riobamba Y Paraguay",4,2,0,0,2,0,0,,"Calle",,"ROSARIO","Rosario","Asfalto","No existe","II","Dentro","Urbana","Ninguna","No existe","Intersección","Bueno","Buena","Diurna","Buen Tiempo","Lateral","S/D","Colisión","Ninguna","Faltante","Ninguna","Sin restricción"
2017,8089,10/3/2017,"Martes",0,17:00:00,,"0.0",2,"Moto/Ciclomotor,Automóvil","San Martin ",3,2,0,0,1,0,0,,"Calle",,"SANTA ROSA DE CALCHINES","Garay","Asfalto","Pavimento","VII","Dentro","Urbana","Ninguna","No existe","Recta","Bueno","Buena","Diurna","Buen Tiempo","Lateral","S/D","Colisión","Ninguna","Faltante","Ninguna","Sin restricción"
2017,8090,10/11/2017,"Miercoles",0,23:20:00,"Autopista Nacional Rosario -Cordoba","0.0",2,"Camión c / Acoplado,Camión c / Acoplado"," ",2,1,0,0,1,0,0,,"Autopista","Rosario -Cordoba","ARMSTRONG","Belgrano","Asfalto","Natural","III","Dentro","Rural","Ninguna","No existe","Recta","Bueno","Buena","Nocturna","Buen Tiempo","De alcance","S/D","Colisión","Ninguna","Horizontal","Ninguna","Sin restricción"
2017,8091,10/5/2017,"Jueves",0,20:10:00,,"0.0",2,"Automóvil,Automóvil","Pueyrredon Y Pje. Curie",2,2,0,0,0,0,0,,"Calle",,"ROSARIO","Rosario","Asfalto","No existe","II","Dentro","Urbana","Ninguna","No existe","Intersección","Bueno","Buena","Diurna","Buen Tiempo","Lateral","S/D","Colisión","Ninguna","Horizontal","Ninguna","Sin restricción"
2017,8092,10/15/2017,"Domingo",0,12:15:00,,"0.0",2,"Moto/Ciclomotor,Peatón","A Rossi ",2,1,0,0,1,0,0,,"Calle",,"SANTA ROSA DE CALCHINES","Garay","Asfalto","Natural","VII","Dentro","Rural","Ninguna","No existe","Recta","Bueno","Buena","Diurna","Buen Tiempo","S/D","Peatón","Atropello","Ninguna","Faltante","Vegetación","Sin restricción"
2017,8093,10/16/2017,"Lunes",0,7:45:00,,"0.0",2,"Automóvil,Moto/Ciclomotor","Libertad Y Entre Rios",3,1,0,0,2,0,0,,"Calle",,"LAS ROSAS","Belgrano","Asfalto","No existe","III","S/D","Urbana","Ninguna","No existe","Intersección","Bueno","Buena","Amanecer","Buen Tiempo","Lateral","S/D","Colisión","Ninguna","Horizontal","Ninguna","Sin restricción"
2017,8094,10/7/2017,"Sabado",0,12:00:00,,"0.0",2,"Automóvil,Automóvil","San Martin Y Pasco",3,1,0,0,2,0,0,,"Calle",,"ROSARIO","Rosario","Asfalto","No existe","II","Dentro","Urbana","Ninguna","No existe","Intersección","Bueno","Buena","Diurna","Buen Tiempo","Lateral","S/D","Colisión","Ninguna","Faltante","Ninguna","Sin restricción"
2017,8095,7/10/2017,"Lunes",0,12:05:00,,"0.0",2,"Automóvil,Moto/Ciclomotor","San Martin 4800",3,2,0,0,1,0,0,,"Avenida",,"ROSARIO","Rosario","Asfalto","Pavimento","II","Dentro","Urbana","Semáforo","Funciona","Recta","Bueno","Buena","Diurna","Buen Tiempo","Lateral","S/D","Colisión","Ninguna","Vertical","Cordón divisorio","Sin restricción"
2017,8096,10/20/2017,"Viernes",0,21:45:00,"Ruta Provincial 10","0.0",1,"Automóvil","Ruta Prov 10 ",1,0,1,0,0,0,0,,"Ruta",10,"SANTA CLARA DE BUENA VISTA","Las Colonias","Asfalto","No existe","XI","Fuera","Rural","Ninguna","No existe","Curva","Bueno,Con baches","Buena","Nocturna","Buen Tiempo","S/D","S/D","Despiste","Ninguna","Faltante","Línea divisoria pintada","Sin restricción"
2017,8097,10/8/2017,"Domingo",0,6:10:00,,"0.0",2,"Automóvil,Automóvil","Av. Corrientes Y Pasco",4,1,0,0,3,0,0,,"Calle",,"ROSARIO","Rosario","Asfalto","No existe","II","Dentro","Urbana","Ninguna","No existe","Intersección","Bueno","Buena","Amanecer","Buen Tiempo","Frontal","S/D","Colisión","Ninguna","Faltante","S/D","Sin restricción"
2017,8098,10/17/2017,"Martes",0,18:45:00,"Ruta Nacional 178","0.0",2,"Moto/Ciclomotor,Pickup/Utilitario","Ruta Nac 178 Y Ciudad de Coronda",3,2,0,0,1,0,0,,"Ruta",178,"LAS ROSAS","Belgrano","Tierra","Pavimento","III","Fuera","Urbana","Ninguna","No existe","Recta","Bueno","Buena","Diurna","Buen Tiempo","De alcance","S/D","Colisión","Ninguna","Faltante","Ninguna","Sin restricción"
2017,8099,10/22/2017,"Domingo",0,6:20:00,,"0.0",1,"Pickup/Utilitario","Pueyrredon Y Saavedra Lamas",2,1,0,0,1,0,0,,"Calle",,"ESPERANZA","Las Colonias","Asfalto","No existe","XI","Fuera","Urbana","Ninguna","No existe","Recta","Bueno","Buena","Amanecer","Buen Tiempo","S/D","S/D","Despiste","Ninguna","Faltante","Ninguna","Sin restricción"
2017,8100,10/15/2017,"Domingo",0,5:40:00,,"0.0",1,"Moto/Ciclomotor","Rivadavia 1884",1,0,1,0,0,0,0,,"Calle",,"ESPERANZA","Las Colonias","Asfalto","Pavimento","XI","Fuera","Urbana","Ninguna","No existe","Recta","Bueno","Buena","Nocturna","Buen Tiempo","S/D","S/D","Despiste","Ninguna","Faltante","Ninguna","Sin restricción"
2017,8101,10/9/2017,"Lunes",0,16:10:00,,"0.0",2,"Moto/Ciclomotor,Moto/Ciclomotor","Pte.Roca Y Viamonte",3,2,0,0,1,0,0,,"Calle",,"ROSARIO","Rosario","Asfalto","No existe","II","S/D","Urbana","Ninguna","No existe","Intersección","Bueno","Buena","Diurna","Buen Tiempo","Frontal","S/D","Colisión","Ninguna","Faltante","Ninguna","Sin restricción"
2017,8102,10/20/2017,"Viernes",0,3:00:00,"Ruta Nacional 178","0.0",1,"Automóvil","Ruta Nac 178 ",2,2,0,0,0,0,0,,"Ruta",178,"LAS ROSAS","Belgrano","Asfalto","Natural","III","Fuera","Rural","Ninguna","No existe","Recta","Bueno","Buena","Nocturna","Buen Tiempo","S/D","S/D","Despiste","Ninguna","Vertical","Vegetación","Sin restricción"
2017,8103,10/19/2017,"Jueves",0,12:20:00,,"0.0",2,"Taxi/Remis,Moto/Ciclomotor","Bv. Oroño Y Lugones",2,1,0,0,1,0,0,,"Calle",,"ROSARIO","Rosario","Asfalto","No existe","II","Dentro","Urbana","Semáforo","Funciona","Intersección","Bueno","Buena","Diurna","Buen Tiempo","Lateral","S/D","Colisión","Ninguna","Vertical","Ninguna","Sin restricción"
2017,8104,10/8/2017,"Domingo",0,11:30:00,"Ruta Provincial 64","0.0",2,"Moto/Ciclomotor,Automóvil","Luciano Molinas Y Av. Peron",4,4,0,0,0,0,0,,"Ruta",64,"CORONDA","San Jerónimo","Asfalto","Natural","XV","S/D","Urbana","Ninguna","No existe","Cruce","Bueno","Buena","Diurna","Buen Tiempo","S/D","S/D","Colisión","Ninguna","Faltante","Línea divisoria pintada","Sin restricción"
2017,8105,10/9/2017,"Lunes",0,18:20:00,,"0.0",2,"Automóvil,Bicicleta","BRANDAZZA 2800",2,1,0,0,1,0,0,,"Calle",,"ROSARIO","Rosario","Asfalto","No existe","II","Dentro","Urbana","S/D","S/D","Recta","S/D","Buena","Diurna","Buen Tiempo","S/D","Ciclista","Atropello","Ninguna","S/D","Ninguna","Sin restricción"
2017,8106,10/9/2017,"Lunes",0,19:20:00,,"0.0",2,"Automóvil,Moto/Ciclomotor","Rueda Y Santiago",3,2,0,0,1,0,0,,"Calle",,"ROSARIO","Rosario","Asfalto","No existe","II","S/D","Urbana","Ninguna","No existe","Intersección","Bueno","Buena","Atardecer","Buen Tiempo","Lateral","S/D","Colisión","Ninguna","Faltante","Ninguna","Sin restricción"
2017,8107,10/20/2017,"Viernes",0,22:10:00,,"0.0",1,"Moto/Ciclomotor","Las Heras Y Paso de los Andes",2,2,0,0,0,0,0,,"Calle",,"LAS ROSAS","Belgrano","Asfalto","No existe","III","S/D","Urbana","Ninguna","No existe","Recta","Bueno","Buena","Nocturna","Buen Tiempo","Contra objeto fijo","S/D","Colisión","Ninguna","Horizontal","Ninguna","Sin restricción"
2017,8108,10/25/2017,"Miercoles",0,7:30:00,,"0.0",2,"Automóvil,Bicicleta","Sarmiento Y San Martin",2,1,0,0,1,0,0,,"Calle",,"LAS ROSAS","Belgrano","Asfalto","No existe","III","S/D","Urbana","Ninguna","No existe","Recta","Bueno","Buena","Diurna","Buen Tiempo","S/D","Ciclista","Atropello","Ninguna","Vertical","Ninguna","Accidente Previo"
2017,8109,10/25/2017,"Miercoles",0,16:30:00,"Ruta Nacional 178","0.0",2,"Moto/Ciclomotor,Pickup/Utilitario","Guemes Y Ruta Nac 178",2,1,0,0,1,0,0,,"Ruta",178,"LAS ROSAS","Belgrano","Asfalto","Natural","III","Dentro","Urbana","Ninguna","No existe","Intersección","Bueno","Buena","Diurna","Buen Tiempo","Lateral","S/D","Colisión","Ninguna","Faltante","Ninguna","Sin restricción"
2017,8110,10/26/2017,"Jueves",0,8:30:00,,"0.0",2,"Automóvil,Taxi/Remis","Sarmiento Y Guillermo Benitez",2,1,0,0,1,0,0,,"Calle",,"LAS ROSAS","Belgrano","Asfalto","No existe","III","Dentro","Urbana","Ninguna","No existe","Recta","Bueno","Buena","Diurna","Buen Tiempo","De alcance","S/D","Colisión","Ninguna","Vertical","Ninguna","Sin restricción"
2017,8111,10/9/2017,"Lunes",0,18:00:00,,"0.0",2,"Automóvil,Automóvil","Sarmiento Y Virasoro",3,1,0,0,2,0,0,,"Calle",,"ROSARIO","Rosario","Asfalto","No existe","II","Dentro","Urbana","Semáforo","Funciona","Intersección","Bueno","Buena","Diurna","Buen Tiempo","De alcance","S/D","Colisión","Ninguna","Horizontal,Vertical","Ninguna","Sin restricción"
2017,8112,10/10/2017,"Martes",0,13:35:00,,"0.0",2,"Bicicleta,Automóvil","Galvez Y Santiago",2,1,0,0,1,0,0,,"Calle",,"ROSARIO","Rosario","Asfalto","No existe","II","Dentro","Urbana","S/D","No existe","Intersección","Bueno","Buena","Diurna","Buen Tiempo","S/D","Ciclista","Atropello","Ninguna","Faltante","Ninguna","Sin restricción"
2017,8113,10/12/2017,"Jueves",0,12:30:00,,"0.0",2,"Moto/Ciclomotor,Pickup/Utilitario","Cochabamba Y Av. Corrientes",2,1,0,0,1,0,0,,"Calle",,"ROSARIO","Rosario","Asfalto","No existe","II","Dentro","Urbana","Ninguna","No existe","Recta","Bueno","Buena","Diurna","Buen Tiempo","De alcance","S/D","Colisión","Ninguna","Horizontal","Ninguna","Sin restricción"
2017,8114,10/12/2017,"Jueves",0,19:40:00,,"0.0",2,"Automóvil,Peatón","Mitre Y Cerrito",2,1,0,0,1,0,0,,"Calle",,"ROSARIO","Rosario","Asfalto","No existe","II","Dentro","Urbana","Ninguna","No existe","Intersección","Bueno","Reducida","Atardecer,Con luz artificial","Otro","S/D","S/D","Atropello","Fluidos","Faltante","Ninguna","Sin restricción"
2017,8115,10/12/2017,"Jueves",0,15:10:00,,"0.0",2,"Moto/Ciclomotor,Automóvil","Ocampo Y Pje. Amelong",2,1,0,0,1,0,0,,"Calle",,"ROSARIO","Rosario","Asfalto","No existe","II","S/D","Urbana","Ninguna","No existe","Intersección","Bueno","Buena","Diurna","Buen Tiempo","Frontal","S/D","Colisión","Ninguna","Faltante","Ninguna","Sin restricción"
2017,8116,10/12/2017,"Jueves",0,12:00:00,,"0.0",2,"Automóvil,Automóvil","Sarmiento Y Riobamba",2,1,0,0,1,0,0,,"Calle",,"ROSARIO","Rosario","Asfalto","No existe","II","S/D","Urbana","S/D","No existe","Intersección","Bueno","Buena","Diurna","Buen Tiempo","S/D","S/D","Colisión","Ninguna","Faltante","Ninguna","Sin restricción"
2017,8117,10/14/2017,"Sabado",0,21:45:00,,"0.0",2,"Automóvil,Moto/Ciclomotor","Av. Pellegrini Y Italia",2,1,0,0,1,0,0,,"Avenida",,"ROSARIO","Rosario","Asfalto","No existe","II","Dentro","Urbana","Semáforo","Funciona","Intersección","Bueno","Buena","Nocturna,Con luz artificial","Buen Tiempo","Lateral","S/D","Colisión","Ninguna","Vertical","Cordón divisorio,Vegetación","Sin restricción"
2017,8118,10/18/2017,"Miercoles",0,17:50:00,,"0.0",2,"Pickup/Utilitario,Moto/Ciclomotor","Av. Ovidio Lagos Y Rueda",2,1,0,0,1,0,0,,"Avenida",,"ROSARIO","Rosario","Asfalto","No existe","II","Dentro","Urbana","Semáforo","Funciona","Intersección","Bueno","Buena","Diurna","Buen Tiempo","Lateral","S/D","Colisión","Ninguna","Vertical","Cordón divisorio","Sin restricción"
2017,8119,10/20/2017,"Viernes",0,11:00:00,,"0.0",2,"Automóvil,Pickup/Utilitario","Bv. 27 De Febrero Y Suipacha",2,1,0,0,1,0,0,,"Avenida",,"ROSARIO","Rosario","Asfalto","No existe","II","Dentro","Urbana","Semáforo","Funciona","Recta","Bueno","Buena","Diurna","Buen Tiempo","De alcance","S/D","Colisión","Ninguna","Horizontal,Vertical","Cordón divisorio","Sin restricción"
2017,8120,7/2/2017,"Domingo",0,17:40:00,,"0.0",2,"Bicicleta,Automóvil","Saavedra Y Mitre",2,1,0,0,1,0,0,,"Calle",,"ROSARIO","Rosario","Asfalto","No existe","II","Fuera","Urbana","Ninguna","No existe","Intersección","Bueno","Buena","Diurna","Buen Tiempo","S/D","Ciclista","Atropello","Ninguna","Faltante","Ninguna","Sin restricción"
2017,8121,10/15/2017,"Domingo",0,2:00:00,"Ruta Nacional 33","780.0",2,"Moto/Ciclomotor,Automóvil"," ",3,0,0,1,1,1,0,"-33.0151901,-60.8224748","Ruta",33,"PEREZ","Rosario","Asfalto","Natural","II","Dentro","Rural","Ninguna","No existe","Recta","Bueno","Reducida","Nocturna","Buen Tiempo","Frontal","S/D","Colisión","Ninguna","Faltante","Ninguna","Sin restricción"
2017,8122,10/20/2017,"Viernes",0,11:00:00,,"0.0",3,"Automóvil,Automóvil,Automóvil","Av. Pellegrini Y Av. Ovidio Lagos",3,1,0,0,2,0,0,,"Avenida",,"ROSARIO","Rosario","Asfalto","No existe","II","S/D","Urbana","Semáforo","Funciona","Recta","Bueno","Buena","Diurna","Buen Tiempo","Múltiple","S/D","Colisión","Ninguna","Vertical","Cordón divisorio","Sin restricción"
2017,8123,10/8/2017,"Domingo",0,19:55:00,"Ruta Nacional 11","434.0",2,"Pickup/Utilitario,Moto/Ciclomotor","Ruta Nacional 11 ",3,1,1,0,1,0,0,,"Ruta",11,"DESVÍO ARIJÓN","San Jerónimo","Asfalto","Natural","XV","Dentro","Urbana","Ninguna","No existe","Recta","Bueno","Reducida","Nocturna","Buen Tiempo","Lateral","S/D","Colisión","Ninguna","S/D","Línea divisoria pintada","S/D"
2017,8124,10/16/2017,"Lunes",0,22:35:00,"Ruta Nacional 11","365.0",2,"Moto/Ciclomotor,Moto/Ciclomotor"," ",4,4,0,0,0,0,0,,"Ruta",11,"MACIEL","San Jerónimo","Asfalto","No existe","XV","Dentro","Urbana","Ninguna","No existe","Recta","Bueno","Buena","Nocturna","Buen Tiempo","De alcance","S/D","Colisión","Ninguna","Vertical","S/D","Sin restricción"
2017,8125,10/16/2017,"Lunes",0,17:15:00,"Ruta Nacional 11","367.0",2,"Moto/Ciclomotor,Moto/Ciclomotor"," ",2,1,1,0,0,0,0,,"Ruta",11,"MACIEL","San Jerónimo","Asfalto","Natural","XV","S/D","Urbana","S/D","No existe","Recta","Bueno","S/D","Diurna","S/D","S/D","S/D","Colisión","Ninguna","Faltante","S/D","S/D"
2017,8126,12/2/2017,"Sabado",0,3:40:00,,"0.0",1,"Automóvil","Zona rural ",3,3,0,0,0,0,0,,"Camino Rural",,"PROGRESO","Las Colonias","Tierra","Natural","XI","Fuera","Rural","Ninguna","No existe","Recta","Bueno","Buena","Nocturna","Buen Tiempo","Otro","S/D","Vuelco","Ninguna","Faltante","Ninguna","Sin restricción"
2017,8127,12/3/2017,"Domingo",0,12:30:00,"Ruta Nacional 9","392.0",2,"Automóvil,Otros","AV 9 KM 392 ",3,2,0,0,0,0,1,"-32.737887,-61.815093","Ruta",9,"TORTUGAS","Belgrano","Asfalto","Pavimento","III","Dentro","Rural","Marca Vial","No existe","Recta","Bueno","Buena","Diurna","Buen Tiempo","De alcance","S/D","Colisión","Ninguna","Horizontal","Vegetación","Sin restricción"
2017,8128,12/2/2017,"Sabado",0,8:15:00,,"0.0",2,"Automóvil,Moto/Ciclomotor","Av San Martin Y Moreno",2,1,0,0,1,0,0,,"Avenida",,"HUMBOLDT","Las Colonias","Hormigón","Natural","XI","Dentro","Urbana","Ninguna","No existe","Intersección","Resbaladiza","Reducida","Diurna","Lluvia","De alcance,Lateral","S/D","Colisión","Agua","Vertical","Cordón divisorio","Sin restricción"
2017,8129,12/10/2017,"Domingo",0,20:15:00,,"0.0",2,"Automóvil,Moto/Ciclomotor","Santa Fe Y Avenida Domingo F Sarmiento",2,1,0,0,1,0,0,,"S/D",,"TORTUGAS","Belgrano","Hormigón","No existe","III","Dentro","Urbana","Ninguna","No existe","Intersección","Bueno","Buena","Atardecer","Buen Tiempo","Lateral","S/D","Colisión","Ninguna","Horizontal","Ninguna","Sin restricción"
2017,8130,12/16/2017,"Sabado",0,17:55:00,,"0.0",2,"Moto/Ciclomotor,Pickup/Utilitario","Bernardino Rivadavia Y San Lorenzo",2,1,0,0,1,0,0,,"S/D",,"FRANCK","Las Colonias","Asfalto","S/D","XI","S/D","Urbana","Ninguna","No existe","Intersección","Bueno","Buena","Diurna","Buen Tiempo","Frontal","S/D","Colisión","Ninguna","Horizontal","Ninguna","Sin restricción"
2017,8131,12/19/2017,"Martes",0,16:30:00,,"0.0",2,"Moto/Ciclomotor,Moto/Ciclomotor","Belgrano Y 15 de Agosto",2,2,0,0,0,0,0,,"Avenida",,"SAN JERÓNIMO NORTE","Las Colonias","Asfalto","No existe","XI","Dentro","Urbana","Ninguna","No funciona","Intersección","Bueno","Buena","Diurna","Buen Tiempo","Frontal,Lateral","S/D","Colisión","Ninguna","Faltante","Vegetación","Sin restricción"
2017,8132,12/16/2017,"Sabado",0,20:15:00,,"0.0",2,"Automóvil,Moto/Ciclomotor","Guemes Y Ingeniero Falchini",2,1,0,0,1,0,0,,"Calle",,"SAN JERÓNIMO NORTE","Las Colonias","Asfalto","No existe","XI","Dentro","Urbana","Ninguna","No existe","Intersección","Bueno","Reducida","Nocturna","Buen Tiempo","Frontal,Lateral","S/D","Colisión","Ninguna","Faltante","Ninguna","Sin restricción"
2017,8133,10/12/2017,"Jueves",0,7:15:00,"Ruta Nacional 95","875.0",1,"Automóvil"," ",4,3,0,0,1,0,0,,"Ruta",95,"SANTA MARGARITA","9 de Julio","Asfalto","Natural","XII","Dentro","Rural","S/D","No existe","Recta","Resbaladiza","Buena","Diurna","Lluvia","S/D","S/D","Vuelco","Agua","Faltante","Cordón divisorio","Sin restricción"
2017,8134,11/28/2017,"Martes",0,6:00:00,"Ruta Provincial 6","0.0",1,"Automóvil"," ",1,1,0,0,0,0,0,,"Ruta",6,"ESPERANZA","Las Colonias","Asfalto","S/D","XI","S/D","Urbana","Otra Señal","No existe","Recta","Bueno","Buena","Amanecer","Buen Tiempo","Atropello animal","S/D","Atropello","Ninguna","Vertical","Ninguna","Sin restricción"
2017,8135,11/20/2017,"Lunes",0,20:45:00,"Ruta Nacional 95","940.0",2,"Moto/Ciclomotor,Moto/Ciclomotor"," ",4,3,1,0,0,0,0,"-28.024590,-61.184208","Ruta",95,"GATO COLORADO","9 de Julio","Asfalto","S/D","XII","Dentro","Rural","Ninguna","No existe","Recta","Bueno","S/D","Nocturna","Buen Tiempo","Lateral","S/D","Colisión","Ninguna","Horizontal","S/D","Sin restricción"
2017,8136,11/28/2017,"Martes",0,10:20:00,,"0.0",2,"Moto/Ciclomotor,Moto/Ciclomotor","Camino Rural este 2 km.",2,2,0,0,0,0,0,,"Camino Rural",,"HUMBOLDT","Las Colonias","Ripio","Natural","XI","S/D","Rural","Ninguna","No existe","Intersección","S/D","Buena","Diurna","Buen Tiempo","Lateral","S/D","Colisión","S/D","S/D","Ninguna","Sin restricción"
2017,8137,11/18/2017,"Sabado",0,19:30:00,,"0.0",2,"Automóvil,Moto/Ciclomotor","Urquiza 2300",2,1,0,0,1,0,0,,"Calle",,"HUMBOLDT","Las Colonias","Hormigón","Ripio","XI","Dentro","Urbana","Ninguna","No existe","Intersección","Bueno","Buena","Nocturna,Con luz artificial","Buen Tiempo","Lateral","S/D","Colisión","Ninguna","S/D","Ninguna","Sin restricción"
2017,8139,12/9/2017,"Sabado",0,,"Ruta Provincial 1","85.0",2,"Moto/Ciclomotor,Pickup/Utilitario"," ",3,2,0,0,1,0,0,"-31.108138888889,-60.096277777778","Ruta",1,"HELVECIA","Garay","Asfalto","S/D","VII","S/D","Urbana","Ninguna","No existe","S/D","Bueno","Buena","S/D","Buen Tiempo","De alcance","S/D","Colisión","Ninguna","Faltante","Ninguna","Sin restricción"
2017,8140,12/27/2017,"Miercoles",0,7:50:00,,"0.0",2,"Automóvil,Bicicleta","9 de Julio Y General Paz",2,1,0,0,1,0,0,,"S/D",,"ESPERANZA","Las Colonias","Asfalto","No existe","XI","S/D","S/D","Ninguna","No existe","Intersección","Bueno","Buena","Diurna","Buen Tiempo","De alcance","Ciclista","Atropello","Ninguna","Faltante","Ninguna","Sin restricción"
2017,8141,12/13/2017,"Miercoles",0,,"Ruta Provincial 1","86.5",2,"Automóvil,Moto/Ciclomotor","Boulevard General B Mitre 86.5",3,2,0,0,1,0,0,"-31.108111111111,-60.096277777778","Ruta",1,"HELVECIA","Garay","Asfalto","S/D","VII","S/D","Urbana","Ninguna","No existe","Recta","Bueno","Buena","Amanecer","Buen Tiempo","Lateral","S/D","Colisión","Ninguna","Faltante","Ninguna","Sin restricción"
2017,8142,12/27/2017,"Miercoles",0,10:25:00,,"0.0",2,"Automóvil,Bicicleta","Gregorio Donnet Y General Paz",2,1,0,0,1,0,0,,"Calle",,"ESPERANZA","Las Colonias","Asfalto","No existe","XI","Dentro","Urbana","Ninguna","No existe","Intersección","Bueno","Buena","Diurna","Buen Tiempo","De alcance","Ciclista","Atropello","Ninguna","Faltante","Ninguna","Sin restricción"
2017,8143,12/30/2017,"Sabado",0,1:50:00,,"0.0",1,"Automóvil","Aaron Castellanos Y Alberdi",1,1,0,0,0,0,0,,"Calle",,"ESPERANZA","Las Colonias","Asfalto","No existe","XI","Dentro","Urbana","Ninguna","No existe","Recta","Bueno","Buena","Nocturna","Buen Tiempo","Otro","S/D","Atropello","Ninguna","Vertical","Ninguna","Sin restricción"
2017,8144,12/25/2017,"Lunes",0,,,"0.0",2,"Automóvil,Moto/Ciclomotor","Americo Vespucio Y Humberto Primo",2,1,0,0,1,0,0,"-31.099444444444,-60.083416666667","Calle",,"HELVECIA","Garay","Tierra","S/D","VII","S/D","Urbana","Ninguna","No existe","Recta","Con baches","Buena","Amanecer","Buen Tiempo","Lateral","S/D","Colisión","Ninguna","S/D","Ninguna","Sin restricción"
2017,8145,12/29/2017,"Viernes",0,16:20:00,,"0.0",2,"Moto/Ciclomotor,Moto/Ciclomotor","Simon de Iriondo 4100",3,2,0,0,1,0,0,,"Calle",,"ESPERANZA","Las Colonias","Asfalto","No existe","XI","Dentro","Urbana","Ninguna","No existe","Recta","Bueno","Buena","Diurna","Buen Tiempo","Lateral","S/D","Colisión","Ninguna","Vertical","Ninguna","Sin restricción"
2017,8146,12/24/2017,"Domingo",0,19:00:00,,"0.0",2,"Automóvil,Moto/Ciclomotor","Guemes Y Bartolome Mitre",3,2,0,0,0,0,1,,"Calle",,"ESPERANZA","Las Colonias","Asfalto","No existe","XI","Fuera","Urbana","Ninguna","No existe","Intersección","Bueno","Buena","Diurna","Buen Tiempo","Frontal","S/D","Colisión","Ninguna","Faltante","Ninguna","Sin restricción"
2017,8147,12/15/2017,"Viernes",0,17:00:00,,"0.0",2,"Pickup/Utilitario,Automóvil","1 de Mayo Y 27 de Febrero",2,1,0,0,1,0,0,,"Camino Rural",,"ESPERANZA","Las Colonias","Tierra","Natural","XI","Dentro","Rural","Ninguna","No existe","Intersección","Bueno","Buena","Atardecer","Buen Tiempo","Frontal","S/D","Colisión","Ninguna","Faltante","Ninguna","Sin restricción"
2017,8148,12/13/2017,"Miercoles",0,18:50:00,,"0.0",2,"Moto/Ciclomotor,Automóvil","General Paz 1400",2,1,0,0,1,0,0,"-31.454222222222,-60.935027777778","Calle",,"ESPERANZA","Las Colonias","Asfalto","S/D","XI","S/D","Urbana","Ninguna","No existe","Recta","Bueno","Buena","Diurna","Viento Fuerte","S/D","S/D","Colisión","Ninguna","S/D","Cordón divisorio","Sin restricción"