"anio_acci","nro_acci","fecha","desc_dia","fecha_aprox","hora_aprox","desc_ruta","km","cant_participantes","desc_participante","calle_avenida_km","total","heridos_leves","heridos_graves","heridos_gravisimos","ilesos","fallecidos","sin_datos","posicion_XY","desc_tipo_via","desc_ruta_ori","desc_loc","desc_dpto","desc_tipo_calzada","desc_tipo_banquina","desc_unidad_regional","desc_lugar_calzada","desc_zona","desc_prioridad","desc_estado_semaforo","desc_lugar_via","desc_estado_via","desc_estado_visibilidad","desc_luminosidad","desc_estado_clima","desc_tipo_colision","desc_tipo_atropello","desc_tipo_hecho","desc_pres_calzada","desc_senializacion","desc_separacion_via","desc_restriccion"
2017,8149,12/20/2017,"Miercoles",0,10:00:00,,"0.0",2,"Camión Chasis,Moto/Ciclomotor","Mitre B Y Espa±a",2,0,1,0,1,0,0,"-29.457594,-60.213935","Calle",,"VERA","Vera","Asfalto","No existe","XIX","Dentro","Urbana","Ninguna","No existe","Intersección","Bueno","Buena","Diurna","Buen Tiempo","Frontal","S/D","Colisión","Ninguna","Faltante","Ninguna","Sin restricción"
2017,8150,12/11/2017,"Lunes",0,21:20:00,,"0.0",2,"Automóvil,Moto/Ciclomotor","Simon de Iriondo 4157",2,1,0,0,1,0,0,"-31.431611111111,-60.925055555556","Calle",,"ESPERANZA","Las Colonias","Asfalto","No existe","XI","Dentro","Urbana","Ninguna","No existe","Recta","Bueno","Buena","Nocturna,Con luz artificial","Buen Tiempo","Lateral","S/D","Colisión","Ninguna","Horizontal","Ninguna","Sin restricción"
2017,8151,12/25/2017,"Lunes",0,2:25:00,,"0.0",2,"Automóvil,Moto/Ciclomotor","Mitre B Y L de la Torre",2,1,0,0,1,0,0,"-29.464083333333,-60.215194444444","Calle",,"VERA","Vera","Asfalto","No existe","XIX","Dentro","Urbana","Ninguna","No existe","Intersección","Bueno","Buena","Nocturna","Buen Tiempo","Frontal","S/D","Colisión","Ninguna","Faltante","Ninguna","Sin restricción"
2017,8152,12/9/2017,"Sabado",0,17:05:00,,"0.0",1,"Automóvil","Gregorio Donnet Y Alberdi",5,2,0,0,3,0,0,,"Calle",,"ESPERANZA","Las Colonias","Asfalto","No existe","XI","Dentro","Urbana","Ninguna","No existe","Intersección","Bueno","Buena","Atardecer","Buen Tiempo","S/D","S/D","Colisión","Ninguna","Faltante","Ninguna","Sin restricción"
2017,8153,12/27/2017,"Miercoles",0,9:50:00,,"0.0",2,"Pickup/Utilitario,Moto/Ciclomotor","Urquiza Y E Peron",2,1,0,0,1,0,0,"-29.454305555556,-60.218333333333","Calle",,"VERA","Vera","Tierra","No existe","XIX","Dentro","Urbana","Ninguna","No existe","Intersección","Bueno","Buena","Diurna","Buen Tiempo","Frontal","S/D","Colisión","Ninguna","Faltante","Ninguna","Sin restricción"
2017,8154,12/29/2017,"Viernes",0,18:45:00,,"0.0",2,"Automóvil,Moto/Ciclomotor","Av Cordoba Y Saavedra",2,0,1,0,1,0,0,,"Calle",,"ESPERANZA","Las Colonias","Asfalto","No existe","XI","Dentro","Urbana","Ninguna","No existe","Intersección","Bueno","Buena","Diurna","Buen Tiempo","De alcance","S/D","Colisión","Ninguna","Horizontal","Ninguna","Sin restricción"
2017,8155,12/27/2017,"Miercoles",0,19:15:00,,"0.0",2,"Automóvil,Bicicleta","Corrientes Y Rivadavia",2,1,0,0,1,0,0,"-29.465805555556,-60.210861111111","Calle",,"VERA","Vera","Asfalto","No existe","XIX","Dentro","Urbana","Ninguna","No existe","Intersección","Bueno","Buena","Atardecer","Buen Tiempo","Frontal","S/D","Colisión","Ninguna","Faltante","Ninguna","Sin restricción"
2017,8156,12/17/2017,"Domingo",0,1:30:00,"Ruta Provincial 70","0.0",1,"Automóvil"," ",4,2,2,0,0,0,0,,"Ruta",70,"ESPERANZA","Las Colonias","Asfalto","Natural","XI","S/D","S/D","Ninguna","S/D","Curva","Bueno","Reducida","Nocturna","Lluvia","Contra objeto fijo","S/D","Despiste","Agua","S/D","Línea divisoria pintada","S/D"
2017,8157,12/13/2017,"Miercoles",0,11:20:00,,"0.0",1,"Moto/Ciclomotor","Estanislao Lopez Y Presbitero Jose Houriet",1,1,0,0,0,0,0,"-29.461361111111,-60.218444444444","Calle",,"VERA","Vera","Tierra","No existe","XIX","Dentro","Urbana","Ninguna","No existe","Intersección","Bueno","Buena","Diurna","Buen Tiempo","S/D","S/D","Caída ocupante","Ninguna","Faltante","Ninguna","Sin restricción"
2017,8158,12/1/2017,"Viernes",0,18:10:00,,"0.0",2,"Moto/Ciclomotor,Moto/Ciclomotor","Soler Y Alberdi",2,2,0,0,0,0,0,,"Calle",,"ESPERANZA","Las Colonias","Asfalto","No existe","XI","Dentro","Urbana","Ninguna","No existe","Intersección","Bueno","Buena","Atardecer","Buen Tiempo","Frontal","S/D","Colisión","Ninguna","Faltante","Ninguna","Sin restricción"
2017,8159,12/17/2017,"Domingo",0,0:20:00,,"0.0",2,"Automóvil,Moto/Ciclomotor","E Aleman Y Mitre B",3,2,0,0,1,0,0,"-29.460833333333,-60.214555555556","Calle",,"VERA","Vera","Asfalto","No existe","XIX","S/D","S/D","Ninguna","No existe","Intersección","Bueno","Buena","Nocturna","Buen Tiempo","Frontal","S/D","Colisión","Ninguna","Faltante","Ninguna","Sin restricción"
2017,8160,12/2/2017,"Sabado",0,18:00:00,"Ruta Provincial 4","50.0",1,"Pickup/Utilitario","Ruta Provincial  4 50",1,1,0,0,0,0,0,,"Ruta",4,"MARÍA LUISA","Las Colonias","Asfalto","Natural","XI","Fuera","Rural","S/D","S/D","Recta","Bueno","Buena","Atardecer","Buen Tiempo","S/D","S/D","Vuelco","Ninguna","Vertical","S/D","S/D"
2017,8161,12/19/2017,"Martes",0,6:30:00,"Ruta Provincial 4","0.0",2,"Automóvil,Automóvil","Ruta Provincial  4 48",3,3,0,0,0,0,0,,"Ruta",4,"MARÍA LUISA","Las Colonias","Asfalto","Natural","XI","S/D","S/D","Ninguna","No existe","Recta","Bueno","Buena","Amanecer","Buen Tiempo","Frontal","S/D","Colisión","Ninguna","Vertical","Línea divisoria pintada","Sin restricción"
2017,8162,12/9/2017,"Sabado",0,16:15:00,,"0.0",2,"Automóvil,Pickup/Utilitario","H Irigoyen Y Av Arronga",2,1,0,0,1,0,0,"-29.461333333333,-60.203666666667","Calle",,"VERA","Vera","Tierra","No existe","XIX","Dentro","Urbana","Ninguna","No existe","Intersección","Bueno","Buena","Diurna","Buen Tiempo","Frontal","S/D","Colisión","Ninguna","Faltante","Ninguna","Sin restricción"
2017,8163,12/10/2017,"Domingo",0,22:20:00,,"0.0",1,"Transporte de Pasajeros Larga Distancia (> 8 asientos)","Avenida 25 De Mayo Y A Argentina",6,5,0,0,1,0,0,,"Avenida",,"SANTO DOMINGO","Las Colonias","Asfalto","No existe","XI","Dentro","Urbana","Ninguna","No existe","Intersección","Bueno","Buena","Nocturna","Buen Tiempo","S/D","S/D","Otro","Ninguna","Vertical","Línea divisoria pintada","Sin restricción"
2017,8164,12/5/2017,"Martes",0,18:00:00,,"0.0",2,"Pickup/Utilitario,Moto/Ciclomotor","Rivadavia Y Buenos Aires",3,2,0,0,1,0,0,"-29.463694444444,-60.210444444444","Calle",,"VERA","Vera","Asfalto","No existe","XIX","Dentro","Urbana","Ninguna","No existe","Intersección","Bueno","Buena","Diurna","Buen Tiempo","Frontal","S/D","Colisión","Ninguna","Faltante","Ninguna","Sin restricción"
2017,8165,12/9/2017,"Sabado",0,19:30:00,,"0.0",3,"Pickup/Utilitario,Automóvil,Automóvil","San Martin Y Mariano Moreno",7,3,0,0,4,0,0,,"Calle",,"FRANCK","Las Colonias","Asfalto","No existe","XI","Dentro","Urbana","Semáforo","Funciona","Recta","Bueno","Buena","Diurna","Buen Tiempo","Múltiple","S/D","Colisión","Ninguna","Vertical","Ninguna","Sin restricción"
2017,8166,12/9/2017,"Sabado",0,2:25:00,"Ruta Provincial 3","7.0",1,"Moto/Ciclomotor"," ",3,1,0,0,2,0,0,"-29.45767,-60.184716","Ruta",3,"VERA","Vera","Asfalto","Natural","XIX","Dentro","Rural","Ninguna","No existe","Recta","Bueno","Buena","Nocturna","Buen Tiempo","Atropello animal","S/D","Atropello","Ninguna","Faltante","Línea divisoria pintada","Sin restricción"
2017,8167,12/14/2017,"Jueves",0,20:45:00,,"0.0",2,"Pickup/Utilitario,Moto/Ciclomotor","9 de Julio Y Saavedra",3,1,0,0,2,0,0,,"Calle",,"FRANCK","Las Colonias","Asfalto","Pavimento","XI","Dentro","Urbana","Ninguna","No existe","Intersección","Bueno","Buena","Nocturna","Buen Tiempo","S/D","S/D","Colisión","Ninguna","Horizontal","Ninguna","Sin restricción"
2017,8168,12/15/2017,"Viernes",0,11:40:00,,"0.0",2,"Automóvil,Moto/Ciclomotor","Bv Belgrano Y Estanislao Lopez",2,1,0,0,1,0,0,,"Avenida",,"CALCHAQUÍ","Vera","Asfalto","Pavimento","XIX","S/D","Urbana","S/D","No existe","Intersección","Bueno","Buena","Diurna","S/D","S/D","S/D","S/D","Ninguna","S/D","S/D","S/D"
2017,8169,11/9/2017,"Jueves",0,18:00:00,,"0.0",2,"Pickup/Utilitario,Bicicleta","B de Tucuman Y Belgrano",2,1,0,0,1,0,0,,"Calle",,"SAN JUSTO","San Justo","Hormigón","No existe","XVI","Dentro","Urbana","Ninguna","No existe","Intersección","Bueno","Buena","Diurna","Buen Tiempo","Frontal","S/D","Colisión","Ninguna","Vertical","Ninguna","Sin restricción"
2017,8170,12/16/2017,"Sabado",0,0:40:00,,"0.0",2,"Pickup/Utilitario,Moto/Ciclomotor","Mitre Y Agustin Justo",2,1,0,0,1,0,0,,"S/D",,"CALCHAQUÍ","Vera","Asfalto","Natural","XIX","S/D","Urbana","S/D","No existe","Intersección","Bueno","Buena","Nocturna","Buen Tiempo","S/D","S/D","Colisión","Ninguna","S/D","S/D","S/D"
2017,8172,10/26/2017,"Jueves",0,1:50:00,,"0.0",2,"Moto/Ciclomotor,Automóvil","9 de Julio Y Dr Romang",2,1,0,0,0,0,1,,"Calle",,"HELVECIA","Garay","Asfalto","Pavimento","VII","S/D","Urbana","Ninguna","No existe","Intersección","Bueno","Buena","Nocturna","Buen Tiempo","De alcance","S/D","Colisión","Ninguna","Faltante","Ninguna","Accidente Previo"
2017,8173,10/5/2017,"Jueves",0,19:30:00,,"0.0",2,"Moto/Ciclomotor,Automóvil","J.J.Paso Y Larrea",3,1,0,0,2,0,0,,"Calle",,"ROSARIO","Rosario","Asfalto","No existe","II","S/D","Urbana","Ninguna","No existe","Recta","Bueno","Buena","Atardecer","Buen Tiempo","Lateral","S/D","Colisión","Ninguna","Horizontal","Línea divisoria pintada","Sin restricción"
2017,8174,10/14/2017,"Sabado",0,15:10:00,"Autopista Provincial Brigadier E.López","75.0",1,"Automóvil"," ",1,1,0,0,0,0,0,,"Autopista","Brigadier E.López","BARRANCAS","San Jerónimo","Asfalto","Pavimento","XV","Dentro","Rural","Ninguna","No existe","Recta","Bueno","Buena","Diurna","Buen Tiempo","S/D","S/D","Vuelco","Ninguna","Faltante","Vegetación","Sin restricción"
2017,8175,10/29/2017,"Domingo",0,18:40:00,,"0.0",2,"Automóvil,Moto/Ciclomotor","CORRIENTES Y DR JOSE LIPNIK",2,1,0,0,1,0,0,,"Calle",,"CENTENO","San Jerónimo","Hormigón","No existe","XV","Dentro","Urbana","Ninguna","No existe","Intersección","Bueno","Buena","Diurna","Buen Tiempo","Lateral","S/D","Colisión","Ninguna","Vertical","Ninguna","Sin restricción"
2017,8176,10/7/2017,"Sabado",0,15:45:00,,"0.0",2,"Automóvil,Moto/Ciclomotor","Magallanes Y G.Carrasco",4,2,0,0,2,0,0,,"Calle",,"ROSARIO","Rosario","Asfalto","No existe","II","Dentro","Urbana","Ninguna","No existe","Recta","Bueno","Buena","Diurna","Buen Tiempo","Otro","S/D","Colisión","Ninguna","Faltante","Ninguna","Sin restricción"
2017,8177,10/14/2017,"Sabado",0,12:00:00,,"0.0",2,"Automóvil,Taxi/Remis","Laprida Y Riobamba",6,2,0,0,4,0,0,,"Calle",,"ROSARIO","Rosario","Asfalto","No existe","II","Dentro","Urbana","S/D","No existe","Intersección","S/D","S/D","Diurna","S/D","Lateral","S/D","Colisión","Ninguna","Faltante","Ninguna","S/D"
2017,8178,10/28/2017,"Sabado",0,12:05:00,,"0.0",2,"Peatón,Automóvil","Mariano Moreno Y Cordoba",2,1,0,0,1,0,0,,"Calle",,"ROSARIO","Rosario","Asfalto","No existe","II","S/D","Urbana","Marca Vial","No existe","Intersección","S/D","S/D","Diurna","S/D","S/D","Peatón","Atropello","S/D","Horizontal","Ninguna","S/D"
2017,8179,10/8/2017,"Domingo",0,17:00:00,,"0.0",3,"Bicicleta,Bicicleta,Pickup/Utilitario","Mariano Cabal Bis Y Av. San Jose De Calasanz",3,2,0,0,1,0,0,,"Calle",,"ROSARIO","Rosario","Tierra","No existe","II","S/D","Urbana","Ninguna","No existe","Recta","S/D","Buena","Diurna","Buen Tiempo","S/D","Ciclista","Atropello","Ninguna","Faltante","Ninguna","Sin restricción"
2017,8180,10/4/2017,"Miercoles",0,13:30:00,,"0.0",2,"Transporte de Pasajeros Urbano (> 8 asientos),Moto/Ciclomotor","J.M.de Rosas Y San Luis",2,0,1,0,1,0,0,,"Calle",,"ROSARIO","Rosario","Asfalto","No existe","II","S/D","Urbana","Paso Peatonal","No existe","Intersección","S/D","S/D","Diurna","S/D","Múltiple","S/D","Colisión","S/D","Horizontal","Ninguna","S/D"
2017,8181,10/10/2017,"Martes",0,14:50:00,,"0.0",2,"Transporte de Pasajeros Urbano (> 8 asientos),Automóvil","Bv. Oroño Y Santa Fe",9,7,0,0,1,0,1,,"Calle",,"ROSARIO","Rosario","Asfalto","No existe","II","Dentro","Urbana","Semáforo","Funciona","Intersección","Bueno","Buena","Diurna","Buen Tiempo","Lateral","S/D","Colisión","Ninguna","Horizontal,Vertical","Cordón divisorio","Sin restricción"
2017,8182,10/8/2017,"Domingo",0,20:00:00,,"0.0",2,"Moto/Ciclomotor,Moto/Ciclomotor","Mejico Y J.J.Paso",3,1,0,0,2,0,0,,"Avenida",,"ROSARIO","Rosario","Asfalto","No existe","II","Dentro","Urbana","Ninguna","No existe","Recta","Bueno","Buena","Nocturna","Buen Tiempo","Otro","S/D","Colisión","Ninguna","Faltante","Cordón divisorio,Línea divisoria pintada","Sin restricción"
2017,8183,10/10/2017,"Martes",0,10:30:00,,"0.0",2,"Peatón,Automóvil","3 De Febrero Y J.M.de Rosas",3,1,0,0,2,0,0,,"Calle",,"ROSARIO","Rosario","Asfalto","No existe","II","S/D","Urbana","Marca Vial","No existe","Intersección","S/D","S/D","Diurna","S/D","S/D","Peatón","Atropello","S/D","Horizontal","Ninguna","S/D"
2017,8184,10/18/2017,"Miercoles",0,18:20:00,,"0.0",2,"Moto/Ciclomotor,Automóvil","J.B.Justo Y Bolivia",3,1,0,0,2,0,0,,"Calle",,"ROSARIO","Rosario","Asfalto","No existe","II","Dentro","Urbana","Ninguna","No existe","Recta","Bueno","Buena","Atardecer","Buen Tiempo","Otro","S/D","Colisión","Ninguna","Faltante","Ninguna","Sin restricción"
2017,8185,10/10/2017,"Martes",0,12:20:00,,"0.0",2,"Bicicleta,Automóvil","Mendoza Y Sarmiento",4,1,0,0,3,0,0,,"Calle",,"ROSARIO","Rosario","Asfalto","No existe","II","S/D","Urbana","Marca Vial","No existe","Intersección","S/D","S/D","Diurna","S/D","S/D","Ciclista","Atropello","S/D","Horizontal","Ninguna","S/D"
2017,8186,10/14/2017,"Sabado",0,15:30:00,,"0.0",2,"Moto/Ciclomotor,Peatón","J.B.Justo Y Bolivia",2,2,0,0,0,0,0,,"Calle",,"ROSARIO","Rosario","Asfalto","No existe","II","S/D","Urbana","Ninguna","No existe","Recta","Bueno","Buena","Diurna","Buen Tiempo","S/D","Peatón","Atropello","Ninguna","Faltante","Ninguna","Sin restricción"
2017,8187,10/4/2017,"Miercoles",0,0:25:00,,"0.0",2,"Automóvil,Moto/Ciclomotor","Bv. Oroño Y Catamarca",2,0,1,0,1,0,0,,"Avenida",,"ROSARIO","Rosario","Asfalto","No existe","II","S/D","Urbana","Marca Vial","No existe","Intersección","S/D","S/D","Nocturna,Con luz artificial","S/D","S/D","S/D","Colisión","S/D","Horizontal","Cordón divisorio","S/D"
2017,8188,10/18/2017,"Miercoles",0,15:20:00,,"0.0",2,"Automóvil,Automóvil","Bv. 27 De Febrero Y Ayacucho",2,1,0,0,1,0,0,,"Avenida",,"ROSARIO","Rosario","Asfalto","No existe","II","Dentro","Urbana","Ninguna","No existe","Intersección","Bueno","Buena","Diurna","Buen Tiempo","De alcance","S/D","Colisión","S/D","Vertical","S/D","Sin restricción"
2017,8189,10/2/2017,"Lunes",0,20:20:00,,"0.0",2,"Moto/Ciclomotor,Automóvil","Alvear Y Rioja",3,1,0,0,2,0,0,,"Calle",,"ROSARIO","Rosario","Asfalto","No existe","II","S/D","Urbana","Semáforo","Funciona","Intersección","S/D","S/D","Nocturna,Con luz artificial","S/D","S/D","S/D","Colisión","S/D","Horizontal,Vertical","Ninguna","S/D"
2017,8190,10/15/2017,"Domingo",0,17:30:00,,"0.0",2,"Moto/Ciclomotor,Automóvil","Av. Pellegrini Y Cochabamba",2,1,0,0,1,0,0,,"Calle",,"ROSARIO","Rosario","Asfalto","No existe","II","S/D","Urbana","Semáforo","Funciona","Recta","Bueno","S/D","Diurna","S/D","S/D","S/D","Colisión","Ninguna","Horizontal,Vertical","Cordón divisorio,Vegetación,Línea divisoria pintada","S/D"
2017,8191,10/26/2017,"Jueves",0,17:30:00,,"0.0",2,"Pickup/Utilitario,Moto/Ciclomotor","E.Zeballos Y Colon",2,1,0,0,1,0,0,,"Calle",,"ROSARIO","Rosario","Asfalto","No existe","II","Dentro","Urbana","Ninguna","No existe","Intersección","Bueno","Buena","Diurna","Buen Tiempo","Lateral","S/D","Colisión","S/D","Faltante","Ninguna","Sin restricción"
2017,8193,10/16/2017,"Lunes",0,23:25:00,,"0.0",2,"Automóvil,Moto/Ciclomotor","Ayacucho Y Av. Pellegrini",2,1,0,0,1,0,0,,"Avenida",,"ROSARIO","Rosario","Asfalto","No existe","II","S/D","Urbana","Semáforo","Funciona","Intersección","S/D","S/D","Nocturna,Con luz artificial","S/D","S/D","S/D","Colisión","S/D","Horizontal,Vertical","Cordón divisorio","S/D"
2017,8194,10/13/2017,"Viernes",0,12:50:00,,"0.0",2,"Automóvil,Transporte de Pasajeros Urbano (> 8 asientos)","Bv. Oroño Y Av. Pellegrini",2,1,0,0,1,0,0,,"Avenida",,"ROSARIO","Rosario","Asfalto","No existe","II","S/D","Urbana","Semáforo","Funciona","Rotonda","Bueno","Buena","Diurna","S/D","Lateral","S/D","Colisión","Ninguna","Horizontal,Vertical","Cordón divisorio","S/D"
2017,8195,10/20/2017,"Viernes",0,16:00:00,,"0.0",2,"Moto/Ciclomotor,Bicicleta","Av. Corrientes Y Bv. 27 De Febrero",2,0,1,0,1,0,0,,"Avenida",,"ROSARIO","Rosario","Asfalto","No existe","II","Dentro","Urbana","Semáforo","Funciona","Recta","Bueno","Buena","Diurna","Buen Tiempo","S/D","Ciclista","Atropello","Ninguna","Vertical","Ninguna","Sin restricción"
2017,8197,10/17/2017,"Martes",0,9:00:00,,"0.0",2,"Bicicleta,Ambulancia","San Martin Y Av. Pellegrini",2,1,0,0,1,0,0,,"Avenida",,"ROSARIO","Rosario","Asfalto","No existe","II","S/D","Urbana","Semáforo","Funciona","Intersección","S/D","S/D","Amanecer","S/D","S/D","Ciclista","Atropello","S/D","Horizontal,Vertical","Línea divisoria pintada","S/D"
2017,8198,10/7/2017,"Sabado",0,19:00:00,,"0.0",2,"Automóvil,Peatón","Pte.Roca Y Urquiza",2,1,0,0,1,0,0,,"Calle",,"ROSARIO","Rosario","Asfalto","No existe","II","S/D","Urbana","Marca Vial","No existe","Intersección","S/D","S/D","Diurna","S/D","S/D","Peatón","Atropello","S/D","Horizontal","S/D","S/D"
2017,8199,10/13/2017,"Viernes",0,11:30:00,,"0.0",2,"Bicicleta,Automóvil","Montevideo Y Av. Corrientes",2,1,0,0,1,0,0,,"Calle",,"ROSARIO","Rosario","Asfalto","No existe","II","S/D","Urbana","Semáforo","Funciona","Intersección","S/D","S/D","Diurna","S/D","S/D","Ciclista","Atropello","S/D","Horizontal,Vertical","Línea divisoria pintada","S/D"
2017,8200,10/20/2017,"Viernes",0,16:40:00,,"0.0",2,"Vehículo Oficial,Moto/Ciclomotor","Cochabamba Y Dorrego",5,1,0,0,2,0,2,,"Calle",,"ROSARIO","Rosario","Asfalto","No existe","II","Dentro","Urbana","Señal Pare","No existe","Intersección","Bueno","Buena","Diurna","Buen Tiempo","Lateral","S/D","Colisión","Ninguna","Vertical","Ninguna","Sin restricción"
2017,8201,10/13/2017,"Viernes",0,8:00:00,,"0.0",2,"Automóvil,Automóvil","Sgto Cabral ",2,1,0,0,1,0,0,,"Calle",,"ROSARIO","Rosario","Asfalto","No existe","II","S/D","Urbana","Semáforo","Funciona","Intersección","S/D","S/D","Amanecer","S/D","Lateral","S/D","Colisión","S/D","Horizontal,Vertical","Cordón divisorio","S/D"
2017,8202,10/27/2017,"Viernes",0,7:50:00,,"0.0",2,"Automóvil,Moto/Ciclomotor","Ayacucho Y Montevideo",2,1,0,0,1,0,0,,"Calle",,"ROSARIO","Rosario","Asfalto","No existe","II","S/D","Urbana","Señal Pare","No existe","Intersección","S/D","S/D","Diurna","S/D","S/D","S/D","Colisión","S/D","Horizontal","Ninguna","S/D"
2017,8203,10/28/2017,"Sabado",0,20:50:00,,"0.0",2,"Moto/Ciclomotor,Peatón","Dorrego Y Cordoba",2,1,0,0,1,0,0,,"Calle",,"ROSARIO","Rosario","Asfalto","No existe","II","S/D","Urbana","Marca Vial","No existe","Intersección","S/D","S/D","Nocturna,Con luz artificial","S/D","S/D","Peatón","Atropello","S/D","Horizontal","Ninguna","S/D"
2017,8204,10/27/2017,"Viernes",0,9:00:00,,"0.0",2,"Automóvil,Camión Chasis","Mitre Y Urquiza",2,1,0,0,1,0,0,,"Calle",,"ROSARIO","Rosario","Asfalto","No existe","II","S/D","Urbana","Paso Peatonal","No existe","Intersección","S/D","S/D","Amanecer","S/D","S/D","S/D","Colisión","S/D","Horizontal","Línea divisoria pintada","S/D"
2017,8205,10/18/2017,"Miercoles",0,7:50:00,,"0.0",2,"Moto/Ciclomotor,Automóvil","Buenos Aires Y Ituzaingo",2,0,1,0,1,0,0,,"Calle",,"ROSARIO","Rosario","Asfalto","No existe","II","Dentro","Urbana","Ninguna","No existe","Intersección","Bueno","Buena","Amanecer","Buen Tiempo","Lateral","S/D","Colisión","Ninguna","Faltante","Ninguna","Sin restricción"
2017,8206,10/29/2017,"Domingo",0,8:45:00,,"0.0",1,"Automóvil","Pte.Roca Y Av. Wheelwright",1,1,0,0,0,0,0,,"Avenida",,"ROSARIO","Rosario","Asfalto","No existe","II","S/D","Urbana","Semáforo","Funciona","Intersección","S/D","S/D","Diurna","S/D","Contra objeto fijo","S/D","Colisión","S/D","Horizontal,Vertical","Ninguna","S/D"
2017,8207,10/11/2017,"Miercoles",0,3:35:00,,"0.0",2,"Taxi/Remis,Automóvil","San Juan Y Sarmiento",4,2,0,0,2,0,0,,"Calle",,"ROSARIO","Rosario","Asfalto","No existe","II","Dentro","Urbana","Marca Vial","No existe","Intersección","S/D","S/D","Nocturna","S/D","S/D","S/D","Colisión","S/D","Horizontal","Ninguna","S/D"
2017,8208,10/16/2017,"Lunes",0,0:20:00,,"0.0",2,"Pickup/Utilitario,Moto/Ciclomotor","Bv. Oroño Y Brown",5,2,0,0,3,0,0,,"Avenida",,"ROSARIO","Rosario","Asfalto","No existe","II","Dentro","Urbana","Semáforo","Funciona","Intersección","S/D","S/D","Nocturna,Con luz artificial","S/D","S/D","S/D","Colisión","S/D","Horizontal,Vertical","Ninguna","S/D"
2017,8209,10/9/2017,"Lunes",0,10:00:00,,"0.0",2,"Taxi/Remis,Pickup/Utilitario","Cerrito 900",3,1,0,0,2,0,0,,"Calle",,"ROSARIO","Rosario","Asfalto","No existe","II","Dentro","Urbana","Ninguna","Funciona","Recta","Bueno","Buena","Diurna","Buen Tiempo","De alcance","S/D","Colisión","Ninguna","Vertical","Ninguna","Sin restricción"
2017,8210,10/27/2017,"Viernes",0,20:25:00,,"0.0",2,"Pickup/Utilitario,Moto/Ciclomotor","E.Zeballos Y Mitre",2,1,0,0,1,0,0,,"Calle",,"ROSARIO","Rosario","Asfalto","No existe","II","S/D","Urbana","Ninguna","No existe","Intersección","S/D","S/D","Nocturna,Con luz artificial","S/D","S/D","S/D","Colisión","S/D","Horizontal","Ninguna","S/D"
2017,8211,10/27/2017,"Viernes",0,21:20:00,,"0.0",2,"Pickup/Utilitario,Peatón","Urquiza Y Italia",2,1,0,0,1,0,0,,"Calle",,"ROSARIO","Rosario","Asfalto","No existe","II","S/D","Urbana","Paso Peatonal","No existe","Intersección","S/D","S/D","Nocturna,Con luz artificial","S/D","S/D","Peatón","Atropello","S/D","Horizontal","S/D","S/D"
2017,8212,10/20/2017,"Viernes",0,22:45:00,,"0.0",2,"Automóvil,Automóvil","Entre Rios Y Urquiza",5,2,0,0,3,0,0,,"Calle",,"ROSARIO","Rosario","Asfalto","No existe","II","Dentro","Urbana","Semáforo","Funciona","Intersección","S/D","S/D","Nocturna,Con luz artificial","S/D","De alcance","S/D","Colisión","S/D","Horizontal,Vertical","Ninguna","S/D"
2017,8213,10/28/2017,"Sabado",0,7:30:00,,"0.0",2,"Pickup/Utilitario,Peatón","Laprida Y Bv. Segui",2,1,0,0,1,0,0,,"Calle",,"ROSARIO","Rosario","Asfalto","Pavimento","II","Dentro","Urbana","Señal Pare","No existe","Intersección","Bueno","Buena","Diurna","Buen Tiempo","S/D","Peatón","Atropello","Ninguna","Horizontal","Vegetación","Sin restricción"
2017,8214,10/20/2017,"Viernes",0,23:05:00,,"0.0",2,"Automóvil,Moto/Ciclomotor","Av. Provincias Unidas Y Jose Ingenieros",3,2,0,0,1,0,0,,"Calle",,"ROSARIO","Rosario","Asfalto","No existe","II","Dentro","Urbana","Ninguna","No existe","Recta","Bueno","Buena","Nocturna","Buen Tiempo","Otro","S/D","Colisión","Ninguna","Faltante","Cordón divisorio","Sin restricción"
2017,8215,10/6/2017,"Viernes",0,15:35:00,,"0.0",2,"Automóvil,Transporte de Pasajeros Urbano (> 8 asientos)","Buenos Aires 1200",2,1,0,0,1,0,0,,"Calle",,"ROSARIO","Rosario","Asfalto","No existe","II","Dentro","Urbana","Marca Vial","No existe","Recta","Bueno","Buena","Diurna","S/D","Otro","S/D","Colisión","S/D","Horizontal","Ninguna","S/D"
2017,8216,10/21/2017,"Sabado",0,12:30:00,,"0.0",2,"Automóvil,Moto/Ciclomotor","J.J.Paso Y Ottone Bis",3,2,0,0,1,0,0,,"Calle",,"ROSARIO","Rosario","Asfalto","No existe","II","Dentro","Urbana","Ninguna","No existe","Recta","Bueno","Buena","Diurna","Buen Tiempo","Contra objeto fijo","S/D","Colisión","Ninguna","Faltante","Ninguna","Sin restricción"