"anio_acci","nro_acci","fecha","desc_dia","fecha_aprox","hora_aprox","desc_ruta","km","cant_participantes","desc_participante","calle_avenida_km","total","heridos_leves","heridos_graves","heridos_gravisimos","ilesos","fallecidos","sin_datos","posicion_XY","desc_tipo_via","desc_ruta_ori","desc_loc","desc_dpto","desc_tipo_calzada","desc_tipo_banquina","desc_unidad_regional","desc_lugar_calzada","desc_zona","desc_prioridad","desc_estado_semaforo","desc_lugar_via","desc_estado_via","desc_estado_visibilidad","desc_luminosidad","desc_estado_clima","desc_tipo_colision","desc_tipo_atropello","desc_tipo_hecho","desc_pres_calzada","desc_senializacion","desc_separacion_via","desc_restriccion"
2017,8217,10/26/2017,"Jueves",0,6:15:00,,"0.0",2,"Bicicleta,Automóvil","Necochea Y 24 De Setiembre",2,1,0,0,0,0,1,,"S/D",,"ROSARIO","Rosario","Asfalto","No existe","II","S/D","Urbana","Ninguna","No existe","Intersección","Bueno","Buena","Amanecer","Buen Tiempo","S/D","Ciclista","Atropello","Ninguna","Faltante","Ninguna","Sin restricción"
2017,8218,10/15/2017,"Domingo",0,21:00:00,,"0.0",2,"Moto/Ciclomotor,Pickup/Utilitario","Av Blas Parera Y Monseñor Rodriguez",2,0,0,0,1,1,0,"-31.617873, -60.718396","Avenida",,"SANTA FE","La Capital","Asfalto","No existe","I","Dentro","Urbana","Semáforo","Funciona","Intersección","Bueno","Buena","Nocturna","Buen Tiempo","Lateral","S/D","Colisión","Ninguna","Vertical","Ninguna","Sin restricción"
2017,8219,10/20/2017,"Viernes",0,10:50:00,,"0.0",3,"Automóvil,Taxi/Remis,Taxi/Remis","E.Zeballos 800",3,1,0,0,2,0,0,,"Calle",,"ROSARIO","Rosario","Asfalto","No existe","II","Dentro","Urbana","Semáforo","Funciona","Recta","Bueno","S/D","Diurna","S/D","Múltiple","S/D","Colisión","S/D","Vertical","Ninguna","S/D"
2017,8220,9/22/2017,"Viernes",0,15:10:00,,"0.0",2,"Peatón,Automóvil","J.J.Paso Y Larrea",2,0,1,0,1,0,0,,"Calle",,"ROSARIO","Rosario","Asfalto","No existe","II","Dentro","Urbana","S/D","No existe","Intersección","Deteriorada","S/D","Diurna","S/D","S/D","Peatón","Atropello","S/D","Horizontal","Ninguna","S/D"
2017,8221,10/2/2017,"Lunes",0,16:30:00,,"0.0",2,"Moto/Ciclomotor,Peatón","Av. Frondizi A Y Nansen",2,1,0,0,1,0,0,,"Avenida",,"ROSARIO","Rosario","Asfalto","Pavimento","II","Dentro","Urbana","Semáforo","Funciona","Rotonda","Bueno","Buena","Diurna","Buen Tiempo","S/D","Peatón","Atropello","Ninguna","Horizontal,Vertical","Cordón divisorio","Sin restricción"
2017,8222,10/22/2017,"Domingo",0,21:25:00,,"0.0",2,"Automóvil,Moto/Ciclomotor","Av. Genova Y Fraga",3,1,1,0,1,0,0,,"Calle",,"ROSARIO","Rosario","Asfalto","No existe","II","Dentro","Urbana","Ninguna","No existe","Recta","Bueno","Buena","Nocturna","Buen Tiempo","S/D","S/D","Colisión","Ninguna","Faltante","Cordón divisorio","Sin restricción"
2017,8223,10/22/2017,"Domingo",0,16:20:00,,"0.0",2,"Bicicleta,Automóvil","L.N.Alem Y Rueda",2,1,0,0,0,0,1,,"Calle",,"ROSARIO","Rosario","Asfalto","No existe","II","Dentro","Urbana","Marca Vial","No existe","Intersección","Bueno","Buena","Diurna","Buen Tiempo","S/D","Ciclista","Atropello","Ninguna","Horizontal","Ninguna","Sin restricción"
2017,8224,10/29/2017,"Domingo",0,2:00:00,"Ruta Nacional 11","515.0",2,"Automóvil,Moto/Ciclomotor"," ",4,0,0,0,2,2,0,"-31.2148635,-60.7480621","Ruta",11,"LLAMBI CAMPBELL","La Capital","Asfalto","Natural","I","Dentro","Rural","Marca Vial","No existe","Recta","Bueno","Buena","Nocturna","Buen Tiempo","Frontal","S/D","Colisión","Ninguna","Horizontal","Línea divisoria pintada","Sin restricción"
2017,8225,10/9/2017,"Lunes",0,14:20:00,,"0.0",2,"Automóvil,Moto/Ciclomotor","Alberdi Y Almafuerte",3,1,0,0,2,0,0,,"Avenida",,"ROSARIO","Rosario","Asfalto","No existe","II","Dentro","Urbana","Semáforo","Funciona","Intersección","Bueno","Buena","Diurna","Buen Tiempo","Lateral","S/D","Colisión","Ninguna","Horizontal,Vertical","S/D","Sin restricción"
2017,8226,10/26/2017,"Jueves",0,9:55:00,,"0.0",2,"Automóvil,Automóvil","Ayacucho Y Pte.Quintana",2,1,0,0,1,0,0,,"Calle",,"ROSARIO","Rosario","Asfalto","No existe","II","Dentro","Urbana","Ninguna","No existe","Intersección","Bueno","Buena","Diurna","Buen Tiempo","S/D","Ciclista","Atropello","Ninguna","Horizontal","Ninguna","Sin restricción"
2017,8227,10/24/2017,"Martes",0,9:00:00,,"0.0",2,"Moto/Ciclomotor,Automóvil","Mariano Cabal Bis Y J.J.Paso",2,1,0,0,1,0,0,,"Calle",,"ROSARIO","Rosario","Asfalto","No existe","II","Dentro","Urbana","Paso Peatonal","No existe","Intersección","Deteriorada","S/D","Diurna","S/D","S/D","S/D","Colisión","S/D","Horizontal","Línea divisoria pintada","S/D"
2017,8228,10/28/2017,"Sabado",0,22:00:00,,"0.0",2,"Moto/Ciclomotor,Automóvil","Almafuerte Y Ferreyra",3,2,0,0,1,0,0,,"Calle",,"ROSARIO","Rosario","Asfalto","No existe","II","Dentro","Urbana","Señal Pare","No existe","Intersección","Bueno","Buena","Nocturna,Con luz artificial","Buen Tiempo","S/D","S/D","Colisión","Ninguna","Vertical","Ninguna","Sin restricción"
2017,8229,10/22/2017,"Domingo",0,14:50:00,,"0.0",2,"Automóvil,Moto/Ciclomotor","Albert Sabin Y J.B.Justo",3,2,0,0,1,0,0,,"Calle",,"ROSARIO","Rosario","Asfalto","No existe","II","S/D","Urbana","Semáforo","Funciona","Intersección","Bueno","Buena","Diurna","Buen Tiempo","Frontal","S/D","Colisión","Ninguna","Horizontal,Vertical","Cordón divisorio","Sin restricción"
2017,8230,10/19/2017,"Jueves",0,20:10:00,,"0.0",2,"Taxi/Remis,Peatón","Buenos Aires 3300",2,1,0,0,1,0,0,,"Calle",,"ROSARIO","Rosario","Asfalto","No existe","II","Dentro","Urbana","Ninguna","No existe","Recta","Bueno","Buena","Nocturna","Buen Tiempo","S/D","Peatón","Atropello","Ninguna","Horizontal","Ninguna","Sin restricción"
2017,8231,10/31/2017,"Martes",0,18:50:00,,"0.0",1,"Transporte Escolar","Almafuerte 1000",7,6,0,0,1,0,0,,"Calle",,"ROSARIO","Rosario","Asfalto","No existe","II","Dentro","Urbana","Ninguna","No existe","Recta","Bueno","Buena","Diurna","Buen Tiempo","Contra objeto fijo","S/D","Colisión","Ninguna","Faltante","Ninguna","Sin restricción"
2017,8232,10/16/2017,"Lunes",0,21:45:00,,"0.0",2,"Moto/Ciclomotor,Automóvil","Av. Irigoyen Y Varela",3,2,0,0,1,0,0,,"Calle",,"ROSARIO","Rosario","Asfalto","No existe","II","Dentro","Urbana","Ninguna","No existe","Intersección","Deteriorada","Buena","Nocturna","Otro","S/D","S/D","Colisión","Otro","Faltante","Ninguna","S/D"
2017,8233,10/8/2017,"Domingo",0,23:35:00,,"0.0",2,"Moto/Ciclomotor,Automóvil","Grandoli Y Dr.Rivas",2,1,0,0,1,0,0,,"Calle",,"ROSARIO","Rosario","Asfalto","No existe","II","Dentro","Urbana","Ninguna","No existe","Intersección","Con baches","Buena","Nocturna","Buen Tiempo","Lateral","S/D","Colisión","Ninguna","Faltante","Ninguna","Sin restricción"
2017,8234,10/30/2017,"Lunes",0,14:00:00,,"0.0",2,"Moto/Ciclomotor,Automóvil","Alberdi 244",4,1,0,0,3,0,0,,"Avenida",,"ROSARIO","Rosario","Asfalto","No existe","II","Dentro","Urbana","Semáforo","No existe","Recta","Bueno","Buena","Diurna","Buen Tiempo","Frontal","S/D","Colisión","Ninguna","Horizontal,Vertical","Ninguna","Sin restricción"
2017,8235,10/8/2017,"Domingo",0,12:15:00,,"0.0",2,"Moto/Ciclomotor,Automóvil","Bv. Rondeau Y Matheu",2,1,0,0,1,0,0,,"Avenida",,"ROSARIO","Rosario","Asfalto","No existe","II","S/D","Urbana","Semáforo","Funciona","Intersección","Deteriorada","Buena","Diurna","Buen Tiempo","Otro","S/D","Colisión","Otro","Vertical","Cordón divisorio,Vegetación,Línea divisoria pintada","S/D"
2017,8236,10/7/2017,"Sabado",0,23:00:00,,"0.0",2,"Moto/Ciclomotor,Automóvil","Bv. Segui Y Maipu",2,1,0,0,1,0,0,,"Calle",,"ROSARIO","Rosario","Asfalto","No existe","II","Dentro","Urbana","Ninguna","No existe","Intersección","Bueno","Buena","Nocturna,Con luz artificial","Buen Tiempo","De alcance","S/D","Colisión","Ninguna","Horizontal","Ninguna","Sin restricción"
2017,8237,10/23/2017,"Lunes",0,13:50:00,,"0.0",2,"Bicicleta,Pickup/Utilitario","Pje. Puccini 282",2,1,0,0,1,0,0,,"Calle",,"ROSARIO","Rosario","Asfalto","No existe","II","Dentro","Urbana","Ninguna","No existe","Recta","Bueno","Buena","Diurna","Buen Tiempo","S/D","Ciclista","Atropello","Ninguna","Faltante","Ninguna","Sin restricción"
2017,8238,10/16/2017,"Lunes",0,23:00:00,"Ruta Secundaria 26-s","0.0",1,"Automóvil","Ruta Nac 9 ",3,1,0,0,0,2,0,"-32.867305, -61.123377","Ruta","26-s","CARCARAÑÁ","San Lorenzo","Asfalto","Natural","XVII","Dentro","Rural","Ninguna","No existe","Intersección","Bueno","Buena","Nocturna","Buen Tiempo","S/D","S/D","Vuelco","Ninguna","S/D","Línea divisoria pintada","Sin restricción"
2017,8239,10/18/2017,"Miercoles",0,13:00:00,,"0.0",2,"Automóvil,Moto/Ciclomotor","Pje. Ricardone 1342",2,1,0,0,1,0,0,,"Calle",,"ROSARIO","Rosario","Asfalto","No existe","II","Dentro","Urbana","S/D","No existe","Recta","S/D","S/D","Diurna","S/D","S/D","S/D","Colisión","S/D","Faltante","Ninguna","S/D"
2017,8240,10/16/2017,"Lunes",0,7:35:00,"Ruta Nacional 11","0.0",1,"Moto/Ciclomotor","PUENTE CARRETERO ",1,0,0,0,0,1,0,"-31.666920, -60.747624","Ruta",11,"SANTA FE","La Capital","Asfalto","Pavimento","I","Dentro","Urbana","Ninguna","No existe","Puente","Con baches,Deteriorada","Buena","Diurna","Buen Tiempo","S/D","S/D","Caída ocupante","Ninguna","Faltante","Línea divisoria pintada","Sin restricción"
2017,8241,12/24/2017,"Domingo",0,18:20:00,,"0.0",2,"Automóvil,Moto/Ciclomotor","Rivadavia Y Ituzaingo",5,2,0,0,3,0,0,,"Calle",,"CALCHAQUÍ","Vera","S/D","S/D","XIX","Dentro","Urbana","S/D","S/D","S/D","S/D","S/D","S/D","S/D","S/D","S/D","S/D","S/D","S/D","S/D","S/D"
2017,8242,11/11/2017,"Sabado",0,13:05:00,,"0.0",2,"Moto/Ciclomotor,Otros","Gral Urquiza Y Fco Angeloni",2,1,0,0,1,0,0,,"Calle",,"SAN JUSTO","San Justo","Asfalto","No existe","XVI","Dentro","Urbana","Ninguna","No existe","Intersección","Bueno","Buena","Diurna","Buen Tiempo","Lateral","S/D","Colisión","Ninguna","Horizontal","Ninguna","Sin restricción"
2017,8243,12/25/2017,"Lunes",0,3:40:00,,"0.0",1,"Cuatriciclo","San Lorenzo Y Agustin Justo",2,1,1,0,0,0,0,,"Calle",,"CALCHAQUÍ","Vera","Tierra","Natural","XIX","Dentro","Urbana","S/D","No existe","Intersección","Bueno","Buena","Nocturna","Buen Tiempo","S/D","S/D","Vuelco","Ninguna","S/D","S/D","S/D"
2017,8244,11/17/2017,"Viernes",0,17:18:00,,"0.0",2,"Automóvil,Moto/Ciclomotor","R E De San Martin Y Gral Urquiza",2,0,1,0,1,0,0,,"Calle",,"SAN JUSTO","San Justo","Hormigón","No existe","XVI","Dentro","Urbana","Ninguna","No existe","Intersección","Bueno","Buena","Diurna","Buen Tiempo","Frontal","S/D","Colisión","Ninguna","Vertical","Ninguna","Sin restricción"
2017,8245,11/19/2017,"Domingo",0,18:20:00,"Ruta Provincial 2","0.0",1,"Moto/Ciclomotor"," ",2,1,0,0,0,0,1,,"Ruta",2,"SAN JUSTO","San Justo","Tierra","No existe","XVI","Dentro","Rural","Ninguna","No existe","Recta","Ahuellamiento","Reducida polvo","Diurna","Buen Tiempo","S/D","S/D","S/D","Ninguna","Faltante","Ninguna","Sin restricción"
2017,8246,11/23/2017,"Jueves",0,18:30:00,"Ruta Nacional 11","0.0",2,"Moto/Ciclomotor,Automóvil","Ruta Nacional 11 Y Cabal Bis",2,1,0,0,1,0,0,,"Ruta",11,"SAN JUSTO","San Justo","Asfalto","Pavimento","XVI","Dentro","Urbana","Ninguna","No existe","Intersección","Bueno","Buena","Diurna","Buen Tiempo","Frontal","S/D","Colisión","Ninguna","Faltante","Ninguna","Sin restricción"
2017,8247,11/25/2017,"Sabado",0,13:15:00,,"0.0",2,"Moto/Ciclomotor,Moto/Ciclomotor","Cno San Roque Y Gral Urquiza",2,0,1,0,1,0,0,,"Calle",,"SAN JUSTO","San Justo","Hormigón","Natural","XVI","Dentro","Urbana","Ninguna","No existe","Intersección","Con baches","Buena","Diurna","Buen Tiempo","Frontal","S/D","Colisión","Agua","Faltante","Ninguna","Sin restricción"
2017,8248,12/2/2017,"Sabado",0,8:55:00,"Ruta Provincial 40","55.0",1,"Automóvil"," ",1,1,0,0,0,0,0,"-29.088154078646, -60.272888398730","Ruta",40,"FORTÍN OLMOS","Vera","Asfalto","Natural","XIX","Fuera","Rural","Ninguna","No existe","Recta","Bueno","Buena","Diurna","Buen Tiempo","Otro","S/D","Otro","Ninguna","Faltante","Ninguna","Sin restricción"
2017,8249,11/29/2017,"Miercoles",0,18:30:00,,"0.0",1,"Moto/Ciclomotor","Fco Angeloni 2700",1,1,0,0,0,0,0,,"Calle",,"SAN JUSTO","San Justo","Hormigón","Natural","XVI","Dentro","Urbana","Ninguna","No existe","Recta","Bueno","Buena","Atardecer","Buen Tiempo","Atropello animal","S/D","Colisión","Ninguna","Faltante","Ninguna","Sin restricción"
2017,8250,12/22/2017,"Viernes",0,21:00:00,"Ruta Nacional 11","0.0",2,"Automóvil,Moto/Ciclomotor"," ",3,1,0,0,2,0,0,,"Ruta",11,"GOBERNADOR CRESPO","San Justo","Asfalto","S/D","XVI","Fuera","Urbana","Ninguna","No existe","Recta","Bueno","Buena","Nocturna","Buen Tiempo","Lateral","S/D","Colisión","Ninguna","Faltante","Línea divisoria pintada","Sin restricción"
2017,8251,11/29/2017,"Miercoles",0,4:50:00,"Ruta Provincial 3","45.0",1,"Moto/Ciclomotor"," ",1,1,0,0,0,0,0,"-29.133303016900, -60.148547517030","Ruta",3,"GUAYCURÚ","Vera","Asfalto","Natural","XIX","Dentro","Rural","Ninguna","No existe","Recta","Con baches","Reducida p/ objetos","Nocturna","Buen Tiempo","S/D","S/D","Caída ocupante","S/D","Horizontal","Línea divisoria pintada","Sin restricción"
2017,8252,12/22/2017,"Viernes",0,1:34:00,"Ruta Nacional 11","557.0",1,"Automóvil"," ",1,1,0,0,0,0,0,,"Ruta",11,"LUCIANO LEIVA","San Justo","Asfalto","Natural","XVI","Fuera","Rural","Ninguna","No existe","Curva","Ahuellamiento","Buena","Nocturna","Buen Tiempo","Contra objeto fijo,Frontal","S/D","Colisión,Vuelco","Ninguna","Horizontal,Vertical","Línea divisoria pintada","Sin restricción"
2017,8253,11/7/2017,"Martes",0,23:20:00,,"0.0",2,"Moto/Ciclomotor,Moto/Ciclomotor","Int. Bo. Roque Saenz Peña Y Italia",3,1,1,0,1,0,0,,"Calle",,"SAN JUSTO","San Justo","Asfalto","No existe","XVI","Dentro","Urbana","Ninguna","No existe","Intersección","Resbaladiza","Reducida","Nocturna","Lluvia","Lateral","S/D","Colisión","Agua","Faltante","Vegetación","Sin restricción"
2017,8254,12/16/2017,"Sabado",0,6:00:00,"Ruta Provincial 3","28.0",1,"Moto/Ciclomotor"," ",1,1,0,0,0,0,0,"-29.344789833306, -60.187686310975","Ruta",3,"EL TOBA","Vera","Asfalto","Natural","XIX","Dentro","Rural","Ninguna","S/D","Recta","Otro","S/D","Amanecer","Buen Tiempo","Otro","S/D","Caída ocupante","Otro","S/D","S/D","Sin restricción"
2017,8255,12/16/2017,"Sabado",0,11:25:00,,"0.0",2,"Moto/Ciclomotor,Automóvil","CALLE PUBLICA S/N Y PUBLICA S/N",4,3,0,0,1,0,0,,"Calle",,"TARTAGAL","Vera","Tierra","No existe","XIX","Dentro","Urbana","Ninguna","No existe","Intersección","Con baches","Buena","Diurna","Buen Tiempo","De alcance","S/D","Colisión","Ninguna","Faltante","S/D","Sin restricción"
2017,8256,12/16/2017,"Sabado",0,11:50:00,,"0.0",2,"Moto/Ciclomotor,Automóvil","J Operto Y G Mainardi",2,1,0,0,1,0,0,,"Calle",,"RAFAELA","Castellanos","Asfalto","No existe","V","Dentro","Urbana","Ninguna","No existe","Intersección","Bueno","Buena","Diurna","Buen Tiempo","Frontal","S/D","Colisión","Ninguna","Faltante","Ninguna","Sin restricción"
2017,8257,11/13/2017,"Lunes",0,19:45:00,,"0.0",2,"Moto/Ciclomotor,Camión Chasis","Bv San Martin Y Catamarca",2,0,1,0,1,0,0,,"Avenida",,"HUMBERTO 1°","Castellanos","Asfalto","S/D","V","S/D","Urbana","Ninguna","No existe","Intersección","Bueno","Buena","Nocturna","Buen Tiempo","Lateral","S/D","Colisión","Ninguna","Vertical","S/D","Sin restricción"
2017,8258,12/22/2017,"Viernes",0,1:00:00,,"0.0",1,"Moto/Ciclomotor","Santiago del Estero Y Jujuy",1,0,1,0,0,0,0,,"Calle",,"SAN GUILLERMO","San Cristóbal","Tierra","Natural","XIII","Dentro","Urbana","Otra Señal","No existe","Recta","Bueno","Reducida","Nocturna","Buen Tiempo","Otro","S/D","Caída ocupante","Ninguna","Horizontal,Vertical","S/D","S/D"
2017,8259,12/18/2017,"Lunes",0,17:45:00,,"0.0",2,"Automóvil,Moto/Ciclomotor","Bv Belgrano Y Moreno",2,0,1,0,1,0,0,,"Avenida",,"HUMBERTO 1°","Castellanos","Asfalto","S/D","V","S/D","Urbana","Ninguna","No existe","Intersección","Bueno","Buena","Diurna","Buen Tiempo","Lateral","S/D","Colisión","Ninguna","Horizontal","S/D","Sin restricción"
2017,8260,12/6/2017,"Miercoles",0,20:50:00,,"0.0",2,"Automóvil,Moto/Ciclomotor","Avenida Irigoyen Y Avenida Echague",3,1,1,0,1,0,0,"-29.874998, -61.944392","Avenida",,"CERES","San Cristóbal","Asfalto","No existe","XIII","Dentro","Urbana","S/D","No existe","Intersección","Bueno","Buena","Nocturna,Con luz artificial","Buen Tiempo","Múltiple","S/D","Colisión","Ninguna","S/D","Ninguna","Sin restricción"
2017,8261,12/16/2017,"Sabado",0,6:30:00,,"0.0",2,"Moto/Ciclomotor,Automóvil","Sara B de Samin Y Mendoza",2,1,0,0,1,0,0,,"S/D",,"HUMBERTO 1°","Castellanos","Asfalto","No existe","V","S/D","Urbana","Ninguna","No existe","Intersección","Bueno","Buena","Diurna","Buen Tiempo","Lateral","S/D","Colisión","Ninguna","Faltante","Ninguna","Sin restricción"
2017,8262,11/14/2017,"Martes",0,19:00:00,,"0.0",2,"Automóvil,Moto/Ciclomotor","Gabriel Maggi Y B Geuna",3,2,0,0,1,0,0,,"Calle",,"RAFAELA","Castellanos","Hormigón","Pavimento","V","S/D","Urbana","Ninguna","No existe","Intersección","Bueno","Buena","Atardecer","Buen Tiempo","Lateral","S/D","Colisión","Ninguna","Faltante","Cordón divisorio","Accidente Previo"
2017,8263,12/2/2017,"Sabado",0,5:35:00,,"0.0",1,"Automóvil","Oroño 900",2,1,0,0,1,0,0,"-30.320555555556,-61.239388888889","Calle",,"SAN CRISTÓBAL","San Cristóbal","Ripio","Natural","XIII","Fuera","Urbana","Ninguna","No existe","Recta","Bueno","Buena","Amanecer","Buen Tiempo","S/D","S/D","Vuelco","Ninguna","Faltante","Vegetación","Sin restricción"
2017,8264,10/14/2017,"Sabado",0,13:30:00,,"0.0",2,"Transporte de Pasajeros Urbano (> 8 asientos),Moto/Ciclomotor","Luis Maggi Y E Poggi",3,0,1,0,2,0,0,,"Calle",,"RAFAELA","Castellanos","Hormigón","Pavimento","V","Dentro","Urbana","Ninguna","No existe","Intersección","Bueno","Buena","Diurna","Buen Tiempo","Lateral","S/D","Colisión","Ninguna","S/D","Cordón divisorio","Accidente Previo"
2017,8265,12/3/2017,"Domingo",0,14:30:00,,"0.0",2,"Automóvil,Moto/Ciclomotor","Caseros Y Gral Paz",5,3,0,0,2,0,0,"-30.301666666667,-61.231388888889","Calle",,"SAN CRISTÓBAL","San Cristóbal","Asfalto","No existe","XIII","Dentro","Urbana","Ninguna","No existe","Intersección","Bueno","Buena","Diurna","Buen Tiempo","Lateral","S/D","Colisión","Ninguna","Vertical","Ninguna","Sin restricción"
2017,8266,12/25/2017,"Lunes",0,23:10:00,,"0.0",2,"Automóvil,Moto/Ciclomotor","Gabriel Maggi Y Joaquin V Gonzalez",4,2,0,0,2,0,0,,"Avenida",,"RAFAELA","Castellanos","Ripio","Natural","V","Dentro","Urbana","Ninguna","No existe","Intersección","Bueno","Buena","Con luz artificial","Buen Tiempo","S/D","S/D","Colisión","Ninguna","Faltante","Cordón divisorio","Sin restricción"
2017,8267,12/8/2017,"Viernes",0,13:30:00,,"0.0",2,"Moto/Ciclomotor,Moto/Ciclomotor","Doctor Tarcho 208",3,3,0,0,0,0,0,,"Calle",,"MOISÉS VILLE","San Cristóbal","Hormigón","No existe","XIII","Dentro","Urbana","Ninguna","No existe","Recta","Bueno","Buena","Diurna","Buen Tiempo","Lateral","S/D","Colisión","Ninguna","Faltante","Ninguna","Sin restricción"
2017,8268,12/22/2017,"Viernes",0,17:50:00,,"0.0",2,"Moto/Ciclomotor,Moto/Ciclomotor","Bv Jaime Ferre Y C Bolliger",2,2,0,0,0,0,0,,"S/D",,"RAFAELA","Castellanos","Asfalto","No existe","V","S/D","Urbana","Ninguna","No existe","Intersección","Bueno","Buena","Diurna","Buen Tiempo","S/D","S/D","Colisión","Ninguna","Faltante","Ninguna","Sin restricción"
2017,8269,12/20/2017,"Miercoles",0,15:00:00,,"0.0",2,"Moto/Ciclomotor,Moto/Ciclomotor","Camino Rural ",2,1,1,0,0,0,0,,"Camino Rural",,"COLONIA RAQUEL","Castellanos","Arena","No existe","V","Dentro","Rural","Ninguna","No existe","Intersección","Bueno","Buena","Diurna","Buen Tiempo","Lateral","S/D","Colisión","Ninguna","Faltante","Ninguna","Sin restricción"
2017,8270,12/21/2017,"Jueves",0,,,"0.0",1,"Moto/Ciclomotor","Pueyrredon 1766",3,3,0,0,0,0,0,"-30.303416666667,-61.230472222222","Calle",,"SAN CRISTÓBAL","San Cristóbal","Asfalto","No existe","XIII","Dentro","Urbana","Ninguna","No existe","Recta","Bueno","Buena","Diurna","Buen Tiempo","Atropello animal","S/D","Colisión","Ninguna","Vertical","Ninguna","Sin restricción"
2017,8271,12/29/2017,"Viernes",0,17:00:00,,"0.0",2,"Moto/Ciclomotor,Automóvil","Av Int Octavio Zabboli Y Concripto Elias Zurbriggen",2,1,0,0,1,0,0,,"Avenida",,"RAFAELA","Castellanos","Asfalto","No existe","V","S/D","Urbana","Ninguna","Funciona","Intersección","Bueno","Buena","Diurna","Buen Tiempo","Lateral","S/D","Colisión","Ninguna","Horizontal","Ninguna","Sin restricción"
2017,8272,12/8/2017,"Viernes",0,,,"0.0",1,"Moto/Ciclomotor","Urquiza 300",1,0,1,0,0,0,0,,"Calle",,"SAN GUILLERMO","San Cristóbal","Asfalto","Pavimento","XII","Dentro","Urbana","Ninguna","No existe","Recta","Bueno","Buena","Nocturna,Con luz artificial","Buen Tiempo","Contra objeto fijo","S/D","Caída ocupante,Colisión","Ninguna","Faltante","Ninguna","Sin restricción"
2017,8273,12/10/2017,"Domingo",0,23:50:00,,"0.0",3,"Moto/Ciclomotor,Automóvil,Automóvil","Sarmiento Y Eva Peron",8,1,0,0,7,0,0,,"Calle",,"GARIBALDI","Castellanos","Ripio","Natural","V","Dentro","Urbana","Ninguna","No existe","Recta","Bueno","Buena","Nocturna","Buen Tiempo","Múltiple","S/D","Colisión","Ninguna","Faltante","Ninguna","S/D"
2017,8274,12/8/2017,"Viernes",0,18:00:00,,"0.0",2,"Pickup/Utilitario,Peatón","Bv Rivadavia Y Piedras",5,0,1,0,4,0,0,"-30.301861111111,-61.243138888889","Avenida",,"SAN CRISTÓBAL","San Cristóbal","Hormigón","Natural","XIII","Fuera","Urbana","Ninguna","No existe","Intersección","Bueno","Buena","Diurna","Buen Tiempo","S/D","Peatón","Atropello","Ninguna","Faltante","Vegetación","Sin restricción"
2017,8275,12/10/2017,"Domingo",0,1:00:00,,"0.0",2,"Moto/Ciclomotor,Automóvil","Av. de los Trabaj. Ferroviario Y Saavedra",4,3,1,0,0,0,0,"-30.307916666667,-61.236305555556","Avenida",,"SAN CRISTÓBAL","San Cristóbal","Asfalto","Pavimento","XIII","Dentro","Urbana","Ninguna","No existe","Intersección","Bueno","Buena","Nocturna,Con luz artificial","Buen Tiempo","Lateral","S/D","Colisión","Ninguna","Vertical","Cordón divisorio","Sin restricción"
2017,8276,12/30/2017,"Sabado",0,21:00:00,"Ruta Provincial 2","0.0",1,"Moto/Ciclomotor"," ",1,0,1,0,0,0,0,,"Ruta",2,"TOSTADO","9 de Julio","Asfalto","Natural","XII","Fuera","Urbana","Ninguna","No existe","Recta","Bueno","Buena","Nocturna","Buen Tiempo","Otro","S/D","Despiste","Ninguna","Faltante","Ninguna","Sin restricción"
2017,8277,12/10/2017,"Domingo",0,21:55:00,,"0.0",2,"Moto/Ciclomotor,Pickup/Utilitario","Laprida 1550",2,1,0,0,0,0,1,"-30.303805555556,-61.24225","Calle",,"SAN CRISTÓBAL","San Cristóbal","Tierra","No existe","XVIII","Dentro","Urbana","Ninguna","No existe","Recta","Bueno","Buena","Nocturna","Buen Tiempo","S/D","S/D","Colisión","Ninguna","Faltante","Ninguna","Sin restricción"
2017,8278,12/17/2017,"Domingo",0,,,"0.0",2,"Moto/Ciclomotor,Moto/Ciclomotor","Los Andes Y Cabo A Coronel",2,2,0,0,0,0,0,,"Calle",,"TOSTADO","9 de Julio","Asfalto","No existe","XII","S/D","Urbana","Ninguna","S/D","Intersección","Bueno","Buena","Diurna","Buen Tiempo","Otro","S/D","Colisión","Ninguna","Faltante","Ninguna","Sin restricción"
2017,8279,12/7/2017,"Jueves",0,10:30:00,,"0.0",2,"Automóvil,Moto/Ciclomotor","5 de Noviembre Y Salta",2,0,1,0,1,0,0,,"Calle",,"TOSTADO","9 de Julio","Asfalto","No existe","XII","S/D","Urbana","Ninguna","No existe","Intersección","Bueno","Buena","Diurna","Buen Tiempo","Otro","S/D","Colisión","Ninguna","S/D","Ninguna","Sin restricción"
2017,8280,12/19/2017,"Martes",0,19:15:00,,"0.0",2,"Automóvil,Moto/Ciclomotor","Pringles Y Cochabamba",2,1,0,0,0,0,1,"-30.310416666667,-61.229416666667","Calle",,"SAN CRISTÓBAL","San Cristóbal","Asfalto","No existe","XIII","Dentro","Urbana","Ninguna","No existe","Intersección","Bueno","Buena","Diurna","Buen Tiempo","Lateral","S/D","Colisión","Ninguna","Faltante","S/D","Sin restricción"