"anio_acci","nro_acci","fecha","desc_dia","fecha_aprox","hora_aprox","desc_ruta","km","cant_participantes","desc_participante","calle_avenida_km","total","heridos_leves","heridos_graves","heridos_gravisimos","ilesos","fallecidos","sin_datos","posicion_XY","desc_tipo_via","desc_ruta_ori","desc_loc","desc_dpto","desc_tipo_calzada","desc_tipo_banquina","desc_unidad_regional","desc_lugar_calzada","desc_zona","desc_prioridad","desc_estado_semaforo","desc_lugar_via","desc_estado_via","desc_estado_visibilidad","desc_luminosidad","desc_estado_clima","desc_tipo_colision","desc_tipo_atropello","desc_tipo_hecho","desc_pres_calzada","desc_senializacion","desc_separacion_via","desc_restriccion"
2017,8281,10/20/2017,"Viernes",0,21:10:00,,"0.0",2,"Automóvil,Peatón","25 de mayo Y Jose De San Martin",2,0,0,1,1,0,0,,"Calle",,"SANTO TOMÉ","La Capital","Asfalto","No existe","I","Dentro","Urbana","Semáforo","Funciona","Intersección","Bueno","Buena","Nocturna,Con luz artificial","Buen Tiempo","S/D","Peatón","Atropello","Ninguna","Horizontal,Vertical","Ninguna","Sin restricción"
2017,8282,10/3/2017,"Martes",0,17:00:00,,"0.0",2,"Automóvil,Moto/Ciclomotor","Lisandro de La Torre Y Juan Jose Castelli",3,1,0,0,2,0,0,,"Calle",,"SANTO TOMÉ","La Capital","Asfalto","No existe","I","S/D","Urbana","Ninguna","No existe","Intersección","Bueno","Buena","Diurna","Buen Tiempo","Lateral","S/D","Colisión","Ninguna","S/D","Ninguna","Sin restricción"
2017,8283,10/21/2017,"Sabado",0,17:00:00,,"0.0",3,"Automóvil,Moto/Ciclomotor,Automóvil","Av 7 de marzo Y Azcuenaga",5,3,0,0,2,0,0,,"Calle",,"SANTO TOMÉ","La Capital","Ripio","No existe","I","Dentro","Urbana","Ninguna","No existe","Intersección","Ahuellamiento","Buena","Diurna","Buen Tiempo","Múltiple","S/D","Colisión","Ninguna","Faltante","Ninguna","Sin restricción"
2017,8284,10/23/2017,"Lunes",0,16:50:00,,"0.0",2,"Automóvil,Moto/Ciclomotor","12 de septiembre Y Salta",2,1,0,0,1,0,0,,"Calle",,"SANTO TOMÉ","La Capital","Asfalto","No existe","I","S/D","Urbana","Ninguna","No existe","Intersección","Bueno","Buena","Diurna","Buen Tiempo","Lateral","S/D","Colisión","Ninguna","S/D","Ninguna","Sin restricción"
2017,8285,10/1/2017,"Domingo",0,6:00:00,"Ruta Nacional 11","0.0",2,"Moto/Ciclomotor,Moto/Ciclomotor","Av 7 de marzo Y Centenario",2,2,0,0,0,0,0,,"Ruta",11,"SANTO TOMÉ","La Capital","Asfalto","No existe","I","Dentro","Urbana","Semáforo","Funciona","Intersección","Bueno","Buena","Amanecer,Con luz artificial","Buen Tiempo","Lateral","S/D","Colisión","Ninguna","Horizontal,Vertical","Ninguna","Sin restricción"
2017,8286,10/7/2017,"Sabado",0,10:00:00,,"0.0",2,"Bicicleta,Moto/Ciclomotor","Avenida General Bartolome Mitr Y Balcarce",2,1,0,0,1,0,0,,"Calle",,"SANTO TOMÉ","La Capital","Asfalto","No existe","I","S/D","Urbana","Ninguna","No existe","Intersección","Bueno","Buena","Diurna","Buen Tiempo","S/D","Ciclista","Atropello","Ninguna","Faltante","Ninguna","Sin restricción"
2017,8287,10/24/2017,"Martes",0,20:00:00,,"0.0",2,"Moto/Ciclomotor,Moto/Ciclomotor","Estanislao Zeballos Y Gdor Servando Bayo",2,1,0,0,1,0,0,,"Calle",,"SANTA FE","La Capital","Ripio","No existe","I","Dentro","Urbana","Ninguna","No existe","Intersección","Deteriorada","Buena","Nocturna","Lluvia","Lateral","S/D","Colisión","Agua","Faltante","Ninguna","Sin restricción"
2017,8288,10/16/2017,"Lunes",0,18:00:00,,"0.0",2,"Moto/Ciclomotor,Automóvil","Rca Oriental del Uruguay Y Buenos Aires",3,1,0,0,2,0,0,,"Calle",,"SANTO TOMÉ","La Capital","Asfalto","No existe","I","S/D","Urbana","Ninguna","No existe","Intersección","Bueno","Buena","Atardecer","Buen Tiempo","De alcance","S/D","Colisión","Ninguna","S/D","Ninguna","Sin restricción"
2017,8289,10/30/2017,"Lunes",0,9:00:00,"Ruta Nacional 11","0.0",2,"Automóvil,Moto/Ciclomotor","Av 7 de marzo Y Salta",2,0,1,0,1,0,0,,"Ruta",11,"SANTO TOMÉ","La Capital","Asfalto","No existe","I","Dentro","Urbana","Ninguna","No existe","Intersección","Bueno","Buena","Diurna","Buen Tiempo","Lateral","S/D","Colisión","Ninguna","Horizontal","Ninguna","Sin restricción"
2017,8290,10/19/2017,"Jueves",0,9:20:00,,"0.0",2,"Moto/Ciclomotor,Automóvil","Juan Jose Castelli Y Vicente Lopez y Planes",2,1,0,0,1,0,0,,"Calle",,"SANTO TOMÉ","La Capital","Asfalto","No existe","I","S/D","Urbana","Ninguna","No existe","Intersección","Bueno","Buena","Diurna","Buen Tiempo","De alcance","S/D","Colisión","Ninguna","Faltante","Ninguna","Sin restricción"
2017,8291,10/1/2017,"Domingo",0,23:00:00,"Ruta Nacional 19","5.0",1,"Automóvil"," ",3,1,1,0,1,0,0,,"Ruta",19,"SANTO TOMÉ","La Capital","Hormigón","Natural","I","Dentro","Rural","Ninguna","No existe","Recta","Bueno","Reducida","Nocturna","Buen Tiempo","Atropello animal","S/D","Colisión","Ninguna","Horizontal","Cordón divisorio","Sin restricción"
2017,8292,10/25/2017,"Miercoles",0,7:40:00,,"0.0",2,"Moto/Ciclomotor,Automóvil","J Macia Y Balcarce",2,0,1,0,1,0,0,,"Calle",,"SANTO TOMÉ","La Capital","Asfalto","No existe","I","S/D","Urbana","Ninguna","No existe","Intersección","Bueno","Buena","Amanecer","Buen Tiempo","De alcance","S/D","Colisión","Ninguna","Faltante","Ninguna","Sin restricción"
2017,8293,10/6/2017,"Viernes",0,9:35:00,,"0.0",2,"Moto/Ciclomotor,Automóvil","Presidente Roca Y Carlos Eduardo Carranza",2,1,0,0,1,0,0,,"Calle",,"SANTA FE","La Capital","Asfalto","Natural","I","Dentro","Urbana","Otra Señal","No existe","Recta","Deteriorada","Buena","Diurna","Buen Tiempo","Lateral","S/D","Colisión","Ninguna","Vertical","Línea divisoria pintada","Sin restricción"
2017,8294,10/4/2017,"Miercoles",0,19:00:00,,"0.0",2,"Automóvil,Moto/Ciclomotor","Grl Brig Estanislao Lopez Y General Manuel Belgrano",3,2,0,0,1,0,0,,"Avenida",,"SANTO TOMÉ","La Capital","Asfalto","No existe","I","Dentro","Urbana","Ninguna","No existe","Intersección","Bueno","Buena","Atardecer","Buen Tiempo","Frontal","S/D","Colisión","Ninguna","Horizontal","Línea divisoria pintada","Sin restricción"
2017,8295,10/25/2017,"Miercoles",0,21:50:00,,"0.0",2,"Moto/Ciclomotor,Automóvil","Mariano Moreno Y Balcarce",2,1,0,0,1,0,0,,"Calle",,"SANTO TOMÉ","La Capital","Asfalto","No existe","I","S/D","Urbana","Ninguna","No existe","Intersección","Bueno","Buena","Nocturna","Buen Tiempo","De alcance","S/D","Colisión","Ninguna","Faltante","Ninguna","Sin restricción"
2017,8296,9/24/2017,"Domingo",0,13:00:00,"Ruta Nacional 11","0.0",2,"Pickup/Utilitario,Moto/Ciclomotor","Ruta Nacional 1V011- Juan de Garay  Y Lehman",2,1,0,0,0,0,1,,"Ruta",11,"RECREO","La Capital","Asfalto","Natural","I","S/D","Urbana","Ninguna","No existe","Intersección","Bueno","Buena","Diurna","Buen Tiempo","Lateral","S/D","Colisión","Ninguna","Faltante","Ninguna","S/D"
2017,8297,10/6/2017,"Viernes",0,18:15:00,,"0.0",2,"Automóvil,Moto/Ciclomotor","Avenida General Bartolome Mitr 2441",2,1,0,0,1,0,0,,"Avenida",,"SANTO TOMÉ","La Capital","Asfalto","No existe","I","Dentro","Urbana","Ninguna","No existe","Recta","Bueno","Buena","Atardecer,Con luz artificial","Buen Tiempo","Lateral","S/D","Colisión","Ninguna","Faltante","Cordón divisorio,Vegetación","Sin restricción"
2017,8298,10/12/2017,"Jueves",0,7:50:00,"Ruta Nacional 11","0.0",1,"Moto/Ciclomotor","Ruta Nacional 1V11- Juan de Garay ",1,1,0,0,0,0,0,,"Ruta",11,"RECREO","La Capital","Asfalto","Ripio","I","S/D","Urbana","Marca Vial","No existe","Recta","Bueno","Buena","Diurna","Buen Tiempo","Otro","S/D","Despiste","Ninguna","Vertical","Línea divisoria pintada","Sin restricción"
2017,8299,10/9/2017,"Lunes",0,15:00:00,,"0.0",2,"Automóvil,Moto/Ciclomotor","Balcarce Y Mariano Candioti",2,1,0,0,1,0,0,,"Calle",,"SANTO TOMÉ","La Capital","Asfalto","No existe","I","Dentro","Urbana","Otra Señal","No existe","Intersección","Bueno","Buena","Diurna","Buen Tiempo","De alcance","S/D","Colisión","Ninguna","Vertical","Ninguna","Sin restricción"
2017,8300,10/5/2017,"Jueves",0,13:00:00,,"0.0",2,"Automóvil,Moto/Ciclomotor","Florencio Fernandez Y Chiclana",3,2,0,0,1,0,0,,"Calle",,"SANTA FE","La Capital","Asfalto","No existe","I","Dentro","Urbana","Ninguna","No existe","Intersección","Con baches","Buena","Diurna","Buen Tiempo","Lateral","S/D","Colisión","Otro","Faltante","Ninguna","Sin restricción"
2017,8301,10/11/2017,"Miercoles",0,,,"0.0",2,"Moto/Ciclomotor,Automóvil","España Y San Martin",2,1,0,0,1,0,0,,"Calle",,"RECREO","La Capital","Tierra","No existe","I","Dentro","Rural","Ninguna","No existe","Intersección","Otro","Reducida polvo","S/D","Buen Tiempo","Otro","S/D","Colisión","Ninguna","Faltante","Ninguna","Sin restricción"
2017,8302,10/27/2017,"Viernes",0,23:00:00,,"0.0",2,"Moto/Ciclomotor,Automóvil","J Macia Y Balcarce",5,1,0,0,4,0,0,,"Calle",,"SANTO TOMÉ","La Capital","Asfalto","No existe","I","Dentro","Urbana","Ninguna","No existe","Intersección","Bueno","Buena","Nocturna,Con luz artificial","Buen Tiempo","De alcance","S/D","Colisión","Ninguna","Faltante","Ninguna","Sin restricción"
2017,8303,10/8/2017,"Domingo",0,7:50:00,"Ruta Nacional 11","0.0",2,"Automóvil,Moto/Ciclomotor","Ruta Nacional 1V011- Juan de Garay  Y Lehman",3,2,0,0,0,0,1,,"Ruta",11,"RECREO","La Capital","Asfalto","Ripio","I","Dentro","Urbana","Policía de tránsito","No existe","Intersección","Bueno","Buena","Diurna","Buen Tiempo","Otro","S/D","Colisión","Ninguna","Faltante","Línea divisoria pintada","Sin restricción"
2017,8304,10/23/2017,"Lunes",0,15:20:00,,"0.0",2,"Moto/Ciclomotor,Moto/Ciclomotor","Mariano Candioti Y Balcarce",3,2,0,0,1,0,0,,"Avenida",,"SANTO TOMÉ","La Capital","Asfalto","No existe","I","S/D","Urbana","Otra Señal","No existe","Intersección","Bueno","Buena","Diurna","Buen Tiempo","Lateral","S/D","Colisión","S/D","Faltante","Ninguna","S/D"
2017,8305,10/16/2017,"Lunes",0,,"Ruta Nacional 11","0.0",2,"Automóvil,Otros","Ruta Nacional 1V11- Juan de Garay Y 25 de Mayo",3,1,0,0,1,0,1,,"Ruta",11,"RECREO","La Capital","Asfalto","Ripio","I","Dentro","Urbana","Ninguna","No existe","Curva","Bueno","Buena","Diurna","Buen Tiempo","Otro","S/D","Colisión","Ninguna","Faltante","Línea divisoria pintada","Sin restricción"
2017,8306,10/23/2017,"Lunes",0,21:30:00,"Ruta Provincial 70","0.0",2,"Moto/Ciclomotor,Automóvil","Av Circunvalación ",2,1,0,0,0,0,1,,"Ruta",70,"SANTA FE","La Capital","Asfalto","Natural","I","S/D","Rural","Ninguna","No existe","Cruce","Bueno","Buena","Nocturna,Con luz artificial","Buen Tiempo","Otro","S/D","Colisión","Ninguna","S/D","Guardarrail","Sin restricción"
2017,8307,10/17/2017,"Martes",0,17:30:00,"Ruta Nacional 11","0.0",2,"Moto/Ciclomotor,Automóvil","Avenida Nuestra Señora del Luj Y Juan Antonio Alvarez de Arenal",3,1,0,0,1,0,1,,"Ruta",11,"SANTO TOMÉ","La Capital","Asfalto","No existe","I","S/D","Urbana","Semáforo","Funciona","Intersección","Bueno","S/D","Diurna","Buen Tiempo","Otro","S/D","Colisión","Ninguna","Horizontal,Vertical","Línea divisoria pintada","Sin restricción"
2017,8308,10/23/2017,"Lunes",0,7:00:00,"Ruta Provincial 6","87.0",1,"Automóvil"," ",1,1,0,0,0,0,0,,"Ruta",6,"MANUCHO","La Capital","Asfalto","S/D","I","S/D","Rural","Marca Vial","No existe","Recta","Bueno","Buena","Diurna","Buen Tiempo","S/D","S/D","Despiste","Ninguna","S/D","S/D","Sin restricción"
2017,8309,10/1/2017,"Domingo",1,,,"0.0",2,"Bicicleta,Moto/Ciclomotor","Pje. Azopardo ",2,1,0,0,1,0,0,,"Calle",,"ROSARIO","Rosario","Hormigón","Pavimento","I","Dentro","Urbana","Ninguna","No existe","Recta","Bueno","Buena","Nocturna","Buen Tiempo","S/D","Ciclista","Atropello","Ninguna","Faltante","Cordón divisorio","Sin restricción"
2017,8310,10/4/2017,"Miercoles",0,12:55:00,,"0.0",2,"Automóvil,Moto/Ciclomotor","L.N.Alem Y Virasoro",2,1,0,0,1,0,0,,"Calle",,"ROSARIO","Rosario","Asfalto","No existe","II","S/D","Urbana","Ninguna","No existe","Intersección","Bueno","Buena","Diurna","Buen Tiempo","Lateral","S/D","Colisión","Ninguna","Faltante","Ninguna","Sin restricción"
2017,8311,10/15/2017,"Domingo",0,12:20:00,,"0.0",2,"Automóvil,Automóvil","San Martin Y Belgrano",4,1,0,0,3,0,0,,"Calle",,"NELSON","La Capital","Asfalto","No existe","I","Dentro","Urbana","Ninguna","No existe","Intersección","Bueno","Buena","Diurna,Con luz artificial","Buen Tiempo","Frontal,Lateral","S/D","Colisión","Ninguna","Vertical","Cordón divisorio","Sin restricción"
2017,8312,10/17/2017,"Martes",0,17:00:00,,"0.0",2,"Automóvil,Moto/Ciclomotor","Necochea Y Bv. Segui",2,1,0,0,1,0,0,,"Calle",,"ROSARIO","Rosario","Asfalto","No existe","II","S/D","Urbana","Ninguna","No existe","Recta","Con baches","Buena","Diurna","Buen Tiempo","Lateral","S/D","Colisión","Ninguna","Faltante","Ninguna","Sin restricción"
2017,8313,10/3/2017,"Martes",0,16:20:00,,"0.0",2,"Automóvil,Moto/Ciclomotor","L.N.Alem Y Rueda",3,1,0,0,2,0,0,,"Calle",,"ROSARIO","Rosario","Asfalto","No existe","II","S/D","Urbana","Paso Peatonal","No existe","Intersección","Bueno","Buena","Diurna","Buen Tiempo","Lateral","S/D","Colisión","Ninguna","Horizontal","Línea divisoria pintada","Sin restricción"
2017,8314,10/14/2017,"Sabado",0,17:50:00,,"0.0",2,"Automóvil,Moto/Ciclomotor","Cafferata Y Beruti",2,1,0,0,1,0,0,,"Calle",,"SANTA FE","La Capital","Asfalto","No existe","I","Dentro","Urbana","Ninguna","No existe","Intersección","Bueno","Buena","Diurna","Buen Tiempo","Lateral","S/D","Colisión","Ninguna","Faltante","Ninguna","Sin restricción"
2017,8315,10/5/2017,"Jueves",0,19:50:00,"Ruta Nacional 11","0.0",2,"Moto/Ciclomotor,Peatón","Av Santa Fe Y Sarmiento",2,1,0,0,1,0,0,,"Ruta",11,"NELSON","La Capital","Asfalto","Ripio","I","S/D","Urbana","Ninguna","No existe","Recta","Bueno","Reducida","Nocturna,Con luz artificial","Buen Tiempo","S/D","Peatón","Atropello","Ninguna","S/D","Ninguna","Sin restricción"
2017,8316,10/1/2017,"Domingo",0,18:20:00,,"0.0",2,"Vehículo Oficial,Moto/Ciclomotor","Garay Y Ayacucho",3,1,0,0,2,0,0,,"Calle",,"ROSARIO","Rosario","Asfalto","No existe","II","S/D","Urbana","Ninguna","No existe","Intersección","Bueno","Buena","Diurna","Buen Tiempo","S/D","S/D","Colisión","Ninguna","Faltante","Ninguna","Sin restricción"
2017,8317,10/19/2017,"Jueves",0,22:30:00,"Ruta Provincial 4","0.0",3,"Moto/Ciclomotor,Automóvil,Automóvil"," ",4,1,0,0,3,0,0,,"Ruta",4,"NELSON","La Capital","Asfalto","Natural","I","Dentro","Rural","Ninguna","No existe","Recta","Bueno","Reducida","Nocturna","Buen Tiempo","Múltiple","S/D","Colisión","Ninguna","Horizontal","Línea divisoria pintada","Sin restricción"
2017,8318,10/7/2017,"Sabado",0,17:00:00,,"0.0",2,"Taxi/Remis,Automóvil","Chacabuco Y Dean Funes",3,1,0,0,2,0,0,,"Calle",,"ROSARIO","Rosario","Asfalto","No existe","II","S/D","Urbana","Ninguna","No existe","Intersección","Bueno","S/D","Diurna","Buen Tiempo","S/D","S/D","Colisión","Ninguna","Faltante","Ninguna","Sin restricción"
2017,8319,10/7/2017,"Sabado",0,9:40:00,"Ruta Nacional 11","509.0",2,"Automóvil,Moto/Ciclomotor"," ",2,1,0,0,1,0,0,,"Ruta",11,"NELSON","La Capital","Asfalto","Ripio","I","Dentro","Urbana","Ninguna","No existe","Recta","Bueno","Buena","Diurna","Buen Tiempo","Otro","S/D","Colisión","Ninguna","Horizontal","Línea divisoria pintada","Sin restricción"
2017,8320,10/14/2017,"Sabado",0,12:20:00,,"0.0",2,"Moto/Ciclomotor,Pickup/Utilitario","Gorriti Y Estrada",3,3,0,0,0,0,0,,"Calle",,"SANTA FE","La Capital","Hormigón","No existe","I","Dentro","Urbana","Ninguna","No existe","Recta","Bueno","Buena","Diurna","Buen Tiempo","Lateral","S/D","Colisión","Ninguna","Faltante","Vegetación","Sin restricción"
2017,8321,10/20/2017,"Viernes",0,8:50:00,,"0.0",2,"Pickup/Utilitario,Taxi/Remis","Albert Sabin Y Av. Alberdi Bis",2,1,0,0,0,0,1,,"Avenida",,"ROSARIO","Rosario","Asfalto","No existe","II","Dentro","Urbana","Semáforo","Funciona","Recta","Bueno","Buena","Diurna","S/D","De alcance","S/D","Colisión","Ninguna","Horizontal,Vertical","Cordón divisorio,Línea divisoria pintada","Sin restricción"
2017,8322,10/6/2017,"Viernes",0,7:45:00,"Ruta Nacional 11","0.0",2,"Moto/Ciclomotor,Automóvil","Ruta Nacional 1V11- Juan de Garay Y Pje Echeverria",2,0,1,0,1,0,0,,"Ruta",11,"RECREO","La Capital","Asfalto","S/D","I","Dentro","Urbana","Ninguna","S/D","Intersección","Bueno","S/D","Diurna","Buen Tiempo","Lateral","S/D","Colisión","Ninguna","Horizontal","Línea divisoria pintada","Sin restricción"
2017,8323,10/10/2017,"Martes",0,10:40:00,"Ruta Nacional 11","0.0",2,"Automóvil,Moto/Ciclomotor","Ruta Nacional 1V11- Juan de Garay ",2,1,0,0,1,0,0,,"Ruta",11,"RECREO","La Capital","Asfalto","Natural","I","Dentro","Urbana","Ninguna","No existe","Recta","Bueno","Buena","Diurna","Buen Tiempo","Lateral","S/D","Colisión","Ninguna","Horizontal","Línea divisoria pintada","Sin restricción"
2017,8324,8/11/2017,"Viernes",0,18:40:00,,"0.0",2,"Moto/Ciclomotor,Automóvil","Av. Alberdi Bis Y Junin",4,1,0,0,2,0,1,,"Calle",,"ROSARIO","Rosario","Asfalto","No existe","II","Dentro","Urbana","Semáforo","Funciona","Intersección","Bueno","Buena","Diurna","Buen Tiempo","Lateral","S/D","Colisión","Ninguna","Horizontal,Vertical","Vegetación","Sin restricción"
2017,8325,10/26/2017,"Jueves",0,17:30:00,"Ruta Provincial 5","2.0",2,"Pickup/Utilitario,Moto/Ciclomotor"," ",2,1,0,0,1,0,0,,"Ruta",5,"RECREO","La Capital","Asfalto","Natural","I","S/D","Urbana","Ninguna","No existe","Recta","Bueno","Buena","Diurna","Buen Tiempo","Lateral","S/D","Colisión","Ninguna","Horizontal","Línea divisoria pintada","Sin restricción"
2017,8326,10/14/2017,"Sabado",0,8:20:00,,"0.0",2,"Automóvil,Moto/Ciclomotor","Bv. Avellaneda Y Av. Alberdi Bis",2,1,0,0,1,0,0,,"Avenida",,"ROSARIO","Rosario","Asfalto","No existe","II","Dentro","Urbana","Semáforo","Funciona","Recta","Bueno","Buena","Diurna","Buen Tiempo","Lateral","S/D","Colisión","Ninguna","Horizontal,Vertical","Ninguna","Sin restricción"
2017,8327,10/28/2017,"Sabado",0,17:30:00,"Ruta Nacional 11","0.0",2,"Automóvil,Moto/Ciclomotor","Ruta Nacional 1V11- Juan de Garay ",2,1,0,0,1,0,0,,"Ruta",11,"RECREO","La Capital","Asfalto","S/D","I","Dentro","Urbana","Ninguna","S/D","Intersección","Bueno","S/D","Diurna","Buen Tiempo","Lateral","S/D","Colisión","Ninguna","Horizontal","Línea divisoria pintada","Sin restricción"
2017,8328,12/16/2017,"Sabado",0,1:00:00,,"0.0",2,"Automóvil,Moto/Ciclomotor","12 de Octubre Y Sarmiento",3,2,0,0,1,0,0,,"Calle",,"TOSTADO","9 de Julio","Asfalto","No existe","XII","Dentro","Urbana","Ninguna","No existe","Intersección","Bueno","Buena","Nocturna,Con luz artificial","Buen Tiempo","Lateral","S/D","S/D","Ninguna","Faltante","Ninguna","Sin restricción"
2017,8329,12/1/2017,"Viernes",0,14:00:00,,"0.0",2,"Automóvil,Moto/Ciclomotor","La Rioja Y 9 de Julio",2,1,0,0,0,0,1,"-32.736472222222,-60.745638888889","Calle",,"SAN LORENZO","San Lorenzo","S/D","S/D","XVII","S/D","Urbana","Ninguna","S/D","Intersección","Otro","S/D","S/D","Otro","S/D","S/D","Colisión","Ninguna","Vertical","Ninguna","S/D"
2017,8330,12/25/2017,"Lunes",0,1:00:00,"Ruta Provincial 23","0.0",1,"Moto/Ciclomotor","Ruta Prov Nro 23 ",1,0,1,0,0,0,0,"-30.539090139001, -61.952973782486","Ruta",23,"SUARDI","San Cristóbal","Asfalto","Natural","XIII","Dentro","Rural","Ninguna","No existe","Recta","Bueno","Reducida","Nocturna","Buen Tiempo","Contra objeto fijo","S/D","Colisión","Ninguna","Faltante","Ninguna","Sin restricción"
2017,8331,12/1/2017,"Viernes",0,18:30:00,,"0.0",2,"Moto/Ciclomotor,Bicicleta","BOLIVIA Y OROÑO",2,1,0,0,0,0,1,,"Avenida",,"SAN LORENZO","San Lorenzo","S/D","S/D","XVII","S/D","Urbana","S/D","S/D","Intersección","Otro","S/D","S/D","Otro","S/D","Ciclista","Atropello","Otro","Vertical","Ninguna","S/D"
2017,8332,12/24/2017,"Domingo",0,18:30:00,"Ruta Provincial 2","0.0",2,"Automóvil,Pickup/Utilitario","Ruta 2 Y Ruta Provincial 39",3,2,0,0,1,0,0,"-30.295861111111,-61.222722222222","Ruta",2,"SAN CRISTÓBAL","San Cristóbal","Hormigón","Natural","XIII","Dentro","Urbana","Ninguna","No existe","Cruce","Bueno","Buena","Diurna","Buen Tiempo","Lateral","S/D","Colisión","Ninguna","Faltante","Ninguna","Sin restricción"
2017,8333,12/1/2017,"Viernes",0,20:30:00,,"0.0",1,"Moto/Ciclomotor","Ayohuma 362",2,1,0,0,0,0,1,,"Calle",,"SAN LORENZO","San Lorenzo","S/D","S/D","XVII","S/D","S/D","Ninguna","S/D","Otro","Otro","S/D","S/D","Otro","Atropello animal","S/D","Atropello","Ninguna","Vertical","Ninguna","S/D"
2017,8334,12/3/2017,"Domingo",0,3:00:00,"Ruta Nacional 11","0.0",1,"Moto/Ciclomotor","Av San Martin Y Dr Ghio",2,2,0,0,0,0,0,,"Ruta",11,"SAN LORENZO","San Lorenzo","S/D","S/D","XVII","S/D","Urbana","Ninguna","S/D","Intersección","Otro","S/D","S/D","Otro","Otro","S/D","Otro","Ninguna","Vertical","Ninguna","S/D"
2017,8335,12/29/2017,"Viernes",0,20:12:00,,"0.0",2,"Automóvil,Moto/Ciclomotor","AV ITALIA Y ANA MARIA JANER",3,0,1,0,2,0,0,,"Avenida",,"CERES","San Cristóbal","Asfalto","No existe","XIII","Dentro","Urbana","Ninguna","No existe","Intersección","Bueno","Buena","Atardecer","Buen Tiempo","Múltiple","S/D","Colisión","Ninguna","Vertical","Cordón divisorio","Sin restricción"
2017,8336,12/4/2017,"Lunes",0,14:30:00,,"0.0",1,"Moto/Ciclomotor","S Gaboto Y Ing White",1,1,0,0,0,0,0,,"Calle",,"SAN LORENZO","San Lorenzo","S/D","S/D","XVII","S/D","Urbana","Ninguna","S/D","Intersección","Otro","S/D","S/D","Otro","Atropello animal","S/D","Caída ocupante","Otro","Vertical","Ninguna","S/D"
2017,8337,12/4/2017,"Lunes",0,18:50:00,"Ruta Nacional 11","0.0",2,"Peatón,Moto/Ciclomotor","Av San Martin Y Richieri",3,1,0,0,1,0,1,,"Ruta",11,"SAN LORENZO","San Lorenzo","S/D","S/D","XVII","S/D","Urbana","S/D","S/D","Intersección","Otro","S/D","S/D","Otro","S/D","Peatón","Atropello","Ninguna","Faltante","Ninguna","S/D"
2017,8338,12/13/2017,"Miercoles",0,,,"0.0",2,"Automóvil,Automóvil","AV ITALIA Y ANA MARIA JANER",3,2,0,0,1,0,0,,"Avenida",,"CERES","San Cristóbal","Hormigón","No existe","XIII","Dentro","Urbana","Ninguna","No existe","Intersección","Bueno","Buena","Nocturna,Con luz artificial","Buen Tiempo","Frontal","S/D","Colisión","Ninguna","Faltante","Cordón divisorio","Sin restricción"
2017,8339,12/6/2017,"Miercoles",0,19:55:00,,"0.0",2,"Bicicleta,Automóvil","Catamarca Y San Juan",3,1,0,0,2,0,0,,"Avenida",,"SAN LORENZO","San Lorenzo","S/D","S/D","XVII","S/D","Urbana","Ninguna","S/D","Intersección","Otro","S/D","S/D","Otro","S/D","Ciclista","Atropello","Ninguna","Vertical","Ninguna","S/D"
2017,8340,12/26/2017,"Martes",0,6:58:00,,"0.0",2,"Pickup/Utilitario,Moto/Ciclomotor","Almirante Brown Y Hernandarias",2,0,1,0,1,0,0,,"Calle",,"CERES","San Cristóbal","Asfalto","No existe","XIII","S/D","Urbana","Ninguna","No existe","Intersección","Bueno","Buena","Amanecer","Otro","Lateral","S/D","Colisión","Ninguna","Faltante","Ninguna","Sin restricción"
2017,8341,12/9/2017,"Sabado",0,0:25:00,,"0.0",2,"Automóvil,Automóvil","Juan M De Rosas Y 3 de Febrero",3,1,0,0,2,0,0,,"S/D",,"SAN LORENZO","San Lorenzo","S/D","S/D","XVII","S/D","Urbana","S/D","S/D","Intersección","Otro","S/D","S/D","Otro","Otro","S/D","Colisión","Ninguna","Vertical","S/D","S/D"
2017,8342,12/7/2017,"Jueves",0,13:10:00,,"0.0",2,"Pickup/Utilitario,Moto/Ciclomotor","Tte. roca Y Urquiza",3,2,0,0,0,0,1,"-32.747583333333,-60.739472222222","S/D",,"SAN LORENZO","San Lorenzo","S/D","S/D","XVII","S/D","S/D","S/D","S/D","Otro","Otro","S/D","S/D","Otro","S/D","S/D","Colisión","Otro","Vertical","Ninguna","S/D"
2017,8343,12/10/2017,"Domingo",0,2:00:00,"Ruta Nacional 11","0.0",2,"Moto/Ciclomotor,Moto/Ciclomotor","Av San Martin 400",4,2,0,0,2,0,0,"-32.757611111111,-60.733972222222","Ruta",11,"SAN LORENZO","San Lorenzo","S/D","S/D","XVII","S/D","Urbana","Ninguna","S/D","Otro","Otro","S/D","S/D","Otro","Otro","S/D","Colisión","Ninguna","Vertical","Ninguna","S/D"