"anio_acci","nro_acci","fecha","desc_dia","fecha_aprox","hora_aprox","desc_ruta","km","cant_participantes","desc_participante","calle_avenida_km","total","heridos_leves","heridos_graves","heridos_gravisimos","ilesos","fallecidos","sin_datos","posicion_XY","desc_tipo_via","desc_ruta_ori","desc_loc","desc_dpto","desc_tipo_calzada","desc_tipo_banquina","desc_unidad_regional","desc_lugar_calzada","desc_zona","desc_prioridad","desc_estado_semaforo","desc_lugar_via","desc_estado_via","desc_estado_visibilidad","desc_luminosidad","desc_estado_clima","desc_tipo_colision","desc_tipo_atropello","desc_tipo_hecho","desc_pres_calzada","desc_senializacion","desc_separacion_via","desc_restriccion"
2017,8472,11/4/2017,"Sabado",0,10:20:00,,"0.0",2,"Moto/Ciclomotor,Taxi/Remis","J Castelli Y Av Urquiza",2,1,0,0,1,0,0,,"Calle",,"SANTA FE","La Capital","Asfalto","No existe","I","Dentro","Urbana","S/D","No existe","Intersección","S/D","S/D","Diurna","S/D","S/D","S/D","Colisión","S/D","Vertical","Ninguna","S/D"
2017,8473,10/22/2017,"Domingo",0,22:00:00,"Ruta Nacional 34","8.5",2,"Camión c / Acoplado,Automóvil"," ",2,0,0,0,1,1,0,"-32.846975, -60.796563","Ruta",34,"IBARLUCEA","Rosario","Asfalto","Natural","II","Dentro","Urbana","Ninguna","No existe","Curva","Bueno","Reducida","Nocturna","Buen Tiempo","Frontal","S/D","Colisión","Ninguna","Horizontal","Ninguna","Sin restricción"
2017,8474,11/5/2017,"Domingo",0,1:40:00,,"0.0",2,"Moto/Ciclomotor,Automóvil","Pedro Alejandro Vittori Y Quintana",2,1,0,0,1,0,0,,"Calle",,"SANTA FE","La Capital","Asfalto","No existe","I","Dentro","Urbana","S/D","No existe","Intersección","S/D","S/D","Nocturna","S/D","S/D","S/D","Colisión","S/D","Vertical","Ninguna","Sin restricción"
2017,8475,11/17/2017,"Viernes",0,13:30:00,,"0.0",2,"Pickup/Utilitario,Moto/Ciclomotor","4 de Enero Y Domingo Silva",2,1,0,0,1,0,0,,"Avenida",,"SANTA FE","La Capital","Asfalto","No existe","I","Dentro","Urbana","Ninguna","No existe","Intersección","Con baches","Buena","Diurna","Buen Tiempo","De alcance","S/D","Colisión","Material Suelto","Faltante","Ninguna","Sin restricción"
2017,8476,11/6/2017,"Lunes",0,13:30:00,,"0.0",2,"Moto/Ciclomotor,Automóvil","San Martin Y Lavaisse",2,1,0,0,1,0,0,,"Calle",,"SANTA FE","La Capital","Asfalto","No existe","I","Dentro","Urbana","S/D","No existe","Intersección","S/D","S/D","Diurna","S/D","S/D","S/D","Colisión","S/D","Vertical","Ninguna","S/D"
2017,8477,11/18/2017,"Sabado",0,23:30:00,,"0.0",2,"Automóvil,Moto/Ciclomotor","Padre Catena 4000",2,1,0,0,1,0,0,,"Calle",,"SANTA FE","La Capital","Asfalto","No existe","I","S/D","Urbana","Ninguna","No existe","Recta","Con baches","Buena","Nocturna","Buen Tiempo","De alcance","S/D","Colisión","Material Suelto","Faltante","Ninguna","Sin restricción"
2017,8478,11/1/2017,"Miercoles",0,13:45:00,,"0.0",2,"Automóvil,Moto/Ciclomotor","Monseñor Zaspe Y Roque Saenz Peña",3,2,0,0,1,0,0,,"Calle",,"SANTA FE","La Capital","Asfalto","No existe","I","Dentro","Urbana","Ninguna","No existe","Intersección","Deteriorada","Buena","Diurna","Buen Tiempo","Lateral","S/D","Colisión","Ninguna","Faltante","Ninguna","Sin restricción"
2017,8479,11/6/2017,"Lunes",0,17:30:00,,"0.0",1,"Automóvil","Av A del Valle Y Vieytes",4,3,0,0,1,0,0,,"Avenida",,"SANTA FE","La Capital","Asfalto","No existe","I","Dentro","Urbana","S/D","S/D","Recta","S/D","S/D","Diurna","S/D","Contra objeto fijo","S/D","Colisión","S/D","S/D","Cordón divisorio,Vegetación","S/D"
2017,8480,11/9/2017,"Jueves",0,20:35:00,,"0.0",3,"Peatón,Peatón,Transporte de Pasajeros Urbano (> 8 asientos)","Av A del Valle Y Diagonal Martinez",3,2,0,0,1,0,0,,"S/D",,"SANTA FE","La Capital","Asfalto","Pavimento","I","Dentro","Urbana","Semáforo","Funciona","Recta","S/D","S/D","Atardecer","S/D","S/D","Peatón","Atropello","S/D","Horizontal,Vertical","Línea divisoria pintada","S/D"
2017,8481,11/11/2017,"Sabado",0,17:00:00,,"0.0",2,"Automóvil,Bicicleta","Pedro Alejandro Vittori Y Quintana",3,3,0,0,0,0,0,,"Calle",,"SANTA FE","La Capital","Asfalto","No existe","I","Dentro","Urbana","S/D","No existe","Intersección","S/D","S/D","Diurna","S/D","S/D","Ciclista","Atropello","S/D","Vertical","S/D","S/D"
2017,8482,10/25/2017,"Miercoles",0,23:20:00,,"0.0",4,"Peatón,Peatón,Peatón,Automóvil","Pje Chubut Y Av Blas Parera",4,1,1,0,1,1,0,"-31.571574, -60.729398","Avenida",,"SANTA FE","La Capital","Asfalto","Natural","I","Dentro","Urbana","Ninguna","No existe","Intersección","Bueno","Buena","Nocturna","Buen Tiempo","S/D","Peatón","Atropello","Ninguna","Horizontal","Línea divisoria pintada","Sin restricción"
2017,8483,11/11/2017,"Sabado",0,17:20:00,,"0.0",2,"Moto/Ciclomotor,Automóvil","9 de Julio Y J Castelli",2,1,0,0,1,0,0,,"Calle",,"SANTA FE","La Capital","S/D","No existe","I","Dentro","Urbana","S/D","S/D","S/D","S/D","S/D","Diurna","S/D","S/D","S/D","Colisión","S/D","S/D","S/D","S/D"
2017,8484,11/13/2017,"Lunes",0,22:30:00,,"0.0",2,"Moto/Ciclomotor,Automóvil","Pedro Alejandro Vittori Y Quintana",2,1,0,0,1,0,0,,"Calle",,"SANTA FE","La Capital","Asfalto","No existe","I","S/D","Urbana","S/D","No existe","Intersección","S/D","S/D","Nocturna,Con luz artificial","S/D","S/D","S/D","Colisión","S/D","Vertical","S/D","S/D"
2017,8485,11/14/2017,"Martes",0,11:40:00,,"0.0",2,"Moto/Ciclomotor,Automóvil","1ro de Mayo Y J Castelli",2,1,0,0,1,0,0,,"Calle",,"SANTA FE","La Capital","Asfalto","No existe","I","Dentro","Urbana","S/D","No existe","Intersección","S/D","S/D","Diurna","S/D","S/D","S/D","Colisión","S/D","Vertical","S/D","Sin restricción"
2017,8486,11/14/2017,"Martes",0,17:20:00,,"0.0",2,"Moto/Ciclomotor,Automóvil","9 de Julio Y Angel Cassanello",2,1,0,0,1,0,0,,"Calle",,"SANTA FE","La Capital","Asfalto","No existe","I","Dentro","Urbana","S/D","No existe","Intersección","S/D","S/D","Diurna","S/D","S/D","S/D","Colisión","S/D","Vertical","S/D","S/D"
2017,8487,11/18/2017,"Sabado",0,1:45:00,,"0.0",2,"Moto/Ciclomotor,Automóvil","Pedro Alejandro Vittori Y Cordoba",2,1,0,0,1,0,0,,"Calle",,"SANTA FE","La Capital","Asfalto","No existe","I","Dentro","Urbana","S/D","No existe","Intersección","S/D","S/D","Nocturna,Con luz artificial","S/D","S/D","S/D","Colisión","S/D","Vertical","Ninguna","S/D"
2017,8488,11/18/2017,"Sabado",0,9:40:00,,"0.0",2,"Automóvil,Pickup/Utilitario","San Martin Y Juan Del Campillo",2,1,0,0,1,0,0,,"Calle",,"SANTA FE","La Capital","Asfalto","No existe","I","Dentro","Urbana","S/D","No existe","Intersección","S/D","S/D","Diurna","S/D","S/D","S/D","Colisión","S/D","Vertical","Ninguna","S/D"
2017,8489,11/21/2017,"Martes",0,10:30:00,,"0.0",2,"Bicicleta,Pickup/Utilitario","Av A del Valle Y Padilla",2,1,0,0,1,0,0,,"Avenida",,"SANTA FE","La Capital","Asfalto","No existe","I","Dentro","Urbana","S/D","No existe","Intersección","S/D","S/D","Diurna","S/D","S/D","Ciclista","Atropello","S/D","Vertical","Cordón divisorio,Vegetación","S/D"
2017,8490,11/21/2017,"Martes",0,18:10:00,,"0.0",2,"Moto/Ciclomotor,Pickup/Utilitario","Av A del Valle Y Alberti",2,1,0,0,1,0,0,,"Avenida",,"SANTA FE","La Capital","Asfalto","No existe","I","Dentro","Urbana","S/D","No existe","Intersección","S/D","S/D","Diurna","S/D","S/D","S/D","Colisión","S/D","S/D","Cordón divisorio,Vegetación","S/D"
2017,8491,10/24/2017,"Martes",0,20:00:00,,"0.0",2,"Moto/Ciclomotor,Pickup/Utilitario","Rivadavia Y Bvard Lopez",3,0,1,0,1,1,0,"-29.886593, -61.947987","Avenida",,"CERES","San Cristóbal","Asfalto","No existe","XIII","Dentro","Urbana","Ninguna","No existe","Intersección","Bueno","Buena","Atardecer","Buen Tiempo","Lateral","S/D","Colisión","Ninguna","Faltante","Cordón divisorio,Vegetación","Sin restricción"
2017,8492,11/23/2017,"Jueves",0,13:30:00,,"0.0",2,"Automóvil,Moto/Ciclomotor","Av A del Valle Y Martin Zapata",2,1,0,0,1,0,0,,"Avenida",,"SANTA FE","La Capital","Asfalto","No existe","I","S/D","Urbana","S/D","No existe","Intersección","S/D","S/D","S/D","S/D","S/D","S/D","Colisión","S/D","Vertical","Cordón divisorio,Vegetación","Sin restricción"
2017,8493,11/25/2017,"Sabado",0,19:00:00,,"0.0",2,"Moto/Ciclomotor,Automóvil","Quintana Y Pje Ingenieros",3,1,0,0,2,0,0,,"Calle",,"SANTA FE","La Capital","Asfalto","No existe","I","Dentro","Urbana","S/D","No existe","Intersección","S/D","S/D","Diurna","S/D","S/D","S/D","Colisión","S/D","S/D","Ninguna","S/D"
2017,8494,11/28/2017,"Martes",0,8:30:00,,"0.0",2,"Moto/Ciclomotor,Moto/Ciclomotor","Av A del Valle Y Vieytes",2,1,0,0,1,0,0,,"Avenida",,"SANTA FE","La Capital","Asfalto","No existe","I","Dentro","Urbana","S/D","No existe","Intersección","S/D","S/D","Diurna","S/D","S/D","S/D","Colisión","S/D","Vertical","Cordón divisorio,Vegetación","S/D"
2017,8495,10/13/2017,"Viernes",0,23:45:00,"Autopista Nacional Gral. Juan Jose Valle","243.0",3,"Camión c / Acoplado,Pickup/Utilitario,Camión c / Semirremolque"," ",4,2,0,0,1,1,0,"-33.296639,-60.359925","Autopista","Gral. Juan Jose Valle","VILLA CONSTITUCIÓN","Constitución","Asfalto","Natural","VI","Dentro","Rural","Ninguna","S/D","Recta","S/D","Buena","Nocturna","Buen Tiempo","Múltiple","S/D","Colisión","S/D","S/D","Ninguna","Sin restricción"
2017,8496,11/28/2017,"Martes",0,19:00:00,,"0.0",1,"Transporte de Pasajeros Urbano (> 8 asientos)","Av A del Valle Y Pedro de Vega",3,2,0,0,1,0,0,,"Avenida",,"SANTA FE","La Capital","Asfalto","No existe","I","Dentro","Urbana","S/D","Funciona","Intersección","S/D","S/D","Diurna","S/D","S/D","S/D","Otro","S/D","Vertical","Línea divisoria pintada","S/D"
2017,8497,11/29/2017,"Miercoles",0,11:00:00,,"0.0",1,"Transporte de Pasajeros Urbano (> 8 asientos)","Estanislao Zeballos Y 4 de Enero",2,1,0,0,1,0,0,,"Calle",,"SANTA FE","La Capital","Asfalto","No existe","I","Dentro","Urbana","S/D","No existe","Intersección","S/D","S/D","Diurna","S/D","S/D","S/D","Caída ocupante","S/D","Vertical","Ninguna","S/D"
2017,8498,10/13/2017,"Viernes",0,17:00:00,,"0.0",2,"Taxi/Remis,Pickup/Utilitario","Av Urquiza 2200",2,1,0,0,1,0,0,,"Calle",,"SANTA FE","La Capital","Asfalto","Pavimento","I","S/D","Urbana","Semáforo","Funciona","Intersección","Con baches","Buena","Diurna","Buen Tiempo","De alcance","S/D","Colisión","Material Suelto","Horizontal,Vertical","Barrera de alto impacto,Cordón divisorio","Sin restricción"
2017,8499,11/6/2017,"Lunes",0,22:26:00,,"0.0",2,"Automóvil,Moto/Ciclomotor","Av Blas Parera Y Martin Zapata",2,1,0,0,1,0,0,,"Avenida",,"SANTA FE","La Capital","Asfalto","Natural","I","Dentro","Urbana","Ninguna","No existe","Intersección","Con baches","Reducida","Nocturna","Buen Tiempo","De alcance","S/D","Colisión","Ninguna","Horizontal,Vertical","Barrera de hormigón,Cordón divisorio,Vegetación","Sin restricción"
2017,8500,11/7/2017,"Martes",0,11:00:00,,"0.0",2,"Automóvil,Transporte de Pasajeros Urbano (> 8 asientos)","San Lorenzo Y Iturraspe",5,3,0,0,1,0,1,,"Avenida",,"SANTA FE","La Capital","Asfalto,Ripio","Natural","I","Dentro","Urbana","Ninguna","No funciona","Intersección","Con baches,Deteriorada","Buena","Diurna","Buen Tiempo","De alcance","S/D","Colisión","Ninguna","Horizontal,Vertical","Barrera de hormigón","Sin restricción"
2017,8501,11/9/2017,"Jueves",0,21:05:00,,"0.0",2,"Moto/Ciclomotor,Pickup/Utilitario","Brasil Y Luciano Molinas",2,1,0,0,1,0,0,,"Calle",,"SANTA FE","La Capital","Asfalto","Pavimento","I","Dentro","Urbana","Ninguna","S/D","Cruce","Bueno","Reducida","Nocturna","Buen Tiempo","De alcance","S/D","Colisión","Otro","Horizontal,Vertical","Ninguna","Sin restricción"
2017,8502,11/10/2017,"Viernes",0,15:30:00,,"0.0",2,"Moto/Ciclomotor,Automóvil","Av Blas Parera Y Derqui",2,1,0,0,1,0,0,,"Avenida",,"SANTA FE","La Capital","Asfalto,Hormigón","No existe","I","Dentro","Urbana","Ninguna","S/D","Intersección","Con baches","Buena","Diurna","Buen Tiempo","De alcance","S/D","Colisión","Material Suelto","Horizontal,Vertical","Ninguna","Sin restricción"
2017,8503,11/12/2017,"Domingo",0,10:20:00,,"0.0",2,"Automóvil,Moto/Ciclomotor","Brasil Y Luciano Molinas",2,1,0,0,1,0,0,,"Calle",,"SANTA FE","La Capital","Asfalto,Hormigón","No existe","I","Dentro","Urbana","Ninguna","No existe","Intersección","Con baches","Buena","Diurna","Buen Tiempo","De alcance","S/D","Colisión","Otro","Horizontal,Vertical","Ninguna","Sin restricción"
2017,8504,12/23/2017,"Sabado",0,20:40:00,"Autopista Provincial Brigadier E.López","19.0",1,"Automóvil"," ",1,1,0,0,0,0,0,,"Autopista","Brigadier E.López","SAN LORENZO","San Lorenzo","S/D","S/D","XVII","S/D","Rural","Ninguna","S/D","Otro","Otro","S/D","S/D","Otro","S/D","S/D","Vuelco","Ninguna","Vertical","Ninguna","S/D"
2017,8505,12/16/2017,"Sabado",0,16:30:00,,"0.0",2,"Automóvil,Moto/Ciclomotor","Cordoba Y Rioja",2,1,0,0,1,0,0,,"Calle",,"PUERTO SAN MARTÍN","San Lorenzo","Asfalto","S/D","XVII","S/D","Urbana","Ninguna","No existe","Intersección","Bueno","Buena","Diurna","Buen Tiempo","De alcance","S/D","Colisión","Ninguna","Faltante","Ninguna","Sin restricción"
2017,8506,12/24/2017,"Domingo",0,6:30:00,"Autopista Nacional A012","14.0",2,"Moto/Ciclomotor,Pickup/Utilitario"," ",2,0,1,0,1,0,0,,"Autopista","A012","SAN LORENZO","San Lorenzo","S/D","S/D","XVII","S/D","Rural","S/D","S/D","Otro","Otro","S/D","S/D","Otro","S/D","S/D","Colisión","Ninguna","Vertical","Ninguna","S/D"
2017,8507,12/11/2017,"Lunes",0,20:10:00,,"0.0",2,"Moto/Ciclomotor,Moto/Ciclomotor","Av San Martin Y Tucuman",3,2,0,0,1,0,0,,"Avenida",,"PUERTO SAN MARTÍN","San Lorenzo","Asfalto","S/D","VII","Dentro","Urbana","Ninguna","No existe","Intersección","Bueno","Buena","Atardecer","Buen Tiempo","Lateral","S/D","Colisión","Ninguna","Faltante","Ninguna","Sin restricción"
2017,8508,12/24/2017,"Domingo",0,8:18:00,,"0.0",2,"Automóvil,Automóvil","Urquiza Y Republica de Chile",4,1,0,0,3,0,0,,"Calle",,"SAN LORENZO","San Lorenzo","S/D","S/D","XVII","S/D","Urbana","S/D","S/D","Otro","Otro","S/D","S/D","Otro","S/D","S/D","Colisión","Ninguna","Vertical","Ninguna","S/D"
2017,8509,12/24/2017,"Domingo",0,10:00:00,"Ruta Nacional A012","0.0",3,"Automóvil,Automóvil,Automóvil"," ",5,1,0,0,4,0,0,,"Ruta","A012","SAN LORENZO","San Lorenzo","S/D","S/D","XVII","S/D","S/D","Ninguna","S/D","Intersección","Otro","S/D","S/D","Otro","S/D","S/D","Colisión","Ninguna","Vertical","Ninguna","Accidente Previo"
2017,8510,12/8/2017,"Viernes",0,9:00:00,"Ruta Nacional 175","0.0",2,"Moto/Ciclomotor,Automóvil","Cordoba Y 9 de Julio",2,1,0,0,1,0,0,"-32.717150,-60.733308","Ruta",175,"PUERTO SAN MARTÍN","San Lorenzo","Asfalto","No existe","XVII","Dentro","Urbana","Ninguna","No existe","Intersección","Bueno","Buena","Diurna","Buen Tiempo","Lateral","S/D","Colisión","Ninguna","Horizontal","Ninguna","Sin restricción"
2017,8511,12/24/2017,"Domingo",0,11:25:00,,"0.0",2,"Automóvil,Automóvil","Entre Rios 360",2,0,0,0,0,0,2,,"Calle",,"SAN LORENZO","San Lorenzo","S/D","S/D","XVII","S/D","Urbana","S/D","S/D","Recta","Otro","S/D","S/D","Otro","S/D","S/D","Otro","Ninguna","Vertical","Ninguna","S/D"
2017,8512,12/24/2017,"Domingo",0,18:30:00,,"0.0",2,"Bicicleta,Automóvil","Urquiza Y Juan M De Rosas",4,1,0,0,3,0,0,,"Calle",,"SAN LORENZO","San Lorenzo","S/D","S/D","XVII","S/D","Urbana","S/D","S/D","Intersección","Otro","S/D","S/D","Otro","S/D","Ciclista","Atropello","Ninguna","Vertical","Ninguna","S/D"
2017,8513,12/25/2017,"Lunes",0,,"Ruta Nacional A012","0.0",2,"Bicicleta,Automóvil"," ",2,1,0,0,1,0,0,,"Ruta","A012","SAN LORENZO","San Lorenzo","S/D","S/D","XVII","S/D","Rural","S/D","S/D","Recta","Otro","S/D","S/D","Otro","S/D","Ciclista","Atropello","Ninguna","Vertical","Ninguna","S/D"
2017,8514,12/27/2017,"Miercoles",0,12:15:00,,"0.0",2,"Moto/Ciclomotor,Peatón","N Peña Y Fray M Esquiu",2,1,0,0,1,0,0,,"Calle",,"SAN LORENZO","San Lorenzo","S/D","S/D","XVII","S/D","Urbana","Ninguna","S/D","Intersección","Otro","S/D","S/D","Otro","S/D","Peatón","Atropello","Ninguna","Vertical","Ninguna","S/D"
2017,8515,12/5/2017,"Martes",0,16:00:00,"Ruta Nacional 11","334.0",2,"Moto/Ciclomotor,Moto/Ciclomotor","Ruta Nac 11 Y America",2,1,0,0,1,0,0,"-32.701919441396, -60.765837225123","Ruta",11,"PUERTO SAN MARTÍN","San Lorenzo","Asfalto","Natural","XVII","S/D","Rural","Ninguna","No existe","Intersección","Deteriorada","Buena","Diurna","S/D","S/D","S/D","Colisión","Ninguna","Horizontal","Ninguna","Sin restricción"
2017,8516,12/30/2017,"Sabado",0,3:00:00,,"0.0",2,"Automóvil,Automóvil","Urquiza Y General Lopez",4,1,0,0,2,0,1,,"Avenida",,"SAN LORENZO","San Lorenzo","Asfalto","S/D","XVII","S/D","Urbana","Ninguna","S/D","Intersección","Bueno","S/D","S/D","Otro","Lateral","S/D","Colisión","Ninguna","Vertical","Ninguna","S/D"
2017,8517,12/2/2017,"Sabado",0,2:30:00,,"0.0",2,"Moto/Ciclomotor,Moto/Ciclomotor","Av San Martin Y Tucuman",2,1,0,0,1,0,0,,"Avenida",,"PUERTO SAN MARTÍN","San Lorenzo","Asfalto","No existe","XVII","Dentro","Urbana","Ninguna","No existe","Intersección","Bueno","Buena","Nocturna","S/D","Lateral","S/D","Colisión","Ninguna","Horizontal","Ninguna","Sin restricción"
2017,8518,12/30/2017,"Sabado",0,19:10:00,,"0.0",2,"Moto/Ciclomotor,Taxi/Remis","Bv Oroño ",8,1,0,0,7,0,0,,"Calle",,"SAN LORENZO","San Lorenzo","S/D","S/D","XVII","S/D","Urbana","S/D","S/D","S/D","Otro","S/D","S/D","S/D","S/D","S/D","Colisión","S/D","Vertical","S/D","S/D"
2017,8519,12/30/2017,"Sabado",0,23:10:00,"Autopista Nacional Rosario -Cordoba","17.5",1,"Automóvil","AUTOPISTA 18",4,4,0,0,0,0,0,,"Autopista","Rosario -Cordoba","ROLDÁN","San Lorenzo","Asfalto","Natural","XVII","S/D","Rural","Ninguna","No existe","Recta","Con baches","Reducida","Nocturna","Buen Tiempo","Lateral","S/D","Vuelco","Ninguna","Faltante","Guardarrail","Sin restricción"
2017,8520,12/30/2017,"Sabado",0,22:30:00,,"0.0",2,"Pickup/Utilitario,Automóvil","Urquiza Y General Lopez",2,1,0,0,1,0,0,,"S/D",,"SAN LORENZO","San Lorenzo","S/D","S/D","XVII","S/D","Urbana","S/D","S/D","Intersección","S/D","S/D","S/D","S/D","S/D","S/D","S/D","S/D","S/D","S/D","S/D"
2017,8521,12/27/2017,"Miercoles",0,16:10:00,"Ruta Nacional 9","329.0",2,"Automóvil,Moto/Ciclomotor","Ruta Nacional 9 Y Buenos Aires",2,1,0,0,1,0,0,"-32.906938783240, -60.900691461023","Ruta",9,"ROLDÁN","San Lorenzo","Asfalto","Ripio","XVII","Dentro","Urbana","Ninguna","No existe","Intersección","Bueno","Buena","Diurna","Buen Tiempo","Lateral","S/D","Colisión","Ninguna","Faltante","Ninguna","Sin restricción"
2017,8522,12/30/2017,"Sabado",0,11:20:00,"Ruta Nacional A012","0.0",2,"Automóvil,Pickup/Utilitario"," ",2,2,0,0,0,0,0,,"Ruta","A012","SAN LORENZO","San Lorenzo","Asfalto","Ripio","XVII","Dentro","Urbana","Ninguna","No existe","Intersección","Bueno","Buena","Diurna","Buen Tiempo","Lateral","S/D","Colisión","Ninguna","Faltante","Ninguna","Sin restricción"
2017,8523,12/24/2017,"Domingo",0,9:15:00,"Autopista Nacional Rosario -Cordoba","320.0",1,"Automóvil"," ",1,1,0,0,0,0,0,,"Autopista","Rosario -Cordoba","ROLDÁN","San Lorenzo","Asfalto","Natural","XVII","S/D","Rural","Ninguna","No existe","Recta","Bueno,Con baches","Buena","Diurna","Buen Tiempo","Lateral","S/D","Vuelco","Ninguna","Faltante","Vegetación","Sin restricción"
2017,8524,12/20/2017,"Miercoles",0,21:50:00,"Ruta Nacional 11","0.0",2,"Automóvil,Moto/Ciclomotor","Misiones Y Av San Lorenzo",2,1,0,0,1,0,0,,"Ruta",11,"CAPITÁN BERMÚDEZ","San Lorenzo","S/D","S/D","XVII","Dentro","Urbana","S/D","S/D","Intersección","Bueno","Buena","Nocturna","S/D","S/D","S/D","Colisión","Ninguna","S/D","S/D","S/D"
2017,8525,12/17/2017,"Domingo",0,21:30:00,,"0.0",2,"Automóvil,Bicicleta","SARMIENTO 800",2,1,0,0,1,0,0,,"Calle",,"ROLDÁN","San Lorenzo","Asfalto","Pavimento","XVII","Dentro","Urbana","Ninguna","No existe","Recta","Bueno","Buena","Nocturna,Con luz artificial","Buen Tiempo","Lateral","Ciclista","Atropello","Ninguna","Faltante","Ninguna","Sin restricción"
2017,8527,12/13/2017,"Miercoles",0,5:00:00,,"0.0",1,"Automóvil","Bv San Martin Y Armstrong",4,4,0,0,0,0,0,,"Avenida",,"ROLDÁN","San Lorenzo","Asfalto","Pavimento","XVII","Dentro","Urbana","Ninguna","No existe","Intersección","Bueno","Buena","Diurna","Buen Tiempo","Lateral","S/D","Vuelco","Ninguna","Faltante","Cordón divisorio","Sin restricción"
2017,8528,12/29/2017,"Viernes",0,11:45:00,"Autopista Provincial Brigadier E.López","0.0",2,"Automóvil,Pickup/Utilitario"," ",2,1,0,0,1,0,0,,"Autopista","Brigadier E.López","CAPITÁN BERMÚDEZ","San Lorenzo","Asfalto","S/D","XVII","Dentro","Urbana","Ninguna","S/D","Intersección","Bueno","Buena","Diurna","Buen Tiempo","S/D","S/D","S/D","Ninguna","S/D","Ninguna","Sin restricción"
2017,8529,12/10/2017,"Domingo",0,19:00:00,"Autopista Nacional Rosario -Cordoba","312.0",2,"Automóvil,Pickup/Utilitario"," ",5,4,0,0,1,0,0,,"Autopista","Rosario -Cordoba","ROLDÁN","San Lorenzo","Asfalto","Natural","XVII","Dentro","Rural","Ninguna","No existe","Recta","Con baches","Buena","Diurna","Buen Tiempo","De alcance","S/D","Colisión","Ninguna","Faltante","Vegetación","S/D"
2017,8530,12/25/2017,"Lunes",0,20:00:00,,"0.0",1,"Moto/Ciclomotor","San Victor 1472",1,0,1,0,0,0,0,,"Calle",,"CARCARAÑÁ","San Lorenzo","Ripio","S/D","XVII","S/D","Urbana","S/D","S/D","Recta","Otro","Reducida","Nocturna","Buen Tiempo","S/D","S/D","Caída ocupante","Ninguna","S/D","S/D","S/D"
2017,8531,12/21/2017,"Jueves",0,9:50:00,,"0.0",2,"Camión Chasis,Bicicleta","San Martin Y Meyer",4,1,0,0,3,0,0,,"Calle",,"CARCARAÑÁ","San Lorenzo","Asfalto","No existe","XVII","S/D","Urbana","S/D","No existe","Recta","Bueno","Buena","Diurna","Buen Tiempo","S/D","Ciclista","Atropello","Ninguna","S/D","S/D","S/D"
2017,8532,12/23/2017,"Sabado",0,11:00:00,"Ruta Nacional 9","0.0",2,"Automóvil,Moto/Ciclomotor"," ",3,2,0,0,1,0,0,,"Ruta",9,"CARCARAÑÁ","San Lorenzo","Asfalto","Ripio","XVII","S/D","S/D","S/D","S/D","Recta","Bueno","Buena","Diurna","Buen Tiempo","S/D","S/D","Colisión","Ninguna","S/D","S/D","S/D"
2017,8533,12/10/2017,"Domingo",0,14:30:00,"Ruta Nacional 9","334.0",2,"Pickup/Utilitario,Moto/Ciclomotor","Ruta Nacional 9 334",5,1,1,0,3,0,0,"-32.905624,-60.907775","Ruta",9,"ROLDÁN","San Lorenzo","Asfalto","Natural","XVII","Dentro","Rural","Ninguna","No existe","Recta","Ahuellamiento","Buena","Diurna","Buen Tiempo","S/D","S/D","Colisión","Ninguna","Faltante","Ninguna","Sin restricción"
2017,8534,12/15/2017,"Viernes",0,19:15:00,"Ruta Nacional 9","351.9",2,"Moto/Ciclomotor,Automóvil","Chacabuco Y Juan Bautista Alberdi",2,0,1,0,1,0,0,"-32.861027, -61.158764","Ruta",9,"CARCARAÑÁ","San Lorenzo","Asfalto","S/D","XVII","S/D","Urbana","S/D","S/D","Recta","Bueno","S/D","S/D","Buen Tiempo","S/D","S/D","Colisión","Ninguna","S/D","S/D","S/D"
2017,8535,12/8/2017,"Viernes",0,12:30:00,,"0.0",1,"Moto/Ciclomotor","Alberti Y Zevallos",1,1,0,0,0,0,0,,"Calle",,"FRAY LUIS BELTRÁN","San Lorenzo","Ripio","No existe","XVII","Dentro","Urbana","Ninguna","No existe","Recta","Con baches","Buena","Diurna","Buen Tiempo","Atropello animal","S/D","Colisión","Ninguna","S/D","Ninguna","Sin restricción"
2017,8536,12/9/2017,"Sabado",0,20:05:00,"Autopista Nacional Rosario -Cordoba","316.0",1,"Automóvil"," ",3,2,0,0,1,0,0,"-32.874892,-60.915489","Autopista","Rosario -Cordoba","ROLDÁN","San Lorenzo","Asfalto","Natural","XVII","Dentro","Rural","Ninguna","No existe","Recta","Con baches","Buena","Nocturna","Buen Tiempo","S/D","S/D","Vuelco","Ninguna","Faltante","Vegetación","Sin restricción"
2017,8537,12/9/2017,"Sabado",0,11:30:00,,"0.0",2,"Moto/Ciclomotor,Camión Chasis","Guayaquil Y Zevallos",2,0,1,0,1,0,0,,"Calle",,"FRAY LUIS BELTRÁN","San Lorenzo","Asfalto","No existe","XVII","Dentro","Urbana","Ninguna","No existe","Intersección","Con baches","Buena","Diurna","Buen Tiempo","Lateral","S/D","Colisión","Ninguna","Faltante","Ninguna","Sin restricción"