"anio_acci","nro_acci","fecha","desc_dia","fecha_aprox","hora_aprox","desc_ruta","km","cant_participantes","desc_participante","calle_avenida_km","total","heridos_leves","heridos_graves","heridos_gravisimos","ilesos","fallecidos","sin_datos","posicion_XY","desc_tipo_via","desc_ruta_ori","desc_loc","desc_dpto","desc_tipo_calzada","desc_tipo_banquina","desc_unidad_regional","desc_lugar_calzada","desc_zona","desc_prioridad","desc_estado_semaforo","desc_lugar_via","desc_estado_via","desc_estado_visibilidad","desc_luminosidad","desc_estado_clima","desc_tipo_colision","desc_tipo_atropello","desc_tipo_hecho","desc_pres_calzada","desc_senializacion","desc_separacion_via","desc_restriccion"
2017,8538,12/8/2017,"Viernes",0,3:30:00,"Ruta Nacional A012","37.5",1,"Automóvil","Acceso 012 37.5",4,4,0,0,0,0,0,,"Ruta","A012","ROLDÁN","San Lorenzo","Asfalto","Natural","XVII","Dentro","Rural","Ninguna","No existe","Recta","Bueno","Buena","Nocturna","Buen Tiempo","Lateral","S/D","Vuelco","Ninguna","Faltante","Ninguna","Sin restricción"
2017,8539,12/1/2017,"Viernes",0,21:45:00,,"0.0",2,"Moto/Ciclomotor,Moto/Ciclomotor","Irigoyen Y Luna",2,2,0,0,0,0,0,"-32.725777777778,-60.734861111111","Calle",,"SAN LORENZO","San Lorenzo","Hormigón","No existe","XVII","S/D","Urbana","S/D","No existe","Intersección","Bueno","S/D","Nocturna","S/D","S/D","S/D","S/D","S/D","Faltante","S/D","S/D"
2017,8540,12/6/2017,"Miercoles",0,10:00:00,,"0.0",2,"Pickup/Utilitario,Moto/Ciclomotor","Avenida Alberdi Y Mariquita Sanchez de Thompson",2,1,0,0,1,0,0,,"Calle",,"ROLDÁN","San Lorenzo","Asfalto","No existe","XVII","Dentro","Urbana","Ninguna","No existe","Intersección","Bueno","Buena","Diurna","Buen Tiempo","Lateral","S/D","Colisión","Ninguna","Faltante","Ninguna","Sin restricción"
2017,8541,12/2/2017,"Sabado",0,5:05:00,"Ruta Nacional 11","0.0",1,"Automóvil","Ruta Nac 11 Y F Quiroga",2,0,2,0,0,0,0,,"Ruta",11,"SAN LORENZO","San Lorenzo","Asfalto","Natural","XVII","Dentro","Urbana","S/D","No existe","Recta","Bueno","S/D","Amanecer","S/D","S/D","S/D","Despiste","S/D","S/D","Ninguna","S/D"
2017,8542,12/5/2017,"Martes",0,17:45:00,,"0.0",1,"Bicicleta","Mendoza Y Lamadrid",1,1,0,0,0,0,0,,"Calle",,"ROLDÁN","San Lorenzo","Asfalto","No existe","XVII","Dentro","Urbana","Ninguna","No existe","Intersección","Con baches","Buena","Diurna","Lluvia","Lateral","S/D","Despiste","Agua","Faltante","Ninguna","Sin restricción"
2017,8543,12/5/2017,"Martes",0,15:45:00,,"0.0",1,"Moto/Ciclomotor","Libertad Y Cordoba",1,0,0,1,0,0,0,,"Calle",,"ROLDÁN","San Lorenzo","Asfalto","No existe","XVII","Dentro","Urbana","Ninguna","No existe","Intersección","Bueno","Buena","Diurna","Buen Tiempo","Contra objeto fijo","S/D","Colisión","Ninguna","Faltante","Ninguna","Sin restricción"
2017,8544,12/5/2017,"Martes",0,16:50:00,,"0.0",2,"Automóvil,Automóvil","Sarmiento Y General Lopez",3,1,0,0,2,0,0,"-32.731638888889,-60.734611111111","Calle",,"SAN LORENZO","San Lorenzo","Asfalto","No existe","XVII","S/D","Urbana","S/D","S/D","Intersección","Bueno","S/D","Diurna","S/D","Lateral","S/D","Colisión","Ninguna","Faltante","S/D","S/D"
2017,8545,12/8/2017,"Viernes",0,6:00:00,"Ruta Nacional 11","0.0",2,"Vehículo Oficial,Moto/Ciclomotor","Av San Martin Y Bv Oroño",4,1,0,0,3,0,0,"-32.735416666667,-60.733833333333","Ruta",11,"SAN LORENZO","San Lorenzo","Asfalto","S/D","XVII","S/D","Urbana","S/D","Funciona","Intersección","S/D","Buena","Diurna","S/D","De alcance","S/D","Colisión","S/D","S/D","S/D","S/D"
2017,8546,12/3/2017,"Domingo",0,5:30:00,"Ruta Nacional 9","314.0",2,"Pickup/Utilitario,Bicicleta","Ruta Nacional 9 Y French",2,1,0,0,1,0,0,"-32.903607738863, -60.918677399627","Ruta",9,"ROLDÁN","San Lorenzo","Asfalto","Ripio","XVII","Fuera","Urbana","Ninguna","No existe","Intersección","Bueno","Buena","Amanecer,Con luz artificial","Buen Tiempo","Lateral","Ciclista","Atropello","Ninguna","Faltante","S/D","Sin restricción"
2017,8547,12/3/2017,"Domingo",0,3:40:00,,"0.0",1,"Moto/Ciclomotor","Bv San Martin Y Antartida Argentina",1,1,0,0,0,0,0,,"Avenida",,"ROLDÁN","San Lorenzo","Asfalto","No existe","XVII","Dentro","Urbana","Ninguna","No existe","Intersección","Bueno","Buena","Nocturna,Con luz artificial","Buen Tiempo","Lateral","S/D","Despiste","Ninguna","Faltante","Ninguna","Sin restricción"
2017,8548,12/4/2017,"Lunes",0,6:50:00,"Ruta Nacional 11","0.0",2,"Automóvil,Automóvil","Bv Oroño Y Irigoyen",4,1,0,0,3,0,0,,"Ruta",11,"SAN LORENZO","San Lorenzo","Asfalto","S/D","XVII","S/D","Urbana","S/D","No existe","Intersección","Bueno","Buena","Diurna","S/D","Lateral","S/D","Colisión","S/D","S/D","S/D","S/D"
2017,8549,12/16/2017,"Sabado",0,22:00:00,,"0.0",2,"Moto/Ciclomotor,Automóvil","Av San Martin Y Sarmiento",2,1,0,0,1,0,0,"-32.731777777778,-60.733527777778","Avenida",,"SAN LORENZO","San Lorenzo","S/D","No existe","XVII","S/D","Urbana","S/D","Funciona","Recta","S/D","Buena","Nocturna","S/D","De alcance","S/D","Colisión","S/D","Vertical","S/D","S/D"
2017,8550,12/4/2017,"Lunes",0,10:20:00,"Ruta Nacional 9","0.0",2,"Automóvil,Moto/Ciclomotor"," ",3,1,0,0,2,0,0,"-32.884767902742, -61.025815556518","Ruta",9,"SAN JERÓNIMO SUR","San Lorenzo","Asfalto","Pavimento","XVII","Dentro","Urbana","Señal Pare","No existe","Cruce","Bueno","Buena","Diurna","Buen Tiempo","Frontal","S/D","Colisión","Ninguna","Horizontal,Vertical","Línea divisoria pintada","Sin restricción"
2017,8551,12/17/2017,"Domingo",0,17:45:00,,"0.0",2,"Moto/Ciclomotor,Automóvil","M Diaz Velez Y Del Bajo",2,1,0,0,1,0,0,,"Calle",,"SAN LORENZO","San Lorenzo","Asfalto","S/D","XVII","S/D","Urbana","S/D","No existe","Intersección","S/D","Buena","Diurna","S/D","Lateral","S/D","Colisión","S/D","S/D","S/D","S/D"
2017,8552,12/4/2017,"Lunes",0,2:15:00,"Autopista Nacional Rosario -Cordoba","0.0",1,"Automóvil","ACCESO DE SAN JERONIMO  Y AUTOPISTA ROSARIO CORDOBA",1,1,0,0,0,0,0,,"Autopista","Rosario -Cordoba","SAN JERÓNIMO SUR","San Lorenzo","Asfalto","Pavimento","XVII","S/D","Rural","Señal Pare","No existe","Puente","Bueno","Buena","Nocturna,Con luz artificial","Buen Tiempo","Contra objeto fijo","S/D","Despiste","Ninguna","Horizontal,Vertical","Vegetación","Sin restricción"
2017,8553,12/19/2017,"Martes",0,15:20:00,,"0.0",2,"Moto/Ciclomotor,Moto/Ciclomotor","Luna Y Uruguay",3,2,0,0,1,0,0,,"Calle",,"SAN LORENZO","San Lorenzo","Asfalto","S/D","XVII","S/D","Urbana","S/D","No existe","Intersección","S/D","Buena","Diurna","S/D","Lateral","S/D","Colisión","S/D","S/D","S/D","S/D"
2017,8554,12/10/2017,"Domingo",0,11:50:00,"Ruta Nacional 9","0.0",2,"Automóvil,Pickup/Utilitario","RUTA NAC 9 Y ACCESO AUTOPISTA",4,0,1,0,3,0,0,"-32.884828394511, -61.025920943640","Ruta",9,"SAN JERÓNIMO SUR","San Lorenzo","Asfalto","Pavimento","XVII","Dentro","Urbana","Señal Pare","No existe","Intersección","Bueno","Buena","Diurna","Buen Tiempo","Lateral","S/D","Colisión","Ninguna","Horizontal,Vertical","Línea divisoria pintada","Sin restricción"
2017,8555,11/19/2017,"Domingo",0,12:40:00,"Ruta Nacional 11","0.0",2,"Moto/Ciclomotor,Automóvil","Ruta Nacional 11 ",2,1,0,0,1,0,0,,"Ruta",11,"SANTA FE","La Capital","Asfalto","Pavimento","I","Dentro","Urbana","Ninguna","No existe","Recta","Bueno","S/D","Diurna","Buen Tiempo","De alcance","S/D","Colisión","Ninguna","Faltante","Ninguna","Sin restricción"
2017,8556,11/19/2017,"Domingo",0,10:30:00,,"0.0",2,"Automóvil,Moto/Ciclomotor","San Martin 1100",2,1,0,0,1,0,0,,"Avenida",,"CARCARAÑÁ","San Lorenzo","Asfalto","No existe","XVII","S/D","Urbana","S/D","No existe","Recta","Bueno","Buena","Diurna","Buen Tiempo","S/D","S/D","Colisión","Ninguna","S/D","Ninguna","S/D"
2017,8557,11/5/2017,"Domingo",0,1:30:00,"Autopista Nacional Rosario -Cordoba","340.5",3,"Camión c / Acoplado,Automóvil,Automóvil"," ",5,2,0,0,3,0,0,,"Autopista","Rosario -Cordoba","CARCARAÑÁ","San Lorenzo","Asfalto","S/D","XVII","S/D","Urbana","S/D","S/D","Recta","Bueno","S/D","Nocturna","Buen Tiempo","Múltiple","S/D","Colisión","Ninguna","S/D","Vegetación","S/D"
2017,8558,11/19/2017,"Domingo",0,21:30:00,"Ruta Nacional 11","0.0",2,"Automóvil,Automóvil","PUENTE CARRETERO ",2,1,0,0,1,0,0,,"Ruta",11,"SANTA FE","La Capital","Asfalto","No existe","I","Dentro","Urbana","Ninguna","No existe","Recta","Bueno","S/D","Nocturna","S/D","S/D","S/D","Colisión","S/D","Horizontal","Línea divisoria pintada","S/D"
2017,8559,11/29/2017,"Miercoles",0,12:30:00,"Ruta Nacional 11","0.0",2,"Automóvil,Moto/Ciclomotor","Av San Lorenzo Y Rivadavia Bernardino",2,1,0,0,1,0,0,,"Ruta",11,"CAPITÁN BERMÚDEZ","San Lorenzo","Asfalto","Pavimento","XVII","Dentro","Urbana","Semáforo","Funciona","Intersección","Bueno","Buena","Diurna","Buen Tiempo","S/D","S/D","Colisión","Ninguna","Horizontal,Vertical","Línea divisoria pintada","S/D"
2017,8560,11/13/2017,"Lunes",0,14:30:00,,"0.0",2,"Pickup/Utilitario,Moto/Ciclomotor","Pje Diego de Leiva Y La Paz",2,1,0,0,1,0,0,,"Calle",,"SANTA FE","La Capital","Asfalto,Hormigón","No existe","I","S/D","Urbana","Ninguna","No existe","Intersección","Con baches","Buena","Diurna","Buen Tiempo","De alcance","S/D","Colisión","Material Suelto","Faltante","Vegetación","Sin restricción"
2017,8561,11/25/2017,"Sabado",0,19:00:00,,"0.0",2,"Automóvil,Moto/Ciclomotor","Carlos Pellegrini Y Av Belgrano",2,2,0,0,0,0,0,,"Avenida",,"CAPITÁN BERMÚDEZ","San Lorenzo","Tierra,Ripio","No existe","XVII","Dentro","Urbana","Ninguna","No existe","Intersección","Bueno","Buena","Atardecer","Buen Tiempo","S/D","S/D","Colisión","S/D","Faltante","Ninguna","Sin restricción"
2017,8562,10/14/2017,"Sabado",0,,,"0.0",3,"Taxi/Remis,Automóvil,Moto/Ciclomotor","Av Peñaloza Y Estanislao Zeballos",3,1,0,0,2,0,0,,"Avenida",,"SANTA FE","La Capital","Asfalto","No existe","I","S/D","Urbana","Semáforo","Funciona","Intersección","Bueno","Buena","Nocturna","Buen Tiempo","De alcance,Múltiple","S/D","Colisión","Ninguna","Horizontal,Vertical","Cordón divisorio","Sin restricción"
2017,8563,11/12/2017,"Domingo",0,6:30:00,,"0.0",1,"Automóvil","Colon Y Juan de Garay",2,2,0,0,0,0,0,,"Calle",,"CAPITÁN BERMÚDEZ","San Lorenzo","Asfalto","No existe","XVII","Dentro","Urbana","S/D","No existe","Recta","Bueno","Buena","Amanecer","Buen Tiempo","S/D","S/D","S/D","Ninguna","Faltante","Ninguna","S/D"
2017,8564,11/1/2017,"Miercoles",0,15:40:00,"Ruta Nacional 11","0.0",2,"Moto/Ciclomotor,Automóvil","Las Heras Y Av San Lorenzo",3,2,0,0,1,0,0,,"Ruta",11,"CAPITÁN BERMÚDEZ","San Lorenzo","Asfalto","Natural","XVII","Dentro","Urbana","Marca Vial","No existe","Intersección","Bueno","S/D","Diurna","Buen Tiempo","S/D","S/D","Colisión","Ninguna","Horizontal","Línea divisoria pintada","S/D"
2017,8565,11/1/2017,"Miercoles",0,23:15:00,,"0.0",1,"Moto/Ciclomotor","Dorrego Y 3 de Febrero",1,1,0,0,0,0,0,,"Calle",,"SAN LORENZO","San Lorenzo","Asfalto","No existe","XVII","Dentro","Urbana","S/D","No existe","Intersección","Bueno","Buena","Diurna","S/D","Atropello animal","S/D","Caída ocupante","Ninguna","Faltante","Ninguna","Sin restricción"
2017,8566,10/26/2017,"Jueves",0,11:40:00,,"0.0",2,"Automóvil,Moto/Ciclomotor","Padre Genesio Y Arzeno",2,1,0,0,1,0,0,,"Calle",,"SANTA FE","La Capital","Tierra","No existe","I","S/D","Urbana","Ninguna","No existe","Intersección","Ahuellamiento","Reducida","Nocturna","Buen Tiempo","Otro","S/D","Colisión","Material Suelto","Faltante","Ninguna","Sin restricción"
2017,8567,11/29/2017,"Miercoles",0,7:45:00,,"0.0",2,"Automóvil,Moto/Ciclomotor","Dr Ghio Y Av Carlos A Poucel",3,1,0,0,2,0,0,,"Avenida",,"SAN LORENZO","San Lorenzo","Asfalto","No existe","XVII","S/D","Urbana","Ninguna","No existe","Intersección","Otro","S/D","Diurna","Otro","S/D","S/D","Colisión","Ninguna","Faltante","Ninguna","S/D"
2017,8568,10/20/2017,"Viernes",0,18:10:00,,"0.0",2,"Peatón,Otros","Gorriti Y Estrada",2,1,0,0,0,0,1,,"Avenida",,"SANTA FE","La Capital","Asfalto","No existe","I","S/D","Urbana","Ninguna","No existe","Intersección","Bueno","Buena","Diurna","Buen Tiempo","S/D","Peatón","Atropello","Ninguna","Faltante","Ninguna","Sin restricción"
2017,8569,11/28/2017,"Martes",0,10:15:00,,"0.0",2,"Pickup/Utilitario,Peatón","Sargento Cabral Y Moreno",2,1,0,0,1,0,0,,"Avenida",,"SAN LORENZO","San Lorenzo","Asfalto","No existe","XVII","S/D","Urbana","S/D","No existe","Intersección","Otro","S/D","Diurna","Otro","S/D","Peatón","Atropello","Ninguna","Faltante","Cordón divisorio","S/D"
2017,8570,10/1/2017,"Domingo",0,14:00:00,,"0.0",2,"Automóvil,Moto/Ciclomotor","J Castelli Y Lamadrid",2,1,0,0,0,0,1,,"Calle",,"SANTA FE","La Capital","Asfalto","No existe","I","Dentro","Urbana","Ninguna","No existe","Intersección","Bueno","Buena","Diurna","Buen Tiempo","Lateral","S/D","Colisión","Material Suelto","Faltante","Ninguna","Sin restricción"
2017,8571,11/1/2017,"Miercoles",0,8:50:00,,"0.0",1,"Moto/Ciclomotor","San Juan Y Jose Rucci",1,1,0,0,0,0,0,,"Calle",,"SAN LORENZO","San Lorenzo","Ripio","No existe","XVII","Dentro","Urbana","Ninguna","No existe","Intersección","Deteriorada","Buena","Diurna","Buen Tiempo","S/D","S/D","Caída ocupante","Ninguna","Faltante","Ninguna","Sin restricción"
2017,8572,11/25/2017,"Sabado",0,17:30:00,"Ruta Nacional 11","0.0",2,"Automóvil,Bicicleta","Av San Martin Y 9 de Julio",3,1,0,0,2,0,0,,"Ruta",11,"SAN LORENZO","San Lorenzo","Asfalto","No existe","XVII","S/D","Urbana","S/D","No existe","Intersección","Otro","S/D","Diurna","Otro","S/D","Ciclista","Atropello","Ninguna","Faltante","Cordón divisorio","S/D"
2017,8573,11/22/2017,"Miercoles",0,10:00:00,,"0.0",2,"Moto/Ciclomotor,Pickup/Utilitario","Gorostiaga Y Sebastian Gaboto",3,1,0,0,1,0,1,,"Calle",,"SANTA FE","La Capital","Tierra","No existe","I","Dentro","Urbana","Ninguna","No existe","Curva","Con baches,Resbaladiza,Ahuellamiento","Buena","Diurna","Lluvia","De alcance","S/D","Colisión","Otro","Faltante","Ninguna","Sin restricción"
2017,8574,11/1/2017,"Miercoles",0,20:25:00,"Ruta Nacional 11","0.0",2,"Automóvil,Bicicleta","BV. OROÑO  Y BOLIVIA",2,1,0,0,1,0,0,,"Ruta",11,"SAN LORENZO","San Lorenzo","Asfalto","No existe","XVII","Dentro","Urbana","Otra Señal","No existe","Intersección","Bueno","Buena","Nocturna","S/D","S/D","Ciclista","Atropello","Ninguna","Vertical","S/D","S/D"
2017,8575,11/23/2017,"Jueves",0,14:00:00,"Ruta Nacional A012","54.0",2,"Camión c / Acoplado,Automóvil"," ",2,1,0,0,1,0,0,,"Ruta","A012","SAN LORENZO","San Lorenzo","Asfalto","S/D","XVII","Dentro","Rural","Ninguna","S/D","Recta","Otro","S/D","Diurna","Otro","S/D","S/D","Colisión","Ninguna","S/D","Ninguna","S/D"
2017,8576,11/24/2017,"Viernes",0,17:30:00,,"0.0",2,"Moto/Ciclomotor,Automóvil","Av Lopez y Planes Y Martin Zapata",3,2,0,0,1,0,0,,"Avenida",,"SANTA FE","La Capital","Asfalto","No existe","I","Dentro","Urbana","Otra Señal","No existe","Intersección","Bueno","Buena","Atardecer","Buen Tiempo","De alcance","S/D","Colisión","Ninguna","Horizontal,Vertical","Cordón divisorio,Vegetación","Sin restricción"
2017,8577,11/23/2017,"Jueves",0,22:30:00,,"0.0",2,"Automóvil,Moto/Ciclomotor","San Luis 400",2,0,1,0,1,0,0,,"Calle",,"SAN LORENZO","San Lorenzo","Asfalto","No existe","XVII","Dentro","Urbana","S/D","No existe","Otro","Otro","S/D","Nocturna","Otro","S/D","S/D","Otro","Ninguna","S/D","Ninguna","S/D"
2017,8578,11/5/2017,"Domingo",0,19:30:00,"Ruta Nacional 11","0.0",2,"Moto/Ciclomotor,Bicicleta","Av San Martin Y Eva Peron",3,3,0,0,0,0,0,,"Ruta",11,"SAN LORENZO","San Lorenzo","Hormigón","No existe","XVII","Dentro","Urbana","S/D","No existe","Intersección","Bueno","Buena","Atardecer","S/D","S/D","Ciclista","Atropello","Ninguna","Faltante","S/D","S/D"
2017,8579,11/22/2017,"Miercoles",0,11:10:00,,"0.0",2,"Moto/Ciclomotor,Automóvil","General Lopez Y Urquiza",2,1,0,0,1,0,0,,"Calle",,"SAN LORENZO","San Lorenzo","Asfalto","No existe","XVII","Dentro","Urbana","S/D","No existe","S/D","S/D","S/D","Diurna","S/D","S/D","S/D","Colisión","S/D","Faltante","S/D","S/D"
2017,8580,11/21/2017,"Martes",0,19:00:00,,"0.0",2,"Bicicleta,Taxi/Remis","Schettini Y Colon",2,2,0,0,0,0,0,,"Calle",,"SAN LORENZO","San Lorenzo","Asfalto","No existe","XVII","Dentro","Urbana","Ninguna","No existe","Intersección","Otro","S/D","Atardecer","Otro","S/D","Ciclista","Atropello","Ninguna","Faltante","Ninguna","S/D"
2017,8581,11/27/2017,"Lunes",0,14:00:00,,"0.0",2,"Moto/Ciclomotor,Automóvil","Martin Zapata Y Av Lopez y Planes",2,1,0,0,1,0,0,,"Avenida",,"SANTA FE","La Capital","Asfalto","No existe","I","Dentro","Urbana","Ninguna","No existe","Intersección","Bueno","Buena","Diurna","Buen Tiempo","De alcance","S/D","Colisión","Agua,Material Suelto","Horizontal,Vertical","Cordón divisorio,Vegetación","Sin restricción"
2017,8582,11/21/2017,"Martes",0,8:30:00,,"0.0",2,"Automóvil,Moto/Ciclomotor","Juan M De Rosas Y Richieri",2,1,0,0,1,0,0,,"Calle",,"SAN LORENZO","San Lorenzo","Asfalto","No existe","XVII","Dentro","Urbana","Ninguna","No existe","Intersección","Otro","S/D","Diurna","Otro","S/D","S/D","Colisión","Ninguna","Faltante","Ninguna","S/D"
2017,8583,11/18/2017,"Sabado",0,20:10:00,"Ruta Nacional 11","0.0",2,"Automóvil,Moto/Ciclomotor","Av San Martin Y Sarmiento",3,2,0,0,1,0,0,,"Ruta",11,"SAN LORENZO","San Lorenzo","Asfalto","No existe","XVII","Dentro","Urbana","S/D","No existe","Intersección","Bueno","Buena","Nocturna","S/D","De alcance","S/D","Colisión","Ninguna","Faltante","S/D","S/D"
2017,8584,11/30/2017,"Jueves",0,8:30:00,,"0.0",2,"Bicicleta,Moto/Ciclomotor","Av Peñaloza 5600",2,1,0,0,1,0,0,,"Avenida",,"SANTA FE","La Capital","Asfalto,Hormigón","No existe","I","S/D","Urbana","Semáforo","Funciona","Curva","Bueno","Buena","Diurna","Buen Tiempo","S/D","Ciclista","Atropello","Otro","Horizontal,Vertical","Barrera de hormigón,Vegetación","Sin restricción"
2017,8585,11/21/2017,"Martes",0,8:00:00,,"0.0",2,"Moto/Ciclomotor,Automóvil","Urquiza Y Irigoyen",2,1,0,0,1,0,0,,"Avenida",,"SAN LORENZO","San Lorenzo","Asfalto","No existe","XVII","Dentro","Urbana","Ninguna","Funciona","Intersección","Otro","S/D","Diurna","Otro","S/D","S/D","Colisión","Ninguna","Vertical","Ninguna","S/D"
2017,8586,11/30/2017,"Jueves",0,10:45:00,,"0.0",2,"Taxi/Remis,Automóvil","Agustin Delgado ",2,1,0,0,1,0,0,,"Calle",,"SANTA FE","La Capital","Asfalto,Hormigón","No existe","I","S/D","Urbana","Ninguna","No existe","Cruce","Con baches,Resbaladiza","Buena","Diurna","Lluvia","De alcance","S/D","Colisión","Agua,Otro","Faltante","Ninguna","Sin restricción"
2017,8587,11/19/2017,"Domingo",0,20:52:00,,"0.0",2,"Moto/Ciclomotor,Automóvil","Congreso 365",2,1,0,0,1,0,0,,"Calle",,"SAN LORENZO","San Lorenzo","Ripio","No existe","XVII","Dentro","Urbana","S/D","No existe","Recta","Otro","S/D","Nocturna","Otro","S/D","S/D","Colisión","Ninguna","Faltante","Ninguna","S/D"
2017,8589,11/19/2017,"Domingo",0,17:30:00,"Ruta Nacional A012","0.0",1,"Moto/Ciclomotor"," ",1,1,0,0,0,0,0,,"Ruta","A012","SAN LORENZO","San Lorenzo","S/D","S/D","XVII","Dentro","Rural","S/D","S/D","Intersección","Otro","S/D","Diurna","S/D","S/D","S/D","Caída ocupante","Ninguna","S/D","S/D","S/D"
2017,8590,11/1/2017,"Miercoles",0,12:05:00,,"0.0",2,"Peatón,Transporte de Pasajeros Urbano (> 8 asientos)","Francia Y Salta",2,1,0,0,0,0,1,,"Calle",,"SANTA FE","La Capital","Asfalto","No existe","I","S/D","Urbana","Semáforo","Funciona","Intersección","Bueno","Buena","Diurna","Buen Tiempo","S/D","Peatón","Atropello","Ninguna","Horizontal,Vertical","Ninguna","Sin restricción"
2017,8591,11/19/2017,"Domingo",0,12:55:00,"Ruta Nacional 11","0.0",2,"Automóvil,Moto/Ciclomotor","Av San Martin Y Congreso",3,1,0,0,2,0,0,,"Ruta",11,"SAN LORENZO","San Lorenzo","Asfalto","Pavimento","XVII","Dentro","Urbana","Semáforo","Funciona","Intersección","Otro","S/D","Diurna","Otro","Otro","S/D","Colisión","Ninguna","Horizontal,Vertical","Barrera de hormigón","S/D"
2017,8592,11/1/2017,"Miercoles",0,15:00:00,,"0.0",2,"Moto/Ciclomotor,Automóvil","Av Freyre Y Obispo Gelabert",2,1,0,0,1,0,0,,"Calle",,"SANTA FE","La Capital","Asfalto","No existe","I","S/D","Urbana","Semáforo","Funciona","Intersección","Bueno","Buena","Atardecer","Buen Tiempo","Otro","S/D","Colisión","Ninguna","Horizontal,Vertical","Ninguna","Sin restricción"
2017,8593,11/18/2017,"Sabado",0,14:00:00,,"0.0",2,"Camión Chasis,Transporte de Pasajeros Larga Distancia (> 8 asientos)","Sargento Cabral Y Rivadavia",5,2,0,0,3,0,0,,"Avenida",,"SAN LORENZO","San Lorenzo","Asfalto","No existe","XVII","Dentro","Urbana","Semáforo","Funciona","Intersección","Otro","S/D","Diurna","S/D","S/D","S/D","Colisión","Ninguna","Vertical","Cordón divisorio","S/D"
2017,8594,11/30/2017,"Jueves",0,12:40:00,,"0.0",2,"Moto/Ciclomotor,Moto/Ciclomotor","Eva Peron Y Irigoyen",3,0,3,0,0,0,0,,"Calle",,"SAN LORENZO","San Lorenzo","Hormigón","No existe","XVII","Dentro","Urbana","S/D","No existe","S/D","Bueno","Buena","Diurna","Buen Tiempo","Lateral","S/D","Colisión","Ninguna","Faltante","S/D","S/D"
2017,8595,11/4/2017,"Sabado",0,10:00:00,,"0.0",2,"Moto/Ciclomotor,Automóvil","Av Urquiza Y Vera",3,2,0,0,1,0,0,,"Avenida",,"SANTA FE","La Capital","Asfalto","No existe","I","S/D","Urbana","Semáforo","Funciona","Intersección","Bueno","Buena","Diurna","Buen Tiempo","Otro","S/D","Colisión","S/D","Horizontal,Vertical","Ninguna","Sin restricción"
2017,8596,11/26/2017,"Domingo",0,19:25:00,,"0.0",1,"Moto/Ciclomotor","Bv San Martin Y Lisandro De La Torre",1,1,0,0,0,0,0,,"Avenida",,"BARRANCAS","San Jerónimo","Asfalto","Natural","XV","Fuera","Urbana","Ninguna","No existe","Intersección","Bueno","Reducida p/ objetos","Atardecer","Buen Tiempo","S/D","S/D","Caída ocupante","Ninguna","Faltante","Cordón divisorio","Sin restricción"
2017,8597,11/6/2017,"Lunes",0,11:40:00,,"0.0",2,"Taxi/Remis,Moto/Ciclomotor","Francia Y Mariano Comas",2,1,0,0,1,0,0,,"Calle",,"SANTA FE","La Capital","Asfalto","No existe","I","S/D","Urbana","Semáforo","Funciona","Intersección","Bueno","Buena","Diurna","Buen Tiempo","Otro","S/D","Colisión","Ninguna","Vertical","Ninguna","Sin restricción"
2017,8598,11/8/2017,"Miercoles",0,13:40:00,,"0.0",1,"Pickup/Utilitario"," ",1,1,0,0,0,0,0,,"Camino Rural",,"BARRANCAS","San Jerónimo","Tierra","Natural","XV","S/D","Rural","Ninguna","No existe","Recta","Ahuellamiento","Buena","Diurna","Buen Tiempo","S/D","S/D","Vuelco","Ninguna","Faltante","S/D","Sin restricción"
2017,8599,11/20/2017,"Lunes",0,10:00:00,"Autopista Nacional Rosario -Cordoba","318.0",1,"Automóvil"," ",4,3,1,0,0,0,0,,"Autopista","Rosario -Cordoba","ROLDÁN","San Lorenzo","Hormigón","Natural","XVII","Dentro","Rural","Ninguna","No existe","Recta","Con baches","Buena","Diurna","Buen Tiempo","S/D","S/D","Vuelco","Ninguna","Faltante","Guardarrail","Sin restricción"
2017,8600,11/17/2017,"Viernes",0,21:40:00,,"0.0",2,"Pickup/Utilitario,Moto/Ciclomotor","Tte. roca Y Santiago del Estero",3,1,0,0,2,0,0,,"Calle",,"SAN LORENZO","San Lorenzo","Asfalto","No existe","XVII","Dentro","Urbana","Ninguna","No existe","Intersección","Otro","S/D","Nocturna","Otro","Otro","S/D","Colisión","Ninguna","Faltante","Ninguna","S/D"
2017,8601,11/5/2017,"Domingo",0,19:20:00,"Autopista Provincial Brigadier E.López","98.0",1,"Automóvil"," ",5,2,0,0,3,0,0,,"Autopista","Brigadier E.López","AROCENA","San Jerónimo","Asfalto","Natural","XV","Dentro","Rural","Ninguna","No existe","Otro","Bueno","Buena","Diurna","Buen Tiempo","Contra objeto fijo","S/D","Colisión","Ninguna","Vertical","Guardarrail","Sin restricción"
2017,8602,11/8/2017,"Miercoles",0,11:30:00,,"0.0",2,"Moto/Ciclomotor,Automóvil","Av Pte Peron Y Candido Pujato",2,1,0,0,1,0,0,,"Calle",,"SANTA FE","La Capital","Asfalto","No existe","I","S/D","Urbana","Ninguna","No existe","Intersección","Bueno","Buena","Diurna","Buen Tiempo","Otro","S/D","Colisión","Ninguna","Faltante","Ninguna","Sin restricción"