"anio_acci","nro_acci","fecha","desc_dia","fecha_aprox","hora_aprox","desc_ruta","km","cant_participantes","desc_participante","calle_avenida_km","total","heridos_leves","heridos_graves","heridos_gravisimos","ilesos","fallecidos","sin_datos","posicion_XY","desc_tipo_via","desc_ruta_ori","desc_loc","desc_dpto","desc_tipo_calzada","desc_tipo_banquina","desc_unidad_regional","desc_lugar_calzada","desc_zona","desc_prioridad","desc_estado_semaforo","desc_lugar_via","desc_estado_via","desc_estado_visibilidad","desc_luminosidad","desc_estado_clima","desc_tipo_colision","desc_tipo_atropello","desc_tipo_hecho","desc_pres_calzada","desc_senializacion","desc_separacion_via","desc_restriccion"
2017,8603,10/3/2017,"Martes",0,4:00:00,"Ruta Nacional 11","0.0",1,"Automóvil","Av San Martin 355",7,2,3,0,0,2,0,"-32.868273, -60.700513","Ruta",11,"GRANADERO BAIGORRIA","Rosario","Hormigón","Pavimento","II","Dentro","Urbana","Ninguna","No existe","Recta","Bueno","Buena","Nocturna","Buen Tiempo","Contra objeto fijo","S/D","Colisión","Ninguna","Faltante","Cordón divisorio,Vegetación","Sin restricción"
2017,8605,11/16/2017,"Jueves",0,10:35:00,"Ruta Nacional 11","0.0",2,"Otros,Otros","Jose Manuel Estrada Y Av San Martin",2,1,0,0,1,0,0,,"Ruta",11,"SAN LORENZO","San Lorenzo","Asfalto","No existe","XVII","Dentro","Urbana","Ninguna","S/D","Intersección","Otro","S/D","Diurna","Otro","Otro","S/D","Colisión","Ninguna","S/D","Ninguna","S/D"
2017,8606,11/8/2017,"Miercoles",0,18:45:00,,"0.0",2,"Automóvil,Pickup/Utilitario","Av Urquiza 2200",2,1,0,0,1,0,0,,"Avenida",,"SANTA FE","La Capital","Asfalto","No existe","I","S/D","Urbana","Semáforo","Funciona","Recta","Bueno","Buena","Atardecer","Buen Tiempo","Otro","S/D","Colisión","Ninguna","Horizontal,Vertical","Ninguna","Sin restricción"
2017,8607,11/19/2017,"Domingo",0,20:20:00,"Ruta Nacional 11","0.0",2,"Moto/Ciclomotor,Pickup/Utilitario","25 de Mayo ",4,1,0,0,3,0,0,,"Ruta",11,"AROCENA","San Jerónimo","Asfalto","Natural","XV","Dentro","Urbana","Ninguna","No existe","Intersección","Bueno","Reducida","Nocturna","Buen Tiempo","Frontal","S/D","Colisión","Ninguna","Horizontal","Línea divisoria pintada","Sin restricción"
2017,8608,11/8/2017,"Miercoles",0,21:55:00,,"0.0",2,"Automóvil,Bicicleta","Av Freyre Y Mendoza",2,1,0,0,1,0,0,,"Avenida",,"SANTA FE","La Capital","Asfalto","No existe","I","S/D","Urbana","Semáforo","Funciona","Intersección","Bueno","Buena","Nocturna","Buen Tiempo","S/D","Ciclista","Atropello","Ninguna","Horizontal,Vertical","Cordón divisorio,Vegetación","Sin restricción"
2017,8609,11/18/2017,"Sabado",0,12:40:00,"Ruta Nacional 9","0.0",2,"Moto/Ciclomotor,Camión Chasis","Ruta Nacional 9 Y Aconcagua",3,1,0,0,2,0,0,,"Ruta",9,"ROLDÁN","San Lorenzo","Asfalto","Ripio","XVII","Dentro","Urbana","Ninguna","No existe","Intersección","Bueno","Buena","Diurna","Buen Tiempo","Lateral","S/D","Colisión","Ninguna","Faltante","Ninguna","Sin restricción"
2017,8610,11/1/2017,"Miercoles",0,14:35:00,"Ruta Provincial 18","0.0",2,"Camión c / Acoplado,Moto/Ciclomotor","RP 18 Y RN A012",2,0,0,0,1,1,0,"-33.08952, -60.69974","Ruta",18,"PIÑERO","Rosario","Asfalto","Ripio","II","S/D","Urbana","S/D","Intermitente","Cruce","Bueno","Buena","Diurna","Buen Tiempo","S/D","S/D","Colisión","Ninguna","S/D","Línea divisoria pintada","Sin restricción"
2017,8611,11/16/2017,"Jueves",0,10:35:00,"Ruta Nacional 11","0.0",2,"Moto/Ciclomotor,Automóvil","Jose Manuel Estrada Y Av San Martin",2,1,0,0,1,0,0,,"Ruta",11,"SAN LORENZO","San Lorenzo","Asfalto","Natural","XVII","Dentro","Urbana","S/D","No existe","Intersección","Otro","S/D","Diurna","Otro","S/D","S/D","Colisión","Ninguna","Faltante","Línea divisoria pintada","S/D"
2017,8612,11/5/2017,"Domingo",0,6:30:00,"Autopista Provincial Brigadier E.López","56.0",1,"Automóvil"," ",1,1,0,0,0,0,0,,"Autopista","Brigadier E.López","MACIEL","San Jerónimo","Asfalto","Natural","XV","Dentro","S/D","Ninguna","No existe","Recta","Bueno","Buena","Amanecer","Buen Tiempo","S/D","S/D","Vuelco","Ninguna","Faltante","Vegetación","Sin restricción"
2017,8613,11/16/2017,"Jueves",0,8:10:00,,"0.0",2,"Moto/Ciclomotor,Pickup/Utilitario","San Juan Y Luis Braille",2,1,0,0,1,0,0,,"Calle",,"SAN LORENZO","San Lorenzo","Asfalto,Tierra","No existe","XVII","Dentro","Urbana","Ninguna","No existe","Intersección","Otro","S/D","Diurna","Otro","S/D","S/D","Colisión","Ninguna","Faltante","Ninguna","S/D"
2017,8614,11/11/2017,"Sabado",0,22:30:00,,"0.0",2,"Automóvil,Moto/Ciclomotor","Salta Y Mocovies",2,1,0,0,1,0,0,,"Calle",,"SANTA FE","La Capital","Asfalto","No existe","I","S/D","Urbana","Ninguna","No existe","Intersección","Bueno","Buena","Nocturna","Buen Tiempo","Otro","S/D","Colisión","Ninguna","Faltante","Ninguna","Sin restricción"
2017,8615,11/7/2017,"Martes",0,6:40:00,"Ruta Nacional 34","94.0",2,"Camión c / Acoplado,Camión c / Semirremolque"," ",2,0,1,0,1,0,0,,"Ruta",34,"CENTENO","San Jerónimo","Asfalto","Pavimento","XV","Dentro","Urbana","Ninguna","No existe","Recta","Bueno","Buena","Amanecer","Buen Tiempo","Frontal","S/D","Colisión","Ninguna","Horizontal","Ninguna","Sin restricción"
2017,8616,10/11/2017,"Miercoles",0,23:05:00,,"0.0",2,"Moto/Ciclomotor,Automóvil","General Lopez Y Salta",3,1,0,0,2,0,0,,"Calle",,"SAN LORENZO","San Lorenzo","Asfalto","No existe","XVII","Dentro","Urbana","Ninguna","No existe","Intersección","Otro","S/D","Nocturna","Otro","S/D","S/D","Colisión","Ninguna","Faltante","Ninguna","S/D"
2017,8617,11/13/2017,"Lunes",0,16:40:00,,"0.0",2,"Moto/Ciclomotor,Automóvil","Av Freyre Y Primera Junta",2,1,0,0,1,0,0,,"Avenida",,"SANTA FE","La Capital","Asfalto","No existe","I","S/D","Urbana","Ninguna","No existe","Intersección","Bueno","Buena","Atardecer","Buen Tiempo","Otro","S/D","Colisión","Ninguna","Faltante","Ninguna","Sin restricción"
2017,8618,11/10/2017,"Viernes",0,16:55:00,,"0.0",2,"Moto/Ciclomotor,Automóvil","Gutemberg 600",2,1,0,0,1,0,0,,"Calle",,"SAN LORENZO","San Lorenzo","Tierra","No existe","XVII","Dentro","Urbana","Ninguna","No existe","Recta","Otro","S/D","Diurna","Otro","S/D","S/D","Colisión","Ninguna","Faltante","Ninguna","S/D"
2017,8619,11/28/2017,"Martes",0,18:50:00,,"0.0",2,"Moto/Ciclomotor,Automóvil","J B Alberdi Y Bme Mitre",2,1,0,0,1,0,0,,"Calle",,"GÁLVEZ","San Jerónimo","Asfalto","Pavimento","XV","S/D","Urbana","S/D","S/D","Intersección","Bueno","Buena","Diurna","Buen Tiempo","S/D","S/D","Colisión","S/D","S/D","Ninguna","Sin restricción"
2017,8620,11/8/2017,"Miercoles",0,21:10:00,,"0.0",2,"Moto/Ciclomotor,Automóvil","C Pelegrini Y Jose Marquez",2,1,0,0,0,0,1,,"Calle",,"SAN LORENZO","San Lorenzo","Asfalto","No existe","XVII","Dentro","Urbana","Ninguna","No existe","Intersección","Otro","S/D","Nocturna","Otro","S/D","S/D","Colisión","Ninguna","Faltante","Ninguna","S/D"
2017,8621,11/13/2017,"Lunes",0,18:35:00,,"0.0",2,"Automóvil,Moto/Ciclomotor","Francia Y Primera Junta",2,1,0,0,1,0,0,,"Calle",,"SANTA FE","La Capital","Asfalto","No existe","I","S/D","Urbana","Semáforo","No funciona","Intersección","Bueno","Buena","Atardecer","Buen Tiempo","Otro","S/D","Colisión","Ninguna","Faltante","Ninguna","Sin restricción"
2017,8622,10/5/2017,"Jueves",0,13:00:00,"Ruta Nacional 33","0.0",2,"Camión,Peatón","Av. Pte.Peron Y Av. De Las Palmeras",2,1,0,0,0,1,0,"-32.980408,-60.736132","Ruta",33,"ROSARIO","Rosario","Asfalto","S/D","II","Dentro","Urbana","Ninguna","S/D","Intersección","Bueno","Buena","Diurna","Buen Tiempo","S/D","Peatón","Atropello","Ninguna","S/D","Ninguna","Sin restricción"
2017,8623,11/2/2017,"Jueves",0,12:15:00,"Ruta Provincial 17","1.0",2,"Pickup/Utilitario,Camión c / Acoplado"," ",2,0,0,0,1,1,0,"-29.870190, -61.929990","Ruta",17,"CERES","San Cristóbal","Hormigón","Ripio","XIII","Dentro","S/D","Ninguna","No existe","Recta","Con baches","Buena","Diurna","Buen Tiempo","Frontal","S/D","Colisión","Ninguna","Vertical","Ninguna","Reparación de Vía"
2017,8624,11/7/2017,"Martes",0,11:50:00,,"0.0",2,"Pickup/Utilitario,Moto/Ciclomotor","M de Iriondo Y Tuyuti",3,2,0,0,1,0,0,,"Calle",,"SAN LORENZO","San Lorenzo","Asfalto","No existe","XVII","Dentro","Urbana","S/D","S/D","Intersección","Otro","S/D","Diurna","S/D","S/D","S/D","Colisión","Ninguna","S/D","Ninguna","S/D"
2017,8625,11/14/2017,"Martes",0,9:25:00,,"0.0",2,"Automóvil,Moto/Ciclomotor","Bv Pellegrini ",2,1,0,0,1,0,0,,"Avenida",,"SANTA FE","La Capital","Asfalto","No existe","I","S/D","Urbana","Semáforo","No funciona","Recta","Bueno","Buena","Diurna","Buen Tiempo","Otro","S/D","Colisión","Ninguna","Vertical","Ninguna","Sin restricción"
2017,8626,11/18/2017,"Sabado",0,12:09:00,"Ruta Nacional 9","0.0",2,"Moto/Ciclomotor,Automóvil","Ruta Nacional 9 Y Amenabar",4,3,0,0,1,0,0,,"Ruta",9,"ROLDÁN","San Lorenzo","Asfalto","Ripio","XVII","Dentro","Urbana","Ninguna","No existe","Intersección","Bueno","Buena","Diurna","Buen Tiempo","Lateral","S/D","Colisión","Ninguna","Faltante","Ninguna","Sin restricción"
2017,8627,11/14/2017,"Martes",0,9:45:00,,"0.0",2,"Bicicleta,Automóvil","Av Urquiza Y Gdor Crespo",2,1,0,0,1,0,0,,"Calle",,"SANTA FE","La Capital","Asfalto","No existe","I","S/D","Urbana","Ninguna","No existe","Intersección","Bueno","Buena","Diurna","Buen Tiempo","S/D","Ciclista","Atropello","Ninguna","Faltante","Ninguna","Sin restricción"
2017,8628,11/6/2017,"Lunes",0,20:00:00,,"0.0",1,"Moto/Ciclomotor","C Escalada Y Bv Oroño",1,1,0,0,0,0,0,,"Calle",,"SAN LORENZO","San Lorenzo","Asfalto,Ripio","No existe","XVII","Dentro","Urbana","Ninguna","No existe","Intersección","Otro","S/D","Nocturna","Otro","S/D","S/D","Caída ocupante","Ninguna","Faltante","Ninguna","S/D"
2017,8629,11/26/2017,"Domingo",0,1:00:00,,"0.0",2,"Automóvil,Moto/Ciclomotor","Avda 25 de Mayo Y San Martin",5,1,1,0,3,0,0,,"Calle",,"GÁLVEZ","San Jerónimo","Asfalto","No existe","XV","S/D","Urbana","S/D","No existe","Intersección","Bueno","Buena","Diurna","Buen Tiempo","S/D","S/D","Colisión","S/D","Faltante","S/D","S/D"
2017,8630,11/6/2017,"Lunes",0,18:45:00,,"0.0",2,"Moto/Ciclomotor,Moto/Ciclomotor","Urquiza Y Jose Rucci",2,1,0,0,1,0,0,,"Calle",,"SAN LORENZO","San Lorenzo","Asfalto","No existe","XVII","Dentro","Urbana","S/D","No existe","Intersección","Otro","S/D","Diurna","Otro","S/D","S/D","Colisión","Ninguna","Faltante","Ninguna","S/D"
2017,8631,11/15/2017,"Miercoles",0,8:25:00,,"0.0",2,"Moto/Ciclomotor,Automóvil","Tucuman Y Av Freyre",2,1,0,0,1,0,0,,"S/D",,"SANTA FE","La Capital","Asfalto","No existe","I","S/D","Urbana","Ninguna","Funciona","Intersección","Bueno","Buena","Diurna","Buen Tiempo","Otro","S/D","Colisión","Ninguna","Horizontal,Vertical","Ninguna","Sin restricción"
2017,8632,11/15/2017,"Miercoles",0,22:35:00,,"0.0",2,"Moto/Ciclomotor,Pickup/Utilitario","Saavedra 2245",2,1,0,0,1,0,0,,"Calle",,"SANTA FE","La Capital","Asfalto","No existe","I","S/D","Urbana","Semáforo","Funciona","Recta","Bueno","Buena","Nocturna","Buen Tiempo","Otro","S/D","Colisión","Ninguna","Vertical","Ninguna","Sin restricción"
2017,8633,11/16/2017,"Jueves",0,17:30:00,"Ruta Nacional A012","0.0",2,"Moto/Ciclomotor,Automóvil","Acceso 012 Y Panama",2,1,0,0,1,0,0,,"Ruta","A012","ROLDÁN","San Lorenzo","Asfalto","No existe","XVII","Dentro","Urbana","Ninguna","No existe","Intersección","Bueno","Buena","Diurna","Buen Tiempo","Lateral","S/D","Colisión","Ninguna","Faltante","Ninguna","Sin restricción"
2017,8634,11/15/2017,"Miercoles",0,19:00:00,,"0.0",2,"Moto/Ciclomotor,Taxi/Remis","Av Urquiza Y Gdor Crespo",2,1,0,0,1,0,0,,"Calle",,"SANTA FE","La Capital","Asfalto","No existe","I","S/D","Urbana","Semáforo","Funciona","Intersección","Bueno","Buena","Nocturna","Buen Tiempo","Otro","S/D","Colisión","Ninguna","Horizontal,Vertical","Ninguna","Sin restricción"
2017,8635,11/4/2017,"Sabado",0,21:10:00,,"0.0",2,"Pickup/Utilitario,Bicicleta","Estado de Israel Y Cnel Bogado",2,1,0,0,1,0,0,,"Calle",,"SAN LORENZO","San Lorenzo","Asfalto","No existe","XVII","Dentro","Urbana","Ninguna","No existe","Intersección","Otro","S/D","Nocturna","Otro","S/D","Ciclista","Atropello","Ninguna","Faltante","Ninguna","S/D"
2017,8636,11/16/2017,"Jueves",0,10:50:00,,"0.0",2,"Automóvil,Moto/Ciclomotor","Bv Pellegrini 3500",2,1,0,0,1,0,0,,"Avenida",,"SANTA FE","La Capital","Asfalto","No existe","I","S/D","Urbana","Semáforo","Funciona","Recta","Bueno","Buena","Diurna","Buen Tiempo","Otro","S/D","Colisión","Ninguna","Horizontal,Vertical","Cordón divisorio,Vegetación","Sin restricción"
2017,8637,11/24/2017,"Viernes",0,13:35:00,,"0.0",2,"Bicicleta,Camión Chasis","Cordoba Y Avda 9 de Julio",2,1,0,0,1,0,0,,"Calle",,"GÁLVEZ","San Jerónimo","Tierra","No existe","XV","Fuera","Urbana","Ninguna","S/D","Intersección","Bueno","Buena","Diurna","Buen Tiempo","S/D","Ciclista","Atropello","Ninguna","Faltante","Ninguna","Sin restricción"
2017,8638,11/4/2017,"Sabado",0,15:50:00,,"0.0",1,"Moto/Ciclomotor","Curupaiti 1600",1,1,0,0,0,0,0,,"Calle",,"SAN LORENZO","San Lorenzo","Ripio","No existe","XVII","Dentro","Urbana","S/D","No existe","Recta","Otro","S/D","Diurna","Otro","Atropello animal","S/D","Colisión","Ninguna","Faltante","Ninguna","S/D"
2017,8639,11/4/2017,"Sabado",0,14:42:00,,"0.0",1,"Moto/Ciclomotor","Republica de Chile 1620",2,1,0,0,0,0,1,,"Calle",,"SAN LORENZO","San Lorenzo","Ripio","No existe","XVII","Dentro","Urbana","S/D","No existe","Recta","Otro","S/D","Diurna","Otro","S/D","S/D","Caída ocupante","Ninguna","Faltante","Ninguna","S/D"
2017,8640,11/8/2017,"Miercoles",0,5:15:00,"Autopista Nacional Gral. Juan Jose Valle","256.0",2,"Camión c / Acoplado,Camión c / Acoplado"," ",4,1,0,0,2,1,0,"-33.228486, -60.458421","Autopista","Gral. Juan Jose Valle","FIGHIERA","Rosario","Asfalto","Natural","II","S/D","Rural","Ninguna","No existe","Recta","Bueno","Buena","Amanecer","Buen Tiempo","S/D","S/D","Colisión","S/D","Faltante","Vegetación","Sin restricción"
2017,8641,11/25/2017,"Sabado",0,8:55:00,,"0.0",1,"Moto/Ciclomotor","Bvard Pasteur 100",1,1,0,0,0,0,0,,"Calle",,"GÁLVEZ","San Jerónimo","Asfalto","Pavimento","XV","S/D","Urbana","Ninguna","No existe","Recta","Bueno","Buena","Diurna","Buen Tiempo","S/D","S/D","Caída ocupante","Ninguna","Faltante","S/D","Sin restricción"
2017,8642,11/11/2017,"Sabado",0,0:55:00,,"0.0",2,"Moto/Ciclomotor,Automóvil","Las Heras 500",2,1,0,0,1,0,0,,"Calle",,"LAS ROSAS","Belgrano","Asfalto","No existe","III","Dentro","Urbana","Ninguna","No existe","Recta","Bueno","Buena","Nocturna","Buen Tiempo","Contra objeto fijo","S/D","Colisión","Ninguna","Faltante","Cordón divisorio","Sin restricción"
2017,8643,11/19/2017,"Domingo",0,15:30:00,,"0.0",2,"Bicicleta,Moto/Ciclomotor","Paso de los Andes Y Mendoza",2,2,0,0,0,0,0,,"Calle",,"LAS ROSAS","Belgrano","Asfalto","No existe","III","Dentro","Urbana","Ninguna","No existe","Intersección","Bueno","Buena","Diurna","Buen Tiempo","S/D","Ciclista","Atropello","Ninguna","Vertical","Ninguna","Sin restricción"
2017,8644,11/12/2017,"Domingo",0,7:40:00,,"0.0",1,"Moto/Ciclomotor","Bvard 20 de Junio Y F Vicente Solano",2,1,0,0,1,0,0,,"Calle",,"GÁLVEZ","San Jerónimo","Asfalto","No existe","XV","S/D","Urbana","Ninguna","No existe","Recta","Bueno","Buena","Diurna","Buen Tiempo","S/D","S/D","Caída ocupante","Ninguna","S/D","Ninguna","Sin restricción"
2017,8645,11/18/2017,"Sabado",0,6:35:00,,"0.0",1,"Moto/Ciclomotor","San Juan 900",1,1,0,0,0,0,0,,"Calle",,"GÁLVEZ","San Jerónimo","Asfalto","No existe","XV","Dentro","Urbana","Ninguna","No existe","Recta","Bueno","Buena","Diurna","Buen Tiempo","S/D","S/D","Caída ocupante","Ninguna","Faltante","Ninguna","Sin restricción"
2017,8646,11/20/2017,"Lunes",0,7:00:00,,"0.0",2,"Automóvil,Moto/Ciclomotor","San Martin Y Buenos Aires",4,0,2,0,2,0,0,,"Calle",,"LAS ROSAS","Belgrano","Asfalto","No existe","III","Dentro","Urbana","Ninguna","No existe","Intersección","Bueno","Buena","Diurna","Buen Tiempo","Frontal","S/D","Colisión","Ninguna","Faltante","Línea divisoria pintada","Sin restricción"
2017,8648,11/17/2017,"Viernes",0,20:30:00,,"0.0",2,"Moto/Ciclomotor,Moto/Ciclomotor","Bv San Martin ",2,1,0,0,0,0,1,,"Avenida",,"ROLDÁN","San Lorenzo","Asfalto","No existe","XVII","Dentro","Urbana","Ninguna","No existe","Intersección","Bueno","Buena","Nocturna,Con luz artificial","Buen Tiempo","Lateral","S/D","Colisión","Ninguna","Faltante","Ninguna","Sin restricción"
2017,8649,11/12/2017,"Domingo",0,22:40:00,,"0.0",2,"Moto/Ciclomotor,Bicicleta","Sarmiento 900",2,2,0,0,0,0,0,,"Calle",,"GÁLVEZ","San Jerónimo","Asfalto","No existe","XV","Dentro","Urbana","Ninguna","No existe","Recta","Bueno","Buena","Nocturna","Buen Tiempo","S/D","Ciclista","Atropello","Ninguna","Faltante","Ninguna","Sin restricción"
2017,8650,11/8/2017,"Miercoles",0,12:00:00,,"0.0",2,"Moto/Ciclomotor,Bicicleta","Av Republica Y Balcarce",2,1,0,0,1,0,0,,"Avenida",,"GÁLVEZ","San Jerónimo","Asfalto","No existe","XV","S/D","Urbana","Ninguna","No existe","Intersección","Bueno","Buena","Diurna","Buen Tiempo","S/D","Ciclista","Atropello","Ninguna","S/D","Ninguna","Sin restricción"
2017,8651,11/28/2017,"Martes",0,17:30:00,,"0.0",2,"Pickup/Utilitario,Bicicleta","Pte Juan D Peron Y Los Andes",3,1,0,0,2,0,0,,"Calle",,"TOSTADO","9 de Julio","Asfalto","No existe","XII","Dentro","Urbana","Ninguna","No existe","Intersección","Bueno","Buena","Diurna","Buen Tiempo","S/D","Ciclista","Atropello","Ninguna","Faltante","Ninguna","Sin restricción"
2017,8652,11/10/2017,"Viernes",0,22:30:00,"Ruta Nacional 9","0.0",2,"Automóvil,Moto/Ciclomotor","Ruta Nacional 9 Y Alto Verde",3,1,0,0,2,0,0,,"Ruta",9,"ROLDÁN","San Lorenzo","Asfalto","Natural","XVII","Dentro","Urbana","Ninguna","No existe","Intersección","Bueno","Buena","Nocturna,Con luz artificial","Buen Tiempo","Lateral","S/D","Colisión","Ninguna","Vertical","Ninguna","Sin restricción"
2017,8653,11/12/2017,"Domingo",0,6:30:00,"Ruta Provincial 5","0.0",2,"Automóvil,Automóvil"," ",3,2,0,0,0,1,0,"-31.539020, -60.690968","Ruta",5,"MONTE VERA","La Capital","Hormigón","Natural","I","Dentro","Rural","Ninguna","No existe","Recta","Bueno","Buena","Amanecer,Con luz artificial","Buen Tiempo","Frontal","S/D","Colisión","Ninguna","S/D","Ninguna","Sin restricción"
2017,8654,11/5/2017,"Domingo",0,5:25:00,"Ruta Provincial 2","0.0",2,"Moto/Ciclomotor,Moto/Ciclomotor"," ",3,3,0,0,0,0,0,,"Ruta",2,"TOSTADO","9 de Julio","Asfalto","No existe","XII","Dentro","Urbana","Ninguna","No existe","Recta","Bueno","Reducida","Diurna","Buen Tiempo","Lateral","S/D","Colisión","Ninguna","Faltante","Ninguna","Sin restricción"
2017,8655,11/30/2017,"Jueves",0,17:20:00,,"0.0",2,"Moto/Ciclomotor,Moto/Ciclomotor","Domingo Faustino Sarmiento Y Santa Fe",3,2,0,0,0,0,1,,"Calle",,"VILLA MINETTI","9 de Julio","Asfalto","No existe","XII","Dentro","Urbana","Ninguna","No existe","Intersección","Bueno","Buena","Diurna","Buen Tiempo","Lateral","S/D","Colisión","Ninguna","Faltante","Ninguna","Sin restricción"
2017,8656,11/3/2017,"Viernes",0,15:30:00,"Autopista Nacional A012","317.0",1,"Automóvil"," ",2,1,0,0,1,0,0,,"Autopista","A012","ROLDÁN","San Lorenzo","Asfalto","Natural","XVII","Dentro","Rural","Ninguna","No existe","Recta","Con baches","Buena","Diurna","Buen Tiempo","S/D","S/D","Vuelco","Ninguna","Faltante","Ninguna","Sin restricción"
2017,8657,11/12/2017,"Domingo",0,14:35:00,"Autovía Nacional A009","4.0",1,"Moto/Ciclomotor"," ",2,1,0,0,0,1,0,"-29.214732256329, -59.610429127781","Autovía","A009","RECONQUISTA","General Obligado","Asfalto","Natural","IX","Fuera","Rural","Ninguna","No existe","Recta","Bueno","Buena","Diurna","Buen Tiempo","S/D","S/D","Despiste","Ninguna","Vertical","Línea divisoria pintada","Sin restricción"
2017,8658,11/6/2017,"Lunes",0,19:05:00,,"0.0",2,"Bicicleta,Automóvil","Gral San Martin Y Juan de Garay",3,2,0,0,1,0,0,,"Calle",,"VILLA MINETTI","9 de Julio","Tierra","No existe","XII","Dentro","Urbana","Ninguna","No existe","Intersección","Con baches","Buena","Diurna","Buen Tiempo","S/D","Ciclista","Atropello","Ninguna","Faltante","S/D","Sin restricción"
2017,8659,11/18/2017,"Sabado",0,11:15:00,"Ruta Secundaria 292-s","0.0",2,"Moto/Ciclomotor,Pickup/Utilitario"," ",2,1,0,0,1,0,0,,"Ruta","292-s","VILLA MINETTI","9 de Julio","Asfalto","Natural","XII","Dentro","Urbana","Ninguna","No existe","Recta","Bueno","Buena","Diurna","Buen Tiempo","De alcance","S/D","Colisión","Ninguna","Faltante","Ninguna","Sin restricción"
2017,8660,10/18/2017,"Miercoles",0,19:00:00,"Ruta Nacional 33","660.0",2,"Camión,Automóvil"," ",4,0,0,0,1,3,0,"-33.583102, -61.732867","Ruta",33,"CARMEN","General López","Asfalto","Natural","VIII","Dentro","Rural","S/D","No existe","Recta","Bueno","Reducida","Diurna","Niebla","Frontal","S/D","Colisión","Agua","S/D","Línea divisoria pintada","Sin restricción"
2017,8661,11/14/2017,"Martes",0,21:15:00,,"0.0",2,"Moto/Ciclomotor,Peatón","Avenida Rivadavia Y 12 de Octubre",3,1,0,0,0,2,0,"-29.233067, -61.770569","Avenida",,"TOSTADO","9 de Julio","Asfalto","No existe","XII","S/D","Urbana","Ninguna","No existe","Recta","Bueno","Buena","Nocturna,Con luz artificial","Buen Tiempo","S/D","Peatón","Atropello","Ninguna","S/D","Ninguna","Sin restricción"
2017,8662,11/11/2017,"Sabado",0,17:45:00,,"0.0",2,"Pickup/Utilitario,Moto/Ciclomotor"," ",4,2,1,0,1,0,0,,"Camino Rural",,"VILLA MINETTI","9 de Julio","Tierra","No existe","XII","Dentro","Rural","Ninguna","No existe","Intersección","Deteriorada","Buena","Diurna","Buen Tiempo","Lateral","S/D","Colisión","Ninguna","Faltante","Ninguna","Sin restricción"
2017,8663,11/10/2017,"Viernes",0,18:05:00,,"0.0",2,"Moto/Ciclomotor,Moto/Ciclomotor","Martin m de Guemes Y Mariano Moreno",2,2,0,0,0,0,0,,"Calle",,"VILLA MINETTI","9 de Julio","Ripio","No existe","XII","Dentro","Urbana","Ninguna","No existe","Intersección","Resbaladiza","Buena","Atardecer","Buen Tiempo","Lateral","S/D","Colisión","Material Suelto","Faltante","Ninguna","Sin restricción"
2017,8664,11/9/2017,"Jueves",0,20:20:00,"Ruta Secundaria 91-s","0.0",2,"Pickup/Utilitario,Tractor"," ",2,1,0,0,1,0,0,,"Ruta","91-s","A. PINI","9 de Julio","Tierra","No existe","XII","Dentro","Rural","Ninguna","No existe","Recta","Ahuellamiento","Reducida polvo","Nocturna","Buen Tiempo","Frontal","S/D","Colisión","Ninguna","Faltante","Ninguna","Sin restricción"
2017,8665,7/1/2017,"Sabado",0,,"Ruta Provincial 70","0.0",2,"Moto/Ciclomotor,Automóvil","Bv Pte Roca Y Lamadrid",3,1,0,0,2,0,0,,"Ruta",70,"RAFAELA","Castellanos","Asfalto","No existe","V","Dentro","Urbana","Ninguna","No existe","Intersección","Bueno","S/D","S/D","S/D","S/D","S/D","Colisión","Ninguna","Horizontal","Cordón divisorio","Sin restricción"
2017,8666,10/14/2017,"Sabado",0,18:50:00,"Ruta Nacional 11","920.0",2,"Moto/Ciclomotor,Bicicleta"," ",2,1,0,0,0,1,0,"-28.100407, -59.233190","Ruta",11,"FLORENCIA","General Obligado","Asfalto","S/D","IX","Dentro","Rural","Ninguna","S/D","Recta","Bueno","Buena","Diurna","Buen Tiempo","S/D","Ciclista","Atropello","Ninguna","S/D","Ninguna","Sin restricción"
2017,8667,10/22/2017,"Domingo",0,,,"0.0",2,"Pickup/Utilitario,Moto/Ciclomotor","General Martin M de Guemes Y General San Martin",3,0,1,0,2,0,0,,"Calle",,"POZO BORRADO","9 de Julio","Asfalto","No existe","XII","Dentro","Urbana","Ninguna","No existe","Intersección","Bueno","Buena","Diurna","Buen Tiempo","Lateral","S/D","Colisión","Ninguna","Faltante","Ninguna","Sin restricción"
2017,8668,7/1/2017,"Sabado",0,,,"0.0",2,"Automóvil,Moto/Ciclomotor","Av Republica Y Rinaldi",2,1,0,0,1,0,0,,"Calle",,"GÁLVEZ","San Jerónimo","S/D","S/D","XV","Dentro","Urbana","S/D","S/D","Intersección","S/D","S/D","S/D","S/D","S/D","S/D","Colisión","S/D","S/D","S/D","S/D"