"anio_acci","nro_acci","fecha","desc_dia","fecha_aprox","hora_aprox","desc_ruta","km","cant_participantes","desc_participante","calle_avenida_km","total","heridos_leves","heridos_graves","heridos_gravisimos","ilesos","fallecidos","sin_datos","posicion_XY","desc_tipo_via","desc_ruta_ori","desc_loc","desc_dpto","desc_tipo_calzada","desc_tipo_banquina","desc_unidad_regional","desc_lugar_calzada","desc_zona","desc_prioridad","desc_estado_semaforo","desc_lugar_via","desc_estado_via","desc_estado_visibilidad","desc_luminosidad","desc_estado_clima","desc_tipo_colision","desc_tipo_atropello","desc_tipo_hecho","desc_pres_calzada","desc_senializacion","desc_separacion_via","desc_restriccion"
2017,8669,7/1/2017,"Sabado",0,,"Ruta Nacional 11","0.0",1,"Automóvil"," ",1,1,0,0,0,0,0,,"Ruta",11,"BARRANCAS","San Jerónimo","Asfalto","S/D","XV","Dentro","Rural","S/D","S/D","Recta","S/D","S/D","S/D","S/D","Contra objeto fijo","S/D","Colisión","S/D","S/D","S/D","S/D"
2017,8670,11/13/2017,"Lunes",0,10:35:00,"Autopista Nacional Rosario -Cordoba","389.0",2,"Pickup/Utilitario,Camión c / Acoplado"," ",3,1,0,0,2,0,0,,"Autopista","Rosario -Cordoba","TORTUGAS","Belgrano","Hormigón","Pavimento","III","Dentro","Rural","Marca Vial","No existe","Recta","Bueno","Buena","Diurna","Buen Tiempo","De alcance","S/D","Colisión","Ninguna","Horizontal","Línea divisoria pintada","Sin restricción"
2017,8671,7/2/2017,"Domingo",0,,,"0.0",2,"Automóvil,Pickup/Utilitario","Juan B Justo Y Domingo Faustino Sarmiento",2,1,0,0,1,0,0,,"Calle",,"VENADO TUERTO","General López","Asfalto","No existe","VIII","Dentro","Urbana","Ninguna","No existe","Intersección","Bueno","S/D","S/D","S/D","S/D","S/D","Colisión","Ninguna","Faltante","Ninguna","Sin restricción"
2017,8672,11/11/2017,"Sabado",0,22:25:00,"Ruta Nacional 9","391.0",1,"Moto/Ciclomotor"," ",1,1,0,0,0,0,0,,"Ruta",9,"ARMSTRONG","Belgrano","Asfalto","Natural","III","Dentro","Rural","Ninguna","No existe","Recta","Bueno","Buena","Nocturna","Buen Tiempo","S/D","S/D","Caída ocupante","Ninguna","Horizontal","Ninguna","Sin restricción"
2017,8673,7/3/2017,"Lunes",0,,,"0.0",2,"Automóvil,Bicicleta","Av. Ovidio Lagos 1400",2,1,0,0,1,0,0,,"Calle",,"ROSARIO","Rosario","Asfalto","S/D","II","Dentro","Urbana","S/D","S/D","Recta","S/D","S/D","S/D","S/D","S/D","Ciclista","Atropello","S/D","S/D","S/D","S/D"
2017,8674,11/24/2017,"Viernes",0,22:30:00,"Autopista Nacional Rosario -Cordoba","384.0",2,"Camión c / Semirremolque,Camión c / Acoplado"," ",2,2,0,0,0,0,0,,"Autopista","Rosario -Cordoba","ARMSTRONG","Belgrano","Asfalto","Natural","III","Dentro","Rural","Ninguna","No existe","Recta","Bueno","Buena","Nocturna","Buen Tiempo","De alcance","S/D","Colisión","Ninguna","Horizontal,Vertical","Ninguna","Sin restricción"
2017,8675,10/1/2017,"Domingo",1,,,"0.0",2,"Otros,Moto/Ciclomotor"," ",2,1,0,0,0,0,1,,"S/D",,"SANTA FE","La Capital","S/D","S/D","I","S/D","S/D","S/D","S/D","S/D","S/D","S/D","S/D","S/D","S/D","S/D","Colisión","S/D","S/D","S/D","S/D"
2017,8676,10/17/2017,"Martes",0,10:20:00,"Ruta Provincial 6","4.0",1,"Automóvil"," ",2,0,1,0,0,1,0,"-31.973665, -61.182527","Ruta",6,"SAN CARLOS SUR","Las Colonias","Asfalto","S/D","XI","Dentro","Rural","Ninguna","S/D","Recta","Bueno","S/D","Diurna","Buen Tiempo","S/D","S/D","Vuelco","S/D","S/D","Ninguna","S/D"
2017,8677,11/19/2017,"Domingo",0,18:00:00,,"0.0",2,"Moto/Ciclomotor,Automóvil","San Nicolas Y Bv Delfo Cabrera",2,0,1,0,1,0,0,,"Calle",,"ARMSTRONG","Belgrano","Asfalto","No existe","III","Dentro","Urbana","Ninguna","No existe","Intersección","Bueno","Buena","Diurna","Buen Tiempo","Lateral","S/D","Colisión","Ninguna","Vertical","Ninguna","Sin restricción"
2017,8678,10/1/2017,"Domingo",1,,,"0.0",2,"Otros,Moto/Ciclomotor"," ",2,0,1,0,0,0,1,,"S/D",,"LLAMBI CAMPBELL","La Capital","S/D","S/D","I","S/D","S/D","S/D","S/D","S/D","S/D","S/D","S/D","S/D","S/D","S/D","Colisión","S/D","S/D","S/D","S/D"
2017,8679,11/8/2017,"Miercoles",0,12:45:00,,"0.0",2,"Moto/Ciclomotor,Pickup/Utilitario","Avenida 21 Y Calle 28",2,1,0,0,0,0,1,,"Avenida",,"LAS PAREJAS","Belgrano","Hormigón","No existe","III","S/D","Urbana","Ninguna","No existe","Intersección","Bueno","S/D","Diurna","Buen Tiempo","De alcance","S/D","Colisión","Ninguna","Faltante","Ninguna","Sin restricción"
2017,8680,12/17/2017,"Domingo",0,12:45:00,"Ruta Nacional 11","0.0",2,"Moto/Ciclomotor,Pickup/Utilitario","Av San Martin Y Bv Oroño",3,2,0,0,1,0,0,"-32.735416666667,-60.733833333333","Ruta",11,"SAN LORENZO","San Lorenzo","Asfalto","S/D","XVII","S/D","Urbana","S/D","Funciona","Intersección","Bueno","Buena","Diurna","S/D","Lateral","S/D","Colisión","S/D","Vertical","S/D","S/D"
2017,8681,12/26/2017,"Martes",0,1:15:00,"Ruta Nacional 11","0.0",1,"Moto/Ciclomotor","Bv Oroño Y General Lopez",1,1,0,0,0,0,0,"-32.735222222222,-60.734916666667","Ruta",11,"SAN LORENZO","San Lorenzo","Asfalto","S/D","XVII","S/D","Urbana","S/D","S/D","Recta","Con baches","S/D","Nocturna","S/D","S/D","S/D","Otro","S/D","S/D","S/D","S/D"
2017,8682,12/30/2017,"Sabado",0,0:50:00,,"0.0",2,"Moto/Ciclomotor,Automóvil","Av San Martin Y Ledesma",3,2,1,0,0,0,0,"-32.728055555556,-60.733","Avenida",,"SAN LORENZO","San Lorenzo","S/D","S/D","XVII","S/D","Urbana","S/D","No existe","Recta","S/D","Buena","Nocturna","S/D","De alcance","S/D","Colisión","Ninguna","S/D","S/D","S/D"
2017,8683,12/20/2017,"Miercoles",0,18:15:00,"Autopista Nacional Rosario -Cordoba","326.0",1,"Pickup/Utilitario"," ",2,2,0,0,0,0,0,"-32.901270, -61.029988","Autopista","Rosario -Cordoba","SAN JERÓNIMO SUR","San Lorenzo","Asfalto","Natural","XVII","Fuera","Rural","Ninguna","No existe","Recta","Bueno","Buena","Diurna","Buen Tiempo","S/D","S/D","Despiste","Ninguna","Horizontal,Vertical","Vegetación","Sin restricción"
2017,8684,12/30/2017,"Sabado",0,10:00:00,,"0.0",2,"Automóvil,Moto/Ciclomotor","Bv B Mitre Y Irigoyen",3,2,0,0,0,0,1,"-32.722,-60.73425","Calle",,"SAN LORENZO","San Lorenzo","S/D","S/D","XVII","S/D","Urbana","S/D","S/D","S/D","S/D","S/D","S/D","S/D","S/D","S/D","S/D","S/D","S/D","S/D","S/D"
2017,8685,12/30/2017,"Sabado",0,18:00:00,,"0.0",2,"Moto/Ciclomotor,Bicicleta","Sarmiento Y Uruguay",2,1,0,0,1,0,0,,"Calle",,"SAN LORENZO","San Lorenzo","Hormigón","No existe","XVII","S/D","Urbana","S/D","No existe","Intersección","Bueno","Buena","Diurna","S/D","Lateral","Ciclista","Atropello","Ninguna","S/D","S/D","S/D"
2017,8686,12/23/2017,"Sabado",0,13:00:00,"Autopista Nacional Rosario -Cordoba","329.0",1,"Automóvil"," ",4,1,0,0,3,0,0,"-32.901361, -61.027954","Autopista","Rosario -Cordoba","SAN JERÓNIMO SUR","San Lorenzo","Asfalto","Natural","XVII","Fuera","Rural","Ninguna","No existe","Recta","Bueno","Buena","Diurna","Buen Tiempo","S/D","S/D","Despiste","Ninguna","Horizontal,Vertical","Vegetación","Sin restricción"
2017,8687,12/26/2017,"Martes",0,21:50:00,,"0.0",2,"Moto/Ciclomotor,Automóvil","España Y Colon",2,1,0,0,1,0,0,,"Calle",,"TIMBÚES","San Lorenzo","Asfalto","No existe","XVII","Dentro","Urbana","Ninguna","No existe","Intersección","Bueno","Reducida","Nocturna,Con luz artificial","Buen Tiempo","S/D","S/D","Colisión","Ninguna","Faltante","Ninguna","Sin restricción"
2017,8688,12/27/2017,"Miercoles",0,8:00:00,"Ruta Nacional 11","0.0",1,"Moto/Ciclomotor","Bv San Martin Y Sgto Cabral",1,1,0,0,0,0,0,,"Ruta",11,"TIMBÚES","San Lorenzo","Ripio","Natural","XVII","Fuera","Urbana","Otra Señal","No existe","Curva","Resbaladiza","Buena","Amanecer","Buen Tiempo","S/D","S/D","Vuelco","Ninguna","Faltante","Ninguna","Sin restricción"
2017,8689,12/8/2017,"Viernes",0,20:55:00,,"0.0",2,"Moto/Ciclomotor,Pickup/Utilitario","Brig. E. Lopez Y Gonzalo Saenz",2,0,1,0,1,0,0,,"Calle",,"LOGROÑO","9 de Julio","Ripio","S/D","XII","Dentro","Urbana","Ninguna","No existe","Intersección","Bueno","Buena","Nocturna","Buen Tiempo","S/D","S/D","Colisión","Ninguna","Faltante","Ninguna","S/D"
2017,8690,12/1/2017,"Viernes",0,20:01:00,"Ruta Nacional 95","929.0",3,"Pickup/Utilitario,Automóvil,Camión c / Acoplado"," ",3,2,0,0,1,0,0,,"Ruta",95,"GATO COLORADO","9 de Julio","Asfalto","Natural","XII","S/D","Rural","Ninguna","No existe","Recta","Bueno","Buena","Nocturna","Buen Tiempo","Lateral,Múltiple","S/D","Colisión","Ninguna","Horizontal,Vertical","Línea divisoria pintada","Sin restricción"
2017,8692,11/1/2017,"Miercoles",0,,,"0.0",1,"Camión c / Semirremolque"," ",1,1,0,0,0,0,0,,"S/D",,"SAN JERÓNIMO SUR","San Lorenzo","S/D","S/D","XVII","S/D","S/D","S/D","S/D","S/D","S/D","S/D","S/D","S/D","S/D","S/D","S/D","S/D","S/D","S/D","S/D"
2017,8693,12/4/2017,"Lunes",0,7:15:00,,"0.0",2,"Moto/Ciclomotor,Pickup/Utilitario","Iriondo Y San Lorenzo",2,1,0,0,1,0,0,,"Avenida",,"RICARDONE","San Lorenzo","Ripio","Ripio","XVII","Dentro","Urbana","Ninguna","No existe","Intersección","Bueno","Buena","Amanecer","Lluvia","Lateral","S/D","Colisión","Agua","S/D","Ninguna","S/D"
2017,8695,12/1/2017,"Viernes",0,7:15:00,,"0.0",2,"Pickup/Utilitario,Pickup/Utilitario","Gral San Martin Y Juan de Garay",7,4,0,0,3,0,0,,"Calle",,"VILLA MINETTI","9 de Julio","Ripio","No existe","XII","Dentro","Urbana","Señal Pare","No existe","Intersección","Con baches","Buena","Amanecer","Buen Tiempo","Lateral","S/D","Colisión","Material Suelto","Vertical","Ninguna","Sin restricción"
2017,8696,12/10/2017,"Domingo",0,19:45:00,,"0.0",2,"Moto/Ciclomotor,Automóvil","Mendoza ",1,1,0,0,0,0,0,,"Calle",,"VILLA MINETTI","9 de Julio","Tierra","No existe","XII","Dentro","Urbana","Ninguna","No existe","Recta","Bueno","Reducida","Amanecer","Buen Tiempo","Contra objeto fijo","S/D","Colisión","Material Suelto","Faltante","Ninguna","Sin restricción"
2017,8697,12/19/2017,"Martes",0,21:05:00,,"0.0",2,"Moto/Ciclomotor,Moto/Ciclomotor","Av Eduardo Minetti Y Justo Jose de Urquiza",4,3,0,0,1,0,0,,"Avenida",,"VILLA MINETTI","9 de Julio","Ripio","No existe","XII","S/D","Urbana","Ninguna","No existe","Intersección","Deteriorada","Reducida","Con luz artificial","Buen Tiempo","Lateral","S/D","Colisión","Material Suelto","Faltante","Ninguna","Sin restricción"
2017,8698,11/18/2017,"Sabado",0,20:35:00,"Ruta Nacional 9","0.0",2,"Moto/Ciclomotor,Automóvil"," ",3,0,2,0,1,0,0,,"Ruta",9,"ARMSTRONG","Belgrano","Asfalto","Natural","III","Dentro","Rural","Ninguna","No existe","Recta","Bueno","Buena","Nocturna","Buen Tiempo","Lateral","S/D","Colisión","Ninguna","Horizontal","Ninguna","Sin restricción"
2017,8699,11/1/2017,"Miercoles",0,20:00:00,,"0.0",2,"Otros,Moto/Ciclomotor","G Lopez Y Andreu",2,1,0,0,0,0,1,,"Calle",,"VILLA GOBERNADOR GÁLVEZ","Rosario","Asfalto","No existe","II","Dentro","Urbana","Ninguna","No existe","Intersección","Bueno","Buena","Nocturna","Buen Tiempo","Otro","S/D","Colisión","Ninguna","Faltante","Ninguna","Sin restricción"
2017,8700,11/6/2017,"Lunes",0,20:30:00,,"0.0",2,"Moto/Ciclomotor,Automóvil","Av. Battle y Ordoñez Y Italia",2,1,0,0,1,0,0,,"Avenida",,"ROSARIO","Rosario","Asfalto","No existe","II","Dentro","Urbana","Semáforo","Funciona","Intersección","Bueno","Buena","Atardecer","Buen Tiempo","Lateral","S/D","Colisión","Ninguna","Horizontal,Vertical","Cordón divisorio","Sin restricción"
2017,8701,11/1/2017,"Miercoles",0,15:30:00,,"0.0",2,"Moto/Ciclomotor,Automóvil","Saenz Peña Y Alvear",2,1,0,0,1,0,0,,"Calle",,"VILLA GOBERNADOR GÁLVEZ","Rosario","Asfalto","No existe","II","Dentro","Urbana","Ninguna","No existe","Intersección","Deteriorada","Buena","Diurna","Buen Tiempo","Lateral","S/D","Colisión","Ninguna","Faltante","Ninguna","Sin restricción"
2017,8702,11/15/2017,"Miercoles",0,15:15:00,"Ruta Nacional 178","0.0",2,"Automóvil,Automóvil"," ",2,2,0,0,0,0,0,,"Ruta",178,"LAS PAREJAS","Belgrano","Asfalto","Natural","III","S/D","Rural","Ninguna","No existe","Recta","Otro","Reducida polvo","Diurna","Viento Fuerte","De alcance","S/D","Colisión","S/D","Faltante","Ninguna","Sin restricción"
2017,8703,11/3/2017,"Viernes",0,9:40:00,,"0.0",2,"Bicicleta,Moto/Ciclomotor","Moreno Y Maipu",2,1,0,0,1,0,0,,"Calle",,"LAS ROSAS","Belgrano","Asfalto","No existe","III","Dentro","Urbana","Ninguna","No existe","Intersección","Bueno","Buena","Diurna","Buen Tiempo","S/D","Ciclista","Atropello","Ninguna","Faltante","Ninguna","Sin restricción"
2017,8705,11/4/2017,"Sabado",0,20:30:00,,"0.0",2,"Moto/Ciclomotor,Pickup/Utilitario","Gral Roca 652",4,1,0,0,3,0,0,,"Calle",,"LAS ROSAS","Belgrano","Asfalto","No existe","III","Dentro","Urbana","Ninguna","No existe","Recta","Bueno","Buena","Nocturna","Buen Tiempo","Lateral","S/D","Colisión","Ninguna","Faltante","Ninguna","Sin restricción"
2017,8706,11/2/2017,"Jueves",0,21:45:00,,"0.0",2,"Peatón,Pickup/Utilitario","Pje. Patria 1900",2,1,0,0,0,0,1,,"Calle",,"ROSARIO","Rosario","Asfalto","No existe","II","Dentro","Urbana","Ninguna","No existe","Recta","Bueno","Buena","Nocturna,Con luz artificial","Buen Tiempo","S/D","Peatón","Atropello","Ninguna","Faltante","Ninguna","Sin restricción"
2017,8707,11/28/2017,"Martes",0,18:00:00,,"0.0",2,"Automóvil,Moto/Ciclomotor","G Lopez Y Andreu",2,1,0,0,1,0,0,,"Calle",,"VILLA GOBERNADOR GÁLVEZ","Rosario","Asfalto","No existe","II","S/D","Urbana","Ninguna","No existe","Intersección","Bueno","Buena","Diurna","Buen Tiempo","S/D","S/D","Colisión","Ninguna","Faltante","Ninguna","Sin restricción"
2017,8708,11/26/2017,"Domingo",0,2:00:00,,"0.0",2,"Moto/Ciclomotor,Automóvil","Maipu Y Alvear",2,1,0,0,1,0,0,,"Calle",,"VILLA GOBERNADOR GÁLVEZ","Rosario","S/D","No existe","II","S/D","Urbana","Ninguna","No existe","Intersección","Bueno","Buena","Nocturna","Buen Tiempo","Lateral","S/D","Colisión","Ninguna","Faltante","Ninguna","Sin restricción"
2017,8709,11/5/2017,"Domingo",0,20:35:00,,"0.0",2,"Automóvil,Moto/Ciclomotor","Rivadavia Y Belgrano",6,6,0,0,0,0,0,,"Calle",,"LAS ROSAS","Belgrano","Asfalto","No existe","III","Dentro","Urbana","Ninguna","No existe","Intersección","Bueno","Buena","Nocturna","Buen Tiempo","Lateral","S/D","Colisión","Ninguna","Horizontal","Ninguna","Sin restricción"
2017,8710,10/31/2017,"Martes",0,12:00:00,,"0.0",2,"Moto/Ciclomotor,Automóvil","Bv. Avellaneda Y 24 De Setiembre",2,1,0,0,1,0,0,,"Avenida",,"ROSARIO","Rosario","Asfalto","No existe","II","Dentro","Urbana","Ninguna","No existe","Intersección","Bueno","Buena","Diurna","Buen Tiempo","Lateral","S/D","Colisión","Ninguna","Faltante","Ninguna","Sin restricción"
2017,8711,11/27/2017,"Lunes",0,13:30:00,,"0.0",2,"Moto/Ciclomotor,Automóvil","3 de Febrero Y San Juan",2,1,0,0,1,0,0,,"Calle",,"VILLA GOBERNADOR GÁLVEZ","Rosario","Asfalto","No existe","II","Dentro","Urbana","Ninguna","No existe","Intersección","Bueno","Buena","Diurna","Buen Tiempo","Lateral","S/D","Colisión","S/D","Faltante","Ninguna","Sin restricción"
2017,8712,11/6/2017,"Lunes",0,20:40:00,,"0.0",2,"Moto/Ciclomotor,Moto/Ciclomotor","Sarmiento Y Guillermo Benitez",4,3,0,0,1,0,0,,"Calle",,"LAS ROSAS","Belgrano","Asfalto","No existe","III","Dentro","Urbana","Ninguna","No existe","Intersección","Bueno","Buena","Nocturna","Buen Tiempo","S/D","S/D","Colisión","Ninguna","Faltante","Ninguna","Sin restricción"
2017,8713,11/1/2017,"Miercoles",0,12:05:00,,"0.0",2,"Pickup/Utilitario,Moto/Ciclomotor","Saavedra Y Constitucion",4,1,0,0,3,0,0,,"Calle",,"ROSARIO","Rosario","Asfalto","No existe","II","Dentro","Urbana","Ninguna","No existe","Intersección","Bueno","Buena","Diurna","Buen Tiempo","Lateral","S/D","Colisión","Ninguna","Faltante","Ninguna","Sin restricción"
2017,8714,11/1/2017,"Miercoles",0,16:30:00,,"0.0",2,"Bicicleta,Automóvil","Av. Circunvalacion ",2,1,0,0,1,0,0,,"Avenida",,"ROSARIO","Rosario","Asfalto","No existe","II","S/D","Urbana","Otra Señal","No existe","Paso a Nivel FFCC","Bueno","Buena","Atardecer","Otro","S/D","Ciclista","Atropello","Ninguna","Vertical","Guardarrail","Sin restricción"
2017,8715,11/2/2017,"Jueves",0,11:40:00,"Ruta Nacional 9","0.0",2,"Pickup/Utilitario,Moto/Ciclomotor","Sgto. J Cabral Y Ruta Nacional 9",2,0,1,0,1,0,0,,"Ruta",9,"ROLDÁN","San Lorenzo","Asfalto","Ripio","XVII","Dentro","Urbana","Ninguna","No existe","Intersección","Bueno","Buena","Diurna","Buen Tiempo","Lateral","S/D","Colisión","Ninguna","Faltante","Ninguna","Sin restricción"
2017,8716,11/3/2017,"Viernes",0,5:50:00,,"0.0",2,"Moto/Ciclomotor,Automóvil","Av. Ovidio Lagos Y Av. Ntra.Sra.del Rosario",2,1,0,0,1,0,0,,"Avenida",,"ROSARIO","Rosario","Asfalto","No existe","II","Dentro","Urbana","Semáforo","Funciona","Intersección","Bueno","Buena","Amanecer","Buen Tiempo","Lateral","S/D","Colisión","S/D","Horizontal,Vertical","Cordón divisorio","Sin restricción"
2017,8717,11/2/2017,"Jueves",0,18:00:00,,"0.0",2,"Moto/Ciclomotor,Camión Chasis","Dr.Rivas Y Vera Mujica",3,2,0,0,1,0,0,,"Calle",,"ROSARIO","Rosario","Asfalto","No existe","II","Dentro","Urbana","Ninguna","No existe","Recta","Bueno","Buena","Atardecer","Buen Tiempo","De alcance","S/D","Colisión","Ninguna","Faltante","Ninguna","Sin restricción"
2017,8718,11/4/2017,"Sabado",0,20:30:00,"Ruta Nacional 175","0.0",2,"Moto/Ciclomotor,Automóvil","Cordoba Y Pte Hipolito Irigoyen",4,1,0,0,3,0,0,,"Ruta",175,"PUERTO SAN MARTÍN","San Lorenzo","Asfalto","No existe","XVII","Dentro","Urbana","Ninguna","No existe","Intersección","Ahuellamiento","Buena","Nocturna","Buen Tiempo","Lateral","S/D","Colisión","Ninguna","Horizontal","Ninguna","Sin restricción"
2017,8719,11/22/2017,"Miercoles",0,22:15:00,,"0.0",2,"Automóvil,Automóvil","Bv. Oroño Y Av. Ntra.Sra.del Rosario",4,2,0,0,2,0,0,,"Avenida",,"ROSARIO","Rosario","Asfalto","No existe","II","Dentro","Urbana","Semáforo","Funciona","Intersección","Bueno","Buena","Nocturna,Con luz artificial","Buen Tiempo","Lateral","S/D","Colisión","Ninguna","Horizontal,Vertical","Cordón divisorio","Sin restricción"
2017,8720,10/25/2017,"Miercoles",0,10:45:00,"Ruta Nacional 11","911.0",1,"Automóvil"," ",1,0,0,0,0,1,0,"-28.1737912,-59.2654243","Ruta",11,"EL RABÓN","General Obligado","Asfalto","Natural","IX","Dentro","Rural","Ninguna","No existe","Recta","Bueno","Buena","Diurna","Buen Tiempo","S/D","S/D","Incendio,Vuelco","Ninguna","S/D","Ninguna","S/D"
2017,8721,11/5/2017,"Domingo",0,12:35:00,"Ruta Nacional 175","0.0",2,"Moto/Ciclomotor,Automóvil","San Luis Y Cordoba",3,2,0,0,1,0,0,,"Ruta",175,"PUERTO SAN MARTÍN","San Lorenzo","Asfalto","No existe","XVII","Dentro","Urbana","Marca Vial","No existe","Intersección","Bueno","Buena","Diurna","S/D","Lateral","S/D","Colisión","Ninguna","Horizontal","Ninguna","Sin restricción"
2017,8722,11/4/2017,"Sabado",0,7:05:00,,"0.0",3,"Automóvil,Automóvil,Automóvil","Bv. Avellaneda Y Av. Uriburu",4,1,0,0,3,0,0,,"Avenida",,"ROSARIO","Rosario","Asfalto","No existe","II","Dentro","Urbana","Semáforo","Funciona","Intersección","Bueno","Buena","Diurna","Buen Tiempo","Múltiple","S/D","Colisión","Ninguna","Horizontal,Vertical","Guardarrail","Sin restricción"
2017,8723,11/11/2017,"Sabado",0,8:20:00,,"0.0",2,"Moto/Ciclomotor,Automóvil","Mariano Moreno Y Piedras",3,2,0,0,1,0,0,,"Calle",,"ROSARIO","Rosario","Asfalto","No existe","II","Dentro","Urbana","Ninguna","No existe","Intersección","Bueno","Buena","Diurna","Buen Tiempo","Lateral","S/D","Colisión","Ninguna","Faltante","Ninguna","Sin restricción"
2017,8724,11/6/2017,"Lunes",0,11:15:00,"Ruta Nacional 175","0.0",2,"Moto/Ciclomotor,Automóvil","Cordoba ",4,2,0,0,2,0,0,,"Ruta",175,"PUERTO SAN MARTÍN","San Lorenzo","Asfalto","No existe","XVII","Dentro","Urbana","Ninguna","No existe","Recta","Ahuellamiento","Buena","Diurna","S/D","De alcance","S/D","Colisión","Ninguna","Horizontal","Ninguna","Sin restricción"
2017,8725,7/5/2017,"Miercoles",0,,,"0.0",2,"Moto/Ciclomotor,Automóvil","Pueyrredon Y San Martin",2,1,0,0,1,0,0,,"Calle",,"RAFAELA","Castellanos","Asfalto","No existe","V","Dentro","Urbana","Ninguna","No existe","Intersección","Bueno","S/D","S/D","S/D","S/D","S/D","Colisión","Ninguna","Horizontal","Ninguna","Sin restricción"
2017,8726,11/21/2017,"Martes",0,17:45:00,,"0.0",2,"Bicicleta,Automóvil","Monteagudo Y Saenz Peña",2,1,0,0,1,0,0,,"Calle",,"VILLA GOBERNADOR GÁLVEZ","Rosario","Asfalto","No existe","II","Dentro","Urbana","Ninguna","No existe","Intersección","Bueno","Buena","Atardecer","Buen Tiempo","S/D","Ciclista","Atropello","Ninguna","Faltante","Ninguna","Sin restricción"
2017,8727,11/11/2017,"Sabado",0,0:05:00,,"0.0",2,"Peatón,Automóvil","25 de Mayo Y Jujuy",2,1,0,0,1,0,0,,"Calle",,"PUERTO SAN MARTÍN","San Lorenzo","Asfalto","No existe","XVII","Dentro","Urbana","Ninguna","No existe","Intersección","Bueno","Buena","Nocturna","Buen Tiempo","S/D","Peatón","Atropello","Ninguna","Horizontal","Ninguna","Sin restricción"
2017,8728,6/20/2017,"Martes",0,13:30:00,,"0.0",1,"Moto/Ciclomotor","Bvard Argentino bis Y Ituzaingo",1,1,0,0,0,0,0,,"Calle",,"GÁLVEZ","San Jerónimo","S/D","S/D","XV","Dentro","Urbana","S/D","S/D","Recta","S/D","S/D","Diurna","S/D","S/D","S/D","Caída ocupante","S/D","S/D","S/D","Reparación de Vía"
2017,8729,11/25/2017,"Sabado",0,4:20:00,,"0.0",1,"Automóvil","J F Kennedy Y Av Gral San Martin",1,0,1,0,0,0,0,,"Calle",,"VILLA GOBERNADOR GÁLVEZ","Rosario","Asfalto","No existe","II","Dentro","Urbana","Ninguna","No existe","Intersección","Bueno","Buena","Nocturna,Con luz artificial","Buen Tiempo","Contra objeto fijo","S/D","Colisión","Ninguna","Faltante","Ninguna","Sin restricción"
2017,8730,11/11/2017,"Sabado",0,11:45:00,,"0.0",3,"Automóvil,Automóvil,Camión Chasis","Av. Ovidio Lagos Y Acevedo Bis",4,1,0,0,3,0,0,,"Avenida",,"ROSARIO","Rosario","Asfalto","No existe","II","Dentro","Urbana","Semáforo","Funciona","S/D","Bueno","Buena","Diurna","Buen Tiempo","Múltiple","S/D","Colisión","Ninguna","Horizontal,Vertical","Cordón divisorio,Línea divisoria pintada","Sin restricción"
2017,8731,11/15/2017,"Miercoles",0,12:45:00,,"0.0",2,"Moto/Ciclomotor,Automóvil","Sarmiento Y Reconquista",2,1,0,0,1,0,0,,"Calle",,"PUERTO SAN MARTÍN","San Lorenzo","Asfalto","No existe","XVII","Dentro","Urbana","Ninguna","No existe","Intersección","Bueno","Buena","Diurna","Buen Tiempo","Lateral","S/D","Colisión","Ninguna","Horizontal","Ninguna","Sin restricción"
2017,8732,11/10/2017,"Viernes",0,11:15:00,,"0.0",2,"Automóvil,Moto/Ciclomotor","Ing Mosconi Y Iriondo",2,1,0,0,1,0,0,,"Calle",,"VILLA GOBERNADOR GÁLVEZ","Rosario","Asfalto","No existe","II","S/D","Urbana","Ninguna","No existe","Intersección","Bueno","Buena","Diurna","Buen Tiempo","S/D","S/D","Colisión","Ninguna","Faltante","Ninguna","Sin restricción"
2017,8733,11/16/2017,"Jueves",0,12:30:00,,"0.0",2,"Pickup/Utilitario,Moto/Ciclomotor","Heroes de Malvinas Y Antartida Argentina",2,1,0,0,1,0,0,,"Calle",,"PUERTO SAN MARTÍN","San Lorenzo","Ripio","No existe","XVII","Dentro","Rural","Ninguna","No existe","Intersección","Bueno","Buena","Diurna","Buen Tiempo","Lateral","S/D","Colisión","Ninguna","Faltante","Ninguna","Sin restricción"
2017,8734,11/10/2017,"Viernes",0,15:25:00,,"0.0",2,"Automóvil,Moto/Ciclomotor","Soldado Aguirre Y Iriondo",3,2,0,0,1,0,0,,"Avenida",,"VILLA GOBERNADOR GÁLVEZ","Rosario","Asfalto","No existe","II","Dentro","Urbana","Ninguna","No existe","Intersección","Bueno","Buena","Diurna","Buen Tiempo","S/D","S/D","Colisión","Ninguna","Faltante","Ninguna","Sin restricción"
2017,8735,11/21/2017,"Martes",0,17:40:00,"Ruta Nacional 11","0.0",2,"Moto/Ciclomotor,Camión c / Acoplado","Pte Juan D Peron Y Ruta Nac 11",2,0,1,0,1,0,0,,"Ruta",11,"PUERTO SAN MARTÍN","San Lorenzo","Asfalto","Natural","XVII","Dentro","Rural","Ninguna","No existe","Intersección","Ahuellamiento","Buena","Diurna","Buen Tiempo","Lateral","S/D","Colisión","Ninguna","Horizontal","Ninguna","Sin restricción"
2017,8736,7/5/2017,"Miercoles",0,,,"0.0",2,"Camión c / Acoplado,Moto/Ciclomotor"," ",3,1,0,0,2,0,0,,"Calle",,"SAN GENARO","San Jerónimo","S/D","S/D","XV","Dentro","Urbana","S/D","S/D","Intersección","S/D","S/D","S/D","S/D","S/D","S/D","Colisión","S/D","S/D","S/D","S/D"