"anio_acci","nro_acci","fecha","desc_dia","fecha_aprox","hora_aprox","desc_ruta","km","cant_participantes","desc_participante","calle_avenida_km","total","heridos_leves","heridos_graves","heridos_gravisimos","ilesos","fallecidos","sin_datos","posicion_XY","desc_tipo_via","desc_ruta_ori","desc_loc","desc_dpto","desc_tipo_calzada","desc_tipo_banquina","desc_unidad_regional","desc_lugar_calzada","desc_zona","desc_prioridad","desc_estado_semaforo","desc_lugar_via","desc_estado_via","desc_estado_visibilidad","desc_luminosidad","desc_estado_clima","desc_tipo_colision","desc_tipo_atropello","desc_tipo_hecho","desc_pres_calzada","desc_senializacion","desc_separacion_via","desc_restriccion"
2017,8737,11/17/2017,"Viernes",0,18:45:00,,"0.0",2,"Automóvil,Automóvil","Saavedra Y Cafferata",4,1,0,0,3,0,0,,"Calle",,"ROSARIO","Rosario","Asfalto","No existe","II","Dentro","Urbana","Ninguna","No existe","Intersección","Bueno","Buena","Atardecer","Buen Tiempo","Lateral","S/D","Colisión","Ninguna","Faltante","Ninguna","Sin restricción"
2017,8738,10/19/2017,"Jueves",0,8:50:00,,"0.0",1,"Automóvil","Bv. Avellaneda Y 9 De Julio",2,0,0,0,0,1,1,"-32.946514, -60.680896","Avenida",,"ROSARIO","Rosario","Asfalto","No existe","II","Dentro","Urbana","Ninguna","Funciona","Recta","Bueno","Buena","Diurna","Buen Tiempo","Contra objeto fijo","S/D","Colisión","Ninguna","Vertical","Ninguna","Sin restricción"
2017,8739,11/12/2017,"Domingo",0,4:00:00,,"0.0",2,"Pickup/Utilitario,Automóvil","Buenos Aires Y Soldado Aguirre",3,2,0,0,0,0,1,,"Avenida",,"VILLA GOBERNADOR GÁLVEZ","Rosario","Asfalto","No existe","II","Dentro","Urbana","Ninguna","Funciona","Intersección","Con baches","Buena","Nocturna","Buen Tiempo","S/D","S/D","Colisión","Ninguna","Horizontal,Vertical","Ninguna","Sin restricción"
2017,8740,7/6/2017,"Jueves",0,18:15:00,,"0.0",2,"Automóvil,Bicicleta","Dean Funes Y Ayacucho",2,1,0,0,1,0,0,,"Calle",,"ROSARIO","Rosario","Asfalto","No existe","II","Dentro","Urbana","Ninguna","No existe","Intersección","Bueno","S/D","Diurna","S/D","S/D","Ciclista","Atropello","Ninguna","Faltante","Ninguna","Sin restricción"
2017,8741,11/21/2017,"Martes",0,4:40:00,"Ruta Nacional 11","0.0",2,"Moto/Ciclomotor,Automóvil","La Paz Y Ruta Nac 11",3,2,0,0,1,0,0,,"Ruta",11,"PUERTO SAN MARTÍN","San Lorenzo","Asfalto","Natural","XVII","Dentro","Rural","Ninguna","No existe","Intersección","Bueno","Reducida","Nocturna","Buen Tiempo","Lateral","S/D","Colisión","Ninguna","Horizontal","Ninguna","Sin restricción"
2017,8742,7/6/2017,"Jueves",0,,,"0.0",2,"Moto/Ciclomotor,Automóvil","F Lorenzatti Y Simon de Iriondo",2,1,0,0,1,0,0,,"Calle",,"RAFAELA","Castellanos","Asfalto","No existe","V","Dentro","Urbana","Señal Pare","No existe","Intersección","Bueno","S/D","S/D","S/D","S/D","S/D","Colisión","Ninguna","Vertical","Ninguna","Sin restricción"
2017,8743,11/14/2017,"Martes",0,16:30:00,,"0.0",2,"Automóvil,Automóvil","Eva Peron Y Entre Rios",4,2,0,0,2,0,0,,"Calle",,"VILLA GOBERNADOR GÁLVEZ","Rosario","Asfalto","No existe","II","Dentro","Urbana","Ninguna","No existe","Intersección","Deteriorada","Buena","Diurna","Buen Tiempo","S/D","S/D","Colisión","Ninguna","Faltante","Ninguna","Sin restricción"
2017,8744,11/1/2017,"Miercoles",1,,,"0.0",2,"Moto/Ciclomotor,Taxi/Remis","Av. Provincias Unidas Y Neuquen",2,1,0,0,1,0,0,,"Avenida",,"ROSARIO","Rosario","Asfalto","No existe","II","Dentro","Urbana","Marca Vial","No existe","Intersección","Bueno","Buena","S/D","Buen Tiempo","Lateral","S/D","Colisión","Ninguna","Horizontal","Ninguna","Sin restricción"
2017,8745,11/18/2017,"Sabado",0,12:20:00,,"0.0",2,"Moto/Ciclomotor,Moto/Ciclomotor","Bv. Avellaneda Y Garay",3,1,0,0,1,0,1,,"Avenida",,"ROSARIO","Rosario","Asfalto","No existe","II","Dentro","Urbana","Paso Peatonal","No existe","Recta","Bueno","Buena","Diurna","Buen Tiempo","Lateral","S/D","Colisión","Ninguna","Horizontal","Cordón divisorio","Sin restricción"
2017,8746,11/13/2017,"Lunes",0,21:45:00,,"0.0",2,"Automóvil,Moto/Ciclomotor","Magallanes Y Pasco",2,1,0,0,1,0,0,,"Calle",,"ROSARIO","Rosario","Asfalto","No existe","II","Dentro","Urbana","Ninguna","No existe","Intersección","Bueno","Buena","Nocturna","Buen Tiempo","De alcance","S/D","Colisión","Ninguna","Faltante","Ninguna","Sin restricción"
2017,8747,11/15/2017,"Miercoles",0,17:30:00,,"0.0",2,"Automóvil,Automóvil","Pasteur Y Juan B Justo",3,1,0,0,2,0,0,,"Calle",,"VILLA GOBERNADOR GÁLVEZ","Rosario","Asfalto","No existe","II","Dentro","Urbana","Ninguna","No existe","Intersección","Bueno","Buena","Diurna","Buen Tiempo","S/D","S/D","Colisión","Ninguna","Faltante","Ninguna","Sin restricción"
2017,8748,7/6/2017,"Jueves",0,18:35:00,"Ruta Nacional 11","790.0",3,"Automóvil,Moto/Ciclomotor,Camión"," ",3,1,0,0,2,0,0,,"Ruta",11,"AVELLANEDA","General Obligado","Asfalto","Pavimento","IX","Dentro","Rural","S/D","S/D","Recta","Bueno","Buena","Diurna","S/D","Múltiple","S/D","Colisión","Ninguna","S/D","S/D","S/D"
2017,8749,11/18/2017,"Sabado",0,8:45:00,,"0.0",2,"Peatón,Pickup/Utilitario","Av. Provincias Unidas 2240",2,1,0,0,0,0,1,,"Avenida",,"ROSARIO","Rosario","Asfalto","No existe","II","Dentro","Urbana","Ninguna","No existe","Recta","Bueno","S/D","Diurna","S/D","S/D","Peatón","Atropello","Ninguna","Faltante","Cordón divisorio","Sin restricción"
2017,8750,7/6/2017,"Jueves",0,,,"0.0",2,"Moto/Ciclomotor,Pickup/Utilitario","Capitan Bermudez Y Dorrego",4,3,0,0,1,0,0,,"Calle",,"GÁLVEZ","San Jerónimo","S/D","S/D","XV","Dentro","Urbana","S/D","S/D","Intersección","S/D","S/D","S/D","S/D","S/D","S/D","Colisión","S/D","S/D","S/D","S/D"
2017,8751,10/22/2017,"Domingo",0,7:30:00,,"0.0",1,"Pickup/Utilitario","Pje. Labroca Y Balcarce",4,2,1,0,0,1,0,"-32.971440, -60.658821","Calle",,"ROSARIO","Rosario","Asfalto","No existe","II","Dentro","Urbana","Señal Pare","No existe","Intersección","Bueno","Buena","Diurna","Buen Tiempo","Contra objeto fijo","S/D","Colisión","Ninguna","Horizontal","Ninguna","Sin restricción"
2017,8752,10/20/2017,"Viernes",0,10:40:00,,"0.0",2,"Automóvil,Moto/Ciclomotor","Av. Provincias Unidas Y Pampa",2,1,0,0,1,0,0,,"Avenida",,"ROSARIO","Rosario","Asfalto","No existe","II","Dentro","Urbana","Ninguna","No existe","Intersección","Bueno","S/D","Diurna","S/D","Lateral","S/D","Colisión","S/D","Faltante","Cordón divisorio","Sin restricción"
2017,8753,11/21/2017,"Martes",0,11:50:00,,"0.0",2,"Automóvil,Automóvil","Bv. Segui Y Vera Mujica",2,1,0,0,1,0,0,,"Avenida",,"ROSARIO","Rosario","Asfalto","No existe","II","Dentro","Urbana","Paso Peatonal","No existe","Recta","Bueno","Buena","Diurna","Buen Tiempo","De alcance","S/D","Colisión","Ninguna","Horizontal","Línea divisoria pintada","Sin restricción"
2017,8754,11/16/2017,"Jueves",0,17:35:00,,"0.0",2,"Moto/Ciclomotor,Bicicleta","Almafuerte Y Av del Libertador",2,2,0,0,0,0,0,,"S/D",,"VILLA GOBERNADOR GÁLVEZ","Rosario","Asfalto","No existe","II","S/D","Urbana","Ninguna","No existe","Intersección","Bueno","Buena","Diurna","Buen Tiempo","S/D","Ciclista","Atropello","Ninguna","Faltante","Ninguna","Sin restricción"
2017,8755,11/4/2017,"Sabado",0,15:35:00,"Ruta Nacional 34","20.0",1,"Automóvil"," ",4,1,2,0,1,0,0,,"Ruta",34,"LUIS PALACIOS","San Lorenzo","Ripio","Ripio","XVII","Fuera","Urbana","Marca Vial","No existe","Recta","Bueno","Buena","Diurna","Buen Tiempo","S/D","S/D","Vuelco","Ninguna","Horizontal,Vertical","Línea divisoria pintada","Sin restricción"
2017,8756,11/24/2017,"Viernes",0,21:00:00,,"0.0",2,"Moto/Ciclomotor,Automóvil","Iriondo Y La Paz",2,1,0,0,1,0,0,,"Calle",,"ROSARIO","Rosario","Asfalto","No existe","II","Dentro","Urbana","Ninguna","No existe","Intersección","Bueno","Buena","Nocturna","Buen Tiempo","Frontal","S/D","Colisión","Ninguna","Faltante","Ninguna","Sin restricción"
2017,8757,11/16/2017,"Jueves",0,18:30:00,,"0.0",2,"Moto/Ciclomotor,Peatón","Av del Libertador Y J J Paso",2,1,0,0,1,0,0,,"Calle",,"VILLA GOBERNADOR GÁLVEZ","Rosario","Asfalto","No existe","II","Dentro","Urbana","Ninguna","No existe","Intersección","Deteriorada","Buena","Atardecer","Buen Tiempo","S/D","Peatón","Atropello","Ninguna","Faltante","Ninguna","Sin restricción"
2017,8758,11/24/2017,"Viernes",0,15:00:00,,"0.0",2,"Taxi/Remis,Automóvil","Bv. 27 de Febrero Bis Y Vera Mujica",2,1,0,0,1,0,0,,"Avenida",,"ROSARIO","Rosario","Asfalto","No existe","II","Dentro","Urbana","Semáforo","Funciona","Intersección","Resbaladiza","Reducida","Diurna","Lluvia","Frontal","S/D","Colisión","Agua","Vertical","Cordón divisorio","Sin restricción"
2017,8759,7/8/2017,"Sabado",0,,,"0.0",2,"Moto/Ciclomotor,Automóvil","Av Doctor E Salva Y Lisandro de la Torre",2,1,0,0,1,0,0,,"Calle",,"RAFAELA","Castellanos","Asfalto","No existe","V","Dentro","Urbana","Semáforo","Funciona","Intersección","Bueno","S/D","S/D","S/D","S/D","S/D","Colisión","Ninguna","Vertical","Ninguna","Sin restricción"
2017,8760,7/8/2017,"Sabado",0,,,"0.0",2,"Moto/Ciclomotor,Bicicleta"," ",2,1,0,0,1,0,0,,"Calle",,"VENADO TUERTO","General López","S/D","S/D","VIII","Dentro","Urbana","S/D","S/D","S/D","S/D","S/D","S/D","S/D","S/D","Ciclista","Atropello","S/D","S/D","S/D","S/D"
2017,8761,11/15/2017,"Miercoles",0,16:30:00,"Ruta Nacional 34","31.0",6,"Camión c / Acoplado,Camión c / Acoplado,Camión c / Acoplado,Camión c / Semirremolque,Camión c / Semirremolque,Automóvil"," ",7,1,1,0,5,0,0,,"Ruta",34,"LUIS PALACIOS","San Lorenzo","Asfalto","Natural","XVII","Dentro","Rural","Marca Vial","No existe","Recta","Bueno","Reducida polvo","Diurna","Viento Fuerte","Múltiple","S/D","Colisión","Material Suelto,Otro","Horizontal","Línea divisoria pintada","Sin restricción"
2017,8762,11/18/2017,"Sabado",0,12:10:00,,"0.0",2,"Moto/Ciclomotor,Automóvil","Av del Libertador Y Juan B Justo",3,2,0,0,1,0,0,,"Calle",,"VILLA GOBERNADOR GÁLVEZ","Rosario","Asfalto,Tierra","No existe","II","Dentro","Urbana","Ninguna","No existe","Intersección","Deteriorada","Buena","Diurna","Buen Tiempo","S/D","S/D","Colisión","Ninguna","Faltante","Ninguna","Sin restricción"
2017,8763,7/8/2017,"Sabado",0,,"Ruta Provincial 10","0.0",2,"Camión,Automóvil"," ",2,1,0,0,1,0,0,,"Ruta",10,"GÁLVEZ","San Jerónimo","S/D","S/D","XV","Dentro","Urbana","S/D","S/D","Recta","S/D","S/D","S/D","S/D","S/D","S/D","Colisión","S/D","S/D","S/D","S/D"
2017,8764,11/23/2017,"Jueves",0,12:35:00,,"0.0",2,"Moto/Ciclomotor,Automóvil","Bv. 27 De Febrero Y Alsina",2,1,0,0,1,0,0,,"Avenida",,"ROSARIO","Rosario","Asfalto","No existe","II","Dentro","Urbana","Semáforo","Funciona","Recta","Bueno","Buena","Diurna","Buen Tiempo","De alcance","S/D","Colisión","Ninguna","Vertical","Cordón divisorio","Sin restricción"
2017,8765,10/28/2017,"Sabado",0,5:30:00,,"0.0",2,"Moto/Ciclomotor,Moto/Ciclomotor","Paraguay Y Bv Santa Fe",4,3,0,0,0,1,0,"-31.254472, -61.481156","Avenida",,"RAFAELA","Castellanos","Asfalto","No existe","V","Dentro","Urbana","Semáforo","Funciona","Intersección","Bueno","Buena","Nocturna","Buen Tiempo","Lateral","S/D","Colisión","Ninguna","Vertical","Línea divisoria pintada","Sin restricción"
2017,8766,11/28/2017,"Martes",0,18:30:00,,"0.0",2,"Pickup/Utilitario,Moto/Ciclomotor","Comodoro Rivadavia Y Suipacha",3,1,1,0,1,0,0,,"Calle",,"ROSARIO","Rosario","Asfalto","No existe","II","Dentro","Urbana","Ninguna","No existe","Intersección","Bueno","Buena","Atardecer","Buen Tiempo","Lateral","S/D","Colisión","Ninguna","Faltante","Ninguna","Sin restricción"
2017,8767,11/23/2017,"Jueves",0,9:00:00,,"0.0",2,"Moto/Ciclomotor,Automóvil","Bv. 27 De Febrero Y Castellanos",2,1,0,0,1,0,0,,"Avenida",,"ROSARIO","Rosario","Asfalto","No existe","II","Dentro","Urbana","Semáforo","Funciona","Recta","Bueno","Buena","Diurna","Buen Tiempo","De alcance","S/D","Colisión","Ninguna","Vertical","Cordón divisorio","Sin restricción"
2017,8768,11/30/2017,"Jueves",0,21:55:00,,"0.0",2,"Automóvil,Moto/Ciclomotor","SAN LUIS Y P. ESTHER",3,0,2,0,1,0,0,,"Calle",,"ALBERDI","Rosario","Asfalto","No existe","II","S/D","Urbana","S/D","No existe","Intersección","S/D","S/D","Nocturna","S/D","S/D","S/D","Colisión","S/D","Faltante","S/D","S/D"
2017,8769,11/17/2017,"Viernes",0,18:55:00,,"0.0",2,"Moto/Ciclomotor,Automóvil","Bv. Segui Y Pje. Espinillo",3,2,0,0,1,0,0,,"Calle",,"ROSARIO","Rosario","Asfalto","No existe","II","Dentro","Urbana","Ninguna","No existe","Intersección","Bueno","Buena","Atardecer","Otro","Lateral","S/D","Colisión","Ninguna","Faltante","Ninguna","Sin restricción"
2017,8770,11/15/2017,"Miercoles",0,17:10:00,"Ruta Nacional 34","31.0",2,"Camión c / Acoplado,Camión c / Semirremolque"," ",2,0,1,0,1,0,0,,"Ruta",34,"LUIS PALACIOS","San Lorenzo","Asfalto","Natural","XVII","Dentro","Rural","Ninguna","No existe","Recta","Resbaladiza","Reducida polvo","Diurna","Viento Fuerte","Frontal","S/D","Colisión","Material Suelto","Horizontal","Línea divisoria pintada","Accidente Previo"
2017,8771,11/19/2017,"Domingo",0,11:35:00,,"0.0",2,"Automóvil,Automóvil","RUTA 21 Y OROÑO",3,2,0,0,1,0,0,,"S/D",,"PUEBLO ESTHER","Rosario","Asfalto","S/D","II","S/D","Urbana","S/D","S/D","S/D","S/D","S/D","Diurna","S/D","S/D","S/D","S/D","S/D","S/D","S/D","S/D"
2017,8772,11/7/2017,"Martes",0,17:45:00,,"0.0",2,"Moto/Ciclomotor,Automóvil","Uruguay Y Liniers",3,2,0,0,1,0,0,,"Calle",,"ROSARIO","Rosario","Asfalto","No existe","II","Dentro","Urbana","Ninguna","No existe","Intersección","Bueno","Buena","Atardecer","Otro","Lateral","S/D","Colisión","Ninguna","Faltante","Ninguna","Sin restricción"
2017,8773,11/17/2017,"Viernes",0,20:00:00,"Ruta Provincial 21","288.0",2,"Automóvil,Moto/Ciclomotor"," ",2,1,0,0,1,0,0,,"Ruta",21,"ALVEAR","Rosario","Asfalto","Natural","II","S/D","Rural","Ninguna","No existe","Recta","Bueno","Buena","Atardecer,Con luz artificial","Buen Tiempo","Lateral","S/D","Colisión","Ninguna","Horizontal","Línea divisoria pintada","Sin restricción"
2017,8774,10/20/2017,"Viernes",0,2:30:00,"Ruta Nacional 11","0.0",2,"Bicicleta,Automóvil","J M Rosas ",3,1,0,0,1,1,0,"-32.832721, -60.711232","Ruta",11,"CAPITÁN BERMÚDEZ","San Lorenzo","Asfalto","Natural","XVII","Dentro","Urbana","Ninguna","No existe","Paso a Nivel FFCC","Bueno","Buena","Nocturna","Buen Tiempo","S/D","Ciclista","Atropello","Ninguna","Faltante","Ninguna","Sin restricción"
2017,8775,11/1/2017,"Miercoles",1,,,"0.0",2,"Moto/Ciclomotor,Automóvil"," ",2,1,0,0,1,0,0,,"S/D",,"TIMBÚES","San Lorenzo","S/D","S/D","XVII","S/D","S/D","S/D","S/D","S/D","S/D","S/D","S/D","S/D","S/D","S/D","Colisión","S/D","S/D","S/D","S/D"
2017,8776,11/25/2017,"Sabado",0,22:15:00,"Autopista Nacional Gral. Juan Jose Valle","0.0",1,"Automóvil","Roma ",3,1,0,0,2,0,0,,"Autopista","Gral. Juan Jose Valle","ALVEAR","Rosario","Asfalto","Natural","II","S/D","Rural","Ninguna","No existe","Recta","Bueno","Buena","Nocturna,Con luz artificial","Buen Tiempo","Otro","S/D","Despiste","Ninguna","Horizontal","Línea divisoria pintada","S/D"
2017,8777,11/7/2017,"Martes",0,18:40:00,,"0.0",2,"Moto/Ciclomotor,Taxi/Remis","Av. Eva Peron Y Larrea",4,1,0,0,3,0,0,,"Avenida",,"ROSARIO","Rosario","Asfalto","No existe","II","S/D","Urbana","Ninguna","No existe","Intersección","Bueno","Buena","Atardecer","Otro","Lateral","S/D","Colisión","Ninguna","Faltante","Ninguna","Sin restricción"
2017,8778,11/12/2017,"Domingo",0,12:30:00,"Ruta Provincial 21","0.0",1,"Automóvil","Rivadavia ",2,2,0,0,0,0,0,,"Ruta",21,"ALVEAR","Rosario","Asfalto","Natural","II","S/D","Urbana","Ninguna","No existe","Recta","Bueno","Buena","Diurna","Buen Tiempo","Contra objeto fijo","S/D","Colisión","Ninguna","Horizontal","Línea divisoria pintada","S/D"
2017,8779,11/9/2017,"Jueves",0,7:00:00,"Autopista Nacional Rosario -Cordoba","0.0",1,"Otros"," ",1,1,0,0,0,0,0,,"Autopista","Rosario -Cordoba","SAN JERÓNIMO SUR","San Lorenzo","Asfalto","Natural","XVII","Fuera","Rural","Ninguna","No existe","Recta","Con baches","Buena","Diurna","Buen Tiempo","S/D","S/D","Despiste","Ninguna","Faltante","Línea divisoria pintada","Sin restricción"
2017,8780,11/2/2017,"Jueves",0,20:00:00,,"0.0",2,"Moto/Ciclomotor,Automóvil","Pje. Lejarza Y Tte.Agneta",3,2,0,0,1,0,0,,"Calle",,"ROSARIO","Rosario","Asfalto","No existe","II","Dentro","Urbana","Ninguna","No existe","Intersección","Bueno","Reducida","Nocturna","Otro","Lateral","S/D","Colisión","Ninguna","Faltante","Ninguna","Sin restricción"
2017,8781,11/7/2017,"Martes",0,23:00:00,,"0.0",2,"Peatón,Automóvil","Av Juan Domingo Peron Y Garay",3,2,0,0,1,0,0,,"Calle",,"VILLA GOBERNADOR GÁLVEZ","Rosario","Asfalto","No existe","II","Dentro","Urbana","Ninguna","No existe","Intersección","Bueno","Buena","Nocturna,Con luz artificial","Buen Tiempo","S/D","Peatón","Atropello","Ninguna","Faltante","Cordón divisorio","Sin restricción"
2017,8782,11/17/2017,"Viernes",0,11:10:00,"Ruta Nacional 34","24.0",2,"Camión c / Acoplado,Camión c / Semirremolque"," ",3,1,0,0,2,0,0,,"Ruta",34,"LUIS PALACIOS","San Lorenzo","Asfalto","Ripio","XVII","Dentro","Rural","Otra Señal","No existe","Paso a Nivel FFCC","Bueno","Buena","Diurna","Buen Tiempo","De alcance","S/D","Colisión","Ninguna","Horizontal,Vertical","Línea divisoria pintada","Sin restricción"
2017,8784,11/15/2017,"Miercoles",0,12:30:00,,"0.0",2,"Moto/Ciclomotor,Automóvil","Av Gral San Martin Y Girardi",2,1,0,0,1,0,0,,"Calle",,"VILLA GOBERNADOR GÁLVEZ","Rosario","Asfalto","No existe","II","Dentro","Urbana","Ninguna","No existe","Intersección","Bueno","Buena","Diurna","Buen Tiempo","Lateral","S/D","Colisión","Ninguna","Faltante","Ninguna","Sin restricción"
2017,8785,11/12/2017,"Domingo",0,19:30:00,,"0.0",2,"Moto/Ciclomotor,Moto/Ciclomotor","Suipacha Y Liniers",2,1,0,0,1,0,0,,"Calle",,"VILLA GOBERNADOR GÁLVEZ","Rosario","Asfalto","No existe","II","Dentro","Urbana","Ninguna","No existe","Intersección","Con baches","Buena","Atardecer","Buen Tiempo","Frontal","S/D","Colisión","Material Suelto","Faltante","Ninguna","Sin restricción"
2017,8786,11/17/2017,"Viernes",0,22:15:00,,"0.0",2,"Moto/Ciclomotor,Automóvil","Av Gral San Martin Y Saenz Peña",3,2,0,0,1,0,0,,"Calle",,"VILLA GOBERNADOR GÁLVEZ","Rosario","Asfalto","No existe","II","Dentro","Urbana","Ninguna","No existe","Intersección","Bueno","Buena","Nocturna,Con luz artificial","Buen Tiempo","Lateral","S/D","Colisión","Ninguna","Faltante","Ninguna","Sin restricción"
2017,8788,11/24/2017,"Viernes",0,13:35:00,"Autopista Provincial Brigadier E.López","27.0",1,"Automóvil"," ",1,1,0,0,0,0,0,,"Autopista","Brigadier E.López","TIMBÚES","San Lorenzo","Asfalto","Natural","XVII","Dentro","Rural","Marca Vial","No existe","Recta","Bueno","Buena","Diurna","Buen Tiempo","S/D","S/D","Vuelco","Ninguna","Horizontal","Vegetación","Sin restricción"
2017,8789,11/7/2017,"Martes",0,10:30:00,"Ruta Provincial 18","0.0",2,"Automóvil,Camión","Av. Ovidio Lagos Y Camino de los Quinteros",2,1,0,0,1,0,0,,"Ruta",18,"ROSARIO","Rosario","Asfalto","No existe","II","Dentro","Urbana","Semáforo","Funciona","Intersección","Con baches","Buena","Diurna","Lluvia","Otro","S/D","Colisión","Material Suelto","Horizontal,Vertical","Cordón divisorio","Sin restricción"
2017,8790,11/17/2017,"Viernes",0,14:00:00,,"0.0",2,"Moto/Ciclomotor,Automóvil","Fornieles ",2,1,0,0,1,0,0,,"Calle",,"VILLA GOBERNADOR GÁLVEZ","Rosario","Asfalto","No existe","II","Dentro","Urbana","Ninguna","No existe","Intersección","Bueno","Buena","Diurna","Buen Tiempo","Lateral","S/D","Colisión","Ninguna","Faltante","Ninguna","Sin restricción"
2017,8791,11/13/2017,"Lunes",0,,"Ruta Nacional 11","0.0",1,"Moto/Ciclomotor","España ",1,1,0,0,0,0,0,,"Ruta",11,"TIMBÚES","San Lorenzo","Asfalto","No existe","XVII","Dentro","Rural","Ninguna","No existe","Curva","Bueno","Buena","Diurna","Buen Tiempo","S/D","S/D","Vuelco","Ninguna","Faltante","Ninguna","Sin restricción"
2017,8792,11/17/2017,"Viernes",0,20:30:00,,"0.0",2,"Moto/Ciclomotor,Automóvil","Av Gral San Martin Y J F Kennedy",2,2,0,0,0,0,0,,"Calle",,"VILLA GOBERNADOR GÁLVEZ","Rosario","Asfalto","No existe","II","Dentro","Urbana","Ninguna","S/D","Intersección","Bueno","S/D","Amanecer","Buen Tiempo","Lateral","S/D","Colisión","Ninguna","Faltante","Ninguna","Sin restricción"
2017,8793,11/17/2017,"Viernes",0,23:30:00,,"0.0",2,"Automóvil,Moto/Ciclomotor","9 de Julio Y Soldado Aguirre",2,1,0,0,1,0,0,,"Avenida",,"VILLA GOBERNADOR GÁLVEZ","Rosario","Asfalto","No existe","II","Dentro","Urbana","Ninguna","No existe","Intersección","Con baches","Buena","Nocturna","Buen Tiempo","Frontal","S/D","Colisión","Material Suelto","Faltante","Ninguna","Obra en Construcción"
2017,8794,10/15/2017,"Domingo",0,18:50:00,,"0.0",2,"Peatón,Transporte de Pasajeros Urbano (> 8 asientos)","Av. Ovidio Lagos Y Copacabana",2,1,0,0,1,0,0,,"Calle",,"ROSARIO","Rosario","Asfalto","No existe","II","Dentro","Urbana","Ninguna","No existe","Recta","Bueno","Buena","Atardecer","Buen Tiempo","S/D","Peatón","Atropello","Ninguna","S/D","Cordón divisorio","Sin restricción"
2017,8795,11/22/2017,"Miercoles",0,8:30:00,,"0.0",2,"Otros,Otros","Mitre Y Maipu",2,1,0,0,0,0,1,,"Calle",,"TIMBÚES","San Lorenzo","Hormigón","No existe","XVII","Dentro","Urbana","Ninguna","No existe","Intersección","Bueno","Buena","Amanecer","Buen Tiempo","S/D","S/D","Atropello","Ninguna","Faltante","Ninguna","Sin restricción"
2017,8796,11/12/2017,"Domingo",0,17:30:00,,"0.0",1,"Moto/Ciclomotor","AV BRIG LOPEZ Y 16 DE JULIO",1,1,0,0,0,0,0,,"Calle",,"TIMBÚES","San Lorenzo","Tierra","No existe","XVII","Dentro","Rural","Ninguna","No existe","Recta","Con baches","Buena","Diurna","Buen Tiempo","S/D","S/D","Vuelco","Ninguna","Faltante","Ninguna","Sin restricción"
2017,8797,11/25/2017,"Sabado",0,5:45:00,,"0.0",1,"Automóvil","Soldado Aguirre Y San Lorenzo",1,1,0,0,0,0,0,,"Avenida",,"VILLA GOBERNADOR GÁLVEZ","Rosario","Asfalto,Tierra","No existe","II","Dentro","Urbana","Ninguna","No existe","Intersección","Con baches","Buena","Nocturna","Buen Tiempo","Contra objeto fijo","S/D","Colisión","Material Suelto","Faltante","Ninguna","Sin restricción"
2017,8798,11/8/2017,"Miercoles",0,18:30:00,,"0.0",2,"Pickup/Utilitario,Automóvil","CACIQUE MANGORE Y CAMINO PUBLICO",2,1,0,0,1,0,0,,"Camino Rural",,"TIMBÚES","San Lorenzo","Arena","No existe","XVII","Dentro","Rural","Ninguna","No existe","Intersección","Deteriorada","Buena","Atardecer","Buen Tiempo","Frontal","S/D","Colisión","Ninguna","Faltante","Ninguna","Sin restricción"
2017,8799,11/21/2017,"Martes",0,13:20:00,,"0.0",1,"Moto/Ciclomotor","Villata Y Centeno",2,1,0,0,1,0,0,,"Calle",,"RICARDONE","San Lorenzo","Ripio","Natural","XVII","Dentro","Urbana","Ninguna","No existe","Intersección","Bueno","Buena","Diurna","Buen Tiempo","Lateral","S/D","Caída ocupante","Material Suelto","S/D","Ninguna","Sin restricción"
2017,8801,11/3/2017,"Viernes",0,17:30:00,,"0.0",1,"Moto/Ciclomotor","Colon 2170",2,2,0,0,0,0,0,,"Calle",,"VERA","Vera","Asfalto","No existe","XIX","Dentro","Urbana","Ninguna","No existe","Recta","Bueno","Buena","Diurna","Buen Tiempo","Atropello animal","S/D","Colisión","Ninguna","Faltante","Ninguna","Sin restricción"
2017,8802,7/8/2017,"Sabado",0,,"Autopista Provincial Brigadier E.López","63.0",1,"Automóvil"," ",1,1,0,0,0,0,0,,"Autopista","Brigadier E.López","MONJE","San Jerónimo","Asfalto","S/D","XV","Dentro","Rural","S/D","S/D","Recta","S/D","S/D","S/D","S/D","S/D","S/D","Vuelco","S/D","S/D","S/D","S/D"
2017,8803,11/4/2017,"Sabado",0,16:15:00,,"0.0",2,"Moto/Ciclomotor,Automóvil","San Martin Y 9 de Julio",2,1,0,0,1,0,0,,"Calle",,"VERA","Vera","Asfalto","No existe","XIX","Dentro","Urbana","Ninguna","No existe","Intersección","Bueno","Buena","Diurna","Buen Tiempo","Frontal","S/D","Colisión","Ninguna","Faltante","Ninguna","Sin restricción"