"anio_acci","nro_acci","fecha","desc_dia","fecha_aprox","hora_aprox","desc_ruta","km","cant_participantes","desc_participante","calle_avenida_km","total","heridos_leves","heridos_graves","heridos_gravisimos","ilesos","fallecidos","sin_datos","posicion_XY","desc_tipo_via","desc_ruta_ori","desc_loc","desc_dpto","desc_tipo_calzada","desc_tipo_banquina","desc_unidad_regional","desc_lugar_calzada","desc_zona","desc_prioridad","desc_estado_semaforo","desc_lugar_via","desc_estado_via","desc_estado_visibilidad","desc_luminosidad","desc_estado_clima","desc_tipo_colision","desc_tipo_atropello","desc_tipo_hecho","desc_pres_calzada","desc_senializacion","desc_separacion_via","desc_restriccion"
2017,8804,7/8/2017,"Sabado",0,5:20:00,"Ruta Nacional 34","89.0",2,"Camión c / Acoplado,Camión"," ",3,1,0,0,2,0,0,,"Ruta",34,"SAN GENARO","San Jerónimo","Asfalto","S/D","XV","Dentro","Rural","S/D","S/D","Recta","S/D","S/D","Nocturna","S/D","S/D","S/D","Colisión","S/D","S/D","S/D","S/D"
2017,8805,7/9/2017,"Domingo",0,10:15:00,,"0.0",2,"Automóvil,Automóvil","Av. Pte.Peron Y Av. Circunvalacion",5,3,0,0,2,0,0,,"Calle",,"ROSARIO","Rosario","Asfalto","S/D","II","Dentro","Urbana","S/D","S/D","Recta","Bueno","S/D","Diurna","S/D","S/D","S/D","Colisión","S/D","S/D","S/D","S/D"
2017,8806,11/4/2017,"Sabado",0,22:30:00,,"0.0",2,"Automóvil,Moto/Ciclomotor","Belgrano Y L Alem",3,2,0,0,1,0,0,,"Calle",,"VERA","Vera","Ripio","No existe","XIX","Dentro","Urbana","Ninguna","No existe","Intersección","Bueno","Buena","Nocturna","Buen Tiempo","Frontal","S/D","Colisión","Ninguna","Faltante","Ninguna","Sin restricción"
2017,8807,7/9/2017,"Domingo",0,16:00:00,,"0.0",2,"Automóvil,Moto/Ciclomotor","Av. Provincias Unidas Y Velez Sarsfield",2,1,0,0,1,0,0,,"Calle",,"ROSARIO","Rosario","Asfalto","No existe","II","Dentro","Urbana","Semáforo","Funciona","Intersección","Bueno","S/D","Diurna","S/D","S/D","S/D","Colisión","Ninguna","Horizontal,Vertical","Cordón divisorio","Sin restricción"
2017,8808,7/10/2017,"Lunes",0,,,"0.0",2,"Moto/Ciclomotor,Automóvil","General Manuel Belgrano Y Fray Luis Beltran",2,1,0,0,1,0,0,,"Calle",,"CASILDA","Caseros","Asfalto","No existe","IV","Dentro","Urbana","Ninguna","No existe","Intersección","Bueno","S/D","S/D","S/D","S/D","S/D","Colisión","Ninguna","Faltante","Ninguna","Sin restricción"
2017,8809,11/12/2017,"Domingo",0,13:45:00,,"0.0",2,"Automóvil,Moto/Ciclomotor","Rosario Y Corrientes",3,2,0,0,1,0,0,,"Calle",,"VERA","Vera","Asfalto","No existe","XIX","Dentro","Urbana","Ninguna","No existe","Intersección","Bueno","Buena","Diurna","Buen Tiempo","Frontal","S/D","Colisión","Ninguna","Faltante","Ninguna","Sin restricción"
2017,8810,11/29/2017,"Miercoles",0,13:45:00,,"0.0",2,"Moto/Ciclomotor,Automóvil","Mitre B Y R Mudry",2,1,0,0,1,0,0,"-29.452555555556,-60.212944444444","Calle",,"VERA","Vera","Ripio","No existe","XIX","Dentro","Urbana","Ninguna","No existe","Intersección","Bueno","Buena","Diurna","Buen Tiempo","Frontal","S/D","Colisión","Ninguna","Faltante","Ninguna","Sin restricción"
2017,8811,11/9/2017,"Jueves",0,9:50:00,,"0.0",2,"Pickup/Utilitario,Bicicleta","San Martin Y L de la Torre",2,1,0,0,1,0,0,,"Calle",,"VERA","Vera","Asfalto","No existe","XIX","Dentro","Urbana","Semáforo","Funciona","Intersección","Bueno","Buena","Diurna","Buen Tiempo","S/D","Ciclista","Atropello","Ninguna","Vertical","Ninguna","Sin restricción"
2017,8812,11/13/2017,"Lunes",0,8:30:00,"Ruta Provincial 3","16.0",1,"Automóvil"," ",1,1,0,0,0,0,0,,"Ruta",3,"VERA","Vera","Asfalto","Natural","XIX","Dentro","Rural","Ninguna","No existe","Recta","Bueno","Buena","Diurna","Buen Tiempo","S/D","S/D","Despiste","Ninguna","S/D","Ninguna","Sin restricción"
2017,8813,6/16/2017,"Viernes",0,6:00:00,,"0.0",2,"Camión,Automóvil","Av. Pellegrini Y Maipu",2,0,0,0,1,1,0,"-32.957744, -60.638115","Calle",,"ROSARIO","Rosario","Asfalto","No existe","II","Dentro","Urbana","Semáforo","Funciona","Intersección","Bueno","S/D","Amanecer","S/D","De alcance","S/D","Colisión","Ninguna","Horizontal,Vertical","Cordón divisorio","Sin restricción"
2017,8814,11/7/2017,"Martes",0,13:45:00,,"0.0",2,"Automóvil,Moto/Ciclomotor","San Martin Y Pueyrredon",2,1,0,0,1,0,0,,"Calle",,"CALCHAQUÍ","Vera","Asfalto","Pavimento","XIX","Dentro","Urbana","S/D","No existe","Recta","Bueno","Buena","Diurna","Buen Tiempo","S/D","S/D","Colisión","Ninguna","S/D","S/D","S/D"
2017,8815,11/7/2017,"Martes",0,23:45:00,,"0.0",1,"Moto/Ciclomotor","Agustin Justo Y Tucuman",1,1,0,0,0,0,0,,"Calle",,"CALCHAQUÍ","Vera","S/D","No existe","XIX","Dentro","Urbana","S/D","No existe","Intersección","Bueno","S/D","Nocturna","Buen Tiempo","Atropello animal","S/D","Colisión","Ninguna","S/D","S/D","S/D"
2017,8816,11/8/2017,"Miercoles",0,0:15:00,"Ruta Nacional 11","666.0",2,"Camión c / Acoplado,Automóvil"," ",4,1,0,0,3,0,0,,"Ruta",11,"CALCHAQUÍ","Vera","Asfalto","Natural","XIX","S/D","Rural","S/D","No existe","Recta","Bueno","Buena","Nocturna","Buen Tiempo","S/D","S/D","Colisión","Ninguna","S/D","S/D","S/D"
2017,8817,11/28/2017,"Martes",0,17:40:00,,"0.0",2,"Moto/Ciclomotor,Moto/Ciclomotor","Rivadavia Y Moreno",2,1,1,0,0,0,0,,"Calle",,"CALCHAQUÍ","Vera","Tierra","Natural","XIX","Dentro","Urbana","S/D","No existe","Recta","Bueno","Buena","Diurna","Buen Tiempo","S/D","S/D","Colisión","Ninguna","S/D","S/D","S/D"
2017,8818,11/29/2017,"Miercoles",0,18:40:00,,"0.0",2,"Moto/Ciclomotor,Bicicleta","Moreno ",2,2,0,0,0,0,0,,"Calle",,"CALCHAQUÍ","Vera","S/D","No existe","XIX","S/D","Urbana","S/D","S/D","S/D","S/D","S/D","Diurna","S/D","S/D","Ciclista","Atropello","S/D","S/D","S/D","S/D"
2017,8819,11/28/2017,"Martes",0,8:30:00,,"0.0",1,"Moto/Ciclomotor","PANGRES Y COCHABAMBA",2,2,0,0,0,0,0,,"S/D",,"SAN CRISTÓBAL","San Cristóbal","Asfalto","No existe","XIII","S/D","Urbana","Ninguna","No existe","Recta","Bueno","Buena","Diurna","Buen Tiempo","Atropello animal","S/D","Colisión","Ninguna","Faltante","Ninguna","Sin restricción"
2017,8820,4/21/2017,"Viernes",0,12:00:00,,"0.0",2,"Bicicleta,Camión","Av. Ovidio Lagos 7400",2,0,0,0,1,1,0,"-33.025010, -60.680856","Avenida",,"ROSARIO","Rosario","Asfalto","S/D","II","Dentro","Urbana","S/D","S/D","Recta","Bueno","S/D","Diurna","S/D","S/D","Ciclista","Atropello","S/D","S/D","S/D","S/D"
2017,8821,11/24/2017,"Viernes",0,12:30:00,,"0.0",2,"Pickup/Utilitario,Moto/Ciclomotor","IRICO PUSSETTO Y 25 DE MAYO",2,0,1,0,1,0,0,,"Calle",,"COLONIA BOSSI","San Cristóbal","Ripio","S/D","XIII","Dentro","Urbana","Ninguna","No existe","Intersección","Bueno","Buena","Diurna","Buen Tiempo","Lateral","S/D","Colisión","Ninguna","Faltante","Ninguna","Sin restricción"
2017,8822,11/23/2017,"Jueves",0,9:00:00,,"0.0",1,"Moto/Ciclomotor"," ",3,3,0,0,0,0,0,,"Camino Rural",,"VILLA TRINIDAD","San Cristóbal","Tierra","No existe","XIII","Dentro","Rural","Ninguna","No existe","Recta","Bueno","Buena","Diurna","Buen Tiempo","Atropello animal","S/D","Colisión","Ninguna","S/D","Ninguna","Sin restricción"
2017,8823,11/11/2017,"Sabado",0,15:30:00,,"0.0",2,"Pickup/Utilitario,Moto/Ciclomotor","Azcuenaga Y Avenida Lassaga",3,0,1,0,0,0,2,,"Calle",,"SAN CRISTÓBAL","San Cristóbal","Ripio","No existe","XIII","Dentro","Urbana","Ninguna","No existe","Intersección","Resbaladiza","Buena","Diurna","Buen Tiempo","Lateral","S/D","Colisión","Material Suelto","Faltante","Ninguna","S/D"
2017,8824,11/11/2017,"Sabado",0,15:25:00,,"0.0",2,"Pickup/Utilitario,Moto/Ciclomotor","Laprida Y Alberdi",3,0,1,0,0,0,2,,"Calle",,"SAN CRISTÓBAL","San Cristóbal","Ripio","No existe","XIII","Dentro","Urbana","Ninguna","No existe","Intersección","Resbaladiza","Buena","Diurna","Buen Tiempo","Lateral","S/D","Colisión","Material Suelto","Faltante","Ninguna","S/D"
2017,8825,11/25/2017,"Sabado",0,23:20:00,,"0.0",2,"Moto/Ciclomotor,Automóvil","13 de Mayo ",2,1,0,0,1,0,0,,"Calle",,"SAN CARLOS CENTRO","Las Colonias","Ripio","No existe","XI","Dentro","Urbana","Ninguna","No existe","Intersección","Bueno","Reducida","Nocturna","Buen Tiempo","Lateral","S/D","Colisión","Ninguna","Faltante","Ninguna","Sin restricción"
2017,8826,11/19/2017,"Domingo",0,4:50:00,,"0.0",1,"Moto/Ciclomotor","Martin de la Peña 155",1,1,0,0,0,0,0,,"Calle",,"PROGRESO","Las Colonias","Hormigón","No existe","XI","Dentro","Urbana","Ninguna","No existe","Recta","Bueno","Buena","Diurna","Buen Tiempo","S/D","S/D","Caída ocupante","Ninguna","Faltante","Ninguna","Sin restricción"
2017,8827,11/11/2017,"Sabado",0,19:15:00,,"0.0",2,"Pickup/Utilitario,Moto/Ciclomotor","Piedras Y Alberdi",4,0,2,0,1,0,1,,"Calle",,"SAN CRISTÓBAL","San Cristóbal","Ripio","No existe","XIII","Dentro","Urbana","Ninguna","No existe","Intersección","Resbaladiza","Buena","Diurna","Buen Tiempo","Lateral","S/D","Colisión","Material Suelto","Faltante","S/D","S/D"
2017,8828,11/9/2017,"Jueves",0,12:20:00,,"0.0",2,"Automóvil,Moto/Ciclomotor","Sarmiento Y 9 de Julio",2,1,0,0,1,0,0,,"Calle",,"SAN CARLOS CENTRO","Las Colonias","Asfalto","No existe","XI","Dentro","Urbana","Ninguna","No existe","Intersección","Bueno","Buena","Diurna","Buen Tiempo","S/D","S/D","Colisión","Ninguna","Horizontal,Vertical","Ninguna","Sin restricción"
2017,8829,7/10/2017,"Lunes",0,,"Ruta Nacional 33","0.0",2,"Moto/Ciclomotor,Automóvil","Urquiza ",2,1,0,0,1,0,0,,"Ruta",33,"CHABAS","Caseros","Asfalto","No existe","IV","Dentro","Urbana","Ninguna","No existe","Intersección","Bueno","S/D","S/D","S/D","S/D","S/D","Colisión","Ninguna","Faltante","Ninguna","Sin restricción"
2017,8830,11/12/2017,"Domingo",0,15:20:00,,"0.0",1,"Moto/Ciclomotor","Gral Alvear Y Laprida",1,1,0,0,0,0,0,,"Calle",,"SAN CRISTÓBAL","San Cristóbal","Ripio","No existe","XIII","Dentro","Urbana","Ninguna","No existe","Intersección","Bueno","Buena","Diurna","Buen Tiempo","S/D","S/D","Caída ocupante","Material Suelto","Faltante","Ninguna","S/D"
2017,8831,7/10/2017,"Lunes",0,,,"0.0",2,"Automóvil,Moto/Ciclomotor","Av. Uriburu Y Av. Circunvalacion",2,1,0,0,1,0,0,,"Calle",,"ROSARIO","Rosario","Asfalto","S/D","II","Dentro","Urbana","S/D","S/D","Recta","Bueno","S/D","S/D","S/D","S/D","S/D","Colisión","S/D","S/D","S/D","S/D"
2017,8832,11/12/2017,"Domingo",0,15:30:00,,"0.0",1,"Moto/Ciclomotor","Bv Rivadavia 1300",1,1,0,0,0,0,0,,"Avenida",,"SAN CRISTÓBAL","San Cristóbal","Asfalto","Natural","XIII","Dentro","Urbana","Ninguna","No existe","Recta","Bueno","Buena","Diurna","Buen Tiempo","Atropello animal","S/D","Colisión","Ninguna","Faltante","Ninguna","Sin restricción"
2017,8833,11/21/2017,"Martes",0,20:40:00,,"0.0",1,"Moto/Ciclomotor","Mariano Moreno Y Almafuerte",1,1,0,0,0,0,0,,"Calle",,"ESPERANZA","Las Colonias","Asfalto","No existe","XI","Dentro","Urbana","Ninguna","No existe","Recta","Bueno","Buena","Nocturna","Buen Tiempo","Atropello animal","S/D","Colisión","Ninguna","Vertical","Ninguna","Sin restricción"
2017,8834,11/26/2017,"Domingo",0,16:00:00,"Ruta Provincial 1","0.0",1,"Moto/Ciclomotor","RUTA PROVINCIAL 1 Y BV. LOS INMIGRANTES",1,1,0,0,0,0,0,,"Ruta",1,"CAYASTA","Garay","Asfalto,Tierra","Natural","VII","Dentro","Urbana","Ninguna","Intermitente","Intersección","Con baches,Deteriorada","Buena","Diurna","Buen Tiempo","S/D","S/D","Caída ocupante","Ninguna","Vertical","Línea divisoria pintada","Sin restricción"
2017,8835,11/18/2017,"Sabado",0,18:20:00,,"0.0",2,"Automóvil,Automóvil","Caseros Y Saavedra",2,1,0,0,1,0,0,,"Calle",,"SAN CRISTÓBAL","San Cristóbal","Hormigón","No existe","XIII","Dentro","Urbana","Ninguna","No existe","Intersección","Bueno","Buena","Atardecer","Buen Tiempo","S/D","Ciclista","Atropello","Ninguna","Vertical","Cordón divisorio","Sin restricción"
2017,8836,7/9/2017,"Domingo",0,2:30:00,,"0.0",2,"Peatón,Moto/Ciclomotor","Belgrano Y Saenz Pe±a",2,1,0,0,0,1,0,"-31.981524, -60.923600","Calle",,"CORONDA","San Jerónimo","Asfalto","No existe","XV","Dentro","Urbana","Ninguna","No existe","Intersección","Bueno","S/D","Nocturna","S/D","S/D","Peatón","Atropello","Ninguna","Faltante","Ninguna","Sin restricción"
2017,8837,11/6/2017,"Lunes",0,19:30:00,,"0.0",2,"Moto/Ciclomotor,Automóvil","Ingeniero Gadda Y Av Los Colonizadores",2,1,0,0,0,0,1,,"Avenida",,"ESPERANZA","Las Colonias","Asfalto","No existe","XI","Dentro","Urbana","Semáforo","Funciona","Recta","Bueno","Buena","Atardecer","Buen Tiempo","Lateral","S/D","Colisión","Ninguna","Horizontal,Vertical","Ninguna","Sin restricción"
2017,8838,7/10/2017,"Lunes",0,12:10:00,"Ruta Nacional 9","0.0",2,"Automóvil,Moto/Ciclomotor","Chacabuco ",2,1,0,0,1,0,0,,"Ruta",9,"CARCARAÑÁ","San Lorenzo","Asfalto","Pavimento","XVII","Dentro","Urbana","Ninguna","No existe","Intersección","Bueno","S/D","Diurna","S/D","S/D","S/D","Colisión","Ninguna","Horizontal","Línea divisoria pintada","Sin restricción"
2017,8839,11/8/2017,"Miercoles",0,12:15:00,"Ruta Provincial 1","0.0",2,"Camión c / Semirremolque,Moto/Ciclomotor","Ruta Prov 1 Y Felipe II",2,1,0,0,1,0,0,,"Ruta",1,"CAYASTA","Garay","Asfalto,Arena","Natural","VIII","Fuera","Urbana","Ninguna","No existe","Intersección","Bueno","Buena","Diurna","Buen Tiempo","Lateral","S/D","Colisión","Ninguna","Faltante","Línea divisoria pintada","Sin restricción"
2017,8840,11/19/2017,"Domingo",0,20:00:00,,"0.0",2,"Moto/Ciclomotor,Peatón","Caseros 1300",2,1,1,0,0,0,0,,"Calle",,"SAN CRISTÓBAL","San Cristóbal","Asfalto","No existe","XIII","Dentro","Urbana","Ninguna","No existe","Recta","Bueno","Buena","Nocturna,Con luz artificial","Buen Tiempo","S/D","Peatón","Atropello","Ninguna","Faltante","S/D","S/D"
2017,8841,11/3/2017,"Viernes",0,8:30:00,,"0.0",1,"Moto/Ciclomotor","Soler 550",1,1,0,0,0,0,0,,"Calle",,"ESPERANZA","Las Colonias","Asfalto","No existe","XI","Fuera","Urbana","Otra Señal","No existe","Recta","Bueno","Buena","Diurna","Buen Tiempo","S/D","S/D","Despiste","Ninguna","Horizontal","Ninguna","Sin restricción"
2017,8842,11/16/2017,"Jueves",0,12:00:00,"Ruta Provincial 70","0.0",2,"Automóvil,Moto/Ciclomotor","1 de Mayo Y A Aufranc",3,2,0,0,1,0,0,,"Ruta",70,"ESPERANZA","Las Colonias","Asfalto","Pavimento","XI","Dentro","Urbana","Ninguna","No existe","Intersección","Bueno","Buena","Diurna","Buen Tiempo","Lateral","S/D","Colisión","Ninguna","Faltante","Línea divisoria pintada","Sin restricción"
2017,8843,7/12/2017,"Miercoles",0,,,"0.0",2,"Pickup/Utilitario,Moto/Ciclomotor","Camino Interprovincial Y Islas Malvinas-Calle 82",3,1,1,0,1,0,0,,"Calle",,"FRONTERA","Castellanos","Asfalto,Tierra","No existe","V","Dentro","Urbana","Ninguna","No existe","Intersección","Bueno","S/D","S/D","S/D","S/D","S/D","Colisión","Ninguna","Faltante","S/D","Sin restricción"
2017,8844,11/27/2017,"Lunes",0,9:30:00,"Ruta Nacional 33","759.0",1,"Moto/Ciclomotor"," ",1,1,0,0,0,0,0,,"Ruta",33,"PUJATO","San Lorenzo","Asfalto","Natural","XVII","Fuera","Urbana","Ninguna","No existe","Recta","Deteriorada","Buena","Diurna","Buen Tiempo","S/D","S/D","Despiste","Ninguna","Horizontal","Línea divisoria pintada","Sin restricción"
2017,8845,11/22/2017,"Miercoles",0,13:00:00,,"0.0",2,"Automóvil,Bicicleta","Soler Y Domingo Faustino Sarmiento",2,1,0,0,1,0,0,,"Calle",,"ESPERANZA","Las Colonias","Asfalto","No existe","XI","Dentro","Urbana","S/D","S/D","Intersección","Bueno","Buena","Diurna","Buen Tiempo","S/D","Ciclista","Atropello","Ninguna","S/D","Ninguna","Sin restricción"
2017,8846,11/10/2017,"Viernes",0,,"Ruta Provincial 1","66.0",1,"Moto/Ciclomotor","Ruta Prov 1 ",2,2,0,0,0,0,0,,"Ruta",1,"CAYASTA","Garay","Asfalto","Natural","VIII","Dentro","Rural","Ninguna","No existe","Recta","Bueno","S/D","S/D","Buen Tiempo","S/D","S/D","Caída ocupante","Ninguna","Vertical","Línea divisoria pintada","Sin restricción"
2017,8847,11/14/2017,"Martes",0,11:00:00,"Autopista Provincial Brigadier E.López","0.0",2,"Peatón,Automóvil","Ruta Nacional A012 Y Av Belgrano",3,2,0,0,1,0,0,,"Autopista","Brigadier E.López","RICARDONE","San Lorenzo","Ripio","Natural","XVII","Fuera","Urbana","Ninguna","No existe","Intersección","Bueno","Buena","Diurna","Buen Tiempo","S/D","Peatón","Atropello","Ninguna","S/D","Ninguna","Sin restricción"
2017,8848,11/22/2017,"Miercoles",0,10:25:00,,"0.0",2,"Automóvil,Moto/Ciclomotor","Gregorio Donnet Y Alberdi",2,1,0,0,1,0,0,,"Calle",,"ESPERANZA","Las Colonias","Asfalto","No existe","XI","S/D","Urbana","Ninguna","No existe","Intersección","Bueno","Buena","Diurna","Buen Tiempo","Contra objeto fijo","S/D","Colisión","Ninguna","S/D","Ninguna","Sin restricción"
2017,8849,7/12/2017,"Miercoles",0,10:55:00,"Ruta Provincial 31","0.0",2,"Moto/Ciclomotor,Pickup/Utilitario"," ",2,1,0,0,1,0,0,,"Ruta",31,"SANTA ANA","General Obligado","Asfalto","S/D","IX","Dentro","Urbana","S/D","S/D","Recta","S/D","Buena","Diurna","S/D","De alcance","S/D","Colisión","S/D","S/D","S/D","S/D"
2017,8850,11/11/2017,"Sabado",0,10:30:00,"Ruta Provincial 62","7.0",1,"Camión Chasis"," ",1,1,0,0,0,0,0,,"Ruta",62,"CAYASTA","Garay","Asfalto","Natural","VII","Fuera","Rural","Ninguna","No existe","Recta","Con baches,Deteriorada","Buena","Diurna","Buen Tiempo","S/D","S/D","Despiste","Ninguna","Faltante","Línea divisoria pintada","Sin restricción"
2017,8851,11/5/2017,"Domingo",0,11:55:00,,"0.0",2,"Moto/Ciclomotor,Automóvil","Mariano Moreno Y B Iturraspe",2,1,0,0,1,0,0,,"Calle",,"ESPERANZA","Las Colonias","Asfalto,Ripio","No existe","XI","Dentro","Urbana","Ninguna","No existe","Intersección","Bueno","Buena","Diurna","Buen Tiempo","Lateral","S/D","Colisión","Ninguna","Vertical","Ninguna","Sin restricción"
2017,8852,11/8/2017,"Miercoles",0,22:45:00,"Autopista Provincial Brigadier E.López","9.0",2,"Automóvil,Automóvil"," ",3,1,0,0,2,0,0,,"Autopista","Brigadier E.López","RICARDONE","San Lorenzo","Asfalto","Natural","XVII","Dentro","Rural","S/D","No existe","Recta","Bueno","Reducida","Nocturna","Buen Tiempo","De alcance","S/D","Colisión","Ninguna","S/D","Vegetación","Sin restricción"
2017,8853,11/11/2017,"Sabado",0,7:35:00,,"0.0",2,"Automóvil,Moto/Ciclomotor","Mariano Moreno Y Marcos Avellaneda",2,1,0,0,1,0,0,,"Calle",,"ESPERANZA","Las Colonias","Asfalto","No existe","XI","Dentro","Urbana","Ninguna","No existe","Intersección","Bueno","Buena","Diurna","Buen Tiempo","Lateral","S/D","Colisión","Ninguna","Vertical","Ninguna","Sin restricción"
2017,8854,11/4/2017,"Sabado",0,18:50:00,,"0.0",1,"Automóvil","ESPEÑA Y RUTA PROVINCIAL S 18",2,1,0,0,1,0,0,,"Camino Rural",,"ALDAO","San Lorenzo","Ripio","Natural","XVII","Fuera","Rural","Ninguna","No existe","Recta","Resbaladiza","Buena","Amanecer","Buen Tiempo","Contra objeto fijo","S/D","Colisión","Ninguna","Faltante","Ninguna","Sin restricción"
2017,8855,7/12/2017,"Miercoles",0,,,"0.0",2,"Moto/Ciclomotor,Automóvil","Capitan Bermudez 900",2,0,1,0,1,0,0,,"Calle",,"GÁLVEZ","San Jerónimo","S/D","S/D","XV","Dentro","Urbana","S/D","S/D","Recta","S/D","S/D","S/D","S/D","S/D","S/D","Colisión","S/D","S/D","S/D","S/D"
2017,8856,11/5/2017,"Domingo",0,21:15:00,"Ruta Provincial 70","58.0",2,"Automóvil,Moto/Ciclomotor"," ",2,1,0,0,1,0,0,,"Ruta",70,"NUEVO TORINO","Las Colonias","Asfalto","Natural","XI","Dentro","Rural","Ninguna","No existe","Recta","Bueno","Buena","Nocturna","Buen Tiempo","Frontal","S/D","Colisión","Ninguna","Faltante","Línea divisoria pintada","Sin restricción"
2017,8857,11/11/2017,"Sabado",0,15:50:00,,"0.0",2,"Moto/Ciclomotor,Moto/Ciclomotor","9 de Julio Y Jose Maurer",3,0,2,0,1,0,0,,"Calle",,"ESPERANZA","Las Colonias","Tierra","No existe","XI","S/D","Rural","Ninguna","No existe","Recta","Bueno","Reducida p/ objetos","Diurna","Buen Tiempo","Lateral","S/D","Colisión","Ninguna","Faltante","Ninguna","Sin restricción"
2017,8858,11/25/2017,"Sabado",0,22:25:00,,"0.0",2,"Moto/Ciclomotor,Pickup/Utilitario","1 de Mayo Y  Remedios de Escalada de San M",3,1,0,0,2,0,0,,"Calle",,"CASILDA","Caseros","Asfalto","No existe","IV","S/D","Urbana","Ninguna","No existe","Intersección","Bueno","Buena","Nocturna","Buen Tiempo","Lateral","S/D","Colisión","Ninguna","Faltante","Ninguna","Sin restricción"
2017,8859,7/13/2017,"Jueves",0,,,"0.0",2,"Automóvil,Bicicleta","Boulevard Villada Y General Jose de San Martin",2,1,0,0,1,0,0,,"Calle",,"CASILDA","Caseros","Asfalto","No existe","IV","Dentro","Urbana","Ninguna","No existe","Intersección","Bueno","S/D","S/D","S/D","S/D","Ciclista","Atropello","Ninguna","Faltante","Cordón divisorio","Sin restricción"
2017,8860,7/14/2017,"Viernes",0,21:55:00,"Ruta Nacional 11","0.0",2,"Moto/Ciclomotor,Automóvil","Av Dr Caminos Y Libertad",2,0,1,0,1,0,0,,"Ruta",11,"MONJE","San Jerónimo","Asfalto","S/D","XV","Dentro","Urbana","S/D","S/D","Intersección","S/D","S/D","Nocturna","S/D","S/D","S/D","Colisión","S/D","S/D","S/D","S/D"
2017,8861,11/23/2017,"Jueves",0,,,"0.0",2,"Moto/Ciclomotor,Automóvil","Buenos Aires Y Mariano Moreno",4,1,0,0,3,0,0,,"Calle",,"CASILDA","Caseros","Asfalto","No existe","IV","S/D","Urbana","Ninguna","No existe","Recta","Bueno","Buena","Diurna","Buen Tiempo","Lateral","S/D","Colisión","Ninguna","Faltante","Ninguna","Sin restricción"
2017,8862,11/14/2017,"Martes",0,16:45:00,,"0.0",2,"Moto/Ciclomotor,Peatón","Simon de Iriondo 3040",2,1,0,0,1,0,0,,"Calle",,"ESPERANZA","Las Colonias","Asfalto","No existe","XI","S/D","Urbana","Ninguna","No existe","Recta","Bueno","Buena","Diurna","Buen Tiempo","S/D","Peatón","Atropello","Ninguna","Vertical","Ninguna","Sin restricción"
2017,8863,11/15/2017,"Miercoles",0,7:35:00,,"0.0",2,"Automóvil,Moto/Ciclomotor","Mariano Moreno Y Dr Galvez",2,1,0,0,1,0,0,,"Calle",,"ESPERANZA","Las Colonias","Asfalto","No existe","XI","Dentro","Urbana","Ninguna","No existe","Intersección","Bueno","Buena","Diurna","Buen Tiempo","Frontal","S/D","Colisión","Ninguna","S/D","Ninguna","Sin restricción"
2017,8864,11/22/2017,"Miercoles",0,19:00:00,,"0.0",2,"Automóvil,Bicicleta","Buenos Aires Y Mariano Moreno",3,1,0,0,2,0,0,,"Calle",,"CASILDA","Caseros","Asfalto","No existe","IV","S/D","Urbana","Ninguna","No existe","Recta","Bueno","Buena","Diurna","Buen Tiempo","S/D","Ciclista","Atropello","Ninguna","Faltante","Ninguna","Sin restricción"
2017,8865,11/6/2017,"Lunes",0,18:00:00,,"0.0",1,"Moto/Ciclomotor"," ",1,1,0,0,0,0,0,,"Camino Rural",,"ESPERANZA","Las Colonias","Tierra","No existe","XI","S/D","Rural","Ninguna","No existe","Recta","Ahuellamiento","Buena","Diurna","Buen Tiempo","S/D","S/D","Despiste","Material Suelto","Faltante","Ninguna","Sin restricción"
2017,8866,7/16/2017,"Domingo",0,,"Ruta Nacional A009","0.0",2,"Moto/Ciclomotor,Automóvil","ROTONDA SUR ",2,1,0,0,1,0,0,,"Ruta","A009","RECONQUISTA","General Obligado","S/D","S/D","IX","Dentro","Rural","S/D","S/D","Rotonda","S/D","S/D","S/D","S/D","S/D","S/D","Colisión","S/D","S/D","S/D","S/D"
2017,8867,11/17/2017,"Viernes",0,13:10:00,,"0.0",2,"Automóvil,Bicicleta","Domingo Faustino Sarmiento Y Soler",3,2,0,0,1,0,0,,"Calle",,"ESPERANZA","Las Colonias","Asfalto","No existe","XI","S/D","Urbana","Ninguna","No existe","Intersección","Bueno","Buena","Diurna","Buen Tiempo","S/D","Ciclista","Atropello","Ninguna","Vertical","Ninguna","Sin restricción"
2017,8868,11/22/2017,"Miercoles",0,11:20:00,,"0.0",2,"Automóvil,Moto/Ciclomotor","España Y General Simon Bolivar",2,1,0,0,1,0,0,,"Calle",,"CASILDA","Caseros","Asfalto","No existe","IV","S/D","Urbana","Ninguna","No existe","Intersección","Bueno","Buena","Diurna","Buen Tiempo","Lateral","S/D","Colisión","Ninguna","Faltante","Cordón divisorio","Sin restricción"
2017,8869,7/16/2017,"Domingo",0,18:50:00,,"0.0",1,"Moto/Ciclomotor","Lisandro de la Torre Y Belgrano",2,2,0,0,0,0,0,,"Calle",,"GÁLVEZ","San Jerónimo","S/D","S/D","XV","Dentro","Urbana","S/D","S/D","Intersección","S/D","S/D","Diurna","S/D","Atropello animal","S/D","Colisión","S/D","S/D","S/D","S/D"