"anio_acci","nro_acci","fecha","desc_dia","fecha_aprox","hora_aprox","desc_ruta","km","cant_participantes","desc_participante","calle_avenida_km","total","heridos_leves","heridos_graves","heridos_gravisimos","ilesos","fallecidos","sin_datos","posicion_XY","desc_tipo_via","desc_ruta_ori","desc_loc","desc_dpto","desc_tipo_calzada","desc_tipo_banquina","desc_unidad_regional","desc_lugar_calzada","desc_zona","desc_prioridad","desc_estado_semaforo","desc_lugar_via","desc_estado_via","desc_estado_visibilidad","desc_luminosidad","desc_estado_clima","desc_tipo_colision","desc_tipo_atropello","desc_tipo_hecho","desc_pres_calzada","desc_senializacion","desc_separacion_via","desc_restriccion"
2017,8870,11/14/2017,"Martes",0,11:45:00,,"0.0",2,"Moto/Ciclomotor,Automóvil","9 de Julio Y San Martin",2,1,0,0,1,0,0,,"Calle",,"SAN CARLOS CENTRO","Las Colonias","Asfalto","No existe","XI","Dentro","Urbana","Ninguna","No existe","Intersección","Bueno","Buena","Diurna","Buen Tiempo","Lateral","S/D","Colisión","Ninguna","Horizontal","Línea divisoria pintada","Sin restricción"
2017,8871,7/17/2017,"Lunes",0,,,"0.0",2,"Taxi/Remis,Moto/Ciclomotor","Av. Corrientes Y Olegario V.Andrade",3,2,0,0,1,0,0,,"Calle",,"ROSARIO","Rosario","Asfalto","No existe","II","Dentro","Urbana","Ninguna","No existe","Intersección","Bueno","S/D","S/D","S/D","S/D","S/D","Colisión","Ninguna","Faltante","Ninguna","Sin restricción"
2017,8872,11/17/2017,"Viernes",0,21:00:00,,"0.0",2,"Pickup/Utilitario,Moto/Ciclomotor","G Lehmann Y Rafaela",2,1,0,0,1,0,0,,"Calle",,"ESPERANZA","Las Colonias","Asfalto","No existe","XI","Dentro","Urbana","Ninguna","No existe","Intersección","Bueno","Buena","Nocturna","Buen Tiempo","Lateral","S/D","Colisión","Ninguna","Faltante","Ninguna","Sin restricción"
2017,8873,11/9/2017,"Jueves",0,9:10:00,,"0.0",2,"Moto/Ciclomotor,Automóvil","La Rioja Y General Bartolome Mitre",2,1,0,0,1,0,0,,"Calle",,"CASILDA","Caseros","Asfalto","No existe","IV","S/D","Urbana","Ninguna","No existe","Intersección","Bueno","Buena","Diurna","Buen Tiempo","Lateral","S/D","Colisión","Ninguna","Faltante","Ninguna","Sin restricción"
2017,8874,11/20/2017,"Lunes",0,19:55:00,"Ruta Provincial 70","0.0",2,"Moto/Ciclomotor,Automóvil","Dr Romang Y Ruta provincial 70",3,1,0,0,2,0,0,,"Ruta",70,"ESPERANZA","Las Colonias","Asfalto","Pavimento","XI","Dentro","Urbana","Marca Vial","No existe","Recta","Bueno","Reducida polvo","Nocturna","Viento Fuerte","De alcance","S/D","Colisión","Ninguna","Horizontal","Línea divisoria pintada","Sin restricción"
2017,8875,11/21/2017,"Martes",0,20:00:00,,"0.0",2,"Automóvil,Automóvil"," Remedios de Escalada de San M 2200",2,1,0,0,1,0,0,,"Calle",,"CASILDA","Caseros","Asfalto","No existe","IV","S/D","Urbana","Ninguna","No existe","Recta","Bueno","Buena","Nocturna","Buen Tiempo","S/D","Ciclista","Atropello","Ninguna","Faltante","Ninguna","Sin restricción"
2017,8876,11/16/2017,"Jueves",0,19:30:00,,"0.0",2,"Moto/Ciclomotor,Moto/Ciclomotor","Saavedra Y J M Lheritier",3,2,1,0,0,0,0,,"Calle",,"SAN CARLOS CENTRO","Las Colonias","Asfalto","No existe","XI","Dentro","Urbana","Ninguna","No existe","Intersección","Bueno","Buena","Atardecer","Buen Tiempo","Lateral","S/D","Colisión","Ninguna","Vertical","Ninguna","S/D"
2017,8877,11/29/2017,"Miercoles",0,10:20:00,,"0.0",2,"Peatón,Automóvil","Saavedra Y 9 de Julio",4,1,0,0,3,0,0,,"Calle",,"ESPERANZA","Las Colonias","Asfalto","No existe","XI","S/D","Urbana","Ninguna","No existe","Intersección","Bueno","Buena","Diurna","Buen Tiempo","S/D","Peatón","Atropello","Ninguna","Horizontal,Vertical","Ninguna","Sin restricción"
2017,8878,11/21/2017,"Martes",0,12:30:00,,"0.0",2,"Automóvil,Automóvil","Bv Rivadavia Y Juan D Peron",4,1,0,0,3,0,0,,"Avenida",,"SAN CRISTÓBAL","San Cristóbal","Hormigón","Natural","XIII","Fuera","Urbana","Ninguna","No existe","Intersección","Bueno","Buena","Diurna","Buen Tiempo","Lateral","S/D","Colisión","Ninguna","Vertical","Cordón divisorio","Sin restricción"
2017,8879,11/7/2017,"Martes",0,15:00:00,,"0.0",2,"Moto/Ciclomotor,Pickup/Utilitario","Boulevard Lisandro de la Torre Y Washington",3,2,0,0,1,0,0,,"Avenida",,"CASILDA","Caseros","Asfalto","No existe","IV","S/D","Urbana","Ninguna","No existe","Intersección","Bueno","Buena","Diurna","Buen Tiempo","Lateral","S/D","Colisión","Ninguna","Faltante","Cordón divisorio,Vegetación","Sin restricción"
2017,8880,11/25/2017,"Sabado",0,18:50:00,,"0.0",2,"Automóvil,Moto/Ciclomotor","E Lopez Y Salta",2,1,0,0,1,0,0,,"Calle",,"SAN CRISTÓBAL","San Cristóbal","Ripio","No existe","XIII","Dentro","Urbana","Ninguna","No existe","Intersección","Bueno","Buena","Diurna","Buen Tiempo","Lateral","S/D","Colisión","Ninguna","Faltante","Ninguna","Sin restricción"
2017,8881,11/22/2017,"Miercoles",0,7:15:00,,"5.0",2,"Moto/Ciclomotor,Automóvil","Piton Y Belgrano",2,1,0,0,1,0,0,,"Avenida",,"PUERTO SAN MARTÍN","San Lorenzo","Asfalto","No existe","XVII","Dentro","Urbana","Ninguna","No existe","Intersección","Bueno","Buena","Diurna","Buen Tiempo","S/D","S/D","Colisión","Ninguna","Horizontal","Ninguna","Sin restricción"
2017,8882,11/27/2017,"Lunes",0,9:45:00,,"0.0",1,"Moto/Ciclomotor","Jose Hernandez 1100",1,0,1,0,0,0,0,,"Calle",,"SARMIENTO","Las Colonias","Asfalto","Pavimento","XI","Dentro","Urbana","Ninguna","No existe","Recta","Bueno","Buena","Diurna","Buen Tiempo","S/D","S/D","Caída ocupante","Ninguna","Faltante","S/D","Sin restricción"
2017,8883,11/7/2017,"Martes",0,12:00:00,,"0.0",2,"Automóvil,Moto/Ciclomotor","Boulevard Lisandro de la Torre Y 1 de Mayo",2,1,0,0,0,0,1,,"Avenida",,"CASILDA","Caseros","Asfalto","No existe","IV","S/D","Urbana","Paso Peatonal","No existe","Recta","Bueno","Buena","Diurna","Buen Tiempo","De alcance","S/D","Colisión","Ninguna","Horizontal","Cordón divisorio,Vegetación","Sin restricción"
2017,8884,11/25/2017,"Sabado",0,21:00:00,,"0.0",2,"Moto/Ciclomotor,Pickup/Utilitario","9 de Julio Y Laprida",3,1,0,0,2,0,0,,"Calle",,"SAN CRISTÓBAL","San Cristóbal","Tierra","No existe","XIII","Dentro","Urbana","Ninguna","No existe","Intersección","Bueno","Buena","Nocturna","Buen Tiempo","Lateral","S/D","Colisión","Ninguna","Faltante","Ninguna","Sin restricción"
2017,8885,11/5/2017,"Domingo",0,20:00:00,,"0.0",2,"Moto/Ciclomotor,Pickup/Utilitario","Doctor Estanislao Zeballos Sev Y Presidente Bernardino Rivadavi",2,1,0,0,1,0,0,,"Calle",,"CASILDA","Caseros","Asfalto","No existe","IV","S/D","Urbana","Ninguna","No existe","Intersección","Bueno","Buena","Nocturna","Buen Tiempo","Lateral","S/D","Colisión","Ninguna","Faltante","Ninguna","Sin restricción"
2017,8886,11/23/2017,"Jueves",0,10:15:00,,"0.0",2,"Moto/Ciclomotor,Automóvil","Cayetano Nerbutti 300",2,1,0,0,1,0,0,,"Calle",,"PUERTO SAN MARTÍN","San Lorenzo","Asfalto","No existe","XVII","Dentro","Urbana","Ninguna","No existe","Recta","Bueno","Buena","Diurna","Buen Tiempo","De alcance","S/D","Colisión","Ninguna","Horizontal","Ninguna","Sin restricción"
2017,8887,11/2/2017,"Jueves",0,23:00:00,,"0.0",2,"Moto/Ciclomotor,Bicicleta","Buenos Aires Y Maipu",2,2,0,0,0,0,0,,"Calle",,"CASILDA","Caseros","Asfalto","No existe","IV","S/D","Urbana","Ninguna","No existe","Intersección","Bueno","Buena","Nocturna","Buen Tiempo","S/D","Ciclista","Atropello","Ninguna","Faltante","Ninguna","Sin restricción"
2017,8888,11/24/2017,"Viernes",0,18:00:00,,"0.0",1,"Moto/Ciclomotor","Simon de Iriondo Y 26 de Mayo",2,2,0,0,0,0,0,,"Calle",,"ESPERANZA","Las Colonias","Asfalto","No existe","XI","Dentro","Urbana","Ninguna","No existe","Recta","Bueno","Buena","Diurna","Buen Tiempo","S/D","S/D","Caída ocupante","Ninguna","S/D","Línea divisoria pintada","Sin restricción"
2017,8889,11/11/2017,"Sabado",0,8:15:00,,"0.0",1,"Tractor"," ",1,0,0,0,0,1,0,"-30.156537, -61.895468","S/D",,"COLONIA ANA","San Cristóbal","Tierra","No existe","XIII","S/D","S/D","Ninguna","No existe","Otro","Otro","Buena","Diurna","Buen Tiempo","S/D","S/D","Atropello","Ninguna","S/D","Ninguna","Sin restricción"
2017,8890,11/24/2017,"Viernes",0,19:40:00,"Ruta Nacional 175","0.0",2,"Peatón,Automóvil","Cordoba Y 9 de Julio",2,1,0,0,1,0,0,,"Ruta",175,"PUERTO SAN MARTÍN","San Lorenzo","Asfalto","No existe","XVII","S/D","Urbana","Ninguna","No existe","Intersección","Bueno","Buena","Nocturna","Buen Tiempo","S/D","Peatón","Atropello","Ninguna","Horizontal","Ninguna","Sin restricción"
2017,8891,11/2/2017,"Jueves",0,21:30:00,,"0.0",2,"Automóvil,Bicicleta","Pasco Y General Jose de San Martin",2,1,0,0,1,0,0,,"Calle",,"CASILDA","Caseros","Asfalto","No existe","IV","S/D","Urbana","Ninguna","No existe","Intersección","Bueno","Buena","Nocturna","Buen Tiempo","S/D","Ciclista","Atropello","Ninguna","Faltante","Ninguna","Sin restricción"
2017,8892,11/10/2017,"Viernes",0,10:30:00,,"0.0",2,"Pickup/Utilitario,Moto/Ciclomotor","Alberti Y Maipu",2,1,0,0,0,0,1,,"Calle",,"SAN CRISTÓBAL","San Cristóbal","Ripio","No existe","XIII","Dentro","Urbana","Ninguna","No existe","Intersección","Bueno","Buena","Diurna","Buen Tiempo","Lateral","S/D","Colisión","Material Suelto","Faltante","S/D","S/D"
2017,8893,11/25/2017,"Sabado",0,8:30:00,"Ruta Nacional 11","0.0",4,"Automóvil,Automóvil,Pickup/Utilitario,Automóvil","General Richieri Y Av San Martin",4,2,0,0,2,0,0,,"Ruta",11,"FRAY LUIS BELTRÁN","San Lorenzo","Asfalto","Pavimento","XVII","Dentro","Urbana","Semáforo","Funciona","Recta","Bueno","Buena","Diurna","Buen Tiempo","Múltiple","S/D","Colisión","Ninguna","Vertical","Cordón divisorio","Sin restricción"
2017,8894,11/1/2017,"Miercoles",0,20:30:00,,"0.0",1,"Moto/Ciclomotor"," ",1,0,1,0,0,0,0,,"Camino Rural",,"SAN JERÓNIMO NORTE","Las Colonias","Tierra","Natural","XI","Fuera","Rural","Ninguna","No existe","Recta","Bueno","Reducida","Nocturna","Buen Tiempo","S/D","S/D","Caída ocupante","Ninguna","Faltante","Ninguna","Sin restricción"
2017,8895,11/19/2017,"Domingo",0,4:20:00,"Ruta Nacional 11","550.0",2,"Automóvil,Peatón"," ",3,0,1,0,2,0,0,,"Ruta",11,"ANGELONI","San Justo","Asfalto","Pavimento","XVI","Dentro","Rural","Ninguna","No existe","Recta","Deteriorada","Buena","Nocturna","Buen Tiempo","S/D","Peatón","Atropello","Ninguna","Faltante","Ninguna","Sin restricción"
2017,8896,11/9/2017,"Jueves",0,12:15:00,,"0.0",2,"Moto/Ciclomotor,Moto/Ciclomotor","Bargellini Y Sarmiento",2,2,0,0,0,0,0,,"Calle",,"SUARDI","San Cristóbal","Hormigón","No existe","XIII","Dentro","Urbana","Ninguna","No existe","Intersección","Bueno","Buena","Diurna","Buen Tiempo","Frontal","S/D","Colisión","Ninguna","Vertical","Ninguna","Sin restricción"
2017,8897,11/20/2017,"Lunes",0,18:30:00,"Ruta Nacional 11","538.0",2,"Moto/Ciclomotor,Camión c / Acoplado"," ",2,0,1,0,1,0,0,,"Ruta",11,"VIDELA","San Justo","Asfalto","Natural","XVI","S/D","Rural","Ninguna","No existe","Recta","Deteriorada","Buena","Diurna","Buen Tiempo","S/D","S/D","Colisión","Ninguna","Faltante","Ninguna","Sin restricción"
2017,8898,11/19/2017,"Domingo",0,3:20:00,"Ruta Provincial 1","0.0",2,"Automóvil,Automóvil"," ",3,1,0,0,2,0,0,,"Ruta",1,"HELVECIA","Garay","Asfalto","Natural","VII","Dentro","Urbana","Ninguna","No existe","Recta","Bueno","Reducida","Nocturna","Buen Tiempo","De alcance","S/D","Colisión","Ninguna","Faltante","Ninguna","Sin restricción"
2017,8899,11/25/2017,"Sabado",0,20:30:00,"Ruta Nacional 11","0.0",2,"Moto/Ciclomotor,Automóvil","Av San Martin Y Las Heras",2,1,0,0,1,0,0,,"Ruta",11,"FRAY LUIS BELTRÁN","San Lorenzo","Asfalto","Pavimento","XVII","Dentro","Urbana","Ninguna","No existe","Intersección","Bueno","Buena","Nocturna","Buen Tiempo","Lateral","S/D","Colisión","Ninguna","Faltante","Ninguna","Sin restricción"
2017,8900,11/7/2017,"Martes",0,14:00:00,,"0.0",2,"Moto/Ciclomotor,Bicicleta","Hipolito Irigoyen Y Gral Belgrano",2,1,0,0,0,0,1,,"Calle",,"SAN CRISTÓBAL","San Cristóbal","Asfalto","No existe","XIII","Fuera","Urbana","Ninguna","No existe","Rotonda","Bueno","Buena","Diurna","Buen Tiempo","S/D","Ciclista","Atropello","Ninguna","S/D","S/D","S/D"
2017,8901,11/15/2017,"Miercoles",0,18:50:00,,"0.0",2,"Automóvil,Automóvil","CAMINO RURAL ",3,2,0,0,1,0,0,,"Camino Rural",,"SAN JUSTO","San Justo","Tierra","No existe","XVI","S/D","Rural","Ninguna","No existe","Cruce","Bueno","Reducida polvo","Diurna","Viento Fuerte","S/D","S/D","Colisión","Otro","Faltante","Ninguna","Sin restricción"
2017,8902,11/4/2017,"Sabado",0,7:15:00,,"0.0",2,"Moto/Ciclomotor,Automóvil","Moreno Y Arenales",2,1,0,0,1,0,0,,"Calle",,"FRAY LUIS BELTRÁN","San Lorenzo","Asfalto","No existe","XVII","Dentro","Urbana","Ninguna","No existe","Intersección","Con baches,Deteriorada","Buena","Diurna","Buen Tiempo","Lateral","S/D","Colisión","Agua","Faltante","Ninguna","Sin restricción"
2017,8903,11/2/2017,"Jueves",0,9:35:00,,"0.0",2,"Moto/Ciclomotor,Automóvil","Sarmiento Y Juan de Garay",2,1,0,0,1,0,0,,"Calle",,"FRAY LUIS BELTRÁN","San Lorenzo","Hormigón","No existe","XVII","Dentro","Urbana","Ninguna","No existe","Intersección","Bueno","Buena","Diurna","Buen Tiempo","Lateral","S/D","Colisión","Ninguna","Faltante","Ninguna","Sin restricción"
2017,8904,11/28/2017,"Martes",0,21:00:00,,"0.0",2,"Bicicleta,Moto/Ciclomotor","Cno San Roque Y Fco Romero",2,1,0,0,0,0,1,,"Calle",,"SAN JUSTO","San Justo","Asfalto","No existe","XVI","S/D","Urbana","Otra Señal","No existe","Intersección","Bueno","Buena","Nocturna,Con luz artificial","Buen Tiempo","S/D","Ciclista","Atropello","Ninguna","Vertical","Ninguna","Sin restricción"
2017,8905,11/7/2017,"Martes",0,17:15:00,,"0.0",2,"Automóvil,Moto/Ciclomotor","Sarmiento Y Ituzaingo",6,2,0,0,0,0,4,,"Calle",,"SAN CRISTÓBAL","San Cristóbal","Asfalto","No existe","XIII","S/D","Urbana","Ninguna","No existe","Intersección","Bueno","Buena","Diurna","Buen Tiempo","Lateral","S/D","Colisión","Ninguna","S/D","Cordón divisorio","S/D"
2017,8906,11/15/2017,"Miercoles",0,11:53:00,,"0.0",2,"Pickup/Utilitario,Moto/Ciclomotor","General Richieri Y Artigas",4,3,0,0,1,0,0,,"Calle",,"FRAY LUIS BELTRÁN","San Lorenzo","Hormigón","No existe","XVII","Dentro","Urbana","Ninguna","No existe","Intersección","Bueno","Buena","Diurna","Buen Tiempo","Lateral","S/D","Colisión","Ninguna","Faltante","Ninguna","Sin restricción"
2017,8907,11/23/2017,"Jueves",0,21:45:00,,"0.0",2,"Automóvil,Moto/Ciclomotor","Humberto Primo Y P P Sellares",3,2,0,0,1,0,0,,"Calle",,"HELVECIA","Garay","Asfalto","Natural","VII","Dentro","Urbana","Ninguna","No existe","Intersección","Bueno","Reducida","Nocturna","Buen Tiempo","Lateral","S/D","Colisión","Ninguna","Faltante","Ninguna","Sin restricción"
2017,8908,11/10/2017,"Viernes",0,4:00:00,"Ruta Provincial 39","0.0",1,"Automóvil"," ",1,1,0,0,0,0,0,,"Ruta",39,"COLONIA DOLORES","San Justo","Asfalto","Natural","XVI","Dentro","Urbana","Ninguna","No existe","Recta","Bueno","S/D","Nocturna","Buen Tiempo","Atropello animal","S/D","Colisión","Ninguna","Horizontal","Línea divisoria pintada","Sin restricción"
2017,8910,11/12/2017,"Domingo",0,2:30:00,,"0.0",2,"Moto/Ciclomotor,Automóvil","Victoria Y Avenida de Mayo",3,1,0,0,2,0,0,,"Avenida",,"CERES","San Cristóbal","Asfalto","S/D","XIII","Dentro","Urbana","Ninguna","No existe","Intersección","Bueno","S/D","Nocturna","Buen Tiempo","Lateral","S/D","Colisión","Ninguna","Vertical","Cordón divisorio","Sin restricción"
2017,8911,11/3/2017,"Viernes",0,4:20:00,"Ruta Nacional 11","627.0",1,"Pickup/Utilitario","Gob Candioti ",2,1,1,0,0,0,0,,"Ruta",11,"GOBERNADOR CRESPO","San Justo","Asfalto","Natural","XVI","Fuera","Rural","Ninguna","No existe","Recta","Resbaladiza","Reducida","Nocturna","Lluvia","Otro","S/D","Vuelco","Agua","Horizontal","Línea divisoria pintada","Sin restricción"
2017,8912,11/17/2017,"Viernes",0,20:30:00,"Ruta Provincial 21","0.0",2,"Moto/Ciclomotor,Moto/Ciclomotor","Av Gral San Martin Y Eva Peron",5,4,0,0,1,0,0,,"Ruta",21,"VILLA GOBERNADOR GÁLVEZ","Rosario","Asfalto","No existe","II","Dentro","Urbana","Semáforo","Funciona","Intersección","Bueno","Buena","Nocturna,Con luz artificial","Buen Tiempo","Lateral","S/D","Colisión","Ninguna","Vertical","Ninguna","Sin restricción"
2017,8913,7/17/2017,"Lunes",0,,,"0.0",2,"Moto/Ciclomotor,Moto/Ciclomotor","Velez Sarfield Y G Washington",3,1,2,0,0,0,0,,"Calle",,"RAFAELA","Castellanos","Asfalto","No existe","V","Dentro","Urbana","Ninguna","No existe","Intersección","Bueno","S/D","S/D","S/D","S/D","S/D","Colisión","S/D","Horizontal","Ninguna","Sin restricción"
2017,8915,11/2/2017,"Jueves",0,11:00:00,,"0.0",2,"Peatón,Pickup/Utilitario","Leandro Alem 75",2,1,0,0,1,0,0,,"Calle",,"CERES","San Cristóbal","Hormigón","No existe","XIII","Dentro","Urbana","Ninguna","No existe","Recta","Resbaladiza","Buena","Diurna","Granizo","S/D","Peatón","Atropello","Agua","Faltante","Ninguna","Sin restricción"
2017,8916,11/15/2017,"Miercoles",0,10:00:00,,"0.0",2,"Automóvil,Moto/Ciclomotor","Magdalena de De Lorenzi Y Carlos Pellegrini",2,1,0,0,1,0,0,,"Calle",,"RAFAELA","Castellanos","Hormigón","No existe","V","S/D","Urbana","Ninguna","No existe","Intersección","Bueno","Buena","Diurna","Buen Tiempo","Lateral","S/D","Colisión","Ninguna","Faltante","S/D","Sin restricción"
2017,8917,11/18/2017,"Sabado",0,10:00:00,,"0.0",2,"Automóvil,Moto/Ciclomotor","Av Leandro Alem 800",3,2,0,0,1,0,0,,"Avenida",,"VILLA GOBERNADOR GÁLVEZ","Rosario","Asfalto","No existe","II","S/D","Urbana","Ninguna","No existe","Recta","Bueno","Buena","Diurna","Buen Tiempo","Lateral","S/D","Colisión","Ninguna","Faltante","Ninguna","Sin restricción"
2017,8918,11/25/2017,"Sabado",0,17:00:00,,"0.0",2,"Pickup/Utilitario,Moto/Ciclomotor","Padre Calleri Y Dr A Giraldez",3,0,1,0,2,0,0,,"Calle",,"MARIA JUANA","Castellanos","Hormigón","No existe","V","Dentro","Urbana","Ninguna","No existe","Intersección","S/D","Buena","Atardecer","Buen Tiempo","Lateral","S/D","Colisión","S/D","S/D","Ninguna","Sin restricción"
2017,8919,11/3/2017,"Viernes",0,18:15:00,,"0.0",2,"Moto/Ciclomotor,Pickup/Utilitario","Avenida Irigoyen 50",2,1,0,0,1,0,0,,"Avenida",,"CERES","San Cristóbal","Hormigón","No existe","XIII","S/D","Urbana","Ninguna","No existe","Recta","Bueno","S/D","Atardecer","Buen Tiempo","Frontal","S/D","Colisión","Ninguna","Horizontal","Ninguna","Sin restricción"
2017,8920,11/26/2017,"Domingo",0,0:20:00,,"0.0",2,"Automóvil,Moto/Ciclomotor","Dalmacio Velez Sarsfield Y Boulevard Ocampo",2,0,1,0,1,0,0,,"S/D",,"HELVECIA","Garay","Asfalto","Natural","VII","Dentro","Urbana","Ninguna","No existe","Intersección","Bueno","Reducida","Nocturna","Buen Tiempo","Lateral","S/D","Colisión","Ninguna","Faltante","Ninguna","Sin restricción"
2017,8921,11/16/2017,"Jueves",0,20:45:00,,"0.0",2,"Automóvil,Pickup/Utilitario","Bv Rivadavia Y Maipu",3,1,0,0,2,0,0,,"Calle",,"SAN CRISTÓBAL","San Cristóbal","Asfalto","Pavimento","XIII","Dentro","Urbana","Ninguna","No existe","Intersección","Bueno","Buena","Diurna","Buen Tiempo","Lateral","S/D","Colisión","Ninguna","Faltante","Ninguna","Sin restricción"
2017,8922,11/16/2017,"Jueves",0,19:45:00,,"0.0",2,"Automóvil,Moto/Ciclomotor","Av. Circunvalacion Y Av. Eva Peron",3,2,0,0,1,0,0,,"Avenida",,"ROSARIO","Rosario","Asfalto","No existe","II","Dentro","Urbana","Ninguna","Funciona","Intersección","Bueno","Buena","Nocturna","Buen Tiempo","S/D","S/D","Colisión","Ninguna","Vertical","Ninguna","Sin restricción"
2017,8923,11/27/2017,"Lunes",0,10:55:00,,"0.0",2,"Pickup/Utilitario,Peatón","Dorrego Y Cochabamba",2,1,0,0,1,0,0,,"Calle",,"SAN CRISTÓBAL","San Cristóbal","Ripio","Natural","XIII","Dentro","Urbana","Ninguna","No existe","Recta","Bueno","Buena","Diurna","Buen Tiempo","S/D","Peatón","Atropello","Ninguna","Faltante","Ninguna","Sin restricción"
2017,8924,11/26/2017,"Domingo",0,13:00:00,,"0.0",2,"Automóvil,Automóvil","Azcuenaga Y Avenida Lassaga",4,3,0,0,1,0,0,,"Calle",,"SAN CRISTÓBAL","San Cristóbal","Tierra,Ripio","No existe","XIII","Dentro","Urbana","Ninguna","No existe","Intersección","Deteriorada","Buena","Diurna","Buen Tiempo","Lateral","S/D","Colisión","Material Suelto","Faltante","Ninguna","Sin restricción"
2017,8925,7/19/2017,"Miercoles",0,,"Ruta Provincial 64","0.0",2,"Automóvil,Vehículo Oficial"," ",4,2,0,0,2,0,0,,"Ruta",64,"CORONDA","San Jerónimo","Asfalto","S/D","XV","Dentro","Urbana","S/D","S/D","Recta","S/D","S/D","S/D","S/D","S/D","S/D","Colisión","S/D","S/D","S/D","S/D"
2017,8926,7/19/2017,"Miercoles",0,,,"0.0",3,"Pickup/Utilitario,Bicicleta,Bicicleta"," ",3,2,0,0,1,0,0,,"S/D",,"VERA","Vera","S/D","S/D","XIX","S/D","S/D","S/D","S/D","S/D","S/D","S/D","S/D","S/D","S/D","Ciclista","Atropello","S/D","S/D","S/D","S/D"
2017,8927,11/11/2017,"Sabado",0,18:15:00,,"0.0",2,"Pickup/Utilitario,Bicicleta","25 de Mayo Y Urquiza",2,0,1,0,1,0,0,,"Calle",,"PIAMONTE","San Martín","Asfalto","Pavimento","XVIII","Dentro","Urbana","Ninguna","No existe","Intersección","Bueno","Buena","Atardecer","Buen Tiempo","S/D","Ciclista","Atropello","Ninguna","Faltante","Ninguna","Sin restricción"
2017,8928,11/16/2017,"Jueves",0,11:20:00,"Ruta Provincial 20","0.0",2,"Moto/Ciclomotor,Pickup/Utilitario","Av Julian Bustinza 1285",2,1,0,0,0,0,1,,"Ruta",20,"PIAMONTE","San Martín","Asfalto","No existe","XVIII","Dentro","Urbana","Ninguna","No existe","Curva","Bueno","Buena","Diurna","Buen Tiempo","S/D","S/D","Colisión","Ninguna","Horizontal","Cordón divisorio","Sin restricción"
2017,8929,7/20/2017,"Jueves",0,,,"0.0",2,"Moto/Ciclomotor,Automóvil"," ",2,1,0,0,1,0,0,,"Calle",,"CORONDA","San Jerónimo","S/D","S/D","XV","Dentro","Urbana","S/D","S/D","S/D","S/D","S/D","S/D","S/D","S/D","S/D","Colisión","S/D","S/D","S/D","S/D"
2017,8930,7/20/2017,"Jueves",0,,"Ruta Nacional 11","0.0",2,"Moto/Ciclomotor,Automóvil","Maciel ",2,1,0,0,1,0,0,,"Ruta",11,"CORONDA","San Jerónimo","Asfalto,Tierra","Natural","XV","Dentro","Urbana","Ninguna","No existe","Intersección","Bueno","S/D","S/D","S/D","S/D","S/D","Colisión","Ninguna","Faltante","Ninguna","Sin restricción"
2017,8931,11/30/2017,"Jueves",0,13:30:00,"Ruta Provincial 66","53.0",1,"Camión Chasis"," ",1,1,0,0,0,0,0,,"Ruta",66,"CAÑADA ROSQUÍN","San Martín","Asfalto","Natural","XVIII","Fuera","Rural","Ninguna","No existe","Curva","Bueno","Buena","Diurna","Buen Tiempo","S/D","S/D","Vuelco","Ninguna","Horizontal","Ninguna","Sin restricción"
2017,8933,11/24/2017,"Viernes",0,15:00:00,"Ruta Nacional 11","430.0",2,"Moto/Ciclomotor,Automóvil"," ",2,0,1,0,1,0,0,,"Ruta",11,"CORONDA","San Jerónimo","Asfalto","Natural","XV","Dentro","Rural","Ninguna","No existe","Recta","Bueno","Buena","Diurna","Buen Tiempo","De alcance","S/D","Colisión","Ninguna","Horizontal","Línea divisoria pintada","Sin restricción"
2017,8934,7/21/2017,"Viernes",0,,,"0.0",2,"Moto/Ciclomotor,Automóvil","Caramarca ",2,1,0,0,1,0,0,,"Calle",,"VERA","Vera","S/D","S/D","XIX","Dentro","Urbana","S/D","S/D","S/D","S/D","S/D","S/D","S/D","S/D","S/D","Colisión","S/D","S/D","S/D","S/D"
2017,8935,11/26/2017,"Domingo",0,19:00:00,,"0.0",1,"Moto/Ciclomotor","Belgrano ",2,1,1,0,0,0,0,,"Calle",,"CORONDA","San Jerónimo","Tierra","No existe","XV","S/D","Urbana","Ninguna","No existe","Recta","Bueno","Buena","Diurna","Buen Tiempo","S/D","S/D","Caída ocupante","Ninguna","Faltante","Ninguna","Sin restricción"
2017,8936,11/3/2017,"Viernes",0,11:50:00,,"0.0",2,"Moto/Ciclomotor,Automóvil","NARDI  Y RIVADAVIA",2,1,0,0,1,0,0,,"Calle",,"GESSLER","San Jerónimo","Asfalto","S/D","XV","Dentro","Urbana","Ninguna","No existe","Intersección","Bueno","Buena","Diurna","Buen Tiempo","Lateral","S/D","Colisión","Ninguna","Faltante","Ninguna","Sin restricción"