"anio_acci","nro_acci","fecha","desc_dia","fecha_aprox","hora_aprox","desc_ruta","km","cant_participantes","desc_participante","calle_avenida_km","total","heridos_leves","heridos_graves","heridos_gravisimos","ilesos","fallecidos","sin_datos","posicion_XY","desc_tipo_via","desc_ruta_ori","desc_loc","desc_dpto","desc_tipo_calzada","desc_tipo_banquina","desc_unidad_regional","desc_lugar_calzada","desc_zona","desc_prioridad","desc_estado_semaforo","desc_lugar_via","desc_estado_via","desc_estado_visibilidad","desc_luminosidad","desc_estado_clima","desc_tipo_colision","desc_tipo_atropello","desc_tipo_hecho","desc_pres_calzada","desc_senializacion","desc_separacion_via","desc_restriccion"
2017,8937,11/26/2017,"Domingo",0,13:50:00,"Ruta Nacional 168","80.0",2,"Automóvil,Automóvil"," ",2,1,0,0,1,0,0,,"Ruta",168,"SANTA FE","La Capital","Hormigón","S/D","I","Dentro","Urbana","S/D","No existe","Recta","Bueno","S/D","Diurna","S/D","S/D","S/D","Colisión","S/D","S/D","S/D","S/D"
2017,8938,11/25/2017,"Sabado",0,21:50:00,,"0.0",2,"Automóvil,Automóvil","Sarmiento Y Ituzaingo",2,1,0,0,1,0,0,,"Calle",,"SANTA FE","La Capital","Asfalto","No existe","I","Dentro","Urbana","S/D","No existe","Intersección","Bueno","S/D","Nocturna","S/D","S/D","Ciclista","Atropello","S/D","S/D","S/D","S/D"
2017,8939,7/22/2017,"Sabado",0,,,"0.0",2,"Automóvil,Moto/Ciclomotor","Velez Sarsfield Y Iguazu Bis",2,1,0,0,1,0,0,,"Calle",,"ROSARIO","Rosario","Asfalto","No existe","II","Dentro","Urbana","Semáforo","Funciona","Intersección","Bueno","S/D","S/D","S/D","S/D","S/D","Colisión","Ninguna","Vertical","Ninguna","Sin restricción"
2017,8940,7/22/2017,"Sabado",0,1:00:00,,"0.0",2,"Bicicleta,Moto/Ciclomotor","Av. Pellegrini Y Vera Mujica",2,1,0,0,1,0,0,,"Calle",,"ROSARIO","Rosario","Asfalto","No existe","II","Dentro","Urbana","Semáforo","Funciona","Intersección","Bueno","S/D","Nocturna","S/D","S/D","Ciclista","Atropello","Ninguna","Horizontal,Vertical","Cordón divisorio","Sin restricción"
2017,8941,11/23/2017,"Jueves",0,9:30:00,,"0.0",2,"Otros,Otros","Av Almte Brown 4500",2,1,0,0,1,0,0,,"Avenida",,"SANTA FE","La Capital","Asfalto","No existe","I","Dentro","Urbana","S/D","No existe","Recta","Bueno","S/D","Diurna","S/D","S/D","S/D","Colisión","S/D","S/D","S/D","S/D"
2017,8942,11/23/2017,"Jueves",0,9:30:00,,"0.0",2,"Moto/Ciclomotor,Moto/Ciclomotor","Av Almte Brown 4500",2,1,0,0,1,0,0,,"Avenida",,"SANTA FE","La Capital","Asfalto","No existe","I","Dentro","Urbana","S/D","No existe","Recta","Bueno","S/D","Diurna","S/D","S/D","S/D","Colisión","S/D","S/D","S/D","S/D"
2017,8943,7/22/2017,"Sabado",0,,"Ruta Nacional 11","0.0",2,"Automóvil,Moto/Ciclomotor","CAlle 37-Bvard. lovato ",2,1,0,0,1,0,0,,"Ruta",11,"RECONQUISTA","General Obligado","Asfalto","No existe","IX","Dentro","Urbana","Semáforo","Funciona","Intersección","Bueno","S/D","S/D","S/D","S/D","S/D","Colisión","Ninguna","Vertical","Ninguna","Sin restricción"
2017,8944,11/23/2017,"Jueves",0,11:00:00,,"0.0",2,"Pickup/Utilitario,Transporte de Pasajeros Urbano (> 8 asientos)","Avellaneda Y Castellanos",5,3,0,0,1,0,1,,"Calle",,"SANTA FE","La Capital","Asfalto","No existe","I","Dentro","Urbana","S/D","No existe","Intersección","Bueno","S/D","Diurna","S/D","Lateral","S/D","Colisión","S/D","S/D","S/D","S/D"
2017,8945,11/21/2017,"Martes",0,18:30:00,,"0.0",2,"Automóvil,Moto/Ciclomotor","Gdor Candioti Y Juan Del Campillo",2,1,0,0,1,0,0,,"Calle",,"SANTA FE","La Capital","Asfalto","No existe","I","Dentro","Urbana","S/D","No existe","Intersección","Bueno","S/D","Atardecer","S/D","Lateral","S/D","Colisión","S/D","S/D","S/D","S/D"
2017,8946,11/21/2017,"Martes",0,9:50:00,,"0.0",2,"Automóvil,Moto/Ciclomotor","Bv Galvez Y Velez Sarsfield",2,1,0,0,1,0,0,,"Calle",,"SANTA FE","La Capital","Asfalto","No existe","I","Dentro","Urbana","S/D","Funciona","Intersección","Bueno","S/D","Diurna","S/D","Lateral","S/D","Colisión","S/D","Vertical","S/D","S/D"
2017,8947,11/18/2017,"Sabado",0,12:40:00,,"0.0",2,"Automóvil,Moto/Ciclomotor","Bv Galvez 2200",2,1,0,0,1,0,0,,"Avenida",,"SANTA FE","La Capital","Asfalto","No existe","I","Dentro","Urbana","S/D","Funciona","Recta","Bueno","S/D","Diurna","S/D","Lateral","S/D","Colisión","S/D","Vertical","S/D","S/D"
2017,8948,11/28/2017,"Martes",0,7:10:00,,"0.0",2,"Automóvil,Moto/Ciclomotor","Av. Jorge Newbery Y Donado",3,2,0,0,1,0,0,,"Avenida",,"ROSARIO","Rosario","Asfalto","Natural","II","Dentro","Urbana","S/D","No existe","Intersección","Bueno","Buena","Amanecer","S/D","Lateral","S/D","Colisión","Ninguna","Faltante","S/D","S/D"
2017,8949,11/13/2017,"Lunes",0,18:45:00,"Ruta Nacional 9","0.0",2,"Moto/Ciclomotor,Moto/Ciclomotor","Ruta Nacional 9 ",2,1,0,0,1,0,0,,"Ruta",9,"FUNES","Rosario","Asfalto","Natural","II","Dentro","Urbana","Ninguna","No existe","Recta","Bueno","Buena","Diurna","Buen Tiempo","Lateral","S/D","Colisión","Ninguna","Horizontal","Línea divisoria pintada","Sin restricción"
2017,8950,11/9/2017,"Jueves",0,18:00:00,,"0.0",2,"Automóvil,Pickup/Utilitario","Leloir Y La Rastra",3,1,0,0,2,0,0,,"Calle",,"FUNES","Rosario","Asfalto","No existe","II","Dentro","Urbana","Ninguna","No existe","Intersección","Bueno","Buena","Atardecer","Buen Tiempo","Lateral","S/D","Colisión","Ninguna","Faltante","Ninguna","Sin restricción"
2017,8951,11/20/2017,"Lunes",0,,"Ruta Secundaria 80-s","0.0",1,"Automóvil"," ",4,1,0,0,3,0,0,,"Ruta","80-s","HIPATIA","Las Colonias","Asfalto","Natural","XI","Fuera","Rural","S/D","No existe","Curva","Bueno","Buena","Amanecer","Buen Tiempo","S/D","S/D","Despiste","Ninguna","Horizontal,Vertical","Ninguna","Sin restricción"
2017,8952,7/23/2017,"Domingo",0,2:00:00,"Ruta Nacional 9","0.0",2,"Automóvil,Moto/Ciclomotor","ALTURA GARITA 3 ",2,0,1,0,1,0,0,,"Ruta",9,"FUNES","Rosario","Asfalto","S/D","II","Dentro","Urbana","Ninguna","No existe","Recta","Bueno","S/D","Nocturna","S/D","S/D","S/D","Colisión","Ninguna","S/D","Ninguna","Sin restricción"
2017,8953,11/27/2017,"Lunes",0,6:50:00,,"0.0",2,"Moto/Ciclomotor,Pickup/Utilitario","JUAN B JUSTO Y GARCÍA DEL COSSIO",2,1,0,0,1,0,0,,"Calle",,"ROSARIO","Rosario","S/D","S/D","II","Dentro","Urbana","S/D","S/D","S/D","S/D","S/D","S/D","S/D","Lateral","S/D","Colisión","S/D","S/D","S/D","S/D"
2017,8954,7/23/2017,"Domingo",0,,,"0.0",2,"Moto/Ciclomotor,Transporte Escolar"," ",2,1,0,0,1,0,0,,"S/D",,"CASILDA","Caseros","S/D","S/D","IV","S/D","S/D","S/D","S/D","S/D","S/D","S/D","S/D","S/D","S/D","S/D","Colisión","S/D","S/D","S/D","S/D"
2017,8955,11/3/2017,"Viernes",0,8:30:00,"Autopista Provincial Brigadier E.López","304.0",1,"Moto/Ciclomotor"," ",2,1,0,0,1,0,0,,"Autopista","Brigadier E.López","FUNES","Rosario","Asfalto","Natural","II","Dentro","Rural","Ninguna","No existe","Recta","Bueno","Buena","Diurna","Buen Tiempo","Otro","S/D","Despiste","Ninguna","Horizontal","S/D","Sin restricción"
2017,8956,11/21/2017,"Martes",0,17:10:00,"Ruta Secundaria 50-s","0.0",2,"Moto/Ciclomotor,Moto/Ciclomotor"," ",3,3,0,0,0,0,0,,"Ruta","50-s","LAS TUNAS","Las Colonias","Asfalto","Natural","XI","Dentro","Rural","Ninguna","No existe","Recta","Bueno","Buena","Diurna","Buen Tiempo","Lateral","S/D","Colisión","Ninguna","Horizontal","Línea divisoria pintada","Sin restricción"
2017,8957,7/23/2017,"Domingo",0,,,"0.0",2,"Moto/Ciclomotor,Automóvil","Camino Interprovincial 505",3,1,1,0,1,0,0,,"Calle",,"FRONTERA","Castellanos","S/D","S/D","IX","Dentro","Urbana","S/D","S/D","Recta","S/D","S/D","S/D","S/D","S/D","S/D","Colisión","S/D","S/D","S/D","S/D"
2017,8958,11/2/2017,"Jueves",0,18:00:00,,"0.0",2,"Automóvil,Automóvil","Av Fuerza Aerea ",4,1,0,0,3,0,0,,"Avenida",,"FUNES","Rosario","Asfalto","Natural","II","Dentro","Urbana","Ninguna","No existe","Recta","Con baches","Buena","Atardecer","Buen Tiempo","De alcance","S/D","Colisión","Ninguna","Vertical","Ninguna","Sin restricción"
2017,8959,7/23/2017,"Domingo",0,,,"0.0",2,"Moto/Ciclomotor,Automóvil"," ",2,1,0,0,1,0,0,,"S/D",,"GÁLVEZ","San Jerónimo","S/D","S/D","XV","S/D","S/D","S/D","S/D","S/D","S/D","S/D","S/D","S/D","S/D","S/D","Colisión","S/D","S/D","S/D","S/D"
2017,8960,11/26/2017,"Domingo",0,19:45:00,,"0.0",2,"Taxi/Remis,Moto/Ciclomotor","Av. Jorge Newbery Y Donado",2,1,0,0,1,0,0,,"Avenida",,"ROSARIO","Rosario","Asfalto","Natural","II","Dentro","Urbana","S/D","No existe","Intersección","S/D","Buena","Atardecer","S/D","Lateral","S/D","Colisión","S/D","Faltante","Ninguna","S/D"
2017,8961,11/9/2017,"Jueves",0,10:15:00,"Ruta Secundaria 80-s","0.0",1,"Automóvil"," ",1,0,1,0,0,0,0,,"Ruta","80-s","SANTO DOMINGO","Las Colonias","Asfalto","Natural","XI","Fuera","Rural","S/D","S/D","Recta","Bueno","Buena","Diurna","Buen Tiempo","S/D","S/D","Vuelco,Despiste","Ninguna","S/D","Línea divisoria pintada","S/D"
2017,8962,7/24/2017,"Lunes",0,18:00:00,,"0.0",2,"Moto/Ciclomotor,Automóvil","Gral.Mosconi Y Bv. Avellaneda",2,1,0,0,1,0,0,,"Calle",,"ROSARIO","Rosario","Asfalto","No existe","II","Dentro","Urbana","Ninguna","No existe","Intersección","Bueno","S/D","Diurna","S/D","S/D","S/D","Colisión","Ninguna","Horizontal","Cordón divisorio","Sin restricción"
2017,8963,11/23/2017,"Jueves",0,12:25:00,"Ruta Provincial 4","29.0",2,"Automóvil,Camión Chasis"," ",2,0,2,0,0,0,0,,"Ruta",4,"SANTO DOMINGO","Las Colonias","Asfalto","Natural","XI","Dentro","Rural","Marca Vial","S/D","Recta","Bueno","Buena","Diurna","Buen Tiempo","Frontal","S/D","Colisión","Ninguna","Horizontal","Línea divisoria pintada","S/D"
2017,8964,11/26/2017,"Domingo",0,15:10:00,,"0.0",2,"Pickup/Utilitario,Automóvil","Union Y Superi",4,1,0,0,3,0,0,,"Calle",,"ROSARIO","Rosario","Asfalto","No existe","II","Dentro","Urbana","Ninguna","No existe","Intersección","Bueno","Buena","Diurna","Buen Tiempo","S/D","S/D","Colisión","Ninguna","Faltante","Ninguna","Sin restricción"
2017,8965,7/29/2017,"Sabado",0,,,"0.0",2,"Pickup/Utilitario,Moto/Ciclomotor","San Luis 4900",2,1,0,0,1,0,0,,"Calle",,"ROSARIO","Rosario","Asfalto","No existe","II","Dentro","Urbana","Ninguna","No existe","Recta","Bueno","S/D","S/D","S/D","S/D","S/D","Colisión","Ninguna","Faltante","Ninguna","Sin restricción"
2017,8966,11/30/2017,"Jueves",0,20:00:00,,"0.0",2,"Moto/Ciclomotor,Transporte de Pasajeros Urbano (> 8 asientos)","Tarragona Bis 1200",2,1,0,0,1,0,0,,"Calle",,"ROSARIO","Rosario","Asfalto","Ripio","II","Dentro","Urbana","Ninguna","No existe","Recta","Bueno","Reducida","Atardecer","Buen Tiempo","De alcance","S/D","Colisión","Ninguna","Faltante","Ninguna","Sin restricción"
2017,8967,7/29/2017,"Sabado",0,,,"0.0",1,"Transporte de Pasajeros Urbano (> 8 asientos)","Av. Ovidio Lagos 5250",2,1,0,0,1,0,0,,"Calle",,"ROSARIO","Rosario","Asfalto","No existe","II","Dentro","Urbana","Ninguna","No existe","Recta","Bueno","S/D","S/D","S/D","S/D","S/D","Caída ocupante","Ninguna","Faltante","Ninguna","Sin restricción"
2017,8968,11/25/2017,"Sabado",0,20:40:00,,"0.0",2,"Moto/Ciclomotor,Moto/Ciclomotor","Av Misional Y 12 de Octubre",4,3,0,0,1,0,0,,"Avenida",,"PILAR","Las Colonias","Asfalto","No existe","XI","Dentro","Urbana","Ninguna","No existe","Intersección","Bueno","Buena","Nocturna,Con luz artificial","Buen Tiempo","Lateral","S/D","Colisión","Ninguna","Vertical","Ninguna","Sin restricción"
2017,8969,11/2/2017,"Jueves",0,20:50:00,,"0.0",2,"Pickup/Utilitario,Moto/Ciclomotor","Martinez Estrada ",3,1,0,0,2,0,0,,"Calle",,"ROSARIO","Rosario","Asfalto","No existe","II","S/D","Urbana","S/D","No existe","Intersección","S/D","S/D","Nocturna","S/D","S/D","S/D","Colisión","S/D","S/D","S/D","S/D"
2017,8970,11/19/2017,"Domingo",0,19:00:00,"Ruta Provincial 70","44.0",1,"Moto/Ciclomotor"," ",2,2,0,0,0,0,0,,"Ruta",70,"COLONIA NUEVA","Las Colonias","Asfalto","Natural","XI","Fuera","Urbana","Ninguna","No existe","Curva","Bueno","Buena","Atardecer","Buen Tiempo","S/D","S/D","Caída ocupante","Ninguna","Vertical","Línea divisoria pintada","Sin restricción"
2017,8971,11/6/2017,"Lunes",0,,,"0.0",2,"Automóvil,Moto/Ciclomotor","Morrison Y Donado",4,2,0,0,2,0,0,,"Calle",,"ROSARIO","Rosario","Asfalto","No existe","II","Dentro","Urbana","Ninguna","No existe","Recta","Bueno","Buena","Diurna","Buen Tiempo","Lateral","S/D","Colisión","Ninguna","Faltante","Ninguna","Sin restricción"
2017,8972,7/29/2017,"Sabado",0,,,"0.0",2,"Bicicleta,Automóvil","Viamonte ",2,1,0,0,1,0,0,,"Calle",,"ROSARIO","Rosario","S/D","S/D","II","Dentro","Urbana","S/D","S/D","S/D","S/D","S/D","S/D","S/D","S/D","Ciclista","Atropello","S/D","S/D","S/D","S/D"
2017,8973,11/3/2017,"Viernes",0,6:00:00,,"0.0",2,"Moto/Ciclomotor,Transporte de Pasajeros Urbano (> 8 asientos)","Donado Y J.B.Justo",3,2,0,0,1,0,0,,"Calle",,"ROSARIO","Rosario","Asfalto","No existe","II","S/D","Urbana","Ninguna","No existe","Intersección","Deteriorada","S/D","Amanecer","Buen Tiempo","S/D","S/D","Colisión","S/D","Faltante","Ninguna","S/D"
2017,8974,11/7/2017,"Martes",0,7:30:00,,"0.0",2,"Pickup/Utilitario,Moto/Ciclomotor","Guemes Y Mendoza",3,1,1,0,1,0,0,,"Calle",,"SAN JERÓNIMO NORTE","Las Colonias","Asfalto","No existe","XI","Dentro","Urbana","Ninguna","No existe","Intersección","Bueno","Buena","Diurna","Buen Tiempo","Frontal,Lateral","S/D","Colisión","Ninguna","Faltante","Ninguna","Sin restricción"
2017,8975,7/30/2017,"Domingo",0,22:55:00,,"0.0",2,"Bicicleta,Automóvil","Garibaldi ",2,1,0,0,1,0,0,,"Calle",,"ROSARIO","Rosario","Tierra","S/D","II","Dentro","Urbana","S/D","S/D","Recta","S/D","S/D","Nocturna","S/D","S/D","Ciclista","Atropello","S/D","S/D","S/D","S/D"
2017,8976,11/23/2017,"Jueves",0,9:05:00,,"0.0",2,"Moto/Ciclomotor,Automóvil","J.B.Justo Y Gonzalez del Solar",3,2,0,0,1,0,0,,"Calle",,"ROSARIO","Rosario","Asfalto","No existe","II","S/D","Urbana","Ninguna","No existe","Intersección","Con baches,Deteriorada","S/D","Diurna","S/D","S/D","S/D","Colisión","Ninguna","Faltante","Ninguna","S/D"
2017,8977,11/13/2017,"Lunes",0,16:30:00,,"0.0",2,"Moto/Ciclomotor,Moto/Ciclomotor","Mitre Y Tucuman",2,1,0,0,1,0,0,,"Calle",,"SAN CARLOS CENTRO","Las Colonias","Ripio","No existe","XI","Dentro","Urbana","Ninguna","No existe","Intersección","Bueno","Buena","Diurna","Buen Tiempo","Lateral","S/D","Colisión","Ninguna","Faltante","Ninguna","Sin restricción"
2017,8978,11/25/2017,"Sabado",0,19:30:00,"Ruta Provincial 18","0.0",2,"Automóvil,Automóvil"," ",8,5,0,0,3,0,0,,"Ruta",18,"CARMEN DEL SAUCE","Rosario","Asfalto","Natural","II","Dentro","Urbana","Ninguna","No existe","Cruce","Con baches","Buena","Diurna","Buen Tiempo","Lateral","S/D","Colisión","Ninguna","Faltante","Ninguna","Sin restricción"
2017,8979,7/27/2017,"Jueves",0,12:00:00,,"0.0",2,"Automóvil,Moto/Ciclomotor","Carlos Pellegrini ",2,1,0,0,1,0,0,,"Calle",,"CAPITÁN BERMÚDEZ","San Lorenzo","S/D","S/D","XVII","Dentro","Urbana","S/D","S/D","S/D","S/D","S/D","Diurna","S/D","S/D","S/D","Colisión","S/D","S/D","S/D","S/D"
2017,8980,11/17/2017,"Viernes",0,20:40:00,,"0.0",2,"Moto/Ciclomotor,Automóvil","Av. Jorge Newbery Y Donado",3,1,0,0,2,0,0,,"Calle",,"ROSARIO","Rosario","Asfalto","Natural","II","S/D","Urbana","Ninguna","No existe","Intersección","Deteriorada","S/D","Nocturna","S/D","S/D","S/D","Colisión","S/D","Horizontal","Línea divisoria pintada","S/D"
2017,8981,7/28/2017,"Viernes",0,11:55:00,,"0.0",2,"Otros,Otros","Fray Luis Beltran Y Presidente Domingo Faustino Sa",2,1,0,0,1,0,0,,"Calle",,"CASILDA","Caseros","Asfalto","No existe","IV","Dentro","Urbana","Ninguna","No existe","Intersección","Bueno","S/D","Diurna","S/D","S/D","S/D","S/D","Ninguna","Faltante","Ninguna","Sin restricción"
2017,8982,7/28/2017,"Viernes",0,23:00:00,,"0.0",2,"Otros,Otros","Doctor Estanislao Zeballos Sev Y España",2,1,0,0,1,0,0,,"Calle",,"CASILDA","Caseros","Asfalto","No existe","IV","Dentro","Urbana","Ninguna","No existe","Intersección","Bueno","S/D","Nocturna","S/D","S/D","S/D","Colisión","Ninguna","Faltante","Ninguna","Sin restricción"
2017,8983,11/8/2017,"Miercoles",0,17:00:00,"Ruta Provincial 1","91.0",2,"Pickup/Utilitario,Moto/Ciclomotor"," ",4,0,3,0,1,0,0,,"Ruta",1,"HELVECIA","Garay","Tierra","Natural","VII","S/D","Rural","Ninguna","No existe","Otro","Ahuellamiento","Buena","Atardecer","Buen Tiempo","S/D","S/D","Colisión","Ninguna","Faltante","Ninguna","Sin restricción"
2017,8984,11/4/2017,"Sabado",0,8:30:00,,"0.0",2,"Automóvil,Moto/Ciclomotor","Av. Jorge Newbery Y Sanchez de Loria Bis",3,1,0,0,2,0,0,,"Calle",,"ROSARIO","Rosario","Asfalto","Natural","II","S/D","Urbana","Paso Peatonal","No existe","Intersección","Deteriorada","S/D","Amanecer","S/D","S/D","S/D","Colisión","S/D","Horizontal","Línea divisoria pintada","S/D"
2017,8985,7/28/2017,"Viernes",0,,,"0.0",1,"Moto/Ciclomotor","Gral Manuel Belgrano Y Maipu",1,0,1,0,0,0,0,,"Calle",,"VENADO TUERTO","General López","Asfalto","No existe","VIII","Dentro","Urbana","Ninguna","No existe","Recta","Bueno","S/D","S/D","S/D","S/D","S/D","Caída ocupante","Ninguna","Faltante","Ninguna","Sin restricción"
2017,8986,11/21/2017,"Martes",0,23:45:00,"Ruta Secundaria 26-s","0.0",2,"Bicicleta,Automóvil"," ",2,0,0,0,1,1,0,"-32.841313, -61.155933","Ruta","26-s","CARCARAÑÁ","San Lorenzo","Asfalto","Natural","XVII","S/D","Rural","S/D","S/D","Recta","Bueno","Reducida","Nocturna","Buen Tiempo","S/D","Ciclista","Atropello","Ninguna","S/D","Línea divisoria pintada","S/D"
2017,8987,7/28/2017,"Viernes",0,,,"0.0",2,"Automóvil,Moto/Ciclomotor","MARCONI Y BALCARCE",2,1,0,0,1,0,0,,"Calle",,"VENADO TUERTO","General López","Asfalto","No existe","VII","Dentro","Urbana","Ninguna","No existe","Intersección","Bueno","S/D","S/D","S/D","S/D","S/D","Colisión","Ninguna","Faltante","Ninguna","Sin restricción"
2017,8988,11/12/2017,"Domingo",0,6:45:00,"Ruta Provincial 18","20.0",1,"Automóvil"," ",1,1,0,0,0,0,0,,"Ruta",18,"CARMEN DEL SAUCE","Rosario","Asfalto","Natural","II","Fuera","Rural","Otra Señal","No existe","Cruce","Bueno","Buena","Diurna","Buen Tiempo","S/D","S/D","Vuelco","Ninguna","Vertical","Ninguna","Sin restricción"
2017,8989,11/4/2017,"Sabado",0,22:15:00,,"0.0",2,"Moto/Ciclomotor,Automóvil","Schweitzer Y Olmos Bis",4,2,0,0,1,0,1,,"Calle",,"ROSARIO","Rosario","Asfalto","No existe","II","S/D","Urbana","Ninguna","No existe","Intersección","Con baches,Deteriorada","S/D","Nocturna","S/D","S/D","S/D","Colisión","S/D","Faltante","Ninguna","S/D"
2017,8990,7/28/2017,"Viernes",0,13:05:00,,"0.0",2,"Moto/Ciclomotor,Automóvil","Pringles Y Gral Belgrano",3,1,0,0,2,0,0,,"Calle",,"SAN CRISTÓBAL","San Cristóbal","Asfalto","No existe","XIII","Dentro","Urbana","Ninguna","No existe","Intersección","Bueno","S/D","Diurna","S/D","S/D","S/D","Colisión","Ninguna","Faltante","Ninguna","Sin restricción"
2017,8991,11/18/2017,"Sabado",0,19:45:00,,"0.0",2,"Moto/Ciclomotor,Automóvil","San Martin Y Sarmiento",3,0,1,0,2,0,0,,"Calle",,"ACEBAL","Rosario","Hormigón","No existe","II","Dentro","Urbana","Ninguna","No existe","Intersección","Bueno","Buena","Atardecer","Buen Tiempo","Lateral","S/D","Colisión","Ninguna","Faltante","Ninguna","Sin restricción"
2017,8992,11/22/2017,"Miercoles",0,14:00:00,,"0.0",2,"Moto/Ciclomotor,Automóvil","B Manera Y J Buffa",3,1,1,0,1,0,0,,"Calle",,"RAFAELA","Castellanos","Ripio","No existe","V","S/D","Urbana","Ninguna","No existe","Intersección","Resbaladiza","Reducida p/ objetos","Diurna","Buen Tiempo","S/D","S/D","Colisión","Ninguna","Faltante","Ninguna","Sin restricción"
2017,8993,7/24/2017,"Lunes",0,,,"0.0",1,"Bicicleta","AV SANTA FE Y AV BELGRANO",1,1,0,0,0,0,0,,"Calle",,"IRIGOYEN","San Jerónimo","S/D","S/D","XV","Dentro","Urbana","S/D","S/D","S/D","S/D","S/D","S/D","S/D","S/D","S/D","Caída ocupante","S/D","S/D","S/D","S/D"
2017,8994,11/5/2017,"Domingo",0,18:35:00,"Ruta Provincial 21","0.0",1,"Automóvil"," ",3,2,0,0,1,0,0,,"Ruta",21,"FIGHIERA","Rosario","Asfalto","Natural","II","Dentro","Rural","Ninguna","No existe","Puente","Bueno","Buena","Atardecer","Buen Tiempo","S/D","S/D","Despiste","S/D","Horizontal","Línea divisoria pintada","Sin restricción"
2017,8995,11/15/2017,"Miercoles",0,16:15:00,"Ruta Nacional 33","752.0",6,"Camión Chasis,Camión c / Acoplado,Automóvil,Pickup/Utilitario,Automóvil,Automóvil"," ",8,2,0,0,6,0,0,,"Ruta",33,"PUJATO","San Lorenzo","Asfalto","Natural","XVII","Fuera","Urbana","Ninguna","No existe","Recta","Bueno","Reducida polvo","Diurna","Viento Fuerte","Otro","S/D","Colisión","Ninguna","Horizontal","Línea divisoria pintada","Sin restricción"
2017,8996,11/21/2017,"Martes",0,18:30:00,"Ruta Nacional 33","764.0",2,"Pickup/Utilitario,Automóvil"," ",3,2,0,0,1,0,0,,"Ruta",33,"ZAVALLA","Rosario","Asfalto","Natural","II","Dentro","Urbana","Ninguna","No existe","Recta","Bueno","Buena","Atardecer","S/D","De alcance","S/D","Colisión","Ninguna","Vertical","Línea divisoria pintada","Sin restricción"
2017,8997,7/24/2017,"Lunes",0,,"Ruta Nacional 175","0.0",1,"Automóvil","Belgrano Y Cordoba",4,4,0,0,0,0,0,,"Ruta",175,"PUERTO SAN MARTÍN","San Lorenzo","Asfalto","No existe","XVII","Dentro","Urbana","Ninguna","No existe","Recta","Bueno","S/D","S/D","S/D","S/D","S/D","Vuelco","Ninguna","Faltante","Ninguna","Sin restricción"
2017,8998,11/25/2017,"Sabado",0,13:15:00,,"0.0",2,"Moto/Ciclomotor,Automóvil","Anibal Maffei ",2,1,0,0,1,0,0,,"Calle",,"ARROYO SECO","Rosario","Hormigón","Natural","II","S/D","Rural","Ninguna","No existe","Recta","Con baches,Deteriorada,Ahuellamiento","Buena","Diurna","Buen Tiempo","S/D","S/D","Colisión","Ninguna","Faltante","Ninguna","Sin restricción"
2017,8999,7/27/2017,"Jueves",0,19:10:00,"Ruta Nacional 11","0.0",2,"Moto/Ciclomotor,Automóvil","Av San Lorenzo 252",3,1,0,0,2,0,0,,"Ruta",11,"CAPITÁN BERMÚDEZ","San Lorenzo","Asfalto","S/D","XVII","Dentro","Urbana","S/D","S/D","Recta","S/D","S/D","S/D","S/D","S/D","S/D","Colisión","S/D","S/D","S/D","S/D"
2017,9000,11/10/2017,"Viernes",0,7:45:00,,"0.0",2,"Bicicleta,Automóvil","Bernardino Rivadavia Y Gral Bartolome Mitre Bis",2,1,0,0,1,0,0,,"Calle",,"ARROYO SECO","Rosario","Asfalto","No existe","II","Dentro","Urbana","Ninguna","No existe","Intersección","Deteriorada,Ahuellamiento","Buena","Diurna","Buen Tiempo","S/D","Ciclista","Atropello","Ninguna","Faltante","Ninguna","Sin restricción"
2017,9001,11/25/2017,"Sabado",0,5:00:00,,"0.0",2,"Bicicleta,Pickup/Utilitario","Salvador del Carril Y Rivadavia",2,0,0,0,1,1,0,"-31.618764, -60.696028","Avenida",,"SANTA FE","La Capital","Asfalto","No existe","I","S/D","Urbana","Ninguna","No existe","Intersección","Bueno","Reducida","Nocturna,Con luz artificial","Buen Tiempo","S/D","Ciclista","Atropello","Ninguna","Vertical","Cordón divisorio","Sin restricción"
2017,9002,11/21/2017,"Martes",0,18:35:00,,"0.0",2,"Automóvil,Moto/Ciclomotor","El Rosedal Y Esteban Echeverria",2,1,0,0,1,0,0,,"Calle",,"GRANADERO BAIGORRIA","Rosario","Asfalto","No existe","II","S/D","Urbana","Ninguna","No existe","Intersección","Con baches","Buena","Diurna","Buen Tiempo","Frontal","S/D","Colisión","Ninguna","Faltante","S/D","Sin restricción"
2017,9003,11/2/2017,"Jueves",0,18:50:00,,"0.0",2,"Moto/Ciclomotor,Moto/Ciclomotor","El Jilguero Y Las Casuarinas",3,2,0,0,1,0,0,,"Calle",,"PEREZ","Rosario","Asfalto","No existe","II","Dentro","Urbana","Ninguna","No existe","Intersección","Bueno","Buena","Atardecer","Buen Tiempo","Lateral","S/D","Colisión","Ninguna","Faltante","Ninguna","Sin restricción"
2017,9004,11/5/2017,"Domingo",0,20:35:00,,"0.0",2,"Automóvil,Automóvil","J.J.Paso Y Donado",3,2,0,0,1,0,0,,"Calle",,"ROSARIO","Rosario","Asfalto","No existe","II","Dentro","Urbana","Semáforo","Funciona","Recta","Bueno","Buena","Nocturna","Buen Tiempo","Otro","S/D","Colisión","Ninguna","Vertical","Ninguna","Sin restricción"
2017,9005,11/9/2017,"Jueves",0,7:26:00,,"0.0",1,"Transporte de Pasajeros Urbano (> 8 asientos)","Santa Fe Y Dorrego",2,1,0,0,1,0,0,,"Calle",,"ROSARIO","Rosario","Asfalto","No existe","II","S/D","Urbana","Ninguna","No existe","Intersección","Bueno","Buena","Diurna","Buen Tiempo","S/D","S/D","Caída ocupante","Ninguna","Faltante","Ninguna","Sin restricción"