"anio_acci","nro_acci","fecha","desc_dia","fecha_aprox","hora_aprox","desc_ruta","km","cant_participantes","desc_participante","calle_avenida_km","total","heridos_leves","heridos_graves","heridos_gravisimos","ilesos","fallecidos","sin_datos","posicion_XY","desc_tipo_via","desc_ruta_ori","desc_loc","desc_dpto","desc_tipo_calzada","desc_tipo_banquina","desc_unidad_regional","desc_lugar_calzada","desc_zona","desc_prioridad","desc_estado_semaforo","desc_lugar_via","desc_estado_via","desc_estado_visibilidad","desc_luminosidad","desc_estado_clima","desc_tipo_colision","desc_tipo_atropello","desc_tipo_hecho","desc_pres_calzada","desc_senializacion","desc_separacion_via","desc_restriccion"
2017,9006,11/29/2017,"Miercoles",0,12:00:00,,"0.0",2,"Moto/Ciclomotor,Taxi/Remis","Eva Peron Y Chacabuco",2,1,0,0,1,0,0,,"Calle",,"GRANADERO BAIGORRIA","Rosario","Asfalto","No existe","II","Dentro","Urbana","Paso Peatonal","No existe","Intersección","Bueno","Buena","Diurna","Buen Tiempo","Lateral","S/D","Colisión","Ninguna","Horizontal","Ninguna","Sin restricción"
2017,9007,7/3/2017,"Lunes",0,20:00:00,"Ruta Provincial 91","12.0",3,"Camión c / Acoplado,Camión c / Acoplado,Camión c / Acoplado"," ",3,2,0,0,1,0,0,,"Ruta",91,"SALTO GRANDE","Iriondo","Asfalto","S/D","X","Dentro","Rural","S/D","S/D","Recta","S/D","S/D","Atardecer","S/D","Múltiple","S/D","Colisión","S/D","S/D","S/D","S/D"
2017,9008,11/15/2017,"Miercoles",0,15:00:00,,"0.0",2,"Moto/Ciclomotor,Automóvil","Av. Belgrano Y Sgto Cabral",2,0,1,0,1,0,0,,"Avenida",,"ROSARIO","Rosario","Asfalto","No existe","II","Dentro","Urbana","Semáforo","Funciona","Intersección","Bueno","Buena","Diurna","Buen Tiempo","Lateral","S/D","Colisión","Ninguna","Vertical","Ninguna","Sin restricción"
2017,9009,11/22/2017,"Miercoles",0,1:25:00,"Ruta Nacional 34","0.0",2,"Otros,Moto/Ciclomotor"," ",2,1,0,0,0,0,1,,"Ruta",34,"IBARLUCEA","Rosario","Asfalto","Ripio","II","Dentro","Urbana","Señal Pare","No existe","Intersección","Bueno","Buena","Nocturna,Con luz artificial","Buen Tiempo","De alcance","S/D","Colisión","Ninguna","Vertical","Ninguna","Sin restricción"
2017,9010,11/14/2017,"Martes",0,18:00:00,,"0.0",2,"Moto/Ciclomotor,Automóvil","Av. Provincias Unidas Y Velez Sarsfield",3,1,0,0,2,0,0,,"Avenida",,"ROSARIO","Rosario","Asfalto","No existe","II","Dentro","Urbana","Ninguna","Funciona","Recta","Bueno","Buena","Diurna","Buen Tiempo","De alcance","S/D","Colisión","Ninguna","Horizontal,Vertical","Cordón divisorio","Sin restricción"
2017,9011,7/17/2017,"Lunes",0,17:00:00,,"0.0",2,"Pickup/Utilitario,Moto/Ciclomotor","Domingo Faustino Sarmiento Y Lopez y Planes",2,0,1,0,1,0,0,,"Calle",,"ESPERANZA","Las Colonias","S/D","S/D","XI","Dentro","Urbana","S/D","S/D","Intersección","S/D","S/D","Diurna","S/D","S/D","S/D","Colisión","S/D","S/D","S/D","S/D"
2017,9012,11/9/2017,"Jueves",0,,,"0.0",3,"Automóvil,Automóvil,Moto/Ciclomotor","Nicolas Laguna Y Grandoli",3,1,0,0,2,0,0,,"Calle",,"ROSARIO","Rosario","Asfalto","No existe","II","S/D","Urbana","S/D","S/D","Intersección","Bueno","Buena","Diurna","Buen Tiempo","Múltiple","S/D","Colisión","S/D","S/D","S/D","S/D"
2017,9013,11/16/2017,"Jueves",0,11:00:00,,"0.0",2,"Moto/Ciclomotor,Pickup/Utilitario","Av. Wheelwright Y Pte.Roca",2,1,0,0,1,0,0,,"Calle",,"ROSARIO","Rosario","Asfalto","No existe","II","Dentro","Urbana","Semáforo","Funciona","Intersección","Bueno","Buena","Diurna","Buen Tiempo","De alcance","S/D","Colisión","Ninguna","Vertical","Ninguna","Reparación de Vía"
2017,9014,11/15/2017,"Miercoles",0,10:30:00,,"0.0",2,"Transporte de Pasajeros Urbano (> 8 asientos),Taxi/Remis","Bv. Argentino Y Donado",2,1,0,0,1,0,0,,"Calle",,"ROSARIO","Rosario","Asfalto","No existe","II","Dentro","Urbana","Ninguna","No existe","Recta","Bueno","Buena","Diurna","Buen Tiempo","De alcance","S/D","Colisión","Ninguna","Faltante","Ninguna","Sin restricción"
2017,9015,11/8/2017,"Miercoles",0,7:45:00,,"0.0",2,"Bicicleta,Automóvil","Tucuman Y Paraguay",2,1,0,0,1,0,0,,"Calle",,"ROSARIO","Rosario","Asfalto","No existe","II","Dentro","Urbana","Ninguna","No existe","Intersección","Bueno","Buena","Diurna","Buen Tiempo","S/D","Ciclista","Atropello","Ninguna","Faltante","Ninguna","Sin restricción"
2017,9016,11/15/2017,"Miercoles",0,21:20:00,,"0.0",2,"Peatón,Moto/Ciclomotor","Ciudadela 3400",2,1,0,0,1,0,0,,"Calle",,"ROSARIO","Rosario","Asfalto","No existe","II","Dentro","Urbana","S/D","S/D","Recta","Bueno","S/D","Nocturna","Buen Tiempo","S/D","Peatón","Atropello","S/D","S/D","S/D","S/D"
2017,9017,11/1/2017,"Miercoles",0,20:00:00,"Ruta Secundaria 20-s","0.0",2,"Moto/Ciclomotor,Tractor","San Martin Y Ruta Provincial 20 s",2,1,0,0,1,0,0,,"Ruta","20-s","PIÑERO","Rosario","Ripio","Ripio","II","Dentro","Rural","Ninguna","No existe","Recta","Bueno","Reducida polvo","Nocturna,Con luz artificial","Buen Tiempo","Lateral","S/D","Colisión","Ninguna","Horizontal","Línea divisoria pintada","Sin restricción"
2017,9018,11/28/2017,"Martes",0,8:30:00,,"0.0",2,"Moto/Ciclomotor,Automóvil","Mendoza Y Ravignani",3,1,0,0,2,0,0,,"Calle",,"ROSARIO","Rosario","Asfalto","No existe","II","Dentro","Urbana","S/D","No existe","Intersección","Bueno","S/D","Diurna","S/D","Otro","S/D","Colisión","S/D","Faltante","Cordón divisorio","S/D"
2017,9019,11/23/2017,"Jueves",0,1:50:00,,"0.0",2,"Taxi/Remis,Moto/Ciclomotor","Bv. Oroño Y Tucuman",2,1,0,0,1,0,0,,"Avenida",,"ROSARIO","Rosario","Asfalto","S/D","II","S/D","Urbana","S/D","S/D","Intersección","S/D","S/D","Nocturna,Con luz artificial","S/D","S/D","S/D","Colisión","S/D","S/D","Cordón divisorio","S/D"
2017,9020,11/23/2017,"Jueves",0,18:00:00,,"0.0",2,"Peatón,Automóvil","Rivadavia Y Bv. Oroño",2,0,1,0,1,0,0,,"Calle",,"ROSARIO","Rosario","S/D","No existe","II","S/D","Urbana","S/D","S/D","Intersección","S/D","S/D","Diurna","S/D","S/D","Peatón","Atropello","S/D","Horizontal,Vertical","S/D","Sin restricción"
2017,9021,11/16/2017,"Jueves",0,,,"0.0",2,"Moto/Ciclomotor,Automóvil","Av. Jorge Newbery Y Alvarez Condarco",2,0,1,0,1,0,0,,"Avenida",,"ROSARIO","Rosario","Asfalto","No existe","II","Dentro","Urbana","Señal Pare","S/D","S/D","Bueno","Buena","Diurna","Buen Tiempo","Frontal","S/D","Colisión","S/D","Vertical","Cordón divisorio","S/D"
2017,9022,11/23/2017,"Jueves",0,12:00:00,,"0.0",2,"Peatón,Camión c / Acoplado","Mendoza Y Bv. Wilde",2,1,0,0,1,0,0,,"Calle",,"ROSARIO","Rosario","Asfalto","No existe","II","Dentro","Urbana","S/D","Funciona","Recta","Bueno","S/D","Diurna","S/D","S/D","Peatón","Atropello","S/D","Vertical","Cordón divisorio","S/D"
2017,9023,7/8/2017,"Sabado",0,,"Ruta Provincial 21","0.0",1,"Automóvil"," ",1,1,0,0,0,0,0,,"Ruta",21,"ALVEAR","Rosario","Asfalto","S/D","II","Dentro","Rural","S/D","S/D","Recta","S/D","S/D","S/D","S/D","S/D","S/D","Vuelco","S/D","S/D","S/D","S/D"
2017,9024,11/28/2017,"Martes",0,12:41:00,"Ruta Nacional A012","12.0",2,"Camión c / Acoplado,Automóvil","Rivadavia ",2,1,0,0,1,0,0,,"Ruta","A012","PIÑERO","Rosario","Asfalto","Ripio","II","Dentro","Rural","Ninguna","No existe","Recta","S/D","S/D","S/D","S/D","Otro","S/D","Colisión","Ninguna","Vertical","Línea divisoria pintada","Sin restricción"
2017,9025,11/1/2017,"Miercoles",0,5:35:00,,"0.0",2,"Taxi/Remis,Automóvil","Alvear Y 3 De Febrero",2,1,0,0,1,0,0,,"Calle",,"ROSARIO","Rosario","Asfalto","No existe","II","S/D","Urbana","S/D","S/D","Intersección","S/D","S/D","Nocturna,Con luz artificial","S/D","S/D","S/D","Colisión","S/D","Horizontal","S/D","S/D"
2017,9026,11/14/2017,"Martes",0,22:20:00,,"0.0",2,"Automóvil,Moto/Ciclomotor","Av 7 Jefes Y Domingo Silva",2,1,0,0,1,0,0,,"Calle",,"SANTA FE","La Capital","Asfalto","No existe","I","Dentro","Urbana","S/D","No existe","Intersección","Bueno","S/D","Nocturna","S/D","Lateral","S/D","Colisión","S/D","S/D","S/D","S/D"
2017,9027,7/8/2017,"Sabado",0,,"Ruta Provincial 18","3.5",2,"Pickup/Utilitario,Camión c / Acoplado"," ",5,4,0,0,1,0,0,,"Ruta",18,"PIÑERO","Rosario","S/D","S/D","II","Dentro","S/D","S/D","S/D","Recta","S/D","S/D","S/D","S/D","S/D","S/D","Colisión","S/D","S/D","S/D","S/D"
2017,9028,11/27/2017,"Lunes",0,23:15:00,"Ruta Provincial 70","98.0",2,"Pickup/Utilitario,Moto/Ciclomotor"," ",2,0,0,0,1,1,0,"-31.228401, -61.685966","Ruta",70,"PUEBLO SAN ANTONIO","Castellanos","Asfalto","Natural","V","Fuera","Rural","Ninguna","No existe","Recta","Resbaladiza","Buena","Nocturna","Buen Tiempo","Frontal","S/D","Colisión","Otro","Faltante","Línea divisoria pintada","Sin restricción"
2017,9029,11/7/2017,"Martes",0,15:20:00,,"0.0",2,"Camión c / Acoplado,Moto/Ciclomotor","Zuviria ",2,1,0,0,1,0,0,,"Calle",,"ROSARIO","Rosario","Asfalto","S/D","II","Dentro","Urbana","S/D","S/D","Recta","Bueno","S/D","Diurna","S/D","Otro","S/D","Colisión","S/D","S/D","Ninguna","S/D"
2017,9030,11/13/2017,"Lunes",0,8:30:00,,"0.0",2,"Automóvil,Camión c / Semirremolque","Sarmiento Y Av Leandro Alem",2,1,0,0,1,0,0,,"Calle",,"SANTA FE","La Capital","Asfalto","No existe","I","Dentro","Urbana","Semáforo","Funciona","Intersección","Bueno","S/D","Diurna","S/D","Lateral","S/D","Colisión","S/D","Vertical","S/D","S/D"
2017,9031,10/27/2017,"Viernes",0,20:30:00,,"0.0",2,"Automóvil,Automóvil","Mitre Y Montevideo",2,1,0,0,1,0,0,,"Calle",,"ROSARIO","Rosario","Asfalto","No existe","II","S/D","Urbana","S/D","No existe","Intersección","S/D","S/D","Nocturna,Con luz artificial","S/D","S/D","S/D","Colisión","S/D","Horizontal","S/D","S/D"
2017,9032,7/23/2017,"Domingo",0,18:00:00,"Ruta Nacional 11","823.0",1,"Moto/Ciclomotor"," ",2,2,0,0,0,0,0,,"Ruta",11,"RECONQUISTA","General Obligado","Asfalto","S/D","IX","Dentro","S/D","S/D","S/D","Recta","S/D","S/D","Diurna","S/D","S/D","S/D","Caída ocupante","S/D","S/D","S/D","S/D"
2017,9033,11/5/2017,"Domingo",0,3:30:00,,"0.0",2,"Moto/Ciclomotor,Moto/Ciclomotor","Mendoza Y Av. Circunvalacion",2,2,0,0,0,0,0,,"Avenida",,"ROSARIO","Rosario","Asfalto","No existe","II","Dentro","Urbana","Semáforo","Funciona","Recta","Bueno","S/D","Nocturna","S/D","Otro","S/D","Colisión","S/D","Horizontal,Vertical","Cordón divisorio","S/D"
2017,9034,11/8/2017,"Miercoles",0,15:55:00,,"0.0",2,"Automóvil,Bicicleta","Bv Galvez Y Sarmiento",2,1,0,0,0,0,1,,"Calle",,"SANTA FE","La Capital","Asfalto","No existe","I","Dentro","Urbana","Semáforo","Funciona","Intersección","Bueno","S/D","Diurna","S/D","Lateral","S/D","Colisión","S/D","Horizontal,Vertical","Cordón divisorio,Vegetación","S/D"
2017,9035,7/1/2017,"Sabado",0,12:25:00,,"0.0",2,"Moto/Ciclomotor,Automóvil","Maipu Y Paz",3,2,0,0,1,0,0,,"Calle",,"VENADO TUERTO","General López","Asfalto","No existe","VIII","Dentro","Urbana","Ninguna","No existe","Intersección","Bueno","S/D","Diurna","S/D","S/D","S/D","Colisión","Ninguna","Faltante","Ninguna","Sin restricción"
2017,9036,11/7/2017,"Martes",0,,,"0.0",2,"Automóvil,Bicicleta","Juan Del Campillo Y Gdor Candioti",2,1,0,0,1,0,0,,"Calle",,"SANTA FE","La Capital","Asfalto","No existe","I","Dentro","Urbana","S/D","No existe","Intersección","Bueno","S/D","S/D","S/D","Lateral","S/D","Colisión","S/D","S/D","S/D","S/D"
2017,9037,7/1/2017,"Sabado",0,17:40:00,,"0.0",1,"Moto/Ciclomotor","Falucho Y 2 de Abril",2,2,0,0,0,0,0,,"Calle",,"VENADO TUERTO","General López","Asfalto","No existe","VIII","Dentro","Urbana","Ninguna","No existe","Intersección","Bueno","S/D","Diurna","S/D","S/D","S/D","Caída ocupante","Ninguna","Faltante","Ninguna","Sin restricción"
2017,9038,11/18/2017,"Sabado",0,14:15:00,,"0.0",1,"Automóvil","Av. Circunvalacion Y Av. Pellegrini",3,0,2,0,1,0,0,,"Avenida",,"ROSARIO","Rosario","Asfalto","Pavimento","II","Dentro","Urbana","S/D","S/D","Otro","Bueno","S/D","Diurna","S/D","S/D","S/D","Otro","S/D","S/D","Barrera de alto impacto","S/D"
2017,9039,11/3/2017,"Viernes",0,9:45:00,,"0.0",2,"Automóvil,Automóvil","Bv. Oroño Y San Lorenzo",2,1,0,0,1,0,0,,"Avenida",,"ROSARIO","Rosario","Asfalto","No existe","II","S/D","Urbana","S/D","No existe","Intersección","S/D","S/D","Diurna","S/D","S/D","S/D","Colisión","S/D","Horizontal","S/D","S/D"
2017,9040,11/6/2017,"Lunes",0,7:10:00,,"0.0",2,"Moto/Ciclomotor,Moto/Ciclomotor","Nicasio Oroño ",2,2,0,0,0,0,0,,"Calle",,"SANTA FE","La Capital","Hormigón","No existe","I","Dentro","Urbana","S/D","No existe","Recta","Bueno","S/D","Amanecer","S/D","Lateral","S/D","Colisión","S/D","S/D","S/D","S/D"
2017,9041,7/2/2017,"Domingo",0,,"Ruta Nacional A009","0.0",2,"Automóvil,Moto/Ciclomotor"," ",3,2,0,0,1,0,0,,"Ruta","A009","PUERTO RECONQUISTA","General Obligado","Asfalto","No existe","IX","Dentro","Rural","Ninguna","No existe","Puente","Bueno","S/D","S/D","S/D","S/D","S/D","Colisión","Ninguna","S/D","Línea divisoria pintada","S/D"
2017,9042,11/5/2017,"Domingo",0,19:45:00,,"0.0",1,"Moto/Ciclomotor","Av Leandro Alem 3200",2,2,0,0,0,0,0,,"Avenida",,"SANTA FE","La Capital","Asfalto","No existe","I","Dentro","Urbana","S/D","No existe","Recta","Bueno","S/D","Diurna","S/D","S/D","S/D","Despiste","S/D","S/D","S/D","S/D"
2017,9043,11/15/2017,"Miercoles",0,16:20:00,"Ruta Secundaria 26-s","71.0",5,"Transporte de Pasajeros Urbano (> 8 asientos),Automóvil,Automóvil,Automóvil,Camión c / Acoplado","RUTA PROVINCIAL 17  Y RUTA PROVINCIAL 26-S",14,9,0,0,4,1,0,"-33.407576, -60.869857","Ruta","26-s","FUENTES","San Lorenzo","Asfalto","Natural","XVII","Dentro","Rural","Ninguna","No existe","Recta","Bueno","Reducida polvo","Diurna","Viento Fuerte","Múltiple","S/D","Colisión","Ninguna","Faltante","Ninguna","S/D"
2017,9044,11/1/2017,"Miercoles",0,21:30:00,,"0.0",2,"Camión Chasis,Moto/Ciclomotor","9 De Julio Y Maipu",3,0,2,0,1,0,0,"-32.954361111111,-60.637222222222","Calle",,"ROSARIO","Rosario","Asfalto","No existe","II","S/D","Urbana","S/D","S/D","Intersección","S/D","S/D","Nocturna,Con luz artificial","S/D","S/D","S/D","Colisión","S/D","Horizontal,Vertical","S/D","S/D"
2017,9045,7/1/2017,"Sabado",0,11:05:00,,"0.0",2,"Pickup/Utilitario,Moto/Ciclomotor","San martin Y J N Turbay",3,2,0,0,1,0,0,,"Calle",,"FLORENCIA","General Obligado","S/D","S/D","IX","Dentro","Urbana","S/D","S/D","Intersección","S/D","S/D","Diurna","S/D","S/D","S/D","Colisión","S/D","S/D","S/D","S/D"
2017,9046,11/25/2017,"Sabado",0,20:30:00,,"0.0",2,"Automóvil,Moto/Ciclomotor","Av. Circunvalacion ",2,1,0,0,1,0,0,,"Avenida",,"ROSARIO","Rosario","Asfalto","Pavimento","II","Dentro","Urbana","Ninguna","No existe","Recta","Bueno","Buena","Nocturna","Buen Tiempo","Lateral","S/D","Colisión","S/D","Horizontal","Guardarrail,Línea divisoria pintada","Sin restricción"
2017,9047,11/28/2017,"Martes",0,,,"0.0",1,"Moto/Ciclomotor","Uruguay ",1,0,1,0,0,0,0,,"Calle",,"SOLDINI","Rosario","Ripio","Natural","II","Fuera","Urbana","Ninguna","No existe","Intersección","Resbaladiza","Buena","Diurna","Buen Tiempo","S/D","S/D","Caída ocupante","Ninguna","Faltante","Ninguna","S/D"
2017,9048,11/2/2017,"Jueves",0,20:30:00,,"0.0",2,"Moto/Ciclomotor,Pickup/Utilitario","Urquiza Y F.More",5,4,0,0,0,0,1,,"Calle",,"ROSARIO","Rosario","Asfalto","No existe","II","Dentro","Urbana","S/D","No existe","Intersección","S/D","S/D","Nocturna","S/D","Lateral","S/D","Colisión","S/D","Faltante","Ninguna","S/D"
2017,9049,6/30/2017,"Viernes",0,15:45:00,,"0.0",2,"Moto/Ciclomotor,Automóvil","Calle 2 Y Calle 5",3,2,0,0,1,0,0,,"Calle",,"AVELLANEDA","General Obligado","S/D","S/D","IX","Dentro","Urbana","S/D","S/D","Intersección","S/D","S/D","S/D","S/D","S/D","S/D","Colisión","S/D","S/D","S/D","S/D"
2017,9050,11/14/2017,"Martes",0,11:40:00,,"0.0",2,"Moto/Ciclomotor,Automóvil","Walt Disney Y Herrero Miranda",2,1,0,0,1,0,0,,"Calle",,"ROSARIO","Rosario","Asfalto","No existe","II","S/D","Urbana","Ninguna","No existe","Intersección","Bueno","Buena","Diurna","Buen Tiempo","Lateral","S/D","Colisión","Ninguna","Faltante","S/D","Sin restricción"
2017,9051,11/15/2017,"Miercoles",0,12:40:00,,"0.0",2,"Moto/Ciclomotor,Automóvil","Medrano Y Cayetano Silva",2,1,0,0,1,0,0,,"Calle",,"ROSARIO","Rosario","Asfalto","No existe","II","Dentro","Urbana","Ninguna","No existe","Intersección","Bueno","Buena","Diurna","Buen Tiempo","Lateral","S/D","Colisión","Ninguna","Faltante","Ninguna","Sin restricción"
2017,9052,7/3/2017,"Lunes",0,,,"0.0",2,"Automóvil,Moto/Ciclomotor","Italia Y Tucuman",3,1,0,0,2,0,0,,"Calle",,"SUNCHALES","Castellanos","Asfalto","No existe","V","Dentro","Urbana","Ninguna","No existe","Intersección","Bueno","S/D","S/D","S/D","S/D","S/D","Colisión","Ninguna","Faltante","Ninguna","Sin restricción"
2017,9053,11/18/2017,"Sabado",0,4:30:00,,"0.0",2,"Automóvil,Moto/Ciclomotor","Avalos Y Larrechea",3,2,0,0,1,0,0,,"Calle",,"ROSARIO","Rosario","Asfalto","No existe","II","Dentro","Urbana","Ninguna","No existe","Intersección","Bueno","Buena","Nocturna","Buen Tiempo","S/D","S/D","Colisión","Ninguna","Faltante","Ninguna","Sin restricción"
2017,9054,11/6/2017,"Lunes",0,12:15:00,,"0.0",4,"Automóvil,Taxi/Remis,Automóvil,Automóvil","Santa Fe Y Carriego",4,1,0,0,3,0,0,,"Calle",,"ROSARIO","Rosario","Asfalto","No existe","II","Dentro","Urbana","Semáforo","Funciona","Intersección","S/D","S/D","Diurna","Otro","Lateral","S/D","Colisión","Ninguna","Vertical","Ninguna","S/D"
2017,9055,11/4/2017,"Sabado",0,12:20:00,,"0.0",2,"Automóvil,Peatón","San Juan 2100",2,1,0,0,1,0,0,,"Calle",,"ROSARIO","Rosario","Asfalto","No existe","II","S/D","Urbana","S/D","No existe","S/D","S/D","S/D","Diurna","S/D","S/D","Peatón","Atropello","S/D","Horizontal","S/D","S/D"
2017,9056,7/3/2017,"Lunes",0,,"Ruta Provincial 40","0.0",2,"Moto/Ciclomotor,Camión"," ",2,1,0,0,1,0,0,,"Ruta",40,"EL ARAZÁ","General Obligado","Asfalto","S/D","IX","Dentro","Urbana","S/D","S/D","Recta","S/D","S/D","S/D","S/D","S/D","S/D","Colisión","S/D","S/D","S/D","S/D"
2017,9057,11/1/2017,"Miercoles",0,13:50:00,,"0.0",2,"Otros,Otros"," ",2,1,0,0,1,0,0,,"Camino Rural",,"PEREZ","Rosario","Tierra","No existe","II","Dentro","Rural","Ninguna","No existe","Recta","S/D","Reducida polvo","Atardecer","Buen Tiempo","Lateral","S/D","Colisión","Ninguna","Faltante","Ninguna","Sin restricción"
2017,9058,7/5/2017,"Miercoles",0,,,"0.0",2,"Peatón,Automóvil","San Juan Y Rodriguez",3,2,0,0,1,0,0,,"Calle",,"ROSARIO","Rosario","Asfalto","No existe","II","Dentro","Urbana","Señal Pare","No existe","Intersección","Bueno","S/D","S/D","S/D","S/D","Peatón","Atropello","Ninguna","Horizontal","Ninguna","Sin restricción"
2017,9059,11/3/2017,"Viernes",0,10:20:00,,"0.0",2,"Taxi/Remis,Peatón","San Luis Y Mariano Moreno",2,0,0,0,1,0,1,,"Calle",,"ROSARIO","Rosario","Asfalto","No existe","II","S/D","Urbana","S/D","No existe","Intersección","S/D","S/D","Diurna","S/D","S/D","Peatón","Atropello","S/D","Horizontal","S/D","S/D"
2017,9060,11/17/2017,"Viernes",0,13:10:00,,"0.0",2,"Moto/Ciclomotor,Moto/Ciclomotor","Solis Y Gorriti",2,0,0,1,1,0,0,,"Avenida",,"ROSARIO","Rosario","Asfalto","No existe","II","Dentro","Urbana","S/D","No existe","Intersección","Bueno","S/D","Diurna","Buen Tiempo","Lateral","S/D","Colisión","S/D","Faltante","Cordón divisorio","S/D"
2017,9061,7/5/2017,"Miercoles",0,,"Ruta Provincial 32","0.0",1,"Pickup/Utilitario"," ",2,2,0,0,0,0,0,,"Ruta",32,"VILLA ANA","General Obligado","S/D","S/D","IX","Dentro","S/D","S/D","S/D","Recta","Con baches","S/D","S/D","S/D","S/D","S/D","Despiste","S/D","S/D","S/D","S/D"
2017,9062,11/3/2017,"Viernes",0,16:00:00,,"0.0",2,"Bicicleta,Automóvil","Pte.Roca Y Cordoba",2,1,0,0,1,0,0,,"Calle",,"ROSARIO","Rosario","Asfalto","No existe","II","S/D","Urbana","S/D","S/D","Recta","S/D","S/D","Diurna","S/D","S/D","Ciclista","Atropello","S/D","Horizontal,Vertical","S/D","S/D"
2017,9063,11/5/2017,"Domingo",0,5:20:00,,"0.0",1,"Automóvil","Cordoba Y Balcarce",6,6,0,0,0,0,0,,"Calle",,"ROSARIO","Rosario","Asfalto","No existe","II","S/D","Urbana","S/D","S/D","Intersección","S/D","S/D","Nocturna,Con luz artificial","S/D","Contra objeto fijo","S/D","Colisión","S/D","Horizontal,Vertical","Ninguna","S/D"
2017,9064,11/24/2017,"Viernes",0,6:40:00,"Ruta Provincial 26","71.0",1,"Automóvil"," ",1,0,0,0,0,1,0,"-33.12669, -61.10037","Ruta",26,"FUENTES","San Lorenzo","Asfalto","Natural","XVII","Fuera","Rural","Ninguna","No existe","Curva","Bueno","Buena","Amanecer","Buen Tiempo","S/D","S/D","Despiste","Ninguna","Horizontal","Línea divisoria pintada","Sin restricción"
2017,9065,11/5/2017,"Domingo",0,1:45:00,,"0.0",2,"Moto/Ciclomotor,Moto/Ciclomotor","Tucuman Y España",2,2,0,0,0,0,0,,"Calle",,"ROSARIO","Rosario","Asfalto","No existe","II","S/D","Urbana","S/D","S/D","Intersección","S/D","S/D","Nocturna,Con luz artificial","S/D","S/D","S/D","Colisión","S/D","Horizontal,Vertical","S/D","S/D"
2017,9066,11/5/2017,"Domingo",0,4:30:00,,"0.0",1,"Automóvil","Pte.Roca Y Av. Pellegrini",2,1,0,0,1,0,0,,"Avenida",,"ROSARIO","Rosario","Asfalto","No existe","II","S/D","Urbana","Semáforo","Funciona","Intersección","Bueno","S/D","Nocturna,Con luz artificial","S/D","Contra objeto fijo","S/D","Colisión","Ninguna","Vertical","Cordón divisorio","S/D"
2017,9067,11/23/2017,"Jueves",0,22:00:00,,"0.0",2,"Moto/Ciclomotor,Automóvil","Pte.Roca 1262",2,1,0,0,1,0,0,,"Calle",,"ROSARIO","Rosario","Asfalto","No existe","II","S/D","Urbana","S/D","S/D","Recta","S/D","S/D","Nocturna,Con luz artificial","S/D","S/D","S/D","Colisión","S/D","S/D","S/D","S/D"
2017,9068,11/25/2017,"Sabado",0,8:40:00,,"0.0",2,"Moto/Ciclomotor,Automóvil","Bv. Oroño ",2,0,1,0,1,0,0,,"Avenida",,"ROSARIO","Rosario","Asfalto","No existe","II","S/D","Urbana","S/D","S/D","Recta","S/D","S/D","Diurna","S/D","S/D","S/D","Colisión","S/D","S/D","S/D","S/D"
2017,9069,11/24/2017,"Viernes",0,21:30:00,,"0.0",2,"Vehículo Oficial,Automóvil","Italia Y 9 De Julio",2,1,0,0,1,0,0,,"Calle",,"ROSARIO","Rosario","Asfalto","No existe","II","S/D","Urbana","S/D","No existe","Intersección","S/D","S/D","Nocturna,Con luz artificial","S/D","S/D","S/D","Colisión","S/D","S/D","S/D","S/D"
2017,9070,10/22/2017,"Domingo",0,15:30:00,,"0.0",2,"Otros,Taxi/Remis","Av. Corrientes Y San Luis",2,0,1,0,1,0,0,,"Calle",,"ROSARIO","Rosario","Asfalto","No existe","II","S/D","Urbana","S/D","S/D","Intersección","S/D","S/D","Diurna","S/D","S/D","S/D","Atropello","S/D","Horizontal,Vertical","S/D","S/D"
2017,9071,11/8/2017,"Miercoles",0,11:05:00,,"0.0",2,"Automóvil,Moto/Ciclomotor","Laprida Y Riobamba",3,2,0,0,1,0,0,,"Calle",,"ROSARIO","Rosario","Asfalto","No existe","II","S/D","Urbana","S/D","No existe","Intersección","S/D","S/D","Diurna","S/D","S/D","S/D","Colisión","S/D","Faltante","S/D","S/D"
2017,9072,11/27/2017,"Lunes",0,17:15:00,,"0.0",2,"Moto/Ciclomotor,Taxi/Remis","Salta Y Alvear",2,1,0,0,1,0,0,,"Calle",,"ROSARIO","Rosario","Asfalto","No existe","II","S/D","Urbana","S/D","S/D","Intersección","S/D","S/D","Diurna","S/D","S/D","S/D","Colisión","S/D","Horizontal,Vertical","S/D","S/D"
2017,9073,7/6/2017,"Jueves",0,17:00:00,,"0.0",2,"Moto/Ciclomotor,Automóvil","Bv Centenario B Y Pellegrini",2,1,0,0,1,0,0,,"Calle",,"CAÑADA DE GÓMEZ","Iriondo","Asfalto","No existe","X","Dentro","Urbana","Ninguna","No existe","Intersección","Bueno","S/D","Diurna","S/D","S/D","S/D","Colisión","Ninguna","Faltante","Ninguna","Sin restricción"
2017,9074,11/9/2017,"Jueves",0,9:45:00,,"0.0",2,"Peatón,Automóvil","Mendoza Y Av. Corrientes",2,1,0,0,1,0,0,,"Calle",,"ROSARIO","Rosario","Asfalto","No existe","II","S/D","Urbana","Semáforo","Funciona","Intersección","S/D","S/D","Diurna","S/D","S/D","Peatón","Atropello","S/D","Vertical","Ninguna","S/D"