"anio_acci","nro_acci","fecha","desc_dia","fecha_aprox","hora_aprox","desc_ruta","km","cant_participantes","desc_participante","calle_avenida_km","total","heridos_leves","heridos_graves","heridos_gravisimos","ilesos","fallecidos","sin_datos","posicion_XY","desc_tipo_via","desc_ruta_ori","desc_loc","desc_dpto","desc_tipo_calzada","desc_tipo_banquina","desc_unidad_regional","desc_lugar_calzada","desc_zona","desc_prioridad","desc_estado_semaforo","desc_lugar_via","desc_estado_via","desc_estado_visibilidad","desc_luminosidad","desc_estado_clima","desc_tipo_colision","desc_tipo_atropello","desc_tipo_hecho","desc_pres_calzada","desc_senializacion","desc_separacion_via","desc_restriccion"
2017,9075,7/10/2017,"Lunes",0,15:00:00,,"0.0",2,"Pickup/Utilitario,Moto/Ciclomotor","Alvear Y Lavalle",2,1,0,0,1,0,0,,"Calle",,"CAÑADA DE GÓMEZ","Iriondo","Asfalto","No existe","X","Dentro","Urbana","Ninguna","No existe","Intersección","Bueno","S/D","Diurna","S/D","S/D","S/D","Colisión","Ninguna","Faltante","Ninguna","Sin restricción"
2017,9076,7/12/2017,"Miercoles",0,6:00:00,"Ruta Nacional 34","53.0",2,"Camión c / Acoplado,Camión c / Acoplado"," ",3,1,1,0,1,0,0,,"Ruta",34,"TOTORAS","Iriondo","Asfalto","Natural","X","Dentro","Rural","Ninguna","No existe","Recta","Bueno","S/D","Amanecer","S/D","S/D","S/D","Colisión","Ninguna","Horizontal","Línea divisoria pintada","Sin restricción"
2017,9077,11/8/2017,"Miercoles",0,13:05:00,,"0.0",2,"Automóvil,Moto/Ciclomotor","Catamarca Y Bv. Oroño",2,1,0,0,1,0,0,,"Avenida",,"ROSARIO","Rosario","Asfalto","No existe","II","S/D","Urbana","S/D","No existe","Intersección","Bueno","S/D","Diurna","S/D","S/D","S/D","Colisión","S/D","Horizontal","S/D","S/D"
2017,9078,11/9/2017,"Jueves",0,15:00:00,,"0.0",2,"Taxi/Remis,Moto/Ciclomotor","Paraguay Y E.Zeballos",2,1,0,0,1,0,0,,"Calle",,"ROSARIO","Rosario","S/D","No existe","II","S/D","Urbana","S/D","No existe","S/D","S/D","S/D","Diurna","S/D","S/D","S/D","Colisión","S/D","Horizontal","Ninguna","S/D"
2017,9079,11/4/2017,"Sabado",0,10:30:00,,"0.0",2,"Automóvil,Taxi/Remis","Pte.Roca Y Catamarca",3,1,0,0,2,0,0,,"Calle",,"ROSARIO","Rosario","Asfalto","No existe","II","S/D","Urbana","S/D","No existe","Recta","Bueno","S/D","Diurna","Buen Tiempo","S/D","S/D","Colisión","S/D","Horizontal","Ninguna","S/D"
2017,9080,11/30/2017,"Jueves",0,8:40:00,,"0.0",2,"Automóvil,Moto/Ciclomotor","Mendoza Y Balcarce",2,1,0,0,1,0,0,,"Calle",,"ROSARIO","Rosario","Asfalto","No existe","II","S/D","Urbana","S/D","S/D","Recta","Bueno","Buena","Diurna","Buen Tiempo","S/D","S/D","Colisión","S/D","Horizontal,Vertical","Ninguna","S/D"
2017,9081,11/7/2017,"Martes",0,12:15:00,,"0.0",2,"Pickup/Utilitario,Peatón","Tucuman 2100",2,1,0,0,1,0,0,,"Calle",,"ROSARIO","Rosario","Asfalto","No existe","II","S/D","Urbana","S/D","S/D","Recta","Bueno","Buena","Diurna","Buen Tiempo","S/D","Peatón","Atropello","S/D","S/D","S/D","S/D"
2017,9082,11/13/2017,"Lunes",0,10:10:00,,"0.0",3,"Automóvil,Pickup/Utilitario,Automóvil","San Jose Y Maiztegui",3,1,0,0,2,0,0,,"Calle",,"FUNES","Rosario","Ripio","No existe","II","S/D","Urbana","Ninguna","No existe","Intersección","Bueno","Buena","Diurna","Buen Tiempo","Múltiple","S/D","Colisión","Ninguna","Faltante","Ninguna","Sin restricción"
2017,9083,11/26/2017,"Domingo",0,3:15:00,,"0.0",2,"Moto/Ciclomotor,Moto/Ciclomotor","San Martin Y Hilarion de la Quintana",2,1,0,0,1,0,0,,"Avenida",,"ROSARIO","Rosario","Asfalto","No existe","II","Dentro","Urbana","Ninguna","No existe","Recta","Bueno","Buena","Nocturna,Con luz artificial","Buen Tiempo","De alcance","S/D","Colisión","Ninguna","Faltante","Barrera de hormigón","Sin restricción"
2017,9084,11/14/2017,"Martes",0,9:30:00,,"0.0",2,"Automóvil,Moto/Ciclomotor","Av Cordoba - Colectora Y Tucuman",3,2,0,0,1,0,0,,"Avenida",,"FUNES","Rosario","Asfalto","Pavimento","II","Dentro","Urbana","Ninguna","No existe","Recta","Bueno","Buena","Diurna","Buen Tiempo","Lateral","S/D","Colisión","Ninguna","Horizontal","Ninguna","Sin restricción"
2017,9085,11/10/2017,"Viernes",0,17:03:00,,"0.0",2,"Moto/Ciclomotor,Automóvil","Biedma 2400",2,1,0,0,1,0,0,,"Calle",,"ROSARIO","Rosario","Asfalto","No existe","II","Dentro","Urbana","Ninguna","No existe","Recta","Bueno","Buena","Atardecer","Buen Tiempo","De alcance","S/D","Colisión","Ninguna","Faltante","Ninguna","Sin restricción"
2017,9086,11/14/2017,"Martes",0,12:30:00,,"0.0",2,"Automóvil,Moto/Ciclomotor","Gral Paz Y Candelaria",3,2,0,0,1,0,0,,"Calle",,"FUNES","Rosario","Asfalto","No existe","II","Dentro","Urbana","Ninguna","No existe","Intersección","Bueno","Buena","Diurna","Buen Tiempo","Lateral","S/D","Colisión","Ninguna","Faltante","Ninguna","Sin restricción"
2017,9087,11/6/2017,"Lunes",0,9:30:00,,"0.0",2,"Automóvil,Automóvil","Reg.11 de Infanteria Y Av. Castro Barros",2,1,0,0,1,0,0,,"Calle",,"ROSARIO","Rosario","Asfalto","No existe","II","Dentro","Urbana","Ninguna","No existe","Intersección","Bueno","Buena","Diurna","Buen Tiempo","Lateral","S/D","Colisión","Ninguna","Faltante","Ninguna","Sin restricción"
2017,9088,11/16/2017,"Jueves",0,15:50:00,,"0.0",2,"Moto/Ciclomotor,Vehículo Oficial","Olegario V.Andrade Y Pje. Del Campo",3,2,0,0,0,0,1,,"Calle",,"ROSARIO","Rosario","Asfalto","No existe","II","Dentro","Urbana","Ninguna","No existe","Recta","Bueno","Buena","Diurna","Buen Tiempo","Lateral","S/D","Colisión","Ninguna","Horizontal","Ninguna","Sin restricción"
2017,9089,11/14/2017,"Martes",0,14:30:00,,"0.0",1,"Moto/Ciclomotor","Av Fuerza Aerea ",1,1,0,0,0,0,0,,"Avenida",,"FUNES","Rosario","Asfalto","Natural","II","S/D","Urbana","Ninguna","No existe","Recta","Con baches","Buena","Diurna","Buen Tiempo","S/D","S/D","Despiste","Ninguna","Horizontal","Línea divisoria pintada","Sin restricción"
2017,9090,11/18/2017,"Sabado",0,20:30:00,,"0.0",2,"Moto/Ciclomotor,Automóvil","Elorza Y Velez Sarfield",2,1,0,0,1,0,0,,"Calle",,"FUNES","Rosario","Hormigón","No existe","II","S/D","Urbana","Ninguna","No existe","Recta","Bueno","Buena","Nocturna","Buen Tiempo","Otro","S/D","Colisión","Ninguna","Faltante","Ninguna","Sin restricción"
2017,9091,11/17/2017,"Viernes",0,17:05:00,,"0.0",2,"Automóvil,Automóvil","Gurruchaga Y Av. Carlos Colombres",6,2,0,0,4,0,0,,"Avenida",,"ROSARIO","Rosario","Asfalto","No existe","II","Dentro","Urbana","Semáforo","Funciona","Intersección","S/D","Buena","Diurna","Buen Tiempo","Lateral","S/D","Colisión","S/D","Horizontal,Vertical","Cordón divisorio","Sin restricción"
2017,9092,11/25/2017,"Sabado",0,,,"0.0",2,"Automóvil,Automóvil","Av. Uriburu Y Av. Corrientes",4,3,0,0,1,0,0,,"Avenida",,"ROSARIO","Rosario","Asfalto","No existe","II","Dentro","Urbana","Semáforo","Funciona","Recta","S/D","Buena","Diurna","Buen Tiempo","Lateral","S/D","Colisión","S/D","Vertical","Cordón divisorio","Sin restricción"
2017,9093,11/9/2017,"Jueves",0,19:00:00,,"0.0",2,"Automóvil,Moto/Ciclomotor","San Martin 5300",4,2,0,0,2,0,0,,"Avenida",,"ROSARIO","Rosario","Asfalto","No existe","II","Dentro","Urbana","Semáforo","Funciona","Recta","Bueno","S/D","Atardecer","Buen Tiempo","Lateral","S/D","Colisión","Ninguna","Horizontal,Vertical","Cordón divisorio","Sin restricción"
2017,9094,11/2/2017,"Jueves",0,13:30:00,,"0.0",2,"Automóvil,Moto/Ciclomotor","Calvo Y Washington",4,1,1,0,2,0,0,,"Calle",,"ROSARIO","Rosario","Asfalto","No existe","II","Dentro","Urbana","Ninguna","No existe","Intersección","S/D","Buena","Diurna","S/D","Lateral","S/D","Colisión","S/D","S/D","S/D","Sin restricción"
2017,9095,11/21/2017,"Martes",0,11:20:00,,"0.0",2,"Automóvil,Bicicleta","San Martin Y Muñoz",2,1,0,0,1,0,0,,"Avenida",,"ROSARIO","Rosario","Asfalto","No existe","II","Dentro","Urbana","Semáforo","Funciona","Recta","Bueno","Buena","Diurna","Buen Tiempo","S/D","Ciclista","Atropello","Agua","Horizontal,Vertical","Cordón divisorio","Sin restricción"
2017,9096,11/13/2017,"Lunes",0,11:45:00,,"0.0",1,"Transporte de Pasajeros Urbano (> 8 asientos)","Av Rosario ",2,1,0,0,1,0,0,,"Calle",,"FUNES","Rosario","Hormigón","No existe","II","Dentro","Urbana","Ninguna","No existe","Intersección","Bueno","Buena","Diurna","Buen Tiempo","S/D","S/D","Caída ocupante","Ninguna","S/D","Ninguna","Sin restricción"
2017,9097,11/21/2017,"Martes",0,6:55:00,,"0.0",2,"Moto/Ciclomotor,Otros","Bv. Segui Y Av. Corrientes",2,1,0,0,1,0,0,,"Avenida",,"ROSARIO","Rosario","Asfalto","No existe","II","Dentro","Urbana","S/D","No existe","S/D","S/D","S/D","Diurna","S/D","S/D","S/D","Colisión","S/D","Faltante","Cordón divisorio","S/D"
2017,9098,11/11/2017,"Sabado",0,12:35:00,,"0.0",2,"Automóvil,Moto/Ciclomotor","Rivadavia Y Tucuman",3,2,0,0,1,0,0,,"Calle",,"ÁLVAREZ","Rosario","Asfalto","No existe","II","Dentro","Urbana","Ninguna","No existe","Intersección","Bueno","Buena","Diurna","Buen Tiempo","Lateral","S/D","Colisión","Ninguna","Faltante","Ninguna","Sin restricción"
2017,9099,11/3/2017,"Viernes",0,23:00:00,,"0.0",2,"Otros,Otros","Av. Sorrento Y Machain",3,1,0,0,2,0,0,,"Calle",,"ROSARIO","Rosario","Asfalto","Pavimento","II","Dentro","Urbana","Ninguna","No existe","Intersección","S/D","Buena","Nocturna","Buen Tiempo","Lateral","S/D","Colisión","S/D","S/D","Ninguna","Sin restricción"
2017,9100,11/3/2017,"Viernes",0,23:00:00,,"0.0",2,"Automóvil,Moto/Ciclomotor","Av. Sorrento Y Machain",3,1,0,0,2,0,0,,"Calle",,"ROSARIO","Rosario","Asfalto","Pavimento","II","Dentro","Urbana","Ninguna","No existe","Intersección","S/D","Buena","Nocturna","Buen Tiempo","Lateral","S/D","Colisión","S/D","S/D","Ninguna","Sin restricción"
2017,9101,11/15/2017,"Miercoles",0,,,"0.0",2,"Moto/Ciclomotor,Otros","Pje. Mozart Y Entre Rios",2,1,0,0,1,0,0,,"Calle",,"ROSARIO","Rosario","Asfalto","No existe","II","Dentro","Urbana","Ninguna","No existe","Recta","Bueno","Buena","S/D","Buen Tiempo","De alcance","S/D","Colisión","Ninguna","Faltante","Ninguna","Sin restricción"
2017,9102,11/17/2017,"Viernes",0,19:20:00,,"0.0",2,"Moto/Ciclomotor,Automóvil","Bv. Segui Y Rodriguez",2,1,0,0,1,0,0,,"Avenida",,"ROSARIO","Rosario","Asfalto","No existe","II","Dentro","Urbana","S/D","No existe","Recta","Bueno","Buena","Atardecer","S/D","S/D","S/D","Colisión","Ninguna","Faltante","Cordón divisorio,Ninguna","S/D"
2017,9103,11/22/2017,"Miercoles",0,,,"0.0",1,"Moto/Ciclomotor","CAMINO RURAL ALBERDI ",1,1,0,0,0,0,0,,"Camino Rural",,"SOLDINI","Rosario","Tierra","No existe","II","S/D","Rural","Ninguna","No existe","Intersección","Deteriorada","Buena","Diurna","Buen Tiempo","S/D","S/D","Caída ocupante","S/D","Faltante","Ninguna","Sin restricción"
2017,9104,11/13/2017,"Lunes",0,17:00:00,,"0.0",2,"Automóvil,Automóvil","Leandro Alem Y Ruta Nac 33",3,1,0,0,2,0,0,,"Calle",,"PEREZ","Rosario","Asfalto","Natural","II","S/D","Urbana","Semáforo","Funciona","Recta","Bueno","Buena","Diurna","Buen Tiempo","Otro","S/D","Colisión","Ninguna","Horizontal,Vertical","Línea divisoria pintada","Sin restricción"
2017,9105,11/21/2017,"Martes",0,16:30:00,,"0.0",2,"Automóvil,Automóvil","Av. Uriburu ",2,1,0,0,1,0,0,,"Avenida",,"ROSARIO","Rosario","Asfalto","No existe","II","Dentro","Urbana","Semáforo","Funciona","Recta","Bueno","Buena","Diurna","Buen Tiempo","De alcance","S/D","Colisión","Ninguna","Vertical","Cordón divisorio","Sin restricción"
2017,9106,11/16/2017,"Jueves",0,18:15:00,,"0.0",2,"Automóvil,Moto/Ciclomotor","Olegario V.Andrade 1100",3,1,0,0,2,0,0,,"Calle",,"ROSARIO","Rosario","Asfalto","No existe","II","Dentro","Urbana","Ninguna","No existe","Recta","Bueno","Buena","Con luz artificial","Buen Tiempo","De alcance","S/D","Colisión","Ninguna","Faltante","Ninguna","Sin restricción"
2017,9107,11/20/2017,"Lunes",0,20:50:00,,"0.0",2,"Automóvil,Moto/Ciclomotor","Dr Chiavarini Y Ruta Nac 33",2,1,0,0,1,0,0,,"Calle",,"PEREZ","Rosario","Asfalto","Pavimento","II","S/D","Urbana","Otra Señal","No existe","Recta","Bueno","Buena","Diurna","Buen Tiempo","Lateral","S/D","Colisión","Ninguna","Horizontal,Vertical","Línea divisoria pintada","Sin restricción"
2017,9108,11/9/2017,"Jueves",0,7:45:00,,"0.0",2,"Automóvil,Taxi/Remis","8 DE NOVIEMBRE  Y TRAVESÍA",2,1,0,0,1,0,0,,"Calle",,"ROSARIO","Rosario","Asfalto","Pavimento","II","Dentro","Urbana","Ninguna","No existe","Intersección","S/D","Buena","Diurna","S/D","Otro","S/D","Colisión","S/D","S/D","Ninguna","Sin restricción"
2017,9109,11/19/2017,"Domingo",0,20:55:00,,"0.0",2,"Bicicleta,Automóvil","San Martin Y Saavedra",3,1,0,0,2,0,0,,"Avenida",,"ROSARIO","Rosario","Asfalto","No existe","II","Dentro","Urbana","Semáforo","Funciona","Recta","Bueno","Buena","Nocturna","Buen Tiempo","S/D","Ciclista","Atropello","Ninguna","Horizontal,Vertical","Línea divisoria pintada","Sin restricción"
2017,9110,11/12/2017,"Domingo",0,21:05:00,,"0.0",2,"Automóvil,Peatón","Pacheco Y Av. Sorrento",2,1,0,0,1,0,0,,"Calle",,"ROSARIO","Rosario","Asfalto","S/D","II","Dentro","Urbana","S/D","Funciona","Intersección","S/D","Buena","Nocturna","S/D","S/D","Peatón","Atropello","S/D","Horizontal,Vertical","Ninguna","Sin restricción"
2017,9111,11/25/2017,"Sabado",0,20:30:00,,"0.0",2,"Taxi/Remis,Moto/Ciclomotor","Av San Martin Y Juan Bautista Alberdi",2,0,1,0,1,0,0,,"S/D",,"PEREZ","Rosario","Asfalto","Natural","II","S/D","Urbana","Ninguna","No existe","Recta","Bueno","Buena","Diurna","S/D","Lateral","S/D","Colisión","Ninguna","Faltante","S/D","Sin restricción"
2017,9112,11/16/2017,"Jueves",0,14:30:00,,"0.0",2,"Automóvil,Moto/Ciclomotor","Bv. Segui Y Entre Rios",3,2,0,0,1,0,0,,"Avenida",,"ROSARIO","Rosario","Asfalto","No existe","II","Dentro","Urbana","Ninguna","No existe","Recta","Bueno","Buena","Diurna","Buen Tiempo","Lateral","S/D","Colisión","Ninguna","Faltante","Cordón divisorio","Sin restricción"
2017,9113,11/17/2017,"Viernes",0,12:20:00,,"0.0",2,"Moto/Ciclomotor,Automóvil","Av. Uriburu Y Paraguay",3,1,0,0,2,0,0,,"Avenida",,"ROSARIO","Rosario","Asfalto","No existe","II","Dentro","Urbana","Ninguna","No existe","Recta","Bueno","Buena","Diurna","Buen Tiempo","De alcance","S/D","Colisión","Ninguna","Faltante","Cordón divisorio","Sin restricción"
2017,9114,11/28/2017,"Martes",0,18:30:00,,"0.0",2,"Automóvil,Peatón","Antartida Argentina Y Ruta Prov 14",2,1,0,0,1,0,0,,"S/D",,"PEREZ","Rosario","Asfalto","Ripio","II","S/D","Urbana","Otra Señal","No existe","Recta","Deteriorada","Buena","Diurna","Buen Tiempo","S/D","Peatón","Atropello","S/D","Vertical","Ninguna","Sin restricción"
2017,9115,11/23/2017,"Jueves",0,18:10:00,,"0.0",2,"Peatón,Automóvil","Esquivel 1047",2,1,0,0,1,0,0,,"Calle",,"ROSARIO","Rosario","Asfalto","No existe","II","Dentro","Urbana","Ninguna","No existe","Recta","Bueno","Buena","Atardecer","Buen Tiempo","S/D","Peatón","Atropello","S/D","Faltante","Ninguna","Sin restricción"
2017,9116,11/2/2017,"Jueves",0,6:43:00,,"0.0",2,"Taxi/Remis,Moto/Ciclomotor","Bv. Segui Y Av. Corrientes",2,1,0,0,1,0,0,,"Avenida",,"ROSARIO","Rosario","Asfalto","No existe","II","Dentro","Urbana","Ninguna","No existe","Recta","Bueno","S/D","Amanecer","Buen Tiempo","De alcance","S/D","Colisión","Ninguna","Faltante","Cordón divisorio","Sin restricción"
2017,9117,11/9/2017,"Jueves",0,14:45:00,,"0.0",2,"Moto/Ciclomotor,Pickup/Utilitario","Yapeyu Y Morelli",2,1,0,0,1,0,0,,"Calle",,"PEREZ","Rosario","Asfalto","No existe","II","S/D","Urbana","Ninguna","No existe","Recta","Deteriorada","Buena","Diurna","Buen Tiempo","Lateral","S/D","Colisión","Ninguna","Faltante","Ninguna","Sin restricción"
2017,9118,11/29/2017,"Miercoles",0,13:10:00,,"0.0",2,"Moto/Ciclomotor,Pickup/Utilitario","Darragueira Y Superi",2,1,0,0,1,0,0,,"Calle",,"ROSARIO","Rosario","Asfalto","No existe","II","Dentro","Urbana","Ninguna","No existe","Intersección","Bueno","Buena","Diurna","Buen Tiempo","Lateral","S/D","Colisión","Ninguna","Faltante","Ninguna","Sin restricción"
2017,9119,11/17/2017,"Viernes",0,8:25:00,,"0.0",2,"Automóvil,Moto/Ciclomotor","Bv Galvez Y Las Heras",2,1,0,0,1,0,0,,"Avenida",,"SANTA FE","La Capital","Asfalto","No existe","I","Dentro","Urbana","Semáforo","Funciona","Intersección","Bueno","S/D","Diurna","S/D","Lateral","S/D","Colisión","S/D","Vertical","Cordón divisorio,Vegetación","S/D"
2017,9120,11/11/2017,"Sabado",0,12:45:00,,"0.0",2,"Automóvil,Moto/Ciclomotor","Bv. Segui Y Mitre",3,2,0,0,1,0,0,,"Avenida",,"ROSARIO","Rosario","Asfalto","No existe","II","Dentro","Urbana","Ninguna","No existe","Recta","Bueno","Buena","Diurna","Buen Tiempo","De alcance","S/D","Colisión","Ninguna","Faltante","Ninguna","Sin restricción"
2017,9121,11/16/2017,"Jueves",0,,,"0.0",2,"Automóvil,Moto/Ciclomotor","Dorrego Y Sargento Cabral",2,1,0,0,1,0,0,,"Calle",,"SANTA FE","La Capital","Asfalto","No existe","I","Dentro","Urbana","Ninguna","No existe","Intersección","Bueno","S/D","S/D","S/D","Lateral","S/D","Colisión","S/D","Faltante","Ninguna","S/D"
2017,9122,11/5/2017,"Domingo",0,17:20:00,,"0.0",2,"Automóvil,Bicicleta","Castellanos Y Republica de Siria",2,1,0,0,1,0,0,,"Calle",,"SANTA FE","La Capital","Asfalto","No existe","I","Dentro","Urbana","Ninguna","No existe","Recta","Bueno","S/D","Diurna","S/D","S/D","Ciclista","Atropello","S/D","Faltante","Ninguna","S/D"
2017,9123,11/9/2017,"Jueves",0,,,"0.0",1,"Automóvil","Bv. Oroño Y Av. Jorge Cura",2,2,0,0,0,0,0,,"Avenida",,"ROSARIO","Rosario","Asfalto","No existe","II","Dentro","Urbana","Semáforo","Funciona","Recta","Bueno","Buena","S/D","Buen Tiempo","Contra objeto fijo","S/D","Colisión","Ninguna","Horizontal,Vertical","Cordón divisorio","Sin restricción"
2017,9125,11/16/2017,"Jueves",0,7:30:00,,"0.0",2,"Automóvil,Automóvil","Av. Circunvalacion Y J.J.Paso",2,1,0,0,1,0,0,,"Avenida",,"ROSARIO","Rosario","Asfalto","Pavimento","II","Dentro","Urbana","Semáforo","Funciona","Intersección","Bueno","Buena","Diurna","Buen Tiempo","Lateral","S/D","Colisión","Ninguna","Vertical","Guardarrail","Sin restricción"
2017,9126,11/11/2017,"Sabado",0,12:10:00,,"0.0",2,"Bicicleta,Automóvil","Dorrego Y Garay",2,1,0,0,0,0,1,,"Calle",,"ROSARIO","Rosario","Asfalto","No existe","II","Dentro","Rural","S/D","No existe","Recta","Bueno","Buena","Diurna","S/D","S/D","Ciclista","Atropello","Ninguna","Faltante","Ninguna","S/D"
2017,9127,11/1/2017,"Miercoles",0,21:00:00,,"0.0",2,"Moto/Ciclomotor,Automóvil","Santiago Y Bv. Segui",2,1,0,0,1,0,0,,"Avenida",,"ROSARIO","Rosario","Asfalto","No existe","II","Dentro","Urbana","Marca Vial","No existe","Recta","S/D","Buena","Nocturna,Con luz artificial","S/D","S/D","S/D","Colisión","S/D","Horizontal","Cordón divisorio","S/D"
2017,9128,11/24/2017,"Viernes",0,18:30:00,,"0.0",2,"Bicicleta,Automóvil","Ottone Bis Y Pje. Pelayo",2,1,0,0,1,0,0,,"Calle",,"ROSARIO","Rosario","Asfalto","No existe","II","Dentro","Urbana","Ninguna","No existe","Recta","Bueno","Buena","Atardecer","Buen Tiempo","S/D","Ciclista","Atropello","Ninguna","Faltante","Ninguna","Sin restricción"
2017,9129,11/22/2017,"Miercoles",0,14:00:00,,"0.0",2,"Moto/Ciclomotor,Automóvil","Cabildo Y Hungria",2,1,0,0,1,0,0,,"Calle",,"ROSARIO","Rosario","Asfalto","No existe","II","S/D","Urbana","Ninguna","S/D","Intersección","Bueno","Buena","Diurna","Buen Tiempo","Lateral","S/D","Colisión","Ninguna","Faltante","Ninguna","Sin restricción"
2017,9130,11/5/2017,"Domingo",0,18:00:00,,"0.0",3,"Moto/Ciclomotor,Automóvil,Automóvil","San Martin Y Platon",6,3,0,0,3,0,0,,"Avenida",,"ROSARIO","Rosario","Asfalto","No existe","II","Dentro","Urbana","Ninguna","No existe","Recta","Bueno","Buena","Atardecer","Buen Tiempo","Múltiple","S/D","Colisión","Ninguna","Faltante","Ninguna","Sin restricción"
2017,9131,11/14/2017,"Martes",0,17:45:00,,"0.0",2,"Automóvil,Moto/Ciclomotor","Av. Francia Bis Y Junin",2,1,0,0,1,0,0,,"S/D",,"ROSARIO","Rosario","Hormigón","No existe","II","Dentro","Urbana","Ninguna","No existe","Intersección","Deteriorada","Buena","Atardecer","S/D","Lateral","S/D","Colisión","S/D","Faltante","Ninguna","Sin restricción"
2017,9132,11/24/2017,"Viernes",0,13:20:00,,"0.0",2,"Automóvil,Automóvil","Anchorena Y Buenos Aires",2,1,0,0,1,0,0,,"Calle",,"ROSARIO","Rosario","Asfalto","No existe","II","S/D","Urbana","Ninguna","No existe","Intersección","Bueno","Buena","Diurna","Buen Tiempo","S/D","S/D","Colisión","Ninguna","Faltante","Barrera de hormigón","Sin restricción"
2017,9133,11/2/2017,"Jueves",0,16:10:00,,"0.0",2,"Automóvil,Moto/Ciclomotor","Baigorria Y Zelaya",2,1,0,0,1,0,0,,"Calle",,"ROSARIO","Rosario","Asfalto","No existe","II","Dentro","Urbana","S/D","Intermitente","Intersección","Bueno","S/D","Diurna","S/D","Lateral","S/D","Colisión","S/D","Vertical","Ninguna","S/D"
2017,9134,11/10/2017,"Viernes",0,19:00:00,,"0.0",2,"Moto/Ciclomotor,Automóvil","Ayacucho Y Reg.11 de Infanteria",2,1,0,0,1,0,0,,"Calle",,"ROSARIO","Rosario","Asfalto","No existe","II","Dentro","Urbana","Ninguna","S/D","Intersección","Bueno","Buena","Atardecer","Buen Tiempo","Lateral","S/D","Colisión","Ninguna","Faltante","Barrera de hormigón","Sin restricción"
2017,9135,11/8/2017,"Miercoles",0,8:40:00,,"0.0",2,"Automóvil,Moto/Ciclomotor","Italia 1825",2,1,0,0,1,0,0,,"Calle",,"ROSARIO","Rosario","Asfalto","No existe","II","Dentro","Urbana","Ninguna","No existe","Recta","Bueno","Buena","Diurna","Buen Tiempo","Lateral","S/D","Colisión","Ninguna","Faltante","Ninguna","Sin restricción"
2017,9136,11/11/2017,"Sabado",0,2:00:00,,"0.0",3,"Automóvil,Automóvil,Automóvil","Albert Sabin Y Casilda",3,1,0,0,2,0,0,,"Avenida",,"ROSARIO","Rosario","Asfalto","No existe","II","Dentro","Urbana","Semáforo","Intermitente","Recta","Bueno","Buena","Nocturna","Buen Tiempo","Contra objeto fijo,Múltiple","S/D","Colisión","Ninguna","Horizontal,Vertical","Cordón divisorio","Sin restricción"
2017,9137,11/9/2017,"Jueves",0,15:30:00,,"0.0",2,"Automóvil,Moto/Ciclomotor","Bv. Segui Y Callao",3,2,0,0,1,0,0,,"Avenida",,"ROSARIO","Rosario","Asfalto","No existe","II","Dentro","Urbana","Ninguna","No existe","Intersección","Bueno","Buena","Diurna","S/D","De alcance","S/D","Colisión","Ninguna","Faltante","Ninguna","Sin restricción"
2017,9138,11/24/2017,"Viernes",0,11:30:00,,"0.0",2,"Automóvil,Moto/Ciclomotor","Rueda Y Pje. Santafesino",2,1,0,0,1,0,0,,"Calle",,"ROSARIO","Rosario","Asfalto","No existe","II","S/D","Urbana","Ninguna","No existe","Intersección","Bueno","Buena","Diurna","Buen Tiempo","Lateral","S/D","Colisión","Ninguna","Faltante","Cordón divisorio","Sin restricción"
2017,9139,11/8/2017,"Miercoles",0,12:00:00,,"0.0",3,"Pickup/Utilitario,Automóvil,Automóvil","Av. Circunvalacion Y San Martin",11,6,0,0,5,0,0,,"Avenida",,"ROSARIO","Rosario","Asfalto","No existe","II","Dentro","Urbana","Semáforo","Funciona","Intersección","Bueno","Buena","Diurna","S/D","Múltiple","S/D","Colisión","S/D","Horizontal,Vertical","Ninguna","Sin restricción"
2017,9140,11/22/2017,"Miercoles",0,20:35:00,,"0.0",2,"Automóvil,Automóvil","Mar del Plata Y Junin",2,1,0,0,1,0,0,,"Calle",,"ROSARIO","Rosario","Asfalto","No existe","II","Dentro","Urbana","Ninguna","No existe","Recta","Bueno","Buena","Nocturna","Buen Tiempo","Frontal","S/D","Colisión","Ninguna","Faltante","Ninguna","Sin restricción"
2017,9141,11/22/2017,"Miercoles",0,12:00:00,,"0.0",2,"Automóvil,Bicicleta","Grandoli Y 24 De Setiembre",2,1,0,0,1,0,0,,"Calle",,"ROSARIO","Rosario","Asfalto","No existe","II","S/D","Urbana","Ninguna","No existe","Recta","Bueno","Buena","Diurna","Buen Tiempo","S/D","Ciclista","Atropello","Ninguna","Faltante","Ninguna","Sin restricción"
2017,9142,11/14/2017,"Martes",0,12:00:00,,"0.0",2,"Automóvil,Pickup/Utilitario","L.N.Alem 3159",5,2,0,0,3,0,0,,"Calle",,"ROSARIO","Rosario","Asfalto","No existe","II","Dentro","Urbana","Ninguna","No existe","Recta","Bueno","Buena","Diurna","Buen Tiempo","De alcance","S/D","Colisión","Ninguna","Faltante","Cordón divisorio","Sin restricción"