"anio_acci","nro_acci","fecha","desc_dia","fecha_aprox","hora_aprox","desc_ruta","km","cant_participantes","desc_participante","calle_avenida_km","total","heridos_leves","heridos_graves","heridos_gravisimos","ilesos","fallecidos","sin_datos","posicion_XY","desc_tipo_via","desc_ruta_ori","desc_loc","desc_dpto","desc_tipo_calzada","desc_tipo_banquina","desc_unidad_regional","desc_lugar_calzada","desc_zona","desc_prioridad","desc_estado_semaforo","desc_lugar_via","desc_estado_via","desc_estado_visibilidad","desc_luminosidad","desc_estado_clima","desc_tipo_colision","desc_tipo_atropello","desc_tipo_hecho","desc_pres_calzada","desc_senializacion","desc_separacion_via","desc_restriccion"
2017,9143,11/10/2017,"Viernes",0,13:50:00,,"0.0",2,"Pickup/Utilitario,Moto/Ciclomotor","Centeno Y L.N.Alem",2,1,0,0,1,0,0,,"Calle",,"ROSARIO","Rosario","Asfalto","No existe","II","S/D","Urbana","Ninguna","No existe","Intersección","Bueno","Buena","Diurna","Buen Tiempo","Lateral","S/D","Colisión","Ninguna","Faltante","Ninguna","Sin restricción"
2017,9144,11/14/2017,"Martes",0,12:30:00,,"0.0",2,"Pickup/Utilitario,Moto/Ciclomotor","Ayacucho Y Saavedra",3,2,0,0,1,0,0,,"Calle",,"ROSARIO","Rosario","Asfalto","No existe","II","S/D","Urbana","Ninguna","No existe","Intersección","Bueno","Buena","Diurna","Buen Tiempo","De alcance","S/D","Colisión","Ninguna","Horizontal","Ninguna","Sin restricción"
2017,9145,11/4/2017,"Sabado",0,,,"0.0",2,"Moto/Ciclomotor,Moto/Ciclomotor","Av. Circunvalacion Y San Martin",3,3,0,0,0,0,0,,"Avenida",,"ROSARIO","Rosario","Asfalto","No existe","II","Dentro","Urbana","Ninguna","S/D","Recta","Bueno","Buena","Nocturna","Buen Tiempo","S/D","S/D","Colisión","Ninguna","S/D","Ninguna","Sin restricción"
2017,9146,11/5/2017,"Domingo",0,21:40:00,,"0.0",2,"Automóvil,Moto/Ciclomotor","Bv. Rondeau Y Mariano Moreno",4,2,0,0,2,0,0,,"Avenida",,"ROSARIO","Rosario","Asfalto","No existe","II","Dentro","Urbana","Ninguna","No existe","Recta","Bueno","S/D","Nocturna","Buen Tiempo","Otro","S/D","Colisión","Ninguna","Faltante","Ninguna","Sin restricción"
2017,9147,11/13/2017,"Lunes",0,20:15:00,,"0.0",2,"Automóvil,Bicicleta","Laprida Y Saavedra",2,1,0,0,1,0,0,,"Calle",,"ROSARIO","Rosario","Asfalto","No existe","II","S/D","Urbana","Paso Peatonal","No existe","Intersección","Bueno","Buena","Nocturna,Con luz artificial","Buen Tiempo","S/D","Ciclista","Atropello","Ninguna","Horizontal","Ninguna","Sin restricción"
2017,9148,11/14/2017,"Martes",0,12:30:00,,"0.0",2,"Automóvil,Vehículo Oficial","Amenabar Y Colon",3,3,0,0,0,0,0,,"Calle",,"ROSARIO","Rosario","Asfalto","No existe","II","S/D","Urbana","Ninguna","No existe","Intersección","Bueno","Buena","Diurna","Buen Tiempo","De alcance","S/D","Colisión","Ninguna","Faltante","Ninguna","Sin restricción"
2017,9149,11/3/2017,"Viernes",0,7:45:00,,"0.0",2,"Bicicleta,Automóvil","Pje. Ruiz Bis Y Av. Provincias Unidas",2,1,0,0,1,0,0,,"Calle",,"ROSARIO","Rosario","Hormigón","No existe","II","Dentro","Urbana","Ninguna","No existe","Recta","Bueno","Buena","Diurna","Buen Tiempo","S/D","Ciclista","Atropello","Ninguna","Faltante","Ninguna","Sin restricción"
2017,9150,11/4/2017,"Sabado",0,20:15:00,,"0.0",2,"Automóvil,Moto/Ciclomotor","San Martin 6400",3,2,0,0,1,0,0,,"Avenida",,"ROSARIO","Rosario","Asfalto","No existe","II","Dentro","Urbana","Semáforo","Funciona","Recta","Bueno","S/D","Con luz artificial","Buen Tiempo","Lateral","S/D","Colisión","Ninguna","Horizontal,Vertical","Línea divisoria pintada","Sin restricción"
2017,9151,11/11/2017,"Sabado",0,20:15:00,,"0.0",2,"Peatón,Moto/Ciclomotor","Bv. Segui Y Chacabuco",2,1,0,0,0,0,1,,"Calle",,"ROSARIO","Rosario","Asfalto","Ripio","II","S/D","Urbana","Ninguna","No existe","Intersección","Bueno","Buena","Nocturna,Con luz artificial","Buen Tiempo","S/D","Peatón","Atropello","Ninguna","Faltante","Ninguna","Sin restricción"
2017,9152,11/4/2017,"Sabado",0,11:00:00,,"0.0",2,"Bicicleta,Automóvil","J.J.Paso Y Tte.Agneta",2,1,0,0,1,0,0,,"Calle",,"ROSARIO","Rosario","Asfalto","No existe","II","Dentro","Urbana","Semáforo","Funciona","Recta","Bueno","Buena","Diurna","Buen Tiempo","S/D","Ciclista","Atropello","Ninguna","Horizontal,Vertical","Línea divisoria pintada","Sin restricción"
2017,9153,11/3/2017,"Viernes",0,17:45:00,,"0.0",2,"Automóvil,Transporte de Pasajeros Urbano (> 8 asientos)","Olegario V.Andrade Y Sarmiento",4,1,0,0,2,0,1,,"Calle",,"ROSARIO","Rosario","Asfalto","No existe","II","Dentro","Urbana","Ninguna","No existe","Intersección","Bueno","Buena","Diurna","Buen Tiempo","De alcance","S/D","Colisión","Ninguna","Faltante","Ninguna","Sin restricción"
2017,9154,11/4/2017,"Sabado",0,15:00:00,,"0.0",2,"Moto/Ciclomotor,Moto/Ciclomotor","J.B.Justo 6900",2,0,1,0,1,0,0,,"Calle",,"ROSARIO","Rosario","Asfalto","No existe","II","S/D","Urbana","Ninguna","No existe","Recta","Bueno","Buena","Diurna","Buen Tiempo","Otro","S/D","Colisión","Ninguna","Faltante","Ninguna","Sin restricción"
2017,9155,11/7/2017,"Martes",0,17:00:00,,"0.0",2,"Automóvil,Moto/Ciclomotor","Tte.Agneta Y G.Carrasco",3,1,0,0,2,0,0,,"Calle",,"ROSARIO","Rosario","Asfalto","No existe","II","S/D","Urbana","Ninguna","S/D","Recta","Bueno","Buena","Diurna","Buen Tiempo","Frontal","S/D","Colisión","Ninguna","Faltante","Ninguna","Sin restricción"
2017,9156,11/4/2017,"Sabado",0,11:00:00,,"0.0",2,"Moto/Ciclomotor,Automóvil","Bv. 27 De Febrero Y Pueyrredon",3,1,0,0,2,0,0,,"Avenida",,"ROSARIO","Rosario","Asfalto","No existe","II","Dentro","Urbana","Marca Vial","No existe","Recta","Bueno","Buena","Diurna","Buen Tiempo","De alcance","S/D","Colisión","Ninguna","Horizontal","Cordón divisorio","Sin restricción"
2017,9157,11/8/2017,"Miercoles",0,21:30:00,,"0.0",2,"Automóvil,Moto/Ciclomotor","Grandoli Y Cepeda",2,1,0,0,1,0,0,,"Calle",,"ROSARIO","Rosario","Asfalto","No existe","II","S/D","Urbana","Ninguna","No existe","Intersección","Bueno","Buena","Nocturna,Con luz artificial","Buen Tiempo","Lateral","S/D","Colisión","Ninguna","Faltante","Ninguna","Sin restricción"
2017,9158,11/27/2017,"Lunes",0,,,"0.0",1,"Moto/Ciclomotor","Stephenson Y Velez Sarsfield",2,1,0,0,1,0,0,,"Calle",,"ROSARIO","Rosario","Asfalto","No existe","II","Dentro","Urbana","Ninguna","No existe","Recta","Bueno","Buena","Diurna","Buen Tiempo","Lateral","S/D","Colisión","Ninguna","Faltante","Ninguna","Sin restricción"
2017,9159,11/3/2017,"Viernes",0,21:25:00,,"0.0",2,"Moto/Ciclomotor,Automóvil","Av. Ovidio Lagos 2800",3,2,0,0,0,0,1,,"Avenida",,"ROSARIO","Rosario","Asfalto","No existe","II","Dentro","Urbana","Semáforo","Funciona","Recta","Bueno","Buena","Nocturna,Con luz artificial","Buen Tiempo","S/D","S/D","Colisión","S/D","Vertical","Cordón divisorio","Sin restricción"
2017,9160,11/28/2017,"Martes",0,21:50:00,,"0.0",2,"Automóvil,Moto/Ciclomotor","J.J.Paso Y Brasil",3,1,0,0,2,0,0,,"Calle",,"ROSARIO","Rosario","Asfalto","No existe","II","S/D","S/D","Ninguna","No existe","Recta","Bueno","Buena","Nocturna","Buen Tiempo","Otro","S/D","Colisión","Ninguna","Faltante","Cordón divisorio","Sin restricción"
2017,9161,11/27/2017,"Lunes",0,9:30:00,,"0.0",2,"Bicicleta,Automóvil","Agrelo Y Vieytes",2,1,0,0,1,0,0,,"Calle",,"ROSARIO","Rosario","Asfalto","No existe","II","Dentro","Urbana","Ninguna","No existe","Intersección","Otro","Buena","Diurna","Buen Tiempo","S/D","Ciclista","Atropello","Ninguna","S/D","S/D","S/D"
2017,9162,11/27/2017,"Lunes",0,7:45:00,,"0.0",3,"Automóvil,Otros,Automóvil","Bv. 27 De Febrero Y Alvear",3,1,0,0,2,0,0,,"Avenida",,"ROSARIO","Rosario","Asfalto","No existe","II","Dentro","Urbana","Ninguna","No existe","Recta","Bueno","Buena","Diurna","Buen Tiempo","De alcance","S/D","Colisión","Ninguna","Faltante","Cordón divisorio","Sin restricción"
2017,9163,11/21/2017,"Martes",0,14:30:00,,"0.0",2,"Moto/Ciclomotor,Automóvil","G.Carrasco Y Dr.D.Peña",4,2,0,0,1,0,1,,"Calle",,"ROSARIO","Rosario","Asfalto","No existe","II","Dentro","Urbana","S/D","S/D","Intersección","Otro","Buena","Diurna","S/D","S/D","S/D","Colisión","Ninguna","S/D","S/D","S/D"
2017,9164,11/17/2017,"Viernes",0,20:30:00,,"0.0",2,"Automóvil,Moto/Ciclomotor","Poeta Fontanarrosa Y A.Maza",3,2,0,0,1,0,0,,"Calle",,"ROSARIO","Rosario","Asfalto","No existe","II","Dentro","Urbana","S/D","No existe","Intersección","Otro","Reducida","Nocturna","Otro","S/D","S/D","Colisión","Ninguna","S/D","S/D","S/D"
2017,9165,11/27/2017,"Lunes",0,22:30:00,,"0.0",2,"Moto/Ciclomotor,Moto/Ciclomotor","Manuel Garcia Y Superi",2,2,0,0,0,0,0,,"Calle",,"ROSARIO","Rosario","Asfalto","No existe","II","Dentro","Urbana","Ninguna","No existe","Intersección","Bueno","Buena","Nocturna","Buen Tiempo","S/D","S/D","Colisión","Ninguna","Faltante","Ninguna","Sin restricción"
2017,9166,11/5/2017,"Domingo",0,5:55:00,"Ruta Nacional A008","0.0",2,"Automóvil,Camión c / Acoplado","Av. Circunvalacion ",3,0,0,1,2,0,0,,"Ruta","A008","ROSARIO","Rosario","Asfalto","Pavimento","II","S/D","Urbana","S/D","S/D","Intersección","Bueno","Buena","Nocturna","Buen Tiempo","Frontal","S/D","Colisión","S/D","S/D","S/D","S/D"
2017,9167,11/3/2017,"Viernes",0,,,"0.0",2,"Automóvil,Moto/Ciclomotor","Alvarez Condarco Bis Y Av. Genova",2,0,1,0,1,0,0,,"Calle",,"ROSARIO","Rosario","Asfalto","No existe","II","S/D","Urbana","S/D","S/D","Recta","Bueno","S/D","Diurna","Buen Tiempo","Frontal","S/D","Colisión","S/D","S/D","S/D","S/D"
2017,9168,11/13/2017,"Lunes",0,8:30:00,,"0.0",2,"Moto/Ciclomotor,Automóvil","Urquiza Y Pte.Roca",3,1,0,0,1,0,1,,"Calle",,"ROSARIO","Rosario","Asfalto","No existe","II","S/D","Urbana","S/D","No existe","Intersección","S/D","S/D","Diurna","S/D","S/D","S/D","Colisión","S/D","Horizontal","S/D","S/D"
2017,9169,11/13/2017,"Lunes",0,13:40:00,,"0.0",2,"Taxi/Remis,Peatón","Salta 1700",3,0,1,0,2,0,0,,"Calle",,"ROSARIO","Rosario","Asfalto","No existe","II","S/D","Urbana","S/D","No existe","Recta","S/D","S/D","Diurna","S/D","S/D","Peatón","Atropello","S/D","Horizontal","Ninguna","S/D"
2017,9170,11/14/2017,"Martes",0,9:50:00,,"0.0",3,"Bicicleta,Moto/Ciclomotor,Automóvil","Santiago Y San Lorenzo",4,2,1,0,0,0,1,,"Calle",,"ROSARIO","Rosario","Asfalto","No existe","II","S/D","Urbana","S/D","No existe","Intersección","S/D","S/D","Diurna","S/D","Múltiple","S/D","Colisión","S/D","S/D","S/D","S/D"
2017,9171,11/11/2017,"Sabado",0,18:00:00,,"0.0",2,"Bicicleta,Automóvil","Tucuman Y Bv. Oroño",2,1,0,0,1,0,0,,"Avenida",,"ROSARIO","Rosario","S/D","No existe","II","S/D","Urbana","S/D","No existe","Intersección","S/D","S/D","Diurna","S/D","S/D","Ciclista","Atropello","S/D","S/D","S/D","S/D"
2017,9172,11/11/2017,"Sabado",0,15:30:00,,"0.0",2,"Automóvil,Moto/Ciclomotor","Paraguay Y E.Zeballos",2,1,0,0,1,0,0,,"Calle",,"ROSARIO","Rosario","Asfalto","No existe","II","S/D","Urbana","S/D","No existe","Intersección","S/D","S/D","Diurna","S/D","S/D","S/D","Colisión","S/D","Horizontal","Ninguna","S/D"
2017,9173,11/11/2017,"Sabado",0,11:05:00,,"0.0",2,"Peatón,Automóvil","Mitre 1400",3,1,0,0,2,0,0,,"Calle",,"ROSARIO","Rosario","Asfalto","No existe","II","S/D","Urbana","S/D","No existe","Recta","S/D","S/D","Diurna","S/D","S/D","Peatón","Atropello","S/D","Horizontal","Ninguna","S/D"
2017,9174,11/14/2017,"Martes",0,1:20:00,,"0.0",2,"Pickup/Utilitario,Bicicleta","Paraguay Y Montevideo",2,1,0,0,1,0,0,,"Calle",,"ROSARIO","Rosario","Asfalto","No existe","II","S/D","Urbana","S/D","No existe","Intersección","S/D","S/D","Nocturna,Con luz artificial","Buen Tiempo","S/D","Ciclista","Atropello","S/D","Horizontal","S/D","S/D"
2017,9175,11/14/2017,"Martes",0,18:40:00,,"0.0",2,"Automóvil,Moto/Ciclomotor","Bv. Oroño Y Montevideo",2,1,0,0,1,0,0,,"Avenida",,"ROSARIO","Rosario","Asfalto","No existe","II","S/D","Urbana","S/D","S/D","Intersección","S/D","S/D","Diurna","S/D","S/D","S/D","Colisión","S/D","Horizontal,Vertical","S/D","S/D"
2017,9176,11/16/2017,"Jueves",0,11:20:00,,"0.0",2,"Transporte de Pasajeros Urbano (> 8 asientos),Peatón","Maipu Y 9 De Julio",2,1,0,0,1,0,0,,"Calle",,"ROSARIO","Rosario","Asfalto","No existe","II","Dentro","Urbana","Semáforo","Funciona","Intersección","S/D","S/D","Diurna","S/D","S/D","Peatón","Atropello","S/D","Horizontal,Vertical","Ninguna","S/D"
2017,9177,11/18/2017,"Sabado",0,12:54:00,,"0.0",2,"Pickup/Utilitario,Automóvil","Av. Avellaneda B Y San Juan",2,1,0,0,1,0,0,,"Calle",,"ROSARIO","Rosario","Asfalto","No existe","II","S/D","Urbana","Semáforo","Funciona","Recta","Bueno","Buena","Diurna","Buen Tiempo","De alcance","S/D","Colisión","Ninguna","Horizontal,Vertical","Cordón divisorio","S/D"
2017,9178,11/19/2017,"Domingo",0,21:45:00,,"0.0",2,"Moto/Ciclomotor,Moto/Ciclomotor","Italia Y E.Zeballos",2,1,0,0,0,0,1,,"Calle",,"ROSARIO","Rosario","Asfalto","No existe","II","Dentro","Urbana","Paso Peatonal","No existe","Intersección","Bueno","Buena","Nocturna,Con luz artificial","Buen Tiempo","Lateral","S/D","Colisión","Ninguna","Horizontal","S/D","Sin restricción"
2017,9179,11/15/2017,"Miercoles",0,5:00:00,,"0.0",2,"Moto/Ciclomotor,Transporte de Pasajeros Urbano (> 8 asientos)","Ayacucho Y 9 De Julio",3,0,1,0,2,0,0,,"Calle",,"ROSARIO","Rosario","Asfalto","No existe","II","Dentro","Urbana","Marca Vial","No existe","Intersección","S/D","S/D","Amanecer,Con luz artificial","S/D","Lateral","S/D","Colisión","S/D","Horizontal","Ninguna","S/D"
2017,9180,11/14/2017,"Martes",0,17:15:00,,"0.0",2,"Moto/Ciclomotor,Pickup/Utilitario","Crespo Y 3 De Febrero",2,1,0,0,1,0,0,,"Calle",,"ROSARIO","Rosario","Asfalto","No existe","II","S/D","Urbana","Semáforo","No existe","Recta","Bueno","Buena","Diurna","S/D","De alcance","S/D","Colisión","Ninguna","Vertical","Cordón divisorio","S/D"
2017,9181,11/25/2017,"Sabado",0,13:00:00,,"0.0",2,"Automóvil,Moto/Ciclomotor","San Luis Y Rodriguez",4,2,0,0,2,0,0,,"Calle",,"ROSARIO","Rosario","Asfalto","No existe","II","Dentro","Urbana","Paso Peatonal","No existe","Intersección","Bueno","Buena","Diurna","Buen Tiempo","De alcance","S/D","Colisión","Ninguna","Horizontal","Ninguna","Sin restricción"
2017,9182,11/20/2017,"Lunes",0,1:05:00,,"0.0",2,"Automóvil,Moto/Ciclomotor","Bv. Oroño Y Brown",5,1,0,0,4,0,0,,"Avenida",,"ROSARIO","Rosario","Asfalto","No existe","II","Dentro","Urbana","Semáforo","Funciona","Intersección","S/D","Buena","Nocturna,Con luz artificial","Buen Tiempo","Lateral","S/D","Colisión","Ninguna","Horizontal,Vertical","Cordón divisorio","Sin restricción"
2017,9183,11/22/2017,"Miercoles",0,17:45:00,,"0.0",2,"Automóvil,Moto/Ciclomotor","Av. Sorrento Y Av. Provincias Unidas",2,1,0,0,1,0,0,,"Avenida",,"ROSARIO","Rosario","Asfalto","No existe","II","Dentro","Urbana","Señal Ceda el Paso","No existe","Intersección","Bueno","Buena","Atardecer","Buen Tiempo","Lateral","S/D","Colisión","Ninguna","Vertical","Ninguna","Sin restricción"
2017,9184,11/17/2017,"Viernes",0,8:00:00,,"0.0",2,"Moto/Ciclomotor,Automóvil","3 de Febrero Y Arturo Illia",2,1,0,0,1,0,0,,"Calle",,"SANTA FE","La Capital","Asfalto","No existe","I","S/D","Urbana","Ninguna","No existe","Intersección","Bueno","Buena","Diurna","Buen Tiempo","Frontal","S/D","Colisión","Ninguna","Horizontal","Ninguna","Sin restricción"
2017,9185,11/21/2017,"Martes",0,7:35:00,,"0.0",2,"Automóvil,Moto/Ciclomotor","E.Zeballos Y Alsina",2,0,1,0,1,0,0,,"Calle",,"ROSARIO","Rosario","Asfalto","No existe","II","Dentro","Urbana","Ninguna","No existe","Intersección","Bueno","Buena","Diurna","Buen Tiempo","De alcance","S/D","Colisión","Agua","Faltante","Ninguna","Sin restricción"
2017,9186,11/5/2017,"Domingo",0,20:30:00,,"0.0",2,"Automóvil,Automóvil","San Jeronimo ",3,1,0,0,2,0,0,,"Calle",,"SANTA FE","La Capital","Asfalto,Arena","No existe","I","S/D","S/D","Semáforo","Funciona","Intersección","Bueno","Buena","Diurna","Buen Tiempo","Frontal","S/D","Colisión","Ninguna","Horizontal,Vertical","Ninguna","Sin restricción"
2017,9187,11/22/2017,"Miercoles",0,11:00:00,,"0.0",2,"Automóvil,Automóvil","Laprida Y Melincue",3,1,0,0,2,0,0,,"Calle",,"ROSARIO","Rosario","S/D","No existe","II","Dentro","Urbana","Ninguna","No existe","Intersección","Bueno","Buena","Nocturna,Con luz artificial","Buen Tiempo","Lateral","S/D","Colisión","Ninguna","Faltante","Ninguna","Sin restricción"
2017,9188,11/16/2017,"Jueves",0,20:20:00,,"0.0",2,"Moto/Ciclomotor,Moto/Ciclomotor","AV. SORRENTO Y JUAN PABLO II",2,1,0,0,1,0,0,,"Avenida",,"ROSARIO","Rosario","Asfalto","No existe","II","Dentro","Urbana","Semáforo","Funciona","Curva","Bueno","Buena","Nocturna","Buen Tiempo","Otro","S/D","Colisión","Ninguna","Vertical","Barrera de hormigón","Sin restricción"
2017,9189,11/16/2017,"Jueves",0,20:40:00,,"0.0",2,"Taxi/Remis,Moto/Ciclomotor","3 De Febrero Y San Nicolas",2,0,1,0,1,0,0,,"Calle",,"ROSARIO","Rosario","Asfalto","No existe","II","Dentro","Urbana","Paso Peatonal","No existe","Intersección","Bueno","Buena","Nocturna","Buen Tiempo","De alcance","S/D","Colisión","Ninguna","Horizontal","Ninguna","Sin restricción"
2017,9190,11/16/2017,"Jueves",0,12:15:00,,"0.0",2,"Peatón,Automóvil","25 de Mayo Y Mariano Comas",2,1,0,0,1,0,0,,"Avenida",,"SANTA FE","La Capital","Asfalto","No existe","I","S/D","Urbana","S/D","S/D","Intersección","Bueno","S/D","Diurna","S/D","S/D","Peatón","Atropello","S/D","Vertical","S/D","S/D"
2017,9191,11/17/2017,"Viernes",0,18:15:00,,"0.0",2,"Peatón,Automóvil","Av. Genova Y Ottone Bis",2,1,0,0,1,0,0,,"Avenida",,"ROSARIO","Rosario","Asfalto","No existe","II","Dentro","Urbana","Semáforo","Funciona","Intersección","Bueno","Buena","Atardecer","Buen Tiempo","S/D","Peatón","Atropello","Ninguna","Vertical","Línea divisoria pintada","Sin restricción"
2017,9192,11/13/2017,"Lunes",0,10:00:00,,"0.0",2,"Automóvil,Taxi/Remis","San Luis Y Constitucion",3,1,0,0,2,0,0,,"Calle",,"ROSARIO","Rosario","Asfalto","No existe","II","Dentro","Urbana","Ninguna","No existe","Intersección","Bueno","Buena","Diurna","Buen Tiempo","De alcance","S/D","Colisión","Agua","Faltante","Ninguna","Sin restricción"
2017,9193,11/1/2017,"Miercoles",0,11:15:00,,"0.0",2,"Moto/Ciclomotor,Pickup/Utilitario","Av. Pellegrini Y Constitucion",2,1,0,0,1,0,0,,"Calle",,"ROSARIO","Rosario","Asfalto","No existe","II","Dentro","Urbana","Semáforo","No existe","Intersección","Bueno","Buena","Diurna","Buen Tiempo","De alcance","S/D","Colisión","Ninguna","Horizontal,Vertical","Cordón divisorio,Línea divisoria pintada","Sin restricción"
2017,9194,11/22/2017,"Miercoles",0,15:00:00,,"0.0",2,"Taxi/Remis,Moto/Ciclomotor","Rioja Y Entre Rios",2,1,0,0,1,0,0,,"Calle",,"ROSARIO","Rosario","Asfalto","No existe","II","Dentro","Urbana","Ninguna","No existe","Intersección","Bueno","Buena","Diurna","Buen Tiempo","Lateral","S/D","Colisión","Ninguna","Faltante","Ninguna","Sin restricción"
2017,9195,11/28/2017,"Martes",0,14:05:00,,"0.0",3,"Moto/Ciclomotor,Moto/Ciclomotor,Moto/Ciclomotor","San Jeronimo Y Suipacha",3,3,0,0,0,0,0,,"Calle",,"SANTA FE","La Capital","Asfalto","No existe","I","S/D","Urbana","Ninguna","Funciona","Intersección","Bueno","Buena","Diurna","Buen Tiempo","Múltiple","S/D","Colisión","Ninguna","Horizontal,Vertical","Ninguna","Sin restricción"
2017,9196,11/25/2017,"Sabado",0,16:30:00,,"0.0",2,"Automóvil,Automóvil","E.Zeballos Y Ricchieri",5,4,0,0,1,0,0,,"Calle",,"ROSARIO","Rosario","Asfalto","No existe","II","Dentro","Urbana","Ninguna","No existe","Intersección","Bueno","Buena","Diurna","Buen Tiempo","De alcance","S/D","Colisión","Ninguna","Faltante","Ninguna","Sin restricción"
2017,9197,11/16/2017,"Jueves",0,21:00:00,,"0.0",3,"Moto/Ciclomotor,Automóvil,Automóvil","Av. Sorrento Y Av. Provincias Unidas",5,0,1,0,4,0,0,,"Avenida",,"ROSARIO","Rosario","Asfalto","No existe","II","Dentro","Urbana","Señal Ceda el Paso","No existe","Cruce","Bueno","Buena","Nocturna","Buen Tiempo","De alcance,Múltiple","S/D","Colisión","Ninguna","Vertical","Guardarrail","Sin restricción"
2017,9198,11/22/2017,"Miercoles",0,15:00:00,,"0.0",3,"Automóvil,Automóvil,Moto/Ciclomotor","Salta 1500",6,1,0,0,5,0,0,,"Calle",,"ROSARIO","Rosario","Asfalto","No existe","II","Dentro","Urbana","Paso Peatonal","No existe","Recta","Bueno","Buena","Diurna","Buen Tiempo","Múltiple","S/D","Colisión","Ninguna","Horizontal","Ninguna","Sin restricción"
2017,9199,11/24/2017,"Viernes",0,12:55:00,,"0.0",2,"Moto/Ciclomotor,Pickup/Utilitario","Av Leandro Alem Y Tucuman",2,1,0,0,1,0,0,,"Calle",,"SANTA FE","La Capital","Asfalto","No existe","I","Dentro","Urbana","Ninguna","Funciona","Intersección","Bueno","Buena","Diurna","Buen Tiempo","Frontal","S/D","Colisión","Ninguna","Horizontal,Vertical","Ninguna","Sin restricción"
2017,9200,11/18/2017,"Sabado",0,14:10:00,,"0.0",1,"Automóvil","9 de Julio Y Corrientes",2,2,0,0,0,0,0,,"Calle",,"SANTA FE","La Capital","Asfalto","No existe","I","S/D","Urbana","Ninguna","No existe","Intersección","Bueno","S/D","Diurna","Buen Tiempo","Contra objeto fijo","S/D","Colisión","Ninguna","Vertical","Ninguna","Sin restricción"
2017,9202,11/26/2017,"Domingo",0,15:30:00,,"0.0",2,"Pickup/Utilitario,Peatón","Av. Provincias Unidas Y Schweitzer",2,1,0,0,1,0,0,,"Avenida",,"ROSARIO","Rosario","Asfalto","No existe","II","Dentro","Urbana","Ninguna","No existe","Intersección","Con baches","Buena","Diurna","Buen Tiempo","Otro","Peatón","Atropello","Ninguna","Faltante","Ninguna","Sin restricción"
2017,9204,11/1/2017,"Miercoles",0,11:05:00,,"0.0",2,"Moto/Ciclomotor,Automóvil","25 de Mayo 3200",2,0,1,0,1,0,0,,"Avenida",,"SANTA FE","La Capital","Asfalto","No existe","I","Dentro","Urbana","Ninguna","No existe","Recta","Bueno","Buena","Diurna","Buen Tiempo","Lateral","S/D","Colisión","Ninguna","Horizontal","Ninguna","Sin restricción"
2017,9205,11/14/2017,"Martes",0,7:45:00,,"0.0",2,"Moto/Ciclomotor,Automóvil","3 De Febrero 700",2,1,0,0,1,0,0,,"Calle",,"ROSARIO","Rosario","Asfalto","No existe","II","Dentro","Urbana","Ninguna","No existe","Recta","Bueno","Buena","Amanecer","Buen Tiempo","Lateral","S/D","Colisión","Ninguna","Faltante","Cordón divisorio","Sin restricción"
2017,9206,11/27/2017,"Lunes",0,11:40:00,,"0.0",2,"Pickup/Utilitario,Moto/Ciclomotor","Barra Y La Republica",2,1,0,0,1,0,0,,"Calle",,"ROSARIO","Rosario","Asfalto","No existe","II","Dentro","Urbana","Ninguna","No existe","Intersección","Bueno","Buena","Diurna","Buen Tiempo","Otro","S/D","Colisión","Ninguna","Faltante","Ninguna","Sin restricción"
2017,9207,11/24/2017,"Viernes",0,17:45:00,,"0.0",2,"Pickup/Utilitario,Peatón","Valparaiso Y Marcos Paz",2,0,0,0,1,1,0,"-32.943007, -60.683032","Calle",,"ROSARIO","Rosario","Asfalto","No existe","II","S/D","Urbana","Ninguna","No existe","Intersección","Resbaladiza","Buena","Diurna","Lluvia","S/D","Peatón","Atropello","Agua","Faltante","Ninguna","Sin restricción"
2017,9208,11/4/2017,"Sabado",0,23:15:00,,"0.0",2,"Moto/Ciclomotor,Automóvil","Av Leandro Alem Y Tucuman",2,1,0,0,1,0,0,,"Avenida",,"SANTA FE","La Capital","Hormigón","No existe","I","Dentro","Urbana","Ninguna","Funciona","Curva","Bueno","Buena","Nocturna,Con luz artificial","Buen Tiempo","Lateral","S/D","Colisión","Ninguna","Horizontal,Vertical","Ninguna","Sin restricción"
2017,9209,11/2/2017,"Jueves",0,21:30:00,,"0.0",1,"Moto/Ciclomotor","Av. Luis Carballo 500",1,1,0,0,0,0,0,,"Avenida",,"ROSARIO","Rosario","Asfalto","No existe","II","Dentro","Rural","Semáforo","Funciona","Recta","Bueno","Buena","Nocturna","Buen Tiempo","S/D","S/D","Vuelco","Ninguna","Vertical","Cordón divisorio","Sin restricción"
2017,9210,11/24/2017,"Viernes",0,18:40:00,,"0.0",2,"Automóvil,Moto/Ciclomotor","Valparaiso Y Mendoza",3,2,0,0,1,0,0,,"Calle",,"ROSARIO","Rosario","Asfalto","No existe","II","Dentro","Urbana","Paso Peatonal","No existe","Intersección","Bueno","Buena","Atardecer","Buen Tiempo","De alcance","S/D","Colisión","Ninguna","Horizontal","Línea divisoria pintada","Sin restricción"