"anio_acci","nro_acci","fecha","desc_dia","fecha_aprox","hora_aprox","desc_ruta","km","cant_participantes","desc_participante","calle_avenida_km","total","heridos_leves","heridos_graves","heridos_gravisimos","ilesos","fallecidos","sin_datos","posicion_XY","desc_tipo_via","desc_ruta_ori","desc_loc","desc_dpto","desc_tipo_calzada","desc_tipo_banquina","desc_unidad_regional","desc_lugar_calzada","desc_zona","desc_prioridad","desc_estado_semaforo","desc_lugar_via","desc_estado_via","desc_estado_visibilidad","desc_luminosidad","desc_estado_clima","desc_tipo_colision","desc_tipo_atropello","desc_tipo_hecho","desc_pres_calzada","desc_senializacion","desc_separacion_via","desc_restriccion"
2017,9211,11/15/2017,"Miercoles",0,8:45:00,,"0.0",2,"Bicicleta,Automóvil","9 De Julio Y San Nicolas",2,1,0,0,1,0,0,,"Calle",,"ROSARIO","Rosario","Asfalto","No existe","II","Dentro","Urbana","Ninguna","No existe","Intersección","Bueno","Buena","Diurna","Buen Tiempo","Lateral","Ciclista","Atropello","Ninguna","Faltante","Ninguna","Sin restricción"
2017,9212,11/9/2017,"Jueves",0,8:30:00,,"0.0",2,"Bicicleta,Automóvil","1ro de Mayo Y Eva Peron",2,1,0,0,1,0,0,,"Calle",,"SANTA FE","La Capital","Asfalto","No existe","I","Dentro","Urbana","Ninguna","No existe","Intersección","Bueno","Buena","Diurna","Buen Tiempo","S/D","Ciclista","Atropello","Ninguna","Horizontal","Ninguna","Sin restricción"
2017,9213,11/27/2017,"Lunes",0,22:40:00,,"0.0",2,"Camión Chasis,Moto/Ciclomotor","Albert Sabin Y Bv. Avellaneda",7,1,0,0,6,0,0,,"Avenida",,"ROSARIO","Rosario","Asfalto","No existe","II","Dentro","Urbana","Ninguna","Funciona","Intersección","Bueno","Buena","Nocturna","Buen Tiempo","S/D","S/D","Colisión","Ninguna","Vertical","Ninguna","Sin restricción"
2017,9214,11/9/2017,"Jueves",0,13:45:00,,"0.0",2,"Peatón,Automóvil","San Jeronimo Y Mendoza",2,1,0,0,1,0,0,,"Calle",,"SANTA FE","La Capital","Asfalto","No existe","I","Dentro","Urbana","Ninguna","No existe","Intersección","Bueno","Buena","Diurna","Buen Tiempo","S/D","Peatón","Atropello","Ninguna","Horizontal","Ninguna","Sin restricción"
2017,9215,11/12/2017,"Domingo",0,16:50:00,,"0.0",2,"Bicicleta,Automóvil","3 De Febrero Y San Nicolas",2,1,0,0,1,0,0,,"Calle",,"ROSARIO","Rosario","Asfalto","No existe","II","S/D","Urbana","Paso Peatonal","No existe","Intersección","Resbaladiza","Buena","Diurna","Lluvia","S/D","Ciclista","Atropello","Agua","Horizontal","Ninguna","Sin restricción"
2017,9216,11/22/2017,"Miercoles",0,16:10:00,,"0.0",2,"Moto/Ciclomotor,Automóvil","Rioja Y Rio De Janeiro",2,1,0,0,1,0,0,,"Calle",,"ROSARIO","Rosario","Asfalto","No existe","II","Dentro","Urbana","Ninguna","No existe","Recta","Bueno","Buena","Diurna","Buen Tiempo","De alcance","S/D","Colisión","Ninguna","Faltante","Ninguna","Sin restricción"
2017,9217,11/30/2017,"Jueves",0,11:10:00,,"0.0",2,"Otros,Moto/Ciclomotor","Ricchieri Y Av. Pellegrini",2,1,0,0,0,0,1,,"Calle",,"ROSARIO","Rosario","Asfalto","No existe","II","S/D","Urbana","Semáforo","Funciona","Recta","Bueno","Buena","Diurna","Buen Tiempo","De alcance","S/D","Colisión","Ninguna","Horizontal,Vertical","Cordón divisorio,Línea divisoria pintada","Sin restricción"
2017,9218,11/13/2017,"Lunes",0,13:45:00,,"0.0",2,"Moto/Ciclomotor,Automóvil","San Jeronimo Y Salta",2,1,0,0,1,0,0,,"Calle",,"SANTA FE","La Capital","Asfalto","No existe","I","Dentro","Urbana","Ninguna","No existe","Intersección","Bueno","Buena","Diurna","Buen Tiempo","Lateral","S/D","Colisión","Ninguna","Horizontal","Ninguna","Sin restricción"
2017,9219,11/8/2017,"Miercoles",0,7:30:00,,"0.0",2,"Moto/Ciclomotor,Pickup/Utilitario","Diaz Velez Y Humberto I",2,1,0,0,1,0,0,,"Calle",,"ROSARIO","Rosario","Asfalto","No existe","II","Dentro","Urbana","Ninguna","No existe","Intersección","Bueno","Buena","Diurna","Buen Tiempo","Otro","S/D","Colisión","Ninguna","Faltante","Ninguna","Sin restricción"
2017,9220,11/26/2017,"Domingo",0,17:45:00,,"0.0",2,"Automóvil,Automóvil","Montevideo Y Alsina",4,1,0,0,2,0,1,,"Calle",,"ROSARIO","Rosario","Asfalto","No existe","II","S/D","Urbana","Semáforo","Funciona","Recta","Bueno","Buena","Diurna","Buen Tiempo","De alcance","S/D","Colisión","Ninguna","Vertical","S/D","Sin restricción"
2017,9221,11/14/2017,"Martes",0,11:00:00,,"0.0",2,"Peatón,Automóvil","Irigoyen Freyre 2600",2,1,0,0,1,0,0,,"Calle",,"SANTA FE","La Capital","Asfalto","No existe","I","Dentro","Urbana","Ninguna","No existe","Recta","Bueno","Buena","Diurna","Buen Tiempo","S/D","Peatón","Atropello","Ninguna","Horizontal","Ninguna","Sin restricción"
2017,9222,11/11/2017,"Sabado",0,17:30:00,,"0.0",2,"Bicicleta,Transporte de Pasajeros Urbano (> 8 asientos)","Av. Pellegrini Y Lima",2,1,0,0,1,0,0,"-32.949222222222,-60.685972222222","Avenida",,"ROSARIO","Rosario","Asfalto","No existe","II","Dentro","Urbana","Semáforo","Funciona","Recta","Bueno","Buena","Diurna","Buen Tiempo","De alcance","Ciclista","Atropello","Ninguna","Horizontal,Vertical","Cordón divisorio","Sin restricción"
2017,9223,11/27/2017,"Lunes",0,10:30:00,,"0.0",2,"Moto/Ciclomotor,Pickup/Utilitario","J.J.Paso Y Av. Provincias Unidas",2,1,0,0,1,0,0,,"Avenida",,"ROSARIO","Rosario","Asfalto","No existe","II","Dentro","Urbana","Señal Ceda el Paso","No existe","Rotonda","Bueno","Buena","Diurna","Buen Tiempo","De alcance","S/D","Colisión","Ninguna","Vertical","Guardarrail","Sin restricción"
2017,9224,11/24/2017,"Viernes",0,10:40:00,,"0.0",2,"Automóvil,Automóvil","3 De Febrero Y Constitucion",3,2,0,0,1,0,0,,"Calle",,"ROSARIO","Rosario","Asfalto","No existe","II","Dentro","Urbana","Ninguna","No existe","Intersección","Bueno","Buena","Diurna","Buen Tiempo","De alcance","S/D","Colisión","Ninguna","Faltante","Ninguna","Sin restricción"
2017,9225,11/5/2017,"Domingo",0,18:30:00,,"0.0",2,"Pickup/Utilitario,Moto/Ciclomotor","Alberdi 3400",2,1,0,0,1,0,0,,"Calle",,"SANTA FE","La Capital","Asfalto","No existe","I","Dentro","Urbana","Otra Señal","No existe","Recta","Bueno","S/D","Atardecer","S/D","Lateral","S/D","Colisión","S/D","Horizontal,Vertical","Ninguna","S/D"
2017,9226,11/15/2017,"Miercoles",0,17:40:00,,"0.0",2,"Moto/Ciclomotor,Pickup/Utilitario","Bv Pellegrini 2700",2,1,0,0,1,0,0,,"Avenida",,"SANTA FE","La Capital","Asfalto","No existe","I","Dentro","Urbana","Ninguna","No existe","Recta","Bueno","Buena","Diurna","Buen Tiempo","De alcance","S/D","Colisión","Ninguna","Horizontal","Ninguna","Sin restricción"
2017,9227,11/10/2017,"Viernes",0,19:00:00,,"0.0",2,"Moto/Ciclomotor,Pickup/Utilitario","J.J.Paso Y Campbell",2,1,0,0,1,0,0,,"Avenida",,"ROSARIO","Rosario","Asfalto","No existe","II","Dentro","Urbana","Ninguna","No existe","Intersección","Bueno","Buena","Nocturna","Buen Tiempo","Lateral","S/D","Colisión","Ninguna","Vertical","Línea divisoria pintada","Sin restricción"
2017,9228,11/17/2017,"Viernes",0,9:30:00,,"0.0",2,"Bicicleta,Automóvil","San Jeronimo Y La Rioja",2,1,0,0,1,0,0,,"Calle",,"SANTA FE","La Capital","Asfalto","No existe","I","Dentro","Urbana","Ninguna","No existe","Intersección","Bueno","Buena","Diurna","Buen Tiempo","S/D","Ciclista","Atropello","Ninguna","Horizontal","Ninguna","Sin restricción"
2017,9229,11/9/2017,"Jueves",0,18:35:00,,"0.0",2,"Automóvil,Taxi/Remis","3 De Febrero Y Castellanos",3,2,0,0,1,0,0,,"Calle",,"ROSARIO","Rosario","Asfalto","No existe","II","Dentro","Urbana","Ninguna","No existe","Intersección","Bueno","Buena","Atardecer","Buen Tiempo","De alcance","S/D","Colisión","Ninguna","Faltante","Ninguna","Sin restricción"
2017,9230,7/8/2017,"Sabado",0,,,"0.0",2,"Automóvil,Moto/Ciclomotor","R E De San Martin Y Av Iriondo",2,1,0,0,1,0,0,,"Calle",,"SAN JUSTO","San Justo","Asfalto","No existe","XVI","Dentro","Urbana","S/D","No existe","Intersección","Bueno","S/D","S/D","Lluvia","S/D","S/D","Colisión","Agua","Faltante","Ninguna","S/D"
2017,9231,11/17/2017,"Viernes",0,0:15:00,,"0.0",2,"Automóvil,Moto/Ciclomotor","1ro de Mayo Y Salta",3,2,0,0,1,0,0,,"Calle",,"SANTA FE","La Capital","Asfalto","No existe","I","Dentro","Urbana","Ninguna","No existe","Intersección","Bueno","Buena","Nocturna,Con luz artificial","Buen Tiempo","De alcance","S/D","Colisión","Ninguna","Horizontal","Ninguna","Sin restricción"
2017,9232,7/8/2017,"Sabado",0,,,"0.0",2,"Moto/Ciclomotor,Automóvil","R E De San Martin Y Av Iriondo",2,1,0,0,1,0,0,,"Calle",,"SAN JUSTO","San Justo","Asfalto","No existe","XVI","Dentro","Urbana","Ninguna","No existe","Intersección","Bueno","S/D","S/D","Lluvia","S/D","S/D","Colisión","Agua","Faltante","Ninguna","Sin restricción"
2017,9233,11/3/2017,"Viernes",0,1:40:00,,"0.0",2,"Automóvil,Automóvil","Bv. 27 De Febrero Y Entre Rios",4,1,0,0,3,0,0,,"Avenida",,"ROSARIO","Rosario","Asfalto","No existe","II","Dentro","Urbana","Semáforo","Funciona","Intersección","Bueno","Buena","Nocturna,Con luz artificial","Buen Tiempo","Lateral","S/D","Colisión","Ninguna","Horizontal,Vertical","Cordón divisorio","Sin restricción"
2017,9234,11/4/2017,"Sabado",0,10:30:00,,"0.0",2,"Moto/Ciclomotor,Automóvil","Bv Galvez Y Velez Sarsfield",2,1,0,0,0,0,1,,"Calle",,"SANTA FE","La Capital","Asfalto","No existe","I","Dentro","Urbana","Semáforo","Funciona","Intersección","Bueno","S/D","Diurna","S/D","Lateral","S/D","Colisión","S/D","Horizontal,Vertical","Cordón divisorio,Vegetación","S/D"
2017,9235,11/4/2017,"Sabado",0,2:00:00,,"0.0",2,"Moto/Ciclomotor,Automóvil","Bv Galvez 1800",2,1,0,0,0,0,1,,"Calle",,"SANTA FE","La Capital","Asfalto","No existe","I","Dentro","Urbana","Semáforo","Funciona","Recta","Bueno","S/D","Nocturna","S/D","Lateral","S/D","Colisión","S/D","Horizontal,Vertical","Cordón divisorio,Vegetación,Línea divisoria pintada","S/D"
2017,9236,7/10/2017,"Lunes",0,,"Ruta Nacional 34","258.0",2,"Pickup/Utilitario,Pickup/Utilitario"," ",8,5,0,0,3,0,0,,"Ruta",34,"SUNCHALES","Castellanos","Asfalto","S/D","V","Dentro","S/D","S/D","S/D","Recta","S/D","S/D","S/D","S/D","S/D","S/D","Colisión","S/D","S/D","S/D","S/D"
2017,9237,11/11/2017,"Sabado",0,17:40:00,,"0.0",2,"Bicicleta,Moto/Ciclomotor","Bv. 27 De Febrero Y Pueyrredon",2,1,0,0,1,0,0,,"Avenida",,"ROSARIO","Rosario","Asfalto","No existe","II","Dentro","Urbana","Ninguna","No existe","Intersección","Bueno","Buena","Diurna","Buen Tiempo","Lateral","Ciclista","Atropello","Ninguna","Horizontal","Cordón divisorio","Sin restricción"
2017,9238,11/16/2017,"Jueves",0,12:30:00,,"0.0",2,"Automóvil,Automóvil","Pedro Alejandro Vittori Y Candido Pujato",4,2,0,0,2,0,0,,"Avenida",,"SANTA FE","La Capital","Asfalto","No existe","I","Dentro","Urbana","Ninguna","Funciona","Recta","Bueno","Buena","Diurna","Buen Tiempo","Frontal","S/D","Colisión","Ninguna","Horizontal,Vertical","Ninguna","Sin restricción"
2017,9239,11/23/2017,"Jueves",0,20:15:00,"Ruta Provincial 21","13.5",2,"Automóvil,Moto/Ciclomotor"," ",3,0,1,0,1,1,0,"-33.069859, -60.582425","Ruta",21,"GENERAL LAGOS","Rosario","Asfalto","Natural","II","Dentro","Urbana","Ninguna","No existe","Recta","Bueno","Reducida","Nocturna,Con luz artificial","Lluvia","De alcance","S/D","Colisión","Agua","Faltante","Ninguna","Sin restricción"
2017,9240,11/1/2017,"Miercoles",0,10:00:00,,"0.0",2,"Automóvil,Moto/Ciclomotor","Republica de Siria Y Chacabuco",2,1,0,0,1,0,0,,"Calle",,"SANTA FE","La Capital","Asfalto","No existe","I","Dentro","Urbana","Ninguna","No existe","Intersección","Deteriorada","S/D","Diurna","S/D","Lateral","S/D","Colisión","S/D","Faltante","Ninguna","S/D"
2017,9241,11/17/2017,"Viernes",0,9:20:00,,"0.0",2,"Moto/Ciclomotor,Automóvil","Italia Y Pasco",2,1,0,0,1,0,0,,"Calle",,"ROSARIO","Rosario","Asfalto","No existe","II","Dentro","Urbana","Señal Pare","No existe","Recta","Bueno","Buena","Diurna","Buen Tiempo","De alcance","S/D","Colisión","Ninguna","Vertical","Ninguna","Sin restricción"
2017,9242,7/10/2017,"Lunes",0,,,"0.0",2,"Automóvil,Bicicleta","España Y C Colon",2,1,0,0,1,0,0,,"Calle",,"SUNCHALES","Castellanos","Asfalto","No existe","V","Dentro","Urbana","Ninguna","No existe","Intersección","Bueno","S/D","S/D","S/D","S/D","Ciclista","Atropello","Ninguna","Horizontal","Ninguna","Sin restricción"
2017,9243,11/17/2017,"Viernes",0,17:25:00,,"0.0",2,"Bicicleta,Automóvil","Bv. 27 De Febrero 2600",2,1,0,0,1,0,0,,"Avenida",,"ROSARIO","Rosario","Asfalto","No existe","II","Dentro","Urbana","Ninguna","No existe","Otro","Bueno","Buena","Diurna","Buen Tiempo","Contra objeto fijo","S/D","Colisión","Ninguna","Horizontal","Cordón divisorio","Sin restricción"
2017,9244,10/31/2017,"Martes",0,9:30:00,,"0.0",2,"Pickup/Utilitario,Camión c / Acoplado","Av Leandro Alem Y Calchines",2,1,0,0,1,0,0,,"Calle",,"SANTA FE","La Capital","Asfalto","No existe","I","Dentro","Urbana","Semáforo","Funciona","Intersección","Bueno","S/D","Diurna","Otro","Lateral","S/D","Colisión","S/D","Horizontal,Vertical","Cordón divisorio,Vegetación,Línea divisoria pintada","S/D"
2017,9245,7/7/2017,"Viernes",0,19:40:00,,"0.0",3,"Moto/Ciclomotor,Moto/Ciclomotor,Automóvil","Chile Y Cerrito",3,2,0,0,1,0,0,,"Calle",,"VENADO TUERTO","General López","Asfalto","No existe","VIII","Dentro","Urbana","Ninguna","No existe","Intersección","Bueno","S/D","Diurna","S/D","Múltiple","S/D","Colisión","Ninguna","Faltante","Ninguna","Sin restricción"
2017,9246,10/31/2017,"Martes",0,9:30:00,,"0.0",2,"Automóvil,Automóvil","Castellanos Y Alberdi",3,1,0,0,2,0,0,,"Calle",,"SANTA FE","La Capital","Asfalto","No existe","I","Dentro","Urbana","Ninguna","No existe","Intersección","Bueno","S/D","Diurna","S/D","Lateral","S/D","Colisión","S/D","Faltante","Ninguna","S/D"
2017,9247,11/18/2017,"Sabado",0,20:40:00,,"0.0",1,"Transporte de Pasajeros Urbano (> 8 asientos)","Eva Peron Y San Jeronimo",2,1,0,0,1,0,0,,"Calle",,"SANTA FE","La Capital","Asfalto","No existe","I","Dentro","Urbana","Ninguna","No existe","Intersección","Bueno","Buena","Nocturna,Con luz artificial","Buen Tiempo","S/D","S/D","Caída ocupante","Ninguna","Horizontal","Ninguna","Sin restricción"
2017,9248,11/16/2017,"Jueves",0,10:00:00,,"0.0",2,"Moto/Ciclomotor,Taxi/Remis","Pte.Roca A 2350",2,1,0,0,1,0,0,,"Calle",,"ROSARIO","Rosario","Asfalto","No existe","II","Dentro","Urbana","Ninguna","No existe","Recta","Bueno","Buena","Diurna","Buen Tiempo","Lateral","S/D","Colisión","Ninguna","Faltante","Ninguna","Sin restricción"
2017,9249,7/11/2017,"Martes",0,,"Ruta Nacional A009","0.0",1,"Automóvil"," ",1,1,0,0,0,0,0,,"Ruta","A009","RECONQUISTA","General Obligado","Asfalto","S/D","IX","Dentro","S/D","S/D","S/D","Recta","Bueno","S/D","S/D","S/D","S/D","S/D","Despiste","S/D","S/D","S/D","S/D"
2017,9250,11/17/2017,"Viernes",0,11:45:00,,"0.0",2,"Bicicleta,Automóvil","España Y Av. Pellegrini",2,1,0,0,1,0,0,,"Calle",,"ROSARIO","Rosario","Asfalto","No existe","II","Dentro","Urbana","Semáforo","Funciona","Recta","Bueno","Buena","Diurna","Buen Tiempo","S/D","Ciclista","Atropello","Ninguna","Horizontal,Vertical","Cordón divisorio","Sin restricción"
2017,9251,11/15/2017,"Miercoles",0,0:40:00,,"0.0",2,"Pickup/Utilitario,Automóvil","4 de Enero Y Irigoyen Freyre",4,3,0,0,1,0,0,,"Avenida",,"SANTA FE","La Capital","Asfalto","No existe","I","Dentro","Urbana","Semáforo","Funciona","Intersección","Bueno","Buena","Nocturna","Buen Tiempo","Frontal","S/D","Colisión","Ninguna","Horizontal,Vertical","Ninguna","Sin restricción"
2017,9252,11/21/2017,"Martes",0,10:30:00,,"0.0",2,"Pickup/Utilitario,Moto/Ciclomotor","Rivadavia ",2,1,0,0,1,0,0,,"Avenida",,"SANTA FE","La Capital","Asfalto","No existe","I","Dentro","Urbana","Ninguna","No existe","Recta","Bueno","Buena","Diurna","Buen Tiempo","De alcance","S/D","Colisión","Ninguna","Horizontal","Ninguna","Sin restricción"
2017,9253,11/18/2017,"Sabado",0,19:30:00,,"0.0",2,"Moto/Ciclomotor,Pickup/Utilitario","Av. Ovidio Lagos Y La Paz",3,1,1,0,1,0,0,,"Avenida",,"ROSARIO","Rosario","Asfalto","No existe","II","Dentro","Urbana","Semáforo","Funciona","Intersección","Bueno","Buena","Diurna","Buen Tiempo","Lateral","S/D","Colisión","Ninguna","Vertical","Cordón divisorio","Sin restricción"
2017,9254,11/21/2017,"Martes",0,19:30:00,,"0.0",2,"Bicicleta,Automóvil","Av. Ovidio Lagos Y Cordoba",2,1,0,0,1,0,0,,"Avenida",,"ROSARIO","Rosario","Asfalto","No existe","II","Dentro","Urbana","Ninguna","No existe","Recta","Bueno","Buena","Nocturna,Con luz artificial","Buen Tiempo","S/D","Ciclista","Atropello","Ninguna","Faltante","Ninguna","Sin restricción"
2017,9255,11/7/2017,"Martes",0,9:05:00,,"0.0",2,"Bicicleta,Automóvil","1ro de Mayo Y Tucuman",2,1,0,0,1,0,0,,"Calle",,"SANTA FE","La Capital","Asfalto","No existe","I","Dentro","Urbana","Paso Peatonal","No existe","Intersección","Bueno","Buena","Diurna","Buen Tiempo","Frontal","S/D","Colisión","Ninguna","Horizontal","Ninguna","Sin restricción"
2017,9256,11/18/2017,"Sabado",0,5:50:00,,"0.0",2,"Moto/Ciclomotor,Automóvil","Av Facundo Zuviria Y Pedro Ferre",2,0,0,0,1,1,0,"-31.625427, -60.705280","Avenida",,"SANTA FE","La Capital","Asfalto","Pavimento","I","S/D","Urbana","S/D","Funciona","Intersección","S/D","S/D","Amanecer","S/D","S/D","S/D","Colisión","S/D","Vertical","Cordón divisorio","S/D"
2017,9257,11/24/2017,"Viernes",0,16:00:00,,"0.0",2,"Automóvil,Taxi/Remis","Av Urquiza Y Junin",2,1,0,0,1,0,0,,"Avenida",,"SANTA FE","La Capital","Asfalto","No existe","I","Dentro","Urbana","Ninguna","Funciona","Intersección","Bueno","Buena","Diurna","Buen Tiempo","Lateral","S/D","Colisión","Ninguna","Horizontal,Vertical","Ninguna","Sin restricción"
2017,9258,11/21/2017,"Martes",0,17:00:00,,"0.0",2,"Moto/Ciclomotor,Automóvil","Mitre Y Virasoro",2,1,0,0,1,0,0,,"Calle",,"ROSARIO","Rosario","Asfalto","No existe","II","Dentro","Urbana","Marca Vial","No existe","Recta","Bueno","Buena","Diurna","Buen Tiempo","Lateral","S/D","Colisión","Ninguna","Horizontal","Ninguna","Sin restricción"
2017,9259,11/9/2017,"Jueves",0,11:30:00,,"0.0",2,"Automóvil,Moto/Ciclomotor","4 de Enero Y La Rioja",2,1,0,0,1,0,0,,"Calle",,"SANTA FE","La Capital","Asfalto","No existe","I","Dentro","Urbana","Paso Peatonal","No existe","Intersección","Bueno","Buena","Nocturna","Buen Tiempo","Frontal","S/D","Colisión","Ninguna","Horizontal","Ninguna","Sin restricción"
2017,9260,11/15/2017,"Miercoles",0,7:00:00,,"0.0",2,"Moto/Ciclomotor,Moto/Ciclomotor","Pueyrredon Y San Juan",4,1,0,0,3,0,0,,"Calle",,"ROSARIO","Rosario","Asfalto","No existe","II","Dentro","Urbana","Ninguna","No existe","Intersección","Bueno","Buena","Amanecer","Buen Tiempo","De alcance","S/D","Colisión","Ninguna","Faltante","Ninguna","Sin restricción"
2017,9261,11/29/2017,"Miercoles",0,21:00:00,,"0.0",2,"Automóvil,Moto/Ciclomotor","Eva Peron Y 4 de Enero",2,1,0,0,1,0,0,,"Calle",,"SANTA FE","La Capital","Asfalto","No existe","I","Dentro","Urbana","Ninguna","No existe","Intersección","Bueno","Buena","Nocturna,Con luz artificial","Buen Tiempo","Lateral","S/D","Colisión","Ninguna","Horizontal","Ninguna","Sin restricción"
2017,9262,11/22/2017,"Miercoles",0,15:00:00,,"0.0",2,"Moto/Ciclomotor,Automóvil","Ituzaingo Y Dorrego",2,1,0,0,1,0,0,,"Calle",,"ROSARIO","Rosario","Asfalto","No existe","II","Dentro","Urbana","Ninguna","No existe","Intersección","Bueno","Buena","Diurna","Buen Tiempo","Lateral","S/D","Colisión","Ninguna","Faltante","Ninguna","Sin restricción"
2017,9263,11/6/2017,"Lunes",0,17:00:00,,"0.0",2,"Transporte de Pasajeros Urbano (> 8 asientos),Peatón","Primera Junta Y San Jeronimo",2,1,0,0,1,0,0,,"Calle",,"SANTA FE","La Capital","Asfalto","No existe","I","Dentro","Urbana","Policía de tránsito","No existe","Intersección","Bueno","Buena","Diurna","Buen Tiempo","S/D","Peatón","Atropello","Ninguna","Horizontal","Ninguna","Sin restricción"
2017,9264,11/23/2017,"Jueves",0,17:20:00,,"0.0",2,"Moto/Ciclomotor,Automóvil","Galvez Y Entre Rios",2,1,0,0,1,0,0,,"Calle",,"ROSARIO","Rosario","Asfalto","No existe","II","Dentro","Urbana","Ninguna","No existe","Intersección","Bueno","Buena","Diurna","Buen Tiempo","Lateral","S/D","Colisión","S/D","Faltante","Ninguna","Sin restricción"
2017,9265,11/16/2017,"Jueves",0,16:00:00,"Ruta Nacional 173","272.0",2,"Moto/Ciclomotor,Camión c / Acoplado"," ",2,1,0,0,0,0,1,,"Ruta",173,"SANTA FE","La Capital","Asfalto","Pavimento","I","S/D","Urbana","Ninguna","No existe","Recta","Bueno","Buena","Diurna","Buen Tiempo","S/D","S/D","Colisión","Ninguna","Faltante","Barrera de hormigón","Sin restricción"
2017,9266,11/3/2017,"Viernes",0,13:55:00,,"0.0",2,"Automóvil,Moto/Ciclomotor","Salta Y San Jeronimo",2,2,0,0,0,0,0,,"Calle",,"SANTA FE","La Capital","Asfalto","No existe","I","Dentro","Urbana","Paso Peatonal","No existe","Intersección","Bueno","Buena","Diurna","Buen Tiempo","Lateral","S/D","Colisión","Ninguna","Horizontal","Ninguna","Sin restricción"
2017,9267,11/21/2017,"Martes",0,16:00:00,,"0.0",2,"Moto/Ciclomotor,Automóvil","Av. Ovidio Lagos Y Cerrito",2,1,0,0,1,0,0,,"Avenida",,"ROSARIO","Rosario","Asfalto","No existe","II","Dentro","Urbana","Ninguna","No existe","Intersección","Bueno","Buena","Diurna","Buen Tiempo","Lateral","S/D","Colisión","S/D","Faltante","Ninguna","Sin restricción"
2017,9268,11/25/2017,"Sabado",0,16:30:00,,"0.0",2,"Moto/Ciclomotor,Pickup/Utilitario","Pte.Roca Y Cerrito",2,1,0,0,1,0,0,,"Calle",,"ROSARIO","Rosario","Asfalto","No existe","II","Dentro","Urbana","Ninguna","No existe","Intersección","Bueno","Buena","Diurna","Buen Tiempo","Lateral","S/D","Colisión","Ninguna","Faltante","Ninguna","Sin restricción"
2017,9269,11/28/2017,"Martes",0,22:15:00,,"0.0",2,"Automóvil,Moto/Ciclomotor","San Luis Y Av Leandro Alem",3,2,0,0,0,0,1,,"Calle",,"SANTA FE","La Capital","Asfalto","No existe","I","S/D","Urbana","Semáforo","Funciona","Intersección","Bueno","Buena","Nocturna","Buen Tiempo","Lateral","S/D","Colisión","Ninguna","Horizontal,Vertical","Cordón divisorio,Línea divisoria pintada","Sin restricción"
2017,9270,7/12/2017,"Miercoles",0,,,"0.0",2,"Moto/Ciclomotor,Peatón","Garibaldi 5000",3,2,0,0,1,0,0,,"Calle",,"ROSARIO","Rosario","S/D","S/D","II","Dentro","Urbana","S/D","S/D","Recta","S/D","S/D","S/D","S/D","S/D","Peatón","Atropello","S/D","S/D","S/D","S/D"
2017,9271,11/27/2017,"Lunes",0,6:50:00,,"0.0",2,"Bicicleta,Taxi/Remis","Mitre Y Riobamba",2,1,0,0,1,0,0,,"Calle",,"ROSARIO","Rosario","Asfalto","S/D","II","Dentro","Urbana","Ninguna","No existe","Intersección","Bueno","Buena","Diurna","Buen Tiempo","S/D","Ciclista","Atropello","Ninguna","S/D","Ninguna","Sin restricción"
2017,9272,11/10/2017,"Viernes",0,17:50:00,,"0.0",1,"Bicicleta","Alberdi Y Av Galicia",2,2,0,0,0,0,0,,"Avenida",,"SANTA FE","La Capital","Asfalto","Pavimento","I","Dentro","Urbana","Ninguna","No existe","Intersección","Otro","Reducida","Diurna","Otro","S/D","S/D","Caída ocupante","Otro","Faltante","Barrera de hormigón","Sin restricción"
2017,9273,11/17/2017,"Viernes",0,11:20:00,,"0.0",2,"Pickup/Utilitario,Peatón","MJO 1 ALTO VERDE ",2,1,0,0,1,0,0,,"Calle",,"ALTO VERDE","La Capital","Asfalto","No existe","I","Dentro","Urbana","Ninguna","No existe","Recta","Bueno","Buena","Diurna","Buen Tiempo","S/D","Peatón","Atropello","Ninguna","Faltante","Ninguna","Sin restricción"
2017,9274,11/9/2017,"Jueves",0,6:50:00,,"0.0",2,"Automóvil,Peatón","San Martin Y Chacabuco",3,1,0,0,1,1,0,"-32.8543, -61.15709","Calle",,"CARCARAÑÁ","San Lorenzo","Asfalto","S/D","XVII","S/D","Urbana","S/D","No existe","Intersección","Bueno","S/D","Diurna","Buen Tiempo","S/D","Peatón","Atropello","Ninguna","S/D","Ninguna","S/D"
2017,9275,7/12/2017,"Miercoles",0,,,"0.0",2,"Automóvil,Moto/Ciclomotor","Lavalle Y Moreno",3,1,0,0,2,0,0,,"Calle",,"CAÑADA DE GÓMEZ","Iriondo","Asfalto","No existe","X","Dentro","Urbana","Ninguna","No existe","Intersección","Bueno","S/D","S/D","S/D","S/D","S/D","Colisión","Ninguna","Faltante","Ninguna","Sin restricción"