"anio_acci","nro_acci","fecha","desc_dia","fecha_aprox","hora_aprox","desc_ruta","km","cant_participantes","desc_participante","calle_avenida_km","total","heridos_leves","heridos_graves","heridos_gravisimos","ilesos","fallecidos","sin_datos","posicion_XY","desc_tipo_via","desc_ruta_ori","desc_loc","desc_dpto","desc_tipo_calzada","desc_tipo_banquina","desc_unidad_regional","desc_lugar_calzada","desc_zona","desc_prioridad","desc_estado_semaforo","desc_lugar_via","desc_estado_via","desc_estado_visibilidad","desc_luminosidad","desc_estado_clima","desc_tipo_colision","desc_tipo_atropello","desc_tipo_hecho","desc_pres_calzada","desc_senializacion","desc_separacion_via","desc_restriccion"
2017,9276,11/11/2017,"Sabado",0,7:35:00,,"0.0",2,"Moto/Ciclomotor,Automóvil","Tacuari Y Espora",2,2,0,0,0,0,0,,"Calle",,"SANTA FE","La Capital","Asfalto","No existe","I","Dentro","Urbana","Ninguna","No existe","Intersección","Otro","Reducida","Diurna","Otro","Otro","S/D","Colisión","Ninguna","Faltante","Ninguna","Sin restricción"
2017,9277,11/25/2017,"Sabado",0,19:15:00,,"0.0",2,"Moto/Ciclomotor,Moto/Ciclomotor","25 de Mayo Y Bv Pellegrini",3,2,0,0,1,0,0,,"S/D",,"SANTA FE","La Capital","Asfalto","No existe","I","S/D","Urbana","Semáforo","Funciona","Intersección","Bueno","Buena","Atardecer","Buen Tiempo","Lateral","S/D","Colisión","Ninguna","Horizontal,Vertical","Ninguna","Sin restricción"
2017,9278,11/1/2017,"Miercoles",0,9:40:00,,"0.0",2,"Moto/Ciclomotor,Peatón"," ",2,1,0,0,1,0,0,,"Calle",,"ALTO VERDE","La Capital","Asfalto","No existe","I","S/D","Urbana","Ninguna","No existe","Curva","Bueno","Buena","Diurna","Buen Tiempo","S/D","Peatón","Atropello","Ninguna","Faltante","Ninguna","Sin restricción"
2017,9279,7/13/2017,"Jueves",0,11:15:00,,"0.0",2,"Automóvil,Bicicleta","Bv. Balcarce ",2,1,0,0,1,0,0,,"Calle",,"CAÑADA DE GÓMEZ","Iriondo","S/D","S/D","X","Dentro","Urbana","S/D","S/D","Intersección","S/D","S/D","Diurna","S/D","S/D","Ciclista","Atropello","S/D","S/D","S/D","S/D"
2017,9280,11/11/2017,"Sabado",0,20:15:00,,"0.0",2,"Automóvil,Moto/Ciclomotor","Av A del Valle 760",2,0,0,0,0,0,2,,"Avenida",,"SANTA FE","La Capital","Asfalto","No existe","I","Dentro","Urbana","Ninguna","No existe","Intersección","Otro","Reducida","Nocturna,Con luz artificial","Otro","Otro","S/D","Colisión","Ninguna","Faltante","Barrera de hormigón","Sin restricción"
2017,9281,7/14/2017,"Viernes",0,17:50:00,,"0.0",2,"Automóvil,Moto/Ciclomotor","Newbery b Y Nicasio Oroño",3,2,0,0,1,0,0,,"Calle",,"CAÑADA DE GÓMEZ","Iriondo","Asfalto","No existe","X","Dentro","Urbana","Ninguna","No existe","Intersección","Bueno","S/D","Diurna","S/D","S/D","S/D","Colisión","Ninguna","Faltante","Ninguna","Sin restricción"
2017,9282,11/17/2017,"Viernes",0,13:30:00,,"0.0",2,"Moto/Ciclomotor,Pickup/Utilitario","25 de Mayo Y Mariano Comas",2,1,0,0,1,0,0,,"Calle",,"SANTA FE","La Capital","Asfalto","No existe","I","S/D","Urbana","Semáforo","Funciona","Recta","Bueno","Buena","Diurna","Buen Tiempo","Lateral","S/D","Colisión","Ninguna","Horizontal,Vertical","Ninguna","Sin restricción"
2017,9283,11/12/2017,"Domingo",0,21:00:00,,"0.0",2,"Moto/Ciclomotor,Automóvil","Av Galicia Y Lavalle",3,0,0,0,0,0,3,,"Avenida",,"SANTA FE","La Capital","Asfalto","No existe","I","Dentro","Urbana","Ninguna","No existe","Intersección","Otro","Reducida","Nocturna,Con luz artificial","Otro","S/D","S/D","Colisión","Ninguna","Faltante","Cordón divisorio","Sin restricción"
2017,9284,11/4/2017,"Sabado",0,2:15:00,"Ruta Nacional 11","635.0",1,"Automóvil"," ",1,1,0,0,0,0,0,,"Ruta",11,"LA CRIOLLA","San Justo","Asfalto","Natural","XVI","Fuera","Urbana","Ninguna","No existe","Curva","Bueno","Buena","Nocturna","Otro","Otro","S/D","Vuelco","S/D","Vertical","Línea divisoria pintada","Sin restricción"
2017,9285,11/16/2017,"Jueves",0,18:10:00,,"0.0",2,"Pickup/Utilitario,Moto/Ciclomotor","Av Pte Peron Y Candido Pujato",2,1,0,0,1,0,0,,"Avenida",,"SANTA FE","La Capital","Asfalto","No existe","I","S/D","Urbana","Semáforo","Funciona","Intersección","Otro","Buena","Atardecer","Buen Tiempo","Otro","S/D","Colisión","Ninguna","Vertical","Ninguna","Sin restricción"
2017,9286,11/19/2017,"Domingo",0,22:15:00,,"0.0",2,"Moto/Ciclomotor,Pickup/Utilitario","Dr Zavalla Y La Rioja",3,2,0,0,1,0,0,,"Calle",,"SANTA FE","La Capital","Asfalto","No existe","I","S/D","Urbana","Ninguna","Funciona","Intersección","Bueno","Buena","Nocturna","Buen Tiempo","Otro","S/D","Colisión","Ninguna","Vertical","Ninguna","Sin restricción"
2017,9287,11/12/2017,"Domingo",0,18:40:00,,"0.0",2,"Automóvil,Automóvil","TRAVESÍA  Y JUAN JOSÉ PASO",5,2,0,0,3,0,0,,"Calle",,"ROSARIO","Rosario","Asfalto","Pavimento","II","Dentro","Urbana","Semáforo","Funciona","Recta","Bueno","Buena","Diurna","Buen Tiempo","Frontal","S/D","Colisión","Ninguna","Vertical","Ninguna","Sin restricción"
2017,9288,11/12/2017,"Domingo",0,5:00:00,,"0.0",2,"Automóvil,Moto/Ciclomotor","Italia Y Reg 12 de Infanteria",2,2,0,0,0,0,0,,"Calle",,"SANTA FE","La Capital","Asfalto","No existe","I","Dentro","Urbana","Ninguna","No existe","Intersección","Otro","Reducida","Nocturna,Con luz artificial","Otro","Otro","S/D","Colisión","Otro","Faltante","Ninguna","Sin restricción"
2017,9289,11/26/2017,"Domingo",0,1:30:00,,"0.0",2,"Taxi/Remis,Automóvil","Av. Ovidio Lagos Y E.Zeballos",6,1,0,0,5,0,0,,"Calle",,"ROSARIO","Rosario","Asfalto","No existe","II","Dentro","Urbana","Semáforo","Funciona","Recta","Bueno","Buena","Nocturna","Buen Tiempo","S/D","S/D","Colisión","Ninguna","Horizontal,Vertical","Ninguna","Sin restricción"
2017,9290,11/20/2017,"Lunes",0,21:00:00,,"0.0",2,"Moto/Ciclomotor,Automóvil","Lamadrid Y Mendoza",2,1,0,0,1,0,0,,"Calle",,"SANTA FE","La Capital","Asfalto","No existe","I","S/D","Urbana","Ninguna","Funciona","Intersección","Bueno","Buena","Nocturna","Buen Tiempo","Otro","S/D","Colisión","Ninguna","Vertical","Ninguna","Sin restricción"
2017,9291,7/17/2017,"Lunes",0,,"Ruta Provincial 70","0.0",2,"Pickup/Utilitario,Moto/Ciclomotor","Av Luis Fanti Y R Casabella",2,0,1,0,1,0,0,,"Ruta",70,"RAFAELA","Castellanos","Asfalto","No existe","V","Dentro","Urbana","Ninguna","No existe","Recta","S/D","S/D","S/D","S/D","S/D","S/D","Colisión","Ninguna","Horizontal","Ninguna","Sin restricción"
2017,9292,7/17/2017,"Lunes",0,,"Autopista Provincial Brigadier E.López","117.0",2,"Camión,Camión"," ",2,1,0,0,1,0,0,,"Autopista","Brigadier E.López","CORONDA","San Jerónimo","Asfalto","S/D","XV","Dentro","S/D","S/D","S/D","Recta","S/D","S/D","S/D","S/D","S/D","S/D","Colisión","S/D","S/D","S/D","S/D"
2017,9293,11/5/2017,"Domingo",0,18:40:00,,"0.0",1,"Automóvil","Pte Juan D Peron Y Eva Peron",2,1,0,0,0,1,0,"-32.692504, -60.763476","Calle",,"PUERTO SAN MARTÍN","San Lorenzo","Asfalto","Natural","XVII","Fuera","Rural","Ninguna","No existe","Recta","Ahuellamiento","Buena","Diurna","S/D","Contra objeto fijo","S/D","Colisión","Ninguna","Horizontal","Ninguna","Sin restricción"
2017,9294,7/18/2017,"Martes",0,7:40:00,,"0.0",1,"Moto/Ciclomotor","Rivadavia 1200",2,1,0,0,1,0,0,,"Calle",,"CAÑADA DE GÓMEZ","Iriondo","Asfalto","No existe","X","Dentro","Urbana","Ninguna","No existe","Recta","Bueno","Buena","Diurna","S/D","S/D","S/D","Caída ocupante","Ninguna","Faltante","Ninguna","Sin restricción"
2017,9295,7/18/2017,"Martes",0,16:30:00,,"0.0",2,"Automóvil,Moto/Ciclomotor","Lisandro de la Torre Y Lopez",2,1,0,0,1,0,0,,"Calle",,"VENADO TUERTO","General López","Asfalto","No existe","VIII","Dentro","Urbana","Ninguna","No existe","Intersección","Bueno","S/D","Diurna","S/D","S/D","S/D","Colisión","Ninguna","Faltante","Ninguna","Sin restricción"
2017,9296,7/18/2017,"Martes",0,,,"0.0",2,"Moto/Ciclomotor,Bicicleta","Calle 47-Islas Malvinas ",2,1,0,0,1,0,0,,"Calle",,"RECONQUISTA","General Obligado","S/D","S/D","IX","Dentro","Urbana","S/D","S/D","Recta","S/D","S/D","S/D","S/D","S/D","Ciclista","Atropello","S/D","S/D","S/D","S/D"
2017,9297,7/19/2017,"Miercoles",0,20:25:00,,"0.0",2,"Moto/Ciclomotor,Automóvil","Nicasio Oroño Y Jose Hernandez",2,0,2,0,0,0,0,,"Calle",,"CAÑADA DE GÓMEZ","Iriondo","Asfalto,Tierra","No existe","X","Dentro","Urbana","Ninguna","No existe","Intersección","Bueno","S/D","Atardecer","S/D","S/D","S/D","Colisión","Ninguna","Faltante","Ninguna","Sin restricción"
2017,9298,11/25/2017,"Sabado",0,5:00:00,"Autopista Nacional Gral. Juan Jose Valle","0.0",2,"Automóvil,Camión c / Acoplado"," ",4,3,0,0,0,1,0," -33.201762,-60.493822","Autopista","Gral. Juan Jose Valle","FIGHIERA","Rosario","Asfalto","Natural","II","S/D","Rural","Ninguna","No existe","Recta","Bueno","Buena","Amanecer","Buen Tiempo","Lateral","S/D","Colisión","Ninguna","Faltante","Vegetación","Sin restricción"
2017,9299,7/19/2017,"Miercoles",0,,,"0.0",2,"Automóvil,Moto/Ciclomotor","Rivadavia Y España",3,2,0,0,1,0,0,,"Calle",,"CAÑADA DE GÓMEZ","Iriondo","Asfalto","No existe","X","Dentro","Urbana","Ninguna","No existe","Intersección","Bueno","S/D","S/D","S/D","S/D","S/D","Colisión","Ninguna","Faltante","Ninguna","Sin restricción"
2017,9300,7/20/2017,"Jueves",0,,,"0.0",2,"Moto/Ciclomotor,Automóvil","Av. Pellegrini Y Dorrego",2,0,1,0,1,0,0,,"Calle",,"ROSARIO","Rosario","Asfalto","No existe","II","Dentro","Urbana","Semáforo","Funciona","Recta","Bueno","S/D","S/D","S/D","S/D","S/D","Colisión","Ninguna","Horizontal,Vertical","Cordón divisorio","Sin restricción"
2017,9301,7/20/2017,"Jueves",0,19:15:00,,"0.0",2,"Moto/Ciclomotor,Bicicleta","Bv. Balcarce Y Pellegrini",2,1,0,0,1,0,0,,"Calle",,"CAÑADA DE GÓMEZ","Iriondo","Asfalto","No existe","X","Dentro","Urbana","Ninguna","No existe","Intersección","Bueno","S/D","Diurna","S/D","S/D","Ciclista","Atropello","Ninguna","Faltante","Cordón divisorio","Sin restricción"
2017,9302,9/4/2017,"Lunes",0,6:00:00,"Ruta Provincial 21","0.0",2,"Moto/Ciclomotor,Pickup/Utilitario","Av Gral San Martin ",2,0,0,0,1,1,0,"-33.02257, -60.62817","Ruta",21,"VILLA GOBERNADOR GÁLVEZ","Rosario","Asfalto","No existe","II","Dentro","Urbana","Ninguna","No existe","Intersección","Bueno","Buena","Amanecer,Con luz artificial","Niebla","Lateral","S/D","Colisión","Ninguna","Faltante","Ninguna","Sin restricción"
2017,9303,11/10/2017,"Viernes",0,16:15:00,,"0.0",2,"Moto/Ciclomotor,Automóvil","L.N.Alem Y Ituzaingo",2,1,0,0,1,0,0,,"Calle",,"ROSARIO","Rosario","Asfalto","No existe","II","Dentro","Urbana","Señal Pare","No existe","Intersección","Bueno","Buena","Diurna","Buen Tiempo","S/D","S/D","Colisión","Ninguna","Horizontal,Vertical","Ninguna","Sin restricción"
2017,9304,11/13/2017,"Lunes",0,7:20:00,,"0.0",2,"Automóvil,Moto/Ciclomotor","Av A del Valle 7500",2,2,0,0,0,0,0,,"Calle",,"SANTA FE","La Capital","Asfalto","No existe","I","S/D","Urbana","Ninguna","No existe","Intersección","Otro","Reducida","Diurna","S/D","S/D","S/D","Colisión","Ninguna","Faltante","Cordón divisorio,Vegetación","S/D"
2017,9305,11/12/2017,"Domingo",0,,,"0.0",2,"Moto/Ciclomotor,Automóvil","J.M.de Rosas Y Bv. 27 De Febrero",2,1,0,0,0,0,1,,"Avenida",,"ROSARIO","Rosario","Asfalto","No existe","II","Dentro","Urbana","Marca Vial","No existe","Intersección","Bueno","Buena","S/D","Buen Tiempo","S/D","S/D","Colisión","Ninguna","Horizontal","Ninguna","Sin restricción"
2017,9306,11/14/2017,"Martes",0,7:45:00,,"0.0",2,"Bicicleta,Automóvil","Necochea Y Pasco",2,0,1,0,1,0,0,,"Calle",,"ROSARIO","Rosario","Asfalto","No existe","II","Dentro","Urbana","Señal Pare","No existe","Intersección","Bueno","Buena","Diurna","Buen Tiempo","S/D","Ciclista","Atropello","Ninguna","Horizontal,Vertical","Ninguna","Sin restricción"
2017,9307,11/13/2017,"Lunes",0,20:15:00,,"0.0",2,"Moto/Ciclomotor,Peatón","Av Peñaloza Y Ayacucho",3,2,0,0,1,0,0,,"Avenida",,"SANTA FE","La Capital","Asfalto","No existe","II","Dentro","Urbana","Ninguna","No existe","Intersección","Bueno","Buena","Nocturna","Buen Tiempo","S/D","Peatón","Atropello","Ninguna","Faltante","Cordón divisorio","Sin restricción"
2017,9308,11/13/2017,"Lunes",0,21:00:00,,"0.0",2,"Moto/Ciclomotor,Automóvil","J P Lopez Y Av Gral Paz",2,2,0,0,0,0,0,,"Calle",,"SANTA FE","La Capital","Asfalto","No existe","I","S/D","Urbana","Semáforo","Funciona","Intersección","Otro","Reducida","Nocturna","Otro","Otro","S/D","Colisión","Otro","Vertical","Ninguna","Sin restricción"
2017,9309,11/14/2017,"Martes",0,,,"0.0",2,"Moto/Ciclomotor,Automóvil","Viamonte Y Buenos Aires",2,1,0,0,1,0,0,,"Calle",,"ROSARIO","Rosario","Asfalto","No existe","II","Dentro","Urbana","Señal Pare","No existe","Intersección","Bueno","Buena","S/D","Buen Tiempo","S/D","S/D","Colisión","Ninguna","Vertical","Ninguna","Sin restricción"
2017,9310,11/16/2017,"Jueves",0,14:20:00,,"0.0",2,"Automóvil,Moto/Ciclomotor","Piedras Y Azcuenaga",2,2,0,0,0,0,0,,"Calle",,"SANTA FE","La Capital","Asfalto","No existe","I","S/D","Urbana","Semáforo","No funciona","Intersección","Otro","Reducida","Nocturna,Con luz artificial","Otro","S/D","S/D","Colisión","Ninguna","Vertical","Ninguna","Sin restricción"
2017,9311,11/8/2017,"Miercoles",0,15:20:00,,"0.0",2,"Moto/Ciclomotor,Automóvil","Jose Ingenieros Y Garzon",3,2,0,0,1,0,0,,"Calle",,"ROSARIO","Rosario","Asfalto","No existe","II","Dentro","Urbana","Ninguna","No existe","Recta","Bueno","Buena","Diurna","Buen Tiempo","Otro","S/D","Colisión","Ninguna","Faltante","Ninguna","Sin restricción"
2017,9312,11/7/2017,"Martes",0,20:00:00,,"0.0",2,"Moto/Ciclomotor,Bicicleta","Necochea Y French",2,2,0,0,0,0,0,,"Calle",,"SANTA FE","La Capital","Asfalto","Pavimento","I","S/D","Urbana","Ninguna","No existe","Intersección","Otro","Reducida","Nocturna,Con luz artificial","Otro","S/D","Ciclista","Atropello","Ninguna","Faltante","Ninguna","Sin restricción"
2017,9313,11/16/2017,"Jueves",0,20:25:00,,"0.0",2,"Automóvil,Moto/Ciclomotor","Roque Saenz Peña Y Javier de la Rosa",4,3,0,0,1,0,0,,"Calle",,"SANTA FE","La Capital","Ripio","No existe","I","Dentro","Urbana","Ninguna","No existe","Intersección","Bueno","Buena","Nocturna","Buen Tiempo","Lateral","S/D","Colisión","Ninguna","Faltante","Ninguna","Sin restricción"
2017,9314,11/19/2017,"Domingo",0,0:40:00,,"0.0",2,"Moto/Ciclomotor,Automóvil","Av A del Valle Y Vieytes",2,2,0,0,0,0,0,,"Calle",,"SANTA FE","La Capital","Asfalto","No existe","I","S/D","Urbana","Ninguna","No existe","Intersección","Otro","Reducida","Nocturna,Con luz artificial","Otro","Otro","S/D","Colisión","Otro","Faltante","Cordón divisorio,Vegetación","Sin restricción"
2017,9315,11/4/2017,"Sabado",0,11:40:00,,"0.0",2,"Moto/Ciclomotor,Automóvil","Av. Circunvalacion Y Av. Sorrento",2,1,0,0,1,0,0,,"Avenida",,"ROSARIO","Rosario","Asfalto","No existe","II","Dentro","Urbana","Semáforo","Funciona","Intersección","Bueno","Buena","Diurna","Buen Tiempo","Contra objeto fijo,De alcance","S/D","Colisión","Ninguna","Vertical","Barrera de hormigón,Barrera de alto impacto","Sin restricción"
2017,9316,11/22/2017,"Miercoles",0,18:35:00,,"0.0",2,"Automóvil,Moto/Ciclomotor","Av A del Valle Y Vieytes",3,3,0,0,0,0,0,,"Calle",,"SANTA FE","La Capital","Asfalto","No existe","I","S/D","Urbana","Ninguna","No existe","Recta","Deteriorada","Reducida","Nocturna,Con luz artificial","Otro","Otro","S/D","Colisión","Ninguna","Faltante","Cordón divisorio,Vegetación","Sin restricción"
2017,9317,11/1/2017,"Miercoles",0,12:15:00,,"0.0",2,"Moto/Ciclomotor,Automóvil","7 de marzo Y Juan Jose Castelli",2,1,0,0,1,0,0,,"Avenida",,"SANTO TOMÉ","La Capital","Asfalto","No existe","I","Dentro","Urbana","Ninguna","No existe","Intersección","Bueno","Buena","Diurna","Buen Tiempo","Lateral","S/D","Colisión","Ninguna","Vertical","Ninguna","Sin restricción"
2017,9318,11/14/2017,"Martes",0,13:00:00,,"0.0",2,"Moto/Ciclomotor,Moto/Ciclomotor","J.B.Justo Y Olavarria Bis",3,1,0,0,2,0,0,,"Calle",,"ROSARIO","Rosario","Asfalto","No existe","II","Dentro","Urbana","Semáforo","Intermitente","Intersección","Bueno","Buena","Diurna","Buen Tiempo","Lateral","S/D","Colisión","Ninguna","Vertical","Línea divisoria pintada","Sin restricción"
2017,9319,11/17/2017,"Viernes",0,7:15:00,,"0.0",2,"Automóvil,Moto/Ciclomotor","Av Peñaloza Y Risso",2,1,0,0,1,0,0,,"Calle",,"SANTA FE","La Capital","Asfalto","No existe","I","Dentro","Urbana","Ninguna","No existe","Intersección","Bueno","Buena","Amanecer","Buen Tiempo","Lateral","S/D","Colisión","Ninguna","Faltante","Ninguna","Sin restricción"
2017,9320,11/26/2017,"Domingo",0,6:35:00,,"0.0",1,"Moto/Ciclomotor","Av Gral Paz Y Hernandarias",1,1,0,0,0,0,0,,"Calle",,"SANTA FE","La Capital","Asfalto","No existe","I","Dentro","Urbana","Otra Señal","No existe","Intersección","Otro","Reducida","Nocturna,Con luz artificial","Otro","S/D","S/D","Despiste","Otro","Vertical","Ninguna","Sin restricción"
2017,9321,11/1/2017,"Miercoles",0,14:30:00,,"0.0",2,"Automóvil,Automóvil","Obispo Gelabert Y Centenario",2,1,0,0,1,0,0,,"Calle",,"SANTO TOMÉ","La Capital","Asfalto","No existe","I","Dentro","Urbana","Ninguna","No existe","Intersección","Bueno","Buena","Diurna","Buen Tiempo","Lateral","S/D","Colisión","Ninguna","Horizontal","Ninguna","Sin restricción"
2017,9322,11/14/2017,"Martes",0,17:30:00,,"0.0",2,"Otros,Moto/Ciclomotor","25 de Mayo Y Matheu",4,4,0,0,0,0,0,,"Calle",,"SANTA FE","La Capital","Asfalto","No existe","I","S/D","Urbana","Ninguna","No existe","Intersección","Otro","Reducida","Diurna","Otro","Otro","S/D","Colisión","Ninguna","Faltante","Ninguna","Sin restricción"
2017,9323,7/21/2017,"Viernes",0,,,"0.0",1,"Automóvil","Magallanes Y Lamadrid",1,1,0,0,0,0,0,,"Calle",,"ROSARIO","Rosario","S/D","S/D","I","Dentro","Urbana","S/D","S/D","Recta","S/D","S/D","Diurna","S/D","S/D","S/D","Vuelco","S/D","S/D","S/D","S/D"
2017,9324,11/11/2017,"Sabado",0,15:45:00,,"0.0",2,"Automóvil,Moto/Ciclomotor","Magallanes Bis Y J.J.Paso",2,1,0,0,1,0,0,,"Calle",,"ROSARIO","Rosario","Asfalto","No existe","II","Dentro","Rural","Ninguna","No existe","Recta","Bueno","Buena","Diurna","Buen Tiempo","Otro","S/D","Colisión","Ninguna","Faltante","Línea divisoria pintada","Sin restricción"
2017,9325,11/10/2017,"Viernes",0,7:20:00,,"0.0",2,"Automóvil,Moto/Ciclomotor","Gdor Candioti Y Av Gral Lopez",3,1,0,0,0,0,2,,"Calle",,"SANTA FE","La Capital","Asfalto","No existe","I","Dentro","Urbana","S/D","No existe","S/D","S/D","S/D","Diurna","S/D","S/D","S/D","Colisión","S/D","Faltante","Ninguna","S/D"
2017,9326,11/1/2017,"Miercoles",0,18:20:00,,"0.0",2,"Automóvil,Moto/Ciclomotor","Guemes 5200",2,1,0,0,1,0,0,,"Calle",,"SANTA FE","La Capital","Asfalto","No existe","I","S/D","Urbana","Otra Señal","No existe","Recta","Bueno","Buena","Diurna","Buen Tiempo","S/D","S/D","Colisión","Ninguna","Vertical","Ninguna","Sin restricción"
2017,9327,11/3/2017,"Viernes",0,15:00:00,,"0.0",2,"Moto/Ciclomotor,Automóvil","Av Almte Brown Y Salvador del Carril",2,1,0,0,1,0,0,,"Avenida",,"SANTA FE","La Capital","Asfalto","No existe","I","S/D","Urbana","Semáforo","No existe","Intersección","Bueno","Buena","Diurna","S/D","S/D","S/D","Colisión","Ninguna","Horizontal,Vertical","Cordón divisorio,Vegetación","S/D"
2017,9328,11/12/2017,"Domingo",0,6:40:00,"Ruta Nacional 11","0.0",2,"Automóvil,Peatón","7 de marzo ",2,1,0,0,1,0,0,,"Ruta",11,"SANTO TOMÉ","La Capital","Hormigón","Ripio","I","Dentro","Urbana","Ninguna","No existe","Puente","Bueno","Buena","Diurna","Buen Tiempo","S/D","Peatón","Atropello","Ninguna","Horizontal","Línea divisoria pintada","Sin restricción"
2017,9329,11/20/2017,"Lunes",0,7:30:00,,"0.0",2,"Automóvil,Taxi/Remis","Av. E.Lopez Y Av. Francia",5,3,1,0,1,0,0,,"Avenida",,"ROSARIO","Rosario","Asfalto","No existe","II","Dentro","Urbana","Semáforo","Funciona","Recta","Bueno","Buena","Diurna","Buen Tiempo","De alcance","S/D","Colisión","Ninguna","Horizontal,Vertical","Ninguna","Sin restricción"
2017,9330,1/25/2017,"Miercoles",0,12:00:00,,"0.0",2,"Automóvil,Pickup/Utilitario","Av A del Valle Y Cordoba",4,1,0,0,3,0,0,,"Avenida",,"SANTA FE","La Capital","Asfalto","Pavimento","I","Dentro","Urbana","S/D","Funciona","Intersección","S/D","S/D","Diurna","S/D","De alcance","S/D","Colisión","S/D","S/D","Cordón divisorio,Vegetación","S/D"
2017,9331,7/21/2017,"Viernes",0,,"Ruta Provincial 6","0.0",2,"Camión c / Acoplado,Moto/Ciclomotor","Ruta provincial 70 ",3,2,0,0,1,0,0,,"Ruta",6,"ESPERANZA","Las Colonias","Asfalto","No existe","XI","Dentro","Urbana","Ninguna","No existe","Cruce","Bueno","S/D","Diurna","S/D","S/D","S/D","Colisión","Ninguna","Horizontal","Ninguna","Sin restricción"
2017,9332,11/24/2017,"Viernes",0,13:40:00,,"0.0",2,"Moto/Ciclomotor,Moto/Ciclomotor","Reg 12 de Infanteria Y Estado de Israel",2,1,0,0,1,0,0,,"Calle",,"SANTA FE","La Capital","Asfalto","No existe","I","Dentro","Urbana","Ninguna","No existe","Intersección","Bueno","Buena","Diurna","Buen Tiempo","Lateral","S/D","Colisión","Ninguna","Faltante","Ninguna","Sin restricción"
2017,9333,11/21/2017,"Martes",0,17:30:00,,"0.0",2,"Moto/Ciclomotor,Automóvil","Avenida General Bartolome Mitr Y Pasaje Juan Mena de Dios",3,2,0,0,1,0,0,,"Avenida",,"SANTO TOMÉ","La Capital","Asfalto","No existe","I","Dentro","Urbana","Ninguna","No existe","Intersección","Bueno","Buena","Atardecer","Buen Tiempo","Frontal","S/D","Colisión","Ninguna","Faltante","Ninguna","Sin restricción"
2017,9334,11/16/2017,"Jueves",0,18:20:00,,"0.0",2,"Automóvil,Moto/Ciclomotor","Neuquen Y Ulrico Schmild",2,0,1,0,1,0,0,,"Calle",,"SANTA FE","La Capital","Asfalto","No existe","I","Dentro","Urbana","Ninguna","No existe","Intersección","Bueno","Buena","Diurna","Buen Tiempo","Lateral","S/D","Colisión","Ninguna","Faltante","Ninguna","Sin restricción"
2017,9335,11/27/2017,"Lunes",0,9:30:00,,"0.0",2,"Pickup/Utilitario,Moto/Ciclomotor","Centenario Y Pres Domingo Faustino Sarmient",2,1,0,0,1,0,0,,"Calle",,"SANTO TOMÉ","La Capital","Asfalto","No existe","I","Dentro","Urbana","Ninguna","No existe","Intersección","Bueno","Buena","Diurna","Buen Tiempo","Lateral","S/D","Colisión","Ninguna","Faltante","Ninguna","Sin restricción"
2017,9336,11/4/2017,"Sabado",0,17:00:00,,"0.0",2,"Moto/Ciclomotor,Pickup/Utilitario","French Y Solis",4,1,0,0,3,0,0,,"Calle",,"ROSARIO","Rosario","Asfalto","No existe","II","Dentro","Urbana","Ninguna","No existe","Recta","Otro","Buena","Diurna","Buen Tiempo","Frontal","S/D","Colisión","Ninguna","Faltante","Ninguna","Sin restricción"
2017,9337,11/26/2017,"Domingo",0,10:50:00,,"0.0",2,"Moto/Ciclomotor,Automóvil","Av Blas Parera Y French",3,2,0,0,1,0,0,,"Avenida",,"SANTA FE","La Capital","Asfalto","No existe","I","S/D","Urbana","Semáforo","No existe","Recta","Bueno","Buena","Diurna","Buen Tiempo","S/D","S/D","Colisión","Ninguna","Horizontal,Vertical","Ninguna","Sin restricción"
2017,9338,11/20/2017,"Lunes",0,15:40:00,,"0.0",2,"Moto/Ciclomotor,Peatón","Av Blas Parera 7100",2,0,1,0,0,0,1,,"Avenida",,"SANTA FE","La Capital","Hormigón","No existe","I","Dentro","Urbana","Semáforo","Funciona","Intersección","Bueno","S/D","Diurna","Buen Tiempo","S/D","Peatón","Atropello","Ninguna","Horizontal,Vertical","Línea divisoria pintada","Sin restricción"
2017,9339,11/17/2017,"Viernes",0,14:50:00,,"0.0",2,"Moto/Ciclomotor,Pickup/Utilitario","Avenida General Bartolome Mitr Y Pasaje Juan Mena de Dios",3,1,1,0,0,0,1,,"Calle",,"SANTO TOMÉ","La Capital","Asfalto","No existe","I","Dentro","Urbana","Ninguna","No existe","Intersección","Bueno","Buena","Diurna","Buen Tiempo","Frontal","S/D","Colisión","Ninguna","Horizontal","Línea divisoria pintada","Sin restricción"