"anio_acci","nro_acci","fecha","desc_dia","fecha_aprox","hora_aprox","desc_ruta","km","cant_participantes","desc_participante","calle_avenida_km","total","heridos_leves","heridos_graves","heridos_gravisimos","ilesos","fallecidos","sin_datos","posicion_XY","desc_tipo_via","desc_ruta_ori","desc_loc","desc_dpto","desc_tipo_calzada","desc_tipo_banquina","desc_unidad_regional","desc_lugar_calzada","desc_zona","desc_prioridad","desc_estado_semaforo","desc_lugar_via","desc_estado_via","desc_estado_visibilidad","desc_luminosidad","desc_estado_clima","desc_tipo_colision","desc_tipo_atropello","desc_tipo_hecho","desc_pres_calzada","desc_senializacion","desc_separacion_via","desc_restriccion"
2017,9340,11/25/2017,"Sabado",0,21:40:00,,"0.0",3,"Automóvil,Moto/Ciclomotor,Moto/Ciclomotor","Gorriti Y Av Peñaloza",3,2,0,0,1,0,0,,"Calle",,"SANTA FE","La Capital","Asfalto","No existe","I","Dentro","Urbana","Ninguna","No existe","Intersección","Bueno","Buena","Nocturna","Buen Tiempo","Múltiple","S/D","Colisión","Ninguna","Faltante","Ninguna","Sin restricción"
2017,9341,11/15/2017,"Miercoles",0,8:10:00,,"0.0",2,"Taxi/Remis,Automóvil","Mendoza Y Sarmiento",3,1,0,0,2,0,0,,"Calle",,"ROSARIO","Rosario","Asfalto","No existe","II","Dentro","Urbana","Paso Peatonal","No existe","Intersección","S/D","S/D","Diurna","S/D","S/D","S/D","Colisión","S/D","Horizontal","Ninguna","S/D"
2017,9342,11/4/2017,"Sabado",0,13:30:00,,"0.0",2,"Peatón,Automóvil","Casiano Casas Y Superi",2,0,0,0,1,1,0,"-32.896983, -60.714575","Calle",,"ROSARIO","Rosario","S/D","S/D","II","S/D","S/D","S/D","S/D","S/D","S/D","S/D","Diurna","S/D","S/D","Peatón","Atropello","S/D","S/D","S/D","S/D"
2017,9343,11/26/2017,"Domingo",0,23:45:00,,"0.0",2,"Moto/Ciclomotor,Moto/Ciclomotor","Av Peñaloza Y Estanislao Zeballos",2,1,0,0,0,0,1,,"Avenida",,"SANTA FE","La Capital","Hormigón","No existe","I","S/D","Urbana","Semáforo","Funciona","Intersección","Bueno","Buena","Nocturna","Buen Tiempo","Lateral","S/D","Colisión","Ninguna","Vertical","Cordón divisorio","Sin restricción"
2017,9344,11/11/2017,"Sabado",0,16:00:00,,"0.0",2,"Moto/Ciclomotor,Otros","Roverano Y Mendoza",2,1,0,0,0,0,1,,"Calle",,"SANTO TOMÉ","La Capital","Ripio","Natural","I","Dentro","Urbana","Ninguna","No existe","Recta","Bueno","Buena","Diurna","Buen Tiempo","Lateral","S/D","Colisión","Ninguna","Faltante","Ninguna","Sin restricción"
2017,9345,11/13/2017,"Lunes",0,19:35:00,,"0.0",2,"Automóvil,Moto/Ciclomotor","San Martin Y Montevideo",3,0,1,0,2,0,0,,"Calle",,"ROSARIO","Rosario","Asfalto","No existe","II","Dentro","Urbana","Paso Peatonal","No existe","Intersección","S/D","S/D","Diurna","S/D","S/D","S/D","Colisión","S/D","Horizontal","Ninguna","S/D"
2017,9346,11/12/2017,"Domingo",0,23:00:00,,"0.0",2,"Moto/Ciclomotor,Automóvil","Hipolito Irigoyen Y Rca Oriental del Uruguay",2,1,0,0,1,0,0,,"Calle",,"SANTO TOMÉ","La Capital","Asfalto","No existe","I","S/D","Urbana","Ninguna","No existe","Intersección","Otro","Buena","Nocturna","Buen Tiempo","De alcance","S/D","Colisión","Ninguna","S/D","Ninguna","Sin restricción"
2017,9347,11/26/2017,"Domingo",0,20:30:00,,"0.0",2,"Moto/Ciclomotor,Automóvil","Javier de la Rosa Y San Jose",4,2,1,0,1,0,0,,"Calle",,"SANTA FE","La Capital","Asfalto","No existe","I","Dentro","Urbana","Ninguna","No existe","Intersección","Bueno","Buena","Nocturna","Buen Tiempo","Lateral","S/D","Colisión","Ninguna","Faltante","Ninguna","Sin restricción"
2017,9348,11/18/2017,"Sabado",0,7:45:00,,"0.0",2,"Moto/Ciclomotor,Automóvil","Av. Belgrano Y Buenos Aires",3,0,1,0,2,0,0,,"Avenida",,"ROSARIO","Rosario","Asfalto","No existe","II","Dentro","Urbana","Semáforo","Funciona","Intersección","S/D","S/D","Diurna","S/D","S/D","S/D","Colisión","S/D","Horizontal,Vertical","Cordón divisorio","S/D"
2017,9349,11/28/2017,"Martes",0,21:30:00,,"0.0",2,"Moto/Ciclomotor,Moto/Ciclomotor","Av Blas Parera Y Hernandarias",2,1,0,0,0,0,1,,"Avenida",,"SANTA FE","La Capital","Asfalto","No existe","I","S/D","Urbana","Ninguna","No existe","Recta","Bueno","Buena","Nocturna","Buen Tiempo","S/D","S/D","Colisión","Ninguna","Faltante","Ninguna","Sin restricción"
2017,9350,11/18/2017,"Sabado",0,15:15:00,,"0.0",2,"Moto/Ciclomotor,Automóvil","Juan Bautista Alberdi Y General Manuel Belgrano",3,1,0,0,2,0,0,,"Calle",,"SANTO TOMÉ","La Capital","Asfalto","No existe","I","S/D","Urbana","Semáforo","Funciona","Intersección","Bueno","Buena","Atardecer","Buen Tiempo","De alcance","S/D","Colisión","Ninguna","Vertical","Ninguna","Sin restricción"
2017,9351,11/27/2017,"Lunes",0,10:30:00,,"0.0",2,"Moto/Ciclomotor,Otros","Gorriti Y Europa",2,1,0,0,0,0,1,,"Avenida",,"SANTA FE","La Capital","Asfalto","No existe","I","S/D","Urbana","Semáforo","Funciona","Curva","Bueno","Buena","Diurna","Buen Tiempo","Lateral","S/D","Colisión","Ninguna","Vertical","Ninguna","Sin restricción"
2017,9352,11/21/2017,"Martes",0,20:30:00,,"0.0",2,"Moto/Ciclomotor,Taxi/Remis","Paraguay Y Montevideo",2,1,0,0,1,0,0,,"Calle",,"ROSARIO","Rosario","Asfalto","No existe","II","Dentro","Urbana","Paso Peatonal","No existe","Intersección","S/D","S/D","Nocturna,Con luz artificial","S/D","De alcance","S/D","Colisión","S/D","Horizontal","Ninguna","S/D"
2017,9353,11/1/2017,"Miercoles",0,16:30:00,,"0.0",2,"Automóvil,Bicicleta","Pje Santa Fe Y Alberti",2,1,0,0,1,0,0,,"Calle",,"SANTA FE","La Capital","Ripio","No existe","I","Dentro","Urbana","Ninguna","No existe","Intersección","Con baches","Buena","Diurna","Buen Tiempo","S/D","Ciclista","Atropello","Ninguna","Faltante","Ninguna","Sin restricción"
2017,9354,11/24/2017,"Viernes",0,21:10:00,,"0.0",2,"Moto/Ciclomotor,Pickup/Utilitario","Buenos Aires Y Frutos",2,1,0,0,1,0,0,,"Calle",,"SANTO TOMÉ","La Capital","S/D","No existe","I","S/D","Rural","Ninguna","No existe","Intersección","Bueno","Buena","Nocturna","Buen Tiempo","De alcance","S/D","Colisión","Ninguna","Faltante","Ninguna","Sin restricción"
2017,9355,11/21/2017,"Martes",0,7:20:00,,"0.0",2,"Moto/Ciclomotor,Automóvil","Bv Pellegrini Y Av Pte Peron",2,1,0,0,1,0,0,,"Avenida",,"SANTA FE","La Capital","Asfalto","No existe","I","Dentro","Urbana","Ninguna","Funciona","Intersección","Bueno","Buena","Diurna","Buen Tiempo","Otro","S/D","Colisión","Ninguna","Vertical","Ninguna","Sin restricción"
2017,9356,11/25/2017,"Sabado",0,12:50:00,,"0.0",2,"Automóvil,Moto/Ciclomotor","Lisandro de la Torre Y Moreno",3,2,0,0,1,0,0,,"Calle",,"SANTA FE","La Capital","Asfalto","No existe","I","Dentro","Urbana","Paso Peatonal","No existe","Intersección","Bueno","Buena","Diurna","Buen Tiempo","De alcance","S/D","Colisión","Ninguna","Vertical","Ninguna","Sin restricción"
2017,9357,11/4/2017,"Sabado",0,20:00:00,,"0.0",2,"Automóvil,Moto/Ciclomotor","Larrea Y Lavalle",2,2,0,0,0,0,0,,"Calle",,"SANTA FE","La Capital","Asfalto","No existe","I","Dentro","Urbana","Ninguna","No existe","Intersección","Deteriorada","Reducida","Con luz artificial","Otro","Otro","S/D","Colisión","Otro","Faltante","Ninguna","Sin restricción"
2017,9358,11/3/2017,"Viernes",0,20:40:00,,"0.0",2,"Automóvil,Moto/Ciclomotor","Av Blas Parera Y Pje Boedo",2,1,0,0,1,0,0,,"Avenida",,"SANTA FE","La Capital","Asfalto","No existe","I","S/D","Urbana","Ninguna","No existe","Recta","Bueno","Buena","Diurna","Buen Tiempo","Otro","S/D","Colisión","Material Suelto","Horizontal","Cordón divisorio","Sin restricción"
2017,9359,11/10/2017,"Viernes",0,14:20:00,,"0.0",2,"Automóvil,Moto/Ciclomotor","General Manuel Belgrano Y Juan Bautista Alberdi",3,2,0,0,1,0,0,,"Calle",,"SANTO TOMÉ","La Capital","Asfalto","No existe","I","Dentro","Urbana","Semáforo","Funciona","Intersección","Bueno","Buena","Diurna","Buen Tiempo","De alcance","S/D","Colisión","S/D","Vertical","Ninguna","Sin restricción"
2017,9360,11/8/2017,"Miercoles",0,12:45:00,,"0.0",2,"Moto/Ciclomotor,Transporte de Pasajeros Urbano (> 8 asientos)","Av Blas Parera Y Echague",2,1,0,0,1,0,0,,"Avenida",,"SANTA FE","La Capital","Tierra","No existe","I","Dentro","Urbana","Ninguna","No existe","Intersección","Deteriorada","Reducida polvo","Diurna","Buen Tiempo","De alcance","S/D","Colisión","Ninguna","Horizontal","Ninguna","Sin restricción"
2017,9361,11/8/2017,"Miercoles",0,21:30:00,,"0.0",2,"Automóvil,Peatón","Moreno Y Guemes",2,1,0,0,1,0,0,,"Calle",,"LAGUNA PAIVA","La Capital","Ripio","No existe","I","Dentro","Urbana","Ninguna","No existe","Intersección","Bueno","Buena","Nocturna","Buen Tiempo","S/D","Peatón","Atropello","Ninguna","Faltante","Ninguna","Sin restricción"
2017,9362,11/2/2017,"Jueves",0,11:30:00,,"0.0",2,"Pickup/Utilitario,Moto/Ciclomotor","Chiclana Y French",2,1,0,0,1,0,0,,"Calle",,"SANTA FE","La Capital","Asfalto","No existe","I","S/D","Urbana","Ninguna","No existe","Recta","Bueno","Buena","Atardecer","Buen Tiempo","Frontal","S/D","Colisión","Ninguna","Faltante","Cordón divisorio","Sin restricción"
2017,9363,11/1/2017,"Miercoles",0,17:30:00,,"0.0",3,"Bicicleta,Automóvil,Automóvil","Hipolito Irigoyen 3363",3,1,0,0,2,0,0,,"Calle",,"SANTO TOMÉ","La Capital","Asfalto","No existe","I","S/D","Urbana","Ninguna","S/D","Recta","Bueno","Buena","Diurna","Buen Tiempo","S/D","Ciclista","Atropello","Ninguna","Vertical","Ninguna","Sin restricción"
2017,9364,11/8/2017,"Miercoles",0,14:40:00,,"0.0",2,"Automóvil,Moto/Ciclomotor","Gorriti Y Europa",2,1,0,0,1,0,0,,"Avenida",,"SANTA FE","La Capital","Asfalto","No existe","I","S/D","Urbana","Ninguna","No existe","Recta","Bueno","S/D","Diurna","Buen Tiempo","De alcance","S/D","Colisión","Ninguna","Faltante","Cordón divisorio","Sin restricción"
2017,9365,11/14/2017,"Martes",0,10:00:00,,"0.0",2,"Automóvil,Moto/Ciclomotor","AV PTE PERON Y CAMINO TOSINI",2,1,0,0,1,0,0,,"Avenida",,"LAGUNA PAIVA","La Capital","Asfalto","No existe","I","Dentro","Urbana","Ninguna","No existe","Intersección","Bueno","Buena","Diurna","Buen Tiempo","Lateral","S/D","Colisión","Ninguna","Faltante","Ninguna","Sin restricción"
2017,9366,11/16/2017,"Jueves",0,19:10:00,,"0.0",2,"Automóvil,Moto/Ciclomotor","Av San Martin Y Florencio Sanchez",2,1,0,0,1,0,0,,"Avenida",,"LAGUNA PAIVA","La Capital","Ripio","No existe","I","Dentro","Urbana","Ninguna","No existe","Intersección","Bueno","Buena","Diurna","Buen Tiempo","Lateral","S/D","Colisión","Ninguna","Faltante","Ninguna","Sin restricción"
2017,9367,11/3/2017,"Viernes",0,12:30:00,,"0.0",2,"Moto/Ciclomotor,Automóvil","Av Blas Parera Y Azcuenaga",3,2,0,0,1,0,0,,"Avenida",,"SANTA FE","La Capital","Hormigón","No existe","I","S/D","Urbana","Marca Vial","No existe","Intersección","Bueno","Buena","Diurna","Buen Tiempo","Contra objeto fijo","S/D","Colisión","Ninguna","Horizontal","Cordón divisorio","Sin restricción"
2017,9368,11/1/2017,"Miercoles",0,17:50:00,,"0.0",2,"Moto/Ciclomotor,Automóvil","Gorriti Y Gdor Servando Bayo",3,2,0,0,1,0,0,,"Calle",,"SANTA FE","La Capital","Asfalto","No existe","I","Dentro","Urbana","Ninguna","No existe","Intersección","Bueno","Buena","Diurna","Buen Tiempo","Lateral","S/D","Colisión","Ninguna","Faltante","Ninguna","Sin restricción"
2017,9369,11/17/2017,"Viernes",0,6:20:00,,"0.0",2,"Automóvil,Moto/Ciclomotor","Obrero Y 25 de Mayo",3,2,0,0,1,0,0,,"Calle",,"LAGUNA PAIVA","La Capital","Asfalto","No existe","I","Dentro","Urbana","Ninguna","No existe","Intersección","Bueno","Buena","Diurna","Buen Tiempo","Lateral","S/D","Colisión","Ninguna","Faltante","Ninguna","Sin restricción"
2017,9370,11/16/2017,"Jueves",0,20:30:00,,"0.0",2,"Moto/Ciclomotor,Peatón","Mariano Candioti 3500",2,2,0,0,0,0,0,,"Avenida",,"SANTO TOMÉ","La Capital","Asfalto","No existe","I","S/D","Urbana","Ninguna","No existe","Recta","Bueno","Buena","Nocturna","Buen Tiempo","S/D","Peatón","Atropello","Ninguna","Faltante","Ninguna","Sin restricción"
2017,9371,11/18/2017,"Sabado",0,11:05:00,,"0.0",2,"Bicicleta,Automóvil","Jose Ignacio Gorriti 4750",2,1,0,0,1,0,0,,"Avenida",,"SANTA FE","La Capital","Hormigón","No existe","I","Dentro","Urbana","Ninguna","No existe","Recta","Bueno","Buena","Diurna","Buen Tiempo","Contra objeto fijo","S/D","Colisión","Ninguna","Faltante","Cordón divisorio","Sin restricción"
2017,9372,7/23/2017,"Domingo",0,,,"0.0",1,"Automóvil","9 de Julio ",1,1,0,0,0,0,0,,"Calle",,"SAN JUSTO","San Justo","S/D","S/D","XV","Dentro","Urbana","S/D","S/D","Recta","S/D","S/D","S/D","S/D","Contra objeto fijo","S/D","Colisión","S/D","S/D","S/D","S/D"
2017,9373,11/17/2017,"Viernes",0,13:30:00,,"0.0",2,"Automóvil,Moto/Ciclomotor","Obrero Y 9 de Julio",3,2,0,0,1,0,0,,"Calle",,"LAGUNA PAIVA","La Capital","Ripio","No existe","I","Dentro","Urbana","Ninguna","No existe","Intersección","Bueno","Buena","Diurna","Buen Tiempo","Lateral","S/D","Colisión","Ninguna","Faltante","Ninguna","Sin restricción"
2017,9374,7/24/2017,"Lunes",0,0:00:00,,"0.0",2,"Pickup/Utilitario,Moto/Ciclomotor","Ocampo Y Alvear",3,2,0,0,1,0,0,,"Calle",,"CAÑADA DE GÓMEZ","Iriondo","Asfalto","No existe","X","Dentro","Urbana","Ninguna","No existe","Intersección","Bueno","S/D","Nocturna","S/D","S/D","S/D","Colisión","Ninguna","Faltante","Ninguna","Sin restricción"
2017,9375,11/18/2017,"Sabado",0,22:10:00,"Ruta Provincial 2","33.0",2,"Automóvil,Automóvil"," ",4,3,0,0,1,0,0,,"Ruta",2,"SANTA FE","La Capital","Asfalto","Natural","I","Dentro","Rural","Ninguna","No existe","Recta","Bueno","Reducida","Nocturna","Buen Tiempo","Frontal","S/D","Colisión","Ninguna","Horizontal","Ninguna","Sin restricción"
2017,9376,11/7/2017,"Martes",0,16:45:00,,"0.0",2,"Moto/Ciclomotor,Taxi/Remis","Av Blas Parera Y Alberti",2,1,0,0,1,0,0,,"Avenida",,"SANTA FE","La Capital","Asfalto","No existe","I","S/D","Urbana","Ninguna","No existe","Intersección","Bueno","S/D","Diurna","Buen Tiempo","Lateral","S/D","Colisión","Ninguna","Faltante","Cordón divisorio","S/D"
2017,9377,11/22/2017,"Miercoles",0,18:30:00,,"0.0",2,"Automóvil,Moto/Ciclomotor","Juan Bautista Alberdi Y Mariano Candioti",3,2,0,0,1,0,0,,"Calle",,"SANTO TOMÉ","La Capital","S/D","No existe","I","S/D","Urbana","Semáforo","Funciona","Intersección","Bueno","Buena","Diurna","Buen Tiempo","Lateral","S/D","Colisión","S/D","Vertical","Ninguna","S/D"
2017,9378,11/28/2017,"Martes",0,13:00:00,,"0.0",2,"Transporte de Pasajeros (H/ 8 asientos),Bicicleta","Moreno Y Casique Guascar",2,1,0,0,1,0,0,,"Calle",,"LAGUNA PAIVA","La Capital","Ripio","No existe","I","Dentro","Urbana","Ninguna","No existe","Intersección","Bueno","Buena","Diurna","Buen Tiempo","S/D","Ciclista","Atropello","Ninguna","Faltante","Ninguna","Sin restricción"
2017,9379,11/4/2017,"Sabado",0,5:00:00,,"0.0",2,"Moto/Ciclomotor,Otros","Jose Ignacio Gorriti 3000",2,1,0,0,1,0,0,,"Avenida",,"SANTA FE","La Capital","Asfalto","No existe","I","Dentro","Urbana","Semáforo","Funciona","Intersección","Bueno","Buena","Amanecer,Con luz artificial","Buen Tiempo","Lateral","S/D","Colisión","S/D","Vertical","S/D","S/D"
2017,9380,7/26/2017,"Miercoles",0,12:30:00,,"0.0",2,"Pickup/Utilitario,Moto/Ciclomotor","Calle 36 Entre Rios Y Calle 29-Alte Brown",3,2,0,0,1,0,0,,"Calle",,"RECONQUISTA","General Obligado","Asfalto","No existe","IX","Dentro","Urbana","Ninguna","No existe","Intersección","Bueno","Buena","Diurna","S/D","Lateral","S/D","Colisión","Ninguna","Vertical","Ninguna","Sin restricción"
2017,9382,7/26/2017,"Miercoles",0,12:27:00,,"0.0",2,"Moto/Ciclomotor,Automóvil","Calle 9-Mariano Moreno Y Calle 16 Gral Obligado",2,0,1,0,1,0,0,,"Calle",,"RECONQUISTA","General Obligado","Asfalto","No existe","IX","Dentro","Urbana","Ninguna","No existe","Intersección","Bueno","Buena","Diurna","Buen Tiempo","Frontal","S/D","Colisión","Ninguna","Faltante","Ninguna","Sin restricción"
2017,9383,11/6/2017,"Lunes",0,22:30:00,,"0.0",2,"Moto/Ciclomotor,Peatón","Av A del Valle 8000",2,1,0,0,1,0,0,,"Avenida",,"SANTA FE","La Capital","Asfalto","No existe","I","S/D","Urbana","Ninguna","No existe","Recta","Bueno","S/D","Nocturna,Con luz artificial","Buen Tiempo","S/D","Peatón","Atropello","S/D","Faltante","Cordón divisorio,Vegetación","S/D"
2017,9384,11/1/2017,"Miercoles",0,21:30:00,,"0.0",2,"Automóvil,Moto/Ciclomotor","Santa Cruz 6185",2,1,0,0,1,0,0,,"Calle",,"SANTA FE","La Capital","Asfalto","No existe","I","Dentro","Urbana","Ninguna","No existe","Recta","Bueno","Buena","Nocturna","Buen Tiempo","Lateral","S/D","Colisión","Ninguna","Faltante","Ninguna","Sin restricción"
2017,9385,11/6/2017,"Lunes",0,22:50:00,"Ruta Provincial 1","11.5",2,"Pickup/Utilitario,Pickup/Utilitario","Antiguo camino a Santa Rosa Y Calle 10",2,1,0,0,1,0,0,,"Ruta",1,"ARROYO LEYES","La Capital","Tierra","Natural","I","Dentro","Rural","Ninguna","No existe","Intersección","Otro","Buena","Nocturna","Buen Tiempo","Lateral","S/D","Colisión","Ninguna","Faltante","Ninguna","Sin restricción"
2017,9386,7/26/2017,"Miercoles",0,14:00:00,,"0.0",2,"Automóvil,Moto/Ciclomotor","Independencia Y Ocampo",2,1,0,0,1,0,0,,"Calle",,"CAÑADA DE GÓMEZ","Iriondo","Asfalto","No existe","X","Dentro","Urbana","Ninguna","No existe","Intersección","Bueno","S/D","Diurna","S/D","S/D","S/D","Colisión","Ninguna","Faltante","Ninguna","Sin restricción"
2017,9387,11/30/2017,"Jueves",0,9:35:00,"Ruta Provincial 5","0.0",2,"Pickup/Utilitario,Moto/Ciclomotor","Ruta Nacional 11 ",2,1,0,0,1,0,0,,"Ruta",5,"RECREO","La Capital","Asfalto","Natural","I","S/D","Urbana","Ninguna","No existe","Cruce","Otro","Buena","Diurna","Otro","Otro","S/D","Colisión","Ninguna","Faltante","Línea divisoria pintada","Sin restricción"
2017,9388,11/21/2017,"Martes",0,19:10:00,"Ruta Provincial 1","999.9",2,"Moto/Ciclomotor,Automóvil"," ",2,1,0,0,1,0,0,,"Ruta",1,"RINCÓN POTRERO","La Capital","Asfalto","Natural","I","Dentro","Urbana","Ninguna","No existe","Recta","Bueno","Buena","Atardecer","Buen Tiempo","De alcance","S/D","Colisión","Ninguna","Horizontal","Ninguna","Sin restricción"
2017,9389,11/8/2017,"Miercoles",0,23:00:00,"Ruta Nacional 11","0.0",2,"Bicicleta,Otros","Ruta Nacional 1V11- Juan de Garay  Y Juan B Alberdi",2,0,1,0,0,0,1,,"Ruta",11,"RECREO","La Capital","Asfalto","Natural","I","S/D","S/D","Ninguna","No existe","Intersección","Otro","Reducida","Nocturna","Otro","S/D","Ciclista","Atropello","Otro","Faltante","Ninguna","Sin restricción"
2017,9390,11/7/2017,"Martes",0,17:00:00,,"0.0",2,"Pickup/Utilitario,Otros","Av A del Valle Y French",2,1,0,0,1,0,0,,"Avenida",,"SANTA FE","La Capital","Asfalto","No existe","I","Dentro","Urbana","Semáforo","Funciona","Intersección","Bueno","Buena","Diurna","Buen Tiempo","Lateral","S/D","Colisión","S/D","Vertical","Cordón divisorio,Vegetación","S/D"
2017,9391,11/14/2017,"Martes",0,17:50:00,,"0.0",2,"Moto/Ciclomotor,Moto/Ciclomotor","Av Blas Parera Y Gorriti",2,1,0,0,1,0,0,,"Avenida",,"SANTA FE","La Capital","Asfalto","No existe","I","Dentro","Urbana","Semáforo","Funciona","Intersección","Bueno","Buena","Diurna","Buen Tiempo","Frontal","S/D","Colisión","Ninguna","Vertical","Ninguna","Sin restricción"
2017,9392,11/14/2017,"Martes",0,14:00:00,,"0.0",2,"Automóvil,Moto/Ciclomotor","Av Facundo Zuviria Y Azcuenaga",2,1,0,0,1,0,0,,"Avenida",,"SANTA FE","La Capital","Asfalto","No existe","I","Dentro","Urbana","Ninguna","No existe","Intersección","Bueno","Buena","Diurna","Buen Tiempo","Lateral","S/D","Colisión","Ninguna","Faltante","Cordón divisorio","S/D"
2017,9393,11/20/2017,"Lunes",0,20:20:00,"Ruta Provincial 1","999.9",2,"Automóvil,Otros"," ",4,1,0,0,2,0,1,,"Ruta",1,"RINCÓN POTRERO","La Capital","Asfalto","Natural","I","S/D","Urbana","Ninguna","No existe","Recta","Bueno","Reducida","Atardecer","Buen Tiempo","De alcance","S/D","Colisión","Ninguna","Horizontal","Línea divisoria pintada","Sin restricción"
2017,9394,11/19/2017,"Domingo",0,15:45:00,,"0.0",2,"Automóvil,Moto/Ciclomotor","Caferata Y Jhon Kennedy",2,1,0,0,1,0,0,,"Calle",,"RECREO","La Capital","Tierra,Ripio","No existe","I","S/D","Urbana","Ninguna","No existe","Cruce","Otro","Buena","Diurna","Otro","Frontal","S/D","Colisión","Ninguna","Faltante","Ninguna","Sin restricción"
2017,9395,11/17/2017,"Viernes",0,10:35:00,,"0.0",2,"Pickup/Utilitario,Moto/Ciclomotor","Jose Ignacio Gorriti Y San Juan",2,1,0,0,1,0,0,,"Avenida",,"SANTA FE","La Capital","Asfalto","S/D","I","Dentro","Urbana","Ninguna","No existe","Intersección","Bueno","Buena","Diurna","Buen Tiempo","Lateral","S/D","Colisión","Ninguna","Faltante","Cordón divisorio","S/D"
2017,9396,11/3/2017,"Viernes",0,14:30:00,"Ruta Provincial 1","999.9",1,"Transporte de Pasajeros Urbano (> 8 asientos)"," ",1,1,0,0,0,0,0,,"Ruta",1,"RINCÓN POTRERO","La Capital","Asfalto","No existe","I","Dentro","Urbana","Ninguna","Funciona","Recta","Bueno","Buena","Diurna","Buen Tiempo","S/D","S/D","Caída ocupante","Ninguna","Vertical","Cordón divisorio","Sin restricción"
2017,9397,11/22/2017,"Miercoles",0,7:50:00,,"0.0",2,"Transporte Escolar,Moto/Ciclomotor","Av Urquiza Y Santa Cruz",2,1,0,0,1,0,0,,"Calle",,"SANTA FE","La Capital","Asfalto,Ripio","No existe","I","Dentro","Urbana","Ninguna","No existe","Intersección","Resbaladiza","Buena","Diurna","Buen Tiempo","Lateral","S/D","Colisión","Material Suelto","Faltante","S/D","S/D"
2017,9398,11/21/2017,"Martes",0,8:20:00,,"0.0",2,"Automóvil,Moto/Ciclomotor","Aldao Y Santa Fe",2,1,0,0,1,0,0,,"Calle",,"RECREO","La Capital","Asfalto","No existe","I","S/D","Urbana","Paso Peatonal","No existe","Intersección","Bueno","Buena","Diurna","Buen Tiempo","Otro","S/D","Colisión","Ninguna","Faltante","Ninguna","Sin restricción"
2017,9399,7/30/2017,"Domingo",0,6:55:00,,"0.0",1,"Vehículo Oficial","Chaco Y Malvinas",3,3,0,0,0,0,0,,"Calle",,"VENADO TUERTO","General López","Asfalto","No existe","VIII","Dentro","Urbana","Ninguna","No existe","Recta","Bueno","S/D","Diurna","S/D","Contra objeto fijo","S/D","Colisión","Ninguna","Faltante","Ninguna","Sin restricción"
2017,9400,11/20/2017,"Lunes",0,19:35:00,"Ruta Provincial 1","7.0",2,"Moto/Ciclomotor,Pickup/Utilitario"," ",2,1,0,0,1,0,0,,"Ruta",1,"RINCÓN POTRERO","La Capital","Asfalto","Natural","I","S/D","Urbana","Ninguna","No existe","Recta","Bueno","Buena","Atardecer","Buen Tiempo","De alcance","S/D","Colisión","S/D","Horizontal","Línea divisoria pintada","Sin restricción"
2017,9401,11/22/2017,"Miercoles",0,19:00:00,,"0.0",2,"Automóvil,Moto/Ciclomotor","San Jose Y Azcuenaga",2,1,0,0,1,0,0,,"Calle",,"SANTA FE","La Capital","Hormigón,Ripio","No existe","I","Dentro","Urbana","Ninguna","No existe","Intersección","Deteriorada","Buena","Nocturna,Con luz artificial","Buen Tiempo","Lateral","S/D","Colisión","Material Suelto","Faltante","Ninguna","S/D"
2017,9402,11/18/2017,"Sabado",0,19:20:00,,"0.0",2,"Automóvil,Moto/Ciclomotor","Av Facundo Zuviria Y Reg 12 de Infanteria",2,1,0,0,1,0,0,,"Avenida",,"SANTA FE","La Capital","Asfalto","No existe","I","Dentro","Urbana","Ninguna","No existe","Intersección","Bueno","Buena","Atardecer,Con luz artificial","Buen Tiempo","Lateral","S/D","Colisión","S/D","Faltante","S/D","S/D"
2017,9403,11/15/2017,"Miercoles",0,1:00:00,,"0.0",2,"Automóvil,Moto/Ciclomotor","Gorriti 5100",2,1,0,0,1,0,0,,"Calle",,"SANTA FE","La Capital","Asfalto","No existe","I","Dentro","Urbana","Ninguna","No existe","Recta","Bueno","Reducida","Nocturna","Buen Tiempo","De alcance","S/D","Colisión","Ninguna","Faltante","Ninguna","Sin restricción"
2017,9404,11/4/2017,"Sabado",0,20:30:00,,"0.0",2,"Bicicleta,Pickup/Utilitario","Gral Mitre Y Laprida",2,0,1,0,1,0,0,,"Calle",,"LLAMBI CAMPBELL","La Capital","Hormigón","No existe","I","S/D","Urbana","Ninguna","No existe","Intersección","Bueno","Buena","Diurna","Buen Tiempo","S/D","Ciclista","Atropello","Ninguna","Faltante","Ninguna","Sin restricción"
2017,9405,11/28/2017,"Martes",0,9:40:00,"Ruta Provincial 1","7.0",2,"Moto/Ciclomotor,Automóvil"," ",2,1,0,0,1,0,0,,"Ruta",1,"RINCÓN POTRERO","La Capital","Asfalto","Natural","I","Dentro","Urbana","Ninguna","No existe","Intersección","Bueno","Buena","Diurna","Buen Tiempo","Lateral","S/D","Colisión","Ninguna","Faltante","Línea divisoria pintada","Sin restricción"