"anio_acci","nro_acci","fecha","desc_dia","fecha_aprox","hora_aprox","desc_ruta","km","cant_participantes","desc_participante","calle_avenida_km","total","heridos_leves","heridos_graves","heridos_gravisimos","ilesos","fallecidos","sin_datos","posicion_XY","desc_tipo_via","desc_ruta_ori","desc_loc","desc_dpto","desc_tipo_calzada","desc_tipo_banquina","desc_unidad_regional","desc_lugar_calzada","desc_zona","desc_prioridad","desc_estado_semaforo","desc_lugar_via","desc_estado_via","desc_estado_visibilidad","desc_luminosidad","desc_estado_clima","desc_tipo_colision","desc_tipo_atropello","desc_tipo_hecho","desc_pres_calzada","desc_senializacion","desc_separacion_via","desc_restriccion"
2017,9406,11/4/2017,"Sabado",0,10:00:00,"Ruta Provincial 6","77.0",1,"Automóvil"," ",2,2,0,0,0,0,0,,"Ruta",6,"NELSON","La Capital","Asfalto","Natural","I","S/D","Rural","Ninguna","No existe","Recta","Bueno","Buena","Diurna","Buen Tiempo","Contra objeto fijo","S/D","Colisión","Ninguna","Vertical","Ninguna","Sin restricción"
2017,9407,11/15/2017,"Miercoles",0,14:00:00,,"0.0",1,"Moto/Ciclomotor","Misiones 6200",1,0,1,0,0,0,0,,"Calle",,"SANTA FE","La Capital","Asfalto","Pavimento","I","Dentro","Urbana","Ninguna","No existe","Recta","Bueno","Buena","Diurna","Buen Tiempo","S/D","S/D","Caída ocupante","Ninguna","Vertical","Ninguna","Sin restricción"
2017,9408,11/1/2017,"Miercoles",0,11:00:00,,"0.0",2,"Moto/Ciclomotor,Moto/Ciclomotor","Belgrano Y Larrea",2,2,0,0,0,0,0,,"Calle",,"SANTA FE","La Capital","Asfalto","Pavimento","I","Dentro","Urbana","Ninguna","No existe","Intersección","Otro","Reducida","Diurna","Otro","Otro","S/D","Colisión","Ninguna","Faltante","Ninguna","Sin restricción"
2017,9409,11/1/2017,"Miercoles",0,13:10:00,,"0.0",2,"Automóvil,Moto/Ciclomotor","Av Peñaloza Y Callejon Aguirre",2,1,0,0,1,0,0,,"Calle",,"SANTA FE","La Capital","S/D","No existe","I","S/D","Urbana","S/D","S/D","S/D","S/D","S/D","Diurna","S/D","S/D","S/D","Colisión","S/D","S/D","S/D","S/D"
2017,9410,7/30/2017,"Domingo",0,16:40:00,,"0.0",2,"Moto/Ciclomotor,Automóvil","Ovidio Lagos Y Bv. Lopez",2,1,0,0,1,0,0,,"Calle",,"CAÑADA DE GÓMEZ","Iriondo","S/D","S/D","X","Dentro","Urbana","S/D","S/D","Intersección","S/D","S/D","Diurna","S/D","S/D","S/D","Colisión","S/D","S/D","S/D","S/D"
2017,9411,11/12/2017,"Domingo",0,6:30:00,"Ruta Provincial 2","13.0",1,"Automóvil","Ruta pcial 2 Av San Martin ",1,1,0,0,0,0,0,,"Ruta",2,"MONTE VERA","La Capital","Hormigón","No existe","I","Fuera","Rural","Ninguna","No existe","Recta","Bueno","Buena","Amanecer,Con luz artificial","Buen Tiempo","S/D","S/D","Despiste","Ninguna","Faltante","Línea divisoria pintada","Sin restricción"
2017,9412,7/29/2017,"Sabado",0,21:00:00,,"0.0",1,"Automóvil","CURVA ACCESO COLECTORA ",1,1,0,0,0,0,0,,"S/D",,"CAÑADA DE GÓMEZ","Iriondo","S/D","S/D","X","Dentro","S/D","S/D","S/D","Curva","S/D","S/D","Nocturna","S/D","S/D","S/D","Vuelco","S/D","S/D","S/D","S/D"
2017,9413,7/28/2017,"Viernes",0,,"Autopista Nacional Gral. Juan Jose Valle","254.0",1,"Automóvil"," ",5,5,0,0,0,0,0,,"Autopista","Gral. Juan Jose Valle","PAVÓN","Constitución","Asfalto","S/D","VI","Dentro","Rural","S/D","S/D","Recta","S/D","S/D","S/D","S/D","S/D","S/D","Vuelco","S/D","S/D","S/D","S/D"
2017,9414,7/28/2017,"Viernes",0,,"Ruta Nacional 11","0.0",2,"Moto/Ciclomotor,Camión c / Acoplado","Calle 11-Alvear ",2,1,0,0,1,0,0,,"Ruta",11,"RECONQUISTA","General Obligado","Asfalto","No existe","IX","Dentro","Urbana","Ninguna","No existe","Intersección","Bueno","S/D","S/D","S/D","S/D","S/D","Colisión","Ninguna","Horizontal","Ninguna","Sin restricción"
2017,9415,8/1/2017,"Martes",0,,,"0.0",2,"Automóvil,Moto/Ciclomotor","Amenabar Y Sarmiento",2,1,0,0,1,0,0,,"Calle",,"ROSARIO","Rosario","Asfalto","No existe","II","Dentro","Urbana","Ninguna","No existe","Intersección","Bueno","S/D","S/D","S/D","S/D","S/D","Colisión","Ninguna","Faltante","Ninguna","Sin restricción"
2017,9416,8/2/2017,"Miercoles",0,8:00:00,,"0.0",2,"Automóvil,Moto/Ciclomotor","AV CASEROS  Y ING VENESIA",2,1,0,0,1,0,0,,"Calle",,"ROSARIO","Rosario","Asfalto","No existe","II","Dentro","Urbana","Semáforo","Funciona","Rotonda","Bueno","S/D","Diurna","S/D","S/D","S/D","Colisión","Ninguna","Horizontal,Vertical","Ninguna","Sin restricción"
2017,9417,11/4/2017,"Sabado",0,17:30:00,,"0.0",2,"Moto/Ciclomotor,Moto/Ciclomotor","Roullon Y Viamonte",3,0,1,0,0,2,0,"-32.956617, -60.701596","Calle",,"ROSARIO","Rosario","S/D","S/D","II","S/D","S/D","S/D","S/D","S/D","S/D","S/D","Diurna","S/D","S/D","S/D","Colisión","S/D","S/D","S/D","S/D"
2017,9418,11/18/2017,"Sabado",0,13:00:00,"Ruta Nacional 11","0.0",2,"Automóvil,Moto/Ciclomotor","Av Blas Parera Y Misiones",3,2,0,0,1,0,0,,"Ruta",11,"SANTA FE","La Capital","Asfalto","No existe","I","Dentro","Urbana","Semáforo","Funciona","Intersección","Bueno","Buena","Diurna","Buen Tiempo","De alcance","S/D","Colisión","Ninguna","Vertical","Línea divisoria pintada","Sin restricción"
2017,9419,11/5/2017,"Domingo",0,19:00:00,,"0.0",2,"Automóvil,Moto/Ciclomotor","Teniente Loza 7100",3,2,0,0,1,0,0,,"Calle",,"SANTA FE","La Capital","Asfalto","No existe","I","Dentro","Urbana","Ninguna","No existe","Recta","Bueno","Buena","Diurna","Buen Tiempo","Lateral","S/D","Colisión","Ninguna","Faltante","Línea divisoria pintada","Sin restricción"
2017,9420,11/19/2017,"Domingo",0,18:30:00,,"0.0",2,"Moto/Ciclomotor,Automóvil","Roverano Y Juan Jose Paso",3,1,0,0,1,0,1,,"Calle",,"SANTO TOMÉ","La Capital","Ripio","No existe","I","Fuera","Urbana","Ninguna","No existe","Intersección","Bueno","Buena","Diurna","S/D","S/D","S/D","Colisión","Ninguna","Faltante","Ninguna","Sin restricción"
2017,9421,11/6/2017,"Lunes",0,13:30:00,,"0.0",2,"Moto/Ciclomotor,Automóvil","Teniente Loza ",2,1,0,0,1,0,0,,"Avenida",,"SANTA FE","La Capital","Asfalto","Natural","I","Dentro","Urbana","Ninguna","No existe","Intersección","Bueno","Buena","Diurna","Buen Tiempo","S/D","S/D","Colisión","Ninguna","Vertical","Guardarrail","Sin restricción"
2017,9422,11/17/2017,"Viernes",0,,"Ruta Nacional 11","0.0",2,"Automóvil,Moto/Ciclomotor","Maletti Y Ruta 11 Avenida Richieri",2,1,0,0,1,0,0,,"Ruta",11,"SANTO TOMÉ","La Capital","Asfalto","No existe","I","Dentro","Urbana","Policía de tránsito","No existe","Intersección","Bueno","Buena","Diurna","Buen Tiempo","Lateral","S/D","Colisión","Ninguna","Faltante","Ninguna","Sin restricción"
2017,9423,11/6/2017,"Lunes",0,20:00:00,,"0.0",2,"Automóvil,Moto/Ciclomotor","Jose Ignacio Gorriti 4400",2,1,0,0,0,0,1,,"Avenida",,"SANTA FE","La Capital","Hormigón","No existe","I","S/D","Urbana","Ninguna","No existe","Recta","S/D","S/D","Nocturna","S/D","S/D","S/D","Colisión","S/D","Faltante","Cordón divisorio","S/D"
2017,9424,11/4/2017,"Sabado",0,6:00:00,"Ruta Provincial 2","0.0",3,"Automóvil,Automóvil,Pickup/Utilitario"," ",5,3,0,0,2,0,0,,"Ruta",2,"MONTE VERA","La Capital","Hormigón","Pavimento","I","Dentro","Rural","Ninguna","No existe","Cruce","Bueno","Buena","Amanecer","Buen Tiempo","De alcance","S/D","Colisión","Ninguna","S/D","S/D","Sin restricción"
2017,9425,11/19/2017,"Domingo",0,16:25:00,,"0.0",2,"Automóvil,Moto/Ciclomotor","Jose Ignacio Gorriti 4400",5,4,0,0,1,0,0,,"Avenida",,"SANTA FE","La Capital","Hormigón","No existe","I","S/D","Urbana","Ninguna","No existe","Intersección","Deteriorada","S/D","Diurna","S/D","Contra objeto fijo","S/D","Colisión","S/D","Faltante","Cordón divisorio","S/D"
2017,9426,11/2/2017,"Jueves",0,19:00:00,,"0.0",1,"Automóvil","Alberti Y Belgrano",2,2,0,0,0,0,0,,"Calle",,"SANTA FE","La Capital","Asfalto","No existe","I","Dentro","Urbana","Ninguna","No existe","Intersección","Deteriorada","Reducida","Atardecer,Con luz artificial","Otro","Otro","S/D","Colisión","Otro","Faltante","Ninguna","Sin restricción"
2017,9427,11/28/2017,"Martes",0,13:00:00,"Ruta Nacional 11","0.0",2,"Moto/Ciclomotor,Moto/Ciclomotor","Ruta 11 Avenida Richieri Y Fidela Valdez",3,3,0,0,0,0,0,,"Ruta",11,"SANTO TOMÉ","La Capital","Asfalto","No existe","I","Dentro","Urbana","Ninguna","No existe","Curva","Con baches","Buena","Diurna","S/D","Lateral","S/D","Colisión","Ninguna","S/D","Ninguna","Sin restricción"
2017,9428,11/8/2017,"Miercoles",0,21:00:00,"Ruta Provincial 2","12.5",2,"Automóvil,Moto/Ciclomotor"," ",2,1,0,0,1,0,0,,"Ruta",2,"MONTE VERA","La Capital","Hormigón,Ripio","Ripio","I","Dentro","Rural","Ninguna","No existe","Intersección","Bueno","Buena","Nocturna,Con luz artificial","Buen Tiempo","Lateral","S/D","Colisión","Ninguna","Faltante","Línea divisoria pintada","Sin restricción"
2017,9429,11/6/2017,"Lunes",0,20:00:00,,"0.0",2,"Moto/Ciclomotor,Automóvil","Alberti Y Pavon",3,3,0,0,0,0,0,,"Calle",,"SANTA FE","La Capital","Ripio","No existe","I","Dentro","Urbana","Ninguna","No existe","Intersección","Deteriorada","S/D","Nocturna","Otro","Otro","S/D","Colisión","S/D","Faltante","Ninguna","Sin restricción"
2017,9430,11/7/2017,"Martes",0,12:30:00,,"0.0",2,"Moto/Ciclomotor,Moto/Ciclomotor","Pavon Y Larrea",3,3,0,0,0,0,0,,"Calle",,"SANTA FE","La Capital","Asfalto","No existe","I","S/D","Urbana","Ninguna","No existe","Intersección","Otro","Reducida","Nocturna,Con luz artificial","Otro","Otro","S/D","Colisión","Ninguna","Faltante","Ninguna","Sin restricción"
2017,9431,11/16/2017,"Jueves",0,18:50:00,"Autopista Nacional A007","0.0",2,"Moto/Ciclomotor,Transporte de Pasajeros Urbano (> 8 asientos)","4 de Enero ",2,1,0,0,1,0,0,,"Autopista","A007","SANTA FE","La Capital","Asfalto","Natural","I","Dentro","Urbana","Ninguna","No existe","Distribuidor","Bueno","Buena","Diurna","Buen Tiempo","Lateral","S/D","Colisión","Ninguna","S/D","Línea divisoria pintada","Sin restricción"
2017,9432,11/3/2017,"Viernes",0,12:00:00,,"0.0",2,"Automóvil,Moto/Ciclomotor","Piedras 7500",3,3,0,0,0,0,0,,"Calle",,"SANTA FE","La Capital","Asfalto","No existe","I","Dentro","Urbana","Ninguna","No existe","Intersección","Deteriorada","Buena","Diurna","Buen Tiempo","S/D","S/D","Colisión","Ninguna","Faltante","Ninguna","Sin restricción"
2017,9433,11/18/2017,"Sabado",0,21:30:00,,"0.0",2,"Moto/Ciclomotor,Moto/Ciclomotor","AV A DEL VALLE 11000",3,3,0,0,0,0,0,,"Avenida",,"ANGEL GALLARDO","La Capital","Hormigón","Natural","I","Dentro","Rural","Ninguna","No existe","Recta","Bueno","Buena","Nocturna,Con luz artificial","Buen Tiempo","De alcance","S/D","Colisión","Ninguna","S/D","S/D","Sin restricción"
2017,9434,11/7/2017,"Martes",0,17:00:00,,"0.0",2,"Moto/Ciclomotor,Automóvil","Av Gral Paz 7500",2,2,0,0,0,0,0,,"Calle",,"SANTA FE","La Capital","Asfalto","No existe","I","S/D","Urbana","Semáforo","Funciona","Intersección","Deteriorada","Reducida","Diurna","Otro","S/D","S/D","Colisión","Otro","Vertical","Ninguna","Sin restricción"
2017,9435,11/27/2017,"Lunes",0,19:10:00,"Ruta Provincial 2","0.0",1,"Moto/Ciclomotor","Ruta pcial 2 Av San Martin Y Buenos Aires",1,1,0,0,0,0,0,,"Ruta",2,"MONTE VERA","La Capital","Hormigón","Natural","I","Dentro","Urbana","Ninguna","No existe","Intersección","Bueno","Buena","Atardecer","Buen Tiempo","S/D","S/D","Caída ocupante","Ninguna","Faltante","Línea divisoria pintada","Sin restricción"
2017,9436,11/13/2017,"Lunes",0,11:20:00,,"0.0",2,"Moto/Ciclomotor,Automóvil","3 de febrero Y Obispo Gelabert",2,1,0,0,1,0,0,,"Calle",,"SANTO TOMÉ","La Capital","Asfalto","S/D","I","Dentro","Urbana","Ninguna","No existe","Intersección","Bueno","Buena","Diurna","Buen Tiempo","Lateral","S/D","Colisión","Ninguna","Faltante","Ninguna","Sin restricción"
2017,9437,11/21/2017,"Martes",0,9:35:00,,"0.0",2,"Camión Chasis,Moto/Ciclomotor","ÑANDUBAY Y LAS TALAS",2,1,0,0,1,0,0,,"Calle",,"COLASTINE","La Capital","S/D","S/D","I","Dentro","Urbana","S/D","S/D","Recta","S/D","S/D","Diurna","S/D","S/D","S/D","Colisión","S/D","S/D","S/D","S/D"
2017,9438,11/12/2017,"Domingo",0,16:00:00,,"0.0",2,"Moto/Ciclomotor,Automóvil","Roverano Y Juan Jose Paso",4,3,0,0,1,0,0,,"Calle",,"SANTO TOMÉ","La Capital","Tierra","No existe","I","Fuera","Urbana","Ninguna","No existe","Intersección","Bueno","Buena","Diurna","Buen Tiempo","Otro","S/D","Colisión","Ninguna","Faltante","Ninguna","Sin restricción"
2017,9439,11/12/2017,"Domingo",0,21:00:00,"Ruta Provincial 1","2.0",2,"Pickup/Utilitario,Moto/Ciclomotor"," ",2,1,0,0,1,0,0,,"Ruta",1,"COLASTINE","La Capital","Asfalto","Ripio","I","Dentro","Urbana","Semáforo","Funciona","Recta","Bueno","Buena","Nocturna","Buen Tiempo","Lateral","S/D","Colisión","Ninguna","Horizontal,Vertical","Línea divisoria pintada","Sin restricción"
2017,9440,11/17/2017,"Viernes",0,23:40:00,"Ruta Nacional 11","0.0",2,"Automóvil,Moto/Ciclomotor"," ",3,2,0,0,1,0,0,,"Ruta",11,"SANTA FE","La Capital","Asfalto","S/D","I","Dentro","Urbana","Ninguna","S/D","Recta","S/D","S/D","S/D","Buen Tiempo","Lateral","S/D","Colisión","S/D","S/D","Ninguna","Accidente Previo"
2017,9441,11/1/2017,"Miercoles",0,15:40:00,"Ruta Nacional 168","0.0",2,"Moto/Ciclomotor,Moto/Ciclomotor"," ",2,1,0,0,1,0,0,,"Ruta",168,"COLASTINE","La Capital","Asfalto","Natural","I","Dentro","Urbana","Ninguna","S/D","Recta","Bueno","Buena","Diurna","Buen Tiempo","Lateral","S/D","Colisión","Ninguna","Horizontal","Línea divisoria pintada","Sin restricción"
2017,9442,11/16/2017,"Jueves",0,18:00:00,"Ruta Provincial 1","2.0",2,"Otros,Moto/Ciclomotor"," ",2,1,0,0,1,0,0,,"Ruta",1,"COLASTINE","La Capital","Asfalto","Natural","I","S/D","Urbana","Ninguna","S/D","Recta","Bueno","Buena","Diurna","Buen Tiempo","Lateral","S/D","Colisión","Ninguna","Horizontal","Línea divisoria pintada","Sin restricción"
2017,9443,11/12/2017,"Domingo",0,19:10:00,"Ruta Nacional 11","0.0",2,"Automóvil,Automóvil","Ruta Nac 11 Y Aromos",6,1,0,0,5,0,0,,"Ruta",11,"SAUCE VIEJO","La Capital","Asfalto","Ripio","I","Dentro","Urbana","S/D","S/D","S/D","Bueno","Buena","Diurna","S/D","Lateral","S/D","Colisión","S/D","S/D","S/D","S/D"
2017,9444,11/1/2017,"Miercoles",1,,,"0.0",2,"Automóvil,Moto/Ciclomotor"," ",3,1,1,0,1,0,0,,"S/D",,"SANTO TOMÉ","La Capital","S/D","S/D","I","S/D","S/D","S/D","S/D","S/D","S/D","S/D","S/D","S/D","S/D","S/D","Colisión","S/D","S/D","S/D","S/D"
2017,9445,11/1/2017,"Miercoles",1,,,"0.0",2,"Automóvil,Moto/Ciclomotor"," ",2,1,0,0,1,0,0,,"S/D",,"SANTO TOMÉ","La Capital","S/D","S/D","I","S/D","S/D","S/D","S/D","S/D","S/D","S/D","S/D","S/D","S/D","S/D","Colisión","S/D","S/D","S/D","S/D"
2017,9446,11/1/2017,"Miercoles",1,,,"0.0",2,"Moto/Ciclomotor,Taxi/Remis"," ",3,2,0,0,1,0,0,,"S/D",,"SANTO TOMÉ","La Capital","S/D","S/D","I","S/D","S/D","S/D","S/D","S/D","S/D","S/D","S/D","S/D","S/D","S/D","Colisión","S/D","S/D","S/D","S/D"
2017,9447,11/20/2017,"Lunes",0,13:55:00,,"0.0",2,"Automóvil,Moto/Ciclomotor","Suecia Y Alemania",2,0,1,0,1,0,0,,"Calle",,"SAUCE VIEJO","La Capital","Ripio","No existe","I","Dentro","Urbana","Ninguna","No existe","Intersección","Bueno","Buena","Diurna","Buen Tiempo","Lateral","S/D","Colisión","Ninguna","Faltante","Ninguna","Sin restricción"
2017,9448,11/26/2017,"Domingo",0,19:40:00,"Ruta Nacional 11","0.0",2,"Automóvil,Bicicleta","Ruta 11 Avenida Richieri Y 13 de diciembre",2,1,0,0,0,0,1,,"Ruta",11,"SANTO TOMÉ","La Capital","Asfalto","Natural","I","S/D","Urbana","Ninguna","Funciona","Recta","Bueno","Buena","Diurna","Buen Tiempo","S/D","Ciclista","Atropello","Ninguna","Horizontal,Vertical","Línea divisoria pintada","Sin restricción"
2017,9449,11/23/2017,"Jueves",0,11:30:00,,"0.0",2,"Moto/Ciclomotor,Automóvil","Bernardino Rivadavia Y Las Heras",2,1,0,0,1,0,0,,"Calle",,"SAUCE VIEJO","La Capital","Asfalto","S/D","I","Dentro","Urbana","Ninguna","S/D","Intersección","S/D","Buena","Diurna","Buen Tiempo","Lateral","S/D","Colisión","S/D","S/D","S/D","Sin restricción"
2017,9450,11/5/2017,"Domingo",0,9:45:00,"Ruta Nacional 11","0.0",2,"Moto/Ciclomotor,Pickup/Utilitario","Avenida Nuestra Señora del Luj ",2,1,0,0,0,0,1,,"Ruta",11,"SANTO TOMÉ","La Capital","Asfalto","Natural","I","Dentro","Urbana","Ninguna","No existe","Intersección","Bueno","Buena","Diurna","Buen Tiempo","Lateral","S/D","Colisión","Ninguna","Faltante","Ninguna","Sin restricción"
2017,9451,11/21/2017,"Martes",0,8:00:00,"Autopista Provincial Brigadier E.López","0.0",2,"Automóvil,Camión Chasis"," ",4,0,1,0,3,0,0,,"Autopista","Brigadier E.López","SANTA FE","La Capital","Asfalto","Natural","I","Dentro","Urbana","Ninguna","No existe","Cruce","Bueno","Buena","Diurna","Buen Tiempo","Lateral","S/D","Colisión","Ninguna","Horizontal","Línea divisoria pintada","Sin restricción"
2017,9452,8/17/2017,"Jueves",0,12:50:00,,"0.0",2,"Bicicleta,Automóvil","El Jilguero ",2,1,0,0,1,0,0,,"Calle",,"PEREZ","Rosario","Asfalto","No existe","II","Dentro","Urbana","Ninguna","No existe","Paso a Nivel FFCC","Bueno","Buena","Diurna","Buen Tiempo","S/D","Ciclista","Atropello","Ninguna","Faltante","Ninguna","Sin restricción"
2017,9453,8/2/2017,"Miercoles",0,10:40:00,"Ruta Nacional 33","0.0",2,"Camión c / Acoplado,Camión c / Acoplado"," ",2,1,0,0,1,0,0,,"Ruta",33,"ZAVALLA","Rosario","Asfalto","Ripio","II","Dentro","Rural","Marca Vial","No existe","Curva","Bueno","Buena","Diurna","Buen Tiempo","De alcance","S/D","Colisión","Ninguna","Vertical","Guardarrail","Sin restricción"
2017,9454,8/2/2017,"Miercoles",0,17:45:00,"Ruta Nacional 33","847.0",2,"Automóvil,Pickup/Utilitario"," ",3,2,0,0,1,0,0,,"Ruta",33,"PEREZ","Rosario","Asfalto","Natural","II","Dentro","Urbana","Marca Vial","No existe","Recta","Bueno","Buena","Diurna","Buen Tiempo","De alcance","S/D","Colisión","Ninguna","Horizontal","Línea divisoria pintada","Sin restricción"
2017,9455,11/11/2017,"Sabado",0,23:00:00,,"0.0",2,"Peatón,Moto/Ciclomotor","Gral. Lopez Y Florida",4,0,1,0,3,0,0,,"Calle",,"FIRMAT","General López","Tierra","No existe","VIII","Dentro","Urbana","Ninguna","No existe","Recta","Resbaladiza","Reducida","Nocturna","Buen Tiempo","S/D","Peatón","Atropello","Material Suelto","Faltante","Ninguna","Sin restricción"
2017,9456,11/4/2017,"Sabado",0,21:00:00,,"0.0",1,"Moto/Ciclomotor","Italia Y Ovidio Lagos",1,1,0,0,0,0,0,,"Calle",,"FIRMAT","General López","Asfalto","No existe","VIII","Dentro","Urbana","Ninguna","No existe","Intersección","Resbaladiza","Reducida polvo","Nocturna","Buen Tiempo","Frontal","S/D","Colisión","Material Suelto","Faltante","Ninguna","Sin restricción"
2017,9457,11/4/2017,"Sabado",0,0:10:00,,"0.0",3,"Bicicleta,Moto/Ciclomotor,Automóvil","Boulevard Solis Y Libertad",3,1,0,0,2,0,0,,"Calle",,"FIRMAT","General López","Asfalto","No existe","VIII","Dentro","Urbana","Ninguna","No existe","Intersección","Bueno","Buena","Nocturna","Buen Tiempo","S/D","Ciclista","Atropello","Ninguna","Faltante","Ninguna","Sin restricción"
2017,9458,11/10/2017,"Viernes",0,,"Ruta Nacional 11","0.0",2,"Moto/Ciclomotor,Moto/Ciclomotor","Ruta Nacional 11 Y Ruta 40",2,1,0,0,1,0,0,,"Ruta",11,"RECONQUISTA","General Obligado","Asfalto","S/D","IX","Dentro","Urbana","S/D","No existe","Recta","Bueno","Buena","Diurna","S/D","S/D","S/D","S/D","Ninguna","Horizontal","S/D","S/D"
2017,9459,11/17/2017,"Viernes",0,13:45:00,,"0.0",2,"Automóvil,Bicicleta","Calle 6-Ituzaingo Y Calle 31-Newbery",2,0,1,0,1,0,0,"-29.153638888889,-59.639972222222","Calle",,"RECONQUISTA","General Obligado","Asfalto","No existe","IX","Dentro","Urbana","Ninguna","No existe","Intersección","Bueno","Buena","Diurna","Buen Tiempo","S/D","Ciclista","Atropello","Ninguna","Horizontal","Ninguna","Sin restricción"
2017,9460,11/3/2017,"Viernes",0,17:55:00,,"0.0",2,"Automóvil,Moto/Ciclomotor","Calle 25-Rivadavia Y Calle 16 Gral Obligado",4,3,0,0,0,0,1,"-29.14975,-59.645666666667","Calle",,"RECONQUISTA","General Obligado","Asfalto","No existe","IX","S/D","Urbana","Ninguna","No existe","Intersección","Bueno","Buena","Diurna","Buen Tiempo","Lateral","S/D","Colisión","Ninguna","Faltante","Ninguna","Sin restricción"
2017,9461,12/2/2017,"Sabado",0,,,"0.0",2,"Moto/Ciclomotor,Automóvil","Calle 25 - Pietropaolo ",3,2,0,0,1,0,0,,"Calle",,"RECONQUISTA","General Obligado","Asfalto","No existe","IX","Dentro","Urbana","Semáforo","Funciona","Intersección","Bueno","Buena","Diurna","Buen Tiempo","De alcance","S/D","Colisión","Ninguna","Horizontal,Vertical","Barrera de hormigón","Sin restricción"
2017,9462,11/13/2017,"Lunes",0,10:30:00,,"0.0",2,"Bicicleta,Bicicleta","Calle 17-Bartolome Mitre Y Calle 12 San Martin",2,0,1,0,0,0,1,"-29.145694444444,-59.642611111111","Calle",,"RECONQUISTA","General Obligado","Asfalto","No existe","IX","S/D","Urbana","Ninguna","No existe","Intersección","Bueno","Buena","Diurna","Buen Tiempo","Lateral","Ciclista","Atropello","Ninguna","S/D","Ninguna","Sin restricción"
2017,9463,11/22/2017,"Miercoles",0,17:45:00,,"0.0",2,"Pickup/Utilitario,Moto/Ciclomotor","Calle 25 - Pietropaolo Y Calle 68-Armada Argentina",3,1,0,0,2,0,0,"-29.146944444444,-59.675694444444","Calle",,"RECONQUISTA","General Obligado","Tierra","Natural","IX","S/D","Urbana","Ninguna","No existe","Intersección","Bueno","Buena","Diurna","Buen Tiempo","Lateral","S/D","Colisión","Ninguna","Vertical","Vegetación","Sin restricción"
2017,9464,12/7/2017,"Jueves",0,18:20:00,,"0.0",2,"Moto/Ciclomotor,Automóvil","Calle 31-Newbery Y Calle 50",2,1,0,0,1,0,0,,"Calle",,"RECONQUISTA","General Obligado","Tierra","No existe","IX","S/D","Urbana","Ninguna","No existe","Intersección","Con baches","Buena","Atardecer","Buen Tiempo","De alcance","S/D","Colisión","Ninguna","Horizontal","Cordón divisorio,Vegetación","Sin restricción"
2017,9465,11/9/2017,"Jueves",0,15:55:00,,"0.0",2,"Moto/Ciclomotor,Transporte de Pasajeros Urbano (> 8 asientos)","Calle 13-Iturraspe Y Calle 18 - Gral Belgrano",2,1,0,0,1,0,0,"-29.143111111111,-59.646","Calle",,"RECONQUISTA","General Obligado","Asfalto","No existe","IX","S/D","Urbana","Ninguna","No existe","Intersección","Bueno","Buena","Diurna","Buen Tiempo","De alcance","S/D","Colisión","Ninguna","Faltante","Ninguna","Sin restricción"
2017,9466,12/12/2017,"Martes",0,12:30:00,,"0.0",2,"Automóvil,Moto/Ciclomotor","Calle 16 Gral Obligado Y Calle 29-Alte Brown",2,1,0,0,1,0,0,"-29.151888888889,-59.645972222222","Calle",,"RECONQUISTA","General Obligado","Asfalto","S/D","IX","S/D","Urbana","Ninguna","S/D","Intersección","Bueno","S/D","S/D","Buen Tiempo","De alcance","S/D","Colisión","Ninguna","Vertical","Cordón divisorio","Sin restricción"
2017,9467,11/4/2017,"Sabado",0,21:30:00,,"0.0",2,"Pickup/Utilitario,Bicicleta","Calle 126 Y Calle 121",3,2,0,0,1,0,0,"-29.120361111111,-59.681888888889","Calle",,"AVELLANEDA","General Obligado","Tierra","Natural","IX","S/D","Urbana","S/D","No existe","Intersección","S/D","S/D","Nocturna","S/D","S/D","Ciclista","Atropello","S/D","S/D","S/D","S/D"
2017,9468,8/3/2017,"Jueves",0,10:30:00,"Ruta Nacional 33","0.0",2,"Peatón,Camión Chasis","Ruta Nac 33 Y Av 9 de Julio",2,1,0,0,1,0,0,,"Ruta",33,"PEREZ","Rosario","Asfalto","Natural","II","Dentro","Urbana","Semáforo","Funciona","Recta","Bueno","Buena","Diurna","Buen Tiempo","S/D","Peatón","Atropello","Ninguna","Horizontal,Vertical","Línea divisoria pintada","Sin restricción"
2017,9469,8/9/2017,"Miercoles",0,18:30:00,,"0.0",2,"Moto/Ciclomotor,Taxi/Remis","Necochea Y Biedma",2,1,0,0,1,0,0,,"Calle",,"ROSARIO","Rosario","Asfalto","No existe","II","Dentro","Urbana","Marca Vial","No existe","Intersección","Bueno","Buena","Atardecer","Buen Tiempo","Lateral","S/D","Colisión","Ninguna","Vertical","Línea divisoria pintada","Sin restricción"
2017,9470,8/25/2017,"Viernes",0,9:00:00,,"0.0",2,"Moto/Ciclomotor,Automóvil","Amenabar Y Balcarce",3,1,0,0,2,0,0,,"Calle",,"ROSARIO","Rosario","Asfalto","No existe","II","Dentro","Urbana","Ninguna","No existe","Intersección","Bueno","Buena","Diurna","Lluvia","Lateral","S/D","Colisión","Agua","Faltante","Ninguna","Sin restricción"