"anio_acci","nro_acci","fecha","desc_dia","fecha_aprox","hora_aprox","desc_ruta","km","cant_participantes","desc_participante","calle_avenida_km","total","heridos_leves","heridos_graves","heridos_gravisimos","ilesos","fallecidos","sin_datos","posicion_XY","desc_tipo_via","desc_ruta_ori","desc_loc","desc_dpto","desc_tipo_calzada","desc_tipo_banquina","desc_unidad_regional","desc_lugar_calzada","desc_zona","desc_prioridad","desc_estado_semaforo","desc_lugar_via","desc_estado_via","desc_estado_visibilidad","desc_luminosidad","desc_estado_clima","desc_tipo_colision","desc_tipo_atropello","desc_tipo_hecho","desc_pres_calzada","desc_senializacion","desc_separacion_via","desc_restriccion"
2017,9471,8/19/2017,"Sabado",0,3:45:00,,"0.0",2,"Moto/Ciclomotor,Automóvil","Pje. Hipocrates Y J.M.Gutierrez",2,1,0,0,1,0,0,,"Calle",,"ROSARIO","Rosario","Asfalto","No existe","II","S/D","Urbana","Ninguna","No existe","Intersección","Bueno","Buena","Nocturna","Buen Tiempo","Lateral","S/D","Colisión","Ninguna","Faltante","Ninguna","Sin restricción"
2017,9472,8/13/2017,"Domingo",0,16:45:00,,"0.0",2,"Moto/Ciclomotor,Pickup/Utilitario","Ituzaingo Y España",2,1,0,0,1,0,0,,"Calle",,"ROSARIO","Rosario","Asfalto","No existe","II","Dentro","Urbana","Ninguna","No existe","Intersección","Bueno","Buena","Diurna","Buen Tiempo","Lateral","S/D","Colisión","Ninguna","Faltante","Ninguna","Sin restricción"
2017,9473,8/16/2017,"Miercoles",0,11:30:00,,"0.0",2,"Bicicleta,Automóvil","Av. Ovidio Lagos Y Amenabar",2,1,0,0,1,0,0,,"Avenida",,"ROSARIO","Rosario","Asfalto","No existe","II","Dentro","Urbana","Ninguna","No existe","Intersección","Bueno","Buena","Diurna","Buen Tiempo","S/D","Ciclista","Atropello","Ninguna","Faltante","Cordón divisorio","Sin restricción"
2017,9474,8/30/2017,"Miercoles",0,17:20:00,,"0.0",2,"Peatón,Automóvil","Pte.Roca Y 3 De Febrero",2,1,0,0,1,0,0,,"Calle",,"ROSARIO","Rosario","Asfalto","Pavimento","II","Dentro","Urbana","Paso Peatonal","No existe","Recta","Bueno","Buena","Atardecer","Buen Tiempo","S/D","Peatón","Atropello","Ninguna","Horizontal","Línea divisoria pintada","Sin restricción"
2017,9475,8/14/2017,"Lunes",0,9:00:00,,"0.0",2,"Moto/Ciclomotor,Automóvil","Reg.11 de Infanteria Y Av. Bermudez",2,1,0,0,1,0,0,,"S/D",,"ROSARIO","Rosario","Asfalto","No existe","II","S/D","Urbana","Ninguna","No existe","Intersección","Bueno","Buena","Diurna","Buen Tiempo","Lateral","S/D","Colisión","Ninguna","Faltante","Ninguna","Sin restricción"
2017,9476,8/14/2017,"Lunes",0,8:50:00,,"0.0",2,"Moto/Ciclomotor,Automóvil","Reg.11 de Infanteria Y Ayacucho",2,1,0,0,1,0,0,,"Calle",,"ROSARIO","Rosario","Asfalto","No existe","II","S/D","Urbana","Señal Pare","No existe","Intersección","Bueno","S/D","Diurna","Buen Tiempo","Lateral","S/D","Colisión","Ninguna","Horizontal,Vertical","Línea divisoria pintada","Sin restricción"
2017,9477,8/16/2017,"Miercoles",0,14:30:00,,"0.0",2,"Automóvil,Automóvil","Bv. 27 De Febrero Y Av. Ovidio Lagos",4,1,0,0,3,0,0,,"Avenida",,"ROSARIO","Rosario","Asfalto","No existe","II","Dentro","Urbana","Semáforo","Funciona","Intersección","Bueno","S/D","Diurna","Buen Tiempo","De alcance","S/D","Colisión","Ninguna","Horizontal,Vertical","Cordón divisorio","Sin restricción"
2017,9478,8/30/2017,"Miercoles",0,19:30:00,,"0.0",2,"Automóvil,Moto/Ciclomotor","Bv. Oroño Y 3 De Febrero",2,1,0,0,1,0,0,,"Calle",,"ROSARIO","Rosario","Asfalto","Pavimento","II","Dentro","Urbana","Semáforo","Funciona","Recta","Bueno","S/D","Atardecer","Buen Tiempo","S/D","S/D","Colisión","Ninguna","Horizontal","Línea divisoria pintada","Sin restricción"
2017,9479,8/10/2017,"Jueves",0,19:00:00,,"0.0",2,"Moto/Ciclomotor,Automóvil","J.M.Gutierrez ",2,1,0,0,1,0,0,,"Calle",,"ROSARIO","Rosario","Asfalto","Natural","II","S/D","Urbana","Ninguna","No existe","Intersección","Bueno","Buena","Atardecer","Buen Tiempo","Lateral","S/D","Colisión","Ninguna","Faltante","Barrera de hormigón","Sin restricción"
2017,9480,8/18/2017,"Viernes",0,9:20:00,,"0.0",2,"Moto/Ciclomotor,Automóvil","Mitre Y Viamonte",3,2,0,0,1,0,0,,"Calle",,"ROSARIO","Rosario","Asfalto","No existe","II","Dentro","Urbana","Señal Pare","No existe","Intersección","Bueno","Buena","Diurna","Buen Tiempo","Lateral","S/D","Colisión","Ninguna","Vertical","Ninguna","Sin restricción"
2017,9481,8/29/2017,"Martes",0,10:25:00,,"0.0",2,"Moto/Ciclomotor,Moto/Ciclomotor","Gaboto Y Esmeralda",2,1,0,0,1,0,0,,"Calle",,"ROSARIO","Rosario","Asfalto","No existe","II","S/D","Urbana","Ninguna","No existe","Intersección","Bueno","Buena","Diurna","Buen Tiempo","De alcance","S/D","Colisión","Ninguna","Faltante","Ninguna","Sin restricción"
2017,9482,8/31/2017,"Jueves",0,21:30:00,,"0.0",2,"Bicicleta,Moto/Ciclomotor","Mariano Moreno Y San Lorenzo",2,1,0,0,1,0,0,,"Calle",,"ROSARIO","Rosario","Asfalto","Pavimento","II","Dentro","Urbana","Semáforo","No existe","Recta","Bueno","Buena","Diurna","Buen Tiempo","S/D","Ciclista","Atropello","Ninguna","Horizontal","Línea divisoria pintada","Sin restricción"
2017,9483,8/13/2017,"Domingo",0,17:15:00,,"0.0",2,"Automóvil,Automóvil","Bv. 27 De Febrero Y San Martin",2,1,0,0,1,0,0,,"Avenida",,"ROSARIO","Rosario","Asfalto","No existe","II","Dentro","Urbana","Semáforo","Funciona","Recta","Bueno","Buena","Diurna","Buen Tiempo","De alcance","S/D","Colisión","Ninguna","Horizontal,Vertical","Cordón divisorio","Sin restricción"
2017,9484,8/24/2017,"Jueves",0,11:30:00,,"0.0",2,"Automóvil,Moto/Ciclomotor","Bv. Segui Y Laprida",2,1,0,0,1,0,0,,"Calle",,"ROSARIO","Rosario","Asfalto","No existe","II","S/D","Urbana","Paso Peatonal","No existe","Intersección","Bueno","Buena","Diurna","Buen Tiempo","Lateral","S/D","Colisión","Ninguna","Horizontal","Cordón divisorio,Vegetación","Sin restricción"
2017,9485,8/24/2017,"Jueves",0,7:00:00,,"0.0",2,"Moto/Ciclomotor,Automóvil","Bv. Oroño Y Cochabamba",2,1,0,0,1,0,0,,"Avenida",,"ROSARIO","Rosario","Asfalto","No existe","II","Dentro","Urbana","Señal Ceda el Paso","No existe","Intersección","Bueno","Buena","Diurna","Buen Tiempo","Lateral","S/D","Colisión","Ninguna","Horizontal,Vertical","Cordón divisorio","Sin restricción"
2017,9486,8/20/2017,"Domingo",0,13:40:00,,"0.0",2,"Automóvil,Pickup/Utilitario","Bv. Segui Y Buenos Aires",5,5,0,0,0,0,0,,"Calle",,"ROSARIO","Rosario","Asfalto","No existe","II","S/D","Urbana","Señal Pare","No existe","Intersección","Bueno","Buena","Diurna","Buen Tiempo","Lateral","S/D","Colisión","Ninguna","Vertical","Cordón divisorio,Vegetación","Sin restricción"
2017,9487,8/24/2017,"Jueves",0,10:30:00,,"0.0",2,"Moto/Ciclomotor,Automóvil","Bv. 27 De Febrero Y Av. Corrientes",2,1,0,0,1,0,0,,"Avenida",,"ROSARIO","Rosario","Asfalto","No existe","II","Dentro","Urbana","Semáforo","Funciona","Intersección","Bueno","Buena","Diurna","Buen Tiempo","Lateral","S/D","Colisión","Ninguna","Horizontal,Vertical","Cordón divisorio","Sin restricción"
2017,9488,8/17/2017,"Jueves",0,5:35:00,,"0.0",2,"Automóvil,Taxi/Remis","Ayolas Y Grandoli",2,1,0,0,1,0,0,,"Calle",,"ROSARIO","Rosario","Asfalto","No existe","II","S/D","Urbana","Semáforo","No existe","Recta","Bueno","Buena","Nocturna","Buen Tiempo","De alcance","S/D","Colisión","Ninguna","Horizontal","Ninguna","Sin restricción"
2017,9489,8/17/2017,"Jueves",0,0:00:00,,"0.0",2,"Moto/Ciclomotor,Automóvil","9 De Julio Y Pte.Roca",2,1,0,0,1,0,0,,"Calle",,"ROSARIO","Rosario","Asfalto","Pavimento","II","Dentro","Urbana","Paso Peatonal","No existe","Recta","Bueno","Reducida","Nocturna","Buen Tiempo","Lateral","S/D","Colisión","Ninguna","Vertical","Ninguna","Sin restricción"
2017,9490,8/17/2017,"Jueves",0,15:00:00,,"0.0",2,"Automóvil,Pickup/Utilitario","Pje. Lincoln Y Ayolas",2,1,0,0,1,0,0,,"Calle",,"ROSARIO","Rosario","Hormigón","Natural","II","S/D","Urbana","Ninguna","No existe","Recta","Bueno","Buena","Diurna","Buen Tiempo","De alcance","S/D","Colisión","Ninguna","Faltante","Guardarrail","Sin restricción"
2017,9491,8/3/2017,"Jueves",0,8:00:00,,"0.0",2,"Automóvil,Moto/Ciclomotor","Bv. Oroño Y Cochabamba",2,1,0,0,1,0,0,,"Avenida",,"ROSARIO","Rosario","Asfalto","No existe","II","Dentro","Urbana","Señal Ceda el Paso","No existe","Intersección","Bueno","Buena","Diurna","Buen Tiempo","Lateral","S/D","Colisión","Ninguna","Horizontal,Vertical","Cordón divisorio,Línea divisoria pintada","Sin restricción"
2017,9492,8/15/2017,"Martes",0,13:30:00,,"0.0",2,"Automóvil,Bicicleta","Amenabar Y Colon",2,1,0,0,1,0,0,,"Calle",,"ROSARIO","Rosario","Asfalto","No existe","II","S/D","Urbana","Ninguna","No existe","Intersección","Con baches","Buena","Diurna","Buen Tiempo","S/D","Ciclista","Atropello","Ninguna","Faltante","Ninguna","Sin restricción"
2017,9493,8/18/2017,"Viernes",0,12:00:00,,"0.0",2,"Automóvil,Peatón","Rioja Y Av. Corrientes",2,1,0,0,1,0,0,,"Calle",,"ROSARIO","Rosario","Asfalto","No existe","II","Dentro","Urbana","Semáforo","Funciona","Recta","Bueno","Buena","Diurna","Buen Tiempo","S/D","Peatón","Atropello","Ninguna","Vertical","Ninguna","Sin restricción"
2017,9494,8/3/2017,"Jueves",0,22:20:00,,"0.0",2,"Moto/Ciclomotor,Automóvil","Bv. 27 De Febrero Y Mariano Moreno",2,1,0,0,1,0,0,,"Avenida",,"ROSARIO","Rosario","Asfalto","No existe","II","Dentro","Urbana","Semáforo","Funciona","Intersección","Bueno","Buena","Nocturna,Con luz artificial","Buen Tiempo","Lateral","S/D","Colisión","Agua","Horizontal,Vertical","Cordón divisorio","Sin restricción"
2017,9495,8/2/2017,"Miercoles",0,12:00:00,,"0.0",2,"Peatón,Automóvil","San Juan 700",2,1,0,0,1,0,0,,"Calle",,"ROSARIO","Rosario","Asfalto","No existe","II","Dentro","Urbana","Paso Peatonal","No existe","Recta","Bueno","S/D","Diurna","S/D","S/D","Peatón","Atropello","S/D","Horizontal,Vertical","Línea divisoria pintada","S/D"
2017,9496,8/5/2017,"Sabado",0,15:30:00,,"0.0",2,"Moto/Ciclomotor,Automóvil","Callao Y Bv. 27 De Febrero",2,1,0,0,1,0,0,,"Avenida",,"ROSARIO","Rosario","Asfalto","No existe","II","Dentro","Urbana","Ninguna","No existe","Intersección","Bueno","Buena","Diurna","Buen Tiempo","Lateral","S/D","Colisión","Ninguna","Horizontal,Vertical","Cordón divisorio","Sin restricción"
2017,9497,8/15/2017,"Martes",0,20:00:00,,"0.0",2,"Bicicleta,Moto/Ciclomotor","Av. Pellegrini 600",2,1,0,0,1,0,0,,"Avenida",,"ROSARIO","Rosario","Asfalto","No existe","II","Dentro","Urbana","Semáforo","Funciona","Recta","Bueno","S/D","Nocturna","S/D","S/D","Ciclista","Atropello","S/D","Horizontal,Vertical","Cordón divisorio,Vegetación,Línea divisoria pintada","S/D"
2017,9498,8/18/2017,"Viernes",0,10:00:00,,"0.0",2,"Pickup/Utilitario,Moto/Ciclomotor","Bv. Oroño Y Montevideo",2,1,0,0,1,0,0,,"Calle",,"ROSARIO","Rosario","Asfalto","No existe","II","Dentro","Urbana","Semáforo","Funciona","Recta","Bueno","Buena","Diurna","Buen Tiempo","Lateral","S/D","Colisión","Ninguna","Horizontal,Vertical","Línea divisoria pintada","Sin restricción"
2017,9499,8/26/2017,"Sabado",0,0:30:00,,"0.0",1,"Moto/Ciclomotor","Gob Candioti 434",1,0,1,0,0,0,0,,"Calle",,"GOBERNADOR CRESPO","San Justo","Asfalto","No existe","XVI","Dentro","Urbana","Ninguna","No existe","Recta","Resbaladiza","Buena","Nocturna","Lluvia","Contra objeto fijo","S/D","Colisión","Agua","S/D","Ninguna","Sin restricción"
2017,9500,8/8/2017,"Martes",0,17:20:00,,"0.0",2,"Bicicleta,Automóvil","San Martin Y Ituzaingo",2,1,0,0,1,0,0,,"Calle",,"ROSARIO","Rosario","Asfalto","No existe","II","Dentro","Urbana","Ninguna","No existe","Intersección","Bueno","Buena","Diurna","Buen Tiempo","S/D","Ciclista","Atropello","Ninguna","Faltante","Ninguna","Sin restricción"
2017,9501,8/19/2017,"Sabado",0,6:20:00,,"0.0",2,"Moto/Ciclomotor,Pickup/Utilitario","Av Gral San Martin 650",2,1,0,0,1,0,0,,"Avenida",,"GOBERNADOR CRESPO","San Justo","Asfalto","No existe","XVI","Dentro","Urbana","Ninguna","No existe","Recta","Bueno","Buena","Amanecer","Buen Tiempo","Contra objeto fijo","S/D","Colisión","Ninguna","Horizontal","Línea divisoria pintada","Sin restricción"
2017,9502,8/8/2017,"Martes",0,16:15:00,,"0.0",3,"Automóvil,Automóvil,Automóvil","Pte.Roca Y La Paz",5,2,0,0,3,0,0,,"Calle",,"ROSARIO","Rosario","Asfalto","No existe","II","Dentro","Urbana","Ninguna","No existe","Intersección","Bueno","Buena","Diurna","Buen Tiempo","Múltiple","S/D","Colisión","Ninguna","Faltante","Ninguna","Sin restricción"
2017,9503,8/11/2017,"Viernes",0,21:00:00,"Ruta Nacional 11","0.0",1,"Moto/Ciclomotor","Espa±a ",1,1,0,0,0,0,0,,"Ruta",11,"GOBERNADOR CRESPO","San Justo","Asfalto","Ripio","XVI","Dentro","Urbana","Ninguna","No existe","Recta","Bueno","Buena","Nocturna","Buen Tiempo","Atropello animal","S/D","Colisión","Ninguna","Horizontal","Ninguna","Sin restricción"
2017,9504,8/4/2017,"Viernes",0,17:00:00,,"0.0",2,"Automóvil,Automóvil","Paraguay 1700",2,1,0,0,1,0,0,,"Calle",,"ROSARIO","Rosario","Asfalto","No existe","II","Dentro","Urbana","Semáforo","Funciona","Recta","Bueno","Buena","Diurna","Buen Tiempo","De alcance","S/D","Colisión","Ninguna","Horizontal,Vertical","Ninguna","Sin restricción"
2017,9505,8/24/2017,"Jueves",0,11:00:00,,"0.0",2,"Moto/Ciclomotor,Pickup/Utilitario","1 de Mayo Y Amenabar",3,2,0,0,1,0,0,,"Calle",,"ROSARIO","Rosario","Asfalto","No existe","II","S/D","Urbana","Ninguna","No existe","Intersección","Bueno","Buena","Diurna","Buen Tiempo","De alcance","S/D","Colisión","Ninguna","Faltante","Ninguna","Sin restricción"
2017,9506,8/19/2017,"Sabado",0,12:30:00,,"0.0",2,"Automóvil,Automóvil","Pte.Roca 900",2,1,0,0,1,0,0,,"Calle",,"ROSARIO","Rosario","Asfalto","No existe","II","Dentro","Urbana","Semáforo","Funciona","Recta","Bueno","Buena","Diurna","Buen Tiempo","Lateral","S/D","Colisión","Ninguna","Vertical","Ninguna","Sin restricción"
2017,9507,8/8/2017,"Martes",0,7:30:00,,"0.0",2,"Moto/Ciclomotor,Pickup/Utilitario","Cerrito Y España",2,1,0,0,1,0,0,,"Calle",,"ROSARIO","Rosario","Asfalto","No existe","II","Dentro","Urbana","Ninguna","No existe","Intersección","Bueno","Buena","Diurna","Buen Tiempo","Lateral","S/D","Colisión","Ninguna","Faltante","Ninguna","Sin restricción"
2017,9508,8/21/2017,"Lunes",0,6:00:00,,"0.0",2,"Automóvil,Taxi/Remis","Paraguay Y Urquiza",3,1,0,0,2,0,0,,"Calle",,"ROSARIO","Rosario","Asfalto","No existe","II","Dentro","Urbana","Paso Peatonal","No existe","Recta","Bueno","Buena","Diurna","Buen Tiempo","Lateral","S/D","Colisión","Ninguna","Horizontal","Ninguna","Sin restricción"
2017,9509,8/10/2017,"Jueves",0,16:45:00,,"0.0",2,"Automóvil,Automóvil","España Y Virasoro",2,1,0,0,1,0,0,,"Calle",,"ROSARIO","Rosario","Asfalto","No existe","II","Dentro","Urbana","Ninguna","No existe","Intersección","Bueno","Buena","Diurna","Buen Tiempo","Lateral","S/D","Colisión","Ninguna","Faltante","Ninguna","Sin restricción"
2017,9510,8/22/2017,"Martes",0,12:15:00,,"0.0",2,"Peatón,Automóvil","Mendoza Y Mitre",2,1,0,0,1,0,0,,"Calle",,"ROSARIO","Rosario","Asfalto","No existe","II","Dentro","Urbana","Paso Peatonal","No existe","Recta","Bueno","Buena","Diurna","Buen Tiempo","S/D","Peatón","Atropello","Ninguna","Horizontal","Ninguna","Sin restricción"
2017,9512,8/13/2017,"Domingo",0,2:40:00,,"0.0",2,"Moto/Ciclomotor,Taxi/Remis","Bv. 27 De Febrero Y Pte.Roca",2,1,0,0,1,0,0,,"Avenida",,"ROSARIO","Rosario","Asfalto","No existe","II","Dentro","Urbana","Semáforo","Intermitente","Intersección","Bueno","Buena","Nocturna,Con luz artificial","Buen Tiempo","Lateral","S/D","Colisión","Ninguna","Horizontal,Vertical","Cordón divisorio","Sin restricción"
2017,9513,8/13/2017,"Domingo",0,12:00:00,,"0.0",2,"Moto/Ciclomotor,Automóvil","Av. Pellegrini Y Balcarce",2,1,0,0,1,0,0,,"Avenida",,"ROSARIO","Rosario","Asfalto","No existe","II","Dentro","Urbana","Semáforo","Funciona","Intersección","Bueno","Buena","Diurna","Buen Tiempo","De alcance","S/D","Colisión","Ninguna","Horizontal,Vertical","Cordón divisorio","Sin restricción"
2017,9514,8/12/2017,"Sabado",0,14:10:00,,"0.0",2,"Automóvil,Moto/Ciclomotor","Centeno Y Garibaldi",3,2,0,0,1,0,0,,"Calle",,"ROSARIO","Rosario","Asfalto","No existe","II","Dentro","Urbana","Ninguna","No existe","Intersección","Con baches","Buena","Diurna","Buen Tiempo","Lateral","S/D","Colisión","Ninguna","Faltante","Ninguna","Sin restricción"
2017,9515,8/19/2017,"Sabado",0,9:30:00,,"0.0",2,"Automóvil,Moto/Ciclomotor","Tucuman Y Paraguay",2,1,0,0,1,0,0,,"Calle",,"ROSARIO","Rosario","Asfalto","No existe","II","Dentro","Urbana","Ninguna","No existe","Intersección","Bueno","Buena","Diurna","Buen Tiempo","Lateral","S/D","Colisión","Ninguna","Horizontal","S/D","Sin restricción"
2017,9516,8/12/2017,"Sabado",0,23:15:00,,"0.0",2,"Pickup/Utilitario,Automóvil","Centeno Y L.N.Alem",5,5,0,0,0,0,0,,"Calle",,"ROSARIO","Rosario","Asfalto","No existe","II","Dentro","Urbana","Ninguna","No existe","Intersección","Con baches","Reducida p/ objetos","Nocturna","Buen Tiempo","Lateral","S/D","Colisión","Ninguna","Faltante","Ninguna","Sin restricción"
2017,9517,8/23/2017,"Miercoles",0,1:00:00,,"0.0",2,"Automóvil,Moto/Ciclomotor","Av. Wheelwright Y Mariano Moreno",3,1,1,0,1,0,0,,"Calle",,"ROSARIO","Rosario","Asfalto","No existe","II","Dentro","Urbana","Semáforo","Funciona","Recta","Bueno","Reducida","Nocturna","Buen Tiempo","Lateral","S/D","Colisión","Ninguna","Horizontal,Vertical","Ninguna","Sin restricción"
2017,9518,8/19/2017,"Sabado",0,20:30:00,,"0.0",2,"Moto/Ciclomotor,Automóvil","Mariano Moreno Y San Lorenzo",3,2,0,0,1,0,0,,"Calle",,"ROSARIO","Rosario","Asfalto","Pavimento","II","Dentro","Urbana","Señal Pare","No existe","Recta","Bueno","Buena","Nocturna","Buen Tiempo","S/D","S/D","Colisión","Ninguna","Horizontal","Ninguna","Sin restricción"
2017,9519,8/23/2017,"Miercoles",0,16:10:00,,"0.0",2,"Taxi/Remis,Moto/Ciclomotor","Sarmiento Y Urquiza",2,1,0,0,1,0,0,,"Calle",,"ROSARIO","Rosario","Asfalto","No existe","II","Dentro","Urbana","Semáforo","Funciona","Recta","Bueno","Buena","Diurna","Buen Tiempo","S/D","S/D","Colisión","Ninguna","Horizontal,Vertical","Ninguna","Sin restricción"
2017,9520,8/13/2017,"Domingo",0,16:45:00,,"0.0",2,"Moto/Ciclomotor,Automóvil","Buenos Aires Y Amenabar",4,3,0,0,1,0,0,,"Calle",,"ROSARIO","Rosario","Asfalto","No existe","II","Dentro","Urbana","Señal Pare","No existe","Intersección","Bueno","Buena","Diurna","Buen Tiempo","Lateral","S/D","Colisión","Ninguna","Vertical","Línea divisoria pintada","Sin restricción"
2017,9521,8/23/2017,"Miercoles",0,10:45:00,,"0.0",2,"Automóvil,Taxi/Remis","Av. Corrientes Y San Luis",2,1,0,0,1,0,0,,"Calle",,"ROSARIO","Rosario","Asfalto","No existe","II","Dentro","Urbana","Semáforo","Funciona","Recta","Bueno","Buena","Diurna","Buen Tiempo","Lateral","S/D","Colisión","Ninguna","Horizontal,Vertical","Ninguna","Sin restricción"
2017,9522,8/7/2017,"Lunes",0,16:05:00,,"0.0",2,"Moto/Ciclomotor,Automóvil","Cepeda Y Pte.Quintana",2,2,0,0,0,0,0,,"Calle",,"ROSARIO","Rosario","Asfalto","No existe","II","Dentro","Urbana","Marca Vial","No existe","Intersección","Bueno","Buena","Diurna","Buen Tiempo","Lateral","S/D","Colisión","Ninguna","Vertical","Línea divisoria pintada","Sin restricción"
2017,9523,8/17/2017,"Jueves",0,17:00:00,,"0.0",2,"Bicicleta,Automóvil","Mendoza Y Italia",2,1,0,0,1,0,0,,"Calle",,"ROSARIO","Rosario","Asfalto","No existe","II","Dentro","Urbana","Semáforo","Funciona","Recta","Bueno","Buena","Diurna","Buen Tiempo","S/D","Ciclista","Atropello","Ninguna","Horizontal,Vertical","Ninguna","Sin restricción"
2017,9524,8/5/2017,"Sabado",0,13:20:00,,"0.0",2,"Peatón,Automóvil"," ",2,1,0,0,1,0,0,,"Calle",,"ROSARIO","Rosario","Asfalto","No existe","II","Dentro","Urbana","Marca Vial","No existe","Intersección","Bueno","Buena","Diurna","Buen Tiempo","S/D","Peatón","Atropello","Ninguna","Horizontal","Línea divisoria pintada","Sin restricción"
2017,9525,8/17/2017,"Jueves",0,16:35:00,,"0.0",2,"Moto/Ciclomotor,Automóvil","Salta Y Catamarca",2,1,0,0,1,0,0,,"Calle",,"ROSARIO","Rosario","Asfalto","No existe","II","Dentro","Urbana","Semáforo","Funciona","Recta","Bueno","Buena","Diurna","Buen Tiempo","Lateral","S/D","Colisión","Ninguna","Vertical","Ninguna","Sin restricción"
2017,9526,8/24/2017,"Jueves",0,20:40:00,,"0.0",2,"Moto/Ciclomotor,Peatón","Urquiza Y Balcarce",2,1,0,0,1,0,0,,"Calle",,"ROSARIO","Rosario","Asfalto","No existe","II","Dentro","Urbana","Paso Peatonal","No existe","Recta","Bueno","S/D","Nocturna","Buen Tiempo","S/D","Peatón","Atropello","Ninguna","Horizontal","Ninguna","Sin restricción"
2017,9527,8/25/2017,"Viernes",0,12:00:00,,"0.0",2,"Automóvil,Taxi/Remis","Alvear Y Rioja",2,1,0,0,1,0,0,,"Calle",,"ROSARIO","Rosario","Asfalto","No existe","II","Dentro","Urbana","Semáforo","Funciona","Recta","Bueno","Buena","Diurna","Buen Tiempo","Lateral","S/D","Colisión","Ninguna","Horizontal,Vertical","Ninguna","Sin restricción"
2017,9528,8/28/2017,"Lunes",0,20:00:00,"Ruta Nacional 34","0.0",2,"Camión c / Acoplado,Pickup/Utilitario"," ",4,3,0,0,1,0,0,,"Ruta",34,"LUIS PALACIOS","San Lorenzo","S/D","Pavimento","XVII","Dentro","Rural","Marca Vial","No existe","Intersección","Deteriorada","Buena","Nocturna","Buen Tiempo","Frontal","S/D","Colisión","Ninguna","Horizontal","Línea divisoria pintada","Sin restricción"
2017,9529,8/26/2017,"Sabado",0,7:00:00,,"0.0",2,"Moto/Ciclomotor,Automóvil","Bv. Oroño Y E.Zeballos",3,1,0,0,2,0,0,,"Calle",,"ROSARIO","Rosario","Asfalto","No existe","II","Dentro","Urbana","Semáforo","Funciona","Recta","Bueno","Buena","Diurna","Buen Tiempo","Lateral","S/D","Colisión","Ninguna","Horizontal,Vertical","Ninguna","Sin restricción"
2017,9530,8/26/2017,"Sabado",0,17:40:00,,"0.0",2,"Automóvil,Moto/Ciclomotor","Paraguay Y 9 De Julio",2,1,0,0,0,0,1,,"Calle",,"ROSARIO","Rosario","Asfalto","No existe","II","Dentro","Urbana","Paso Peatonal","No existe","Recta","Bueno","Buena","Diurna","Buen Tiempo","Lateral","S/D","Colisión","Ninguna","Horizontal","Ninguna","Sin restricción"
2017,9531,8/28/2017,"Lunes",0,11:05:00,"Ruta Nacional A012","58.0",2,"Moto/Ciclomotor,Camión c / Acoplado"," ",2,1,0,0,1,0,0,,"Ruta","A012","RICARDONE","San Lorenzo","Asfalto","Ripio","XVII","Dentro","Rural","Ninguna","No existe","Recta","Bueno","Buena","Diurna","Buen Tiempo","Otro","S/D","Colisión","Ninguna","Horizontal","Ninguna","Sin restricción"
2017,9532,8/21/2017,"Lunes",0,21:00:00,,"0.0",2,"Automóvil,Automóvil","E.Zeballos Y Alvear",8,2,0,0,6,0,0,,"Calle",,"ROSARIO","Rosario","Asfalto","No existe","II","Dentro","Urbana","Paso Peatonal","No existe","Recta","Bueno","Reducida","Nocturna","Buen Tiempo","S/D","S/D","Colisión","Ninguna","Horizontal","Línea divisoria pintada","Sin restricción"
2017,9533,8/26/2017,"Sabado",0,19:00:00,,"0.0",2,"Automóvil,Bicicleta","Tucuman Y Alvear",2,1,0,0,1,0,0,,"Calle",,"ROSARIO","Rosario","Asfalto","No existe","II","Dentro","Urbana","Semáforo","Funciona","Recta","Bueno","Buena","Atardecer","Buen Tiempo","S/D","Ciclista","Atropello","Ninguna","Horizontal,Vertical","Ninguna","S/D"
2017,9534,8/30/2017,"Miercoles",0,7:05:00,,"0.0",2,"Moto/Ciclomotor,Moto/Ciclomotor","Piton Y 9 de Julio",2,1,0,0,1,0,0,,"Calle",,"PUERTO SAN MARTÍN","San Lorenzo","Asfalto","No existe","XVII","Dentro","Urbana","Policía de tránsito","No existe","Intersección","Bueno","Buena","Amanecer","Buen Tiempo","De alcance","S/D","Colisión","Ninguna","Faltante","Ninguna","Sin restricción"
2017,9535,8/29/2017,"Martes",0,14:30:00,,"0.0",2,"Bicicleta,Automóvil","Mendoza 1800",2,1,0,0,1,0,0,,"Calle",,"ROSARIO","Rosario","Asfalto","No existe","II","Dentro","Urbana","Semáforo","Funciona","Recta","Bueno","Buena","Diurna","Buen Tiempo","S/D","Ciclista","Atropello","Ninguna","Horizontal,Vertical","Ninguna","Sin restricción"