"anio_acci","nro_acci","fecha","desc_dia","fecha_aprox","hora_aprox","desc_ruta","km","cant_participantes","desc_participante","calle_avenida_km","total","heridos_leves","heridos_graves","heridos_gravisimos","ilesos","fallecidos","sin_datos","posicion_XY","desc_tipo_via","desc_ruta_ori","desc_loc","desc_dpto","desc_tipo_calzada","desc_tipo_banquina","desc_unidad_regional","desc_lugar_calzada","desc_zona","desc_prioridad","desc_estado_semaforo","desc_lugar_via","desc_estado_via","desc_estado_visibilidad","desc_luminosidad","desc_estado_clima","desc_tipo_colision","desc_tipo_atropello","desc_tipo_hecho","desc_pres_calzada","desc_senializacion","desc_separacion_via","desc_restriccion"
2017,9536,8/19/2017,"Sabado",0,18:00:00,,"0.0",2,"Moto/Ciclomotor,Automóvil","25 de Mayo Y Mendoza",4,3,1,0,0,0,0,,"Calle",,"PUERTO SAN MARTÍN","San Lorenzo","Asfalto","No existe","XVII","Dentro","Urbana","Paso Peatonal","No existe","Intersección","Bueno","Buena","Diurna","S/D","Lateral","S/D","Colisión","Ninguna","Horizontal","Ninguna","Sin restricción"
2017,9537,8/28/2017,"Lunes",0,17:00:00,,"0.0",2,"Moto/Ciclomotor,Automóvil","Sarmiento Y 9 De Julio",2,1,0,0,1,0,0,,"Calle",,"ROSARIO","Rosario","Asfalto","No existe","II","Dentro","Urbana","Paso Peatonal","No existe","Recta","Bueno","Buena","Diurna","Buen Tiempo","Lateral","S/D","Colisión","Ninguna","Horizontal","Ninguna","Sin restricción"
2017,9538,8/14/2017,"Lunes",0,19:15:00,,"0.0",2,"Peatón,Automóvil","Dr.Rivas Y Sarmiento",2,1,0,0,1,0,0,,"Calle",,"ROSARIO","Rosario","Asfalto","No existe","II","Dentro","Urbana","Ninguna","No existe","Intersección","Bueno","Buena","Diurna","Buen Tiempo","S/D","Peatón","Atropello","Ninguna","Faltante","Ninguna","Sin restricción"
2017,9539,8/18/2017,"Viernes",0,19:35:00,"Ruta Nacional 11","0.0",1,"Moto/Ciclomotor","Av San Martin 1900",2,2,0,0,0,0,0,,"Ruta",11,"FRAY LUIS BELTRÁN","San Lorenzo","Asfalto","Ripio","XVII","Dentro","Urbana","S/D","No existe","Recta","Bueno","Buena","Atardecer","Otro","S/D","S/D","Caída ocupante","Ninguna","Faltante","Ninguna","S/D"
2017,9540,8/20/2017,"Domingo",0,13:25:00,,"0.0",2,"Automóvil,Moto/Ciclomotor","Av. Pellegrini Y Mitre",2,1,0,0,1,0,0,,"Avenida",,"ROSARIO","Rosario","Asfalto","No existe","II","Dentro","Urbana","Semáforo","Funciona","Recta","Bueno","Buena","Diurna","Buen Tiempo","Lateral","S/D","Colisión","Ninguna","Horizontal,Vertical","Cordón divisorio","Sin restricción"
2017,9541,8/22/2017,"Martes",0,20:00:00,"Ruta Nacional 11","0.0",2,"Pickup/Utilitario,Moto/Ciclomotor","Av San Martin Y Estrada",2,1,0,0,1,0,0,,"Ruta",11,"FRAY LUIS BELTRÁN","San Lorenzo","Asfalto","Ripio","XVII","Dentro","Urbana","Ninguna","No existe","Intersección","Bueno","Reducida","Nocturna","Buen Tiempo","Lateral","S/D","Colisión","Ninguna","Faltante","Ninguna","Sin restricción"
2017,9542,8/20/2017,"Domingo",0,0:50:00,"Ruta Nacional 11","0.0",2,"Automóvil,Moto/Ciclomotor","San Lorenzo Y Dorrego",3,2,0,0,1,0,0,,"Ruta",11,"FRAY LUIS BELTRÁN","San Lorenzo","Ripio","No existe","XVII","Dentro","Urbana","Ninguna","No existe","Intersección","Con baches,Deteriorada","Reducida","Nocturna","Buen Tiempo","Lateral","S/D","Colisión","Ninguna","Faltante","Ninguna","Sin restricción"
2017,9543,8/5/2017,"Sabado",0,4:10:00,"Ruta Secundaria 18-s","0.0",2,"Pickup/Utilitario,Automóvil"," ",3,2,0,0,1,0,0,,"Ruta","18-s","PUERTO SAN MARTÍN","San Lorenzo","Asfalto","Natural","XVII","Dentro","Urbana","Ninguna","No existe","Recta","Bueno","Buena","Nocturna","Buen Tiempo","De alcance","S/D","Colisión","Ninguna","Faltante","Ninguna","Sin restricción"
2017,9544,8/3/2017,"Jueves",0,18:50:00,,"0.0",2,"Automóvil,Pickup/Utilitario","Buenos Aires Y Belgrano",3,1,0,0,2,0,0,,"Calle",,"PUERTO SAN MARTÍN","San Lorenzo","Asfalto","No existe","XVII","Dentro","Urbana","Policía de tránsito","No existe","Intersección","Bueno","Buena","Atardecer","Buen Tiempo","De alcance","S/D","Colisión","Ninguna","Faltante","Ninguna","Sin restricción"
2017,9545,8/2/2017,"Miercoles",0,21:40:00,,"0.0",2,"Moto/Ciclomotor,Automóvil","Reconquista Y Piton",2,1,0,0,1,0,0,,"Calle",,"PUERTO SAN MARTÍN","San Lorenzo","Asfalto","No existe","XVII","Dentro","Urbana","Ninguna","No existe","Intersección","Bueno","Buena","Nocturna","Buen Tiempo","De alcance","S/D","Colisión","Ninguna","Faltante","Ninguna","Sin restricción"
2017,9546,8/7/2017,"Lunes",0,8:20:00,"Ruta Nacional 11","0.0",3,"Moto/Ciclomotor,Automóvil,Pickup/Utilitario","Av San Martin Y Av Gral Savio",3,0,1,0,2,0,0,,"Ruta",11,"FRAY LUIS BELTRÁN","San Lorenzo","Asfalto","Ripio","XVII","Dentro","Urbana","Ninguna","No existe","Intersección","Bueno","Buena","Diurna","Buen Tiempo","Múltiple","S/D","Colisión","Ninguna","Faltante","Ninguna","Sin restricción"
2017,9547,8/4/2017,"Viernes",0,8:20:00,,"0.0",2,"Moto/Ciclomotor,Automóvil","Sarmiento Y Santa Fe",2,0,1,0,1,0,0,,"Calle",,"FRAY LUIS BELTRÁN","San Lorenzo","Hormigón","No existe","XVII","Dentro","Urbana","Ninguna","No existe","Intersección","Bueno","Buena","Diurna","Buen Tiempo","Lateral","S/D","Colisión","Ninguna","Faltante","Ninguna","Sin restricción"
2017,9548,8/7/2017,"Lunes",0,19:30:00,"Ruta Nacional 11","0.0",2,"Moto/Ciclomotor,Automóvil","Av San Martin Y Gral Lopez",2,1,0,0,1,0,0,,"Ruta",11,"FRAY LUIS BELTRÁN","San Lorenzo","Asfalto","Ripio","XVII","Dentro","Urbana","Ninguna","No existe","Intersección","S/D","Buena","Diurna","Buen Tiempo","Lateral","S/D","Colisión","S/D","Faltante","Ninguna","Sin restricción"
2017,9549,8/12/2017,"Sabado",0,6:40:00,"Ruta Nacional 11","0.0",2,"Moto/Ciclomotor,Otros","Av San Martin Y Moreno",3,2,0,0,1,0,0,,"Ruta",11,"FRAY LUIS BELTRÁN","San Lorenzo","Asfalto","Ripio","XVII","Dentro","Urbana","Ninguna","No existe","Intersección","Bueno","Reducida","Amanecer","Buen Tiempo","Lateral","S/D","Colisión","Ninguna","S/D","Ninguna","Sin restricción"
2017,9550,8/18/2017,"Viernes",0,19:30:00,"Ruta Nacional 11","0.0",2,"Moto/Ciclomotor,Automóvil","Av San Martin Y Pellegrini",2,1,0,0,1,0,0,,"Ruta",11,"FRAY LUIS BELTRÁN","San Lorenzo","Asfalto","Ripio","XVII","Dentro","Urbana","Ninguna","No existe","Intersección","Bueno","Reducida","Atardecer","Buen Tiempo","Lateral","S/D","Colisión","Ninguna","Faltante","Ninguna","Sin restricción"
2017,9551,11/24/2017,"Viernes",0,21:20:00,,"0.0",2,"Moto/Ciclomotor,Pickup/Utilitario","Calle 314 Y Calle 301",2,1,0,0,1,0,0,"-29.111611111111,-59.656194444444","Calle",,"AVELLANEDA","General Obligado","S/D","S/D","IX","Dentro","Urbana","S/D","S/D","Intersección","S/D","S/D","Nocturna","S/D","Lateral","S/D","Colisión","S/D","S/D","S/D","S/D"
2017,9552,11/27/2017,"Lunes",0,8:00:00,,"0.0",2,"Automóvil,Moto/Ciclomotor","Calle 21 Y Avenida Circunvalacion",2,1,0,0,1,0,0,"-29.125,-59.641777777778","Avenida",,"AVELLANEDA","General Obligado","S/D","S/D","IX","Dentro","Urbana","S/D","S/D","Intersección","S/D","S/D","Diurna","S/D","Lateral","S/D","Colisión","S/D","S/D","S/D","S/D"
2017,9553,11/28/2017,"Martes",0,15:21:00,,"0.0",2,"Moto/Ciclomotor,Automóvil","Calle 4 Y Calle 15",3,2,0,0,1,0,0,"-29.119111111111,-59.663916666667","Calle",,"AVELLANEDA","General Obligado","Asfalto","S/D","IX","Dentro","Urbana","S/D","No existe","Intersección","S/D","S/D","Nocturna","S/D","De alcance","S/D","Colisión","S/D","S/D","S/D","S/D"
2017,9554,11/28/2017,"Martes",0,6:45:00,,"0.0",2,"Pickup/Utilitario,Pickup/Utilitario","Calle 10 Y Calle 13",2,1,0,0,1,0,0,"-29.118472222222,-59.660055555556","Calle",,"AVELLANEDA","General Obligado","Asfalto","S/D","IX","Dentro","Urbana","S/D","S/D","Intersección","S/D","S/D","Amanecer","S/D","Lateral","S/D","Colisión","S/D","S/D","S/D","S/D"
2017,9555,11/13/2017,"Lunes",0,1:10:00,,"0.0",2,"Pickup/Utilitario,Moto/Ciclomotor","Calle 15 Y Calle 26",2,1,0,0,1,0,0,"-29.120694444444,-59.65025","Calle",,"AVELLANEDA","General Obligado","Asfalto","S/D","IX","Dentro","Urbana","S/D","S/D","Intersección","S/D","S/D","Nocturna","S/D","Lateral","S/D","Colisión","S/D","S/D","S/D","S/D"
2017,9556,11/16/2017,"Jueves",0,20:00:00,,"0.0",2,"Moto/Ciclomotor,Moto/Ciclomotor","Calle 13 Y Calle 2",4,4,0,0,0,0,0,"-29.117916666667,-59.665","Calle",,"AVELLANEDA","General Obligado","Asfalto","S/D","IX","Dentro","Urbana","S/D","S/D","Intersección","S/D","S/D","Nocturna","S/D","Lateral","S/D","Colisión","S/D","S/D","S/D","S/D"
2017,9557,12/2/2017,"Sabado",0,15:45:00,"Ruta Nacional A009","5.0",2,"Moto/Ciclomotor,Peatón","Ruta A-009 5",3,3,0,0,0,0,0,"-29.208683008433, -59.622254342197","Ruta","A009","RECONQUISTA","General Obligado","Asfalto","Natural","IX","Dentro","S/D","Ninguna","No existe","Recta","Bueno","Buena","Diurna","Buen Tiempo","Múltiple","Ciclista","Atropello","Ninguna","Horizontal","Línea divisoria pintada","Sin restricción"
2017,9558,11/22/2017,"Miercoles",0,13:35:00,,"0.0",2,"Moto/Ciclomotor,Automóvil","Calle 21 Y Calle 6",2,1,0,0,1,0,0,"-29.122555555556,-59.663166666667","Calle",,"AVELLANEDA","General Obligado","Asfalto","S/D","IX","S/D","Urbana","S/D","S/D","Intersección","S/D","S/D","Diurna","S/D","De alcance","S/D","Colisión","S/D","S/D","S/D","S/D"
2017,9559,12/1/2017,"Viernes",0,,,"0.0",2,"Moto/Ciclomotor,Bicicleta"," ",2,1,0,0,1,0,0,,"S/D",,"RECONQUISTA","General Obligado","S/D","S/D","IX","S/D","S/D","S/D","S/D","S/D","S/D","S/D","S/D","S/D","S/D","S/D","S/D","S/D","S/D","S/D","S/D"
2017,9560,11/24/2017,"Viernes",0,11:00:00,,"0.0",2,"Moto/Ciclomotor,Automóvil","Sarmiento Y Cordoba",2,2,0,0,0,0,0,,"Calle",,"MALABRIGO","General Obligado","Asfalto","Pavimento","IX","Dentro","Urbana","Ninguna","No existe","Intersección","Bueno","Buena","Diurna","Buen Tiempo","S/D","S/D","Colisión","Ninguna","S/D","Ninguna","Sin restricción"
2017,9561,11/15/2017,"Miercoles",0,7:10:00,,"0.0",2,"Automóvil,Bicicleta","Santiago del Estero Y Santa Fe",2,1,0,0,1,0,0,,"Calle",,"MALABRIGO","General Obligado","Tierra","Natural","IX","S/D","Urbana","Ninguna","No existe","Intersección","Bueno","Buena","Amanecer","Buen Tiempo","S/D","Ciclista","Atropello","Ninguna","S/D","Ninguna","Sin restricción"
2017,9562,12/19/2017,"Martes",0,17:10:00,,"0.0",2,"Moto/Ciclomotor,Automóvil"," ",3,2,0,0,1,0,0,,"Calle",,"RECONQUISTA","General Obligado","Asfalto","No existe","IX","Dentro","Urbana","Ninguna","No existe","Intersección","Bueno","Buena","Diurna","Buen Tiempo","De alcance","S/D","Colisión","Ninguna","Faltante","Ninguna","Sin restricción"
2017,9563,11/12/2017,"Domingo",0,7:20:00,,"0.0",1,"Moto/Ciclomotor","San Martin Y Buenos Aires",3,3,0,0,0,0,0,,"Calle",,"MALABRIGO","General Obligado","Asfalto","Pavimento","IX","S/D","Urbana","Ninguna","No existe","Intersección","Bueno","Buena","Amanecer","Buen Tiempo","S/D","S/D","Vuelco","Ninguna","S/D","Ninguna","Sin restricción"
2017,9564,11/12/2017,"Domingo",0,7:20:00,"Ruta Nacional 11","268.0",1,"Automóvil"," ",4,4,0,0,0,0,0,,"Ruta",11,"MALABRIGO","General Obligado","Asfalto","Natural","IX","S/D","S/D","Ninguna","No existe","Recta","Bueno","Buena","Amanecer","Buen Tiempo","S/D","S/D","Despiste","Ninguna","S/D","Ninguna","Sin restricción"
2017,9565,12/22/2017,"Viernes",0,5:25:00,"Ruta Nacional 11","0.0",2,"Moto/Ciclomotor,Pickup/Utilitario","Calle 33-Pueyrredon Y Ruta Nacional 11",2,0,1,0,1,0,0,"-29.152791117729, -59.657398721514","Ruta",11,"RECONQUISTA","General Obligado","Asfalto","Pavimento","IX","Dentro","Urbana","Ninguna","Funciona","Intersección","Bueno","Buena","Amanecer","Buen Tiempo","De alcance","S/D","Colisión","Ninguna","Faltante","Ninguna","Sin restricción"
2017,9566,11/23/2017,"Jueves",0,7:45:00,"Ruta Nacional 11","765.0",1,"Moto/Ciclomotor"," ",1,1,0,0,0,0,0,,"Ruta",11,"MALABRIGO","General Obligado","Asfalto","Natural","IX","S/D","S/D","Ninguna","No existe","Recta","Bueno","Buena","Amanecer","Buen Tiempo","S/D","S/D","Caída ocupante","Ninguna","S/D","Ninguna","Sin restricción"
2017,9567,12/21/2017,"Jueves",0,19:00:00,,"0.0",2,"Moto/Ciclomotor,Pickup/Utilitario","JORGE NEWBERRY Y PTE PLATENSE",2,1,0,0,1,0,0,,"Calle",,"RECONQUISTA","General Obligado","Asfalto","No existe","IX","Dentro","Urbana","Ninguna","No existe","Intersección","Bueno","Buena","Atardecer","Buen Tiempo","De alcance","S/D","Colisión","Ninguna","Faltante","Ninguna","Sin restricción"
2017,9568,11/24/2017,"Viernes",0,7:10:00,,"0.0",2,"Automóvil,Moto/Ciclomotor","Moreno Y 9 de julio",3,1,0,0,2,0,0,,"Calle",,"MALABRIGO","General Obligado","Asfalto","Natural","IX","S/D","Urbana","Ninguna","No existe","Intersección","Bueno","Buena","Amanecer","Buen Tiempo","S/D","S/D","Colisión","Ninguna","S/D","Ninguna","Sin restricción"
2017,9569,12/3/2017,"Domingo",0,21:40:00,,"0.0",2,"Moto/Ciclomotor,Automóvil","Calle 15-Pcio. Diez Y Calle 20 9 de Julio",2,1,0,0,1,0,0,"-29.144055555556,-59.647361111111","Calle",,"RECONQUISTA","General Obligado","Asfalto","No existe","IX","S/D","Urbana","Ninguna","No existe","Intersección","Bueno","Buena","Nocturna","Buen Tiempo","De alcance","S/D","Colisión","Ninguna","Faltante","Ninguna","Sin restricción"
2017,9570,12/8/2017,"Viernes",0,2:30:00,,"0.0",2,"Peatón,Moto/Ciclomotor","Calle 16-Obligado Y Calle 15-Patricio Diez",2,1,0,0,0,0,1,"-29.144333333333,-59.644888888889","Calle",,"RECONQUISTA","General Obligado","Asfalto","No existe","IX","Dentro","Urbana","Ninguna","No existe","Intersección","Bueno","Buena","Nocturna","Buen Tiempo","Frontal","Peatón","Atropello","Ninguna","Horizontal","Ninguna","Sin restricción"
2017,9571,11/5/2017,"Domingo",0,22:20:00,,"0.0",2,"Moto/Ciclomotor,Moto/Ciclomotor"," ",2,1,0,0,1,0,0,,"Calle",,"RECONQUISTA","General Obligado","Arena","Natural","IX","Fuera","Urbana","Ninguna","No existe","Recta","Con baches","Reducida","Nocturna","Buen Tiempo","Otro","S/D","Colisión","Ninguna","Faltante","Ninguna","Sin restricción"
2017,9572,11/24/2017,"Viernes",0,8:25:00,"Ruta Nacional A009","0.0",1,"Pickup/Utilitario"," ",2,2,0,0,0,0,0,,"Ruta","A009","RECONQUISTA","General Obligado","Asfalto","Natural","IX","Fuera","S/D","Ninguna","No existe","Recta","Bueno","Buena","Diurna","Buen Tiempo","S/D","S/D","Vuelco","Ninguna","Vertical","Línea divisoria pintada","Sin restricción"
2017,9573,12/15/2017,"Viernes",0,10:10:00,,"0.0",2,"Moto/Ciclomotor,Pickup/Utilitario","MABPGER Y LUDUEÑA",2,1,0,0,0,0,1,,"Calle",,"RECONQUISTA","General Obligado","Asfalto","No existe","IX","Dentro","Urbana","Ninguna","No existe","Intersección","Bueno","Buena","Diurna","Buen Tiempo","Lateral","S/D","Colisión","Ninguna","Horizontal","Ninguna","Sin restricción"
2017,9574,11/3/2017,"Viernes",0,18:30:00,,"0.0",2,"Automóvil,Moto/Ciclomotor","Calle 31-Newbery Y Calle 44-27 de Abril",3,2,0,0,0,0,1,"-29.151027777778,-59.663666666667","Calle",,"RECONQUISTA","General Obligado","Asfalto","No existe","IX","S/D","Urbana","S/D","No existe","Intersección","Bueno","Buena","Atardecer","Buen Tiempo","Lateral","S/D","Colisión","Ninguna","Faltante","Ninguna","Sin restricción"
2017,9575,12/26/2017,"Martes",0,20:00:00,,"0.0",2,"Moto/Ciclomotor,Automóvil","Calle 21-Gdor. iriondo Y Roca Pte",3,2,0,0,0,0,1,"-29.147694444444,-59.644138888889","Calle",,"RECONQUISTA","General Obligado","Asfalto","No existe","IX","S/D","Urbana","Ninguna","No existe","Otro","Bueno","Buena","Atardecer","Buen Tiempo","Lateral","S/D","Colisión","Ninguna","Horizontal","Ninguna","Sin restricción"
2017,9576,11/14/2017,"Martes",0,,"Ruta Nacional 11","0.0",2,"Moto/Ciclomotor,Pickup/Utilitario","Ruta Nacional 11 Y Calle 23-Gral lopez",2,1,0,0,1,0,0,,"Ruta",11,"RECONQUISTA","General Obligado","Asfalto","Pavimento","IX","Dentro","Urbana","Otra Señal","No existe","Recta","Bueno","Buena","Nocturna","Buen Tiempo","S/D","S/D","Colisión","Ninguna","S/D","Guardarrail","Sin restricción"
2017,9577,11/8/2017,"Miercoles",0,19:00:00,"Ruta Nacional 33","0.0",2,"Automóvil,Moto/Ciclomotor"," ",2,1,0,0,1,0,0,,"Ruta",33,"FIRMAT","General López","Asfalto","Natural","VIII","Dentro","Urbana","Ninguna","No existe","Intersección","Bueno","Buena","Diurna","Buen Tiempo","Lateral","S/D","Colisión","S/D","S/D","Ninguna","Sin restricción"
2017,9578,12/3/2017,"Domingo",0,6:15:00,,"0.0",2,"Moto/Ciclomotor,Pickup/Utilitario","Calle 11-Alvear Y Calle 12 San Martin",3,2,0,0,1,0,0,"-29.142444444444,-59.642138888889","Calle",,"RECONQUISTA","General Obligado","Asfalto","No existe","IX","Dentro","Urbana","Ninguna","No existe","Intersección","S/D","Buena","Diurna","Buen Tiempo","Otro","S/D","Colisión","S/D","S/D","Cordón divisorio","Sin restricción"
2017,9579,11/7/2017,"Martes",0,18:25:00,,"0.0",2,"Automóvil,Automóvil","Buenos Aires Y Juan M. de Pueyrredon",6,2,0,0,4,0,0,,"Calle",,"FIRMAT","General López","Asfalto","No existe","VIII","Dentro","Urbana","Ninguna","No existe","Intersección","Bueno","Buena","Diurna","Buen Tiempo","Lateral","S/D","Colisión","Ninguna","S/D","Ninguna","Sin restricción"
2017,9580,12/13/2017,"Miercoles",0,9:40:00,,"0.0",2,"Moto/Ciclomotor,Automóvil","Calle 42 - Misiones Y Calle 17-Bartolome Mitre",4,3,0,0,1,0,0,"-29.144305555556,-59.660027777778","Calle",,"RECONQUISTA","General Obligado","Asfalto","Pavimento","IX","Dentro","Urbana","Marca Vial","No existe","Intersección","Bueno","Buena","Diurna","Buen Tiempo","Otro","S/D","Colisión","Ninguna","Vertical","Ninguna","Sin restricción"
2017,9581,10/25/2017,"Miercoles",0,17:05:00,,"0.0",2,"Bicicleta,Automóvil","Calle 12 San Martin Y Calle 31-Newbery",2,1,0,0,1,0,0,"-29.153222222222,-59.643666666667","Calle",,"RECONQUISTA","General Obligado","Asfalto","No existe","IX","Dentro","Urbana","Ninguna","No existe","Intersección","Bueno","Buena","Diurna","Buen Tiempo","Frontal,Lateral","Ciclista","Atropello","Ninguna","Vertical","Ninguna","Sin restricción"
2017,9582,10/31/2017,"Martes",0,12:35:00,,"0.0",2,"Moto/Ciclomotor,Automóvil","Ovidio Lagos Y Italia",2,0,1,0,1,0,0,,"Calle",,"FIRMAT","General López","Asfalto","No existe","VIII","Dentro","Urbana","Ninguna","No existe","Intersección","Resbaladiza","Reducida polvo","Diurna","Buen Tiempo","De alcance","S/D","Colisión","Material Suelto","Faltante","Ninguna","Sin restricción"
2017,9583,10/2/2017,"Lunes",0,20:25:00,,"0.0",2,"Bicicleta,Automóvil","Calle 33-Pueyrredon Y Calle 16-Obligado",2,0,1,0,1,0,0,"-29.154027777778,-59.64625","Calle",,"RECONQUISTA","General Obligado","Asfalto","S/D","IX","Dentro","Urbana","Ninguna","No existe","Intersección","Bueno","Buena","Nocturna,Con luz artificial","Buen Tiempo","S/D","Ciclista","Atropello","Ninguna","Vertical","Ninguna","Sin restricción"
2017,9584,12/27/2017,"Miercoles",0,11:46:00,,"0.0",2,"Moto/Ciclomotor,Pickup/Utilitario","Calle 32 - Amenabar Y Calle 21-Gdor. iriondo",2,1,0,0,1,0,0,"-29.1465,-59.655138888889","Calle",,"RECONQUISTA","General Obligado","Asfalto","No existe","IX","S/D","Urbana","Ninguna","No existe","Intersección","Bueno","Buena","Diurna","Buen Tiempo","Lateral","S/D","Colisión","Ninguna","Horizontal","Ninguna","Sin restricción"
2017,9585,10/3/2017,"Martes",0,21:50:00,,"0.0",2,"Moto/Ciclomotor,Pickup/Utilitario"," ",2,1,0,0,1,0,0,,"Calle",,"RECONQUISTA","General Obligado","Hormigón","No existe","IX","Dentro","Urbana","Ninguna","No existe","Intersección","Bueno","Buena","Diurna","Buen Tiempo","Lateral","S/D","Colisión","Ninguna","Horizontal","Ninguna","Sin restricción"
2017,9586,11/30/2017,"Jueves",0,18:10:00,,"0.0",2,"Moto/Ciclomotor,Pickup/Utilitario","Calle 28 - San Lorenzo Y Calle 9-Mariano Moreno",2,1,0,0,1,0,0,"-29.140305555556,-59.651805555556","Calle",,"RECONQUISTA","General Obligado","Hormigón","No existe","IX","Dentro","Urbana","Ninguna","No existe","Intersección","Bueno","Buena","Diurna","Buen Tiempo","Lateral","S/D","Colisión","Ninguna","Horizontal","Barrera de hormigón","Sin restricción"
2017,9587,12/27/2017,"Miercoles",0,21:50:00,"Ruta Nacional 11","0.0",2,"Moto/Ciclomotor,Moto/Ciclomotor","Ruta Nacional 11 Y Calle 21-Gdor. iriondo",2,1,0,0,1,0,0,,"Ruta",11,"RECONQUISTA","General Obligado","Asfalto","S/D","IX","S/D","S/D","S/D","S/D","Intersección","Bueno","S/D","Nocturna","S/D","S/D","S/D","S/D","S/D","Faltante","S/D","S/D"
2017,9588,12/25/2017,"Lunes",0,0:45:00,,"0.0",2,"Pickup/Utilitario,Moto/Ciclomotor","Calle 3 Y Avenida Circunvalacion",2,1,0,0,1,0,0,"-29.113916666667,-59.651666666667","Avenida",,"AVELLANEDA","General Obligado","Asfalto","S/D","IX","Dentro","Urbana","S/D","S/D","Intersección","S/D","S/D","Nocturna","S/D","Lateral","S/D","Colisión","S/D","S/D","S/D","S/D"
2017,9589,10/1/2017,"Domingo",0,5:50:00,,"0.0",2,"Moto/Ciclomotor,Automóvil","Calle 31-Newbery Y Calle 20-9 de Julio",3,0,2,0,1,0,0,"-29.152694444444,-59.648555555556","Calle",,"RECONQUISTA","General Obligado","Hormigón","No existe","IX","Dentro","Urbana","Ninguna","No existe","Intersección","Bueno","Buena","Diurna","Buen Tiempo","Frontal","S/D","Colisión","Ninguna","Horizontal","Ninguna","Sin restricción"
2017,9590,12/20/2017,"Miercoles",0,21:50:00,,"0.0",2,"Moto/Ciclomotor,Automóvil","Calle 2 Y Calle 7",4,1,0,0,1,0,2,"-29.114583333333,-59.6645","Calle",,"AVELLANEDA","General Obligado","S/D","S/D","IX","Dentro","Urbana","S/D","S/D","Intersección","S/D","S/D","Nocturna","S/D","De alcance","S/D","Colisión","S/D","S/D","S/D","S/D"
2017,9591,12/3/2017,"Domingo",0,6:20:00,,"0.0",1,"Automóvil","Calle 121 ",2,1,0,0,0,1,0,"-29.11864, -59.69575","Camino Rural",,"AVELLANEDA","General Obligado","Ripio","Ripio","IX","S/D","Rural","S/D","No existe","S/D","S/D","S/D","Amanecer","S/D","S/D","S/D","Vuelco","S/D","S/D","S/D","S/D"
2017,9592,8/14/2017,"Lunes",0,11:40:00,,"0.0",2,"Moto/Ciclomotor,Automóvil","Bolivia Y Roca",3,1,0,0,2,0,0,,"Calle",,"PUERTO SAN MARTÍN","San Lorenzo","Asfalto","No existe","XVII","Dentro","Urbana","Ninguna","No existe","Intersección","Bueno","Buena","Diurna","S/D","Lateral","S/D","Colisión","Ninguna","Faltante","Ninguna","Sin restricción"
2017,9593,8/1/2017,"Martes",0,15:00:00,,"0.0",2,"Automóvil,Transporte de Pasajeros Urbano (> 8 asientos)","Mitre Y Pje. Gral.Savio",4,2,0,0,2,0,0,,"Calle",,"ROSARIO","Rosario","Asfalto","No existe","II","Dentro","Urbana","Ninguna","No existe","Intersección","S/D","Buena","Diurna","Buen Tiempo","Lateral","S/D","Colisión","Ninguna","Horizontal","Ninguna","Sin restricción"
2017,9594,8/10/2017,"Jueves",0,12:00:00,,"0.0",2,"Bicicleta,Automóvil","Cordoba Y Sgto Cabral",2,1,0,0,1,0,0,,"Calle",,"PUERTO SAN MARTÍN","San Lorenzo","Asfalto","No existe","XVII","Dentro","Urbana","Policía de tránsito","No existe","Intersección","Bueno","Buena","Diurna","Buen Tiempo","S/D","Ciclista","Atropello","Ninguna","Faltante","Ninguna","Sin restricción"
2017,9595,8/19/2017,"Sabado",0,11:00:00,"Ruta Provincial 4","16.5",1,"Automóvil"," ",4,4,0,0,0,0,0,,"Ruta",4,"CULULÚ","Las Colonias","Asfalto","Natural","XI","Fuera","Rural","Ninguna","S/D","Recta","Bueno","Reducida","Diurna","Lluvia","S/D","S/D","Vuelco","Agua","Horizontal,Vertical","Línea divisoria pintada","S/D"
2017,9596,8/5/2017,"Sabado",0,11:55:00,"Ruta Nacional 11","0.0",2,"Moto/Ciclomotor,Automóvil","Ruta Nac 11 Y Pte Juan D Peron",2,1,0,0,1,0,0,,"Ruta",11,"PUERTO SAN MARTÍN","San Lorenzo","Asfalto","Natural","XVII","Dentro","Urbana","Ninguna","No existe","Intersección","Deteriorada","Buena","Diurna","Buen Tiempo","De alcance","S/D","Colisión","Ninguna","Faltante","Ninguna","Sin restricción"
2017,9597,8/25/2017,"Viernes",0,8:00:00,"Ruta Nacional 33","6.0",2,"Automóvil,Moto/Ciclomotor"," ",3,1,1,0,1,0,0,,"Ruta",33,"ROSARIO","Rosario","Asfalto","Pavimento","II","Dentro","Urbana","Marca Vial","No existe","Recta","Bueno","Buena","Diurna","Buen Tiempo","Frontal","S/D","Colisión","Ninguna","Horizontal","Línea divisoria pintada","Sin restricción"