"anio_acci","nro_acci","fecha","desc_dia","fecha_aprox","hora_aprox","desc_ruta","km","cant_participantes","desc_participante","calle_avenida_km","total","heridos_leves","heridos_graves","heridos_gravisimos","ilesos","fallecidos","sin_datos","posicion_XY","desc_tipo_via","desc_ruta_ori","desc_loc","desc_dpto","desc_tipo_calzada","desc_tipo_banquina","desc_unidad_regional","desc_lugar_calzada","desc_zona","desc_prioridad","desc_estado_semaforo","desc_lugar_via","desc_estado_via","desc_estado_visibilidad","desc_luminosidad","desc_estado_clima","desc_tipo_colision","desc_tipo_atropello","desc_tipo_hecho","desc_pres_calzada","desc_senializacion","desc_separacion_via","desc_restriccion"
2017,9598,8/5/2017,"Sabado",0,10:15:00,,"0.0",2,"Moto/Ciclomotor,Automóvil","Cordoba Y Buenos Aires",2,1,0,0,1,0,0,,"Calle",,"PUERTO SAN MARTÍN","San Lorenzo","Asfalto","No existe","XVII","Dentro","Urbana","Ninguna","No existe","Intersección","Bueno","Buena","Diurna","Buen Tiempo","De alcance","S/D","Colisión","Ninguna","Faltante","Ninguna","Sin restricción"
2017,9599,8/20/2017,"Domingo",0,17:30:00,"Ruta Nacional 33","763.0",2,"Automóvil,Automóvil"," ",4,3,0,0,1,0,0,,"Ruta",33,"PUJATO","San Lorenzo","Asfalto","Natural","XVII","Fuera","Rural","Ninguna","No existe","Recta","Bueno","Buena","Diurna","Buen Tiempo","Otro","S/D","Colisión","Ninguna","Faltante","Línea divisoria pintada","Sin restricción"
2017,9600,8/10/2017,"Jueves",0,11:20:00,,"0.0",2,"Automóvil,Peatón","Saavedra Y San Martin",2,1,0,0,1,0,0,,"Calle",,"ROSARIO","Rosario","Asfalto","No existe","II","Dentro","Urbana","Semáforo","Funciona","Intersección","Bueno","Buena","Diurna","Buen Tiempo","S/D","Peatón","Atropello","Ninguna","Horizontal,Vertical","Línea divisoria pintada","Sin restricción"
2017,9601,8/4/2017,"Viernes",0,17:00:00,"Ruta Provincial 21","0.0",2,"Moto/Ciclomotor,Automóvil","Av Gral San Martin ",2,1,0,0,1,0,0,,"Ruta",21,"VILLA GOBERNADOR GÁLVEZ","Rosario","Asfalto","No existe","II","Dentro","Urbana","Ninguna","No existe","Intersección","Bueno","Buena","Diurna","Buen Tiempo","Lateral","S/D","Colisión","Ninguna","Faltante","Ninguna","Sin restricción"
2017,9602,8/28/2017,"Lunes",0,18:30:00,,"0.0",2,"Automóvil,Taxi/Remis","Bv. Oroño Y Jujuy",4,1,0,0,2,0,1,,"Calle",,"ROSARIO","Rosario","Asfalto","No existe","II","Dentro","Urbana","Semáforo","Funciona","Recta","Bueno","Buena","Atardecer","Buen Tiempo","S/D","S/D","Colisión","Ninguna","Horizontal,Vertical","Ninguna","Sin restricción"
2017,9603,8/21/2017,"Lunes",0,0:50:00,,"0.0",2,"Automóvil,Automóvil","Bv. Segui Y Pte.Roca",3,1,0,0,2,0,0,,"Avenida",,"ROSARIO","Rosario","Asfalto","No existe","II","Dentro","Urbana","Señal Pare","No existe","Intersección","Bueno","Buena","Nocturna","Buen Tiempo","Lateral","S/D","Colisión","Ninguna","Vertical","Cordón divisorio","Sin restricción"
2017,9604,8/5/2017,"Sabado",0,12:20:00,"Ruta Provincial 21","0.0",2,"Bicicleta,Automóvil","Av Gral San Martin Y Mitre",2,1,0,0,1,0,0,,"Ruta",21,"VILLA GOBERNADOR GÁLVEZ","Rosario","Asfalto","No existe","II","Dentro","Urbana","Señal Pare","No existe","Intersección","Bueno","Buena","Diurna","Buen Tiempo","S/D","Ciclista","Atropello","Ninguna","Horizontal,Vertical","Cordón divisorio","Sin restricción"
2017,9605,8/18/2017,"Viernes",0,21:00:00,,"0.0",2,"Moto/Ciclomotor,Automóvil","Gaboto Y Pte.Roca",2,1,0,0,1,0,0,,"Calle",,"ROSARIO","Rosario","Asfalto","No existe","II","Dentro","Urbana","Ninguna","No existe","Intersección","Bueno","Buena","Nocturna","Buen Tiempo","Lateral","S/D","Colisión","Ninguna","Horizontal","Ninguna","Sin restricción"
2017,9606,8/7/2017,"Lunes",0,19:00:00,"Ruta Nacional A012","38.0",2,"Automóvil,Camión c / Acoplado"," ",2,1,0,0,1,0,0,,"Ruta","A012","ROLDÁN","San Lorenzo","Asfalto","Natural","XVII","Dentro","Rural","Ninguna","No existe","Recta","Bueno","Buena","Nocturna","Buen Tiempo","Frontal","S/D","Colisión","Ninguna","Faltante","Ninguna","Sin restricción"
2017,9607,8/22/2017,"Martes",0,20:30:00,,"0.0",2,"Peatón,Automóvil","Bv. Oroño Y Gaboto",2,0,1,0,1,0,0,"-32.970638888889,-60.660055555556","Calle",,"ROSARIO","Rosario","Asfalto","No existe","II","Dentro","Urbana","Semáforo","Funciona","Intersección","Bueno","S/D","Nocturna","S/D","S/D","Peatón","Atropello","Ninguna","Horizontal,Vertical","Cordón divisorio","Sin restricción"
2017,9608,8/6/2017,"Domingo",0,22:00:00,"Ruta Provincial 21","0.0",2,"Moto/Ciclomotor,Pickup/Utilitario","Av Gral San Martin Y 25 de Mayo",6,3,0,0,3,0,0,,"Ruta",21,"VILLA GOBERNADOR GÁLVEZ","Rosario","Asfalto","No existe","II","Dentro","Urbana","Semáforo","Funciona","Intersección","Bueno","Buena","Nocturna,Con luz artificial","Buen Tiempo","Lateral","S/D","Colisión","Ninguna","Horizontal,Vertical","Ninguna","Sin restricción"
2017,9609,8/14/2017,"Lunes",0,20:40:00,,"0.0",2,"Automóvil,Pickup/Utilitario","Ruta Nacional 9 Y Urquiza",2,1,0,0,1,0,0,,"Calle",,"ROLDÁN","San Lorenzo","Asfalto","Ripio","XVII","S/D","Urbana","Semáforo","Funciona","Intersección","Bueno","Buena","Nocturna,Con luz artificial","Buen Tiempo","Lateral","S/D","Colisión","Ninguna","Vertical","Ninguna","Sin restricción"
2017,9610,8/24/2017,"Jueves",0,13:30:00,,"0.0",2,"Automóvil,Automóvil","Sarmiento Y 24 De Setiembre",2,1,0,0,1,0,0,,"Calle",,"ROSARIO","Rosario","Asfalto","No existe","II","Dentro","Urbana","Señal Pare","No existe","Recta","Bueno","Buena","Diurna","S/D","S/D","S/D","Colisión","Ninguna","Vertical","Ninguna","S/D"
2017,9611,8/16/2017,"Miercoles",0,0:00:00,"Ruta Nacional A012","0.0",2,"Automóvil,Camión c / Acoplado"," ",2,1,0,0,1,0,0,,"Ruta","A012","ROLDÁN","San Lorenzo","Asfalto","Ripio","XVII","Dentro","Urbana","Semáforo","Intermitente","Intersección","Bueno","Buena","Nocturna,Con luz artificial","Buen Tiempo","Lateral","S/D","Colisión","Ninguna","Vertical","Ninguna","S/D"
2017,9612,8/17/2017,"Jueves",0,14:20:00,,"0.0",2,"Automóvil,Moto/Ciclomotor","Fray Luis Beltran Y Bv Estanislao Lopez",3,2,0,0,1,0,0,,"Calle",,"ROLDÁN","San Lorenzo","Asfalto","No existe","XVII","Dentro","Urbana","Ninguna","No existe","Intersección","Bueno","Buena","Diurna","Buen Tiempo","Lateral","S/D","Colisión","Ninguna","Faltante","Ninguna","Sin restricción"
2017,9613,8/29/2017,"Martes",0,2:30:00,,"0.0",2,"Moto/Ciclomotor,Automóvil","Entre Rios Y Amenabar",3,2,0,0,1,0,0,,"Calle",,"ROSARIO","Rosario","Asfalto","No existe","II","Dentro","Urbana","Ninguna","No existe","Recta","Bueno","Buena","Nocturna","Buen Tiempo","S/D","S/D","Colisión","S/D","Faltante","Ninguna","Sin restricción"
2017,9614,8/16/2017,"Miercoles",0,23:45:00,"Ruta Provincial 21","0.0",2,"Moto/Ciclomotor,Automóvil","Av Gral San Martin Y Av Leandro Alem",3,1,0,0,2,0,0,,"Ruta",21,"VILLA GOBERNADOR GÁLVEZ","Rosario","Asfalto","No existe","II","Dentro","Urbana","Semáforo","Funciona","Intersección","Bueno","Buena","Nocturna,Con luz artificial","Buen Tiempo","Lateral","S/D","Colisión","Ninguna","Vertical","Ninguna","Sin restricción"
2017,9615,8/21/2017,"Lunes",0,16:45:00,"Autopista Nacional Rosario -Cordoba","318.0",1,"Pickup/Utilitario"," ",4,4,0,0,0,0,0,,"Autopista","Rosario -Cordoba","ROLDÁN","San Lorenzo","Asfalto","Natural","XVII","Dentro","Rural","Ninguna","No existe","Recta","Bueno","Buena","Diurna","Buen Tiempo","Otro","S/D","Vuelco","Ninguna","Faltante","Ninguna","Sin restricción"
2017,9616,8/26/2017,"Sabado",0,16:35:00,,"0.0",1,"Moto/Ciclomotor","Bv. Segui Y Mariano Moreno",2,0,0,1,1,0,0,,"Avenida",,"ROSARIO","Rosario","Asfalto","No existe","II","Dentro","Urbana","Ninguna","No existe","Recta","Bueno","Buena","Diurna","S/D","S/D","S/D","Caída ocupante","Ninguna","Faltante","Cordón divisorio","S/D"
2017,9617,8/9/2017,"Miercoles",0,20:05:00,,"0.0",2,"Moto/Ciclomotor,Automóvil","J.M.de Rosas Y Riobamba",3,1,0,0,2,0,0,,"Calle",,"ROSARIO","Rosario","Asfalto","No existe","II","Dentro","Urbana","S/D","No existe","Intersección","Bueno","Buena","Nocturna,Con luz artificial","Buen Tiempo","S/D","S/D","Colisión","Ninguna","Faltante","S/D","Sin restricción"
2017,9618,8/25/2017,"Viernes",0,9:30:00,"Ruta Nacional A012","0.0",2,"Automóvil,Peatón","Ruta Nacional 9 ",2,1,0,0,1,0,0,,"Ruta","A012","ROLDÁN","San Lorenzo","Asfalto","Ripio","XVII","Fuera","Urbana","Semáforo","Intermitente","Recta","Bueno","Buena","Diurna","Buen Tiempo","S/D","Peatón","Atropello","Ninguna","Vertical","Ninguna","Sin restricción"
2017,9619,8/17/2017,"Jueves",0,23:20:00,"Ruta Provincial 21","0.0",2,"Moto/Ciclomotor,Pickup/Utilitario","Av Gral San Martin 3300",2,1,0,0,1,0,0,,"Ruta",21,"VILLA GOBERNADOR GÁLVEZ","Rosario","Asfalto","No existe","II","Dentro","Urbana","Ninguna","No existe","Recta","Bueno","Buena","Nocturna,Con luz artificial","Buen Tiempo","Lateral","S/D","Colisión","Ninguna","Faltante","Ninguna","Sin restricción"
2017,9620,8/27/2017,"Domingo",0,4:20:00,"Autopista Nacional Rosario -Cordoba","316.0",1,"Automóvil"," ",2,2,0,0,0,0,0,,"Autopista","Rosario -Cordoba","ROLDÁN","San Lorenzo","Asfalto","Natural","XVII","Dentro","Rural","Ninguna","No existe","Recta","Bueno","Buena","Nocturna","Buen Tiempo","Otro","S/D","Vuelco","Ninguna","Vertical","Ninguna","Sin restricción"
2017,9621,8/19/2017,"Sabado",0,10:30:00,,"0.0",2,"Moto/Ciclomotor,Automóvil","Ayacucho Y La Paz",3,1,0,0,2,0,0,,"Calle",,"ROSARIO","Rosario","Asfalto","No existe","II","Dentro","Urbana","Ninguna","No existe","Intersección","Bueno","Buena","Diurna","Buen Tiempo","S/D","S/D","Colisión","Ninguna","Faltante","Ninguna","Sin restricción"
2017,9622,8/3/2017,"Jueves",0,15:15:00,,"0.0",2,"Automóvil,Moto/Ciclomotor","San Lorenzo Y Galvez",3,2,0,0,1,0,0,,"Calle",,"ROLDÁN","San Lorenzo","Asfalto","No existe","XVII","Dentro","Urbana","Ninguna","No existe","Intersección","Bueno","Buena","Diurna","Buen Tiempo","Lateral","S/D","Colisión","Ninguna","Faltante","Línea divisoria pintada","Sin restricción"
2017,9623,8/17/2017,"Jueves",0,1:30:00,"Ruta Provincial 21","0.0",2,"Automóvil,Camión Chasis","Av Gral San Martin Y Camino Guereño",2,1,0,0,1,0,0,,"Ruta",21,"VILLA GOBERNADOR GÁLVEZ","Rosario","Asfalto","No existe","II","Dentro","Urbana","Ninguna","Funciona","Intersección","Bueno","Buena","Nocturna,Con luz artificial","Buen Tiempo","Lateral","S/D","Colisión","Ninguna","Vertical","Ninguna","Sin restricción"
2017,9624,8/24/2017,"Jueves",0,11:20:00,,"0.0",2,"Moto/Ciclomotor,Automóvil","Viamonte Y Ayacucho",2,1,0,0,1,0,0,,"Calle",,"ROSARIO","Rosario","Asfalto","No existe","II","Dentro","Urbana","Señal Pare","No existe","Intersección","Bueno","Buena","Diurna","Buen Tiempo","S/D","S/D","Colisión","Ninguna","Vertical","Ninguna","Sin restricción"
2017,9625,8/3/2017,"Jueves",0,19:15:00,,"0.0",2,"Moto/Ciclomotor,Peatón","Bv Sarmiento Y Urquiza",2,0,1,0,1,0,0,,"Calle",,"ROLDÁN","San Lorenzo","Asfalto","No existe","XVII","Dentro","Urbana","Ninguna","No existe","Intersección","Bueno","Buena","Atardecer,Con luz artificial","Buen Tiempo","S/D","Ciclista","Atropello","Otro","Faltante","Ninguna","Sin restricción"
2017,9626,8/28/2017,"Lunes",0,8:15:00,,"0.0",2,"Automóvil,Bicicleta","Viamonte Y Ayacucho",2,1,0,0,1,0,0,,"Calle",,"ROSARIO","Rosario","Asfalto","No existe","II","Dentro","Urbana","Señal Pare","No existe","Intersección","Bueno","Buena","Diurna","Buen Tiempo","S/D","Ciclista","Atropello","Ninguna","Vertical","Ninguna","Sin restricción"
2017,9627,8/18/2017,"Viernes",0,8:10:00,,"0.0",2,"Peatón,Moto/Ciclomotor","Velez Sarsfield 700",2,1,0,0,1,0,0,,"Calle",,"ROSARIO","Rosario","Asfalto","No existe","II","Dentro","Urbana","Ninguna","No existe","Recta","Bueno","Buena","Diurna","Buen Tiempo","S/D","Peatón","Atropello","Ninguna","Faltante","Ninguna","Sin restricción"
2017,9628,8/6/2017,"Domingo",0,1:00:00,"Ruta Nacional 11","0.0",2,"Moto/Ciclomotor,Automóvil","Av San Lorenzo Y Salta",2,1,0,0,1,0,0,,"Ruta",11,"CAPITÁN BERMÚDEZ","San Lorenzo","Asfalto","Pavimento","XVII","Dentro","Urbana","S/D","No existe","Intersección","Bueno","S/D","Nocturna","S/D","S/D","S/D","Colisión","S/D","Faltante","Línea divisoria pintada","S/D"
2017,9629,8/20/2017,"Domingo",0,21:15:00,,"0.0",2,"Moto/Ciclomotor,Automóvil","Av San Martin Y Sarmiento",2,1,0,0,1,0,0,,"Avenida",,"SAN LORENZO","San Lorenzo","Hormigón","No existe","XVII","S/D","Urbana","Semáforo","Funciona","Intersección","Bueno","Buena","Nocturna","Buen Tiempo","De alcance","S/D","Colisión","S/D","Vertical","S/D","S/D"
2017,9630,8/16/2017,"Miercoles",0,4:00:00,"Autopista Nacional Gral. Juan Jose Valle","0.0",2,"Automóvil,Camión c / Acoplado","Rivadavia ",3,2,0,0,1,0,0,,"Autopista","Gral. Juan Jose Valle","ALVEAR","Rosario","Asfalto","Pavimento","II","Dentro","Rural","Ninguna","No existe","Puente","Bueno","Buena","Nocturna","Buen Tiempo","Lateral","S/D","Colisión","Ninguna","S/D","Línea divisoria pintada","S/D"
2017,9631,8/3/2017,"Jueves",0,18:50:00,"Ruta Nacional 11","0.0",2,"Moto/Ciclomotor,Pickup/Utilitario","Av San Lorenzo Y Rivadavia Bernardino",2,1,0,0,1,0,0,,"Ruta",11,"CAPITÁN BERMÚDEZ","San Lorenzo","Asfalto","No existe","XVII","Dentro","Urbana","S/D","No existe","Intersección","Bueno","S/D","Atardecer","S/D","Otro","S/D","Colisión","Ninguna","Faltante","Barrera de hormigón","Sin restricción"
2017,9632,8/22/2017,"Martes",0,9:00:00,,"0.0",2,"Moto/Ciclomotor,Automóvil","1° DE MAYO  Y  BV. SAN DIEGO",4,2,0,0,2,0,0,,"Avenida",,"VILLA GOBERNADOR GÁLVEZ","Rosario","Asfalto","No existe","II","Dentro","Urbana","Semáforo","Funciona","Intersección","Bueno","Buena","Diurna","Buen Tiempo","Lateral","S/D","Colisión","Ninguna","Vertical","Ninguna","Sin restricción"
2017,9633,8/21/2017,"Lunes",0,7:30:00,,"0.0",2,"Moto/Ciclomotor,Automóvil","Av San Martin Y España",4,2,0,0,2,0,0,,"Avenida",,"SAN LORENZO","San Lorenzo","Hormigón","No existe","XVII","S/D","Urbana","Ninguna","No existe","Intersección","Bueno","Buena","Diurna","S/D","Lateral","S/D","Colisión","S/D","Faltante","Ninguna","S/D"
2017,9634,8/10/2017,"Jueves",0,,"Ruta Nacional 11","0.0",2,"Automóvil,Moto/Ciclomotor","Av San Lorenzo ",2,1,0,0,1,0,0,,"Ruta",11,"CAPITÁN BERMÚDEZ","San Lorenzo","Asfalto","Ripio","XVII","Dentro","Urbana","S/D","No existe","Recta","Bueno","S/D","Nocturna","S/D","S/D","S/D","Colisión","S/D","S/D","S/D","S/D"
2017,9635,8/16/2017,"Miercoles",0,18:50:00,,"0.0",2,"Automóvil,Automóvil","EL JACARANDA  Y EL ALGARROBO",3,1,0,0,2,0,0,,"Calle",,"ALVEAR","Rosario","Tierra","No existe","II","S/D","Urbana","Ninguna","No existe","Recta","Con baches","Buena","Diurna","Buen Tiempo","Frontal","S/D","Colisión","Ninguna","S/D","Ninguna","S/D"
2017,9636,8/29/2017,"Martes",0,6:55:00,,"0.0",2,"Automóvil,Bicicleta","Angel Marino Gervaso ",3,1,0,0,1,0,1,,"Avenida",,"CAPITÁN BERMÚDEZ","San Lorenzo","Asfalto","Natural","XVII","Dentro","Urbana","Ninguna","No existe","Recta","Bueno","Buena","Diurna","Buen Tiempo","S/D","Ciclista","Atropello","Ninguna","Faltante","Ninguna","Sin restricción"
2017,9637,8/16/2017,"Miercoles",0,19:15:00,"Ruta Nacional 11","0.0",2,"Automóvil,Moto/Ciclomotor","Islas Malvinas Y Bv Oroño",3,2,0,0,1,0,0,,"Ruta",11,"SAN LORENZO","San Lorenzo","Hormigón","No existe","XVII","S/D","Urbana","Ninguna","No existe","Intersección","Deteriorada","S/D","Amanecer","S/D","S/D","S/D","Colisión","S/D","Faltante","Ninguna","S/D"
2017,9638,8/23/2017,"Miercoles",0,22:10:00,"Ruta Secundaria 22-s","0.0",2,"Automóvil,Moto/Ciclomotor","Soldado Aguirre ",3,1,0,0,2,0,0,,"Ruta","22-s","VILLA GOBERNADOR GÁLVEZ","Rosario","Asfalto","No existe","II","S/D","S/D","Policía de tránsito","No existe","Intersección","Bueno","Buena","Nocturna","Buen Tiempo","Lateral","S/D","Colisión","Material Suelto","Vertical","Guardarrail","Sin restricción"
2017,9639,8/11/2017,"Viernes",0,21:30:00,,"0.0",2,"Moto/Ciclomotor,Pickup/Utilitario","Eva Peron Y Clemente Albelo",2,1,0,0,1,0,0,,"Calle",,"SAN LORENZO","San Lorenzo","Hormigón","No existe","XVII","S/D","Urbana","Otra Señal","No existe","Intersección","Bueno","S/D","Diurna","S/D","Lateral","S/D","Colisión","S/D","Vertical","Cordón divisorio,Vegetación","S/D"
2017,9640,8/23/2017,"Miercoles",0,19:10:00,,"0.0",1,"Moto/Ciclomotor","Av Juan Domingo Peron Y Piazza",2,2,0,0,0,0,0,,"Calle",,"VILLA GOBERNADOR GÁLVEZ","Rosario","Asfalto","No existe","II","Dentro","Urbana","Ninguna","No existe","Intersección","Bueno","Buena","Nocturna,Con luz artificial","Buen Tiempo","S/D","S/D","Caída ocupante","Ninguna","Faltante","Ninguna","Sin restricción"
2017,9641,8/10/2017,"Jueves",0,9:50:00,,"0.0",2,"Pickup/Utilitario,Moto/Ciclomotor","Av San Martin Y España",2,1,0,0,1,0,0,,"Avenida",,"SAN LORENZO","San Lorenzo","Asfalto","No existe","XVI","S/D","Urbana","Semáforo","Funciona","Intersección","Deteriorada","Buena","Diurna","Buen Tiempo","Lateral","S/D","Colisión","S/D","Horizontal,Vertical","Cordón divisorio,Vegetación,Línea divisoria pintada","S/D"
2017,9642,8/10/2017,"Jueves",0,6:00:00,,"0.0",2,"Bicicleta,Automóvil","Soldado Aguirre Y 9 de Julio",2,1,0,0,0,0,1,,"Avenida",,"VILLA GOBERNADOR GÁLVEZ","Rosario","Asfalto","No existe","II","Dentro","Urbana","Ninguna","No existe","Intersección","Deteriorada","Buena","Amanecer","Buen Tiempo","S/D","Ciclista","Atropello","Material Suelto","Faltante","Cordón divisorio","Sin restricción"
2017,9643,8/12/2017,"Sabado",0,2:30:00,"Ruta Nacional 11","0.0",2,"Automóvil,Moto/Ciclomotor","Av San Lorenzo Y Florida",3,1,0,0,0,0,2,,"Ruta",11,"CAPITÁN BERMÚDEZ","San Lorenzo","Asfalto","No existe","XVII","Dentro","Urbana","Ninguna","No existe","Intersección","S/D","Buena","Nocturna","S/D","S/D","S/D","Colisión","S/D","Faltante","Ninguna","S/D"
2017,9644,8/6/2017,"Domingo",0,12:55:00,,"0.0",2,"Moto/Ciclomotor,Moto/Ciclomotor","Bordabhere Y 9 de Julio",3,2,0,0,1,0,0,,"Calle",,"VILLA GOBERNADOR GÁLVEZ","Rosario","Asfalto","No existe","II","Dentro","Urbana","Ninguna","No existe","Intersección","Deteriorada","Buena","Diurna","Buen Tiempo","Lateral","S/D","Colisión","Material Suelto","Faltante","Ninguna","Sin restricción"
2017,9645,8/12/2017,"Sabado",0,21:00:00,"Ruta Nacional 11","0.0",2,"Moto/Ciclomotor,Automóvil","Av San Lorenzo Y C Escalada",2,1,0,0,1,0,0,,"Ruta",11,"CAPITÁN BERMÚDEZ","San Lorenzo","Asfalto","No existe","XVII","Dentro","Urbana","Semáforo","Funciona","Intersección","Deteriorada","S/D","Nocturna","S/D","S/D","S/D","Colisión","S/D","Vertical","S/D","S/D"
2017,9646,8/8/2017,"Martes",0,7:40:00,"Autopista Nacional Gral. Juan Jose Valle","284.0",2,"Moto/Ciclomotor,Automóvil"," ",2,1,0,0,0,0,1,,"Autopista","Gral. Juan Jose Valle","VILLA GOBERNADOR GÁLVEZ","Rosario","Hormigón","Ripio","II","S/D","Rural","Ninguna","No existe","Distribuidor","Bueno","Buena","Diurna","Buen Tiempo","Lateral","S/D","Colisión","Ninguna","Horizontal,Vertical","Línea divisoria pintada","Sin restricción"
2017,9647,8/3/2017,"Jueves",0,18:00:00,,"0.0",2,"Automóvil,Peatón","Ledesma 1065",2,1,0,0,1,0,0,,"Calle",,"SAN LORENZO","San Lorenzo","Asfalto","No existe","XVII","S/D","Urbana","Ninguna","No existe","Recta","Bueno","S/D","Atardecer","S/D","S/D","Peatón","Atropello","S/D","Faltante","Ninguna","S/D"
2017,9648,8/23/2017,"Miercoles",0,20:50:00,,"0.0",2,"Automóvil,Automóvil","Av Gral San Martin Y Esperanza",3,1,0,0,2,0,0,,"Calle",,"VILLA GOBERNADOR GÁLVEZ","Rosario","Asfalto","No existe","II","Dentro","Urbana","Ninguna","No existe","Intersección","Bueno","Buena","Nocturna,Con luz artificial","Buen Tiempo","Frontal","S/D","Colisión","Ninguna","Vertical","Cordón divisorio","Sin restricción"
2017,9649,8/12/2017,"Sabado",0,23:00:00,"Ruta Nacional 11","0.0",2,"Moto/Ciclomotor,Automóvil","Av San Lorenzo Y Salta",3,0,0,0,1,0,2,,"Ruta",11,"CAPITÁN BERMÚDEZ","San Lorenzo","Asfalto","No existe","XVII","Dentro","Urbana","S/D","No existe","S/D","S/D","S/D","Nocturna","S/D","S/D","S/D","Colisión","S/D","Faltante","Línea divisoria pintada","S/D"
2017,9650,8/2/2017,"Miercoles",0,19:25:00,,"0.0",2,"Moto/Ciclomotor,Automóvil","Av San Martin 3000",2,0,1,0,1,0,0,,"Avenida",,"SAN LORENZO","San Lorenzo","Hormigón","No existe","XVII","S/D","Urbana","Otra Señal","No existe","Recta","Deteriorada","Buena","Atardecer","S/D","Lateral","S/D","Colisión","S/D","Vertical","Ninguna","Sin restricción"
2017,9651,8/27/2017,"Domingo",0,3:40:00,"Ruta Secundaria 22-s","0.0",1,"Automóvil","Soldado Aguirre ",1,1,0,0,0,0,0,,"Ruta","22-s","VILLA GOBERNADOR GÁLVEZ","Rosario","Asfalto","No existe","II","Fuera","Urbana","Ninguna","No existe","Intersección","Bueno","Buena","Nocturna","Buen Tiempo","Contra objeto fijo","S/D","Colisión","Material Suelto","Faltante","Guardarrail","Sin restricción"
2017,9652,8/16/2017,"Miercoles",0,7:30:00,"Autopista Nacional Gral. Juan Jose Valle","285.0",2,"Transporte de Pasajeros Urbano (> 8 asientos),Moto/Ciclomotor"," ",2,1,0,0,1,0,0,,"Autopista","Gral. Juan Jose Valle","VILLA GOBERNADOR GÁLVEZ","Rosario","Hormigón","Natural","II","Dentro","Rural","Ninguna","No existe","Recta","Bueno","Buena","Amanecer","Buen Tiempo","Lateral","S/D","Colisión","Ninguna","Horizontal,Vertical","Vegetación","Sin restricción"
2017,9653,8/9/2017,"Miercoles",0,13:30:00,,"0.0",2,"Moto/Ciclomotor,Automóvil","Pueyrredon Y Mr.Ross",2,1,0,0,1,0,0,,"Calle",,"ROSARIO","Rosario","Asfalto","No existe","II","S/D","Urbana","Ninguna","No existe","Intersección","Bueno","Buena","Diurna","Buen Tiempo","Lateral","S/D","Colisión","Ninguna","Faltante","Ninguna","Sin restricción"
2017,9654,8/8/2017,"Martes",0,17:00:00,,"0.0",2,"Bicicleta,Moto/Ciclomotor","Olegario V.Andrade Y Pje. Gral.Savio",2,0,1,0,1,0,0,,"Calle",,"ROSARIO","Rosario","Asfalto","No existe","II","S/D","Urbana","Ninguna","No existe","Intersección","Bueno","Buena","Diurna","Buen Tiempo","S/D","Ciclista","Atropello","Ninguna","Horizontal","Ninguna","Sin restricción"
2017,9655,8/15/2017,"Martes",0,18:30:00,"Ruta Provincial 21","0.0",2,"Moto/Ciclomotor,Moto/Ciclomotor"," ",2,1,0,0,1,0,0,,"Ruta",21,"GENERAL LAGOS","Rosario","Asfalto","Natural","II","Dentro","Urbana","Ninguna","No existe","Intersección","Bueno","Buena","Atardecer,Con luz artificial","Buen Tiempo","De alcance","S/D","Colisión","Ninguna","Faltante","Ninguna","Sin restricción"
2017,9656,8/21/2017,"Lunes",0,21:30:00,"Ruta Nacional 11","0.0",2,"Moto/Ciclomotor,Moto/Ciclomotor","San Martin Y Rivadavia Bernardino",3,2,0,0,0,0,1,,"Ruta",11,"CAPITÁN BERMÚDEZ","San Lorenzo","Asfalto","No existe","XVII","Dentro","Urbana","S/D","No existe","Intersección","S/D","S/D","Nocturna","S/D","S/D","S/D","Colisión","S/D","Faltante","Línea divisoria pintada","S/D"
2017,9657,8/7/2017,"Lunes",0,20:50:00,,"0.0",2,"Moto/Ciclomotor,Automóvil","Biedma Y Av. Corrientes",2,0,1,0,1,0,0,,"S/D",,"ROSARIO","Rosario","Asfalto","No existe","II","S/D","Urbana","Ninguna","No existe","Recta","Bueno","S/D","Nocturna","Buen Tiempo","Lateral","S/D","Colisión","Ninguna","Faltante","Ninguna","S/D"
2017,9658,8/7/2017,"Lunes",0,16:00:00,,"0.0",2,"Moto/Ciclomotor,Camión Chasis","Balcarce Y Garibaldi",2,0,1,0,1,0,0,,"Calle",,"ROSARIO","Rosario","Asfalto","No existe","II","S/D","Urbana","Ninguna","No existe","Recta","Bueno","Buena","Diurna","Buen Tiempo","Lateral","S/D","Colisión","Ninguna","Horizontal","Ninguna","Sin restricción"
2017,9659,8/20/2017,"Domingo",0,18:30:00,,"0.0",2,"Moto/Ciclomotor,Automóvil","San Roque Y Centenario",3,2,0,0,1,0,0,,"Avenida",,"CAPITÁN BERMÚDEZ","San Lorenzo","Asfalto","No existe","XVII","Dentro","Urbana","Ninguna","No existe","Intersección","S/D","S/D","Atardecer","Buen Tiempo","S/D","S/D","Colisión","S/D","Faltante","Cordón divisorio","Sin restricción"