"anio_acci","nro_acci","fecha","desc_dia","fecha_aprox","hora_aprox","desc_ruta","km","cant_participantes","desc_participante","calle_avenida_km","total","heridos_leves","heridos_graves","heridos_gravisimos","ilesos","fallecidos","sin_datos","posicion_XY","desc_tipo_via","desc_ruta_ori","desc_loc","desc_dpto","desc_tipo_calzada","desc_tipo_banquina","desc_unidad_regional","desc_lugar_calzada","desc_zona","desc_prioridad","desc_estado_semaforo","desc_lugar_via","desc_estado_via","desc_estado_visibilidad","desc_luminosidad","desc_estado_clima","desc_tipo_colision","desc_tipo_atropello","desc_tipo_hecho","desc_pres_calzada","desc_senializacion","desc_separacion_via","desc_restriccion"
2017,9660,8/5/2017,"Sabado",0,13:10:00,,"0.0",2,"Automóvil,Moto/Ciclomotor","Sarmiento Y Saavedra",2,1,0,0,1,0,0,,"Calle",,"ROSARIO","Rosario","Asfalto","No existe","II","Dentro","Urbana","Ninguna","No existe","Intersección","Bueno","Buena","Diurna","Buen Tiempo","Lateral","S/D","Colisión","Ninguna","Faltante","Ninguna","Sin restricción"
2017,9661,8/31/2017,"Jueves",0,19:00:00,,"0.0",2,"Automóvil,Moto/Ciclomotor","Feliciano Silva Y Colombres",2,0,0,0,0,0,2,,"Calle",,"SAN LORENZO","San Lorenzo","Asfalto","No existe","XVII","Dentro","Urbana","Ninguna","No existe","Intersección","Bueno","Buena","Diurna","Otro","Otro","S/D","Colisión","Ninguna","Faltante","Ninguna","Sin restricción"
2017,9662,8/2/2017,"Miercoles",0,18:55:00,,"0.0",2,"Moto/Ciclomotor,Automóvil","Av. Uriburu Y Paraguay",2,1,0,0,1,0,0,,"Avenida",,"ROSARIO","Rosario","Asfalto","No existe","II","Dentro","Urbana","Ninguna","No existe","Intersección","Bueno","Buena","Diurna","Buen Tiempo","Lateral","S/D","Colisión","S/D","Faltante","Cordón divisorio,Vegetación","Sin restricción"
2017,9663,8/10/2017,"Jueves",0,18:20:00,,"0.0",2,"Pickup/Utilitario,Automóvil","Alberdi Y Av Juan Domingo Peron",3,1,0,0,2,0,0,,"Avenida",,"VILLA GOBERNADOR GÁLVEZ","Rosario","Asfalto","No existe","II","S/D","Urbana","Ninguna","No existe","Intersección","Con baches","Buena","Atardecer","Buen Tiempo","S/D","S/D","Colisión","Ninguna","Faltante","Ninguna","Sin restricción"
2017,9664,8/5/2017,"Sabado",0,10:15:00,"Ruta Nacional 9","0.0",3,"Automóvil,Automóvil,Pickup/Utilitario","Ruta Nacional 9 Y San Sebastian",4,2,0,0,2,0,0,,"Ruta",9,"ROLDÁN","San Lorenzo","Asfalto","S/D","XVII","Dentro","Urbana","Ninguna","No existe","Recta","Bueno","Buena","Nocturna","Buen Tiempo","Múltiple","S/D","Colisión","Ninguna","Horizontal","Línea divisoria pintada,Ninguna","Sin restricción"
2017,9665,8/31/2017,"Jueves",0,10:45:00,"Ruta Nacional 11","0.0",2,"Pickup/Utilitario,Pickup/Utilitario","Av San Martin Y Rivadavia",4,2,0,0,0,0,2,,"Ruta",11,"SAN LORENZO","San Lorenzo","Asfalto","No existe","XVII","Dentro","Urbana","Ninguna","No existe","Intersección","Bueno","Buena","Diurna","Otro","Otro","S/D","Colisión","Ninguna","Faltante","Ninguna","Sin restricción"
2017,9666,8/28/2017,"Lunes",0,20:30:00,,"0.0",2,"Automóvil,Automóvil","Bv San diego Y Alvear",3,2,0,0,1,0,0,,"Calle",,"VILLA GOBERNADOR GÁLVEZ","Rosario","Asfalto","No existe","II","Dentro","Urbana","Ninguna","No funciona","Intersección","Bueno","Buena","Nocturna,Con luz artificial","Buen Tiempo","Lateral","S/D","Colisión","Ninguna","Vertical","Ninguna","Sin restricción"
2017,9667,8/5/2017,"Sabado",0,18:55:00,"Autopista Nacional A012","0.0",2,"Pickup/Utilitario,Automóvil","Libertad ",4,2,0,0,2,0,0,,"Autopista","A012","ROLDÁN","San Lorenzo","Asfalto","Ripio","XVII","S/D","Urbana","Ninguna","No existe","Intersección","Bueno","Buena","Diurna","Buen Tiempo","Lateral","S/D","Colisión","Ninguna","Faltante","Línea divisoria pintada","Sin restricción"
2017,9668,8/12/2017,"Sabado",0,21:00:00,,"0.0",2,"Automóvil,Moto/Ciclomotor","Victor Hugo 1662",3,2,0,0,1,0,0,,"Calle",,"VILLA GOBERNADOR GÁLVEZ","Rosario","Asfalto","No existe","II","Dentro","Urbana","Ninguna","No existe","Otro","Bueno","Buena","Nocturna","Buen Tiempo","S/D","S/D","Colisión","Ninguna","S/D","Ninguna","Sin restricción"
2017,9669,8/30/2017,"Miercoles",0,23:30:00,,"0.0",1,"Moto/Ciclomotor","Feliciano Silva 736",1,0,0,0,0,0,1,,"Calle",,"SAN LORENZO","San Lorenzo","Asfalto","No existe","XVII","Dentro","Urbana","Ninguna","No existe","Recta","Bueno","Buena","Nocturna","Otro","S/D","S/D","Caída ocupante","Ninguna","Faltante","Ninguna","Sin restricción"
2017,9670,8/29/2017,"Martes",0,4:15:00,"Ruta Nacional 11","0.0",2,"Moto/Ciclomotor,Camión Chasis"," ",2,1,0,0,0,0,1,,"Ruta",11,"SAN LORENZO","San Lorenzo","Asfalto","No existe","XVII","Dentro","Urbana","Ninguna","No existe","Recta","Bueno","Buena","Nocturna","Otro","Otro","S/D","Colisión","Ninguna","Faltante","Ninguna","Sin restricción"
2017,9671,8/22/2017,"Martes",0,15:50:00,,"0.0",2,"Moto/Ciclomotor,Bicicleta","Av del Libertador Y Las heras",3,3,0,0,0,0,0,,"Avenida",,"VILLA GOBERNADOR GÁLVEZ","Rosario","Tierra","No existe","II","Dentro","Urbana","Ninguna","No existe","Intersección","Deteriorada","Buena","Diurna","Buen Tiempo","S/D","Ciclista","Atropello","Ninguna","Faltante","Ninguna","Sin restricción"
2017,9672,8/23/2017,"Miercoles",0,20:20:00,,"0.0",2,"Moto/Ciclomotor,Automóvil","Soldado Aguirre Y Iriondo",3,2,0,0,1,0,0,,"Calle",,"VILLA GOBERNADOR GÁLVEZ","Rosario","Asfalto","No existe","II","Dentro","Urbana","Ninguna","No existe","Intersección","Bueno","Buena","Nocturna","Buen Tiempo","S/D","S/D","Colisión","Ninguna","Faltante","Ninguna","Sin restricción"
2017,9673,8/30/2017,"Miercoles",0,12:00:00,,"0.0",2,"Pickup/Utilitario,Moto/Ciclomotor","Estanislao Lopez Y Rivadavia",2,0,1,0,1,0,0,,"Calle",,"CENTENO","San Jerónimo","Ripio","Natural","XV","Dentro","Urbana","Ninguna","No existe","Intersección","Otro","Buena","Diurna","Buen Tiempo","Lateral","S/D","Colisión","Ninguna","Vertical","Ninguna","Sin restricción"
2017,9674,8/7/2017,"Lunes",0,23:55:00,"Autopista Provincial Brigadier E.López","56.0",2,"Camión c / Acoplado,Camión c / Acoplado"," ",2,1,0,0,1,0,0,,"Autopista","Brigadier E.López","MACIEL","San Jerónimo","Asfalto","Natural","XV","Dentro","Urbana","Ninguna","No existe","Recta","Bueno","Buena","Nocturna","Buen Tiempo","S/D","S/D","Colisión","Ninguna","Faltante","Cordón divisorio","Sin restricción"
2017,9675,8/6/2017,"Domingo",0,13:05:00,,"0.0",1,"Moto/Ciclomotor"," ",2,1,0,0,1,0,0,,"Camino Rural",,"MACIEL","San Jerónimo","Tierra","Natural","XV","S/D","Rural","Ninguna","No existe","Recta","Ahuellamiento","Buena","Diurna","Buen Tiempo","S/D","S/D","Caída ocupante","Ninguna","Faltante","Ninguna","Sin restricción"
2017,9676,8/20/2017,"Domingo",0,5:30:00,,"0.0",2,"Automóvil,Moto/Ciclomotor","Pueyrredon Y Av Brasil",2,0,1,0,1,0,0,,"Avenida",,"RAFAELA","Castellanos","Hormigón","No existe","V","S/D","Urbana","Ninguna","No existe","Intersección","Bueno","Buena","Nocturna","Buen Tiempo","Lateral","S/D","Colisión","Ninguna","Horizontal","Ninguna","Sin restricción"
2017,9677,8/17/2017,"Jueves",0,18:00:00,,"0.0",2,"Peatón,Automóvil","Tucuman 1170",2,1,0,0,1,0,0,,"Calle",,"RAFAELA","Castellanos","Hormigón","No existe","V","S/D","Urbana","Ninguna","No existe","Recta","Bueno","Buena","Diurna","Buen Tiempo","S/D","Peatón","Atropello","Ninguna","Faltante","S/D","Sin restricción"
2017,9678,8/13/2017,"Domingo",0,11:40:00,,"0.0",2,"Automóvil,Moto/Ciclomotor","Av Luis Fanti Y Corrientes",3,2,0,0,1,0,0,,"Calle",,"RAFAELA","Castellanos","Hormigón","No existe","V","S/D","Urbana","Ninguna","No existe","Intersección","Bueno","Buena","Diurna","Buen Tiempo","Lateral","S/D","Colisión","S/D","S/D","Ninguna","Sin restricción"
2017,9679,8/1/2017,"Martes",0,19:00:00,"Ruta Nacional 34","0.0",2,"Moto/Ciclomotor,Automóvil","Carlos Pellegrini ",2,0,1,0,1,0,0,,"Ruta",34,"RAFAELA","Castellanos","Hormigón","Pavimento","V","S/D","Urbana","Semáforo","Funciona","Cruce","Bueno","Buena","Atardecer,Con luz artificial","S/D","Lateral","S/D","Colisión","S/D","Faltante","S/D","Sin restricción"
2017,9680,8/16/2017,"Miercoles",0,22:30:00,,"0.0",2,"Moto/Ciclomotor,Automóvil","Chacabuco Y Bv H Irigoyen",4,2,0,0,2,0,0,,"Avenida",,"RAFAELA","Castellanos","Hormigón","No existe","V","Dentro","Urbana","Ninguna","No existe","Intersección","Bueno","Buena","Nocturna","Buen Tiempo","Lateral","S/D","Colisión","Otro","Vertical","Ninguna","Sin restricción"
2017,9681,8/28/2017,"Lunes",0,16:30:00,,"0.0",2,"Bicicleta,Moto/Ciclomotor","DR LUIS AGOTE Y BV OROÑO",2,2,0,0,0,0,0,,"Calle",,"SAN LORENZO","San Lorenzo","Asfalto","No existe","XVII","Dentro","Urbana","Ninguna","No existe","Intersección","Bueno","Buena","Diurna","Otro","Otro","S/D","Colisión","Ninguna","Faltante","Ninguna","Sin restricción"
2017,9682,8/27/2017,"Domingo",0,20:30:00,,"0.0",2,"Taxi/Remis,Moto/Ciclomotor","Tte. roca Y Jose Ingenieros",3,1,0,0,2,0,0,,"Calle",,"SAN LORENZO","San Lorenzo","Asfalto","No existe","XVII","Dentro","Urbana","Ninguna","No existe","Intersección","Bueno","Buena","Nocturna","Otro","Otro","S/D","Colisión","Ninguna","Faltante","Ninguna","S/D"
2017,9683,8/25/2017,"Viernes",0,16:00:00,"Ruta Nacional 11","0.0",2,"Bicicleta,Automóvil","3 de Febrero Y Av San Martin",2,1,0,0,0,0,1,,"Ruta",11,"SAN LORENZO","San Lorenzo","Asfalto","No existe","XVII","Dentro","Urbana","Ninguna","No existe","Intersección","Bueno","Buena","Diurna","Otro","S/D","Ciclista","Atropello","Ninguna","Faltante","Ninguna","Sin restricción"
2017,9684,8/24/2017,"Jueves",0,22:40:00,"Ruta Nacional 11","0.0",2,"Peatón,Moto/Ciclomotor","Av San Martin 1100",2,1,0,0,0,0,1,,"Ruta",11,"SAN LORENZO","San Lorenzo","Asfalto","No existe","XVII","Dentro","Urbana","Ninguna","No existe","Intersección","Bueno","Buena","Nocturna","Otro","S/D","Peatón","Atropello","Ninguna","Faltante","Ninguna","Sin restricción"
2017,9685,8/24/2017,"Jueves",0,7:30:00,,"0.0",2,"Moto/Ciclomotor,Automóvil","Moreno Y Irigoyen",2,1,0,0,0,0,1,,"Calle",,"SAN LORENZO","San Lorenzo","Asfalto","No existe","XVII","Dentro","Urbana","Ninguna","No existe","Intersección","Bueno","Buena","Diurna","Otro","Otro","S/D","Colisión","Ninguna","Faltante","Ninguna","Sin restricción"
2017,9686,8/24/2017,"Jueves",0,13:20:00,"Autopista Provincial Brigadier E.López","15.0",2,"Automóvil,Otros"," ",3,0,0,0,0,0,3,,"Autopista","Brigadier E.López","SAN LORENZO","San Lorenzo","Asfalto","No existe","XVII","Dentro","Urbana","Ninguna","No existe","Recta","Bueno","Buena","Diurna","Otro","Otro","S/D","Colisión","Ninguna","Faltante","Ninguna","Sin restricción"
2017,9687,8/23/2017,"Miercoles",0,21:50:00,"Ruta Nacional 11","0.0",2,"Moto/Ciclomotor,Automóvil","Av San Martin Y Alvarez Thomas",2,1,0,0,0,0,1,,"Ruta",11,"SAN LORENZO","San Lorenzo","Asfalto","No existe","XVII","Dentro","Urbana","Ninguna","No existe","Intersección","Bueno","S/D","Nocturna","Otro","Otro","S/D","Colisión","Ninguna","Faltante","Ninguna","Sin restricción"
2017,9688,10/3/2017,"Martes",0,18:30:00,,"0.0",2,"Automóvil,Bicicleta","Calle 27-Gdor Freyre Y Calle 20-9 de Julio",2,1,0,0,1,0,0,"-29.150527777778,-59.64825","Calle",,"RECONQUISTA","General Obligado","Asfalto","No existe","IX","Dentro","Urbana","Ninguna","Intermitente","Recta","Bueno","Buena","Nocturna","Lluvia","S/D","Ciclista","Atropello","Agua","Horizontal","Ninguna","Sin restricción"
2017,9689,10/26/2017,"Jueves",0,7:40:00,"Ruta Provincial 40","0.0",2,"Camión c / Acoplado,Bicicleta"," ",2,0,1,0,1,0,0,,"Ruta",40,"RECONQUISTA","General Obligado","Asfalto","S/D","IX","Dentro","Urbana","S/D","S/D","Intersección","Bueno","S/D","S/D","Buen Tiempo","S/D","Ciclista","Atropello","Ninguna","Horizontal","Barrera de hormigón","Sin restricción"
2017,9690,5/2/2017,"Martes",0,8:00:00,,"0.0",2,"Automóvil,Moto/Ciclomotor","Calle 21-Gdor. iriondo Y Calle 24 - Olessio",2,1,0,0,1,0,0,"-29.147027777778,-59.65025","Calle",,"RECONQUISTA","General Obligado","Asfalto","No existe","IX","Dentro","Urbana","S/D","No existe","Intersección","Bueno","Buena","Diurna","Buen Tiempo","S/D","S/D","Colisión","Ninguna","S/D","Cordón divisorio","Sin restricción"
2017,9691,5/22/2017,"Lunes",0,20:00:00,,"0.0",2,"Moto/Ciclomotor,Automóvil","Calle 30-Lucas Funes 246",2,1,0,0,1,0,0,"-29.138527777778,-59.652805555556","Calle",,"RECONQUISTA","General Obligado","Tierra","Natural","IX","Dentro","Urbana","Ninguna","No existe","Recta","Con baches","Buena","Diurna","Buen Tiempo","Otro","S/D","Colisión","Ninguna","Faltante","Ninguna","Sin restricción"
2017,9692,12/5/2017,"Martes",0,17:30:00,,"0.0",2,"Automóvil,Automóvil","Calle 31-Newbery 2270",2,1,0,0,0,0,1,"-29.150805555556,-59.665805555556","S/D",,"RECONQUISTA","General Obligado","Asfalto","S/D","IX","S/D","Urbana","S/D","S/D","Recta","Bueno","S/D","S/D","S/D","S/D","S/D","S/D","Ninguna","S/D","S/D","S/D"
2017,9693,5/15/2017,"Lunes",0,12:30:00,"Ruta Nacional 11","0.0",2,"Camión Chasis,Bicicleta","Ruta Nacional 11 Y Calle 33-Pueyrredon",2,1,0,0,1,0,0,,"Ruta",11,"RECONQUISTA","General Obligado","Asfalto","No existe","IX","Dentro","Urbana","Ninguna","No existe","Intersección","Bueno","Buena","Diurna","Buen Tiempo","S/D","Ciclista","Atropello","Ninguna","S/D","Ninguna","Sin restricción"
2017,9694,12/15/2017,"Viernes",0,11:45:00,,"0.0",2,"Automóvil,Bicicleta","Calle 20 9 de Julio Y Calle 15-Pcio. Diez",2,1,0,0,1,0,0,"-29.144055555556,-59.647361111111","Calle",,"RECONQUISTA","General Obligado","Asfalto","S/D","IX","S/D","Urbana","S/D","S/D","Intersección","Bueno","S/D","S/D","S/D","S/D","S/D","Colisión","S/D","S/D","S/D","S/D"
2017,9695,5/29/2017,"Lunes",0,14:15:00,,"0.0",2,"Automóvil,Moto/Ciclomotor","Calle 8-Chacabuco Y Calle 15-Pcio. Diez",2,1,0,0,1,0,0,"-29.144861111111,-59.639972222222","Calle",,"RECONQUISTA","General Obligado","Asfalto","No existe","IX","Dentro","Urbana","Ninguna","No existe","Intersección","Bueno","Buena","Diurna","Buen Tiempo","Lateral","S/D","Colisión","Ninguna","S/D","Ninguna","Sin restricción"
2017,9696,12/15/2017,"Viernes",0,17:53:00,,"0.0",2,"Automóvil,Moto/Ciclomotor","327 Y HEROES DE MALVINAS",2,1,0,0,0,0,1,"-29.103229, -59.637426","Calle",,"AVELLANEDA","General Obligado","S/D","S/D","IX","Dentro","Rural","S/D","S/D","Intersección","S/D","S/D","Diurna","S/D","Lateral","S/D","Colisión","S/D","S/D","S/D","S/D"
2017,9697,5/17/2017,"Miercoles",0,16:30:00,,"0.0",2,"Moto/Ciclomotor,Automóvil","Calle 27-Gdor Freyre Y Calle 22- 25 de Mayo",3,1,0,0,2,0,0,,"Calle",,"RECONQUISTA","General Obligado","Asfalto","No existe","IX","S/D","Urbana","Ninguna","No existe","Intersección","Bueno","Buena","Diurna","Buen Tiempo","S/D","S/D","Colisión","Ninguna","S/D","S/D","Sin restricción"
2017,9698,5/24/2017,"Miercoles",0,14:30:00,,"0.0",2,"Moto/Ciclomotor,Automóvil","Calle 15-Pcio. Diez Y Calle 28-San lorenzo",2,1,0,0,1,0,0,"-29.143555555556,-59.652277777778","Calle",,"RECONQUISTA","General Obligado","Asfalto","No existe","IX","S/D","Urbana","Ninguna","No existe","Intersección","Bueno","Buena","Diurna","Buen Tiempo","Otro","S/D","Colisión","Ninguna","Vertical","Línea divisoria pintada","Sin restricción"
2017,9699,12/3/2017,"Domingo",0,6:00:00,"Ruta Nacional 11","792.0",2,"Moto/Ciclomotor,Otros","Calle 21-Gdor. iriondo Y Ruta Nacional 11",3,2,0,0,0,0,1,"-29.123694444444,-59.653111111111","Ruta",11,"RECONQUISTA","General Obligado","Asfalto","S/D","IX","Dentro","Urbana","S/D","S/D","Intersección","S/D","S/D","Amanecer","S/D","S/D","S/D","S/D","S/D","S/D","S/D","S/D"
2017,9700,12/8/2017,"Viernes",0,21:15:00,,"0.0",2,"Moto/Ciclomotor,Automóvil","Calle 12 Y Calle 15",5,4,0,0,1,0,0,"-29.119666666667,-59.658944444444","Calle",,"AVELLANEDA","General Obligado","S/D","S/D","IX","Dentro","Urbana","S/D","S/D","Intersección","S/D","S/D","Nocturna","S/D","Lateral","S/D","Colisión","S/D","S/D","S/D","S/D"
2017,9701,10/7/2017,"Sabado",0,5:40:00,,"0.0",1,"Moto/Ciclomotor","Calle 23-Gral lopez Y Calle 28-San lorenzo",1,0,1,0,0,0,0,"-29.147861111111,-59.652861111111","S/D",,"RECONQUISTA","General Obligado","Asfalto","No existe","IX","S/D","Urbana","Otra Señal","No existe","Intersección","Con baches","Buena","Con luz artificial","Buen Tiempo","Contra objeto fijo,Frontal","S/D","Colisión","Material Suelto","Faltante","Barrera de hormigón","Obra en Construcción"
2017,9702,12/1/2017,"Viernes",0,19:05:00,,"0.0",2,"Pickup/Utilitario,Moto/Ciclomotor","Calle 301 Y Calle 316",2,1,0,0,1,0,0,"-29.111722222222,-59.655194444444","Calle",,"AVELLANEDA","General Obligado","S/D","S/D","IX","Dentro","Urbana","S/D","S/D","Intersección","S/D","S/D","Diurna","S/D","Lateral","S/D","Colisión","S/D","S/D","S/D","S/D"
2017,9703,10/9/2017,"Lunes",0,14:30:00,"Ruta Nacional 11","0.0",2,"Moto/Ciclomotor,Bicicleta"," ",2,2,0,0,0,0,0,,"Ruta",11,"RECONQUISTA","General Obligado","Asfalto","No existe","IX","S/D","Urbana","Ninguna","Funciona","Recta","Bueno","Buena","Diurna","Buen Tiempo","S/D","Ciclista","Atropello","Ninguna","Vertical","Línea divisoria pintada","Sin restricción"
2017,9704,10/10/2017,"Martes",0,14:30:00,,"0.0",2,"Automóvil,Moto/Ciclomotor","Calle 16 Gral Obligado Y Calle 23-Gral lopez",2,1,0,0,1,0,0,"-29.148638888889,-59.6455","Calle",,"RECONQUISTA","General Obligado","Asfalto","No existe","IX","Dentro","Urbana","Ninguna","No existe","Intersección","Bueno","Buena","Diurna","Buen Tiempo","De alcance","S/D","Colisión","Ninguna","Vertical","Cordón divisorio","Sin restricción"
2017,9705,12/21/2017,"Jueves",0,17:45:00,,"0.0",2,"Moto/Ciclomotor,Pickup/Utilitario","Calle 21 95",4,3,0,0,1,0,0,"-29.122388888889,-59.664444444444","Calle",,"AVELLANEDA","General Obligado","Asfalto","S/D","IX","Dentro","Urbana","S/D","S/D","Recta","S/D","S/D","S/D","S/D","De alcance","S/D","Colisión","S/D","S/D","S/D","S/D"
2017,9706,10/9/2017,"Lunes",0,8:30:00,,"0.0",2,"Automóvil,Moto/Ciclomotor","Calle 21-Gdor. iriondo Y Calle 20-9 de Julio",2,1,0,0,1,0,0,"-29.147305555556,-59.647805555556","Calle",,"RECONQUISTA","General Obligado","Hormigón","S/D","IX","Dentro","Urbana","Ninguna","No existe","Intersección","Bueno","Buena","Diurna","Buen Tiempo","Lateral","S/D","Colisión","Ninguna","S/D","Ninguna","Sin restricción"
2017,9707,10/3/2017,"Martes",0,17:15:00,,"0.0",2,"Moto/Ciclomotor,Moto/Ciclomotor","Fray  Constenzi Y Juan D. Peron",2,1,0,0,1,0,0,,"Calle",,"SAN ANTONIO DE OBLIGADO","General Obligado","Asfalto","S/D","IX","Dentro","Urbana","Ninguna","No existe","Recta","Bueno","Buena","Diurna","Buen Tiempo","Lateral","S/D","Colisión","S/D","S/D","Ninguna","S/D"
2017,9708,12/4/2017,"Lunes",0,19:10:00,,"0.0",2,"Bicicleta,Automóvil","Calle 11-Alvear Y Pasaje 8-10 Moreno",2,1,0,0,0,0,1,,"S/D",,"RECONQUISTA","General Obligado","Asfalto","S/D","IX","S/D","S/D","S/D","S/D","Intersección","Bueno","S/D","S/D","S/D","S/D","S/D","S/D","S/D","S/D","S/D","S/D"
2017,9709,10/7/2017,"Sabado",0,10:30:00,,"0.0",2,"Pickup/Utilitario,Moto/Ciclomotor","Fray Constenzi  ",2,0,1,0,1,0,0,,"Calle",,"SAN ANTONIO DE OBLIGADO","General Obligado","Asfalto","S/D","IX","Dentro","Urbana","Ninguna","No existe","Recta","Bueno","Buena","Diurna","Buen Tiempo","S/D","S/D","Colisión","S/D","S/D","Ninguna","S/D"
2017,9710,10/29/2017,"Domingo",0,1:35:00,,"0.0",2,"Moto/Ciclomotor,Moto/Ciclomotor","Fray Ermete Constanzi Y Eva Peron",3,2,0,0,1,0,0,,"Calle",,"SAN ANTONIO DE OBLIGADO","General Obligado","Asfalto","S/D","IX","Dentro","Urbana","Ninguna","No existe","Intersección","Bueno","Buena","Nocturna,Con luz artificial","Buen Tiempo","Frontal","S/D","Colisión","Ninguna","S/D","Ninguna","S/D"
2017,9711,10/23/2017,"Lunes",0,20:40:00,,"0.0",2,"Automóvil,Moto/Ciclomotor","Calle 6 Y Calle 1",3,2,0,0,1,0,0,"-29.111666666667,-59.661527777778","Calle",,"AVELLANEDA","General Obligado","Asfalto","Pavimento","IX","Dentro","Urbana","S/D","No existe","Intersección","Bueno","S/D","Nocturna","S/D","Lateral","S/D","Colisión","S/D","S/D","S/D","S/D"
2017,9712,12/2/2017,"Sabado",0,14:25:00,,"0.0",2,"Pickup/Utilitario,Moto/Ciclomotor","Calle 15-Pcio. Diez Y Calle 22- 25 de Mayo",2,0,1,0,1,0,0,"-29.143944444444,-59.648583333333","Calle",,"RECONQUISTA","General Obligado","Asfalto","No existe","IX","Dentro","Urbana","Ninguna","No existe","Intersección","Bueno","Buena","Diurna","Buen Tiempo","S/D","S/D","Colisión","Ninguna","Faltante","Ninguna","Sin restricción"
2017,9713,10/20/2017,"Viernes",0,21:30:00,"Ruta Provincial 31","0.0",2,"Moto/Ciclomotor,Automóvil","Ruta Nacional 11 ",3,2,0,0,1,0,0,,"Ruta",31,"AVELLANEDA","General Obligado","Asfalto","Natural","IX","Dentro","Rural","S/D","No existe","Cruce","S/D","S/D","Nocturna","S/D","S/D","S/D","Colisión","S/D","S/D","S/D","S/D"
2017,9714,10/17/2017,"Martes",0,13:15:00,,"0.0",2,"Moto/Ciclomotor,Moto/Ciclomotor","Calle 307 Y Calle 324",4,3,0,0,1,0,0,"-29.109666666667,-59.6495","Calle",,"AVELLANEDA","General Obligado","Asfalto","S/D","IX","Dentro","Urbana","S/D","S/D","Recta","S/D","S/D","Diurna","S/D","De alcance","S/D","Colisión","S/D","S/D","S/D","S/D"
2017,9715,12/6/2017,"Miercoles",0,9:05:00,"Ruta Nacional 11","788.4",2,"Pickup/Utilitario,Moto/Ciclomotor","Calle 34 Y Calle 27-Gdor Freyre",2,0,1,0,1,0,0,"-29.149611111111,-59.656888888889","Ruta",11,"RECONQUISTA","General Obligado","Asfalto","No existe","IX","Dentro","Urbana","Ninguna","No existe","Recta","Bueno","Buena","Diurna","Buen Tiempo","De alcance","S/D","Colisión","Ninguna","Faltante","Ninguna","Sin restricción"
2017,9716,10/17/2017,"Martes",0,11:05:00,,"0.0",2,"Moto/Ciclomotor,Pickup/Utilitario","Calle 2 Y Calle 9",4,3,0,0,1,0,0,"-29.115666666667,-59.664666666667","Calle",,"AVELLANEDA","General Obligado","Asfalto","S/D","IX","S/D","Urbana","S/D","S/D","Intersección","S/D","S/D","Diurna","S/D","De alcance","S/D","Colisión","S/D","S/D","S/D","S/D"
2017,9717,10/15/2017,"Domingo",0,6:15:00,"Ruta Nacional 11","790.0",2,"Moto/Ciclomotor,Automóvil"," ",3,2,0,0,1,0,0,,"Ruta",11,"AVELLANEDA","General Obligado","Asfalto","Natural","IX","Dentro","Urbana","Ninguna","No existe","Recta","S/D","Buena","Amanecer","Buen Tiempo","Lateral","S/D","Colisión","S/D","S/D","S/D","S/D"
2017,9718,12/23/2017,"Sabado",1,17:10:00,"Ruta Provincial 14","95.2",2,"Automóvil,Moto/Ciclomotor","Ruta provincial N? 14 95.15",4,1,1,0,2,0,0,"-33.527772570665, -61.472803910483","Ruta",14,"PUEBLO MIGUEL TORRES","General López","Asfalto","Natural","VIII","Dentro","Urbana","S/D","No existe","Recta","Otro","Buena","Diurna","Buen Tiempo","S/D","S/D","Colisión","Ninguna","Vertical","Línea divisoria pintada","Sin restricción"
2017,9719,10/14/2017,"Sabado",0,16:05:00,,"0.0",2,"Moto/Ciclomotor,Automóvil","CAlle 14 Y Calle 9",2,1,0,0,1,0,0,"-29.116527777778,-59.657194444444","Calle",,"AVELLANEDA","General Obligado","Asfalto","Pavimento","IX","Dentro","Urbana","S/D","No existe","Intersección","S/D","S/D","Diurna","S/D","De alcance","S/D","Colisión","S/D","S/D","S/D","S/D"
2017,9720,10/9/2017,"Lunes",0,19:45:00,,"0.0",2,"Moto/Ciclomotor,Automóvil","Calle 2 Y Calle 9",3,2,0,0,1,0,0,"-29.115666666667,-59.664666666667","Calle",,"AVELLANEDA","General Obligado","Asfalto","S/D","IX","Dentro","Urbana","S/D","S/D","Intersección","S/D","S/D","Nocturna","S/D","Lateral","S/D","Colisión","S/D","S/D","S/D","S/D"
2017,9721,10/8/2017,"Domingo",0,5:55:00,,"0.0",2,"Moto/Ciclomotor,Automóvil","Calle 20 Y Calle 21",2,1,0,0,1,0,0,"-29.123611111111,-59.653944444444","Calle",,"AVELLANEDA","General Obligado","Asfalto","S/D","IX","Dentro","Urbana","S/D","S/D","Intersección","S/D","S/D","Amanecer","S/D","Lateral","S/D","Colisión","S/D","S/D","S/D","S/D"
2017,9722,10/5/2017,"Jueves",0,19:00:00,,"0.0",2,"Moto/Ciclomotor,Bicicleta","Calle 16 Y Calle 21",3,3,0,0,0,0,0,,"Calle",,"AVELLANEDA","General Obligado","Asfalto","Pavimento","IX","Dentro","Urbana","S/D","S/D","Intersección","S/D","S/D","Diurna","S/D","S/D","Ciclista","Atropello","S/D","S/D","S/D","S/D"