"anio_acci","nro_acci","fecha","desc_dia","fecha_aprox","hora_aprox","desc_ruta","km","cant_participantes","desc_participante","calle_avenida_km","total","heridos_leves","heridos_graves","heridos_gravisimos","ilesos","fallecidos","sin_datos","posicion_XY","desc_tipo_via","desc_ruta_ori","desc_loc","desc_dpto","desc_tipo_calzada","desc_tipo_banquina","desc_unidad_regional","desc_lugar_calzada","desc_zona","desc_prioridad","desc_estado_semaforo","desc_lugar_via","desc_estado_via","desc_estado_visibilidad","desc_luminosidad","desc_estado_clima","desc_tipo_colision","desc_tipo_atropello","desc_tipo_hecho","desc_pres_calzada","desc_senializacion","desc_separacion_via","desc_restriccion"
2017,9723,12/14/2017,"Jueves",0,11:05:00,,"0.0",2,"Automóvil,Moto/Ciclomotor","SARMIENTO Y BV COLON",2,1,0,0,1,0,0,,"Calle",,"FIRMAT","General López","Asfalto","No existe","VIII","Dentro","Urbana","Ninguna","No existe","Recta","Bueno","Buena","Diurna","Buen Tiempo","Contra objeto fijo","S/D","Colisión","Ninguna","S/D","Ninguna","Sin restricción"
2017,9724,10/7/2017,"Sabado",0,8:10:00,,"0.0",1,"Moto/Ciclomotor","Calle 11-Alvear Y Calle 8-Chacabuco",2,1,0,0,1,0,0,,"Calle",,"RECONQUISTA","General Obligado","Asfalto","S/D","IX","Dentro","Urbana","Ninguna","S/D","Intersección","Bueno","Buena","Diurna","Buen Tiempo","S/D","S/D","Caída ocupante","Ninguna","S/D","Cordón divisorio","Sin restricción"
2017,9725,10/22/2017,"Domingo",0,21:30:00,,"0.0",2,"Moto/Ciclomotor,Automóvil","25 de Mayo Y 9 de Julio",2,1,0,0,1,0,0,,"Calle",,"TEODELINA","General López","Asfalto","Pavimento","VIII","S/D","Urbana","Ninguna","No existe","Intersección","Bueno","Reducida","Nocturna,Con luz artificial","Buen Tiempo","Lateral","S/D","Colisión","Ninguna","S/D","Ninguna","Sin restricción"
2017,9726,10/19/2017,"Jueves",0,20:00:00,"Ruta Nacional 33","0.0",2,"Automóvil,Camión"," ",4,0,2,0,2,0,0,,"Ruta",33,"AMENABAR","General López","Asfalto","Ripio","VIII","S/D","S/D","S/D","No existe","Curva","Bueno","Buena","Nocturna","Buen Tiempo","Frontal","S/D","Colisión","S/D","Horizontal","S/D","Sin restricción"
2017,9727,8/16/2017,"Miercoles",0,21:30:00,,"0.0",2,"Automóvil,Moto/Ciclomotor","Dorrego Y 9 de Julio",2,1,0,0,0,0,1,,"Calle",,"SAN LORENZO","San Lorenzo","Asfalto","No existe","XVII","Dentro","Urbana","Ninguna","No existe","Intersección","Bueno","Buena","Nocturna","Otro","Otro","S/D","Colisión","Ninguna","Faltante","Ninguna","Sin restricción"
2017,9728,8/23/2017,"Miercoles",0,19:15:00,,"0.0",2,"Moto/Ciclomotor,Moto/Ciclomotor","Juan XXIII Y J V Gimenez",3,2,1,0,0,0,0,,"Calle",,"VERA","Vera","Tierra","No existe","XIX","Dentro","Urbana","Ninguna","No existe","Intersección","Bueno","Buena","Atardecer","Buen Tiempo","Frontal","S/D","Colisión","Ninguna","S/D","Ninguna","Sin restricción"
2017,9729,8/16/2017,"Miercoles",0,14:00:00,,"0.0",1,"Transporte de Pasajeros Urbano (> 8 asientos)","Sargento Cabral Y Tucuman",2,0,0,0,0,0,2,,"Calle",,"SAN LORENZO","San Lorenzo","Asfalto","No existe","XVII","Dentro","Urbana","Ninguna","No existe","Intersección","Bueno","Buena","Diurna","Otro","Otro","S/D","Caída ocupante","Ninguna","Faltante","Cordón divisorio","Sin restricción"
2017,9730,8/17/2017,"Jueves",0,10:20:00,,"0.0",1,"Moto/Ciclomotor","J B Justo Y Bv Mariano Moreno",1,0,1,0,0,0,0,,"Avenida",,"SAN CRISTÓBAL","San Cristóbal","Asfalto","Pavimento","XIII","Dentro","Urbana","Ninguna","No existe","Intersección","Bueno","Buena","Diurna","Buen Tiempo","S/D","S/D","Caída ocupante","Ninguna","Faltante","Ninguna","Sin restricción"
2017,9731,8/22/2017,"Martes",0,22:40:00,,"0.0",2,"Moto/Ciclomotor,Peatón","E Aleman 700",2,2,0,0,0,0,0,,"Calle",,"VERA","Vera","Tierra","No existe","XIX","Dentro","Urbana","Ninguna","No existe","Recta","Con baches","Reducida","Nocturna","Buen Tiempo","S/D","Peatón","Atropello","Ninguna","Faltante","Ninguna","Sin restricción"
2017,9732,8/18/2017,"Viernes",0,20:45:00,,"0.0",2,"Automóvil,Automóvil","Oroño Y Sarmiento",3,0,1,0,2,0,0,,"Calle",,"SAN CRISTÓBAL","San Cristóbal","Ripio","Natural","XIII","Dentro","Urbana","Ninguna","No existe","Intersección","Bueno","Buena","Nocturna","Buen Tiempo","Lateral","S/D","Colisión","Ninguna","Faltante","Ninguna","Sin restricción"
2017,9733,8/15/2017,"Martes",0,21:50:00,"Ruta Nacional 11","0.0",2,"Automóvil,Moto/Ciclomotor","Richieri Y Av San Martin",3,1,0,0,0,0,2,,"Ruta",11,"SAN LORENZO","San Lorenzo","Asfalto","No existe","XVII","Dentro","Urbana","Ninguna","No existe","Intersección","Bueno","Buena","Nocturna","Viento Fuerte","Otro","S/D","Colisión","Ninguna","Faltante","Cordón divisorio,Ninguna","Sin restricción"
2017,9734,8/25/2017,"Viernes",0,11:00:00,,"0.0",2,"Camión Chasis,Moto/Ciclomotor","Belgrano Y L Alem",3,1,0,0,2,0,0,,"Calle",,"VERA","Vera","Ripio","No existe","XIX","Dentro","Urbana","Ninguna","No existe","Intersección","Bueno","Buena","Diurna","Buen Tiempo","Frontal","S/D","Colisión","Ninguna","Faltante","Ninguna","Sin restricción"
2017,9735,8/14/2017,"Lunes",0,10:55:00,,"0.0",2,"Automóvil,Moto/Ciclomotor","Jujuy Y G Mistral",3,0,0,0,0,0,3,,"Calle",,"SAN LORENZO","San Lorenzo","Asfalto","No existe","XVII","Dentro","Urbana","Ninguna","No existe","Intersección","Bueno","Buena","Diurna","Otro","Otro","S/D","Colisión","Ninguna","Faltante","Ninguna","Sin restricción"
2017,9736,8/29/2017,"Martes",0,0:05:00,,"0.0",3,"Automóvil,Automóvil,Transporte de Pasajeros Larga Distancia (> 8 asientos)","25 de Mayo Y San Martin",3,1,0,0,2,0,0,,"Calle",,"VERA","Vera","Asfalto","No existe","XIX","Dentro","Urbana","Ninguna","No existe","Intersección","Bueno","Buena","Nocturna","Buen Tiempo","Múltiple","S/D","Colisión","Ninguna","S/D","Ninguna","Sin restricción"
2017,9737,8/26/2017,"Sabado",0,0:15:00,,"0.0",1,"Pickup/Utilitario","Santiago del Estero Y 9 de Julio",1,0,1,0,0,0,0,,"Calle",,"SUARDI","San Cristóbal","Asfalto","S/D","XIII","Fuera","Urbana","Ninguna","No existe","Intersección","Resbaladiza","Reducida","Nocturna,Con luz artificial","Granizo","S/D","S/D","Despiste","Agua","Faltante","Ninguna","Sin restricción"
2017,9738,8/12/2017,"Sabado",0,12:00:00,,"0.0",2,"Moto/Ciclomotor,Automóvil","Av San Martin Y Rivadavia",2,0,0,0,0,0,2,,"Calle",,"SAN LORENZO","San Lorenzo","Asfalto","No existe","XVII","Dentro","Urbana","Ninguna","No existe","Intersección","Bueno","Buena","Diurna","Otro","Otro","S/D","Colisión","Ninguna","Faltante","Cordón divisorio","Sin restricción"
2017,9739,8/21/2017,"Lunes",0,3:50:00,,"0.0",2,"Moto/Ciclomotor,Automóvil","Rivadavia Y Estanislao Lopez",4,2,0,0,2,0,0,,"Calle",,"SAN JOSÉ DE LA ESQUINA","Caseros","Asfalto","No existe","IV","Dentro","Urbana","Ninguna","No existe","Intersección","Bueno","Buena","Nocturna,Con luz artificial","Buen Tiempo","Lateral","S/D","Colisión","Ninguna","Horizontal","Ninguna","Sin restricción"
2017,9740,8/24/2017,"Jueves",0,11:00:00,,"0.0",2,"Moto/Ciclomotor,Bicicleta","Caseros Y L de la Torre",2,1,0,0,1,0,0,,"Calle",,"SAN CRISTÓBAL","San Cristóbal","Hormigón","Pavimento","XIII","Dentro","Urbana","Ninguna","No existe","Intersección","Bueno","Buena","Diurna","Buen Tiempo","S/D","Ciclista","Atropello","Ninguna","Vertical","Cordón divisorio","Sin restricción"
2017,9741,8/12/2017,"Sabado",0,10:30:00,"Ruta Nacional 11","0.0",2,"Moto/Ciclomotor,Automóvil","Av San Martin Y San Juan",3,0,0,0,0,0,3,,"Ruta",11,"SAN LORENZO","San Lorenzo","Asfalto","No existe","XVII","Dentro","Urbana","Ninguna","No existe","Intersección","Bueno","Buena","Diurna","Otro","Otro","S/D","Colisión","Ninguna","Horizontal","Cordón divisorio,Línea divisoria pintada","Sin restricción"
2017,9742,8/6/2017,"Domingo",0,5:50:00,"Ruta Nacional 178","0.0",1,"Automóvil","Av San Martin Y Almte Brown",1,1,0,0,0,0,0,,"Ruta",178,"BIGAND","Caseros","Asfalto","No existe","IV","S/D","Urbana","Ninguna","No existe","Intersección","Bueno","Buena","Nocturna","Buen Tiempo","S/D","S/D","Vuelco","Ninguna","Horizontal","Ninguna","Sin restricción"
2017,9743,8/25/2017,"Viernes",0,14:30:00,"Ruta Provincial 13","5.0",1,"Automóvil"," ",1,1,0,0,0,0,0,,"Ruta",13,"CONSTANZA","San Cristóbal","Asfalto","Natural","XIII","Fuera","Rural","Ninguna","No existe","Recta","Con baches","Buena","Diurna","Buen Tiempo","S/D","S/D","Vuelco","Ninguna","Faltante","Línea divisoria pintada","Sin restricción"
2017,9744,8/30/2017,"Miercoles",0,13:15:00,"Ruta Nacional 178","82.0",2,"Bicicleta,Camión c / Acoplado"," ",3,0,1,0,2,0,0,,"Ruta",178,"BIGAND","Caseros","Asfalto","Natural","IV","Dentro","Rural","Marca Vial","No existe","Recta","Bueno","Buena","Diurna","Buen Tiempo","S/D","Ciclista","Atropello","Ninguna","Horizontal","Línea divisoria pintada","Sin restricción"
2017,9745,8/11/2017,"Viernes",0,7:30:00,,"0.0",2,"Moto/Ciclomotor,Automóvil","Sargento Cabral Y L N Alem",6,3,0,0,0,0,3,,"Calle",,"SAN LORENZO","San Lorenzo","Asfalto","No existe","XVII","Dentro","Urbana","Ninguna","No existe","Intersección","Bueno","Buena","Diurna","Otro","Otro","S/D","Colisión","Ninguna","Faltante","Cordón divisorio,Ninguna","Sin restricción"
2017,9746,8/20/2017,"Domingo",0,11:50:00,,"0.0",2,"Automóvil,Moto/Ciclomotor","Baron Hirsch Y Colon",2,0,1,0,1,0,0,,"Calle",,"MOISÉS VILLE","San Cristóbal","Asfalto","No existe","XIII","Dentro","Urbana","Ninguna","No existe","Intersección","Bueno","Buena","Diurna","Buen Tiempo","Lateral","S/D","Colisión","Ninguna","Faltante","Ninguna","Sin restricción"
2017,9747,8/15/2017,"Martes",0,19:10:00,"Ruta Nacional 11","370.0",2,"Pickup/Utilitario,Moto/Ciclomotor"," ",4,2,0,0,2,0,0,,"Ruta",11,"MACIEL","San Jerónimo","Asfalto","Natural","XV","Dentro","Rural","Ninguna","No existe","Recta","Bueno","Buena","Nocturna","Buen Tiempo","Lateral","S/D","Colisión","Ninguna","Faltante","Línea divisoria pintada","Sin restricción"
2017,9748,8/11/2017,"Viernes",0,19:10:00,,"0.0",2,"Moto/Ciclomotor,Automóvil","Falucho 1430",4,2,0,0,0,0,2,,"Calle",,"SAN LORENZO","San Lorenzo","Ripio","No existe","XVII","Dentro","Urbana","Semáforo","Funciona","Intersección","Bueno","Buena","Diurna","Otro","Otro","S/D","Colisión","Ninguna","Vertical","Ninguna","Sin restricción"
2017,9749,8/19/2017,"Sabado",0,6:30:00,"Ruta Secundaria 69-s","0.0",1,"Automóvil"," ",4,2,0,0,2,0,0,,"Ruta","69-s","PALACIOS","San Cristóbal","Ripio","Natural","XIII","Fuera","Rural","Ninguna","No existe","Recta","Bueno","Buena","Nocturna","Buen Tiempo","S/D","S/D","Vuelco","Ninguna","Faltante","Ninguna","Sin restricción"
2017,9750,8/9/2017,"Miercoles",0,17:20:00,,"0.0",2,"Moto/Ciclomotor,Automóvil","Morris W Y Entre Rios",2,1,0,0,0,0,1,,"Calle",,"SAN LORENZO","San Lorenzo","Asfalto","No existe","XVII","Dentro","Urbana","Ninguna","No existe","Intersección","Bueno","Buena","Diurna","Otro","Otro","S/D","Colisión","Ninguna","Faltante","Ninguna","Sin restricción"
2017,9751,8/11/2017,"Viernes",0,6:35:00,,"0.0",2,"Automóvil,Moto/Ciclomotor","Thompson Y B de Astrada",2,1,0,0,0,0,1,,"Calle",,"SAN LORENZO","San Lorenzo","Asfalto","No existe","XVII","S/D","Urbana","Ninguna","No existe","Intersección","Bueno","Buena","Diurna","Otro","Otro","S/D","Colisión","Ninguna","Faltante","Ninguna","S/D"
2017,9752,8/7/2017,"Lunes",0,20:45:00,,"0.0",2,"Moto/Ciclomotor,Moto/Ciclomotor","A Rossi Y 25 de Mayo",3,3,0,0,0,0,0,,"Calle",,"SANTA ROSA DE CALCHINES","Garay","Asfalto","Pavimento","VII","Dentro","Urbana","Ninguna","No existe","Intersección","Bueno","Buena","Nocturna","Buen Tiempo","De alcance","S/D","Colisión","Ninguna","S/D","Ninguna","S/D"
2017,9753,8/8/2017,"Martes",0,22:15:00,"Ruta Nacional 11","0.0",2,"Pickup/Utilitario,Moto/Ciclomotor","Av San Martin Y Urquiza",2,1,0,0,0,0,1,,"Ruta",11,"SAN LORENZO","San Lorenzo","Asfalto","No existe","XVII","Dentro","Urbana","Semáforo","Funciona","Intersección","Bueno","S/D","Nocturna","Buen Tiempo","Otro","S/D","Colisión","Ninguna","Horizontal,Vertical","Ninguna","Accidente Previo"
2017,9754,8/18/2017,"Viernes",0,19:40:00,"Ruta Provincial 1","38.0",2,"Moto/Ciclomotor,Automóvil","Uruguay ",2,1,0,0,1,0,0,,"Ruta",1,"SANTA ROSA DE CALCHINES","Garay","Asfalto","Pavimento","VII","Dentro","Urbana","Ninguna","No existe","Cruce","Bueno","Buena","Nocturna","Buen Tiempo","Lateral","S/D","Colisión","Ninguna","S/D","Ninguna","Sin restricción"
2017,9755,8/18/2017,"Viernes",0,12:15:00,"Ruta Provincial 13","0.0",2,"Pickup/Utilitario,Moto/Ciclomotor"," ",2,0,1,0,1,0,0,,"Ruta",13,"RINCÓN QUEBRACHO","San Cristóbal","Asfalto","Natural","XIII","Dentro","Urbana","Ninguna","No existe","Recta","Bueno","Buena","Diurna","Buen Tiempo","Lateral","S/D","Colisión","Ninguna","Faltante","Línea divisoria pintada","Sin restricción"
2017,9756,8/7/2017,"Lunes",0,16:30:00,,"15.0",2,"Automóvil,Automóvil"," ",2,1,0,0,0,0,1,,"Calle",,"SAN LORENZO","San Lorenzo","Asfalto","No existe","XVII","Dentro","Urbana","Ninguna","No existe","Recta","Bueno","Buena","Diurna","Otro","Otro","S/D","Colisión","Ninguna","Faltante","Ninguna","S/D"
2017,9757,8/17/2017,"Jueves",0,18:10:00,,"0.0",2,"Moto/Ciclomotor,Automóvil","Dalmacio Velez Sarsfield Y Boulevard Ocampo",2,1,0,0,1,0,0,,"Calle",,"HELVECIA","Garay","Asfalto","Natural","VII","S/D","Urbana","Ninguna","No existe","Intersección","Bueno","Reducida","Atardecer","Buen Tiempo","Lateral","S/D","Colisión","Ninguna","S/D","Ninguna","Sin restricción"
2017,9758,7/4/2017,"Martes",0,20:30:00,,"0.0",2,"Moto/Ciclomotor,Otros","Ruta Nac 11 Y La Rioja",2,0,0,0,0,0,2,,"Calle",,"SAN LORENZO","San Lorenzo","Asfalto","No existe","XVII","Dentro","Urbana","Ninguna","No existe","Intersección","Bueno","Buena","Nocturna","Otro","Otro","S/D","Colisión","Ninguna","Faltante","Ninguna","Sin restricción"
2017,9759,8/13/2017,"Domingo",0,19:20:00,"Ruta Nacional 11","699.0",2,"Moto/Ciclomotor,Automóvil"," ",5,0,0,1,4,0,0,,"Ruta",11,"MARGARITA","Vera","Asfalto","Natural","XIX","Dentro","Rural","Ninguna","No existe","Recta","Bueno","Buena","Nocturna","Buen Tiempo","Lateral","S/D","Colisión","Ninguna","S/D","Línea divisoria pintada","Sin restricción"
2017,9760,8/17/2017,"Jueves",0,19:30:00,"Ruta Nacional 34","370.0",2,"Camión c / Acoplado,Camión c / Semirremolque"," ",2,1,0,0,1,0,0,,"Ruta",34,"HERSILIA","San Cristóbal","Asfalto","Natural","XIII","Dentro","Urbana","Ninguna","No existe","Recta","Bueno","Buena","Nocturna","Buen Tiempo","De alcance","S/D","Colisión","Ninguna","Faltante","Ninguna","Sin restricción"
2017,9761,7/3/2017,"Lunes",0,21:45:00,,"0.0",2,"Automóvil,Moto/Ciclomotor","Sargento Cabral Y 3 de Febrero",3,0,0,0,0,0,3,,"Calle",,"SAN LORENZO","San Lorenzo","Asfalto","No existe","XVII","Dentro","Urbana","Ninguna","No existe","Intersección","Bueno","Buena","Nocturna","Otro","Otro","S/D","Colisión","Ninguna","Faltante","Ninguna","Sin restricción"
2017,9762,8/1/2017,"Martes",0,19:05:00,,"0.0",2,"Automóvil,Moto/Ciclomotor"," ",2,1,0,0,0,0,1,,"Calle",,"SAN LORENZO","San Lorenzo","Asfalto","No existe","XVII","Dentro","Urbana","Ninguna","No existe","Recta","Bueno","Buena","Diurna","Buen Tiempo","Otro","S/D","Colisión","Ninguna","Faltante","Ninguna","Sin restricción"
2017,9763,8/12/2017,"Sabado",0,18:30:00,,"0.0",2,"Automóvil,Moto/Ciclomotor","J B Justo Y Pueyrredon",2,1,0,0,1,0,0,,"Avenida",,"SAN CRISTÓBAL","San Cristóbal","Hormigón","Pavimento","XIII","Dentro","Urbana","Ninguna","No existe","Intersección","Bueno","Buena","Atardecer,Con luz artificial","Buen Tiempo","Frontal","S/D","Colisión","Ninguna","Faltante","Cordón divisorio","Sin restricción"
2017,9764,8/7/2017,"Lunes",0,12:40:00,,"0.0",2,"Automóvil,Moto/Ciclomotor","Bv Belgrano Y Roque Saenz Peña",3,2,0,0,1,0,0,,"Avenida",,"CALCHAQUÍ","Vera","Asfalto","No existe","XIX","Dentro","Urbana","S/D","No existe","Curva","Bueno","Buena","Diurna","Buen Tiempo","Frontal","S/D","Colisión","Ninguna","Horizontal,Vertical","Barrera de hormigón,Cordón divisorio","Sin restricción"
2017,9765,8/1/2017,"Martes",0,18:45:00,,"0.0",2,"Bicicleta,Moto/Ciclomotor","B I Iturraspe Y Balcarce",2,1,0,0,0,0,1,,"Calle",,"RAFAELA","Castellanos","Hormigón","No existe","V","Dentro","Urbana","Ninguna","No existe","Intersección","Bueno","Buena","Atardecer","Buen Tiempo","S/D","Ciclista","Atropello","Otro","Faltante","Ninguna","Sin restricción"
2017,9766,8/6/2017,"Domingo",0,20:20:00,,"0.0",1,"Moto/Ciclomotor","D F Sarmiento Y Av Belgrano",2,1,0,0,1,0,0,,"Avenida",,"PEREZ","Rosario","Asfalto","No existe","II","Dentro","Urbana","Otra Señal","No existe","Recta","Bueno","Buena","Nocturna,Con luz artificial","Buen Tiempo","Otro","S/D","Despiste","Ninguna","Horizontal","Línea divisoria pintada","Sin restricción"
2017,9767,8/14/2017,"Lunes",0,17:15:00,,"0.0",2,"Automóvil,Moto/Ciclomotor","San Lorenzo Y Sgto Cabral",2,1,0,0,1,0,0,,"Calle",,"CALCHAQUÍ","Vera","Ripio","No existe","XIX","Dentro","Urbana","S/D","No existe","Recta","Bueno","Buena","Diurna","Buen Tiempo","S/D","S/D","Colisión","Ninguna","S/D","S/D","S/D"
2017,9768,8/1/2017,"Martes",0,13:00:00,,"0.0",2,"Moto/Ciclomotor,Automóvil","Parana Y Juan Bautista Alberdi",3,1,0,0,2,0,0,,"Calle",,"RAFAELA","Castellanos","Hormigón","No existe","V","Dentro","Urbana","Ninguna","No existe","Intersección","Bueno","Reducida","Diurna","Lluvia","Lateral","S/D","Colisión","Otro","Faltante","Ninguna","Sin restricción"
2017,9769,8/10/2017,"Jueves",0,16:10:00,,"0.0",1,"Moto/Ciclomotor","Av San Martin Y Morelli",1,1,0,0,0,0,0,,"Avenida",,"PEREZ","Rosario","Asfalto","No existe","II","Dentro","Urbana","Marca Vial","No existe","Recta","Bueno","Buena","Diurna","Buen Tiempo","S/D","S/D","Despiste","Ninguna","Horizontal","Línea divisoria pintada","Sin restricción"
2017,9770,8/9/2017,"Miercoles",0,8:00:00,"Ruta Nacional 34","0.0",2,"Camión,Moto/Ciclomotor","Ruta Nac 34 Gral Guemes Y Balcarce",2,0,1,0,1,0,0,,"Ruta",34,"RAFAELA","Castellanos","Asfalto","No existe","V","Dentro","Urbana","Semáforo","Funciona","Recta","Bueno","Buena","Diurna","Buen Tiempo","De alcance","S/D","Colisión","Otro","Faltante","Cordón divisorio","Sin restricción"
2017,9771,8/12/2017,"Sabado",0,12:45:00,,"0.0",2,"Moto/Ciclomotor,Automóvil","San Martin 700",2,1,0,0,1,0,0,,"Avenida",,"ROSARIO","Rosario","Asfalto","No existe","II","Dentro","Urbana","Marca Vial","No existe","Recta","Bueno","Buena","Diurna","Buen Tiempo","Lateral","S/D","Colisión","Ninguna","Horizontal","Línea divisoria pintada","Sin restricción"
2017,9772,8/9/2017,"Miercoles",0,14:00:00,"Ruta Secundaria 61-s","0.0",1,"Automóvil"," ",4,2,2,0,0,0,0,,"Ruta","61-s","SOLEDAD","San Cristóbal","Ripio","Natural","XIII","Dentro","Rural","Ninguna","No existe","Recta","Deteriorada","Buena","Diurna","Buen Tiempo","S/D","S/D","Vuelco","Ninguna","Faltante","Ninguna","Sin restricción"
2017,9773,8/15/2017,"Martes",0,7:25:00,,"0.0",2,"Pickup/Utilitario,Moto/Ciclomotor","Roque Saenz Peña Y Santa Fe",2,1,0,0,1,0,0,,"Calle",,"CALCHAQUÍ","Vera","Asfalto","No existe","XIX","Dentro","Urbana","S/D","No existe","Recta","Bueno","Buena","Diurna","Buen Tiempo","S/D","S/D","Colisión","Ninguna","S/D","S/D","S/D"
2017,9774,8/19/2017,"Sabado",0,18:40:00,,"0.0",2,"Moto/Ciclomotor,Automóvil","Bv Belgrano Y Pueyrredon",3,0,0,0,2,0,1,,"Avenida",,"CALCHAQUÍ","Vera","S/D","No existe","XIX","Dentro","Urbana","S/D","S/D","S/D","S/D","S/D","Diurna","S/D","S/D","S/D","Colisión","S/D","S/D","S/D","S/D"
2017,9775,8/8/2017,"Martes",0,21:00:00,,"0.0",2,"Moto/Ciclomotor,Automóvil","W Muniagurria Y J Buffa",2,1,0,0,1,0,0,,"Calle",,"RAFAELA","Castellanos","Ripio","No existe","V","Dentro","Urbana","Ninguna","No existe","Intersección","Bueno","Reducida","Nocturna","Buen Tiempo","Lateral","S/D","Colisión","Ninguna","Faltante","Cordón divisorio","Sin restricción"
2017,9776,8/12/2017,"Sabado",0,21:30:00,"Ruta Provincial 14","0.0",2,"Automóvil,Bicicleta","Ruta Nac 33 Y Ruta Prov 14",2,1,0,0,1,0,0,,"Ruta",14,"PEREZ","Rosario","Asfalto","Pavimento","II","Dentro","Urbana","Marca Vial","No existe","Recta","Bueno","Buena","Nocturna,Con luz artificial","Buen Tiempo","S/D","Ciclista","Atropello","Ninguna","Horizontal","Línea divisoria pintada","Sin restricción"
2017,9777,8/23/2017,"Miercoles",0,,,"0.0",2,"Automóvil,Moto/Ciclomotor","Juan De Garay Y Rivadavia",2,1,0,0,1,0,0,,"Calle",,"CALCHAQUÍ","Vera","Asfalto","No existe","XIX","S/D","S/D","S/D","No existe","Intersección","Bueno","Buena","S/D","Buen Tiempo","Frontal","S/D","Colisión","Ninguna","S/D","S/D","S/D"
2017,9778,8/14/2017,"Lunes",0,8:50:00,"Ruta Provincial 18","20.2",1,"Automóvil"," ",1,1,0,0,0,0,0,,"Ruta",18,"CARMEN DEL SAUCE","Rosario","Asfalto","Natural","II","Fuera","Rural","Ninguna","No existe","Curva","Bueno","Buena","Diurna","Buen Tiempo","S/D","S/D","Vuelco","Ninguna","Horizontal","Línea divisoria pintada","Sin restricción"
2017,9779,8/2/2017,"Miercoles",0,15:00:00,"Ruta Nacional A012","0.0",3,"Automóvil,Automóvil,Automóvil"," ",7,1,0,0,6,0,0,,"Ruta","A012","PIÑERO","Rosario","Asfalto","Natural","II","Dentro","Rural","Señal Pare","Intermitente","Cruce","Bueno","S/D","Diurna","S/D","Múltiple","S/D","Colisión","Ninguna","Horizontal,Vertical","Cordón divisorio,Línea divisoria pintada","Sin restricción"
2017,9780,8/23/2017,"Miercoles",0,11:20:00,,"0.0",2,"Moto/Ciclomotor,Automóvil","Estanislao Lopez Y Mitre",4,3,0,0,1,0,0,,"Calle",,"CALCHAQUÍ","Vera","Asfalto,Ripio","No existe","XIX","Dentro","Urbana","S/D","No existe","Intersección","Con baches","Buena","Diurna","Buen Tiempo","Frontal","S/D","Colisión","Ninguna","S/D","Barrera de hormigón","Sin restricción"
2017,9781,8/9/2017,"Miercoles",0,19:30:00,,"0.0",1,"Moto/Ciclomotor"," ",1,0,1,0,0,0,0,,"Camino Rural",,"SUARDI","San Cristóbal","Ripio","No existe","XVIII","Dentro","Rural","Ninguna","No existe","Recta","Bueno","Buena","Nocturna","Buen Tiempo","S/D","S/D","Caída ocupante","Ninguna","Faltante","Ninguna","Sin restricción"
2017,9782,8/29/2017,"Martes",0,8:50:00,,"0.0",2,"Automóvil,Moto/Ciclomotor","Bv Belgrano Y Sarmiento",3,1,0,0,2,0,0,,"Avenida",,"CALCHAQUÍ","Vera","Asfalto","Natural","XIX","Dentro","Urbana","S/D","No existe","Intersección","Bueno","Buena","Diurna","Buen Tiempo","S/D","S/D","Colisión","Ninguna","S/D","S/D","S/D"
2017,9783,8/5/2017,"Sabado",0,15:00:00,"Ruta Provincial 18","2.8",6,"Automóvil,Automóvil,Automóvil,Automóvil,Pickup/Utilitario,Automóvil"," ",14,12,0,0,2,0,0,,"Ruta",18,"PIÑERO","Rosario","Asfalto","Natural","II","Dentro","Rural","Otra Señal","S/D","Recta","Deteriorada,Ahuellamiento","Buena","Diurna","Buen Tiempo","Múltiple","S/D","Colisión","Ninguna","Horizontal,Vertical","Línea divisoria pintada","Sin restricción"
2017,9784,8/3/2017,"Jueves",0,19:05:00,,"0.0",2,"Automóvil,Moto/Ciclomotor","Gral Alvear Y Sarmiento",4,2,0,0,2,0,0,,"Calle",,"SAN CRISTÓBAL","San Cristóbal","Asfalto","No existe","XIII","Dentro","Urbana","Ninguna","No existe","Intersección","Bueno","Buena","Atardecer,Con luz artificial","Buen Tiempo","De alcance","S/D","Colisión","Ninguna","Faltante","Ninguna","Sin restricción"
2017,9785,8/7/2017,"Lunes",0,21:15:00,,"0.0",2,"Automóvil,Tren","Genaro Roldan ",4,1,0,0,3,0,0,,"Calle",,"SAN LORENZO","San Lorenzo","Asfalto","S/D","XVII","S/D","Urbana","Otra Señal","No existe","Paso a Nivel FFCC","Bueno","S/D","Nocturna","S/D","Lateral","S/D","Colisión","S/D","Vertical","S/D","S/D"
2017,9786,8/23/2017,"Miercoles",0,9:15:00,"Ruta Nacional 33","0.0",2,"Moto/Ciclomotor,Pickup/Utilitario"," ",2,0,1,0,1,0,0,,"Ruta",33,"ROSARIO","Rosario","Tierra","Natural","II","Dentro","Rural","Ninguna","No existe","Recta","Ahuellamiento","Buena","Diurna","Buen Tiempo","Lateral","S/D","Colisión","Ninguna","Faltante","Ninguna","Sin restricción"