"anio_acci","nro_acci","fecha","desc_dia","fecha_aprox","hora_aprox","desc_ruta","km","cant_participantes","desc_participante","calle_avenida_km","total","heridos_leves","heridos_graves","heridos_gravisimos","ilesos","fallecidos","sin_datos","posicion_XY","desc_tipo_via","desc_ruta_ori","desc_loc","desc_dpto","desc_tipo_calzada","desc_tipo_banquina","desc_unidad_regional","desc_lugar_calzada","desc_zona","desc_prioridad","desc_estado_semaforo","desc_lugar_via","desc_estado_via","desc_estado_visibilidad","desc_luminosidad","desc_estado_clima","desc_tipo_colision","desc_tipo_atropello","desc_tipo_hecho","desc_pres_calzada","desc_senializacion","desc_separacion_via","desc_restriccion"
2017,9787,8/16/2017,"Miercoles",0,15:00:00,"Ruta Provincial 70","0.0",2,"Moto/Ciclomotor,Automóvil","Bv Pte Roca Y Viamonte",2,1,0,0,1,0,0,,"Ruta",70,"RAFAELA","Castellanos","Hormigón","No existe","V","Dentro","Urbana","Ninguna","No existe","Intersección","Bueno","Buena","Diurna","Buen Tiempo","Lateral","S/D","Colisión","Otro","Vertical","Ninguna","Sin restricción"
2017,9788,8/28/2017,"Lunes",0,17:30:00,,"0.0",2,"Moto/Ciclomotor,Automóvil","Av Gral San Martin Y 25 de Mayo",3,2,0,0,1,0,0,,"Calle",,"VILLA GOBERNADOR GÁLVEZ","Rosario","Asfalto","No existe","II","Dentro","Urbana","Semáforo","Funciona","Intersección","Bueno","Buena","Diurna","Buen Tiempo","Lateral","S/D","Colisión","Ninguna","Vertical","Línea divisoria pintada","Sin restricción"
2017,9789,8/5/2017,"Sabado",0,9:50:00,,"0.0",1,"Moto/Ciclomotor","Av Doctor E Salva Y Ayacucho",1,0,1,0,0,0,0,,"Avenida",,"RAFAELA","Castellanos","Hormigón","No existe","V","S/D","S/D","Semáforo","Funciona","Intersección","Bueno","S/D","Diurna","Buen Tiempo","S/D","S/D","Caída ocupante","S/D","Vertical","Ninguna","Sin restricción"
2017,9790,8/15/2017,"Martes",0,17:15:00,,"0.0",2,"Automóvil,Bicicleta","Av de Circunvalacion Y Nogues",2,1,0,0,1,0,0,,"Calle",,"VILLA GOBERNADOR GÁLVEZ","Rosario","Asfalto","No existe","II","S/D","Urbana","Ninguna","No existe","Recta","Deteriorada","Buena","Diurna","Buen Tiempo","S/D","Ciclista","Atropello","Ninguna","Faltante","Barrera de hormigón","Sin restricción"
2017,9791,8/6/2017,"Domingo",0,6:30:00,,"0.0",1,"Moto/Ciclomotor","Pueyrredon 1400",2,2,0,0,0,0,0,,"Calle",,"SAN CRISTÓBAL","San Cristóbal","Asfalto","No existe","XIII","Dentro","Urbana","Ninguna","No existe","Recta","Bueno","Buena","Amanecer,Con luz artificial","Buen Tiempo","Contra objeto fijo","S/D","Colisión","Ninguna","Faltante","Ninguna","Sin restricción"
2017,9792,8/8/2017,"Martes",0,15:30:00,"Ruta Provincial 18","4.5",2,"Pickup/Utilitario,Pickup/Utilitario"," ",4,2,0,0,2,0,0,,"Ruta",18,"PIÑERO","Rosario","Asfalto","Natural","II","Dentro","Rural","S/D","No existe","Recta","Deteriorada","Buena","Diurna","Buen Tiempo","De alcance","S/D","Colisión","Ninguna","S/D","Cordón divisorio","Sin restricción"
2017,9793,8/13/2017,"Domingo",0,20:00:00,,"0.0",3,"Automóvil,Automóvil,Pickup/Utilitario","Urquiza ",4,1,0,0,0,0,3,,"Calle",,"SAN LORENZO","San Lorenzo","Asfalto","No existe","XVII","Dentro","Urbana","Ninguna","No existe","Intersección","Bueno","S/D","Nocturna","Otro","Múltiple","S/D","Colisión","Ninguna","Faltante","Ninguna","Sin restricción"
2017,9794,8/13/2017,"Domingo",0,12:50:00,,"0.0",2,"Moto/Ciclomotor,Automóvil","17 de Octubre Y Saenz Peña",2,1,0,0,1,0,0,,"Calle",,"VILLA GOBERNADOR GÁLVEZ","Rosario","Asfalto","No existe","II","S/D","Urbana","Ninguna","No existe","Recta","Bueno","Buena","Diurna","Buen Tiempo","Frontal","S/D","Colisión","Ninguna","Faltante","Ninguna","Sin restricción"
2017,9795,8/4/2017,"Viernes",0,12:45:00,,"0.0",2,"Moto/Ciclomotor,Automóvil","Av Juan Domingo Peron Y Cordoba",2,1,0,0,0,0,1,,"Calle",,"VILLA GOBERNADOR GÁLVEZ","Rosario","Asfalto","No existe","II","S/D","Urbana","Ninguna","No existe","Recta","Con baches","Buena","Diurna","Buen Tiempo","De alcance","S/D","Colisión","Ninguna","Faltante","Ninguna","Sin restricción"
2017,9796,8/6/2017,"Domingo",0,9:05:00,,"0.0",1,"Automóvil","Corrientes 1280",2,1,0,0,1,0,0,,"Calle",,"VERA","Vera","Asfalto","No existe","XIX","Dentro","Urbana","Ninguna","No existe","Recta","S/D","Buena","Diurna","Buen Tiempo","Contra objeto fijo","S/D","Colisión","Ninguna","Faltante","Ninguna","Sin restricción"
2017,9797,8/1/2017,"Martes",0,20:10:00,"Ruta Provincial 1","70.0",2,"Moto/Ciclomotor,Bicicleta"," ",2,1,0,0,1,0,0,,"Ruta",1,"CAYASTA","Garay","Asfalto","Natural","VII","Fuera","Urbana","Ninguna","No existe","Recta","Bueno","Buena","Nocturna,Con luz artificial","Buen Tiempo","S/D","Ciclista","Atropello","Ninguna","Vertical","Línea divisoria pintada","Sin restricción"
2017,9798,8/12/2017,"Sabado",0,6:55:00,,"0.0",1,"Moto/Ciclomotor","Rosario 1400",1,1,0,0,0,0,0,,"Calle",,"VERA","Vera","Tierra","No existe","XIX","Dentro","Urbana","Ninguna","No existe","Recta","Bueno","Buena","Amanecer","Buen Tiempo","S/D","S/D","Caída ocupante","Ninguna","Faltante","Ninguna","Sin restricción"
2017,9799,12/14/2017,"Jueves",0,7:30:00,,"0.0",2,"Camión Chasis,Moto/Ciclomotor","Entre Rios 1200",2,0,1,0,1,0,0,"-33.455812009697, -61.489234153249","Calle",,"FIRMAT","General López","Asfalto","No existe","VIII","Dentro","Urbana","Ninguna","No existe","Recta","Bueno","Buena","Diurna","Buen Tiempo","Lateral","S/D","Colisión","Ninguna","Faltante","Ninguna","Sin restricción"
2017,9800,12/11/2017,"Lunes",0,18:30:00,"Ruta Nacional 33","687.0",2,"Automóvil,Moto/Ciclomotor","Avda.9 de Julio-Ruta Nac 33 Y Cincuentenario",2,0,1,0,1,0,0,"-33.449016, -61.489663","Ruta",33,"FIRMAT","General López","Asfalto","Natural","VIII","Dentro","Urbana","Ninguna","No existe","Recta","Bueno","Buena","Diurna","Buen Tiempo","S/D","S/D","Colisión","Ninguna","S/D","Ninguna","Sin restricción"
2017,9801,11/28/2017,"Martes",0,,"Ruta Nacional 33","687.0",2,"Moto/Ciclomotor,Otros","Avda.9 de Julio-Ruta Nac 33 Y Boulevard Colon",2,1,0,0,1,0,0,"-33.448763, -61.489178","Ruta",33,"FIRMAT","General López","Asfalto","Natural","IV","S/D","Urbana","Ninguna","No existe","Intersección","Bueno","Reducida","S/D","S/D","Lateral","S/D","Colisión","Ninguna","S/D","S/D","Sin restricción"
2017,9802,12/27/2017,"Miercoles",0,16:30:00,,"0.0",2,"Pickup/Utilitario,Moto/Ciclomotor","Boulevard Colon Y Perito Moreno",2,1,0,0,1,0,0,"-33.465071, -61.486321","Calle",,"FIRMAT","General López","Asfalto","No existe","VIII","S/D","Urbana","Ninguna","No existe","Intersección","Bueno","Buena","Diurna","Buen Tiempo","Lateral","S/D","Colisión","Ninguna","Faltante","Ninguna","Sin restricción"
2017,9803,8/31/2017,"Jueves",0,11:30:00,"Ruta Provincial 1","73.5",1,"Automóvil"," ",1,1,0,0,0,0,0,,"Ruta",1,"CAYASTA","Garay","Asfalto","Natural","VII","Fuera","Urbana","Ninguna","No existe","Curva","Bueno","Buena","Diurna","Buen Tiempo","S/D","S/D","Despiste","Ninguna","Vertical","Línea divisoria pintada","Sin restricción"
2017,9804,8/26/2017,"Sabado",0,19:30:00,"Ruta Nacional A012","0.0",2,"Moto/Ciclomotor,Automóvil"," ",4,4,0,0,0,0,0,,"Ruta","A012","PIÑERO","Rosario","Asfalto","Natural","II","Dentro","Rural","S/D","Intermitente","Cruce","Bueno","Buena","Atardecer,Con luz artificial","Otro","Lateral","S/D","Colisión","S/D","Horizontal","Cordón divisorio,Línea divisoria pintada","Sin restricción"
2017,9805,8/5/2017,"Sabado",0,19:30:00,,"0.0",2,"Automóvil,Moto/Ciclomotor","T L Puentes Y Fermin Viruleg",3,0,1,0,2,0,0,,"Calle",,"TEODELINA","General López","Asfalto","No existe","VIII","Dentro","Urbana","Ninguna","No existe","Intersección","Bueno","Buena","Atardecer","Buen Tiempo","Lateral","S/D","Colisión","Ninguna","S/D","Ninguna","Sin restricción"
2017,9806,12/7/2017,"Jueves",0,8:30:00,,"0.0",2,"Automóvil,Bicicleta","Av Int Octavio Zabboli Y Bernardo de Irigoyen",2,1,0,0,1,0,0,,"S/D",,"RAFAELA","Castellanos","Asfalto","Pavimento","V","S/D","Urbana","Semáforo","Funciona","Recta","Bueno","Buena","Diurna","Buen Tiempo","S/D","Ciclista","Atropello","Ninguna","Horizontal,Vertical","Cordón divisorio,Línea divisoria pintada","Sin restricción"
2017,9807,8/25/2017,"Viernes",0,10:45:00,"Ruta Nacional 11","0.0",2,"Moto/Ciclomotor,Pickup/Utilitario","Ruta Nacional 11 Y Calle 17-Bartolome Mitre",2,1,0,0,1,0,0,,"Ruta",11,"RECONQUISTA","General Obligado","Asfalto","No existe","IX","Dentro","Urbana","Semáforo","Funciona","Recta","Bueno","Buena","Diurna","Buen Tiempo","De alcance","S/D","Colisión","Ninguna","Horizontal,Vertical","Barrera de hormigón","Sin restricción"
2017,9809,9/3/2017,"Domingo",0,20:40:00,,"0.0",2,"Moto/Ciclomotor,Automóvil","Calle 13-Iturraspe Y Calle 18-Belgrano",2,1,0,0,1,0,0,,"Calle",,"RECONQUISTA","General Obligado","Asfalto","No existe","IX","S/D","Urbana","Ninguna","No existe","Intersección","Bueno","Buena","Nocturna,Con luz artificial","Buen Tiempo","Lateral","S/D","Colisión","Ninguna","S/D","Ninguna","Sin restricción"
2017,9810,8/15/2017,"Martes",0,18:50:00,,"0.0",2,"Automóvil,Moto/Ciclomotor","Pasaje 44-46 Y Calle 29-Alte Brown",2,1,0,0,0,0,1,,"Calle",,"RECONQUISTA","General Obligado","Tierra","No existe","IX","Dentro","Urbana","S/D","No existe","Recta","S/D","Buena","Diurna","S/D","S/D","S/D","Colisión","S/D","S/D","S/D","S/D"
2017,9811,9/11/2017,"Lunes",0,18:40:00,,"0.0",2,"Moto/Ciclomotor,Automóvil","Calle 2-Constituyentes 1340",2,1,0,0,1,0,0,,"Calle",,"RECONQUISTA","General Obligado","Tierra","No existe","IX","S/D","Urbana","Ninguna","No existe","Recta","Bueno","Buena","Atardecer","Buen Tiempo","Lateral","S/D","Colisión","Ninguna","Faltante","Ninguna","Sin restricción"
2017,9812,9/14/2017,"Jueves",0,19:00:00,,"0.0",2,"Pickup/Utilitario,Moto/Ciclomotor","Calle 19-Habegger Y Calle 30-Lucas Funes",2,1,0,0,0,0,1,,"Calle",,"RECONQUISTA","General Obligado","Asfalto","No existe","IX","S/D","Urbana","Ninguna","No existe","Intersección","Bueno","Buena","Atardecer","Buen Tiempo","Lateral","S/D","Colisión","Ninguna","Faltante","Ninguna","Sin restricción"
2017,9813,8/22/2017,"Martes",0,18:45:00,,"0.0",2,"Automóvil,Moto/Ciclomotor","Calle 29-Alte Brown Y Calle 6-Ituzaingo",2,1,0,0,1,0,0,,"Calle",,"RECONQUISTA","General Obligado","Asfalto","S/D","IX","Dentro","Urbana","Ninguna","S/D","Intersección","Bueno","Buena","Nocturna,Con luz artificial","Buen Tiempo","Lateral","S/D","Colisión","Ninguna","S/D","Ninguna","Sin restricción"
2017,9814,9/17/2017,"Domingo",0,2:40:00,"Ruta Nacional 11","0.0",2,"Camión Chasis,Moto/Ciclomotor","Calle 1 - Independencia Y Ruta Nacional 11",2,1,0,0,1,0,0,,"Ruta",11,"RECONQUISTA","General Obligado","Asfalto","Natural","IX","S/D","Urbana","Semáforo","Intermitente","Intersección","Bueno","Buena","Nocturna,Con luz artificial","Buen Tiempo","De alcance","S/D","Colisión","Ninguna","Horizontal,Vertical","Línea divisoria pintada","Sin restricción"
2017,9815,8/2/2017,"Miercoles",0,11:10:00,,"0.0",2,"Pickup/Utilitario,Moto/Ciclomotor","Calle 19-Habegger 500",2,1,0,0,1,0,0,,"Calle",,"RECONQUISTA","General Obligado","Asfalto","No existe","IX","Dentro","Urbana","Ninguna","No existe","Recta","S/D","Buena","Diurna","Buen Tiempo","De alcance","S/D","Colisión","Ninguna","Faltante","Ninguna","Sin restricción"
2017,9816,9/14/2017,"Jueves",0,21:10:00,,"0.0",2,"Automóvil,Moto/Ciclomotor","Calle 19-Habegger 1370",2,1,0,0,1,0,0,,"Calle",,"RECONQUISTA","General Obligado","Asfalto","No existe","IX","S/D","Urbana","Ninguna","No existe","Recta","Bueno","Buena","Nocturna","Buen Tiempo","De alcance","S/D","Colisión","Ninguna","Faltante","Ninguna","Sin restricción"
2017,9817,9/9/2017,"Sabado",0,14:20:00,,"0.0",2,"Moto/Ciclomotor,Automóvil","Calle 3-Almafuerte Y Calle 30-Lucas Funes",2,1,0,0,1,0,0,,"Calle",,"RECONQUISTA","General Obligado","Asfalto","No existe","IX","S/D","Urbana","Ninguna","No existe","Intersección","Bueno","Buena","Diurna","Buen Tiempo","De alcance","S/D","Colisión","Ninguna","Faltante","Ninguna","Sin restricción"
2017,9818,9/1/2017,"Viernes",0,18:30:00,,"0.0",3,"Moto/Ciclomotor,Automóvil,Moto/Ciclomotor","Calle 33-Pueyrredon Y Calle 16 Gral Obligado",3,1,0,0,2,0,0,,"Calle",,"RECONQUISTA","General Obligado","Asfalto","No existe","IX","S/D","Urbana","Ninguna","No existe","Intersección","Bueno","Buena","Atardecer","Buen Tiempo","De alcance","S/D","Colisión","Ninguna","Faltante","Ninguna","Sin restricción"
2017,9819,9/28/2017,"Jueves",0,7:10:00,"Ruta Nacional 11","0.0",2,"Moto/Ciclomotor,Automóvil","Calle 17-Bartolome Mitre Y Ruta Nacional 11",2,1,0,0,1,0,0,,"Ruta",11,"RECONQUISTA","General Obligado","Asfalto","No existe","IX","S/D","Urbana","Paso Peatonal","No existe","Intersección","Bueno","Buena","Amanecer","S/D","S/D","S/D","Colisión","Ninguna","Horizontal","Cordón divisorio,Vegetación","S/D"
2017,9820,9/19/2017,"Martes",0,9:20:00,"Ruta Nacional 11","0.0",2,"Moto/Ciclomotor,Transporte de Pasajeros Urbano (> 8 asientos)","Calle 29-Alte Brown Y Ruta Nacional 11",2,1,0,0,1,0,0,,"Ruta",11,"RECONQUISTA","General Obligado","Asfalto","Pavimento","IX","Dentro","Urbana","Paso Peatonal","No existe","Intersección","Bueno","Buena","Diurna","Buen Tiempo","Lateral","S/D","Colisión","Ninguna","Horizontal","Cordón divisorio,Vegetación","Sin restricción"
2017,9821,8/28/2017,"Lunes",0,18:55:00,,"0.0",2,"Automóvil,Moto/Ciclomotor","Calle 32 - Amenabar 400",2,1,0,0,1,0,0,,"Calle",,"RECONQUISTA","General Obligado","Asfalto","No existe","IX","Dentro","Urbana","Ninguna","No existe","Recta","Bueno","Buena","Nocturna","Buen Tiempo","Otro","S/D","Colisión","Ninguna","Vertical","Cordón divisorio","Sin restricción"
2017,9822,9/6/2017,"Miercoles",0,16:30:00,,"0.0",2,"Moto/Ciclomotor,Pickup/Utilitario","Calle 15-Patricio Diez Y Calle 44-27 de Abril",2,1,0,0,1,0,0,,"Calle",,"RECONQUISTA","General Obligado","Hormigón","No existe","IX","Dentro","Urbana","Ninguna","No existe","Intersección","Bueno","Buena","Diurna","Buen Tiempo","Lateral","S/D","Colisión","Ninguna","Faltante","Ninguna","Sin restricción"
2017,9823,9/22/2017,"Viernes",0,20:50:00,,"0.0",2,"Moto/Ciclomotor,Automóvil","Calle 11-Alvear Y Calle 26 - Bolivar",2,1,0,0,1,0,0,,"Calle",,"RECONQUISTA","General Obligado","Hormigón","No existe","IX","Dentro","Urbana","Ninguna","No existe","Intersección","Bueno","Buena","Nocturna","Buen Tiempo","Lateral","S/D","Colisión","S/D","Faltante","Ninguna","Sin restricción"
2017,9824,9/22/2017,"Viernes",0,0:15:00,,"0.0",2,"Moto/Ciclomotor,Bicicleta","Calle 1 Y Calle 18",2,2,0,0,0,0,0,,"Calle",,"AVELLANEDA","General Obligado","Asfalto","No existe","IX","S/D","Urbana","S/D","S/D","Intersección","S/D","Buena","Nocturna","S/D","S/D","Ciclista","Atropello","S/D","S/D","S/D","Sin restricción"
2017,9825,9/18/2017,"Lunes",0,8:30:00,,"0.0",2,"Moto/Ciclomotor,Automóvil","Calle 2 Y Calle 13",2,2,0,0,0,0,0,,"Calle",,"AVELLANEDA","General Obligado","S/D","No existe","IX","S/D","Urbana","S/D","S/D","Intersección","S/D","Buena","Diurna","S/D","Lateral","S/D","Colisión","S/D","S/D","S/D","S/D"
2017,9826,7/13/2017,"Jueves",0,12:40:00,,"0.0",2,"Moto/Ciclomotor,Transporte de Pasajeros (H/ 8 asientos)","Calle 15-Patricio Diez Y Calle 4 - Ledesma",2,1,0,0,1,0,0,,"Calle",,"RECONQUISTA","General Obligado","Asfalto","No existe","IX","S/D","Urbana","S/D","No existe","Recta","Bueno","Buena","Diurna","S/D","S/D","S/D","Colisión","Ninguna","Horizontal","Ninguna","S/D"
2017,9827,8/17/2017,"Jueves",0,13:42:00,,"0.0",2,"Automóvil,Moto/Ciclomotor","Calle 25-Rivadavia Y Calle 28-San lorenzo",2,1,0,0,1,0,0,,"Calle",,"RECONQUISTA","General Obligado","Asfalto","No existe","IX","Dentro","Urbana","Ninguna","No existe","Intersección","Bueno","Buena","Diurna","Buen Tiempo","Lateral","S/D","Colisión","Ninguna","Faltante","Cordón divisorio","Sin restricción"
2017,9828,9/16/2017,"Sabado",0,17:20:00,"Ruta Nacional 11","0.0",2,"Automóvil,Automóvil","Calle 21 Y Ruta Nacional 11",2,1,0,0,0,0,1,,"Ruta",11,"AVELLANEDA","General Obligado","Asfalto","S/D","IX","Dentro","Urbana","Semáforo","Funciona","Intersección","S/D","Buena","S/D","S/D","Lateral","S/D","Colisión","S/D","Horizontal,Vertical","Cordón divisorio,Línea divisoria pintada","S/D"
2017,9829,9/9/2017,"Sabado",0,11:45:00,,"0.0",2,"Automóvil,Moto/Ciclomotor","Calle 2 Y Calle 9",3,2,0,0,0,0,1,,"Calle",,"AVELLANEDA","General Obligado","Asfalto","S/D","IX","Dentro","Urbana","S/D","S/D","Intersección","S/D","Buena","Diurna","S/D","Lateral","S/D","Colisión","S/D","S/D","S/D","S/D"
2017,9830,9/6/2017,"Miercoles",0,7:35:00,,"0.0",3,"Moto/Ciclomotor,Moto/Ciclomotor,Moto/Ciclomotor","Calle 111 ",4,2,0,0,0,0,2,,"Calle",,"AVELLANEDA","General Obligado","Asfalto","S/D","IX","Dentro","Urbana","S/D","S/D","Recta","S/D","Buena","Diurna","S/D","Múltiple","S/D","Colisión","S/D","S/D","S/D","S/D"
2017,9831,7/26/2017,"Miercoles",0,17:35:00,,"0.0",2,"Automóvil,Bicicleta","Calle 16 Gral Obligado Y Calle 31-Newbery",2,1,0,0,0,0,1,,"Calle",,"RECONQUISTA","General Obligado","Asfalto","No existe","IX","S/D","Urbana","Ninguna","No existe","Intersección","Bueno","Buena","Diurna","Buen Tiempo","S/D","Ciclista","Atropello","Ninguna","Faltante","Ninguna","Sin restricción"
2017,9832,8/28/2017,"Lunes",0,8:50:00,,"0.0",2,"Automóvil,Automóvil","Calle 25-Rivadavia Y Calle 46-Bolivia",2,2,0,0,0,0,0,,"Calle",,"RECONQUISTA","General Obligado","Asfalto","No existe","IX","Dentro","Urbana","Ninguna","No existe","Intersección","Bueno","Buena","Diurna","Buen Tiempo","Lateral","S/D","Colisión","Ninguna","Vertical","Cordón divisorio","Sin restricción"
2017,9833,7/5/2017,"Miercoles",0,20:15:00,,"0.0",2,"Bicicleta,Automóvil","Calle 24 - Olessio Y Calle 35-Espa±a",2,1,0,0,0,0,1,,"Calle",,"RECONQUISTA","General Obligado","Asfalto","No existe","IX","S/D","Urbana","Semáforo","Funciona","Recta","Bueno","Buena","Nocturna,Con luz artificial","Buen Tiempo","S/D","Ciclista","Atropello","Ninguna","Vertical","Ninguna","Sin restricción"
2017,9834,9/7/2017,"Jueves",0,19:30:00,,"0.0",2,"Moto/Ciclomotor,Automóvil","Calle 21 Y Calle 18",2,1,0,0,0,0,1,,"Calle",,"AVELLANEDA","General Obligado","Asfalto","S/D","IX","S/D","Urbana","S/D","S/D","Intersección","S/D","Buena","Atardecer","S/D","Lateral","S/D","Colisión","S/D","S/D","S/D","S/D"
2017,9835,9/20/2017,"Miercoles",0,13:20:00,,"0.0",2,"Automóvil,Moto/Ciclomotor","Sarmiento 1276",4,1,0,0,3,0,0,,"Calle",,"MALABRIGO","General Obligado","Asfalto","No existe","IX","Dentro","Urbana","Ninguna","No existe","Recta","Bueno","Buena","Diurna","Buen Tiempo","De alcance","S/D","Colisión","Ninguna","Faltante","Ninguna","Sin restricción"
2017,9836,7/3/2017,"Lunes",0,20:45:00,,"0.0",2,"Automóvil,Moto/Ciclomotor","Calle 26 - Bolivar Y Calle 27-Gdor Freyre",2,1,0,0,1,0,0,,"Calle",,"RECONQUISTA","General Obligado","Asfalto","No existe","IX","Dentro","Urbana","S/D","No existe","Intersección","Bueno","Buena","Nocturna","Buen Tiempo","S/D","S/D","Colisión","Ninguna","S/D","Ninguna","Sin restricción"
2017,9837,9/15/2017,"Viernes",0,10:45:00,,"0.0",1,"Moto/Ciclomotor","Avenida Los Colonizadores Y Calle 9",2,2,0,0,0,0,0,,"Avenida",,"LOS LAURELES","General Obligado","Ripio","No existe","IX","Dentro","Urbana","Ninguna","No existe","Recta","Resbaladiza","Buena","Diurna","Buen Tiempo","Atropello animal","S/D","Colisión","Material Suelto","Faltante","Cordón divisorio","Sin restricción"
2017,9838,8/25/2017,"Viernes",0,12:10:00,,"0.0",2,"Moto/Ciclomotor,Automóvil","PETROGRADO Y CALLE 50 ",3,1,0,0,2,0,0,,"Calle",,"RECONQUISTA","General Obligado","Asfalto","No existe","IX","Dentro","Urbana","Ninguna","No existe","Recta","Bueno","Buena","Diurna","Buen Tiempo","Lateral","S/D","Colisión","Ninguna","Vertical","Cordón divisorio","Sin restricción"
2017,9839,9/25/2017,"Lunes",0,,,"0.0",2,"Moto/Ciclomotor,Automóvil","Calle 19-Habegger Y Calle 6-Ituzaingo",2,1,0,0,1,0,0,,"Calle",,"RECONQUISTA","General Obligado","Hormigón","No existe","IX","Dentro","Urbana","Ninguna","Funciona","Intersección","Resbaladiza","Buena","Diurna","Lluvia","Lateral","S/D","Colisión","Agua","S/D","Barrera de hormigón","Sin restricción"
2017,9840,9/4/2017,"Lunes",0,11:09:00,,"0.0",2,"Moto/Ciclomotor,Pickup/Utilitario","Calle 31-Newbery Y Calle 20 9 de Julio",3,2,0,0,1,0,0,,"Calle",,"RECONQUISTA","General Obligado","Asfalto","No existe","IX","Dentro","Urbana","S/D","No existe","Recta","Bueno","Buena","Diurna","S/D","S/D","S/D","Colisión","Ninguna","S/D","S/D","Sin restricción"
2017,9841,7/29/2017,"Sabado",0,5:40:00,,"0.0",1,"Moto/Ciclomotor"," ",1,1,0,0,0,0,0,,"Calle",,"RECONQUISTA","General Obligado","Tierra","Natural","IX","Fuera","Urbana","Ninguna","No existe","Puente","Bueno","Reducida","Nocturna","Buen Tiempo","S/D","S/D","Despiste","Ninguna","Faltante","Ninguna","Sin restricción"
2017,9842,8/1/2017,"Martes",0,23:30:00,,"0.0",2,"Automóvil,Automóvil","PETROGRADO Y CALLE 50",2,1,0,0,1,0,0,,"Calle",,"RECONQUISTA","General Obligado","Tierra","No existe","IX","Dentro","Urbana","Ninguna","No existe","Intersección","Bueno","Buena","Nocturna","Buen Tiempo","Lateral","S/D","Colisión","Ninguna","Faltante","Vegetación","Sin restricción"
2017,9843,9/9/2017,"Sabado",0,20:05:00,,"0.0",2,"Moto/Ciclomotor,Automóvil","Calle 16 Gral Obligado Y Pasaje 8-10 Moreno",2,1,0,0,1,0,0,,"Calle",,"RECONQUISTA","General Obligado","Asfalto","No existe","IX","S/D","Urbana","Ninguna","No existe","Recta","Bueno","Buena","Diurna","Buen Tiempo","Otro","S/D","Colisión","Ninguna","Faltante","Ninguna","Sin restricción"
2017,9844,7/29/2017,"Sabado",0,5:40:00,,"0.0",2,"Automóvil,Moto/Ciclomotor","Calle 11 Y Calle 6",3,1,0,0,2,0,0,,"Calle",,"AVELLANEDA","General Obligado","Asfalto","Pavimento","IX","Fuera","Urbana","Ninguna","No existe","Intersección","Bueno","S/D","Nocturna,Con luz artificial","Buen Tiempo","Lateral","S/D","Colisión","S/D","S/D","S/D","Sin restricción"
2017,9845,9/21/2017,"Jueves",0,,,"0.0",2,"Moto/Ciclomotor,Pickup/Utilitario","Calle 16 Gral Obligado Y Calle 3-Almafuerte",2,1,0,0,0,0,1,,"Calle",,"RECONQUISTA","General Obligado","Asfalto","No existe","IX","Dentro","Urbana","Ninguna","No existe","Recta","Bueno","Buena","Diurna","Buen Tiempo","Lateral","S/D","Colisión","Ninguna","S/D","Ninguna","Sin restricción"
2017,9846,8/12/2017,"Sabado",0,,"Ruta Nacional 11","0.0",1,"Moto/Ciclomotor","Ruta Nacional 11 ",2,2,0,0,0,0,0,,"Ruta",11,"RECONQUISTA","General Obligado","Asfalto","Natural","IX","Dentro","Urbana","Ninguna","No existe","Puente","Bueno","Reducida","Amanecer","Lluvia","S/D","S/D","Despiste","Agua","Horizontal","Ninguna","Sin restricción"
2017,9847,8/30/2017,"Miercoles",0,15:30:00,,"0.0",1,"Bicicleta","San Martin Y Buenos Aires",1,1,0,0,0,0,0,,"Calle",,"MALABRIGO","General Obligado","Asfalto","No existe","IX","Dentro","Urbana","Ninguna","No existe","Recta","Bueno","Buena","Diurna","Buen Tiempo","S/D","S/D","Caída ocupante","Ninguna","S/D","Ninguna","Sin restricción"
2017,9848,7/23/2017,"Domingo",0,18:50:00,"Ruta Provincial 31","2.0",2,"Pickup/Utilitario,Moto/Ciclomotor"," ",3,2,0,0,1,0,0,,"Ruta",31,"AVELLANEDA","General Obligado","Asfalto","S/D","IX","Dentro","Rural","S/D","No existe","Recta","Bueno","S/D","Atardecer","S/D","De alcance","S/D","Colisión","S/D","S/D","S/D","S/D"
2017,9849,9/6/2017,"Miercoles",0,13:15:00,"Ruta Nacional 11","0.0",2,"Pickup/Utilitario,Moto/Ciclomotor","Calle 19-Habegger Y Calle 20 9 de Julio",2,1,0,0,1,0,0,,"Ruta",11,"RECONQUISTA","General Obligado","Asfalto","No existe","IX","S/D","Urbana","Semáforo","Funciona","Intersección","Bueno","Buena","Diurna","Buen Tiempo","Lateral","S/D","Colisión","Ninguna","Vertical","Ninguna","Sin restricción"
2017,9850,8/14/2017,"Lunes",0,7:30:00,,"0.0",1,"Moto/Ciclomotor","2 de Julio Y San Martin",2,1,0,0,1,0,0,,"Calle",,"MALABRIGO","General Obligado","Asfalto","No existe","IX","Dentro","Urbana","Ninguna","No existe","Intersección","Bueno","Buena","Diurna","Buen Tiempo","Atropello animal","S/D","Colisión","Ninguna","S/D","Ninguna","Sin restricción"