"anio_acci","nro_acci","fecha","desc_dia","fecha_aprox","hora_aprox","desc_ruta","km","cant_participantes","desc_participante","calle_avenida_km","total","heridos_leves","heridos_graves","heridos_gravisimos","ilesos","fallecidos","sin_datos","posicion_XY","desc_tipo_via","desc_ruta_ori","desc_loc","desc_dpto","desc_tipo_calzada","desc_tipo_banquina","desc_unidad_regional","desc_lugar_calzada","desc_zona","desc_prioridad","desc_estado_semaforo","desc_lugar_via","desc_estado_via","desc_estado_visibilidad","desc_luminosidad","desc_estado_clima","desc_tipo_colision","desc_tipo_atropello","desc_tipo_hecho","desc_pres_calzada","desc_senializacion","desc_separacion_via","desc_restriccion"
2017,9851,8/19/2017,"Sabado",0,17:45:00,"Ruta Nacional 11","828.0",1,"Moto/Ciclomotor"," ",2,1,1,0,0,0,0,,"Ruta",11,"LAS GARZAS","General Obligado","Asfalto","Natural","IX","Fuera","Rural","Ninguna","No existe","Recta","Bueno","Buena","Diurna","Buen Tiempo","S/D","S/D","Caída ocupante","Ninguna","Vertical","Línea divisoria pintada","Sin restricción"
2017,9852,9/10/2017,"Domingo",1,18:15:00,,"0.0",2,"Automóvil,Bicicleta","Calle 33-Pueyrredon Y Calle 10-Ludue±a",2,1,0,0,1,0,0,,"Calle",,"RECONQUISTA","General Obligado","Asfalto","No existe","IX","Dentro","Urbana","Ninguna","No existe","Intersección","Bueno","Buena","Diurna","Buen Tiempo","S/D","Ciclista","Atropello","Ninguna","Faltante","Ninguna","Sin restricción"
2017,9853,8/24/2017,"Jueves",0,11:50:00,,"0.0",2,"Bicicleta,Automóvil","Calle 18-Belgrano Y Calle 23-Gral lopez",2,1,0,0,0,0,1,,"Calle",,"RECONQUISTA","General Obligado","Asfalto","No existe","IX","Dentro","Urbana","Ninguna","No existe","Intersección","Bueno","Buena","Diurna","Buen Tiempo","S/D","Ciclista","Atropello","Ninguna","Faltante","Ninguna","Sin restricción"
2017,9854,7/28/2017,"Viernes",0,13:30:00,,"0.0",2,"Moto/Ciclomotor,Automóvil","CAlle 14 Y Calle 11",3,2,0,0,1,0,0,,"Calle",,"AVELLANEDA","General Obligado","Asfalto","No existe","IX","Dentro","Urbana","S/D","S/D","Intersección","S/D","S/D","Diurna","S/D","De alcance","S/D","Colisión","S/D","S/D","S/D","S/D"
2017,9855,8/11/2017,"Viernes",0,20:00:00,,"0.0",2,"Automóvil,Moto/Ciclomotor","Sarmiento Y 25 de mayo",2,1,0,0,1,0,0,,"Calle",,"MALABRIGO","General Obligado","Asfalto","No existe","IX","Dentro","Urbana","Ninguna","No existe","Intersección","Bueno","Buena","Nocturna","Buen Tiempo","Lateral","S/D","Colisión","Ninguna","S/D","Ninguna","Sin restricción"
2017,9856,9/13/2017,"Miercoles",0,14:00:00,,"0.0",2,"Automóvil,Camión c / Semirremolque","Calle 33-Pueyrredon Y Calle 16 Gral Obligado",2,0,1,0,1,0,0,,"Calle",,"RECONQUISTA","General Obligado","Asfalto","No existe","IX","Dentro","Urbana","Ninguna","No existe","Intersección","Bueno","Buena","Diurna","Buen Tiempo","Lateral","S/D","Colisión","Ninguna","S/D","Ninguna","Sin restricción"
2017,9857,7/16/2017,"Domingo",0,6:08:00,,"0.0",2,"Automóvil,Automóvil","Calle 17 Y Calle 12",2,1,0,0,1,0,0,,"Calle",,"AVELLANEDA","General Obligado","Asfalto","No existe","IX","Dentro","Urbana","S/D","S/D","Intersección","S/D","Buena","Amanecer","S/D","Lateral","S/D","Colisión","S/D","S/D","S/D","S/D"
2017,9858,8/9/2017,"Miercoles",0,13:30:00,"Ruta Provincial 1","381.5",2,"Pickup/Utilitario,Moto/Ciclomotor"," ",3,1,0,0,2,0,0,,"Ruta",1,"LOS LAURELES","General Obligado","Asfalto","Natural","IX","Dentro","Urbana","Marca Vial","No existe","Recta","Bueno","Buena","Diurna","Buen Tiempo","Lateral","S/D","Colisión","Ninguna","Horizontal","Línea divisoria pintada","Sin restricción"
2017,9859,8/9/2017,"Miercoles",0,13:00:00,,"0.0",3,"Moto/Ciclomotor,Automóvil,Automóvil","Calle 8-Chacabuco Y Calle 33-Pueyrredon",4,2,0,0,2,0,0,,"Calle",,"RECONQUISTA","General Obligado","Asfalto","No existe","IX","Dentro","Urbana","Ninguna","No existe","Intersección","Bueno","Buena","Diurna","Buen Tiempo","Múltiple","S/D","Colisión","Ninguna","Faltante","Cordón divisorio","Sin restricción"
2017,9860,8/9/2017,"Miercoles",0,7:31:00,,"0.0",2,"Automóvil,Bicicleta","Calle 12 Y Calle 3",2,1,0,0,1,0,0,,"Calle",,"AVELLANEDA","General Obligado","Asfalto","No existe","IX","Dentro","Urbana","S/D","No existe","Intersección","S/D","S/D","Diurna","S/D","S/D","Ciclista","Atropello","S/D","S/D","Ninguna","S/D"
2017,9861,7/16/2017,"Domingo",0,5:25:00,"Ruta Nacional 11","0.0",3,"Moto/Ciclomotor,Automóvil,Automóvil","Calle 25 ",3,1,0,0,2,0,0,,"Ruta",11,"AVELLANEDA","General Obligado","Asfalto","Natural","IX","Dentro","Urbana","Semáforo","Funciona","Intersección","S/D","Buena","Amanecer","Otro","Múltiple","S/D","Colisión","S/D","Vertical","S/D","Sin restricción"
2017,9862,7/5/2017,"Miercoles",0,12:00:00,,"0.0",2,"Moto/Ciclomotor,Automóvil","Calle 30-Lucas Funes Y Calle 7-Sarmiento",2,1,0,0,1,0,0,,"Calle",,"RECONQUISTA","General Obligado","Asfalto","No existe","IX","S/D","Urbana","Ninguna","No existe","Intersección","Bueno","Buena","Diurna","Buen Tiempo","De alcance","S/D","Colisión","Ninguna","Faltante","Ninguna","Sin restricción"
2017,9863,7/26/2017,"Miercoles",0,,,"0.0",2,"Moto/Ciclomotor,Automóvil","Calle 13-Iturraspe Y Calle 18-Belgrano",2,1,0,0,0,0,1,,"Calle",,"RECONQUISTA","General Obligado","Asfalto","No existe","IX","Dentro","Urbana","Ninguna","No existe","Intersección","Bueno","Buena","Nocturna","Buen Tiempo","Lateral","S/D","Colisión","Ninguna","Horizontal","Ninguna","Sin restricción"
2017,9864,7/24/2017,"Lunes",0,15:30:00,,"0.0",2,"Moto/Ciclomotor,Automóvil","Calle 50 Y Calle 35-Espa±a",4,1,0,0,0,0,3,,"Calle",,"RECONQUISTA","General Obligado","Tierra","No existe","IX","Dentro","Urbana","Ninguna","No existe","Intersección","Bueno","Buena","Diurna","Buen Tiempo","Lateral","S/D","Colisión","Ninguna","Horizontal","Ninguna","Sin restricción"
2017,9865,7/8/2017,"Sabado",0,,,"0.0",1,"Moto/Ciclomotor","Calle 4 - Ledesma Y Calle 27-Gdor Freyre",1,1,0,0,0,0,0,,"Calle",,"RECONQUISTA","General Obligado","Tierra","No existe","IX","Dentro","Urbana","Ninguna","No existe","Intersección","Otro","Buena","Diurna","Buen Tiempo","S/D","S/D","Despiste","Ninguna","Horizontal","Ninguna","Sin restricción"
2017,9866,7/5/2017,"Miercoles",0,9:40:00,,"0.0",2,"Moto/Ciclomotor,Automóvil","Calle 8-Chacabuco Y Calle 21-Gdor. iriondo",3,2,0,0,0,0,1,,"Calle",,"RECONQUISTA","General Obligado","Asfalto","No existe","IX","Dentro","Urbana","Ninguna","S/D","Intersección","Bueno","Buena","Diurna","Buen Tiempo","Lateral","S/D","Colisión","Ninguna","Horizontal","Ninguna","Sin restricción"
2017,9867,7/6/2017,"Jueves",0,12:30:00,,"0.0",2,"Bicicleta,Otros","Calle 32 - Amenabar Y Calle 19-Habegger",2,1,0,0,1,0,0,,"Calle",,"RECONQUISTA","General Obligado","Asfalto","No existe","IX","Dentro","Urbana","Ninguna","No existe","Intersección","Bueno","Buena","Diurna","Buen Tiempo","S/D","Ciclista","Atropello","Ninguna","Vertical","Cordón divisorio","Sin restricción"
2017,9868,7/19/2017,"Miercoles",0,17:55:00,,"0.0",2,"Moto/Ciclomotor,Pickup/Utilitario","Calle 44-27 de Abril 1436",3,2,0,0,1,0,0,,"Calle",,"RECONQUISTA","General Obligado","Asfalto","No existe","IX","Dentro","Urbana","Ninguna","No existe","Recta","Bueno","Buena","Diurna","Buen Tiempo","Lateral","S/D","Colisión","Ninguna","Vertical","Cordón divisorio","Sin restricción"
2017,9869,7/16/2017,"Domingo",0,12:05:00,,"0.0",2,"Automóvil,Moto/Ciclomotor","Calle 25 - Pietropaolo Y Calle 40 - Formosa",4,1,1,0,1,0,1,,"Calle",,"RECONQUISTA","General Obligado","Asfalto","No existe","IX","S/D","Urbana","Ninguna","No existe","Intersección","Bueno","Buena","Diurna","Buen Tiempo","Lateral","S/D","Colisión","Ninguna","Faltante","Cordón divisorio","Sin restricción"
2017,9870,7/21/2017,"Viernes",0,10:05:00,,"0.0",2,"Automóvil,Bicicleta","Calle 26 - Bolivar Y Calle 19-Habegger",2,1,0,0,1,0,0,,"Calle",,"RECONQUISTA","General Obligado","Asfalto","No existe","IX","Dentro","Urbana","Ninguna","No existe","Intersección","Bueno","Buena","Diurna","Buen Tiempo","S/D","Ciclista","Atropello","Ninguna","Faltante","Cordón divisorio","Sin restricción"
2017,9871,8/13/2017,"Domingo",0,16:10:00,,"0.0",2,"Moto/Ciclomotor,Camión Chasis","Calle 12 Y Calle 19",2,1,0,0,1,0,0,,"Calle",,"AVELLANEDA","General Obligado","Asfalto","No existe","IX","S/D","Urbana","S/D","No existe","Intersección","S/D","S/D","Diurna","S/D","Lateral","S/D","Colisión","S/D","S/D","S/D","S/D"
2017,9872,8/21/2017,"Lunes",0,22:40:00,,"0.0",2,"Moto/Ciclomotor,Pickup/Utilitario","Calle 12 Y Calle 3",2,2,0,0,0,0,0,,"Calle",,"AVELLANEDA","General Obligado","Asfalto","No existe","IX","Dentro","Urbana","S/D","No existe","Intersección","S/D","S/D","Nocturna","S/D","Lateral","S/D","Colisión","S/D","S/D","S/D","S/D"
2017,9873,8/20/2017,"Domingo",0,20:50:00,,"0.0",2,"Moto/Ciclomotor,Bicicleta"," ",2,2,0,0,0,0,0,,"Calle",,"AVELLANEDA","General Obligado","Asfalto","No existe","IX","Dentro","Urbana","S/D","No existe","Intersección","Bueno","S/D","Nocturna","S/D","S/D","Ciclista","Atropello","Ninguna","S/D","Ninguna","S/D"
2017,9874,8/31/2017,"Jueves",0,11:05:00,,"0.0",2,"Moto/Ciclomotor,Camión Chasis","Calle 121 Y Calle 114",2,1,0,0,1,0,0,,"Calle",,"AVELLANEDA","General Obligado","Asfalto","No existe","IX","Dentro","Urbana","Ninguna","No existe","Intersección","S/D","Buena","Diurna","Buen Tiempo","Lateral","S/D","Colisión","Ninguna","S/D","Ninguna","S/D"
2017,9875,8/14/2017,"Lunes",0,12:45:00,,"0.0",2,"Automóvil,Bicicleta","Espa±a Y Moreno",2,1,0,0,1,0,0,,"Calle",,"VERA","Vera","Asfalto","No existe","XIX","Dentro","Urbana","Ninguna","No existe","Intersección","Bueno","Buena","Diurna","Buen Tiempo","S/D","Ciclista","Atropello","Ninguna","Faltante","Ninguna","Sin restricción"
2017,9876,8/19/2017,"Sabado",0,11:25:00,,"0.0",2,"Automóvil,Bicicleta","Belgrano Y Presbitero Jose Houriet",2,1,0,0,1,0,0,,"Calle",,"VERA","Vera","Asfalto","No existe","XIX","Dentro","Urbana","Ninguna","No existe","Intersección","Bueno","Buena","Diurna","Buen Tiempo","S/D","Ciclista","Atropello","Ninguna","Faltante","Ninguna","Sin restricción"
2017,9877,8/7/2017,"Lunes",0,,"Ruta Nacional 11","0.0",2,"Moto/Ciclomotor,Camión Chasis","Ruta Nacional 11 Y Calle 11-Alvear",2,1,0,0,1,0,0,,"Ruta",11,"RECONQUISTA","General Obligado","Asfalto","No existe","IX","Dentro","Urbana","Paso Peatonal","No existe","Intersección","Bueno","Buena","Atardecer","Buen Tiempo","Lateral","S/D","Colisión","Ninguna","Horizontal","Ninguna","Sin restricción"
2017,9878,6/12/2017,"Lunes",0,15:25:00,,"0.0",2,"Bicicleta,Automóvil","Calle 21-Gdor. iriondo ",2,1,0,0,1,0,0,,"Calle",,"RECONQUISTA","General Obligado","Hormigón","No existe","IX","Dentro","Urbana","Ninguna","No existe","Recta","Bueno","Buena","Diurna","Buen Tiempo","S/D","Ciclista","Atropello","Ninguna","Faltante","S/D","Sin restricción"
2017,9879,6/8/2017,"Jueves",0,12:00:00,,"0.0",2,"Pickup/Utilitario,Moto/Ciclomotor","Calle 28 - San Lorenzo Y Calle 15-Patricio Diez",2,1,0,0,1,0,0,,"Calle",,"RECONQUISTA","General Obligado","Hormigón","No existe","IX","S/D","Urbana","Ninguna","No existe","Intersección","Resbaladiza","Buena","Diurna","Lluvia","Lateral","S/D","Colisión","Agua","Faltante","Ninguna","Sin restricción"
2017,9880,8/19/2017,"Sabado",0,,"Ruta Nacional 11","0.0",2,"Moto/Ciclomotor,Automóvil","Ruta Nacional 11 Y Calle 33-Pueyrredon",2,1,0,0,1,0,0,,"Ruta",11,"RECONQUISTA","General Obligado","Asfalto","No existe","IX","Dentro","Urbana","Ninguna","Funciona","Intersección","Bueno","Buena","Diurna","Buen Tiempo","Lateral","S/D","Colisión","Ninguna","Vertical","Ninguna","Sin restricción"
2017,9881,6/6/2017,"Martes",0,9:05:00,"Ruta Nacional 11","0.0",2,"Pickup/Utilitario,Moto/Ciclomotor","Ruta Nacional 11 Y Calle 21-Gdor. iriondo",2,1,0,0,1,0,0,,"Ruta",11,"RECONQUISTA","General Obligado","Hormigón","No existe","IX","S/D","Urbana","Semáforo","Funciona","Recta","Bueno","Buena","Diurna","Buen Tiempo","Lateral","S/D","Colisión","Ninguna","Vertical","Cordón divisorio,Vegetación","Sin restricción"
2017,9882,6/10/2017,"Sabado",0,10:45:00,,"0.0",2,"Pickup/Utilitario,Moto/Ciclomotor","Calle 8-Chacabuco Y Calle 11-Alvear",3,2,0,0,1,0,0,,"Calle",,"RECONQUISTA","General Obligado","Hormigón","No existe","IX","Dentro","Urbana","Ninguna","No existe","Intersección","Bueno","Buena","Diurna","Buen Tiempo","Otro","S/D","Colisión","Ninguna","Faltante","Ninguna","Sin restricción"
2017,9883,6/25/2017,"Domingo",0,20:30:00,,"0.0",2,"Automóvil,Moto/Ciclomotor","Calle 19 Y Calle 24",3,2,0,0,1,0,0,,"Calle",,"AVELLANEDA","General Obligado","Asfalto","S/D","IX","Dentro","Urbana","S/D","S/D","Intersección","S/D","S/D","Nocturna","S/D","Lateral","S/D","Colisión","S/D","S/D","S/D","S/D"
2017,9884,6/30/2017,"Viernes",0,17:30:00,,"0.0",1,"Moto/Ciclomotor","Calle 30-Lucas Funes Y Calle 23-Gral lopez",1,1,0,0,0,0,0,,"Calle",,"RECONQUISTA","General Obligado","Asfalto","No existe","IX","S/D","Urbana","Ninguna","No existe","Intersección","Bueno","Buena","Diurna","Buen Tiempo","Otro","S/D","Despiste","Ninguna","Faltante","Ninguna","Sin restricción"
2017,9885,6/23/2017,"Viernes",0,14:15:00,,"0.0",2,"Automóvil,Automóvil","Roca Pte Y Calle 21-Gdor. iriondo",2,1,0,0,1,0,0,,"Calle",,"RECONQUISTA","General Obligado","Asfalto","No existe","IX","S/D","Urbana","Paso Peatonal","No existe","Intersección","Bueno","Buena","Atardecer","S/D","S/D","S/D","Colisión","Ninguna","Horizontal","Ninguna","S/D"
2017,9886,6/26/2017,"Lunes",0,22:20:00,,"0.0",2,"Moto/Ciclomotor,Automóvil","Calle 20 9 de Julio Y Calle 13-Iturraspe",2,1,0,0,1,0,0,,"Calle",,"RECONQUISTA","General Obligado","Asfalto","No existe","IX","Dentro","Urbana","Ninguna","No existe","Intersección","Bueno","Reducida","Nocturna","Buen Tiempo","De alcance","S/D","Colisión","Ninguna","Faltante","Ninguna","Sin restricción"
2017,9887,6/10/2017,"Sabado",0,11:55:00,"Ruta Nacional 11","0.0",2,"Moto/Ciclomotor,Automóvil","Calle 17 Y Ruta Nacional 11",2,1,0,0,1,0,0,,"Ruta",11,"AVELLANEDA","General Obligado","Asfalto","No existe","IX","Dentro","Urbana","S/D","No existe","Intersección","Bueno","S/D","Diurna","S/D","Lateral","S/D","Colisión","Ninguna","S/D","S/D","S/D"
2017,9888,6/5/2017,"Lunes",0,15:50:00,,"0.0",2,"Bicicleta,Otros","Calle 26 - Bolivar Y Calle 35-Espa±a",2,1,0,0,1,0,0,,"Calle",,"RECONQUISTA","General Obligado","Asfalto","No existe","IX","Dentro","Urbana","Ninguna","No existe","Intersección","Bueno","Buena","Diurna","Buen Tiempo","S/D","Ciclista","Atropello","Ninguna","Faltante","Ninguna","Sin restricción"
2017,9889,6/3/2017,"Sabado",0,22:00:00,,"0.0",2,"Moto/Ciclomotor,Moto/Ciclomotor","Calle 4 - Ledesma Y Calle 27-Gdor Freyre",2,1,0,0,1,0,0,,"Calle",,"RECONQUISTA","General Obligado","Asfalto","No existe","IX","Dentro","Urbana","Ninguna","No existe","Intersección","Bueno","Buena","Nocturna,Con luz artificial","Buen Tiempo","De alcance","S/D","Colisión","Ninguna","Faltante","Ninguna","Sin restricción"
2017,9890,6/5/2017,"Lunes",0,8:15:00,,"0.0",1,"Automóvil","CAMINO INGRESO A MOUSSY ",1,1,0,0,0,0,0,,"S/D",,"AVELLANEDA","General Obligado","Ripio","Natural","IX","S/D","S/D","Ninguna","No existe","Recta","S/D","Buena","Diurna","S/D","S/D","S/D","Despiste","S/D","S/D","S/D","Sin restricción"
2017,9891,6/7/2017,"Miercoles",0,20:13:00,,"0.0",2,"Bicicleta,Automóvil","CAlle 14 Y Calle 11",2,1,0,0,1,0,0,,"Calle",,"AVELLANEDA","General Obligado","Asfalto","S/D","IX","Dentro","Urbana","S/D","No existe","Intersección","S/D","S/D","S/D","S/D","S/D","Ciclista","Atropello","S/D","S/D","S/D","S/D"
2017,9892,6/1/2017,"Jueves",0,22:10:00,"Ruta Nacional 11","0.0",2,"Moto/Ciclomotor,Automóvil","Calle 11-Alvear Y Ruta Nacional 11",3,2,0,0,1,0,0,,"Ruta",11,"RECONQUISTA","General Obligado","Asfalto","Pavimento","IX","Dentro","Urbana","Paso Peatonal","No existe","Intersección","Bueno","Buena","Nocturna,Con luz artificial","Buen Tiempo","De alcance","S/D","Colisión","Ninguna","Horizontal,Vertical","Cordón divisorio,Vegetación","Sin restricción"
2017,9893,6/29/2017,"Jueves",0,2:10:00,,"0.0",2,"Bicicleta,Otros","Calle 1 - Independencia Y Calle 26 - Bolivar",2,1,0,0,0,0,1,,"Calle",,"RECONQUISTA","General Obligado","Asfalto","No existe","IX","Dentro","Urbana","Ninguna","No existe","Intersección","Bueno","Buena","Nocturna","Buen Tiempo","S/D","Ciclista","Atropello","Ninguna","Faltante","Ninguna","Sin restricción"
2017,9894,6/17/2017,"Sabado",0,13:55:00,,"0.0",2,"Automóvil,Automóvil","Calle 7 Y Calle 20",2,1,0,0,1,0,0,,"Calle",,"AVELLANEDA","General Obligado","Asfalto","S/D","IX","Dentro","Urbana","S/D","S/D","Intersección","S/D","S/D","Diurna","S/D","Frontal","S/D","Colisión","S/D","S/D","S/D","S/D"
2017,9895,6/26/2017,"Lunes",0,18:35:00,,"0.0",2,"Moto/Ciclomotor,Automóvil","Calle 23-Gral lopez Y Calle 22- 25 de Mayo",2,1,0,0,0,0,1,,"Calle",,"RECONQUISTA","General Obligado","Asfalto","No existe","IX","Dentro","Urbana","Ninguna","No existe","Intersección","Bueno","Buena","Diurna","Buen Tiempo","Lateral","S/D","Colisión","Ninguna","Faltante","Ninguna","Sin restricción"
2017,9896,6/23/2017,"Viernes",0,11:30:00,,"0.0",2,"Automóvil,Moto/Ciclomotor","Calle 18 - Gral Belgrano Y Calle 27-Gdor Freyre",3,2,0,0,1,0,0,,"Calle",,"RECONQUISTA","General Obligado","Asfalto","No existe","IX","Dentro","Urbana","Ninguna","No existe","Intersección","Bueno","Buena","Diurna","Buen Tiempo","De alcance","S/D","Colisión","Ninguna","Faltante","Ninguna","Sin restricción"
2017,9897,6/1/2017,"Jueves",0,11:50:00,,"0.0",2,"Automóvil,Bicicleta","Calle 21-Gdor. iriondo Y Roca Pte",3,2,0,0,1,0,0,,"Calle",,"RECONQUISTA","General Obligado","Asfalto","No existe","IX","Dentro","Urbana","Paso Peatonal","No existe","Recta","Bueno","Buena","Diurna","Buen Tiempo","S/D","Ciclista","Atropello","Ninguna","Horizontal","Línea divisoria pintada","Sin restricción"
2017,9898,6/3/2017,"Sabado",0,18:20:00,,"0.0",2,"Automóvil,Moto/Ciclomotor","Calle 1 Y Calle 16",2,2,0,0,0,0,0,,"Calle",,"AVELLANEDA","General Obligado","Asfalto","S/D","IX","Dentro","Urbana","S/D","S/D","Recta","Bueno","S/D","Atardecer","S/D","De alcance","S/D","Colisión","Ninguna","S/D","S/D","S/D"
2017,9899,11/9/2017,"Jueves",0,23:00:00,"Ruta Nacional 11","425.0",2,"Peatón,Moto/Ciclomotor","Saavedra ",3,2,0,0,0,1,0,"-31.950161, -60.925368","Ruta",11,"CORONDA","San Jerónimo","S/D","S/D","XIV","S/D","S/D","S/D","S/D","S/D","S/D","S/D","Nocturna","S/D","S/D","Peatón","Atropello","S/D","S/D","S/D","S/D"
2017,9900,6/27/2017,"Martes",0,11:50:00,"Ruta Nacional 11","0.0",2,"Bicicleta,Pickup/Utilitario","Ruta Nacional 11 Y Calle 21-Gdor. iriondo",2,0,1,0,1,0,0,,"Ruta",11,"RECONQUISTA","General Obligado","Asfalto","Pavimento","IX","S/D","Urbana","Paso Peatonal","No existe","Recta","Bueno","Buena","Diurna","S/D","S/D","Ciclista","Atropello","Ninguna","Horizontal","Cordón divisorio,Vegetación,Línea divisoria pintada","S/D"
2017,9901,6/25/2017,"Domingo",0,3:40:00,,"0.0",2,"Moto/Ciclomotor,Moto/Ciclomotor","Calle 33-Pueyrredon Y Calle 22- 25 de Mayo",3,3,0,0,0,0,0,,"Calle",,"RECONQUISTA","General Obligado","Asfalto","No existe","IX","Dentro","Urbana","Ninguna","No existe","Recta","Bueno","S/D","Nocturna","S/D","S/D","S/D","Colisión","Ninguna","Faltante","Ninguna","S/D"
2017,9902,6/20/2017,"Martes",0,17:55:00,,"0.0",2,"Automóvil,Moto/Ciclomotor","Calle 21 ",3,2,0,0,1,0,0,,"Calle",,"AVELLANEDA","General Obligado","Asfalto","S/D","IX","Dentro","Urbana","S/D","S/D","S/D","Bueno","S/D","S/D","S/D","S/D","S/D","Colisión","Ninguna","S/D","S/D","Sin restricción"
2017,9903,6/12/2017,"Lunes",0,11:15:00,,"0.0",2,"Moto/Ciclomotor,Automóvil","Calle 31-Newbery Y Calle 22- 25 de Mayo",2,1,0,0,1,0,0,,"Calle",,"RECONQUISTA","General Obligado","Asfalto","No existe","IX","Dentro","Urbana","Ninguna","No existe","Recta","Bueno","Buena","Diurna","S/D","S/D","S/D","Colisión","Ninguna","Faltante","Ninguna","S/D"
2017,9904,6/8/2017,"Jueves",0,22:00:00,,"0.0",2,"Moto/Ciclomotor,Automóvil","Calle 28 - San Lorenzo Y Calle 25 - Pietropaolo",2,1,0,0,1,0,0,,"Calle",,"RECONQUISTA","General Obligado","Asfalto","No existe","IX","Dentro","Urbana","Ninguna","No existe","Intersección","Bueno","Reducida","Nocturna","S/D","S/D","S/D","Colisión","Ninguna","Faltante","Ninguna","S/D"
2017,9905,6/21/2017,"Miercoles",0,16:00:00,,"0.0",2,"Moto/Ciclomotor,Automóvil","Calle 30-Lucas Funes Y Calle 25-Rivadavia",2,1,0,0,1,0,0,,"Calle",,"RECONQUISTA","General Obligado","Asfalto","No existe","IX","S/D","Urbana","Ninguna","No existe","Recta","Bueno","Buena","Diurna","S/D","S/D","S/D","Colisión","Ninguna","Horizontal","Línea divisoria pintada","S/D"
2017,9906,7/25/2017,"Martes",0,19:00:00,,"0.0",2,"Moto/Ciclomotor,Automóvil","Calle 41-Santa Fe Y Calle 20 9 de Julio",3,2,0,0,1,0,0,,"Calle",,"RECONQUISTA","General Obligado","S/D","No existe","IX","S/D","Urbana","S/D","S/D","Intersección","S/D","S/D","Atardecer","Buen Tiempo","S/D","S/D","Colisión","S/D","S/D","S/D","Sin restricción"
2017,9907,6/8/2017,"Jueves",0,18:45:00,,"0.0",2,"Bicicleta,Automóvil","Calle 11-Alvear 1140",2,1,0,0,1,0,0,,"Calle",,"RECONQUISTA","General Obligado","Asfalto","No existe","IX","Dentro","Urbana","Ninguna","No existe","Recta","Bueno","Buena","Nocturna","Buen Tiempo","S/D","Ciclista","Atropello","Ninguna","Faltante","Ninguna","Sin restricción"
2017,9908,6/3/2017,"Sabado",0,9:15:00,,"0.0",2,"Moto/Ciclomotor,Automóvil","Calle 18 - Gral Belgrano Y Calle 19-Habegger",2,1,0,0,1,0,0,,"Calle",,"RECONQUISTA","General Obligado","Hormigón","No existe","IX","Dentro","Urbana","Ninguna","No existe","Recta","Bueno","Buena","Diurna","Buen Tiempo","Lateral","S/D","Colisión","Ninguna","Faltante","Ninguna","Sin restricción"
2017,9909,8/5/2017,"Sabado",0,20:20:00,,"0.0",2,"Moto/Ciclomotor,Pickup/Utilitario","B Irigoyen Y Mitre B",3,2,0,0,1,0,0,,"Calle",,"VERA","Vera","Tierra","No existe","XIX","Dentro","Urbana","Ninguna","No existe","Intersección","Bueno","Buena","Nocturna","Buen Tiempo","Frontal","S/D","Colisión","Ninguna","Faltante","Ninguna","Sin restricción"
2017,9910,6/9/2017,"Viernes",0,11:45:00,,"0.0",2,"Pickup/Utilitario,Moto/Ciclomotor","Calle 21-Gdor. iriondo Y Calle 6-Ituzaingo",2,1,0,0,1,0,0,,"Calle",,"RECONQUISTA","General Obligado","Asfalto","No existe","IX","S/D","Urbana","Ninguna","No existe","Intersección","Bueno","Buena","Diurna","Buen Tiempo","Otro","S/D","Colisión","Ninguna","Faltante","Ninguna","Sin restricción"
2017,9911,7/24/2017,"Lunes",0,19:30:00,,"0.0",2,"Automóvil,Moto/Ciclomotor","Gral Lopez Y J Roberti",2,0,1,0,1,0,0,,"Avenida",,"TEODELINA","General López","Asfalto","No existe","VIII","Dentro","Urbana","Señal Ceda el Paso","No existe","Intersección","Bueno","Reducida","Nocturna,Con luz artificial","Buen Tiempo","Lateral","S/D","Colisión","Ninguna","Vertical","Cordón divisorio","Sin restricción"
2017,9912,8/10/2017,"Jueves",0,7:45:00,,"0.0",2,"Moto/Ciclomotor,Pickup/Utilitario","Belgrano Y Espa±a",2,1,0,0,1,0,0,,"Calle",,"VERA","Vera","Asfalto","No existe","XIX","Dentro","Urbana","Ninguna","No existe","Intersección","Bueno","Buena","Diurna","Buen Tiempo","Frontal","S/D","Colisión","Ninguna","Faltante","Ninguna","Sin restricción"
2017,9913,6/8/2017,"Jueves",0,21:25:00,"Ruta Nacional 11","0.0",2,"Pickup/Utilitario,Moto/Ciclomotor"," ",2,0,1,0,1,0,0,,"Ruta",11,"RECONQUISTA","General Obligado","Asfalto","Pavimento","IX","Dentro","Urbana","Ninguna","No existe","Recta","Bueno","Buena","Nocturna","Buen Tiempo","Lateral","S/D","Colisión","Ninguna","Horizontal","Barrera de hormigón","Sin restricción"