"anio_acci","nro_acci","fecha","desc_dia","fecha_aprox","hora_aprox","desc_ruta","km","cant_participantes","desc_participante","calle_avenida_km","total","heridos_leves","heridos_graves","heridos_gravisimos","ilesos","fallecidos","sin_datos","posicion_XY","desc_tipo_via","desc_ruta_ori","desc_loc","desc_dpto","desc_tipo_calzada","desc_tipo_banquina","desc_unidad_regional","desc_lugar_calzada","desc_zona","desc_prioridad","desc_estado_semaforo","desc_lugar_via","desc_estado_via","desc_estado_visibilidad","desc_luminosidad","desc_estado_clima","desc_tipo_colision","desc_tipo_atropello","desc_tipo_hecho","desc_pres_calzada","desc_senializacion","desc_separacion_via","desc_restriccion"
2017,9914,7/8/2017,"Sabado",0,14:20:00,,"0.0",2,"Automóvil,Moto/Ciclomotor","Calle 22- 25 de Mayo Y Calle 15-Patricio Diez",2,1,0,0,1,0,0,,"Calle",,"RECONQUISTA","General Obligado","Asfalto","No existe","IX","Dentro","Urbana","Ninguna","No existe","Intersección","Bueno","Buena","Diurna","Buen Tiempo","Frontal","S/D","Colisión","Ninguna","Faltante","Ninguna","Sin restricción"
2017,9915,7/13/2017,"Jueves",0,8:30:00,,"0.0",2,"Automóvil,Moto/Ciclomotor","9 de Julio Y Diego de Alvear",2,1,0,0,1,0,0,,"Calle",,"TEODELINA","General López","Asfalto","No existe","VIII","Dentro","Urbana","Señal Ceda el Paso","No existe","Intersección","Resbaladiza","Reducida","Amanecer,Con luz artificial","Niebla","Lateral","S/D","Colisión","Agua","Vertical","Cordón divisorio","Sin restricción"
2017,9916,9/23/2017,"Sabado",0,,,"0.0",2,"Bicicleta,Transporte de Pasajeros Urbano (> 8 asientos)","Calle 18-Belgrano Y Calle 11-Alvear",4,3,0,0,0,0,1,,"Calle",,"RECONQUISTA","General Obligado","Asfalto","No existe","IX","Dentro","Urbana","Ninguna","No existe","Intersección","Bueno","Buena","Diurna","Buen Tiempo","S/D","Ciclista","Atropello","Ninguna","Horizontal","Ninguna","Sin restricción"
2017,9917,6/6/2017,"Martes",0,0:15:00,,"0.0",2,"Moto/Ciclomotor,Pickup/Utilitario","Calle 33-Pueyrredon Y Calle 10-Ludue±a",3,1,1,0,1,0,0,,"Calle",,"RECONQUISTA","General Obligado","Hormigón","No existe","IX","Dentro","Urbana","Ninguna","No existe","Intersección","Bueno","Buena","Nocturna","Buen Tiempo","Lateral","S/D","Colisión","Ninguna","Faltante","Ninguna","Sin restricción"
2017,9918,8/18/2017,"Viernes",0,23:00:00,,"0.0",2,"Automóvil,Moto/Ciclomotor","CORDOBA  1900",2,1,0,0,1,0,0,,"Calle",,"PUEBLO ESTHER","Rosario","Asfalto","No existe","II","S/D","Urbana","S/D","No existe","S/D","Bueno","Reducida","Nocturna","Buen Tiempo","Lateral","S/D","Colisión","Ninguna","S/D","S/D","S/D"
2017,9919,9/15/2017,"Viernes",0,,"Ruta Nacional 11","0.0",3,"Moto/Ciclomotor,Automóvil,Pickup/Utilitario","Ruta Nacional 11 ",4,1,0,0,0,0,3,,"Ruta",11,"RECONQUISTA","General Obligado","Asfalto","No existe","IX","S/D","Urbana","Ninguna","No existe","Puente","Bueno","Buena","Diurna","Buen Tiempo","Múltiple","S/D","Colisión","Ninguna","Horizontal","Ninguna","Sin restricción"
2017,9920,8/25/2017,"Viernes",0,22:40:00,"Ruta Provincial 21","0.0",2,"Pickup/Utilitario,Automóvil","27 DE FEBRERO Y RUTA PROVINCIAL 21",4,1,0,0,2,0,1,,"Ruta",21,"PUEBLO ESTHER","Rosario","Asfalto","Pavimento","II","Dentro","Rural","Ninguna","No existe","S/D","Bueno","Buena","Nocturna","Buen Tiempo","S/D","S/D","Colisión","Ninguna","Faltante","S/D","S/D"
2017,9921,8/19/2017,"Sabado",0,,,"0.0",2,"Automóvil,Bicicleta","CALLE 44 Y BOULEVARD ESPAÑA",2,1,0,0,1,0,0,,"Calle",,"RECONQUISTA","General Obligado","Asfalto","No existe","IX","Dentro","Urbana","Ninguna","No existe","Intersección","Bueno","Buena","Diurna","Buen Tiempo","Lateral","S/D","Colisión","Ninguna","Horizontal","Ninguna","Sin restricción"
2017,9922,6/26/2017,"Lunes",0,9:10:00,"Ruta Nacional 11","0.0",2,"Moto/Ciclomotor,Automóvil","Calle 21 ",3,2,0,0,1,0,0,,"Ruta",11,"AVELLANEDA","General Obligado","Asfalto","Natural","IX","Dentro","Urbana","S/D","S/D","Intersección","S/D","S/D","Diurna","S/D","S/D","S/D","Colisión","S/D","S/D","S/D","S/D"
2017,9923,6/26/2017,"Lunes",0,7:35:00,,"0.0",2,"Automóvil,Moto/Ciclomotor","Calle 11-Alvear Y Calle 8-Chacabuco",2,1,0,0,1,0,0,,"Calle",,"RECONQUISTA","General Obligado","Asfalto","S/D","IX","Dentro","Urbana","S/D","S/D","Intersección","S/D","Buena","Diurna","S/D","S/D","S/D","Colisión","S/D","S/D","S/D","S/D"
2017,9924,8/25/2017,"Viernes",0,,,"0.0",2,"Moto/Ciclomotor,Automóvil","Calle 33-Pueyrredon Y Calle 16 Gral Obligado",2,1,0,0,0,0,1,,"Calle",,"RECONQUISTA","General Obligado","Asfalto","No existe","IX","Dentro","Urbana","Ninguna","No existe","Intersección","Bueno","Buena","Diurna","Buen Tiempo","Lateral","S/D","Colisión","Ninguna","Horizontal","Ninguna","Sin restricción"
2017,9925,8/23/2017,"Miercoles",0,,"Ruta Nacional 11","0.0",2,"Moto/Ciclomotor,Automóvil","Calle 25-Rivadavia ",3,2,0,0,0,0,1,,"Ruta",11,"RECONQUISTA","General Obligado","Asfalto","Pavimento","IX","S/D","Urbana","Semáforo","Funciona","Intersección","Bueno","Buena","Diurna","Buen Tiempo","Lateral","S/D","Colisión","Ninguna","Horizontal,Vertical","Ninguna","Sin restricción"
2017,9926,8/31/2017,"Jueves",0,,,"0.0",2,"Moto/Ciclomotor,Pickup/Utilitario","Roca Pte Y Calle 31-Newbery",2,1,0,0,0,0,1,,"Calle",,"RECONQUISTA","General Obligado","Asfalto","No existe","IX","S/D","Urbana","Ninguna","No existe","Intersección","Bueno","Buena","Diurna","Buen Tiempo","Lateral","S/D","Colisión","Ninguna","Horizontal","Ninguna","Sin restricción"
2017,9927,8/16/2017,"Miercoles",0,16:50:00,,"0.0",2,"Moto/Ciclomotor,Automóvil","Calle 19-Habegger Y Calle 22- 25 de Mayo",6,4,0,0,1,0,1,,"Calle",,"RECONQUISTA","General Obligado","Asfalto","No existe","IX","S/D","Urbana","Ninguna","No existe","Intersección","Bueno","Buena","Diurna","Buen Tiempo","De alcance","S/D","Colisión","Ninguna","Faltante","Ninguna","Sin restricción"
2017,9928,6/8/2017,"Jueves",0,6:55:00,,"0.0",2,"Bicicleta,Automóvil","Calle 9 Y Calle 19",2,1,0,0,1,0,0,,"Calle",,"AVELLANEDA","General Obligado","Asfalto","No existe","IX","S/D","Urbana","S/D","No existe","Intersección","Bueno","Buena","Diurna","S/D","S/D","Ciclista","Atropello","Ninguna","S/D","S/D","S/D"
2017,9929,7/25/2017,"Martes",0,10:00:00,,"0.0",2,"Moto/Ciclomotor,Automóvil","Calle 10-Ludue±a Y Calle 13-Iturraspe",2,1,0,0,1,0,0,,"Calle",,"RECONQUISTA","General Obligado","Asfalto","No existe","IX","S/D","Urbana","S/D","No existe","Recta","Bueno","Buena","Diurna","S/D","S/D","S/D","Colisión","Ninguna","Horizontal","S/D","S/D"
2017,9930,7/7/2017,"Viernes",0,19:00:00,,"0.0",2,"Moto/Ciclomotor,Automóvil","Calle 24 - Olessio Y Calle 33-Pueyrredon",2,1,0,0,1,0,0,,"Calle",,"RECONQUISTA","General Obligado","Hormigón","No existe","IX","Dentro","Urbana","Ninguna","S/D","Intersección","Bueno","Buena","Diurna","Buen Tiempo","S/D","S/D","Colisión","Ninguna","S/D","Ninguna","Sin restricción"
2017,9931,7/26/2017,"Miercoles",0,0:30:00,,"0.0",2,"Automóvil,Moto/Ciclomotor","Calle 3-Almafuerte ",2,1,0,0,1,0,0,,"Avenida",,"RECONQUISTA","General Obligado","S/D","S/D","IX","S/D","Urbana","S/D","S/D","Recta","Bueno","Buena","Nocturna","S/D","S/D","S/D","Colisión","S/D","S/D","S/D","Sin restricción"
2017,9932,7/12/2017,"Miercoles",0,13:30:00,,"0.0",2,"Pickup/Utilitario,Moto/Ciclomotor","Calle 12 San Martin Y Calle 15-Patricio Diez",2,1,0,0,1,0,0,,"Calle",,"RECONQUISTA","General Obligado","Asfalto","No existe","IX","S/D","Urbana","S/D","S/D","Intersección","S/D","S/D","Diurna","S/D","S/D","S/D","Colisión","S/D","S/D","S/D","S/D"
2017,9933,7/13/2017,"Jueves",0,17:30:00,,"0.0",2,"Automóvil,Moto/Ciclomotor","Calle 19-Habegger Y Calle 32 - Amenabar",2,1,0,0,1,0,0,,"Calle",,"RECONQUISTA","General Obligado","Asfalto","No existe","IX","S/D","Urbana","S/D","No existe","Intersección","Bueno","Buena","Diurna","Buen Tiempo","S/D","S/D","Colisión","Ninguna","S/D","S/D","S/D"
2017,9934,6/12/2017,"Lunes",0,,"Ruta Nacional 11","0.0",2,"Moto/Ciclomotor,Camión Chasis","Calle 13-Iturraspe ",4,3,0,0,1,0,0,,"Ruta",11,"RECONQUISTA","General Obligado","Asfalto","S/D","IX","S/D","Urbana","S/D","No existe","Recta","Bueno","Buena","Diurna","S/D","S/D","S/D","Colisión","Ninguna","Horizontal","S/D","S/D"
2017,9935,6/30/2017,"Viernes",0,12:10:00,,"0.0",2,"Bicicleta,Automóvil","Calle 16-Obligado Y Calle 33-Pueyrredon",2,1,0,0,1,0,0,,"Calle",,"RECONQUISTA","General Obligado","Hormigón","No existe","IX","Dentro","Urbana","Ninguna","No existe","Intersección","Bueno","Buena","Nocturna","Buen Tiempo","S/D","Ciclista","Atropello","Ninguna","Faltante","Ninguna","Sin restricción"
2017,9936,6/23/2017,"Viernes",0,20:00:00,,"0.0",2,"Moto/Ciclomotor,Pickup/Utilitario","Calle 8-Chacabuco Y Calle 17-Bartolome Mitre",3,2,0,0,1,0,0,,"Calle",,"RECONQUISTA","General Obligado","Asfalto","No existe","IX","Dentro","Urbana","Ninguna","No existe","Intersección","Bueno","Buena","Nocturna","Buen Tiempo","Lateral","S/D","Colisión","Ninguna","Faltante","Ninguna","Sin restricción"
2017,9937,6/1/2017,"Jueves",1,,,"0.0",2,"Automóvil,Moto/Ciclomotor"," ",2,1,0,0,1,0,0,,"S/D",,"RECONQUISTA","General Obligado","S/D","S/D","IX","S/D","S/D","S/D","S/D","S/D","S/D","S/D","S/D","S/D","S/D","S/D","Colisión","S/D","S/D","S/D","S/D"
2017,9938,12/10/2017,"Domingo",0,15:30:00,,"0.0",2,"Camión c / Acoplado,Moto/Ciclomotor","Bock y Herzerg Y A Gaminara",2,1,0,0,1,0,0,,"Calle",,"SAN CARLOS CENTRO","Las Colonias","Ripio","No existe","XI","S/D","Urbana","Ninguna","No existe","Intersección","Bueno","Buena","Diurna","Buen Tiempo","Lateral","S/D","Colisión","Ninguna","Faltante","Ninguna","Sin restricción"
2017,9939,12/11/2017,"Lunes",0,17:45:00,,"0.0",2,"Bicicleta,Automóvil","Sarmiento Y Tucuman",2,1,0,0,1,0,0,,"Calle",,"SAN CARLOS CENTRO","Las Colonias","Asfalto","No existe","XI","Dentro","Urbana","Ninguna","No existe","Intersección","Bueno","Buena","Diurna","Buen Tiempo","Lateral","Ciclista","Atropello","Ninguna","Horizontal","Ninguna","Sin restricción"
2017,9940,12/14/2017,"Jueves",0,18:30:00,,"0.0",2,"Moto/Ciclomotor,Automóvil","Belgrano Manuel 450",2,1,0,0,1,0,0,,"Calle",,"SAN CARLOS CENTRO","Las Colonias","Asfalto","No existe","XI","Dentro","Urbana","Ninguna","No existe","Recta","Bueno","Buena","Diurna","Buen Tiempo","Lateral","Ciclista","Atropello","Ninguna","S/D","Línea divisoria pintada","Sin restricción"
2017,9941,12/19/2017,"Martes",0,11:00:00,,"0.0",2,"Moto/Ciclomotor,Moto/Ciclomotor","Corrientes Y Sarmiento",2,2,0,0,0,0,0,,"Calle",,"SAN CARLOS CENTRO","Las Colonias","Asfalto","No existe","XI","Dentro","Urbana","Ninguna","No existe","Intersección","Bueno","Reducida","Diurna","Lluvia","De alcance","S/D","Colisión","Agua","Vertical","Ninguna","Sin restricción"
2017,9942,12/26/2017,"Martes",0,10:40:00,,"0.0",2,"Pickup/Utilitario,Moto/Ciclomotor"," ",3,2,0,0,0,0,1,,"Calle",,"SAN CARLOS CENTRO","Las Colonias","Asfalto,Ripio","S/D","XI","Dentro","S/D","Ninguna","No existe","Intersección","Bueno","Buena","Diurna","Buen Tiempo","Otro","S/D","Otro","Ninguna","Horizontal","Ninguna","Sin restricción"
2017,9943,12/26/2017,"Martes",0,11:25:00,,"0.0",2,"Pickup/Utilitario,Bicicleta","Weihmuller Y 13 de Mayo",2,1,0,0,1,0,0,,"Calle",,"SAN CARLOS CENTRO","Las Colonias","Ripio","No existe","XI","Dentro","Urbana","Ninguna","No existe","Intersección","Bueno","Buena","Diurna","Buen Tiempo","Frontal","Ciclista","Atropello","Ninguna","S/D","Ninguna","Sin restricción"
2017,9944,12/25/2017,"Lunes",0,5:00:00,,"0.0",1,"Moto/Ciclomotor","Av Escalada Y Potosi",1,0,1,0,0,0,0,,"Avenida",,"EMPALME VILLA CONSTITUCIÓN","Constitución","Asfalto","No existe","VI","S/D","Urbana","Ninguna","No existe","Recta","Bueno","Buena","Con luz artificial","Buen Tiempo","Otro","S/D","Despiste","Ninguna","S/D","Ninguna","Sin restricción"
2017,9945,12/11/2017,"Lunes",0,22:00:00,"Ruta Provincial 21","35.0",2,"Moto/Ciclomotor,Otros","Salta Y Av San Martin",2,1,0,0,1,0,0,"-33.256158, -60.378119","Ruta",21,"EMPALME VILLA CONSTITUCIÓN","Constitución","Asfalto","Natural","VI","S/D","Urbana","Ninguna","Funciona","Recta","Bueno","Buena","Con luz artificial","Buen Tiempo","Lateral","S/D","Colisión","Ninguna","S/D","Ninguna","Sin restricción"
2017,9946,12/6/2017,"Miercoles",0,14:25:00,,"0.0",2,"Moto/Ciclomotor,Automóvil","Brasil Y Roldan",2,1,0,0,1,0,0,"-33.251185, -60.309716","Calle",,"VILLA CONSTITUCIÓN","Constitución","Asfalto","S/D","VI","Dentro","Urbana","Ninguna","S/D","Intersección","Bueno","Buena","S/D","Buen Tiempo","Frontal","S/D","Colisión","Ninguna","S/D","Ninguna","Sin restricción"
2017,9947,12/25/2017,"Lunes",0,20:20:00,,"0.0",2,"Moto/Ciclomotor,Automóvil","Santa Cruz Y Juan Jose de Urquiza",3,1,0,0,2,0,0,"-33.242362, -60.320576","Calle",,"VILLA CONSTITUCIÓN","Constitución","Asfalto","S/D","VI","Dentro","Urbana","S/D","S/D","Intersección","Bueno","Buena","Nocturna","Buen Tiempo","Frontal","S/D","Colisión","Ninguna","S/D","Ninguna","Sin restricción"
2017,9948,11/16/2017,"Jueves",0,8:45:00,,"0.0",2,"Moto/Ciclomotor,Automóvil","Neuquen Y Manuel Dorrego",2,0,1,0,1,0,0,"-33.239571, -60.322035","Calle",,"VILLA CONSTITUCIÓN","Constitución","Asfalto","No existe","VI","Dentro","Urbana","Ninguna","No existe","Recta","Bueno","Buena","Diurna","Buen Tiempo","Frontal","S/D","Colisión","Ninguna","S/D","Ninguna","Sin restricción"
2017,9949,11/5/2017,"Domingo",0,9:25:00,,"0.0",2,"Moto/Ciclomotor,Automóvil","Independencia Y Santa Cruz",3,0,1,1,1,0,0,"-33.243735, -60.322024","Calle",,"VILLA CONSTITUCIÓN","Constitución","Asfalto","No existe","VI","Dentro","Urbana","Ninguna","No existe","Intersección","Bueno","Buena","Diurna","Buen Tiempo","Lateral","S/D","Colisión","Ninguna","S/D","Ninguna","Sin restricción"
2017,9950,11/4/2017,"Sabado",0,18:45:00,,"0.0",2,"Moto/Ciclomotor,Automóvil","Chile Y Roldan",4,1,0,0,3,0,0,,"S/D",,"VILLA CONSTITUCIÓN","Constitución","Asfalto","No existe","VI","Dentro","Urbana","Ninguna","No existe","Intersección","Bueno","Buena","Diurna","Buen Tiempo","Frontal","S/D","Colisión","Ninguna","S/D","Ninguna","Sin restricción"
2017,9951,11/2/2017,"Jueves",0,16:00:00,"Ruta Provincial 21","37.0",2,"Pickup/Utilitario,Camión c / Acoplado","Ruta Prov 21 Y Roma",3,2,0,0,1,0,0,"-33.232247, -60.344025","Ruta",21,"VILLA CONSTITUCIÓN","Constitución","Asfalto","No existe","VI","Dentro","Urbana","Ninguna","No existe","Recta","Bueno","Buena","Diurna","Buen Tiempo","Lateral","S/D","Colisión","Ninguna","S/D","Ninguna","Sin restricción"
2017,9952,11/20/2017,"Lunes",0,20:20:00,"Autopista Nacional Gral. Juan Jose Valle","242.0",1,"Automóvil"," ",4,2,0,0,2,0,0,"-33.29997, -60.35099","Autopista","Gral. Juan Jose Valle","VILLA CONSTITUCIÓN","Constitución","Asfalto","Natural","VI","Dentro","Rural","Ninguna","S/D","Recta","Bueno","S/D","Nocturna","Otro","Otro","S/D","Despiste","Ninguna","S/D","Ninguna","Sin restricción"
2017,9953,12/21/2017,"Jueves",0,14:00:00,,"0.0",2,"Pickup/Utilitario,Pickup/Utilitario","Cafferata 345",2,1,0,0,1,0,0,"-32.93525,-60.669638888889","Calle",,"ROSARIO","Rosario","Asfalto","S/D","II","S/D","Urbana","Semáforo","S/D","Recta","S/D","Buena","Diurna","S/D","S/D","S/D","Colisión","S/D","S/D","S/D","S/D"
2017,9954,12/15/2017,"Viernes",0,10:00:00,,"0.0",2,"Moto/Ciclomotor,Automóvil","Bv. Oroño Y Av. Pellegrini",2,1,0,0,1,0,0,"-32.954694444444,-60.655944444444","Avenida",,"ROSARIO","Rosario","Asfalto","Pavimento","II","Dentro","Urbana","Semáforo","Funciona","Rotonda","Bueno","Buena","Diurna","Buen Tiempo","Lateral","S/D","Colisión","Ninguna","Vertical","Cordón divisorio","Sin restricción"
2017,9955,8/2/2017,"Miercoles",0,13:00:00,,"0.0",2,"Pickup/Utilitario,Moto/Ciclomotor","Centeno Y G.Carrasco",2,1,0,0,1,0,0,,"Calle",,"ROSARIO","Rosario","Asfalto","S/D","II","Dentro","Urbana","S/D","S/D","Intersección","S/D","S/D","Diurna","S/D","S/D","S/D","Colisión","S/D","S/D","S/D","S/D"
2017,9956,8/2/2017,"Miercoles",0,16:10:00,,"0.0",2,"Transporte de Pasajeros Urbano (> 8 asientos),Peatón","Av. Ovidio Lagos Y Rioja",2,1,0,0,1,0,0,,"Calle",,"ROSARIO","Rosario","Asfalto","No existe","II","Dentro","Urbana","Semáforo","Funciona","Intersección","Bueno","S/D","Diurna","S/D","S/D","Peatón","Atropello","Ninguna","Horizontal,Vertical","Ninguna","Sin restricción"
2017,9957,8/2/2017,"Miercoles",0,,,"0.0",2,"Moto/Ciclomotor,Peatón","Calle 24 - Olessio Y Calle 65-Canada",2,2,0,0,0,0,0,,"Calle",,"RECONQUISTA","General Obligado","S/D","S/D","IX","Dentro","Urbana","S/D","S/D","Intersección","S/D","S/D","Diurna","S/D","S/D","S/D","Atropello","S/D","S/D","S/D","S/D"
2017,9958,8/4/2017,"Viernes",0,,,"0.0",2,"Automóvil,Peatón","Bv. Avellaneda 4500",2,1,0,0,1,0,0,,"Calle",,"ROSARIO","Rosario","Asfalto","No existe","II","Dentro","Urbana","Ninguna","No existe","Intersección","Bueno","S/D","S/D","S/D","S/D","S/D","Atropello","Ninguna","Faltante","Cordón divisorio","Sin restricción"
2017,9959,8/4/2017,"Viernes",0,,,"0.0",2,"Automóvil,Automóvil"," ",2,1,0,0,1,0,0,,"Calle",,"SAN GREGORIO","General López","S/D","S/D","VIII","Dentro","Urbana","S/D","S/D","Intersección","S/D","S/D","S/D","S/D","S/D","S/D","Colisión","S/D","S/D","S/D","S/D"
2017,9960,8/6/2017,"Domingo",0,,,"0.0",2,"Otros,Otros"," ",2,0,0,0,0,0,2,,"S/D",,"CASILDA","Caseros","S/D","S/D","IV","S/D","S/D","S/D","S/D","S/D","S/D","S/D","S/D","S/D","S/D","S/D","S/D","S/D","S/D","S/D","S/D"
2017,9961,8/6/2017,"Domingo",0,,,"0.0",2,"Moto/Ciclomotor,Automóvil","Moreno Y Dorrego",3,2,0,0,1,0,0,,"Calle",,"GÁLVEZ","San Jerónimo","S/D","S/D","XV","Dentro","Urbana","S/D","S/D","Intersección","S/D","S/D","S/D","S/D","S/D","S/D","Colisión","S/D","S/D","S/D","S/D"
2017,9962,8/5/2017,"Sabado",0,3:25:00,"Autopista Provincial Brigadier E.López","64.0",2,"Camión c / Semirremolque,Camión c / Semirremolque"," ",2,2,0,0,0,0,0,,"Autopista","Brigadier E.López","MONJE","San Jerónimo","Asfalto","S/D","XV","Dentro","Rural","S/D","S/D","Recta","Bueno","S/D","Nocturna","S/D","S/D","S/D","Colisión","Ninguna","Faltante","Ninguna","S/D"
2017,9963,8/7/2017,"Lunes",0,23:00:00,"Ruta Provincial 26","0.0",1,"Moto/Ciclomotor","Ruta Nac 9 ",2,1,1,0,0,0,0,,"Ruta",26,"CARCARAÑÁ","San Lorenzo","Asfalto","Pavimento","XVII","Dentro","Urbana","Ninguna","No existe","Cruce","Bueno","S/D","Nocturna","S/D","S/D","S/D","Caída ocupante","Ninguna","Faltante","Línea divisoria pintada","Sin restricción"
2017,9964,8/8/2017,"Martes",0,,"Ruta Provincial 10","0.0",2,"Automóvil,Moto/Ciclomotor","Ameghino Florentino Y Silvio Arcas",2,1,0,0,1,0,0,,"Ruta",10,"GÁLVEZ","San Jerónimo","Asfalto","No existe","XV","Dentro","Urbana","Ninguna","No existe","Intersección","Bueno","S/D","S/D","S/D","S/D","S/D","Colisión","Ninguna","Faltante","Ninguna","Sin restricción"
2017,9965,8/8/2017,"Martes",0,14:45:00,,"0.0",2,"Automóvil,Moto/Ciclomotor","Ayacucho 6100",2,1,0,0,1,0,0,,"Calle",,"ROSARIO","Rosario","Asfalto","No existe","II","Dentro","Urbana","Ninguna","No existe","Recta","Bueno","S/D","Diurna","S/D","S/D","S/D","Colisión","Ninguna","Horizontal","Ninguna","Sin restricción"
2017,9966,8/8/2017,"Martes",0,,,"0.0",2,"Bicicleta,Automóvil","Boulevard Lisandro de la Torre Y General Bartolome Mitre",2,1,0,0,1,0,0,,"Calle",,"CASILDA","Caseros","Asfalto","No existe","IV","Dentro","Urbana","S/D","No existe","Intersección","Bueno","S/D","S/D","S/D","S/D","Ciclista","Atropello","Ninguna","Horizontal","Ninguna","S/D"
2017,9967,8/8/2017,"Martes",0,19:50:00,,"0.0",2,"Automóvil,Moto/Ciclomotor","Bv. Avellaneda Y Lamadrid",2,1,0,0,1,0,0,,"Calle",,"ROSARIO","Rosario","Asfalto","No existe","II","Dentro","Urbana","Ninguna","No existe","Intersección","Bueno","S/D","Diurna","S/D","S/D","S/D","Colisión","Ninguna","Horizontal","Ninguna","Sin restricción"
2017,9968,8/9/2017,"Miercoles",0,,,"0.0",2,"Automóvil,Moto/Ciclomotor"," ",2,1,0,0,1,0,0,,"Calle",,"CASILDA","Caseros","S/D","S/D","IV","Dentro","Urbana","S/D","S/D","S/D","S/D","S/D","S/D","S/D","S/D","S/D","Colisión","S/D","S/D","S/D","S/D"
2017,9969,8/9/2017,"Miercoles",0,,"Ruta Nacional 34","88.0",2,"Automóvil,Automóvil"," ",3,1,0,0,2,0,0,,"Ruta",34,"SAN GENARO","San Jerónimo","Asfalto","S/D","XV","Dentro","Urbana","S/D","S/D","Recta","Bueno","S/D","S/D","S/D","S/D","S/D","Colisión","S/D","S/D","S/D","S/D"
2017,9970,8/9/2017,"Miercoles",0,,,"0.0",2,"Automóvil,Moto/Ciclomotor","Irala Y Av Colon",2,1,0,0,1,0,0,,"Calle",,"GABOTO","San Jerónimo","S/D","S/D","XV","Dentro","Urbana","S/D","S/D","Intersección","S/D","S/D","S/D","S/D","S/D","S/D","Colisión","S/D","S/D","S/D","S/D"
2017,9971,8/11/2017,"Viernes",0,,,"0.0",1,"Pickup/Utilitario"," ",1,1,0,0,0,0,0,,"S/D",,"FORTÍN TOBA","Vera","S/D","S/D","XIX","S/D","S/D","S/D","S/D","S/D","S/D","S/D","S/D","S/D","S/D","S/D","Vuelco","S/D","S/D","S/D","S/D"
2017,9972,8/12/2017,"Sabado",0,11:10:00,,"0.0",2,"Automóvil,Moto/Ciclomotor"," ",4,0,0,0,3,1,0,"-33.045273, -61.165229","S/D",,"CASILDA","Caseros","S/D","S/D","IV","S/D","S/D","S/D","S/D","S/D","S/D","S/D","Diurna","S/D","S/D","S/D","Colisión","S/D","S/D","S/D","S/D"
2017,9973,8/12/2017,"Sabado",0,5:30:00,,"0.0",2,"Pickup/Utilitario,Moto/Ciclomotor"," ",2,1,0,0,1,0,0,,"S/D",,"CASILDA","Caseros","S/D","S/D","IV","S/D","S/D","S/D","S/D","S/D","S/D","S/D","Nocturna","S/D","S/D","S/D","Colisión","S/D","S/D","S/D","S/D"
2017,9974,8/13/2017,"Domingo",0,15:00:00,,"0.0",2,"Automóvil,Moto/Ciclomotor","Av. Uriburu Y Suipacha",2,1,0,0,1,0,0,,"Calle",,"ROSARIO","Rosario","Asfalto","No existe","II","Dentro","Urbana","Ninguna","No existe","Intersección","Bueno","S/D","Diurna","S/D","S/D","S/D","Colisión","Ninguna","Faltante","Cordón divisorio","Sin restricción"
2017,9975,8/13/2017,"Domingo",0,,,"0.0",2,"Moto/Ciclomotor,Automóvil","Cafferata Y Bv. Segui",2,1,0,0,1,0,0,,"Calle",,"ROSARIO","Rosario","Asfalto","No existe","II","Dentro","Urbana","Semáforo","Funciona","Intersección","Bueno","S/D","S/D","S/D","S/D","S/D","Colisión","Ninguna","Horizontal,Vertical","Cordón divisorio","Sin restricción"
2017,9976,12/10/2017,"Domingo",0,17:15:00,"Ruta Provincial 70","0.0",2,"Automóvil,Automóvil","Brigadier Lopez Y Pastor Bresson",2,2,0,0,0,0,0,"-31.449972222222,-60.899083333333","Ruta",70,"ESPERANZA","Las Colonias","Asfalto","Natural","XI","S/D","Urbana","Marca Vial","No existe","Recta","Bueno","Buena","Diurna","Buen Tiempo","Otro","S/D","Colisión","S/D","S/D","Línea divisoria pintada","Sin restricción"
2017,9977,12/30/2017,"Sabado",0,3:00:00,,"0.0",2,"Moto/Ciclomotor,Moto/Ciclomotor","San Martin Y Santa Fe",2,2,0,0,0,0,0,"-31.58338, -60.93771","Calle",,"FRANCK","Las Colonias","Asfalto","Pavimento","XI","Dentro","Urbana","Ninguna","No existe","Intersección","Bueno","Buena","Nocturna","Buen Tiempo","S/D","S/D","Colisión","Ninguna","Horizontal","Cordón divisorio","Sin restricción"
2017,9978,12/29/2017,"Viernes",0,20:30:00,,"0.0",2,"Moto/Ciclomotor,Automóvil","Belgrano Y Domingo Faustino Sarmineto",2,1,0,0,1,0,0,"-31.5531, -61.07877","Calle",,"SAN JERÓNIMO NORTE","Las Colonias","Hormigón","No existe","XI","Dentro","Urbana","Ninguna","No existe","Intersección","Bueno","Buena","Atardecer","Buen Tiempo","Lateral","S/D","Colisión","Ninguna","Vertical","Ninguna","Sin restricción"
2017,9979,12/18/2017,"Lunes",0,4:15:00,"Ruta Secundaria 280-s","28.0",2,"Moto/Ciclomotor,Automóvil"," ",3,2,0,0,1,0,0,"-30.946139, -61.849080","Ruta","280-s","COLONIA ALDAO","Castellanos","Asfalto","Natural","V","Dentro","Rural","Ninguna","No existe","Recta","Bueno","Buena","Nocturna","Buen Tiempo","De alcance","S/D","Atropello","Ninguna","Faltante","Línea divisoria pintada","Sin restricción"
2017,9980,9/1/2017,"Viernes",0,,,"0.0",1,"Peatón"," ",2,1,0,0,1,0,0,,"S/D",,"VENADO TUERTO","General López","S/D","S/D","VIII","S/D","S/D","S/D","S/D","S/D","S/D","S/D","S/D","S/D","S/D","Peatón","Atropello","S/D","S/D","S/D","S/D"