"anio_acci","nro_acci","fecha","desc_dia","fecha_aprox","hora_aprox","desc_ruta","km","cant_participantes","desc_participante","calle_avenida_km","total","heridos_leves","heridos_graves","heridos_gravisimos","ilesos","fallecidos","sin_datos","posicion_XY","desc_tipo_via","desc_ruta_ori","desc_loc","desc_dpto","desc_tipo_calzada","desc_tipo_banquina","desc_unidad_regional","desc_lugar_calzada","desc_zona","desc_prioridad","desc_estado_semaforo","desc_lugar_via","desc_estado_via","desc_estado_visibilidad","desc_luminosidad","desc_estado_clima","desc_tipo_colision","desc_tipo_atropello","desc_tipo_hecho","desc_pres_calzada","desc_senializacion","desc_separacion_via","desc_restriccion"
2017,9981,9/1/2017,"Viernes",0,14:30:00,,"0.0",1,"Moto/Ciclomotor"," Remedios de Escalada de San M Y Boulevard Argentino",1,1,0,0,0,0,0,,"Calle",,"CASILDA","Caseros","Asfalto","No existe","IV","Dentro","Urbana","Ninguna","No existe","Recta","Bueno","S/D","Diurna","S/D","S/D","S/D","Caída ocupante","Ninguna","Faltante","Ninguna","Sin restricción"
2017,9982,8/28/2017,"Lunes",0,15:05:00,,"0.0",2,"Moto/Ciclomotor,Automóvil","Boulevard Lisandro de la Torre Y España",2,1,0,0,1,0,0,,"Calle",,"CASILDA","Caseros","Asfalto","No existe","IV","Dentro","Urbana","Ninguna","No existe","Intersección","Bueno","S/D","Diurna","S/D","S/D","S/D","Colisión","Ninguna","Horizontal","Ninguna","Sin restricción"
2017,9983,9/1/2017,"Viernes",0,22:25:00,,"0.0",2,"Automóvil,Bicicleta","Casiano Casas Y Washington",2,1,0,0,1,0,0,,"Calle",,"ROSARIO","Rosario","Asfalto","No existe","II","Dentro","Urbana","Ninguna","No existe","Intersección","Bueno","S/D","Nocturna","S/D","S/D","Ciclista","Atropello","Ninguna","Faltante","Ninguna","Sin restricción"
2017,9985,9/1/2017,"Viernes",0,,"Ruta Provincial 65","25.0",1,"Automóvil"," ",1,1,0,0,0,0,0,,"Ruta",65,"SAN GENARO","San Jerónimo","Asfalto","S/D","XV","Dentro","Rural","S/D","S/D","Recta","S/D","S/D","S/D","S/D","S/D","S/D","Vuelco","S/D","S/D","S/D","S/D"
2017,9986,9/1/2017,"Viernes",0,,,"0.0",2,"Moto/Ciclomotor,Automóvil"," ",2,2,0,0,0,0,0,,"S/D",,"SAN JUSTO","San Justo","S/D","S/D","XIV","S/D","S/D","S/D","S/D","S/D","S/D","S/D","S/D","S/D","S/D","S/D","Colisión","S/D","S/D","S/D","S/D"
2017,9987,9/1/2017,"Viernes",0,,,"0.0",2,"Automóvil,Moto/Ciclomotor"," ",2,1,0,0,1,0,0,,"S/D",,"ROSARIO","Rosario","S/D","S/D","II","S/D","S/D","S/D","S/D","S/D","S/D","S/D","S/D","S/D","S/D","S/D","Colisión","S/D","S/D","S/D","S/D"
2017,9988,9/2/2017,"Sabado",0,11:30:00,"Ruta Provincial 1","0.0",1,"Automóvil"," ",1,1,0,0,0,0,0,,"Ruta",1,"CAYASTA","Garay","S/D","S/D","VII","S/D","S/D","S/D","S/D","Recta","S/D","S/D","S/D","S/D","S/D","S/D","Caída ocupante","S/D","S/D","S/D","S/D"
2017,9989,9/2/2017,"Sabado",0,,"Ruta Nacional 11","914.0",2,"Pickup/Utilitario,Automóvil"," ",2,1,1,0,0,0,0,,"Ruta",11,"FLORENCIA","General Obligado","Asfalto","S/D","IX","Dentro","S/D","S/D","S/D","Recta","S/D","S/D","S/D","S/D","S/D","S/D","Colisión","S/D","S/D","S/D","S/D"
2017,9990,9/2/2017,"Sabado",0,,"Ruta Nacional 11","865.0",1,"Moto/Ciclomotor"," ",1,1,0,0,0,0,0,,"Ruta",11,"LAS TOSCAS","General Obligado","Asfalto","S/D","IX","Dentro","Rural","S/D","S/D","Recta","S/D","S/D","S/D","S/D","Contra objeto fijo","S/D","Colisión","S/D","S/D","S/D","S/D"
2017,9991,9/2/2017,"Sabado",0,,,"0.0",2,"Moto/Ciclomotor,Automóvil"," ",2,2,0,0,0,0,0,,"S/D",,"CARRERAS","General López","S/D","S/D","VIII","S/D","S/D","S/D","S/D","S/D","S/D","S/D","S/D","S/D","S/D","S/D","Colisión","S/D","S/D","S/D","S/D"
2017,9992,9/2/2017,"Sabado",0,,,"0.0",2,"Moto/Ciclomotor,Automóvil","Avda 25 de Mayo Y Dorrego",2,1,0,0,1,0,0,,"Calle",,"GÁLVEZ","San Jerónimo","Asfalto","S/D","XV","Dentro","Urbana","S/D","S/D","Intersección","S/D","S/D","S/D","S/D","S/D","S/D","Colisión","S/D","S/D","S/D","S/D"
2017,9993,9/3/2017,"Domingo",0,,,"0.0",2,"Camión c / Acoplado,Moto/Ciclomotor","Alfonsina Storni Y Remedios de Escalada",2,0,1,0,1,0,0,,"Calle",,"RAFAELA","Castellanos","Asfalto","No existe","V","Dentro","Urbana","Ninguna","No existe","Intersección","Bueno","S/D","S/D","S/D","S/D","S/D","Colisión","Ninguna","Faltante","Ninguna","Sin restricción"
2017,9994,9/3/2017,"Domingo",0,,,"0.0",2,"Automóvil,Otros","AGUSTIN BELA Y EUGENIA PICCOLO",2,1,0,0,1,0,0,,"Calle",,"LABORDEBOY","General López","S/D","S/D","VIII","Dentro","Urbana","S/D","S/D","Intersección","S/D","S/D","S/D","S/D","S/D","S/D","Colisión","S/D","S/D","S/D","S/D"
2017,9995,9/3/2017,"Domingo",0,,,"0.0",2,"Moto/Ciclomotor,Automóvil","Calle 35-Espa±a Y Calle 50",3,1,1,0,1,0,0,,"Calle",,"RECONQUISTA","General Obligado","Tierra","No existe","IX","Dentro","Urbana","Ninguna","No existe","Intersección","Deteriorada","S/D","S/D","S/D","S/D","S/D","Colisión","Ninguna","Faltante","Ninguna","Sin restricción"
2017,9996,9/3/2017,"Domingo",0,,"Ruta Nacional A009","0.0",2,"Moto/Ciclomotor,Automóvil","Calle 105-Alicia Moreau ",2,1,0,0,1,0,0,,"Ruta","A009","RECONQUISTA","General Obligado","Asfalto,Tierra","No existe","IX","Dentro","Urbana","Ninguna","No existe","Intersección","Bueno","S/D","S/D","S/D","S/D","S/D","Colisión","Ninguna","Horizontal","Ninguna","Sin restricción"
2017,9997,9/3/2017,"Domingo",0,,,"0.0",2,"Pickup/Utilitario,Bicicleta","F Vicente Solano 430",2,1,0,0,1,0,0,,"Calle",,"GÁLVEZ","San Jerónimo","S/D","S/D","XV","Dentro","Urbana","S/D","S/D","Recta","S/D","S/D","S/D","S/D","S/D","Ciclista","Atropello","S/D","S/D","S/D","S/D"
2017,9998,9/3/2017,"Domingo",0,,,"0.0",1,"Moto/Ciclomotor","Av. Provincias Unidas 1400",2,2,0,0,0,0,0,,"Calle",,"ROSARIO","Rosario","Asfalto","No existe","II","Dentro","Urbana","S/D","No existe","Paso a Nivel FFCC","Bueno","S/D","S/D","S/D","Contra objeto fijo","S/D","Colisión","Ninguna","Horizontal","Ninguna","Sin restricción"
2017,9999,9/4/2017,"Lunes",0,2:00:00,,"0.0",2,"Automóvil,Moto/Ciclomotor","Av. Arijon Y Av. Ovidio Lagos",2,0,1,0,1,0,0,,"Calle",,"ROSARIO","Rosario","Asfalto","No existe","II","Dentro","Urbana","Semáforo","Funciona","Intersección","Bueno","S/D","Nocturna","S/D","S/D","S/D","Colisión","Ninguna","Horizontal,Vertical","Ninguna","Sin restricción"
2017,10000,9/7/2017,"Jueves",0,,,"0.0",2,"Pickup/Utilitario,Moto/Ciclomotor","Juan Lavalle Y Hipolito Irigoyen",2,1,0,0,1,0,0,,"Calle",,"VENADO TUERTO","General López","Asfalto","No existe","VIII","Dentro","Urbana","Ninguna","No existe","Intersección","Bueno","S/D","S/D","S/D","S/D","S/D","Colisión","Ninguna","Faltante","Ninguna","Sin restricción"
2017,10001,9/7/2017,"Jueves",0,,,"0.0",3,"Automóvil,Automóvil,Pickup/Utilitario"," ",3,1,0,0,2,0,0,,"S/D",,"ROSARIO","Rosario","S/D","S/D","II","S/D","S/D","S/D","S/D","S/D","S/D","S/D","S/D","S/D","Múltiple","S/D","Colisión","S/D","S/D","S/D","S/D"
2017,10002,9/8/2017,"Viernes",0,,,"0.0",2,"Moto/Ciclomotor,Moto/Ciclomotor","Cordoba Y E Oliber",2,1,1,0,0,0,0,,"Calle",,"RAFAELA","Castellanos","Asfalto","No existe","V","Dentro","Urbana","Ninguna","No existe","Intersección","Bueno","S/D","S/D","S/D","S/D","S/D","Colisión","Ninguna","Faltante","Ninguna","Sin restricción"
2017,10003,9/9/2017,"Sabado",0,7:30:00,,"0.0",2,"Pickup/Utilitario,Moto/Ciclomotor","Bv. Oroño Y Ameghino",2,1,0,0,1,0,0,,"Calle",,"ROSARIO","Rosario","Asfalto","No existe","II","Dentro","Urbana","Semáforo","Funciona","Intersección","Bueno","S/D","Diurna","S/D","S/D","S/D","Colisión","Ninguna","Horizontal,Vertical","Cordón divisorio,Ninguna","Sin restricción"
2017,10004,12/31/2017,"Domingo",0,3:15:00,"Ruta Nacional 34","243.0",2,"Pickup/Utilitario,Automóvil"," ",5,1,0,0,4,0,0,"-31.08351, -61.45889","Ruta",34,"ATALIVA","Castellanos","Asfalto","Natural","V","Dentro","Rural","Ninguna","No existe","Curva","Bueno","Buena","Nocturna","Buen Tiempo","Lateral","S/D","Colisión","Ninguna","Horizontal","Línea divisoria pintada","Sin restricción"
2017,10005,12/7/2017,"Jueves",0,,,"44.0",2,"Moto/Ciclomotor,Moto/Ciclomotor","Brigadier Lopez Y America",2,1,1,0,0,0,0,"-31.448583333333,-60.904555555556","S/D",,"ESPERANZA","Las Colonias","Asfalto","Natural","XI","Fuera","Urbana","Semáforo","Funciona","Recta","Bueno","Buena","Diurna","Buen Tiempo","Otro","S/D","Colisión","Ninguna","Vertical","Línea divisoria pintada","Sin restricción"
2017,10006,9/9/2017,"Sabado",0,12:30:00,,"0.0",2,"Moto/Ciclomotor,Automóvil","Tarragona ",3,1,0,0,2,0,0,,"Calle",,"ROSARIO","Rosario","S/D","S/D","II","Dentro","Urbana","S/D","S/D","S/D","S/D","S/D","Diurna","S/D","S/D","S/D","Colisión","S/D","S/D","S/D","S/D"
2017,10007,9/10/2017,"Domingo",0,,,"0.0",2,"Moto/Ciclomotor,Peatón","Chubut 1800",2,1,0,0,1,0,0,,"Calle",,"VILLA GOBERNADOR GÁLVEZ","Rosario","S/D","S/D","II","Dentro","Urbana","S/D","S/D","S/D","S/D","S/D","S/D","S/D","S/D","Peatón","Atropello","S/D","S/D","S/D","S/D"
2017,10008,9/10/2017,"Domingo",0,20:20:00,"Ruta Nacional 11","0.0",2,"Moto/Ciclomotor,Moto/Ciclomotor","Amado Cittadini ",2,1,1,0,0,0,0,,"Ruta",11,"SAN LORENZO","San Lorenzo","Asfalto","No existe","XVII","Dentro","Urbana","Ninguna","No existe","Rotonda","Bueno","S/D","Diurna","S/D","S/D","S/D","Colisión","Ninguna","Faltante","Ninguna","Sin restricción"
2017,10009,9/10/2017,"Domingo",0,,,"0.0",1,"Moto/Ciclomotor"," ",2,1,0,0,1,0,0,,"S/D",,"VERA","Vera","S/D","S/D","XIX","S/D","S/D","S/D","S/D","S/D","S/D","S/D","S/D","S/D","Atropello animal","S/D","Colisión","S/D","S/D","S/D","S/D"
2017,10010,9/11/2017,"Lunes",0,21:00:00,,"0.0",2,"Automóvil,Taxi/Remis","Junin Y Larrea",4,1,0,0,3,0,0,,"Calle",,"ROSARIO","Rosario","Asfalto","No existe","II","Dentro","Urbana","Ninguna","No existe","Intersección","Bueno","S/D","Nocturna","S/D","S/D","S/D","Colisión","Ninguna","Faltante","Ninguna","Sin restricción"
2017,10011,9/13/2017,"Miercoles",0,,,"0.0",1,"Moto/Ciclomotor","Calle 43 Y Calle 48",4,2,0,0,2,0,0,,"Calle",,"RECONQUISTA","General Obligado","S/D","S/D","IX","Dentro","Urbana","S/D","S/D","Intersección","S/D","S/D","S/D","S/D","S/D","S/D","Colisión","S/D","S/D","S/D","S/D"
2017,10012,8/26/2017,"Sabado",0,5:45:00,,"0.0",2,"Moto/Ciclomotor,Automóvil","Presidente Bernardino Rivadavi Y San Juan",2,1,0,0,1,0,0,,"Calle",,"CASILDA","Caseros","Asfalto","No existe","IV","Dentro","Urbana","Ninguna","No existe","Intersección","Bueno","S/D","Amanecer","S/D","S/D","S/D","Colisión","Ninguna","Faltante","Ninguna","Sin restricción"
2017,10013,9/14/2017,"Jueves",0,,,"0.0",2,"Moto/Ciclomotor,Pickup/Utilitario","Calle 7 Y Calle 60",2,0,1,0,1,0,0,,"Calle",,"FRONTERA","Castellanos","S/D","S/D","V","Dentro","Urbana","S/D","S/D","Intersección","S/D","S/D","Diurna","S/D","S/D","S/D","Colisión","S/D","S/D","S/D","S/D"
2017,10014,9/15/2017,"Viernes",0,19:45:00,,"0.0",2,"Moto/Ciclomotor,Moto/Ciclomotor","Dr Zavalla Y 3 de Febrero",2,1,0,0,1,0,0,,"Calle",,"SANTA FE","La Capital","Asfalto","No existe","I","Dentro","Urbana","Ninguna","No existe","Intersección","Bueno","S/D","Diurna","S/D","S/D","S/D","Colisión","Ninguna","Faltante","Ninguna","Sin restricción"
2017,10016,9/15/2017,"Viernes",0,,"Ruta Nacional 34","0.0",2,"Moto/Ciclomotor,Moto/Ciclomotor","Eduardo D'Agostino ",2,1,1,0,0,0,0,,"Ruta",34,"RAFAELA","Castellanos","Asfalto","S/D","V","Dentro","Urbana","S/D","S/D","Intersección","S/D","S/D","S/D","S/D","S/D","S/D","Colisión","S/D","S/D","S/D","S/D"
2017,10017,9/11/2017,"Lunes",0,,,"0.0",2,"Automóvil,Moto/Ciclomotor","Av Irigoyen Y E Echeverria",3,2,0,0,1,0,0,,"Calle",,"SUNCHALES","Castellanos","Asfalto,Tierra","No existe","V","Dentro","Urbana","Ninguna","No existe","Intersección","Bueno","S/D","S/D","S/D","S/D","S/D","Colisión","Ninguna","Faltante","Ninguna","Sin restricción"
2017,10018,9/15/2017,"Viernes",0,22:35:00,,"0.0",1,"Moto/Ciclomotor","Capitan Bermudez ",1,1,0,0,0,0,0,,"Calle",,"GÁLVEZ","San Jerónimo","S/D","S/D","XV","Dentro","Urbana","S/D","S/D","S/D","S/D","S/D","Nocturna","S/D","S/D","S/D","Caída ocupante","S/D","S/D","S/D","S/D"
2017,10019,9/15/2017,"Viernes",0,,,"0.0",2,"Moto/Ciclomotor,Automóvil","Sarmiento Y Colon",2,1,0,0,1,0,0,,"Calle",,"GÁLVEZ","San Jerónimo","S/D","S/D","XV","Dentro","Urbana","S/D","S/D","Intersección","S/D","S/D","S/D","S/D","S/D","S/D","Colisión","S/D","S/D","S/D","S/D"
2017,10020,9/16/2017,"Sabado",0,20:00:00,,"0.0",2,"Transporte de Pasajeros Urbano (> 8 asientos),Peatón","Maipu ",2,1,0,0,1,0,0,,"Calle",,"VILLA GOBERNADOR GÁLVEZ","Rosario","S/D","S/D","II","Dentro","Urbana","S/D","S/D","S/D","S/D","S/D","Atardecer","S/D","S/D","Peatón","Atropello","S/D","S/D","S/D","S/D"
2017,10021,9/16/2017,"Sabado",0,1:15:00,,"0.0",2,"Automóvil,Automóvil","Santa Fe Y Castellanos",6,2,0,0,4,0,0,,"Calle",,"ROSARIO","Rosario","Asfalto","No existe","II","Dentro","Urbana","Ninguna","Funciona","Intersección","Bueno","S/D","Nocturna","S/D","S/D","S/D","Colisión","Ninguna","Vertical","Ninguna","Sin restricción"
2017,10022,9/16/2017,"Sabado",0,,,"0.0",2,"Moto/Ciclomotor,Automóvil","Marconi Y Almte. Brown",2,1,0,0,1,0,0,,"Calle",,"CAÑADA DE GÓMEZ","Iriondo","Asfalto","No existe","X","Dentro","Urbana","Ninguna","Funciona","Intersección","Bueno","S/D","S/D","S/D","S/D","S/D","Colisión","Ninguna","Vertical","Vegetación","Sin restricción"
2017,10023,9/16/2017,"Sabado",0,,,"0.0",2,"Automóvil,Automóvil","Bme Mitre Y Nazareno C Rossi",3,2,0,0,1,0,0,,"Calle",,"GÁLVEZ","San Jerónimo","Asfalto","S/D","XV","Dentro","Urbana","S/D","S/D","Intersección","Bueno","S/D","S/D","S/D","S/D","S/D","Colisión","Ninguna","Faltante","S/D","S/D"
2017,10024,9/17/2017,"Domingo",0,15:40:00,"Autopista Provincial Brigadier E.López","16.0",1,"Automóvil"," ",4,3,0,0,1,0,0,,"Autopista","Brigadier E.López","SAN LORENZO","San Lorenzo","Asfalto","S/D","XVII","S/D","S/D","S/D","S/D","S/D","S/D","S/D","S/D","S/D","S/D","S/D","Vuelco","S/D","S/D","S/D","S/D"
2017,10025,9/18/2017,"Lunes",0,5:20:00,,"0.0",2,"Automóvil,Peatón","Rivadavia 2455",2,1,0,0,1,0,0,,"Calle",,"ROSARIO","Rosario","Asfalto","No existe","II","Dentro","Urbana","Ninguna","Funciona","Intersección","Bueno","S/D","Nocturna","S/D","S/D","Peatón","Atropello","Ninguna","Vertical","Ninguna","Sin restricción"
2017,10026,9/16/2017,"Sabado",0,17:00:00,,"0.0",2,"Moto/Ciclomotor,Automóvil","Sgo de Liniers Y España",3,1,1,0,1,0,0,,"Calle",,"GÁLVEZ","San Jerónimo","S/D","S/D","XV","Dentro","Urbana","S/D","S/D","Intersección","S/D","S/D","Diurna","S/D","S/D","S/D","Colisión","S/D","S/D","S/D","S/D"
2017,10027,9/16/2017,"Sabado",0,10:30:00,,"0.0",2,"Moto/Ciclomotor,Automóvil","Capitan Bermudez Y Sarmiento",2,1,0,0,1,0,0,,"Calle",,"GÁLVEZ","San Jerónimo","S/D","S/D","XV","Dentro","Urbana","S/D","S/D","Intersección","S/D","S/D","Diurna","S/D","S/D","S/D","Colisión","S/D","S/D","S/D","S/D"
2017,10028,9/17/2017,"Domingo",0,6:15:00,"Ruta Provincial 65","0.0",2,"Moto/Ciclomotor,Automóvil","San Martin Y Lisandro de la Torre",2,0,1,0,1,0,0,,"Ruta",65,"MONJE","San Jerónimo","Asfalto,Tierra","Natural","XV","Dentro","Urbana","Ninguna","No existe","Intersección","Bueno","S/D","Amanecer","S/D","S/D","S/D","Colisión","Ninguna","Faltante","Línea divisoria pintada","Sin restricción"
2017,10029,9/18/2017,"Lunes",0,14:40:00,,"0.0",2,"Moto/Ciclomotor,Automóvil","Bv Lisandro de la Torre Y Pueyrredon",2,1,0,0,1,0,0,,"Calle",,"SAN JORGE","San Martín","S/D","S/D","XVIII","Dentro","Urbana","S/D","S/D","Intersección","S/D","S/D","Diurna","S/D","S/D","S/D","Colisión","S/D","S/D","S/D","S/D"
2017,10030,9/18/2017,"Lunes",0,3:30:00,,"0.0",1,"Moto/Ciclomotor"," ",2,1,0,0,1,0,0,,"S/D",,"PIAMONTE","San Martín","S/D","S/D","XVIII","S/D","S/D","S/D","S/D","S/D","S/D","S/D","Nocturna","S/D","S/D","S/D","Caída ocupante","S/D","S/D","S/D","S/D"
2017,10031,9/18/2017,"Lunes",0,,,"0.0",2,"Automóvil,Moto/Ciclomotor","Av. Circunvalacion Y Av. Uriburu",2,1,0,0,1,0,0,,"Calle",,"ROSARIO","Rosario","Asfalto","No existe","II","Dentro","Urbana","S/D","No existe","Intersección","Bueno","S/D","S/D","S/D","S/D","S/D","Colisión","Ninguna","Faltante","S/D","S/D"
2017,10032,9/20/2017,"Miercoles",0,18:20:00,,"0.0",2,"Moto/Ciclomotor,Moto/Ciclomotor","Alsina Y 24 De Setiembre",3,3,0,0,0,0,0,,"Calle",,"ROSARIO","Rosario","Asfalto","No existe","II","Dentro","Urbana","Ninguna","No existe","Intersección","Bueno","S/D","Diurna","S/D","S/D","S/D","Colisión","Ninguna","Faltante","Ninguna","Sin restricción"
2017,10033,9/19/2017,"Martes",0,,"Ruta Nacional 98","29.0",2,"Automóvil,Automóvil"," ",4,2,0,0,2,0,0,,"Ruta",98,"VERA","Vera","Asfalto","S/D","XIX","S/D","S/D","S/D","S/D","Recta","S/D","S/D","S/D","S/D","S/D","S/D","Colisión","S/D","S/D","S/D","S/D"
2017,10034,9/20/2017,"Miercoles",0,18:45:00,,"0.0",2,"Automóvil,Automóvil","P.L.Funes Y Saavedra",6,5,0,0,1,0,0,,"Calle",,"ROSARIO","Rosario","Asfalto","No existe","II","Dentro","Urbana","Ninguna","No existe","Intersección","Bueno","S/D","Diurna","S/D","S/D","S/D","Colisión","S/D","Faltante","Ninguna","Sin restricción"
2017,10035,9/20/2017,"Miercoles",0,,"Ruta Provincial 70","0.0",2,"Automóvil,Moto/Ciclomotor","Bv Santa Fe Y Cordoba",2,0,1,0,1,0,0,,"Ruta",70,"RAFAELA","Castellanos","Asfalto","No existe","V","Dentro","Urbana","Ninguna","No existe","Intersección","Bueno","S/D","S/D","S/D","S/D","S/D","Colisión","Ninguna","Faltante","Ninguna","Sin restricción"
2017,10036,9/20/2017,"Miercoles",0,,,"0.0",2,"Moto/Ciclomotor,Automóvil"," ",3,2,0,0,1,0,0,,"S/D",,"FORTÍN OLMOS","Vera","S/D","S/D","XIX","S/D","S/D","S/D","S/D","S/D","S/D","S/D","S/D","S/D","S/D","S/D","Colisión","S/D","S/D","S/D","S/D"
2017,10037,9/20/2017,"Miercoles",0,11:40:00,,"0.0",2,"Automóvil,Moto/Ciclomotor","Av. Provincias Unidas Y Neuquen",2,1,0,0,1,0,0,,"Calle",,"ROSARIO","Rosario","Asfalto","No existe","II","Dentro","Urbana","Ninguna","No existe","Intersección","Bueno","S/D","Diurna","S/D","S/D","S/D","Colisión","Ninguna","Horizontal","Cordón divisorio","Sin restricción"
2017,10038,9/21/2017,"Jueves",0,8:10:00,,"0.0",2,"Automóvil,Moto/Ciclomotor","Chubut Y Roullon",2,1,0,0,1,0,0,,"Calle",,"ROSARIO","Rosario","Asfalto","No existe","II","Dentro","Urbana","Ninguna","No existe","Intersección","Bueno","S/D","Diurna","S/D","S/D","S/D","Colisión","Ninguna","Faltante","Ninguna","Sin restricción"
2017,10039,9/21/2017,"Jueves",0,10:00:00,,"0.0",2,"Automóvil,Moto/Ciclomotor","Superi Y Bv. Rondeau",2,1,0,0,1,0,0,,"Calle",,"ROSARIO","Rosario","Asfalto","No existe","II","Dentro","Urbana","Semáforo","Funciona","Intersección","Bueno","S/D","Diurna","S/D","S/D","S/D","Colisión","Ninguna","Horizontal,Vertical","Ninguna","Sin restricción"
2017,10040,9/21/2017,"Jueves",0,,,"0.0",2,"Moto/Ciclomotor,Moto/Ciclomotor","Av Luis Fanti Y Mons A Brasca",3,1,1,0,1,0,0,,"Calle",,"RAFAELA","Castellanos","Asfalto","No existe","V","Dentro","Urbana","S/D","No existe","Intersección","Bueno","S/D","S/D","S/D","S/D","S/D","Colisión","Ninguna","Faltante","S/D","S/D"
2017,10041,9/21/2017,"Jueves",0,19:20:00,"Ruta Nacional 33","661.0",2,"Camión c / Acoplado,Camión c / Acoplado"," ",2,1,0,0,1,0,0,,"Ruta",33,"ELORTONDO","General López","S/D","S/D","VIII","Dentro","Rural","S/D","S/D","S/D","S/D","S/D","S/D","S/D","S/D","S/D","Colisión","S/D","S/D","S/D","S/D"
2017,10042,9/21/2017,"Jueves",0,19:20:00,,"0.0",2,"Moto/Ciclomotor,Automóvil","Calle 1 Y CAlle 14",2,1,0,0,1,0,0,,"Calle",,"AVELLANEDA","General Obligado","S/D","S/D","IX","S/D","Urbana","S/D","S/D","Intersección","S/D","S/D","Diurna","S/D","S/D","S/D","Colisión","S/D","S/D","S/D","S/D"
2017,10043,12/1/2017,"Viernes",0,16:55:00,,"0.0",2,"Moto/Ciclomotor,Taxi/Remis","Zapiola Y Olascoaga",2,0,1,0,1,0,0,"-32.945,-60.696333333333","Calle",,"ROSARIO","Rosario","S/D","S/D","II","S/D","Urbana","S/D","S/D","S/D","S/D","S/D","S/D","S/D","S/D","S/D","Colisión","S/D","S/D","S/D","S/D"
2017,10044,12/1/2017,"Viernes",0,,,"0.0",2,"Moto/Ciclomotor,Automóvil"," ",3,2,0,0,1,0,0,,"S/D",,"CASILDA","Caseros","S/D","S/D","IV","S/D","S/D","S/D","S/D","S/D","S/D","S/D","S/D","S/D","Otro","S/D","Colisión","S/D","S/D","S/D","S/D"
2017,10046,11/30/2017,"Jueves",0,15:00:00,,"0.0",1,"Moto/Ciclomotor","Necochea 1400",1,1,0,0,0,0,0,"-32.81432, -61.40106","Calle",,"CAÑADA DE GÓMEZ","Iriondo","S/D","S/D","X","S/D","Urbana","S/D","S/D","S/D","S/D","S/D","S/D","S/D","Otro","S/D","Caída ocupante","S/D","S/D","S/D","S/D"
2017,10047,12/1/2017,"Viernes",0,,,"0.0",2,"Otros,Moto/Ciclomotor"," ",2,1,0,0,1,0,0,,"S/D",,"TOSTADO","9 de Julio","S/D","S/D","XII","S/D","S/D","S/D","S/D","S/D","S/D","S/D","S/D","S/D","S/D","S/D","Colisión","S/D","S/D","S/D","S/D"
2017,10048,12/22/2017,"Viernes",0,,"Ruta Nacional 11","362.0",1,"Moto/Ciclomotor","Ruta Nacional 11 Y Tucuman",2,2,0,0,0,0,0,"-29.886757, -60.279672","Ruta",11,"CALCHAQUÍ","Vera","Asfalto","S/D","XIX","S/D","Urbana","S/D","S/D","Recta","S/D","S/D","S/D","S/D","S/D","S/D","Colisión","S/D","S/D","S/D","S/D"
2017,10049,12/1/2017,"Viernes",0,,,"0.0",2,"Pickup/Utilitario,Moto/Ciclomotor","J B Alberdi Y Falucho",2,1,0,0,1,0,0,"-32.024388888889,-61.219166666667","Calle",,"GÁLVEZ","San Jerónimo","S/D","S/D","XV","S/D","Urbana","S/D","S/D","S/D","S/D","S/D","S/D","S/D","S/D","S/D","Colisión","S/D","S/D","S/D","S/D"
2017,10050,12/22/2017,"Viernes",0,,,"0.0",2,"Moto/Ciclomotor,Bicicleta"," ",2,2,0,0,0,0,0,,"S/D",,"FORTÍN OLMOS","Vera","S/D","S/D","XIX","S/D","Urbana","S/D","S/D","S/D","S/D","S/D","S/D","S/D","S/D","S/D","Colisión","S/D","S/D","S/D","S/D"
2017,10051,12/1/2017,"Viernes",0,18:53:00,"Ruta Nacional 11","0.0",2,"Automóvil,Moto/Ciclomotor","Av San Martin Y Teniente Agneta",2,1,0,0,1,0,0,"-32.79821, -60.72175","Ruta",11,"FRAY LUIS BELTRÁN","San Lorenzo","S/D","S/D","XVII","S/D","Urbana","S/D","S/D","S/D","S/D","S/D","S/D","S/D","S/D","S/D","S/D","S/D","S/D","S/D","S/D"
2017,10053,12/22/2017,"Viernes",0,,,"0.0",2,"Pickup/Utilitario,Bicicleta","Rivadavia Y Sarmiento",2,1,0,0,1,0,0,"-33.374819, -61.185172","Calle",,"BIGAND","Caseros","Asfalto","S/D","IV","S/D","Urbana","S/D","S/D","Intersección","S/D","S/D","S/D","S/D","S/D","Ciclista","Atropello","S/D","S/D","S/D","S/D"
2017,10054,12/2/2017,"Sabado",0,10:55:00,,"0.0",2,"Automóvil,Moto/Ciclomotor","Av. Uriburu Y Sarmiento",2,1,0,0,1,0,0,"-32.99075,-60.649444444444","Calle",,"ROSARIO","Rosario","S/D","S/D","II","S/D","Urbana","S/D","S/D","S/D","S/D","S/D","S/D","S/D","S/D","S/D","Colisión","S/D","S/D","S/D","S/D"
2017,10055,12/22/2017,"Viernes",0,,,"0.0",1,"Moto/Ciclomotor","Santiago del Estero ",1,1,0,0,0,0,0,,"Calle",,"SAN GUILLERMO","San Cristóbal","S/D","S/D","XIII","S/D","Urbana","S/D","S/D","Recta","S/D","S/D","S/D","S/D","S/D","S/D","Caída ocupante","S/D","S/D","S/D","S/D"
2017,10056,9/21/2017,"Jueves",0,1:30:00,"Ruta Nacional 34","145.0",1,"Automóvil"," ",3,2,0,0,1,0,0,,"Ruta",34,"SAN MARTIN DE LAS ESCOBAS","San Martín","S/D","S/D","XVIII","Dentro","S/D","S/D","S/D","Recta","S/D","S/D","S/D","S/D","S/D","S/D","Vuelco","S/D","S/D","S/D","S/D"
2017,10057,9/21/2017,"Jueves",0,17:25:00,,"0.0",2,"Moto/Ciclomotor,Automóvil"," ",2,1,0,0,1,0,0,,"S/D",,"ROSARIO","Rosario","S/D","S/D","II","S/D","S/D","S/D","S/D","S/D","S/D","S/D","Diurna","S/D","S/D","S/D","Colisión","S/D","S/D","S/D","S/D"
2017,10058,9/22/2017,"Viernes",0,2:00:00,,"0.0",2,"Automóvil,Moto/Ciclomotor","Manuel Garcia Y Baigorria",2,1,0,0,1,0,0,,"Calle",,"ROSARIO","Rosario","Asfalto","No existe","II","Dentro","Urbana","Ninguna","No existe","Intersección","Bueno","S/D","Nocturna","S/D","S/D","S/D","Colisión","Ninguna","Faltante","Ninguna","Sin restricción"
2017,10059,9/22/2017,"Viernes",0,,,"0.0",2,"Pickup/Utilitario,Moto/Ciclomotor"," ",3,1,0,0,2,0,0,,"S/D",,"CASILDA","Caseros","S/D","S/D","IV","S/D","S/D","S/D","S/D","S/D","S/D","S/D","S/D","S/D","S/D","S/D","Colisión","S/D","S/D","S/D","S/D"