"anio_acci","nro_acci","fecha","desc_dia","fecha_aprox","hora_aprox","desc_ruta","km","cant_participantes","desc_participante","calle_avenida_km","total","heridos_leves","heridos_graves","heridos_gravisimos","ilesos","fallecidos","sin_datos","posicion_XY","desc_tipo_via","desc_ruta_ori","desc_loc","desc_dpto","desc_tipo_calzada","desc_tipo_banquina","desc_unidad_regional","desc_lugar_calzada","desc_zona","desc_prioridad","desc_estado_semaforo","desc_lugar_via","desc_estado_via","desc_estado_visibilidad","desc_luminosidad","desc_estado_clima","desc_tipo_colision","desc_tipo_atropello","desc_tipo_hecho","desc_pres_calzada","desc_senializacion","desc_separacion_via","desc_restriccion"
2017,10060,9/22/2017,"Viernes",0,,"Ruta Nacional 95","825.0",1,"Camión c / Semirremolque"," ",1,1,0,0,0,0,0,,"Ruta",95,"POZO BORRADO","9 de Julio","S/D","S/D","XII","S/D","S/D","S/D","S/D","S/D","S/D","S/D","S/D","S/D","S/D","S/D","Vuelco","S/D","S/D","S/D","S/D"
2017,10061,9/23/2017,"Sabado",0,,,"0.0",2,"Moto/Ciclomotor,Automóvil","Ciudad de Esperanza Y Ramon y Cajal",2,0,1,0,1,0,0,,"Calle",,"RAFAELA","Castellanos","Asfalto","No existe","V","Dentro","Urbana","Ninguna","No existe","Intersección","Bueno","S/D","S/D","S/D","S/D","S/D","Colisión","Ninguna","Faltante","Ninguna","Sin restricción"
2017,10062,9/23/2017,"Sabado",0,,,"0.0",2,"Moto/Ciclomotor,Automóvil"," ",2,1,0,0,1,0,0,,"S/D",,"FIRMAT","General López","S/D","S/D","VIII","S/D","S/D","S/D","S/D","S/D","S/D","S/D","S/D","S/D","S/D","S/D","Colisión","S/D","S/D","S/D","S/D"
2017,10063,9/24/2017,"Domingo",0,,"Ruta Nacional 11","0.0",1,"Automóvil","Av Circunvalación ",1,1,0,0,0,0,0,,"Ruta",11,"SANTA FE","La Capital","S/D","S/D","I","S/D","S/D","S/D","S/D","S/D","S/D","S/D","S/D","S/D","S/D","S/D","Vuelco","S/D","S/D","S/D","S/D"
2017,10064,9/24/2017,"Domingo",0,21:20:00,,"0.0",2,"Moto/Ciclomotor,Peatón","Jose de San Martin Y Rivadavia",3,3,0,0,0,0,0,,"Calle",,"CORONDA","San Jerónimo","Asfalto","No existe","XV","Dentro","Urbana","Ninguna","No existe","Intersección","Bueno","S/D","Nocturna","S/D","S/D","Peatón","Atropello","Ninguna","Faltante","Ninguna","Sin restricción"
2017,10065,9/25/2017,"Lunes",0,,,"0.0",2,"Moto/Ciclomotor,Automóvil","Santa Fe Y Iriondo",3,2,0,0,1,0,0,,"Calle",,"ROSARIO","Rosario","Asfalto","No existe","II","Dentro","Urbana","Ninguna","No existe","Intersección","Bueno","S/D","S/D","S/D","S/D","S/D","Colisión","Ninguna","Horizontal","Ninguna","Sin restricción"
2017,10066,9/27/2017,"Miercoles",0,,,"0.0",2,"Moto/Ciclomotor,Moto/Ciclomotor","Espa±a Y Av Arronga",2,2,0,0,0,0,0,,"S/D",,"VERA","Vera","S/D","S/D","XIX","S/D","Urbana","S/D","S/D","S/D","S/D","S/D","S/D","S/D","S/D","S/D","Colisión","S/D","S/D","S/D","S/D"
2017,10067,9/26/2017,"Martes",0,18:30:00,,"0.0",1,"Moto/Ciclomotor"," ",1,1,0,0,0,0,0,,"S/D",,"MACIEL","San Jerónimo","S/D","S/D","XV","S/D","S/D","S/D","S/D","S/D","S/D","S/D","Diurna","S/D","Contra objeto fijo","S/D","Colisión","S/D","S/D","S/D","S/D"
2017,10068,9/28/2017,"Jueves",0,,,"0.0",2,"Automóvil,Moto/Ciclomotor"," ",2,1,0,0,1,0,0,,"S/D",,"ROSARIO","Rosario","S/D","S/D","II","S/D","S/D","S/D","S/D","S/D","S/D","S/D","S/D","S/D","S/D","S/D","Colisión","S/D","S/D","S/D","S/D"
2017,10069,9/29/2017,"Viernes",0,,,"0.0",2,"Moto/Ciclomotor,Bicicleta"," ",2,2,0,0,0,0,0,,"S/D",,"AREQUITO","Caseros","S/D","S/D","IV","S/D","S/D","S/D","S/D","S/D","S/D","S/D","S/D","S/D","S/D","Ciclista","Atropello","S/D","S/D","S/D","S/D"
2017,10070,9/30/2017,"Sabado",0,13:00:00,,"0.0",2,"Automóvil,Moto/Ciclomotor","Av. Casiano Casas Y F.Netri",2,1,0,0,1,0,0,,"Calle",,"ROSARIO","Rosario","Asfalto","No existe","II","Dentro","Urbana","Semáforo","No existe","Intersección","Bueno","S/D","Diurna","S/D","S/D","S/D","Colisión","Ninguna","Horizontal,Vertical","Ninguna","Sin restricción"
2017,10071,9/30/2017,"Sabado",0,,,"0.0",2,"Moto/Ciclomotor,Automóvil","Avenida San Martin Y Avenida Rivadavia",4,2,0,0,2,0,0,,"Calle",,"TOSTADO","9 de Julio","S/D","S/D","XII","Dentro","Urbana","S/D","S/D","Intersección","S/D","S/D","S/D","S/D","S/D","S/D","Colisión","S/D","S/D","S/D","S/D"
2017,10072,9/30/2017,"Sabado",0,,,"0.0",2,"Moto/Ciclomotor,Automóvil","Sargento Cabral Y Bv Pte Peron",2,0,1,0,1,0,0,,"Calle",,"SAN JORGE","San Martín","Asfalto","No existe","XVIII","Dentro","Urbana","Ninguna","No existe","Intersección","S/D","S/D","S/D","S/D","S/D","S/D","Colisión","Ninguna","Faltante","Línea divisoria pintada","Sin restricción"
2017,10073,9/1/2017,"Viernes",0,9:00:00,"Ruta Nacional 11","0.0",1,"Moto/Ciclomotor","Av Circunvalación ",1,1,0,0,0,0,0,,"Ruta",11,"SANTA FE","La Capital","S/D","S/D","I","Dentro","Urbana","S/D","S/D","S/D","S/D","S/D","Diurna","S/D","S/D","S/D","Caída ocupante","S/D","S/D","S/D","S/D"
2017,10074,9/6/2017,"Miercoles",0,7:35:00,,"0.0",2,"Automóvil,Moto/Ciclomotor"," ",2,0,1,0,1,0,0,,"S/D",,"SAN JAVIER","San Javier","S/D","S/D","XIV","S/D","S/D","S/D","S/D","Recta","S/D","S/D","Diurna","S/D","S/D","S/D","Colisión","S/D","S/D","S/D","S/D"
2017,10075,9/13/2017,"Miercoles",0,,"Ruta Nacional 34","220.0",2,"Camión Chasis,Camión c / Acoplado"," ",2,1,0,0,1,0,0,,"Ruta",34,"RAFAELA","Castellanos","Asfalto","S/D","V","S/D","S/D","S/D","S/D","Recta","S/D","S/D","S/D","S/D","S/D","S/D","Colisión","S/D","S/D","S/D","S/D"
2017,10076,9/17/2017,"Domingo",0,12:10:00,"Ruta Nacional 11","0.0",1,"Moto/Ciclomotor","Av J J Paso ",1,1,0,0,0,0,0,,"Ruta",11,"SANTA FE","La Capital","Asfalto","S/D","I","Dentro","Urbana","S/D","S/D","S/D","S/D","S/D","Diurna","S/D","S/D","S/D","Caída ocupante","S/D","S/D","S/D","S/D"
2017,10077,9/17/2017,"Domingo",0,12:15:00,"Ruta Nacional 11","0.0",1,"Automóvil","Av Circunvalación ",1,1,0,0,0,0,0,,"Ruta",11,"SANTA FE","La Capital","Asfalto","S/D","I","S/D","S/D","S/D","S/D","S/D","S/D","S/D","Diurna","S/D","S/D","S/D","Vuelco","S/D","S/D","S/D","S/D"
2017,10078,9/17/2017,"Domingo",0,13:10:00,"Ruta Nacional 11","0.0",2,"Automóvil,Pickup/Utilitario","Ruta Nacional 1V11- Juan de Garay Y Ruta Provincial 5",3,1,0,0,2,0,0,,"Ruta",11,"RECREO","La Capital","S/D","S/D","I","S/D","S/D","S/D","S/D","S/D","S/D","S/D","Diurna","S/D","S/D","S/D","Colisión","S/D","S/D","S/D","S/D"
2017,10079,12/1/2017,"Viernes",0,21:00:00,,"0.0",2,"Bicicleta,Automóvil"," ",2,1,0,0,1,0,0,,"Calle",,"CASILDA","Caseros","S/D","S/D","IV","S/D","Urbana","S/D","S/D","S/D","S/D","S/D","S/D","S/D","S/D","Ciclista","Atropello","S/D","S/D","S/D","S/D"
2017,10080,12/1/2017,"Viernes",0,22:00:00,,"0.0",2,"Bicicleta,Automóvil"," ",3,2,0,0,1,0,0,,"S/D",,"CASILDA","Caseros","S/D","S/D","IV","S/D","S/D","S/D","S/D","S/D","S/D","S/D","S/D","S/D","S/D","Ciclista","Atropello","S/D","S/D","S/D","S/D"
2017,10081,12/2/2017,"Sabado",0,,,"0.0",2,"Bicicleta,Automóvil"," ",2,1,0,0,1,0,0,,"S/D",,"CASILDA","Caseros","S/D","S/D","IV","S/D","S/D","S/D","S/D","S/D","S/D","S/D","S/D","S/D","S/D","Ciclista","Atropello","S/D","S/D","S/D","S/D"
2017,10082,12/2/2017,"Sabado",0,,,"0.0",2,"Pickup/Utilitario,Moto/Ciclomotor"," ",2,1,0,0,1,0,0,,"S/D",,"ESPERANZA","Las Colonias","S/D","S/D","XI","S/D","S/D","S/D","S/D","S/D","S/D","S/D","S/D","S/D","S/D","S/D","Colisión","S/D","S/D","S/D","S/D"
2017,10083,12/2/2017,"Sabado",0,,,"0.0",2,"Vehículo Oficial,Moto/Ciclomotor"," ",4,3,0,0,1,0,0,,"S/D",,"ESPERANZA","Las Colonias","S/D","S/D","XI","S/D","S/D","S/D","S/D","S/D","S/D","S/D","S/D","S/D","S/D","S/D","Colisión","S/D","S/D","S/D","S/D"
2017,10084,12/3/2017,"Domingo",0,,,"0.0",2,"Moto/Ciclomotor,Otros","Buenos Aires Y Garibaldi",2,1,0,0,1,0,0,"-33.050527777778,-61.177444444444","Calle",,"CASILDA","Caseros","S/D","S/D","IV","S/D","Urbana","S/D","S/D","S/D","S/D","S/D","S/D","S/D","S/D","S/D","Colisión","S/D","S/D","S/D","S/D"
2017,10085,12/24/2017,"Domingo",0,13:00:00,,"0.0",2,"Pickup/Utilitario,Moto/Ciclomotor","Eva Peron 2700",2,1,0,0,1,0,0,"-31.644222222222,-60.707361111111","Calle",,"SANTA FE","La Capital","S/D","S/D","I","S/D","Urbana","S/D","S/D","S/D","S/D","S/D","S/D","S/D","S/D","S/D","Colisión","S/D","S/D","S/D","S/D"
2017,10086,12/3/2017,"Domingo",0,,,"0.0",2,"Moto/Ciclomotor,Moto/Ciclomotor"," ",3,3,0,0,0,0,0,,"S/D",,"CASILDA","Caseros","S/D","S/D","IV","S/D","S/D","S/D","S/D","S/D","S/D","S/D","S/D","S/D","S/D","S/D","Colisión","S/D","S/D","S/D","S/D"
2017,10087,12/3/2017,"Domingo",0,,,"0.0",1,"Automóvil","CALLE 74 Y RUTA INTERPROVINCIAL ",1,1,0,0,0,0,0,,"S/D",,"FRONTERA","Castellanos","S/D","S/D","V","S/D","S/D","S/D","S/D","S/D","S/D","S/D","S/D","S/D","S/D","S/D","S/D","S/D","S/D","S/D","S/D"
2017,10088,12/24/2017,"Domingo",0,,,"0.0",2,"Automóvil,Moto/Ciclomotor"," ",3,2,0,0,1,0,0,,"S/D",,"CASILDA","Caseros","S/D","S/D","IV","S/D","S/D","S/D","S/D","S/D","S/D","S/D","S/D","S/D","S/D","S/D","S/D","S/D","S/D","S/D","S/D"
2017,10089,12/3/2017,"Domingo",0,,,"0.0",2,"Peatón,Moto/Ciclomotor"," ",2,1,0,0,1,0,0,,"S/D",,"ESPERANZA","Las Colonias","S/D","S/D","XI","S/D","S/D","S/D","S/D","S/D","S/D","S/D","S/D","S/D","S/D","Peatón","Atropello","S/D","S/D","S/D","S/D"
2017,10090,12/3/2017,"Domingo",0,,,"0.0",2,"Moto/Ciclomotor,Bicicleta","Av Domingo Peron Y Entre rios",2,1,0,0,1,0,0,"-29.058112406059, -60.409802746486","S/D",,"FORTÍN OLMOS","Vera","S/D","S/D","XIX","S/D","S/D","S/D","S/D","S/D","S/D","S/D","S/D","S/D","S/D","Ciclista","Atropello","S/D","S/D","S/D","S/D"
2017,10091,12/24/2017,"Domingo",0,,,"0.0",2,"Automóvil,Moto/Ciclomotor","H Irigoyen Y Boulevard Centenario",2,1,0,0,1,0,0,"-32.814361111111,-61.393638888889","Calle",,"CAÑADA DE GÓMEZ","Iriondo","S/D","S/D","X","S/D","Urbana","S/D","S/D","S/D","S/D","S/D","S/D","S/D","Lateral","S/D","Colisión","S/D","S/D","S/D","S/D"
2017,10093,12/24/2017,"Domingo",0,0:20:00,"Ruta Provincial 66","80.0",1,"Moto/Ciclomotor","AVENIDA BUENOS AIRES Y RUTA 20S",1,1,0,0,0,0,0,"-32.007247, -62.065800","Ruta",66,"LANDETA","San Martín","S/D","S/D","XVIII","S/D","Urbana","S/D","S/D","Recta","S/D","S/D","S/D","S/D","S/D","S/D","Caída ocupante","S/D","S/D","S/D","S/D"
2017,10094,12/4/2017,"Lunes",0,,,"0.0",2,"Peatón,Moto/Ciclomotor","J Scosiroli 1800",2,1,0,0,1,0,0,"-31.23275,-61.506166666667","Calle",,"RAFAELA","Castellanos","S/D","S/D","V","S/D","Urbana","S/D","S/D","S/D","S/D","S/D","S/D","S/D","S/D","Peatón","Atropello","S/D","S/D","S/D","S/D"
2017,10095,12/4/2017,"Lunes",0,,,"0.0",2,"Pickup/Utilitario,Moto/Ciclomotor"," ",2,0,1,0,1,0,0,,"S/D",,"VENADO TUERTO","General López","S/D","S/D","VIII","S/D","S/D","S/D","S/D","S/D","S/D","S/D","S/D","S/D","S/D","S/D","Colisión","S/D","S/D","S/D","S/D"
2017,10096,12/4/2017,"Lunes",0,,,"0.0",2,"Automóvil,Moto/Ciclomotor","Libertad Y Iriondo",2,1,0,0,1,0,0,"-32.35724, -60.94338","Calle",,"MONJE","San Jerónimo","S/D","S/D","XV","S/D","Urbana","S/D","S/D","S/D","S/D","S/D","S/D","S/D","S/D","S/D","Colisión","S/D","S/D","S/D","S/D"
2017,10097,12/4/2017,"Lunes",0,,"Ruta Nacional 34","0.0",2,"Camión,Camión"," ",2,1,0,0,1,0,0,"-32.38216, -61.35478","Ruta",34,"SAN GENARO","San Jerónimo","S/D","S/D","XV","S/D","S/D","S/D","S/D","S/D","S/D","S/D","S/D","S/D","S/D","S/D","Colisión","S/D","S/D","S/D","S/D"
2017,10098,12/24/2017,"Domingo",0,,,"0.0",2,"Automóvil,Moto/Ciclomotor","Av P recagno Y Gral Lopez",4,1,0,0,3,0,0,"-32.262150, -61.901700","Avenida",,"MARÍA SUSANA","San Martín","S/D","S/D","XVIII","S/D","Urbana","S/D","S/D","Intersección","S/D","S/D","S/D","Lluvia","Lateral","S/D","Colisión","Agua","S/D","S/D","S/D"
2017,10100,12/4/2017,"Lunes",0,,"Ruta Nacional 11","0.0",1,"Moto/Ciclomotor"," ",1,1,0,0,0,0,0,,"Ruta",11,"CORONDA","San Jerónimo","S/D","S/D","XV","S/D","S/D","S/D","S/D","S/D","S/D","S/D","S/D","S/D","S/D","S/D","Vuelco","S/D","S/D","S/D","S/D"
2017,10101,12/4/2017,"Lunes",0,12:45:00,,"0.0",1,"Moto/Ciclomotor","Azcuenaga Y Av Facundo Zuviria",1,0,0,0,0,1,0,"-31.592830,-60.699112","Avenida",,"SANTA FE","La Capital","Asfalto","No existe","I","Dentro","Urbana","Ninguna","No existe","Intersección","Bueno","S/D","Diurna","S/D","S/D","S/D","Caída ocupante","Ninguna","Faltante","Ninguna,S/D","Sin restricción"
2017,10102,12/24/2017,"Domingo",1,,,"0.0",2,"Pickup/Utilitario,Moto/Ciclomotor","25 de Mayo Y Urquiza",3,2,0,0,1,0,0,"-29.459055555556,-60.219222222222","Calle",,"VERA","Vera","S/D","S/D","XIX","S/D","Urbana","S/D","S/D","Intersección","S/D","S/D","S/D","S/D","Lateral","S/D","Colisión","S/D","S/D","S/D","S/D"
2017,10103,8/1/2017,"Martes",0,11:25:00,"Ruta Provincial 40","0.0",2,"Automóvil,Moto/Ciclomotor"," ",2,1,0,0,1,0,0,,"Ruta",40,"RECONQUISTA","General Obligado","Asfalto","S/D","IX","Dentro","Urbana","Ninguna","S/D","Recta","Bueno","Buena","Diurna","Buen Tiempo","Frontal","S/D","Colisión","Ninguna","S/D","Ninguna","S/D"
2017,10104,7/31/2017,"Lunes",0,14:50:00,,"0.0",2,"Automóvil,Moto/Ciclomotor","Pellegrini Y Ballesteros",2,1,0,0,1,0,0,,"Calle",,"CAÑADA DE GÓMEZ","Iriondo","S/D","S/D","X","Dentro","Urbana","Ninguna","S/D","Intersección","Otro","Buena","Diurna","Buen Tiempo","Lateral","S/D","Colisión","Ninguna","S/D","Ninguna","S/D"
2017,10105,8/1/2017,"Martes",0,2:30:00,"Ruta Provincial 91","0.0",1,"Pickup/Utilitario"," ",2,0,1,0,1,0,0,,"Ruta",91,"BUSTINZA","Iriondo","Asfalto","S/D","X","Dentro","Rural","Ninguna","S/D","Recta","Otro","Buena","Nocturna","Buen Tiempo","S/D","S/D","Vuelco","Ninguna","S/D","Ninguna","S/D"
2017,10106,8/4/2017,"Viernes",0,19:30:00,"Ruta Nacional 19","95.0",2,"Pickup/Utilitario,Automóvil"," ",2,1,0,0,1,0,0,,"Ruta",19,"CLUCELLAS","Castellanos","Asfalto","S/D","V","Dentro","Rural","Ninguna","S/D","Recta","Bueno","Buena","Atardecer","Buen Tiempo","Frontal","S/D","Colisión","Ninguna","S/D","Ninguna","S/D"
2017,10107,8/5/2017,"Sabado",0,16:30:00,"Ruta Nacional 11","0.0",2,"Moto/Ciclomotor,Camión","Calle 47-Islas Malvinas ",2,1,0,0,1,0,0,,"Ruta",11,"RECONQUISTA","General Obligado","Asfalto","S/D","IX","Dentro","Urbana","Ninguna","S/D","Intersección","Bueno","Buena","Diurna","Buen Tiempo","Lateral","S/D","Colisión","Ninguna","S/D","Ninguna","S/D"
2017,10108,8/6/2017,"Domingo",0,,,"0.0",2,"Moto/Ciclomotor,Moto/Ciclomotor","Lainez Y J V Gonzalez",2,1,0,0,0,0,1,,"Calle",,"SUNCHALES","Castellanos","S/D","S/D","XV","Dentro","Urbana","Ninguna","S/D","Intersección","Otro","Buena","S/D","Otro","Lateral","S/D","Colisión","Ninguna","S/D","Ninguna","S/D"
2017,10109,12/5/2017,"Martes",0,8:30:00,,"0.0",2,"Peatón,Automóvil","Av. Eva Peron Y Camilo Aldao",2,1,0,0,1,0,0,"-32.936,-60.696166666667","Calle",,"ROSARIO","Rosario","S/D","S/D","II","S/D","Urbana","S/D","S/D","S/D","S/D","S/D","S/D","S/D","S/D","Peatón","Atropello","S/D","S/D","S/D","S/D"
2017,10110,12/2/2017,"Sabado",0,,,"0.0",2,"Automóvil,Moto/Ciclomotor"," ",2,1,0,0,1,0,0,,"S/D",,"SAN CARLOS CENTRO","Las Colonias","S/D","S/D","XI","S/D","S/D","S/D","S/D","S/D","S/D","S/D","S/D","S/D","S/D","S/D","Colisión","S/D","S/D","S/D","S/D"
2017,10111,12/3/2017,"Domingo",0,,,"0.0",2,"Moto/Ciclomotor,Moto/Ciclomotor"," ",3,3,0,0,0,0,0,,"S/D",,"HUMBOLDT","Las Colonias","S/D","S/D","XI","S/D","S/D","S/D","S/D","S/D","S/D","S/D","S/D","S/D","S/D","S/D","Colisión","S/D","S/D","S/D","S/D"
2017,10112,12/4/2017,"Lunes",0,,,"0.0",2,"Moto/Ciclomotor,Pickup/Utilitario"," ",3,1,1,0,1,0,0,,"S/D",,"RUFINO","General López","S/D","S/D","VIII","S/D","S/D","S/D","S/D","S/D","S/D","S/D","S/D","S/D","S/D","S/D","Colisión","S/D","S/D","S/D","S/D"
2017,10113,12/25/2017,"Lunes",0,21:25:00,,"0.0",2,"Moto/Ciclomotor,Automóvil","Olavarria Bis Y Jose Ingenieros",2,1,0,0,1,0,0,"-32.916833333333,-60.7045","Calle",,"ROSARIO","Rosario","S/D","S/D","II","S/D","Urbana","S/D","S/D","Intersección","S/D","S/D","Nocturna","S/D","Lateral","S/D","Colisión","S/D","S/D","S/D","S/D"
2017,10114,12/5/2017,"Martes",0,,,"0.0",1,"Pickup/Utilitario"," ",1,1,0,0,0,0,0,,"S/D",,"ROSARIO","Rosario","S/D","S/D","II","S/D","S/D","S/D","S/D","S/D","S/D","S/D","S/D","S/D","Contra objeto fijo","S/D","Colisión","S/D","S/D","S/D","S/D"
2017,10115,12/5/2017,"Martes",0,,,"0.0",2,"Automóvil,Moto/Ciclomotor","Boulevard Lisandro de la Torre Y Boulevard Ovidio Lagos",3,2,0,0,1,0,0,"-33.044583333333,-61.164166666667","Calle",,"CASILDA","Caseros","S/D","S/D","IV","S/D","Urbana","S/D","S/D","S/D","S/D","S/D","S/D","S/D","S/D","S/D","Colisión","S/D","S/D","S/D","S/D"
2017,10116,12/5/2017,"Martes",0,,,"0.0",2,"Moto/Ciclomotor,Pickup/Utilitario","Boulevard Argentino Y Buenos Aires",3,2,0,0,1,0,0,"-33.053972222222,-61.183666666667","Calle",,"CASILDA","Caseros","S/D","S/D","IV","S/D","Urbana","S/D","S/D","S/D","S/D","S/D","S/D","S/D","S/D","S/D","Colisión","S/D","S/D","S/D","S/D"
2017,10117,12/25/2017,"Lunes",0,,,"0.0",2,"Moto/Ciclomotor,Moto/Ciclomotor","Av Italia ",2,2,0,0,0,0,0,"-31.234376, -61.473361","Avenida",,"RAFAELA","Castellanos","S/D","S/D","V","S/D","S/D","S/D","S/D","S/D","S/D","S/D","S/D","S/D","S/D","S/D","Colisión","S/D","S/D","S/D","S/D"
2017,10118,12/2/2017,"Sabado",0,16:30:00,,"0.0",2,"Moto/Ciclomotor,Automóvil","Los Jazmines Y Hipolito Vieytes",2,1,0,0,1,0,0,"-31.269805555556,-61.504194444444","Calle",,"RAFAELA","Castellanos","S/D","S/D","V","S/D","Urbana","S/D","S/D","S/D","S/D","S/D","S/D","S/D","S/D","S/D","Colisión","S/D","S/D","S/D","S/D"
2017,10119,12/5/2017,"Martes",0,,,"0.0",2,"Automóvil,Moto/Ciclomotor"," ",3,2,0,0,1,0,0,,"S/D",,"VENADO TUERTO","General López","S/D","S/D","VIII","S/D","S/D","S/D","S/D","S/D","S/D","S/D","S/D","S/D","S/D","S/D","Colisión","S/D","S/D","S/D","S/D"
2017,10120,12/22/2017,"Viernes",0,21:15:00,"Ruta Provincial 70","74.5",2,"Peatón,Automóvil","Jujuy Y Santa Fe",2,1,0,0,1,0,0,,"Ruta",70,"VENADO TUERTO","General López","S/D","S/D","VIII","S/D","Urbana","S/D","S/D","S/D","S/D","S/D","Nocturna","S/D","S/D","Peatón","Atropello","S/D","S/D","S/D","S/D"
2017,10121,12/5/2017,"Martes",0,,"Autopista Provincial Brigadier E.López","64.0",1,"Pickup/Utilitario"," ",1,1,0,0,0,0,0,,"Autopista","Brigadier E.López","MONJE","San Jerónimo","S/D","S/D","XV","S/D","S/D","S/D","S/D","S/D","S/D","S/D","S/D","S/D","S/D","S/D","Vuelco","S/D","S/D","S/D","S/D"
2017,10122,12/25/2017,"Lunes",0,,,"0.0",2,"Moto/Ciclomotor,Bicicleta","9 de Julio Y Garay",2,1,0,0,1,0,0,"-31.971472222222,-60.919083333333","Calle",,"CORONDA","San Jerónimo","S/D","S/D","XV","S/D","Urbana","S/D","S/D","Intersección","S/D","S/D","S/D","S/D","S/D","Ciclista","Atropello","S/D","S/D","S/D","S/D"
2017,10123,12/25/2017,"Lunes",0,,,"0.0",1,"Moto/Ciclomotor","Rivadavia ",1,1,0,0,0,0,0,"-31.979577, -60.918839","Calle",,"CAÑADA ROSQUÍN","San Martín","S/D","S/D","XVIII","S/D","Urbana","S/D","S/D","Recta","S/D","S/D","S/D","S/D","S/D","S/D","Caída ocupante","S/D","S/D","S/D","S/D"
2017,10124,12/5/2017,"Martes",0,,,"0.0",2,"Moto/Ciclomotor,Moto/Ciclomotor","Malvinas Argentinas Y Dorrego",2,0,2,0,0,0,0,"-32.19205, -61.70469","Calle",,"EL TRÉBOL","San Martín","S/D","S/D","XVIII","S/D","Urbana","S/D","S/D","S/D","S/D","S/D","S/D","S/D","S/D","S/D","Colisión","S/D","S/D","S/D","S/D"
2017,10125,12/6/2017,"Miercoles",0,,,"0.0",2,"Automóvil,Moto/Ciclomotor"," ",2,1,0,0,1,0,0,,"S/D",,"SAN CARLOS SUR","Las Colonias","S/D","S/D","XI","S/D","S/D","S/D","S/D","S/D","S/D","S/D","S/D","S/D","S/D","S/D","Colisión","S/D","S/D","S/D","S/D"
2017,10126,12/25/2017,"Lunes",0,18:00:00,,"0.0",2,"Moto/Ciclomotor,Automóvil","J.J.Paso Y Venezuela",2,1,0,0,1,0,0,"-32.920583333333,-60.725388888889","Calle",,"ROSARIO","Rosario","S/D","S/D","II","S/D","Urbana","S/D","S/D","S/D","S/D","S/D","S/D","S/D","S/D","S/D","S/D","S/D","S/D","S/D","S/D"
2017,10127,12/6/2017,"Miercoles",0,15:45:00,,"0.0",1,"Moto/Ciclomotor","Libertad Y Cordoba",1,0,1,0,0,0,0,,"Calle",,"ROLDÁN","San Lorenzo","S/D","S/D","XVII","S/D","Urbana","S/D","S/D","S/D","S/D","S/D","S/D","S/D","Contra objeto fijo","S/D","Colisión","S/D","S/D","S/D","S/D"
2017,10128,12/4/2017,"Lunes",0,,,"0.0",2,"Bicicleta,Automóvil","25 de Mayo Y Mariano Moreno",2,1,0,0,1,0,0,"-31.251555555556,-61.492555555556","Calle",,"RAFAELA","Castellanos","S/D","S/D","V","S/D","Urbana","S/D","S/D","S/D","S/D","S/D","S/D","S/D","Contra objeto fijo","S/D","Colisión","S/D","S/D","S/D","S/D"
2017,10130,12/27/2017,"Miercoles",0,,,"0.0",2,"Moto/Ciclomotor,Transporte de Pasajeros","Bv. Oroño Y Biedma",3,2,0,0,1,0,0,"-32.978666666667,-60.662027777778","Avenida",,"ROSARIO","Rosario","Asfalto","S/D","II","S/D","Urbana","S/D","S/D","Intersección","S/D","S/D","S/D","S/D","Lateral","S/D","Colisión","S/D","S/D","S/D","S/D"
2017,10131,12/27/2017,"Miercoles",0,,,"0.0",1,"Automóvil"," ",1,0,1,0,0,0,0,,"S/D",,"ARTEAGA","Caseros","S/D","S/D","IV","S/D","S/D","S/D","S/D","S/D","S/D","S/D","S/D","S/D","S/D","S/D","Despiste","S/D","S/D","S/D","S/D"
2017,10132,12/8/2017,"Viernes",0,,,"0.0",2,"Pickup/Utilitario,Moto/Ciclomotor"," ",3,2,0,0,1,0,0,,"S/D",,"VENADO TUERTO","General López","S/D","S/D","VIII","S/D","S/D","S/D","S/D","S/D","S/D","S/D","S/D","S/D","S/D","S/D","Colisión","S/D","S/D","S/D","S/D"
2017,10133,12/8/2017,"Viernes",0,,,"0.0",2,"Moto/Ciclomotor,Automóvil","Rivadavia Y Sponton",3,2,0,0,1,0,0,,"Calle",,"RECONQUISTA","General Obligado","S/D","S/D","IX","S/D","Urbana","S/D","S/D","S/D","S/D","S/D","S/D","S/D","S/D","S/D","Colisión","S/D","S/D","S/D","S/D"
2017,10134,12/27/2017,"Miercoles",0,,,"0.0",3,"Automóvil,Moto/Ciclomotor,Automóvil","Av. Circunvalacion Y Bv. 27 De Febrero",7,2,0,0,5,0,0,"-32.959527777778,-60.721583333333","Avenida",,"ROSARIO","Rosario","S/D","S/D","II","S/D","Urbana","S/D","S/D","Intersección","S/D","S/D","S/D","S/D","Múltiple","S/D","Colisión","S/D","S/D","S/D","S/D"
2017,10135,8/7/2017,"Lunes",0,,"Ruta Secundaria 100-s","0.0",2,"Tractor,Moto/Ciclomotor"," ",3,1,2,0,0,0,0,,"Ruta","100-s","VILLA GUILLERMINA","General Obligado","S/D","S/D","IX","Dentro","Rural","Ninguna","S/D","Recta","Otro","S/D","S/D","Otro","De alcance","S/D","Colisión","Ninguna","S/D","Ninguna","S/D"
2017,10136,8/28/2017,"Lunes",0,16:00:00,,"0.0",1,"Automóvil"," ",5,5,0,0,0,0,0,,"Camino Rural",,"CAFFERATA","General López","Tierra","S/D","VIII","S/D","Rural","Ninguna","S/D","Recta","S/D","Buena","Diurna","S/D","S/D","S/D","Vuelco","Ninguna","S/D","Ninguna","S/D"
2017,10137,8/7/2017,"Lunes",0,19:30:00,,"0.0",2,"Automóvil,Automóvil","Mitre Y Ocampo",3,2,0,0,1,0,0,,"Calle",,"CAÑADA DE GÓMEZ","Iriondo","Asfalto","S/D","X","Dentro","Urbana","Ninguna","S/D","Intersección","Bueno","Buena","Atardecer","Buen Tiempo","Lateral","S/D","Colisión","Ninguna","S/D","Ninguna","S/D"
2017,10138,8/6/2017,"Domingo",0,2:00:00,"Ruta Nacional 11","0.0",2,"Automóvil,Moto/Ciclomotor","Eva Peron ",3,0,2,0,1,0,0,,"Ruta",11,"GRANADERO BAIGORRIA","Rosario","Asfalto","S/D","II","Dentro","Urbana","Ninguna","S/D","Intersección","Bueno","Buena","Nocturna","Otro","Lateral","S/D","Colisión","Ninguna","S/D","Ninguna","S/D"
2017,10139,8/7/2017,"Lunes",0,,,"0.0",1,"Automóvil","Av Blas Parera Y Estanislao Zeballos",2,1,0,0,1,0,0,,"Avenida",,"SANTA FE","La Capital","Asfalto","No existe","I","Dentro","Urbana","Ninguna","S/D","Intersección","Bueno","Buena","Nocturna","Buen Tiempo","Contra objeto fijo","S/D","Colisión","Ninguna","S/D","Ninguna","S/D"
2017,10140,8/6/2017,"Domingo",0,20:30:00,"Ruta Provincial 91","0.0",2,"Camión,Pickup/Utilitario"," ",3,2,0,0,1,0,0,,"Ruta",91,"BUSTINZA","Iriondo","S/D","S/D","X","Dentro","Rural","S/D","S/D","Recta","Otro","S/D","Nocturna","S/D","Frontal","S/D","Colisión","Ninguna","S/D","Ninguna","S/D"
2017,10141,8/7/2017,"Lunes",0,11:45:00,,"0.0",2,"Moto/Ciclomotor,Pickup/Utilitario","Bartolome Mitre Y Juan de Garay",2,1,0,0,1,0,0,,"Calle",,"VILLA OCAMPO","General Obligado","S/D","S/D","IX","Dentro","Urbana","S/D","S/D","Intersección","S/D","Buena","Diurna","Buen Tiempo","Lateral","S/D","Colisión","S/D","S/D","S/D","S/D"