"anio_acci","nro_acci","fecha","desc_dia","fecha_aprox","hora_aprox","desc_ruta","km","cant_participantes","desc_participante","calle_avenida_km","total","heridos_leves","heridos_graves","heridos_gravisimos","ilesos","fallecidos","sin_datos","posicion_XY","desc_tipo_via","desc_ruta_ori","desc_loc","desc_dpto","desc_tipo_calzada","desc_tipo_banquina","desc_unidad_regional","desc_lugar_calzada","desc_zona","desc_prioridad","desc_estado_semaforo","desc_lugar_via","desc_estado_via","desc_estado_visibilidad","desc_luminosidad","desc_estado_clima","desc_tipo_colision","desc_tipo_atropello","desc_tipo_hecho","desc_pres_calzada","desc_senializacion","desc_separacion_via","desc_restriccion"
2017,10142,8/8/2017,"Martes",0,6:50:00,,"0.0",1,"Vehículo Oficial","Chaco Y Malvinas",3,3,0,0,0,0,0,,"Calle",,"VENADO TUERTO","General López","S/D","S/D","VIII","Dentro","Urbana","S/D","S/D","Recta","S/D","S/D","Nocturna","S/D","Contra objeto fijo","S/D","Colisión","S/D","S/D","S/D","S/D"
2017,10143,12/8/2017,"Viernes",0,,,"0.0",2,"Moto/Ciclomotor,Peatón"," ",3,1,0,0,2,0,0,,"S/D",,"CORONDA","San Jerónimo","S/D","S/D","XV","S/D","S/D","S/D","S/D","S/D","S/D","S/D","S/D","S/D","S/D","Peatón","Atropello","S/D","S/D","S/D","S/D"
2017,10144,12/28/2017,"Jueves",0,22:50:00,,"0.0",2,"Peatón,Automóvil","Godoy Cruz Y Servando Bayo",2,1,0,0,1,0,0,,"Calle",,"ROSARIO","Rosario","S/D","S/D","II","S/D","Urbana","S/D","S/D","Intersección","S/D","S/D","Nocturna","S/D","S/D","Peatón","Atropello","S/D","S/D","S/D","S/D"
2017,10145,12/9/2017,"Sabado",0,,,"0.0",1,"Moto/Ciclomotor","Av Antonio L Berutti Y Gdor Menchaca",2,1,1,0,0,0,0,"-31.58273,-60.73884","Calle",,"SANTA FE","La Capital","S/D","S/D","I","S/D","Urbana","S/D","S/D","S/D","S/D","S/D","S/D","S/D","S/D","S/D","Vuelco","S/D","S/D","S/D","S/D"
2017,10146,12/9/2017,"Sabado",0,,,"0.0",2,"Bicicleta,Automóvil","Boulevard 25 de Mayo Y Sargento Juan Bautista Cabral",2,1,0,0,1,0,0,"-33.050444444444,-61.172444444444","Calle",,"CASILDA","Caseros","S/D","S/D","IV","S/D","Urbana","S/D","S/D","S/D","S/D","S/D","S/D","S/D","S/D","Ciclista","Atropello","S/D","S/D","S/D","S/D"
2017,10147,12/28/2017,"Jueves",0,20:15:00,,"0.0",2,"Peatón,Moto/Ciclomotor"," ",2,1,0,0,1,0,0,"-32.972083333333,-60.687416666667","Calle",,"ROSARIO","Rosario","S/D","S/D","II","S/D","Urbana","S/D","S/D","Recta","S/D","S/D","S/D","S/D","S/D","Peatón","Atropello","S/D","S/D","S/D","S/D"
2017,10148,12/7/2017,"Jueves",0,21:45:00,,"0.0",1,"Moto/Ciclomotor","Calle 4-Fray Antonio Rossi 2300",1,0,1,0,0,0,0,"-29.162361111111,-59.639638888889","Calle",,"RECONQUISTA","General Obligado","S/D","S/D","IX","S/D","Urbana","S/D","S/D","S/D","S/D","S/D","S/D","S/D","Atropello animal","S/D","Colisión","S/D","S/D","S/D","S/D"
2017,10149,12/9/2017,"Sabado",0,,,"0.0",2,"Pickup/Utilitario,Moto/Ciclomotor"," ",2,1,0,0,1,0,0,,"S/D",,"ESPERANZA","Las Colonias","S/D","S/D","XI","S/D","S/D","S/D","S/D","S/D","S/D","S/D","S/D","S/D","S/D","S/D","Colisión","S/D","S/D","S/D","S/D"
2017,10150,12/27/2017,"Miercoles",0,19:15:00,,"0.0",2,"Automóvil,Moto/Ciclomotor"," ",2,0,1,0,1,0,0,,"S/D",,"CASILDA","Caseros","S/D","S/D","IV","S/D","S/D","S/D","S/D","S/D","S/D","S/D","Atardecer","S/D","S/D","S/D","Colisión","S/D","S/D","S/D","S/D"
2017,10151,12/9/2017,"Sabado",0,,,"0.0",2,"Automóvil,Moto/Ciclomotor","Gral Guemes Y San Luis",2,1,0,0,1,0,0,"-31.89567, -61.85161","Calle",,"SAN JORGE","San Martín","S/D","S/D","XVIII","S/D","Urbana","S/D","S/D","S/D","S/D","S/D","S/D","S/D","S/D","S/D","Colisión","S/D","S/D","S/D","S/D"
2017,10152,12/9/2017,"Sabado",0,,,"0.0",2,"Moto/Ciclomotor,Moto/Ciclomotor","Brown Y Urquiza",2,2,0,0,0,0,0,"-29.58332, -60.37965","Calle",,"LA GALLARETA","Vera","S/D","S/D","XIX","S/D","Urbana","S/D","S/D","S/D","S/D","S/D","S/D","S/D","S/D","S/D","Colisión","S/D","S/D","S/D","S/D"
2017,10153,12/27/2017,"Miercoles",0,20:25:00,,"0.0",2,"Automóvil,Moto/Ciclomotor"," ",2,1,0,0,1,0,0,,"S/D",,"CASILDA","Caseros","S/D","S/D","IV","S/D","S/D","S/D","S/D","S/D","S/D","S/D","S/D","S/D","S/D","S/D","Colisión","S/D","S/D","S/D","S/D"
2017,10154,12/10/2017,"Domingo",0,0:55:00,,"0.0",2,"Moto/Ciclomotor,Automóvil","Garibaldi Y Pje. Choele Choel",3,0,1,0,1,0,1,"-32.981194444444,-60.674722222222","Calle",,"ROSARIO","Rosario","S/D","S/D","II","S/D","Urbana","S/D","S/D","S/D","S/D","S/D","S/D","S/D","S/D","S/D","Colisión","S/D","S/D","S/D","S/D"
2017,10155,12/28/2017,"Jueves",0,,"Ruta Nacional 34","220.2",1,"Moto/Ciclomotor","Av Luis Fanti Y Ruta Nac 34 Gral Guemes",2,2,0,0,0,0,0,"-31.25986, -61.50655","Ruta",34,"RAFAELA","Castellanos","S/D","S/D","V","S/D","Urbana","S/D","S/D","Intersección","S/D","S/D","S/D","S/D","S/D","S/D","Caída ocupante","S/D","S/D","S/D","S/D"
2017,10156,12/10/2017,"Domingo",0,,,"0.0",2,"Moto/Ciclomotor,Pickup/Utilitario","Buenos Aires Y Juan M. de Pueyrredon",2,0,0,0,1,1,0,"-33.46306, -61.48733","Calle",,"FIRMAT","General López","S/D","S/D","VIII","S/D","Urbana","S/D","S/D","S/D","S/D","S/D","S/D","S/D","S/D","S/D","Colisión","S/D","S/D","S/D","S/D"
2017,10157,12/10/2017,"Domingo",0,,,"0.0",2,"Moto/Ciclomotor,Automóvil"," ",3,2,0,0,1,0,0,,"S/D",,"CAÑADA DE GÓMEZ","Iriondo","S/D","S/D","X","S/D","S/D","S/D","S/D","S/D","S/D","S/D","S/D","S/D","S/D","S/D","Colisión","S/D","S/D","S/D","S/D"
2017,10158,12/10/2017,"Domingo",0,,,"0.0",2,"Bicicleta,Automóvil"," ",2,1,0,0,1,0,0,,"S/D",,"CAÑADA DE GÓMEZ","Iriondo","S/D","S/D","X","S/D","S/D","S/D","S/D","S/D","S/D","S/D","S/D","S/D","S/D","Ciclista","Atropello","S/D","S/D","S/D","S/D"
2017,10159,12/20/2017,"Miercoles",0,15:00:00,,"0.0",2,"Moto/Ciclomotor,Automóvil"," ",2,0,1,0,1,0,0,"-31.254055555556,-61.482861111111","Avenida",,"RAFAELA","Castellanos","S/D","S/D","V","Dentro","Urbana","S/D","S/D","Intersección","S/D","S/D","Diurna","S/D","Lateral","S/D","Colisión","S/D","S/D","S/D","S/D"
2017,10160,12/10/2017,"Domingo",0,,,"0.0",2,"Automóvil,Peatón","Rivadavia Y Juan Domingo Peron",2,1,0,0,1,0,0,"-29.50282,-59.74409","Calle",,"ROMANG","San Javier","S/D","S/D","XIV","S/D","Urbana","S/D","S/D","S/D","S/D","S/D","S/D","S/D","S/D","Peatón","Atropello","S/D","S/D","S/D","S/D"
2017,10161,12/10/2017,"Domingo",0,,,"0.0",2,"Moto/Ciclomotor,Automóvil","Gral. Lopez Y Urquiza",3,1,1,0,1,0,0,"-32.05153, -61.60197","Calle",,"CAÑADA ROSQUÍN","San Martín","S/D","S/D","XVIII","S/D","Urbana","S/D","S/D","S/D","S/D","S/D","S/D","S/D","S/D","S/D","Colisión","S/D","S/D","S/D","S/D"
2017,10162,12/11/2017,"Lunes",0,9:45:00,,"0.0",2,"Moto/Ciclomotor,Automóvil","Risso Y Santiago de Chile",2,1,0,0,1,0,0,"-31.597277777778,-60.710194444444","Calle",,"SANTA FE","La Capital","S/D","S/D","I","S/D","Urbana","S/D","S/D","S/D","S/D","S/D","S/D","S/D","S/D","S/D","Colisión","S/D","S/D","S/D","S/D"
2017,10163,12/11/2017,"Lunes",0,,"Ruta Provincial 90","133.0",1,"Automóvil"," ",1,1,0,0,0,0,0,"-33.74699, -61.65167","Ruta",90,"ELORTONDO","General López","S/D","S/D","VIII","S/D","S/D","S/D","S/D","S/D","S/D","S/D","S/D","S/D","S/D","S/D","Caída ocupante,Vuelco","S/D","S/D","S/D","S/D"
2017,10165,12/28/2017,"Jueves",0,,"Ruta Provincial 13","119.6",2,"Camión c / Acoplado,Camión c / Acoplado","RUTA PROVINCIAL 13 Y AUTOPISTA NACIONAL 19",2,1,0,0,1,0,0,"-31.4863, -61.71733","Ruta",13,"CLUCELLAS","Castellanos","S/D","S/D","V","S/D","Rural","S/D","S/D","Recta","S/D","S/D","S/D","S/D","S/D","S/D","Colisión","S/D","S/D","S/D","S/D"
2017,10166,12/12/2017,"Martes",0,,,"0.0",2,"Automóvil,Automóvil"," ",3,2,0,0,1,0,0,,"S/D",,"ROSARIO","Rosario","S/D","S/D","II","S/D","S/D","S/D","S/D","S/D","S/D","S/D","S/D","S/D","S/D","S/D","Colisión","S/D","S/D","S/D","S/D"
2017,10167,12/10/2017,"Domingo",0,15:20:00,,"0.0",1,"Automóvil","Camino Largo hacia el Paraje La Boca ",1,1,0,0,0,0,0,,"S/D",,"MONJE","San Jerónimo","S/D","S/D","XV","S/D","S/D","S/D","S/D","S/D","S/D","S/D","S/D","S/D","S/D","S/D","Vuelco","S/D","S/D","S/D","S/D"
2017,10168,12/13/2017,"Miercoles",0,,,"0.0",1,"Pickup/Utilitario"," ",3,3,0,0,0,0,0,,"S/D",,"LAS TUNAS","Las Colonias","S/D","S/D","XI","S/D","S/D","S/D","S/D","S/D","S/D","S/D","S/D","S/D","S/D","S/D","Vuelco","S/D","S/D","S/D","S/D"
2017,10169,12/28/2017,"Jueves",0,,,"0.0",2,"Moto/Ciclomotor,Automóvil","Colon Y J M Williner",2,1,0,0,1,0,0,"-31.263305555556,-61.495722222222","Calle",,"RAFAELA","Castellanos","S/D","S/D","V","S/D","Urbana","S/D","S/D","Intersección","S/D","S/D","S/D","S/D","Lateral","S/D","Colisión","S/D","S/D","S/D","S/D"
2017,10170,12/13/2017,"Miercoles",0,,,"0.0",2,"Bicicleta,Automóvil","Sarmiento Y Eva Peron",2,1,0,0,1,0,0,"-31.8954, -61.85832","Calle",,"SAN JORGE","San Martín","S/D","S/D","XVIII","S/D","Urbana","S/D","S/D","S/D","S/D","S/D","S/D","S/D","S/D","Ciclista","Atropello","S/D","S/D","S/D","S/D"
2017,10171,12/28/2017,"Jueves",0,,,"0.0",2,"Moto/Ciclomotor,Pickup/Utilitario","Calle 55-Mendoza Y Calle 20-9 de Julio",2,1,0,0,1,0,0,"-29.164027777778,-59.64975","Calle",,"RECONQUISTA","General Obligado","S/D","S/D","IX","S/D","Urbana","S/D","S/D","Intersección","S/D","S/D","S/D","S/D","Lateral","S/D","Colisión","S/D","S/D","S/D","S/D"
2017,10172,12/13/2017,"Miercoles",0,,,"0.0",2,"Moto/Ciclomotor,Moto/Ciclomotor","Bv Europa Y Juan XXIII",3,2,0,0,1,0,0,"-32.2067, -61.7063","Calle",,"EL TRÉBOL","San Martín","S/D","S/D","XVIII","S/D","Urbana","S/D","S/D","S/D","S/D","S/D","S/D","S/D","S/D","S/D","Colisión","S/D","S/D","S/D","S/D"
2017,10173,12/13/2017,"Miercoles",0,,,"0.0",2,"Automóvil,Moto/Ciclomotor","N Avellaneda Y Garibaldi",2,0,1,0,1,0,0,"-32.05228, -61.79304","Calle",,"CARLOS PELLEGRINI","San Martín","S/D","S/D","XVIII","S/D","Urbana","S/D","S/D","S/D","S/D","S/D","S/D","S/D","S/D","S/D","Colisión","S/D","S/D","S/D","S/D"
2017,10174,12/14/2017,"Jueves",0,7:20:00,,"0.0",2,"Automóvil,Moto/Ciclomotor"," ",3,1,1,0,1,0,0,,"S/D",,"ROSARIO","Rosario","S/D","S/D","II","S/D","S/D","S/D","S/D","S/D","S/D","S/D","S/D","S/D","S/D","S/D","S/D","S/D","S/D","S/D","S/D"
2017,10175,12/28/2017,"Jueves",0,,,"0.0",2,"Automóvil,Moto/Ciclomotor"," ",3,2,0,0,1,0,0,,"S/D",,"ESPERANZA","Las Colonias","S/D","S/D","XI","S/D","S/D","S/D","S/D","S/D","S/D","S/D","S/D","S/D","S/D","S/D","Colisión","S/D","S/D","S/D","S/D"
2017,10176,11/12/2017,"Domingo",0,12:00:00,,"0.0",2,"Moto/Ciclomotor,Tren","FFCC Mitre - Altura Estación de Trenes ",2,0,0,0,1,1,0,"-32.50938, -61.02821","Calle",,"CARRIZALES","Iriondo","S/D","S/D","X","S/D","S/D","S/D","S/D","S/D","S/D","S/D","Diurna","S/D","S/D","S/D","Colisión","S/D","S/D","S/D","S/D"
2017,10177,12/14/2017,"Jueves",0,12:40:00,,"0.0",2,"Automóvil,Automóvil","Valparaiso Y San Luis",3,2,0,0,1,0,0,"-32.941194444444,-60.6825","Calle",,"ROSARIO","Rosario","S/D","S/D","II","S/D","Urbana","S/D","S/D","S/D","S/D","S/D","S/D","S/D","S/D","S/D","Colisión","S/D","S/D","S/D","S/D"
2017,10178,12/14/2017,"Jueves",0,,,"0.0",2,"Automóvil,Moto/Ciclomotor"," ",2,1,0,0,1,0,0,,"Calle",,"CASILDA","Caseros","S/D","S/D","IV","S/D","Urbana","S/D","S/D","S/D","S/D","S/D","S/D","S/D","S/D","S/D","Colisión","S/D","S/D","S/D","S/D"
2017,10179,12/28/2017,"Jueves",0,,,"0.0",2,"Moto/Ciclomotor,Moto/Ciclomotor","Av Roque Saenz Peña Y Salta",2,2,0,0,0,0,0,"-32.368699, -61.353190","Calle",,"SAN GENARO","San Jerónimo","S/D","S/D","XV","S/D","Urbana","S/D","S/D","Intersección","S/D","S/D","S/D","S/D","Lateral","S/D","Colisión","S/D","S/D","S/D","S/D"
2017,10180,11/30/2017,"Jueves",0,18:40:00,,"0.0",2,"Automóvil,Moto/Ciclomotor","Iturraspe Y Av Pte Peron",4,2,0,0,2,0,0,"-31.625805555556,-60.718611111111","Calle",,"SANTA FE","La Capital","Asfalto,Hormigón","No existe","I","S/D","Urbana","Semáforo","Funciona","Intersección","Con baches,Resbaladiza","Reducida","Atardecer","Buen Tiempo","De alcance","S/D","Colisión","Material Suelto,Fluidos","Horizontal,Vertical","Barrera de hormigón,Cordón divisorio,S/D","Sin restricción"
2017,10181,12/28/2017,"Jueves",0,,,"0.0",1,"Automóvil"," ",1,1,0,0,0,0,0,,"S/D",,"MACIEL","San Jerónimo","S/D","Ripio","XV","Fuera","S/D","S/D","S/D","Recta","S/D","S/D","S/D","S/D","S/D","S/D","Vuelco,Despiste","S/D","S/D","S/D","S/D"
2017,10182,12/28/2017,"Jueves",0,,,"0.0",2,"Moto/Ciclomotor,Automóvil","Corrientes Y Dorrego",2,1,0,0,1,0,0,,"Calle",,"SAN JORGE","San Martín","S/D","S/D","XVIII","S/D","Urbana","S/D","S/D","Intersección","S/D","S/D","S/D","S/D","Lateral","S/D","Colisión","S/D","S/D","S/D","S/D"
2017,10184,12/2/2017,"Sabado",0,8:30:00,"Ruta Secundaria 40-s","0.0",1,"Automóvil"," ",1,1,0,0,0,0,0,,"Ruta","40-s","RECONQUISTA","General Obligado","S/D","S/D","IX","S/D","S/D","S/D","S/D","S/D","S/D","S/D","S/D","S/D","S/D","S/D","Vuelco","S/D","S/D","S/D","S/D"
2017,10185,12/3/2017,"Domingo",0,16:10:00,,"0.0",2,"Pickup/Utilitario,Moto/Ciclomotor","Gral Jose de San Martin Y Carlos Pellegrini",4,3,0,0,1,0,0,"-33.749472222222,-61.962611111111","Calle",,"VENADO TUERTO","General López","S/D","S/D","VIII","S/D","Urbana","S/D","S/D","S/D","S/D","S/D","S/D","S/D","S/D","S/D","Colisión","S/D","S/D","S/D","S/D"
2017,10186,12/3/2017,"Domingo",0,17:37:00,,"0.0",2,"Moto/Ciclomotor,Moto/Ciclomotor","Chacabuco Y Santa Fe",2,1,0,0,1,0,0,"-33.743222222222,-61.957722222222","Calle",,"VENADO TUERTO","General López","S/D","S/D","VIII","S/D","Urbana","S/D","S/D","S/D","S/D","S/D","S/D","S/D","S/D","S/D","Colisión","S/D","S/D","S/D","S/D"
2017,10187,12/29/2017,"Viernes",0,18:15:00,,"0.0",1,"Otros","Pedro Alejandro Vittori Y Martin Zapata",1,0,1,0,0,0,0,"-31.620222222222,-60.697805555556","Calle",,"SANTA FE","La Capital","S/D","S/D","I","S/D","Urbana","S/D","S/D","Intersección","S/D","S/D","S/D","S/D","S/D","S/D","Colisión","S/D","S/D","S/D","S/D"
2017,10188,12/7/2017,"Jueves",0,12:00:00,,"0.0",1,"Peatón","Rawson Y Concepcion",3,0,1,0,2,0,0,"-32.826583333333,-61.398361111111","Calle",,"CAÑADA DE GÓMEZ","Iriondo","S/D","S/D","X","S/D","Urbana","S/D","S/D","S/D","S/D","S/D","S/D","S/D","S/D","Peatón","Atropello","S/D","S/D","S/D","S/D"
2017,10189,12/8/2017,"Viernes",0,5:15:00,"Ruta Nacional 8","0.0",2,"Moto/Ciclomotor,Automóvil","Ruta Nac 8 Y Alberdi Juan Bautista",2,1,0,0,1,0,0,,"Ruta",8,"VENADO TUERTO","General López","S/D","S/D","VIII","S/D","Urbana","S/D","S/D","S/D","S/D","S/D","S/D","S/D","S/D","S/D","Colisión","S/D","S/D","S/D","S/D"
2017,10190,12/8/2017,"Viernes",0,6:00:00,,"0.0",2,"Moto/Ciclomotor,Automóvil","Guemes Y San Luis",2,0,1,0,1,0,0,"-33.746361111111,-61.947416666667","Calle",,"VENADO TUERTO","General López","S/D","S/D","VIII","S/D","Urbana","S/D","S/D","S/D","S/D","S/D","S/D","S/D","Contra objeto fijo","S/D","Colisión","S/D","S/D","S/D","S/D"
2017,10191,12/29/2017,"Viernes",0,,,"0.0",2,"Automóvil,Moto/Ciclomotor","Paraguay ",2,1,0,0,1,0,0,,"Calle",,"ROSARIO","Rosario","S/D","S/D","II","S/D","Urbana","S/D","S/D","S/D","S/D","S/D","S/D","S/D","S/D","S/D","Colisión","S/D","S/D","S/D","S/D"
2017,10192,12/10/2017,"Domingo",0,5:30:00,"Ruta Provincial 64","0.0",1,"Taxi/Remis"," ",1,1,0,0,0,0,0,,"Ruta",64,"SASTRE","San Martín","S/D","S/D","XVIII","S/D","S/D","S/D","S/D","S/D","S/D","S/D","S/D","S/D","S/D","S/D","Vuelco","S/D","S/D","S/D","S/D"
2017,10193,12/29/2017,"Viernes",0,,,"0.0",2,"Bicicleta,Automóvil","Entre Rios Y Ocampo",2,1,0,0,1,0,0,"-32.965944444444,-60.646","Calle",,"ROSARIO","Rosario","S/D","S/D","II","S/D","Urbana","S/D","S/D","Intersección","S/D","S/D","S/D","S/D","S/D","Ciclista","Atropello","S/D","S/D","S/D","S/D"
2017,10194,12/11/2017,"Lunes",0,,,"0.0",2,"Moto/Ciclomotor,Automóvil","Av Luis Fanti Y M Quiros",2,0,1,0,1,0,0,"-31.260472222222,-61.502694444444","Calle",,"RAFAELA","Castellanos","S/D","S/D","V","S/D","Urbana","S/D","S/D","S/D","S/D","S/D","S/D","S/D","S/D","S/D","Colisión","S/D","S/D","S/D","S/D"
2017,10195,12/11/2017,"Lunes",0,,,"0.0",2,"Moto/Ciclomotor,Automóvil","Jorge Newbery Y Gobernador Crespo",3,2,0,0,1,0,0,"-31.252388888889,-61.467527777778","Calle",,"RAFAELA","Castellanos","S/D","S/D","V","S/D","Urbana","S/D","S/D","S/D","S/D","S/D","S/D","S/D","S/D","S/D","Colisión","S/D","S/D","S/D","S/D"
2017,10196,9/20/2017,"Miercoles",0,11:40:00,,"0.0",1,"Automóvil","Teniente Loza ",3,1,0,0,2,0,0,,"S/D",,"SANTA FE","La Capital","S/D","S/D","I","S/D","Urbana","S/D","S/D","S/D","S/D","S/D","Diurna","S/D","S/D","S/D","Vuelco","S/D","S/D","S/D","S/D"
2017,10197,9/23/2017,"Sabado",0,19:45:00,"Ruta Nacional 11","928.0",2,"Moto/Ciclomotor,Bicicleta"," ",2,2,0,0,0,0,0,,"Ruta",11,"FLORENCIA","General Obligado","S/D","S/D","IX","S/D","S/D","S/D","S/D","Recta","S/D","S/D","Diurna","S/D","S/D","Ciclista","Atropello","S/D","S/D","S/D","S/D"
2017,10198,9/25/2017,"Lunes",0,22:15:00,"Autopista Provincial Brigadier E.López","31.0",2,"Camión,Camión c / Acoplado"," ",2,1,0,0,1,0,0,,"Autopista","Brigadier E.López","OLIVEROS","Iriondo","S/D","S/D","X","Dentro","Rural","S/D","S/D","Recta","S/D","S/D","Nocturna","S/D","S/D","S/D","Colisión","S/D","S/D","S/D","S/D"
2017,10200,9/26/2017,"Martes",0,13:45:00,"Ruta Nacional 34","0.0",2,"Automóvil,Automóvil","27 de setiembre ",2,2,0,0,0,0,0,,"Ruta",34,"RAFAELA","Castellanos","Asfalto","No existe","V","Dentro","Urbana","Semáforo","Funciona","Intersección","Bueno","Buena","Diurna","S/D","S/D","S/D","Colisión","Ninguna","Vertical","Ninguna","Sin restricción"
2017,10201,9/22/2017,"Viernes",0,11:00:00,"Ruta Nacional 33","615.0",2,"Automóvil,Camión"," ",2,0,1,0,1,0,0,,"Ruta",33,"VENADO TUERTO","General López","S/D","S/D","VIII","S/D","S/D","S/D","S/D","Recta","S/D","S/D","S/D","S/D","S/D","S/D","Colisión","S/D","S/D","S/D","S/D"
2017,10202,9/1/2017,"Viernes",0,12:15:00,,"0.0",2,"Bicicleta,Pickup/Utilitario","Necochea Y Quintana",2,1,0,0,1,0,0,,"Calle",,"CAÑADA DE GÓMEZ","Iriondo","Asfalto","No existe","X","Dentro","Urbana","Ninguna","No existe","Intersección","Bueno","S/D","Diurna","S/D","S/D","Ciclista","Atropello","Ninguna","Faltante","Ninguna","Sin restricción"
2017,10204,9/1/2017,"Viernes",0,8:55:00,,"0.0",2,"Pickup/Utilitario,Moto/Ciclomotor","Bv Centenario B Y Pellegrini",3,1,0,0,2,0,0,,"Calle",,"CAÑADA DE GÓMEZ","Iriondo","Asfalto","No existe","X","Dentro","Urbana","Ninguna","No existe","Intersección","Bueno","S/D","Diurna","S/D","S/D","S/D","Colisión","Ninguna","Faltante","Ninguna","Sin restricción"
2017,10205,9/2/2017,"Sabado",0,10:20:00,,"0.0",2,"Moto/Ciclomotor,Moto/Ciclomotor"," ",2,2,0,0,0,0,0,,"S/D",,"RECONQUISTA","General Obligado","S/D","S/D","IX","S/D","S/D","S/D","S/D","S/D","S/D","S/D","Diurna","S/D","S/D","S/D","Colisión","S/D","S/D","S/D","S/D"
2017,10206,8/8/2017,"Martes",0,13:30:00,"Ruta Nacional 33","665.0",3,"Automóvil,Camión,Camión"," ",4,1,0,0,3,0,0,,"Ruta",33,"ELORTONDO","General López","Asfalto","S/D","VIII","Dentro","Rural","S/D","S/D","Recta","Bueno","Buena","Diurna","S/D","Múltiple","S/D","Colisión","Ninguna","S/D","S/D","S/D"
2017,10207,9/4/2017,"Lunes",0,,,"0.0",2,"Moto/Ciclomotor,Automóvil","Moreno Y Ballesteros",2,1,0,0,1,0,0,,"Calle",,"CAÑADA DE GÓMEZ","Iriondo","S/D","S/D","X","Dentro","Urbana","S/D","S/D","Intersección","S/D","S/D","S/D","S/D","S/D","S/D","Colisión","S/D","S/D","S/D","S/D"
2017,10208,9/2/2017,"Sabado",0,21:50:00,,"0.0",1,"Moto/Ciclomotor","Bv Centenario B Y Sarmiento",1,1,0,0,0,0,0,,"Calle",,"CAÑADA DE GÓMEZ","Iriondo","Asfalto","No existe","X","Dentro","Urbana","Ninguna","No existe","Intersección","Bueno","S/D","Nocturna","S/D","S/D","S/D","Caída ocupante","Ninguna","Faltante","Ninguna","Sin restricción"
2017,10209,9/4/2017,"Lunes",0,,,"0.0",2,"Moto/Ciclomotor,Pickup/Utilitario","J Galvez 1600",2,1,0,0,1,0,0,,"Calle",,"RAFAELA","Castellanos","Asfalto","No existe","V","Dentro","Urbana","Semáforo","Funciona","Recta","Bueno","S/D","S/D","S/D","S/D","S/D","Colisión","Ninguna","Horizontal,Vertical","Cordón divisorio","Sin restricción"
2017,10210,8/8/2017,"Martes",0,7:20:00,,"0.0",2,"Moto/Ciclomotor,Moto/Ciclomotor","Lavalle Y Belgrano",2,2,0,0,0,0,0,,"Calle",,"CAÑADA DE GÓMEZ","Iriondo","Asfalto","S/D","X","Dentro","Urbana","Ninguna","No existe","Intersección","Bueno","Buena","Diurna","Buen Tiempo","Lateral","S/D","Colisión","Ninguna","Faltante","Ninguna","Sin restricción"
2017,10211,9/4/2017,"Lunes",0,,"Ruta Nacional 19","174.0",2,"Moto/Ciclomotor,Camión c / Acoplado"," ",2,1,0,0,1,0,0,,"Ruta",19,"ANGÉLICA","Castellanos","Asfalto","S/D","V","Dentro","Rural","S/D","S/D","Recta","S/D","S/D","S/D","S/D","S/D","S/D","Colisión","S/D","S/D","S/D","S/D"
2017,10212,8/11/2017,"Viernes",0,14:40:00,,"0.0",2,"Automóvil,Moto/Ciclomotor","Mitre Y A. Capdevila",2,1,0,0,1,0,0,,"Calle",,"CAÑADA DE GÓMEZ","Iriondo","Asfalto","No existe","VIII","Dentro","Urbana","Ninguna","No existe","Intersección","Bueno","Buena","Diurna","Buen Tiempo","Lateral","S/D","Colisión","Ninguna","Faltante","Ninguna","S/D"
2017,10214,9/4/2017,"Lunes",0,,,"0.0",2,"Automóvil,Moto/Ciclomotor","Camino Interprovincial ",3,2,0,0,1,0,0,,"Calle",,"FRONTERA","Castellanos","S/D","S/D","V","Dentro","Rural","S/D","S/D","S/D","S/D","S/D","S/D","S/D","S/D","S/D","Colisión","S/D","S/D","S/D","S/D"
2017,10215,9/2/2017,"Sabado",0,,"Ruta Nacional 34","275.0",1,"Pickup/Utilitario"," ",2,2,0,0,0,0,0,,"Ruta",34,"TACURAL","Castellanos","S/D","S/D","V","S/D","S/D","S/D","S/D","S/D","S/D","S/D","S/D","S/D","S/D","S/D","Vuelco","S/D","S/D","S/D","S/D"
2017,10216,9/3/2017,"Domingo",0,,,"0.0",2,"Moto/Ciclomotor,Moto/Ciclomotor","Bartolome Long Y Lisandro de la Torre",3,3,0,0,0,0,0,,"Calle",,"VENADO TUERTO","General López","Asfalto","No existe","VIII","Dentro","Urbana","Ninguna","No existe","Intersección","Bueno","S/D","Nocturna","S/D","S/D","S/D","Colisión","Ninguna","Faltante","Ninguna","Sin restricción"
2017,10217,8/12/2017,"Sabado",0,7:30:00,,"0.0",2,"Moto/Ciclomotor,Moto/Ciclomotor","Calle 68-Armada Argentina ",2,1,1,0,0,0,0,,"Calle",,"RECONQUISTA","General Obligado","Asfalto","No existe","IX","Dentro","Urbana","Ninguna","S/D","Recta","Bueno","Buena","Amanecer","Buen Tiempo","Frontal","S/D","Colisión","Ninguna","S/D","Ninguna","Sin restricción"
2017,10218,9/5/2017,"Martes",0,7:30:00,"Ruta Nacional 11","0.0",2,"Moto/Ciclomotor,Automóvil"," ",2,1,0,0,1,0,0,,"Ruta",11,"RECONQUISTA","General Obligado","Asfalto","S/D","IX","Dentro","Urbana","S/D","S/D","S/D","S/D","S/D","Diurna","S/D","S/D","S/D","Colisión","S/D","S/D","S/D","S/D"
2017,10219,8/12/2017,"Sabado",0,18:00:00,,"0.0",1,"Moto/Ciclomotor","Almafuerte Y Bartolome Mitre",2,2,0,0,0,0,0,,"Calle",,"VENADO TUERTO","General López","Asfalto","No existe","X","Dentro","Urbana","Ninguna","S/D","Intersección","Bueno","Buena","Diurna","Buen Tiempo","Contra objeto fijo","S/D","Colisión","Ninguna","S/D","Ninguna","S/D"
2017,10220,9/5/2017,"Martes",0,6:50:00,,"0.0",1,"Moto/Ciclomotor","Cristobal Colon Y Balcarce",1,1,0,0,0,0,0,,"Calle",,"VENADO TUERTO","General López","Asfalto","No existe","VIII","Dentro","Urbana","Ninguna","No existe","S/D","Bueno","S/D","Diurna","S/D","S/D","S/D","Caída ocupante","Ninguna","Faltante","Ninguna","Sin restricción"
2017,10221,9/5/2017,"Martes",0,7:15:00,,"0.0",2,"Automóvil,Moto/Ciclomotor","Francia Y Nicolas Avellaneda",2,1,0,0,1,0,0,,"Calle",,"VENADO TUERTO","General López","Asfalto","No existe","VIII","Dentro","Urbana","Ninguna","No existe","Intersección","Bueno","S/D","Diurna","S/D","S/D","S/D","Colisión","Ninguna","Faltante","Ninguna","Sin restricción"
2017,10222,8/12/2017,"Sabado",0,19:30:00,"Ruta Provincial 66","0.0",1,"Automóvil","Ruta Prov 13 ",1,0,1,0,0,0,0,,"Ruta",66,"CARLOS PELLEGRINI","San Martín","Asfalto","S/D","XVIII","Dentro","Rural","Ninguna","S/D","Cruce","Bueno","Buena","Atardecer","Buen Tiempo","Contra objeto fijo","S/D","Colisión","Ninguna","S/D","Ninguna","S/D"