"anio_acci","nro_acci","fecha","desc_dia","fecha_aprox","hora_aprox","desc_ruta","km","cant_participantes","desc_participante","calle_avenida_km","total","heridos_leves","heridos_graves","heridos_gravisimos","ilesos","fallecidos","sin_datos","posicion_XY","desc_tipo_via","desc_ruta_ori","desc_loc","desc_dpto","desc_tipo_calzada","desc_tipo_banquina","desc_unidad_regional","desc_lugar_calzada","desc_zona","desc_prioridad","desc_estado_semaforo","desc_lugar_via","desc_estado_via","desc_estado_visibilidad","desc_luminosidad","desc_estado_clima","desc_tipo_colision","desc_tipo_atropello","desc_tipo_hecho","desc_pres_calzada","desc_senializacion","desc_separacion_via","desc_restriccion"
2017,10223,7/8/2017,"Sabado",0,,,"0.0",2,"Moto/Ciclomotor,Automóvil"," ",2,0,0,0,1,1,0,"-33.749763, -61.965133","S/D",,"VENADO TUERTO","General López","S/D","S/D","VIII","S/D","S/D","S/D","S/D","S/D","S/D","S/D","Nocturna","S/D","S/D","S/D","Colisión","S/D","S/D","S/D","S/D"
2017,10224,9/5/2017,"Martes",0,15:00:00,,"0.0",2,"Pickup/Utilitario,Moto/Ciclomotor","Ocampo Y Sarmiento",2,1,0,0,1,0,0,,"Calle",,"CAÑADA DE GÓMEZ","Iriondo","Asfalto","No existe","X","Dentro","Urbana","Ninguna","No existe","Intersección","Bueno","S/D","Diurna","S/D","S/D","S/D","Colisión","Ninguna","Faltante","Ninguna","Sin restricción"
2017,10225,9/5/2017,"Martes",0,,,"0.0",2,"Automóvil,Moto/Ciclomotor","Hipolito Irigoyen Y Necochea",3,2,0,0,1,0,0,,"Calle",,"CAÑADA DE GÓMEZ","Iriondo","Asfalto","No existe","X","Dentro","Urbana","Ninguna","No existe","Intersección","Bueno","S/D","Diurna","S/D","S/D","S/D","Colisión","Ninguna","Faltante","Ninguna","Sin restricción"
2017,10227,8/14/2017,"Lunes",0,,,"0.0",2,"Automóvil,Bicicleta","Guillermo Brown Y Cornelio Saavedra",2,0,1,0,1,0,0,,"Calle",,"VENADO TUERTO","General López","Asfalto","No existe","VIII","Dentro","Urbana","Ninguna","No existe","Intersección","Bueno","Buena","Diurna","Buen Tiempo","S/D","Ciclista","Atropello","Ninguna","Faltante","Ninguna","Sin restricción"
2017,10228,9/7/2017,"Jueves",0,1:35:00,"Ruta Nacional 11","0.0",2,"Moto/Ciclomotor,Automóvil","CAlle 37-Bvard. lovato ",2,1,0,0,1,0,0,,"Ruta",11,"RECONQUISTA","General Obligado","Asfalto","No existe","IX","Dentro","Urbana","Ninguna","Funciona","Intersección","Bueno","S/D","Nocturna","S/D","S/D","S/D","Colisión","Ninguna","Vertical","Ninguna","Sin restricción"
2017,10229,9/8/2017,"Viernes",0,,,"0.0",2,"Automóvil,Moto/Ciclomotor","Pellegrini Y 7 de Octubre",2,1,0,0,1,0,0,,"Calle",,"CAÑADA DE GÓMEZ","Iriondo","Asfalto","No existe","X","Dentro","Urbana","Ninguna","No existe","Intersección","Bueno","S/D","Diurna","S/D","S/D","S/D","Colisión","Ninguna","Faltante","Ninguna","Sin restricción"
2017,10231,9/8/2017,"Viernes",0,19:50:00,,"0.0",2,"Moto/Ciclomotor,Automóvil","2 de Abril Y 3 de Febrero",2,1,0,0,1,0,0,,"Calle",,"VENADO TUERTO","General López","Asfalto","No existe","VIII","Dentro","Urbana","Ninguna","No existe","Intersección","Bueno","S/D","Diurna","S/D","S/D","S/D","Colisión","Ninguna","Faltante","Ninguna","Sin restricción"
2017,10232,9/8/2017,"Viernes",0,22:33:00,,"0.0",2,"Otros,Otros","Pinto Lucero ",2,1,0,0,1,0,0,,"Calle",,"VENADO TUERTO","General López","Asfalto","No existe","VIII","Dentro","Urbana","Ninguna","No existe","Intersección","Bueno","S/D","Nocturna","S/D","S/D","S/D","Colisión","Ninguna","Faltante","Ninguna","Sin restricción"
2017,10233,9/11/2017,"Lunes",0,1:10:00,,"0.0",2,"Moto/Ciclomotor,Automóvil","Ocampo Y Mitre",2,1,0,0,1,0,0,,"Calle",,"CAÑADA DE GÓMEZ","Iriondo","Asfalto","No existe","X","Dentro","Urbana","Ninguna","No existe","Intersección","Bueno","S/D","Nocturna","S/D","S/D","S/D","Colisión","Ninguna","Faltante","Ninguna","Sin restricción"
2017,10234,9/11/2017,"Lunes",0,,,"0.0",2,"Pickup/Utilitario,Moto/Ciclomotor","Bv. Oroño Y Ameghino",2,1,0,0,1,0,0,,"Calle",,"ROSARIO","Rosario","Asfalto","No existe","II","Dentro","Urbana","Semáforo","Funciona","Intersección","Bueno","S/D","S/D","S/D","S/D","S/D","Colisión","Ninguna","Horizontal,Vertical","Cordón divisorio","Sin restricción"
2017,10235,8/16/2017,"Miercoles",0,13:00:00,,"0.0",2,"Automóvil,Moto/Ciclomotor","Riobamba Y Castellanos",2,1,0,0,1,0,0,,"Calle",,"ROSARIO","Rosario","Asfalto","S/D","II","Dentro","Urbana","Ninguna","S/D","Intersección","Bueno","Buena","Diurna","Buen Tiempo","Lateral","S/D","Colisión","Ninguna","S/D","Ninguna","S/D"
2017,10236,9/11/2017,"Lunes",0,6:30:00,,"0.0",1,"Moto/Ciclomotor","E Oliber 1200",1,1,0,0,0,0,0,,"Calle",,"RAFAELA","Castellanos","S/D","S/D","V","S/D","Urbana","S/D","S/D","S/D","S/D","S/D","Diurna","S/D","Contra objeto fijo","S/D","Colisión","S/D","S/D","S/D","S/D"
2017,10237,8/19/2017,"Sabado",0,,,"0.0",2,"Moto/Ciclomotor,Moto/Ciclomotor"," ",2,1,0,0,1,0,0,,"Calle",,"CASILDA","Caseros","S/D","S/D","IV","Dentro","Urbana","Ninguna","S/D","S/D","S/D","S/D","S/D","S/D","S/D","S/D","Colisión","S/D","S/D","Ninguna","S/D"
2017,10239,8/19/2017,"Sabado",0,,,"0.0",2,"Moto/Ciclomotor,Automóvil"," ",4,2,0,0,2,0,0,,"Calle",,"CASILDA","Caseros","S/D","S/D","IV","Dentro","Urbana","S/D","S/D","S/D","S/D","Reducida","S/D","S/D","S/D","S/D","Colisión","S/D","S/D","S/D","S/D"
2017,10240,8/19/2017,"Sabado",0,,,"0.0",2,"Moto/Ciclomotor,Automóvil","B I Iturraspe Y pje s/n",3,0,1,0,2,0,0,,"Calle",,"RAFAELA","Castellanos","Asfalto","S/D","V","Dentro","Urbana","S/D","S/D","Intersección","Bueno","S/D","S/D","S/D","Lateral","S/D","Colisión","Ninguna","S/D","Ninguna","S/D"
2017,10241,9/11/2017,"Lunes",0,7:00:00,,"0.0",2,"Tren,Automóvil","R Balbin ",3,3,0,0,0,0,0,,"Calle",,"SUNCHALES","Castellanos","Asfalto","No existe","V","Dentro","Urbana","Marca Vial","No existe","Paso a Nivel FFCC","Bueno","S/D","Diurna","S/D","S/D","S/D","Colisión","Ninguna","Vertical","Ninguna","Sin restricción"
2017,10242,9/7/2017,"Jueves",0,23:00:00,,"0.0",2,"Automóvil,Moto/Ciclomotor","Suipacha Y Primera Junta",2,1,0,0,1,0,0,,"Calle",,"CAÑADA DE GÓMEZ","Iriondo","Asfalto","No existe","X","Dentro","Urbana","Ninguna","No existe","Intersección","Bueno","S/D","Nocturna","S/D","S/D","S/D","Colisión","Ninguna","Faltante","Ninguna","Sin restricción"
2017,10243,9/13/2017,"Miercoles",0,7:00:00,,"0.0",1,"Pickup/Utilitario","Av. Pellegrini Y Av. Circunvalacion",1,1,0,0,0,0,0,,"Calle",,"ROSARIO","Rosario","Asfalto","No existe","II","Dentro","Urbana","S/D","No existe","Curva","Bueno","S/D","Diurna","S/D","S/D","S/D","Vuelco","Ninguna","Horizontal","Ninguna","Sin restricción"
2017,10244,12/11/2017,"Lunes",0,,,"0.0",1,"Vehículo Oficial"," ",1,1,0,0,0,0,0,,"S/D",,"BAUER Y SIGEL","Castellanos","S/D","S/D","V","S/D","Rural","S/D","S/D","S/D","S/D","S/D","S/D","S/D","S/D","S/D","Vuelco","S/D","S/D","S/D","S/D"
2017,10245,12/11/2017,"Lunes",0,12:00:00,,"0.0",2,"Moto/Ciclomotor,Automóvil","Calle 45-Islas Georgias del S Y Calle 20 9 de Julio",2,1,0,0,1,0,0,"-29.159833333333,-59.649472222222","Calle",,"RECONQUISTA","General Obligado","S/D","S/D","IX","S/D","Urbana","S/D","S/D","S/D","S/D","S/D","S/D","S/D","S/D","S/D","Colisión","S/D","S/D","S/D","S/D"
2017,10246,12/11/2017,"Lunes",0,,,"0.0",2,"Bicicleta,Automóvil","Alberdi Y Rivadavia",2,1,0,0,1,0,0,"-32.815944444444,-61.405722222222","Calle",,"CAÑADA DE GÓMEZ","Iriondo","S/D","S/D","X","S/D","Urbana","S/D","S/D","S/D","S/D","S/D","S/D","S/D","S/D","Ciclista","Atropello","S/D","S/D","S/D","S/D"
2017,10247,12/9/2017,"Sabado",0,23:00:00,,"0.0",2,"Moto/Ciclomotor,Automóvil","Bv. Balcarce Y Sarmiento",3,2,0,0,1,0,0,"-32.822194444444,-61.392361111111","Calle",,"CAÑADA DE GÓMEZ","Iriondo","S/D","S/D","X","S/D","Urbana","S/D","S/D","S/D","S/D","S/D","S/D","S/D","S/D","S/D","Colisión","S/D","S/D","S/D","S/D"
2017,10248,12/11/2017,"Lunes",0,15:00:00,,"0.0",2,"Bicicleta,Automóvil"," ",2,1,0,0,1,0,0,,"S/D",,"CAÑADA DE GÓMEZ","Iriondo","S/D","S/D","X","S/D","S/D","S/D","S/D","S/D","S/D","S/D","S/D","S/D","S/D","Ciclista","Atropello","S/D","S/D","S/D","S/D"
2017,10249,12/11/2017,"Lunes",0,,,"0.0",2,"Automóvil,Moto/Ciclomotor","Bv. Balcarce Y Sarmiento",3,2,0,0,1,0,0,"-32.822194444444,-61.392361111111","Calle",,"CAÑADA DE GÓMEZ","Iriondo","S/D","S/D","X","S/D","Urbana","S/D","S/D","S/D","S/D","S/D","S/D","S/D","S/D","S/D","Colisión","S/D","S/D","S/D","S/D"
2017,10252,12/29/2017,"Viernes",0,21:30:00,,"0.0",1,"Moto/Ciclomotor","Pueyrredon 1100",1,1,0,0,0,0,0,"-31.896164, -61.865237","Calle",,"SAN JORGE","San Martín","Asfalto","S/D","XVIII","S/D","Urbana","S/D","S/D","S/D","S/D","S/D","S/D","S/D","S/D","S/D","Caída ocupante,Despiste","S/D","S/D","S/D","S/D"
2017,10253,12/11/2017,"Lunes",0,18:20:00,,"0.0",2,"Camión,Moto/Ciclomotor","Alberdi Y Lavalle",2,1,0,0,1,0,0,"-32.818361111111,-61.406305555556","Calle",,"CAÑADA DE GÓMEZ","Iriondo","S/D","S/D","X","S/D","Urbana","S/D","S/D","S/D","S/D","S/D","S/D","S/D","S/D","S/D","Colisión","S/D","S/D","S/D","S/D"
2017,10254,12/13/2017,"Miercoles",0,,,"0.0",2,"Moto/Ciclomotor,Pickup/Utilitario","Calle 12 San Martin Y Calle 15-Pcio. Diez",2,1,0,0,1,0,0,"-29.144583333333,-59.642444444444","Calle",,"RECONQUISTA","General Obligado","S/D","S/D","IX","S/D","Urbana","S/D","S/D","S/D","S/D","S/D","S/D","S/D","S/D","S/D","Colisión","S/D","S/D","S/D","S/D"
2017,10255,12/29/2017,"Viernes",0,10:45:00,,"0.0",2,"Moto/Ciclomotor,Automóvil","Bartolome Mitre Y Hipolito Irigoyen",4,2,0,0,2,0,0,"-31.896809, -61.860894","Calle",,"SAN JORGE","San Martín","S/D","S/D","XVIII","S/D","Urbana","S/D","S/D","Intersección","S/D","S/D","Diurna","S/D","Lateral","S/D","Colisión","S/D","S/D","S/D","S/D"
2017,10256,12/14/2017,"Jueves",0,,"Ruta Nacional 11","0.0",2,"Pickup/Utilitario,Moto/Ciclomotor"," ",3,2,0,0,1,0,0,"-29.11939, -59.65242","Ruta",11,"AVELLANEDA","General Obligado","S/D","S/D","IX","S/D","S/D","S/D","S/D","S/D","S/D","S/D","S/D","S/D","S/D","S/D","Colisión","S/D","S/D","S/D","S/D"
2017,10257,12/30/2017,"Sabado",0,12:30:00,,"0.0",2,"Moto/Ciclomotor,Pickup/Utilitario","Centeno Y Dorrego",2,1,0,0,1,0,0,"-32.982833333333,-60.658916666667","Calle",,"ROSARIO","Rosario","S/D","S/D","II","S/D","Urbana","S/D","S/D","Intersección","S/D","S/D","Diurna","S/D","Lateral","S/D","Colisión","S/D","S/D","S/D","S/D"
2017,10258,12/5/2017,"Martes",0,16:10:00,"Autopista Provincial Brigadier E.López","88.0",1,"Pickup/Utilitario"," ",1,0,0,0,0,0,1,"-32.16391, -60.97983","Autopista","Brigadier E.López","SANTA FE","La Capital","S/D","S/D","I","S/D","S/D","S/D","S/D","S/D","S/D","S/D","S/D","S/D","S/D","S/D","S/D","S/D","S/D","S/D","S/D"
2017,10259,12/6/2017,"Miercoles",0,14:20:00,,"0.0",1,"Automóvil","ENTRE BOMBA 1 Y 2 ",1,1,0,0,0,0,0,,"S/D",,"SAN JOSÉ DEL RINCÓN","La Capital","S/D","S/D","I","S/D","S/D","S/D","S/D","S/D","S/D","S/D","S/D","S/D","S/D","S/D","Vuelco","S/D","S/D","S/D","S/D"
2017,10260,12/29/2017,"Viernes",0,8:30:00,,"0.0",2,"Peatón,Moto/Ciclomotor","Av. Corrientes Y Juan Canals",2,1,0,0,1,0,0,"-32.988638888889,-60.653194444444","Avenida",,"ROSARIO","Rosario","S/D","S/D","II","S/D","Urbana","S/D","S/D","Intersección","S/D","S/D","Diurna","S/D","S/D","Peatón","Atropello","S/D","S/D","S/D","S/D"
2017,10261,12/30/2017,"Sabado",0,,,"0.0",1,"Moto/Ciclomotor","Av. de los Trabaj. Ferroviario Y J B Justo",1,1,0,0,0,0,0,"-30.314805555556,-61.238","Avenida",,"SAN CRISTÓBAL","San Cristóbal","S/D","S/D","XIII","S/D","Urbana","S/D","S/D","S/D","S/D","S/D","S/D","S/D","S/D","S/D","Caída ocupante","S/D","S/D","S/D","S/D"
2017,10262,12/9/2017,"Sabado",0,,"Ruta Provincial 18","0.5",1,"Moto/Ciclomotor"," ",1,0,1,0,0,0,0,"-33.01057, -60.67746","Ruta",18,"ROSARIO","Rosario","S/D","S/D","II","S/D","S/D","S/D","S/D","S/D","S/D","S/D","S/D","S/D","S/D","S/D","Caída ocupante,Vuelco","S/D","S/D","S/D","S/D"
2017,10263,12/30/2017,"Sabado",0,,,"0.0",2,"Moto/Ciclomotor,Automóvil","Guemes Y Gral Lopez",2,1,0,0,1,0,0,"-31.968972222222,-60.922777777778","Calle",,"CORONDA","San Jerónimo","S/D","S/D","XV","S/D","Urbana","S/D","S/D","Intersección","S/D","S/D","S/D","S/D","Lateral","S/D","Colisión","S/D","S/D","S/D","S/D"
2017,10264,12/10/2017,"Domingo",0,20:30:00,"Ruta Nacional 11","923.0",2,"Moto/Ciclomotor,Peatón"," ",2,2,0,0,0,0,0,,"Ruta",11,"FLORENCIA","General Obligado","S/D","S/D","IX","S/D","S/D","S/D","S/D","S/D","S/D","S/D","S/D","S/D","S/D","Peatón","Atropello","S/D","S/D","S/D","S/D"
2017,10265,12/31/2017,"Domingo",0,,,"0.0",2,"Vehículo Oficial,Automóvil","Saavedra 1600",3,2,0,0,1,0,0,"-31.655472222222,-60.718805555556","Calle",,"SANTA FE","La Capital","Asfalto","S/D","I","S/D","Urbana","S/D","S/D","Recta","S/D","S/D","S/D","S/D","Lateral","S/D","Colisión","S/D","S/D","S/D","S/D"
2017,10266,12/11/2017,"Lunes",0,15:30:00,"Ruta Nacional 11","0.0",1,"Moto/Ciclomotor"," ",2,2,0,0,0,0,0,"-30.03193, -60.31482","Ruta",11,"PEDRO GÓMEZ CELLO","San Justo","S/D","S/D","XIII","S/D","S/D","S/D","S/D","S/D","S/D","S/D","S/D","S/D","S/D","S/D","Caída ocupante,Vuelco","S/D","S/D","S/D","S/D"
2017,10267,12/11/2017,"Lunes",0,8:20:00,"Autopista Provincial Brigadier E.López","4.0",1,"Automóvil"," ",1,1,0,0,0,0,0,"-32.85168, -60.73703","Autopista","Brigadier E.López","ROSARIO","Rosario","S/D","S/D","II","S/D","S/D","S/D","S/D","S/D","S/D","S/D","S/D","S/D","S/D","S/D","Despiste","S/D","S/D","S/D","S/D"
2017,10268,12/29/2017,"Viernes",0,19:00:00,"Autopista Nacional A008","0.0",1,"Moto/Ciclomotor","Av. Circunvalación 25 de Mayo Y Eva Peron",2,0,2,0,0,0,0,,"Autopista","A008","ROSARIO","Rosario","S/D","S/D","II","S/D","S/D","S/D","S/D","S/D","S/D","S/D","S/D","S/D","S/D","S/D","Caída ocupante","S/D","S/D","S/D","S/D"
2017,10269,12/10/2017,"Domingo",0,18:45:00,"Ruta Nacional 8","0.0",2,"Moto/Ciclomotor,Pickup/Utilitario","Nicolas Avellaneda Y Ruta Nac 8",4,1,0,0,3,0,0,"-33.74439, -61.98233","Ruta",8,"VENADO TUERTO","General López","S/D","S/D","IX","S/D","Urbana","S/D","S/D","S/D","S/D","S/D","S/D","S/D","S/D","S/D","Colisión","S/D","S/D","S/D","S/D"
2017,10270,12/31/2017,"Domingo",0,,,"0.0",2,"Moto/Ciclomotor,Pickup/Utilitario"," ",3,2,0,0,1,0,0,,"S/D",,"CASILDA","Caseros","S/D","S/D","IV","S/D","S/D","S/D","S/D","S/D","S/D","S/D","S/D","S/D","S/D","S/D","Colisión","S/D","S/D","S/D","S/D"
2017,10271,12/31/2017,"Domingo",0,22:35:00,,"0.0",1,"Moto/Ciclomotor"," ",1,1,0,0,0,0,0,,"S/D",,"ARTEAGA","Caseros","S/D","S/D","IV","S/D","S/D","S/D","S/D","S/D","S/D","S/D","Nocturna","S/D","S/D","S/D","Caída ocupante","S/D","S/D","S/D","S/D"
2017,10272,12/31/2017,"Domingo",0,,,"0.0",2,"Moto/Ciclomotor,Automóvil","Bv Mariano Moreno 800",3,2,0,0,1,0,0,"-30.31425,-61.234555555556","Calle",,"SAN CRISTÓBAL","San Cristóbal","S/D","S/D","XIII","S/D","Urbana","S/D","S/D","Recta","S/D","S/D","S/D","S/D","Lateral","S/D","Colisión","S/D","S/D","S/D","S/D"
2017,10273,7/1/2017,"Sabado",1,,,"0.0",1,"Otros"," ",2,0,0,0,0,1,1,"-32.964861, -60.658490","S/D",,"ROSARIO","Rosario","S/D","S/D","I","S/D","S/D","S/D","S/D","S/D","S/D","S/D","S/D","S/D","S/D","S/D","S/D","S/D","S/D","S/D","S/D"
2017,10275,10/1/2017,"Domingo",0,12:20:00,,"0.0",2,"Automóvil,Automóvil","Bv. Segui Y Mitre",3,2,0,0,1,0,0,,"Calle",,"ROSARIO","Rosario","Asfalto","No existe","II","Dentro","Urbana","Ninguna","No existe","Intersección","Bueno","S/D","Diurna","S/D","S/D","S/D","Colisión","Ninguna","Faltante","Cordón divisorio","Sin restricción"
2017,10276,10/1/2017,"Domingo",0,13:15:00,,"0.0",2,"Bicicleta,Transporte de Pasajeros Urbano (> 8 asientos)","J.Colombres Bis Y J.J.Paso",2,1,0,0,1,0,0,,"Calle",,"ROSARIO","Rosario","Asfalto","No existe","II","Dentro","Urbana","Ninguna","No existe","Intersección","Bueno","S/D","Diurna","S/D","S/D","Ciclista","Atropello","Ninguna","Faltante","Ninguna","Sin restricción"
2017,10277,10/1/2017,"Domingo",0,14:00:00,,"0.0",2,"Automóvil,Moto/Ciclomotor","Lavalle Y E.Zeballos",2,1,0,0,1,0,0,,"Calle",,"ROSARIO","Rosario","Asfalto","No existe","II","Dentro","Urbana","Ninguna","No existe","Intersección","Bueno","S/D","Diurna","S/D","S/D","S/D","Colisión","Ninguna","Faltante","Ninguna","Sin restricción"
2017,10278,8/20/2017,"Domingo",0,18:30:00,,"0.0",2,"Bicicleta,Automóvil","Av. Circunvalacion Y Av. Eva Peron",2,1,0,0,1,0,0,,"Avenida",,"ROSARIO","Rosario","Asfalto","S/D","II","Dentro","Urbana","Ninguna","S/D","Intersección","Bueno","Buena","Diurna","Buen Tiempo","S/D","Ciclista","Atropello","Ninguna","S/D","Ninguna","S/D"
2017,10279,10/1/2017,"Domingo",0,21:05:00,,"0.0",2,"Pickup/Utilitario,Moto/Ciclomotor","Av. Francia Y Biedma",4,2,0,0,2,0,0,,"Calle",,"ROSARIO","Rosario","Asfalto","No existe","II","Dentro","Urbana","Ninguna","No existe","Intersección","Bueno","S/D","Nocturna","S/D","S/D","S/D","Colisión","Ninguna","Faltante","Cordón divisorio","Sin restricción"
2017,10281,10/2/2017,"Lunes",0,4:45:00,,"0.0",2,"Automóvil,Taxi/Remis"," ",5,1,0,0,4,0,0,,"S/D",,"CASILDA","Caseros","S/D","S/D","IV","S/D","S/D","S/D","S/D","S/D","S/D","S/D","Nocturna","S/D","S/D","S/D","Colisión","S/D","S/D","S/D","S/D"
2017,10282,8/20/2017,"Domingo",0,,,"0.0",2,"Moto/Ciclomotor,Automóvil","Sargento Cabral Y 26 de Enero",2,0,1,0,1,0,0,,"Calle",,"RAFAELA","Castellanos","Asfalto","S/D","V","Dentro","Rural","Ninguna","S/D","Intersección","Bueno","S/D","S/D","Buen Tiempo","Lateral","S/D","Colisión","Ninguna","S/D","Ninguna","Sin restricción"
2017,10283,6/1/2017,"Jueves",1,,,"0.0",1,"Otros"," ",1,0,0,0,0,1,0,,"S/D",,"ROSARIO","Rosario","S/D","S/D","II","S/D","S/D","S/D","S/D","S/D","S/D","S/D","S/D","S/D","S/D","S/D","S/D","S/D","S/D","S/D","S/D"
2017,10284,10/2/2017,"Lunes",0,,,"0.0",1,"Otros"," ",1,0,1,0,0,0,0,,"S/D",,"RAFAELA","Castellanos","S/D","S/D","V","S/D","S/D","S/D","S/D","S/D","S/D","S/D","S/D","S/D","Atropello animal","S/D","Colisión","S/D","S/D","S/D","S/D"
2017,10285,10/2/2017,"Lunes",0,,,"0.0",3,"Automóvil,Moto/Ciclomotor,Automóvil"," ",4,1,0,0,3,0,0,,"S/D",,"CASILDA","Caseros","S/D","S/D","IV","S/D","S/D","S/D","S/D","S/D","S/D","S/D","S/D","S/D","Múltiple","S/D","Colisión","S/D","S/D","S/D","S/D"
2017,10286,10/2/2017,"Lunes",0,,"Ruta Nacional 19","116.0",2,"Automóvil,Automóvil"," ",5,1,1,0,3,0,0,,"Ruta",19,"JOSEFINA","Castellanos","S/D","S/D","V","S/D","S/D","S/D","S/D","Recta","S/D","S/D","S/D","S/D","S/D","S/D","Colisión","S/D","S/D","S/D","S/D"
2017,10287,10/3/2017,"Martes",0,,,"0.0",2,"Automóvil,Bicicleta","Pueyrredon Y Av. Jorge Cura",2,1,0,0,1,0,0,,"Calle",,"ROSARIO","Rosario","Asfalto","No existe","II","Dentro","Urbana","S/D","No existe","Intersección","Bueno","S/D","S/D","S/D","S/D","Ciclista","Atropello","Ninguna","Horizontal","S/D","Sin restricción"
2017,10288,7/21/2017,"Viernes",0,2:00:00,"Ruta Nacional 178","139.5",2,"Camión,Automóvil"," ",3,0,2,0,0,1,0,"-32.998479437522, -61.446364566761","Ruta",178,"CAÑADA DE GÓMEZ","Iriondo","S/D","Pavimento","X","Dentro","Rural","S/D","S/D","Recta","S/D","S/D","Nocturna","S/D","Frontal","S/D","Colisión,Vuelco","S/D","S/D","S/D","S/D"
2017,10289,8/21/2017,"Lunes",0,11:35:00,"Ruta Secundaria 26-s","0.0",1,"Automóvil"," ",1,1,0,0,0,0,0,,"Ruta","26-s","CASILDA","Caseros","Asfalto","Natural","IV","Dentro","Rural","S/D","No existe","Recta","Bueno","S/D","Diurna","S/D","Contra objeto fijo","S/D","Colisión","S/D","Horizontal","Línea divisoria pintada","S/D"
2017,10290,8/18/2017,"Viernes",0,8:00:00,"Ruta Nacional 11","0.0",1,"Moto/Ciclomotor","Av Circunvalación ",1,1,0,0,0,0,0,,"Ruta",11,"SANTA FE","La Capital","S/D","S/D","III","S/D","Rural","S/D","S/D","Recta","S/D","S/D","Diurna","S/D","S/D","S/D","Despiste","S/D","S/D","S/D","S/D"
2017,10291,11/13/2017,"Lunes",0,,,"0.0",2,"Moto/Ciclomotor,Automóvil","Av. Ovidio Lagos Y Salta",2,0,0,0,1,1,0,"-32.935306, -60.659632","Calle",,"ROSARIO","Rosario","Asfalto","No existe","II","S/D","S/D","Semáforo","Intermitente","Recta","Bueno","Buena","Nocturna","Buen Tiempo","Lateral","S/D","Colisión","S/D","Horizontal,Vertical","Ninguna","Sin restricción"
2017,10292,8/21/2017,"Lunes",0,4:00:00,,"0.0",2,"Automóvil,Moto/Ciclomotor","Guemes Y French y Berutti",3,0,2,0,0,0,1,"-31.966695, -60.922475","Calle",,"CORONDA","San Jerónimo","Asfalto,Ripio","No existe","XV","Dentro","Urbana","Ninguna","No existe","Intersección","Deteriorada","S/D","Nocturna","S/D","S/D","S/D","Colisión","Material Suelto","Faltante","Ninguna","S/D"
2017,10293,8/21/2017,"Lunes",0,,,"0.0",2,"Peatón,Moto/Ciclomotor","Colon Y San Luis",3,3,0,0,0,0,0,"-32.753671, -60.729228","Calle",,"SAN LORENZO","San Lorenzo","Asfalto","No existe","XVII","Dentro","Urbana","Ninguna","No existe","Intersección","Deteriorada","S/D","S/D","S/D","S/D","Peatón","Atropello","S/D","Faltante","Ninguna","S/D"
2017,10294,8/18/2017,"Viernes",0,9:15:00,,"0.0",2,"Moto/Ciclomotor,Automóvil","Monseñor Rodriguez 6100",2,1,0,0,1,0,0,,"Calle",,"SANTA FE","La Capital","S/D","No existe","I","S/D","Urbana","S/D","S/D","Recta","S/D","S/D","Diurna","S/D","De alcance","S/D","Colisión","S/D","S/D","S/D","S/D"
2017,10295,10/3/2017,"Martes",0,,,"0.0",2,"Moto/Ciclomotor,Automóvil","La Plata Y Santiago Shine",3,1,1,0,1,0,0,,"Calle",,"RAFAELA","Castellanos","Asfalto","S/D","V","Dentro","Urbana","Ninguna","S/D","Intersección","Bueno","S/D","S/D","Buen Tiempo","Lateral","S/D","Colisión","Ninguna","S/D","Ninguna","Sin restricción"
2017,10296,10/3/2017,"Martes",0,,,"0.0",2,"Pickup/Utilitario,Moto/Ciclomotor"," ",2,1,0,0,1,0,0,,"Calle",,"ELORTONDO","General López","S/D","S/D","VIII","Dentro","Urbana","Ninguna","S/D","S/D","S/D","S/D","S/D","Buen Tiempo","S/D","S/D","Colisión","S/D","S/D","Ninguna","S/D"
2017,10297,8/22/2017,"Martes",0,14:25:00,,"0.0",2,"Automóvil,Automóvil","Calle 7-Sarmiento 1030",4,1,1,0,2,0,0,"-29.139607, -59.648384","Calle",,"RECONQUISTA","General Obligado","Hormigón","No existe","IX","Dentro","Urbana","S/D","No existe","Recta","Bueno","S/D","Diurna","S/D","S/D","S/D","Colisión","S/D","Horizontal","Línea divisoria pintada","S/D"
2017,10298,8/20/2017,"Domingo",0,21:30:00,,"0.0",1,"Moto/Ciclomotor","Vieytes Y Pje Santa Fe",1,1,0,0,0,0,0,"-31.596557826390, -60.724795328589","Calle",,"SANTA FE","La Capital","S/D","No existe","III","S/D","Urbana","S/D","S/D","Intersección","S/D","S/D","Nocturna","S/D","S/D","S/D","Despiste","S/D","S/D","S/D","S/D"
2017,10299,10/3/2017,"Martes",0,17:40:00,,"0.0",2,"Bicicleta,Automóvil","Moreno 300",2,1,0,0,1,0,0,,"Calle",,"CAÑADA DE GÓMEZ","Iriondo","S/D","S/D","X","Dentro","Urbana","Ninguna","S/D","S/D","S/D","S/D","S/D","Buen Tiempo","S/D","Ciclista","Atropello","S/D","S/D","Ninguna","S/D"
2017,10300,8/23/2017,"Miercoles",0,19:00:00,,"0.0",2,"Taxi/Remis,Moto/Ciclomotor","Av. Provincias Unidas Y Bv. 27 De Febrero",4,1,1,0,0,0,2,"-32.959397, -60.711795","Avenida",,"ROSARIO","Rosario","Asfalto","No existe","II","Dentro","Urbana","Semáforo","Funciona","Intersección","Bueno","S/D","Atardecer","S/D","S/D","S/D","Colisión","Material Suelto","Vertical","Cordón divisorio","Obra en Construcción,Reparación de Vía"
2017,10301,10/3/2017,"Martes",0,17:30:00,,"0.0",2,"Automóvil,Moto/Ciclomotor","Bv Centenario B Y San Martin",2,1,0,0,1,0,0,,"Calle",,"CAÑADA DE GÓMEZ","Iriondo","S/D","S/D","X","Dentro","Urbana","S/D","S/D","S/D","S/D","S/D","S/D","S/D","Lateral","S/D","Colisión","S/D","S/D","S/D","S/D"
2017,10302,10/8/2017,"Domingo",0,,,"0.0",2,"Moto/Ciclomotor,Automóvil","Maiztegui 2300",3,1,0,0,2,0,0,"-32.918100044986, -60.861978095559","Calle",,"FUNES","Rosario","Ripio","No existe","II","Dentro","Urbana","Ninguna","No existe","Recta","Bueno","S/D","S/D","S/D","De alcance","S/D","Colisión","Ninguna","S/D","S/D","Sin restricción"
2017,10303,10/3/2017,"Martes",0,,,"0.0",2,"Otros,Otros"," ",2,1,0,0,1,0,0,,"Calle",,"ESPERANZA","Las Colonias","S/D","S/D","XI","Dentro","Urbana","S/D","S/D","S/D","S/D","S/D","S/D","S/D","S/D","S/D","Colisión","S/D","S/D","S/D","S/D"