"anio_acci","nro_acci","fecha","desc_dia","fecha_aprox","hora_aprox","desc_ruta","km","cant_participantes","desc_participante","calle_avenida_km","total","heridos_leves","heridos_graves","heridos_gravisimos","ilesos","fallecidos","sin_datos","posicion_XY","desc_tipo_via","desc_ruta_ori","desc_loc","desc_dpto","desc_tipo_calzada","desc_tipo_banquina","desc_unidad_regional","desc_lugar_calzada","desc_zona","desc_prioridad","desc_estado_semaforo","desc_lugar_via","desc_estado_via","desc_estado_visibilidad","desc_luminosidad","desc_estado_clima","desc_tipo_colision","desc_tipo_atropello","desc_tipo_hecho","desc_pres_calzada","desc_senializacion","desc_separacion_via","desc_restriccion"
2017,10304,10/3/2017,"Martes",0,,,"0.0",1,"Moto/Ciclomotor"," ",1,1,0,0,0,0,0,,"Calle",,"SA PEREIRA","Las Colonias","S/D","S/D","XI","Dentro","Urbana","S/D","S/D","S/D","S/D","S/D","S/D","S/D","S/D","S/D","Caída ocupante","S/D","S/D","S/D","S/D"
2017,10305,8/23/2017,"Miercoles",0,,,"0.0",2,"Automóvil,Moto/Ciclomotor","Paula Albarracin ",2,0,1,0,1,0,0,,"Calle",,"RAFAELA","Castellanos","Hormigón","No existe","V","Dentro","Urbana","Ninguna","No existe","Recta","Bueno","S/D","S/D","S/D","S/D","S/D","Colisión","S/D","Faltante","Ninguna","S/D"
2017,10306,10/12/2017,"Jueves",0,17:40:00,"Ruta Nacional 11","0.0",2,"Moto/Ciclomotor,Peatón","Pringles Y Av L de la Torre-Ruta Nac 11",2,1,0,0,1,0,0,"-31.970527777778,-60.926277777778","Ruta",11,"CORONDA","San Jerónimo","Asfalto,Ripio","Ripio","XV","Dentro","Urbana","S/D","No existe","Intersección","S/D","S/D","Diurna","S/D","S/D","Peatón","Atropello","S/D","Faltante","Línea divisoria pintada","S/D"
2017,10307,10/2/2017,"Lunes",0,12:15:00,,"0.0",2,"Automóvil,Automóvil","Mitre Y Cerrito",3,2,0,0,1,0,0,,"Calle",,"ROSARIO","Rosario","Asfalto","S/D","II","Dentro","Urbana","Ninguna","No existe","Intersección","Bueno","Buena","Diurna","Buen Tiempo","Lateral","S/D","Colisión","S/D","Faltante","Ninguna","Sin restricción"
2017,10308,8/23/2017,"Miercoles",0,,,"0.0",2,"Automóvil,Automóvil","Calle 25-Rivadavia Y Calle 18-Belgrano",2,2,0,0,0,0,0,"-29.149601, -59.646839","Calle",,"RECONQUISTA","General Obligado","Hormigón","No existe","IX","Dentro","Urbana","Ninguna","No existe","Intersección","Bueno","S/D","S/D","S/D","S/D","S/D","Colisión","S/D","Faltante","Ninguna","S/D"
2017,10310,10/12/2017,"Jueves",0,,,"0.0",1,"Moto/Ciclomotor","Benavidez Y Maradona W",1,0,1,0,0,0,0,,"Calle",,"BARRANCAS","San Jerónimo","Asfalto,Ripio","Ripio","XV","Dentro","Urbana","S/D","No existe","Intersección","S/D","S/D","S/D","S/D","S/D","S/D","Caída ocupante","S/D","Faltante","Línea divisoria pintada","S/D"
2017,10311,8/24/2017,"Jueves",0,,"Ruta Nacional 11","0.0",2,"Automóvil,Moto/Ciclomotor","Av L de la Torre-Ruta Nac 11 Y Pte. Roca",2,1,0,0,1,0,0,,"Ruta",11,"CORONDA","San Jerónimo","Asfalto,Hormigón","Natural","XV","Dentro","Urbana","Otra Señal","No existe","Intersección","Bueno","S/D","S/D","S/D","S/D","S/D","Colisión","S/D","Horizontal,Vertical","Cordón divisorio,Línea divisoria pintada","S/D"
2017,10312,10/8/2017,"Domingo",0,10:25:00,,"0.0",2,"Peatón,Moto/Ciclomotor","Av. De Las Palmeras 3485",2,1,0,0,1,0,0,,"Avenida",,"ROSARIO","Rosario","Asfalto","S/D","II","Dentro","Urbana","Ninguna","S/D","Recta","Bueno","S/D","Diurna","S/D","S/D","Peatón","Atropello","S/D","S/D","Ninguna","Sin restricción"
2017,10313,8/20/2017,"Domingo",0,,,"0.0",2,"Moto/Ciclomotor,Automóvil","Pedro P Ceci Y Echeverria",2,1,0,0,1,0,0,,"Calle",,"GÁLVEZ","San Jerónimo","S/D","No existe","XV","Dentro","Urbana","S/D","S/D","Intersección","S/D","S/D","S/D","S/D","S/D","S/D","Colisión","S/D","S/D","S/D","S/D"
2017,10314,8/29/2017,"Martes",0,11:55:00,"Autopista Provincial Brigadier E.López","0.0",1,"Pickup/Utilitario"," ",2,1,0,0,1,0,0,,"Autopista","Brigadier E.López","SANTA FE","La Capital","S/D","S/D","I","S/D","Rural","S/D","S/D","Recta","S/D","S/D","Diurna","S/D","S/D","S/D","Vuelco","S/D","S/D","S/D","S/D"
2017,10315,10/12/2017,"Jueves",0,,,"0.0",1,"Automóvil","SAN ISIDRO Y 25 DE MAYO",1,1,0,0,0,0,0,,"Calle",,"SAN FABIÁN","San Jerónimo","S/D","No existe","XV","Dentro","Urbana","S/D","S/D","Recta","S/D","S/D","S/D","S/D","Contra objeto fijo","S/D","Colisión","S/D","S/D","S/D","S/D"
2017,10316,10/13/2017,"Viernes",0,12:05:00,,"0.0",2,"Pickup/Utilitario,Bicicleta","Suipacha Y Calle 1211",2,1,0,0,1,0,0,"-32.982861111111,-60.674444444444","Calle",,"ROSARIO","Rosario","Asfalto","No existe","II","Dentro","Urbana","S/D","No existe","Intersección","S/D","S/D","Diurna","S/D","S/D","Ciclista","Atropello","S/D","Faltante","Ninguna","S/D"
2017,10317,10/8/2017,"Domingo",0,10:00:00,,"0.0",2,"Automóvil,Automóvil","Hipolito Yrigoyen Y Maipu",2,1,0,0,1,0,0,,"Calle",,"CASILDA","Caseros","Asfalto","No existe","IV","Dentro","Urbana","S/D","No existe","Intersección","Bueno","S/D","S/D","S/D","Lateral","S/D","Colisión","Ninguna","S/D","Ninguna","S/D"
2017,10318,8/25/2017,"Viernes",0,,"Ruta Provincial 10","0.0",2,"Moto/Ciclomotor,Automóvil","Bvard 20 de Junio Y Saavedra",3,2,0,0,1,0,0,,"Ruta",10,"GÁLVEZ","San Jerónimo","Asfalto","No existe","XV","S/D","Urbana","S/D","S/D","Intersección","S/D","S/D","S/D","S/D","S/D","S/D","Colisión","S/D","S/D","Cordón divisorio,Vegetación","S/D"
2017,10319,8/26/2017,"Sabado",0,12:20:00,,"0.0",2,"Automóvil,Automóvil","Bv. Segui Y Mitre",3,1,0,0,2,0,0,,"Calle",,"ROSARIO","Rosario","Asfalto","No existe","II","S/D","Urbana","S/D","No existe","Intersección","S/D","S/D","Diurna","S/D","S/D","S/D","Colisión","S/D","Faltante","Cordón divisorio,Vegetación","S/D"
2017,10320,8/26/2017,"Sabado",0,,,"0.0",2,"Automóvil,Automóvil","Bv. Oroño Y Av. Dante Alighieri",4,2,0,0,2,0,0,,"Avenida",,"ROSARIO","Rosario","Asfalto","No existe","II","S/D","Urbana","S/D","No existe","Intersección","S/D","S/D","S/D","S/D","S/D","S/D","Colisión","S/D","Faltante","Línea divisoria pintada","S/D"
2017,10321,8/27/2017,"Domingo",0,11:00:00,,"0.0",2,"Moto/Ciclomotor,Pickup/Utilitario","Av. Pellegrini Y Bv. Oroño",2,1,0,0,1,0,0,,"Avenida",,"ROSARIO","Rosario","Asfalto","No existe","II","S/D","Urbana","Semáforo","S/D","Intersección","S/D","S/D","Diurna","S/D","S/D","S/D","Colisión","S/D","Horizontal,Vertical","Cordón divisorio","S/D"
2017,10322,8/27/2017,"Domingo",0,,,"0.0",1,"Automóvil"," ",5,5,0,0,0,0,0,,"S/D",,"CAFFERATA","General López","S/D","S/D","VIII","S/D","Rural","S/D","S/D","S/D","S/D","S/D","S/D","S/D","S/D","S/D","Vuelco","S/D","S/D","S/D","S/D"
2017,10323,8/28/2017,"Lunes",0,,,"0.0",2,"Automóvil,Moto/Ciclomotor","Simon de Iriondo Y Domingo Faustino Sarmiento",2,1,0,0,1,0,0,,"Calle",,"HUGHES","General López","S/D","No existe","VIII","S/D","Urbana","S/D","S/D","S/D","S/D","S/D","S/D","S/D","S/D","S/D","Colisión","S/D","S/D","S/D","S/D"
2017,10324,8/28/2017,"Lunes",0,15:00:00,,"0.0",2,"Moto/Ciclomotor,Automóvil","Av Roque Saenz Peña Y Juan B Justo",3,2,0,0,1,0,0,,"Avenida",,"SAN GENARO","San Jerónimo","Asfalto","No existe","XV","S/D","Urbana","S/D","S/D","Intersección","S/D","S/D","Diurna","S/D","S/D","S/D","Colisión","S/D","S/D","Ninguna","S/D"
2017,10325,8/30/2017,"Miercoles",0,,,"0.0",2,"Moto/Ciclomotor,Automóvil"," ",2,1,0,0,1,0,0,,"S/D",,"CASILDA","Caseros","S/D","S/D","IV","S/D","S/D","S/D","S/D","S/D","S/D","S/D","S/D","S/D","S/D","S/D","Colisión","S/D","S/D","S/D","S/D"
2017,10326,12/15/2017,"Viernes",1,,,"0.0",2,"Moto/Ciclomotor,Moto/Ciclomotor","Barcelona Y N Providenti",3,1,2,0,0,0,0,"-31.249333333333,-61.460222222222","Avenida",,"RAFAELA","Castellanos","S/D","S/D","V","S/D","Urbana","S/D","S/D","Intersección","S/D","S/D","S/D","S/D","Lateral","S/D","Colisión","S/D","S/D","S/D","S/D"
2017,10327,12/16/2017,"Sabado",1,17:40:00,,"0.0",2,"Peatón,Automóvil","Bv. Segui 4200",2,1,0,0,1,0,0,"-32.971472222222,-60.688722222222","Calle",,"ROSARIO","Rosario","S/D","S/D","II","S/D","Urbana","S/D","S/D","Recta","S/D","S/D","S/D","S/D","S/D","Peatón","Atropello","S/D","S/D","S/D","S/D"
2017,10328,12/16/2017,"Sabado",0,,,"0.0",2,"Moto/Ciclomotor,Pickup/Utilitario"," ",2,1,0,0,0,0,1,,"S/D",,"CASILDA","Caseros","S/D","S/D","IV","S/D","S/D","S/D","S/D","S/D","S/D","S/D","S/D","S/D","S/D","S/D","Colisión","S/D","S/D","S/D","S/D"
2017,10329,12/16/2017,"Sabado",0,20:40:00,,"0.0",1,"Bicicleta"," ",1,0,1,0,0,0,0,,"S/D",,"CASILDA","Caseros","S/D","S/D","IV","S/D","S/D","S/D","S/D","Recta","S/D","S/D","Nocturna","S/D","S/D","S/D","Caída ocupante","S/D","S/D","S/D","S/D"
2017,10330,12/16/2017,"Sabado",0,,,"0.0",2,"Moto/Ciclomotor,Moto/Ciclomotor","Maestro Cossettini Y A Terragni",3,1,2,0,0,0,0,"-31.268416666667,-61.503833333333","Calle",,"RAFAELA","Castellanos","S/D","S/D","V","S/D","Urbana","S/D","S/D","Intersección","S/D","S/D","S/D","S/D","Lateral","S/D","Colisión","S/D","S/D","S/D","S/D"
2017,10331,12/16/2017,"Sabado",0,,,"0.0",2,"Moto/Ciclomotor,Pickup/Utilitario","Tucuman Y Bv Jaime Ferre",3,0,1,0,2,0,0,"-31.239972222222,-61.481694444444","Calle",,"RAFAELA","Castellanos","S/D","S/D","V","S/D","Urbana","S/D","S/D","Intersección","S/D","S/D","S/D","S/D","Lateral","S/D","Colisión","S/D","S/D","S/D","S/D"
2017,10332,12/16/2017,"Sabado",0,,,"0.0",2,"Moto/Ciclomotor,Camión"," ",2,1,0,0,1,0,0,,"S/D",,"FIRMAT","General López","S/D","S/D","VIII","S/D","Urbana","S/D","S/D","S/D","S/D","S/D","S/D","S/D","S/D","S/D","S/D","S/D","S/D","S/D","S/D"
2017,10333,12/16/2017,"Sabado",0,,,"0.0",2,"Pickup/Utilitario,Moto/Ciclomotor"," ",2,1,0,0,1,0,0,,"S/D",,"CAÑADA DE GÓMEZ","Iriondo","S/D","S/D","X","S/D","S/D","S/D","S/D","S/D","S/D","S/D","S/D","S/D","S/D","S/D","Colisión","S/D","S/D","S/D","S/D"
2017,10334,12/16/2017,"Sabado",0,,,"0.0",2,"Bicicleta,Moto/Ciclomotor"," ",2,1,0,0,1,0,0,,"S/D",,"GÁLVEZ","San Jerónimo","S/D","S/D","XV","S/D","S/D","S/D","S/D","S/D","S/D","S/D","S/D","S/D","S/D","Ciclista","Atropello","S/D","S/D","S/D","S/D"
2017,10335,12/16/2017,"Sabado",0,,,"0.0",2,"Moto/Ciclomotor,Pickup/Utilitario","Moreno Y Lavalle",3,2,0,0,1,0,0,"-32.052305555556,-61.605861111111","Calle",,"CAÑADA ROSQUÍN","San Martín","S/D","S/D","XVIII","S/D","Urbana","S/D","S/D","Intersección","S/D","S/D","S/D","S/D","Lateral","S/D","Colisión","S/D","S/D","S/D","S/D"
2017,10336,12/18/2017,"Lunes",0,15:00:00,,"0.0",2,"Automóvil,Automóvil"," ",3,1,0,0,2,0,0,,"S/D",,"ROSARIO","Rosario","S/D","S/D","II","S/D","S/D","S/D","S/D","S/D","S/D","S/D","S/D","S/D","S/D","S/D","Colisión","S/D","S/D","S/D","S/D"
2017,10337,12/18/2017,"Lunes",0,,"Ruta Nacional 33","713.0",2,"Automóvil,Moto/Ciclomotor","Ruta Nac N 33 Y A Posadas",3,2,0,0,1,0,0,"-33.240441, -61.355360","Ruta",33,"CHABAS","Caseros","Asfalto","S/D","IV","S/D","S/D","S/D","S/D","Intersección","S/D","S/D","S/D","S/D","Lateral","S/D","Colisión","S/D","S/D","S/D","S/D"
2017,10338,12/18/2017,"Lunes",0,9:20:00,,"0.0",2,"Automóvil,Bicicleta"," ",2,1,0,0,1,0,0,,"S/D",,"CHABAS","Caseros","S/D","S/D","IV","S/D","S/D","S/D","S/D","S/D","S/D","S/D","S/D","S/D","S/D","S/D","Colisión","S/D","S/D","S/D","S/D"
2017,10339,12/19/2017,"Martes",0,22:05:00,,"0.0",2,"Automóvil,Moto/Ciclomotor"," ",2,1,0,0,1,0,0,,"S/D",,"CASILDA","Caseros","S/D","S/D","IV","S/D","S/D","S/D","S/D","S/D","S/D","S/D","S/D","S/D","S/D","S/D","Colisión","S/D","S/D","S/D","S/D"
2017,10340,12/19/2017,"Martes",0,,,"0.0",2,"Bicicleta,Moto/Ciclomotor"," ",3,3,0,0,0,0,0,,"S/D",,"LEHMANN","Castellanos","S/D","S/D","V","S/D","S/D","S/D","S/D","Intersección","S/D","S/D","S/D","S/D","S/D","Ciclista","Atropello","S/D","S/D","S/D","S/D"
2017,10341,10/13/2017,"Viernes",0,,,"0.0",1,"Moto/Ciclomotor"," ",1,1,0,0,0,0,0,,"Calle",,"ROSARIO","Rosario","S/D","S/D","II","Dentro","Urbana","S/D","S/D","S/D","S/D","S/D","S/D","S/D","S/D","S/D","Caída ocupante","S/D","S/D","S/D","S/D"
2017,10342,10/14/2017,"Sabado",0,22:00:00,,"0.0",1,"Moto/Ciclomotor"," ",1,1,0,0,0,0,0,,"Calle",,"SAN JOSÉ DE LA ESQUINA","Caseros","S/D","S/D","IV","Dentro","Urbana","S/D","S/D","Recta","S/D","S/D","Nocturna","S/D","S/D","S/D","Despiste","S/D","S/D","S/D","S/D"
2017,10343,8/31/2017,"Jueves",0,,,"0.0",2,"Pickup/Utilitario,Moto/Ciclomotor","Ruta Nac 8 Y Lopez",2,1,0,0,1,0,0,,"Calle",,"VENADO TUERTO","General López","Asfalto","Natural","VIII","Dentro","Urbana","Semáforo","Funciona","Recta","Bueno","S/D","S/D","S/D","S/D","S/D","Colisión","S/D","Horizontal,Vertical","Cordón divisorio,Vegetación,Línea divisoria pintada","S/D"
2017,10344,10/14/2017,"Sabado",0,,,"0.0",2,"Automóvil,Automóvil"," ",3,1,0,0,2,0,0,,"S/D",,"ESPERANZA","Las Colonias","S/D","S/D","XI","S/D","S/D","S/D","S/D","S/D","S/D","S/D","S/D","S/D","S/D","S/D","Colisión","S/D","S/D","S/D","S/D"
2017,10345,8/30/2017,"Miercoles",0,14:40:00,,"0.0",2,"Pickup/Utilitario,Moto/Ciclomotor"," ",2,0,1,0,1,0,0,,"Calle",,"CASILDA","Caseros","S/D","S/D","IV","Dentro","Urbana","S/D","S/D","Recta","S/D","S/D","Diurna","S/D","S/D","S/D","Colisión","S/D","S/D","S/D","S/D"
2017,10346,10/15/2017,"Domingo",0,,,"0.0",2,"Moto/Ciclomotor,Pickup/Utilitario","Uruguay Y Alsina",2,1,0,0,1,0,0,"-32.969916666667,-60.684083333333","Calle",,"ROSARIO","Rosario","Asfalto","No existe","II","Dentro","Urbana","S/D","No existe","Intersección","S/D","S/D","S/D","S/D","Frontal","S/D","Colisión","S/D","Faltante","Ninguna","S/D"
2017,10347,8/30/2017,"Miercoles",0,17:45:00,,"0.0",1,"Automóvil"," ",1,1,0,0,0,0,0,,"Calle",,"CASILDA","Caseros","S/D","S/D","IV","Dentro","Urbana","S/D","S/D","S/D","S/D","S/D","S/D","S/D","Contra objeto fijo","S/D","Colisión","S/D","S/D","S/D","S/D"
2017,10348,10/15/2017,"Domingo",0,,,"0.0",2,"Automóvil,Pickup/Utilitario"," ",2,2,0,0,0,0,0,,"S/D",,"SAN CARLOS NORTE","Las Colonias","S/D","S/D","XI","S/D","S/D","S/D","S/D","S/D","S/D","S/D","S/D","S/D","S/D","S/D","Colisión","S/D","S/D","S/D","S/D"
2017,10349,10/15/2017,"Domingo",0,,,"0.0",2,"Moto/Ciclomotor,Moto/Ciclomotor"," ",2,1,0,0,1,0,0,,"S/D",,"ESPERANZA","Las Colonias","S/D","S/D","XI","S/D","S/D","S/D","S/D","S/D","S/D","S/D","S/D","S/D","Frontal","S/D","Colisión","S/D","S/D","S/D","S/D"
2017,10350,10/8/2017,"Domingo",0,10:25:00,,"0.0",2,"Moto/Ciclomotor,Moto/Ciclomotor","Av Las Palmeras ",2,0,0,0,1,1,0,"-32.978073, -60.735648","Avenida",,"PEREZ","Rosario","Asfalto","No existe","II","Dentro","Urbana","S/D","No existe","Recta","Deteriorada","S/D","Diurna","S/D","S/D","S/D","Colisión","S/D","Faltante","S/D","S/D"
2017,10351,10/15/2017,"Domingo",0,,,"0.0",1,"Moto/Ciclomotor","Juan B Justo Y Moreno",2,2,0,0,0,0,0,,"Calle",,"SAN GENARO","San Jerónimo","Asfalto","No existe","XV","Dentro","Urbana","S/D","S/D","Intersección","S/D","S/D","S/D","S/D","S/D","S/D","Caída ocupante","S/D","S/D","Ninguna","S/D"
2017,10352,10/16/2017,"Lunes",0,,,"0.0",1,"Automóvil","Av Galicia 1800",1,1,0,0,0,0,0,"-31.606861111111,-60.68475","Calle",,"SANTA FE","La Capital","Asfalto","No existe","I","Dentro","Urbana","S/D","No existe","Curva","S/D","S/D","S/D","S/D","Contra objeto fijo","S/D","Colisión","S/D","Faltante","Cordón divisorio","S/D"
2017,10353,10/8/2017,"Domingo",0,11:05:00,,"0.0",2,"Moto/Ciclomotor,Automóvil","Boulevard Villada Y General Bartolome Mitre",2,1,0,0,1,0,0,,"Calle",,"CASILDA","Caseros","Hormigón","No existe","IV","Dentro","Urbana","S/D","No existe","Intersección","Bueno","S/D","Diurna","S/D","S/D","S/D","Colisión","S/D","Faltante","Cordón divisorio,Vegetación","S/D"
2017,10354,10/16/2017,"Lunes",0,,,"0.0",2,"Moto/Ciclomotor,Moto/Ciclomotor"," ",2,2,0,0,0,0,0,,"S/D",,"ESPERANZA","Las Colonias","S/D","S/D","XI","S/D","S/D","S/D","S/D","S/D","S/D","S/D","S/D","S/D","S/D","S/D","Colisión","S/D","S/D","S/D","S/D"
2017,10355,10/16/2017,"Lunes",0,,,"0.0",2,"Moto/Ciclomotor,Peatón"," ",2,1,0,0,1,0,0,,"S/D",,"ESPERANZA","Las Colonias","S/D","S/D","XI","S/D","S/D","S/D","S/D","S/D","S/D","S/D","S/D","S/D","S/D","Peatón","Atropello","S/D","S/D","S/D","S/D"
2017,10356,10/8/2017,"Domingo",0,,,"0.0",2,"Automóvil,Moto/Ciclomotor"," ",2,1,0,0,1,0,0,,"S/D",,"FRANCK","Las Colonias","S/D","S/D","XI","S/D","S/D","S/D","S/D","S/D","S/D","S/D","S/D","S/D","S/D","S/D","Colisión","S/D","S/D","S/D","S/D"
2017,10357,10/16/2017,"Lunes",0,,,"0.0",2,"Bicicleta,Automóvil","Hipolito Irigoyen ",2,1,0,0,1,0,0,,"Calle",,"SAN JORGE","San Martín","S/D","No existe","XVIII","Dentro","Urbana","S/D","S/D","Intersección","S/D","S/D","S/D","S/D","S/D","Ciclista","Atropello","S/D","S/D","S/D","S/D"
2017,10358,10/8/2017,"Domingo",0,3:15:00,,"0.0",1,"Moto/Ciclomotor","Jose de San Martin 1100",2,1,0,0,1,0,0,,"Calle",,"CORONDA","San Jerónimo","Hormigón","No existe","XV","Dentro","Urbana","Ninguna","No existe","Recta","Deteriorada","S/D","Nocturna","S/D","Contra objeto fijo","S/D","Colisión","S/D","Faltante","Ninguna","S/D"
2017,10359,10/17/2017,"Martes",0,16:30:00,,"0.0",2,"Automóvil,Moto/Ciclomotor","Junin 200",2,1,0,0,1,0,0,,"Calle",,"ROSARIO","Rosario","Asfalto","No existe","II","Dentro","Urbana","Semáforo","Funciona","Intersección","S/D","S/D","Diurna","S/D","Frontal","S/D","Colisión","S/D","Horizontal,Vertical","Cordón divisorio","S/D"
2017,10360,11/15/2017,"Miercoles",0,14:30:00,"Autopista Nacional Rosario -Cordoba","348.0",2,"Automóvil,Camión"," ",2,0,0,0,1,1,0,"-32.8684345,-61.2543021","Autopista","Rosario -Cordoba","CORREA","Iriondo","S/D","S/D","X","S/D","S/D","S/D","S/D","S/D","S/D","S/D","Diurna","S/D","S/D","S/D","Colisión","S/D","S/D","S/D","S/D"
2017,10361,8/13/2017,"Domingo",0,21:10:00,,"0.0",2,"Peatón,Moto/Ciclomotor"," ",2,1,0,0,1,0,0,,"Calle",,"LAS TOSCAS","General Obligado","Asfalto","S/D","IX","Dentro","Urbana","Ninguna","S/D","Intersección","Bueno","Buena","Nocturna","Buen Tiempo","S/D","Peatón","Atropello","Ninguna","S/D","Ninguna","S/D"
2017,10362,10/9/2017,"Lunes",0,,,"0.0",2,"Automóvil,Moto/Ciclomotor","Av. Circunvalacion Y Av. Pte.Peron",5,4,0,0,1,0,0,,"Avenida",,"ROSARIO","Rosario","Asfalto","Natural","II","Dentro","Urbana","Semáforo","Funciona","Intersección","Bueno","S/D","S/D","S/D","S/D","S/D","Colisión","S/D","Horizontal,Vertical","Guardarrail,Línea divisoria pintada","S/D"
2017,10363,10/17/2017,"Martes",0,15:30:00,,"0.0",2,"Automóvil,Moto/Ciclomotor","Bv. Wilde Y Av. J.Bernhein",3,2,0,0,1,0,0,"-32.935833333333,-60.738666666667","Calle",,"ROSARIO","Rosario","Asfalto","No existe","II","Dentro","Urbana","S/D","No existe","Intersección","S/D","S/D","Diurna","S/D","S/D","S/D","Colisión","S/D","Faltante","Cordón divisorio","S/D"
2017,10364,8/13/2017,"Domingo",0,0:30:00,"Ruta Nacional 11","0.0",2,"Moto/Ciclomotor,Automóvil"," ",2,2,0,0,0,0,0,,"Ruta",11,"LAS TOSCAS","General Obligado","S/D","S/D","IX","Dentro","S/D","S/D","S/D","Recta","S/D","Buena","Nocturna","S/D","S/D","S/D","Colisión","S/D","S/D","S/D","S/D"
2017,10365,11/11/2017,"Sabado",0,1:00:00,,"0.0",2,"Taxi/Remis,Moto/Ciclomotor","Bv. Avellaneda Y Ituzaingo",4,2,0,0,0,2,0,"-32.953361111111,-60.682861111111","Calle",,"ROSARIO","Rosario","Asfalto","No existe","II","Dentro","Urbana","Ninguna","No existe","Intersección","Bueno","Buena","Nocturna,Con luz artificial","Buen Tiempo","S/D","S/D","Colisión","Ninguna","S/D","Cordón divisorio,S/D","Sin restricción"
2017,10366,10/17/2017,"Martes",0,7:00:00,,"0.0",2,"Peatón,Automóvil","Bv. Segui Y Camilo Aldao",3,2,0,0,1,0,0,"-32.970555555556,-60.694805555556","Calle",,"ROSARIO","Rosario","Asfalto","No existe","II","Dentro","Urbana","S/D","No existe","Intersección","S/D","S/D","Amanecer","S/D","S/D","Peatón","Atropello","S/D","Faltante","Cordón divisorio","S/D"
2017,10367,10/17/2017,"Martes",0,16:15:00,"Ruta Provincial 14","0.0",3,"Automóvil,Automóvil,Automóvil"," ",11,4,0,0,7,0,0,,"Ruta",14,"BIGAND","Caseros","Asfalto","S/D","IV","Dentro","Rural","Semáforo","Funciona","Recta","S/D","S/D","Diurna","S/D","Múltiple","S/D","Colisión","S/D","Vertical","S/D","Sin restricción"
2017,10368,10/9/2017,"Lunes",0,,,"0.0",2,"Automóvil,Automóvil","Boulevard Villada 2000",4,3,0,0,1,0,0,,"Avenida",,"CASILDA","Caseros","Hormigón","No existe","IV","Dentro","Urbana","Ninguna","No existe","Intersección","Bueno","S/D","S/D","S/D","S/D","S/D","Colisión","S/D","Faltante","Cordón divisorio,Vegetación","S/D"
2017,10369,8/13/2017,"Domingo",0,5:30:00,,"0.0",2,"Automóvil,Automóvil"," ",3,3,0,0,0,0,0,,"Calle",,"CASILDA","Caseros","S/D","S/D","IV","Dentro","Urbana","S/D","S/D","S/D","S/D","S/D","Nocturna","S/D","S/D","S/D","Colisión","S/D","S/D","S/D","S/D"
2017,10370,10/9/2017,"Lunes",0,,,"0.0",2,"Moto/Ciclomotor,Automóvil"," ",2,0,1,0,1,0,0,,"S/D",,"SUNCHALES","Castellanos","S/D","S/D","V","S/D","S/D","S/D","S/D","S/D","S/D","S/D","S/D","S/D","S/D","S/D","Colisión","S/D","S/D","S/D","S/D"
2017,10371,10/1/2017,"Domingo",0,8:30:00,,"0.0",2,"Automóvil,Automóvil","Av. Jorge Newbery 8900",3,3,0,0,0,0,0,,"Avenida",,"ROSARIO","Rosario","Asfalto","No existe","II","S/D","Urbana","S/D","No existe","Recta","S/D","S/D","Diurna","S/D","S/D","S/D","Colisión","S/D","S/D","S/D","S/D"
2017,10372,10/21/2017,"Sabado",0,,,"0.0",2,"Automóvil,Moto/Ciclomotor"," ",2,1,0,0,1,0,0,,"Calle",,"SAN CARLOS CENTRO","Las Colonias","S/D","S/D","XI","Dentro","Urbana","S/D","S/D","S/D","S/D","S/D","S/D","S/D","S/D","S/D","Colisión","S/D","S/D","S/D","S/D"
2017,10373,10/17/2017,"Martes",0,,,"0.0",2,"Bicicleta,Moto/Ciclomotor"," ",2,1,0,0,1,0,0,,"S/D",,"LAS TUNAS","Las Colonias","S/D","S/D","XI","S/D","S/D","S/D","S/D","S/D","S/D","S/D","S/D","S/D","S/D","Ciclista","Atropello","S/D","S/D","S/D","S/D"
2017,10374,10/21/2017,"Sabado",0,,"Ruta Provincial 92","0.0",1,"Moto/Ciclomotor"," ",1,1,0,0,0,0,0,,"Ruta",92,"AREQUITO","Caseros","S/D","S/D","IV","Dentro","Urbana","S/D","S/D","Recta","S/D","S/D","S/D","S/D","S/D","S/D","Caída ocupante","S/D","S/D","S/D","S/D"
2017,10375,10/17/2017,"Martes",0,,,"0.0",1,"Moto/Ciclomotor"," ",1,0,1,0,0,0,0,,"S/D",,"BARRANCAS","San Jerónimo","S/D","S/D","XV","S/D","S/D","S/D","S/D","Recta","S/D","S/D","S/D","S/D","S/D","S/D","Caída ocupante","S/D","S/D","S/D","S/D"
2017,10376,11/19/2017,"Domingo",0,21:00:00,"Ruta Provincial 94","0.0",2,"Automóvil,Moto/Ciclomotor","Calle 42 ",3,0,1,0,1,1,0,"-34.01455, -61.61122","Ruta",94,"VILLA CAÑAS","General López","Asfalto","S/D","VIII","S/D","Urbana","S/D","S/D","S/D","S/D","S/D","Nocturna","S/D","S/D","S/D","Colisión","S/D","S/D","S/D","S/D"
2017,10377,10/22/2017,"Domingo",0,,,"0.0",2,"Moto/Ciclomotor,Transporte de Pasajeros Urbano (> 8 asientos)","Bv. 27 De Febrero Y Necochea",2,1,0,0,1,0,0,,"Avenida",,"ROSARIO","Rosario","Asfalto","No existe","II","Dentro","Urbana","Ninguna","Funciona","Intersección","Bueno","Buena","S/D","Buen Tiempo","Lateral","S/D","Colisión","Ninguna","Vertical","Ninguna","Sin restricción"
2017,10378,10/10/2017,"Martes",0,16:20:00,,"0.0",2,"Automóvil,Moto/Ciclomotor","Agrelo Y Washington",2,1,0,0,1,0,0,,"Calle",,"ROSARIO","Rosario","Hormigón","No existe","II","Dentro","Urbana","Ninguna","No existe","Intersección","Bueno","S/D","Diurna","S/D","S/D","S/D","Colisión","S/D","Faltante","Ninguna","S/D"
2017,10379,10/1/2017,"Domingo",0,12:50:00,,"0.0",2,"Automóvil,Moto/Ciclomotor","Servando Bayo Y Montevideo",2,1,0,0,1,0,0,,"Calle",,"ROSARIO","Rosario","Asfalto","No existe","II","S/D","Urbana","S/D","S/D","Intersección","S/D","S/D","Diurna","S/D","S/D","S/D","Colisión","S/D","S/D","Ninguna","S/D"
2017,10380,10/22/2017,"Domingo",0,20:50:00,,"0.0",2,"Moto/Ciclomotor,Taxi/Remis","Av. Provincias Unidas Y Viamonte",3,2,0,0,1,0,0,,"Avenida",,"ROSARIO","Rosario","Asfalto","No existe","II","Dentro","Urbana","Ninguna","No existe","Intersección","Bueno","Buena","Nocturna","Buen Tiempo","Lateral","S/D","Colisión","Ninguna","Faltante","Cordón divisorio","Sin restricción"