"anio_acci","nro_acci","fecha","desc_dia","fecha_aprox","hora_aprox","desc_ruta","km","cant_participantes","desc_participante","calle_avenida_km","total","heridos_leves","heridos_graves","heridos_gravisimos","ilesos","fallecidos","sin_datos","posicion_XY","desc_tipo_via","desc_ruta_ori","desc_loc","desc_dpto","desc_tipo_calzada","desc_tipo_banquina","desc_unidad_regional","desc_lugar_calzada","desc_zona","desc_prioridad","desc_estado_semaforo","desc_lugar_via","desc_estado_via","desc_estado_visibilidad","desc_luminosidad","desc_estado_clima","desc_tipo_colision","desc_tipo_atropello","desc_tipo_hecho","desc_pres_calzada","desc_senializacion","desc_separacion_via","desc_restriccion"
2017,10381,10/10/2017,"Martes",0,,,"0.0",1,"Automóvil"," ",4,1,0,0,3,0,0,,"Calle",,"TARTAGAL","Vera","S/D","S/D","XIX","Dentro","Urbana","S/D","S/D","Recta","Resbaladiza","S/D","S/D","S/D","Contra objeto fijo","S/D","Colisión","Agua","S/D","S/D","S/D"
2017,10382,8/13/2017,"Domingo",0,,"Ruta Secundaria 40-s","0.0",2,"Moto/Ciclomotor,Moto/Ciclomotor","CALLE 68 ",2,2,0,0,0,0,0,,"Ruta","40-s","RECONQUISTA","General Obligado","Asfalto","S/D","IX","Dentro","Urbana","S/D","S/D","Intersección","Bueno","S/D","S/D","S/D","Lateral","S/D","Colisión","S/D","S/D","S/D","S/D"
2017,10383,10/17/2017,"Martes",0,,,"0.0",3,"Automóvil,Automóvil,Peatón","Pueyrredon Y Rivadavia",7,6,0,0,1,0,0,,"Calle",,"ROSARIO","Rosario","Asfalto","No existe","II","Dentro","Urbana","Semáforo","Funciona","Intersección","S/D","S/D","S/D","S/D","S/D","Peatón","Atropello","S/D","Vertical","Ninguna","S/D"
2017,10384,10/22/2017,"Domingo",0,22:55:00,,"0.0",2,"Moto/Ciclomotor,Automóvil","Av. Sorrento ",2,1,0,0,1,0,0,,"Avenida",,"ROSARIO","Rosario","Asfalto","No existe","II","Dentro","Urbana","Ninguna","S/D","Intersección","Bueno","Buena","Nocturna","Buen Tiempo","Lateral","S/D","Colisión","Ninguna","S/D","Ninguna","Sin restricción"
2017,10385,10/1/2017,"Domingo",0,,,"0.0",2,"Automóvil,Moto/Ciclomotor","Cno San Roque Y L N Alem",2,1,0,0,1,0,0,,"Calle",,"SAN JUSTO","San Justo","S/D","No existe","XVI","S/D","Urbana","S/D","S/D","Intersección","S/D","S/D","S/D","S/D","S/D","S/D","Colisión","S/D","S/D","S/D","S/D"
2017,10386,10/22/2017,"Domingo",0,2:00:00,,"0.0",2,"Taxi/Remis,Moto/Ciclomotor","Ecuador Y Pje. Volta",3,1,0,0,2,0,0,,"Calle",,"ROSARIO","Rosario","Asfalto","S/D","II","Dentro","Urbana","Ninguna","S/D","Intersección","Bueno","S/D","Nocturna","S/D","Lateral","S/D","Colisión","Ninguna","Faltante","Ninguna","S/D"
2017,10387,10/20/2017,"Viernes",0,,,"0.0",2,"Automóvil,Moto/Ciclomotor","San Martin Y 25 de Mayo",2,1,0,0,1,0,0,,"Calle",,"CALCHAQUÍ","Vera","S/D","No existe","XIX","Dentro","Urbana","S/D","S/D","Intersección","S/D","S/D","S/D","S/D","S/D","S/D","Colisión","S/D","S/D","Ninguna","S/D"
2017,10388,10/11/2017,"Miercoles",0,12:30:00,,"0.0",2,"Automóvil,Moto/Ciclomotor","Boulevard Lisandro de la Torre 1800",2,1,0,0,1,0,0,,"Avenida",,"CASILDA","Caseros","Hormigón","No existe","IV","Dentro","Urbana","Paso Peatonal","No existe","Intersección","Bueno","S/D","Diurna","S/D","S/D","S/D","Colisión","S/D","Horizontal","Cordón divisorio,Vegetación","S/D"
2017,10389,10/2/2017,"Lunes",0,,"Ruta Provincial 21","0.0",2,"Peatón,Automóvil","Av Juan Domingo Peron Y Av Gral San Martin",2,1,0,0,1,0,0,,"Ruta",21,"VILLA GOBERNADOR GÁLVEZ","Rosario","Asfalto","No existe","II","S/D","Urbana","Semáforo","S/D","Intersección","S/D","S/D","S/D","S/D","S/D","Peatón","Atropello","S/D","Vertical","Cordón divisorio","S/D"
2017,10390,10/20/2017,"Viernes",0,,,"0.0",1,"Automóvil"," ",4,4,0,0,0,0,0,,"S/D",,"CULULÚ","Las Colonias","Asfalto","Pavimento","XI","S/D","Rural","S/D","S/D","Recta","S/D","Reducida","S/D","Lluvia","S/D","S/D","Despiste","Agua","S/D","S/D","S/D"
2017,10391,8/13/2017,"Domingo",0,13:00:00,,"0.0",2,"Pickup/Utilitario,Moto/Ciclomotor"," ",2,1,0,0,1,0,0,,"S/D",,"GÁLVEZ","San Jerónimo","S/D","S/D","XV","S/D","S/D","S/D","S/D","S/D","S/D","S/D","Diurna","S/D","S/D","S/D","Colisión","S/D","S/D","S/D","S/D"
2017,10392,10/11/2017,"Miercoles",0,18:30:00,,"0.0",2,"Moto/Ciclomotor,Automóvil","Boulevard Lisandro de la Torre Y Mariano Moreno",2,1,0,0,1,0,0,,"Calle",,"CASILDA","Caseros","Hormigón","No existe","IV","Dentro","Urbana","Ninguna","No existe","Intersección","Bueno","S/D","Diurna","S/D","S/D","S/D","Colisión","S/D","Faltante","Cordón divisorio,Vegetación","S/D"
2017,10393,10/21/2017,"Sabado",0,,"Ruta Nacional 9","0.0",2,"Automóvil,Bicicleta","Av. Circunvalacion Y Av. Pte.Peron",2,1,0,0,1,0,0,,"Ruta",9,"ROSARIO","Rosario","Asfalto","Pavimento","II","Dentro","Urbana","Semáforo","Funciona","Intersección","S/D","S/D","S/D","S/D","S/D","Ciclista","Atropello","S/D","Vertical","Cordón divisorio","S/D"
2017,10394,10/3/2017,"Martes",0,11:00:00,,"0.0",2,"Pickup/Utilitario,Moto/Ciclomotor","España Y Falucho",3,2,0,0,1,0,0,,"Calle",,"GÁLVEZ","San Jerónimo","Asfalto","No existe","XV","S/D","Urbana","S/D","S/D","Intersección","S/D","S/D","Diurna","S/D","S/D","S/D","Colisión","S/D","S/D","S/D","S/D"
2017,10395,10/21/2017,"Sabado",0,13:30:00,"Ruta Nacional 11","0.0",2,"Moto/Ciclomotor,Camión"," ",3,0,1,0,2,0,0,,"Ruta",11,"TIMBÚES","San Lorenzo","Asfalto","S/D","XVII","Dentro","Rural","S/D","No existe","Recta","S/D","S/D","Diurna","S/D","S/D","S/D","Colisión","S/D","Faltante","S/D","S/D"
2017,10396,10/3/2017,"Martes",0,14:50:00,"Ruta Nacional 11","0.0",1,"Moto/Ciclomotor"," ",1,1,0,0,0,0,0,,"Ruta",11,"CALCHAQUÍ","Vera","S/D","S/D","XIX","S/D","S/D","S/D","S/D","Recta","S/D","S/D","Diurna","S/D","S/D","S/D","Caída ocupante","S/D","S/D","S/D","S/D"
2017,10397,8/13/2017,"Domingo",0,15:00:00,,"0.0",2,"Automóvil,Pickup/Utilitario"," ",3,1,0,0,2,0,0,,"Calle",,"MONJE","San Jerónimo","S/D","S/D","XV","Dentro","Urbana","S/D","S/D","S/D","S/D","S/D","Diurna","S/D","S/D","S/D","Colisión","S/D","S/D","S/D","S/D"
2017,10398,10/6/2017,"Viernes",0,,,"0.0",2,"Pickup/Utilitario,Moto/Ciclomotor","Boulevard Villada Y Arenales",2,1,0,0,1,0,0,,"Calle",,"CASILDA","Caseros","S/D","No existe","IV","S/D","Urbana","S/D","S/D","Intersección","S/D","S/D","S/D","S/D","S/D","S/D","Colisión","S/D","S/D","S/D","S/D"
2017,10399,8/13/2017,"Domingo",0,22:30:00,,"0.0",2,"Moto/Ciclomotor,Pickup/Utilitario"," ",2,1,0,0,1,0,0,,"S/D",,"GÁLVEZ","San Jerónimo","S/D","S/D","XV","S/D","Urbana","S/D","S/D","S/D","S/D","S/D","S/D","S/D","S/D","S/D","Colisión","S/D","S/D","S/D","S/D"
2017,10400,10/11/2017,"Miercoles",0,20:35:00,,"0.0",2,"Automóvil,Moto/Ciclomotor","Calle 68-Armada Argentina Y Calle 45-47 Paraguay",2,1,0,0,1,0,0,,"Calle",,"RECONQUISTA","General Obligado","S/D","No existe","IX","Dentro","Urbana","S/D","S/D","Intersección","S/D","S/D","Nocturna","S/D","S/D","S/D","Colisión","S/D","S/D","S/D","S/D"
2017,10401,9/18/2017,"Lunes",0,8:00:00,,"0.0",2,"Automóvil,Automóvil","Calle 33-Pueyrredon Y Calle 26 - Bolivar",5,2,0,0,3,0,0,,"Calle",,"RECONQUISTA","General Obligado","Asfalto","No existe","IX","Dentro","Urbana","S/D","No existe","Intersección","S/D","S/D","Diurna","S/D","Frontal","S/D","Colisión","S/D","Faltante","Ninguna","S/D"
2017,10402,10/11/2017,"Miercoles",0,,,"0.0",2,"Automóvil,Moto/Ciclomotor"," ",2,1,0,0,1,0,0,,"S/D",,"ESPERANZA","Las Colonias","S/D","S/D","XI","S/D","S/D","S/D","S/D","S/D","S/D","S/D","S/D","S/D","S/D","S/D","Colisión","S/D","S/D","S/D","S/D"
2017,10403,10/7/2017,"Sabado",0,13:55:00,"Ruta Nacional 11","0.0",2,"Automóvil,Moto/Ciclomotor","Ruta Nacional 11 Y Calle 44-27 de Abril",2,1,0,0,1,0,0,,"Ruta",11,"RECONQUISTA","General Obligado","Asfalto","Natural","IX","S/D","Rural","S/D","No existe","Recta","S/D","S/D","Diurna","S/D","S/D","S/D","Colisión","S/D","Faltante","Línea divisoria pintada","S/D"
2017,10404,8/13/2017,"Domingo",0,6:00:00,,"0.0",2,"Automóvil,Moto/Ciclomotor"," ",2,1,0,0,1,0,0,,"Calle",,"CORONDA","San Jerónimo","S/D","S/D","XV","Dentro","Urbana","S/D","S/D","S/D","S/D","S/D","Amanecer","S/D","S/D","S/D","Colisión","S/D","S/D","S/D","S/D"
2017,10405,10/22/2017,"Domingo",0,,,"0.0",1,"Moto/Ciclomotor"," ",1,1,0,0,0,0,0,,"Calle",,"CASILDA","Caseros","Asfalto","S/D","IV","Dentro","Urbana","S/D","S/D","Recta","S/D","S/D","S/D","S/D","S/D","S/D","Caída ocupante","S/D","S/D","S/D","S/D"
2017,10406,10/7/2017,"Sabado",0,,,"0.0",2,"Automóvil,Moto/Ciclomotor"," ",2,1,0,0,1,0,0,,"S/D",,"ESPERANZA","Las Colonias","S/D","S/D","XI","S/D","S/D","S/D","S/D","S/D","S/D","S/D","S/D","S/D","S/D","S/D","S/D","S/D","S/D","S/D","S/D"
2017,10407,10/22/2017,"Domingo",0,,,"0.0",2,"Moto/Ciclomotor,Moto/Ciclomotor","Lainez Y Guemes Gral",2,0,1,0,1,0,0,,"Calle",,"SUNCHALES","Castellanos","Asfalto","S/D","V","Dentro","Urbana","Ninguna","No existe","Intersección","Bueno","Buena","S/D","Buen Tiempo","Lateral","S/D","Colisión","Ninguna","Faltante","Ninguna","S/D"
2017,10408,10/22/2017,"Domingo",0,,,"0.0",2,"Automóvil,Moto/Ciclomotor","Calle 5 Y San Francisco de Asis-Calle 66",2,0,1,0,1,0,0,,"Calle",,"FRONTERA","Castellanos","Asfalto","No existe","V","Dentro","Urbana","Ninguna","No existe","Intersección","Bueno","S/D","S/D","Buen Tiempo","Lateral","S/D","Colisión","Ninguna","Faltante","Ninguna","S/D"
2017,10409,10/7/2017,"Sabado",0,,,"0.0",1,"Otros"," ",1,1,0,0,0,0,0,,"S/D",,"ESPERANZA","Las Colonias","S/D","S/D","XI","S/D","S/D","S/D","S/D","S/D","S/D","S/D","S/D","S/D","S/D","S/D","S/D","S/D","S/D","S/D","S/D"
2017,10410,10/22/2017,"Domingo",0,6:30:00,"Ruta Nacional 11","0.0",1,"Moto/Ciclomotor","Bv Oroño Y Islas Malvinas",1,1,0,0,0,0,0,,"Ruta",11,"SAN LORENZO","San Lorenzo","Asfalto","No existe","XVII","Dentro","Urbana","Ninguna","No existe","Paso a Nivel FFCC","Bueno","Buena","Amanecer","Buen Tiempo","S/D","S/D","Caída ocupante","S/D","Faltante","Ninguna","Sin restricción"
2017,10411,10/7/2017,"Sabado",0,,"Autopista Provincial Brigadier E.López","140.0",2,"Peatón,Automóvil"," ",3,1,0,0,2,0,0,,"Autopista","Brigadier E.López","CORONDA","San Jerónimo","S/D","S/D","XV","S/D","S/D","S/D","S/D","Recta","S/D","S/D","S/D","S/D","S/D","S/D","Atropello","S/D","S/D","S/D","Accidente Previo"
2017,10412,10/7/2017,"Sabado",0,,"Ruta Provincial 10","0.0",2,"Bicicleta,Automóvil","Bvard 20 de Junio Y Rivadavia",2,1,0,0,1,0,0,,"Ruta",10,"GÁLVEZ","San Jerónimo","Asfalto","No existe","XV","S/D","Urbana","S/D","S/D","Intersección","S/D","S/D","S/D","S/D","S/D","Ciclista","Atropello","S/D","S/D","Cordón divisorio,Vegetación","S/D"
2017,10413,10/11/2017,"Miercoles",0,21:00:00,,"0.0",2,"Moto/Ciclomotor,Otros","Avda 9 de Julio Y D Velez Sarsfield",2,1,0,0,1,0,0,,"Calle",,"GÁLVEZ","San Jerónimo","S/D","No existe","XV","S/D","Urbana","S/D","S/D","Intersección","S/D","S/D","Nocturna","S/D","De alcance","S/D","Colisión","S/D","S/D","S/D","S/D"
2017,10414,10/11/2017,"Miercoles",0,,"Ruta Nacional 11","716.0",1,"Camión"," ",1,1,0,0,0,0,0,,"Ruta",11,"VERA","Vera","S/D","S/D","XIX","S/D","Rural","S/D","S/D","Recta","S/D","S/D","S/D","S/D","S/D","S/D","Vuelco","S/D","S/D","S/D","S/D"
2017,10415,10/12/2017,"Jueves",0,,,"0.0",2,"Moto/Ciclomotor,Automóvil","Rio De Janeiro Y San Lorenzo",2,1,0,0,1,0,0,,"Calle",,"ROSARIO","Rosario","Asfalto","No existe","II","S/D","Urbana","S/D","No existe","Intersección","S/D","S/D","S/D","S/D","S/D","S/D","Colisión","S/D","Faltante","Ninguna","S/D"
2017,10416,8/14/2017,"Lunes",0,,"Ruta Nacional 168","0.0",1,"Automóvil"," ",1,1,0,0,0,0,0,,"Ruta",168,"COLASTINE","La Capital","S/D","S/D","I","S/D","Rural","S/D","S/D","Recta","S/D","S/D","S/D","S/D","Contra objeto fijo","S/D","Colisión,Incendio","S/D","S/D","S/D","S/D"
2017,10417,8/14/2017,"Lunes",0,16:45:00,,"0.0",2,"Moto/Ciclomotor,Pickup/Utilitario","L N Alem Y 9 de Julio",4,2,1,0,1,0,0,,"Calle",,"ARTEAGA","Caseros","S/D","No existe","IV","S/D","Urbana","S/D","S/D","Intersección","S/D","S/D","Diurna","S/D","S/D","S/D","Colisión","S/D","S/D","S/D","S/D"
2017,10418,8/14/2017,"Lunes",0,,,"0.0",1,"Moto/Ciclomotor"," ",1,1,0,0,0,0,0,,"S/D",,"AMENABAR","General López","S/D","S/D","VIII","S/D","S/D","S/D","S/D","S/D","S/D","S/D","S/D","S/D","S/D","S/D","Caída ocupante","S/D","S/D","S/D","S/D"
2017,10419,8/14/2017,"Lunes",0,,,"0.0",2,"Moto/Ciclomotor,Moto/Ciclomotor","General Paz Y Alberdi",4,3,0,0,1,0,0,,"Calle",,"BARRANCAS","San Jerónimo","S/D","No existe","XV","S/D","Urbana","S/D","S/D","Intersección","S/D","S/D","S/D","S/D","S/D","S/D","Colisión","S/D","S/D","S/D","S/D"
2017,10420,8/15/2017,"Martes",0,,,"0.0",2,"Automóvil,Moto/Ciclomotor"," ",3,2,0,0,1,0,0,,"S/D",,"CASILDA","Caseros","S/D","S/D","IV","S/D","S/D","S/D","S/D","S/D","S/D","S/D","S/D","S/D","S/D","S/D","Colisión","S/D","S/D","S/D","S/D"
2017,10421,12/19/2017,"Martes",0,,"Ruta Secundaria 280-s","27.5",2,"Moto/Ciclomotor,Automóvil"," ",3,2,0,0,1,0,0,"-30.96691, -61.79543","Ruta","280-s","COLONIA ALDAO","Castellanos","Asfalto","S/D","V","S/D","Rural","S/D","S/D","Recta","S/D","S/D","S/D","S/D","S/D","S/D","Colisión","S/D","S/D","S/D","S/D"
2017,10423,12/20/2017,"Miercoles",0,,,"0.0",2,"Moto/Ciclomotor,Automóvil","Buenos Aires Y General Jose de San Martin",2,1,0,0,0,0,1,"-33.046583333333,-61.170166666667","Calle",,"CASILDA","Caseros","S/D","S/D","IV","S/D","Urbana","S/D","S/D","Intersección","S/D","S/D","S/D","S/D","Lateral","S/D","Colisión","S/D","S/D","S/D","S/D"
2017,10424,12/20/2017,"Miercoles",0,,,"0.0",2,"Automóvil,Moto/Ciclomotor","Boulevard Villada ",2,1,0,0,1,0,0,,"Calle",,"CASILDA","Caseros","S/D","S/D","IV","Dentro","Urbana","S/D","S/D","Recta","S/D","S/D","S/D","S/D","Lateral","S/D","Colisión","S/D","S/D","S/D","S/D"
2017,10425,12/20/2017,"Miercoles",0,,,"0.0",2,"Moto/Ciclomotor,Pickup/Utilitario"," ",2,0,1,0,1,0,0,,"S/D",,"AMENABAR","General López","S/D","S/D","VIII","S/D","S/D","S/D","S/D","S/D","S/D","S/D","S/D","S/D","S/D","S/D","Colisión","S/D","S/D","S/D","S/D"
2017,10426,12/20/2017,"Miercoles",1,,"Ruta Nacional 11","110.2",2,"Automóvil,Moto/Ciclomotor","Av L de la Torre-Ruta Nac 11 Y Vera",2,0,1,0,1,0,0,"-31.955777777778,-60.927083333333","Ruta",11,"CORONDA","San Jerónimo","S/D","S/D","XV","S/D","S/D","S/D","S/D","Intersección","S/D","S/D","S/D","S/D","Lateral","S/D","Colisión","S/D","S/D","S/D","S/D"
2017,10427,12/21/2017,"Jueves",0,14:00:00,,"0.0",2,"Transporte de Pasajeros Urbano (> 8 asientos),Transporte de Pasajeros Urbano (> 8 asientos)","Av. Genova ",20,18,0,0,2,0,0,"-32.915111111111,-60.682888888889","Avenida",,"ROSARIO","Rosario","S/D","S/D","II","Dentro","Urbana","S/D","S/D","Recta","S/D","S/D","S/D","S/D","S/D","S/D","Colisión","S/D","S/D","S/D","S/D"
2017,10428,12/21/2017,"Jueves",0,19:25:00,,"0.0",2,"Peatón,Moto/Ciclomotor","Alsina Y Rueda",2,1,0,0,1,0,0,"-32.964194444444,-60.682638888889","Calle",,"ROSARIO","Rosario","S/D","S/D","II","S/D","Urbana","S/D","S/D","Intersección","S/D","S/D","Atardecer","S/D","S/D","Peatón","Atropello","S/D","S/D","S/D","S/D"
2017,10429,12/20/2017,"Miercoles",0,20:55:00,,"0.0",3,"Moto/Ciclomotor,Bicicleta,Bicicleta","Pringles ",3,2,1,0,0,0,0,"-32.84292, -61.38993","Avenida",,"CAÑADA DE GÓMEZ","Iriondo","S/D","S/D","X","S/D","Rural","S/D","S/D","Curva","S/D","S/D","Nocturna","S/D","S/D","Ciclista","Atropello","S/D","S/D","S/D","S/D"
2017,10430,12/20/2017,"Miercoles",0,,,"0.0",2,"Automóvil,Moto/Ciclomotor","Cordoba Y Mexico",3,1,0,0,2,0,0,"-32.037333333333,-61.233083333333","Calle",,"GÁLVEZ","San Jerónimo","S/D","S/D","XV","S/D","Urbana","S/D","S/D","Intersección","S/D","S/D","S/D","S/D","S/D","S/D","Colisión","S/D","S/D","S/D","S/D"
2017,10432,12/21/2017,"Jueves",0,,,"0.0",2,"Automóvil,Moto/Ciclomotor","H Irigoyen Y Sarmiento",2,1,0,0,1,0,0,"-31.979666666667,-60.917277777778","Calle",,"CORONDA","San Jerónimo","S/D","S/D","XV","S/D","Urbana","S/D","S/D","S/D","S/D","S/D","S/D","S/D","S/D","S/D","Colisión","S/D","S/D","S/D","S/D"
2017,10433,11/1/2017,"Miercoles",0,20:30:00,,"0.0",2,"Automóvil,Moto/Ciclomotor","Herrera Y Machain",3,1,0,0,2,0,0,,"Calle",,"ROSARIO","Rosario","Asfalto","No existe","II","Dentro","Urbana","Ninguna","No existe","Intersección","Deteriorada","S/D","Nocturna","S/D","S/D","S/D","Colisión","S/D","Faltante","Ninguna","S/D"
2017,10434,11/1/2017,"Miercoles",0,10:20:00,,"0.0",2,"Automóvil,Peatón","Cordoba Y Italia",2,1,0,0,1,0,0,,"Calle",,"ROSARIO","Rosario","Asfalto","No existe","II","Dentro","Urbana","Paso Peatonal","No existe","Intersección","Bueno","S/D","Diurna","S/D","S/D","Peatón","Atropello","S/D","Horizontal","Ninguna","S/D"
2017,10435,9/18/2017,"Lunes",0,16:03:00,,"0.0",2,"Automóvil,Moto/Ciclomotor","Martin de Pueyrredon Y Gral Manuel Belgrano",2,1,0,0,1,0,0,"-33.743138888889,-61.969027777778","Calle",,"VENADO TUERTO","General López","Asfalto","No existe","VIII","Dentro","Urbana","S/D","No existe","Intersección","S/D","S/D","Diurna","S/D","S/D","S/D","Colisión","S/D","Faltante","Ninguna","S/D"
2017,10436,9/18/2017,"Lunes",0,15:06:00,,"0.0",2,"Moto/Ciclomotor,Moto/Ciclomotor","Entre Rios Y Catamarca",2,2,0,0,0,0,0,"-33.740611111111,-61.955194444444","Calle",,"VENADO TUERTO","General López","Asfalto","No existe","VIII","Dentro","Urbana","S/D","No existe","Intersección","S/D","S/D","Diurna","S/D","S/D","S/D","Colisión","S/D","Faltante","Ninguna","S/D"
2017,10437,11/1/2017,"Miercoles",0,10:00:00,,"0.0",2,"Automóvil,Moto/Ciclomotor","1 de Mayo Y San Juan",2,1,0,0,1,0,0,,"Calle",,"ROSARIO","Rosario","Asfalto","No existe","II","Dentro","Urbana","Paso Peatonal","No existe","Intersección","Bueno","S/D","Diurna","S/D","S/D","S/D","Colisión","S/D","Horizontal","Ninguna","S/D"
2017,10438,9/18/2017,"Lunes",0,13:50:00,,"0.0",1,"Moto/Ciclomotor","Chaco 2600",1,1,0,0,0,0,0,"-33.721944444444,-61.964916666667","Calle",,"VENADO TUERTO","General López","S/D","No existe","VIII","Dentro","Urbana","S/D","S/D","Recta","S/D","S/D","Diurna","S/D","S/D","S/D","Caída ocupante","S/D","S/D","Ninguna","S/D"
2017,10439,11/1/2017,"Miercoles",0,23:55:00,,"0.0",2,"Automóvil,Bicicleta","Perez Bulnes Y Ecuador",2,1,0,0,1,0,0,,"Calle",,"ROSARIO","Rosario","Asfalto","No existe","II","Dentro","Urbana","Ninguna","No existe","Recta","Deteriorada","S/D","Nocturna","S/D","S/D","Ciclista","Atropello","S/D","Faltante","Ninguna","S/D"
2017,10440,9/18/2017,"Lunes",0,21:50:00,,"0.0",2,"Moto/Ciclomotor,Automóvil","Santa Fe Y Manuel Vicente Manzano",2,1,0,0,1,0,0,"-33.722055555556,-61.974361111111","Calle",,"VENADO TUERTO","General López","Asfalto","No existe","VIII","Dentro","Urbana","Marca Vial","No existe","Intersección","S/D","S/D","Nocturna","S/D","S/D","S/D","Colisión","S/D","Horizontal","S/D","S/D"
2017,10441,11/1/2017,"Miercoles",0,,,"0.0",2,"Moto/Ciclomotor,Camión"," ",2,1,0,0,1,0,0,,"Calle",,"CASILDA","Caseros","S/D","S/D","IV","Dentro","Urbana","S/D","S/D","S/D","S/D","S/D","S/D","S/D","S/D","S/D","Colisión","S/D","S/D","S/D","S/D"
2017,10442,9/16/2017,"Sabado",0,23:31:00,,"0.0",2,"Automóvil,Automóvil","Velez Sarsfield Y Italia",2,1,0,0,1,0,0,"-33.73325,-61.968166666667","Calle",,"VENADO TUERTO","General López","Tierra","No existe","VIII","Dentro","Urbana","S/D","No existe","Intersección","S/D","S/D","Nocturna","S/D","S/D","S/D","Colisión","S/D","S/D","Ninguna","S/D"
2017,10443,10/23/2017,"Lunes",0,,"Ruta Nacional 9","0.0",2,"Automóvil,Pickup/Utilitario","Laprida ",2,2,0,0,0,0,0,,"Ruta",9,"CAÑADA DE GÓMEZ","Iriondo","Asfalto","No existe","X","Dentro","Urbana","S/D","Funciona","Intersección","Bueno","S/D","S/D","S/D","S/D","S/D","Colisión","Ninguna","Faltante","Ninguna","S/D"
2017,10444,11/1/2017,"Miercoles",0,,,"0.0",2,"Transporte Escolar,Automóvil","Mendoza Y Mejico",8,6,0,0,2,0,0,,"Calle",,"ROSARIO","Rosario","Asfalto","No existe","II","Dentro","Urbana","Paso Peatonal","No existe","Recta","Bueno","S/D","S/D","S/D","S/D","S/D","Colisión","S/D","Horizontal","Ninguna","S/D"
2017,10445,8/15/2017,"Martes",0,,"Autopista Provincial Brigadier E.López","65.0",2,"Automóvil,Camión"," ",4,3,0,0,1,0,0,,"Autopista","Brigadier E.López","MONJE","San Jerónimo","Asfalto","S/D","XV","Dentro","Urbana","Ninguna","S/D","Recta","Bueno","S/D","S/D","Buen Tiempo","De alcance","S/D","Colisión","Ninguna","S/D","Ninguna","S/D"
2017,10446,10/24/2017,"Martes",0,,,"0.0",2,"Otros,Moto/Ciclomotor"," ",2,2,0,0,0,0,0,,"S/D",,"ESPERANZA","Las Colonias","S/D","S/D","XI","S/D","S/D","S/D","S/D","S/D","S/D","S/D","S/D","S/D","S/D","S/D","Colisión","S/D","S/D","S/D","S/D"
2017,10447,9/17/2017,"Domingo",0,15:45:00,,"0.0",2,"Automóvil,Moto/Ciclomotor"," ",4,3,0,0,1,0,0,,"Calle",,"CAÑADA DE GÓMEZ","Iriondo","S/D","No existe","X","Dentro","Urbana","S/D","S/D","Intersección","S/D","S/D","S/D","S/D","S/D","S/D","Colisión","S/D","S/D","Ninguna","S/D"
2017,10448,10/24/2017,"Martes",0,,"Ruta Provincial 17","0.0",1,"Automóvil"," ",2,2,0,0,0,0,0,,"Ruta",17,"TOSTADO","9 de Julio","S/D","S/D","XII","S/D","S/D","S/D","S/D","Recta","S/D","S/D","S/D","S/D","S/D","S/D","Vuelco","S/D","S/D","S/D","S/D"
2017,10449,10/24/2017,"Martes",0,,,"0.0",2,"Automóvil,Moto/Ciclomotor","9 DE JULIO  Y JUAN CHAVARRI",2,1,0,0,1,0,0,,"Calle",,"SAN GENARO","San Jerónimo","Asfalto","No existe","XV","Dentro","Urbana","Ninguna","No existe","Intersección","Bueno","S/D","S/D","S/D","S/D","S/D","Colisión","Ninguna","Faltante","Ninguna","Sin restricción"
2017,10450,8/15/2017,"Martes",0,12:20:00,,"0.0",1,"Camión"," ",1,1,0,0,0,0,0,,"S/D",,"SAN LORENZO","San Lorenzo","S/D","S/D","XVII","Fuera","Rural","S/D","S/D","Recta","S/D","S/D","Diurna","S/D","S/D","S/D","Vuelco","S/D","S/D","Ninguna","S/D"
2017,10451,10/24/2017,"Martes",0,16:25:00,"Ruta Nacional 11","0.0",2,"Moto/Ciclomotor,Automóvil","Av San Lorenzo Y Tucuman",3,2,0,0,1,0,0,,"Ruta",11,"CAPITÁN BERMÚDEZ","San Lorenzo","Asfalto","Pavimento","XVII","Dentro","Urbana","Ninguna","No existe","Intersección","Bueno","S/D","Diurna","S/D","S/D","S/D","Colisión","Ninguna","Faltante","Ninguna","Sin restricción"
2017,10452,11/1/2017,"Miercoles",0,9:50:00,,"0.0",2,"Moto/Ciclomotor,Automóvil","Campbell ",2,1,0,0,1,0,0,,"Calle",,"ROSARIO","Rosario","S/D","S/D","II","Dentro","Urbana","S/D","S/D","Recta","S/D","S/D","S/D","S/D","S/D","S/D","Colisión","S/D","S/D","S/D","S/D"
2017,10453,9/20/2017,"Miercoles",0,23:55:00,"Ruta Nacional 33","615.0",2,"Camión c / Acoplado,Automóvil"," ",2,1,0,0,1,0,0,,"Ruta",33,"VENADO TUERTO","General López","Asfalto","Natural","VIII","Dentro","Rural","S/D","S/D","Recta","S/D","S/D","Nocturna","S/D","S/D","S/D","Colisión","S/D","S/D","S/D","S/D"
2017,10454,11/3/2017,"Viernes",0,,,"0.0",2,"Moto/Ciclomotor,Camión"," ",4,2,1,0,1,0,0,,"S/D",,"VENADO TUERTO","General López","S/D","S/D","VIII","S/D","S/D","S/D","S/D","S/D","S/D","S/D","S/D","S/D","S/D","S/D","Colisión","S/D","S/D","S/D","S/D"
2017,10455,10/25/2017,"Miercoles",0,,,"0.0",2,"Moto/Ciclomotor,Moto/Ciclomotor","Mariano Moreno Y Rafael Arrieta",3,2,0,0,1,0,0,,"Calle",,"ROSARIO","Rosario","Asfalto","No existe","II","Dentro","Urbana","Ninguna","No existe","Intersección","Bueno","S/D","S/D","S/D","S/D","S/D","Colisión","Ninguna","Faltante","Ninguna","Sin restricción"
2017,10456,11/3/2017,"Viernes",0,,,"0.0",2,"Moto/Ciclomotor,Pickup/Utilitario"," ",2,1,0,0,1,0,0,,"S/D",,"PILAR","Las Colonias","S/D","S/D","XI","S/D","S/D","S/D","S/D","S/D","S/D","S/D","S/D","S/D","S/D","S/D","Colisión","S/D","S/D","S/D","S/D"
2017,10457,11/3/2017,"Viernes",0,,,"0.0",2,"Automóvil,Moto/Ciclomotor"," ",2,1,0,0,1,0,0,,"S/D",,"ESPERANZA","Las Colonias","S/D","S/D","XI","S/D","S/D","S/D","S/D","S/D","S/D","S/D","S/D","S/D","S/D","S/D","Colisión","S/D","S/D","S/D","S/D"