"anio_acci","nro_acci","fecha","desc_dia","fecha_aprox","hora_aprox","desc_ruta","km","cant_participantes","desc_participante","calle_avenida_km","total","heridos_leves","heridos_graves","heridos_gravisimos","ilesos","fallecidos","sin_datos","posicion_XY","desc_tipo_via","desc_ruta_ori","desc_loc","desc_dpto","desc_tipo_calzada","desc_tipo_banquina","desc_unidad_regional","desc_lugar_calzada","desc_zona","desc_prioridad","desc_estado_semaforo","desc_lugar_via","desc_estado_via","desc_estado_visibilidad","desc_luminosidad","desc_estado_clima","desc_tipo_colision","desc_tipo_atropello","desc_tipo_hecho","desc_pres_calzada","desc_senializacion","desc_separacion_via","desc_restriccion"
2017,10458,9/21/2017,"Jueves",0,,"Ruta Nacional 11","0.0",2,"Automóvil,Pickup/Utilitario"," ",4,1,0,0,3,0,0,,"Ruta",11,"LLAMBI CAMPBELL","La Capital","Asfalto","S/D","I","Dentro","Rural","S/D","S/D","Recta","S/D","S/D","Nocturna","S/D","De alcance","S/D","Colisión","S/D","S/D","S/D","S/D"
2017,10459,10/25/2017,"Miercoles",0,4:15:00,,"0.0",2,"Tren,Camión c / Semirremolque","Bv B Mitre ",3,1,0,0,2,0,0,,"Calle",,"SAN LORENZO","San Lorenzo","Asfalto","No existe","XVII","Dentro","Urbana","Ninguna","No existe","Paso a Nivel FFCC","Bueno","S/D","Nocturna","S/D","S/D","S/D","Colisión","Ninguna","Faltante","Ninguna","Sin restricción"
2017,10460,10/23/2017,"Lunes",0,,,"0.0",2,"Automóvil,Moto/Ciclomotor"," ",2,1,0,0,1,0,0,,"Calle",,"ROSARIO","Rosario","S/D","S/D","II","Dentro","Urbana","S/D","S/D","S/D","S/D","S/D","S/D","S/D","S/D","S/D","Colisión","S/D","S/D","S/D","S/D"
2017,10461,8/15/2017,"Martes",0,,,"0.0",2,"Camión,Moto/Ciclomotor","Av San Martin Y Av San Martin",3,0,0,0,2,1,0,"-32.747805555556,-60.734111111111","S/D",,"SAN LORENZO","San Lorenzo","S/D","S/D","XVII","S/D","S/D","S/D","S/D","S/D","S/D","S/D","S/D","S/D","S/D","S/D","Colisión","S/D","S/D","Ninguna","S/D"
2017,10462,11/3/2017,"Viernes",0,9:45:00,"Ruta Provincial Brigadier E.López","60.0",1,"Automóvil"," ",2,1,0,0,1,0,0,,"Ruta","Brigadier E.López","MONJE","San Jerónimo","Asfalto","Natural","XV","Dentro","Rural","Ninguna","No existe","Recta","Bueno","S/D","Diurna","S/D","S/D","S/D","Despiste","S/D","Horizontal","Línea divisoria pintada","S/D"
2017,10463,9/21/2017,"Jueves",0,23:50:00,,"0.0",2,"Pickup/Utilitario,Automóvil","San Martin Y Almte. Brown",3,1,0,0,2,0,0,,"Calle",,"CAÑADA DE GÓMEZ","Iriondo","Asfalto","No existe","VIII","Dentro","Rural","S/D","No existe","Intersección","S/D","S/D","Nocturna","S/D","S/D","S/D","Colisión","S/D","Faltante","Ninguna","S/D"
2017,10464,8/12/2017,"Sabado",0,7:35:00,,"0.0",2,"Moto/Ciclomotor,Moto/Ciclomotor","Calle 68-Armada Argentina ",2,0,0,0,0,0,2,,"S/D",,"RECONQUISTA","General Obligado","S/D","S/D","IX","S/D","S/D","S/D","S/D","S/D","S/D","S/D","S/D","S/D","S/D","S/D","S/D","S/D","S/D","S/D","S/D"
2017,10465,9/22/2017,"Viernes",0,,,"0.0",2,"Automóvil,Vehículo Oficial","Av. Sorrento Y Casiano Casas",3,1,0,0,2,0,0,,"Avenida",,"ROSARIO","Rosario","Asfalto","No existe","II","Dentro","Urbana","S/D","Funciona","Intersección","S/D","S/D","S/D","S/D","S/D","S/D","Colisión","S/D","Horizontal,Vertical","Cordón divisorio","S/D"
2017,10466,11/1/2017,"Miercoles",0,18:00:00,,"0.0",1,"Vehículo Oficial","Av Republica ",2,2,0,0,0,0,0,,"Avenida",,"GÁLVEZ","San Jerónimo","S/D","No existe","XV","Dentro","Urbana","S/D","S/D","Recta","S/D","S/D","S/D","S/D","S/D","S/D","Vuelco","S/D","S/D","S/D","S/D"
2017,10467,9/22/2017,"Viernes",0,,,"0.0",1,"Automóvil","Bv. Oroño Y Salta",4,4,0,0,0,0,0,,"Calle",,"ROSARIO","Rosario","Asfalto","No existe","II","Dentro","Urbana","S/D","Funciona","Intersección","S/D","S/D","S/D","S/D","Contra objeto fijo","S/D","Colisión","S/D","Horizontal,Vertical","Cordón divisorio","S/D"
2017,10468,10/26/2017,"Jueves",0,,,"0.0",2,"Bicicleta,Automóvil","Pasco Y 1 de Mayo",2,1,0,0,1,0,0,,"Calle",,"ROSARIO","Rosario","Asfalto","No existe","II","S/D","Urbana","S/D","No existe","Intersección","S/D","S/D","S/D","S/D","S/D","Ciclista","Atropello","S/D","Faltante","Ninguna","S/D"
2017,10469,10/23/2017,"Lunes",0,,,"0.0",2,"Automóvil,Moto/Ciclomotor"," ",3,2,0,0,1,0,0,,"Calle",,"ROSARIO","Rosario","S/D","S/D","II","Dentro","Urbana","S/D","S/D","S/D","S/D","S/D","S/D","S/D","S/D","S/D","Colisión","S/D","S/D","S/D","S/D"
2017,10470,9/24/2017,"Domingo",0,,,"0.0",2,"Moto/Ciclomotor,Automóvil","Luis F Leloir Y Tucuman",2,0,1,0,1,0,0,,"Calle",,"SUNCHALES","Castellanos","S/D","No existe","V","Dentro","Urbana","S/D","S/D","Intersección","S/D","S/D","S/D","S/D","S/D","S/D","Colisión","S/D","S/D","S/D","S/D"
2017,10471,10/26/2017,"Jueves",0,,,"0.0",2,"Automóvil,Moto/Ciclomotor","Bv. 27 De Febrero Y Ricchieri",3,2,0,0,1,0,0,,"Calle",,"ROSARIO","Rosario","Asfalto","No existe","II","S/D","Urbana","Semáforo","S/D","Intersección","S/D","S/D","S/D","S/D","S/D","S/D","Colisión","S/D","Horizontal,Vertical","Cordón divisorio","S/D"
2017,10472,8/12/2017,"Sabado",0,0:20:00,,"0.0",2,"Moto/Ciclomotor,Moto/Ciclomotor","9 de Julio Y San martin",2,0,0,0,0,0,2,,"S/D",,"FLORENCIA","General Obligado","S/D","S/D","IX","S/D","S/D","S/D","S/D","S/D","S/D","S/D","S/D","S/D","S/D","S/D","S/D","S/D","S/D","S/D","S/D"
2017,10473,8/12/2017,"Sabado",0,0:35:00,,"0.0",2,"Moto/Ciclomotor,Moto/Ciclomotor","CAMINO COMUNAL ",4,4,0,0,0,0,0,,"S/D",,"FLORENCIA","General Obligado","S/D","S/D","IX","S/D","S/D","S/D","S/D","S/D","S/D","S/D","S/D","S/D","S/D","S/D","S/D","S/D","S/D","S/D","S/D"
2017,10474,11/2/2017,"Jueves",0,17:41:00,"Ruta Nacional 11","196.0",1,"Camión c / Acoplado"," ",1,1,0,0,0,0,0,,"Ruta",11,"AVELLANEDA","General Obligado","Asfalto","Natural","IX","Dentro","Urbana","Ninguna","No existe","Recta","Bueno","S/D","Diurna","S/D","S/D","S/D","Despiste","S/D","Horizontal","Línea divisoria pintada","S/D"
2017,10476,8/11/2017,"Viernes",0,15:00:00,,"0.0",3,"Moto/Ciclomotor,Moto/Ciclomotor,Bicicleta","Calle 20-9 de Julio Y Calle 55-Mendoza",3,2,0,0,0,0,1,,"Calle",,"RECONQUISTA","General Obligado","S/D","S/D","IX","S/D","Urbana","S/D","S/D","S/D","S/D","S/D","S/D","S/D","S/D","Ciclista","Atropello","S/D","S/D","S/D","S/D"
2017,10477,9/25/2017,"Lunes",0,,,"0.0",2,"Automóvil,Moto/Ciclomotor","Quintana Y Bv. Balcarce",3,1,1,0,1,0,0,,"Avenida",,"CAÑADA DE GÓMEZ","Iriondo","Asfalto","No existe","X","Dentro","Urbana","S/D","No existe","Intersección","S/D","S/D","Diurna","S/D","S/D","S/D","Colisión","S/D","Faltante","Cordón divisorio","S/D"
2017,10478,10/26/2017,"Jueves",0,,"Ruta Nacional 11","0.0",2,"Pickup/Utilitario,Moto/Ciclomotor","Ruta Nacional 11 Y Calle 23-Gral lopez",2,1,0,0,1,0,0,,"Ruta",11,"RECONQUISTA","General Obligado","Asfalto","No existe","IX","S/D","Urbana","S/D","No existe","Intersección","S/D","S/D","S/D","S/D","S/D","S/D","Colisión","S/D","Faltante","Vegetación","S/D"
2017,10479,11/4/2017,"Sabado",0,21:20:00,,"0.0",1,"Moto/Ciclomotor","Santa Fe 180",1,1,0,0,0,0,0,,"Calle",,"OLIVEROS","Iriondo","Hormigón","No existe","X","Dentro","Urbana","Ninguna","No existe","Recta","Bueno","S/D","Nocturna","S/D","Contra objeto fijo","S/D","Colisión","S/D","Faltante","Ninguna","S/D"
2017,10480,10/26/2017,"Jueves",0,,,"0.0",2,"Moto/Ciclomotor,Automóvil"," ",2,1,0,0,1,0,0,,"Calle",,"ROSARIO","Rosario","S/D","No existe","II","S/D","Urbana","S/D","S/D","S/D","S/D","S/D","S/D","S/D","S/D","S/D","Colisión","S/D","S/D","S/D","S/D"
2017,10481,9/25/2017,"Lunes",0,,,"0.0",1,"Automóvil","Montes de Oca 1600",5,5,0,0,0,0,0,,"Calle",,"RAFAELA","Castellanos","Asfalto","No existe","V","Dentro","Urbana","Marca Vial","No existe","Recta","S/D","S/D","S/D","S/D","S/D","S/D","S/D","S/D","Horizontal","Ninguna","S/D"
2017,10482,11/4/2017,"Sabado",0,4:15:00,"Ruta Nacional 19","7.0",1,"Automóvil"," ",1,1,0,0,0,0,0,,"Ruta",19,"COLONIA SAN JOSÉ.","Las Colonias","Asfalto","Natural","XI","Dentro","Rural","S/D","No existe","Recta","Bueno","S/D","Nocturna","S/D","Contra objeto fijo","S/D","Colisión","S/D","Horizontal","Cordón divisorio,Línea divisoria pintada","S/D"
2017,10483,11/4/2017,"Sabado",0,16:30:00,,"0.0",2,"Moto/Ciclomotor,Automóvil"," ",3,2,0,0,1,0,0,,"S/D",,"ROSARIO","Rosario","S/D","S/D","II","S/D","Urbana","S/D","S/D","S/D","S/D","S/D","S/D","S/D","S/D","S/D","Colisión","S/D","S/D","S/D","S/D"
2017,10484,10/23/2017,"Lunes",0,,,"0.0",2,"Automóvil,Moto/Ciclomotor","Brown Y Rodriguez",2,1,0,0,1,0,0,,"Calle",,"ROSARIO","Rosario","Asfalto","No existe","II","Dentro","Urbana","Ninguna","No existe","Intersección","Bueno","S/D","S/D","S/D","Lateral","S/D","Colisión","S/D","Faltante","Ninguna","Sin restricción"
2017,10485,10/27/2017,"Viernes",0,19:45:00,,"0.0",2,"Automóvil,Moto/Ciclomotor","Cullen Y Av. Pellegrini",2,0,1,0,1,0,0,,"Avenida",,"ROSARIO","Rosario","Asfalto","No existe","II","S/D","Urbana","Semáforo","S/D","Intersección","S/D","S/D","S/D","S/D","S/D","S/D","Colisión","S/D","Horizontal,Vertical","Cordón divisorio","S/D"
2017,10486,11/6/2017,"Lunes",0,5:30:00,"Ruta Provincial 15","0.0",1,"Automóvil"," ",2,2,0,0,0,0,0,,"Ruta",15,"ARTEAGA","Caseros","S/D","S/D","IV","Dentro","Rural","S/D","S/D","S/D","S/D","S/D","S/D","S/D","S/D","S/D","Colisión","S/D","S/D","S/D","S/D"
2017,10487,9/23/2017,"Sabado",0,,,"0.0",2,"Moto/Ciclomotor,Automóvil","Ciudad de Esperanza Y Ramon y Cajal",2,0,1,0,1,0,0,,"Calle",,"RAFAELA","Castellanos","Asfalto","No existe","V","Dentro","Urbana","S/D","No existe","Intersección","S/D","S/D","Nocturna","S/D","S/D","S/D","Colisión","S/D","Faltante","Ninguna","S/D"
2017,10488,9/25/2017,"Lunes",0,,,"0.0",2,"Moto/Ciclomotor,Automóvil","Juan B Justo Y Antonio Podio",5,1,0,0,4,0,0,,"Calle",,"RAFAELA","Castellanos","Asfalto","No existe","V","Dentro","Urbana","S/D","No existe","Intersección","S/D","S/D","S/D","S/D","S/D","S/D","Colisión","S/D","Faltante","Cordón divisorio","S/D"
2017,10489,10/28/2017,"Sabado",0,,"Ruta Nacional 11","0.0",2,"Automóvil,Moto/Ciclomotor"," ",2,1,0,0,1,0,0,,"Ruta",11,"OLIVEROS","Iriondo","S/D","S/D","X","S/D","S/D","S/D","S/D","Recta","S/D","S/D","S/D","S/D","Lateral","S/D","Colisión","S/D","S/D","S/D","S/D"
2017,10490,9/25/2017,"Lunes",0,,,"0.0",2,"Moto/Ciclomotor,Automóvil","BRIGADIER ESTANISLAO LOPEZ Y ROMITELLI",2,1,0,0,1,0,0,,"Calle",,"RAFAELA","Castellanos","Ripio","No existe","V","Dentro","Urbana","S/D","No existe","Intersección","S/D","S/D","S/D","S/D","S/D","S/D","Colisión","S/D","Faltante","Ninguna","S/D"
2017,10491,10/23/2017,"Lunes",0,,,"0.0",3,"Taxi/Remis,Automóvil,Automóvil","Bv. Oroño 4500",4,1,0,0,3,0,0,,"Avenida",,"ROSARIO","Rosario","Asfalto","No existe","II","Dentro","Urbana","Semáforo","Funciona","Intersección","Bueno","Buena","Diurna","Buen Tiempo","Lateral","S/D","Colisión","S/D","Vertical","Cordón divisorio","Sin restricción"
2017,10492,10/26/2017,"Jueves",0,12:30:00,,"0.0",2,"Automóvil,Bicicleta","Alem Y 9 de Julio",2,1,0,0,1,0,0,,"Calle",,"BARRANCAS","San Jerónimo","S/D","No existe","XV","S/D","Urbana","S/D","S/D","Intersección","S/D","S/D","Diurna","S/D","S/D","Ciclista","Atropello","S/D","S/D","S/D","S/D"
2017,10493,10/28/2017,"Sabado",0,,"Ruta Secundaria 83-s","0.0",2,"Camión,Automóvil"," ",4,3,0,0,1,0,0,,"Ruta","83-s","MARGARITA","Vera","S/D","S/D","XIX","S/D","Rural","S/D","S/D","S/D","S/D","S/D","S/D","S/D","S/D","S/D","Colisión","S/D","S/D","S/D","S/D"
2017,10494,10/29/2017,"Domingo",0,22:50:00,,"0.0",2,"Automóvil,Moto/Ciclomotor","Cafferata Y Bv. Segui",6,1,0,0,5,0,0,,"Calle",,"ROSARIO","Rosario","Asfalto","No existe","II","S/D","Urbana","S/D","S/D","Intersección","S/D","S/D","Nocturna","S/D","S/D","S/D","Colisión","S/D","Horizontal,Vertical","Cordón divisorio","S/D"
2017,10495,11/19/2017,"Domingo",0,18:15:00,"Ruta Nacional 11","814.0",3,"Pickup/Utilitario,Automóvil,Automóvil"," ",4,0,0,0,2,2,0,"-28.967678, -59.579406","Ruta",11,"GUADALUPE NORTE","General Obligado","S/D","S/D","IX","S/D","S/D","S/D","S/D","S/D","S/D","S/D","Diurna","S/D","Múltiple","S/D","Colisión","S/D","S/D","S/D","S/D"
2017,10496,10/29/2017,"Domingo",0,,"Ruta Provincial 26","0.0",2,"Bicicleta,Automóvil","Boulevard Ovidio Lagos Y Dante Alighieri",2,1,0,0,1,0,0,,"Ruta",26,"CASILDA","Caseros","Asfalto","No existe","IV","S/D","Urbana","S/D","No existe","Intersección","S/D","S/D","S/D","S/D","S/D","Ciclista","Atropello","S/D","Faltante","Cordón divisorio,Vegetación","S/D"
2017,10497,10/29/2017,"Domingo",0,,"Ruta Nacional 8","0.0",2,"Vehículo Oficial,Moto/Ciclomotor"," ",2,2,0,0,0,0,0,,"Ruta",8,"VENADO TUERTO","General López","S/D","S/D","VIII","S/D","Rural","S/D","S/D","S/D","S/D","S/D","Nocturna","S/D","S/D","S/D","Colisión","S/D","S/D","S/D","S/D"
2017,10498,8/16/2017,"Miercoles",0,,"Ruta Nacional 11","784.0",4,"Automóvil,Moto/Ciclomotor,Moto/Ciclomotor,Moto/Ciclomotor"," ",4,3,0,0,1,0,0,,"Ruta",11,"RECONQUISTA","General Obligado","S/D","S/D","IX","Dentro","Rural","S/D","S/D","S/D","S/D","S/D","S/D","S/D","S/D","S/D","S/D","S/D","S/D","S/D","S/D"
2017,10499,10/29/2017,"Domingo",0,,,"0.0",1,"Moto/Ciclomotor","Sarmiento Y Mitre",1,1,0,0,0,0,0,,"Calle",,"CALCHAQUÍ","Vera","S/D","No existe","XIX","S/D","Urbana","S/D","S/D","Intersección","S/D","S/D","S/D","S/D","S/D","S/D","Caída ocupante","S/D","S/D","S/D","S/D"
2017,10500,8/16/2017,"Miercoles",0,7:00:00,,"0.0",2,"Moto/Ciclomotor,Automóvil","Calle 11-Alvear Y Calle 30-Lucas Funes",2,1,0,0,0,0,1,,"Calle",,"RECONQUISTA","General Obligado","S/D","S/D","IX","Dentro","Urbana","S/D","S/D","Intersección","S/D","S/D","S/D","S/D","S/D","S/D","S/D","S/D","S/D","S/D","S/D"
2017,10501,8/16/2017,"Miercoles",0,5:45:00,"Ruta Nacional 34","52.0",2,"Camión,Camión c / Acoplado"," ",2,1,0,0,0,0,1,,"Ruta",34,"TOTORAS","Iriondo","S/D","S/D","X","Dentro","Rural","S/D","S/D","S/D","S/D","S/D","S/D","S/D","De alcance","S/D","Colisión","S/D","S/D","S/D","S/D"
2017,10502,8/16/2017,"Miercoles",0,5:45:00,"Ruta Nacional 34","0.0",2,"Camión,Camión"," ",2,1,0,0,0,0,1,,"Ruta",34,"TOTORAS","Iriondo","S/D","S/D","X","S/D","Rural","S/D","S/D","S/D","S/D","S/D","S/D","S/D","S/D","S/D","S/D","S/D","S/D","S/D","S/D"
2017,10503,8/16/2017,"Miercoles",0,21:30:00,"Ruta Nacional 178","0.0",2,"Automóvil,Camión"," ",2,1,0,0,0,0,1,,"Ruta",178,"VILLA ELOÍSA","Iriondo","S/D","S/D","X","S/D","S/D","S/D","S/D","S/D","S/D","S/D","S/D","S/D","S/D","S/D","S/D","S/D","S/D","S/D","S/D"
2017,10504,10/31/2017,"Martes",0,,,"0.0",3,"Transporte de Pasajeros,Otros,Automóvil","Anchorena Y Gral. J.M.Paz",3,1,0,0,2,0,0,,"Calle",,"ROSARIO","Rosario","Asfalto","No existe","II","S/D","Urbana","S/D","No existe","Intersección","S/D","S/D","S/D","S/D","Múltiple","S/D","Colisión","S/D","Faltante","Ninguna","S/D"
2017,10505,9/30/2017,"Sabado",0,,,"0.0",2,"Bicicleta,Automóvil"," ",2,1,0,0,1,0,0,,"S/D",,"CASILDA","Caseros","S/D","S/D","IV","S/D","S/D","S/D","S/D","S/D","S/D","S/D","S/D","S/D","S/D","Ciclista","Atropello","S/D","S/D","S/D","S/D"
2017,10506,8/16/2017,"Miercoles",0,22:00:00,,"0.0",1,"Automóvil","Av Urquiza 2600",1,1,0,0,0,0,0,,"Avenida",,"SANTA FE","La Capital","S/D","S/D","I","Dentro","Urbana","S/D","S/D","S/D","S/D","S/D","S/D","S/D","S/D","S/D","S/D","S/D","S/D","S/D","S/D"
2017,10507,10/31/2017,"Martes",0,15:00:00,"Ruta Nacional 11","394.0",2,"Pickup/Utilitario,Tren"," ",4,1,0,0,3,0,0,,"Ruta",11,"BARRANCAS","San Jerónimo","Asfalto","Natural","XV","Fuera","Rural","Otra Señal","No existe","Paso a Nivel FFCC","Bueno","S/D","Diurna","S/D","Lateral","S/D","Colisión","S/D","Horizontal,Vertical","Línea divisoria pintada,S/D","S/D"
2017,10508,10/23/2017,"Lunes",0,15:25:00,,"0.0",2,"Automóvil,Bicicleta","Av. Pellegrini Y L.N.Alem",2,1,0,0,1,0,0,,"Avenida",,"ROSARIO","Rosario","Asfalto","No existe","II","S/D","Urbana","Semáforo","S/D","Intersección","S/D","S/D","Diurna","S/D","S/D","Ciclista","Atropello","S/D","Horizontal,Vertical","Cordón divisorio","S/D"
2017,10509,10/23/2017,"Lunes",0,,"Ruta Nacional 9","0.0",2,"Automóvil,Moto/Ciclomotor","RUTA 9 Y RUTA 91",4,2,0,0,2,0,0,,"Ruta",9,"CAÑADA DE GÓMEZ","Iriondo","S/D","S/D","X","S/D","Rural","S/D","S/D","Intersección","S/D","S/D","S/D","S/D","S/D","S/D","Colisión","S/D","S/D","S/D","S/D"
2017,10510,10/23/2017,"Lunes",0,,"Ruta Nacional 9","0.0",2,"Moto/Ciclomotor,Automóvil","España ",2,0,0,0,1,1,0,"-32.8109, -61.39108","Ruta",9,"CAÑADA DE GÓMEZ","Iriondo","Asfalto","Pavimento","X","S/D","Urbana","S/D","No existe","Intersección","S/D","S/D","S/D","S/D","S/D","S/D","Colisión","S/D","Faltante","Línea divisoria pintada","S/D"
2017,10511,12/22/2017,"Viernes",0,,"Ruta Nacional 11","322.0",1,"Automóvil","J M Rosas Y Av San Lorenzo",2,1,0,0,1,0,0,"-32.832828, -60.711176","Ruta",11,"CAPITÁN BERMÚDEZ","San Lorenzo","Asfalto","S/D","XVII","Fuera","Urbana","S/D","S/D","Recta","S/D","S/D","S/D","S/D","S/D","S/D","Despiste","S/D","S/D","S/D","S/D"
2017,10512,12/22/2017,"Viernes",1,20:30:00,,"0.0",2,"Automóvil,Peatón","BUENOS AIRES 161",2,1,0,0,1,0,0,,"Calle",,"SAN JORGE","San Martín","S/D","S/D","XVIII","S/D","Urbana","S/D","S/D","Recta","S/D","S/D","S/D","S/D","S/D","Peatón","Atropello","S/D","S/D","S/D","S/D"
2017,10513,12/22/2017,"Viernes",0,22:30:00,"Ruta Nacional 11","0.0",1,"Moto/Ciclomotor","Ruta Nac 11 ",1,0,1,0,0,0,0,"-32.684310, -60.779340","Ruta",11,"TIMBÚES","San Lorenzo","Asfalto","S/D","XVII","Dentro","S/D","S/D","S/D","Recta","S/D","S/D","S/D","S/D","S/D","S/D","Caída ocupante","S/D","S/D","S/D","S/D"
2017,10514,12/28/2017,"Jueves",0,23:10:00,,"0.0",2,"Pickup/Utilitario,Peatón","Pje Pasteur Y Risso",2,1,0,0,1,0,0,"-31.60075,-60.693777777778","Calle",,"SANTA FE","La Capital","S/D","S/D","I","S/D","Urbana","S/D","S/D","S/D","S/D","S/D","Nocturna","S/D","S/D","Peatón","Atropello","S/D","S/D","S/D","S/D"
2017,10515,12/31/2017,"Domingo",0,,,"0.0",2,"Moto/Ciclomotor,Moto/Ciclomotor","Bv. Segui Y Roullon",3,2,0,0,1,0,0,"-32.970833333333,-60.701055555556","Calle",,"ROSARIO","Rosario","S/D","S/D","II","S/D","Urbana","S/D","S/D","S/D","S/D","S/D","S/D","S/D","S/D","S/D","Colisión","S/D","S/D","S/D","S/D"
2017,10517,11/6/2017,"Lunes",0,11:20:00,"Ruta Nacional 11","0.0",2,"Automóvil,Automóvil","Ruta Nac 11 Y Av Alzugaray",4,2,0,0,2,0,0,,"Ruta",11,"MONJE","San Jerónimo","Asfalto","Natural","XV","Dentro","Urbana","Semáforo","Funciona","Recta","Bueno","S/D","Diurna","S/D","S/D","S/D","Colisión","S/D","Horizontal,Vertical","Línea divisoria pintada","S/D"
2017,10518,9/26/2017,"Martes",0,16:06:00,,"0.0",1,"Moto/Ciclomotor","Leandro N Alem Y Iturbide",2,1,0,0,1,0,0,,"Calle",,"VENADO TUERTO","General López","Asfalto","No existe","VIII","Dentro","Urbana","S/D","No existe","Intersección","S/D","S/D","Diurna","S/D","S/D","S/D","Caída ocupante","S/D","Faltante","Ninguna","S/D"
2017,10519,11/6/2017,"Lunes",0,,,"0.0",1,"Moto/Ciclomotor"," ",2,2,0,0,0,0,0,,"S/D",,"BARRANCAS","San Jerónimo","S/D","S/D","XV","S/D","S/D","S/D","S/D","S/D","S/D","S/D","S/D","S/D","Atropello animal","S/D","Colisión","S/D","S/D","S/D","S/D"
2017,10520,9/26/2017,"Martes",0,17:30:00,,"0.0",2,"Automóvil,Moto/Ciclomotor","Chaco Y Las Heras",3,2,0,0,1,0,0,,"Calle",,"VENADO TUERTO","General López","Asfalto","No existe","VIII","Dentro","Urbana","S/D","No existe","Intersección","S/D","S/D","Diurna","S/D","S/D","S/D","Colisión","S/D","Faltante","Ninguna","S/D"
2017,10521,9/26/2017,"Martes",0,18:18:00,,"0.0",2,"Automóvil,Moto/Ciclomotor","Salta Y Corrientes",2,1,0,0,1,0,0,,"Calle",,"VENADO TUERTO","General López","Asfalto","No existe","VIII","Dentro","Urbana","S/D","No existe","Intersección","S/D","S/D","Diurna","S/D","S/D","S/D","Colisión","S/D","Faltante","Ninguna","S/D"
2017,10522,11/8/2017,"Miercoles",0,19:10:00,,"0.0",2,"Moto/Ciclomotor,Moto/Ciclomotor","Calle 326 Y Calle 305",2,2,0,0,0,0,0,,"Calle",,"AVELLANEDA","General Obligado","S/D","No existe","IX","Dentro","Urbana","S/D","S/D","Intersección","S/D","S/D","Diurna","S/D","S/D","S/D","Colisión","S/D","S/D","S/D","S/D"
2017,10523,9/26/2017,"Martes",0,8:00:00,,"0.0",2,"Pickup/Utilitario,Moto/Ciclomotor","Castelli Y Bartolome Mitre",2,0,1,0,1,0,0,,"Calle",,"ESPERANZA","Las Colonias","Asfalto","No existe","XI","Dentro","Urbana","S/D","S/D","Intersección","S/D","S/D","Diurna","S/D","S/D","S/D","Colisión","S/D","S/D","Ninguna","S/D"
2017,10524,11/6/2017,"Lunes",0,8:20:00,,"0.0",1,"Bicicleta","Castelli Y Lavalle",2,0,0,0,1,1,0,"-31.450638888889,-60.934888888889","Calle",,"ESPERANZA","Las Colonias","S/D","S/D","XI","Dentro","Urbana","S/D","S/D","S/D","S/D","S/D","Diurna","S/D","Contra objeto fijo","S/D","Caída ocupante,Colisión","S/D","S/D","S/D","S/D"
2017,10525,9/25/2017,"Lunes",0,,,"0.0",2,"Moto/Ciclomotor,Automóvil","Mariano Moreno Y Jose Terragni",2,1,0,0,1,0,0,,"Calle",,"ESPERANZA","Las Colonias","Asfalto","No existe","XI","Dentro","Urbana","S/D","S/D","Intersección","S/D","S/D","Atardecer","S/D","S/D","S/D","Colisión","S/D","S/D","Ninguna","S/D"
2017,10526,9/27/2017,"Miercoles",0,7:00:00,"Ruta Provincial 70","0.0",2,"Moto/Ciclomotor,Automóvil","Bv Santa Fe Y Constituyentes",2,1,0,0,1,0,0,,"Ruta",70,"RAFAELA","Castellanos","Asfalto","No existe","V","Dentro","Urbana","S/D","No existe","Intersección","S/D","S/D","Diurna","S/D","S/D","S/D","Colisión","S/D","Faltante","Ninguna","S/D"
2017,10527,11/9/2017,"Jueves",0,10:30:00,,"0.0",2,"Peatón,Moto/Ciclomotor","Av. Ntra.Sra.del Rosario Y San Martin",3,1,0,0,2,0,0,,"Avenida",,"ROSARIO","Rosario","Asfalto","No existe","II","Dentro","Urbana","Ninguna","Funciona","Intersección","Deteriorada","S/D","Diurna","S/D","S/D","Peatón","Atropello","S/D","Horizontal,Vertical","Cordón divisorio,Línea divisoria pintada","S/D"
2017,10528,9/28/2017,"Jueves",0,,"Ruta Nacional 34","0.0",2,"Camión,Camión","Ruta Nacional 34 Y San Juan",2,1,0,0,1,0,0,,"Ruta",34,"SUNCHALES","Castellanos","Asfalto","Pavimento","V","Dentro","Urbana","S/D","No existe","Intersección","S/D","S/D","S/D","S/D","S/D","S/D","Colisión","S/D","Faltante","Línea divisoria pintada","S/D"
2017,10529,9/28/2017,"Jueves",0,,,"0.0",2,"Moto/Ciclomotor,Automóvil"," ",2,0,1,0,1,0,0,,"S/D",,"RECONQUISTA","General Obligado","S/D","S/D","IX","Dentro","Urbana","S/D","S/D","Recta","S/D","S/D","S/D","S/D","De alcance","S/D","Colisión","S/D","S/D","S/D","S/D"
2017,10530,9/29/2017,"Viernes",0,9:40:00,,"0.0",2,"Pickup/Utilitario,Moto/Ciclomotor","Lisandro de la Torre Y Chacabuco",2,1,0,0,1,0,0,,"Calle",,"VENADO TUERTO","General López","Asfalto","No existe","VIII","Dentro","Urbana","S/D","S/D","Intersección","S/D","S/D","Diurna","S/D","S/D","S/D","Colisión","S/D","Faltante","Ninguna","S/D"
2017,10531,9/27/2017,"Miercoles",0,19:20:00,,"0.0",2,"Automóvil,Moto/Ciclomotor","Bv. Balcarce 1100",2,1,0,0,1,0,0,,"Calle",,"CAÑADA DE GÓMEZ","Iriondo","Asfalto","No existe","X","Dentro","Urbana","S/D","No existe","Intersección","S/D","S/D","S/D","S/D","Lateral","S/D","Colisión","S/D","Faltante","Ninguna","S/D"
2017,10532,9/29/2017,"Viernes",0,,,"0.0",1,"Bicicleta","Calle 21-Gdor. iriondo Y Calle 10-Ludue±a",1,1,0,0,0,0,0,,"Calle",,"RECONQUISTA","General Obligado","Asfalto","No existe","IX","Dentro","Urbana","S/D","No existe","Recta","S/D","S/D","S/D","S/D","S/D","S/D","Caída ocupante","S/D","Faltante","Ninguna","S/D"
2017,10533,11/9/2017,"Jueves",0,16:30:00,"Ruta Nacional 11","863.0",1,"Camión"," ",1,1,0,0,0,0,0,,"Ruta",11,"VILLA OCAMPO","General Obligado","Asfalto","Natural","IX","Fuera","Urbana","S/D","S/D","Recta","S/D","S/D","Diurna","S/D","S/D","S/D","Vuelco","S/D","Horizontal","Línea divisoria pintada","S/D"
2017,10534,9/30/2017,"Sabado",0,21:00:00,,"0.0",2,"Automóvil,Moto/Ciclomotor","España Y Quintana",3,1,0,0,2,0,0,,"Calle",,"VENADO TUERTO","General López","Asfalto","No existe","VIII","Dentro","Urbana","S/D","No existe","Intersección","S/D","S/D","Nocturna","S/D","S/D","S/D","Colisión","S/D","Faltante","Ninguna","S/D"