"anio_acci","nro_acci","fecha","desc_dia","fecha_aprox","hora_aprox","desc_ruta","km","cant_participantes","desc_participante","calle_avenida_km","total","heridos_leves","heridos_graves","heridos_gravisimos","ilesos","fallecidos","sin_datos","posicion_XY","desc_tipo_via","desc_ruta_ori","desc_loc","desc_dpto","desc_tipo_calzada","desc_tipo_banquina","desc_unidad_regional","desc_lugar_calzada","desc_zona","desc_prioridad","desc_estado_semaforo","desc_lugar_via","desc_estado_via","desc_estado_visibilidad","desc_luminosidad","desc_estado_clima","desc_tipo_colision","desc_tipo_atropello","desc_tipo_hecho","desc_pres_calzada","desc_senializacion","desc_separacion_via","desc_restriccion"
2017,10535,11/9/2017,"Jueves",0,10:40:00,,"0.0",2,"Pickup/Utilitario,Moto/Ciclomotor","Bv. América Y Emilia Bertole",2,1,0,0,1,0,0,,"Calle",,"EL TRÉBOL","San Martín","Hormigón","No existe","XVIII","Dentro","Urbana","Semáforo","Funciona","Recta","Deteriorada","S/D","Diurna","S/D","S/D","S/D","Colisión","S/D","Vertical","Ninguna","S/D"
2017,10536,11/12/2017,"Domingo",0,19:20:00,,"0.0",2,"Moto/Ciclomotor,Tracción animal / Carro","Garibaldi Y F.More",3,1,0,0,2,0,0,,"Calle",,"ROSARIO","Rosario","Asfalto","No existe","II","Dentro","Urbana","S/D","S/D","Intersección","S/D","S/D","Atardecer","S/D","Contra objeto fijo","S/D","Colisión","S/D","S/D","S/D","Sin restricción"
2017,10537,10/23/2017,"Lunes",0,,,"0.0",1,"Moto/Ciclomotor"," ",2,1,0,0,1,0,0,,"Calle",,"ESPERANZA","Las Colonias","S/D","S/D","XI","Dentro","Urbana","S/D","S/D","Recta","Otro","S/D","S/D","S/D","Contra objeto fijo","S/D","Colisión","S/D","S/D","S/D","S/D"
2017,10538,10/3/2017,"Martes",0,15:20:00,"Autopista Provincial Brigadier E.López","0.0",1,"Automóvil"," ",3,2,0,0,1,0,0,,"Autopista","Brigadier E.López","SANTO TOMÉ","La Capital","S/D","S/D","I","S/D","Urbana","S/D","S/D","S/D","S/D","S/D","Diurna","S/D","S/D","S/D","Vuelco","S/D","S/D","S/D","S/D"
2017,10539,10/23/2017,"Lunes",0,,,"0.0",1,"Moto/Ciclomotor"," ",1,1,0,0,0,0,0,,"Camino Rural",,"MONJE","San Jerónimo","Tierra","No existe","XV","S/D","Rural","Ninguna","No existe","Recta","S/D","S/D","S/D","Buen Tiempo","S/D","S/D","Caída ocupante","S/D","S/D","Ninguna","S/D"
2017,10540,11/10/2017,"Viernes",0,,,"0.0",2,"Peatón,Moto/Ciclomotor"," ",3,1,0,0,2,0,0,,"S/D",,"CASILDA","Caseros","S/D","S/D","IV","S/D","S/D","S/D","S/D","S/D","S/D","S/D","S/D","S/D","S/D","Peatón","Atropello","S/D","S/D","S/D","S/D"
2017,10541,11/13/2017,"Lunes",0,,,"0.0",2,"Otros,Otros"," ",2,2,0,0,0,0,0,,"Calle",,"SUNCHALES","Castellanos","S/D","S/D","V","Dentro","Urbana","S/D","S/D","S/D","S/D","S/D","S/D","S/D","S/D","S/D","Colisión","S/D","S/D","S/D","S/D"
2017,10542,11/10/2017,"Viernes",0,,,"0.0",2,"Pickup/Utilitario,Moto/Ciclomotor","Bv Oro±o Y French y Berutti",2,1,0,0,1,0,0,,"Calle",,"CORONDA","San Jerónimo","Ripio","No existe","XV","Dentro","Urbana","Ninguna","No existe","Intersección","Otro","S/D","S/D","S/D","S/D","S/D","Colisión","Material Suelto","Faltante","Ninguna","S/D"
2017,10543,11/13/2017,"Lunes",0,,,"0.0",2,"Moto/Ciclomotor,Bicicleta","Benavidez ",2,1,0,0,1,0,0,,"Calle",,"BARRANCAS","San Jerónimo","S/D","No existe","XV","Dentro","Urbana","S/D","S/D","Recta","S/D","S/D","S/D","S/D","S/D","Ciclista","Atropello","S/D","S/D","Ninguna","S/D"
2017,10544,10/23/2017,"Lunes",0,18:10:00,"Ruta Nacional 11","0.0",3,"Moto/Ciclomotor,Transporte de Pasajeros Urbano (> 8 asientos),Automóvil","D Gurel ",3,0,1,0,2,0,0,,"Ruta",11,"SAN LORENZO","San Lorenzo","Asfalto","Natural","XVII","Dentro","Urbana","Semáforo","Funciona","Intersección","Bueno","Buena","Diurna","Buen Tiempo","Múltiple","S/D","Colisión","S/D","Vertical","Ninguna","S/D"
2017,10545,11/13/2017,"Lunes",0,,"Ruta Provincial 65","0.0",2,"Pickup/Utilitario,Tractor"," ",2,1,0,0,1,0,0,,"Ruta",65,"SAN GENARO","San Jerónimo","S/D","S/D","XV","Dentro","Urbana","S/D","S/D","Recta","S/D","S/D","S/D","S/D","De alcance","S/D","Colisión","S/D","S/D","S/D","S/D"
2017,10546,11/10/2017,"Viernes",0,,"Ruta Provincial 95","0.0",1,"Moto/Ciclomotor"," ",1,1,0,0,0,0,0,,"Ruta",95,"GABOTO","San Jerónimo","Asfalto","Natural","XV","Dentro","Urbana","Ninguna","No existe","Recta","Bueno","S/D","S/D","S/D","S/D","S/D","Despiste","S/D","Horizontal","Línea divisoria pintada","S/D"
2017,10547,11/13/2017,"Lunes",0,,,"0.0",1,"Moto/Ciclomotor"," ",1,1,0,0,0,0,0,,"Calle",,"SAN JORGE","San Martín","S/D","S/D","XVIII","Dentro","Urbana","S/D","S/D","Recta","S/D","S/D","S/D","S/D","S/D","S/D","Caída ocupante","S/D","S/D","S/D","S/D"
2017,10548,10/4/2017,"Miercoles",0,23:00:00,"Ruta Nacional 33","556.0",4,"Camión c / Semirremolque,Pickup/Utilitario,Automóvil,Automóvil"," ",4,3,0,0,1,0,0,,"Ruta",33,"TARRAGONA","General López","S/D","S/D","VIII","S/D","S/D","S/D","S/D","S/D","S/D","S/D","Nocturna","S/D","Múltiple","S/D","Colisión","Material Suelto","S/D","S/D","S/D"
2017,10549,11/12/2017,"Domingo",0,,,"0.0",2,"Automóvil,Bicicleta"," ",2,1,0,0,1,0,0,,"S/D",,"CASILDA","Caseros","S/D","S/D","IV","S/D","S/D","S/D","S/D","S/D","S/D","S/D","S/D","S/D","S/D","Ciclista","Atropello","S/D","S/D","S/D","S/D"
2017,10550,8/23/2017,"Miercoles",0,,,"0.0",2,"Moto/Ciclomotor,Automóvil","Antonio Podio Y Falucho",2,1,0,0,1,0,0,,"Calle",,"RAFAELA","Castellanos","Asfalto","No existe","V","Dentro","Urbana","Paso Peatonal","No existe","Intersección","Bueno","S/D","S/D","S/D","Lateral","S/D","Colisión","Ninguna","Horizontal","Ninguna","Sin restricción"
2017,10551,11/15/2017,"Miercoles",0,,,"0.0",1,"Moto/Ciclomotor"," ",1,1,0,0,0,0,0,,"Calle",,"ROSARIO","Rosario","Asfalto","No existe","II","Dentro","Urbana","S/D","S/D","Recta","S/D","S/D","S/D","S/D","S/D","S/D","Caída ocupante","S/D","S/D","Cordón divisorio","S/D"
2017,10552,11/12/2017,"Domingo",0,,,"0.0",2,"Automóvil,Moto/Ciclomotor","Pueyrredon Y Chile",3,2,0,0,1,0,0,,"Calle",,"RAFAELA","Castellanos","Hormigón","No existe","V","Dentro","Urbana","Ninguna","No existe","Intersección","Deteriorada","S/D","S/D","S/D","S/D","S/D","Colisión","S/D","Faltante","S/D","S/D"
2017,10553,11/16/2017,"Jueves",0,,,"0.0",2,"Automóvil,Moto/Ciclomotor","Matheu Y 25 de Mayo",3,2,0,0,1,0,0,,"Calle",,"SANTA FE","La Capital","Asfalto","No existe","I","Dentro","Urbana","S/D","S/D","Intersección","S/D","S/D","S/D","S/D","S/D","S/D","Colisión","S/D","S/D","Ninguna","S/D"
2017,10554,10/6/2017,"Viernes",0,16:05:00,"Ruta Nacional 11","786.0",2,"Automóvil,Moto/Ciclomotor"," ",2,1,0,0,1,0,0,,"Ruta",11,"RECONQUISTA","General Obligado","S/D","S/D","IX","S/D","S/D","S/D","S/D","S/D","S/D","S/D","Diurna","S/D","S/D","S/D","Colisión","S/D","S/D","S/D","S/D"
2017,10555,11/12/2017,"Domingo",0,,"Ruta Provincial 91","0.0",2,"Pickup/Utilitario,Moto/Ciclomotor"," ",2,1,0,0,1,0,0,,"Ruta",91,"CAÑADA DE GÓMEZ","Iriondo","Asfalto","Natural","X","Dentro","Rural","Ninguna","No existe","Recta","S/D","S/D","S/D","S/D","S/D","S/D","Colisión","S/D","Horizontal","Línea divisoria pintada","Sin restricción"
2017,10556,8/21/2017,"Lunes",0,,,"0.0",2,"Moto/Ciclomotor,Automóvil","Av. Santa Fe 2300",2,1,0,0,0,0,1,,"Avenida",,"CAÑADA DE GÓMEZ","Iriondo","S/D","S/D","X","S/D","Urbana","S/D","S/D","S/D","S/D","S/D","S/D","S/D","S/D","S/D","S/D","S/D","S/D","S/D","S/D"
2017,10557,11/16/2017,"Jueves",0,,,"0.0",2,"Pickup/Utilitario,Automóvil"," ",3,2,0,0,1,0,0,,"Calle",,"CASILDA","Caseros","S/D","S/D","IV","Dentro","Urbana","S/D","S/D","S/D","S/D","S/D","S/D","S/D","S/D","S/D","Colisión","S/D","S/D","S/D","S/D"
2017,10558,11/12/2017,"Domingo",0,,,"0.0",2,"Moto/Ciclomotor,Moto/Ciclomotor","Boulevard Centenario Y Independencia",2,1,0,0,1,0,0,,"Avenida",,"CAÑADA DE GÓMEZ","Iriondo","Hormigón","No existe","X","Dentro","Urbana","Ninguna","No existe","Recta","Bueno","S/D","S/D","S/D","S/D","S/D","Colisión","S/D","Faltante","Cordón divisorio","S/D"
2017,10559,8/22/2017,"Martes",0,19:00:00,,"0.0",2,"Automóvil,Moto/Ciclomotor","Calle 11-Alvear ",2,1,0,0,0,0,1,,"Calle",,"RECONQUISTA","General Obligado","S/D","S/D","IX","S/D","Urbana","S/D","S/D","S/D","S/D","S/D","S/D","S/D","S/D","S/D","S/D","S/D","S/D","S/D","S/D"
2017,10560,10/9/2017,"Lunes",0,23:30:00,"Ruta Nacional 34","150.0",2,"Camión c / Acoplado,Automóvil"," ",3,2,1,0,0,0,0,,"Ruta",34,"SAN MARTIN DE LAS ESCOBAS","San Martín","S/D","S/D","XVIII","S/D","S/D","S/D","S/D","S/D","S/D","S/D","Nocturna","S/D","S/D","S/D","Colisión","S/D","S/D","S/D","S/D"
2017,10561,11/16/2017,"Jueves",0,,,"0.0",2,"Automóvil,Moto/Ciclomotor","Bv H Irigoyen Y Chacabuco",2,0,1,0,1,0,0,,"Avenida",,"RAFAELA","Castellanos","Asfalto","No existe","V","Dentro","Urbana","S/D","No existe","Intersección","S/D","S/D","S/D","S/D","S/D","S/D","Colisión","S/D","Faltante","Cordón divisorio","S/D"
2017,10563,8/23/2017,"Miercoles",0,,,"0.0",2,"Automóvil,Moto/Ciclomotor","Bv Pte Roca Y Viamonte",2,0,1,0,0,0,1,,"Avenida",,"RAFAELA","Castellanos","Asfalto","No existe","V","Dentro","Urbana","Semáforo","Funciona","Intersección","Bueno","S/D","S/D","Otro","S/D","S/D","Colisión","S/D","Horizontal,Vertical","Cordón divisorio,Vegetación","Sin restricción"
2017,10564,10/13/2017,"Viernes",0,19:00:00,"Ruta Nacional 11","771.0",2,"Automóvil,Camión"," ",3,1,0,0,2,0,0,,"Ruta",11,"RECONQUISTA","General Obligado","S/D","S/D","IX","S/D","Rural","S/D","S/D","S/D","S/D","S/D","Atardecer","S/D","Frontal","S/D","Colisión","S/D","S/D","S/D","S/D"
2017,10565,11/16/2017,"Jueves",0,13:00:00,,"0.0",2,"Peatón,Automóvil","Brasil ",2,0,1,0,1,0,0,,"Calle",,"SUNCHALES","Castellanos","S/D","No existe","V","Dentro","Urbana","S/D","S/D","Recta","S/D","S/D","Diurna","S/D","S/D","Peatón","Atropello","S/D","S/D","Ninguna","S/D"
2017,10566,10/14/2017,"Sabado",0,,"Ruta Provincial 91","0.0",2,"Automóvil,Moto/Ciclomotor"," ",2,1,0,0,1,0,0,,"Ruta",91,"OLIVEROS","Iriondo","S/D","S/D","X","S/D","S/D","S/D","S/D","S/D","S/D","S/D","S/D","S/D","S/D","S/D","Colisión","S/D","S/D","S/D","S/D"
2017,10568,10/20/2017,"Viernes",0,,"Ruta Provincial 1","303.0",1,"Automóvil"," ",3,3,0,0,0,0,0,,"Ruta",1,"VENADO TUERTO","General López","S/D","S/D","VIII","S/D","Rural","S/D","S/D","Recta","S/D","S/D","S/D","S/D","S/D","S/D","Vuelco","S/D","S/D","S/D","S/D"
2017,10570,8/22/2017,"Martes",0,19:00:00,,"0.0",2,"Moto/Ciclomotor,Automóvil","Necochea Y Ayacucho",2,1,0,0,0,0,1,,"Calle",,"CAÑADA DE GÓMEZ","Iriondo","S/D","S/D","X","S/D","Urbana","S/D","S/D","S/D","S/D","S/D","S/D","S/D","S/D","S/D","S/D","S/D","S/D","S/D","S/D"
2017,10571,8/22/2017,"Martes",0,10:30:00,,"0.0",2,"Moto/Ciclomotor,Moto/Ciclomotor","Urquiza 600",2,1,0,0,0,0,1,,"Calle",,"CAÑADA DE GÓMEZ","Iriondo","S/D","S/D","X","S/D","Urbana","S/D","S/D","S/D","S/D","S/D","S/D","S/D","S/D","S/D","S/D","S/D","S/D","S/D","S/D"
2017,10572,10/21/2017,"Sabado",0,15:00:00,"Autopista Provincial Brigadier E.López","25.0",3,"Peatón,Peatón,Camión Chasis"," ",3,2,0,0,1,0,0,,"Autopista","Brigadier E.López","ROSARIO","Rosario","Asfalto","Ripio","II","S/D","Rural","S/D","No existe","Recta","S/D","S/D","Diurna","S/D","S/D","Peatón","Atropello","S/D","S/D","S/D","Obra en Construcción"
2017,10573,8/22/2017,"Martes",0,16:00:00,,"0.0",2,"Automóvil,Automóvil","Cornelio Saavedra Y Cristobal Colon",2,1,0,0,1,0,0,,"Calle",,"VENADO TUERTO","General López","Asfalto","S/D","VIII","Dentro","Urbana","Ninguna","S/D","Intersección","Bueno","Buena","Diurna","Buen Tiempo","Lateral","S/D","Colisión","Ninguna","S/D","Ninguna","Sin restricción"
2017,10574,8/23/2017,"Miercoles",0,18:40:00,,"0.0",2,"Automóvil,Moto/Ciclomotor","Calle 18 - Gral Belgrano Y Calle 13-Iturraspe",2,1,0,0,1,0,0,,"Calle",,"RECONQUISTA","General Obligado","Asfalto","S/D","IX","Dentro","Urbana","Ninguna","S/D","Intersección","Bueno","Buena","Diurna","Buen Tiempo","Lateral","S/D","Colisión","Ninguna","S/D","Ninguna","S/D"
2017,10575,8/30/2017,"Miercoles",0,11:30:00,,"0.0",2,"Moto/Ciclomotor,Pickup/Utilitario","Rivadavia 900",2,1,0,0,0,0,1,,"S/D",,"CAÑADA DE GÓMEZ","Iriondo","S/D","S/D","X","S/D","S/D","S/D","S/D","S/D","S/D","S/D","S/D","S/D","S/D","S/D","S/D","S/D","S/D","S/D","S/D"
2017,10576,8/23/2017,"Miercoles",0,17:00:00,,"0.0",1,"Moto/Ciclomotor","Calle 66-Santa Cruz ",1,1,0,0,0,0,0,,"Calle",,"RECONQUISTA","General Obligado","Asfalto","S/D","IX","Dentro","Urbana","Ninguna","S/D","Intersección","Bueno","Buena","Diurna","Buen Tiempo","S/D","S/D","Caída ocupante","Ninguna","S/D","Ninguna","Sin restricción"
2017,10577,8/31/2017,"Jueves",0,,"Ruta Nacional 178","0.0",2,"Automóvil,Moto/Ciclomotor"," ",3,1,0,0,2,0,0,,"Ruta",178,"CAÑADA DE GÓMEZ","Iriondo","S/D","S/D","X","S/D","S/D","S/D","S/D","S/D","S/D","S/D","S/D","S/D","S/D","S/D","S/D","S/D","S/D","S/D","S/D"
2017,10578,8/23/2017,"Miercoles",0,16:28:00,,"0.0",2,"Automóvil,Moto/Ciclomotor","Malvinas Y Entre Rios",2,1,0,0,1,0,0,,"Calle",,"VENADO TUERTO","General López","Asfalto","No existe","VIII","Dentro","Urbana","Ninguna","No existe","Intersección","Bueno","Buena","Diurna","Buen Tiempo","Lateral","S/D","Colisión","Ninguna","S/D","Ninguna","S/D"
2017,10579,8/31/2017,"Jueves",0,,,"0.0",2,"Moto/Ciclomotor,Automóvil","Bv. Balcarce Y Pagani",2,0,1,0,0,0,1,,"Calle",,"CAÑADA DE GÓMEZ","Iriondo","S/D","S/D","X","S/D","S/D","S/D","S/D","S/D","S/D","S/D","S/D","S/D","S/D","S/D","S/D","S/D","S/D","S/D","S/D"
2017,10580,8/31/2017,"Jueves",0,,,"0.0",2,"Automóvil,Moto/Ciclomotor","ESPAÑA Y SANTA FE",2,1,0,0,0,0,1,,"Calle",,"CASTELLANOS","Castellanos","S/D","S/D","V","S/D","Urbana","S/D","S/D","Intersección","S/D","S/D","S/D","S/D","S/D","S/D","S/D","S/D","S/D","S/D","S/D"
2017,10582,8/26/2017,"Sabado",0,5:50:00,"Ruta Nacional 11","0.0",1,"Automóvil","Calle 21 ",1,1,0,0,0,0,0,,"Ruta",11,"LAS TOSCAS","General Obligado","Asfalto","No existe","IX","Dentro","Urbana","Ninguna","S/D","Recta","Bueno","Buena","Nocturna","Buen Tiempo","Contra objeto fijo","S/D","Colisión","Ninguna","S/D","Ninguna","Sin restricción"
2017,10583,8/27/2017,"Domingo",0,13:00:00,,"0.0",2,"Moto/Ciclomotor,Moto/Ciclomotor","General Paz Y Guemes",2,1,1,0,0,0,0,,"Calle",,"ESPERANZA","Las Colonias","Asfalto","S/D","XI","Dentro","Urbana","Ninguna","S/D","Intersección","Bueno","Buena","Diurna","Buen Tiempo","Lateral","S/D","Colisión","Ninguna","S/D","Ninguna","S/D"
2017,10584,11/16/2017,"Jueves",0,,,"0.0",2,"Moto/Ciclomotor,Pickup/Utilitario","AV J F BASSO Y J D PERON",2,1,0,0,1,0,0,,"Avenida",,"LEHMANN","Castellanos","S/D","S/D","V","Dentro","Urbana","S/D","S/D","Intersección","S/D","S/D","S/D","S/D","S/D","S/D","Colisión","S/D","S/D","S/D","S/D"
2017,10585,8/23/2017,"Miercoles",0,7:40:00,"Ruta Nacional 11","0.0",2,"Moto/Ciclomotor,Pickup/Utilitario","Calle 15 ",2,1,0,0,1,0,0,,"Ruta",11,"LAS TOSCAS","General Obligado","Asfalto","Natural","IX","Dentro","Urbana","Ninguna","No existe","Intersección","Bueno","Buena","Diurna","Buen Tiempo","Lateral","S/D","Colisión","Ninguna","Faltante","Línea divisoria pintada","Sin restricción"
2017,10586,11/16/2017,"Jueves",0,,,"0.0",2,"Bicicleta,Automóvil"," ",2,1,0,0,1,0,0,,"S/D",,"SANTA ISABEL","General López","S/D","S/D","VIII","S/D","S/D","S/D","S/D","S/D","Otro","S/D","S/D","S/D","S/D","Ciclista","Atropello","S/D","S/D","S/D","S/D"
2017,10587,8/28/2017,"Lunes",0,12:30:00,"Ruta Nacional 8","0.0",2,"Pickup/Utilitario,Moto/Ciclomotor","Lopez ",2,1,0,0,1,0,0,,"Ruta",8,"VENADO TUERTO","General López","Asfalto","S/D","VIII","Dentro","Urbana","Ninguna","S/D","Intersección","Bueno","Buena","Diurna","Buen Tiempo","Lateral","S/D","Colisión","Ninguna","S/D","Ninguna","S/D"
2017,10588,11/16/2017,"Jueves",0,,"Ruta Nacional 9","388.0",2,"Pickup/Utilitario,Vehículo Oficial"," ",4,4,0,0,0,0,0,,"Ruta",9,"CAÑADA DE GÓMEZ","Iriondo","Asfalto","Natural","X","Dentro","Rural","S/D","No existe","Recta","S/D","Reducida polvo","S/D","Viento Fuerte","De alcance","S/D","Colisión","Agua","Faltante","S/D","S/D"
2017,10589,11/16/2017,"Jueves",0,,,"0.0",1,"Bicicleta"," ",1,1,0,0,0,0,0,,"Calle",,"ESPERANZA","Las Colonias","S/D","No existe","XI","Dentro","Urbana","S/D","S/D","S/D","S/D","S/D","S/D","S/D","S/D","S/D","Caída ocupante","S/D","S/D","Ninguna","S/D"
2017,10590,8/22/2017,"Martes",0,12:20:00,"Autopista Provincial Brigadier E.López","153.0",1,"Pickup/Utilitario"," ",2,2,0,0,0,0,0,,"Autopista","Brigadier E.López","SANTA FE","La Capital","S/D","S/D","I","Dentro","Urbana","Ninguna","S/D","Recta","Otro","Buena","Diurna","Buen Tiempo","S/D","S/D","Vuelco","Ninguna","S/D","Ninguna","S/D"
2017,10591,11/16/2017,"Jueves",0,,,"0.0",2,"Moto/Ciclomotor,Peatón","San Martin ",3,1,0,0,2,0,0,,"Calle",,"LA GALLARETA","Vera","S/D","No existe","XIX","Dentro","Urbana","S/D","S/D","Recta","S/D","S/D","S/D","S/D","S/D","Peatón","Atropello","S/D","S/D","Ninguna","S/D"
2017,10592,8/29/2017,"Martes",0,,,"0.0",2,"Moto/Ciclomotor,Automóvil","Ayacucho Y Almte. Brown",2,1,0,0,1,0,0,,"Calle",,"CAÑADA DE GÓMEZ","Iriondo","Asfalto","S/D","X","Dentro","Urbana","Ninguna","S/D","Intersección","Bueno","S/D","S/D","Buen Tiempo","Lateral","S/D","Colisión","Ninguna","S/D","Ninguna","S/D"
2017,10594,8/31/2017,"Jueves",0,,"Ruta Nacional 19","0.0",1,"Automóvil"," ",4,0,2,0,2,0,0,,"Ruta",19,"SANTO TOMÉ","La Capital","Asfalto","S/D","I","Dentro","Rural","Ninguna","S/D","Recta","Bueno","Buena","Nocturna","Buen Tiempo","S/D","S/D","Vuelco","Ninguna","S/D","Ninguna","S/D"
2017,10595,11/18/2017,"Sabado",0,,"Ruta Nacional 33","221.0",1,"Moto/Ciclomotor"," ",1,1,0,0,0,0,0,,"Ruta",33,"CHABAS","Caseros","S/D","S/D","IV","S/D","S/D","S/D","S/D","S/D","S/D","S/D","S/D","S/D","S/D","S/D","Caída ocupante","S/D","S/D","S/D","S/D"
2017,10596,11/16/2017,"Jueves",0,,,"0.0",2,"Vehículo Oficial,Automóvil","Superi Y Molina",5,4,0,0,1,0,0,,"Calle",,"ROSARIO","Rosario","Asfalto","No existe","II","Dentro","Urbana","S/D","No existe","Intersección","S/D","S/D","S/D","Lluvia","Frontal","S/D","Colisión","Agua","Faltante","Ninguna","S/D"
2017,10597,11/16/2017,"Jueves",0,,,"0.0",2,"Moto/Ciclomotor,Automóvil"," ",2,1,0,0,1,0,0,,"Calle",,"ROSARIO","Rosario","S/D","No existe","II","Dentro","Urbana","S/D","S/D","S/D","S/D","S/D","S/D","S/D","S/D","S/D","Colisión","S/D","S/D","Ninguna","S/D"
2017,10598,12/2/2017,"Sabado",0,14:20:00,,"0.0",3,"Moto/Ciclomotor,Peatón,Peatón","Av A del Valle Y Llerena",5,1,1,0,2,1,0,"-31.613777777778,-60.696166666667","Calle",,"SANTA FE","La Capital","Asfalto","Pavimento","I","Dentro","Urbana","Semáforo","Funciona","Intersección","Bueno","S/D","Diurna","Lluvia","S/D","S/D","Colisión","Agua","Horizontal,Vertical","Línea divisoria pintada","Sin restricción"
2017,10599,11/18/2017,"Sabado",0,12:05:00,,"0.0",2,"Automóvil,Bicicleta","Matienzo Y Velez Sarsfield",2,1,0,0,1,0,0,,"Calle",,"ROSARIO","Rosario","Asfalto","No existe","II","Dentro","Urbana","S/D","No existe","Intersección","S/D","S/D","Diurna","S/D","S/D","Ciclista","Atropello","S/D","Faltante","Ninguna","S/D"
2017,10600,11/18/2017,"Sabado",0,15:30:00,,"0.0",2,"Moto/Ciclomotor,Moto/Ciclomotor","J.J.Paso Y Donado",2,1,0,0,1,0,0,,"Calle",,"ROSARIO","Rosario","Asfalto","No existe","II","Dentro","Urbana","Semáforo","Funciona","Intersección","S/D","S/D","Diurna","S/D","S/D","S/D","Colisión","S/D","Vertical","Ninguna","S/D"
2017,10601,12/4/2017,"Lunes",0,20:35:00,"Ruta Nacional 11","0.0",2,"Peatón,Moto/Ciclomotor","Calle 27-Gdor Freyre ",2,1,0,0,0,1,0,"-29.149598,-59.656823","Ruta",11,"RECONQUISTA","General Obligado","Asfalto","No existe","IX","Dentro","Urbana","Ninguna","No existe","Intersección","Bueno","Buena","Nocturna","Buen Tiempo","S/D","Peatón","Atropello","Ninguna","Horizontal","Cordón divisorio","Sin restricción"
2017,10602,12/5/2017,"Martes",0,12:45:00,,"0.0",3,"Automóvil,Camión Chasis,Peatón","Padilla 2800",3,0,0,0,1,1,1,"-31.621277777778,-60.701861111111","Calle",,"SANTA FE","La Capital","Asfalto","No existe","I","Dentro","Urbana","Ninguna","No existe","Recta","Bueno","Buena","Diurna","Buen Tiempo","S/D","Peatón","Atropello","Ninguna","S/D","Ninguna","Sin restricción"
2017,10603,10/1/2017,"Domingo",0,23:00:00,,"0.0",2,"Automóvil,Pickup/Utilitario","Jujuy Y Ulises Giacaglia",2,1,0,0,1,0,0,,"Calle",,"VENADO TUERTO","General López","Ripio","No existe","VIII","S/D","Urbana","S/D","No existe","Intersección","S/D","S/D","Nocturna","S/D","S/D","S/D","Colisión","S/D","S/D","Ninguna","S/D"
2017,10604,11/30/2017,"Jueves",0,,"Ruta Nacional 11","766.0",2,"Moto/Ciclomotor,Pickup/Utilitario"," ",2,0,1,0,0,0,1,,"Ruta",11,"MALABRIGO","General Obligado","S/D","S/D","IX","S/D","Rural","S/D","S/D","S/D","S/D","S/D","S/D","S/D","S/D","S/D","S/D","S/D","S/D","S/D","S/D"
2017,10605,10/27/2017,"Viernes",0,0:15:00,"Autopista Nacional Rosario -Cordoba","354.0",4,"Camión c / Acoplado,Camión c / Acoplado,Camión c / Acoplado,Camión c / Acoplado"," ",4,4,0,0,0,0,0,,"Autopista","Rosario -Cordoba","ROLDÁN","San Lorenzo","Asfalto","Pavimento","II","Dentro","Rural","S/D","No existe","Recta","Bueno","Reducida","Nocturna","Lluvia","Múltiple","S/D","Colisión","Agua","S/D","S/D","Sin restricción"
2017,10606,11/18/2017,"Sabado",0,,,"0.0",2,"Bicicleta,Automóvil","25 de Mayo Y Balcarce",2,1,0,0,1,0,0,,"Calle",,"TOTORAS","Iriondo","Asfalto","No existe","X","Dentro","Urbana","S/D","No existe","Intersección","S/D","S/D","S/D","S/D","S/D","Ciclista","Atropello","S/D","Faltante","Ninguna","S/D"
2017,10607,10/1/2017,"Domingo",0,2:50:00,,"0.0",2,"Moto/Ciclomotor,Automóvil","Calle 18-Belgrano Y Calle 19-Habegger",2,1,0,0,1,0,0,,"Calle",,"RECONQUISTA","General Obligado","Asfalto","No existe","IX","S/D","Urbana","S/D","No existe","Intersección","S/D","S/D","Nocturna","S/D","S/D","S/D","Colisión","S/D","Faltante","Ninguna","S/D"
2017,10608,12/5/2017,"Martes",0,22:00:00,,"0.0",3,"Moto/Ciclomotor,Camión c / Acoplado,Peatón","Bv. Rondeau Y Juan Pablo II (Colect Av. Circunvalacion)",3,1,0,0,1,1,0,"-32.873353,-60.699468","Calle",,"ROSARIO","Rosario","Asfalto","No existe","II","Dentro","Urbana","Semáforo","Funciona","Rotonda","Bueno","S/D","Nocturna","S/D","S/D","Peatón","Aplastamiento,Atropello","Ninguna","Vertical","Ninguna","Sin restricción"
2017,10609,11/2/2017,"Jueves",0,8:50:00,"Ruta Provincial 70","0.0",2,"Vehículo Oficial,Moto/Ciclomotor"," ",2,1,0,0,1,0,0,,"Ruta",70,"CORONEL FRAGA","Castellanos","Asfalto","S/D","V","Dentro","Rural","Ninguna","S/D","Recta","S/D","Buena","Diurna","Buen Tiempo","Frontal","S/D","Colisión","S/D","S/D","Ninguna","S/D"
2017,10610,10/9/2017,"Lunes",0,,"Ruta Nacional 11","716.0",1,"Camión"," ",1,1,0,0,0,0,0,,"Ruta",11,"VERA","Vera","Asfalto","Natural","XIX","Dentro","Urbana","S/D","No existe","Recta","Bueno","S/D","S/D","S/D","S/D","S/D","Vuelco","S/D","Horizontal","Línea divisoria pintada","S/D"
2017,10611,11/18/2017,"Sabado",0,,,"0.0",1,"Moto/Ciclomotor"," ",1,1,0,0,0,0,0,,"S/D",,"CORONDA","San Jerónimo","S/D","S/D","XV","S/D","S/D","S/D","S/D","S/D","S/D","S/D","S/D","S/D","S/D","S/D","Caída ocupante","S/D","S/D","S/D","S/D"
2017,10612,12/8/2017,"Viernes",0,18:40:00,"Ruta Nacional 19","73.0",1,"Automóvil"," ",2,1,0,0,0,1,0,"-31.53440,-61.51866","Ruta",19,"ANGÉLICA","Castellanos","Asfalto","Natural","V","Fuera","Rural","Ninguna","No existe","Recta","Bueno","Buena","Diurna","Buen Tiempo","S/D","S/D","Vuelco","Ninguna","Horizontal,Vertical","Ninguna","Sin restricción"
2017,10613,10/2/2017,"Lunes",0,2:30:00,"Ruta Provincial 23","0.0",2,"Automóvil,Automóvil"," ",6,2,0,0,4,0,0,,"Ruta",23,"SAN GUILLERMO","San Cristóbal","S/D","S/D","XIII","S/D","Rural","S/D","S/D","S/D","S/D","S/D","Nocturna","S/D","S/D","S/D","Colisión","S/D","S/D","S/D","S/D"