"anio_acci","nro_acci","fecha","desc_dia","fecha_aprox","hora_aprox","desc_ruta","km","cant_participantes","desc_participante","calle_avenida_km","total","heridos_leves","heridos_graves","heridos_gravisimos","ilesos","fallecidos","sin_datos","posicion_XY","desc_tipo_via","desc_ruta_ori","desc_loc","desc_dpto","desc_tipo_calzada","desc_tipo_banquina","desc_unidad_regional","desc_lugar_calzada","desc_zona","desc_prioridad","desc_estado_semaforo","desc_lugar_via","desc_estado_via","desc_estado_visibilidad","desc_luminosidad","desc_estado_clima","desc_tipo_colision","desc_tipo_atropello","desc_tipo_hecho","desc_pres_calzada","desc_senializacion","desc_separacion_via","desc_restriccion"
2017,10614,11/6/2017,"Lunes",0,22:00:00,"Ruta Nacional 168","0.0",1,"Moto/Ciclomotor"," ",1,1,0,0,0,0,0,,"Ruta",168,"COLASTINE","La Capital","Asfalto","S/D","I","Dentro","Rural","Ninguna","S/D","Recta","Bueno","Buena","Nocturna","Buen Tiempo","S/D","S/D","Caída ocupante","Ninguna","S/D","Ninguna","S/D"
2017,10615,11/17/2017,"Viernes",0,16:30:00,"Ruta Nacional 11","0.0",3,"Automóvil,Automóvil,Automóvil","Av Circunvalación Y Lisandro de la Torre",6,2,0,0,4,0,0,,"Ruta",11,"SANTA FE","La Capital","S/D","S/D","I","S/D","S/D","S/D","S/D","S/D","S/D","S/D","S/D","S/D","Múltiple","S/D","S/D","S/D","S/D","S/D","S/D"
2017,10616,11/18/2017,"Sabado",0,,,"0.0",2,"Moto/Ciclomotor,Automóvil","G Brown Y Saenz Pe±a",2,1,0,0,1,0,0,,"Calle",,"CORONDA","San Jerónimo","Asfalto","No existe","XV","Dentro","Urbana","S/D","No existe","Intersección","S/D","S/D","S/D","S/D","S/D","S/D","Colisión","S/D","Faltante","Ninguna","S/D"
2017,10617,10/28/2017,"Sabado",0,13:50:00,,"0.0",1,"Moto/Ciclomotor","Iturraspe Y Pje Gaboto",2,0,0,0,0,0,2,,"Calle",,"SANTA FE","La Capital","Asfalto","No existe","I","Dentro","Urbana","S/D","No existe","Recta","Bueno","Buena","Diurna","Buen Tiempo","S/D","S/D","Caída ocupante","S/D","S/D","S/D","Sin restricción"
2017,10618,12/10/2017,"Domingo",0,23:00:00,"Ruta Provincial 2","19.0",1,"Pickup/Utilitario"," ",2,1,0,0,0,1,0,"-31.40742,-60.66598","Ruta",2,"MONTE VERA","La Capital","Hormigón","Natural","I","Fuera","Rural","Ninguna","No existe","Recta","Bueno","S/D","Nocturna","Buen Tiempo","S/D","S/D","Despiste","Ninguna","S/D","S/D","Sin restricción"
2017,10619,10/18/2017,"Miercoles",0,,"Ruta Provincial 1","0.0",1,"Pickup/Utilitario","Ruta Prov 1 ",1,1,0,0,0,0,0,,"Ruta",1,"ALEJANDRA","San Javier","Asfalto","Natural","XIV","Dentro","Rural","Ninguna","No existe","Recta","S/D","S/D","S/D","S/D","Contra objeto fijo","S/D","Colisión","S/D","Horizontal","Línea divisoria pintada","S/D"
2017,10620,10/2/2017,"Lunes",0,1:20:00,,"0.0",2,"Moto/Ciclomotor,Pickup/Utilitario","Bv. Lopez Y Concepcion",2,1,0,0,1,0,0,,"Calle",,"CAÑADA DE GÓMEZ","Iriondo","S/D","No existe","X","S/D","Urbana","S/D","S/D","Intersección","S/D","S/D","Nocturna","S/D","S/D","S/D","Colisión","S/D","S/D","S/D","S/D"
2017,10621,12/3/2017,"Domingo",0,1:00:00,"Ruta Provincial 4","0.0",1,"Automóvil"," ",1,0,0,0,0,1,0,"-31.280466, -60.764413","Ruta",4,"SANTA FE","La Capital","Asfalto","Natural","I","Dentro","Rural","Ninguna","No existe","Recta","Bueno","Reducida","Nocturna","Buen Tiempo","Contra objeto fijo","S/D","Colisión","Ninguna","Faltante","Guardarrail","Sin restricción"
2017,10622,11/18/2017,"Sabado",0,13:30:00,"Ruta Provincial 18","0.0",2,"Automóvil,Pickup/Utilitario","Av. Circunvalacion Y Av. Ovidio Lagos",4,3,0,0,1,0,0,,"Ruta",18,"ROSARIO","Rosario","Asfalto","Natural","II","Dentro","Urbana","S/D","Funciona","Intersección","S/D","S/D","Diurna","S/D","S/D","S/D","Colisión","S/D","Vertical","Cordón divisorio","S/D"
2017,10623,10/2/2017,"Lunes",0,1:20:00,,"0.0",1,"Moto/Ciclomotor","Bolivia Y Cuba",1,1,0,0,0,0,0,,"Calle",,"CAÑADA DE GÓMEZ","Iriondo","S/D","No existe","X","S/D","Urbana","S/D","S/D","Intersección","S/D","S/D","Nocturna","S/D","S/D","S/D","Caída ocupante","S/D","S/D","S/D","S/D"
2017,10624,11/27/2017,"Lunes",0,23:00:00,"Ruta Nacional 11","720.0",2,"Automóvil,Moto/Ciclomotor"," ",2,1,0,0,1,0,0,,"Ruta",11,"VERA","Vera","Asfalto","S/D","XIX","Dentro","Rural","Ninguna","S/D","Recta","Bueno","Buena","Nocturna","Buen Tiempo","Lateral","S/D","Colisión","Ninguna","S/D","Ninguna","S/D"
2017,10625,11/21/2017,"Martes",0,20:00:00,"Autovía Nacional 19","115.0",2,"Automóvil,Vehículo Oficial"," ",8,5,0,0,0,0,3,,"Autovía",19,"JOSEFINA","Castellanos","S/D","S/D","V","S/D","S/D","S/D","S/D","S/D","S/D","S/D","S/D","S/D","S/D","S/D","S/D","S/D","S/D","S/D","S/D"
2017,10627,12/22/2017,"Viernes",0,13:50:00,"Ruta Provincial 23","0.0",2,"Automóvil,Bicicleta","Jujuy ",4,1,0,0,2,1,0,"-30.351145,-61.908430","Ruta",23,"SAN GUILLERMO","San Cristóbal","Asfalto,Tierra","Natural","XIII","Dentro","Urbana","Señal Pare","S/D","Recta","Bueno","Buena","Diurna","Buen Tiempo","S/D","Ciclista","Atropello","Ninguna","Horizontal,Vertical","Línea divisoria pintada","Sin restricción"
2017,10629,11/27/2017,"Lunes",0,19:10:00,"Autopista Provincial Brigadier E.López","297.0",3,"Automóvil,Automóvil,Automóvil"," ",4,2,0,0,2,0,0,,"Autopista","Brigadier E.López","GRANADERO BAIGORRIA","Rosario","Asfalto","No existe","II","Dentro","Urbana","Ninguna","No existe","Curva","Bueno","Buena","Atardecer","Buen Tiempo","Múltiple","S/D","Colisión","Ninguna","S/D","Ninguna","Sin restricción"
2017,10630,10/3/2017,"Martes",0,12:50:00,,"0.0",2,"Moto/Ciclomotor,Automóvil","Juan Jose Castelli Y Velez Sarsfield",2,1,0,0,1,0,0,,"Calle",,"VENADO TUERTO","General López","S/D","No existe","VIII","S/D","Urbana","S/D","S/D","Intersección","S/D","S/D","Diurna","S/D","S/D","S/D","Colisión","S/D","S/D","S/D","S/D"
2017,10631,12/21/2017,"Jueves",0,14:20:00,"Ruta Provincial 70","28.0",1,"Automóvil"," ",1,0,0,0,0,1,0,"-31.42451,-61.00265","Ruta",70,"HUMBOLDT","Las Colonias","Asfalto","Natural","XI","Fuera","Rural","Ninguna","No existe","Recta","Resbaladiza","Buena","Diurna","Lluvia","S/D","S/D","Vuelco,Despiste","Agua","Faltante","Línea divisoria pintada","Sin restricción"
2017,10632,11/19/2017,"Domingo",0,22:00:00,,"0.0",2,"Automóvil,Moto/Ciclomotor","Colon Y Chubut",3,1,0,0,2,0,0,,"Calle",,"CAPITÁN BERMÚDEZ","San Lorenzo","Asfalto","No existe","XVII","Dentro","Urbana","S/D","No existe","Intersección","S/D","S/D","Nocturna","S/D","S/D","S/D","Colisión","S/D","Faltante","Ninguna","S/D"
2017,10633,10/3/2017,"Martes",0,16:35:00,,"0.0",1,"Bicicleta","EVA PERON Y SUIPACHA",1,1,0,0,0,0,0,,"Calle",,"VENADO TUERTO","General López","S/D","No existe","VIII","S/D","Urbana","S/D","S/D","Intersección","S/D","S/D","Diurna","S/D","S/D","S/D","Caída ocupante","S/D","S/D","S/D","S/D"
2017,10634,10/28/2017,"Sabado",0,7:40:00,"Ruta Nacional 11","0.0",1,"Moto/Ciclomotor","Av Circunvalación Y Acc Aut a Santa Fe Rosario",1,0,0,0,0,1,0,"-31.625398, -60.729855","Ruta",11,"SANTA FE","La Capital","S/D","S/D","I","Dentro","Urbana","S/D","S/D","S/D","S/D","S/D","Diurna","S/D","S/D","S/D","Caída ocupante","S/D","S/D","S/D","S/D"
2017,10635,11/19/2017,"Domingo",0,,,"0.0",2,"Pickup/Utilitario,Moto/Ciclomotor"," ",2,1,0,0,1,0,0,,"Calle",,"VERA","Vera","S/D","No existe","XIX","Dentro","Urbana","S/D","S/D","Intersección","S/D","S/D","S/D","S/D","S/D","S/D","Colisión","S/D","S/D","Ninguna","S/D"
2017,10636,12/3/2017,"Domingo",0,16:45:00,"Ruta Nacional 11","489.0",2,"Automóvil,Camión c / Acoplado"," ",2,0,0,0,1,1,0,"-31.41731, -60.74448","Ruta",11,"CANDIOTI","La Capital","S/D","Natural","I","Dentro","Rural","Ninguna","No existe","Recta","Resbaladiza","Reducida","Diurna","Lluvia","Frontal","S/D","Colisión","Agua","Horizontal","Línea divisoria pintada","Sin restricción"
2017,10637,10/3/2017,"Martes",0,8:40:00,,"0.0",2,"Moto/Ciclomotor,Camión","25 de Mayo Y Lisandro de la Torre",3,1,0,0,1,0,1,,"Calle",,"VENADO TUERTO","General López","Asfalto","No existe","VIII","S/D","Urbana","S/D","No existe","Intersección","S/D","S/D","Diurna","S/D","S/D","S/D","Colisión","S/D","Faltante","Ninguna","S/D"
2017,10638,10/30/2017,"Lunes",0,1:30:00,,"0.0",1,"Moto/Ciclomotor","Av. Circunvalacion ",1,1,0,0,0,0,0,,"Avenida",,"ROSARIO","Rosario","S/D","No existe","II","Dentro","Urbana","S/D","S/D","S/D","S/D","S/D","Nocturna","S/D","S/D","S/D","S/D","S/D","S/D","S/D","S/D"
2017,10639,10/3/2017,"Martes",0,12:30:00,,"0.0",2,"Automóvil,Moto/Ciclomotor","Carlos Pellegrini Y Gral Jose de San Martin",2,1,0,0,1,0,0,,"Calle",,"VENADO TUERTO","General López","Asfalto","No existe","VIII","S/D","Urbana","S/D","No existe","Recta","S/D","S/D","Diurna","S/D","S/D","S/D","Colisión","S/D","Faltante","Ninguna","S/D"
2017,10640,11/21/2017,"Martes",0,,,"0.0",1,"Vehículo Oficial","Padre Genesio Y Republica de Siria",2,1,0,0,1,0,0,,"Calle",,"SANTA FE","La Capital","Asfalto","No existe","I","Dentro","Urbana","S/D","No existe","Intersección","S/D","S/D","S/D","S/D","Contra objeto fijo","S/D","Colisión","S/D","Faltante","Ninguna","S/D"
2017,10641,10/3/2017,"Martes",0,18:30:00,,"0.0",1,"Moto/Ciclomotor","Lisandro de la Torre Y Nicolas Avellaneda",1,1,0,0,0,0,0,,"Calle",,"VENADO TUERTO","General López","Asfalto","No existe","VIII","S/D","Urbana","S/D","No existe","Recta","S/D","S/D","Diurna","S/D","Atropello animal","S/D","Colisión","S/D","Faltante","Ninguna","S/D"
2017,10642,11/21/2017,"Martes",0,,,"0.0",2,"Automóvil,Moto/Ciclomotor","Boulevard Villada Y General Juan Lavalle",2,1,0,0,1,0,0,,"Avenida",,"CASILDA","Caseros","Asfalto","No existe","IV","Dentro","Urbana","S/D","No existe","Intersección","S/D","S/D","S/D","S/D","S/D","S/D","Colisión","S/D","Faltante","Ninguna","S/D"
2017,10643,12/23/2017,"Sabado",0,5:50:00,,"0.0",1,"Moto/Ciclomotor","Av Blas Parera 9700",1,0,0,0,0,1,0,"-31.567722222222,-60.730194444444","Avenida",,"SANTA FE","La Capital","Asfalto","No existe","I","Dentro","Urbana","Semáforo","Funciona","Recta","Con baches","S/D","Nocturna","Lluvia","S/D","S/D","Caída ocupante","Agua","Vertical","Ninguna","Sin restricción"
2017,10644,10/3/2017,"Martes",0,19:20:00,,"0.0",3,"Moto/Ciclomotor,Peatón,Peatón","Av Dr Luis Chapuis Y Guillermo Dimmer",3,1,0,0,2,0,0,,"Calle",,"VENADO TUERTO","General López","Asfalto","No existe","VIII","S/D","Urbana","S/D","No existe","Intersección","S/D","S/D","Atardecer","S/D","S/D","Peatón","Atropello","S/D","Faltante","Ninguna","S/D"
2017,10645,11/21/2017,"Martes",0,,,"0.0",1,"Moto/Ciclomotor"," ",2,2,0,0,0,0,0,,"S/D",,"CHAÑAR LADEADO","Caseros","S/D","S/D","IV","S/D","S/D","S/D","S/D","S/D","S/D","S/D","S/D","S/D","S/D","S/D","Caída ocupante","S/D","S/D","S/D","S/D"
2017,10646,12/27/2017,"Miercoles",0,23:35:00,,"0.0",2,"Moto/Ciclomotor,Peatón","San Martin Y Santa Fe",2,1,0,0,0,1,0,"-29.890142,-60.287923","Calle",,"CALCHAQUÍ","Vera","Asfalto","No existe","XIX","Dentro","Urbana","Ninguna","No existe","Intersección","Bueno","Buena","Atardecer","Buen Tiempo","S/D","Peatón","Atropello","Ninguna","S/D","Cordón divisorio","Sin restricción"
2017,10647,11/22/2017,"Miercoles",0,11:00:00,"Ruta Provincial 70","0.0",2,"Camión Chasis,Vehículo Oficial","Ruta Nacional 1V11- Juan de Garay  ",2,1,0,0,0,0,1,,"Ruta",70,"RECREO","La Capital","S/D","S/D","I","S/D","S/D","S/D","S/D","Intersección","S/D","S/D","S/D","S/D","Contra objeto fijo","S/D","S/D","S/D","S/D","S/D","S/D"
2017,10648,11/21/2017,"Martes",0,17:30:00,,"0.0",1,"Moto/Ciclomotor"," ",1,1,0,0,0,0,0,,"Calle",,"GÁLVEZ","San Jerónimo","S/D","S/D","XV","Dentro","Urbana","Ninguna","S/D","Recta","S/D","Buena","Diurna","Buen Tiempo","Contra objeto fijo","S/D","Colisión","S/D","S/D","Ninguna","S/D"
2017,10649,12/31/2017,"Domingo",0,8:00:00,,"0.0",1,"Moto/Ciclomotor","6 de Caballeria Y Independencia",1,0,0,0,0,1,0,"-29.238111111111,-61.768611111111","Calle",,"TOSTADO","9 de Julio","Asfalto","No existe","XII","Dentro","Urbana","Ninguna","No existe","Intersección","Bueno","Buena","Diurna","Buen Tiempo","S/D","S/D","Caída ocupante","Ninguna","S/D","Ninguna","Sin restricción"
2017,10650,10/4/2017,"Miercoles",0,15:30:00,,"0.0",2,"Moto/Ciclomotor,Otros","Calle 4 - Ledesma 3250",2,1,0,0,1,0,0,,"Calle",,"RECONQUISTA","General Obligado","Asfalto","Natural","IX","S/D","Urbana","S/D","No existe","Recta","S/D","S/D","Diurna","S/D","S/D","S/D","Colisión","S/D","Faltante","Línea divisoria pintada","S/D"
2017,10651,12/25/2017,"Lunes",0,7:35:00,,"0.0",2,"Automóvil,Moto/Ciclomotor","Oroño Y Maipu",6,2,1,0,0,1,2,"-30.320305555556,-61.240777777778","Calle",,"SAN CRISTÓBAL","San Cristóbal","S/D","No existe","XIII","Dentro","Urbana","Ninguna","No existe","Intersección","Resbaladiza","Buena","Diurna","Buen Tiempo","Lateral","S/D","Colisión","Material Suelto","Faltante","Ninguna","Sin restricción"
2017,10652,10/5/2017,"Jueves",0,,,"0.0",1,"Moto/Ciclomotor","San Luis 500",2,1,0,0,1,0,0,,"Calle",,"ROSARIO","Rosario","Asfalto","No existe","II","S/D","Urbana","S/D","No existe","Recta","S/D","S/D","Diurna","S/D","Contra objeto fijo","S/D","Colisión","S/D","Horizontal","Ninguna","S/D"
2017,10653,10/18/2017,"Miercoles",0,,"Autopista Nacional Rosario -Cordoba","373.0",2,"Camión,Pickup/Utilitario"," ",2,1,0,0,1,0,0,,"Autopista","Rosario -Cordoba","CAÑADA DE GÓMEZ","Iriondo","Asfalto","Natural","X","Dentro","Rural","Otra Señal","No existe","Recta","Bueno","S/D","Nocturna","S/D","S/D","S/D","Colisión","S/D","Horizontal","Línea divisoria pintada","S/D"
2017,10654,10/5/2017,"Jueves",0,7:30:00,,"0.0",1,"Moto/Ciclomotor","Lisandro de la Torre Y Chacabuco",2,2,0,0,0,0,0,,"Calle",,"VENADO TUERTO","General López","Asfalto","No existe","VIII","S/D","Urbana","S/D","No existe","Recta","S/D","S/D","Diurna","S/D","Atropello animal","S/D","Colisión","S/D","Faltante","Ninguna","S/D"
2017,10655,10/5/2017,"Jueves",0,18:00:00,,"0.0",2,"Automóvil,Tren","Parana ",2,1,0,0,1,0,0,,"Calle",,"CAÑADA DE GÓMEZ","Iriondo","S/D","S/D","X","S/D","S/D","S/D","S/D","Paso a Nivel FFCC","S/D","S/D","Diurna","S/D","S/D","S/D","Colisión","S/D","S/D","S/D","S/D"
2017,10656,12/16/2017,"Sabado",0,8:00:00,"Autopista Provincial Brigadier E.López","17.0",2,"Automóvil,Automóvil"," ",3,1,1,0,0,1,0,"-32.740983,-60.762457","Autopista","Brigadier E.López","SAN LORENZO","San Lorenzo","Asfalto","Natural","XVII","Dentro","Rural","Ninguna","No existe","Recta","S/D","S/D","Diurna","S/D","S/D","S/D","Colisión","Ninguna","Horizontal","Ninguna","Sin restricción"
2017,10657,10/6/2017,"Viernes",0,4:30:00,"Autopista Provincial Brigadier E.López","140.0",1,"Pickup/Utilitario"," ",2,2,0,0,0,0,0,,"Autopista","Brigadier E.López","SAUCE VIEJO","La Capital","S/D","S/D","I","S/D","Rural","S/D","S/D","Recta","S/D","S/D","Nocturna","S/D","Contra objeto fijo","S/D","Colisión","S/D","S/D","S/D","S/D"
2017,10658,10/20/2017,"Viernes",0,8:40:00,"Ruta Nacional 8","0.0",2,"Pickup/Utilitario,Moto/Ciclomotor","Ruta Nac 8 Y Domingo Faustino Sarmiento",2,1,0,0,1,0,0,,"Ruta",8,"VENADO TUERTO","General López","Asfalto","Natural","VIII","Dentro","Urbana","Semáforo","Funciona","Paso a Nivel FFCC","Deteriorada","S/D","Amanecer","S/D","Lateral","S/D","Colisión","S/D","Horizontal,Vertical","Línea divisoria pintada","S/D"
2017,10659,12/21/2017,"Jueves",0,19:00:00,"Ruta Nacional 34","0.0",2,"Automóvil,Moto/Ciclomotor"," ",3,1,0,0,1,1,0,"-30.001059, -61.831300","Ruta",34,"HERSILIA","San Cristóbal","Asfalto","S/D","XIII","Dentro","Urbana","Marca Vial","No existe","Intersección","Bueno","Buena","Diurna","Buen Tiempo","Lateral","S/D","Colisión","Ninguna","Vertical","Cordón divisorio","Sin restricción"
2017,10660,10/6/2017,"Viernes",0,6:00:00,"Autopista Provincial Brigadier E.López","0.0",2,"Peatón,Automóvil"," ",2,0,1,0,1,0,0,,"Autopista","Brigadier E.López","SAUCE VIEJO","La Capital","S/D","S/D","I","S/D","Rural","Policía de tránsito","S/D","Recta","S/D","S/D","S/D","S/D","S/D","Peatón","Atropello","S/D","S/D","S/D","Desvío Provisorio"
2017,10661,10/20/2017,"Viernes",0,10:45:00,,"0.0",2,"Automóvil,Moto/Ciclomotor","Maipu Y Italia",2,1,0,0,1,0,0,,"Calle",,"VENADO TUERTO","General López","Hormigón","No existe","VIII","Dentro","Urbana","Ninguna","No existe","Intersección","Bueno","S/D","Diurna","S/D","S/D","S/D","Colisión","S/D","Faltante","Ninguna","S/D"
2017,10662,10/6/2017,"Viernes",0,10:20:00,,"0.0",2,"Moto/Ciclomotor,Automóvil","A. Beltrame Y San Martin",2,1,0,0,1,0,0,,"Calle",,"CAÑADA DE GÓMEZ","Iriondo","Asfalto","No existe","X","S/D","Urbana","S/D","No existe","Intersección","S/D","S/D","Diurna","S/D","S/D","S/D","Colisión","S/D","Faltante","S/D","S/D"
2017,10663,12/25/2017,"Lunes",0,5:00:00,"Ruta Nacional 34","4.5",2,"Automóvil,Moto/Ciclomotor"," ",4,1,0,0,2,1,0,"-32.869010, -60.760630","Ruta",34,"IBARLUCEA","Rosario","Asfalto","Natural","II","Dentro","Urbana","Ninguna","No existe","Recta","Bueno","Buena","Nocturna","Buen Tiempo","Frontal","S/D","Colisión","Ninguna","Horizontal","Ninguna","Sin restricción"
2017,10664,10/7/2017,"Sabado",0,17:50:00,,"0.0",2,"Moto/Ciclomotor,Moto/Ciclomotor","E Zeballos ",3,2,1,0,0,0,0,,"Calle",,"CAÑADA DE GÓMEZ","Iriondo","Asfalto","Pavimento","X","S/D","Urbana","S/D","No existe","Intersección","S/D","S/D","Diurna","S/D","S/D","S/D","Colisión","S/D","Faltante","Línea divisoria pintada","S/D"
2017,10665,10/20/2017,"Viernes",0,20:30:00,,"0.0",2,"Automóvil,Moto/Ciclomotor","Iturraspe 400",2,1,0,0,1,0,0,,"Calle",,"VENADO TUERTO","General López","Hormigón","No existe","VIII","Dentro","Urbana","Ninguna","No existe","Intersección","Bueno","S/D","Nocturna","S/D","S/D","S/D","Colisión","S/D","Faltante","Ninguna","S/D"
2017,10666,10/7/2017,"Sabado",0,6:40:00,,"0.0",2,"Moto/Ciclomotor,Automóvil","Bv. Balcarce Y Sarmiento",2,1,0,0,1,0,0,,"Avenida",,"CAÑADA DE GÓMEZ","Iriondo","Asfalto","No existe","X","S/D","Urbana","S/D","No existe","Intersección","S/D","S/D","S/D","S/D","S/D","S/D","Colisión","S/D","Faltante","Vegetación","S/D"
2017,10667,10/9/2017,"Lunes",0,6:20:00,,"0.0",2,"Moto/Ciclomotor,Automóvil","Calle 20-9 de Julio Y Calle 21-Gdor. iriondo",2,1,0,0,1,0,0,,"Calle",,"RECONQUISTA","General Obligado","Asfalto","No existe","IX","S/D","Urbana","S/D","No existe","Intersección","S/D","S/D","S/D","S/D","S/D","S/D","Colisión","S/D","Faltante","Ninguna","S/D"
2017,10669,10/9/2017,"Lunes",0,,,"0.0",2,"Automóvil,Moto/Ciclomotor","Gabriel Maggi Y Av Italia",2,1,0,0,1,0,0,,"Calle",,"RAFAELA","Castellanos","Ripio","No existe","V","S/D","Urbana","S/D","No existe","Intersección","S/D","S/D","S/D","S/D","S/D","S/D","Colisión","S/D","Faltante","Ninguna","S/D"
2017,10670,10/21/2017,"Sabado",0,3:20:00,"Ruta Nacional 11","0.0",1,"Moto/Ciclomotor"," ",1,1,0,0,0,0,0,,"Ruta",11,"RECONQUISTA","General Obligado","Asfalto","Natural","IX","Dentro","Urbana","Ninguna","No existe","Rotonda","Bueno","S/D","Nocturna","S/D","Contra objeto fijo","S/D","Colisión","S/D","Horizontal","Línea divisoria pintada","S/D"
2017,10671,11/21/2017,"Martes",0,,"Ruta Provincial 13","92.0",1,"Moto/Ciclomotor"," ",1,1,0,0,0,0,0,,"Ruta",13,"SASTRE","San Martín","Asfalto","S/D","XVIII","Fuera","Rural","Ninguna","S/D","Recta","Bueno","S/D","S/D","Buen Tiempo","S/D","S/D","Caída ocupante","Ninguna","S/D","Ninguna","S/D"
2017,10672,10/22/2017,"Domingo",0,19:00:00,"Ruta Nacional 9","375.0",2,"Moto/Ciclomotor,Automóvil","Sarmiento ",2,0,1,0,1,0,0,,"Ruta",9,"CAÑADA DE GÓMEZ","Iriondo","Asfalto","Pavimento","X","Dentro","Urbana","Ninguna","No existe","Intersección","Deteriorada","S/D","Atardecer","S/D","S/D","S/D","Colisión","S/D","Horizontal","Línea divisoria pintada","S/D"
2017,10673,11/21/2017,"Martes",0,,,"0.0",2,"Automóvil,Moto/Ciclomotor","Almirante brown Y Bv Lisandro de la Torre",2,1,0,0,1,0,0,,"Calle",,"SAN JORGE","San Martín","Asfalto","S/D","XVIII","Dentro","Urbana","Ninguna","S/D","Intersección","Bueno","S/D","S/D","Buen Tiempo","Lateral","S/D","Colisión","Ninguna","S/D","Ninguna","S/D"
2017,10674,10/23/2017,"Lunes",0,,,"0.0",2,"Moto/Ciclomotor,Moto/Ciclomotor","CAlle 37-Bvard. lovato Y Roca Pte",4,2,0,0,2,0,0,,"Calle",,"RECONQUISTA","General Obligado","Hormigón","No existe","IX","Dentro","Urbana","Paso Peatonal","No existe","Rotonda","Bueno","S/D","S/D","S/D","S/D","S/D","Colisión","S/D","Horizontal","Cordón divisorio","S/D"
2017,10675,11/22/2017,"Miercoles",0,,,"0.0",2,"Automóvil,Moto/Ciclomotor","Bv Belgrano Y Dean Funes",2,1,0,0,1,0,0,,"Avenida",,"HUMBERTO 1°","Castellanos","Asfalto","S/D","V","Dentro","Urbana","Ninguna","S/D","Intersección","Bueno","S/D","S/D","Buen Tiempo","Lateral","S/D","Colisión","Ninguna","S/D","Ninguna","Sin restricción"
2017,10676,10/22/2017,"Domingo",0,,,"0.0",2,"Vehículo Oficial,Moto/Ciclomotor"," ",3,2,0,0,1,0,0,,"Calle",,"ESPERANZA","Las Colonias","Asfalto","S/D","XI","Dentro","Urbana","S/D","S/D","Intersección","Bueno","S/D","S/D","S/D","Lateral","S/D","Colisión","S/D","S/D","Ninguna","S/D"
2017,10677,10/23/2017,"Lunes",0,,,"0.0",2,"Moto/Ciclomotor,Transporte de Pasajeros Urbano (> 8 asientos)","Av 27 de Febrero Y Necochea",2,1,0,0,1,0,0,,"Calle",,"SANTA FE","La Capital","Hormigón","No existe","I","Dentro","Urbana","Paso Peatonal","No existe","Intersección","Bueno","S/D","S/D","S/D","S/D","S/D","Colisión","S/D","Horizontal","Cordón divisorio,Vegetación,Línea divisoria pintada","S/D"
2017,10678,10/24/2017,"Martes",0,14:15:00,,"0.0",2,"Bicicleta,Moto/Ciclomotor","Carlos Pellegrini Y Gral Jose de San Martin",2,2,0,0,0,0,0,,"Calle",,"VENADO TUERTO","General López","Asfalto","No existe","VIII","Dentro","Urbana","Paso Peatonal","No existe","Intersección","Bueno","S/D","Diurna","S/D","S/D","Ciclista","Atropello","S/D","Horizontal,Vertical","Ninguna","S/D"
2017,10679,11/29/2017,"Miercoles",0,,,"0.0",1,"Vehículo Oficial","Galicia Y Guemes",1,1,0,0,0,0,0,,"S/D",,"ROSARIO","Rosario","S/D","S/D","II","S/D","S/D","S/D","S/D","S/D","S/D","S/D","S/D","S/D","Contra objeto fijo","S/D","S/D","S/D","S/D","S/D","S/D"
2017,10680,10/24/2017,"Martes",0,19:00:00,,"0.0",2,"Moto/Ciclomotor,Moto/Ciclomotor","Ulises Giacaglia Y Laprida",2,1,0,0,1,0,0,,"Calle",,"VENADO TUERTO","General López","Tierra","No existe","VIII","Dentro","Urbana","Ninguna","No existe","Intersección","Deteriorada","S/D","Atardecer","S/D","S/D","S/D","Colisión","Material Suelto","Faltante","Ninguna","S/D"
2017,10681,11/24/2017,"Viernes",0,,,"0.0",2,"Pickup/Utilitario,Moto/Ciclomotor"," ",2,2,0,0,0,0,0,,"Calle",,"VENADO TUERTO","General López","S/D","S/D","VIII","Dentro","Urbana","Ninguna","S/D","Recta","S/D","S/D","S/D","S/D","Lateral","S/D","Colisión","S/D","S/D","S/D","S/D"
2017,10682,11/29/2017,"Miercoles",0,11:30:00,,"0.0",2,"Pickup/Utilitario,Automóvil","JJ PASO  Y JUAN PABLO II",2,1,0,0,0,0,1,,"S/D",,"ROSARIO","Rosario","S/D","S/D","II","S/D","S/D","S/D","S/D","S/D","S/D","S/D","S/D","S/D","S/D","S/D","S/D","S/D","S/D","S/D","S/D"
2017,10683,11/1/2017,"Miercoles",0,11:00:00,,"0.0",2,"Automóvil,Moto/Ciclomotor","25 de Mayo Y Lisandro de la Torre",3,1,0,0,2,0,0,,"Calle",,"VENADO TUERTO","General López","S/D","No existe","VIII","S/D","Urbana","S/D","No existe","Intersección","S/D","S/D","Diurna","S/D","S/D","S/D","Colisión","S/D","S/D","Ninguna","S/D"
2017,10684,11/28/2017,"Martes",0,,,"0.0",3,"Taxi/Remis,Automóvil,Automóvil","Constitucion Y Av. Pellegrini",4,1,0,0,3,0,0,,"Avenida",,"ROSARIO","Rosario","Asfalto","No existe","II","Dentro","Urbana","Semáforo","Funciona","Intersección","S/D","S/D","S/D","S/D","De alcance","S/D","Colisión","S/D","Vertical","Cordón divisorio","S/D"
2017,10685,11/24/2017,"Viernes",0,,,"0.0",2,"Moto/Ciclomotor,Automóvil"," ",2,2,0,0,0,0,0,,"Calle",,"VENADO TUERTO","General López","S/D","S/D","VIII","Dentro","Urbana","S/D","S/D","S/D","S/D","S/D","S/D","S/D","S/D","S/D","Colisión","S/D","S/D","S/D","S/D"
2017,10686,11/29/2017,"Miercoles",0,8:15:00,,"0.0",2,"Moto/Ciclomotor,Bicicleta","Iguazu Y Pte Hipolito Irigoyen",2,0,0,0,0,1,1," -32.706395, -60.747039","S/D",,"PUERTO SAN MARTÍN","San Lorenzo","S/D","S/D","XVII","S/D","Urbana","S/D","S/D","S/D","S/D","S/D","Diurna","S/D","S/D","Ciclista","Atropello","S/D","S/D","S/D","S/D"