"anio_acci","nro_acci","fecha","desc_dia","fecha_aprox","hora_aprox","desc_ruta","km","cant_participantes","desc_participante","calle_avenida_km","total","heridos_leves","heridos_graves","heridos_gravisimos","ilesos","fallecidos","sin_datos","posicion_XY","desc_tipo_via","desc_ruta_ori","desc_loc","desc_dpto","desc_tipo_calzada","desc_tipo_banquina","desc_unidad_regional","desc_lugar_calzada","desc_zona","desc_prioridad","desc_estado_semaforo","desc_lugar_via","desc_estado_via","desc_estado_visibilidad","desc_luminosidad","desc_estado_clima","desc_tipo_colision","desc_tipo_atropello","desc_tipo_hecho","desc_pres_calzada","desc_senializacion","desc_separacion_via","desc_restriccion"
2017,10687,11/25/2017,"Sabado",0,,,"0.0",2,"Automóvil,Moto/Ciclomotor","Bv Centenario B ",2,1,0,0,1,0,0,,"Avenida",,"CAÑADA DE GÓMEZ","Iriondo","Asfalto","S/D","X","Dentro","Urbana","Ninguna","S/D","Recta","Bueno","S/D","S/D","Buen Tiempo","Frontal","S/D","Colisión","S/D","S/D","Ninguna","S/D"
2017,10688,10/24/2017,"Martes",0,12:50:00,,"0.0",2,"Automóvil,Moto/Ciclomotor","Gral Manuel Belgrano Y Chacabuco",3,2,0,0,1,0,0,,"Calle",,"VENADO TUERTO","General López","Hormigón","No existe","VIII","Dentro","Urbana","Señal Pare","No existe","Intersección","Deteriorada","S/D","Diurna","S/D","S/D","S/D","Colisión","S/D","Horizontal,Vertical","Ninguna","S/D"
2017,10689,11/23/2017,"Jueves",0,,,"0.0",2,"Moto/Ciclomotor,Automóvil"," ",3,2,0,0,1,0,0,,"Calle",,"CASILDA","Caseros","S/D","No existe","IV","Dentro","Urbana","S/D","S/D","Recta","S/D","S/D","S/D","S/D","Lateral","S/D","Colisión","S/D","S/D","Ninguna","S/D"
2017,10690,11/30/2017,"Jueves",0,,"Ruta Provincial 94","0.0",2,"Automóvil,Pickup/Utilitario","RP 91S Y JUAN DE GARAY",2,2,0,0,0,0,0,,"Ruta",94,"MURPHY","General López","S/D","S/D","VIII","S/D","S/D","S/D","S/D","S/D","S/D","S/D","S/D","S/D","S/D","S/D","S/D","S/D","S/D","S/D","S/D"
2017,10691,11/1/2017,"Miercoles",0,11:50:00,,"0.0",1,"Pickup/Utilitario","Newbery Jorge 3800",3,2,0,0,1,0,0,,"Avenida",,"VENADO TUERTO","General López","S/D","No existe","VIII","S/D","Urbana","S/D","S/D","Recta","S/D","S/D","Diurna","S/D","S/D","S/D","Vuelco","S/D","S/D","S/D","S/D"
2017,10692,11/30/2017,"Jueves",0,,"Ruta Secundaria 91-s","0.0",1,"Moto/Ciclomotor","Ruta Prov 91 Y Juan de Garay",2,2,0,0,0,0,0,,"Ruta","91-s","VILLA MINETTI","9 de Julio","S/D","S/D","XII","S/D","S/D","S/D","S/D","S/D","S/D","S/D","S/D","S/D","S/D","S/D","S/D","S/D","S/D","S/D","S/D"
2017,10693,11/25/2017,"Sabado",0,3:45:00,,"0.0",1,"Moto/Ciclomotor","Ocampo Y H Irigoyen",1,1,0,0,0,0,0,,"Calle",,"CAÑADA DE GÓMEZ","Iriondo","Asfalto","No existe","X","Dentro","Urbana","S/D","No existe","Intersección","Bueno","Buena","Nocturna","Buen Tiempo","S/D","S/D","Caída ocupante","Ninguna","Faltante","Ninguna","S/D"
2017,10694,11/28/2017,"Martes",0,22:30:00,,"0.0",1,"Automóvil"," ",4,1,0,0,3,0,0,,"Camino Rural",,"SUSANA","Castellanos","Tierra","S/D","V","Dentro","Rural","S/D","S/D","Recta","S/D","S/D","Nocturna","S/D","Contra objeto fijo","S/D","Colisión","S/D","S/D","S/D","S/D"
2017,10695,11/30/2017,"Jueves",0,,,"0.0",1,"Moto/Ciclomotor","Mitre B Y L Alem",1,1,0,0,0,0,0,,"S/D",,"VERA","Vera","S/D","S/D","XIX","S/D","S/D","S/D","S/D","S/D","S/D","S/D","S/D","S/D","Contra objeto fijo","S/D","S/D","S/D","S/D","S/D","S/D"
2017,10696,11/1/2017,"Miercoles",0,12:25:00,,"0.0",2,"Peatón,Bicicleta","25 de Mayo Y Miguel de Azcuenaga",2,1,0,0,1,0,0,,"Calle",,"VENADO TUERTO","General López","S/D","No existe","VIII","S/D","Urbana","S/D","No existe","Recta","S/D","S/D","Diurna","S/D","S/D","Peatón","Atropello","S/D","Faltante","Ninguna","S/D"
2017,10697,11/25/2017,"Sabado",0,,,"0.0",2,"Automóvil,Moto/Ciclomotor","Sarmiento Y L de la Torre",2,2,0,0,0,0,0,,"Calle",,"SAN CRISTÓBAL","San Cristóbal","Asfalto","No existe","XIII","Dentro","Urbana","Ninguna","S/D","Intersección","Bueno","S/D","S/D","Buen Tiempo","Lateral","S/D","Colisión","Ninguna","S/D","Ninguna","Sin restricción"
2017,10698,11/28/2017,"Martes",0,,,"0.0",2,"Automóvil,Moto/Ciclomotor","Bv. Balcarce Y Nicasio Oroño",2,0,1,0,1,0,0,,"Avenida",,"CAÑADA DE GÓMEZ","Iriondo","Asfalto","No existe","X","Dentro","Urbana","S/D","No existe","Intersección","S/D","S/D","S/D","S/D","De alcance","S/D","Colisión","S/D","Faltante","Cordón divisorio","S/D"
2017,10699,10/30/2017,"Lunes",0,,,"0.0",2,"Peatón,Automóvil"," ",2,1,0,0,1,0,0,,"S/D",,"SANTA FE","La Capital","S/D","S/D","I","Dentro","Urbana","S/D","S/D","S/D","S/D","S/D","Nocturna","S/D","S/D","Peatón","Atropello","S/D","S/D","S/D","S/D"
2017,10700,11/1/2017,"Miercoles",0,13:55:00,,"0.0",2,"Moto/Ciclomotor,Automóvil","Carlos Pellegrini Y Almafuerte",2,1,0,0,1,0,0,,"Calle",,"VENADO TUERTO","General López","Asfalto","No existe","VIII","S/D","Urbana","S/D","No existe","Intersección","S/D","S/D","Diurna","S/D","S/D","S/D","Colisión","S/D","Faltante","Ninguna","S/D"
2017,10701,10/31/2017,"Martes",0,7:00:00,,"0.0",2,"Automóvil,Moto/Ciclomotor","Lopez Y Gral Jose de San Martin",2,1,0,0,1,0,0,,"Calle",,"VENADO TUERTO","General López","Hormigón","No existe","VIII","Dentro","Urbana","Ninguna","No existe","Intersección","Bueno","S/D","Amanecer","S/D","S/D","S/D","Colisión","S/D","Faltante","S/D","S/D"
2017,10702,11/28/2017,"Martes",0,,,"0.0",2,"Automóvil,Moto/Ciclomotor","Lavalle Y Maipu",2,1,0,0,1,0,0,,"Calle",,"CAÑADA DE GÓMEZ","Iriondo","Hormigón","No existe","X","Dentro","Urbana","S/D","No existe","Intersección","S/D","S/D","S/D","S/D","Lateral","S/D","Colisión","S/D","Faltante","Ninguna","S/D"
2017,10703,11/1/2017,"Miercoles",0,14:45:00,,"0.0",4,"Moto/Ciclomotor,Moto/Ciclomotor,Moto/Ciclomotor,Pickup/Utilitario","Ayacucho Y Chile",4,3,0,0,1,0,0,,"Calle",,"VENADO TUERTO","General López","Asfalto","No existe","VIII","S/D","Urbana","S/D","No existe","Intersección","S/D","S/D","Diurna","S/D","Múltiple","S/D","Colisión","S/D","Faltante","Ninguna","S/D"
2017,10704,10/31/2017,"Martes",0,16:00:00,,"0.0",1,"Moto/Ciclomotor","Cristobal Colon Y Mariano Moreno",1,1,0,0,0,0,0,,"Calle",,"VENADO TUERTO","General López","Hormigón","No existe","VIII","Dentro","Urbana","Ninguna","No existe","Recta","Bueno","S/D","Diurna","S/D","S/D","S/D","Caída ocupante","S/D","Faltante","Ninguna","S/D"
2017,10705,10/31/2017,"Martes",0,15:37:00,,"0.0",1,"Moto/Ciclomotor","Italia Y Guillermo Brown",1,1,0,0,0,0,0,,"Calle",,"VENADO TUERTO","General López","Tierra","No existe","VIII","Dentro","Urbana","Ninguna","No existe","Recta","Bueno","S/D","Diurna","S/D","S/D","S/D","Caída ocupante","Material Suelto","Faltante","Ninguna","S/D"
2017,10706,11/28/2017,"Martes",0,,,"0.0",2,"Moto/Ciclomotor,Moto/Ciclomotor","Sambarino ",2,1,1,0,0,0,0,,"Calle",,"VERA","Vera","Hormigón","Natural","XIX","Dentro","Urbana","S/D","No existe","Recta","S/D","S/D","S/D","S/D","Lateral","S/D","Colisión","S/D","Faltante","Línea divisoria pintada","S/D"
2017,10707,11/2/2017,"Jueves",0,15:50:00,,"0.0",2,"Moto/Ciclomotor,Camión","Nora Wade de Basualde Y Francia",4,1,0,0,3,0,0,,"Calle",,"VENADO TUERTO","General López","Ripio","No existe","VIII","S/D","Urbana","S/D","No existe","Intersección","S/D","S/D","Diurna","S/D","S/D","S/D","Colisión","S/D","Faltante","Ninguna","S/D"
2017,10708,11/2/2017,"Jueves",0,16:55:00,,"0.0",2,"Moto/Ciclomotor,Pickup/Utilitario","Enrique Alberdi Y Dr Esteban Maradona",2,1,0,0,1,0,0,,"Calle",,"VENADO TUERTO","General López","S/D","No existe","VIII","S/D","S/D","S/D","S/D","Intersección","S/D","S/D","Diurna","S/D","S/D","S/D","Colisión","S/D","S/D","S/D","S/D"
2017,10709,11/2/2017,"Jueves",0,19:00:00,,"0.0",2,"Moto/Ciclomotor,Pickup/Utilitario","Falucho Y Alberdi Juan Bautista",2,2,0,0,0,0,0,,"Avenida",,"VENADO TUERTO","General López","Asfalto","No existe","VIII","S/D","Urbana","S/D","No existe","Intersección","S/D","S/D","Atardecer","S/D","De alcance","S/D","Colisión","S/D","Faltante","Ninguna","S/D"
2017,10710,10/31/2017,"Martes",0,,,"0.0",2,"Moto/Ciclomotor,Automóvil","Calle 44-27 de Abril Y Calle 57-Prof Roberto Roveda",3,0,2,0,0,0,1,,"S/D",,"RECONQUISTA","General Obligado","S/D","S/D","IX","S/D","S/D","S/D","S/D","Intersección","S/D","S/D","S/D","S/D","S/D","S/D","Colisión","S/D","S/D","S/D","S/D"
2017,10711,10/31/2017,"Martes",0,10:45:00,,"0.0",2,"Automóvil,Pickup/Utilitario","H Irigoyen Y Ballesteros",4,3,0,0,0,0,1,,"S/D",,"CAÑADA DE GÓMEZ","Iriondo","S/D","S/D","X","S/D","S/D","S/D","S/D","S/D","S/D","S/D","S/D","S/D","S/D","S/D","S/D","S/D","S/D","S/D","S/D"
2017,10712,11/2/2017,"Jueves",0,20:30:00,,"0.0",2,"Moto/Ciclomotor,Automóvil","Av Blas Parera Y Martin Zapata",2,0,1,0,1,0,0,,"Avenida",,"SANTA FE","La Capital","Asfalto","No existe","I","S/D","Urbana","S/D","S/D","Intersección","S/D","S/D","Nocturna","S/D","S/D","S/D","Colisión","S/D","Vertical","Línea divisoria pintada","S/D"
2017,10713,10/31/2017,"Martes",0,18:10:00,,"0.0",2,"Moto/Ciclomotor,Automóvil","Calle 44-27 de Abril Y Calle 31-Newbery",3,2,0,0,0,0,1,,"S/D",,"RECONQUISTA","General Obligado","S/D","S/D","IX","S/D","S/D","S/D","S/D","Intersección","S/D","S/D","S/D","S/D","S/D","S/D","Colisión","S/D","S/D","S/D","S/D"
2017,10714,10/31/2017,"Martes",0,22:15:00,"Autopista Nacional Rosario -Cordoba","349.0",2,"Camión,Camión"," ",2,1,0,0,0,0,1,,"Autopista","Rosario -Cordoba","CORREA","Iriondo","S/D","S/D","X","S/D","S/D","S/D","S/D","S/D","S/D","S/D","S/D","S/D","S/D","S/D","S/D","S/D","S/D","S/D","S/D"
2017,10715,11/2/2017,"Jueves",0,,,"0.0",2,"Moto/Ciclomotor,Automóvil","Laprida Y Bv 9 de Julio",2,1,0,0,1,0,0,,"Calle",,"CORREA","Iriondo","Ripio","No existe","X","S/D","Urbana","S/D","No existe","Intersección","S/D","S/D","S/D","S/D","S/D","S/D","Colisión","S/D","Faltante","Ninguna","S/D"
2017,10716,11/3/2017,"Viernes",0,15:55:00,,"0.0",1,"Moto/Ciclomotor","Esperanto Y Santa Fe",2,2,0,0,0,0,0,,"Calle",,"VENADO TUERTO","General López","Asfalto","No existe","VIII","S/D","Urbana","S/D","S/D","Intersección","S/D","S/D","Diurna","S/D","S/D","S/D","Caída ocupante","S/D","S/D","Ninguna","S/D"
2017,10717,11/4/2017,"Sabado",0,,"Ruta Provincial 1","0.0",2,"Automóvil,Automóvil","Ruta A-009 ",5,3,0,0,2,0,0,,"Ruta",1,"RECONQUISTA","General Obligado","S/D","S/D","IX","S/D","Rural","S/D","No existe","Intersección","S/D","S/D","S/D","S/D","Lateral","S/D","Colisión","S/D","S/D","S/D","S/D"
2017,10718,11/6/2017,"Lunes",0,15:50:00,"Ruta Nacional 8","0.0",2,"Bicicleta,Automóvil","Bv 12 de octubre Y Velez Sarsfield",2,0,1,0,1,0,0,,"Ruta",8,"VENADO TUERTO","General López","Asfalto","No existe","VIII","S/D","Urbana","S/D","No existe","Intersección","S/D","S/D","Diurna","S/D","S/D","Ciclista","Atropello","S/D","Faltante","Línea divisoria pintada","S/D"
2017,10719,11/6/2017,"Lunes",0,,,"0.0",1,"Automóvil","Reconquista Y Victor Manuel",1,1,0,0,0,0,0,,"Calle",,"RAFAELA","Castellanos","Asfalto","No existe","V","S/D","Urbana","S/D","No existe","Intersección","S/D","S/D","S/D","S/D","Contra objeto fijo","S/D","Colisión","S/D","Faltante","Ninguna,S/D","S/D"
2017,10720,11/25/2017,"Sabado",0,,,"0.0",1,"Moto/Ciclomotor","H Irigoyen 950",2,2,0,0,0,0,0,,"Calle",,"VERA","Vera","Asfalto","No existe","XIX","Dentro","Urbana","Ninguna","S/D","Recta","Bueno","S/D","S/D","Buen Tiempo","Atropello animal","S/D","Colisión","Ninguna","S/D","Ninguna","Sin restricción"
2017,10721,11/4/2017,"Sabado",0,19:00:00,,"0.0",2,"Automóvil,Moto/Ciclomotor","Iriondo 100",2,1,0,0,1,0,0,,"Calle",,"CAÑADA DE GÓMEZ","Iriondo","S/D","No existe","X","S/D","Urbana","S/D","S/D","Recta","S/D","S/D","Atardecer","S/D","S/D","S/D","Colisión","S/D","S/D","S/D","S/D"
2017,10722,11/27/2017,"Lunes",0,19:00:00,,"0.0",2,"Moto/Ciclomotor,Automóvil","San Luis Y Rivadavia",3,2,0,0,1,0,0,,"Calle",,"SAN JORGE","San Martín","Asfalto","No existe","XVIII","Dentro","Urbana","Ninguna","S/D","Intersección","Bueno","Buena","Atardecer","Buen Tiempo","Lateral","S/D","Colisión","Ninguna","S/D","Ninguna","Sin restricción"
2017,10723,11/7/2017,"Martes",0,19:10:00,,"0.0",2,"Moto/Ciclomotor,Moto/Ciclomotor","Calle 326 Y Calle 305",2,2,0,0,0,0,0,,"Calle",,"AVELLANEDA","General Obligado","S/D","No existe","IX","S/D","Urbana","S/D","S/D","Intersección","S/D","S/D","Atardecer","S/D","S/D","S/D","Colisión","S/D","S/D","S/D","S/D"
2017,10724,11/29/2017,"Miercoles",0,,,"0.0",2,"Automóvil,Moto/Ciclomotor","Lisandro de la Torre Y P Jose T Maxwell",2,1,0,0,1,0,0,,"Calle",,"VENADO TUERTO","General López","Asfalto","No existe","VIII","Dentro","Urbana","Ninguna","S/D","Intersección","Bueno","Buena","S/D","Buen Tiempo","Lateral","S/D","Colisión","Ninguna","S/D","Ninguna","Sin restricción"
2017,10725,11/7/2017,"Martes",0,16:30:00,"Ruta Nacional 11","863.9",1,"Camión"," ",1,1,0,0,0,0,0,,"Ruta",11,"RECONQUISTA","General Obligado","S/D","S/D","IX","S/D","Rural","S/D","S/D","Recta","S/D","S/D","Diurna","S/D","S/D","S/D","Vuelco","S/D","S/D","S/D","S/D"
2017,10726,11/11/2017,"Sabado",0,22:00:00,"Ruta Nacional 9","0.0",1,"Moto/Ciclomotor"," ",1,1,0,0,0,0,0,,"Ruta",9,"LAS PAREJAS","Belgrano","S/D","S/D","III","S/D","S/D","S/D","S/D","S/D","S/D","S/D","S/D","S/D","S/D","S/D","Colisión","S/D","S/D","S/D","S/D"
2017,10727,11/12/2017,"Domingo",0,3:45:00,"Ruta Nacional 8","372.0",2,"Vehículo Oficial,Vehículo Oficial"," ",2,2,0,0,0,0,0,,"Ruta",8,"VENADO TUERTO","General López","Asfalto","Ripio","VIII","Dentro","Urbana","Ninguna","No existe","Recta","Bueno","S/D","Nocturna","S/D","S/D","S/D","Colisión","S/D","Horizontal","Línea divisoria pintada","S/D"
2017,10728,12/29/2017,"Viernes",0,11:40:00,"Autovía Nacional A012","0.0",2,"Automóvil,Automóvil","Ruta Provincial 14 ",7,5,0,0,1,1,0,"-33.091913,-60.790873","Autovía","A012","PIÑERO","Rosario","Asfalto","Natural","II","Dentro","Rural","Señal Pare","No existe","Cruce","Bueno","Buena","Diurna","Buen Tiempo","Lateral","S/D","Colisión","Ninguna","Horizontal,Vertical","Cordón divisorio","Sin restricción"
2017,10729,10/11/2017,"Miercoles",0,3:45:00,,"0.0",2,"Moto/Ciclomotor,Automóvil","Casey Y Maipu",2,1,0,0,1,0,0,,"Calle",,"VENADO TUERTO","General López","Hormigón","No existe","VIII","Dentro","Urbana","Ninguna","No existe","Intersección","Bueno","S/D","Nocturna","S/D","S/D","S/D","Colisión","S/D","Faltante","Ninguna","S/D"
2017,10730,11/11/2017,"Sabado",0,5:57:00,,"0.0",2,"Automóvil,Moto/Ciclomotor","Chile Y Ayacucho",3,1,0,0,2,0,0,,"Calle",,"VENADO TUERTO","General López","Hormigón","No existe","VIII","Dentro","Urbana","Ninguna","No existe","Intersección","Bueno","S/D","Nocturna","S/D","S/D","S/D","Colisión","S/D","Faltante","Ninguna","S/D"
2017,10731,12/30/2017,"Sabado",0,20:55:00,"Ruta Provincial 3","0.0",1,"Moto/Ciclomotor"," ",1,0,0,0,0,1,0,"-28.26160,-59.98232","Ruta",3,"CAÑADA OMBÚ","Vera","S/D","Natural","XIX","Dentro","Rural","Ninguna","No existe","Recta","Ahuellamiento","Reducida","Nocturna","Buen Tiempo","S/D","S/D","Vuelco","S/D","Faltante","Ninguna","Sin restricción"
2017,10732,11/11/2017,"Sabado",0,16:55:00,,"0.0",1,"Moto/Ciclomotor","P Jose T Maxwell Y Italia",1,1,0,0,0,0,0,,"Calle",,"VENADO TUERTO","General López","Tierra","No existe","VIII","Dentro","Urbana","Ninguna","No existe","Intersección","Otro","S/D","Diurna","S/D","Otro","S/D","Caída ocupante","S/D","Faltante","S/D","S/D"
2017,10733,10/6/2017,"Viernes",0,10:20:00,,"0.0",2,"Moto/Ciclomotor,Automóvil","A. Beltrame Y San Martin",2,1,0,0,1,0,0,,"Calle",,"CAÑADA DE GÓMEZ","Iriondo","Hormigón","No existe","X","Dentro","Urbana","S/D","No existe","Intersección","S/D","S/D","Nocturna","S/D","S/D","S/D","Colisión","S/D","Faltante","Ninguna","S/D"
2017,10734,11/11/2017,"Sabado",0,22:10:00,,"0.0",2,"Automóvil,Moto/Ciclomotor","Av Dr Luis Chapuis Y Quintana",2,1,0,0,1,0,0,,"Avenida",,"VENADO TUERTO","General López","Hormigón","No existe","VIII","Dentro","Urbana","Semáforo","Funciona","Intersección","Deteriorada","S/D","Nocturna","S/D","S/D","S/D","Colisión","S/D","Vertical","Cordón divisorio,Vegetación","S/D"
2017,10735,10/10/2017,"Martes",0,18:45:00,"Ruta Nacional 11","717.0",1,"Camión"," ",1,1,0,0,0,0,0,,"Ruta",11,"VERA","Vera","Asfalto","Natural","XIX","Dentro","Rural","S/D","No existe","Recta","S/D","S/D","Atardecer","S/D","S/D","S/D","Despiste","S/D","Faltante","Línea divisoria pintada","S/D"
2017,10736,12/16/2017,"Sabado",0,12:30:00,"Ruta Provincial 2","0.0",2,"Moto/Ciclomotor,Automóvil"," ",2,0,0,0,1,1,0,"-31.54582, -60.69057","Ruta",2,"SANTA FE","La Capital","Hormigón","Natural","I","Dentro","Rural","Ninguna","No existe","Recta","Bueno","Buena","Diurna","Buen Tiempo","Lateral","S/D","Colisión","Ninguna","Faltante","Línea divisoria pintada","Sin restricción"
2017,10737,11/11/2017,"Sabado",0,6:40:00,"Ruta Nacional 11","768.0",1,"Automóvil"," ",4,4,0,0,0,0,0,,"Ruta",11,"BERNA","General Obligado","Asfalto","Natural","VIII","Fuera","Rural","Ninguna","No existe","Puente","Bueno","S/D","Amanecer","S/D","S/D","S/D","Inmersión,Despiste","S/D","Horizontal","Guardarrail,Línea divisoria pintada","S/D"
2017,10738,10/7/2017,"Sabado",0,22:00:00,,"0.0",1,"Pickup/Utilitario","Jose Beltramino Y A Aguado",1,1,0,0,0,0,0,,"Calle",,"RAFAELA","Castellanos","Hormigón","No existe","V","Dentro","Urbana","S/D","No existe","Recta","S/D","S/D","Nocturna","S/D","S/D","S/D","Vuelco","S/D","Faltante","Ninguna","S/D"
2017,10739,10/7/2017,"Sabado",0,,,"0.0",2,"Moto/Ciclomotor,Moto/Ciclomotor","Jose Beltramino Y A Aguado",2,2,0,0,0,0,0,,"Calle",,"RAFAELA","Castellanos","Hormigón","No existe","V","Dentro","Urbana","S/D","No existe","Intersección","S/D","S/D","Nocturna","S/D","Lateral","S/D","Colisión","S/D","Faltante","Ninguna","S/D"
2017,10740,10/7/2017,"Sabado",0,,,"0.0",2,"Moto/Ciclomotor,Automóvil","Bv Jaime Ferre Y Pueyrredon",2,1,0,0,1,0,0,,"Avenida",,"RAFAELA","Castellanos","Asfalto","No existe","V","Dentro","Urbana","S/D","No existe","Intersección","S/D","S/D","S/D","S/D","Lateral","S/D","Colisión","S/D","Faltante","Ninguna","S/D"
2017,10741,10/7/2017,"Sabado",0,,"Ruta Nacional 34","0.0",2,"Moto/Ciclomotor,Moto/Ciclomotor","Av Doctor E Salva Y Ruta Nac 34 Gral Guemes",2,1,0,0,1,0,0,,"Ruta",34,"RAFAELA","Castellanos","Asfalto","No existe","V","Dentro","Urbana","S/D","Funciona","Intersección","S/D","S/D","S/D","S/D","S/D","S/D","Colisión","S/D","Vertical","Cordón divisorio","S/D"
2017,10742,12/19/2017,"Martes",0,16:35:00,"Ruta Provincial 2","12.0",1,"Moto/Ciclomotor"," ",1,0,0,0,0,1,0,"-31.46692,-60.67302","Ruta",2,"MONTE VERA","La Capital","Hormigón","Natural","I","Dentro","Rural","Ninguna","No existe","Recta","Bueno","Buena","Diurna","Buen Tiempo","S/D","S/D","Caída ocupante","Ninguna","S/D","Línea divisoria pintada","Sin restricción"
2017,10743,10/7/2017,"Sabado",0,,"Ruta Provincial 70","0.0",2,"Automóvil,Bicicleta","Bv Santa Fe Y Jorge Newbery",2,1,0,0,1,0,0,,"Ruta",70,"RAFAELA","Castellanos","Asfalto","No existe","V","Dentro","Urbana","S/D","Funciona","Intersección","S/D","S/D","S/D","S/D","S/D","Ciclista","Atropello","S/D","Horizontal,Vertical","Ninguna","S/D"
2017,10744,12/25/2017,"Lunes",0,18:10:00,"Ruta Provincial 10","0.0",2,"Pickup/Utilitario,Camión c / Semirremolque","Campo Piaggio ",3,1,0,0,0,2,0,"-31.93505,-61.27386","Ruta",10,"LÓPEZ","San Jerónimo","Asfalto","Natural","XV","Dentro","Rural","Ninguna","No existe","Recta","Con baches","S/D","Diurna","Buen Tiempo","Lateral","S/D","Colisión","Ninguna","Faltante","Línea divisoria pintada","Sin restricción"
2017,10745,11/10/2017,"Viernes",0,21:10:00,,"0.0",2,"Moto/Ciclomotor,Automóvil","Belgrano Y Corrientes",2,1,0,0,1,0,0,,"Calle",,"MALABRIGO","General Obligado","S/D","No existe","IX","Dentro","Urbana","S/D","S/D","Intersección","S/D","S/D","S/D","S/D","S/D","S/D","Colisión","S/D","S/D","S/D","S/D"
2017,10746,11/15/2017,"Miercoles",0,22:45:00,,"0.0",1,"Moto/Ciclomotor","Santa Fe Y Carlos Pellegrini",2,2,0,0,0,0,0,,"Avenida",,"VENADO TUERTO","General López","Asfalto","No existe","VIII","S/D","Urbana","S/D","No existe","Intersección","S/D","S/D","Nocturna","S/D","S/D","S/D","Caída ocupante","S/D","Faltante","Ninguna","S/D"
2017,10747,10/9/2017,"Lunes",0,18:20:00,,"0.0",2,"Automóvil,Moto/Ciclomotor","Nicolas Avellaneda Y Mariano Moreno",3,2,0,0,1,0,0,,"Calle",,"VENADO TUERTO","General López","Hormigón","No existe","VIII","Dentro","Urbana","S/D","No existe","Intersección","S/D","S/D","Diurna","S/D","Lateral","S/D","Colisión","S/D","Faltante","Ninguna","S/D"
2017,10748,11/15/2017,"Miercoles",0,17:40:00,,"0.0",2,"Automóvil,Moto/Ciclomotor","Falucho Y Vuelta de Obligado",4,3,0,0,1,0,0,,"Calle",,"VENADO TUERTO","General López","S/D","No existe","VIII","S/D","Urbana","S/D","No existe","Intersección","S/D","S/D","Diurna","S/D","S/D","S/D","Colisión","S/D","Faltante","Ninguna","S/D"
2017,10749,10/9/2017,"Lunes",0,,,"0.0",1,"Moto/Ciclomotor"," ",1,1,0,0,0,0,0,,"Calle",,"SANTA FE","La Capital","Asfalto","No existe","I","Dentro","Urbana","S/D","S/D","Recta","Con baches","S/D","S/D","S/D","S/D","S/D","Caída ocupante","S/D","S/D","Ninguna","S/D"
2017,10750,11/10/2017,"Viernes",0,17:25:00,,"0.0",2,"Moto/Ciclomotor,Moto/Ciclomotor","Bv Centenario B Y Independencia",2,1,0,0,1,0,0,,"Calle",,"CAÑADA DE GÓMEZ","Iriondo","Asfalto,Ripio","No existe","X","Dentro","Urbana","S/D","No existe","Intersección","Bueno","Buena","Diurna","Buen Tiempo","Lateral","S/D","Colisión","S/D","S/D","S/D","Sin restricción"
2017,10752,11/10/2017,"Viernes",0,20:05:00,"Ruta Nacional 11","899.0",1,"Moto/Ciclomotor"," ",2,2,0,0,0,0,0,,"Ruta",11,"LAS TOSCAS","General Obligado","Asfalto","Natural","IX","Dentro","Rural","Ninguna","No existe","Recta","Bueno","S/D","Nocturna","S/D","S/D","S/D","Caída ocupante","S/D","Horizontal","Línea divisoria pintada","S/D"
2017,10753,11/15/2017,"Miercoles",0,4:00:00,,"0.0",1,"Automóvil","Quintana Y Pedro Alejandro Vittori",1,1,0,0,0,0,0,,"Avenida",,"SANTA FE","La Capital","Asfalto","No existe","I","S/D","Urbana","S/D","No existe","Intersección","S/D","S/D","Nocturna","S/D","S/D","S/D","Vuelco","S/D","Horizontal","Vegetación","S/D"
2017,10754,12/8/2017,"Viernes",0,8:30:00,"Autopista Nacional Gral. Juan Jose Valle","244.0",2,"Automóvil,Camión Chasis"," ",3,0,1,0,1,1,0,"-33.2978143,-60.3569384","Autopista","Gral. Juan Jose Valle","VILLA CONSTITUCIÓN","Constitución","Asfalto","S/D","VI","Fuera","Urbana","Ninguna","S/D","Recta","Bueno","Buena","Diurna","Buen Tiempo","De alcance","S/D","Colisión","Ninguna","S/D","Ninguna","Sin restricción"
2017,10755,11/16/2017,"Jueves",0,14:55:00,,"0.0",2,"Pickup/Utilitario,Moto/Ciclomotor","Balcarce Y Dean Funes",2,1,0,0,1,0,0,,"Calle",,"VENADO TUERTO","General López","Asfalto","No existe","VIII","S/D","Urbana","Ninguna","No existe","Intersección","S/D","S/D","Diurna","S/D","S/D","S/D","Colisión","S/D","Faltante","Ninguna","S/D"
2017,10756,11/10/2017,"Viernes",0,20:05:00,"Ruta Secundaria 40-s","0.0",2,"Moto/Ciclomotor,Moto/Ciclomotor","Ruta Nacional 11 ",2,2,0,0,0,0,0,,"Ruta","40-s","RECONQUISTA","General Obligado","Asfalto","Natural","IX","Dentro","Urbana","Semáforo","Funciona","Intersección","Deteriorada","S/D","Diurna","S/D","S/D","S/D","Colisión","S/D","Horizontal,Vertical","Guardarrail,Cordón divisorio,Vegetación,Línea divisoria pintada","S/D"
2017,10757,10/9/2017,"Lunes",0,20:35:00,,"0.0",2,"Automóvil,Moto/Ciclomotor","Calle 68-Armada Argentina Y Calle 45-47 Paraguay",2,1,0,0,1,0,0,,"Calle",,"RECONQUISTA","General Obligado","Asfalto","No existe","IX","Dentro","Urbana","S/D","S/D","Intersección","S/D","S/D","Nocturna","S/D","Lateral","S/D","Colisión","S/D","S/D","Ninguna","S/D"