"anio_acci","nro_acci","fecha","desc_dia","fecha_aprox","hora_aprox","desc_ruta","km","cant_participantes","desc_participante","calle_avenida_km","total","heridos_leves","heridos_graves","heridos_gravisimos","ilesos","fallecidos","sin_datos","posicion_XY","desc_tipo_via","desc_ruta_ori","desc_loc","desc_dpto","desc_tipo_calzada","desc_tipo_banquina","desc_unidad_regional","desc_lugar_calzada","desc_zona","desc_prioridad","desc_estado_semaforo","desc_lugar_via","desc_estado_via","desc_estado_visibilidad","desc_luminosidad","desc_estado_clima","desc_tipo_colision","desc_tipo_atropello","desc_tipo_hecho","desc_pres_calzada","desc_senializacion","desc_separacion_via","desc_restriccion"
2017,10758,12/2/2017,"Sabado",0,2:20:00,,"0.0",1,"Moto/Ciclomotor","Av. Belgrano Y San Martin",1,0,0,0,0,1,0,"-32.941055555556,-60.635361111111","Calle",,"ROSARIO","Rosario","Asfalto","No existe","II","Dentro","Urbana","Semáforo","Funciona","Intersección","Bueno","S/D","Nocturna","S/D","Contra objeto fijo","S/D","Colisión","Ninguna","Vertical","Ninguna","Sin restricción"
2017,10759,11/10/2017,"Viernes",0,14:15:00,,"0.0",2,"Pickup/Utilitario,Moto/Ciclomotor","Calle 4 Y Calle 31",2,1,0,0,1,0,0,,"Calle",,"LAS TOSCAS","General Obligado","Tierra","No existe","IX","Dentro","Urbana","S/D","S/D","Intersección","S/D","S/D","S/D","S/D","S/D","S/D","Colisión","S/D","S/D","S/D","S/D"
2017,10760,11/1/2017,"Miercoles",1,7:45:00,,"0.0",2,"Automóvil,Bicicleta","Bv Centenario B Y H Irigoyen",2,1,0,0,1,0,0,,"Calle",,"CAÑADA DE GÓMEZ","Iriondo","Asfalto","No existe","X","Dentro","Urbana","Ninguna","No existe","Intersección","Bueno","Buena","Diurna","Buen Tiempo","S/D","Ciclista","Atropello","S/D","S/D","S/D","Sin restricción"
2017,10761,11/16/2017,"Jueves",0,17:35:00,,"0.0",2,"Automóvil,Moto/Ciclomotor","Roque Saenz Peña Y Italia",4,2,0,0,2,0,0,,"Calle",,"VENADO TUERTO","General López","S/D","No existe","VIII","S/D","Urbana","S/D","No existe","Intersección","S/D","S/D","Diurna","S/D","S/D","S/D","Colisión","S/D","Faltante","Ninguna","S/D"
2017,10762,12/12/2017,"Martes",0,19:20:00,"Ruta Nacional 11","783.0",2,"Pickup/Utilitario,Pickup/Utilitario"," ",3,1,0,0,0,2,0,"-29.1879383,-59.6864788","Ruta",11,"RECONQUISTA","General Obligado","Asfalto","S/D","IX","Dentro","Rural","Ninguna","S/D","Recta","Bueno","Buena","Atardecer","Buen Tiempo","Frontal","S/D","Colisión","Ninguna","S/D","Línea divisoria pintada","Sin restricción"
2017,10763,12/1/2017,"Viernes",1,11:30:00,"Ruta Nacional 33","673.0",2,"Automóvil,Camión"," ",2,0,0,0,0,1,1,"-33.511652,-61.600739","Ruta",33,"CHOVET","General López","Asfalto","Natural","VIII","Dentro","Rural","Ninguna","No existe","Recta","Bueno","S/D","Diurna","S/D","S/D","S/D","Colisión","Ninguna","Horizontal","Línea divisoria pintada","Sin restricción"
2017,10764,11/12/2017,"Domingo",0,19:30:00,"Ruta Provincial 91","0.0",1,"Moto/Ciclomotor"," ",2,2,0,0,0,0,0,,"Ruta",91,"CAÑADA DE GÓMEZ","Iriondo","S/D","S/D","X","S/D","S/D","S/D","S/D","S/D","S/D","S/D","S/D","S/D","S/D","S/D","Caída ocupante","S/D","S/D","S/D","S/D"
2017,10765,10/11/2017,"Miercoles",0,10:30:00,,"0.0",2,"Automóvil,Moto/Ciclomotor","España Y Nicolas Avellaneda",2,1,0,0,1,0,0,,"Calle",,"VENADO TUERTO","General López","Hormigón","No existe","VIII","Dentro","Urbana","S/D","No existe","Intersección","S/D","S/D","Diurna","S/D","Lateral","S/D","Colisión","S/D","Faltante","Ninguna","S/D"
2017,10766,12/6/2017,"Miercoles",0,8:30:00,"Ruta Nacional 11","0.0",1,"Moto/Ciclomotor","Av Circunvalación Y Gorostiaga",1,0,0,0,0,1,0,"-31.645476, -60.741808","Ruta",11,"SANTA FE","La Capital","Asfalto","S/D","I","Dentro","Urbana","S/D","S/D","S/D","S/D","S/D","Diurna","S/D","S/D","S/D","Caída ocupante","S/D","S/D","S/D","S/D"
2017,10767,11/17/2017,"Viernes",0,,"Ruta Provincial 22","0.0",2,"Automóvil,Automóvil"," ",7,7,0,0,0,0,0,,"Ruta",22,"JOSEFINA","Castellanos","Asfalto","S/D","V","S/D","S/D","S/D","S/D","S/D","S/D","S/D","Diurna","S/D","Frontal","S/D","Colisión","S/D","S/D","Línea divisoria pintada","S/D"
2017,10768,10/11/2017,"Miercoles",0,7:30:00,"Autopista Nacional Rosario -Cordoba","301.0",2,"Automóvil,Automóvil"," ",2,2,0,0,0,0,0,,"Autopista","Rosario -Cordoba","FUNES","Rosario","Asfalto","Natural","II","Dentro","Rural","S/D","S/D","Recta","S/D","S/D","Diurna","S/D","Lateral","S/D","Colisión","S/D","Faltante","Vegetación","S/D"
2017,10769,12/17/2017,"Domingo",0,5:30:00,,"0.0",1,"Automóvil","Av Blas Parera Y Martin Zapata",1,0,0,0,0,1,0,"-31.616094, -60.717341","Avenida",,"SANTA FE","La Capital","Asfalto","No existe","I","Dentro","Urbana","Semáforo","Funciona","Intersección","Bueno","Buena","Nocturna","Buen Tiempo","Contra objeto fijo","S/D","Colisión","Ninguna","Vertical","Cordón divisorio","Sin restricción"
2017,10770,11/11/2017,"Sabado",0,6:30:00,,"0.0",2,"Moto/Ciclomotor,Moto/Ciclomotor","España Y Boulevard Centenario",2,2,0,0,0,0,0,,"Avenida",,"CAÑADA DE GÓMEZ","Iriondo","Hormigón","No existe","X","Dentro","Urbana","Ninguna","No existe","Intersección","Deteriorada","S/D","Amanecer","S/D","S/D","S/D","Colisión","S/D","Faltante","Cordón divisorio,Vegetación","S/D"
2017,10771,12/8/2017,"Viernes",0,16:30:00,,"0.0",2,"Vehículo Oficial,Moto/Ciclomotor","Av. Rivarola Y Colect Av. Circunvalación",2,0,0,0,1,1,0,"-32.966022,-60.719908","Calle",,"ROSARIO","Rosario","Asfalto","No existe","II","Dentro","Urbana","Ninguna","No existe","Intersección","Bueno","S/D","Diurna","S/D","S/D","S/D","Colisión","Ninguna","Faltante","Ninguna","Sin restricción"
2017,10772,11/10/2017,"Viernes",0,20:30:00,,"0.0",1,"Automóvil","Av. L. N. Alem 600",1,1,0,0,0,0,0,,"Avenida",,"CAÑADA DE GÓMEZ","Iriondo","Hormigón","No existe","X","Dentro","Urbana","Ninguna","No existe","Recta","Deteriorada","S/D","Nocturna","S/D","S/D","S/D","Vuelco","S/D","Faltante","Cordón divisorio","S/D"
2017,10773,10/10/2017,"Martes",0,20:30:00,,"0.0",2,"Automóvil,Bicicleta","Bv. Balcarce Y Quintana",2,1,0,0,1,0,0,,"Calle",,"CAÑADA DE GÓMEZ","Iriondo","Hormigón","No existe","X","Dentro","Urbana","Ninguna","No existe","Recta","Deteriorada","S/D","Nocturna","S/D","S/D","Ciclista","Atropello","S/D","Faltante","Ninguna","S/D"
2017,10774,11/19/2017,"Domingo",0,3:45:00,,"0.0",2,"Automóvil,Moto/Ciclomotor","Avenida San Martin Y Belgrano",3,1,1,0,1,0,0,,"Calle",,"VILLA OCAMPO","General Obligado","S/D","No existe","IX","S/D","Urbana","S/D","S/D","Intersección","S/D","S/D","Nocturna","S/D","S/D","S/D","Colisión","S/D","S/D","S/D","S/D"
2017,10775,10/11/2017,"Miercoles",0,10:45:00,"Ruta Provincial 91","0.0",1,"Camión c / Semirremolque"," ",1,1,0,0,0,0,0,,"Ruta",91,"TOTORAS","Iriondo","Asfalto","Natural","X","Dentro","Urbana","S/D","No existe","Recta","S/D","S/D","S/D","S/D","Contra objeto fijo","S/D","Colisión,Incendio","S/D","Faltante","Línea divisoria pintada","S/D"
2017,10776,12/8/2017,"Viernes",0,9:15:00,,"0.0",1,"Moto/Ciclomotor"," ",2,0,1,0,0,1,0,"-28.354774, -59.295296","Camino Rural",,"LAS TOSCAS","General Obligado","S/D","S/D","IX","S/D","S/D","S/D","S/D","S/D","S/D","S/D","Diurna","S/D","S/D","S/D","Caída ocupante","S/D","S/D","S/D","S/D"
2017,10777,12/10/2017,"Domingo",0,22:00:00,"Ruta Nacional 11","0.0",2,"Automóvil,Moto/Ciclomotor","Av Circunvalación Y Teniente Loza",4,2,0,0,1,1,0,"-31.563,-60.755944444444","Ruta",11,"SANTA FE","La Capital","S/D","S/D","I","Dentro","Urbana","S/D","S/D","S/D","S/D","S/D","Nocturna","S/D","S/D","S/D","Colisión","S/D","S/D","S/D","S/D"
2017,10778,11/20/2017,"Lunes",0,20:20:00,,"0.0",2,"Moto/Ciclomotor,Moto/Ciclomotor","Lisandro de la Torre Y Cristobal Colon",2,1,0,0,0,0,1,,"Calle",,"VENADO TUERTO","General López","Asfalto","No existe","VIII","S/D","Urbana","S/D","No existe","Intersección","S/D","S/D","Nocturna","S/D","S/D","S/D","Colisión","S/D","Faltante","Ninguna","S/D"
2017,10779,11/15/2017,"Miercoles",0,16:00:00,"Ruta Nacional 33","0.0",2,"Automóvil,Automóvil"," ",6,6,0,0,0,0,0,,"Ruta",33,"VENADO TUERTO","General López","Asfalto","Natural","VIII","Dentro","Rural","S/D","No existe","Recta","S/D","S/D","S/D","S/D","De alcance","S/D","Colisión","S/D","Faltante","Línea divisoria pintada","S/D"
2017,10780,11/13/2017,"Lunes",0,,,"0.0",1,"Automóvil","L N Alem Y N Figueredo",1,1,0,0,0,0,0,,"Calle",,"SAN JUSTO","San Justo","Hormigón","No existe","XVI","Dentro","Urbana","Ninguna","No existe","Recta","Deteriorada","S/D","Amanecer","S/D","Contra objeto fijo","S/D","Colisión","S/D","Faltante","Ninguna","S/D"
2017,10781,12/17/2017,"Domingo",0,17:00:00,"Ruta Nacional 9","365.0",1,"Moto/Ciclomotor"," ",1,0,0,0,0,1,0,"-32.8314016,-61.278415","Ruta",9,"CORREA","Iriondo","Asfalto","Natural","X","Dentro","Rural","Ninguna","No existe","Curva","Bueno","Buena","Diurna","Buen Tiempo","S/D","S/D","Caída ocupante","Ninguna","S/D","Ninguna","Sin restricción"
2017,10782,11/20/2017,"Lunes",0,20:45:00,,"0.0",2,"Moto/Ciclomotor,Automóvil","Urquiza Y Valparaiso",3,1,1,0,1,0,0,,"Calle",,"CAÑADA DE GÓMEZ","Iriondo","S/D","No existe","X","S/D","Urbana","S/D","S/D","Intersección","S/D","S/D","S/D","S/D","S/D","S/D","Colisión","S/D","S/D","Ninguna","S/D"
2017,10783,10/15/2017,"Domingo",0,17:30:00,"Ruta Nacional 33","0.0",4,"Automóvil,Automóvil,Pickup/Utilitario,Pickup/Utilitario","Perillo N - Calle 18 Y Ruta Nacional 33",5,1,0,0,4,0,0,,"Ruta",33,"VENADO TUERTO","General López","Asfalto","Natural","VIII","Dentro","Rural","S/D","No existe","Recta","S/D","S/D","Diurna","S/D","De alcance","S/D","Colisión","S/D","Faltante","Línea divisoria pintada","S/D"
2017,10784,12/16/2017,"Sabado",0,21:20:00,"Ruta Provincial 13","80.0",2,"Camión Chasis,Moto/Ciclomotor"," ",2,0,0,0,1,1,0,"-31.81923,-61.82756","Ruta",13,"SAN JORGE","San Martín","S/D","S/D","XVIII","S/D","Rural","S/D","S/D","Recta","S/D","S/D","Nocturna","S/D","S/D","S/D","Colisión","S/D","S/D","S/D","S/D"
2017,10785,11/14/2017,"Martes",0,6:20:00,,"0.0",1,"Automóvil","Lisandro de la Torre Y Fernando Azcoaga",2,1,0,0,1,0,0,,"Calle",,"VENADO TUERTO","General López","Asfalto","No existe","VIII","S/D","Urbana","S/D","No existe","Recta","S/D","S/D","S/D","S/D","Contra objeto fijo","S/D","Colisión","S/D","Faltante","Ninguna","S/D"
2017,10786,10/17/2017,"Martes",0,16:45:00,,"0.0",2,"Automóvil,Moto/Ciclomotor","Necochea Y Moreno",2,0,1,0,1,0,0,,"Calle",,"CAÑADA DE GÓMEZ","Iriondo","Hormigón","No existe","X","Dentro","Urbana","S/D","No existe","Intersección","S/D","S/D","Diurna","S/D","Lateral","S/D","Colisión","S/D","Faltante","Ninguna","S/D"
2017,10787,12/8/2017,"Viernes",0,21:30:00,,"0.0",1,"Automóvil","SAN JUAN  Y E. BORDABEHERE",2,1,0,0,0,1,0,"-32.675440,-60.873260","Calle",,"ANDINO","Iriondo","S/D","S/D","X","Dentro","Urbana","S/D","S/D","Intersección","S/D","S/D","Nocturna","S/D","S/D","S/D","Vuelco","S/D","S/D","S/D","S/D"
2017,10788,11/14/2017,"Martes",0,7:55:00,,"0.0",2,"Automóvil,Moto/Ciclomotor","Domingo Faustino Sarmiento Y Juan B Justo",2,1,0,0,1,0,0,,"Calle",,"VENADO TUERTO","General López","Asfalto","No existe","VIII","S/D","Urbana","S/D","No existe","Intersección","S/D","S/D","Diurna","S/D","S/D","S/D","Colisión","S/D","Faltante","Ninguna","S/D"
2017,10789,10/17/2017,"Martes",0,15:50:00,,"0.0",2,"Automóvil,Moto/Ciclomotor","Suipacha Y Primera Junta",2,1,0,0,1,0,0,,"Calle",,"CAÑADA DE GÓMEZ","Iriondo","Hormigón","No existe","X","Dentro","Urbana","S/D","No existe","Intersección","S/D","S/D","Diurna","S/D","Lateral","S/D","Colisión","S/D","Faltante","Ninguna","S/D"
2017,10790,12/21/2017,"Jueves",0,2:30:00,"Ruta Nacional 11","347.0",2,"Automóvil,Moto/Ciclomotor"," ",3,1,0,0,1,1,0,"-32.60708,-60.83862","Ruta",11,"OLIVEROS","Iriondo","S/D","S/D","X","S/D","S/D","S/D","S/D","S/D","S/D","S/D","Nocturna","S/D","S/D","S/D","Colisión","S/D","S/D","S/D","S/D"
2017,10791,10/18/2017,"Miercoles",0,7:00:00,"Ruta Provincial 1","0.0",1,"Vehículo Oficial"," ",1,1,0,0,0,0,0,,"Ruta",1,"ALEJANDRA","San Javier","Asfalto","Natural","XIV","Dentro","Rural","S/D","No existe","Recta","S/D","Reducida","Diurna","Viento Fuerte","S/D","S/D","Vuelco,Despiste","Agua","Faltante","Línea divisoria pintada","S/D"
2017,10792,11/14/2017,"Martes",0,,,"0.0",2,"Automóvil,Transporte de Pasajeros Urbano (> 8 asientos)","Av Blas Parera 5100",2,1,0,0,0,0,1,,"Avenida",,"SANTA FE","La Capital","Asfalto","No existe","I","S/D","Urbana","S/D","No existe","Recta","S/D","S/D","S/D","S/D","S/D","S/D","Colisión","S/D","Faltante","Línea divisoria pintada","S/D"
2017,10793,10/18/2017,"Miercoles",0,9:45:00,"Autovía Nacional 19","10.0",1,"Pickup/Utilitario"," ",4,4,0,0,0,0,0,,"Autovía",19,"SANTA FE","La Capital","Asfalto","Natural","I","Dentro","Rural","S/D","No existe","Recta","S/D","S/D","Diurna","S/D","S/D","S/D","Despiste","Agua","Faltante","Ninguna","S/D"
2017,10794,11/20/2017,"Lunes",0,15:20:00,,"0.0",2,"Moto/Ciclomotor,Pickup/Utilitario","Lisandro de la Torre Y Chacabuco",2,0,0,0,1,1,0,"-33.750953, -61.971957","Calle",,"VENADO TUERTO","General López","Asfalto","No existe","VIII","S/D","Urbana","S/D","S/D","Intersección","S/D","S/D","Diurna","S/D","S/D","S/D","Colisión","S/D","S/D","Ninguna","S/D"
2017,10796,11/21/2017,"Martes",0,,,"0.0",2,"Automóvil,Bicicleta","Leandro N Alem 1300",2,1,0,0,1,0,0,,"Calle",,"SUNCHALES","Castellanos","Asfalto","No existe","V","S/D","Urbana","S/D","S/D","Recta","S/D","S/D","S/D","S/D","S/D","Ciclista","Atropello","S/D","S/D","Ninguna","S/D"
2017,10797,10/18/2017,"Miercoles",0,,,"0.0",2,"Moto/Ciclomotor,Automóvil","Boulevard Centenario Y Nicasio Oroño",2,1,0,0,1,0,0,,"Calle",,"CAÑADA DE GÓMEZ","Iriondo","Hormigón","No existe","X","Dentro","Urbana","S/D","No existe","Intersección","S/D","S/D","Diurna","S/D","Lateral","S/D","Colisión","S/D","Faltante","Cordón divisorio","S/D"
2017,10798,12/28/2017,"Jueves",0,16:10:00,"Ruta Nacional 9","373.9",2,"Moto/Ciclomotor,Automóvil"," ",2,0,0,0,1,1,0,"-32.814102, -61.371409","Ruta",9,"CAÑADA DE GÓMEZ","Iriondo","Hormigón","Natural","X","Dentro","Rural","Ninguna","No existe","Recta","Bueno","Buena","Diurna","Buen Tiempo","De alcance","S/D","Colisión","S/D","Faltante","Línea divisoria pintada,S/D","Sin restricción"
2017,10799,11/22/2017,"Miercoles",0,11:55:00,,"0.0",2,"Bicicleta,Moto/Ciclomotor","Entre Rios Y Las Heras",2,1,0,0,1,0,0,,"Calle",,"VENADO TUERTO","General López","S/D","No existe","VIII","S/D","Urbana","S/D","S/D","Intersección","S/D","S/D","S/D","S/D","S/D","Ciclista","Atropello","S/D","S/D","S/D","S/D"
2017,10800,12/31/2017,"Domingo",0,21:30:00,"Ruta Nacional 11","895.0",3,"Moto/Ciclomotor,Moto/Ciclomotor,Otros"," ",3,0,1,0,0,1,1,"-28.317654, -59.264180","Ruta",11,"LAS TOSCAS","General Obligado","S/D","S/D","IX","S/D","S/D","S/D","S/D","S/D","S/D","S/D","Nocturna","S/D","S/D","S/D","Colisión","S/D","S/D","S/D","S/D"
2017,10801,11/22/2017,"Miercoles",0,10:15:00,,"0.0",2,"Pickup/Utilitario,Moto/Ciclomotor","Nicasio Oroño Y Jorge Newbery",2,1,0,0,1,0,0,,"Calle",,"CAÑADA DE GÓMEZ","Iriondo","Asfalto","No existe","X","S/D","Urbana","S/D","S/D","Intersección","S/D","S/D","Diurna","S/D","S/D","S/D","Colisión","S/D","S/D","S/D","S/D"
2017,10802,11/23/2017,"Jueves",0,7:45:00,,"0.0",2,"Moto/Ciclomotor,Automóvil","Quintana Y Almafuerte",2,1,0,0,1,0,0,,"Calle",,"VENADO TUERTO","General López","S/D","S/D","VIII","S/D","Urbana","S/D","No existe","Intersección","S/D","S/D","Diurna","S/D","S/D","S/D","Colisión","S/D","Faltante","Ninguna","S/D"
2017,10803,11/23/2017,"Jueves",0,11:50:00,,"0.0",2,"Moto/Ciclomotor,Pickup/Utilitario","Juan Jose Castelli Y 9 de Julio",2,1,0,0,1,0,0,,"Calle",,"VENADO TUERTO","General López","Asfalto","No existe","VIII","S/D","Urbana","S/D","No existe","Intersección","S/D","S/D","S/D","S/D","S/D","S/D","Colisión","S/D","Faltante","Ninguna","S/D"
2017,10804,11/23/2017,"Jueves",0,12:05:00,"Ruta Nacional 8","360.0",1,"Automóvil"," ",1,1,0,0,0,0,0,,"Ruta",8,"VENADO TUERTO","General López","S/D","S/D","VIII","S/D","Rural","S/D","No existe","Recta","S/D","S/D","Diurna","S/D","S/D","S/D","Despiste","S/D","S/D","S/D","S/D"
2017,10805,11/23/2017,"Jueves",0,17:20:00,,"0.0",2,"Moto/Ciclomotor,Pickup/Utilitario","Alberdi Juan Bautista Y Pavon",3,2,0,0,1,0,0,,"Calle",,"VENADO TUERTO","General López","Asfalto","No existe","VIII","S/D","Urbana","S/D","No existe","Intersección","S/D","S/D","Diurna","S/D","S/D","S/D","Colisión","S/D","Faltante","Ninguna","S/D"
2017,10806,11/23/2017,"Jueves",0,,,"0.0",2,"Camión,Moto/Ciclomotor","Simon de Iriondo Y Cesar M Pittier",2,0,1,0,1,0,0,,"Calle",,"ESPERANZA","Las Colonias","S/D","No existe","XI","S/D","Urbana","S/D","S/D","Intersección","S/D","S/D","Diurna","S/D","S/D","S/D","Colisión","S/D","S/D","S/D","S/D"
2017,10807,11/20/2017,"Lunes",0,17:50:00,"Ruta Nacional 9","342.7",2,"Automóvil,Camión c / Semirremolque"," ",4,3,0,0,0,1,0,"-32.885134, -61.022932","Ruta",9,"SAN JERÓNIMO SUR","San Lorenzo","S/D","S/D","XVII","S/D","Rural","S/D","S/D","S/D","S/D","S/D","Diurna","S/D","Múltiple","S/D","Colisión","S/D","S/D","S/D","S/D"
2017,10808,11/14/2017,"Martes",0,8:10:00,,"0.0",2,"Pickup/Utilitario,Moto/Ciclomotor","Italia Y 9 de Julio",2,1,0,0,1,0,0,,"Calle",,"VENADO TUERTO","General López","Asfalto","No existe","VIII","Dentro","Urbana","S/D","No existe","Intersección","S/D","S/D","Diurna","S/D","Lateral","S/D","Colisión","S/D","Faltante","Ninguna","S/D"
2017,10809,11/23/2017,"Jueves",0,14:00:00,,"0.0",2,"Automóvil,Bicicleta","Boulevard Centenario Y Independencia",2,0,1,0,1,0,0,,"Avenida",,"CAÑADA DE GÓMEZ","Iriondo","Hormigón","No existe","X","Dentro","Urbana","Ninguna","No existe","Intersección","Bueno","S/D","Diurna","S/D","S/D","Ciclista","Atropello","S/D","Faltante","Ninguna","S/D"
2017,10810,11/29/2017,"Miercoles",0,,,"0.0",2,"Peatón,Moto/Ciclomotor","General Manuel Belgrano 2400",2,2,0,0,0,0,0,,"Calle",,"ESPERANZA","Las Colonias","Asfalto","No existe","XI","Dentro","Urbana","S/D","S/D","Intersección","S/D","S/D","Diurna","S/D","S/D","Peatón","Atropello","S/D","S/D","Ninguna","S/D"
2017,10811,11/22/2017,"Miercoles",0,21:00:00,"Ruta Nacional 33","571.0",2,"Camión c / Acoplado,Automóvil"," ",2,0,0,0,1,1,0,"-34.105785,-62.3898659","Ruta",33,"AMENABAR","General López","S/D","S/D","VIII","S/D","S/D","S/D","S/D","S/D","S/D","S/D","Nocturna","S/D","Frontal","S/D","Colisión","S/D","S/D","S/D","S/D"
2017,10812,11/29/2017,"Miercoles",0,16:30:00,,"0.0",2,"Moto/Ciclomotor,Automóvil","Sarmiento Y Ballesteros",3,1,1,0,1,0,0,,"Calle",,"CAÑADA DE GÓMEZ","Iriondo","Hormigón","No existe","X","Dentro","Urbana","S/D","No existe","Intersección","S/D","S/D","Diurna","S/D","Lateral","S/D","Colisión","S/D","Faltante","Ninguna","S/D"
2017,10813,11/29/2017,"Miercoles",0,18:00:00,,"0.0",3,"Pickup/Utilitario,Moto/Ciclomotor,Moto/Ciclomotor","Derqui Y Laprida",5,4,0,0,1,0,0,,"Calle",,"CAÑADA DE GÓMEZ","Iriondo","Hormigón","No existe","X","Dentro","Urbana","S/D","No existe","Intersección","S/D","S/D","Diurna","S/D","Lateral","S/D","Colisión","S/D","Faltante","Ninguna","S/D"
2017,10814,11/29/2017,"Miercoles",0,22:00:00,"Ruta Provincial 1","2.8",2,"Moto/Ciclomotor,Automóvil","Bv. Las Gravileas Y Las Hileras",2,0,0,0,1,1,0,"-31.62631, -60.60453","Ruta",1,"COLASTINE","La Capital","S/D","S/D","I","Dentro","Urbana","S/D","S/D","S/D","S/D","S/D","Nocturna","S/D","S/D","S/D","Colisión","S/D","S/D","S/D","S/D"
2017,10815,11/24/2017,"Viernes",0,7:50:00,,"0.0",2,"Moto/Ciclomotor,Moto/Ciclomotor","Los Andes Y Estados Unidos",3,1,0,0,2,0,0,,"Avenida",,"VENADO TUERTO","General López","Hormigón","No existe","VIII","Dentro","Urbana","Ninguna","No existe","Intersección","Bueno","S/D","Amanecer","S/D","S/D","S/D","Colisión","S/D","Faltante","Ninguna","S/D"
2017,10816,11/24/2017,"Viernes",0,9:30:00,,"0.0",2,"Bicicleta,Pickup/Utilitario","Lisandro de la Torre Y Cristobal Colon",2,1,0,0,1,0,0,,"Calle",,"VENADO TUERTO","General López","Hormigón","No existe","VIII","Dentro","Urbana","Ninguna","No existe","Intersección","Deteriorada","S/D","Diurna","S/D","S/D","Ciclista","Atropello","S/D","Faltante","S/D","S/D"
2017,10817,11/24/2017,"Viernes",0,14:40:00,,"0.0",2,"Pickup/Utilitario,Moto/Ciclomotor","Santa Fe Y Maipu",3,1,0,0,2,0,0,,"Calle",,"VENADO TUERTO","General López","Asfalto,Hormigón","No existe","VIII","Dentro","Urbana","Otra Señal","No existe","Intersección","Deteriorada","S/D","Diurna","S/D","S/D","S/D","Colisión","S/D","Vertical","Ninguna","S/D"
2017,10818,11/27/2017,"Lunes",0,,,"0.0",2,"Moto/Ciclomotor,Moto/Ciclomotor","Brasil Y Roque Saenz Peña",3,1,1,0,1,0,0,,"Calle",,"SANTA FE","La Capital","Asfalto","S/D","I","Dentro","Urbana","S/D","S/D","Intersección","S/D","S/D","S/D","S/D","S/D","S/D","Colisión","S/D","S/D","Ninguna","S/D"
2017,10819,11/26/2017,"Domingo",0,,,"0.0",2,"Moto/Ciclomotor,Moto/Ciclomotor","Boulevard Centenario Y Quintana",3,3,0,0,0,0,0,,"Avenida",,"CAÑADA DE GÓMEZ","Iriondo","Hormigón","No existe","X","Dentro","Urbana","S/D","No existe","Intersección","S/D","S/D","Diurna","S/D","Lateral","S/D","Colisión","S/D","Faltante","S/D","S/D"
2017,10820,11/27/2017,"Lunes",0,11:25:00,,"0.0",2,"Bicicleta,Automóvil","Cornelio Saavedra Y Bartolome Mitre",2,1,0,0,1,0,0,,"Calle",,"VENADO TUERTO","General López","Hormigón","No existe","VIII","Dentro","Urbana","Ninguna","No existe","Intersección","Deteriorada","S/D","Diurna","S/D","S/D","Ciclista","Atropello","S/D","Faltante","Ninguna","S/D"
2017,10821,11/29/2017,"Miercoles",0,23:00:00,"Ruta Nacional 8","392.0",1,"Automóvil"," ",1,0,0,0,0,1,0,"-33.670923,-62.2124024","Ruta",8,"MAGGIOLO","General López","Asfalto","S/D","VIII","S/D","Rural","S/D","S/D","S/D","Resbaladiza","S/D","Nocturna","Lluvia","Contra objeto fijo","S/D","Colisión","Agua","S/D","S/D","S/D"
2017,10822,11/27/2017,"Lunes",0,13:50:00,"Ruta Nacional 8","0.0",2,"Automóvil,Automóvil","Hipolito Irigoyen ",5,4,0,0,1,0,0,,"Ruta",8,"VENADO TUERTO","General López","Asfalto","Pavimento","VIII","Dentro","Urbana","Semáforo","Funciona","Intersección","S/D","S/D","Diurna","S/D","S/D","S/D","Colisión","S/D","Horizontal,Vertical","Línea divisoria pintada","S/D"
2017,10823,11/29/2017,"Miercoles",0,,,"0.0",2,"Automóvil,Moto/Ciclomotor","Las Heras Y Dorrego",2,1,0,0,1,0,0,,"Calle",,"RAFAELA","Castellanos","Hormigón","No existe","V","Dentro","Urbana","S/D","No existe","Intersección","S/D","S/D","S/D","S/D","Lateral","S/D","Colisión","S/D","Faltante","Ninguna","S/D"
2017,10824,11/29/2017,"Miercoles",0,7:55:00,,"0.0",2,"Bicicleta,Automóvil","25 de Mayo Y Lisandro de la Torre",2,1,0,0,1,0,0,,"Calle",,"VENADO TUERTO","General López","Hormigón","No existe","VIII","Dentro","Urbana","S/D","No existe","Intersección","S/D","S/D","Diurna","S/D","S/D","Ciclista","Atropello","S/D","Faltante","Ninguna","S/D"
2017,10825,11/29/2017,"Miercoles",0,19:15:00,,"0.0",2,"Moto/Ciclomotor,Moto/Ciclomotor","Domingo Pardal Y Justo Jose de Urquiza",2,1,0,0,1,0,0,,"Calle",,"VENADO TUERTO","General López","Tierra","No existe","VIII","Dentro","Urbana","S/D","No existe","Intersección","S/D","S/D","Nocturna","S/D","Lateral","S/D","Colisión","S/D","Faltante","Ninguna","S/D"
2017,10826,11/29/2017,"Miercoles",0,19:40:00,"Ruta Nacional 8","0.0",2,"Automóvil,Moto/Ciclomotor","Ovidio Lagos Av Y Ruta Nac 8",2,1,0,0,1,0,0,,"Ruta",8,"VENADO TUERTO","General López","Asfalto","No existe","VIII","Dentro","Urbana","S/D","No existe","Intersección","S/D","S/D","Nocturna","S/D","Lateral","S/D","Colisión","S/D","Faltante","Ninguna","S/D"
2017,10827,11/27/2017,"Lunes",0,16:40:00,,"0.0",2,"Moto/Ciclomotor,Automóvil","España Y Alvear",3,2,0,0,1,0,0,,"Calle",,"VENADO TUERTO","General López","Hormigón","No existe","VIII","Dentro","Urbana","S/D","No existe","Intersección","S/D","S/D","Diurna","S/D","Lateral","S/D","Colisión","S/D","Faltante","Ninguna","S/D"