"anio_acci","nro_acci","fecha","desc_dia","fecha_aprox","hora_aprox","desc_ruta","km","cant_participantes","desc_participante","calle_avenida_km","total","heridos_leves","heridos_graves","heridos_gravisimos","ilesos","fallecidos","sin_datos","posicion_XY","desc_tipo_via","desc_ruta_ori","desc_loc","desc_dpto","desc_tipo_calzada","desc_tipo_banquina","desc_unidad_regional","desc_lugar_calzada","desc_zona","desc_prioridad","desc_estado_semaforo","desc_lugar_via","desc_estado_via","desc_estado_visibilidad","desc_luminosidad","desc_estado_clima","desc_tipo_colision","desc_tipo_atropello","desc_tipo_hecho","desc_pres_calzada","desc_senializacion","desc_separacion_via","desc_restriccion"
2017,10828,10/20/2017,"Viernes",0,17:00:00,"Ruta Nacional 11","481.0",1,"Automóvil","Ruta Nacional 1V11- Juan de Garay ",2,0,0,0,1,1,0,"-31.523723, -60.723910","Ruta",11,"RECREO","La Capital","Asfalto","Natural","I","Dentro","Rural","Ninguna","No existe","Recta","Bueno","Buena","Diurna","Buen Tiempo","S/D","S/D","Caída ocupante","Ninguna","S/D","Ninguna","Sin restricción"
2017,10829,11/30/2017,"Jueves",0,18:20:00,,"0.0",1,"Moto/Ciclomotor","Beruti ",1,0,0,0,0,1,0,"-31.583301, -60.736013","Calle",,"SANTA FE","La Capital","S/D","S/D","I","S/D","S/D","S/D","S/D","S/D","S/D","S/D","Diurna","S/D","S/D","S/D","Caída ocupante","S/D","S/D","S/D","S/D"
2017,10830,11/17/2017,"Viernes",0,19:00:00,,"0.0",2,"Moto/Ciclomotor,Pickup/Utilitario","Pueyrredon Y Dorrego",2,0,0,0,1,1,0,"-30.319117, -61.234369","Calle",,"SAN CRISTÓBAL","San Cristóbal","Asfalto","S/D","XIII","Dentro","Urbana","S/D","S/D","Intersección","S/D","S/D","Diurna","S/D","S/D","S/D","Colisión","S/D","Faltante","S/D","S/D"
2017,10831,11/19/2017,"Domingo",0,3:45:00,,"0.0",2,"Moto/Ciclomotor,Automóvil","Avenida San Martin Y Belgrano",2,0,0,0,1,1,0,"-28.488506, -59.355393","Avenida",,"VILLA OCAMPO","General Obligado","S/D","S/D","IX","S/D","S/D","S/D","S/D","S/D","S/D","S/D","Nocturna","S/D","S/D","S/D","Colisión","S/D","S/D","S/D","S/D"
2017,10832,11/19/2017,"Domingo",0,6:00:00,"Autopista Nacional Rosario -Cordoba","360.9",2,"Camión,Moto/Ciclomotor"," ",2,0,0,0,1,1,0,"-32.8486401,-61.3798372","Autopista","Rosario -Cordoba","CORREA","Iriondo","S/D","S/D","X","S/D","S/D","S/D","S/D","S/D","S/D","S/D","Amanecer","S/D","S/D","S/D","Colisión","S/D","S/D","S/D","S/D"
2017,10833,11/13/2017,"Lunes",0,17:50:00,"Ruta Provincial 13","66.2",2,"Automóvil,Pickup/Utilitario"," ",2,0,0,0,1,1,0,"-31.927728, -61.853071","Ruta",13,"SAN JORGE","San Martín","S/D","S/D","XVIII","S/D","Rural","S/D","S/D","S/D","S/D","S/D","Diurna","S/D","S/D","S/D","Colisión","S/D","S/D","S/D","S/D"
2017,10834,11/11/2017,"Sabado",0,13:00:00,"Ruta Nacional 8","310.0",2,"Tractor,Automóvil"," ",2,0,0,0,1,1,0,"-33.8126938,-61.4060103","Ruta",8,"HUGHES","General López","S/D","S/D","VIII","S/D","S/D","S/D","S/D","S/D","S/D","S/D","Diurna","S/D","S/D","S/D","Colisión","S/D","S/D","S/D","S/D"
2017,10835,11/10/2017,"Viernes",0,14:20:00,,"0.0",2,"Peatón,Automóvil","J.M.Gutierrez Y Vuelta De Obligado",2,0,0,0,1,1,0,"-32.994361111111,-60.661222222222","Calle",,"ROSARIO","Rosario","S/D","S/D","II","S/D","S/D","S/D","S/D","S/D","S/D","S/D","Diurna","S/D","S/D","Peatón","Atropello","S/D","S/D","S/D","S/D"
2017,10838,8/6/2017,"Domingo",0,,,"0.0",2,"Pickup/Utilitario,Moto/Ciclomotor","Eva Peron Y Av San Martin",3,0,1,0,1,1,0,"-32.857975, -60.703373","Calle",,"GRANADERO BAIGORRIA","Rosario","S/D","S/D","II","S/D","S/D","S/D","S/D","S/D","S/D","S/D","Nocturna","S/D","S/D","S/D","Colisión","S/D","S/D","S/D","S/D"
2017,10840,4/11/2017,"Martes",1,23:00:00,,"0.0",1,"Moto/Ciclomotor","San Martin Y Amenabar",1,0,0,0,0,1,0,"-32.972444444444,-60.643194444444","Calle",,"ROSARIO","Rosario","S/D","S/D","II","Dentro","Urbana","S/D","S/D","S/D","S/D","S/D","Nocturna","S/D","S/D","S/D","S/D","S/D","S/D","S/D","S/D"
2017,10841,8/23/2017,"Miercoles",0,21:00:00,,"0.0",2,"Automóvil,Otros","COLÓN Y FERRER",2,0,0,0,0,1,1,,"Calle",,"BIGAND","Caseros","S/D","S/D","II","Dentro","Urbana","S/D","S/D","S/D","S/D","S/D","Nocturna","S/D","S/D","S/D","Colisión","S/D","S/D","S/D","S/D"
2017,10843,8/1/2017,"Martes",1,,,"0.0",1,"Otros"," ",1,0,0,0,0,1,0,"-31.620505, -60.686175","S/D",,"SANTA FE","La Capital","S/D","S/D","I","S/D","S/D","S/D","S/D","S/D","S/D","S/D","S/D","S/D","S/D","S/D","S/D","S/D","S/D","S/D","S/D"
2017,10844,8/31/2017,"Jueves",0,20:30:00,"Ruta Nacional 11","0.0",1,"Automóvil","Av Circunvalación ",1,1,0,0,0,0,0,,"Ruta",11,"SANTA FE","La Capital","S/D","S/D","I","S/D","S/D","S/D","S/D","Recta","S/D","S/D","Nocturna","S/D","S/D","S/D","Despiste","S/D","S/D","S/D","S/D"
2017,10845,8/21/2017,"Lunes",0,15:10:00,"Ruta Nacional 11","0.0",2,"Camión,Moto/Ciclomotor","Ruta Nacional 11 Y Calle 27",4,2,0,0,0,0,2,,"Ruta",11,"LAS TOSCAS","General Obligado","S/D","S/D","IX","S/D","Urbana","S/D","S/D","S/D","S/D","S/D","S/D","S/D","S/D","S/D","Colisión","S/D","S/D","S/D","S/D"
2017,10846,8/21/2017,"Lunes",0,,"Autopista Provincial Brigadier E.López","19.0",2,"Camión,Automóvil"," ",3,2,0,0,0,0,1,,"Autopista","Brigadier E.López","PUERTO SAN MARTÍN","San Lorenzo","S/D","S/D","XVII","S/D","Rural","S/D","S/D","S/D","S/D","S/D","S/D","S/D","S/D","S/D","Colisión","S/D","S/D","S/D","S/D"
2017,10847,9/24/2017,"Domingo",0,,,"0.0",1,"Moto/Ciclomotor","Av. Pellegrini 3295",1,0,0,0,0,1,0,"-32.951972222222,-60.670916666667","Calle",,"ROSARIO","Rosario","S/D","S/D","II","S/D","S/D","S/D","S/D","S/D","S/D","S/D","S/D","S/D","S/D","S/D","S/D","S/D","S/D","S/D","S/D"
2017,10849,12/31/2017,"Domingo",0,1:55:00,"Ruta Nacional 11","718.0",3,"Camión c / Semirremolque,Pickup/Utilitario,Pickup/Utilitario"," ",9,7,0,0,2,0,0,"-29.48364, -60.21157","Ruta",11,"VERA","Vera","S/D","S/D","XI","S/D","S/D","S/D","S/D","S/D","S/D","S/D","S/D","S/D","Múltiple","S/D","Colisión","S/D","S/D","S/D","S/D"
2017,10850,10/13/2017,"Viernes",0,16:00:00,"Ruta Provincial 21","40.0",2,"Moto/Ciclomotor,Camión c / Acoplado","Av. Tte Ramos ",2,0,0,0,1,1,0,"-33.23634, -60.35563","Ruta",21,"VILLA CONSTITUCIÓN","Constitución","Asfalto","S/D","V","Dentro","Urbana","S/D","S/D","Intersección","S/D","S/D","Diurna","S/D","Frontal","S/D","Colisión","S/D","S/D","S/D","S/D"
2017,10851,7/22/2017,"Sabado",0,3:30:00,"Ruta Nacional 33","587.0",1,"Moto/Ciclomotor"," ",2,0,0,0,0,2,0,"-34.00413, -62.27022","Ruta",33,"SANCTI SPÍRITU","General López","Asfalto","S/D","VIII","S/D","S/D","S/D","S/D","S/D","S/D","S/D","Nocturna","S/D","Atropello animal","S/D","Colisión","S/D","S/D","S/D","S/D"
2017,10852,10/12/2017,"Jueves",0,15:30:00,,"0.0",2,"Bicicleta,Otros","Bv. Wilde Y Mendoza",2,0,0,0,0,1,1,"-32.940194444444,-60.7385","Avenida",,"ROSARIO","Rosario","S/D","S/D","II","Dentro","Urbana","S/D","S/D","Intersección","S/D","S/D","Diurna","S/D","S/D","Ciclista","Atropello","S/D","S/D","S/D","S/D"
2017,10853,10/8/2017,"Domingo",0,21:00:00,,"0.0",1,"Moto/Ciclomotor","La Paz Y Mejico",1,0,0,0,0,1,0,"-32.955888888889,-60.71775","Calle",,"ROSARIO","Rosario","S/D","S/D","II","S/D","Urbana","S/D","S/D","S/D","S/D","S/D","Nocturna","S/D","S/D","S/D","S/D","S/D","S/D","S/D","S/D"
2017,10854,11/24/2017,"Viernes",0,21:00:00,"Ruta Provincial 65","45.8",2,"Moto/Ciclomotor,Automóvil","ITALIA Y RUTA PROV 65",2,1,0,0,1,0,0,"-32.36556, -61.34957","Ruta",65,"SAN GENARO","San Jerónimo","Asfalto","S/D","XV","Dentro","Urbana","Semáforo","Funciona","Intersección","S/D","S/D","Nocturna","S/D","De alcance","S/D","Colisión","S/D","S/D","S/D","Sin restricción"
2017,10855,12/31/2017,"Domingo",0,21:00:00,"Ruta Provincial 1","39.0",1,"Pickup/Utilitario"," ",3,2,1,0,0,0,0,"-30.59019, -59.9433","Ruta",1,"SAN JAVIER","San Javier","S/D","S/D","XIV","S/D","S/D","S/D","S/D","S/D","S/D","S/D","S/D","S/D","S/D","S/D","Vuelco","S/D","S/D","S/D","S/D"
2017,10856,12/31/2017,"Domingo",0,20:20:00,,"0.0",2,"Peatón,Moto/Ciclomotor","Hipolito Irigoyen Y Bernardo de Monteagudo",2,0,1,0,1,0,0,"-33.751527777778,-61.979861111111","Calle",,"VENADO TUERTO","General López","S/D","S/D","VIII","S/D","Urbana","S/D","S/D","S/D","S/D","S/D","S/D","S/D","S/D","Peatón","Atropello","S/D","S/D","S/D","S/D"
2017,10857,11/5/2017,"Domingo",0,18:50:00,,"0.0",2,"Moto/Ciclomotor,Moto/Ciclomotor","Colon 2000",2,0,0,0,1,1,0,"-33.230888888889,-60.320861111111","Calle",,"VILLA CONSTITUCIÓN","Constitución","S/D","S/D","VI","S/D","S/D","S/D","S/D","S/D","S/D","S/D","Atardecer","S/D","S/D","S/D","Colisión","S/D","S/D","S/D","S/D"
2017,10858,11/4/2017,"Sabado",0,,,"0.0",1,"Otros"," ",1,0,0,0,0,1,0,"-33.372209, -61.185066","S/D",,"BIGAND","Caseros","S/D","S/D","IV","S/D","S/D","S/D","S/D","S/D","S/D","S/D","S/D","S/D","S/D","S/D","S/D","S/D","S/D","S/D","S/D"
2017,10859,11/18/2017,"Sabado",0,9:00:00,,"0.0",2,"Peatón,Transporte de Pasajeros Urbano (> 8 asientos)","Jose Cibils Y Doctora Cecilia Grierson",2,0,0,0,1,1,0,"-31.577666666667,-60.742472222222","Calle",,"SANTA FE","La Capital","Tierra","S/D","I","Dentro","Urbana","S/D","S/D","Intersección","S/D","S/D","Diurna","S/D","S/D","Peatón","Atropello","S/D","S/D","S/D","S/D"
2017,10860,10/1/2017,"Domingo",1,,,"0.0",1,"Otros"," ",1,0,0,0,0,1,0,"-32.954747, -60.656174","S/D",,"ROSARIO","Rosario","S/D","S/D","II","S/D","S/D","S/D","S/D","S/D","S/D","S/D","S/D","S/D","S/D","S/D","S/D","S/D","S/D","S/D","S/D"
2017,10861,10/15/2017,"Domingo",0,18:15:00,,"0.0",1,"Moto/Ciclomotor"," ",1,0,0,0,0,1,0,"-32.954747, -60.656174","S/D",,"ROSARIO","Rosario","S/D","S/D","II","S/D","S/D","S/D","S/D","S/D","S/D","S/D","Diurna","S/D","S/D","S/D","Colisión","S/D","S/D","S/D","S/D"
2017,10862,12/31/2017,"Domingo",0,14:00:00,,"0.0",1,"Pickup/Utilitario"," ",2,0,0,0,0,1,1,"-28.835972, -59.638032","Camino Rural",,"LANTERI","General Obligado","Tierra","No existe","IX","Dentro","Rural","Ninguna","No existe","Recta","Deteriorada","Buena","Diurna","Buen Tiempo","S/D","S/D","Vuelco","Ninguna","S/D","Ninguna","S/D"
2017,10863,5/27/2017,"Sabado",0,13:45:00,,"0.0",2,"Moto/Ciclomotor,Ambulancia","Urquiza Y San Nicolas",3,0,1,0,1,1,0,"-32.936833333333,-60.671472222222","Calle",,"ROSARIO","Rosario","S/D","S/D","II","Dentro","Urbana","S/D","S/D","S/D","S/D","S/D","Diurna","S/D","S/D","S/D","Colisión","S/D","S/D","S/D","S/D"
2017,10864,12/15/2017,"Viernes",0,12:45:00,,"0.0",2,"Automóvil,Automóvil","Montevideo Y Paraguay",3,1,0,0,2,0,0,"-32.955138888889,-60.646194444444","Calle",,"ROSARIO","Rosario","Asfalto","No existe","II","Dentro","Urbana","Paso Peatonal","No existe","Intersección","S/D","S/D","Diurna","S/D","Múltiple","S/D","Colisión","S/D","Horizontal","Ninguna","S/D"
2017,10865,12/17/2017,"Domingo",0,6:30:00,"Autopista Nacional A008","0.0",1,"Moto/Ciclomotor","Av. Sorrento Y Av. Corrientes B",1,0,0,0,0,1,0,"-32.908083333333,-60.722833333333","Autopista","A008","ROSARIO","Rosario","Asfalto","S/D","II","Dentro","Urbana","S/D","S/D","Intersección","Bueno","S/D","Diurna","S/D","Contra objeto fijo","S/D","Colisión","S/D","S/D","Barrera de hormigón","S/D"
2017,10867,11/17/2017,"Viernes",0,16:20:00,"Ruta Provincial 18","55.0",9,"Camión c / Acoplado,Camión c / Acoplado,Camión c / Acoplado,Camión c / Acoplado,Camión,Pickup/Utilitario,Pickup/Utilitario,Pickup/Utilitario,Automóvil"," ",13,5,0,0,7,1,0,"-33.51829, -60.77775","Ruta",18,"PEYRANO","Constitución","Asfalto","S/D","VI","Dentro","Rural","Ninguna","S/D","Cruce","Bueno","Reducida polvo","Diurna","Viento Fuerte","Múltiple","S/D","Colisión","S/D","S/D","Línea divisoria pintada","Sin restricción"
2017,10868,12/9/2017,"Sabado",0,,"Ruta Provincial 92","0.0",1,"Otros"," ",1,0,0,0,0,1,0,"-33.08695, -61.78947","Ruta",92,"ARTEAGA","Caseros","S/D","S/D","IV","S/D","S/D","S/D","S/D","S/D","S/D","S/D","S/D","S/D","S/D","S/D","S/D","S/D","S/D","S/D","S/D"
2017,10869,12/1/2017,"Viernes",0,,"Ruta Nacional 11","0.0",1,"Otros","Av San Martin 1600",1,0,0,0,0,1,0,"-32.855698, -60.704085","Ruta",11,"GRANADERO BAIGORRIA","Rosario","S/D","S/D","II","S/D","S/D","S/D","S/D","S/D","S/D","S/D","S/D","S/D","S/D","S/D","S/D","S/D","S/D","S/D","S/D"
2017,10870,1/28/2017,"Sabado",0,4:45:00,,"0.0",2,"Moto/Ciclomotor,Otros","RIO CARCARAÑA ",2,0,0,1,0,0,1,,"Calle",,"CARCARAÑÁ","San Lorenzo","S/D","S/D","XVII","S/D","Urbana","S/D","S/D","S/D","S/D","S/D","S/D","S/D","S/D","S/D","Colisión","S/D","S/D","S/D","S/D"
2017,10871,2/3/2017,"Viernes",0,19:30:00,,"0.0",2,"Moto/Ciclomotor,Otros","3 De Febrero ",2,0,0,1,0,0,1,,"Calle",,"ROSARIO","Rosario","S/D","S/D","II","S/D","Urbana","S/D","S/D","S/D","S/D","S/D","S/D","S/D","S/D","S/D","Colisión","S/D","S/D","S/D","S/D"
2017,10872,2/11/2017,"Sabado",0,,,"0.0",2,"Moto/Ciclomotor,Otros"," ",2,0,0,1,0,0,1,,"S/D",,"ROSARIO","Rosario","S/D","S/D","II","S/D","S/D","S/D","S/D","S/D","S/D","S/D","S/D","S/D","S/D","S/D","Colisión","S/D","S/D","S/D","S/D"
2017,10873,2/15/2017,"Miercoles",0,2:00:00,,"0.0",2,"Automóvil,Otros","Av. Provincias Unidas ",2,0,0,1,0,0,1,,"Avenida",,"ROSARIO","Rosario","S/D","S/D","II","S/D","Urbana","S/D","S/D","S/D","S/D","S/D","S/D","S/D","S/D","S/D","Colisión","S/D","S/D","S/D","S/D"
2017,10874,2/17/2017,"Viernes",0,15:20:00,,"0.0",2,"Moto/Ciclomotor,Otros","Madre Cabrini ",2,0,0,1,0,0,1,,"Calle",,"ROSARIO","Rosario","S/D","S/D","II","S/D","Urbana","S/D","S/D","S/D","S/D","S/D","S/D","S/D","S/D","S/D","Colisión","S/D","S/D","S/D","S/D"
2017,10875,2/22/2017,"Miercoles",0,17:50:00,,"0.0",2,"Peatón,Otros","Pasco Y Roullon",2,0,0,1,0,0,1,"-32.950666666667,-60.701777777778","Calle",,"ROSARIO","Rosario","S/D","S/D","II","S/D","Urbana","S/D","S/D","S/D","S/D","S/D","S/D","S/D","S/D","Peatón","Atropello","S/D","S/D","S/D","S/D"
2017,10876,3/5/2017,"Domingo",0,19:00:00,,"0.0",2,"Moto/Ciclomotor,Otros","BARRIO GODOY ",2,0,0,1,0,0,1,"-32.96618, -60.72526","S/D",,"ROSARIO","Rosario","S/D","S/D","II","S/D","Urbana","S/D","S/D","S/D","S/D","S/D","S/D","S/D","S/D","S/D","Colisión","S/D","S/D","S/D","S/D"
2017,10877,3/5/2017,"Domingo",0,21:00:00,,"0.0",2,"Peatón,Otros","Bv. Avellaneda Y Pte.Quintana",2,0,0,1,0,0,1,"-32.975194444444,-60.688222222222","Calle",,"ROSARIO","Rosario","S/D","S/D","II","S/D","Urbana","S/D","S/D","S/D","S/D","S/D","S/D","S/D","S/D","Peatón","Atropello","S/D","S/D","S/D","S/D"
2017,10878,3/23/2017,"Jueves",0,23:30:00,,"0.0",2,"Moto/Ciclomotor,Otros","Av. Arijon Y Mariano Moreno",2,0,0,1,0,0,1,"-33.003416666667,-60.661944444444","Calle",,"ROSARIO","Rosario","S/D","S/D","II","S/D","Urbana","S/D","S/D","S/D","S/D","S/D","S/D","S/D","S/D","S/D","Colisión","S/D","S/D","S/D","S/D"
2017,10880,3/24/2017,"Viernes",0,1:40:00,,"0.0",2,"Moto/Ciclomotor,Otros"," ",2,0,0,1,0,0,1,,"S/D",,"ROSARIO","Rosario","S/D","S/D","II","S/D","S/D","S/D","S/D","S/D","S/D","S/D","S/D","S/D","S/D","S/D","Colisión","S/D","S/D","S/D","S/D"
2017,10881,4/10/2017,"Lunes",0,20:00:00,,"0.0",2,"Moto/Ciclomotor,Otros","Ayacucho 3700",2,0,0,1,0,0,1,"-32.982194444444,-60.635666666667","Calle",,"ROSARIO","Rosario","S/D","S/D","II","S/D","Urbana","S/D","S/D","S/D","S/D","S/D","S/D","S/D","S/D","S/D","Colisión","S/D","S/D","S/D","S/D"
2017,10882,4/12/2017,"Miercoles",0,0:05:00,,"0.0",2,"Automóvil,Otros"," ",2,0,0,1,0,0,1,,"S/D",,"VILLA MUGUETA","San Lorenzo","S/D","S/D","XVII","S/D","S/D","S/D","S/D","S/D","S/D","S/D","S/D","S/D","S/D","S/D","Colisión","S/D","S/D","S/D","S/D"
2017,10883,5/28/2017,"Domingo",0,2:00:00,,"0.0",2,"Moto/Ciclomotor,Otros","Iriondo ",2,0,0,1,0,0,1,,"Calle",,"ROSARIO","Rosario","S/D","S/D","II","S/D","Urbana","S/D","S/D","S/D","S/D","S/D","S/D","S/D","S/D","S/D","Colisión","S/D","S/D","S/D","S/D"
2017,10886,6/20/2017,"Martes",0,0:05:00,,"0.0",2,"Moto/Ciclomotor,Otros","Catamarca Y San Martin",2,0,0,1,0,0,1,"-32.941055555556,-60.635361111111","Calle",,"ROSARIO","Rosario","S/D","S/D","II","S/D","Urbana","S/D","S/D","S/D","S/D","S/D","S/D","S/D","S/D","S/D","Colisión","S/D","S/D","S/D","S/D"
2017,10887,6/21/2017,"Miercoles",0,21:00:00,,"0.0",2,"Peatón,Otros","Pje. Amazonas ",2,0,0,1,0,0,1,,"Calle",,"ROSARIO","Rosario","S/D","S/D","II","S/D","Urbana","S/D","S/D","S/D","S/D","S/D","S/D","S/D","S/D","Peatón","Atropello","S/D","S/D","S/D","S/D"
2017,10888,6/27/2017,"Martes",0,1:00:00,,"0.0",2,"Automóvil,Otros","E.Zeballos Y Bv. Avellaneda",3,0,0,1,0,0,2,"-32.947638888889,-60.681444444444","Calle",,"ROSARIO","Rosario","S/D","S/D","II","S/D","Urbana","S/D","S/D","S/D","S/D","S/D","S/D","S/D","S/D","S/D","Colisión","S/D","S/D","S/D","S/D"
2017,10889,7/9/2017,"Domingo",0,7:00:00,,"0.0",2,"Moto/Ciclomotor,Otros","Ituzaingo Y F.More",2,0,0,1,0,0,1,"-32.951666666667,-60.693277777778","Calle",,"ROSARIO","Rosario","S/D","S/D","II","S/D","Urbana","S/D","S/D","S/D","S/D","S/D","S/D","S/D","S/D","S/D","Colisión","S/D","S/D","S/D","S/D"
2017,10890,7/20/2017,"Jueves",0,21:30:00,,"0.0",2,"Moto/Ciclomotor,Otros","Av. Pellegrini Y Dorrego",2,0,0,1,0,0,1,"-32.955416666667,-60.651972222222","Calle",,"ROSARIO","Rosario","S/D","S/D","II","S/D","Urbana","S/D","S/D","S/D","S/D","S/D","S/D","S/D","S/D","S/D","Colisión","S/D","S/D","S/D","S/D"
2017,10891,7/23/2017,"Domingo",0,17:00:00,,"0.0",2,"Moto/Ciclomotor,Otros","Peru Y Av. Pte.Peron",2,0,0,1,0,0,1,"-32.967333333333,-60.710333333333","Calle",,"ROSARIO","Rosario","S/D","S/D","II","S/D","Urbana","S/D","S/D","S/D","S/D","S/D","S/D","S/D","S/D","S/D","Colisión","S/D","S/D","S/D","S/D"
2017,10892,7/28/2017,"Viernes",0,13:45:00,,"0.0",2,"Moto/Ciclomotor,Otros","San Martin Y Av. Uriburu",2,0,0,1,0,0,1,"-32.990666666667,-60.646805555556","Avenida",,"ROSARIO","Rosario","S/D","S/D","II","S/D","Urbana","S/D","S/D","S/D","S/D","S/D","S/D","S/D","S/D","S/D","Colisión","S/D","S/D","S/D","S/D"
2017,10893,8/6/2017,"Domingo",0,8:00:00,,"0.0",2,"Moto/Ciclomotor,Otros","Av. Ovidio Lagos ",2,0,0,1,0,0,1,,"Avenida",,"ROSARIO","Rosario","S/D","S/D","II","S/D","Urbana","S/D","S/D","S/D","S/D","S/D","S/D","S/D","S/D","S/D","Colisión","S/D","S/D","S/D","S/D"
2017,10894,8/7/2017,"Lunes",0,7:00:00,,"0.0",2,"Moto/Ciclomotor,Otros","Tucuman 8000",2,0,0,1,0,0,1,"-32.933138888889,-60.734333333333","Calle",,"ROSARIO","Rosario","S/D","S/D","II","S/D","Urbana","S/D","S/D","S/D","S/D","S/D","S/D","S/D","S/D","S/D","Colisión","S/D","S/D","S/D","S/D"
2017,10895,8/12/2017,"Sabado",0,12:15:00,,"0.0",2,"Moto/Ciclomotor,Otros"," ",2,0,0,1,0,0,1,,"S/D",,"CAÑADA DE GÓMEZ","Iriondo","S/D","S/D","X","S/D","S/D","S/D","S/D","S/D","S/D","S/D","S/D","S/D","S/D","S/D","Colisión","S/D","S/D","S/D","S/D"
2017,10896,8/14/2017,"Lunes",0,12:15:00,,"0.0",2,"Moto/Ciclomotor,Otros","Ayacucho Y Muñoz",2,0,0,1,0,0,1,"-33.007972222222,-60.635833333333","Calle",,"ROSARIO","Rosario","S/D","S/D","II","S/D","Urbana","S/D","S/D","S/D","S/D","S/D","S/D","S/D","S/D","S/D","Colisión","S/D","S/D","S/D","S/D"
2017,10897,8/26/2017,"Sabado",0,19:00:00,,"0.0",2,"Moto/Ciclomotor,Otros","Bv Centenario B ",2,0,0,1,0,0,1,,"Avenida",,"CAÑADA DE GÓMEZ","Iriondo","S/D","S/D","II","S/D","Urbana","S/D","S/D","S/D","S/D","S/D","S/D","S/D","S/D","S/D","Colisión","S/D","S/D","S/D","S/D"
2017,10898,8/30/2017,"Miercoles",0,12:00:00,,"0.0",2,"Moto/Ciclomotor,Otros","Montevideo Y Constitucion",2,0,0,1,0,0,1,"-32.949777777778,-60.676166666667","Calle",,"ROSARIO","Rosario","S/D","S/D","II","S/D","Urbana","S/D","S/D","S/D","S/D","S/D","S/D","S/D","S/D","S/D","Colisión","S/D","S/D","S/D","S/D"
2017,10899,9/3/2017,"Domingo",0,1:00:00,,"0.0",2,"Moto/Ciclomotor,Otros","Av. Arijon Y Av. Ovidio Lagos",2,0,0,1,0,0,1,"-33.003833333333,-60.676166666667","Avenida",,"ROSARIO","Rosario","S/D","S/D","II","S/D","Urbana","S/D","S/D","S/D","S/D","S/D","S/D","S/D","S/D","S/D","Colisión","S/D","S/D","S/D","S/D"
2017,10901,9/16/2017,"Sabado",0,6:00:00,,"0.0",2,"Moto/Ciclomotor,Otros","Garibaldi Y Santiago",2,0,0,1,0,0,1,"-32.98275,-60.665944444444","Calle",,"ROSARIO","Rosario","S/D","S/D","II","S/D","Urbana","S/D","S/D","S/D","S/D","S/D","S/D","S/D","S/D","S/D","Colisión","S/D","S/D","S/D","S/D"
2017,10902,9/30/2017,"Sabado",0,19:00:00,,"0.0",2,"Moto/Ciclomotor,Otros","Garibaldi Y Pueyrredon",2,0,0,1,0,0,1,"-32.9825,-60.667388888889","Calle",,"ROSARIO","Rosario","S/D","S/D","II","S/D","Urbana","S/D","S/D","S/D","S/D","S/D","S/D","S/D","S/D","S/D","Colisión","S/D","S/D","S/D","S/D"
2017,10903,10/1/2017,"Domingo",0,19:00:00,,"0.0",2,"Moto/Ciclomotor,Otros","Av. Provincias Unidas Y Pasco",2,0,1,0,0,0,1,"-32.950944444444,-60.712277777778","Calle",,"ROSARIO","Rosario","S/D","S/D","II","S/D","Urbana","S/D","S/D","S/D","S/D","S/D","S/D","S/D","S/D","S/D","Colisión","S/D","S/D","S/D","S/D"
2017,10904,10/5/2017,"Jueves",0,21:00:00,,"0.0",2,"Moto/Ciclomotor,Otros","AV. PROVINCIAS UNIDAS Y JUAN XXIII",2,0,0,1,0,0,1,"-32.973423089262, -60.711251750757","Avenida",,"ROSARIO","Rosario","S/D","S/D","II","S/D","Urbana","S/D","S/D","S/D","S/D","S/D","S/D","S/D","S/D","S/D","Colisión","S/D","S/D","S/D","S/D"
2017,10905,10/15/2017,"Domingo",0,23:50:00,,"0.0",2,"Moto/Ciclomotor,Otros","Bv. 27 De Febrero ",2,0,0,1,0,0,1,,"Calle",,"ROSARIO","Rosario","S/D","S/D","II","S/D","Urbana","S/D","S/D","S/D","S/D","S/D","S/D","S/D","S/D","S/D","Colisión","S/D","S/D","S/D","S/D"
2017,10906,11/3/2017,"Viernes",0,0:30:00,,"0.0",2,"Moto/Ciclomotor,Otros","Dorrego Y Pasco",2,0,0,1,0,0,1,"-32.957583333333,-60.652527777778","Calle",,"ROSARIO","Rosario","S/D","S/D","II","S/D","Urbana","S/D","S/D","S/D","S/D","S/D","S/D","S/D","S/D","S/D","Colisión","S/D","S/D","S/D","S/D"
2017,10907,11/15/2017,"Miercoles",0,0:10:00,,"0.0",2,"Moto/Ciclomotor,Otros","San Nicolas ",2,0,0,1,0,0,1,,"Calle",,"ROSARIO","Rosario","S/D","S/D","II","S/D","Urbana","S/D","S/D","S/D","S/D","S/D","S/D","S/D","S/D","S/D","Colisión","S/D","S/D","S/D","S/D"
2017,10908,11/18/2017,"Sabado",0,19:30:00,,"0.0",2,"Moto/Ciclomotor,Otros","San Martin Y Sarmiento",2,0,0,1,0,0,1,"-33.23968, -60.83806","Calle",,"ACEBAL","Rosario","S/D","S/D","II","S/D","Urbana","S/D","S/D","S/D","S/D","S/D","S/D","S/D","S/D","S/D","Colisión","S/D","S/D","S/D","S/D"
2017,10909,11/28/2017,"Martes",0,21:00:00,,"0.0",2,"Moto/Ciclomotor,Otros","Barra Y Viamonte",2,0,1,0,0,0,1,"-32.956722222222,-60.706166666667","Calle",,"ROSARIO","Rosario","S/D","S/D","II","S/D","Urbana","S/D","S/D","S/D","S/D","S/D","S/D","S/D","S/D","S/D","Colisión","S/D","S/D","S/D","S/D"
2017,10910,12/2/2017,"Sabado",0,3:30:00,,"0.0",2,"Moto/Ciclomotor,Otros"," ",2,0,0,1,0,0,1,,"Calle",,"LOS CARDOS","San Martín","S/D","S/D","XVIII","S/D","Urbana","S/D","S/D","S/D","S/D","S/D","S/D","S/D","S/D","S/D","Colisión","S/D","S/D","S/D","S/D"
2017,10911,12/8/2017,"Viernes",0,1:30:00,,"0.0",2,"Moto/Ciclomotor,Otros","Mendoza Y Mejico",2,0,0,1,0,0,1,"-32.940333333333,-60.718416666667","Calle",,"ROSARIO","Rosario","S/D","S/D","II","S/D","Urbana","S/D","S/D","S/D","S/D","S/D","S/D","S/D","S/D","S/D","Colisión","S/D","S/D","S/D","S/D"
2017,10912,12/14/2017,"Jueves",0,21:00:00,,"0.0",2,"Moto/Ciclomotor,Otros","Francia F Y Viamonte",2,0,0,1,0,0,1,"-32.96043,-60.67018","Calle",,"ROSARIO","Rosario","S/D","S/D","II","S/D","Urbana","S/D","S/D","S/D","S/D","S/D","S/D","S/D","S/D","S/D","Colisión","S/D","S/D","S/D","S/D"
2017,10914,12/16/2017,"Sabado",0,5:30:00,,"0.0",2,"Moto/Ciclomotor,Otros","Iriondo D Y Comodoro Rivadavia",2,0,0,1,0,0,1,"-32.988361111111,-60.681611111111","Calle",,"ROSARIO","Rosario","S/D","S/D","II","S/D","Urbana","S/D","S/D","S/D","S/D","S/D","S/D","S/D","S/D","S/D","Colisión","S/D","S/D","S/D","S/D"