"anio_acci","nro_acci","fecha","desc_dia","fecha_aprox","hora_aprox","desc_ruta","km","cant_participantes","desc_participante","calle_avenida_km","total","heridos_leves","heridos_graves","heridos_gravisimos","ilesos","fallecidos","sin_datos","posicion_XY","desc_tipo_via","desc_ruta_ori","desc_loc","desc_dpto","desc_tipo_calzada","desc_tipo_banquina","desc_unidad_regional","desc_lugar_calzada","desc_zona","desc_prioridad","desc_estado_semaforo","desc_lugar_via","desc_estado_via","desc_estado_visibilidad","desc_luminosidad","desc_estado_clima","desc_tipo_colision","desc_tipo_atropello","desc_tipo_hecho","desc_pres_calzada","desc_senializacion","desc_separacion_via","desc_restriccion"
2017,10915,1/11/2017,"Miercoles",0,19:00:00,,"0.0",2,"Moto/Ciclomotor,Automóvil","San Nicolas ",2,0,0,1,0,0,1,,"Calle",,"ROSARIO","Rosario","S/D","S/D","II","S/D","Urbana","S/D","S/D","S/D","S/D","S/D","S/D","S/D","S/D","S/D","Colisión","S/D","S/D","S/D","S/D"
2017,10916,1/19/2017,"Jueves",0,4:00:00,,"0.0",2,"Peatón,Otros","Lainez Y Melincue",2,0,0,1,0,0,1,"-33.00525,-60.647805555556","Calle",,"ROSARIO","Rosario","S/D","S/D","II","S/D","Urbana","S/D","S/D","S/D","S/D","S/D","S/D","S/D","S/D","Peatón","Atropello","S/D","S/D","S/D","S/D"
2017,10917,1/22/2017,"Domingo",0,23:00:00,,"0.0",2,"Moto/Ciclomotor,Otros","Biedma ",2,0,0,1,0,0,1,,"Calle",,"ROSARIO","Rosario","S/D","S/D","II","S/D","Urbana","S/D","S/D","S/D","S/D","S/D","S/D","S/D","S/D","S/D","Colisión","S/D","S/D","S/D","S/D"
2017,10918,2/5/2017,"Domingo",0,13:00:00,,"0.0",2,"Moto/Ciclomotor,Otros","Neuquen Y Av. Provincias Unidas",2,0,0,1,0,0,1,"-32.944583333333,-60.712416666667","Avenida",,"ROSARIO","Rosario","S/D","S/D","II","S/D","Urbana","S/D","S/D","S/D","S/D","S/D","S/D","S/D","S/D","S/D","Colisión","S/D","S/D","S/D","S/D"
2017,10919,2/12/2017,"Domingo",0,23:00:00,,"0.0",2,"Moto/Ciclomotor,Otros","Lamadrid Y Sarmiento",2,0,0,1,0,0,1,"-32.997111111111,-60.649166666667","Calle",,"ROSARIO","Rosario","S/D","S/D","II","S/D","Urbana","S/D","S/D","S/D","S/D","S/D","S/D","S/D","S/D","S/D","Colisión","S/D","S/D","S/D","S/D"
2017,10921,4/23/2017,"Domingo",1,2:00:00,,"0.0",2,"Moto/Ciclomotor,Otros","Santa Fe Y Bv. Oroño",2,0,0,0,0,1,1,"-32.942333333333,-60.653083333333","Calle",,"ROSARIO","Rosario","S/D","S/D","II","S/D","Urbana","S/D","S/D","S/D","S/D","S/D","Nocturna","S/D","S/D","S/D","Colisión","S/D","S/D","S/D","S/D"
2017,10922,4/30/2017,"Domingo",0,15:45:00,,"0.0",2,"Moto/Ciclomotor,Otros","P.L.Funes ",2,0,0,1,0,0,1,,"Calle",,"ROSARIO","Rosario","S/D","S/D","II","S/D","Urbana","S/D","S/D","S/D","S/D","S/D","S/D","S/D","S/D","S/D","Colisión","S/D","S/D","S/D","S/D"
2017,10923,5/22/2017,"Lunes",0,3:30:00,,"0.0",2,"Moto/Ciclomotor,Otros","San Lorenzo ",2,0,0,1,0,0,1,,"Calle",,"ROSARIO","Rosario","S/D","S/D","II","S/D","Urbana","S/D","S/D","S/D","S/D","S/D","S/D","S/D","S/D","S/D","Colisión","S/D","S/D","S/D","S/D"
2017,10924,5/25/2017,"Jueves",0,18:30:00,,"0.0",2,"Moto/Ciclomotor,Otros","Mendoza Y Matienzo",2,0,0,1,0,0,1,"-32.941666666667,-60.694638888889","Calle",,"ROSARIO","Rosario","S/D","S/D","II","S/D","Urbana","S/D","S/D","S/D","S/D","S/D","S/D","S/D","S/D","S/D","Colisión","S/D","S/D","S/D","S/D"
2017,10925,5/30/2017,"Martes",0,1:50:00,,"0.0",2,"Automóvil,Otros","CHIVILCOY ",2,0,0,1,0,0,1,,"Calle",,"GÁLVEZ","San Jerónimo","S/D","S/D","XV","S/D","Urbana","S/D","S/D","S/D","S/D","S/D","S/D","S/D","S/D","S/D","Colisión","S/D","S/D","S/D","S/D"
2017,10926,6/14/2017,"Miercoles",0,12:30:00,,"0.0",2,"Moto/Ciclomotor,Otros","Mendoza ",2,0,0,1,0,0,1,,"Calle",,"ROSARIO","Rosario","S/D","S/D","II","S/D","Urbana","S/D","S/D","S/D","S/D","S/D","S/D","S/D","S/D","S/D","Colisión","S/D","S/D","S/D","S/D"
2017,10928,7/1/2017,"Sabado",0,0:00:00,,"0.0",2,"Moto/Ciclomotor,Otros","Barra Bis 500",2,0,0,1,0,0,1,"-32.922972222222,-60.707527777778","Calle",,"ROSARIO","Rosario","S/D","S/D","II","S/D","Urbana","S/D","S/D","S/D","S/D","S/D","S/D","S/D","S/D","S/D","Colisión","S/D","S/D","S/D","S/D"
2017,10929,7/4/2017,"Martes",0,21:00:00,,"0.0",2,"Moto/Ciclomotor,Automóvil","Av Gral San Martin ",2,0,1,0,0,0,1,,"Calle",,"VILLA GOBERNADOR GÁLVEZ","Rosario","S/D","S/D","II","S/D","Urbana","S/D","S/D","S/D","S/D","S/D","S/D","S/D","S/D","S/D","Colisión","S/D","S/D","S/D","S/D"
2017,10930,7/21/2017,"Viernes",0,23:20:00,,"0.0",2,"Moto/Ciclomotor,Otros","Crespo Y Av. Pellegrini",2,0,0,1,0,0,1,"-32.951805555556,-60.670944444444","Calle",,"ROSARIO","Rosario","S/D","S/D","II","S/D","Urbana","S/D","S/D","S/D","S/D","S/D","S/D","S/D","S/D","S/D","Colisión","S/D","S/D","S/D","S/D"
2017,10931,8/1/2017,"Martes",0,15:30:00,,"0.0",2,"Moto/Ciclomotor,Otros","Ayacucho Y M Cambeira",2,0,0,1,0,0,1,,"Calle",,"VILLA GOBERNADOR GÁLVEZ","Rosario","S/D","S/D","II","S/D","Urbana","S/D","S/D","S/D","S/D","S/D","S/D","S/D","S/D","S/D","Colisión","S/D","S/D","S/D","S/D"
2017,10932,8/6/2017,"Domingo",0,10:30:00,"Autopista Nacional Rosario -Cordoba","0.0",2,"Moto/Ciclomotor,Otros"," ",2,0,0,1,0,0,1,,"Autopista","Rosario -Cordoba","ROSARIO","Rosario","S/D","S/D","II","S/D","Urbana","S/D","S/D","S/D","S/D","S/D","S/D","S/D","S/D","S/D","Colisión","S/D","S/D","S/D","S/D"
2017,10933,8/23/2017,"Miercoles",0,12:15:00,,"0.0",2,"Moto/Ciclomotor,Otros","Servando Bayo ",2,0,0,1,0,0,1,,"Calle",,"ROSARIO","Rosario","S/D","S/D","II","S/D","Urbana","S/D","S/D","S/D","S/D","S/D","S/D","S/D","S/D","S/D","Colisión","S/D","S/D","S/D","S/D"
2017,10934,8/24/2017,"Jueves",0,19:00:00,,"0.0",2,"Moto/Ciclomotor,Otros"," ",2,0,0,1,0,0,1,,"S/D",,"ROSARIO","Rosario","S/D","S/D","II","S/D","S/D","S/D","S/D","S/D","S/D","S/D","S/D","S/D","S/D","S/D","Colisión","S/D","S/D","S/D","S/D"
2017,10935,9/16/2017,"Sabado",0,18:00:00,,"0.0",2,"Moto/Ciclomotor,Otros"," ",2,0,0,1,0,0,1,,"S/D",,"ROSARIO","Rosario","S/D","S/D","II","S/D","S/D","S/D","S/D","S/D","S/D","S/D","S/D","S/D","S/D","S/D","Colisión","S/D","S/D","S/D","S/D"
2017,10936,9/30/2017,"Sabado",0,10:30:00,,"0.0",2,"Otros,Automóvil","Larrea Y Dean Funes",2,0,0,1,0,0,1,"-32.967055555556,-60.69625","Calle",,"ROSARIO","Rosario","S/D","S/D","II","S/D","Urbana","S/D","S/D","S/D","S/D","S/D","S/D","S/D","S/D","S/D","Colisión","S/D","S/D","S/D","S/D"
2017,10937,10/1/2017,"Domingo",0,4:00:00,,"0.0",2,"Moto/Ciclomotor,Otros"," ",2,0,0,1,0,0,1,,"S/D",,"ROSARIO","Rosario","S/D","S/D","II","S/D","S/D","S/D","S/D","S/D","S/D","S/D","S/D","S/D","S/D","S/D","Colisión","S/D","S/D","S/D","S/D"
2017,10938,10/5/2017,"Jueves",0,15:00:00,,"0.0",2,"Moto/Ciclomotor,Otros","Av. Provincias Unidas ",2,0,0,1,0,0,1,,"Avenida",,"ROSARIO","Rosario","S/D","S/D","II","S/D","Urbana","S/D","S/D","S/D","S/D","S/D","S/D","S/D","S/D","S/D","Colisión","S/D","S/D","S/D","S/D"
2017,10939,10/7/2017,"Sabado",0,18:30:00,,"0.0",2,"Moto/Ciclomotor,Otros"," ",2,0,0,1,0,0,1,,"Calle",,"PUEBLO ESTHER","Rosario","S/D","S/D","II","S/D","Urbana","S/D","S/D","S/D","S/D","S/D","S/D","S/D","S/D","S/D","Colisión","S/D","S/D","S/D","S/D"
2017,10941,10/14/2017,"Sabado",0,0:50:00,,"0.0",2,"Peatón,Otros","Av. Jorge Cura Y Bv. Oroño",2,0,0,1,0,0,1,"-32.971111111111,-60.660166666667","Avenida",,"ROSARIO","Rosario","S/D","S/D","II","S/D","Urbana","S/D","S/D","S/D","S/D","S/D","S/D","S/D","S/D","Peatón","Atropello","S/D","S/D","S/D","S/D"
2017,10942,10/15/2017,"Domingo",0,21:00:00,,"0.0",2,"Automóvil,Otros"," ",2,0,0,1,0,0,1,,"S/D",,"ZAVALLA","Rosario","S/D","S/D","II","S/D","S/D","S/D","S/D","S/D","S/D","S/D","S/D","S/D","S/D","S/D","Colisión","S/D","S/D","S/D","S/D"
2017,10943,10/16/2017,"Lunes",0,22:00:00,,"0.0",2,"Moto/Ciclomotor,Otros"," ",2,0,0,1,0,0,1,,"S/D",,"ARROYO SECO","Rosario","S/D","S/D","II","S/D","S/D","S/D","S/D","S/D","S/D","S/D","S/D","S/D","S/D","S/D","Colisión","S/D","S/D","S/D","S/D"
2017,10944,10/22/2017,"Domingo",0,4:00:00,,"0.0",2,"Moto/Ciclomotor,Otros","Riobamba Y Bv. Avellaneda",2,0,0,1,0,0,1,"-32.955694444444,-60.683222222222","Avenida",,"ROSARIO","Rosario","S/D","S/D","II","S/D","Urbana","S/D","S/D","S/D","S/D","S/D","S/D","S/D","S/D","S/D","Colisión","S/D","S/D","S/D","S/D"
2017,10945,11/4/2017,"Sabado",0,21:00:00,,"0.0",2,"Moto/Ciclomotor,Otros","Av de Circunvalacion ",2,0,0,1,0,0,1,,"Avenida",,"VILLA GOBERNADOR GÁLVEZ","Rosario","S/D","S/D","II","S/D","Urbana","S/D","S/D","S/D","S/D","S/D","S/D","S/D","S/D","S/D","Colisión","S/D","S/D","S/D","S/D"
2017,10946,11/5/2017,"Domingo",0,15:00:00,,"0.0",1,"Automóvil"," ",2,0,0,1,0,0,1,,"S/D",,"ROSARIO","Rosario","S/D","S/D","II","S/D","S/D","S/D","S/D","S/D","S/D","S/D","S/D","S/D","S/D","S/D","Vuelco","S/D","S/D","S/D","S/D"
2017,10947,11/25/2017,"Sabado",0,21:00:00,,"0.0",2,"Moto/Ciclomotor,Otros","Bv. Avellaneda 3900",2,0,0,1,0,0,1,"-32.975194444444,-60.688222222222","Avenida",,"ROSARIO","Rosario","S/D","S/D","II","S/D","Urbana","S/D","S/D","S/D","S/D","S/D","S/D","S/D","S/D","S/D","Colisión","S/D","S/D","S/D","S/D"
2017,10948,12/9/2017,"Sabado",0,1:30:00,,"0.0",2,"Moto/Ciclomotor,Otros","Ayacucho ",2,0,0,1,0,0,1,,"Calle",,"ROSARIO","Rosario","S/D","S/D","II","S/D","Urbana","S/D","S/D","S/D","S/D","S/D","S/D","S/D","S/D","S/D","Colisión","S/D","S/D","S/D","S/D"
2017,10949,11/10/2017,"Viernes",0,,,"0.0",2,"Automóvil,Otros"," ",3,0,0,1,0,0,2,,"S/D",,"ROSARIO","Rosario","S/D","S/D","II","S/D","S/D","S/D","S/D","S/D","S/D","S/D","S/D","S/D","S/D","S/D","Colisión","S/D","S/D","S/D","S/D"
2017,10950,12/21/2017,"Jueves",0,20:30:00,,"0.0",2,"Automóvil,Otros"," ",3,0,0,1,0,0,2,,"S/D",,"ROSARIO","Rosario","S/D","S/D","II","S/D","S/D","S/D","S/D","S/D","S/D","S/D","S/D","S/D","S/D","S/D","Colisión","S/D","S/D","S/D","S/D"
2017,10951,12/31/2017,"Domingo",0,12:00:00,,"0.0",2,"Automóvil,Otros"," ",2,0,0,1,0,0,1,,"S/D",,"ROSARIO","Rosario","S/D","S/D","II","S/D","S/D","S/D","S/D","S/D","S/D","S/D","S/D","S/D","S/D","S/D","Colisión","S/D","S/D","S/D","S/D"
2017,10952,1/17/2017,"Martes",0,18:00:00,,"0.0",2,"Moto/Ciclomotor,Otros"," ",2,0,1,0,0,0,1,,"S/D",,"SAN JAVIER","San Javier","S/D","S/D","XIV","S/D","S/D","S/D","S/D","S/D","S/D","S/D","S/D","S/D","S/D","S/D","Colisión","S/D","S/D","S/D","S/D"
2017,10953,1/21/2017,"Sabado",0,6:00:00,,"0.0",2,"Moto/Ciclomotor,Otros","Garzon ",2,0,1,0,0,0,1,,"Calle",,"ROSARIO","Rosario","S/D","S/D","II","S/D","Urbana","S/D","S/D","S/D","S/D","S/D","S/D","S/D","S/D","S/D","Colisión","S/D","S/D","S/D","S/D"
2017,10954,1/24/2017,"Martes",0,5:30:00,,"0.0",2,"Moto/Ciclomotor,Otros","Uruguay Y Entre Rios",2,0,1,0,0,0,1,"-32.976298027838, -60.648628286575","Calle",,"ROSARIO","Rosario","S/D","S/D","II","S/D","Urbana","S/D","S/D","S/D","S/D","S/D","S/D","S/D","S/D","S/D","Colisión","S/D","S/D","S/D","S/D"
2017,10955,2/14/2017,"Martes",0,22:00:00,,"0.0",2,"Moto/Ciclomotor,Otros","Garzon Y Biedma",2,0,1,0,0,0,1,"-32.97324, -60.70436","Calle",,"ROSARIO","Rosario","S/D","S/D","II","S/D","Urbana","S/D","S/D","S/D","S/D","S/D","S/D","S/D","S/D","S/D","Colisión","S/D","S/D","S/D","S/D"
2017,10956,2/27/2017,"Lunes",0,,,"0.0",2,"Moto/Ciclomotor,Otros","Virasoro Y Mitre",2,0,0,1,0,0,1,"-32.969666666667,-60.645416666667","Calle",,"ROSARIO","Rosario","S/D","S/D","II","S/D","Urbana","S/D","S/D","S/D","S/D","S/D","S/D","S/D","S/D","S/D","Colisión","S/D","S/D","S/D","S/D"
2017,10957,3/16/2017,"Jueves",0,8:00:00,,"0.0",2,"Moto/Ciclomotor,Otros","Donado Y Mendoza",2,0,1,0,0,0,1,"-32.940694444444,-60.726972222222","Calle",,"ROSARIO","Rosario","S/D","S/D","II","S/D","Urbana","S/D","S/D","S/D","S/D","S/D","S/D","S/D","S/D","S/D","Colisión","S/D","S/D","S/D","S/D"
2017,10958,3/18/2017,"Sabado",0,11:30:00,,"0.0",2,"Moto/Ciclomotor,Otros","Av. Francia Y Gaboto",2,0,0,1,0,0,1,"-32.968416666667,-60.672444444444","Calle",,"ROSARIO","Rosario","S/D","S/D","II","S/D","Urbana","S/D","S/D","S/D","S/D","S/D","S/D","S/D","S/D","S/D","Colisión","S/D","S/D","S/D","S/D"
2017,10959,4/1/2017,"Sabado",0,21:00:00,,"0.0",2,"Moto/Ciclomotor,Otros","Av. Eva Peron Y Gutenberg",2,0,1,0,0,0,1,"-32.93763, -60.68732","Calle",,"ROSARIO","Rosario","S/D","S/D","II","S/D","Urbana","S/D","S/D","S/D","S/D","S/D","S/D","S/D","S/D","S/D","Colisión","S/D","S/D","S/D","S/D"
2017,10960,4/10/2017,"Lunes",0,22:00:00,,"0.0",2,"Moto/Ciclomotor,Otros","Bv. Avellaneda Y Av. Circunvalacion",2,0,0,1,0,0,1,"-33.000055555556,-60.689388888889","Avenida",,"ROSARIO","Rosario","S/D","S/D","II","S/D","Urbana","S/D","S/D","S/D","S/D","S/D","S/D","S/D","S/D","S/D","Colisión","S/D","S/D","S/D","S/D"
2017,10961,4/18/2017,"Martes",0,16:30:00,,"0.0",2,"Bicicleta,Otros","Gaboto Y San Martin",2,0,1,0,0,0,1,"-32.973611111111,-60.643472222222","Calle",,"ROSARIO","Rosario","S/D","S/D","II","S/D","Urbana","S/D","S/D","S/D","S/D","S/D","S/D","S/D","S/D","Ciclista","Atropello","S/D","S/D","S/D","S/D"
2017,10962,4/28/2017,"Viernes",0,7:00:00,,"0.0",2,"Moto/Ciclomotor,Otros","Dr.Rivas Y Pueyrredon",2,0,1,0,0,0,1,,"Calle",,"ROSARIO","Rosario","S/D","S/D","II","S/D","Urbana","S/D","S/D","S/D","S/D","S/D","S/D","S/D","S/D","S/D","Colisión","S/D","S/D","S/D","S/D"
2017,10963,4/30/2017,"Domingo",0,,,"0.0",2,"Moto/Ciclomotor,Otros"," ",2,0,1,0,0,0,1,,"S/D",,"ROSARIO","Rosario","S/D","S/D","II","S/D","S/D","S/D","S/D","S/D","S/D","S/D","S/D","S/D","S/D","S/D","Colisión","S/D","S/D","S/D","S/D"
2017,10964,6/15/2017,"Jueves",0,14:00:00,,"0.0",2,"Moto/Ciclomotor,Otros","España Y Cerrito",2,0,0,1,0,0,1,"-32.960361111111,-60.650416666667","Calle",,"ROSARIO","Rosario","S/D","S/D","II","S/D","Urbana","S/D","S/D","S/D","S/D","S/D","S/D","S/D","S/D","S/D","Colisión","S/D","S/D","S/D","S/D"
2017,10965,7/16/2017,"Domingo",0,9:00:00,,"0.0",2,"Moto/Ciclomotor,Otros","Pueyrredon 4400",2,0,1,0,0,0,1,"-32.984805555556,-60.667916666667","Calle",,"ROSARIO","Rosario","S/D","S/D","II","S/D","Urbana","S/D","S/D","S/D","S/D","S/D","S/D","S/D","S/D","S/D","Colisión","S/D","S/D","S/D","S/D"
2017,10966,7/22/2017,"Sabado",0,22:10:00,,"0.0",2,"Peatón,Otros"," ",2,0,1,0,0,0,1,,"S/D",,"GENERAL LAGOS","Rosario","S/D","S/D","II","S/D","S/D","S/D","S/D","S/D","S/D","S/D","S/D","S/D","S/D","Peatón","Atropello","S/D","S/D","S/D","S/D"
2017,10967,7/31/2017,"Lunes",0,17:00:00,,"0.0",2,"Moto/Ciclomotor,Otros","Laprida 4600",2,0,1,0,0,0,1,"-32.99069,-60.64521","Calle",,"ROSARIO","Rosario","S/D","S/D","II","S/D","Urbana","S/D","S/D","S/D","S/D","S/D","S/D","S/D","S/D","S/D","Colisión","S/D","S/D","S/D","S/D"
2017,10968,8/2/2017,"Miercoles",0,12:00:00,,"0.0",2,"Automóvil,Otros","Cerrito Y Paraguay",3,0,1,0,0,0,2,"-32.960861111111,-60.647611111111","Calle",,"ROSARIO","Rosario","S/D","S/D","II","S/D","Urbana","S/D","S/D","S/D","S/D","S/D","S/D","S/D","S/D","S/D","Colisión","S/D","S/D","S/D","S/D"
2017,10969,8/4/2017,"Viernes",0,18:30:00,,"0.0",2,"Bicicleta,Otros","Av. Luis Carballo ",2,0,1,0,0,0,1,,"Avenida",,"ROSARIO","Rosario","S/D","S/D","II","S/D","Urbana","S/D","S/D","S/D","S/D","S/D","S/D","S/D","S/D","Ciclista","Atropello","S/D","S/D","S/D","S/D"
2017,10970,8/6/2017,"Domingo",0,20:00:00,,"0.0",2,"Peatón,Otros","Gaboto Y F.More",2,0,1,0,0,0,1,"-32.964611111111,-60.692805555556","Calle",,"ROSARIO","Rosario","S/D","S/D","II","S/D","Urbana","S/D","S/D","S/D","S/D","S/D","S/D","S/D","S/D","Peatón","Atropello","S/D","S/D","S/D","S/D"
2017,10971,8/7/2017,"Lunes",0,23:00:00,,"0.0",2,"Automóvil,Otros"," ",2,0,1,0,0,0,1,,"S/D",,"CAÑADA DE GÓMEZ","Iriondo","S/D","S/D","X","S/D","S/D","S/D","S/D","S/D","S/D","S/D","S/D","S/D","S/D","S/D","Colisión","S/D","S/D","S/D","S/D"
2017,10972,8/13/2017,"Domingo",0,2:00:00,,"0.0",2,"Automóvil,Otros","Donado Y Av. Pellegrini",2,0,1,0,0,0,1,"-32.948944444444,-60.726666666667","Calle",,"ROSARIO","Rosario","S/D","S/D","II","S/D","Urbana","S/D","S/D","S/D","S/D","S/D","S/D","S/D","S/D","S/D","Colisión","S/D","S/D","S/D","S/D"
2017,10974,9/13/2017,"Miercoles",0,11:20:00,"Ruta Nacional A012","0.0",2,"Automóvil,Otros","RUTA 33 Y RN A012",2,0,1,0,0,0,1,,"Ruta","A012","ZAVALLA","Rosario","S/D","S/D","II","S/D","S/D","S/D","S/D","S/D","S/D","S/D","S/D","S/D","S/D","S/D","Colisión","S/D","S/D","S/D","S/D"
2017,10975,9/18/2017,"Lunes",0,21:00:00,,"0.0",2,"Moto/Ciclomotor,Otros"," ",2,0,0,1,0,0,1,,"S/D",,"ROSARIO","Rosario","S/D","S/D","II","S/D","S/D","S/D","S/D","S/D","S/D","S/D","S/D","S/D","S/D","S/D","Colisión","S/D","S/D","S/D","S/D"
2017,10976,9/18/2017,"Lunes",0,19:00:00,,"0.0",2,"Moto/Ciclomotor,Otros","Italia Y Saavedra",2,0,1,0,0,0,1,"-32.976166666667,-60.655833333333","Calle",,"ROSARIO","Rosario","S/D","S/D","II","S/D","Urbana","S/D","S/D","S/D","S/D","S/D","S/D","S/D","S/D","S/D","Colisión","S/D","S/D","S/D","S/D"
2017,10977,9/23/2017,"Sabado",0,18:30:00,,"0.0",2,"Bicicleta,Otros","Centeno ",2,0,0,1,0,0,1,,"Calle",,"ROSARIO","Rosario","S/D","S/D","II","S/D","Urbana","S/D","S/D","S/D","S/D","S/D","S/D","S/D","S/D","Ciclista","Atropello","S/D","S/D","S/D","S/D"
2017,10978,10/4/2017,"Miercoles",0,14:00:00,,"0.0",2,"Moto/Ciclomotor,Otros","Buenos Aires Y Patricios",2,0,1,0,0,0,1,"-33.010805555556,-60.644583333333","Calle",,"ROSARIO","Rosario","S/D","S/D","II","S/D","Urbana","S/D","S/D","S/D","S/D","S/D","S/D","S/D","S/D","S/D","Colisión","S/D","S/D","S/D","S/D"
2017,10979,10/6/2017,"Viernes",0,20:00:00,,"0.0",2,"Moto/Ciclomotor,Otros","Cochabamba Y Bv. Avellaneda",2,0,1,0,0,0,1,"-32.951055555556,-60.682305555556","Calle",,"ROSARIO","Rosario","S/D","S/D","II","S/D","Urbana","S/D","S/D","S/D","S/D","S/D","S/D","S/D","S/D","S/D","Colisión","S/D","S/D","S/D","S/D"
2017,10980,10/18/2017,"Miercoles",0,18:00:00,,"0.0",2,"Moto/Ciclomotor,Otros","Sarmiento Y Av. Uriburu",2,0,1,0,0,0,1,"-32.99075,-60.649444444444","Avenida",,"ROSARIO","Rosario","S/D","S/D","II","S/D","Urbana","S/D","S/D","S/D","S/D","S/D","S/D","S/D","S/D","S/D","Colisión","S/D","S/D","S/D","S/D"
2017,10983,10/26/2017,"Jueves",0,14:00:00,,"0.0",2,"Moto/Ciclomotor,Otros","Rivarola 7300",2,0,0,1,0,0,1,"-32.966055555556,-60.719888888889","Calle",,"ROSARIO","Rosario","S/D","S/D","II","S/D","Urbana","S/D","S/D","S/D","S/D","S/D","S/D","S/D","S/D","S/D","Colisión","S/D","S/D","S/D","S/D"
2017,10984,11/13/2017,"Lunes",0,11:10:00,,"0.0",2,"Peatón,Otros","Bv. Avellaneda 2200",2,0,1,0,0,0,1,"-32.955666666667,-60.683444444444","Calle",,"ROSARIO","Rosario","S/D","S/D","II","S/D","Urbana","S/D","S/D","S/D","S/D","S/D","S/D","S/D","S/D","Peatón","Atropello","S/D","S/D","S/D","S/D"
2017,10985,11/15/2017,"Miercoles",0,20:00:00,,"0.0",2,"Automóvil,Otros","Boulevard Lisandro de la Torre ",2,0,1,0,0,0,1,,"Calle",,"CASILDA","Caseros","S/D","S/D","IV","S/D","Urbana","S/D","S/D","S/D","S/D","S/D","S/D","S/D","S/D","S/D","Colisión","S/D","S/D","S/D","S/D"
2017,10986,11/17/2017,"Viernes",0,18:30:00,,"0.0",2,"Moto/Ciclomotor,Otros","Av. Pellegrini 5400",2,0,1,0,0,0,1,"-32.948861111111,-60.687333333333","Avenida",,"ROSARIO","Rosario","S/D","S/D","II","S/D","Urbana","S/D","S/D","S/D","S/D","S/D","S/D","S/D","S/D","S/D","Colisión","S/D","S/D","S/D","S/D"
2017,10987,11/19/2017,"Domingo",0,22:00:00,,"0.0",2,"Moto/Ciclomotor,Otros","Av. Circunvalacion ",2,0,1,0,0,0,1,,"Avenida",,"ROSARIO","Rosario","S/D","S/D","II","S/D","Urbana","S/D","S/D","S/D","S/D","S/D","S/D","S/D","S/D","S/D","Colisión","S/D","S/D","S/D","S/D"
2017,10988,11/23/2017,"Jueves",0,18:45:00,,"0.0",2,"Peatón,Otros","Av. Provincias Unidas ",2,0,1,0,0,0,1,,"Avenida",,"ROSARIO","Rosario","S/D","S/D","II","S/D","Urbana","S/D","S/D","S/D","S/D","S/D","S/D","S/D","S/D","Peatón","Atropello","S/D","S/D","S/D","S/D"
2017,10989,12/1/2017,"Viernes",0,12:30:00,,"0.0",2,"Moto/Ciclomotor,Otros","Chaco Bis Y Av. Genova",2,0,1,0,0,0,1,"-32.915527777778,-60.6965","Calle",,"ROSARIO","Rosario","S/D","S/D","II","S/D","Urbana","S/D","S/D","S/D","S/D","S/D","S/D","S/D","S/D","S/D","Colisión","S/D","S/D","S/D","S/D"
2017,10990,12/10/2017,"Domingo",0,10:00:00,,"0.0",2,"Moto/Ciclomotor,Otros","Santa Fe Y Ricchieri",2,0,0,1,0,0,1,"-32.940666666667,-60.662472222222","Calle",,"ROSARIO","Rosario","S/D","S/D","II","S/D","Urbana","S/D","S/D","S/D","S/D","S/D","S/D","S/D","S/D","S/D","Colisión","S/D","S/D","S/D","S/D"
2017,10991,11/10/2017,"Viernes",0,1:30:00,,"0.0",2,"Moto/Ciclomotor,Otros","Baigorria Y Darragueira",2,0,0,1,0,0,1,"-32.892083333333,-60.695861111111","Calle",,"ROSARIO","Rosario","S/D","S/D","II","S/D","Urbana","S/D","S/D","S/D","S/D","S/D","S/D","S/D","S/D","S/D","Colisión","S/D","S/D","S/D","S/D"
2017,10992,12/10/2017,"Domingo",0,23:40:00,,"0.0",2,"Moto/Ciclomotor,Otros","Roullon 3400",2,0,1,0,0,0,1,"-32.968333333333,-60.701166666667","Calle",,"ROSARIO","Rosario","S/D","S/D","II","S/D","Urbana","S/D","S/D","S/D","S/D","S/D","S/D","S/D","S/D","S/D","Colisión","S/D","S/D","S/D","S/D"
2017,10993,12/17/2017,"Domingo",0,18:00:00,,"0.0",2,"Peatón,Otros","Cullen Y Mendoza",2,0,1,0,0,0,1,"-32.940083333333,-60.709083333333","Calle",,"ROSARIO","Rosario","S/D","S/D","II","S/D","Urbana","S/D","S/D","S/D","S/D","S/D","S/D","S/D","S/D","Peatón","Atropello","S/D","S/D","S/D","S/D"
2017,10994,12/24/2017,"Domingo",0,7:00:00,,"0.0",2,"Moto/Ciclomotor,Otros","Magallanes Y Av. Pellegrini",2,0,1,0,0,0,1,,"Calle",,"ROSARIO","Rosario","S/D","S/D","II","S/D","Urbana","S/D","S/D","S/D","S/D","S/D","S/D","S/D","S/D","S/D","Colisión","S/D","S/D","S/D","S/D"
2017,10995,12/29/2017,"Viernes",0,21:40:00,,"0.0",2,"Moto/Ciclomotor,Otros","Av. Ovidio Lagos 7500",2,0,1,0,0,0,1,"-33.025027777778,-60.68075","Calle",,"ROSARIO","Rosario","S/D","S/D","II","S/D","Urbana","S/D","S/D","S/D","S/D","S/D","S/D","S/D","S/D","S/D","Colisión","S/D","S/D","S/D","S/D"
2017,10996,12/29/2017,"Viernes",0,17:30:00,,"0.0",2,"Peatón,Otros","Camilo Aldao ",2,0,0,1,0,0,1,,"Calle",,"ROSARIO","Rosario","S/D","S/D","II","S/D","Urbana","S/D","S/D","S/D","S/D","S/D","S/D","S/D","S/D","Peatón","Atropello","S/D","S/D","S/D","S/D"
2017,10997,7/5/2017,"Miercoles",0,12:30:00,,"0.0",2,"Moto/Ciclomotor,Otros","Santa Fe Y Camilo Aldao",2,0,0,1,0,0,1,"-32.93525,-60.696194444444","Calle",,"ROSARIO","Rosario","S/D","S/D","II","S/D","Urbana","S/D","S/D","S/D","S/D","S/D","S/D","S/D","S/D","S/D","Colisión","S/D","S/D","S/D","S/D"
2017,10998,10/10/2017,"Martes",0,0:30:00,,"0.0",2,"Moto/Ciclomotor,Otros","3 De Febrero ",2,0,0,1,0,0,1,,"Calle",,"ROSARIO","Rosario","S/D","S/D","II","S/D","Urbana","S/D","S/D","S/D","S/D","S/D","S/D","S/D","S/D","S/D","Colisión","S/D","S/D","S/D","S/D"
2017,10999,10/22/2017,"Domingo",0,12:30:00,,"0.0",1,"Otros"," ",2,0,0,1,0,0,1,,"Calle",,"ROSARIO","Rosario","S/D","S/D","II","S/D","Urbana","S/D","S/D","S/D","S/D","S/D","S/D","S/D","S/D","S/D","S/D","S/D","S/D","S/D","S/D"
2017,11000,3/9/2017,"Jueves",0,3:20:00,,"0.0",2,"Moto/Ciclomotor,Otros"," ",2,0,0,1,0,0,1,,"S/D",,"ROSARIO","Rosario","S/D","S/D","II","S/D","S/D","S/D","S/D","S/D","S/D","S/D","S/D","S/D","S/D","S/D","Colisión","S/D","S/D","S/D","S/D"
2017,11001,3/31/2017,"Viernes",0,23:30:00,,"0.0",2,"Moto/Ciclomotor,Otros","Ituzaingo Y Gutenberg",2,0,0,1,0,0,1,"-32.951888888889,-60.690916666667","Calle",,"ROSARIO","Rosario","S/D","S/D","II","S/D","Urbana","S/D","S/D","S/D","S/D","S/D","S/D","S/D","S/D","S/D","Colisión","S/D","S/D","S/D","S/D"
2017,11002,4/9/2017,"Domingo",0,5:00:00,,"0.0",2,"Moto/Ciclomotor,Otros","Pasco Y Av. Ovidio Lagos",2,0,0,1,0,0,1,,"Calle",,"ROSARIO","Rosario","S/D","S/D","II","S/D","Urbana","S/D","S/D","S/D","S/D","S/D","S/D","S/D","S/D","S/D","Colisión","S/D","S/D","S/D","S/D"
2017,11003,5/6/2017,"Sabado",0,6:00:00,,"0.0",2,"Moto/Ciclomotor,Otros","GODOY Y PEDRO LINO",2,0,0,1,0,0,1,"-32.96238, -60.70031","Calle",,"ROSARIO","Rosario","S/D","S/D","II","S/D","Urbana","S/D","S/D","S/D","S/D","S/D","S/D","S/D","S/D","S/D","Colisión","S/D","S/D","S/D","S/D"