"anio_acci","nro_acci","fecha","desc_dia","fecha_aprox","hora_aprox","desc_ruta","km","cant_participantes","desc_participante","calle_avenida_km","total","heridos_leves","heridos_graves","heridos_gravisimos","ilesos","fallecidos","sin_datos","posicion_XY","desc_tipo_via","desc_ruta_ori","desc_loc","desc_dpto","desc_tipo_calzada","desc_tipo_banquina","desc_unidad_regional","desc_lugar_calzada","desc_zona","desc_prioridad","desc_estado_semaforo","desc_lugar_via","desc_estado_via","desc_estado_visibilidad","desc_luminosidad","desc_estado_clima","desc_tipo_colision","desc_tipo_atropello","desc_tipo_hecho","desc_pres_calzada","desc_senializacion","desc_separacion_via","desc_restriccion"
2017,11006,1/21/2017,"Sabado",0,19:30:00,,"0.0",2,"Moto/Ciclomotor,Otros","J.B.Justo Y Galvez",2,0,0,1,0,0,1,"-32.915305555556,-60.728111111111","Calle",,"ROSARIO","Rosario","S/D","S/D","II","S/D","Urbana","S/D","S/D","S/D","S/D","S/D","S/D","S/D","S/D","S/D","Colisión","S/D","S/D","S/D","S/D"
2017,11007,1/22/2017,"Domingo",0,17:30:00,,"0.0",2,"Peatón,Otros","Av. Genova ",2,0,1,0,0,0,1,,"Avenida",,"ROSARIO","Rosario","S/D","S/D","II","S/D","Urbana","S/D","S/D","S/D","S/D","S/D","S/D","S/D","S/D","Peatón","Atropello","S/D","S/D","S/D","S/D"
2017,11008,1/30/2017,"Lunes",0,18:20:00,,"0.0",2,"Moto/Ciclomotor,Otros","Av. De Las Palmeras ",2,0,1,0,0,0,1,,"Calle",,"ROSARIO","Rosario","S/D","S/D","II","S/D","Urbana","S/D","S/D","S/D","S/D","S/D","S/D","S/D","S/D","S/D","Colisión","S/D","S/D","S/D","S/D"
2017,11010,2/26/2017,"Domingo",0,2:20:00,,"0.0",2,"Moto/Ciclomotor,Otros","Dorrego Y Cordoba",2,0,0,1,0,0,1,"-32.944444444444,-60.649222222222","Calle",,"ROSARIO","Rosario","S/D","S/D","II","S/D","Urbana","S/D","S/D","S/D","S/D","S/D","S/D","S/D","S/D","S/D","Colisión","S/D","S/D","S/D","S/D"
2017,11011,3/5/2017,"Domingo",0,11:30:00,"Ruta Nacional A012","0.0",2,"Automóvil,Otros","Ruta Provincial 14 ",2,0,1,0,0,0,1,"-33.09186, -60.79087","Ruta","A012","PIÑERO","Rosario","S/D","S/D","II","S/D","Urbana","S/D","S/D","S/D","S/D","S/D","S/D","S/D","S/D","S/D","Colisión","S/D","S/D","S/D","S/D"
2017,11012,3/12/2017,"Domingo",0,13:00:00,,"0.0",2,"Moto/Ciclomotor,Otros","Rep.del Libano ",2,0,1,0,0,0,1,,"Calle",,"ROSARIO","Rosario","S/D","S/D","II","S/D","Urbana","S/D","S/D","S/D","S/D","S/D","S/D","S/D","S/D","S/D","Colisión","S/D","S/D","S/D","S/D"
2017,11013,3/27/2017,"Lunes",0,12:00:00,,"0.0",2,"Moto/Ciclomotor,Otros","Brasil ",2,0,1,0,0,0,1,,"Calle",,"ROSARIO","Rosario","S/D","S/D","II","S/D","Urbana","S/D","S/D","S/D","S/D","S/D","S/D","S/D","S/D","S/D","Colisión","S/D","S/D","S/D","S/D"
2017,11014,4/12/2017,"Miercoles",0,21:30:00,,"0.0",2,"Moto/Ciclomotor,Otros","Alsina Y Galvez",2,0,1,0,0,0,1,"-32.961916666667,-60.682055555556","Calle",,"ROSARIO","Rosario","S/D","S/D","II","S/D","Urbana","S/D","S/D","S/D","S/D","S/D","S/D","S/D","S/D","S/D","Colisión","S/D","S/D","S/D","S/D"
2017,11015,4/16/2017,"Domingo",0,15:00:00,,"0.0",2,"Moto/Ciclomotor,Otros"," ",2,0,1,0,0,0,1,,"S/D",,"CARCARAÑÁ","San Lorenzo","S/D","S/D","XVII","S/D","S/D","S/D","S/D","S/D","S/D","S/D","S/D","S/D","S/D","S/D","Colisión","S/D","S/D","S/D","S/D"
2017,11016,4/16/2017,"Domingo",0,13:00:00,,"0.0",2,"Moto/Ciclomotor,Otros","Cnel.Winter Y Bv. Avellaneda",2,0,1,0,0,0,1,"-32.985055555556,-60.688527777778","Calle",,"ROSARIO","Rosario","S/D","S/D","II","S/D","Urbana","S/D","S/D","S/D","S/D","S/D","S/D","S/D","S/D","S/D","Colisión","S/D","S/D","S/D","S/D"
2017,11017,4/20/2017,"Jueves",0,8:00:00,,"0.0",2,"Peatón,Otros","Bv. Segui Y Ricchieri",2,0,1,0,0,0,1,"-32.974638888889,-60.671027777778","Calle",,"ROSARIO","Rosario","S/D","S/D","II","S/D","Urbana","S/D","S/D","S/D","S/D","S/D","S/D","S/D","S/D","Peatón","Atropello","S/D","S/D","S/D","S/D"
2017,11018,4/22/2017,"Sabado",0,16:00:00,,"0.0",2,"Moto/Ciclomotor,Otros","Bv. 27 De Febrero ",2,0,1,0,0,0,1,,"Avenida",,"ROSARIO","Rosario","S/D","S/D","II","S/D","S/D","S/D","S/D","S/D","S/D","S/D","S/D","S/D","S/D","S/D","Colisión","S/D","S/D","S/D","S/D"
2017,11019,4/27/2017,"Jueves",0,20:30:00,,"0.0",2,"Moto/Ciclomotor,Otros","Cazadores Y Pueyrredon",2,0,1,0,0,0,1,"-33.004611111111,-60.669055555556","Calle",,"ROSARIO","Rosario","S/D","S/D","II","S/D","Urbana","S/D","S/D","S/D","S/D","S/D","S/D","S/D","S/D","S/D","Colisión","S/D","S/D","S/D","S/D"
2017,11020,4/29/2017,"Sabado",0,8:00:00,"Ruta Provincial 18","0.0",2,"Pickup/Utilitario,Otros"," ",3,0,1,0,0,0,2,,"Ruta",18,"ROSARIO","Rosario","S/D","S/D","II","S/D","Urbana","S/D","S/D","S/D","S/D","S/D","S/D","S/D","S/D","S/D","Colisión","S/D","S/D","S/D","S/D"
2017,11021,5/1/2017,"Lunes",0,18:20:00,,"0.0",2,"Moto/Ciclomotor,Automóvil","Mariano Cabal Bis Y Av. Genova",3,1,1,0,1,0,0,"-32.915694444444,-60.702777777778","Avenida",,"ROSARIO","Rosario","S/D","S/D","II","S/D","Urbana","S/D","S/D","S/D","S/D","S/D","S/D","S/D","S/D","S/D","Colisión","S/D","S/D","S/D","S/D"
2017,11022,5/15/2017,"Lunes",0,12:30:00,,"0.0",2,"Otros,Automóvil","Iguazu Y Gorriti",3,1,1,0,1,0,0,"-32.923583333333,-60.686555555556","Calle",,"ROSARIO","Rosario","Asfalto","S/D","II","Dentro","Urbana","S/D","S/D","Intersección","S/D","S/D","Diurna","S/D","S/D","S/D","Colisión","S/D","S/D","S/D","S/D"
2017,11023,5/17/2017,"Miercoles",0,6:00:00,"Ruta Nacional 33","14.0",2,"Moto/Ciclomotor,Otros"," ",2,0,1,0,0,0,1,,"Ruta",33,"PEREZ","Rosario","S/D","S/D","II","S/D","Urbana","S/D","S/D","S/D","S/D","S/D","S/D","S/D","S/D","S/D","Colisión","S/D","S/D","S/D","S/D"
2017,11025,5/30/2017,"Martes",0,16:00:00,,"0.0",2,"Moto/Ciclomotor,Otros","Bv. Segui Y Garzon",2,0,1,0,0,0,1,"-32.970805555556,-60.7045","Avenida",,"ROSARIO","Rosario","S/D","S/D","II","S/D","Urbana","S/D","S/D","S/D","S/D","S/D","S/D","S/D","S/D","S/D","Colisión","S/D","S/D","S/D","S/D"
2017,11026,6/5/2017,"Lunes",0,7:50:00,,"0.0",2,"Moto/Ciclomotor,Otros","Av. Uriburu Y 1 de Mayo",2,0,1,0,0,0,1,"-32.990472222222,-60.640416666667","Avenida",,"ROSARIO","Rosario","S/D","S/D","II","Dentro","Urbana","S/D","S/D","S/D","S/D","S/D","S/D","S/D","S/D","S/D","Colisión","S/D","S/D","S/D","S/D"
2017,11027,6/10/2017,"Sabado",0,23:00:00,,"0.0",2,"Moto/Ciclomotor,Otros","Ituzaingo Y Larrea",2,0,1,0,0,0,1,"-32.95175,-60.696833333333","Calle",,"ROSARIO","Rosario","S/D","S/D","II","S/D","Urbana","S/D","S/D","S/D","S/D","S/D","S/D","S/D","S/D","S/D","Colisión","S/D","S/D","S/D","S/D"
2017,11028,6/12/2017,"Lunes",0,17:20:00,,"0.0",2,"Moto/Ciclomotor,Otros","2 de Abril Y Pavon",2,0,1,0,0,0,1,"-33.752861111111,-61.952027777778","Calle",,"VENADO TUERTO","General López","S/D","S/D","VIII","S/D","Urbana","S/D","S/D","S/D","S/D","S/D","S/D","S/D","S/D","S/D","Colisión","S/D","S/D","S/D","S/D"
2017,11029,6/13/2017,"Martes",0,18:30:00,,"0.0",2,"Moto/Ciclomotor,Otros","Bv. Avellaneda Y Virasoro",2,0,1,0,0,0,1,"-32.962583333333,-60.684944444444","Calle",,"ROSARIO","Rosario","S/D","S/D","II","S/D","Urbana","S/D","S/D","S/D","S/D","S/D","S/D","S/D","S/D","S/D","Colisión","S/D","S/D","S/D","S/D"
2017,11030,6/16/2017,"Viernes",0,18:15:00,,"0.0",2,"Moto/Ciclomotor,Otros"," ",2,0,1,0,0,0,1,,"S/D",,"ROSARIO","Rosario","S/D","S/D","II","S/D","S/D","S/D","S/D","S/D","S/D","S/D","S/D","S/D","S/D","S/D","Colisión","S/D","S/D","S/D","S/D"
2017,11031,6/16/2017,"Viernes",0,23:20:00,,"0.0",2,"Moto/Ciclomotor,Otros","Bv. Avellaneda Y Virasoro",2,0,1,0,0,0,1,"-32.962583333333,-60.684944444444","Calle",,"ROSARIO","Rosario","S/D","S/D","II","S/D","Urbana","S/D","S/D","S/D","S/D","S/D","S/D","S/D","S/D","S/D","Colisión","S/D","S/D","S/D","S/D"
2017,11032,6/23/2017,"Viernes",0,19:45:00,,"0.0",1,"Otros","Bv. Avellaneda Y Viamonte",1,0,1,0,0,0,0,"-32.957944444444,-60.684027777778","Calle",,"ROSARIO","Rosario","S/D","S/D","II","S/D","Urbana","S/D","S/D","S/D","S/D","S/D","S/D","S/D","S/D","S/D","S/D","S/D","S/D","S/D","S/D"
2017,11033,6/23/2017,"Viernes",0,4:15:00,,"0.0",1,"Otros","Av. Circunvalacion ",2,0,1,0,0,0,1,,"Avenida",,"ROSARIO","Rosario","S/D","S/D","II","S/D","Urbana","S/D","S/D","S/D","S/D","S/D","S/D","S/D","S/D","S/D","S/D","S/D","S/D","S/D","S/D"
2017,11034,6/26/2017,"Lunes",0,23:30:00,,"0.0",2,"Moto/Ciclomotor,Otros"," ",2,0,1,0,0,0,1,,"S/D",,"ARROYO SECO","Rosario","S/D","S/D","II","S/D","S/D","S/D","S/D","S/D","S/D","S/D","S/D","S/D","S/D","S/D","Colisión","S/D","S/D","S/D","S/D"
2017,11035,6/26/2017,"Lunes",0,20:00:00,,"0.0",2,"Moto/Ciclomotor,Otros","Bv. Avellaneda ",2,0,0,1,0,0,1,,"Avenida",,"ROSARIO","Rosario","S/D","S/D","II","S/D","Urbana","S/D","S/D","S/D","S/D","S/D","S/D","S/D","S/D","S/D","Colisión","S/D","S/D","S/D","S/D"
2017,11036,6/29/2017,"Jueves",0,22:20:00,,"0.0",2,"Moto/Ciclomotor,Otros","Magallanes ",2,0,1,0,0,0,1,,"Calle",,"VILLA GOBERNADOR GÁLVEZ","Rosario","S/D","S/D","II","S/D","Urbana","S/D","S/D","S/D","S/D","S/D","S/D","S/D","S/D","S/D","Colisión","S/D","S/D","S/D","S/D"
2017,11037,6/30/2017,"Viernes",0,11:00:00,,"0.0",1,"Moto/Ciclomotor","Camilo Aldao Y Dean Funes",1,0,1,0,0,0,0,"-32.967,-60.694944444444","Calle",,"ROSARIO","Rosario","S/D","S/D","II","S/D","Urbana","S/D","S/D","S/D","S/D","S/D","S/D","S/D","S/D","S/D","S/D","S/D","S/D","S/D","S/D"
2017,11038,7/1/2017,"Sabado",0,5:00:00,,"0.0",2,"Peatón,Otros","Constitucion ",2,0,1,0,0,0,1,,"Calle",,"ROSARIO","Rosario","S/D","S/D","II","S/D","Urbana","S/D","S/D","S/D","S/D","S/D","S/D","S/D","S/D","Peatón","Atropello","S/D","S/D","S/D","S/D"
2017,11039,7/9/2017,"Domingo",0,17:30:00,,"0.0",2,"Moto/Ciclomotor,Otros","Santiago Y Comodoro Rivadavia",2,0,1,0,0,0,1,"-32.990777777778,-60.668","Calle",,"ROSARIO","Rosario","S/D","S/D","II","S/D","Urbana","S/D","S/D","S/D","S/D","S/D","S/D","S/D","S/D","S/D","Colisión","S/D","S/D","S/D","S/D"
2017,11040,7/8/2017,"Sabado",0,18:30:00,,"0.0",2,"Moto/Ciclomotor,Otros"," ",2,0,1,0,0,0,1,,"S/D",,"PUEBLO ESTHER","Rosario","S/D","S/D","II","S/D","S/D","S/D","S/D","S/D","S/D","S/D","S/D","S/D","S/D","S/D","Colisión","S/D","S/D","S/D","S/D"
2017,11041,7/9/2017,"Domingo",0,7:00:00,,"0.0",2,"Automóvil,Otros"," ",2,0,1,0,0,0,1,,"S/D",,"ROSARIO","Rosario","S/D","S/D","II","S/D","S/D","S/D","S/D","S/D","S/D","S/D","S/D","S/D","S/D","S/D","Colisión","S/D","S/D","S/D","S/D"
2017,11042,7/10/2017,"Lunes",0,1:20:00,,"0.0",2,"Moto/Ciclomotor,Otros","Gral.Mosconi Y G.Carrasco",2,0,1,0,0,0,1,,"Calle",,"ROSARIO","Rosario","S/D","S/D","II","S/D","Urbana","S/D","S/D","S/D","S/D","S/D","S/D","S/D","S/D","S/D","Colisión","S/D","S/D","S/D","S/D"
2017,11043,7/17/2017,"Lunes",0,20:00:00,,"0.0",2,"Moto/Ciclomotor,Otros","Cerrito Y Chile",2,0,1,0,0,0,1,"-33.761916666667,-61.964972222222","Calle",,"VENADO TUERTO","General López","S/D","S/D","VIII","S/D","Urbana","S/D","S/D","S/D","S/D","S/D","S/D","S/D","S/D","S/D","Colisión","S/D","S/D","S/D","S/D"
2017,11044,7/29/2017,"Sabado",0,6:30:00,,"0.0",2,"Moto/Ciclomotor,Otros","Av. Ovidio Lagos 7900",2,0,1,0,0,0,1,"-33.02907,-60.68206","Avenida",,"ROSARIO","Rosario","S/D","S/D","II","S/D","Urbana","S/D","S/D","S/D","S/D","S/D","S/D","S/D","S/D","S/D","Colisión","S/D","S/D","S/D","S/D"
2017,11045,7/31/2017,"Lunes",0,2:00:00,,"0.0",2,"Moto/Ciclomotor,Otros","Bv. Segui ",2,0,1,0,0,0,1,,"Avenida",,"ROSARIO","Rosario","S/D","S/D","II","S/D","Urbana","S/D","S/D","S/D","S/D","S/D","S/D","S/D","S/D","S/D","Colisión","S/D","S/D","S/D","S/D"
2017,11046,8/22/2017,"Martes",0,0:00:00,,"0.0",2,"Moto/Ciclomotor,Otros","Mariano Moreno Y Av. Wheelwright",2,0,1,0,0,0,1,"-32.932861111111,-60.647722222222","Calle",,"ROSARIO","Rosario","S/D","S/D","II","S/D","Urbana","S/D","S/D","S/D","S/D","S/D","S/D","S/D","S/D","S/D","Colisión","S/D","S/D","S/D","S/D"
2017,11047,8/26/2017,"Sabado",0,21:00:00,,"0.0",2,"Moto/Ciclomotor,Otros","España 4400",2,0,1,0,0,0,1,"-32.98675,-60.657055555556","Calle",,"ROSARIO","Rosario","S/D","S/D","II","S/D","Urbana","S/D","S/D","S/D","S/D","S/D","S/D","S/D","S/D","S/D","Colisión","S/D","S/D","S/D","S/D"
2017,11048,9/4/2017,"Lunes",0,20:00:00,,"0.0",2,"Peatón,Otros","Biedma Y Callao",2,0,1,0,0,0,1,"-32.977444444444,-60.668916666667","Calle",,"ROSARIO","Rosario","S/D","S/D","II","S/D","Urbana","S/D","S/D","S/D","S/D","S/D","S/D","S/D","S/D","S/D","Atropello","S/D","S/D","S/D","S/D"
2017,11049,9/9/2017,"Sabado",0,2:30:00,,"0.0",2,"Moto/Ciclomotor,Otros","Camilo Aldao Y Ituzaingo",2,0,1,0,0,0,1,"-32.951722222222,-60.695527777778","Calle",,"ROSARIO","Rosario","S/D","S/D","II","S/D","Urbana","S/D","S/D","S/D","S/D","S/D","S/D","S/D","S/D","S/D","Colisión","S/D","S/D","S/D","S/D"
2017,11050,9/17/2017,"Domingo",0,22:00:00,,"0.0",2,"Moto/Ciclomotor,Otros","Av. Circunvalacion Y Av. Pte.Peron",2,0,1,0,0,0,1,"-32.970861111111,-60.717305555556","Avenida",,"ROSARIO","Rosario","S/D","S/D","II","S/D","Urbana","S/D","S/D","S/D","S/D","S/D","S/D","S/D","S/D","S/D","Colisión","S/D","S/D","S/D","S/D"
2017,11051,9/19/2017,"Martes",0,11:50:00,,"0.0",2,"Moto/Ciclomotor,Otros","Av. Provincias Unidas ",2,0,0,1,0,0,1,,"Avenida",,"ROSARIO","Rosario","S/D","S/D","II","S/D","Urbana","S/D","S/D","S/D","S/D","S/D","S/D","S/D","S/D","S/D","Colisión","S/D","S/D","S/D","S/D"
2017,11052,9/28/2017,"Jueves",0,10:30:00,,"0.0",2,"Moto/Ciclomotor,Otros","Av. Provincias Unidas ",2,0,1,0,0,0,1,,"Avenida",,"ROSARIO","Rosario","S/D","S/D","II","S/D","Urbana","S/D","S/D","S/D","S/D","S/D","S/D","S/D","S/D","S/D","Colisión","S/D","S/D","S/D","S/D"
2017,11054,10/5/2017,"Jueves",0,0:15:00,,"0.0",2,"Moto/Ciclomotor,Otros","Tarragona ",2,0,0,1,0,0,1,,"Calle",,"ROSARIO","Rosario","S/D","S/D","II","S/D","Urbana","S/D","S/D","S/D","S/D","S/D","S/D","S/D","S/D","S/D","Colisión","S/D","S/D","S/D","S/D"
2017,11055,10/8/2017,"Domingo",0,2:00:00,,"0.0",2,"Moto/Ciclomotor,Otros","Av. Battle y Ordoñez Y Balcarce",2,0,0,1,0,0,1,"-33.009305555556,-60.663083333333","Calle",,"ROSARIO","Rosario","S/D","S/D","II","S/D","Urbana","S/D","S/D","S/D","S/D","S/D","S/D","S/D","S/D","S/D","Colisión","S/D","S/D","S/D","S/D"
2017,11056,10/16/2017,"Lunes",0,21:00:00,,"0.0",2,"Moto/Ciclomotor,Otros"," ",2,0,0,1,0,0,1,,"S/D",,"ARROYO SECO","Rosario","S/D","S/D","II","S/D","S/D","S/D","S/D","S/D","S/D","S/D","S/D","S/D","S/D","S/D","Colisión","S/D","S/D","S/D","S/D"
2017,11057,11/1/2017,"Miercoles",0,8:00:00,,"0.0",2,"Moto/Ciclomotor,Otros"," ",2,0,1,0,0,0,1,,"S/D",,"ROSARIO","Rosario","S/D","S/D","II","S/D","S/D","S/D","S/D","S/D","S/D","S/D","S/D","S/D","S/D","S/D","Colisión","S/D","S/D","S/D","S/D"
2017,11059,11/16/2017,"Jueves",0,15:20:00,,"0.0",2,"Moto/Ciclomotor,Otros","Camilo Aldao Y Gaboto",2,0,1,0,0,0,1,"-32.964666666667,-60.695055555556","Calle",,"ROSARIO","Rosario","S/D","S/D","II","S/D","Urbana","S/D","S/D","S/D","S/D","S/D","S/D","S/D","S/D","S/D","Colisión","S/D","S/D","S/D","S/D"
2017,11060,11/23/2017,"Jueves",0,13:30:00,,"0.0",2,"Moto/Ciclomotor,Otros"," ",2,0,1,0,0,0,1,,"S/D",,"CORONEL BOGADO","Rosario","S/D","S/D","II","S/D","S/D","S/D","S/D","S/D","S/D","S/D","S/D","S/D","S/D","S/D","Colisión","S/D","S/D","S/D","S/D"
2017,11061,11/26/2017,"Domingo",0,1:30:00,,"0.0",2,"Moto/Ciclomotor,Otros","Bv. 27 De Febrero ",2,0,1,0,0,0,1,,"Avenida",,"ROSARIO","Rosario","S/D","S/D","II","S/D","Urbana","S/D","S/D","S/D","S/D","S/D","S/D","S/D","S/D","S/D","Colisión","S/D","S/D","S/D","S/D"
2017,11062,11/28/2017,"Martes",0,18:30:00,,"0.0",2,"Moto/Ciclomotor,Otros","Suipacha Y Comodoro Rivadavia",2,0,1,0,0,0,1,"-32.989305555556,-60.676166666667","Calle",,"ROSARIO","Rosario","S/D","S/D","II","S/D","Urbana","S/D","S/D","S/D","S/D","S/D","S/D","S/D","S/D","S/D","Colisión","S/D","S/D","S/D","S/D"
2017,11063,12/29/2017,"Viernes",0,22:00:00,,"0.0",2,"Moto/Ciclomotor,Otros"," ",3,0,1,0,0,0,2,,"S/D",,"PUEBLO ESTHER","Rosario","S/D","S/D","II","S/D","S/D","S/D","S/D","S/D","S/D","S/D","S/D","S/D","S/D","S/D","Colisión","S/D","S/D","S/D","S/D"
2017,11064,12/2/2017,"Sabado",0,13:00:00,,"0.0",2,"Moto/Ciclomotor,Otros","San Lorenzo ",2,0,1,0,0,0,1,,"Calle",,"ROSARIO","Rosario","S/D","S/D","II","S/D","Urbana","S/D","S/D","S/D","S/D","S/D","S/D","S/D","S/D","S/D","Colisión","S/D","S/D","S/D","S/D"
2017,11065,12/10/2017,"Domingo",0,22:00:00,,"0.0",2,"Moto/Ciclomotor,Otros","Bv. 27 De Febrero Y Balcarce",2,0,1,0,0,0,1,"-32.965055555556,-60.65725","Avenida",,"ROSARIO","Rosario","S/D","S/D","II","S/D","Urbana","S/D","S/D","S/D","S/D","S/D","S/D","S/D","S/D","S/D","Colisión","S/D","S/D","S/D","S/D"
2017,11066,12/12/2017,"Martes",0,3:00:00,,"0.0",2,"Moto/Ciclomotor,Otros"," ",2,0,0,1,0,0,1,,"S/D",,"ROSARIO","Rosario","S/D","S/D","II","S/D","S/D","S/D","S/D","S/D","S/D","S/D","S/D","S/D","S/D","S/D","Colisión","S/D","S/D","S/D","S/D"
2017,11067,12/13/2017,"Miercoles",0,19:00:00,,"0.0",2,"Moto/Ciclomotor,Otros","Bv. Segui Y Roullon",2,0,1,0,0,0,1,"-32.970833333333,-60.701055555556","Avenida",,"ROSARIO","Rosario","S/D","S/D","II","S/D","Urbana","S/D","S/D","S/D","S/D","S/D","S/D","S/D","S/D","S/D","Colisión","S/D","S/D","S/D","S/D"
2017,11068,12/24/2017,"Domingo",0,0:10:00,,"0.0",2,"Moto/Ciclomotor,Otros","Bv. Avellaneda ",2,0,1,0,0,0,1,,"Calle",,"ROSARIO","Rosario","S/D","S/D","II","S/D","Urbana","S/D","S/D","S/D","S/D","S/D","S/D","S/D","S/D","S/D","Colisión","S/D","S/D","S/D","S/D"
2017,11069,12/22/2017,"Viernes",0,22:00:00,,"0.0",2,"Moto/Ciclomotor,Otros","3 De Febrero Y Balcarce",2,0,1,0,0,0,1,"-32.950305555556,-60.653555555556","Calle",,"ROSARIO","Rosario","S/D","S/D","II","S/D","Urbana","S/D","S/D","S/D","S/D","S/D","S/D","S/D","S/D","S/D","Colisión","S/D","S/D","S/D","S/D"
2017,11070,6/28/2017,"Miercoles",0,16:00:00,,"0.0",1,"Otros","Italia Y Juan Canals",2,0,1,0,0,0,1,"-32.987666666667,-60.658694444444","Calle",,"ROSARIO","Rosario","S/D","S/D","II","S/D","Urbana","S/D","S/D","S/D","S/D","S/D","S/D","S/D","S/D","S/D","S/D","S/D","S/D","S/D","S/D"
2017,11071,9/25/2017,"Lunes",0,11:15:00,,"0.0",2,"Moto/Ciclomotor,Otros","Cafferata Y Galvez",2,0,1,0,0,0,1,"-32.962861111111,-60.676611111111","Calle",,"ROSARIO","Rosario","S/D","S/D","II","S/D","Urbana","S/D","S/D","S/D","S/D","S/D","S/D","S/D","S/D","S/D","Colisión","S/D","S/D","S/D","S/D"
2017,11072,9/23/2017,"Sabado",0,13:30:00,,"0.0",2,"Moto/Ciclomotor,Otros","Constitucion Y Ituzaingo",2,0,1,0,0,0,1,"-32.954361111111,-60.677305555556","Calle",,"ROSARIO","Rosario","S/D","S/D","II","S/D","Urbana","S/D","S/D","S/D","S/D","S/D","S/D","S/D","S/D","S/D","Colisión","S/D","S/D","S/D","S/D"
2017,11073,9/18/2017,"Lunes",0,19:00:00,,"0.0",2,"Peatón,Otros"," ",2,0,0,1,0,0,1,,"S/D",,"ROSARIO","Rosario","S/D","S/D","II","S/D","S/D","S/D","S/D","S/D","S/D","S/D","S/D","S/D","S/D","Peatón","Atropello","S/D","S/D","S/D","S/D"
2017,11074,8/7/2017,"Lunes",0,20:50:00,,"0.0",2,"Moto/Ciclomotor,Otros","Mendoza Y Laprida",2,0,1,0,0,0,1,"-32.952222222222,-60.635333333333","Calle",,"ROSARIO","Rosario","S/D","S/D","II","S/D","Urbana","S/D","S/D","S/D","S/D","S/D","S/D","S/D","S/D","S/D","Colisión","S/D","S/D","S/D","S/D"
2017,11075,8/6/2017,"Domingo",0,17:30:00,,"0.0",1,"Moto/Ciclomotor","Rio De Janeiro Y San Juan",1,0,1,0,0,0,0,,"Calle",,"ROSARIO","Rosario","S/D","S/D","II","S/D","Urbana","S/D","S/D","S/D","S/D","S/D","S/D","S/D","S/D","S/D","S/D","S/D","S/D","S/D","S/D"
2017,11076,6/10/2017,"Sabado",0,1:40:00,,"0.0",2,"Moto/Ciclomotor,Otros","Riobamba Y Campbell",2,0,0,1,0,0,1,"-32.954388888889,-60.707416666667","Calle",,"ROSARIO","Rosario","S/D","S/D","II","S/D","Urbana","S/D","S/D","S/D","S/D","S/D","S/D","S/D","S/D","S/D","Colisión","S/D","S/D","S/D","S/D"
2017,11077,5/25/2017,"Jueves",0,7:00:00,,"0.0",2,"Moto/Ciclomotor,Otros","Av. Ntra.Sra.del Rosario Y Bv. Oroño",2,0,1,0,0,0,1,"-33.000555555556,-60.664916666667","Avenida",,"ROSARIO","Rosario","S/D","S/D","II","S/D","Urbana","S/D","S/D","S/D","S/D","S/D","S/D","S/D","S/D","S/D","Colisión","S/D","S/D","S/D","S/D"
2017,11078,5/21/2017,"Domingo",0,20:30:00,,"0.0",2,"Bicicleta,Otros","Esteban de Luca ",2,0,1,0,0,0,1,,"Calle",,"ROSARIO","Rosario","S/D","S/D","II","S/D","Urbana","S/D","S/D","S/D","S/D","S/D","S/D","S/D","S/D","Ciclista","Atropello","S/D","S/D","S/D","S/D"
2017,11079,4/28/2017,"Viernes",0,22:30:00,,"0.0",2,"Moto/Ciclomotor,Otros","Bv. Avellaneda Y Av. Circunvalacion",2,0,1,0,0,0,1,"-33.000055555556,-60.689388888889","Avenida",,"ROSARIO","Rosario","S/D","S/D","II","S/D","Urbana","S/D","S/D","S/D","S/D","S/D","S/D","S/D","S/D","S/D","Colisión","S/D","S/D","S/D","S/D"
2017,11080,3/30/2017,"Jueves",0,13:30:00,,"0.0",2,"Moto/Ciclomotor,Otros","P.L.Funes ",2,0,1,0,0,0,1,,"Calle",,"ROSARIO","Rosario","S/D","S/D","II","S/D","Urbana","S/D","S/D","S/D","S/D","S/D","S/D","S/D","S/D","S/D","Colisión","S/D","S/D","S/D","S/D"
2017,11081,3/10/2017,"Viernes",0,9:30:00,,"0.0",2,"Peatón,Otros","Constitucion Y Cordoba",2,0,1,0,0,0,1,"-32.940055555556,-60.673694444444","Calle",,"ROSARIO","Rosario","S/D","S/D","II","S/D","Urbana","S/D","S/D","S/D","S/D","S/D","S/D","S/D","S/D","Peatón","Atropello","S/D","S/D","S/D","S/D"
2017,11082,3/5/2017,"Domingo",0,19:30:00,,"0.0",2,"Automóvil,Otros"," ",2,0,1,0,0,0,1,,"S/D",,"ROSARIO","Rosario","S/D","S/D","II","S/D","S/D","S/D","S/D","S/D","S/D","S/D","S/D","S/D","S/D","S/D","Colisión","S/D","S/D","S/D","S/D"
2017,11083,9/21/2017,"Jueves",0,11:00:00,,"0.0",2,"Moto/Ciclomotor,Otros"," ",2,0,1,0,0,0,1,,"S/D",,"VILLA GOBERNADOR GÁLVEZ","Rosario","S/D","S/D","II","S/D","S/D","S/D","S/D","S/D","S/D","S/D","S/D","S/D","S/D","S/D","Colisión","S/D","S/D","S/D","S/D"
2017,11084,10/17/2017,"Martes",0,18:30:00,,"0.0",2,"Moto/Ciclomotor,Otros","Lima ",2,0,1,0,0,0,1,,"Calle",,"ROSARIO","Rosario","S/D","S/D","II","S/D","Urbana","S/D","S/D","S/D","S/D","S/D","S/D","S/D","S/D","S/D","Colisión","S/D","S/D","S/D","S/D"
2017,11085,10/22/2017,"Domingo",0,8:00:00,,"0.0",2,"Automóvil,Otros","Balcarce ",2,0,1,0,0,0,1,,"Calle",,"ROSARIO","Rosario","S/D","S/D","II","S/D","Urbana","S/D","S/D","S/D","S/D","S/D","S/D","S/D","S/D","S/D","Colisión","S/D","S/D","S/D","S/D"
2017,11086,2/3/2017,"Viernes",0,2:00:00,"Ruta Provincial 18","18.0",2,"Automóvil,Otros"," ",2,0,0,1,0,0,1,"-33.22963, -60.76104","Ruta",18,"ROSARIO","Rosario","S/D","S/D","II","S/D","Urbana","S/D","S/D","S/D","S/D","S/D","S/D","S/D","S/D","S/D","Colisión","S/D","S/D","S/D","S/D"
2017,11087,4/23/2017,"Domingo",0,6:30:00,"Ruta Provincial 21","20.0",2,"Automóvil,Camión c / Semirremolque"," ",3,0,2,0,1,0,0,"-33.178612, -60.482495","Ruta",21,"ARROYO SECO","Rosario","Asfalto","Ripio","II","Dentro","Rural","S/D","No existe","Recta","Bueno","S/D","Amanecer","S/D","De alcance","S/D","Colisión","S/D","S/D","Línea divisoria pintada","Accidente Previo"
2017,11088,6/2/2017,"Viernes",0,12:15:00,,"0.0",2,"Moto/Ciclomotor,Automóvil","Av Lopez y Planes Y Mariano Comas",2,1,0,0,1,0,0,,"Avenida",,"SANTA FE","La Capital","Asfalto","S/D","I","Dentro","Urbana","S/D","S/D","Recta","Bueno","S/D","Nocturna","S/D","S/D","S/D","Colisión","S/D","Faltante","S/D","S/D"
2017,11089,5/17/2017,"Miercoles",0,,,"0.0",2,"Moto/Ciclomotor,Pickup/Utilitario","Juan Lavalle Y Cristobal Colon",2,1,0,0,1,0,0,,"Calle",,"VENADO TUERTO","General López","S/D","S/D","VIII","Dentro","Urbana","S/D","S/D","S/D","S/D","S/D","S/D","S/D","S/D","S/D","Colisión","S/D","S/D","S/D","S/D"
2017,11091,1/1/2017,"Domingo",0,,,"0.0",1,"Otros"," ",1,0,0,0,0,1,0,"-31.65693, -60.71034","S/D",,"SANTA FE","La Capital","S/D","S/D","I","S/D","S/D","S/D","S/D","S/D","S/D","S/D","S/D","S/D","S/D","S/D","S/D","S/D","S/D","S/D","S/D"
2017,11092,12/16/2017,"Sabado",0,1:00:00,,"0.0",1,"Otros","Bv. Segui Y Grandoli",1,0,0,0,0,1,0,"-32.98242, -60.62797","Avenida",,"ROSARIO","Rosario","Asfalto","S/D","II","S/D","Urbana","S/D","S/D","Intersección","S/D","S/D","Nocturna","S/D","S/D","S/D","S/D","S/D","S/D","S/D","S/D"